Kernel name,Computation duration (us),Global size,Local size,TBX,TBY,LOCAL,WPTX,WPTY,VECTOR,UNROLL_FACTOR,PADDING,TBX_XL,TBY_XL,dram_utilization,dram_read_transactions,dram_write_transactions,l2_utilization,l2_read_transactions,l2_write_transactions,tex_utilization,tex_cache_transactions,local_memory_overhead,shared_utilization,shared_efficiency,shared_load_transactions,shared_store_transactions,local_load_transactions,local_store_transactions,achieved_occupancy,sm_efficiency,inst_fp_16,inst_fp_32,inst_fp_64,inst_integer,inst_control,inst_compute_ld_st,inst_misc,inst_bit_convert,inst_executed,half_precision_fu_utilization,single_precision_fu_utilization,flop_sp_efficiency,double_precision_fu_utilization,flop_dp_efficiency,special_fu_utilization,cf_fu_utilization,ldst_fu_utilization,tex_fu_utilization,issue_slot_utilization,warp_execution_efficiency,warp_nonpred_execution_efficiency,Maximum work-group size,Local memory size,Private memory size,Constant memory size,Registers count
conv,58942,16777216,64,8,8,0,1,1,1,1,0,8,8,4,80615509,104845270,4,319294934,106955402,4,308281344,48.2165,0,0,0,0,205520896,102760448,0.737974,108.775,0,822083584,0,9596567552,822083584,2902458368,385875968,0,458227712,0,2,1.26223,0,0,0,1,1,4,16.5776,100,99.0847,1024,0,200,0,40
conv,21379,16777216,64,8,8,0,1,1,1,7,0,8,8,1,2103315,2068914,2,216531008,4194313,2,205520896,0,0,0,0,0,0,0,0.960875,99.9748,0,822083584,0,1006632960,16777216,1660944384,637534208,0,129499136,0,1,1.02529,0,0,0,1,1,2,4.0816,100,100,1024,0,0,0,32
conv,20155,8388608,64,8,8,0,1,2,1,1,0,8,8,8,52232297,60810366,2,179568984,62914569,2,167772160,48,0,0,0,0,115343360,58720256,0.986308,99.9572,0,822083584,0,3850371072,419430400,1778384896,327155712,0,228327424,0,1,1.08941,0,0,0,1,1,2,8.09664,100,98.5075,1024,0,224,0,32
conv,11158,8388608,64,8,8,0,1,2,1,7,0,8,8,1,2103315,2069238,2,121897008,4194313,2,110100480,0,0,0,0,0,0,0,0.967479,99.9856,0,822083584,0,729808896,8388608,897581056,419430400,0,89915392,0,1,1.96827,0,0,0,1,1,2,5.14274,100,100,1024,0,0,0,32
conv,12870,4194304,64,8,8,0,1,4,1,1,0,8,8,7,33137047,38787090,3,126550868,40894473,2,120061952,53.0059,0,0,0,0,115343360,36700160,0.740119,100.006,0,822083584,0,2000683008,209715200,1149239296,599785472,0,151126016,0,1,1.72579,0,0,0,1,1,3,8.35593,100,98.8725,1024,0,280,0,40
conv,6103,4194304,64,8,8,0,1,4,1,7,0,8,8,1,2103315,2069182,3,74580200,4194313,2,62390272,0,0,0,0,0,0,0,0.726622,99.8838,0,822083584,0,444596224,4194304,515899392,201326592,0,62128128,0,1,3.63768,0,0,0,1,1,2,6.81988,100,100,1024,0,0,0,40
conv,9284,2097152,64,8,8,0,1,8,1,1,0,8,8,8,28570267,27773326,3,85734212,29884425,2,73662464,52.3257,0,0,0,0,70254592,25690112,0.735934,100.094,0,822083584,0,1107296256,104857600,729808896,748683264,0,110624768,0,1,2.39483,0,0,0,1,1,2,8.87508,100,99.2299,1024,0,392,0,40
conv,3510,2097152,64,8,8,0,1,8,1,7,0,8,8,2,2117083,2068678,3,50921520,4194313,2,38535168,0,0,0,0,0,0,0,0.545412,99.9327,0,822083584,0,314572800,2097152,325058560,115343360,0,49348608,0,1,6.3501,0,0,0,1,1,3,10.0025,100,100,1024,0,0,0,56
conv,21058,8388608,64,8,8,0,2,1,1,1,0,8,8,8,62517122,60807335,3,277073048,62914569,2,212860928,47.4922,0,0,0,0,205520896,58720256,0.730813,99.9907,0,822083584,0,4395630592,411041792,1837105152,251658240,0,243269632,0,1,1.05481,0,0,0,1,1,3,7.54621,100,99.1379,1024,0,224,0,38
conv,12343,8388608,64,8,8,0,2,1,1,7,0,8,8,1,2103315,2068674,3,174325960,4194313,2,110100480,0,0,0,0,0,0,0,0.967056,99.9828,0,822083584,0,511705088,8388608,897581056,251658240,0,77856768,0,1,1.79633,0,0,0,1,1,2,3.85036,100,100,1024,0,0,0,32
conv,21090,8388608,64,8,8,0,2,1,2,1,0,8,8,8,62654169,60806918,3,277074072,60817465,2,212860928,47.787,0,0,0,0,205520896,58720256,0.730482,100.079,0,822083584,0,4437573632,411041792,1828716544,268435456,0,244842496,0,1,1.05398,0,0,0,1,1,3,7.5658,100,99.1435,1024,0,224,0,36
conv,12240,8388608,64,8,8,0,2,1,2,7,0,8,8,1,2103315,2068710,3,174325856,2097161,2,110100480,0,0,0,0,0,0,0,0.685795,100.001,0,822083584,0,562036736,8388608,889192448,436207616,0,84934656,0,1,1.8107,0,0,0,1,1,2,4.30545,100,100,1024,0,0,0,40
conv,14133,4194304,64,8,8,0,2,2,1,1,0,8,8,8,44070545,35641448,3,166465060,37748745,2,139460608,49.6308,0,0,0,0,160432128,33554432,0.737892,99.8781,0,822083584,0,1925185536,209715200,1241513984,364904448,0,144310272,0,1,1.5709,0,0,0,1,1,3,6.94164,100,98.8193,1024,0,256,0,40
conv,6547,4194304,64,8,8,0,2,2,1,7,0,8,8,1,2103315,2069030,3,98697416,4194313,2,59244544,0,0,0,0,0,0,0,0.723622,99.967,0,822083584,0,369098752,4194304,490733568,230686720,0,59899904,0,1,3.39351,0,0,0,1,1,2,5.95848,100,100,1024,0,0,0,40
conv,14859,4194304,64,8,8,0,2,2,2,1,0,8,8,8,53014814,35642070,3,169548704,35651593,2,139460608,50.8856,0,0,0,0,160432128,33554432,0.982065,99.9212,0,822083584,0,1962934272,209715200,1233125376,364904448,0,145227776,0,1,1.49338,0,0,0,1,1,3,6.74111,100,98.8267,1024,0,256,0,32
conv,6442,4194304,64,8,8,0,2,2,2,7,0,8,8,1,2103955,2069114,3,98698248,2097161,2,59244544,0,0,0,0,0,0,0,0.704525,99.9538,0,822083584,0,406847488,4194304,482344960,239075328,0,61079552,0,1,3.44858,0,0,0,1,1,2,6.19678,100,100,1024,0,0,0,40
conv,8679,2097152,64,8,8,0,2,4,1,1,0,8,8,8,28862301,23053839,3,118141524,25165833,3,102760448,54.6578,0,0,0,0,137887744,20971520,0.699554,100.078,0,822083584,0,1042284544,104857600,910163968,402653184,0,103415808,0,1,2.55902,0,0,0,1,1,3,7.61931,100,99.1762,1024,0,320,0,40
conv,3652,2097152,64,8,8,0,2,4,1,7,0,8,8,2,2103317,2069078,3,60882992,4194313,2,33816576,0,0,0,0,0,0,0,0.538204,99.91,0,822083584,0,264241152,2097152,287309824,115343360,0,46596096,0,1,6.10163,0,0,0,1,1,2,8.78738,100,100,1024,0,0,0,56
conv,8722,2097152,64,8,8,0,2,4,2,1,0,8,8,8,29129959,23054106,3,118144332,23068681,3,102760448,55.0566,0,0,0,0,137887744,20971520,0.70521,99.8616,0,822083584,0,1056964608,104857600,901775360,411041792,0,103874560,0,1,2.54956,0,0,0,1,1,3,7.70527,100,99.1798,1024,0,320,0,40
conv,3549,2097152,64,8,8,0,2,4,2,7,0,8,8,2,2103461,2069054,3,60883480,2097161,2,33816576,0,0,0,0,0,0,0,0.537928,99.9211,0,822083584,0,278921216,2097152,278921216,121634816,0,46989312,0,1,6.27748,0,0,0,1,1,2,9.07182,100,100,1024,0,0,0,56
conv,7787,1048576,64,8,8,0,2,8,1,1,0,8,8,7,25485396,16756477,3,89704720,18874425,2,84410368,56.8531,0,0,0,0,126615552,14680064,0.73622,100.731,0,822083584,0,717225984,52428800,744488960,525336576,0,89849856,0,1,2.86831,0,0,0,1,1,3,8.40122,100,99.5259,1024,0,448,0,38
conv,2199,1048576,64,8,8,0,2,8,1,7,0,8,8,3,2130164,2068634,4,41975856,4194313,2,21102592,0,0,0,0,0,0,0,0.362288,99.7624,0,822083584,0,203423744,1048576,185597952,87031808,0,40599552,0,2,10.1422,0,0,0,1,1,2,13.6035,100,100,768,0,0,0,80
conv,8013,1048576,64,8,8,0,2,8,2,1,0,8,8,7,21925955,16755444,3,87041860,16777225,2,84410368,57.287,0,0,0,0,126615552,14680064,0.616226,100.155,0,822083584,0,727711744,52428800,736100352,475004928,0,88342528,0,1,2.76478,0,0,0,1,1,3,7.83832,100,99.5178,1024,0,448,0,42
conv,2094,1048576,64,8,8,0,2,8,2,7,0,8,8,3,2117673,2068546,4,41976024,2097161,2,21102592,0,0,0,0,0,0,0,0.353861,99.7607,0,822083584,0,214958080,1048576,177209344,80740352,0,40501248,0,2,10.6581,0,0,0,1,1,2,14.3229,100,100,768,0,0,0,80
conv,19628,4194304,64,8,8,0,4,1,1,1,0,8,8,8,85921031,38788482,3,274319608,45088777,2,165150720,43.6571,0,0,0,0,205520896,36700160,0.683837,100.048,0,822083584,0,2403336192,205520896,1484783616,163577856,0,159776768,0,1,1.12318,0,0,0,1,1,2,5.35002,100,99.3437,1024,0,280,0,35
conv,7277,4194304,64,8,8,0,4,1,1,7,0,8,8,1,2103331,2068698,5,171573312,8388745,2,62390272,0,0,0,0,0,0,0,0.520517,99.954,0,822083584,0,255852544,4194304,515899392,184549376,0,55705600,0,1,3.05037,0,0,0,1,1,2,4.62484,100,100,1024,0,0,0,56
conv,19679,4194304,64,8,8,0,4,1,2,1,0,8,8,8,85442011,38788946,3,274319100,40894601,2,165150720,44.2388,0,0,0,0,205520896,36700160,0.685602,99.8002,0,822083584,0,2428502016,205520896,1476395008,167772160,0,160432128,0,1,1.12388,0,0,0,1,1,2,5.68842,100,99.3464,1024,0,280,0,36
conv,7172,4194304,64,8,8,0,4,1,2,7,0,8,8,1,2103331,2068830,4,171573312,4194313,2,62390272,0,0,0,0,0,0,0,0.508083,99.9548,0,822083584,0,281018368,4194304,507510784,184549376,0,56229888,0,1,3.09486,0,0,0,1,1,2,4.99224,100,100,1024,0,0,0,56
conv,19495,4194304,64,8,8,0,4,1,4,1,0,8,8,8,85439158,38788358,3,274306556,38797321,2,165150720,44.5347,0,0,0,0,205520896,36700160,0.678973,99.3172,0,822083584,0,2432696320,205520896,1472200704,171966464,0,160563200,0,1,1.1252,0,0,0,1,1,2,5.42801,100,99.3469,1024,0,280,0,36
conv,7159,4194304,64,8,8,0,4,1,4,7,0,8,8,1,2103315,2067562,4,171573312,2097161,2,62390272,0,0,0,0,0,0,0,0.505898,99.9522,0,822083584,0,285212672,4194304,503316480,192937984,0,56492032,0,1,3.10262,0,0,0,1,1,2,4.83072,100,100,1024,0,0,0,56
conv,12906,2097152,64,8,8,0,4,2,1,1,0,8,8,8,57161974,23057062,3,175773152,29360137,2,125304832,48.1499,0,0,0,0,182976512,20971520,0.730687,100.003,0,822083584,0,962592768,104857600,1082130432,199229440,0,99942400,0,1,1.71639,0,0,0,1,1,2,4.72463,100,99.1475,1024,0,320,0,39
conv,3939,2097152,64,8,8,0,4,2,1,7,0,8,8,2,2103315,2069170,5,97583304,8388617,2,33816576,0,0,0,0,0,0,0,0.534986,99.8753,0,822083584,0,184549376,2097152,287309824,100663296,0,43646976,0,1,5.65101,0,0,0,1,1,2,7.46305,100,100,1024,0,0,0,56
conv,12903,2097152,64,8,8,0,4,2,2,1,0,8,8,8,56821520,23056842,3,174246164,25165833,2,125304832,48.916,0,0,0,0,182976512,20971520,0.728551,100.203,0,822083584,0,981467136,104857600,1073741824,190840832,0,100007936,0,1,1.72346,0,0,0,1,1,2,4.7478,100,99.1481,1024,0,320,0,40
conv,3834,2097152,64,8,8,0,4,2,2,7,0,8,8,2,2103315,2069274,5,97583296,4194313,2,33816576,0,0,0,0,0,0,0,0.528179,99.9503,0,822083584,0,203423744,2097152,278921216,117440512,0,44498944,0,1,5.80943,0,0,0,1,1,2,7.87402,100,100,1024,0,0,0,56
conv,12874,2097152,64,8,8,0,4,2,4,1,0,8,8,8,56948953,23056814,3,175576968,23068681,2,125304832,49.8379,0,0,0,0,182976512,20971520,0.729606,100.024,0,822083584,0,985661440,104857600,1069547520,195035136,0,100139008,0,1,1.72242,0,0,0,1,1,2,4.81053,100,99.1492,1024,0,320,0,37
conv,3815,2097152,64,8,8,0,4,2,4,7,0,8,8,2,2103315,2067694,5,97583152,2097161,2,33816576,0,0,0,0,0,0,0,0.536522,99.7941,0,822083584,0,207618048,2097152,274726912,104857600,0,44105728,0,1,5.83226,0,0,0,1,1,2,7.93214,100,100,1024,0,0,0,56
conv,8829,1048576,64,8,8,0,4,4,1,1,0,8,8,8,37809586,15186726,3,138064564,21495945,3,105381888,56.6229,0,0,0,0,171704320,13107200,0.572647,99.9299,0,822083584,0,682622976,52428800,900726784,365953024,0,88670208,0,1,2.52559,0,0,0,1,1,3,6.69915,100,99.5196,1024,0,400,0,48
conv,2294,1048576,64,8,8,0,4,4,1,7,0,8,8,3,2103738,2068768,5,60588368,8388617,2,19529728,0,0,0,0,0,0,0,0.356498,99.4606,0,822083584,0,132120576,1048576,173015040,75497472,0,37617664,0,2,9.7403,0,0,0,1,1,2,11.8174,100,100,768,0,0,0,80
conv,9605,1048576,64,8,8,0,4,4,2,1,0,8,8,8,43166076,15185666,3,140140848,17301513,2,105381888,58.8276,0,0,0,0,171704320,13107200,0.732592,99.8216,0,822083584,0,535822336,52428800,892338176,208666624,0,78905344,0,1,2.30643,0,0,0,1,1,3,4.73647,100,99.4601,1024,0,400,0,38
conv,2180,1048576,64,8,8,0,4,4,2,7,0,8,8,3,2106889,2068986,5,60588312,4194313,2,19529728,0,0,0,0,0,0,0,0.419104,99.9445,0,822083584,0,139460608,1048576,164626432,54525952,0,36929536,0,2,10.2614,0,0,0,1,1,2,12.5466,100,100,896,0,0,0,72
conv,9727,1048576,64,8,8,0,4,4,4,1,0,8,8,8,43605897,15186290,3,140254152,15204361,2,105381888,59.7188,0,0,0,0,171704320,13107200,0.732717,99.8606,0,822083584,0,540016640,52428800,888143872,208666624,0,78905344,0,1,2.27066,0,0,0,1,1,3,4.67867,100,99.4601,1024,0,400,0,40
conv,2158,1048576,64,8,8,0,4,4,4,7,0,8,8,3,2105843,2067290,5,60588080,2097161,2,19529728,0,0,0,0,0,0,0,0.422056,100.087,0,822083584,0,143654912,1048576,160432128,39845888,0,36470784,0,2,10.3645,0,0,0,1,1,2,12.6942,100,100,896,0,0,0,72
conv,7971,524288,64,8,8,0,4,8,1,1,0,8,8,8,35397532,11274611,3,124224588,17563657,3,95420416,64.3995,0,0,0,0,166068224,9175040,0.531547,100.052,0,822083584,0,384827392,26214400,798490624,316669952,0,73596928,0,1,2.81271,0,0,0,1,1,3,6.07841,100,99.7106,1024,0,560,0,56
conv,1536,524288,64,8,8,0,4,8,1,7,0,8,8,4,2125382,2104322,6,42090544,8388617,2,12386304,0,0,0,0,0,0,0,0.243448,100.485,0,822083584,0,101711872,524288,115867648,45088768,0,33914880,0,2,14.8913,0,0,0,1,1,2,17.0507,100,100,512,0,0,0,128
conv,8250,524288,64,8,8,0,4,8,2,1,0,8,8,8,36574912,11249926,3,124343132,13369353,3,95420416,66.651,0,0,0,0,166068224,9175040,0.539213,99.5915,0,822083584,0,398458880,26214400,790102016,341835776,0,74547200,0,1,2.7015,0,0,0,1,1,3,5.96359,100,99.7143,1024,0,560,0,56
conv,1408,524288,64,8,8,0,4,8,2,7,0,8,8,4,2132319,2068764,6,42090544,4194313,2,12386304,0,0,0,0,0,0,0,0.241588,98.7829,0,822083584,0,107479040,524288,107479040,45613056,0,33849344,0,2,16.1691,0,0,0,1,1,2,18.7805,100,100,512,0,0,0,128
conv,6582,524288,64,8,8,0,4,8,4,1,0,8,8,8,26624545,11249026,4,120996612,11272201,3,95420416,66.6042,0,0,0,0,166068224,9175040,0.42311,99.8894,0,822083584,0,402653184,26214400,785907712,317718528,0,73793536,0,1,3.41466,0,0,0,1,1,3,7.61127,100,99.7114,896,0,560,0,68
conv,1367,524288,64,8,8,0,4,8,4,7,0,8,8,4,2121425,2066870,6,42090544,2097161,2,12386304,0,0,0,0,0,0,0,0.240383,99.9061,0,822083584,0,111673344,524288,103284736,45088768,0,33832960,0,2,16.8185,0,0,0,1,1,2,19.616,100,100,512,0,0,0,128
conv,19191,2097152,64,8,8,0,8,1,1,1,0,8,8,8,91061145,27759925,4,310475888,42467337,2,141295616,36.1431,0,0,0,0,205520896,25690112,0.586664,100.066,0,822083584,0,1201668096,102760448,1249902592,106954752,0,109379584,0,1,1.16909,0,0,0,1,1,2,4.26824,100,99.5207,1024,0,392,0,36
conv,5794,2097152,64,8,8,0,8,1,1,7,0,8,8,1,2103315,2068914,7,208732392,16777225,2,38535168,0,0,0,0,0,0,0,0.359503,99.7509,0,822083584,0,127926272,2097152,325058560,75497472,0,42270720,0,1,3.87916,0,0,0,1,1,2,4.94077,100,100,768,0,0,0,80
conv,19266,2097152,64,8,8,0,8,1,2,1,0,8,8,8,94054420,27766134,3,310806668,34078729,2,141295616,37.0683,0,0,0,0,205520896,25690112,0.612022,99.0311,0,822083584,0,1214251008,102760448,1241513984,102760448,0,109379584,0,1,1.14303,0,0,0,1,1,2,4.22556,100,99.5207,1024,0,392,0,36
conv,5867,2097152,64,8,8,0,8,1,2,7,0,8,8,1,2103795,2068950,7,208732696,8388617,2,38535168,0,0,0,0,0,0,0,0.364559,99.5486,0,822083584,0,140509184,2097152,316669952,79691776,0,42532864,0,1,3.83821,0,0,0,1,1,2,4.93791,100,100,768,0,0,0,80
conv,18176,2097152,64,8,8,0,8,1,4,1,0,8,8,8,87339884,27750099,4,310807048,29884425,2,141295616,37.5307,0,0,0,0,205520896,25690112,0.565202,97.729,0,822083584,0,1216348160,102760448,1237319680,98566144,0,109182976,0,1,1.2102,0,0,0,1,1,2,4.35341,100,99.5198,1024,0,392,0,36
conv,5708,2097152,64,8,8,0,8,1,4,7,0,8,8,1,2103315,2068758,7,208732352,4194313,2,38535168,0,0,0,0,0,0,0,0.359523,99.6442,0,822083584,0,144703488,2097152,312475648,60817408,0,41943040,0,1,3.94279,0,0,0,1,1,2,4.97671,100,100,768,0,0,0,80
conv,14028,1048576,64,8,8,0,8,2,1,1,0,8,8,8,67722788,16764140,3,215901748,31457289,2,118226944,45.1059,0,0,0,0,194248704,14680064,0.730886,99.7074,0,822083584,0,642777088,52428800,1002438656,59768832,0,81035264,0,1,1.5963,0,0,0,1,1,2,3.44118,100,99.4743,1024,0,448,0,40
conv,3189,1048576,64,8,8,0,8,2,1,7,0,8,8,2,2103315,2068674,8,119046344,16777225,2,21102592,0,0,0,0,0,0,0,0.301286,99.7179,0,822083584,0,92274688,1048576,185597952,71303168,0,36634624,0,1,7.08525,0,0,0,1,1,2,8.41072,100,100,640,0,0,0,96
conv,13985,1048576,64,8,8,0,8,2,2,1,0,8,8,8,67483119,16762037,3,213734596,23068681,2,118226944,46.1824,0,0,0,0,194248704,14680064,0.727634,99.8292,0,822083584,0,490733568,52428800,994050048,100663296,0,77299712,0,1,1.60187,0,0,0,1,1,2,3.05397,100,99.4489,1024,0,448,0,37
conv,3102,1048576,64,8,8,0,8,2,2,7,0,8,8,2,2103315,2069026,7,119046192,8388617,2,21102592,0,0,0,0,0,0,0,0.30084,99.7614,0,822083584,0,101711872,1048576,177209344,74448896,0,36765696,0,1,7.27395,0,0,0,1,1,2,8.6311,100,100,640,0,0,0,96
conv,14238,1048576,64,8,8,0,8,2,4,1,0,8,8,8,69039712,16762522,3,213628728,18874377,2,118226944,47.0208,0,0,0,0,194248704,14680064,0.731398,100.464,0,822083584,0,492830720,52428800,989855744,98566144,0,77168640,0,1,1.57691,0,0,0,1,1,2,2.95338,100,99.448,1024,0,448,0,40
conv,3068,1048576,64,8,8,0,8,2,4,7,0,8,8,2,2103315,2068986,7,119046352,4194313,2,21102592,0,0,0,0,0,0,0,0.29807,99.7825,0,822083584,0,104857600,1048576,173015040,76546048,0,36798464,0,1,7.36768,0,0,0,1,1,2,8.92875,100,100,640,0,0,0,96
conv,13089,524288,64,8,8,0,8,4,1,1,0,8,8,8,65765742,11329832,3,168156336,25952265,2,106692608,53.1086,0,0,0,0,188612608,9175040,0.593638,98.9116,0,822083584,0,355467264,26214400,889716736,113770496,0,69189632,0,1,1.71149,0,0,0,1,1,2,3.09252,100,99.6922,1024,0,560,0,48
conv,2274,524288,64,8,8,0,8,4,1,7,0,8,8,3,2106130,2122064,7,74203184,16777225,1,12386304,0,0,0,0,0,0,0,0.2421,99.1437,0,822083584,0,66060288,524288,115867648,38273024,0,32587776,0,2,9.79042,0,0,0,1,1,2,10.9085,100,100,512,0,0,0,128
conv,13185,524288,64,8,8,0,8,4,2,1,0,8,8,8,66687629,11252816,3,168064896,17563657,2,106692608,55.5006,0,0,0,0,188612608,9175040,0.596133,100.937,0,822083584,0,362807296,26214400,881328128,112721920,0,69124096,0,1,1.72125,0,0,0,1,1,2,3.0466,100,99.6919,1024,0,560,0,48
conv,2081,524288,64,8,8,0,8,4,2,7,0,8,8,3,2105362,2074980,7,74203184,8388617,2,12386304,0,0,0,0,0,0,0,0.241665,99.1937,0,822083584,0,69730304,524288,107479040,40370176,0,32505856,0,2,10.8753,0,0,0,1,1,2,12.062,100,100,512,0,0,0,128
conv,12045,524288,64,8,8,0,8,4,4,1,0,8,8,8,59719427,11251734,3,166570160,13369353,2,106692608,56.4107,0,0,0,0,188612608,9175040,0.542088,99.9158,0,822083584,0,365428736,26214400,877133824,189267968,0,71467008,0,1,1.86818,0,0,0,1,1,2,3.50737,100,99.702,1024,0,560,0,56
conv,2022,524288,64,8,8,0,8,4,4,7,0,8,8,3,2108350,2068736,7,74203424,4194361,2,12386304,0,0,0,0,0,0,0,0.244574,100.366,0,822083584,0,72351744,524288,103284736,41943040,0,32505856,0,2,11.2717,0,0,0,1,1,2,12.3557,100,100,512,0,0,0,128
conv,10099,262144,64,8,8,0,8,8,1,1,0,8,8,8,48408274,8589872,3,144043600,23199753,2,100925440,59.2452,0,0,0,0,185794560,6422528,0.298773,102.032,0,822083584,0,192413696,13107200,870055936,210239488,0,65978368,0,1,2.23044,0,0,0,1,1,2,3.92628,100,99.8386,640,0,784,0,96
conv,3062,262144,64,8,8,0,8,8,1,7,0,8,8,4,2857944,5754512,4,51958064,16777225,1,8028160,0,0,0,0,0,0,0,0.186727,99.6049,0,822083584,0,50855936,262144,81002496,31195136,0,30793728,0,1,7.34935,0,0,0,1,1,1,8.00059,100,100,384,0,0,0,168
conv,7375,262144,64,8,8,0,8,8,2,1,0,8,8,7,32425704,8524478,4,144595816,14811145,3,100925440,62.255,0,0,0,0,185794560,6422528,0.244522,99.6737,0,822083584,0,199229440,13107200,861667328,208928768,0,65888256,0,1,3.05191,0,0,0,1,1,3,5.68187,100,99.8384,512,0,784,0,124
conv,3198,262144,64,8,8,0,8,8,2,7,0,8,8,2,2283366,2495539,4,52043608,8388617,1,8028160,0,0,0,0,0,0,0,0.124007,100.018,0,822083584,0,53739520,262144,72613888,28049408,0,30523392,0,1,7.01924,0,0,0,1,1,1,7.5604,100,100,256,0,0,0,237
conv,10186,262144,64,8,8,0,8,8,4,1,0,8,8,8,49097471,8494255,3,143828300,10616841,2,100925440,63.9835,0,0,0,0,185794560,6422528,0.299828,101.97,0,822083584,0,201588736,13107200,857473024,222035968,0,66240512,0,1,2.24271,0,0,0,1,1,2,3.96711,100,99.8392,640,0,784,0,96
conv,3108,262144,64,8,8,0,8,8,4,7,0,8,8,2,2283624,2075934,3,52042456,4194313,1,8028160,0,0,0,0,0,0,0,0.124251,99.6236,0,822083584,0,56098816,262144,68419584,30146560,0,30531584,0,1,7.22281,0,0,0,1,1,1,7.85191,100,100,256,0,0,0,218
conv,31487,16777216,64,8,8,1,1,1,1,1,0,8,8,8,85097253,104848942,2,144967112,106954761,2,213909504,81.5817,1,49.1156,51380224,4194304,205520896,102760448,0.977048,99.8898,0,822083584,0,9361686528,822083584,3424649216,352321536,0,472383488,0,1,0.709771,0,0,0,1,1,2,12.2251,100,97.7941,1024,784,200,0,32
conv,31516,16777216,64,8,8,1,1,1,1,1,1,8,8,8,85087982,104849166,2,144965696,106954761,2,213909504,81.5817,1,47.3295,51380224,6291456,205520896,102760448,0.977695,99.9901,0,822083584,0,9361686528,822083584,3424649216,352321536,0,472383488,0,1,0.710494,0,0,0,1,1,2,12.2252,100,97.7941,1024,840,200,0,32
conv,16697,16777216,64,8,8,1,1,1,1,7,0,8,8,1,2103315,2068534,1,42205232,4194313,2,111149056,0,2,49.1156,51380224,4194304,0,0,0.904435,99.9892,0,822083584,0,771751936,16777216,1780482048,687865856,0,133693440,0,1,1.33565,0,0,0,1,1,2,5.45254,100,95.3431,1024,784,0,0,31
conv,16705,16777216,64,8,8,1,1,1,1,7,1,8,8,1,2103531,2068530,1,42205784,4194313,2,111149056,0,2,47.3295,51380224,6291456,0,0,0.914563,99.9793,0,822083584,0,771751936,16777216,1780482048,687865856,0,133693440,0,1,1.33502,0,0,0,1,1,2,5.45054,100,95.3431,1024,840,0,0,31
conv,19682,8388608,64,8,8,1,1,2,1,1,0,8,8,8,51490302,60810242,2,83493296,62914569,2,115343360,79.4987,1,47.8839,29360128,3932160,115343360,58720256,0.986567,99.9419,0,822083584,0,3825205248,419430400,1565523968,276824064,0,226230272,0,1,1.13771,0,0,0,1,1,2,8.59624,100,95.4374,1024,1232,224,0,32
conv,19660,8388608,64,8,8,1,1,2,1,1,1,8,8,8,51576063,60810038,2,83494016,62914569,2,115343360,79.4987,2,24.4227,58720256,6553600,115343360,58720256,0.986808,100.04,0,822083584,0,3825205248,419430400,1565523968,276824064,0,226230272,0,1,1.13786,0,0,0,1,1,2,8.58894,100,95.4374,1024,1320,224,0,32
conv,8595,8388608,64,8,8,1,1,2,1,7,0,8,8,1,2103619,2068534,1,25821656,4194313,2,57671680,0,2,47.8839,29360128,3932160,0,0,0.920788,99.9829,0,822083584,0,704643072,8388608,986710016,360710144,0,96993280,0,1,2.59909,0,0,0,1,1,2,7.24197,100,92.8716,1024,1232,0,0,32
conv,8597,8388608,64,8,8,1,1,2,1,7,1,8,8,1,2103315,2068534,1,25821232,4194313,2,57671680,0,3,24.4227,58720256,6553600,0,0,0.920217,99.9925,0,822083584,0,704643072,8388608,986710016,360710144,0,96993280,0,1,2.59865,0,0,0,1,1,2,7.24003,100,92.8716,1024,1320,0,0,32
conv,12336,4194304,64,8,8,1,1,4,1,1,0,8,8,8,34675996,38787482,2,68850960,40894473,2,89128960,80.2873,1,86.0577,9175040,2752512,115343360,36700160,0.98711,100.122,0,822083584,0,2090074112,209715200,1197998080,603979776,0,167641088,0,1,1.81539,0,0,0,1,1,2,10.1208,100,91.7856,1024,2128,280,0,32
conv,12353,4194304,64,8,8,1,1,4,1,1,1,8,8,8,34691071,38787038,2,68786852,40894473,2,89128960,80.2105,1,47.4621,18350080,3276800,115343360,36700160,0.987037,100.159,0,822083584,0,2090074112,209715200,1197998080,603979776,0,167641088,0,1,1.8158,0,0,0,1,1,2,10.1194,100,91.7856,1024,2280,280,0,32
conv,4540,4194304,64,8,8,1,1,4,1,7,0,8,8,2,2103315,2068506,1,17629432,4194313,2,31457280,0,1,86.0577,9175040,2752512,0,0,0.947463,99.9655,0,822083584,0,553648128,4194304,589824000,255852544,0,76677120,0,1,4.9483,0,0,0,1,1,2,10.9865,100,90.7051,1024,2128,0,0,32
conv,4541,4194304,64,8,8,1,1,4,1,7,1,8,8,2,2103315,2068506,1,17629232,4194313,2,31457280,0,2,47.4621,18350080,3276800,0,0,0.948991,99.9608,0,822083584,0,553648128,4194304,589824000,255852544,0,76677120,0,1,4.94899,0,0,0,1,1,2,10.9885,100,90.7051,1024,2280,0,0,32
conv,8806,2097152,64,8,8,1,1,8,1,1,0,8,8,8,26941721,27771706,2,46753072,29884425,2,52953088,76.8978,1,44.7875,12845056,3735552,70254592,25690112,0.735893,99.4176,0,822083584,0,1231159296,104857600,775159808,767557632,0,131661824,0,1,2.53465,0,0,0,1,1,2,11.5512,100,87.8391,1024,3920,392,0,40
conv,8690,2097152,64,8,8,1,1,8,1,1,1,8,8,8,25965523,27772584,2,46897220,29884425,2,52953088,76.8383,1,86.4981,6422528,2162688,70254592,25690112,0.680962,99.9822,0,822083584,0,1231159296,104857600,775159808,767557632,0,131661824,0,1,2.58534,0,0,0,1,1,2,11.7156,100,87.8391,1024,4200,392,0,40
conv,2513,2097152,64,8,8,1,1,8,1,7,0,8,8,3,2191853,2068506,2,13533232,4194313,2,17825792,0,3,44.7875,12845056,3735552,0,0,0.731741,99.9306,0,822083584,0,443285504,2097152,391380992,163577856,0,73203712,0,2,8.99761,0,0,0,1,1,2,20.3053,100,77.7977,1024,3920,0,0,32
conv,2516,2097152,64,8,8,1,1,8,1,7,1,8,8,3,2195413,2068506,2,13533392,4194313,2,17825792,0,2,86.4981,6422528,2162688,0,0,0.672078,99.921,0,822083584,0,443285504,2097152,391380992,163577856,0,73203712,0,2,8.99545,0,0,0,1,1,2,20.3024,100,77.7977,1024,4200,0,0,32
conv,22436,8388608,64,8,8,1,2,1,1,1,0,8,8,8,79176205,60808124,2,133866592,62914617,2,162529280,82.014,1,46.0701,29360128,5242880,205520896,58720256,0.952213,100.088,0,822083584,0,4345298944,411041792,1691353088,587202560,0,254541824,0,1,0.999779,0,0,0,1,1,2,7.99179,100,96.4598,1024,1232,224,0,32
conv,22480,8388608,64,8,8,1,2,1,1,1,1,8,8,8,79973868,60810526,2,133942672,62914569,2,162529280,82.0213,1,47.5098,29360128,4194304,205520896,58720256,0.948417,99.9003,0,822083584,0,4345298944,411041792,1926234112,268435456,0,251920384,0,1,0.9977,0,0,0,1,1,2,8.05122,100,96.423,1024,1288,224,0,32
conv,8746,8388608,64,8,8,1,2,1,1,7,0,8,8,1,2103315,2068506,1,31195184,4194361,2,59768832,0,2,46.0701,29360128,5242880,0,0,0.715439,99.9652,0,822083584,0,461373440,8388608,751828992,385875968,0,82837504,0,1,2.55951,0,0,0,1,1,2,6.27079,100,91.6535,1024,1232,0,0,37
conv,8770,8388608,64,8,8,1,2,1,1,7,1,8,8,1,2103315,2068506,1,31195184,4194313,2,59768832,0,2,47.5098,29360128,4194304,0,0,0.932684,99.9588,0,822083584,0,461373440,8388608,986710016,402653184,0,90701824,0,1,2.55475,0,0,0,1,1,2,6.57238,100,92.3772,1024,1288,0,0,32
conv,20195,8388608,64,8,8,1,2,1,2,1,0,8,8,8,61403719,60805738,2,133940312,60817465,2,162529280,82.9072,1,46.0701,29360128,5242880,205520896,58720256,0.727097,99.9767,0,822083584,0,4387241984,411041792,1682964480,293601280,0,246415360,0,1,1.11063,0,0,0,1,1,2,8.11666,100,96.3431,1024,1232,224,0,36
conv,22477,8388608,64,8,8,1,2,1,2,1,1,8,8,8,79948598,60810802,2,133937380,60817545,2,162529280,82.9028,1,47.5098,29360128,4194304,205520896,58720256,0.952223,99.9671,0,822083584,0,4387241984,411041792,1917845504,276824064,0,253231104,0,1,0.997104,0,0,0,1,1,2,7.58287,100,96.4415,1024,1288,224,0,32
conv,8605,8388608,64,8,8,1,2,1,2,7,0,8,8,1,2103315,2068506,1,31195560,2097161,2,59768832,0,2,46.0701,29360128,5242880,0,0,0.731314,99.8893,0,822083584,0,503316480,8388608,743440384,343932928,0,82575360,0,1,2.60326,0,0,0,1,1,2,6.32971,100,91.627,1024,1232,0,0,37
conv,8651,8388608,64,8,8,1,2,1,2,7,1,8,8,1,2103315,2068506,1,31195184,2097161,2,59768832,0,2,47.5098,29360128,4194304,0,0,0.928616,99.9536,0,822083584,0,503316480,8388608,978321408,427819008,0,92536832,0,1,2.59026,0,0,0,1,1,2,6.82289,100,92.5283,1024,1288,0,0,32
conv,14423,4194304,64,8,8,1,2,2,1,1,0,8,8,8,52062834,35642374,2,83029516,37748745,2,112197632,79.2746,1,44.1744,16777216,4456448,160432128,33554432,0.984642,99.9678,0,822083584,0,1943666688,209715200,1132986368,587202560,0,161087488,0,1,1.55638,0,0,0,1,1,2,7.7212,100,91.0929,1024,1936,256,0,32
conv,13559,4194304,64,8,8,1,2,2,1,1,1,8,8,7,40095017,35638322,2,80915880,37748745,2,112197632,78.876,1,42.0956,17825792,4456448,160432128,33554432,0.734662,100.022,0,822083584,0,1943666688,209715200,1149763584,583008256,0,161480704,0,1,1.65752,0,0,0,1,1,2,8.21009,100,91.1145,1024,2024,256,0,40
conv,4632,4194304,64,8,8,1,2,2,1,7,0,8,8,2,2103355,2068534,1,20840720,4194313,2,31981568,0,2,44.1744,16777216,4456448,0,0,0.714179,100.023,0,822083584,0,406847488,4194304,424148992,230686720,0,66453504,0,1,4.85423,0,0,0,1,1,2,10.0038,100,88.7821,1024,1936,0,0,35
conv,4633,4194304,64,8,8,1,2,2,1,7,1,8,8,2,2103907,2068506,1,20841136,4194313,2,31981568,0,2,42.0956,17825792,4456448,0,0,0.945511,99.9308,0,822083584,0,406847488,4194304,440926208,243269632,0,67371008,0,1,4.85054,0,0,0,1,1,2,10.1045,100,88.9348,1024,2024,0,0,32
conv,14417,4194304,64,8,8,1,2,2,2,1,0,8,8,8,52074377,35642218,2,83211796,35651593,2,112197632,80.6912,1,44.1744,16777216,4456448,160432128,33554432,0.984759,100.007,0,822083584,0,1981415424,209715200,1124597760,566231040,0,161349632,0,1,1.55642,0,0,0,1,1,2,7.77395,100,91.1073,1024,1936,256,0,32
conv,13528,4194304,64,8,8,1,2,2,2,1,1,8,8,8,40213411,35640898,2,80834812,35651593,2,112197632,80.3033,1,42.0956,17825792,4456448,160432128,33554432,0.733734,99.0413,0,822083584,0,1981415424,209715200,1141374976,591396864,0,162660352,0,1,1.6585,0,0,0,1,1,2,8.33041,100,91.179,1024,2024,256,0,40
conv,4513,4194304,64,8,8,1,2,2,2,7,0,8,8,2,2103339,2068506,1,20840520,2097161,2,31981568,0,2,44.1744,16777216,4456448,0,0,0.726611,99.8822,0,822083584,0,444596224,4194304,415760384,222298112,0,67108864,0,1,4.97758,0,0,0,1,1,2,10.069,100,88.8916,1024,1936,0,0,35
conv,4520,4194304,64,8,8,1,2,2,2,7,1,8,8,2,2103699,2068506,1,20840888,2097161,2,31981568,0,2,42.0956,17825792,4456448,0,0,0.947612,99.9574,0,822083584,0,444596224,4194304,432537600,234881024,0,68026368,0,1,4.97213,0,0,0,1,1,2,10.1266,100,89.0414,1024,2024,0,0,32
conv,8470,2097152,64,8,8,1,2,4,1,1,0,8,8,8,27952071,23053782,2,60818060,25165833,2,87556096,76.9091,1,44.3155,10485760,3276800,137887744,20971520,0.716265,100.013,0,822083584,0,1109131264,104857600,853803008,549453824,0,124715008,0,1,2.65668,0,0,0,1,1,3,9.78544,100,86.1797,1024,3344,320,0,40
conv,7975,2097152,64,8,8,1,2,4,1,1,1,8,8,8,24480159,23052932,2,58587752,25165833,2,87556096,76.2227,1,37.8303,11796480,4325376,137887744,20971520,0.609556,100.007,0,822083584,0,1109131264,104857600,864288768,683671552,0,129236992,0,1,2.81506,0,0,0,1,1,3,10.7716,100,86.6633,1024,3496,320,0,42
conv,2569,2097152,64,8,8,1,2,4,1,7,0,8,8,3,2103619,2068506,2,15664120,4194313,2,18612224,0,2,44.3155,10485760,3276800,0,0,0.542118,99.8082,0,822083584,0,339345408,2097152,260308992,159383552,0,62259200,0,2,8.80005,0,0,0,1,1,2,17.9719,100,79.4671,1024,3344,0,0,54
conv,2600,2097152,64,8,8,1,2,4,1,7,1,8,8,3,2103408,2068506,2,15663152,4194313,2,18612224,0,3,37.8303,11796480,4325376,0,0,0.726221,101.447,0,822083584,0,339345408,2097152,270794752,138412032,0,61931520,0,2,8.75317,0,0,0,1,1,2,17.5434,100,79.3585,1024,3496,0,0,40
conv,8832,2097152,64,8,8,1,2,4,2,1,0,8,8,8,30450731,23055778,2,62648492,23068681,2,87556096,79.2153,1,44.3155,10485760,3276800,137887744,20971520,0.779639,100.218,0,822083584,0,1123811328,104857600,845414400,612368384,0,126877696,0,1,2.55252,0,0,0,1,1,3,9.68794,100,86.4153,1024,3344,320,0,32
conv,7989,2097152,64,8,8,1,2,4,2,1,1,8,8,8,24729365,23051316,2,58550468,23068681,2,87556096,78.2233,1,37.8303,11796480,4325376,137887744,20971520,0.60998,99.6738,0,822083584,0,1123811328,104857600,855900160,591396864,0,126550016,0,1,2.80871,0,0,0,1,1,3,10.5747,100,86.3801,1024,3496,320,0,42
conv,2464,2097152,64,8,8,1,2,4,2,7,0,8,8,3,2103359,2068494,2,15663152,2097161,2,18612224,0,2,44.3155,10485760,3276800,0,0,0.606995,100.217,0,822083584,0,354025472,2097152,251920384,144703488,0,61997056,0,2,9.16546,0,0,0,1,1,2,18.5018,100,79.3803,1024,3344,0,0,46
conv,2479,2097152,64,8,8,1,2,4,2,7,1,8,8,3,2103567,2068506,2,15663160,2097161,2,18612224,0,3,37.8303,11796480,4325376,0,0,0.728986,99.8433,0,822083584,0,354025472,2097152,262406144,155189248,0,62652416,0,2,9.08544,0,0,0,1,1,2,18.5022,100,79.596,1024,3496,0,0,40
conv,6141,1048576,64,8,8,1,2,8,1,1,0,8,8,7,16014151,16752602,2,49967368,18874377,3,74711040,74.8795,1,60.2046,3670016,3735552,126615552,14680064,0.465788,99.7308,0,822083584,0,843808768,52428800,714211328,651165696,0,111902720,0,2,3.65969,0,0,0,1,1,3,13.2277,100,86.1155,1024,6160,448,0,48
conv,6218,1048576,64,8,8,1,2,8,1,1,1,8,8,7,15402495,16749856,2,47547428,18874377,3,74711040,73.9956,1,44.4649,7340032,2686976,126615552,14680064,0.43558,99.621,0,822083584,0,843808768,52428800,721551360,661651456,0,112459776,0,2,3.61542,0,0,0,1,1,3,12.8229,100,86.1843,1024,6440,448,0,56
conv,1497,1048576,64,8,8,1,2,8,1,7,0,8,8,4,2114648,2068506,2,13074632,4194313,2,11403264,0,2,60.2046,3670016,3735552,0,0,0.463228,99.8336,0,822083584,0,328499200,1048576,178388992,103809024,0,60981248,0,3,15.2991,0,0,0,1,1,2,31.9597,100,73.477,1024,6160,0,0,64
conv,1492,1048576,64,8,8,1,2,8,1,7,1,8,8,4,2115905,2068506,2,13074864,4194313,2,11403264,0,3,44.4649,7340032,2686976,0,0,0.432398,99.6641,0,822083584,0,328499200,1048576,185729024,121634816,0,61767680,0,3,15.3014,0,0,0,1,1,2,32.2538,100,73.8147,1024,6440,0,0,64
conv,7927,1048576,64,8,8,1,2,8,2,1,0,8,8,6,16426482,16753778,2,49788236,16777225,2,74711040,77.1364,1,60.2046,3670016,3735552,126615552,14680064,0.466506,100.032,0,822083584,0,855703552,52428800,705822720,659554304,0,112492544,0,1,2.83152,0,0,0,1,1,3,10.1351,100,85.9944,1024,6160,448,0,40
conv,7370,1048576,64,8,8,1,2,8,2,1,1,8,8,6,15417170,16749700,2,46130648,16777225,2,74711040,76.044,1,44.4649,7340032,2686976,126615552,14680064,0.435605,99.3635,0,822083584,0,855703552,52428800,713162752,665845760,0,112918528,0,1,3.04322,0,0,0,1,1,3,11.3529,100,86.0472,1024,6440,448,0,44
conv,1384,1048576,64,8,8,1,2,8,2,7,0,8,8,4,2131555,2068506,2,13074488,2097161,2,11403264,0,2,60.2046,3670016,3735552,0,0,0.463403,99.5344,0,822083584,0,341999616,1048576,170000384,110100480,0,61308928,0,3,16.5162,0,0,0,1,1,2,34.4365,100,73.6655,1024,6160,0,0,64
conv,1417,1048576,64,8,8,1,2,8,2,7,1,8,8,4,2135821,2068506,2,13074480,2097161,2,11403264,0,3,44.4649,7340032,2686976,0,0,0.432958,100.181,0,822083584,0,342130688,1048576,177340416,113246208,0,61669376,0,3,16.1943,0,0,0,1,1,2,33.9804,100,73.7729,1024,6440,0,0,63
conv,20739,4194304,64,8,8,1,4,1,1,1,0,8,8,8,93959371,38790000,2,131184056,45088777,2,135790592,79.1014,1,79.9107,9175040,3670016,205520896,36700160,0.89235,98.6928,0,822083584,0,2479489024,205520896,1411907584,197132288,0,185466880,0,1,1.09065,0,0,0,1,1,2,6.39415,100,86.2036,1024,2128,280,0,31
conv,20651,4194304,64,8,8,1,4,1,1,1,1,8,8,9,93945495,38789874,2,131181120,45088777,2,135790592,79.1072,1,87.0139,9175040,2621440,205520896,36700160,0.898991,99.3739,0,822083584,0,2479489024,205520896,1558708224,197132288,0,190054400,0,1,1.08694,0,0,0,1,1,2,6.53519,100,86.5366,1024,2184,280,0,31
conv,4727,4194304,64,8,8,1,4,1,1,7,0,8,8,2,2103619,2068506,2,28443088,8388617,2,33030144,0,1,79.9107,9175040,3670016,0,0,0.597074,99.9603,0,822083584,0,289406976,4194304,443023360,209715200,0,62390272,0,1,4.7554,0,0,0,1,1,2,9.248,100,88.5767,1024,2128,0,0,48
conv,4728,4194304,64,8,8,1,4,1,1,7,1,8,8,2,2103379,2068506,2,28442736,8388617,2,33030144,0,1,87.0139,9175040,2621440,0,0,0.717728,99.9306,0,822083584,0,289406976,4194304,589824000,243269632,0,68026368,0,1,4.75534,0,0,0,1,1,2,9.56624,100,89.5231,1024,2184,0,0,40
conv,20772,4194304,64,8,8,1,4,1,2,1,0,8,8,9,94850135,38790054,2,131184544,40894473,2,135790592,81.0282,1,79.9107,9175040,3670016,205520896,36700160,0.918889,100.267,0,822083584,0,2501509120,205520896,1403518976,184549376,0,185335808,0,1,1.08531,0,0,0,1,1,2,6.51144,100,86.2823,1024,2128,280,0,32
conv,20525,4194304,64,8,8,1,4,1,2,1,1,8,8,9,94825642,38789770,2,131193056,40894473,2,135790592,81.0366,1,87.0139,9175040,2621440,205520896,36700160,0.91928,99.9533,0,822083584,0,2501509120,205520896,1550319616,184549376,0,189923328,0,1,1.08316,0,0,0,1,1,2,6.71796,100,86.6136,1024,2184,280,0,31
conv,4610,4194304,64,8,8,1,4,1,2,7,0,8,8,2,2103315,2068502,2,28442672,4194313,2,33030144,0,1,79.9107,9175040,3670016,0,0,0.610745,100.01,0,822083584,0,310378496,4194304,434634752,192937984,0,62259200,0,1,4.87508,0,0,0,1,1,2,9.27713,100,88.5526,1024,2128,0,0,44
conv,4606,4194304,64,8,8,1,4,1,2,7,1,8,8,2,2103803,2068502,2,28443208,4194313,2,33030144,0,1,87.0139,9175040,2621440,0,0,0.725996,99.8961,0,822083584,0,310378496,4194304,581435392,247463936,0,68550656,0,1,4.87923,0,0,0,1,1,2,9.89364,100,89.6033,1024,2184,0,0,40
conv,20354,4194304,64,8,8,1,4,1,4,1,0,8,8,9,92758971,38789926,2,131165176,38797321,2,135790592,82.0381,1,79.9107,9175040,3670016,205520896,36700160,0.901342,101.506,0,822083584,0,2505703424,205520896,1399324672,205520896,0,185991168,0,1,1.10468,0,0,0,1,1,2,6.3302,100,86.3306,1024,2128,280,0,32
conv,20407,4194304,64,8,8,1,4,1,4,1,1,8,8,9,93440764,38790130,2,131174056,38797449,2,135790592,82.0411,1,87.0139,9175040,2621440,205520896,36700160,0.895528,99.1464,0,822083584,0,2505703424,205520896,1546125312,205520896,0,190578688,0,1,1.091,0,0,0,1,1,2,6.60831,100,86.6596,1024,2184,280,0,32
conv,4588,4194304,64,8,8,1,4,1,4,7,0,8,8,2,2104227,2064454,2,28444048,2097161,2,33030144,0,1,79.9107,9175040,3670016,0,0,0.611051,99.9461,0,822083584,0,318767104,4194304,430440448,192937984,0,62390272,0,1,4.89711,0,0,0,1,1,2,9.42487,100,88.5767,1024,2128,0,0,43
conv,4587,4194304,64,8,8,1,4,1,4,7,1,8,8,2,2103315,2064426,2,28442672,2097161,2,33030144,0,1,87.0139,9175040,2621440,0,0,0.72973,99.9152,0,822083584,0,318767104,4194304,577241088,247463936,0,68681728,0,1,4.90089,0,0,0,1,1,2,9.88564,100,89.6231,1024,2184,0,0,40
conv,12507,2097152,64,8,8,1,4,2,1,1,0,8,8,8,56208657,23056626,2,99807372,29360137,2,109838336,77.6849,1,56.7454,6291456,4456448,182976512,20971520,0.836449,99.8914,0,822083584,0,1024393216,104857600,1000603648,247463936,0,118620160,0,1,1.79626,0,0,0,1,1,2,6.13809,100,84.2869,1024,3344,320,0,32
conv,11953,2097152,64,8,8,1,4,2,1,1,1,8,8,8,51163309,23056458,2,85317468,29360137,2,109838336,74.8046,1,68.4283,5767168,3145728,182976512,20971520,0.613709,99.9817,0,822083584,0,1024393216,104857600,1042546688,369098752,0,123731968,0,1,1.8799,0,0,0,1,1,2,6.63393,100,84.9361,1024,3432,320,0,43
conv,2598,2097152,64,8,8,1,4,2,1,7,0,8,8,3,2103315,2068506,2,20513000,8388617,2,18350080,0,2,56.7454,6291456,4456448,0,0,0.482628,99.8996,0,822083584,0,250740736,2097152,226754560,165675008,0,55574528,0,2,8.6963,0,0,0,1,1,2,16.167,100,82.5103,1024,3344,0,0,64
conv,2600,2097152,64,8,8,1,4,2,1,7,1,8,8,3,2103631,2068510,2,20513352,8388617,2,18350080,0,2,68.4283,5767168,3145728,0,0,0.543361,99.8174,0,822083584,0,250216448,2097152,268697600,161480704,0,56688640,0,2,8.68855,0,0,0,1,1,2,15.944,100,82.9408,1024,3432,0,0,54
conv,12490,2097152,64,8,8,1,4,2,2,1,0,8,8,8,56237361,23056546,2,100403096,25165881,2,109838336,80.3296,1,56.7454,6291456,4456448,182976512,20971520,0.836603,99.8552,0,822083584,0,1043005440,104857600,992215040,251658240,0,119013376,0,1,1.79576,0,0,0,1,1,2,6.16614,100,84.387,1024,3344,320,0,32
conv,11937,2097152,64,8,8,1,4,2,2,1,1,8,8,8,51191661,23056986,2,85343360,25165833,2,109838336,77.5376,1,68.4283,5767168,3145728,182976512,20971520,0.613078,99.9616,0,822083584,0,1043267584,104857600,1034158080,377487360,0,124321792,0,1,1.88507,0,0,0,1,1,2,6.71607,100,85.0076,1024,3432,320,0,44
conv,2481,2097152,64,8,8,1,4,2,2,7,0,8,8,3,2103779,2068486,2,20513424,4194313,2,18350080,0,2,56.7454,6291456,4456448,0,0,0.484334,99.8948,0,822083584,0,269615104,2097152,218365952,165675008,0,55902208,0,2,9.09844,0,0,0,1,1,2,16.7993,100,82.6128,1024,3344,0,0,64
conv,2486,2097152,64,8,8,1,4,2,2,7,1,8,8,3,2103323,2068486,2,20512816,4194313,2,18350080,0,2,68.4283,5767168,3145728,0,0,0.5476,99.7402,0,822083584,0,269090816,2097152,260308992,155189248,0,56819712,0,2,9.06844,0,0,0,1,1,2,16.8162,100,82.9801,1024,3432,0,0,54
conv,12501,2097152,64,8,8,1,4,2,4,1,0,8,8,8,56149825,23056454,2,100358688,23068681,2,109838336,81.5929,1,56.7454,6291456,4456448,182976512,20971520,0.836573,100.131,0,822083584,0,1047199744,104857600,988020736,245366784,0,118816768,0,1,1.80067,0,0,0,1,1,2,6.1614,100,84.3612,1024,3344,320,0,32
conv,11913,2097152,64,8,8,1,4,2,4,1,1,8,8,8,51226824,23056462,2,85532096,23068681,2,109838336,79.2608,1,68.4283,5767168,3145728,182976512,20971520,0.61443,99.7175,0,822083584,0,1047199744,104857600,1029963776,377487360,0,124256256,0,1,1.88229,0,0,0,1,1,2,6.69849,100,85.0458,1024,3432,320,0,44
conv,2464,2097152,64,8,8,1,4,2,4,7,0,8,8,3,2103315,2064406,2,20512816,2097161,2,18350080,0,2,56.7454,6291456,4456448,0,0,0.484195,99.9447,0,822083584,0,273809408,2097152,214171648,161480704,0,55771136,0,2,9.16671,0,0,0,1,1,2,16.9871,100,82.572,1024,3344,0,0,64
conv,2475,2097152,64,8,8,1,4,2,4,7,1,8,8,3,2103445,2064406,2,20512856,2097161,2,18350080,0,2,68.4283,5767168,3145728,0,0,0.606696,99.9324,0,822083584,0,273809408,2097152,256114688,140509184,0,56426496,0,2,9.12286,0,0,0,1,1,2,16.4655,100,82.7744,1024,3432,0,0,48
conv,8202,1048576,64,8,8,1,4,4,1,1,0,8,8,7,28462189,15178749,2,76475824,21495817,3,97320960,74.8092,1,51.4968,3932160,3866624,171704320,13107200,0.496648,100.114,0,822083584,0,767885312,56623104,861011968,285212672,0,100581376,0,1,2.74768,0,0,0,1,1,3,8.69791,99.8778,86.7711,1024,5776,400,0,32
conv,7852,1048576,64,8,8,1,4,4,1,1,1,8,8,8,29263568,15181218,3,81380456,21495817,3,97320960,75.8109,1,50.625,4325376,3866624,171704320,13107200,0.496809,100.277,0,822083584,0,767754240,56623104,864157696,380633088,0,103628800,0,1,2.85901,0,0,0,1,1,3,8.81011,99.8814,87.1877,1024,5928,400,0,48
conv,1745,1048576,64,8,8,1,4,4,1,7,0,8,8,3,2103494,2068682,3,16547888,8388617,2,11468800,0,2,51.4968,3932160,3866624,0,0,0.368615,99.7506,0,822083584,0,216530944,5242880,147980288,98566144,0,56049664,0,3,12.9992,0,0,0,1,1,2,25.9226,99.7808,71.9453,768,5776,0,0,80
conv,1717,1048576,64,8,8,1,4,4,1,7,1,8,8,4,2103564,2068650,3,16547888,8388617,2,11468800,0,2,50.625,4325376,3866624,0,0,0.368409,100.239,0,822083584,0,216793088,5242880,151126016,96468992,0,56147968,0,3,13.2521,0,0,0,1,1,2,26.1972,99.7811,71.8923,768,5928,0,0,80
conv,8021,1048576,64,8,8,1,4,4,2,1,0,8,8,7,27813927,15177294,2,76378684,17301513,3,97320960,77.8295,1,51.4968,3932160,3866624,171704320,13107200,0.49722,99.9646,0,822083584,0,616890368,56623104,852623360,287309824,0,95666176,0,1,2.80663,0,0,0,1,1,3,7.50835,99.8716,86.0914,1024,5776,400,0,32
conv,8004,1048576,64,8,8,1,4,4,2,1,1,8,8,7,28499835,15176430,2,78465008,17301513,3,97320960,78.259,1,50.625,4325376,3866624,171704320,13107200,0.49707,99.6489,0,822083584,0,616759296,56623104,855769088,331350016,0,97107968,0,1,2.82749,0,0,0,1,1,3,7.71466,99.8735,86.3274,1024,5928,400,0,48
conv,1620,1048576,64,8,8,1,4,4,2,7,0,8,8,4,2104115,2068638,3,16548176,4194313,2,11468800,0,2,51.4968,3932160,3866624,0,0,0.369006,99.7749,0,822083584,0,224264192,5242880,139591680,99614720,0,56147968,0,3,13.9721,0,0,0,1,1,2,27.5525,99.7811,71.8413,768,5776,0,0,80
conv,1499,1048576,64,8,8,1,4,4,2,7,1,8,8,4,2105232,2068598,3,16547888,4194313,2,11468800,0,2,50.625,4325376,3866624,0,0,0.429804,99.5473,0,822083584,0,224264192,5242880,142737408,100663296,0,56279040,0,3,15.111,0,0,0,1,1,2,30.002,99.7817,71.9068,896,5928,0,0,72
conv,8373,1048576,64,8,8,1,4,4,4,1,0,8,8,7,29788717,15181374,2,72939828,15204361,3,97320960,78.9749,1,51.4968,3932160,3866624,171704320,13107200,0.497043,100.208,0,822083584,0,620953600,56623104,848429056,329252864,0,96944128,0,1,2.71302,0,0,0,1,1,3,7.34392,99.8732,86.3043,1024,5776,400,0,40
conv,8340,1048576,64,8,8,1,4,4,4,1,1,8,8,7,29101833,15182174,2,81259380,15204361,3,97320960,81.0015,1,50.625,4325376,3866624,171704320,13107200,0.496947,100.021,0,822083584,0,620953600,56623104,851574784,342884352,0,97468416,0,1,2.69949,0,0,0,1,1,3,7.25551,99.8739,86.378,1024,5928,400,0,48
conv,1599,1048576,64,8,8,1,4,4,4,7,0,8,8,4,2103928,2065534,2,16548040,2097161,2,11468800,0,2,51.4968,3932160,3866624,0,0,0.369172,99.4289,0,822083584,0,228327424,5242880,135397376,94371840,0,55951360,0,3,14.1702,0,0,0,1,1,2,28.4221,99.7804,71.7936,768,5776,0,0,80
conv,1520,1048576,64,8,8,1,4,4,4,7,1,8,8,4,2105698,2065098,3,16547888,2097161,2,11468800,0,2,50.625,4325376,3866624,0,0,0.430445,99.9929,0,822083584,0,228458496,5242880,138543104,92274688,0,56016896,0,3,15.0387,0,0,0,1,1,2,30.013,99.7806,71.7754,896,5928,0,0,72
conv,6517,524288,64,8,8,1,4,8,1,1,0,8,8,5,12809618,11247294,3,64823148,17563657,3,90603520,72.1162,1,42.0544,3145728,4161536,166068224,9175040,0.279098,99.9316,0,822083584,0,482344960,36700160,805896192,298319872,0,84762624,0,1,3.45459,0,0,0,1,1,3,9.20166,99.6811,90.1542,1024,10640,560,0,64
conv,6699,524288,64,8,8,1,4,8,1,1,1,8,8,5,11012193,11243546,2,63099772,17563657,3,90603520,71.5836,1,45.503,3342336,3375104,166068224,9175040,0.247993,99.8077,0,822083584,0,482344960,36700160,807469056,337641472,0,86040576,0,1,3.35212,0,0,0,1,1,3,8.78556,99.6858,90.3004,896,10920,560,0,67
conv,2215,524288,64,8,8,1,4,8,1,7,0,8,8,3,2198665,2068570,2,14624456,8388617,1,7569408,0,2,43.0243,2752512,4161536,0,0,0.246227,99.2202,0,822083584,0,224985088,11010048,108593152,54525952,0,50700288,0,2,10.2175,0,0,0,1,1,1,18.7015,99.4668,75.2706,512,10640,0,0,128
conv,2210,524288,64,8,8,1,4,8,1,7,1,8,8,3,2197178,2069482,2,14643720,8388617,1,7569408,0,2,48.0929,3014656,3375104,0,0,0.246204,99.683,0,822083584,0,224985088,11010048,110690304,51904512,0,50683904,0,2,10.2452,0,0,0,1,1,1,18.6389,99.4666,75.2626,512,10920,0,0,128
conv,6233,524288,64,8,8,1,4,8,2,1,0,8,8,5,12719591,11248238,3,66139764,13369353,3,90603520,76.3181,1,42.0544,3145728,4161536,166068224,9175040,0.2793,99.7566,0,822083584,0,498073600,36700160,797507584,453509120,0,89841664,0,1,3.61211,0,0,0,1,1,3,10.3517,99.6991,90.7108,1024,10640,560,0,64
conv,6465,524288,64,8,8,1,4,8,2,1,1,8,8,5,11005918,11243562,2,63820544,13369353,3,90603520,75.7424,1,45.503,3342336,3375104,166068224,9175040,0.248304,99.8701,0,822083584,0,498073600,36700160,799080448,492830720,0,91119616,0,1,3.48071,0,0,0,1,1,3,9.91714,99.7033,90.8411,896,10920,560,0,67
conv,2003,524288,64,8,8,1,4,8,2,7,0,8,8,3,2158872,2068538,2,14638848,4194313,1,7569408,0,2,43.0243,2752512,4161536,0,0,0.246094,99.4015,0,822083584,0,233963520,11010048,100204544,57147392,0,50700288,0,2,11.3095,0,0,0,1,1,1,20.6768,99.4668,75.4686,512,10640,0,0,126
conv,2056,524288,64,8,8,1,4,8,2,7,1,8,8,3,2159757,2068530,2,14671840,4194313,1,7569408,0,2,48.0929,3014656,3375104,0,0,0.246007,99.3395,0,822083584,0,234029056,11010048,102301696,52953088,0,50651136,0,2,11.0495,0,0,0,1,1,1,20.3277,99.4663,75.4165,512,10920,0,0,111
conv,5885,524288,64,8,8,1,4,8,4,1,0,8,8,5,11766954,11242822,3,63268244,11272201,3,90603520,77.7193,1,42.0544,3145728,4161536,166068224,9175040,0.2792,99.972,0,822083584,0,502267904,36700160,793313280,403177472,0,88268800,0,1,3.83712,0,0,0,1,1,4,11.2273,99.6937,90.5452,896,10640,560,0,68
conv,6517,524288,64,8,8,1,4,8,4,1,1,8,8,5,11049626,11240742,2,62688352,11272201,3,90603520,77.3773,1,45.503,3342336,3375104,166068224,9175040,0.248582,99.5276,0,822083584,0,502267904,36700160,794886144,466092032,0,90284032,0,1,3.45349,0,0,0,1,1,3,10.1987,99.7006,90.7563,896,10920,560,0,72
conv,1941,524288,64,8,8,1,4,8,4,7,0,8,8,3,2162164,2064422,2,14658680,2097161,1,7569408,0,2,43.0243,2752512,4161536,0,0,0.246206,100.319,0,822083584,0,238092288,11010048,96010240,54001664,0,50585600,0,2,11.6502,0,0,0,1,1,1,21.1938,99.4656,75.4413,512,10640,0,0,127
conv,2019,524288,64,8,8,1,4,8,4,7,1,8,8,3,2154086,2064526,2,14680128,2097161,1,7569408,0,2,48.0929,3014656,3375104,0,0,0.246386,100.084,0,822083584,0,238223360,11010048,98107392,54525952,0,50700288,0,2,11.265,0,0,0,1,1,1,20.7424,99.4668,75.4403,512,10920,0,0,111
conv,16694,2097152,64,8,8,1,8,1,1,1,0,8,8,8,77956758,27765109,2,137616452,42467337,2,121372672,71.015,1,47.2135,12845056,2883584,205520896,25690112,0.646462,101.438,0,822083584,0,1339359232,102760448,1213464576,157286400,0,138870784,0,1,1.3522,0,0,0,1,1,2,6.18599,100,81.7971,1024,3920,392,0,32
conv,16661,2097152,64,8,8,1,8,1,1,1,1,8,8,8,77674645,27767654,2,137501228,42467337,2,121372672,71.046,1,47.2135,12845056,2883584,205520896,25690112,0.639801,99.8794,0,822083584,0,1339359232,102760448,1316225024,157286400,0,142082048,0,1,1.35554,0,0,0,1,1,2,6.47807,100,82.2085,1024,3976,392,0,32
conv,2743,2097152,64,8,8,1,8,1,1,7,0,8,8,2,2103315,2068506,4,35324232,16777225,2,18612224,0,3,47.2135,12845056,2883584,0,0,0.364633,99.9276,0,822083584,0,231342080,2097152,288620544,161480704,0,62259200,0,2,8.22618,0,0,0,1,1,2,17.1998,100,75.5724,768,3920,0,0,80
conv,2710,2097152,64,8,8,1,8,1,1,7,1,8,8,2,2103315,2068506,4,35323952,16777225,2,18612224,0,3,47.2135,12845056,2883584,0,0,0.485464,99.9624,0,822083584,0,232128512,2097152,391380992,161480704,0,65536000,0,2,8.37172,0,0,0,1,1,2,17.7761,100,76.7313,1024,3976,0,0,64
conv,16273,2097152,64,8,8,1,8,1,2,1,0,8,8,9,77130057,27765514,2,137669468,34078729,2,121372672,74.4618,1,47.2135,12845056,2883584,205520896,25690112,0.636158,99.3395,0,822083584,0,1351155712,102760448,1205075968,146800640,0,138608640,0,1,1.36173,0,0,0,1,1,2,6.36117,100,81.7923,1024,3920,392,0,32
conv,16467,2097152,64,8,8,1,8,1,2,1,1,8,8,8,75438732,27753131,2,137363308,34078729,2,121372672,74.4548,1,47.2135,12845056,2883584,205520896,25690112,0.631664,99.956,0,822083584,0,1351155712,102760448,1307836416,146800640,0,141819904,0,1,1.38364,0,0,0,1,1,2,6.60377,100,82.2045,1024,3976,392,0,32
conv,2603,2097152,64,8,8,1,8,1,2,7,0,8,8,3,2103315,2068506,3,35324192,8388617,2,18612224,0,3,47.2135,12845056,2883584,0,0,0.366712,99.9239,0,822083584,0,244711424,2097152,280231936,150994944,0,62128128,0,2,8.67792,0,0,0,1,1,2,17.9679,100,75.4549,768,3920,0,0,78
conv,2626,2097152,64,8,8,1,8,1,2,7,1,8,8,2,2103315,2068506,3,35324336,8388617,2,18612224,0,3,47.2135,12845056,2883584,0,0,0.486563,99.857,0,822083584,0,244711424,2097152,382992384,161480704,0,65667072,0,2,8.61576,0,0,0,1,1,2,18.3572,100,76.7777,1024,3976,0,0,64
conv,16323,2097152,64,8,8,1,8,1,4,1,0,8,8,8,76554606,27762195,2,137534948,29884425,2,121372672,76.4717,1,47.2135,12845056,2883584,205520896,25690112,0.637038,100.744,0,822083584,0,1353252864,102760448,1200881664,155189248,0,138805248,0,1,1.36941,0,0,0,1,1,2,6.31481,100,81.818,1024,3920,392,0,32
conv,16387,2097152,64,8,8,1,8,1,4,1,1,8,8,8,76679444,27759283,2,137250980,29884425,2,121372672,76.4447,1,47.2135,12845056,2883584,205520896,25690112,0.639189,100.842,0,822083584,0,1353252864,102760448,1303642112,155189248,0,142016512,0,1,1.36849,0,0,0,1,1,2,6.48447,100,82.2292,1024,3976,392,0,32
conv,2585,2097152,64,8,8,1,8,1,4,7,0,8,8,3,2103315,2068506,3,35323952,4194313,2,18612224,0,3,47.2135,12845056,2883584,0,0,0.367812,99.8481,0,822083584,0,246022144,2097152,276037632,148897792,0,61931520,0,2,8.76536,0,0,0,1,1,2,18.1625,100,75.4431,768,3920,0,0,78
conv,2569,2097152,64,8,8,1,8,1,4,7,1,8,8,3,2103371,2068506,3,35324024,4194313,2,18612224,0,3,47.2135,12845056,2883584,0,0,0.491029,99.9101,0,822083584,0,246022144,2097152,378798080,174063616,0,65929216,0,2,8.80039,0,0,0,1,1,2,18.9433,100,76.9322,1024,3976,0,0,64
conv,12820,1048576,64,8,8,1,8,2,1,1,0,8,8,8,58631813,16763790,2,106284672,31457289,2,107872256,68.5053,1,39.5531,7340032,3932160,194248704,14680064,0.466214,99.9819,0,822083584,0,758448128,52428800,959578112,74448896,0,96305152,0,1,1.74617,0,0,0,1,1,2,5.0037,100,86.5409,1024,6160,448,0,32
conv,12777,1048576,64,8,8,1,8,2,1,1,1,8,8,8,57849245,16763982,2,97235892,31457289,2,107872256,66.0891,1,43.6098,7340032,2883584,194248704,14680064,0.46613,100.253,0,822083584,0,758448128,52428800,988938240,139460608,0,99254272,0,1,1.75471,0,0,0,1,1,2,5.09049,100,86.9408,1024,6248,448,0,47
conv,2257,1048576,64,8,8,1,8,2,1,7,0,8,8,3,2103419,2068510,4,26837040,16777225,1,10747904,0,2,39.5531,7340032,3932160,0,0,0.303896,100.461,0,822083584,0,207683584,1048576,153223168,56623104,0,51281920,0,2,10.09,0,0,0,1,1,2,18.0252,100,75.603,640,6160,0,0,96
conv,2071,1048576,64,8,8,1,8,2,1,7,1,8,8,3,2111822,2068514,4,26837320,16777225,1,10747904,0,2,43.6098,7340032,2883584,0,0,0.365364,99.0078,0,822083584,0,207945728,1048576,182583296,61865984,0,52396032,0,2,10.924,0,0,0,1,1,2,19.7593,100,76.0749,768,6248,0,0,80
conv,12670,1048576,64,8,8,1,8,2,2,1,0,8,8,8,57939547,16763718,2,103314688,23068729,2,107872256,72.3742,1,39.5531,7340032,3932160,194248704,14680064,0.466529,99.8637,0,822083584,0,610598912,52428800,951189504,120586240,0,92864512,0,1,1.76823,0,0,0,1,1,2,4.29148,100,86.0423,1024,6160,448,0,32
conv,12159,1048576,64,8,8,1,8,2,2,1,1,8,8,8,57288016,16763358,2,97634020,23068681,2,107872256,70.6566,1,43.6098,7340032,2883584,194248704,14680064,0.466364,99.8681,0,822083584,0,610598912,52428800,980549632,199229440,0,96239616,0,1,1.84714,0,0,0,1,1,2,4.69034,100,86.5318,1024,6248,448,0,48
conv,1949,1048576,64,8,8,1,8,2,2,7,0,8,8,3,2104148,2068534,4,26837040,8388617,1,10747904,0,3,39.5531,7340032,3932160,0,0,0.305672,100.195,0,822083584,0,217382912,1048576,144834560,60817408,0,51478528,0,2,11.726,0,0,0,1,1,2,20.9884,100,75.6485,640,6160,0,0,96
conv,1875,1048576,64,8,8,1,8,2,2,7,1,8,8,3,2104101,2068578,4,26837040,8388617,2,10747904,0,2,43.6098,7340032,2883584,0,0,0.305292,100.011,0,822083584,0,217382912,1048576,174194688,60817408,0,52396032,0,2,12.1934,0,0,0,1,1,2,22.0365,100,76.0749,640,6248,0,0,90
conv,12588,1048576,64,8,8,1,8,2,4,1,0,8,8,8,57748584,16763890,2,98284608,18874377,2,107872256,73.4991,1,39.5531,7340032,3932160,194248704,14680064,0.466485,99.8629,0,822083584,0,612696064,52428800,946995200,120586240,0,92798976,0,1,1.7774,0,0,0,1,1,2,4.30692,100,86.0324,1024,6160,448,0,32
conv,12570,1048576,64,8,8,1,8,2,4,1,1,8,8,8,57825596,16763714,2,98947840,18874377,2,107872256,73.6775,1,43.6098,7340032,2883584,194248704,14680064,0.466519,99.7514,0,822083584,0,612696064,52428800,976355328,217055232,0,96731136,0,1,1.77206,0,0,0,1,1,2,4.45738,100,86.6002,1024,6248,448,0,46
conv,2002,1048576,64,8,8,1,8,2,4,7,0,8,8,3,2103480,2068546,3,26837144,4194313,1,10747904,0,2,39.5531,7340032,3932160,0,0,0.245781,99.0999,0,822083584,0,219480064,1048576,140640256,57671680,0,51314688,0,2,11.3218,0,0,0,1,1,2,20.5328,100,75.5707,512,6160,0,0,108
conv,1652,1048576,64,8,8,1,8,2,4,7,1,8,8,4,2122440,2068618,4,26837040,4194313,2,10747904,0,3,43.6098,7340032,2883584,0,0,0.368078,99.8837,0,822083584,0,219217920,1048576,170000384,62914560,0,52363264,0,3,13.6977,0,0,0,1,1,2,24.7692,100,76.1069,768,6248,0,0,80
conv,11009,524288,64,8,8,1,8,4,1,1,0,8,8,6,33971542,11250686,2,95242380,25952265,2,101482496,67.5179,1,26.5849,5767168,5668864,188612608,9175040,0.279317,100.196,0,822083584,0,454033408,36700160,892928000,143654912,0,81027072,0,1,2.04123,0,0,0,1,1,2,4.40032,99.727,90.6102,1024,10640,560,0,48
conv,10574,524288,64,8,8,1,8,4,1,1,1,8,8,5,27702674,11247942,2,80890560,25952265,2,101482496,63.15,1,35.2005,5111808,3571712,188612608,9175040,0.248316,99.2868,0,822083584,0,454033408,36700160,895025152,181403648,0,82272256,0,1,2.10669,0,0,0,1,1,2,4.85088,99.7312,90.7523,896,10792,560,0,72
conv,2246,524288,64,8,8,1,8,4,1,7,0,8,8,3,2133136,2073372,3,22607200,16777225,1,7176192,0,2,27.2616,5242880,5668864,0,0,0.245051,99.2433,0,822083584,0,182616064,11010048,107544576,64487424,0,49766400,0,2,10.168,0,0,0,1,1,1,18.1753,99.5556,74.5823,512,10640,0,0,120
conv,2232,524288,64,8,8,1,8,4,1,7,1,8,8,3,2135183,2075556,3,22607736,16777225,1,7176192,0,2,35.8229,4915200,3571712,0,0,0.244977,99.5938,0,822083584,0,182616064,11010048,109117440,61341696,0,49717248,0,2,10.2451,0,0,0,1,1,1,18.262,99.5551,74.5572,512,10792,0,0,128
conv,11089,524288,64,8,8,1,8,4,2,1,0,8,8,6,34021216,11249782,2,95289300,17563657,2,101482496,72.7171,1,26.5849,5767168,5668864,188612608,9175040,0.279489,99.9014,0,822083584,0,463470592,36700160,884539392,170393600,0,81895424,0,1,2.02438,0,0,0,1,1,2,4.44392,99.7299,90.7097,1024,10640,560,0,48
conv,11038,524288,64,8,8,1,8,4,2,1,1,8,8,5,28572378,11247766,2,86873628,17563657,2,101482496,70.4408,1,35.2005,5111808,3571712,188612608,9175040,0.248722,98.0095,0,822083584,0,463470592,36700160,886636544,182452224,0,82337792,0,1,2.01802,0,0,0,1,1,2,4.45662,99.7314,90.7596,896,10792,560,0,72
conv,1949,524288,64,8,8,1,8,4,2,7,0,8,8,3,2188348,2068602,3,22608232,8388617,1,7176192,0,3,27.2616,5242880,5668864,0,0,0.245161,98.7564,0,822083584,0,186220544,11010048,99155968,60817408,0,49487872,0,2,11.8304,0,0,0,1,1,1,21.1211,99.5531,74.4682,512,10640,0,0,120
conv,1948,524288,64,8,8,1,8,4,2,7,1,8,8,3,2188436,2068506,3,22605720,8388617,1,7176192,0,2,35.8229,4915200,3571712,0,0,0.244922,98.6817,0,822083584,0,186286080,11010048,100728832,59768832,0,49520640,0,2,11.6457,0,0,0,1,1,1,20.9426,99.5533,74.4562,512,10792,0,0,128
conv,11064,524288,64,8,8,1,8,4,4,1,0,8,8,6,34419717,11248970,2,89143156,13369353,2,101482496,74.0194,1,26.5849,5767168,5668864,188612608,9175040,0.279543,99.4623,0,822083584,0,465567744,36700160,880345088,144703488,0,81027072,0,1,2.0267,0,0,0,1,1,2,4.64805,99.727,90.6102,1024,10640,560,0,57
conv,10163,524288,64,8,8,1,8,4,4,1,1,8,8,5,27915205,11243578,2,82941656,13369401,2,101482496,72.1756,1,35.2005,5111808,3571712,188612608,9175040,0.248879,99.8247,0,822083584,0,465567744,36700160,882442240,182452224,0,82272256,0,1,2.21286,0,0,0,1,1,2,5.06364,99.7312,90.7523,896,10792,560,0,72
conv,1817,524288,64,8,8,1,8,4,4,7,0,8,8,3,2208136,2068718,3,22612712,4194313,1,7176192,0,3,27.2616,5242880,5668864,0,0,0.246197,100.346,0,822083584,0,188383232,11010048,94961664,63438848,0,49520640,0,2,12.7822,0,0,0,1,1,1,22.5725,99.5533,74.4562,512,10640,0,0,118
conv,1808,524288,64,8,8,1,8,4,4,7,1,8,8,3,2203482,2068550,3,22613336,4194313,1,7176192,0,2,35.8229,4915200,3571712,0,0,0.245901,101.29,0,822083584,0,188383232,11010048,96534528,65536000,0,49635328,0,2,12.7967,0,0,0,1,1,1,22.4358,99.5544,74.5152,512,10792,0,0,125
conv,6888,262144,64,8,8,1,8,8,1,1,0,8,8,3,5970566,8491304,3,76303108,23199753,3,97927168,62.4211,1,18.4968,6815744,5521408,185794560,6422528,0.124,99.7253,0,822083584,0,339738624,39321600,870612992,275251200,0,80302080,0,1,3.29582,0,0,0,1,1,3,7.45576,99.4262,91.3351,640,19600,784,0,96
conv,6543,262144,64,8,8,1,8,8,1,1,1,8,8,3,5741898,8496350,3,83657456,23199753,3,97927168,64.8453,1,21.3294,5570560,5128192,185794560,6422528,0.124278,99.452,0,822083584,0,339738624,39321600,865632256,308281344,0,81178624,0,1,3.42695,0,0,0,1,1,3,7.81554,99.4324,91.4287,512,19880,784,0,128
conv,4258,262144,64,8,8,1,8,8,1,7,0,8,8,2,2249322,3395779,2,20857016,16777225,1,5029888,0,1,24.2926,3670016,5521408,0,0,0.124597,99.131,0,822083584,0,196608000,26476544,84705280,58458112,0,44371968,0,1,5.25209,0,0,0,1,1,1,8.41312,98.9615,83.691,384,19600,0,0,164
conv,4262,262144,64,8,8,1,8,8,1,7,1,8,8,2,2244685,3353795,2,20856472,16777225,1,5029888,0,1,25.1865,3932160,5128192,0,0,0.124431,99.3014,0,822083584,0,196608000,26476544,85753856,56098816,0,44331008,0,1,5.26912,0,0,0,1,1,1,8.44965,98.9605,83.676,384,19880,0,0,168
conv,6455,262144,64,8,8,1,8,8,2,1,0,8,8,3,5973075,8491206,3,74649600,14811145,3,97927168,67.7282,1,18.4968,6815744,5521408,185794560,6422528,0.124326,99.8721,0,822083584,0,347602944,39321600,862224384,277086208,0,80343040,0,1,3.48496,0,0,0,1,1,3,7.93996,99.4265,91.3395,640,19600,784,0,96
conv,6167,262144,64,8,8,1,8,8,2,1,1,8,8,3,5615476,8491098,3,77232764,14811145,3,97927168,69.1566,1,21.3294,5570560,5128192,185794560,6422528,0.124173,99.7446,0,822083584,0,347602944,39321600,857243648,283115520,0,80375808,0,1,3.65213,0,0,0,1,1,4,8.47056,99.4267,91.3431,512,19880,784,0,128
conv,3929,262144,64,8,8,1,8,8,2,7,0,8,8,2,2250492,2563077,2,20854752,8388617,1,5029888,0,1,24.2926,3670016,5521408,0,0,0.124226,99.8149,0,822083584,0,200278016,26476544,76316672,59768832,0,44265472,0,1,5.72102,0,0,0,1,1,1,9.11242,98.959,83.6518,384,19600,0,0,168
conv,3923,262144,64,8,8,1,8,8,2,7,1,8,8,2,2253853,2507067,2,20855520,8388617,1,5029888,0,1,25.1865,3932160,5128192,0,0,0.124562,98.8731,0,822083584,0,200278016,26476544,77365248,60555264,0,44322816,0,1,5.69833,0,0,0,1,1,1,9.15548,98.9604,83.673,384,19880,0,0,168
conv,6425,262144,64,8,8,1,8,8,4,1,0,8,8,3,6037611,8491286,3,77433048,10616841,3,97927168,72.1721,1,18.4968,6815744,5521408,185794560,6422528,0.124202,99.9371,0,822083584,0,349700096,39321600,858030080,264241152,0,79876096,0,1,3.49854,0,0,0,1,1,3,7.84638,99.4231,91.2889,640,19600,784,0,95
conv,6025,262144,64,8,8,1,8,8,4,1,1,8,8,3,5689738,8491054,3,72403740,10616889,3,97927168,70.2211,1,21.3294,5570560,5128192,185794560,6422528,0.124339,99.542,0,822083584,0,349700096,39321600,853049344,271056896,0,79933440,0,1,3.7526,0,0,0,1,1,4,8.60229,99.4235,91.2952,512,19880,784,0,128
conv,3820,262144,64,8,8,1,8,8,4,7,0,8,8,2,2259602,2071612,2,20855600,4194313,1,5029888,0,1,24.2926,3670016,5521408,0,0,0.124287,99.2073,0,822083584,0,203161600,26476544,72122368,59244544,0,44208128,0,1,5.86404,0,0,0,1,1,1,9.39945,98.9577,83.6306,384,19600,0,0,168
conv,3933,262144,64,8,8,1,8,8,4,7,1,8,8,2,2258291,2071304,2,20853784,4194313,1,5029888,0,1,25.1865,3932160,5128192,0,0,0.124318,99.2074,0,822083584,0,203161600,26476544,73170944,58982400,0,44232704,0,1,5.6858,0,0,0,1,1,1,9.14114,98.9582,83.6397,384,19880,0,0,168
conv,62785,51380224,196,8,8,2,1,1,1,1,0,14,14,8,177341470,181919777,2,240387384,182321161,2,366215168,85.0853,1,51.2931,51380224,1835008,256901120,179830784,0.873817,99.9389,0,822083584,0,9547284480,959447040,3459252224,767557632,0,935329792,0,1,0.356923,0,0,0,1,1,2,12.1982,52.6485,51.9724,1024,784,200,0,32
conv,62789,51380224,196,8,8,2,1,1,1,1,1,14,14,8,177341264,181919452,2,240388904,182321161,2,366215168,85.0853,1,33.9169,77070336,3407872,256901120,179830784,0.873355,99.9402,0,822083584,0,9547284480,959447040,3459252224,767557632,0,935329792,0,1,0.356886,0,0,0,1,1,2,12.1967,52.6485,51.9724,1024,840,200,0,32
conv,32183,51380224,196,8,8,2,1,1,1,7,0,14,14,1,2103411,2068726,1,60555640,2490377,2,186384384,0,1,51.2931,51380224,1835008,0,0,0.767946,100.01,0,822083584,0,922746880,154140672,1815085056,1119879168,0,258211840,0,1,0.693274,0,0,0,1,1,2,5.5674,59.3274,58.5025,1024,784,0,0,31
conv,32205,51380224,196,8,8,2,1,1,1,7,1,14,14,1,2103619,2068710,1,60555728,2490377,2,186384384,0,1,33.9169,77070336,3407872,0,0,0.767128,100.075,0,822083584,0,922746880,154140672,1815085056,1119879168,0,258211840,0,1,0.693638,0,0,0,1,1,2,5.56673,59.3274,58.5025,1024,840,0,0,31
conv,41955,20185088,154,8,8,2,1,2,1,1,0,14,11,7,100103432,104846583,1,134743888,105250873,1,196083712,84.8717,1,29.5206,51380224,2621440,144179200,102760448,0.67819,100.038,0,822083584,0,3806593024,471597056,1577320448,405012480,0,420347904,0,1,0.533714,0,0,0,1,1,2,7.56485,53.6775,52.6543,1024,1232,224,0,40
conv,41942,20185088,154,8,8,2,1,2,1,1,1,14,11,7,100093380,104846541,1,134742112,105250825,1,196083712,84.8717,1,29.5206,51380224,2621440,144179200,102760448,0.678257,100.187,0,822083584,0,3806593024,471597056,1577320448,405012480,0,420347904,0,1,0.534487,0,0,0,1,1,2,7.56448,53.6775,52.6543,1024,1320,224,0,40
conv,16341,20185088,154,8,8,2,1,2,1,7,0,14,11,1,2104163,2068702,1,33817704,2490377,2,95158272,0,2,29.5206,51380224,2621440,0,0,0.881175,99.998,0,822083584,0,654049280,60555264,998506496,514064384,0,162660352,0,1,1.36772,0,0,0,1,1,2,6.32277,59.1307,58.5818,1024,1232,0,0,32
conv,16341,20185088,154,8,8,2,1,2,1,7,1,14,11,1,2103619,2068686,1,33817064,2490377,2,95158272,0,2,29.5206,51380224,2621440,0,0,0.88091,99.9993,0,822083584,0,654049280,60555264,998506496,514064384,0,162660352,0,1,1.36754,0,0,0,1,1,2,6.32189,59.1307,58.5818,1024,1320,0,0,32
conv,25562,9175040,140,8,8,2,1,4,1,1,0,14,10,7,65886361,66320742,2,97902064,66715657,2,150339584,86.384,1,49.8806,18350080,2228224,144179200,64225280,0.888942,99.623,0,822083584,0,2199126016,288096256,1202978816,681312256,0,304414720,0,1,0.882403,0,0,0,1,1,2,9.00253,54.3703,53.3154,1024,2128,280,0,32
conv,25108,9175040,140,8,8,2,1,4,1,1,1,14,10,7,65741334,66315319,2,98149456,66715657,2,150339584,86.7964,1,29.8903,32112640,2228224,144179200,64225280,0.89715,99.2387,0,822083584,0,2199126016,288096256,1202978816,681312256,0,304414720,0,1,0.898649,0,0,0,1,1,2,9.2038,54.3703,53.3154,1024,2280,280,0,32
conv,8327,9175040,140,8,8,2,1,4,1,7,0,14,10,1,2103515,2068590,1,19726568,2490377,2,49414144,0,1,49.8806,18350080,2228224,0,0,0.879271,99.9914,0,822083584,0,458752000,27525120,594804736,270270464,0,120258560,0,1,2.69003,0,0,0,1,1,2,9.39611,57.2548,56.4782,1024,2128,0,0,32
conv,8328,9175040,140,8,8,2,1,4,1,7,1,14,10,1,2103315,2068606,1,19726992,2490377,2,49414144,0,2,29.8903,32112640,2228224,0,0,0.882887,99.9665,0,822083584,0,458752000,27525120,594804736,270270464,0,120258560,0,1,2.69095,0,0,0,1,1,2,9.40169,57.2548,56.4782,1024,2280,0,0,32
conv,17024,4128768,126,8,8,2,1,8,1,1,0,14,9,8,54572353,47054451,2,72542090,47448121,1,88014848,87.2978,1,34.8654,19267584,2031616,87818240,44957696,0.974601,99.9428,0,822083584,0,1338834944,172949504,777191424,804585472,0,224395264,0,1,1.31584,0,0,0,1,1,2,10.3047,55.4441,54.5305,1024,3920,392,0,30
conv,17067,4128768,126,8,8,2,1,8,1,1,1,14,9,8,54722208,47054428,2,72531920,47448073,1,88014848,87.3044,1,49.9174,12845056,2031616,87818240,44957696,0.97537,99.893,0,822083584,0,1338834944,172949504,777191424,804585472,0,224395264,0,1,1.32952,0,0,0,1,1,2,10.4171,55.4441,54.5305,1024,4200,392,0,30
conv,4353,4128768,126,8,8,2,1,8,1,7,0,14,9,2,2216229,2068506,1,12746800,2490377,2,26542080,0,2,34.8654,19267584,2031616,0,0,0.974404,99.6335,0,822083584,0,374145024,12386304,393412608,141623296,0,95027200,0,2,5.21482,0,0,0,1,1,2,15.0889,57.8168,57.3405,1024,3920,0,0,32
conv,4351,4128768,126,8,8,2,1,8,1,7,1,14,9,2,2213909,2068506,1,12746800,2490377,2,26542080,0,2,49.9174,12845056,2031616,0,0,0.972399,99.9359,0,822083584,0,374145024,12386304,393412608,141623296,0,95027200,0,2,5.23166,0,0,0,1,1,2,15.0918,57.8168,57.3405,1024,4200,0,0,32
conv,32642,20185088,154,8,8,2,2,1,1,1,0,11,14,8,118482009,82830800,2,173362820,86769673,2,236453888,85.3348,1,64.6941,22020096,2621440,282591232,80740352,0.862201,100.056,0,822083584,0,4491051008,422838272,1703149568,703594496,0,371851264,0,1,0.695522,0,0,0,1,1,2,8.17557,69.065,68.4306,1024,1232,224,0,32
conv,32599,20185088,154,8,8,2,2,1,1,1,1,11,14,8,118779003,82830855,2,173373473,86769673,2,236453888,85.3382,1,40.5417,36700160,2621440,282591232,80740352,0.863,99.8975,0,822083584,0,4491051008,422838272,1938030592,384827392,0,367919104,0,1,0.69476,0,0,0,1,1,2,8.25408,69.0907,68.4494,1024,1288,224,0,32
conv,12753,20185088,154,8,8,2,2,1,1,7,0,11,14,1,2103315,2068534,1,32112688,6029321,2,82313216,0,1,64.6941,22020096,2621440,0,0,0.648638,99.9949,0,822083584,0,575143936,20185088,763625472,431751168,0,110362624,0,1,1.77427,0,0,0,1,1,2,5.80332,74.2206,73.9831,1024,1232,0,0,38
conv,12758,20185088,154,8,8,2,2,1,1,7,1,11,14,1,2103315,2068526,1,32112688,6029321,2,82313216,0,2,40.5417,36700160,2621440,0,0,0.837126,99.9739,0,822083584,0,575143936,20185088,998506496,482082816,0,123731968,0,1,1.77362,0,0,0,1,1,2,6.23691,73.4044,73.1925,1024,1288,0,0,32
conv,32546,20185088,154,8,8,2,2,1,2,1,0,11,14,8,118237461,82831208,2,166881923,82837513,2,236453888,88.8726,1,68.3287,22020096,1310720,282591232,80740352,0.860231,100.059,0,822083584,0,4529586176,463208448,1654390784,711983104,0,375259136,0,1,0.69599,0,0,0,1,1,2,7.71571,69.0949,68.13,1024,1232,224,0,32
conv,32607,20185088,154,8,8,2,2,1,2,1,1,11,14,8,118617518,82831748,2,166903012,82837561,2,236453888,88.8646,1,40.5417,36700160,2621440,282591232,80740352,0.861393,99.971,0,822083584,0,4529586176,463208448,1909456896,393216000,0,371982336,0,1,0.694823,0,0,0,1,1,2,8.32316,69.1684,68.195,1024,1288,224,0,32
conv,12450,20185088,154,8,8,2,2,1,2,7,0,11,14,1,2103339,2068534,1,25690184,2097161,2,82313216,0,1,68.3287,22020096,1310720,0,0,0.652293,99.9794,0,822083584,0,625475584,60555264,714866688,460324864,0,114032640,0,1,1.81725,0,0,0,1,1,2,6.27868,74.3175,73.5345,1024,1232,0,0,37
conv,12445,20185088,154,8,8,2,2,1,2,7,1,11,14,1,2103595,2068526,1,25690448,2097161,2,82313216,0,2,40.5417,36700160,2621440,0,0,0.843931,99.9878,0,822083584,0,625475584,60555264,969932800,535822336,0,129236992,0,1,1.81741,0,0,0,1,1,2,6.8537,73.5674,72.8765,1024,1288,0,0,32
conv,20133,7929856,121,8,8,2,2,2,1,1,0,11,11,7,60232165,48227699,2,100656551,52199433,2,163053568,82.7035,1,36.1427,23068672,2883584,220594176,46137344,0.866566,100.024,0,822083584,0,2142830592,276889600,1136721920,617152512,0,227540992,0,1,1.12681,0,0,0,1,1,2,7.9351,70.0695,68.6096,1024,1936,256,0,32
conv,21142,7929856,121,8,8,2,2,2,1,1,1,11,11,6,52233612,48219130,2,100356802,52199433,2,163053568,82.6696,1,35.427,23330816,3145728,220594176,46137344,0.521001,101.081,0,822083584,0,2142830592,276889600,1153499136,591986688,0,227147776,0,1,1.07738,0,0,0,1,1,2,7.45871,70.0754,68.613,1024,2024,256,0,42
conv,6522,7929856,121,8,8,2,2,2,1,7,0,11,11,1,2103315,2068506,1,20381744,6062089,2,42729472,0,2,36.1427,23068672,2883584,0,0,0.908898,99.9808,0,822083584,0,427229184,39649280,427884544,216793088,0,83361792,0,1,3.47579,0,0,0,1,1,2,9.1262,73.2385,72.4867,1024,1936,0,0,32
conv,6514,7929856,121,8,8,2,2,2,1,7,1,11,11,1,2103315,2068534,1,20381744,6062137,2,42729472,0,2,35.427,23330816,3145728,0,0,0.675271,99.9897,0,822083584,0,427229184,39649280,444661760,233111552,0,84803584,0,1,3.48118,0,0,0,1,1,2,9.14839,73.2129,72.4739,1024,2024,0,0,34
conv,20153,7929856,121,8,8,2,2,2,2,1,0,11,11,7,63453813,48228388,2,95193234,48234553,2,163053568,88.0749,1,37.4673,23068672,1966080,220594176,46137344,0.903568,99.91,0,822083584,0,1993539584,245170176,1096613888,560726016,0,217579520,0,1,1.12448,0,0,0,1,1,2,7.51424,68.9495,67.7645,1024,1936,256,0,32
conv,20778,7929856,121,8,8,2,2,2,2,1,1,11,11,7,52714205,48216084,2,94995811,48234553,2,163053568,88.055,1,36.2342,23330816,2555904,220594176,46137344,0.54019,99.5639,0,822083584,0,1993539584,245170176,1121320960,493617152,0,215482368,0,1,1.08561,0,0,0,1,1,2,7.17399,69.0057,67.8091,1024,2024,256,0,46
conv,6293,7929856,121,8,8,2,2,2,2,7,0,11,11,1,2103315,2068506,1,15007792,2097161,2,42729472,0,2,37.4673,23068672,1966080,0,0,0.902216,99.9795,0,822083584,0,401539072,23789568,387776512,237305856,0,81657856,0,1,3.602,0,0,0,1,1,2,9.24631,72.1233,71.6593,1024,1936,0,0,32
conv,6288,7929856,121,8,8,2,2,2,2,7,1,11,11,1,2103315,2068506,1,15007792,2097161,2,42729472,0,2,36.2342,23330816,2555904,0,0,0.902257,99.9363,0,822083584,0,401539072,23789568,412483584,233111552,0,82509824,0,1,3.60368,0,0,0,1,1,2,9.37425,72.1555,71.6963,1024,2024,0,0,32
conv,11588,3604480,110,8,8,2,2,4,1,1,0,11,10,7,32663503,30923212,2,67507671,34865161,2,126222336,80.3124,1,51.7014,9175040,2621440,189595648,28835840,0.578156,100.104,0,822083584,0,1330446336,164036608,855310336,599654400,0,173146112,0,1,1.96346,0,0,0,1,1,3,10.1105,69.2243,68.0699,1024,3344,320,0,40
conv,11661,3604480,110,8,8,2,2,4,1,1,1,11,10,7,31107898,30906515,2,66450041,34865161,2,126222336,80.1143,1,33.9026,15237120,2752512,189595648,28835840,0.477845,99.5538,0,822083584,0,1330446336,164036608,865796096,694026240,0,178061312,0,1,1.94551,0,0,0,1,1,3,10.3949,69.1537,68.0311,1024,3496,320,0,48
conv,3440,3604480,110,8,8,2,2,4,1,7,0,11,10,2,2103843,2068506,1,14123592,6029321,2,22806528,0,2,51.7014,9175040,2621440,0,0,0.564813,99.9627,0,822083584,0,362479616,18022400,261816320,116064256,0,70582272,0,2,6.61247,0,0,0,1,1,2,15.492,70.961,69.9745,1024,3344,0,0,46
conv,3439,3604480,110,8,8,2,2,4,1,7,1,11,10,2,2103315,2068570,1,14123056,6029321,2,22806528,0,2,33.9026,15237120,2752512,0,0,0.672292,99.9437,0,822083584,0,362479616,18022400,272302080,118161408,0,71172096,0,2,6.61332,0,0,0,1,1,2,15.5984,70.9254,69.9471,1024,3496,0,0,40
conv,11485,3604480,110,8,8,2,2,4,2,1,0,11,10,7,32874986,30922297,2,62916564,30933001,2,126222336,87.6762,1,55.3943,9175040,1835008,189595648,28835840,0.57106,99.914,0,822083584,0,1115488256,135200768,819527680,540672000,0,159514624,0,1,1.97818,0,0,0,1,1,3,9.2636,68.1684,67.2543,1024,3344,320,0,40
conv,11482,3604480,110,8,8,2,2,4,2,1,1,11,10,7,31284558,30907712,2,61778425,30933001,2,126222336,87.5302,1,34.7248,15237120,2326528,189595648,28835840,0.473191,100.075,0,822083584,0,1115488256,135200768,836861952,635043840,0,164691968,0,1,1.97746,0,0,0,1,1,3,9.62838,68.145,67.2596,1024,3496,320,0,48
conv,3231,3604480,110,8,8,2,2,4,2,7,0,11,10,2,2103323,2068502,1,9470008,2097161,2,22806528,0,2,55.3943,9175040,1835008,0,0,0.671452,99.9236,0,822083584,0,307953664,10813440,226033664,123863040,0,67141632,0,2,7.03932,0,0,0,1,1,2,15.8335,70.0525,69.3845,1024,3344,0,0,40
conv,3228,3604480,110,8,8,2,2,4,2,7,1,11,10,2,2103603,2068494,1,9470288,2097161,2,22806528,0,2,34.7248,15237120,2326528,0,0,0.670716,99.9841,0,822083584,0,307953664,10813440,243367936,111869952,0,67371008,0,2,7.04864,0,0,0,1,1,2,15.8538,70.0784,69.396,1024,3496,0,0,40
conv,8374,1622016,99,8,8,2,2,8,1,1,0,11,9,8,25965715,22269044,2,55530652,26247177,3,107937792,77.7559,1,52.3317,5505024,3014656,174096384,20185088,0.445129,100.38,0,822083584,0,819462144,59490304,714784768,561774592,0,138493952,0,2,2.71648,0,0,0,1,1,3,13.7595,67.7378,67.1869,1024,6160,448,0,54
conv,8906,1622016,99,8,8,2,2,8,1,1,1,11,9,7,24083825,22266216,2,60138123,26247305,3,107937792,79.9229,1,46.9991,6995968,2490368,174096384,20185088,0.466545,100.042,0,822083584,0,819462144,59490304,722124800,612679680,0,141213696,0,1,2.55646,0,0,0,1,1,3,11.6008,67.7221,67.1819,1024,6440,448,0,52
conv,1890,1622016,99,8,8,2,2,8,1,7,0,11,9,3,2186936,2068506,2,10961064,6062089,2,12976128,0,2,52.3317,5505024,3014656,0,0,0.448251,99.8715,0,822083584,0,320815104,8110080,178962432,66945024,0,63750144,0,3,12.1038,0,0,0,1,1,2,26.8985,69.0046,68.4761,1024,6160,0,0,64
conv,1888,1622016,99,8,8,2,2,8,1,7,1,11,9,3,2189527,2068506,2,10960944,6062089,2,12976128,0,2,46.9991,6995968,2490368,0,0,0.445051,100.023,0,822083584,0,320815104,8110080,186302464,66371584,0,64077824,0,3,12.1311,0,0,0,1,1,2,26.7946,68.9817,68.456,1024,6440,0,0,63
conv,8887,1622016,99,8,8,2,2,8,2,1,0,11,9,7,25380483,22268206,2,56775698,22282249,3,107937792,88.8949,1,61.5667,5505024,1736704,174096384,20185088,0.490778,99.9239,0,822083584,0,761069568,56246272,681164800,608862208,0,136740864,0,1,2.56104,0,0,0,1,1,3,11.7432,67.4189,66.9475,1024,6160,448,0,54
conv,8923,1622016,99,8,8,2,2,8,2,1,1,11,9,8,27907562,22267371,2,55325185,22282249,3,107937792,89.7222,1,48.9433,6995968,2113536,174096384,20185088,0.477212,99.7537,0,822083584,0,761069568,56246272,694812672,658145280,0,139657216,0,1,2.53749,0,0,0,1,1,3,11.2234,67.4232,66.9576,1024,6440,448,0,52
conv,1693,1622016,99,8,8,2,2,8,2,7,0,11,9,4,2219786,2068506,1,6684848,2097161,2,12976128,0,2,61.5667,5505024,1736704,0,0,0.490899,99.8186,0,822083584,0,262422528,4866048,145342464,61030400,0,59523072,0,3,13.5118,0,0,0,1,1,2,28.2046,68.3947,68.0275,1024,6160,0,0,56
conv,1694,1622016,99,8,8,2,2,8,2,7,1,11,9,4,2215700,2068490,1,6685328,2097161,2,12976128,0,2,48.9433,6995968,2113536,0,0,0.482128,99.8288,0,822083584,0,262422528,4866048,158990336,58933248,0,60030976,0,3,13.514,0,0,0,1,1,2,28.5602,68.4268,68.0532,1024,6440,0,0,56
conv,26460,9175040,140,8,8,2,4,1,1,1,0,10,14,9,123146759,47967105,2,157872250,54263817,2,165281792,82.1747,1,58.8816,13762560,3670016,256901120,45875200,0.821181,99.8648,0,822083584,0,2480406528,228851712,1416888320,237502464,0,239206400,0,1,0.857387,0,0,0,1,1,2,6.32563,68.4075,67.7466,1024,2128,280,0,31
conv,26345,9175040,140,8,8,2,4,1,1,1,1,10,14,9,122837482,47966858,2,157870682,54263817,2,165281792,82.1746,1,62.65,13762560,2621440,256901120,45875200,0.832522,100.333,0,822083584,0,2480406528,228851712,1563688960,237502464,0,246087680,0,1,0.858227,0,0,0,1,1,2,6.52484,68.3589,67.7164,1024,2184,280,0,32
conv,6714,9175040,140,8,8,2,4,1,1,7,0,10,14,1,2103467,2068518,1,29425904,8388617,1,36831232,0,1,58.8816,13762560,3670016,0,0,0.474129,99.9804,0,822083584,0,300417024,9175040,448004096,206569472,0,78774272,0,1,3.3763,0,0,0,1,1,2,8.44289,71.173,70.8611,1024,2128,0,0,52
conv,6721,9175040,140,8,8,2,4,1,1,7,1,10,14,1,2103315,2068506,1,29425712,8388617,1,36831232,0,1,62.65,13762560,2621440,0,0,0.659369,99.9804,0,822083584,0,300417024,9175040,594804736,256901120,0,88014848,0,1,3.3726,0,0,0,1,1,2,8.76927,70.6999,70.4207,1024,2184,0,0,40
conv,26208,9175040,140,8,8,2,4,1,2,1,0,10,14,9,122461168,47966884,2,147973878,50069513,2,165281792,88.0205,1,64.1906,13762560,2228224,256901120,45875200,0.802519,99.7954,0,822083584,0,2578972672,210501632,1373634560,188874752,0,238616576,0,1,0.859939,0,0,0,1,1,2,6.3181,68.4118,67.7613,1024,2128,280,0,31
conv,26325,9175040,140,8,8,2,4,1,2,1,1,10,14,9,122165921,47967044,2,147975710,50069513,2,165281792,88.0217,1,62.65,13762560,2621440,256901120,45875200,0.817126,100.253,0,822083584,0,2578972672,228851712,1537867776,188874752,0,247136256,0,1,0.862215,0,0,0,1,1,2,6.60865,68.3158,67.734,1024,2184,280,0,31
conv,6388,9175040,140,8,8,2,4,1,2,7,0,10,14,1,2103315,2068510,1,19529776,4194313,2,36831232,0,1,64.1906,13762560,2228224,0,0,0.522513,99.9805,0,822083584,0,418250752,9175040,404750336,222560256,0,82706432,0,1,3.54679,0,0,0,1,1,2,9.53908,71.454,70.9142,1024,2128,0,0,48
conv,6314,9175040,140,8,8,2,4,1,2,7,1,10,14,1,2103459,2068506,1,19530384,4194313,2,36831232,0,1,62.65,13762560,2621440,0,0,0.620335,99.9767,0,822083584,0,418250752,27525120,568983552,230948864,0,91619328,0,1,3.58923,0,0,0,1,1,2,9.9191,70.954,70.5293,1024,2184,0,0,40
conv,16457,3604480,110,8,8,2,4,2,1,1,0,10,11,8,75094992,28302545,2,115965826,34603017,2,134086656,80.9484,1,38.4556,11534336,4325376,228720640,26214400,0.908429,100.545,0,822083584,0,1120993280,142409728,1002110976,231342080,0,153092096,0,1,1.37734,0,0,0,1,1,2,5.95869,68.7741,67.748,1024,3344,320,0,32
conv,14567,3604480,110,8,8,2,4,2,1,1,1,10,11,7,51576750,28286986,2,94512318,34603017,2,134086656,77.5427,1,48.4701,9568256,3014656,228720640,26214400,0.507843,99.3453,0,822083584,0,1120993280,142409728,1044054016,344588288,0,160366592,0,1,1.55308,0,0,0,1,1,2,7.11116,68.6785,67.699,1024,3432,320,0,42
conv,3552,3604480,110,8,8,2,4,2,1,7,0,10,11,2,2103315,2068534,2,20414512,8388617,1,19726336,0,2,38.4556,11534336,4325376,0,0,0.389935,99.9497,0,822083584,0,228458496,32440320,228261888,130678784,0,64618496,0,2,6.40539,0,0,0,1,1,2,14.0521,70.4963,69.7325,896,3344,0,0,68
conv,3557,3604480,110,8,8,2,4,2,1,7,1,10,11,2,2103315,2068522,2,20414512,8388617,1,19726336,0,2,48.4701,9568256,3014656,0,0,0.500703,99.9605,0,822083584,0,228458496,32440320,270204928,133365760,0,66748416,0,2,6.39514,0,0,0,1,1,2,14.0689,70.3363,69.5968,1024,3432,0,0,54
conv,16397,3604480,110,8,8,2,4,2,2,1,0,10,11,8,74927182,28302944,2,103955302,30408713,2,134086656,87.6131,1,43.2849,11534336,2555904,228720640,26214400,0.909331,99.7477,0,822083584,0,1086160896,134479872,966328320,222494720,0,150208512,0,1,1.37834,0,0,0,1,1,2,5.85377,68.2687,67.2304,1024,3344,320,0,32
conv,15040,3604480,110,8,8,2,4,2,2,1,1,10,11,7,55588611,28301532,2,85791344,30408761,2,134086656,85.534,1,50.8538,9568256,2424832,228720640,26214400,0.529805,100.602,0,822083584,0,1086160896,134479872,1015119872,335740928,0,157745152,0,1,1.52523,0,0,0,1,1,2,6.72815,68.217,67.2284,1024,3432,320,0,44
conv,3269,3604480,110,8,8,2,4,2,2,7,0,10,11,2,2103331,2068510,1,12616056,4194313,2,19726336,0,2,43.2849,11534336,2555904,0,0,0.440694,99.9742,0,822083584,0,275742720,18022400,192479232,114556928,0,64028672,0,2,6.95474,0,0,0,1,1,2,15.4133,69.8823,69.4457,1024,3344,0,0,64
conv,3271,3604480,110,8,8,2,4,2,2,7,1,10,11,2,2103411,2068478,1,12615824,4194313,2,19726336,0,2,50.8538,9568256,2424832,0,0,0.563584,99.9469,0,822083584,0,275742720,18022400,241270784,112459776,0,66158592,0,2,6.95122,0,0,0,1,1,2,15.4895,69.8381,69.4156,1024,3432,0,0,48
conv,11073,1638400,100,8,8,2,4,4,1,1,0,10,10,8,48204412,18468148,3,108893122,24772617,2,118620160,82.224,1,37.4809,7045120,3670016,214630400,16384000,0.635396,100.34,0,822083584,0,584056832,66125824,861601792,329383936,0,124469248,0,1,2.05197,0,0,0,1,1,3,7.25576,67.5102,66.8652,1024,5776,400,0,39
conv,9063,1638400,100,8,8,2,4,4,1,1,1,10,10,7,25682486,18463930,2,75177626,24772617,3,118620160,76.0186,1,34.7699,7733248,4194304,214630400,16384000,0.388129,99.8892,0,822083584,0,584056832,66125824,864747520,279052288,0,122257408,0,1,2.50771,0,0,0,1,1,3,8.59983,67.5255,66.8688,1024,5928,400,0,61
conv,1978,1638400,100,8,8,2,4,4,1,7,0,10,10,3,2103315,2068582,3,15777840,8388617,2,11304960,0,2,37.4809,7045120,3670016,0,0,0.308823,99.7438,0,822083584,0,194445312,14745600,148570112,67764224,0,57393152,0,3,11.5534,0,0,0,1,1,2,23.78,68.5876,67.9311,768,5776,0,0,80
conv,1967,1638400,100,8,8,2,4,4,1,7,1,10,10,3,2103315,2068554,3,15777840,8388617,2,11304960,0,3,34.7699,7733248,4194304,0,0,0.259903,99.9351,0,822083584,0,194445312,14745600,151715840,77201408,0,57982976,0,3,11.6451,0,0,0,1,1,2,24.1681,68.5681,67.9182,640,5928,0,0,96
conv,12110,1638400,100,8,8,2,4,4,2,1,0,10,10,8,51692227,18466491,2,114521852,20578313,2,118620160,90.1533,1,43.0044,7045120,2293760,214630400,16384000,0.733386,99.0772,0,822083584,0,606502912,59572224,829554688,209879040,0,118390784,0,1,1.86881,0,0,0,1,1,2,5.96338,67.3843,66.7174,1024,5776,400,0,32
conv,10132,1638400,100,8,8,2,4,4,2,1,1,10,10,7,37499661,18465509,2,82543054,20578313,3,118620160,87.2249,1,37.4445,7733248,3342336,214630400,16384000,0.486042,100.492,0,822083584,0,606502912,59572224,838615040,274890752,0,121847808,0,1,2.2333,0,0,0,1,1,3,7.17208,67.3802,66.7242,1024,5928,400,0,56
conv,1727,1638400,100,8,8,2,4,4,2,7,0,10,10,4,2103335,2068470,2,9093168,4194313,2,11304960,0,2,43.0044,7045120,2293760,0,0,0.302077,99.8961,0,822083584,0,216891392,8192000,116523008,61571072,0,56705024,0,3,13.2521,0,0,0,1,1,2,26.9386,68.1649,67.5238,768,5776,0,0,80
conv,1712,1638400,100,8,8,2,4,4,2,7,1,10,10,4,2103723,2068494,2,9093584,4194313,2,11304960,0,3,37.4445,7733248,3342336,0,0,0.300906,99.9223,0,822083584,0,216891392,8192000,125583360,52592640,0,56705024,0,3,13.3923,0,0,0,1,1,2,27.3705,68.1866,67.5284,768,5928,0,0,80
conv,8436,737280,90,8,8,2,4,8,1,1,0,10,9,7,30572719,13550757,3,115165782,19857417,3,110821376,83.8996,1,34.0404,5423104,3604480,207585280,11468800,0.405865,101.194,0,822083584,0,533659648,32325632,806109184,298582016,0,114204672,0,1,2.67869,0,0,0,1,1,3,8.96974,68.6406,68.2098,1024,10640,560,0,64
conv,7568,737280,90,8,8,2,4,8,1,1,1,10,9,7,25160679,13555027,3,110466628,19857417,3,110821376,83.2548,1,34.0443,5636096,3342336,207585280,11468800,0.367346,100.328,0,822083584,0,533659648,32325632,807682048,337903616,0,116121600,0,1,3.01183,0,0,0,1,1,3,10.3704,68.608,68.1843,768,10920,560,0,80
conv,1232,737280,90,8,8,2,4,8,1,7,0,10,9,5,2174729,2068506,4,13508656,8388617,2,7028736,0,3,34.8488,4931584,3604480,0,0,0.22573,99.555,0,822083584,0,242991104,6635520,108806144,35389440,0,54042624,0,4,18.9235,0,0,0,1,1,2,37.4958,70.8258,70.3094,512,10640,0,0,128
conv,1241,737280,90,8,8,2,4,8,1,7,1,10,9,5,2175890,2068506,4,13508656,8388617,2,7028736,0,3,35.3558,5349376,3342336,0,0,0.225353,99.6535,0,822083584,0,242991104,6635520,110903296,34201600,0,54091776,0,4,18.8328,0,0,0,1,1,2,36.954,70.8139,70.2981,512,10920,0,0,128
conv,8231,737280,90,8,8,2,4,8,2,1,0,10,9,7,31300850,13548313,3,108469084,15663113,3,110821376,90.5837,1,41.0421,5423104,2064384,207585280,11468800,0.402083,101.054,0,822083584,0,487809024,29376512,775929856,345759744,0,113664000,0,1,2.76336,0,0,0,1,1,3,9.49102,68.0029,67.6599,1024,10640,560,0,64
conv,7595,737280,90,8,8,2,4,8,2,1,1,10,9,7,26309480,13549012,3,104802616,15663113,3,110821376,90.3315,1,36.6528,5636096,2703360,207585280,11468800,0.364119,98.9299,0,822083584,0,487809024,29376512,782950400,333701120,0,113369088,0,1,2.99163,0,0,0,1,1,3,10.0125,68.0452,67.697,768,10920,560,0,80
conv,988,737280,90,8,8,2,4,8,2,7,0,10,9,6,2190820,2068506,3,7356464,4194313,2,7028736,0,3,42.5205,4931584,2064384,0,0,0.226018,99.2126,0,822083584,0,187703296,3686400,78626816,31571968,0,50675712,0,5,23.7769,0,0,0,1,1,2,44.4781,69.6421,69.2931,512,10640,0,0,128
conv,974,737280,90,8,8,2,4,8,2,7,1,10,9,6,2188212,2068522,3,7356464,4194313,2,7028736,0,4,38.1612,5349376,2703360,0,0,0.226329,99.9246,0,822083584,0,187703296,3686400,86171648,31047680,0,50946048,0,5,24.1339,0,0,0,1,1,2,44.5934,69.7128,69.356,512,10920,0,0,128
conv,23456,4128768,126,8,8,2,8,1,1,1,0,9,14,8,116153306,30992915,2,152532502,45678601,2,148701184,72.9044,1,36.1443,17661952,2883584,231211008,28901376,0.780915,99.687,0,822083584,0,1364393984,113049600,1215496192,114294784,0,164921344,0,1,0.968317,0,0,0,1,1,2,5.24501,69.2927,68.7699,1024,3920,392,0,32
conv,23541,4128768,126,8,8,2,8,1,1,1,1,9,14,8,116464981,30992967,2,152525242,45678601,2,148701184,72.9052,1,33.5244,19267584,2883584,231211008,28901376,0.79128,99.7023,0,822083584,0,1364393984,113049600,1318256640,114294784,0,169738240,0,1,0.965336,0,0,0,1,1,2,5.4022,69.2181,68.7102,1024,3976,392,0,32
conv,3856,4128768,126,8,8,2,8,1,1,7,0,9,14,2,2103315,2068530,3,36929696,16777225,1,20250624,0,2,36.1443,17661952,2883584,0,0,0.251814,99.9792,0,822083584,0,169476096,4128768,290652160,124780544,0,61833216,0,2,5.89871,0,0,0,1,1,2,12.2143,71.5156,71.3169,640,3920,0,0,84
conv,3876,4128768,126,8,8,2,8,1,1,7,1,9,14,2,2103315,2068506,3,36930016,16777225,1,20250624,0,3,33.5244,19267584,2883584,0,0,0.362376,99.9239,0,822083584,0,169476096,4128768,393412608,124846080,0,66715648,0,2,5.86838,0,0,0,1,1,2,12.2631,71.0984,70.9142,896,3976,0,0,72
conv,22786,4128768,126,8,8,2,8,1,2,1,0,9,14,8,111435633,30993084,2,136409497,37289993,2,148701184,83.1541,1,36.3181,17661952,2785280,231211008,28901376,0.742167,101.288,0,822083584,0,1399390208,137822208,1174994944,119603200,0,166199296,0,1,1.00496,0,0,0,1,1,2,5.42695,69.36,68.7032,1024,3920,392,0,31
conv,22700,4128768,126,8,8,2,8,1,2,1,1,9,14,8,111717612,30993270,2,136424849,37289993,2,148701184,83.1287,1,33.5244,19267584,2883584,231211008,28901376,0.730696,100.121,0,822083584,0,1399390208,137822208,1293811712,119603200,0,171540480,0,1,1.00222,0,0,0,1,1,2,5.67951,69.3649,68.7285,1024,3976,392,0,31
conv,3440,4128768,126,8,8,2,8,1,2,7,0,9,14,2,2103315,2068506,2,20873312,8388665,2,20250624,0,3,36.3181,17661952,2785280,0,0,0.260734,99.9643,0,822083584,0,297664512,4128768,250150912,116588544,0,64585728,0,2,6.6128,0,0,0,1,1,2,14.5809,72.4696,72.1239,640,3920,0,0,84
conv,3394,4128768,126,8,8,2,8,1,2,7,1,9,14,2,2103315,2068506,2,20873328,8388617,2,20250624,0,3,33.5244,19267584,2883584,0,0,0.377321,99.9628,0,822083584,0,297664512,4128768,368967680,118751232,0,70090752,0,2,6.70246,0,0,0,1,1,2,15.3604,72.192,71.8531,896,3976,0,0,72
conv,15728,1622016,99,8,8,2,8,2,1,1,0,9,11,8,71274917,18601667,2,126829606,33292297,2,132841472,72.1617,1,33.8464,9175040,3997696,218529792,16515072,0.700588,100.83,0,822083584,0,525991936,78954496,960151552,115294208,0,117129216,0,1,1.44794,0,0,0,1,1,2,4.18933,67.4941,66.7659,1024,6160,448,0,32
conv,15508,1622016,99,8,8,2,8,2,1,1,1,9,11,8,71737251,18602296,2,135347241,33292297,2,132841472,73.8265,1,35.4329,10158080,2424832,218529792,16515072,0.628555,100.389,0,822083584,0,525991936,78954496,989511680,203374592,0,122634240,0,1,1.46215,0,0,0,1,1,2,4.4219,67.457,66.7614,1024,6248,448,0,40
conv,2335,1622016,99,8,8,2,8,2,1,7,0,9,11,3,2103331,2068534,4,27639872,16777225,1,11436032,0,3,33.8464,9175040,3997696,0,0,0.208441,99.7965,0,822083584,0,136396800,27574272,153796608,61243392,0,55508992,0,2,9.76893,0,0,0,1,1,2,19.2162,68.3875,67.6182,512,6160,0,0,124
conv,2273,1622016,99,8,8,2,8,2,1,7,1,9,11,3,2103315,2068542,4,27639856,16777225,1,11436032,0,2,35.4329,10158080,2424832,0,0,0.264268,99.8609,0,822083584,0,136396800,27574272,183156736,57622528,0,56705024,0,2,10.0717,0,0,0,1,1,2,20.0757,68.3636,67.6105,640,6248,0,0,94
conv,15768,1622016,99,8,8,2,8,2,2,1,0,9,11,8,74728828,18600843,2,123976354,24903689,2,132841472,84.2756,1,38.5446,9175040,2392064,218529792,16515072,0.689284,99.9499,0,822083584,0,596672512,65978368,926531584,107544576,0,117620736,0,1,1.4425,0,0,0,1,1,2,4.25915,67.4785,66.9209,1024,6160,448,0,32
conv,15309,1622016,99,8,8,2,8,2,2,1,1,9,11,8,71046569,18601967,2,123122088,24903689,2,132841472,84.0611,1,35.5719,10158080,2375680,218529792,16515072,0.543969,99.7381,0,822083584,0,596672512,65978368,962199552,189333504,0,123092992,0,1,1.48069,0,0,0,1,1,2,4.52984,67.4606,66.9277,1024,6248,448,0,48
conv,1852,1622016,99,8,8,2,8,2,2,7,0,9,11,3,2103315,2068538,3,15024176,8388617,2,11436032,0,3,38.5446,9175040,2392064,0,0,0.204903,99.8732,0,822083584,0,207077376,14598144,120176640,54067200,0,56016896,0,3,12.3815,0,0,0,1,1,2,24.8741,68.3588,67.9484,512,6160,0,0,125
conv,1848,1622016,99,8,8,2,8,2,2,7,1,9,11,3,2103331,2068534,3,15024192,8388617,2,11436032,0,3,35.5719,10158080,2375680,0,0,0.260428,99.9475,0,822083584,0,207077376,14598144,155844608,48824320,0,57409536,0,3,12.4036,0,0,0,1,1,2,25.4304,68.3567,67.9563,640,6248,0,0,94
conv,12412,737280,90,8,8,2,8,4,1,1,0,9,10,7,52022585,12405639,3,128886159,27099145,2,124878848,74.5314,1,21.8824,8257536,5636096,212189184,10321920,0.41211,100.179,0,822083584,0,412041216,38223872,893140992,113983488,0,105283584,0,1,1.8308,0,0,0,1,1,2,4.99506,68.1455,67.6587,1024,10640,560,0,48
conv,11663,737280,90,8,8,2,8,4,1,1,1,9,10,7,46278461,12398107,3,125589664,27099145,2,124878848,73.9355,1,31.2238,6316032,3473408,212189184,10321920,0.367493,99.7389,0,822083584,0,412041216,38223872,895238144,156450816,0,107372544,0,1,1.94581,0,0,0,1,1,3,5.37147,68.1168,67.6394,1024,10792,560,0,64
conv,1862,737280,90,8,8,2,8,4,1,7,0,9,10,3,2103356,2068510,4,22995144,16777225,1,6995968,0,3,22.305,7700480,5636096,0,0,0.178073,99.5833,0,822083584,0,115605504,12533760,107757568,34291712,0,49324032,0,3,12.3353,0,0,0,1,1,1,22.0883,69.8098,69.2026,384,10640,0,0,163
conv,1828,737280,90,8,8,2,8,4,1,7,1,9,10,3,2103335,2068506,4,22994992,16777225,1,6995968,0,2,32.0765,6004736,3473408,0,0,0.176238,100.097,0,822083584,0,115605504,12533760,109330432,35028992,0,49422336,0,3,12.651,0,0,0,1,1,1,22.6102,69.817,69.211,384,10792,0,0,156
conv,12171,737280,90,8,8,2,8,4,2,1,0,9,10,7,51098960,12401533,2,117990945,18710665,2,124878848,85.1029,1,26.3958,8257536,3260416,212189184,10321920,0.409998,99.882,0,822083584,0,468844544,32325632,862961664,111116288,0,105971712,0,1,1.90636,0,0,0,1,1,3,5.28064,68.2499,67.746,1024,10640,560,0,49
conv,11542,737280,90,8,8,2,8,4,2,1,1,9,10,7,47449919,12406563,2,117975791,18710537,2,124878848,84.9753,1,33.7364,6316032,2744320,212189184,10321920,0.36646,99.9072,0,822083584,0,468844544,32325632,870506496,307724288,0,115482624,0,1,1.96714,0,0,0,1,1,3,6.32158,68.1612,67.691,1024,10792,560,0,64
conv,1224,737280,90,8,8,2,8,4,2,7,0,9,10,5,2103332,2068530,3,12099784,8388617,2,6995968,0,4,27.1394,7700480,3260416,0,0,0.178003,98.5315,0,822083584,0,168738816,6635520,77578240,31424512,0,49840128,0,4,18.7388,0,0,0,1,1,2,34.4589,70.0197,69.3756,384,10640,0,0,158
conv,1157,737280,90,8,8,2,8,4,2,7,1,9,10,5,2103403,2068506,4,12099720,8388617,2,6995968,0,3,34.7495,6004736,2744320,0,0,0.223556,98.1963,0,822083584,0,168738816,6635520,84598784,25133056,0,49815552,0,4,20.1672,0,0,0,1,1,2,38.0374,70.118,69.4556,512,10792,0,0,128
conv,8046,331776,81,8,8,2,8,8,1,1,0,9,9,6,23131137,9361086,4,124992481,24002569,3,120897536,74.8993,1,16.4635,8273920,5586944,209018880,7225344,0.183683,98.3011,0,822083584,0,349487104,18485248,870682624,207826944,0,104681472,0,1,2.79313,0,0,0,1,1,3,8.30023,68.0629,67.7223,640,19600,784,0,95
conv,7936,331776,81,8,8,2,8,8,1,1,1,9,9,6,22917224,9409551,4,124958638,24002697,3,120897536,74.7213,1,18.5399,7114752,5193728,209018880,7225344,0.184309,98.9722,0,822083584,0,349487104,18485248,865701888,228012032,0,105394176,0,1,2.85009,0,0,0,1,1,3,8.45203,68.0535,67.7151,512,19880,784,0,120
conv,3925,331776,81,8,8,2,8,8,1,7,0,9,9,2,2220174,2069030,2,21253456,16777225,1,4775936,0,1,20.3405,5390336,5586944,0,0,0.0886734,99.6632,0,822083584,0,204189696,5640192,84774912,19152896,0,51425280,0,2,5.7973,0,0,0,1,1,1,11.0158,69.5089,69.0226,256,19600,0,0,251
conv,3931,331776,81,8,8,2,8,8,1,7,1,9,9,2,2220790,2068782,2,21253464,16777225,1,4775936,0,1,20.9288,5709824,5193728,0,0,0.0886751,99.3744,0,822083584,0,204189696,5640192,85823488,18403328,0,51437568,0,2,5.7857,0,0,0,1,1,1,11.1203,69.5105,69.0242,256,19880,0,0,248
conv,7410,331776,81,8,8,2,8,8,2,1,0,9,9,6,23051861,9304451,3,114864028,15613961,3,120897536,85.472,1,20.0983,8273920,3080192,209018880,7225344,0.184277,99.8283,0,822083584,0,299180032,15831040,842223616,206979072,0,101425152,0,1,3.07218,0,0,0,1,1,4,8.67625,67.6206,67.3618,512,19600,784,0,120
conv,7340,331776,81,8,8,2,8,8,2,1,1,9,9,6,23005992,9336946,3,114815504,15613961,3,120897536,85.2109,1,20.2812,7114752,4136960,209018880,7225344,0.184412,99.0809,0,822083584,0,299180032,15831040,842260480,226832384,0,102322176,0,1,3.10464,0,0,0,1,1,4,8.9016,67.6397,67.3787,512,19880,784,0,120
conv,2811,331776,81,8,8,2,8,8,2,7,0,9,9,2,2224721,2068786,2,11178800,8388665,1,4775936,0,2,26.36,5390336,3080192,0,0,0.0904139,97.3167,0,822083584,0,149164032,2985984,56315904,18006016,0,47935488,0,2,7.90565,0,0,0,1,1,1,14.4358,68.6827,68.3572,256,19600,0,0,251
conv,2846,331776,81,8,8,2,8,8,2,7,1,9,9,2,2219042,2068698,2,11182096,8388617,1,4775936,0,2,23.1749,5709824,4136960,0,0,0.0902411,99.6618,0,822083584,0,149164032,2985984,62382080,16785408,0,48132096,0,2,8.00271,0,0,0,1,1,1,14.3152,68.7261,68.3926,256,19880,0,0,250
conv,32545,16777216,128,8,16,0,1,1,1,1,0,8,16,8,78223014,104843502,3,319292384,106954761,2,308281344,48.2165,0,0,0,0,205520896,102760448,0.72567,99.9661,0,822083584,0,9596567552,822083584,2902458368,385875968,0,458227712,0,1,0.697448,0,0,0,1,1,3,9.96733,100,99.0847,1024,0,200,0,40
conv,22091,16777216,128,8,16,0,1,1,1,7,0,8,16,1,2103771,2069338,2,216531744,4194313,2,205520896,0,0,0,0,0,0,0,0.943251,99.9688,0,822083584,0,1006632960,16777216,1660944384,637534208,0,129499136,0,1,1.02539,0,0,0,1,1,2,4.08231,100,100,1024,0,0,0,32
conv,20038,8388608,128,8,16,0,1,2,1,1,0,8,16,8,51957017,60810330,3,179568688,62914569,2,167772160,48,0,0,0,0,115343360,58720256,0.977528,99.9631,0,822083584,0,3850371072,419430400,1778384896,327155712,0,228327424,0,1,1.13105,0,0,0,1,1,3,8.40566,100,98.5075,1024,0,224,0,32
conv,11544,8388608,128,8,16,0,1,2,1,7,0,8,16,1,2103611,2069230,2,121897304,4194313,2,110100480,0,0,0,0,0,0,0,0.954934,99.9648,0,822083584,0,729808896,8388608,897581056,419430400,0,89915392,0,1,1.9644,0,0,0,1,1,2,5.1338,100,100,1024,0,0,0,32
conv,12926,4194304,128,8,16,0,1,4,1,1,0,8,16,7,32976757,38786614,3,126120716,40894473,2,120061952,52.8377,0,0,0,0,115343360,36700160,0.734032,99.9218,0,822083584,0,2000683008,209715200,1149239296,599785472,0,151126016,0,1,1.75957,0,0,0,1,1,3,8.52663,100,98.8725,1024,0,280,0,40
conv,6261,4194304,128,8,16,0,1,4,1,7,0,8,16,1,2127851,2068838,3,74580016,4194313,2,62390272,0,0,0,0,0,0,0,0.71386,99.9426,0,822083584,0,444596224,4194304,515899392,201326592,0,62128128,0,1,3.62849,0,0,0,1,1,2,6.79874,100,100,1024,0,0,0,40
conv,9270,2097152,128,8,16,0,1,8,1,1,0,8,16,8,28331325,27773538,3,85681100,29884425,2,73662464,52.3174,0,0,0,0,70254592,25690112,0.722911,99.9986,0,822083584,0,1107296256,104857600,729808896,748683264,0,110624768,0,1,2.44862,0,0,0,1,1,2,9.08308,100,99.2299,1024,0,392,0,40
conv,3600,2097152,128,8,16,0,1,8,1,7,0,8,16,2,2201747,2068714,3,50921728,4194313,2,38535168,0,0,0,0,0,0,0,0.533067,99.8645,0,822083584,0,314572800,2097152,325058560,115343360,0,49348608,0,1,6.32667,0,0,0,1,1,3,9.97238,100,100,1024,0,0,0,56
conv,20666,8388608,128,8,16,0,2,1,1,1,0,8,16,8,60457358,60806258,3,277073068,62914569,2,212860928,47.4923,0,0,0,0,205520896,58720256,0.720128,99.9256,0,822083584,0,4395630592,411041792,1837105152,251658240,0,243269632,0,1,1.0999,0,0,0,1,1,3,7.87392,100,99.1379,1024,0,224,0,38
conv,12667,8388608,128,8,16,0,2,1,1,7,0,8,16,1,2103315,2069234,3,174325808,4194313,2,110100480,0,0,0,0,0,0,0,0.961478,99.9603,0,822083584,0,511705088,8388608,897581056,251658240,0,77856768,0,1,1.79114,0,0,0,1,1,2,3.84023,100,100,1024,0,0,0,32
conv,20668,8388608,128,8,16,0,2,1,2,1,0,8,16,8,60561377,60806986,3,277074732,60817417,2,212860928,47.7872,0,0,0,0,205520896,58720256,0.719717,99.908,0,822083584,0,4437573632,411041792,1828716544,268435456,0,244842496,0,1,1.09735,0,0,0,1,1,3,7.89069,100,99.1435,1024,0,224,0,36
conv,12563,8388608,128,8,16,0,2,1,2,7,0,8,16,1,2103315,2069250,3,174325808,2097161,2,110100480,0,0,0,0,0,0,0,0.657718,99.9693,0,822083584,0,562036736,8388608,889192448,436207616,0,84934656,0,1,1.80572,0,0,0,1,1,2,4.29501,100,100,1024,0,0,0,40
conv,13941,4194304,128,8,16,0,2,2,1,1,0,8,16,8,43240355,35641332,3,166164896,37748745,2,139460608,49.5491,0,0,0,0,160432128,33554432,0.729748,99.967,0,822083584,0,1925185536,209715200,1241513984,364904448,0,144310272,0,1,1.62791,0,0,0,1,1,3,7.18715,100,98.8193,1024,0,256,0,40
conv,6720,4194304,128,8,16,0,2,2,1,7,0,8,16,1,2103315,2069146,3,98697264,4194313,2,59244544,0,0,0,0,0,0,0,0.716407,99.8902,0,822083584,0,369098752,4194304,490733568,230686720,0,59899904,0,1,3.38195,0,0,0,1,1,2,5.9428,100,100,1024,0,0,0,40
conv,14672,4194304,128,8,16,0,2,2,2,1,0,8,16,8,52405670,35642266,3,168951100,35651593,2,139460608,50.7809,0,0,0,0,160432128,33554432,0.972838,99.9373,0,822083584,0,1962934272,209715200,1233125376,364904448,0,145227776,0,1,1.54559,0,0,0,1,1,3,6.97572,100,98.8267,1024,0,256,0,32
conv,6608,4194304,128,8,16,0,2,2,2,7,0,8,16,1,2103315,2068978,3,98698016,2097161,2,59244544,0,0,0,0,0,0,0,0.703891,100.01,0,822083584,0,406847488,4194304,482344960,239075328,0,61079552,0,1,3.43902,0,0,0,1,1,2,6.17619,100,100,1024,0,0,0,40
conv,8526,2097152,128,8,16,0,2,4,1,1,0,8,16,8,27973687,23054327,3,117428692,25165833,3,102760448,54.3791,0,0,0,0,137887744,20971520,0.686554,99.9715,0,822083584,0,1042284544,104857600,910163968,402653184,0,103415808,0,1,2.6659,0,0,0,1,1,3,7.94599,100,99.1762,1024,0,320,0,40
conv,3745,2097152,128,8,16,0,2,4,1,7,0,8,16,2,2116895,2068710,3,60882992,4194313,2,33816576,0,0,0,0,0,0,0,0.529765,99.9405,0,822083584,0,264241152,2097152,287309824,115343360,0,46596096,0,1,6.08395,0,0,0,1,1,2,8.75932,100,100,1024,0,0,0,56
conv,8567,2097152,128,8,16,0,2,4,2,1,0,8,16,8,28397968,23053878,3,117178280,23068681,3,102760448,54.9089,0,0,0,0,137887744,20971520,0.690967,99.6961,0,822083584,0,1056964608,104857600,901775360,411041792,0,103874560,0,1,2.652,0,0,0,1,1,3,8.02822,100,99.1798,1024,0,320,0,40
conv,3640,2097152,128,8,16,0,2,4,2,7,0,8,16,2,2118920,2068742,3,60882992,2097161,2,33816576,0,0,0,0,0,0,0,0.530401,99.9044,0,822083584,0,278921216,2097152,278921216,121634816,0,46989312,0,1,6.25798,0,0,0,1,1,2,9.04515,100,100,1024,0,0,0,56
conv,7886,1048576,128,8,16,0,2,8,1,1,0,8,16,7,25030053,16759070,3,88236788,18874505,2,84410368,56.6204,0,0,0,0,126615552,14680064,0.732599,100.753,0,822083584,0,717225984,52428800,744488960,525336576,0,89849856,0,1,2.89402,0,0,0,1,1,3,8.47478,100,99.5259,1024,0,448,0,38
conv,2259,1048576,128,8,16,0,2,8,1,7,0,8,16,3,2201767,2068506,4,41975856,4194313,2,21102592,0,0,0,0,0,0,0,0.357824,99.8271,0,822083584,0,203423744,1048576,185597952,87031808,0,40599552,0,2,10.1361,0,0,0,1,1,2,13.5865,100,100,768,0,0,0,80
conv,8127,1048576,128,8,16,0,2,8,2,1,0,8,16,6,21553437,16755236,3,85533496,16777225,2,84410368,57.1311,0,0,0,0,126615552,14680064,0.614629,99.8136,0,822083584,0,727711744,52428800,736100352,475004928,0,88342528,0,1,2.79276,0,0,0,1,1,3,7.94476,100,99.5178,1024,0,448,0,42
conv,2152,1048576,128,8,16,0,2,8,2,7,0,8,16,3,2201797,2068566,4,41975856,2097161,2,21102592,0,0,0,0,0,0,0,0.346994,99.7548,0,822083584,0,214958080,1048576,177209344,80740352,0,40501248,0,2,10.6227,0,0,0,1,1,2,14.2762,100,100,768,0,0,0,80
conv,19142,4194304,128,8,16,0,4,1,1,1,0,8,16,8,81643045,38788054,3,274295780,45088777,2,165150720,43.6554,0,0,0,0,205520896,36700160,0.661413,99.7992,0,822083584,0,2403336192,205520896,1484783616,163577856,0,159776768,0,1,1.18356,0,0,0,1,1,2,5.65171,100,99.3437,1024,0,280,0,35
conv,7488,4194304,128,8,16,0,4,1,1,7,0,8,16,1,2104059,2069346,4,171574048,8388617,2,62390272,0,0,0,0,0,0,0,0.511088,99.9847,0,822083584,0,255852544,4194304,515899392,184549376,0,55705600,0,1,3.03853,0,0,0,1,1,2,4.60551,100,100,1024,0,0,0,56
conv,19035,4194304,128,8,16,0,4,1,2,1,0,8,16,8,80256585,38788060,3,274290168,40894473,2,165150720,44.2364,0,0,0,0,205520896,36700160,0.664491,100.184,0,822083584,0,2428502016,205520896,1476395008,167772160,0,160432128,0,1,1.19229,0,0,0,1,1,2,6.01159,100,99.3464,1024,0,280,0,36
conv,7376,4194304,128,8,16,0,4,1,2,7,0,8,16,1,2103411,2069298,4,171573408,4194313,2,62390272,0,0,0,0,0,0,0,0.497455,99.9465,0,822083584,0,281018368,4194304,507510784,184549376,0,56229888,0,1,3.08318,0,0,0,1,1,2,4.97386,100,100,1024,0,0,0,56
conv,18995,4194304,128,8,16,0,4,1,4,1,0,8,16,8,80178329,38788406,3,274294176,38797321,2,165150720,44.5295,0,0,0,0,205520896,36700160,0.659699,99.8548,0,822083584,0,2432696320,205520896,1472200704,171966464,0,160563200,0,1,1.1925,0,0,0,1,1,2,5.72171,100,99.3469,1024,0,280,0,36
conv,7362,4194304,128,8,16,0,4,1,4,7,0,8,16,1,2103315,2068070,4,171573296,2097161,2,62390272,0,0,0,0,0,0,0,0.489763,99.8879,0,822083584,0,285212672,4194304,503316480,192937984,0,56492032,0,1,3.08759,0,0,0,1,1,2,4.81042,100,100,1024,0,0,0,56
conv,12729,2097152,128,8,16,0,4,2,1,1,0,8,16,8,56573899,23056954,3,174949744,29360137,2,125304832,48.1586,0,0,0,0,182976512,20971520,0.7223,100.073,0,822083584,0,962592768,104857600,1082130432,199229440,0,99942400,0,1,1.78427,0,0,0,1,1,3,4.90809,100,99.1475,1024,0,320,0,39
conv,4049,2097152,128,8,16,0,4,2,1,7,0,8,16,2,2103318,2069086,5,97583152,8388617,2,33816576,0,0,0,0,0,0,0,0.52814,99.7663,0,822083584,0,184549376,2097152,287309824,100663296,0,43646976,0,1,5.62529,0,0,0,1,1,2,7.43718,100,100,1024,0,0,0,56
conv,12713,2097152,128,8,16,0,4,2,2,1,0,8,16,8,56344627,23056758,3,173636520,25165833,2,125304832,48.7695,0,0,0,0,182976512,20971520,0.720534,100.054,0,822083584,0,981467136,104857600,1073741824,190840832,0,100007936,0,1,1.78775,0,0,0,1,1,3,4.93228,100,99.1481,1024,0,320,0,40
conv,3939,2097152,128,8,16,0,4,2,2,7,0,8,16,2,2103316,2069342,5,97583152,4194313,2,33816576,0,0,0,0,0,0,0,0.52646,99.9607,0,822083584,0,203423744,2097152,278921216,117440512,0,44498944,0,1,5.78914,0,0,0,1,1,2,7.84568,100,100,1024,0,0,0,56
conv,12682,2097152,128,8,16,0,4,2,4,1,0,8,16,8,56381809,23057014,3,175143048,23068681,2,125304832,49.6256,0,0,0,0,182976512,20971520,0.720201,99.8626,0,822083584,0,985661440,104857600,1069547520,195035136,0,100139008,0,1,1.79181,0,0,0,1,1,3,5.01245,100,99.1492,1024,0,320,0,37
conv,3923,2097152,128,8,16,0,4,2,4,7,0,8,16,2,2103458,2067426,5,97583304,2097161,2,33816576,0,0,0,0,0,0,0,0.532748,99.8969,0,822083584,0,207618048,2097152,274726912,104857600,0,44105728,0,1,5.81442,0,0,0,1,1,2,7.89982,100,100,1024,0,0,0,56
conv,8683,1048576,128,8,16,0,4,4,1,1,0,8,16,8,37443070,15186640,4,137875504,21495945,3,105381888,56.5707,0,0,0,0,171704320,13107200,0.57079,100.162,0,822083584,0,682622976,52428800,900726784,365953024,0,88670208,0,1,2.61763,0,0,0,1,1,3,6.92721,100,99.5196,1024,0,400,0,48
conv,2346,1048576,128,8,16,0,4,4,1,7,0,8,16,3,2120502,2068826,5,60588192,8388617,2,19529728,0,0,0,0,0,0,0,0.351288,99.6509,0,822083584,0,132120576,1048576,173015040,75497472,0,37617664,0,2,9.73566,0,0,0,1,1,2,11.7893,100,100,768,0,0,0,80
conv,9497,1048576,128,8,16,0,4,4,2,1,0,8,16,8,43055351,15186186,3,139681976,17301513,2,105381888,58.6934,0,0,0,0,171704320,13107200,0.726844,100.367,0,822083584,0,535822336,52428800,892338176,208666624,0,78905344,0,1,2.4018,0,0,0,1,1,3,4.90555,100,99.4601,1024,0,400,0,38
conv,2248,1048576,128,8,16,0,4,4,2,7,0,8,16,3,2123931,2068758,5,60588088,4194313,2,19529728,0,0,0,0,0,0,0,0.413922,100.762,0,822083584,0,139460608,1048576,164626432,54525952,0,36929536,0,2,10.2315,0,0,0,1,1,2,12.4085,100,100,896,0,0,0,72
conv,9624,1048576,128,8,16,0,4,4,4,1,0,8,16,8,43303949,15184842,3,139268600,15204361,2,105381888,59.4841,0,0,0,0,171704320,13107200,0.728212,99.5955,0,822083584,0,540016640,52428800,888143872,208666624,0,78905344,0,1,2.36662,0,0,0,1,1,3,4.88942,100,99.4601,1024,0,400,0,40
conv,2214,1048576,128,8,16,0,4,4,4,7,0,8,16,3,2118575,2067802,5,60588456,2097161,2,19529728,0,0,0,0,0,0,0,0.416982,99.6461,0,822083584,0,143654912,1048576,160432128,39845888,0,36470784,0,2,10.3185,0,0,0,1,1,2,12.6937,100,100,896,0,0,0,72
conv,7835,524288,128,8,16,0,4,8,1,1,0,8,16,8,35529849,11266073,3,124264256,17563657,3,95420416,64.4683,0,0,0,0,166068224,9175040,0.531923,99.3269,0,822083584,0,384827392,26214400,798490624,316669952,0,73596928,0,1,2.88392,0,0,0,1,1,3,6.27781,100,99.7106,1024,0,560,0,56
conv,1590,524288,128,8,16,0,4,8,1,7,0,8,16,4,2205539,2086727,6,42090576,8388617,2,12386304,0,0,0,0,0,0,0,0.243424,100.621,0,822083584,0,101711872,524288,115867648,45088768,0,33914880,0,2,14.5623,0,0,0,1,1,2,16.6515,100,100,512,0,0,0,128
conv,8127,524288,128,8,16,0,4,8,2,1,0,8,16,8,36420338,11252367,3,124327860,13369401,3,95420416,66.475,0,0,0,0,166068224,9175040,0.534962,99.2444,0,822083584,0,398458880,26214400,790102016,341835776,0,74547200,0,1,2.81206,0,0,0,1,1,3,6.22939,100,99.7143,1024,0,560,0,56
conv,1422,524288,128,8,16,0,4,8,2,7,0,8,16,4,2205054,2068804,6,42090544,4194313,2,12386304,0,0,0,0,0,0,0,0.238669,99.6041,0,822083584,0,107479040,524288,107479040,45613056,0,33849344,0,2,16.1255,0,0,0,1,1,2,18.5756,100,100,512,0,0,0,128
conv,6532,524288,128,8,16,0,4,8,4,1,0,8,16,8,26073549,11249994,4,120863392,11272201,3,95420416,66.5795,0,0,0,0,166068224,9175040,0.419337,99.8542,0,822083584,0,402653184,26214400,785907712,317718528,0,73793536,0,1,3.4761,0,0,0,1,1,3,7.75097,100,99.7114,896,0,560,0,68
conv,1384,524288,128,8,16,0,4,8,4,7,0,8,16,4,2205228,2066770,6,42090544,2097161,2,12386304,0,0,0,0,0,0,0,0.233414,99.884,0,822083584,0,111673344,524288,103284736,45088768,0,33832960,0,2,16.7785,0,0,0,1,1,2,19.5735,100,100,512,0,0,0,128
conv,18785,2097152,128,8,16,0,8,1,1,1,0,8,16,8,88112660,27745271,4,310245988,42467465,2,141295616,35.9645,0,0,0,0,205520896,25690112,0.558733,98.3393,0,822083584,0,1201668096,102760448,1249902592,106954752,0,109379584,0,1,1.20995,0,0,0,1,1,2,4.49501,100,99.5207,1024,0,392,0,36
conv,5995,2097152,128,8,16,0,8,1,1,7,0,8,16,1,2103795,2069270,7,208732688,16777225,2,38535168,0,0,0,0,0,0,0,0.357129,99.9569,0,822083584,0,127926272,2097152,325058560,75497472,0,42270720,0,1,3.80465,0,0,0,1,1,2,4.83591,100,100,768,0,0,0,80
conv,19248,2097152,128,8,16,0,8,1,2,1,0,8,16,8,89171128,27753963,4,310544096,34078729,2,141295616,36.9864,0,0,0,0,205520896,25690112,0.574974,99.5074,0,822083584,0,1214251008,102760448,1241513984,102760448,0,109379584,0,1,1.19835,0,0,0,1,1,2,4.40886,100,99.5207,1024,0,392,0,36
conv,6000,2097152,128,8,16,0,8,1,2,7,0,8,16,1,2103315,2069278,7,208732208,8388617,2,38535168,0,0,0,0,0,0,0,0.362562,99.8338,0,822083584,0,140509184,2097152,316669952,79691776,0,42532864,0,1,3.78857,0,0,0,1,1,2,4.86016,100,100,768,0,0,0,80
conv,17703,2097152,128,8,16,0,8,1,4,1,0,8,16,8,83369095,27739788,4,310781384,29884425,2,141295616,37.3896,0,0,0,0,205520896,25690112,0.550893,98.6998,0,822083584,0,1216348160,102760448,1237319680,98566144,0,109182976,0,1,1.26125,0,0,0,1,1,2,4.49244,100,99.5198,1024,0,392,0,36
conv,5880,2097152,128,8,16,0,8,1,4,7,0,8,16,1,2103579,2069346,7,208732600,4194313,2,38535168,0,0,0,0,0,0,0,0.358336,100.23,0,822083584,0,144703488,2097152,312475648,60817408,0,41943040,0,1,3.87433,0,0,0,1,1,2,4.86174,100,100,768,0,0,0,80
conv,13903,1048576,128,8,16,0,8,2,1,1,0,8,16,8,67480026,16762869,3,215860816,31457289,2,118226944,45.0813,0,0,0,0,194248704,14680064,0.722304,99.6589,0,822083584,0,642777088,52428800,1002438656,59768832,0,81035264,0,1,1.62638,0,0,0,1,1,2,3.50778,100,99.4743,1024,0,448,0,40
conv,3248,1048576,128,8,16,0,8,2,1,7,0,8,16,2,2103315,2069138,8,119046192,16777225,2,21102592,0,0,0,0,0,0,0,0.295949,100.569,0,822083584,0,92274688,1048576,185597952,71303168,0,36634624,0,1,7.09976,0,0,0,1,1,2,8.3566,100,100,640,0,0,0,96
conv,13999,1048576,128,8,16,0,8,2,2,1,0,8,16,8,67903111,16763326,3,213490432,23068681,2,118226944,46.105,0,0,0,0,194248704,14680064,0.720758,99.0728,0,822083584,0,490733568,52428800,994050048,100663296,0,77299712,0,1,1.61773,0,0,0,1,1,2,3.10777,100,99.4489,1024,0,448,0,37
conv,3161,1048576,128,8,16,0,8,2,2,7,0,8,16,2,2103325,2069146,7,119046424,8388617,2,21102592,0,0,0,0,0,0,0,0.297089,99.9057,0,822083584,0,101711872,1048576,177209344,74448896,0,36765696,0,1,7.25254,0,0,0,1,1,2,8.59331,100,100,640,0,0,0,96
conv,14213,1048576,128,8,16,0,8,2,4,1,0,8,16,8,69437963,16762074,3,213266776,18874377,2,118226944,46.9029,0,0,0,0,194248704,14680064,0.725183,99.3319,0,822083584,0,492830720,52428800,989855744,98566144,0,77168640,0,1,1.59216,0,0,0,1,1,2,3.01593,100,99.448,1024,0,448,0,40
conv,3122,1048576,128,8,16,0,8,2,4,7,0,8,16,2,2103341,2069090,7,119046192,4194313,2,21102592,0,0,0,0,0,0,0,0.295572,99.6522,0,822083584,0,104857600,1048576,173015040,76546048,0,36798464,0,1,7.32373,0,0,0,1,1,2,8.88714,100,100,640,0,0,0,96
conv,13001,524288,128,8,16,0,8,4,1,1,0,8,16,8,65731617,11309755,3,168094096,25952265,2,106692608,53.1997,0,0,0,0,188612608,9175040,0.590259,99.5755,0,822083584,0,355467264,26214400,889716736,113770496,0,69189632,0,1,1.75659,0,0,0,1,1,2,3.15289,100,99.6922,1024,0,560,0,48
conv,2353,524288,128,8,16,0,8,4,1,7,0,8,16,3,2152913,2107166,7,74203184,16777225,1,12386304,0,0,0,0,0,0,0,0.242116,99.5907,0,822083584,0,66060288,524288,115867648,38273024,0,32587776,0,2,9.5029,0,0,0,1,1,2,10.5407,100,100,512,0,0,0,128
conv,12945,524288,128,8,16,0,8,4,2,1,0,8,16,8,66676210,11253658,3,167922616,17563657,2,106692608,55.4494,0,0,0,0,188612608,9175040,0.58781,99.9451,0,822083584,0,362807296,26214400,881328128,112721920,0,69124096,0,1,1.75923,0,0,0,1,1,2,3.14473,100,99.6919,1024,0,560,0,48
conv,2124,524288,128,8,16,0,8,4,2,7,0,8,16,3,2120292,2073347,7,74203184,8388617,2,12386304,0,0,0,0,0,0,0,0.240029,99.8522,0,822083584,0,69730304,524288,107479040,40370176,0,32505856,0,2,10.8742,0,0,0,1,1,2,11.9813,100,100,512,0,0,0,128
conv,11828,524288,128,8,16,0,8,4,4,1,0,8,16,8,58730441,11251614,3,166356632,13369353,2,106692608,56.3761,0,0,0,0,188612608,9175040,0.537059,100.021,0,822083584,0,365428736,26214400,877133824,189267968,0,71467008,0,1,1.92689,0,0,0,1,1,2,3.61379,100,99.702,1024,0,560,0,56
conv,2157,524288,128,8,16,0,8,4,4,7,0,8,16,3,2137475,2068737,7,74203184,4194313,2,12386304,0,0,0,0,0,0,0,0.243997,99.8292,0,822083584,0,72351744,524288,103284736,41943040,0,32505856,0,2,11.0081,0,0,0,1,1,2,12.1316,100,100,512,0,0,0,128
conv,10139,262144,128,8,16,0,8,8,1,1,0,8,16,8,49986469,8654698,3,144598016,23199753,2,100925440,59.2332,0,0,0,0,185794560,6422528,0.29585,97.6228,0,822083584,0,192413696,13107200,870055936,210239488,0,65978368,0,1,2.20417,0,0,0,1,1,2,4.05527,100,99.8386,640,0,784,0,96
conv,3093,262144,128,8,16,0,8,8,1,7,0,8,16,4,2837761,5704840,4,51957464,16777225,1,8028160,0,0,0,0,0,0,0,0.186496,99.4917,0,822083584,0,50855936,262144,81002496,31195136,0,30793728,0,1,7.37593,0,0,0,1,1,1,8.03861,100,100,384,0,0,0,168
conv,7372,262144,128,8,16,0,8,8,2,1,0,8,16,7,32366321,8549899,4,144678820,14811145,3,100925440,62.2732,0,0,0,0,185794560,6422528,0.244283,97.782,0,822083584,0,199229440,13107200,861667328,208928768,0,65888256,0,1,3.05653,0,0,0,1,1,3,5.80056,100,99.8384,512,0,784,0,124
conv,3226,262144,128,8,16,0,8,8,2,7,0,8,16,2,2303340,2310535,4,52043616,8388617,1,8028160,0,0,0,0,0,0,0,0.124382,99.1881,0,822083584,0,53739520,262144,72613888,28049408,0,30523392,0,1,7.05431,0,0,0,1,1,1,7.66162,100,100,256,0,0,0,237
conv,10321,262144,128,8,16,0,8,8,4,1,0,8,16,8,51695979,8495314,3,144674576,10616841,2,100925440,63.8275,0,0,0,0,185794560,6422528,0.299546,97.967,0,822083584,0,201588736,13107200,857473024,222035968,0,66240512,0,1,2.17306,0,0,0,1,1,2,4.00098,100,99.8392,640,0,784,0,96
conv,3148,262144,128,8,16,0,8,8,4,7,0,8,16,2,2304785,2068932,3,52043832,4194313,1,8028160,0,0,0,0,0,0,0,0.124115,99.5899,0,822083584,0,56098816,262144,68419584,30146560,0,30531584,0,1,7.22659,0,0,0,1,1,1,7.8587,100,100,256,0,0,0,218
conv,31421,16777216,128,8,16,1,1,1,1,1,0,8,16,8,84247253,104848990,2,141427768,106954761,2,211812352,82.7441,1,49.4291,51380224,3145728,205520896,102760448,0.97187,99.9615,0,822083584,0,9361686528,822083584,3402629120,352321536,0,472383488,0,1,0.721624,0,0,0,1,1,2,12.4203,100,97.6484,1024,1232,200,0,32
conv,31386,16777216,128,8,16,1,1,1,1,1,1,8,16,8,84226328,104848722,2,141426736,106954761,2,211812352,82.7441,1,48.0432,51380224,4718592,205520896,102760448,0.971991,100.106,0,822083584,0,9361686528,822083584,3402629120,352321536,0,472383488,0,1,0.722338,0,0,0,1,1,2,12.4147,100,97.6484,1024,1320,200,0,32
conv,16835,16777216,128,8,16,1,1,1,1,7,0,8,16,1,2104483,2068702,1,38667792,4194313,2,109051904,0,2,49.4291,51380224,3145728,0,0,0.922495,100.005,0,822083584,0,771751936,16777216,1758461952,687865856,0,133693440,0,1,1.34337,0,0,0,1,1,2,5.48325,100,94.8284,1024,1232,0,0,31
conv,16832,16777216,128,8,16,1,1,1,1,7,1,8,16,1,2103403,2068682,1,38666376,4194313,2,109051904,0,2,48.0432,51380224,4718592,0,0,0.922529,99.9877,0,822083584,0,771751936,16777216,1758461952,687865856,0,133693440,0,1,1.34303,0,0,0,1,1,2,5.4828,100,94.8284,1024,1320,0,0,31
conv,19737,8388608,128,8,16,1,1,2,1,1,0,8,16,8,51842218,60810082,2,81723672,62914569,2,114294784,80.4712,1,48.7095,29360128,3014656,115343360,58720256,0.979139,99.5217,0,822083584,0,3825205248,419430400,1554513920,276824064,0,226230272,0,1,1.14122,0,0,0,1,1,2,8.65922,100,95.2853,1024,2128,224,0,32
conv,19667,8388608,128,8,16,1,1,2,1,1,1,8,16,8,51346526,60809718,2,81723440,62914569,2,114294784,80.4712,2,24.6038,58720256,5373952,115343360,58720256,0.979209,100.466,0,822083584,0,3825205248,419430400,1554513920,276824064,0,226230272,0,1,1.15128,0,0,0,1,1,2,8.65337,100,95.2853,1024,2280,224,0,32
conv,8673,8388608,128,8,16,1,1,2,1,7,0,8,16,1,2104859,2068654,1,24053312,4194313,2,56623104,0,2,48.7095,29360128,3014656,0,0,0.923105,99.9785,0,822083584,0,704643072,8388608,975699968,360710144,0,96993280,0,1,2.61144,0,0,0,1,1,2,7.27676,100,92.5169,1024,2128,0,0,32
conv,8672,8388608,128,8,16,1,1,2,1,7,1,8,16,1,2103315,2068626,1,24051760,4194313,2,56623104,0,3,24.6038,58720256,5373952,0,0,0.916313,99.9566,0,822083584,0,704643072,8388608,975699968,360710144,0,96993280,0,1,2.61088,0,0,0,1,1,2,7.27679,100,92.5169,1024,2280,0,0,32
conv,12406,4194304,128,8,16,1,1,4,1,1,0,8,16,8,35453261,38789102,2,65589184,40894601,2,88342528,80.5432,1,89.776,9175040,2162688,115343360,36700160,0.97923,99.2925,0,822083584,0,2087321600,209715200,1192493056,603979776,0,167641088,0,1,1.80652,0,0,0,1,1,2,10.1556,100,91.6316,1024,3920,280,0,32
conv,12433,4194304,128,8,16,1,1,4,1,1,1,8,16,8,35300757,38788162,2,65944812,40894473,2,88342528,80.2745,1,48.384,18350080,2686976,115343360,36700160,0.980267,98.582,0,822083584,0,2087321600,209715200,1192493056,603979776,0,167641088,0,1,1.80983,0,0,0,1,1,2,10.2475,100,91.6316,1024,4200,280,0,32
conv,4575,4194304,128,8,16,1,1,4,1,7,0,8,16,2,2205724,2068506,1,16744496,4194313,2,30670848,0,1,89.776,9175040,2162688,0,0,0.941249,99.9376,0,822083584,0,553648128,4194304,584318976,255852544,0,76677120,0,1,4.96505,0,0,0,1,1,2,11.0268,100,90.4808,1024,3920,0,0,32
conv,4574,4194304,128,8,16,1,1,4,1,7,1,8,16,2,2206238,2068506,1,16744496,4194313,2,30670848,0,2,48.384,18350080,2686976,0,0,0.94177,99.9756,0,822083584,0,553648128,4194304,584318976,255852544,0,76677120,0,1,4.96459,0,0,0,1,1,2,11.0216,100,90.4808,1024,4200,0,0,32
conv,8855,2097152,128,8,16,1,1,8,1,1,0,8,16,8,26677386,27773361,2,46215816,29884425,2,52559872,77.2821,1,45.3345,12845056,3440640,70254592,25690112,0.732757,100.143,0,822083584,0,1227948032,104857600,772407296,767557632,0,131661824,0,1,2.57073,0,0,0,1,1,2,11.6308,100,87.6975,1024,7504,392,0,40
conv,8886,2097152,128,8,16,1,1,8,1,1,1,8,16,8,26598087,27770345,2,46191688,29884425,2,52559872,77.2474,1,89.0563,6422528,1867776,70254592,25690112,0.730628,100.235,0,822083584,0,1227948032,104857600,772407296,767557632,0,131661824,0,1,2.57524,0,0,0,1,1,2,11.6404,100,87.6975,1024,8040,392,0,40
conv,2526,2097152,128,8,16,1,1,8,1,7,0,8,16,3,2201747,2068506,2,13090864,4194313,2,17432576,0,3,45.3345,12845056,3440640,0,0,0.72001,99.987,0,822083584,0,438697984,2097152,388628480,163577856,0,73203712,0,2,9.04273,0,0,0,1,1,2,20.3957,100,77.4843,1024,7504,0,0,32
conv,2527,2097152,128,8,16,1,1,8,1,7,1,8,16,3,2201747,2068506,2,13090864,4194313,2,17432576,0,2,89.0563,6422528,1867776,0,0,0.719777,99.9137,0,822083584,0,438697984,2097152,388628480,163577856,0,73203712,0,2,9.03667,0,0,0,1,1,2,20.397,100,77.4843,1024,8040,0,0,32
conv,22197,8388608,128,8,16,1,2,1,1,1,0,8,16,8,77162909,60809334,2,129939116,62914569,2,160432128,83.6884,1,46.7041,29360128,4194304,205520896,58720256,0.945867,100.06,0,822083584,0,4345298944,411041792,1674051584,587202560,0,254541824,0,1,1.02236,0,0,0,1,1,2,8.17461,100,96.2474,1024,1936,224,0,32
conv,22228,8388608,128,8,16,1,2,1,1,1,1,8,16,8,77632665,60808710,2,130008124,62914697,2,160432128,83.6949,1,48.2107,29360128,3145728,205520896,58720256,0.941048,99.9193,0,822083584,0,4345298944,411041792,1908932608,268435456,0,251920384,0,1,1.01954,0,0,0,1,1,2,8.22592,100,96.2084,1024,2024,224,0,32
conv,8726,8388608,128,8,16,1,2,1,1,7,0,8,16,1,2104051,2068534,1,27263768,4194313,2,57671680,0,2,46.7041,29360128,4194304,0,0,0.712447,100.011,0,822083584,0,461373440,8388608,734527488,385875968,0,82837504,0,1,2.59452,0,0,0,1,1,2,6.3538,100,91.0008,1024,1936,0,0,37
conv,8763,8388608,128,8,16,1,2,1,1,7,1,8,16,1,2103315,2068534,1,27263176,4194313,2,57671680,0,2,48.2107,29360128,3145728,0,0,0.935664,99.9537,0,822083584,0,461373440,8388608,969408512,402653184,0,90701824,0,1,2.58439,0,0,0,1,1,2,6.64907,100,91.7811,1024,2024,0,0,32
conv,20004,8388608,128,8,16,1,2,1,2,1,0,8,16,8,59619066,60807334,2,130007528,60817417,2,160432128,84.6159,1,46.7041,29360128,4194304,205520896,58720256,0.722822,99.7986,0,822083584,0,4387241984,411041792,1665662976,293601280,0,246415360,0,1,1.13276,0,0,0,1,1,2,8.29322,100,96.1237,1024,1936,224,0,36
conv,22242,8388608,128,8,16,1,2,1,2,1,1,8,16,8,77558099,60810174,2,130010072,60817417,2,160432128,84.6133,1,48.2107,29360128,3145728,205520896,58720256,0.942304,99.9388,0,822083584,0,4387241984,411041792,1900544000,276824064,0,253231104,0,1,1.0201,0,0,0,1,1,2,7.75997,100,96.228,1024,2024,224,0,32
conv,8554,8388608,128,8,16,1,2,1,2,7,0,8,16,1,2104131,2068514,1,27263840,2097161,2,57671680,0,2,46.7041,29360128,4194304,0,0,0.727996,99.9788,0,822083584,0,503316480,8388608,726138880,343932928,0,82575360,0,1,2.64804,0,0,0,1,1,2,6.43294,100,90.9722,1024,1936,0,0,37
conv,8649,8388608,128,8,16,1,2,1,2,7,1,8,16,1,2103315,2068526,1,27263232,2097161,2,57671680,0,2,48.2107,29360128,3145728,0,0,0.935595,99.9768,0,822083584,0,503316480,8388608,961019904,427819008,0,92536832,0,1,2.61874,0,0,0,1,1,2,6.89648,100,91.9441,1024,2024,0,0,32
conv,14256,4194304,128,8,16,1,2,2,1,1,0,8,16,8,51413449,35642618,2,80355492,37748745,2,111149056,80.5055,1,45.504,16777216,3538944,160432128,33554432,0.978843,100.068,0,822083584,0,1938620416,209715200,1124335616,587202560,0,161087488,0,1,1.59277,0,0,0,1,1,2,7.89387,100,90.8271,1024,3344,256,0,32
conv,13242,4194304,128,8,16,1,2,2,1,1,1,8,16,7,36863901,35635071,2,78419688,37748745,2,111149056,80.1458,1,43.2707,17825792,3538944,160432128,33554432,0.730236,100.132,0,822083584,0,1938620416,209715200,1141112832,583008256,0,161480704,0,1,1.71163,0,0,0,1,1,2,8.46872,100,90.8495,1024,3496,256,0,40
conv,4637,4194304,128,8,16,1,2,2,1,7,0,8,16,2,2103331,2068530,1,18874432,4194313,2,30932992,0,2,45.504,16777216,3538944,0,0,0.707809,99.9856,0,822083584,0,406847488,4194304,415498240,230686720,0,66453504,0,1,4.89827,0,0,0,1,1,2,10.0984,100,88.3752,1024,3344,0,0,35
conv,4637,4194304,128,8,16,1,2,2,1,7,1,8,16,2,2103315,2068506,1,18874416,4194313,2,30932992,0,2,43.2707,17825792,3538944,0,0,0.945974,99.9265,0,822083584,0,406847488,4194304,432275456,243269632,0,67371008,0,1,4.89467,0,0,0,1,1,2,10.197,100,88.5336,1024,3496,0,0,32
conv,14252,4194304,128,8,16,1,2,2,2,1,0,8,16,8,51457664,35642754,2,80577740,35651593,2,111149056,81.9863,1,45.504,16777216,3538944,160432128,33554432,0.979295,99.9539,0,822083584,0,1976369152,209715200,1115947008,566231040,0,161349632,0,1,1.59211,0,0,0,1,1,2,7.95648,100,90.842,1024,3344,256,0,32
conv,13287,4194304,128,8,16,1,2,2,2,1,1,8,16,7,37206207,35641318,2,78440996,35651593,2,111149056,81.6025,1,43.2707,17825792,3538944,160432128,33554432,0.7308,99.6196,0,822083584,0,1976369152,209715200,1132724224,591396864,0,162660352,0,1,1.70603,0,0,0,1,1,2,8.51944,100,90.9158,1024,3496,256,0,40
conv,4516,4194304,128,8,16,1,2,2,2,7,0,8,16,2,2103684,2068506,1,18874904,2097161,2,30932992,0,2,45.504,16777216,3538944,0,0,0.721843,99.9627,0,822083584,0,444596224,4194304,407109632,222298112,0,67108864,0,1,5.02875,0,0,0,1,1,2,10.1645,100,88.4888,1024,3344,0,0,35
conv,4523,4194304,128,8,16,1,2,2,2,7,1,8,16,2,2103323,2068506,1,18874416,2097161,2,30932992,0,2,43.2707,17825792,3538944,0,0,0.948299,99.9547,0,822083584,0,444596224,4194304,423886848,234881024,0,68026368,0,1,5.0206,0,0,0,1,1,2,10.2257,100,88.644,1024,3496,0,0,32
conv,8282,2097152,128,8,16,1,2,4,1,1,0,8,16,8,26941672,23052063,2,58833420,25165833,2,86769664,77.556,1,45.7867,10485760,2686976,137887744,20971520,0.708169,99.9204,0,822083584,0,1101922304,104857600,849477632,549453824,0,124715008,0,1,2.73516,0,0,0,1,1,3,10.0839,100,85.8907,1024,6160,320,0,40
conv,7915,2097152,128,8,16,1,2,4,1,1,1,8,16,8,23832632,23051385,2,56433388,25165833,2,86769664,76.9974,1,38.8318,11796480,3735552,137887744,20971520,0.603804,99.8309,0,822083584,0,1101922304,104857600,859963392,683671552,0,129236992,0,1,2.88204,0,0,0,1,1,3,11.0473,100,86.3844,1024,6440,320,0,42
conv,2571,2097152,128,8,16,1,2,4,1,7,0,8,16,3,2147296,2068506,2,14680392,4194313,2,17825792,0,2,45.7867,10485760,2686976,0,0,0.539376,99.7677,0,822083584,0,334299136,2097152,255983616,159383552,0,62259200,0,2,8.86377,0,0,0,1,1,2,18.1095,100,78.9967,1024,6160,0,0,54
conv,2597,2097152,128,8,16,1,2,4,1,7,1,8,16,3,2152813,2068506,2,14680112,4194313,2,17825792,0,3,38.8318,11796480,3735552,0,0,0.720181,99.3626,0,822083584,0,334299136,2097152,266469376,138412032,0,61931520,0,2,8.77004,0,0,0,1,1,2,17.9461,100,78.8856,1024,6440,0,0,40
conv,8887,2097152,128,8,16,1,2,4,2,1,0,8,16,8,31344174,23050888,2,60554400,23068681,2,86769664,79.9066,1,45.7867,10485760,2686976,137887744,20971520,0.915703,99.5856,0,822083584,0,1116602368,104857600,841089024,612368384,0,126877696,0,1,2.54388,0,0,0,1,1,3,9.71654,100,86.1312,1024,6160,320,0,32
conv,7935,2097152,128,8,16,1,2,4,2,1,1,8,16,8,23879923,23044104,2,56391324,23068681,2,86769664,79.0964,1,38.8318,11796480,3735552,137887744,20971520,0.606654,100.209,0,822083584,0,1116602368,104857600,851574784,591396864,0,126550016,0,1,2.89474,0,0,0,1,1,3,10.8405,100,86.0953,1024,6440,320,0,42
conv,2462,2097152,128,8,16,1,2,4,2,7,0,8,16,3,2155374,2068506,2,14680112,2097161,2,17825792,0,2,45.7867,10485760,2686976,0,0,0.60298,99.9807,0,822083584,0,348979200,2097152,247595008,144703488,0,61997056,0,2,9.26034,0,0,0,1,1,2,18.7376,100,78.9079,1024,6160,0,0,46
conv,2490,2097152,128,8,16,1,2,4,2,7,1,8,16,3,2147311,2068518,2,14680112,2097161,2,17825792,0,3,38.8318,11796480,3735552,0,0,0.723697,99.8334,0,822083584,0,348979200,2097152,258080768,155189248,0,62652416,0,2,9.17907,0,0,0,1,1,2,18.6949,100,79.1285,1024,6440,0,0,40
conv,6235,1048576,128,8,16,1,2,8,1,1,0,8,16,7,16421264,16750016,2,48843612,18874377,3,74317824,75.2589,1,62.2264,3670016,3440640,126615552,14680064,0.493759,99.8899,0,822083584,0,841334784,52428800,712048640,651165696,0,111902720,0,2,3.64513,0,0,0,1,1,3,13.1542,100,85.986,1024,11792,448,0,48
conv,6290,1048576,128,8,16,1,2,8,1,1,1,8,16,7,15328080,16749682,2,45931612,18874377,3,74317824,74.1365,1,45.4651,7340032,2392064,126615552,14680064,0.433082,100.008,0,822083584,0,841334784,52428800,719388672,661651456,0,112459776,0,2,3.60926,0,0,0,1,1,3,12.7516,100,86.0554,1024,12328,448,0,56
conv,1508,1048576,128,8,16,1,2,8,1,7,0,8,16,4,2201754,2068506,2,12582960,4194313,2,11010048,0,2,62.2264,3670016,3440640,0,0,0.490521,99.7902,0,822083584,0,325664768,1048576,176226304,103809024,0,60981248,0,3,15.3,0,0,0,1,1,2,31.9755,100,73.2209,1024,11792,0,0,64
conv,1505,1048576,128,8,16,1,2,8,1,7,1,8,16,4,2201750,2068506,2,12582960,4194313,2,11010048,0,3,45.4651,7340032,2392064,0,0,0.429588,100.074,0,822083584,0,325664768,1048576,183566336,121634816,0,61767680,0,3,15.39,0,0,0,1,1,2,32.3077,100,73.5618,1024,12328,0,0,64
conv,7802,1048576,128,8,16,1,2,8,2,1,0,8,16,6,16630665,16750368,2,48307960,16777225,2,74317824,77.3678,1,62.2264,3670016,3440640,126615552,14680064,0.493717,99.7329,0,822083584,0,853049344,52428800,703660032,659554304,0,112492544,0,1,2.9026,0,0,0,1,1,3,10.4207,100,85.8606,1024,11792,448,0,40
conv,7452,1048576,128,8,16,1,2,8,2,1,1,8,16,6,15298648,16750294,2,44452888,16777225,2,74317824,76.3004,1,45.4651,7340032,2392064,126615552,14680064,0.432223,99.8872,0,822083584,0,853049344,52428800,711000064,665845760,0,112918528,0,1,3.04804,0,0,0,1,1,3,11.3113,100,85.9139,1024,12328,448,0,44
conv,1387,1048576,128,8,16,1,2,8,2,7,0,8,16,4,2201764,2068502,2,12582960,2097161,2,11010048,0,2,62.2264,3670016,3440640,0,0,0.492648,99.438,0,822083584,0,339230720,1048576,167837696,110100480,0,61308928,0,3,16.5968,0,0,0,1,1,2,34.6382,100,73.4141,1024,11792,0,0,64
conv,1411,1048576,128,8,16,1,2,8,2,7,1,8,16,4,2201758,2068502,2,12582960,2097161,2,11010048,0,3,45.4651,7340032,2392064,0,0,0.431614,100.217,0,822083584,0,339296256,1048576,175177728,113246208,0,61669376,0,3,16.275,0,0,0,1,1,2,34.1376,100,73.5197,1024,12328,0,0,63
conv,19706,4194304,128,8,16,1,4,1,1,1,0,8,16,9,89419145,38790092,2,126421016,45088777,2,133955584,81.2812,1,84.1003,9175040,2752512,205520896,36700160,0.877468,99.6754,0,822083584,0,2430926848,205520896,1396965376,197132288,0,185466880,0,1,1.1372,0,0,0,1,1,2,6.60138,100,85.1336,1024,3344,280,0,31
conv,20020,4194304,128,8,16,1,4,1,1,1,1,8,16,9,89750324,38789790,2,126384156,45088777,2,133955584,81.2675,1,90.0368,9175040,1966080,205520896,36700160,0.873656,99.5471,0,822083584,0,2430926848,205520896,1543766016,197132288,0,190054400,0,1,1.13919,0,0,0,1,1,2,6.83748,100,85.4925,1024,3432,280,0,31
conv,4672,4194304,128,8,16,1,4,1,1,7,0,8,16,2,2103315,2068534,2,23724080,8388617,2,31195136,0,1,84.1003,9175040,2752512,0,0,0.59421,99.9803,0,822083584,0,289406976,4194304,428081152,209715200,0,62390272,0,1,4.85864,0,0,0,1,1,2,9.44696,100,87.8283,1024,3344,0,0,48
conv,4674,4194304,128,8,16,1,4,1,1,7,1,8,16,2,2103771,2068522,2,23724680,8388617,2,31195136,0,1,90.0368,9175040,1966080,0,0,0.7122,99.9844,0,822083584,0,289406976,4194304,574881792,243269632,0,68026368,0,1,4.86146,0,0,0,1,1,2,9.77451,100,88.8367,1024,3432,0,0,40
conv,20032,4194304,128,8,16,1,4,1,2,1,0,8,16,9,91089833,38788030,2,126410272,40894601,2,133955584,83.2916,1,84.1003,9175040,2752512,205520896,36700160,0.897392,99.9769,0,822083584,0,2454519808,205520896,1388576768,184549376,0,185335808,0,1,1.12426,0,0,0,1,1,2,6.7647,100,85.238,1024,3344,280,0,32
conv,20027,4194304,128,8,16,1,4,1,2,1,1,8,16,9,91191537,38789886,2,126407500,40894473,2,133955584,83.3074,1,90.0368,9175040,1966080,205520896,36700160,0.883236,98.558,0,822083584,0,2454519808,205520896,1535377408,184549376,0,189923328,0,1,1.12284,0,0,0,1,1,2,7.06264,100,85.5946,1024,3432,280,0,31
conv,4551,4194304,128,8,16,1,4,1,2,7,0,8,16,2,2103315,2068490,2,23724080,4194313,2,31195136,0,1,84.1003,9175040,2752512,0,0,0.607032,99.9241,0,822083584,0,310378496,4194304,419692544,192937984,0,62259200,0,1,4.98695,0,0,0,1,1,2,9.49819,100,87.8026,1024,3344,0,0,44
conv,4543,4194304,128,8,16,1,4,1,2,7,1,8,16,2,2103315,2068474,2,23724080,4194313,2,31195136,0,1,90.0368,9175040,1966080,0,0,0.719719,99.9315,0,822083584,0,310378496,4194304,566493184,247463936,0,68550656,0,1,4.99781,0,0,0,1,1,2,10.1305,100,88.9221,1024,3432,0,0,40
conv,19976,4194304,128,8,16,1,4,1,4,1,0,8,16,9,90423954,38789881,2,126397768,38797321,2,133955584,84.3896,1,84.1003,9175040,2752512,205520896,36700160,0.888496,100.33,0,822083584,0,2458714112,205520896,1384382464,205520896,0,185991168,0,1,1.13431,0,0,0,1,1,2,6.57614,100,85.29,1024,3344,280,0,32
conv,20051,4194304,128,8,16,1,4,1,4,1,1,8,16,9,90328199,38789482,2,126381704,38797321,2,133955584,84.3859,1,90.0368,9175040,1966080,205520896,36700160,0.891084,100.25,0,822083584,0,2458714112,205520896,1531183104,205520896,0,190578688,0,1,1.13351,0,0,0,1,1,2,6.79022,100,85.6441,1024,3432,280,0,32
conv,4533,4194304,128,8,16,1,4,1,4,7,0,8,16,2,2103315,2064426,1,23724512,2097161,2,31195136,0,1,84.1003,9175040,2752512,0,0,0.608921,99.9743,0,822083584,0,318767104,4194304,415498240,192937984,0,62390272,0,1,5.00992,0,0,0,1,1,2,9.6393,100,87.8283,1024,3344,0,0,43
conv,4527,4194304,128,8,16,1,4,1,4,7,1,8,16,2,2103315,2064434,1,23724080,2097161,2,31195136,0,1,90.0368,9175040,1966080,0,0,0.725686,99.9229,0,822083584,0,318767104,4194304,562298880,247463936,0,68681728,0,1,5.01533,0,0,0,1,1,2,10.1158,100,88.9432,1024,3432,0,0,40
conv,12684,2097152,128,8,16,1,4,2,1,1,0,8,16,8,57436742,23056282,2,96802440,29360137,2,108920832,78.812,1,60.0535,6291456,3670016,182976512,20971520,0.951805,100.077,0,822083584,0,1011318784,104857600,993132544,247463936,0,118620160,0,1,1.78911,0,0,0,1,1,2,6.10239,100,83.7457,1024,5776,320,0,32
conv,11764,2097152,128,8,16,1,4,2,1,1,1,8,16,8,50310879,23056490,2,81463484,29360137,2,108920832,75.9614,1,72.4454,5767168,2490368,182976512,20971520,0.609199,100.14,0,822083584,0,1011318784,104857600,1035075584,369098752,0,123731968,0,1,1.92773,0,0,0,1,1,2,6.79201,100,84.4172,1024,5928,320,0,43
conv,2576,2097152,128,8,16,1,4,2,1,7,0,8,16,3,2103691,2068506,2,18153824,8388617,2,17432576,0,2,60.0535,6291456,3670016,0,0,0.479574,99.5695,0,822083584,0,247005184,2097152,219283456,165675008,0,55574528,0,2,8.83432,0,0,0,1,1,2,16.4782,100,81.8802,1024,5776,0,0,64
conv,2571,2097152,128,8,16,1,4,2,1,7,1,8,16,3,2103478,2068546,2,18153552,8388617,2,17432576,0,2,72.4454,5767168,2490368,0,0,0.541325,99.8919,0,822083584,0,246743040,2097152,261226496,161480704,0,56688640,0,2,8.85629,0,0,0,1,1,2,16.2397,100,82.3374,1024,5928,0,0,54
conv,12679,2097152,128,8,16,1,4,2,2,1,0,8,16,8,57483237,23055282,2,96477544,25165833,2,108920832,81.5318,1,60.0535,6291456,3670016,182976512,20971520,0.951506,100.21,0,822083584,0,1030062080,104857600,984743936,251658240,0,119013376,0,1,1.78667,0,0,0,1,1,2,6.11323,100,83.851,1024,5776,320,0,32
conv,11783,2097152,128,8,16,1,4,2,2,1,1,8,16,8,50260601,23055830,2,81120912,25165961,2,108920832,79.0497,1,72.4454,5767168,2490368,182976512,20971520,0.608734,99.4941,0,822083584,0,1030193152,104857600,1026686976,377487360,0,124321792,0,1,1.92005,0,0,0,1,1,2,6.87284,100,84.4911,1024,5928,320,0,44
conv,2456,2097152,128,8,16,1,4,2,2,7,0,8,16,3,2103359,2068526,2,18153704,4194313,2,17432576,0,2,60.0535,6291456,3670016,0,0,0.481475,99.9264,0,822083584,0,265879552,2097152,210894848,165675008,0,55902208,0,2,9.28992,0,0,0,1,1,2,17.1476,100,81.9864,1024,5776,0,0,64
conv,2462,2097152,128,8,16,1,4,2,2,7,1,8,16,3,2103497,2068458,2,18153520,4194313,2,17432576,0,2,72.4454,5767168,2490368,0,0,0.545726,99.9209,0,822083584,0,265617408,2097152,252837888,155189248,0,56819712,0,2,9.25014,0,0,0,1,1,2,17.1223,100,82.3782,1024,5928,0,0,54
conv,12649,2097152,128,8,16,1,4,2,4,1,0,8,16,8,57505072,23056186,2,96607696,23068681,2,108920832,82.5689,1,60.0535,6291456,3670016,182976512,20971520,0.952933,100.208,0,822083584,0,1034256384,104857600,980549632,245366784,0,118816768,0,1,1.78525,0,0,0,1,1,2,6.10399,100,83.8243,1024,5776,320,0,32
conv,11731,2097152,128,8,16,1,4,2,4,1,1,8,16,8,50323013,23056142,2,81383200,23068681,2,108920832,80.7013,1,72.4454,5767168,2490368,182976512,20971520,0.609261,99.67,0,822083584,0,1034256384,104857600,1022492672,377487360,0,124256256,0,1,1.93067,0,0,0,1,1,2,6.87396,100,84.5324,1024,5928,320,0,44
conv,2445,2097152,128,8,16,1,4,2,4,7,0,8,16,3,2103431,2064530,2,18153704,2097161,2,17432576,0,2,60.0535,6291456,3670016,0,0,0.480701,100.084,0,822083584,0,270073856,2097152,206700544,161480704,0,55771136,0,2,9.3515,0,0,0,1,1,2,17.3056,100,81.944,1024,5776,0,0,64
conv,2449,2097152,128,8,16,1,4,2,4,7,1,8,16,3,2104418,2064422,2,18153520,2097161,2,17432576,0,2,72.4454,5767168,2490368,0,0,0.604604,99.8431,0,822083584,0,270073856,2097152,248643584,140509184,0,56426496,0,2,9.30071,0,0,0,1,1,2,16.8015,100,82.1537,1024,5928,0,0,48
conv,8324,1048576,128,8,16,1,4,4,1,1,0,8,16,8,32140372,15181732,3,80753820,21495817,3,96632832,76.7348,1,54.162,3932160,3375104,171704320,13107200,0.554056,99.9924,0,822083584,0,763527168,56623104,857276416,285212672,0,100556800,0,1,2.7277,0,0,0,1,1,3,8.64258,99.8961,86.5407,1024,10640,400,0,32
conv,7740,1048576,128,8,16,1,4,4,1,1,1,8,16,7,28158120,15176030,3,77897520,21495817,3,96632832,76.163,1,53.0984,4325376,3375104,171704320,13107200,0.493244,99.9082,0,822083584,0,763461632,56623104,860422144,380633088,0,103604224,0,1,2.94191,0,0,0,1,1,3,9.09624,99.8992,86.9663,1024,10920,400,0,48
conv,1752,1048576,128,8,16,1,4,4,1,7,0,8,16,3,2116202,2068530,3,15368488,8388617,2,10780672,0,2,54.162,3932160,3375104,0,0,0.368778,99.4436,0,822083584,0,210501632,5242880,144244736,98566144,0,56025088,0,3,13.0015,0,0,0,1,1,2,25.9948,99.8136,71.4322,768,10640,0,0,80
conv,1731,1048576,128,8,16,1,4,4,1,7,1,8,16,4,2115694,2068506,3,15368776,8388617,2,10780672,0,2,53.0984,4325376,3375104,0,0,0.369005,99.8209,0,822083584,0,210632704,5242880,147390464,96468992,0,56123392,0,3,13.1684,0,0,0,1,1,2,26.1284,99.8139,71.3728,768,10920,0,0,80
conv,8171,1048576,128,8,16,1,4,4,2,1,0,8,16,8,31600299,15182494,2,80280296,17301513,3,96632832,79.9052,1,54.162,3932160,3375104,171704320,13107200,0.555041,99.6696,0,822083584,0,612532224,56623104,848887808,287309824,0,95641600,0,1,2.78133,0,0,0,1,1,3,7.46009,99.8908,85.849,1024,10640,400,0,32
conv,7893,1048576,128,8,16,1,4,4,2,1,1,8,16,7,28128133,15175994,2,75662232,17301513,3,96632832,79.0451,1,53.0984,4325376,3375104,171704320,13107200,0.494515,99.8794,0,822083584,0,612466688,56623104,852033536,331350016,0,97083392,0,1,2.88151,0,0,0,1,1,3,7.84115,99.8924,86.0908,1024,10920,400,0,48
conv,1615,1048576,128,8,16,1,4,4,2,7,0,8,16,4,2118840,2068534,3,15368240,4194313,2,10780672,0,2,54.162,3932160,3375104,0,0,0.369597,98.0362,0,822083584,0,218038272,5242880,135856128,99614720,0,56123392,0,3,14.1824,0,0,0,1,1,2,28.4494,99.8139,71.3181,768,10640,0,0,80
conv,1492,1048576,128,8,16,1,4,4,2,7,1,8,16,4,2117870,2068522,3,15368248,4194313,2,10780672,0,2,53.0984,4325376,3375104,0,0,0.431053,99.9129,0,822083584,0,218038272,5242880,139001856,100663296,0,56254464,0,3,15.361,0,0,0,1,1,2,30.3722,99.8143,71.3849,896,10920,0,0,72
conv,8344,1048576,128,8,16,1,4,4,4,1,0,8,16,8,32973960,15182202,2,72351880,15204409,3,96632832,80.0053,1,54.162,3932160,3375104,171704320,13107200,0.554538,99.7458,0,822083584,0,616660992,56623104,844693504,329252864,0,96919552,0,1,2.71999,0,0,0,1,1,3,7.39434,99.8922,86.0673,1024,10640,400,0,40
conv,8148,1048576,128,8,16,1,4,4,4,1,1,8,16,7,28047798,15174310,2,77304528,15204361,3,96632832,81.433,1,53.0984,4325376,3375104,171704320,13107200,0.493337,99.4853,0,822083584,0,616660992,56623104,847839232,342884352,0,97443840,0,1,2.78832,0,0,0,1,1,3,7.53201,99.8928,86.1423,1024,10920,400,0,48
conv,1563,1048576,128,8,16,1,4,4,4,7,0,8,16,4,2119107,2064846,2,15368568,2097161,2,10780672,0,2,54.162,3932160,3375104,0,0,0.370258,99.5879,0,822083584,0,222167040,5242880,131661824,94371840,0,55926784,0,3,14.5968,0,0,0,1,1,2,29.217,99.8132,71.2722,768,10640,0,0,80
conv,1483,1048576,128,8,16,1,4,4,4,7,1,8,16,4,2119517,2064918,2,15368240,2097161,2,10780672,0,2,53.0984,4325376,3375104,0,0,0.431767,99.8395,0,822083584,0,222232576,5242880,134807552,92274688,0,55992320,0,3,15.4323,0,0,0,1,1,2,30.8314,99.8135,71.2509,896,10920,0,0,72
conv,6546,524288,128,8,16,1,4,8,1,1,0,8,16,5,10670083,11245924,2,59717680,17563657,3,90259456,71.1933,1,43.1047,3145728,3915776,166068224,9175040,0.246227,99.3585,0,822083584,0,482344960,36700160,804028416,298319872,0,84725760,0,1,3.46016,0,0,0,1,1,3,9.26464,99.7136,90.1245,1024,20368,560,0,64
conv,6530,524288,128,8,16,1,4,8,1,1,1,8,16,5,10543684,11244489,3,61897128,17563705,3,90259456,71.7553,1,46.7801,3342336,3129344,166068224,9175040,0.246382,99.0121,0,822083584,0,482344960,36700160,805601280,337641472,0,86003712,0,1,3.47348,0,0,0,1,1,3,9.17175,99.7178,90.2712,896,20904,560,0,67
conv,2200,524288,128,8,16,1,4,8,1,7,0,8,16,3,2246427,2068506,2,14053648,8388617,1,7225344,0,2,44.1723,2752512,3915776,0,0,0.247711,99.7073,0,822083584,0,223117312,11010048,106725376,54525952,0,50663424,0,2,10.425,0,0,0,1,1,1,18.973,99.521,75.095,512,20368,0,0,128
conv,2209,524288,128,8,16,1,4,8,1,7,1,8,16,3,2236890,2068851,2,14049112,8388617,1,7225344,0,1,49.5417,3014656,3129344,0,0,0.247608,99.6427,0,822083584,0,223117312,11010048,108822528,51904512,0,50647040,0,2,10.3901,0,0,0,1,1,1,18.8953,99.5208,75.0869,512,20904,0,0,128
conv,6314,524288,128,8,16,1,4,8,2,1,0,8,16,5,10899431,11243550,2,61881312,13369353,3,90259456,75.2629,1,43.1047,3145728,3915776,166068224,9175040,0.246772,98.6038,0,822083584,0,498073600,36700160,795639808,453509120,0,89804800,0,1,3.58138,0,0,0,1,1,3,10.3785,99.7298,90.683,1024,20368,560,0,64
conv,6345,524288,128,8,16,1,4,8,2,1,1,8,16,5,10659696,11243550,2,62857480,13369353,3,90259456,76.3878,1,46.7801,3342336,3129344,166068224,9175040,0.246961,98.9681,0,822083584,0,498073600,36700160,797212672,492830720,0,91082752,0,1,3.57865,0,0,0,1,1,3,10.284,99.7336,90.8137,896,20904,560,0,67
conv,1936,524288,128,8,16,1,4,8,2,7,0,8,16,3,2211585,2068506,2,14070592,4194313,1,7225344,0,2,44.1723,2752512,3915776,0,0,0.247921,99.2713,0,822083584,0,232062976,11010048,98336768,57147392,0,50663424,0,2,11.7977,0,0,0,1,1,1,21.5808,99.521,75.2911,512,20368,0,0,126
conv,2001,524288,128,8,16,1,4,8,2,7,1,8,16,3,2210048,2068593,2,14051392,4194313,1,7225344,0,2,49.5417,3014656,3129344,0,0,0.247692,99.511,0,822083584,0,232095744,11010048,100433920,52953088,0,50614272,0,2,11.464,0,0,0,1,1,1,21.0373,99.5205,75.2367,512,20904,0,0,111
conv,5878,524288,128,8,16,1,4,8,4,1,0,8,16,5,10079453,11241786,3,60415056,11272201,3,90259456,77.6365,1,43.1047,3145728,3915776,166068224,9175040,0.247058,99.4369,0,822083584,0,502267904,36700160,791445504,403177472,0,88231936,0,1,3.85422,0,0,0,1,1,4,11.3324,99.7249,90.5169,896,20368,560,0,68
conv,6388,524288,128,8,16,1,4,8,4,1,1,8,16,5,10622468,11241566,2,61656508,11272201,3,90259456,77.8957,1,46.7801,3342336,3129344,166068224,9175040,0.247033,99.0337,0,822083584,0,502267904,36700160,793018368,466092032,0,90247168,0,1,3.54751,0,0,0,1,1,3,10.5235,99.7311,90.7287,896,20904,560,0,72
conv,1858,524288,128,8,16,1,4,8,4,7,0,8,16,3,2213460,2064722,2,14027424,2097161,1,7225344,0,2,44.1723,2752512,3915776,0,0,0.248321,99.1768,0,822083584,0,236224512,11010048,94142464,54001664,0,50548736,0,2,12.2072,0,0,0,1,1,1,22.4453,99.5199,75.2654,512,20368,0,0,127
conv,1967,524288,128,8,16,1,4,8,4,7,1,8,16,3,2211773,2064502,2,14075296,2097161,1,7225344,0,2,49.5417,3014656,3129344,0,0,0.24784,99.2118,0,822083584,0,236290048,11010048,96239616,54525952,0,50663424,0,2,11.7047,0,0,0,1,1,1,21.7243,99.521,75.2607,512,20904,0,0,111
conv,17923,2097152,128,8,16,1,8,1,1,1,0,8,16,9,88492825,27779806,2,130177700,42467337,2,119930880,73.7649,1,48.0486,12845056,2162688,205520896,25690112,0.755614,100.894,0,822083584,0,1294630912,102760448,1199702016,157286400,0,138870784,0,1,1.24278,0,0,0,1,1,2,5.71613,100,80.4809,1024,6160,392,0,32
conv,18062,2097152,128,8,16,1,8,1,1,1,1,8,16,8,87702157,27779218,2,130012392,42467337,2,119930880,73.7394,1,48.0486,12845056,2162688,205520896,25690112,0.745375,100.262,0,822083584,0,1294630912,102760448,1302462464,157286400,0,142082048,0,1,1.25038,0,0,0,1,1,2,5.95275,100,80.9221,1024,6248,392,0,32
conv,2703,2097152,128,8,16,1,8,1,1,7,0,8,16,2,2103315,2068550,3,28442672,16777225,2,17170432,0,2,48.0486,12845056,2162688,0,0,0.362987,99.8727,0,822083584,0,211091456,2097152,274857984,161480704,0,62259200,0,2,8.48205,0,0,0,1,1,2,17.7446,100,73.8651,768,6160,0,0,80
conv,2649,2097152,128,8,16,1,8,1,1,7,1,8,16,2,2103339,2068506,3,28442696,16777225,2,17170432,0,3,48.0486,12845056,2162688,0,0,0.48416,100.201,0,822083584,0,211484672,2097152,377618432,161480704,0,65536000,0,2,8.65531,0,0,0,1,1,2,18.3344,100,75.0906,1024,6248,0,0,64
conv,17581,2097152,128,8,16,1,8,1,2,1,0,8,16,8,83301384,27778838,2,129905512,34078729,2,119930880,77.4953,1,48.0486,12845056,2162688,205520896,25690112,0.730225,100.388,0,822083584,0,1306820608,102760448,1191313408,146800640,0,138608640,0,1,1.3,0,0,0,1,1,2,6.00939,100,80.4824,1024,6160,392,0,32
conv,17623,2097152,128,8,16,1,8,1,2,1,1,8,16,8,85009552,27779526,2,129969376,34078729,2,119930880,77.6184,1,48.0486,12845056,2162688,205520896,25690112,0.732272,100.54,0,822083584,0,1306820608,102760448,1294073856,146800640,0,141819904,0,1,1.27823,0,0,0,1,1,2,6.06527,100,80.9244,1024,6248,392,0,32
conv,2528,2097152,128,8,16,1,8,1,2,7,0,8,16,3,2103363,2068522,3,28442976,8388617,2,17170432,0,3,48.0486,12845056,2162688,0,0,0.366316,100.043,0,822083584,0,224067584,2097152,266469376,150994944,0,62128128,0,2,9.0396,0,0,0,1,1,2,18.6946,100,73.7243,768,6160,0,0,78
conv,2540,2097152,128,8,16,1,8,1,2,7,1,8,16,3,2103315,2068526,3,28442808,8388665,2,17170432,0,3,48.0486,12845056,2162688,0,0,0.488384,99.8977,0,822083584,0,224067584,2097152,369229824,161480704,0,65667072,0,2,8.99504,0,0,0,1,1,2,19.1577,100,75.1403,1024,6248,0,0,64
conv,17562,2097152,128,8,16,1,8,1,4,1,0,8,16,9,87091833,27779522,2,130122324,29884425,2,119930880,79.4886,1,48.0486,12845056,2162688,205520896,25690112,0.731512,97.7334,0,822083584,0,1308917760,102760448,1187119104,155189248,0,138805248,0,1,1.26271,0,0,0,1,1,2,6.00218,100,80.5101,1024,6160,392,0,32
conv,17262,2097152,128,8,16,1,8,1,4,1,1,8,16,8,81452401,27779578,2,129807760,29884553,2,119930880,79.5492,1,48.0486,12845056,2162688,205520896,25690112,0.72876,102.415,0,822083584,0,1308917760,102760448,1289879552,155189248,0,142016512,0,1,1.31644,0,0,0,1,1,2,6.14204,100,80.9508,1024,6248,392,0,32
conv,2495,2097152,128,8,16,1,8,1,4,7,0,8,16,3,2103315,2068534,3,28442672,4194313,2,17170432,0,3,48.0486,12845056,2162688,0,0,0.367714,99.8716,0,822083584,0,225771520,2097152,262275072,148897792,0,61931520,0,2,9.14535,0,0,0,1,1,2,18.9455,100,73.7269,768,6160,0,0,78
conv,2484,2097152,128,8,16,1,8,1,4,7,1,8,16,3,2103315,2068522,3,28442672,4194313,2,17170432,0,3,48.0486,12845056,2162688,0,0,0.490374,99.907,0,822083584,0,225771520,2097152,365035520,174063616,0,65929216,0,2,9.21149,0,0,0,1,1,2,19.8288,100,75.32,1024,6248,0,0,64
conv,12786,1048576,128,8,16,1,8,2,1,1,0,8,16,8,60820660,16763323,2,117661816,31457289,2,107151360,73.2709,1,41.2364,7340032,3211264,194248704,14680064,0.551837,100.23,0,822083584,0,750419968,52428800,952696832,74448896,0,96305152,0,1,1.77701,0,0,0,1,1,2,5.07948,100,86.0571,1024,10640,448,0,32
conv,12493,1048576,128,8,16,1,8,2,1,1,1,8,16,8,57940317,16762118,2,96608368,31457289,2,107151360,68.7607,1,45.7866,7340032,2162688,194248704,14680064,0.490638,99.0464,0,822083584,0,750419968,52428800,982056960,139460608,0,99254272,0,1,1.81069,0,0,0,1,1,2,5.31684,100,86.4714,1024,10792,448,0,47
conv,2274,1048576,128,8,16,1,8,2,1,7,0,8,16,3,2104694,2068574,3,23397256,16777225,1,10027008,0,2,41.2364,7340032,3211264,0,0,0.305328,100.156,0,822083584,0,199786496,1048576,146341888,56623104,0,51281920,0,2,10.1021,0,0,0,1,1,1,18.102,100,74.7025,640,10640,0,0,96
conv,2061,1048576,128,8,16,1,8,2,1,7,1,8,16,3,2116238,2068618,4,23396656,16777225,1,10027008,0,2,45.7866,7340032,2162688,0,0,0.367286,100.095,0,822083584,0,199917568,1048576,175702016,61865984,0,52396032,0,2,11.0677,0,0,0,1,1,2,19.8021,100,75.1857,768,10792,0,0,80
conv,12645,1048576,128,8,16,1,8,2,2,1,0,8,16,8,60208618,16764474,2,117395844,23068729,2,107151360,77.2514,1,41.2364,7340032,3211264,194248704,14680064,0.552228,99.784,0,822083584,0,602570752,52428800,944308224,120586240,0,92864512,0,1,1.79066,0,0,0,1,1,2,4.34948,100,85.5405,1024,10640,448,0,32
conv,12088,1048576,128,8,16,1,8,2,2,1,1,8,16,8,57594047,16763398,2,99815412,23068681,2,107151360,74.1321,1,45.7866,7340032,2162688,194248704,14680064,0.490437,99.8908,0,822083584,0,602570752,52428800,973668352,199229440,0,96239616,0,1,1.88026,0,0,0,1,1,2,4.7734,100,86.0476,1024,10792,448,0,48
conv,1943,1048576,128,8,16,1,8,2,2,7,0,8,16,3,2104455,2068662,3,23396632,8388617,1,10027008,0,2,41.2364,7340032,3211264,0,0,0.306655,100.43,0,822083584,0,209354752,1048576,137953280,60817408,0,51478528,0,2,11.8708,0,0,0,1,1,2,21.1982,100,74.7434,640,10640,0,0,96
conv,1876,1048576,128,8,16,1,8,2,2,7,1,8,16,3,2105460,2068654,3,23396632,8388617,1,10027008,0,2,45.7866,7340032,2162688,0,0,0.30723,100.321,0,822083584,0,209354752,1048576,167313408,60817408,0,52396032,0,2,12.2557,0,0,0,1,1,2,22.0807,100,75.1857,640,10792,0,0,90
conv,12520,1048576,128,8,16,1,8,2,4,1,0,8,16,8,59862670,16763622,2,113883100,18874377,2,107151360,79.0838,1,41.2364,7340032,3211264,194248704,14680064,0.552383,99.4078,0,822083584,0,604667904,52428800,940113920,120586240,0,92798976,0,1,1.80035,0,0,0,1,1,2,4.38255,100,85.5303,1024,10640,448,0,32
conv,12262,1048576,128,8,16,1,8,2,4,1,1,8,16,8,57350624,16764178,2,98619132,18874377,2,107151360,76.4177,1,45.7866,7340032,2162688,194248704,14680064,0.490705,99.73,0,822083584,0,604667904,52428800,969474048,217055232,0,96731136,0,1,1.84921,0,0,0,1,1,2,4.65248,100,86.1185,1024,10792,448,0,46
conv,1965,1048576,128,8,16,1,8,2,4,7,0,8,16,3,2103499,2068638,3,23396400,4194313,1,10027008,0,2,41.2364,7340032,3211264,0,0,0.246218,100.083,0,822083584,0,211451904,1048576,133758976,57671680,0,51314688,0,2,11.6223,0,0,0,1,1,2,20.8708,100,74.6628,512,10640,0,0,108
conv,1667,1048576,128,8,16,1,8,2,4,7,1,8,16,4,2126617,2068706,3,23396608,4194313,2,10027008,0,3,45.7866,7340032,2162688,0,0,0.37003,100.531,0,822083584,0,211320832,1048576,163119104,62914560,0,52363264,0,3,13.9096,0,0,0,1,1,2,24.9903,100,75.2249,768,10792,0,0,80
conv,10650,524288,128,8,16,1,8,4,1,1,0,8,16,5,27400377,11248250,2,82515876,25952265,2,100941824,65.2818,1,27.4107,5767168,5128192,188612608,9175040,0.246602,100.104,0,822083584,0,454033408,36700160,889487360,143654912,0,80965632,0,1,2.13198,0,0,0,1,1,2,4.59509,99.7837,90.5461,1024,19600,560,0,48
conv,10579,524288,128,8,16,1,8,4,1,1,1,8,16,5,27176621,11243902,2,78615496,25952265,2,100941824,63.9525,1,36.8775,5111808,3031040,188612608,9175040,0.246559,99.9598,0,822083584,0,454033408,36700160,891584512,181403648,0,82210816,0,1,2.16056,0,0,0,1,1,2,4.93626,99.787,90.6893,896,19880,560,0,72
conv,2214,524288,128,8,16,1,8,4,1,7,0,8,16,3,2218131,2068506,3,20906160,16777225,1,6635520,0,2,28.1645,5242880,5128192,0,0,0.24613,99.3096,0,822083584,0,178601984,11010048,104103936,64487424,0,49704960,0,2,10.3952,0,0,0,1,1,1,18.5442,99.6477,74.2058,512,19600,0,0,120
conv,2191,524288,128,8,16,1,8,4,1,7,1,8,16,3,2235917,2068506,3,20890896,16777225,1,6635520,0,2,37.5838,4915200,3031040,0,0,0.246746,99.3889,0,822083584,0,178601984,11010048,105676800,61341696,0,49655808,0,2,10.478,0,0,0,1,1,1,18.6904,99.6474,74.1803,512,19880,0,0,128
conv,10573,524288,128,8,16,1,8,4,2,1,0,8,16,5,27339233,11248622,2,83668872,17563657,2,100941824,71.0491,1,27.4107,5767168,5128192,188612608,9175040,0.246779,99.4483,0,822083584,0,463470592,36700160,881098752,170393600,0,81833984,0,1,2.16332,0,0,0,1,1,2,4.76535,99.786,90.6464,1024,19600,560,0,48
conv,10792,524288,128,8,16,1,8,4,2,1,1,8,16,5,27239620,11250674,2,85053488,17563657,2,100941824,71.5128,1,36.8775,5111808,3031040,188612608,9175040,0.246789,98.9068,0,822083584,0,463470592,36700160,883195904,182452224,0,82276352,0,1,2.11931,0,0,0,1,1,2,4.63276,99.7872,90.6967,896,19880,560,0,72
conv,1889,524288,128,8,16,1,8,4,2,7,0,8,16,3,2249223,2068506,3,20891280,8388617,1,6635520,0,2,28.1645,5242880,5128192,0,0,0.246554,100.386,0,822083584,0,182239232,11010048,95715328,60817408,0,49426432,0,2,12.2127,0,0,0,1,1,1,21.4205,99.6457,74.0915,512,19600,0,0,120
conv,1914,524288,128,8,16,1,8,4,2,7,1,8,16,3,2279461,2068554,3,20888592,8388617,1,6635520,0,2,37.5838,4915200,3031040,0,0,0.246894,98.7246,0,822083584,0,182272000,11010048,97288192,59768832,0,49459200,0,2,12.0822,0,0,0,1,1,1,21.6888,99.646,74.0776,512,19880,0,0,128
conv,10388,524288,128,8,16,1,8,4,4,1,0,8,16,5,27494270,11243926,2,78891904,13369401,2,100941824,72.8181,1,27.4107,5767168,5128192,188612608,9175040,0.246943,99.877,0,822083584,0,465567744,36700160,876904448,144703488,0,80965632,0,1,2.2014,0,0,0,1,1,2,5.02249,99.7837,90.5461,1024,19600,560,0,57
conv,10059,524288,128,8,16,1,8,4,4,1,1,8,16,5,27459040,11243970,2,80597000,13369353,2,100941824,73.2287,1,36.8775,5111808,3031040,188612608,9175040,0.247082,99.2848,0,822083584,0,465567744,36700160,879001600,182452224,0,82210816,0,1,2.2465,0,0,0,1,1,2,5.16318,99.787,90.6893,896,19880,560,0,72
conv,1768,524288,128,8,16,1,8,4,4,7,0,8,16,4,2229246,2068506,3,20896400,4194313,1,6635520,0,3,28.1645,5242880,5128192,0,0,0.247319,101.528,0,822083584,0,184369152,11010048,91521024,63438848,0,49459200,0,2,13.3717,0,0,0,1,1,1,23.3072,99.646,74.0776,512,19600,0,0,118
conv,1769,524288,128,8,16,1,8,4,4,7,1,8,16,4,2290172,2068538,3,20893488,4194313,1,6635520,0,2,37.5838,4915200,3031040,0,0,0.247319,99.1824,0,822083584,0,184369152,11010048,93093888,65536000,0,49573888,0,2,13.1525,0,0,0,1,1,1,23.518,99.6468,74.1376,512,19880,0,0,125
conv,6821,262144,128,8,16,1,8,8,1,1,0,8,16,3,5592964,8491090,3,72952124,23199753,3,97656832,62.2385,1,18.6885,6815744,5251072,185794560,6422528,0.122008,99.4322,0,822083584,0,339738624,39321600,868892672,275251200,0,80209920,0,1,3.3158,0,0,0,1,1,3,7.51109,99.5117,91.373,640,37520,784,0,96
conv,6614,262144,128,8,16,1,8,8,1,1,1,8,16,3,5246865,8491498,3,80825792,23199753,3,97656832,63.999,1,21.6246,5570560,4857856,185794560,6422528,0.122415,98.8788,0,822083584,0,339738624,39321600,863911936,308281344,0,81086464,0,1,3.45931,0,0,0,1,1,3,7.92251,99.517,91.4663,512,38056,784,0,128
conv,4334,262144,128,8,16,1,8,8,1,7,0,8,16,2,2310138,2902335,2,19995032,16777225,1,4759552,0,1,24.7274,3670016,5251072,0,0,0.124392,99.336,0,822083584,0,196575232,26476544,82984960,58458112,0,44279808,0,1,5.21768,0,0,0,1,1,1,8.32187,99.1154,83.7415,384,37520,0,0,164
conv,4243,262144,128,8,16,1,8,8,1,7,1,8,16,2,2301191,2869932,2,19994656,16777225,1,4759552,0,1,25.6553,3932160,4857856,0,0,0.124431,99.5864,0,822083584,0,196575232,26476544,84033536,56098816,0,44238848,0,1,5.32555,0,0,0,1,1,1,8.49642,99.1146,83.7264,384,38056,0,0,168
conv,6401,262144,128,8,16,1,8,8,2,1,0,8,16,3,5442777,8491290,3,71072052,14811145,3,97656832,67.4515,1,18.6885,6815744,5251072,185794560,6422528,0.122058,99.1669,0,822083584,0,347602944,39321600,860504064,277086208,0,80250880,0,1,3.55162,0,0,0,1,1,3,8.13653,99.5119,91.3774,640,37520,784,0,96
conv,6123,262144,128,8,16,1,8,8,2,1,1,8,16,3,5095172,8491210,3,72780008,14811145,3,97656832,68.0796,1,21.6246,5570560,4857856,185794560,6422528,0.122115,98.9796,0,822083584,0,347602944,39321600,855523328,283115520,0,80283648,0,1,3.71358,0,0,0,1,1,4,8.66621,99.5121,91.381,512,38056,784,0,128
conv,3908,262144,128,8,16,1,8,8,2,7,0,8,16,2,2303790,2329149,2,19994912,8388665,1,4759552,0,1,24.7274,3670016,5251072,0,0,0.124376,98.8545,0,822083584,0,200245248,26476544,74596352,59768832,0,44173312,0,1,5.79085,0,0,0,1,1,1,9.29234,99.1133,83.7023,384,37520,0,0,168
conv,3932,262144,128,8,16,1,8,8,2,7,1,8,16,2,2303625,2316319,2,19996232,8388617,1,4759552,0,1,25.6553,3932160,4857856,0,0,0.124531,98.7664,0,822083584,0,200245248,26476544,75644928,60555264,0,44230656,0,1,5.77561,0,0,0,1,1,1,9.26867,99.1145,83.7234,384,38056,0,0,168
conv,6332,262144,128,8,16,1,8,8,4,1,0,8,16,3,5445916,8491046,3,73551008,10616841,3,97656832,71.2181,1,18.6885,6815744,5251072,185794560,6422528,0.1222,99.8429,0,822083584,0,349700096,39321600,856309760,264241152,0,79783936,0,1,3.57557,0,0,0,1,1,3,8.01387,99.5091,91.327,640,37520,784,0,95
conv,5964,262144,128,8,16,1,8,8,4,1,1,8,16,3,5211031,8491154,3,67756596,10616841,3,97656832,69.5173,1,21.6246,5570560,4857856,185794560,6422528,0.12217,99.6628,0,822083584,0,349700096,39321600,851329024,271056896,0,79841280,0,1,3.81478,0,0,0,1,1,4,8.72053,99.5094,91.3332,512,38056,784,0,128
conv,3780,262144,128,8,16,1,8,8,4,7,0,8,16,2,2302868,2068650,2,19993296,4194313,1,4759552,0,1,24.7274,3670016,5251072,0,0,0.124385,99.24,0,822083584,0,203128832,26476544,70402048,59244544,0,44115968,0,1,6.01788,0,0,0,1,1,1,9.62099,99.1122,83.6811,384,37520,0,0,168
conv,3877,262144,128,8,16,1,8,8,4,7,1,8,16,2,2308778,2068837,2,19994912,4194313,1,4759552,0,1,25.6553,3932160,4857856,0,0,0.124378,99.3577,0,822083584,0,203128832,26476544,71450624,58982400,0,44140544,0,1,5.86512,0,0,0,1,1,1,9.39397,99.1127,83.6902,384,38056,0,0,168
conv,60474,40370176,308,8,16,2,1,1,1,1,0,14,22,8,175494968,181915817,2,231998576,182714505,2,364773376,86.7257,1,58.2507,44957696,1310720,256901120,179830784,0.744084,99.9368,0,822083584,0,9360113664,926416896,3426222080,635437056,0,807796736,0,1,0.374263,0,0,0,1,1,2,11.0504,59.4272,58.6869,1024,1232,200,0,32
conv,60476,40370176,308,8,16,2,1,1,1,1,1,14,22,8,175483381,181916863,2,232000360,182714377,2,364773376,86.7257,1,40.3978,64225280,2490368,256901120,179830784,0.744279,99.9323,0,822083584,0,9360113664,926416896,3426222080,635437056,0,807796736,0,1,0.374331,0,0,0,1,1,2,11.0529,59.4272,58.6869,1024,1320,200,0,32
conv,28594,40370176,308,8,16,2,1,1,1,7,0,14,22,1,2104243,2069026,1,52167816,2883593,2,184942592,0,1,58.2507,44957696,1310720,0,0,0.635734,99.9839,0,822083584,0,746586112,121110528,1782054912,987758592,0,215613440,0,1,0.790017,0,0,0,1,1,2,5.25366,65.4635,64.6353,1024,1232,0,0,31
conv,28595,40370176,308,8,16,2,1,1,1,7,1,14,22,1,2103795,2069054,1,52167520,2883593,2,184942592,0,1,40.3978,64225280,2490368,0,0,0.635736,99.9873,0,822083584,0,746586112,121110528,1782054912,987758592,0,215613440,0,1,0.790058,0,0,0,1,1,2,5.25375,65.4635,64.6353,1024,1320,0,0,31
conv,40280,17432576,266,8,16,2,1,2,1,1,0,14,19,7,99794335,104844456,1,130416800,105611273,1,195297280,86.2974,1,29.4163,51380224,2228224,144179200,102760448,0.643702,99.8023,0,822083584,0,3726770176,463339520,1563557888,369229824,0,368640000,0,1,0.557339,0,0,0,1,1,2,6.94541,60.0167,58.8733,1024,2128,224,0,40
conv,40761,17432576,266,8,16,2,1,2,1,1,1,14,19,7,99699123,104844880,1,130417592,105611321,1,195297280,86.2974,1,29.4163,51380224,2228224,144179200,102760448,0.643523,101.246,0,822083584,0,3726770176,463339520,1563557888,369229824,0,368640000,0,1,0.562382,0,0,0,1,1,2,6.90832,60.0167,58.8733,1024,2280,224,0,40
conv,14518,17432576,266,8,16,2,1,2,1,7,0,14,19,1,2104011,2068650,1,29492224,2850825,2,94371840,0,2,29.4163,51380224,2228224,0,0,0.835479,99.9783,0,822083584,0,579731456,52297728,984743936,478281728,0,143130624,0,1,1.55783,0,0,0,1,1,2,6.34851,64.2542,63.6905,1024,2128,0,0,32
conv,14517,17432576,266,8,16,2,1,2,1,7,1,14,19,1,2104251,2068658,1,29492224,2850825,2,94371840,0,2,29.4163,51380224,2228224,0,0,0.837454,99.9741,0,822083584,0,579731456,52297728,984743936,478281728,0,143130624,0,1,1.55786,0,0,0,1,1,2,6.34889,64.2542,63.6905,1024,2280,0,0,32
conv,23879,8257536,252,8,16,2,1,4,1,1,0,14,18,7,65657282,66317820,2,94262676,67108873,2,149946368,87.3057,1,56.2726,16056320,2031616,144179200,64225280,0.868114,100.812,0,822083584,0,2152333312,279838720,1196556288,665714688,0,265912320,0,1,0.959839,0,0,0,1,1,2,8.45303,61.2939,60.1294,1024,3920,280,0,32
conv,23716,8257536,252,8,16,2,1,4,1,1,1,14,18,7,65671643,66320922,2,94291464,67108873,2,149946368,87.2471,1,29.8105,32112640,2031616,144179200,64225280,0.867653,100.187,0,822083584,0,2152333312,279838720,1196556288,665714688,0,265912320,0,1,0.959034,0,0,0,1,1,2,8.49855,61.2939,60.1294,1024,4200,280,0,32
conv,7423,8257536,252,8,16,2,1,4,1,7,0,14,18,1,2213968,2068506,1,17564112,2883593,2,49020928,0,1,56.2726,16056320,2031616,0,0,0.827238,99.9963,0,822083584,0,423886848,24772608,588382208,258342912,0,103481344,0,1,3.05248,0,0,0,1,1,2,9.13929,64.5701,63.9447,1024,3920,0,0,32
conv,7422,8257536,252,8,16,2,1,4,1,7,1,14,18,1,2213407,2068506,1,17564064,2883593,2,49020928,0,2,29.8105,32112640,2031616,0,0,0.826715,99.9806,0,822083584,0,423886848,24772608,588382208,258342912,0,103481344,0,1,3.05258,0,0,0,1,1,2,9.14105,64.5701,63.9447,1024,4200,0,0,32
conv,16107,3899392,238,8,16,2,1,8,1,1,0,14,17,8,50796929,47049148,2,70801820,47808521,1,87818240,87.7385,1,34.8242,19267584,1933312,87818240,44957696,0.875558,100.173,0,822083584,0,1316126720,169050112,774209536,798392320,0,199016448,0,1,1.40848,0,0,0,1,1,2,9.76585,61.9273,60.9224,1024,7504,392,0,30
conv,16137,3899392,238,8,16,2,1,8,1,1,1,14,17,8,51007655,47049393,2,70819260,47808521,1,87818240,87.7116,1,56.0479,11239424,1933312,87818240,44957696,0.874589,100.1,0,822083584,0,1316126720,169050112,774209536,798392320,0,199016448,0,1,1.4089,0,0,0,1,1,2,9.77599,61.9273,60.9224,1024,8040,392,0,30
conv,3831,3899392,238,8,16,2,1,8,1,7,0,14,17,2,2201747,2068506,1,11698680,2850825,2,26345472,0,2,34.8242,19267584,1933312,0,0,0.870694,99.7479,0,822083584,0,358776832,11698176,390430720,138182656,0,85065728,0,2,5.92997,0,0,0,1,1,2,15.4024,63.6015,63.2295,1024,7504,0,0,32
conv,3829,3899392,238,8,16,2,1,8,1,7,1,14,17,2,2201747,2068506,1,11698224,2850825,2,26345472,0,2,56.0479,11239424,1933312,0,0,0.871128,99.7835,0,822083584,0,358776832,11698176,390430720,138182656,0,85065728,0,2,5.93464,0,0,0,1,1,2,15.409,63.6015,63.2295,1024,8040,0,0,32
conv,32779,15859712,242,8,16,2,2,1,1,1,0,11,22,8,119999361,82849906,2,170623852,87425033,2,216006656,86.0326,1,64.9796,22020096,2097152,282591232,80740352,0.883356,100.21,0,822083584,0,4369940480,418512896,1681522688,651689984,0,365821952,0,1,0.691775,0,0,0,1,1,2,7.9641,68.5037,67.8587,1024,1936,224,0,32
conv,32769,15859712,242,8,16,2,2,1,1,1,1,11,22,8,119481336,82848915,2,170621612,87425033,2,216006656,86.0348,1,37.0163,40370176,1966080,282591232,80740352,0.88161,100.132,0,822083584,0,4369940480,418512896,1916403712,332922880,0,361889792,0,1,0.692457,0,0,0,1,1,2,8.0523,68.5236,67.8717,1024,2024,224,0,32
conv,12674,15859712,242,8,16,2,2,1,1,7,0,11,22,1,2103795,2068806,1,29360696,6684681,2,74711040,0,1,64.9796,22020096,2097152,0,0,0.613403,99.9762,0,822083584,0,462684160,15859712,741998592,384172032,0,104726528,0,1,1.78448,0,0,0,1,1,2,5.47364,72.6651,72.4147,1024,1936,0,0,38
conv,12697,15859712,242,8,16,2,2,1,1,7,1,11,22,1,2103603,2068554,1,29360472,6684681,2,74711040,0,2,37.0163,40370176,1966080,0,0,0.822147,99.9927,0,822083584,0,462684160,15859712,976879616,434503680,0,118095872,0,1,1.78201,0,0,0,1,1,2,5.90169,71.986,71.764,1024,2024,0,0,32
conv,32774,15859712,242,8,16,2,2,1,2,1,0,11,22,8,119621554,82849784,2,165508718,82968585,2,216006656,89.3174,1,67.9332,22020096,1048576,282591232,80740352,0.871601,99.7259,0,822083584,0,4412801024,450232320,1641414656,660078592,0,369098752,0,1,0.691442,0,0,0,1,1,2,7.53883,68.5269,67.6192,1024,1936,224,0,32
conv,32658,15859712,242,8,16,2,2,1,2,1,1,11,22,8,119651062,82847022,2,165561802,82968585,2,216006656,89.3232,1,37.0163,40370176,1966080,282591232,80740352,0.880221,99.8196,0,822083584,0,4412801024,450232320,1892155392,341311488,0,365690880,0,1,0.692144,0,0,0,1,1,2,8.14808,68.5842,67.668,1024,2024,224,0,32
conv,12398,15859712,242,8,16,2,2,1,2,7,0,11,22,1,2103315,2068686,1,24313904,2228233,2,74711040,0,1,67.9332,22020096,1048576,0,0,0.632337,99.983,0,822083584,0,513015808,47579136,701890560,408420352,0,108134400,0,1,1.82429,0,0,0,1,1,2,5.90258,72.7462,72.0455,1024,1936,0,0,37
conv,12294,15859712,242,8,16,2,2,1,2,7,1,11,22,1,2104043,2068578,1,24314640,2228361,2,74711040,0,2,37.0163,40370176,1966080,0,0,0.750394,99.9521,0,822083584,0,513015808,47579136,952631296,483917824,0,123207680,0,1,1.84036,0,0,0,1,1,2,6.52975,72.121,71.506,1024,2024,0,0,32
conv,20168,6848512,209,8,16,2,2,2,1,1,0,11,19,7,58679909,48236074,2,99235072,52805641,2,149159936,83.1084,1,34.4055,24117248,2752512,220594176,46137344,0.83892,99.9142,0,822083584,0,2072543232,267157504,1126989824,598769664,0,224067584,0,1,1.12463,0,0,0,1,1,2,7.78938,69.5571,68.165,1024,3344,256,0,32
conv,22157,6848512,209,8,16,2,2,2,1,1,1,11,19,6,47620003,48222349,2,98864392,52805641,2,149159936,83.0763,1,33.5863,24510464,3014656,220594176,46137344,0.463947,99.7823,0,822083584,0,2072543232,267157504,1143767040,573603840,0,223674368,0,1,1.0205,0,0,0,1,1,2,7.0306,69.5622,68.1677,1024,3496,256,0,42
conv,6510,6848512,209,8,16,2,2,2,1,7,0,11,19,1,2103315,2068522,1,19005672,6668297,2,38862848,0,2,34.4055,24117248,2752512,0,0,0.835489,99.979,0,822083584,0,376406016,34242560,418152448,203816960,0,80904192,0,1,3.48205,0,0,0,1,1,2,8.8366,72.3307,71.6396,1024,3344,0,0,32
conv,6501,6848512,209,8,16,2,2,2,1,7,1,11,19,1,2103619,2068662,1,19006152,6668297,2,38862848,0,2,33.5863,24510464,3014656,0,0,0.624946,99.9686,0,822083584,0,376406016,34242560,434929664,219054080,0,82313216,0,1,3.48718,0,0,0,1,1,2,8.85482,72.3079,71.6287,1024,3496,0,0,34
conv,20219,6848512,209,8,16,2,2,2,2,1,0,11,19,7,61527809,48224141,2,94584550,48365577,2,149159936,88.4312,1,35.712,24117248,1769472,220594176,46137344,0.865412,99.8923,0,822083584,0,1947041792,239763456,1091207168,547749888,0,215351296,0,1,1.12053,0,0,0,1,1,2,7.40208,68.5959,67.4457,1024,3344,256,0,32
conv,21819,6848512,209,8,16,2,2,2,2,1,1,11,19,6,48635693,48212059,2,94203952,48365577,2,149159936,88.3889,1,34.3636,24510464,2392064,220594176,46137344,0.473014,100.108,0,822083584,0,1947041792,239763456,1114832896,480641024,0,213221376,0,1,1.04588,0,0,0,1,1,2,6.79153,68.6439,67.4821,1024,3496,256,0,46
conv,6275,6848512,209,8,16,2,2,2,2,7,0,11,19,1,2103331,2068514,1,14319664,2228233,2,38862848,0,2,35.712,24117248,1769472,0,0,0.874098,99.9787,0,822083584,0,359366656,20545536,382369792,223248384,0,79659008,0,1,3.61214,0,0,0,1,1,2,9.00534,71.3454,70.9122,1024,3344,0,0,32
conv,6264,6848512,209,8,16,2,2,2,2,7,1,11,19,1,2103315,2068506,1,14319664,2228233,2,38862848,0,2,34.3636,24510464,2392064,0,0,0.875546,99.9749,0,822083584,0,359366656,20545536,405995520,219054080,0,80478208,0,1,3.61837,0,0,0,1,1,2,9.13661,71.3737,70.9449,1024,3496,0,0,32
conv,11676,3244032,198,8,16,2,2,4,1,1,0,11,18,7,32221643,30915021,2,66749830,35520521,2,115736576,80.3931,1,46.9547,10485760,2359296,189595648,28835840,0.556643,99.9592,0,822083584,0,1291878400,157908992,850624512,590282752,0,168378368,0,1,1.9403,0,0,0,1,1,3,9.67895,70.0405,68.9069,1024,6160,320,0,40
conv,11688,3244032,198,8,16,2,2,4,1,1,1,11,18,7,30850423,30923419,2,65731808,35520521,2,115736576,80.1955,1,36.5203,14090240,2424832,189595648,28835840,0.466988,100.305,0,822083584,0,1291878400,157908992,861110272,684654592,0,173293568,0,1,1.95407,0,0,0,1,1,3,10.0345,69.9448,68.8434,1024,6440,320,0,48
conv,3446,3244032,198,8,16,2,2,4,1,7,0,11,18,2,2204746,2068506,1,13369632,6684681,2,20938752,0,2,46.9547,10485760,2359296,0,0,0.534721,99.8806,0,822083584,0,337608704,16220160,257130496,111378432,0,68616192,0,2,6.59669,0,0,0,1,1,2,15.0004,71.0244,70.3379,1024,6160,0,0,46
conv,3443,3244032,198,8,16,2,2,4,1,7,1,11,18,2,2206551,2068506,1,13370144,6684681,2,20938752,0,2,36.5203,14090240,2424832,0,0,0.605767,99.8985,0,822083584,0,337608704,16220160,267616256,113475584,0,69206016,0,2,6.60805,0,0,0,1,1,2,15.1249,70.9872,70.3066,1024,6440,0,0,40
conv,11587,3244032,198,8,16,2,2,4,2,1,0,11,18,7,32530833,30918322,2,62481154,31064073,2,115736576,87.8978,1,49.8814,10485760,1605632,189595648,28835840,0.554968,99.8774,0,822083584,0,1094221824,131956736,817004544,535625728,0,157155328,0,1,1.96189,0,0,0,1,1,3,9.02413,68.5252,67.626,1024,6160,320,0,40
conv,11503,3244032,198,8,16,2,2,4,2,1,1,11,18,7,30930634,30910286,2,61448414,31064073,2,115736576,87.7575,1,37.4491,14090240,2015232,189595648,28835840,0.466449,99.9302,0,822083584,0,1094221824,131956736,833798144,629997568,0,162283520,0,1,1.97358,0,0,0,1,1,3,9.45222,68.5004,67.6297,1024,6440,320,0,48
conv,3218,3244032,198,8,16,2,2,4,2,7,0,11,18,2,2213552,2068506,1,9093168,2228233,2,20938752,0,2,49.8814,10485760,1605632,0,0,0.623734,99.9053,0,822083584,0,288849920,9732096,223510528,118816768,0,65667072,0,2,7.06424,0,0,0,1,1,2,15.5093,70.0817,69.6217,1024,6160,0,0,40
conv,3214,3244032,198,8,16,2,2,4,2,7,1,11,18,2,2213947,2068506,1,9093184,2228233,2,20938752,0,2,37.4491,14090240,2015232,0,0,0.621077,99.96,0,822083584,0,288849920,9732096,240304128,107184128,0,65880064,0,2,7.07964,0,0,0,1,1,2,15.5391,70.1085,69.6414,1024,6440,0,0,40
conv,8542,1531904,187,8,16,2,2,8,1,1,0,11,17,7,25301230,22266576,2,61165436,26853385,3,98959360,80.3594,1,52.9534,5505024,2850816,174096384,20185088,0.550032,100.261,0,822083584,0,807927808,59039744,712531968,560332800,0,135020544,0,1,2.65308,0,0,0,1,1,3,13.1236,69.0382,68.5524,1024,11792,448,0,54
conv,9016,1531904,187,8,16,2,2,8,1,1,1,11,17,7,25536762,22269279,2,65267508,26853385,2,98959360,81.7196,1,44.6384,7684096,2228224,174096384,20185088,0.547093,100.657,0,822083584,0,807927808,59039744,719872000,611147776,0,137723904,0,1,2.54478,0,0,0,1,1,3,11.1596,69.0026,68.5264,1024,12328,448,0,52
conv,1910,1531904,187,8,16,2,2,8,1,7,0,11,17,3,2201747,2068506,2,10584120,6668297,2,11911168,0,2,52.9534,5505024,2850816,0,0,0.442409,99.6866,0,822083584,0,309370880,7659520,176709632,65323008,0,60260352,0,3,11.9805,0,0,0,1,1,2,25.1563,72.0054,71.6239,1024,11792,0,0,64
conv,1902,1531904,187,8,16,2,2,8,1,7,1,11,17,3,2201771,2068506,2,10584136,6668297,2,11911168,0,2,44.6384,7684096,2228224,0,0,0.441483,100.024,0,822083584,0,309370880,7659520,184049664,64839680,0,60604416,0,3,12.0095,0,0,0,1,1,2,25.0173,71.9502,71.5709,1024,12328,0,0,63
conv,8874,1531904,187,8,16,2,2,8,2,1,0,11,17,7,26214227,22268069,2,61119670,22413321,2,98959360,89.6058,1,63.0987,5505024,1507328,174096384,20185088,0.545729,99.6566,0,822083584,0,752779264,55975936,679993344,607600640,0,134332416,0,1,2.56059,0,0,0,1,1,3,11.5482,68.3195,67.892,1024,11792,448,0,54
conv,8871,1531904,187,8,16,2,2,8,2,1,1,11,17,7,25843328,22265539,2,59256282,22413321,2,98959360,89.2047,1,46.3229,7684096,1867776,174096384,20185088,0.547392,99.7403,0,822083584,0,752779264,55975936,693370880,656883712,0,137183232,0,1,2.56114,0,0,0,1,1,3,11.0987,68.3292,67.9086,1024,12328,448,0,52
conv,1698,1531904,187,8,16,2,2,8,2,7,0,11,17,4,2201747,2068506,1,6496304,2228233,2,11911168,0,2,63.0987,5505024,1507328,0,0,0.53541,100.379,0,822083584,0,254222336,4595712,144171008,59678720,0,57114624,0,3,13.4903,0,0,0,1,1,2,26.8198,70.5541,70.2946,1024,11792,0,0,56
conv,1730,1531904,187,8,16,2,2,8,2,7,1,11,17,4,2201747,2068506,1,6496304,2228233,2,11911168,0,2,46.3229,7684096,1867776,0,0,0.547171,99.3716,0,822083584,0,254222336,4595712,157548544,57581568,0,57556992,0,3,13.3353,0,0,0,1,1,2,27.0885,70.6292,70.3668,1024,12328,0,0,56
conv,26235,7208960,220,8,16,2,4,1,1,1,0,10,22,9,122483614,47966072,2,151940932,54263817,2,164233216,84.5372,1,70.5357,11468800,2752512,256901120,45875200,0.815133,99.9589,0,822083584,0,2413559808,222953472,1399980032,209977344,0,196673536,0,1,0.864051,0,0,0,1,1,2,5.22217,81.2958,80.5357,1024,3344,280,0,31
conv,26182,7208960,220,8,16,2,4,1,1,1,1,10,22,9,122525018,47966234,2,151939508,54263817,2,164233216,84.5389,1,75.4002,11468800,1835008,256901120,45875200,0.817221,100.138,0,822083584,0,2413559808,222953472,1546780672,209977344,0,202407936,0,1,0.863549,0,0,0,1,1,2,5.39679,81.2591,80.5205,1024,3432,280,0,32
conv,5603,7208960,220,8,16,2,4,1,1,7,0,10,22,1,2103331,2068530,1,23494720,8388617,2,35782656,0,1,70.5357,11468800,2752512,0,0,0.458241,99.9807,0,822083584,0,241434624,7208960,431095808,182976512,0,63373312,0,1,4.04846,0,0,0,1,1,2,8.09903,83.4281,83.0791,1024,3344,0,0,52
conv,5603,7208960,220,8,16,2,4,1,1,7,1,10,22,1,2103859,2068522,1,23495256,8388617,2,35782656,0,1,75.4002,11468800,1835008,0,0,0.618941,99.9974,0,822083584,0,241434624,7208960,577896448,233308160,0,71073792,0,1,4.04865,0,0,0,1,1,2,8.43385,83.0567,82.7455,1024,3432,0,0,40
conv,26218,7208960,220,8,16,2,4,1,2,1,0,10,22,9,122284487,47965648,2,144203080,50069513,2,164233216,89.7274,1,76.5312,11468800,1638400,256901120,45875200,0.815753,100.233,0,822083584,0,2496397312,208535552,1364197376,165478400,0,196182016,0,1,0.864756,0,0,0,1,1,2,5.1879,81.2991,80.5485,1024,3344,280,0,31
conv,26175,7208960,220,8,16,2,4,1,2,1,1,10,22,9,122121219,47966219,2,144206512,50069641,2,164233216,89.7271,1,75.4002,11468800,1835008,256901120,45875200,0.808186,100.057,0,822083584,0,2496397312,222953472,1524695040,165478400,0,203063296,0,1,0.866482,0,0,0,1,1,2,5.45266,81.1915,80.5107,1024,3432,280,0,31
conv,5309,7208960,220,8,16,2,4,1,2,7,0,10,22,1,2103315,2068530,1,15761928,4194313,2,35782656,0,1,76.5312,11468800,1638400,0,0,0.473916,99.9569,0,822083584,0,339410944,7208960,395313152,200933376,0,66387968,0,1,4.2712,0,0,0,1,1,2,9.16822,83.65,83.0793,1024,3344,0,0,48
conv,5283,7208960,220,8,16,2,4,1,2,7,1,10,22,1,2103315,2068530,1,15761456,4194313,2,35782656,0,1,75.4002,11468800,1835008,0,0,0.638219,99.9867,0,822083584,0,339410944,21626880,555810816,209321984,0,73596928,0,1,4.29341,0,0,0,1,1,2,9.44852,83.1784,82.7248,1024,3432,0,0,40
conv,16238,3112960,190,8,16,2,4,2,1,1,0,10,19,8,73713232,28301217,2,100321880,34603017,2,133562368,80.8058,1,43.0572,10223616,3670016,228720640,26214400,0.771182,100.046,0,822083584,0,1078231040,137003008,994148352,222101504,0,126025728,0,1,1.39407,0,0,0,1,1,2,4.97527,81.8529,80.6772,1024,5776,320,0,32
conv,13317,3112960,190,8,16,2,4,2,1,1,1,10,19,7,44403961,28298218,2,90651548,34603017,2,133562368,79.4137,1,54.6594,8388608,2555904,228720640,26214400,0.465684,99.9506,0,822083584,0,1078231040,137003008,1036091392,335347712,0,132087808,0,1,1.70691,0,0,0,1,1,3,6.38068,81.7679,80.6461,1024,5928,320,0,42
conv,3007,3112960,190,8,16,2,4,2,1,7,0,10,19,2,2103315,2068658,2,17350936,8388617,2,19202048,0,2,43.0572,10223616,3670016,0,0,0.316117,99.9895,0,822083584,0,200736768,28016640,220299264,121438208,0,52690944,0,2,7.57705,0,0,0,1,1,2,13.5373,83.4169,82.591,896,5776,0,0,68
conv,3020,3112960,190,8,16,2,4,2,1,7,1,10,19,2,2103315,2068526,2,17350704,8388617,2,19202048,0,2,54.6594,8388608,2555904,0,0,0.461722,99.9139,0,822083584,0,200736768,28016640,262242304,124616704,0,54476800,0,2,7.53497,0,0,0,1,1,2,13.5157,83.2707,82.4718,1024,5928,0,0,54
conv,16126,3112960,190,8,16,2,4,2,2,1,0,10,19,8,73616175,28301846,2,92871468,30408713,2,133562368,87.94,1,48.5539,10223616,2097152,228720640,26214400,0.766208,99.9702,0,822083584,0,1050722304,130154496,962101248,215318528,0,123928576,0,1,1.40213,0,0,0,1,1,2,4.89061,81.3847,80.1969,1024,5776,320,0,32
conv,13311,3112960,190,8,16,2,4,2,2,1,1,10,19,7,45047517,28296294,2,83778452,30408713,2,133562368,86.9743,1,57.5907,8388608,1998848,228720640,26214400,0.464382,99.5118,0,822083584,0,1050722304,130154496,1009958912,328564736,0,130187264,0,1,1.70586,0,0,0,1,1,3,6.26375,81.3393,80.2086,1024,5928,320,0,44
conv,2736,3112960,190,8,16,2,4,2,2,7,0,10,19,2,2103331,2068514,1,10682424,4194313,2,19202048,0,2,48.5539,10223616,2097152,0,0,0.380889,99.8687,0,822083584,0,244432896,15564800,188252160,108658688,0,52330496,0,2,8.32198,0,0,0,1,1,2,15.067,82.8272,82.3487,1024,5776,0,0,64
conv,2708,3112960,190,8,16,2,4,2,2,7,1,10,19,2,2103315,2068490,1,10682416,4194313,2,19202048,0,2,57.5907,8388608,1998848,0,0,0.458605,99.9436,0,822083584,0,244432896,15564800,236109824,106561536,0,54083584,0,2,8.40887,0,0,0,1,1,2,15.2935,82.7865,82.3235,1024,5928,0,0,48
conv,10410,1474560,180,8,16,2,4,4,1,1,0,10,18,8,44765552,18465895,3,101261272,24772617,3,118292480,82.1421,1,41.3634,6225920,3342336,214630400,16384000,0.581863,99.8312,0,822083584,0,568721408,64651264,857702400,326959104,0,102834176,0,1,2.18977,0,0,0,1,1,3,6.41366,80.9189,80.2298,1024,10640,400,0,39
conv,8367,1474560,180,8,16,2,4,4,1,1,1,10,18,7,25895272,18452753,2,74569320,24772617,3,118292480,77.2494,1,38.3942,6881280,3768320,214630400,16384000,0.388696,99.6528,0,822083584,0,568721408,64651264,860848128,276627456,0,100990976,0,1,2.71086,0,0,0,1,1,3,7.67645,80.9357,80.234,1024,10920,400,0,61
conv,1724,1474560,180,8,16,2,4,4,1,7,0,10,18,4,2190850,2068506,3,14311472,8388617,2,10977280,0,2,41.3634,6225920,3342336,0,0,0.309839,99.8534,0,822083584,0,179273728,13271040,144670720,64028672,0,46899200,0,3,13.3124,0,0,0,1,1,2,22.3582,82.1157,81.5131,768,10640,0,0,80
conv,1704,1474560,180,8,16,2,4,4,1,7,1,10,18,4,2187712,2068506,3,14311840,8388617,2,10977280,0,3,38.3942,6881280,3768320,0,0,0.234718,99.8622,0,822083584,0,179273728,13271040,147816448,73465856,0,47390720,0,3,13.4578,0,0,0,1,1,2,22.8366,82.0938,81.4974,640,10920,0,0,96
conv,11245,1474560,180,8,16,2,4,4,2,1,0,10,18,8,49599292,18465624,2,109919072,20578441,2,118292480,90.4411,1,47.7396,6225920,2064384,214630400,16384000,0.682256,99.225,0,822083584,0,591544320,58753024,827523072,207765504,0,97828864,0,1,2.0136,0,0,0,1,1,3,5.28539,80.7816,80.1038,1024,10640,400,0,32
conv,9349,1474560,180,8,16,2,4,4,2,1,1,10,18,8,34974005,18453339,2,77566668,20578313,3,118292480,87.2241,1,41.3183,6881280,3014656,214630400,16384000,0.457087,99.7646,0,822083584,0,591544320,58753024,836116480,272777216,0,100687872,0,1,2.42226,0,0,0,1,1,3,6.45443,80.7771,80.1138,1024,10920,400,0,56
conv,1477,1474560,180,8,16,2,4,4,2,7,0,10,18,4,2194048,2068502,2,8159280,4194313,2,10977280,0,3,47.7396,6225920,2064384,0,0,0.311968,99.8941,0,822083584,0,202096640,7372800,114491392,59293696,0,46424064,0,3,15.5744,0,0,0,1,1,2,25.9127,81.647,81.1364,768,10640,0,0,80
conv,1452,1474560,180,8,16,2,4,4,2,7,1,10,18,4,2192118,2068498,2,8159280,4194313,2,10977280,0,3,41.3183,6881280,3014656,0,0,0.312652,99.6513,0,822083584,0,202096640,7372800,123084800,50479104,0,46407680,0,3,15.7671,0,0,0,1,1,2,26.4387,81.6714,81.1502,768,10920,0,0,80
conv,6785,696320,170,8,16,2,4,8,1,1,0,10,17,6,18958354,13546272,3,93853796,19857417,3,110624768,81.3114,1,36.6794,4825088,3473408,207585280,11468800,0.311513,99.3655,0,822083584,0,524124160,31956992,804200448,297664512,0,96813056,0,1,3.35466,0,0,0,1,1,4,9.7352,80.4649,80.0521,1024,20368,560,0,64
conv,6715,696320,170,8,16,2,4,8,1,1,1,10,17,7,19442551,13539678,3,90095992,19857417,3,110624768,80.9736,1,36.6811,5042176,3211264,207585280,11468800,0.310357,99.1144,0,822083584,0,524124160,31956992,805773312,336986112,0,98410496,0,1,3.37177,0,0,0,1,1,4,9.99675,80.4574,80.0513,768,20904,560,0,80
conv,1248,696320,170,8,16,2,4,8,1,7,0,10,17,5,2201883,2068506,3,12792040,8388617,1,6832128,0,3,37.6111,4358144,3473408,0,0,0.158659,99.6642,0,822083584,0,233496576,6266880,106897408,34471936,0,46673920,0,3,18.6256,0,0,0,1,1,2,31.8324,80.9599,80.56,512,20368,0,0,128
conv,1261,696320,170,8,16,2,4,8,1,7,1,10,17,5,2201747,2068570,3,12792152,8388617,1,6832128,0,3,38.2266,4751360,3211264,0,0,0.158731,99.8177,0,822083584,0,233496576,6266880,108994560,33320960,0,46710784,0,3,18.5332,0,0,0,1,1,2,31.3593,80.9593,80.5597,512,20904,0,0,128
conv,6497,696320,170,8,16,2,4,8,2,1,0,10,17,7,19168301,13538078,3,88228712,15663241,4,110624768,89.3482,1,44.7127,4825088,1982464,207585280,11468800,0.307637,100.059,0,822083584,0,481112064,29171712,774955008,345075712,0,95817728,0,1,3.50662,0,0,0,1,1,4,10.2766,80.326,79.9825,1024,20368,560,0,64
conv,6541,696320,170,8,16,2,4,8,2,1,1,10,17,7,19459850,13537743,3,86439412,15663113,4,110624768,89.0178,1,39.6314,5042176,2596864,207585280,11468800,0.306921,99.9461,0,822083584,0,481112064,29171712,781742080,333017088,0,95604736,0,1,3.48499,0,0,0,1,1,4,9.76445,80.3352,79.9884,768,20904,560,0,80
conv,959,696320,170,8,16,2,4,8,2,7,0,10,17,6,2201747,2068506,2,6897712,4194313,2,6832128,0,3,46.4551,4358144,1982464,0,0,0.159712,98.3394,0,822083584,0,181047296,3481600,77651968,30924800,0,43319296,0,4,24.5461,0,0,0,1,1,2,39.6029,80.7164,80.4484,512,20368,0,0,128
conv,947,696320,170,8,16,2,4,8,2,7,1,10,17,6,2201747,2068506,3,6897712,4194313,2,6832128,0,3,41.4228,4751360,2596864,0,0,0.159522,99.8337,0,822083584,0,181047296,3481600,84963328,30400512,0,43577344,0,4,24.9105,0,0,0,1,1,2,39.4145,80.7307,80.4587,512,20904,0,0,128
conv,22545,3244032,198,8,16,2,8,1,1,1,0,9,22,9,114614084,30991932,2,144794580,45678601,2,133464064,75.853,1,40.7901,15253504,2424832,231211008,28901376,0.759726,99.7364,0,822083584,0,1305706496,110395392,1200848896,100139008,0,138002432,0,1,0.99507,0,0,0,1,1,2,4.50923,80.7254,80.1429,1024,6160,392,0,32
conv,22820,3244032,198,8,16,2,8,1,1,1,1,9,22,8,114616046,30991944,2,144778348,45678729,2,133464064,75.8186,1,39.0182,16056320,2424832,231211008,28901376,0.759133,99.9679,0,822083584,0,1305706496,110395392,1303609344,100139008,0,142016512,0,1,0.996072,0,0,0,1,1,2,4.65265,80.7049,80.1389,1024,6248,392,0,32
conv,3253,3244032,198,8,16,2,8,1,1,7,0,9,22,2,2103315,2068846,3,29245536,16777225,1,17858560,0,2,40.7901,15253504,2424832,0,0,0.1614,99.7849,0,822083584,0,135856128,3244032,276004864,110624768,0,51920896,0,2,6.99793,0,0,0,1,1,2,12.1973,81.3348,81.1218,640,6160,0,0,84
conv,3246,3244032,198,8,16,2,8,1,1,7,1,9,22,2,2103315,2068538,3,29245488,16777225,1,17858560,0,3,39.0182,16056320,2424832,0,0,0.324503,99.8516,0,822083584,0,135856128,3244032,378765312,111575040,0,55984128,0,2,7.01179,0,0,0,1,1,2,12.3164,81.2207,81.0232,896,6248,0,0,72
conv,22021,3244032,198,8,16,2,8,1,2,1,0,9,22,8,109648778,30992186,2,132082738,37289993,2,133464064,85.2185,1,41.0564,15253504,2310144,231211008,28901376,0.709452,100.458,0,822083584,0,1335001088,129859584,1167228928,104759296,0,139116544,0,1,1.02973,0,0,0,1,1,2,4.69549,80.6523,79.9449,1024,6160,392,0,31
conv,22311,3244032,198,8,16,2,8,1,2,1,1,9,22,9,111975931,30992122,2,132147940,37289993,2,133464064,85.2241,1,39.0182,16056320,2424832,231211008,28901376,0.710686,99.3845,0,822083584,0,1335001088,129859584,1282605056,104759296,0,143589376,0,1,1.01444,0,0,0,1,1,2,4.85021,80.651,79.9656,1024,6248,392,0,31
conv,2864,3244032,198,8,16,2,8,1,2,7,0,9,22,2,2103419,2068742,2,16630064,8388617,2,17858560,0,3,41.0564,15253504,2310144,0,0,0.160898,100.025,0,822083584,0,239271936,3244032,242384896,105086976,0,54312960,0,2,7.94839,0,0,0,1,1,2,14.743,81.595,81.2462,640,6160,0,0,84
conv,2817,3244032,198,8,16,2,8,1,2,7,1,9,22,2,2103611,2068534,2,16630800,8388617,2,17858560,0,3,39.0182,16056320,2424832,0,0,0.319379,100.016,0,822083584,0,239271936,3244032,357761024,108134400,0,58916864,0,2,8.08994,0,0,0,1,1,2,15.5951,81.5194,81.1787,896,6248,0,0,72
conv,14683,1400832,171,8,16,2,8,2,1,1,0,9,19,8,70823850,18599490,2,122092186,33292297,2,119373824,73.9187,1,37.7219,8060928,3473408,218529792,16515072,0.690225,100.879,0,822083584,0,508887040,75194368,953049088,111583232,0,96772096,0,1,1.54822,0,0,0,1,1,2,3.68549,80.6138,79.7879,1024,10640,448,0,32
conv,14898,1400832,171,8,16,2,8,2,1,1,1,9,19,8,71371887,18603242,2,132063926,33292297,2,119373824,75.4933,1,39.8742,8749056,2162688,218529792,16515072,0.614049,99.874,0,822083584,0,508887040,75194368,982409216,199663616,0,101359616,0,1,1.51659,0,0,0,1,1,2,3.79663,80.586,79.7975,1024,10792,448,0,40
conv,2097,1400832,171,8,16,2,8,2,1,7,0,9,19,3,2103319,2068718,4,23798384,16777225,1,10108928,0,2,37.7219,8060928,3473408,0,0,0.159171,99.7389,0,822083584,0,119513088,23814144,146694144,57753600,0,45432832,0,2,10.9583,0,0,0,1,1,2,17.6511,81.2878,80.4662,512,10640,0,0,124
conv,1945,1400832,171,8,16,2,8,2,1,7,1,9,19,3,2103335,2068558,4,23797824,16777225,1,10108928,0,3,39.8742,8749056,2162688,0,0,0.233451,99.9372,0,822083584,0,119513088,23814144,176054272,53911552,0,46424064,0,2,11.8109,0,0,0,1,1,2,19.2544,81.2699,80.4659,640,10792,0,0,94
conv,15073,1400832,171,8,16,2,8,2,2,1,0,9,19,8,73613222,18600041,2,121592004,24903689,2,119373824,85.4951,1,43.1108,8060928,2031616,218529792,16515072,0.682821,100.01,0,822083584,0,571359232,63987712,922869760,104890368,0,97148928,0,1,1.50296,0,0,0,1,1,2,3.6477,80.5888,79.9414,1024,10640,448,0,32
conv,14287,1400832,171,8,16,2,8,2,2,1,1,9,19,8,68735209,18590374,2,115073884,24903689,2,119373824,84.9288,1,40.1759,8749056,2080768,218529792,16515072,0.460957,100.673,0,822083584,0,571359232,63987712,957677568,186679296,0,101687296,0,1,1.5944,0,0,0,1,1,2,3.97505,80.5753,79.9567,1024,10792,448,0,48
conv,1578,1400832,171,8,16,2,8,2,2,7,0,9,19,4,2103315,2068610,3,12902448,8388617,2,10108928,0,3,43.1108,8060928,2031616,0,0,0.157684,99.8338,0,822083584,0,181985280,12607488,116514816,51412992,0,45817856,0,3,14.5634,0,0,0,1,1,2,23.9196,81.2388,80.7957,512,10640,0,0,125
conv,1581,1400832,171,8,16,2,8,2,2,7,1,9,19,4,2103319,2068538,3,12902448,8388617,2,10108928,0,3,40.1759,8749056,2080768,0,0,0.235935,99.8068,0,822083584,0,181985280,12607488,151322624,46170112,0,46956544,0,3,14.5259,0,0,0,1,1,2,24.3705,81.2364,80.804,640,10792,0,0,94
conv,10767,663552,162,8,16,2,8,4,1,1,0,9,18,7,41831696,12399550,3,126680064,27099145,2,112394240,75.4181,1,22.914,7725056,5308416,212189184,10321920,0.308656,99.4073,0,822083584,0,402497536,36970496,889626624,112599040,0,88748032,0,1,2.10925,0,0,0,1,1,3,4.91145,80.211,79.7122,1024,19600,560,0,48
conv,10584,663552,162,8,16,2,8,4,1,1,1,9,18,7,41088937,12396812,3,121573116,27099273,2,112394240,74.5521,1,34.2422,5591040,3178496,212189184,10321920,0.309073,99.3199,0,822083584,0,402497536,36970496,891723776,155066368,0,90488832,0,1,2.13859,0,0,0,1,1,3,5.0202,80.2069,79.7178,1024,19880,560,0,64
conv,1858,663552,162,8,16,2,8,4,1,7,0,9,18,3,2212193,2068506,4,21074200,16777225,1,6299648,0,3,23.4119,7168000,5308416,0,0,0.157053,99.6155,0,822083584,0,106135552,11280384,104243200,32907264,0,42110976,0,2,12.4575,0,0,0,1,1,1,19.0442,80.4421,79.8968,384,19600,0,0,163
conv,1812,663552,162,8,16,2,8,4,1,7,1,9,18,3,2211631,2068506,4,21073968,16777225,1,6299648,0,2,35.1047,5328896,3178496,0,0,0.156015,99.5584,0,822083584,0,106135552,11280384,105816064,33570816,0,42196992,0,2,12.7204,0,0,0,1,1,1,19.5183,80.4437,79.8995,384,19880,0,0,156
conv,10296,663552,162,8,16,2,8,4,2,1,0,9,18,7,41355340,12393641,3,114116472,18710537,2,112394240,85.4198,1,27.6813,7725056,3063808,212189184,10321920,0.308247,99.6883,0,822083584,0,456392704,31662080,861167616,110018560,0,89432064,0,1,2.2311,0,0,0,1,1,3,5.25264,80.1826,79.7157,1024,19600,560,0,49
conv,10177,663552,162,8,16,2,8,4,2,1,1,9,18,7,41110649,12393404,3,116718688,18710537,2,112394240,85.5816,1,37.0452,5591040,2514944,212189184,10321920,0.308018,100.438,0,822083584,0,456392704,31662080,868282368,306626560,0,97390592,0,1,2.25021,0,0,0,1,1,3,6.08967,80.1718,79.7384,1024,19880,560,0,64
conv,1175,663552,162,8,16,2,8,4,2,7,0,9,18,5,2204534,2068522,3,11038768,8388617,1,6299648,0,4,28.5478,7168000,3063808,0,0,0.156767,99.4997,0,822083584,0,156360704,5971968,75784192,30326784,0,42651648,0,3,19.8407,0,0,0,1,1,2,30.9353,80.3803,79.9007,384,19600,0,0,158
conv,1201,663552,162,8,16,2,8,4,2,7,1,9,18,5,2193159,2068506,3,11038768,8388617,1,6299648,0,3,38.0744,5328896,2514944,0,0,0.159437,99.8229,0,822083584,0,156360704,5971968,82374656,24035328,0,42663936,0,3,19.2713,0,0,0,1,1,2,30.6213,80.3895,79.8996,512,19880,0,0,128
conv,7137,313344,153,8,16,2,8,8,1,1,0,9,17,5,15863140,9299967,4,114067234,24002569,3,108871680,74.9886,1,16.8832,8015872,5341184,209018880,7225344,0.151018,100.102,0,822083584,0,340942848,18171904,868943872,207378432,0,87234560,0,1,3.19064,0,0,0,1,1,3,7.75913,81.1823,80.8711,640,37520,784,0,95
conv,6936,313344,153,8,16,2,8,8,1,1,1,9,17,5,15325342,9310355,4,115317410,24002569,3,108871680,74.687,1,19.0111,6815744,5046272,209018880,7225344,0.149858,98.4822,0,822083584,0,340942848,18171904,863963136,227563520,0,87828480,0,1,3.27725,0,0,0,1,1,4,8.13934,81.1743,80.8652,512,38056,784,0,120
conv,3923,313344,153,8,16,2,8,8,1,7,0,9,17,2,2203511,2068670,2,20292976,16777225,1,4362240,0,1,21.2955,5017600,5341184,0,0,0.0759979,99.3964,0,822083584,0,195663872,5326848,83036160,18685952,0,42854400,0,1,5.80022,0,0,0,1,1,1,9.20907,82.4067,82.0217,256,37520,0,0,251
conv,3937,313344,153,8,16,2,8,8,1,7,1,9,17,2,2203778,2068618,2,20292944,16777225,1,4362240,0,1,21.7399,5326848,5046272,0,0,0.0760419,99.3109,0,822083584,0,195663872,5326848,84084736,17934336,0,42864640,0,1,5.75651,0,0,0,1,1,1,9.22609,82.4086,82.0237,256,38056,0,0,248
conv,6470,313344,153,8,16,2,8,8,2,1,0,9,17,5,15940766,9298981,4,106339338,15613961,3,108871680,82.8232,1,20.6513,8015872,2904064,209018880,7225344,0.151122,99.7984,0,822083584,0,293343232,15665152,841345024,206577664,0,84520960,0,1,3.53354,0,0,0,1,1,4,8.31856,80.8092,80.5649,512,37520,784,0,120
conv,6324,313344,153,8,16,2,8,8,2,1,1,9,17,6,16351246,9298214,4,103384826,15613961,4,108871680,82.9978,1,20.8982,6815744,3975168,209018880,7225344,0.148704,99.4717,0,822083584,0,293343232,15665152,841166848,226449408,0,85268480,0,1,3.59588,0,0,0,1,1,4,8.55806,80.8252,80.5803,512,38056,784,0,120
conv,2822,313344,153,8,16,2,8,8,2,7,0,9,17,2,2203315,2068546,2,10648376,8388617,1,4362240,0,1,27.8471,5017600,2904064,0,0,0.0766881,99.1989,0,822083584,0,143345664,2820096,55437312,17588224,0,39946240,0,2,8.05603,0,0,0,1,1,1,12.0261,81.7095,81.4591,256,37520,0,0,251
conv,3062,313344,153,8,16,2,8,8,2,7,1,9,17,2,2210573,2068538,2,10648408,8388617,1,4362240,0,2,24.2432,5326848,3975168,0,0,0.0768427,99.4776,0,822083584,0,143345664,2820096,61288448,16420864,0,40110080,0,2,7.42459,0,0,0,1,1,1,11.0881,81.7462,81.4913,256,38056,0,0,250
conv,32230,16777216,256,8,32,0,1,1,1,1,0,8,32,8,77387934,104843910,3,319292304,106954809,2,308281344,48.2165,0,0,0,0,205520896,102760448,0.723495,99.9689,0,822083584,0,9596567552,822083584,2902458368,385875968,0,458227712,0,1,0.703756,0,0,0,1,1,3,10.0573,100,99.0847,1024,0,200,0,40
conv,22115,16777216,256,8,32,0,1,1,1,7,0,8,32,1,2103315,2069298,2,216530992,4194313,2,205520896,0,0,0,0,0,0,0,0.916856,99.9847,0,822083584,0,1006632960,16777216,1660944384,637534208,0,129499136,0,1,1.02451,0,0,0,1,1,2,4.07824,100,100,1024,0,0,0,32
conv,20309,8388608,256,8,32,0,1,2,1,1,0,8,32,7,52661527,60808622,2,179568728,62914569,2,167772160,48,0,0,0,0,115343360,58720256,0.973445,99.8594,0,822083584,0,3850371072,419430400,1778384896,327155712,0,228327424,0,1,1.11283,0,0,0,1,1,2,8.27891,100,98.5075,1024,0,224,0,32
conv,11545,8388608,256,8,32,0,1,2,1,7,0,8,32,1,2149828,2069098,2,121897616,4194313,2,110100480,0,0,0,0,0,0,0,0.939165,99.9522,0,822083584,0,729808896,8388608,897581056,419430400,0,89915392,0,1,1.96462,0,0,0,1,1,2,5.13515,100,100,1024,0,0,0,32
conv,13154,4194304,256,8,32,0,1,4,1,1,0,8,32,7,33094111,38786926,3,123309264,40894473,2,120061952,52.0142,0,0,0,0,115343360,36700160,0.731425,100.144,0,822083584,0,2000683008,209715200,1149239296,599785472,0,151126016,0,1,1.72851,0,0,0,1,1,3,8.35767,100,98.8725,1024,0,280,0,40
conv,6259,4194304,256,8,32,0,1,4,1,7,0,8,32,1,2201747,2068798,3,74580080,4194313,2,62390272,0,0,0,0,0,0,0,0.700897,99.8769,0,822083584,0,444596224,4194304,515899392,201326592,0,62128128,0,1,3.62843,0,0,0,1,1,2,6.80318,100,100,1024,0,0,0,40
conv,9420,2097152,256,8,32,0,1,8,1,1,0,8,32,8,28163308,27773521,3,85271840,29884425,2,73662464,52.137,0,0,0,0,70254592,25690112,0.723611,99.9245,0,822083584,0,1107296256,104857600,729808896,748683264,0,110624768,0,1,2.41121,0,0,0,1,1,2,8.95101,100,99.2299,1024,0,392,0,40
conv,3590,2097152,256,8,32,0,1,8,1,7,0,8,32,2,2152531,2068982,3,50921520,4194313,2,38535168,0,0,0,0,0,0,0,0.46868,99.7341,0,822083584,0,314572800,2097152,325058560,115343360,0,49348608,0,1,6.34058,0,0,0,1,1,3,10.0076,100,100,1024,0,0,0,56
conv,20261,8388608,256,8,32,0,2,1,1,1,0,8,32,8,58490039,60807104,3,277072360,62914569,2,212860928,47.4923,0,0,0,0,205520896,58720256,0.718974,100.011,0,822083584,0,4395630592,411041792,1837105152,251658240,0,243269632,0,1,1.12212,0,0,0,1,1,3,8.02622,100,99.1379,1024,0,224,0,38
conv,12658,8388608,256,8,32,0,2,1,1,7,0,8,32,1,2103411,2069342,3,174326160,4194313,2,110100480,0,0,0,0,0,0,0,0.950945,99.9673,0,822083584,0,511705088,8388608,897581056,251658240,0,77856768,0,1,1.792,0,0,0,1,1,2,3.84191,100,100,1024,0,0,0,32
conv,20261,8388608,256,8,32,0,2,1,2,1,0,8,32,8,58630806,60806822,3,277070148,60817545,2,212860928,47.7865,0,0,0,0,205520896,58720256,0.719106,100.147,0,822083584,0,4437573632,411041792,1828716544,268435456,0,244842496,0,1,1.12129,0,0,0,1,1,3,8.04365,100,99.1435,1024,0,224,0,36
conv,12555,8388608,256,8,32,0,2,1,2,7,0,8,32,1,2103331,2069082,3,174325824,2097161,2,110100480,0,0,0,0,0,0,0,0.683006,99.9914,0,822083584,0,562036736,8388608,889192448,436207616,0,84934656,0,1,1.80727,0,0,0,1,1,2,4.2979,100,100,1024,0,0,0,40
conv,14020,4194304,256,8,32,0,2,2,1,1,0,8,32,7,41166418,35640144,3,163106088,37748745,2,139460608,48.8761,0,0,0,0,160432128,33554432,0.725602,99.8316,0,822083584,0,1925185536,209715200,1241513984,364904448,0,144310272,0,1,1.62018,0,0,0,1,1,3,7.16286,100,98.8193,1024,0,256,0,40
conv,6711,4194304,256,8,32,0,2,2,1,7,0,8,32,1,2127837,2068946,3,98697264,4194313,2,59244544,0,0,0,0,0,0,0,0.706118,99.8773,0,822083584,0,369098752,4194304,490733568,230686720,0,59899904,0,1,3.38439,0,0,0,1,1,2,5.94798,100,100,1024,0,0,0,40
conv,14754,4194304,256,8,32,0,2,2,2,1,0,8,32,8,51746014,35642114,3,165925760,35651593,2,139460608,50.1281,0,0,0,0,160432128,33554432,0.968364,100.03,0,822083584,0,1962934272,209715200,1233125376,364904448,0,145227776,0,1,1.53874,0,0,0,1,1,3,6.93844,100,98.8267,1024,0,256,0,32
conv,6601,4194304,256,8,32,0,2,2,2,7,0,8,32,1,2128257,2068910,3,98697904,2097161,2,59244544,0,0,0,0,0,0,0,0.69967,99.9436,0,822083584,0,406847488,4194304,482344960,239075328,0,61079552,0,1,3.44221,0,0,0,1,1,2,6.18613,100,100,1024,0,0,0,40
conv,8594,2097152,256,8,32,0,2,4,1,1,0,8,32,8,28290250,23054200,3,115085832,25165833,3,102760448,53.4226,0,0,0,0,137887744,20971520,0.69745,100.086,0,822083584,0,1042284544,104857600,910163968,402653184,0,103415808,0,1,2.64371,0,0,0,1,1,3,7.87104,100,99.1762,1024,0,320,0,40
conv,3733,2097152,256,8,32,0,2,4,1,7,0,8,32,2,2201843,2068666,3,60883096,4194313,2,33816576,0,0,0,0,0,0,0,0.471219,99.861,0,822083584,0,264241152,2097152,287309824,115343360,0,46596096,0,1,6.10245,0,0,0,1,1,2,8.79312,100,100,1024,0,0,0,56
conv,8606,2097152,256,8,32,0,2,4,2,1,0,8,32,8,28462353,23054334,3,113912220,23068681,3,102760448,54.1602,0,0,0,0,137887744,20971520,0.69956,99.6365,0,822083584,0,1056964608,104857600,901775360,411041792,0,103874560,0,1,2.63624,0,0,0,1,1,3,7.98541,100,99.1798,1024,0,320,0,40
conv,3624,2097152,256,8,32,0,2,4,2,7,0,8,32,2,2201747,2068702,3,60882992,2097161,2,33816576,0,0,0,0,0,0,0,0.474319,99.8133,0,822083584,0,278921216,2097152,278921216,121634816,0,46989312,0,1,6.28252,0,0,0,1,1,2,9.08908,100,100,1024,0,0,0,56
conv,7964,1048576,256,8,32,0,2,8,1,1,0,8,32,7,24783888,16757498,3,86284284,18874377,2,84410368,56.0478,0,0,0,0,126615552,14680064,0.728811,100.5,0,822083584,0,717225984,52428800,744488960,525336576,0,89849856,0,1,2.84885,0,0,0,1,1,3,8.36351,100,99.5259,1024,0,448,0,38
conv,2249,1048576,256,8,32,0,2,8,1,7,0,8,32,3,2152783,2068684,4,41975856,4194313,2,21102592,0,0,0,0,0,0,0,0.357693,99.8162,0,822083584,0,203423744,1048576,185597952,87031808,0,40599552,0,2,10.1696,0,0,0,1,1,2,13.633,100,100,768,0,0,0,80
conv,8241,1048576,256,8,32,0,2,8,2,1,0,8,32,6,21799067,16756026,3,82957036,16777225,2,84410368,55.6962,0,0,0,0,126615552,14680064,0.612446,99.752,0,822083584,0,727711744,52428800,736100352,475004928,0,88342528,0,1,2.74782,0,0,0,1,1,3,7.82176,100,99.5178,1024,0,448,0,42
conv,2154,1048576,256,8,32,0,2,8,2,7,0,8,32,3,2153342,2069166,4,41976160,2097161,2,21102592,0,0,0,0,0,0,0,0.355073,99.6674,0,822083584,0,214958080,1048576,177209344,80740352,0,40501248,0,2,10.6295,0,0,0,1,1,2,14.2979,100,100,768,0,0,0,80
conv,18737,4194304,256,8,32,0,4,1,1,1,0,8,32,8,77860918,38786469,3,274197432,45088777,2,165150720,43.6054,0,0,0,0,205520896,36700160,0.663616,100.139,0,822083584,0,2403336192,205520896,1484783616,163577856,0,159776768,0,1,1.21425,0,0,0,1,1,2,5.77871,100,99.3437,1024,0,280,0,35
conv,7464,4194304,256,8,32,0,4,1,1,7,0,8,32,1,2103315,2069354,5,171573528,8388617,2,62390272,0,0,0,0,0,0,0,0.467188,99.9061,0,822083584,0,255852544,4194304,515899392,184549376,0,55705600,0,1,3.04633,0,0,0,1,1,2,4.62118,100,100,1024,0,0,0,56
conv,18762,4194304,256,8,32,0,4,1,2,1,0,8,32,8,78964552,38787930,3,274180980,40894601,2,165150720,44.2065,0,0,0,0,205520896,36700160,0.666108,98.8465,0,822083584,0,2428502016,205520896,1476395008,167772160,0,160432128,0,1,1.19912,0,0,0,1,1,2,6.12793,100,99.3464,1024,0,280,0,36
conv,7360,4194304,256,8,32,0,4,1,2,7,0,8,32,1,2103315,2069382,4,171573320,4194313,2,62390272,0,0,0,0,0,0,0,0.459523,99.9457,0,822083584,0,281018368,4194304,507510784,184549376,0,56229888,0,1,3.08824,0,0,0,1,1,2,4.98224,100,100,1024,0,0,0,56
conv,18845,4194304,256,8,32,0,4,1,4,1,0,8,32,8,77348146,38783925,3,274106000,38797321,2,165150720,44.5095,0,0,0,0,205520896,36700160,0.664118,100.076,0,822083584,0,2432696320,205520896,1472200704,171966464,0,160563200,0,1,1.21114,0,0,0,1,1,2,5.7984,100,99.3469,1024,0,280,0,36
conv,7346,4194304,256,8,32,0,4,1,4,7,0,8,32,1,2103315,2067666,4,171573296,2097161,2,62390272,0,0,0,0,0,0,0,0.456515,99.9376,0,822083584,0,285212672,4194304,503316480,192937984,0,56492032,0,1,3.09486,0,0,0,1,1,2,4.81957,100,100,1024,0,0,0,56
conv,12777,2097152,256,8,32,0,4,2,1,1,0,8,32,8,56718401,23056826,3,170042624,29360137,2,125304832,46.7836,0,0,0,0,182976512,20971520,0.720716,99.8458,0,822083584,0,962592768,104857600,1082130432,199229440,0,99942400,0,1,1.77045,0,0,0,1,1,3,4.88128,100,99.1475,1024,0,320,0,39
conv,4022,2097152,256,8,32,0,4,2,1,7,0,8,32,2,2118478,2069010,5,97583176,8388617,2,33816576,0,0,0,0,0,0,0,0.475572,99.8319,0,822083584,0,184549376,2097152,287309824,100663296,0,43646976,0,1,5.66168,0,0,0,1,1,2,7.4806,100,100,1024,0,0,0,56
conv,12797,2097152,256,8,32,0,4,2,2,1,0,8,32,8,56497471,23056894,3,168767460,25165833,2,125304832,47.6367,0,0,0,0,182976512,20971520,0.719335,99.4205,0,822083584,0,981467136,104857600,1073741824,190840832,0,100007936,0,1,1.77329,0,0,0,1,1,3,4.92366,100,99.1481,1024,0,320,0,40
conv,3914,2097152,256,8,32,0,4,2,2,7,0,8,32,2,2114503,2068974,5,97583720,4194313,2,33816576,0,0,0,0,0,0,0,0.478016,99.8113,0,822083584,0,203423744,2097152,278921216,117440512,0,44498944,0,1,5.81348,0,0,0,1,1,2,7.89063,100,100,1024,0,0,0,56
conv,12816,2097152,256,8,32,0,4,2,4,1,0,8,32,8,56724339,23056558,3,169517056,23068681,2,125304832,48.2312,0,0,0,0,182976512,20971520,0.720213,99.5634,0,822083584,0,985661440,104857600,1069547520,195035136,0,100139008,0,1,1.77079,0,0,0,1,1,3,4.96867,100,99.1492,1024,0,320,0,37
conv,3903,2097152,256,8,32,0,4,2,4,7,0,8,32,2,2116378,2067902,5,97583176,2097161,2,33816576,0,0,0,0,0,0,0,0.477022,99.8553,0,822083584,0,207618048,2097152,274726912,104857600,0,44105728,0,1,5.83404,0,0,0,1,1,2,7.92992,100,100,1024,0,0,0,56
conv,8755,1048576,256,8,32,0,4,4,1,1,0,8,32,8,37913782,15188258,3,137275636,21495817,3,105381888,56.426,0,0,0,0,171704320,13107200,0.576311,98.8623,0,822083584,0,682622976,52428800,900726784,365953024,0,88670208,0,1,2.58123,0,0,0,1,1,3,6.92083,100,99.5196,1024,0,400,0,48
conv,2350,1048576,256,8,32,0,4,4,1,7,0,8,32,3,2201747,2068534,5,60588264,8388617,2,19529728,0,0,0,0,0,0,0,0.355353,99.2369,0,822083584,0,132120576,1048576,173015040,75497472,0,37617664,0,2,9.72866,0,0,0,1,1,2,11.8301,100,100,768,0,0,0,80
conv,9516,1048576,256,8,32,0,4,4,2,1,0,8,32,8,43056916,15184810,3,139112396,17301513,2,105381888,58.5458,0,0,0,0,171704320,13107200,0.728318,100.022,0,822083584,0,535822336,52428800,892338176,208666624,0,78905344,0,1,2.39284,0,0,0,1,1,3,4.90419,100,99.4601,1024,0,400,0,38
conv,2236,1048576,256,8,32,0,4,4,2,7,0,8,32,3,2201941,2068750,5,60588176,4194313,2,19529728,0,0,0,0,0,0,0,0.358198,99.9392,0,822083584,0,139460608,1048576,164626432,54525952,0,36929536,0,2,10.256,0,0,0,1,1,2,12.5408,100,100,896,0,0,0,72
conv,9635,1048576,256,8,32,0,4,4,4,1,0,8,32,8,43237763,15185194,3,138049440,15204361,2,105381888,59.0782,0,0,0,0,171704320,13107200,0.72675,99.6171,0,822083584,0,540016640,52428800,888143872,208666624,0,78905344,0,1,2.36537,0,0,0,1,1,3,4.88584,100,99.4601,1024,0,400,0,40
conv,2209,1048576,256,8,32,0,4,4,4,7,0,8,32,3,2202045,2066758,5,60588128,2097161,2,19529728,0,0,0,0,0,0,0,0.360666,99.7756,0,822083584,0,143654912,1048576,160432128,39845888,0,36470784,0,2,10.3676,0,0,0,1,1,2,12.7377,100,100,896,0,0,0,72
conv,7108,524288,256,8,32,0,4,8,1,1,0,8,32,8,30223436,11280569,4,124303048,17563657,3,95420416,64.4392,0,0,0,0,166068224,9175040,0.479335,99.6174,0,822083584,0,384827392,26214400,798490624,316669952,0,73596928,0,1,3.19107,0,0,0,1,1,3,6.92611,100,99.7106,1024,0,560,0,56
conv,1576,524288,256,8,32,0,4,8,1,7,0,8,32,4,2161532,2126614,6,42090544,8388617,2,12386304,0,0,0,0,0,0,0,0.24332,99.4551,0,822083584,0,101711872,524288,115867648,45088768,0,33914880,0,2,14.5187,0,0,0,1,1,2,16.7965,100,100,512,0,0,0,128
conv,7234,524288,256,8,32,0,4,8,2,1,0,8,32,8,31014273,11251765,4,124313628,13369353,3,95420416,66.3193,0,0,0,0,166068224,9175040,0.479636,99.508,0,822083584,0,398458880,26214400,790102016,341835776,0,74547200,0,1,3.11506,0,0,0,1,1,3,6.88232,100,99.7143,1024,0,560,0,56
conv,1434,524288,256,8,32,0,4,8,2,7,0,8,32,4,2162709,2069236,6,42090544,4194313,2,12386304,0,0,0,0,0,0,0,0.240631,98.6891,0,822083584,0,107479040,524288,107479040,45613056,0,33849344,0,2,16.2904,0,0,0,1,1,2,18.9396,100,100,512,0,0,0,128
conv,6040,524288,256,8,32,0,4,8,4,1,0,8,32,7,22084830,11247702,4,115521188,11272201,3,95420416,65.172,0,0,0,0,166068224,9175040,0.366627,99.7536,0,822083584,0,402653184,26214400,785907712,317718528,0,73793536,0,1,3.79255,0,0,0,1,1,4,8.46509,100,99.7114,896,0,560,0,68
conv,1373,524288,256,8,32,0,4,8,4,7,0,8,32,4,2161579,2066874,6,42090544,2097161,2,12386304,0,0,0,0,0,0,0,0.236561,99.2157,0,822083584,0,111673344,524288,103284736,45088768,0,33832960,0,2,16.7583,0,0,0,1,1,2,19.6817,100,100,512,0,0,0,128
conv,17874,2097152,256,8,32,0,8,1,1,1,0,8,32,8,81292863,27754288,4,311368504,42467337,2,141295616,36.2598,0,0,0,0,205520896,25690112,0.548967,99.7494,0,822083584,0,1201668096,102760448,1249902592,106954752,0,109379584,0,1,1.279,0,0,0,1,1,2,4.68445,100,99.5207,1024,0,392,0,36
conv,6035,2097152,256,8,32,0,8,1,1,7,0,8,32,1,2104251,2069210,7,208733424,16777353,2,38535168,0,0,0,0,0,0,0,0.355891,100.443,0,822083584,0,127926272,2097152,325058560,75497472,0,42270720,0,1,3.78117,0,0,0,1,1,2,4.78291,100,100,768,0,0,0,80
conv,17919,2097152,256,8,32,0,8,1,2,1,0,8,32,8,83352228,27770470,4,311439064,34078729,2,141295616,37.1669,0,0,0,0,205520896,25690112,0.563843,101.096,0,822083584,0,1214251008,102760448,1241513984,102760448,0,109379584,0,1,1.25345,0,0,0,1,1,2,4.53922,100,99.5207,1024,0,392,0,36
conv,5858,2097152,256,8,32,0,8,1,2,7,0,8,32,1,2103315,2069338,7,208732208,8388617,2,38535168,0,0,0,0,0,0,0,0.361031,100.478,0,822083584,0,140509184,2097152,316669952,79691776,0,42532864,0,1,3.88894,0,0,0,1,1,2,4.95713,100,100,768,0,0,0,80
conv,17343,2097152,256,8,32,0,8,1,4,1,0,8,32,8,80223031,27749075,4,311342996,29884425,2,141295616,37.601,0,0,0,0,205520896,25690112,0.542574,98.8902,0,822083584,0,1216348160,102760448,1237319680,98566144,0,109182976,0,1,1.28753,0,0,0,1,1,2,4.57732,100,99.5198,1024,0,392,0,36
conv,5920,2097152,256,8,32,0,8,1,4,7,0,8,32,1,2103331,2069138,6,208732224,4194313,2,38535168,0,0,0,0,0,0,0,0.362247,99.8321,0,822083584,0,144703488,2097152,312475648,60817408,0,41943040,0,1,3.84988,0,0,0,1,1,2,4.85047,100,100,768,0,0,0,80
conv,14079,1048576,256,8,32,0,8,2,1,1,0,8,32,8,67833384,16764256,3,215793060,31457289,2,118226944,45.0433,0,0,0,0,194248704,14680064,0.716832,99.9778,0,822083584,0,642777088,52428800,1002438656,59768832,0,81035264,0,1,1.62438,0,0,0,1,1,2,3.49244,100,99.4743,1024,0,448,0,40
conv,3291,1048576,256,8,32,0,8,2,1,7,0,8,32,2,2124654,2068846,7,119046520,16777225,2,21102592,0,0,0,0,0,0,0,0.234336,99.6666,0,822083584,0,92274688,1048576,185597952,71303168,0,36634624,0,1,6.9755,0,0,0,1,1,2,8.28479,100,100,640,0,0,0,96
conv,14038,1048576,256,8,32,0,8,2,2,1,0,8,32,8,68314288,16763222,3,213091264,23068681,2,118226944,46.0551,0,0,0,0,194248704,14680064,0.721543,99.4129,0,822083584,0,490733568,52428800,994050048,100663296,0,77299712,0,1,1.60694,0,0,0,1,1,2,3.07666,100,99.4489,1024,0,448,0,37
conv,3159,1048576,256,8,32,0,8,2,2,7,0,8,32,2,2127983,2069206,7,119046192,8388617,2,21102592,0,0,0,0,0,0,0,0.230384,99.9958,0,822083584,0,101711872,1048576,177209344,74448896,0,36765696,0,1,7.27196,0,0,0,1,1,2,8.60865,100,100,640,0,0,0,96
conv,14469,1048576,256,8,32,0,8,2,4,1,0,8,32,8,70990915,16756246,3,212839896,18874377,2,118226944,46.8208,0,0,0,0,194248704,14680064,0.731107,100.257,0,822083584,0,492830720,52428800,989855744,98566144,0,77168640,0,1,1.55426,0,0,0,1,1,2,2.91717,100,99.448,1024,0,448,0,40
conv,3095,1048576,256,8,32,0,8,2,4,7,0,8,32,2,2115974,2069286,7,119046976,4194313,2,21102592,0,0,0,0,0,0,0,0.23209,99.6904,0,822083584,0,104857600,1048576,173015040,76546048,0,36798464,0,1,7.38089,0,0,0,1,1,2,8.95313,100,100,640,0,0,0,96
conv,12867,524288,256,8,32,0,8,4,1,1,0,8,32,8,65369828,11323095,3,168113116,25952265,2,106692608,53.1426,0,0,0,0,188612608,9175040,0.596563,99.6763,0,822083584,0,355467264,26214400,889716736,113770496,0,69189632,0,1,1.76208,0,0,0,1,1,2,3.15957,100,99.6922,1024,0,560,0,48
conv,2408,524288,256,8,32,0,8,4,1,7,0,8,32,3,2203717,2091011,7,74203232,16777225,1,12386304,0,0,0,0,0,0,0,0.243501,98.2913,0,822083584,0,66060288,524288,115867648,38273024,0,32587776,0,2,9.51678,0,0,0,1,1,2,10.6958,100,100,512,0,0,0,128
conv,12909,524288,256,8,32,0,8,4,2,1,0,8,32,8,66805304,11253139,3,168147828,17563657,2,106692608,55.551,0,0,0,0,188612608,9175040,0.599648,100.323,0,822083584,0,362807296,26214400,881328128,112721920,0,69124096,0,1,1.75642,0,0,0,1,1,2,3.12793,100,99.6919,1024,0,560,0,48
conv,2119,524288,256,8,32,0,8,4,2,7,0,8,32,3,2202704,2071425,7,74203272,8388617,2,12386304,0,0,0,0,0,0,0,0.241242,98.1357,0,822083584,0,69730304,524288,107479040,40370176,0,32505856,0,2,10.6927,0,0,0,1,1,2,11.9876,100,100,512,0,0,0,128
conv,10817,524288,256,8,32,0,8,4,4,1,0,8,32,8,51969675,11252758,3,165641288,13369353,2,106692608,56.2449,0,0,0,0,188612608,9175040,0.48558,99.9832,0,822083584,0,365428736,26214400,877133824,189267968,0,71467008,0,1,2.09398,0,0,0,1,1,2,3.92865,100,99.702,1024,0,560,0,56
conv,2080,524288,256,8,32,0,8,4,4,7,0,8,32,3,2206186,2068638,7,74203392,4194313,2,12386304,0,0,0,0,0,0,0,0.243411,99.3528,0,822083584,0,72351744,524288,103284736,41943040,0,32505856,0,2,11.1034,0,0,0,1,1,2,12.2954,100,100,512,0,0,0,128
conv,7714,262144,256,8,32,0,8,8,1,1,0,8,32,7,32291484,9648957,4,144679048,23199753,3,100925440,59.1616,0,0,0,0,185794560,6422528,0.243012,99.3173,0,822083584,0,192413696,13107200,870055936,210239488,0,65978368,0,1,2.96282,0,0,0,1,1,3,5.358,100,99.8386,640,0,784,0,96
conv,3515,262144,256,8,32,0,8,8,1,7,0,8,32,3,2274242,3520404,4,52044032,16777225,1,8028160,0,0,0,0,0,0,0,0.124688,98.8395,0,822083584,0,50855936,262144,81002496,31195136,0,30793728,0,1,6.45306,0,0,0,1,1,1,7.07906,100,100,384,0,0,0,168
conv,7456,262144,256,8,32,0,8,8,2,1,0,8,32,7,32085192,8568316,4,144679020,14811145,3,100925440,62.2734,0,0,0,0,185794560,6422528,0.244441,99.6203,0,822083584,0,199229440,13107200,861667328,208928768,0,65888256,0,1,3.0689,0,0,0,1,1,3,5.71658,100,99.8384,512,0,784,0,124
conv,3269,262144,256,8,32,0,8,8,2,7,0,8,32,2,2260653,2594014,4,52043616,8388665,1,8028160,0,0,0,0,0,0,0,0.124403,98.8956,0,822083584,0,53739520,262144,72613888,28049408,0,30523392,0,1,6.95608,0,0,0,1,1,1,7.57723,100,100,256,0,0,0,237
conv,7332,262144,256,8,32,0,8,8,4,1,0,8,32,7,32141956,8494132,4,144678896,10616841,3,100925440,63.9158,0,0,0,0,185794560,6422528,0.243864,99.6102,0,822083584,0,201588736,13107200,857473024,222035968,0,66240512,0,1,3.11784,0,0,0,1,1,3,5.64566,100,99.8392,640,0,784,0,96
conv,3188,262144,256,8,32,0,8,8,4,7,0,8,32,2,2261737,2077875,3,52042232,4194313,1,8028160,0,0,0,0,0,0,0,0.124519,98.9793,0,822083584,0,56098816,262144,68419584,30146560,0,30531584,0,1,7.12573,0,0,0,1,1,1,7.79671,100,100,256,0,0,0,218
conv,31326,16777216,256,8,32,1,1,1,1,1,0,8,32,8,84224453,104848994,2,139657264,106954761,2,210763776,83.3378,1,49.5904,51380224,2621440,205520896,102760448,0.968962,99.9597,0,822083584,0,9361686528,822083584,3391619072,352321536,0,472383488,0,1,0.72441,0,0,0,1,1,2,12.4686,100,97.5756,1024,2128,200,0,32
conv,31314,16777216,256,8,32,1,1,1,1,1,1,8,32,8,84274154,104849294,2,139657432,106954761,2,210763776,83.3378,1,48.4153,51380224,3932160,205520896,102760448,0.969405,99.9256,0,822083584,0,9361686528,822083584,3391619072,352321536,0,472383488,0,1,0.723792,0,0,0,1,1,2,12.4622,100,97.5756,1024,2280,200,0,32
conv,16721,16777216,256,8,32,1,1,1,1,7,0,8,32,1,2103651,2068694,1,36897152,4194313,2,108003328,0,2,49.5904,51380224,2621440,0,0,0.918823,99.974,0,822083584,0,771751936,16777216,1747451904,687865856,0,133693440,0,1,1.35219,0,0,0,1,1,2,5.52109,100,94.5711,1024,2128,0,0,31
conv,16715,16777216,256,8,32,1,1,1,1,7,1,8,32,1,2103339,2068694,1,36897408,4194313,2,108003328,0,2,48.4153,51380224,3932160,0,0,0.918918,99.9562,0,822083584,0,771751936,16777216,1747451904,687865856,0,133693440,0,1,1.35197,0,0,0,1,1,2,5.52119,100,94.5711,1024,2280,0,0,31
conv,19887,8388608,256,8,32,1,1,2,1,1,0,8,32,8,51757957,60809338,2,80839688,62914569,2,113770496,80.9665,1,49.1401,29360128,2555904,115343360,58720256,0.97337,100.348,0,822083584,0,3825205248,419430400,1549008896,276824064,0,226230272,0,1,1.13731,0,0,0,1,1,2,8.55856,100,95.2093,1024,3920,224,0,32
conv,19709,8388608,256,8,32,1,1,2,1,1,1,8,32,8,51383606,60809174,2,80839608,62914569,2,113770496,80.9665,2,24.6969,58720256,4784128,115343360,58720256,0.977372,99.0348,0,822083584,0,3825205248,419430400,1549008896,276824064,0,226230272,0,1,1.14576,0,0,0,1,1,2,8.73647,100,95.2093,1024,4200,224,0,32
conv,8638,8388608,256,8,32,1,1,2,1,7,0,8,32,1,2193224,2068522,1,23167024,4194313,2,56098816,0,2,49.1401,29360128,2555904,0,0,0.89963,99.9651,0,822083584,0,704643072,8388608,970194944,360710144,0,96993280,0,1,2.62178,0,0,0,1,1,2,7.30665,100,92.3395,1024,3920,0,0,32
conv,8639,8388608,256,8,32,1,1,2,1,7,1,8,32,1,2194012,2068506,1,23167032,4194313,2,56098816,0,3,24.6969,58720256,4784128,0,0,0.900333,99.9463,0,822083584,0,704643072,8388608,970194944,360710144,0,96993280,0,1,2.62123,0,0,0,1,1,2,7.30649,100,92.3395,1024,4200,0,0,32
conv,12458,4194304,256,8,32,1,1,4,1,1,0,8,32,8,35474928,38788806,2,64415188,40894473,2,87949312,80.9158,1,91.7841,9175040,1867776,115343360,36700160,0.977557,97.9719,0,822083584,0,2085945344,209715200,1189740544,603979776,0,167641088,0,1,1.78967,0,0,0,1,1,2,10.1966,100,91.5547,1024,7504,280,0,32
conv,12679,4194304,256,8,32,1,1,4,1,1,1,8,32,8,36245294,38789346,2,64155864,40894473,2,87949312,80.7746,1,48.8645,18350080,2392064,115343360,36700160,0.975586,97.2942,0,822083584,0,2085945344,209715200,1189740544,603979776,0,167641088,0,1,1.75858,0,0,0,1,1,2,10.0893,100,91.5547,1024,8040,280,0,32
conv,4558,4194304,256,8,32,1,1,4,1,7,0,8,32,2,2202659,2068506,1,16303056,4194313,2,30277632,0,1,91.7841,9175040,1867776,0,0,0.922609,99.9412,0,822083584,0,553648128,4194304,581566464,255852544,0,76677120,0,1,4.98127,0,0,0,1,1,2,11.0627,100,90.3686,1024,7504,0,0,32
conv,4557,4194304,256,8,32,1,1,4,1,7,1,8,32,2,2201747,2068522,1,16302800,4194313,2,30277632,0,2,48.8645,18350080,2392064,0,0,0.922646,99.9284,0,822083584,0,553648128,4194304,581566464,255852544,0,76677120,0,1,4.98197,0,0,0,1,1,2,11.0656,100,90.3686,1024,8040,0,0,32
conv,8981,2097152,256,8,32,1,1,8,1,1,0,8,32,8,26737474,27770041,2,45892256,29884425,2,52363264,77.4775,1,45.6155,12845056,3293184,70254592,25690112,0.73139,100.438,0,822083584,0,1226342400,104857600,771031040,767557632,0,131661824,0,1,2.54224,0,0,0,1,1,2,11.4683,100,87.6268,1024,14672,392,0,40
conv,8964,2097152,256,8,32,1,1,8,1,1,1,8,32,8,26904419,27773839,2,45861676,29884425,2,52363264,77.4844,1,90.4049,6422528,1720320,70254592,25690112,0.731662,99.674,0,822083584,0,1226342400,104857600,771031040,767557632,0,131661824,0,1,2.52524,0,0,0,1,1,2,11.4789,100,87.6268,1024,15720,392,0,40
conv,2514,2097152,256,8,32,1,1,8,1,7,0,8,32,3,2152607,2068506,2,12869864,4194313,2,17235968,0,3,45.6155,12845056,3293184,0,0,0.714925,99.8347,0,822083584,0,436404224,2097152,387252224,163577856,0,73203712,0,2,9.08345,0,0,0,1,1,2,20.519,100,77.3277,1024,14672,0,0,32
conv,2514,2097152,256,8,32,1,1,8,1,7,1,8,32,3,2152596,2068506,2,12869680,4194313,2,17235968,0,2,90.4049,6422528,1720320,0,0,0.715759,99.8955,0,822083584,0,436404224,2097152,387252224,163577856,0,73203712,0,2,9.08571,0,0,0,1,1,2,20.5116,100,77.3277,1024,15720,0,0,32
conv,21926,8388608,256,8,32,1,2,1,1,1,0,8,32,8,76356052,60806366,2,127982796,62914569,2,159383552,84.5444,1,47.0362,29360128,3670016,205520896,58720256,0.932736,99.7063,0,822083584,0,4345298944,411041792,1665400832,587202560,0,254541824,0,1,1.03139,0,0,0,1,1,2,8.27615,100,96.1412,1024,3344,224,0,32
conv,21981,8388608,256,8,32,1,2,1,1,1,1,8,32,8,76679710,60810032,2,128031600,62914569,2,159383552,84.5526,1,48.5784,29360128,2621440,205520896,58720256,0.931266,99.7973,0,822083584,0,4345298944,411041792,1900281856,268435456,0,251920384,0,1,1.02965,0,0,0,1,1,2,8.31776,100,96.1011,1024,3496,224,0,32
conv,8619,8388608,256,8,32,1,2,1,1,7,0,8,32,1,2103315,2068670,1,25297288,4194313,2,56623104,0,2,47.0362,29360128,3670016,0,0,0.710408,100.115,0,822083584,0,461373440,8388608,725876736,385875968,0,82837504,0,1,2.62952,0,0,0,1,1,2,6.43303,100,90.6744,1024,3344,0,0,37
conv,8667,8388608,256,8,32,1,2,1,1,7,1,8,32,1,2103315,2068538,1,25296944,4194313,2,56623104,0,2,48.5784,29360128,2621440,0,0,0.9393,99.928,0,822083584,0,461373440,8388608,960757760,402653184,0,90701824,0,1,2.61163,0,0,0,1,1,2,6.72107,100,91.483,1024,3496,0,0,32
conv,19775,8388608,256,8,32,1,2,1,2,1,0,8,32,8,59165993,60803412,2,128035704,60817465,2,159383552,85.4942,1,47.0362,29360128,3670016,205520896,58720256,0.720978,99.8893,0,822083584,0,4387241984,411041792,1657012224,293601280,0,246415360,0,1,1.14585,0,0,0,1,1,2,8.38148,100,96.014,1024,3344,224,0,36
conv,22012,8388608,256,8,32,1,2,1,2,1,1,8,32,8,76477909,60810260,2,127989744,60817465,2,159383552,85.483,1,48.5784,29360128,2621440,205520896,58720256,0.934053,100.008,0,822083584,0,4387241984,411041792,1891893248,276824064,0,253231104,0,1,1.02991,0,0,0,1,1,2,7.82927,100,96.1212,1024,3496,224,0,32
conv,8463,8388608,256,8,32,1,2,1,2,7,0,8,32,1,2103315,2068538,1,25296944,2097161,2,56623104,0,2,47.0362,29360128,3670016,0,0,0.722201,99.8163,0,822083584,0,503316480,8388608,717488128,343932928,0,82575360,0,1,2.67337,0,0,0,1,1,2,6.50521,100,90.6448,1024,3344,0,0,37
conv,8581,8388608,256,8,32,1,2,1,2,7,1,8,32,1,2103883,2068574,1,25297704,2097289,2,56623104,0,2,48.5784,29360128,2621440,0,0,0.924029,99.9797,0,822083584,0,503316480,8388608,952369152,427819008,0,92536832,0,1,2.63971,0,0,0,1,1,2,6.95162,100,91.6519,1024,3496,0,0,32
conv,14288,4194304,256,8,32,1,2,2,1,1,0,8,32,8,50856842,35642192,2,79158252,37748745,2,110624768,81.1,1,46.2149,16777216,3080192,160432128,33554432,0.975125,99.9153,0,822083584,0,1936097280,209715200,1120010240,587202560,0,161087488,0,1,1.59182,0,0,0,1,1,2,7.9014,100,90.6943,1024,6160,256,0,32
conv,13317,4194304,256,8,32,1,2,2,1,1,1,8,32,7,36960790,35640463,2,77254956,37748745,2,110624768,80.7595,1,43.8969,17825792,3080192,160432128,33554432,0.727799,100.098,0,822083584,0,1936097280,209715200,1136787456,583008256,0,161480704,0,1,1.70404,0,0,0,1,1,2,8.4342,100,90.7169,1024,6440,256,0,40
conv,4595,4194304,256,8,32,1,2,2,1,7,0,8,32,2,2193459,2068506,1,17891376,4194313,2,30408704,0,2,46.2149,16777216,3080192,0,0,0.696904,99.8582,0,822083584,0,406847488,4194304,411172864,230686720,0,66453504,0,1,4.93838,0,0,0,1,1,2,10.1943,100,88.1718,1024,6160,0,0,35
conv,4602,4194304,256,8,32,1,2,2,1,7,1,8,32,2,2193854,2068506,1,17891560,4194313,2,30408704,0,2,43.8969,17825792,3080192,0,0,0.930564,99.9338,0,822083584,0,406847488,4194304,427950080,243269632,0,67371008,0,1,4.9354,0,0,0,1,1,2,10.2813,100,88.3329,1024,6440,0,0,32
conv,14270,4194304,256,8,32,1,2,2,2,1,0,8,32,8,51184004,35642274,2,79106672,35651593,2,110624768,82.6025,1,46.2149,16777216,3080192,160432128,33554432,0.975879,99.754,0,822083584,0,1973846016,209715200,1111621632,566231040,0,161349632,0,1,1.59019,0,0,0,1,1,2,7.96292,100,90.7094,1024,6160,256,0,32
conv,13305,4194304,256,8,32,1,2,2,2,1,1,8,32,7,36763161,35636668,2,77292744,35651593,2,110624768,82.3778,1,43.8969,17825792,3080192,160432128,33554432,0.728076,100.216,0,822083584,0,1973846016,209715200,1128398848,591396864,0,162660352,0,1,1.7041,0,0,0,1,1,2,8.45929,100,90.7843,1024,6440,256,0,40
conv,4467,4194304,256,8,32,1,2,2,2,7,0,8,32,2,2195012,2068506,1,17891376,2097161,2,30408704,0,2,46.2149,16777216,3080192,0,0,0.714356,99.9579,0,822083584,0,444596224,4194304,402784256,222298112,0,67108864,0,1,5.08497,0,0,0,1,1,2,10.2788,100,88.2874,1024,6160,0,0,35
conv,4487,4194304,256,8,32,1,2,2,2,7,1,8,32,2,2194174,2068506,1,17891592,2097161,2,30408704,0,2,43.8969,17825792,3080192,0,0,0.940887,99.964,0,822083584,0,444596224,4194304,419561472,234881024,0,68026368,0,1,5.0605,0,0,0,1,1,2,10.3062,100,88.4453,1024,6440,0,0,32
conv,8340,2097152,256,8,32,1,2,4,1,1,0,8,32,8,26614342,23049154,2,57649384,25165833,2,86376448,77.8841,1,46.5728,10485760,2392064,137887744,20971520,0.722078,99.9123,0,822083584,0,1098317824,104857600,847314944,549453824,0,124715008,0,1,2.72497,0,0,0,1,1,3,10.0473,100,85.7462,1024,11792,320,0,40
conv,7965,2097152,256,8,32,1,2,4,1,1,1,8,32,8,23440368,23040752,2,55300092,25165833,2,86376448,76.6529,1,39.3616,11796480,3440640,137887744,20971520,0.609802,100.011,0,822083584,0,1098317824,104857600,857800704,683671552,0,129236992,0,1,2.84779,0,0,0,1,1,3,10.8964,100,86.2449,1024,12328,320,0,42
conv,2540,2097152,256,8,32,1,2,4,1,7,0,8,32,3,2201747,2068506,2,14189016,4194313,2,17432576,0,2,46.5728,10485760,2392064,0,0,0.476051,99.7634,0,822083584,0,331776000,2097152,253820928,159383552,0,62259200,0,2,8.98006,0,0,0,1,1,2,18.3479,100,78.7615,1024,11792,0,0,54
conv,2567,2097152,256,8,32,1,2,4,1,7,1,8,32,3,2201747,2068506,2,14188640,4194313,2,17432576,0,3,39.3616,11796480,3440640,0,0,0.711564,99.9106,0,822083584,0,331776000,2097152,264306688,138412032,0,61931520,0,2,8.88698,0,0,0,1,1,2,18.0858,100,78.6491,1024,12328,0,0,40
conv,9121,2097152,256,8,32,1,2,4,2,1,0,8,32,8,32533291,23049244,2,61685880,23068681,2,86376448,80.9164,1,46.5728,10485760,2392064,137887744,20971520,0.973447,99.8817,0,822083584,0,1112997888,104857600,838926336,612368384,0,126877696,0,1,2.48538,0,0,0,1,1,3,9.46508,100,85.9892,1024,11792,320,0,32
conv,7972,2097152,256,8,32,1,2,4,2,1,1,8,32,8,23479369,23044222,2,55023836,23068681,2,86376448,78.8358,1,39.3616,11796480,3440640,137887744,20971520,0.611847,99.9562,0,822083584,0,1112997888,104857600,849412096,591396864,0,126550016,0,1,2.85422,0,0,0,1,1,3,10.7159,100,85.9529,1024,12328,320,0,42
conv,2432,2097152,256,8,32,1,2,4,2,7,0,8,32,3,2201751,2068502,2,14188592,2097161,2,17432576,0,2,46.5728,10485760,2392064,0,0,0.599352,99.9454,0,822083584,0,346456064,2097152,245432320,144703488,0,61997056,0,2,9.37331,0,0,0,1,1,2,18.9731,100,78.6717,1024,11792,0,0,46
conv,2459,2097152,256,8,32,1,2,4,2,7,1,8,32,3,2201777,2068506,2,14188592,2097289,2,17432576,0,3,39.3616,11796480,3440640,0,0,0.720428,99.7401,0,822083584,0,346456064,2097152,255918080,155189248,0,62652416,0,2,9.26596,0,0,0,1,1,2,18.8897,100,78.8948,1024,12328,0,0,40
conv,6304,1048576,256,8,32,1,2,8,1,1,0,8,32,7,16531195,16749246,2,48207416,18874377,3,74121216,75.3821,1,63.3015,3670016,3293184,126615552,14680064,0.49326,99.3778,0,822083584,0,840097792,52428800,710967296,651165696,0,111902720,0,2,3.60615,0,0,0,1,1,3,13.0806,100,85.9213,1024,23056,448,0,48
conv,6286,1048576,256,8,32,1,2,8,1,1,1,8,32,7,16474968,16749192,2,48465720,18874377,3,74121216,75.4172,1,45.9882,7340032,2244608,126615552,14680064,0.49328,99.8571,0,822083584,0,840097792,52428800,718307328,661651456,0,112459776,0,2,3.62708,0,0,0,1,1,3,12.8339,100,85.991,1024,24104,448,0,56
conv,1508,1048576,256,8,32,1,2,8,1,7,0,8,32,4,2152577,2068506,2,12337352,4194313,2,10813440,0,2,63.3015,3670016,3293184,0,0,0.486836,100.365,0,822083584,0,324247552,1048576,175144960,103809024,0,60981248,0,3,15.2688,0,0,0,1,1,2,31.7279,100,73.0928,1024,23056,0,0,64
conv,1501,1048576,256,8,32,1,2,8,1,7,1,8,32,4,2152602,2068506,2,12337256,4194313,2,10813440,0,3,45.9882,7340032,2244608,0,0,0.48802,99.7669,0,822083584,0,324247552,1048576,182484992,121634816,0,61767680,0,3,15.2871,0,0,0,1,1,2,32.1908,100,73.4354,1024,24104,0,0,64
conv,7811,1048576,256,8,32,1,2,8,2,1,0,8,32,6,16890907,16753010,2,48078912,16777225,2,74121216,77.9389,1,63.3015,3670016,3293184,126615552,14680064,0.490618,99.5291,0,822083584,0,851722240,52428800,702578688,659554304,0,112492544,0,1,2.89536,0,0,0,1,1,3,10.416,100,85.7937,1024,23056,448,0,40
conv,7191,1048576,256,8,32,1,2,8,2,1,1,8,32,6,16528137,16750140,2,47320408,16777225,2,74121216,77.3179,1,45.9882,7340032,2244608,126615552,14680064,0.491388,99.6048,0,822083584,0,851722240,52428800,709918720,665845760,0,112918528,0,1,3.16346,0,0,0,1,1,3,11.773,100,85.8473,1024,24104,448,0,44
conv,1394,1048576,256,8,32,1,2,8,2,7,0,8,32,4,2152738,2068506,2,12337200,2097161,2,10813440,0,2,63.3015,3670016,3293184,0,0,0.48994,99.61,0,822083584,0,337846272,1048576,166756352,110100480,0,61308928,0,3,16.4478,0,0,0,1,1,2,34.2682,100,73.2884,1024,23056,0,0,64
conv,1428,1048576,256,8,32,1,2,8,2,7,1,8,32,4,2152704,2068506,2,12337200,2097161,2,10813440,0,3,45.9882,7340032,2244608,0,0,0.490501,99.2006,0,822083584,0,337879040,1048576,174096384,113246208,0,61669376,0,3,16.1374,0,0,0,1,1,2,34.1957,100,73.3931,1024,24104,0,0,63
conv,19550,4194304,256,8,32,1,4,1,1,1,0,8,32,9,88287896,38787731,2,123962020,45088777,2,133038080,82.3663,1,86.4464,9175040,2293760,205520896,36700160,0.877606,100.221,0,822083584,0,2406645760,205520896,1389494272,197132288,0,185466880,0,1,1.15477,0,0,0,1,1,2,6.66696,100,84.5986,1024,5776,280,0,31
conv,19726,4194304,256,8,32,1,4,1,1,1,1,8,32,9,88331659,38789718,2,123970020,45088777,2,133038080,82.4076,1,91.6856,9175040,1638400,205520896,36700160,0.882545,100.379,0,822083584,0,2406645760,205520896,1536294912,197132288,0,190054400,0,1,1.15113,0,0,0,1,1,2,6.85197,100,84.9704,1024,5928,280,0,31
conv,4600,4194304,256,8,32,1,4,1,1,7,0,8,32,2,2103319,2068530,2,21365024,8388617,2,30277632,0,1,86.4464,9175040,2293760,0,0,0.591127,99.9481,0,822083584,0,289406976,4194304,420610048,209715200,0,62390272,0,1,4.93563,0,0,0,1,1,2,9.59993,100,87.454,1024,5776,0,0,48
conv,4599,4194304,256,8,32,1,4,1,1,7,1,8,32,2,2103315,2068522,2,21364784,8388665,2,30277632,0,1,91.6856,9175040,1638400,0,0,0.709133,99.8522,0,822083584,0,289406976,4194304,567410688,243269632,0,68026368,0,1,4.93412,0,0,0,1,1,2,9.93397,100,88.4935,1024,5928,0,0,40
conv,20000,4194304,256,8,32,1,4,1,2,1,0,8,32,9,90018540,38790022,2,124005052,40894473,2,133038080,84.45,1,86.4464,9175040,2293760,205520896,36700160,0.888786,98.8143,0,822083584,0,2431025152,205520896,1381105664,184549376,0,185335808,0,1,1.13393,0,0,0,1,1,2,6.90328,100,84.7159,1024,5776,280,0,32
conv,19933,4194304,256,8,32,1,4,1,2,1,1,8,32,9,91161461,38789074,2,124039952,40894473,2,133038080,84.4447,1,91.6856,9175040,1638400,205520896,36700160,0.881957,98.131,0,822083584,0,2431025152,205520896,1527906304,184549376,0,189923328,0,1,1.12846,0,0,0,1,1,2,7.12904,100,85.0851,1024,5928,280,0,31
conv,4462,4194304,256,8,32,1,4,1,2,7,0,8,32,2,2103459,2068594,1,21364936,4194361,2,30277632,0,1,86.4464,9175040,2293760,0,0,0.603861,99.9365,0,822083584,0,310378496,4194304,412221440,192937984,0,62259200,0,1,5.08295,0,0,0,1,1,2,9.68,100,87.4276,1024,5776,0,0,44
conv,4467,4194304,256,8,32,1,4,1,2,7,1,8,32,2,2103319,2068538,1,21364784,4194313,2,30277632,0,1,91.6856,9175040,1638400,0,0,0.719692,99.8745,0,822083584,0,310378496,4194304,559022080,247463936,0,68550656,0,1,5.0813,0,0,0,1,1,2,10.3059,100,88.5815,1024,5928,0,0,40
conv,19726,4194304,256,8,32,1,4,1,4,1,0,8,32,9,88984195,38788675,2,123909792,38797321,2,133038080,85.4999,1,86.4464,9175040,2293760,205520896,36700160,0.88338,99.9683,0,822083584,0,2435219456,205520896,1376911360,205520896,0,185991168,0,1,1.14937,0,0,0,1,1,2,6.68769,100,84.7698,1024,5776,280,0,32
conv,19835,4194304,256,8,32,1,4,1,4,1,1,8,32,9,90139464,38789679,2,123970036,38797321,2,133038080,85.5799,1,91.6856,9175040,1638400,205520896,36700160,0.889337,99.772,0,822083584,0,2435219456,205520896,1523712000,205520896,0,190578688,0,1,1.13868,0,0,0,1,1,2,6.85397,100,85.1364,1024,5928,280,0,32
conv,4456,4194304,256,8,32,1,4,1,4,7,0,8,32,2,2103459,2064394,1,21364784,2097161,2,30277632,0,1,86.4464,9175040,2293760,0,0,0.604618,99.906,0,822083584,0,318767104,4194304,408027136,192937984,0,62390272,0,1,5.09084,0,0,0,1,1,2,9.80186,100,87.454,1024,5776,0,0,43
conv,4449,4194304,256,8,32,1,4,1,4,7,1,8,32,2,2103347,2064450,1,21365040,2097161,2,30277632,0,1,91.6856,9175040,1638400,0,0,0.724102,99.9742,0,822083584,0,318767104,4194304,554827776,247463936,0,68681728,0,1,5.10335,0,0,0,1,1,2,10.2882,100,88.6033,1024,5928,0,0,40
conv,12647,2097152,256,8,32,1,4,2,1,1,0,8,32,8,57241902,23056230,2,93808044,29360185,2,108462080,79.7749,1,61.9114,6291456,3276800,182976512,20971520,0.953559,99.9041,0,822083584,0,1004781568,104857600,989396992,247463936,0,118620160,0,1,1.79576,0,0,0,1,1,2,6.13577,100,83.4751,1024,10640,320,0,32
conv,11843,2097152,256,8,32,1,4,2,1,1,1,8,32,8,49907122,23055234,2,79035500,29360137,2,108462080,76.4569,1,74.703,5767168,2162688,182976512,20971520,0.606351,99.5651,0,822083584,0,1004781568,104857600,1031340032,369098752,0,123731968,0,1,1.91813,0,0,0,1,1,2,6.79733,100,84.1578,1024,10920,320,0,43
conv,2542,2097152,256,8,32,1,4,2,1,7,0,8,32,3,2177450,2068506,2,16974104,8388617,2,16973824,0,2,61.9114,6291456,3276800,0,0,0.472815,99.8681,0,822083584,0,245137408,2097152,215547904,165675008,0,55574528,0,2,8.98004,0,0,0,1,1,2,16.7,100,81.5651,1024,10640,0,0,64
conv,2524,2097152,256,8,32,1,4,2,1,7,1,8,32,3,2180244,2068506,2,16973880,8388617,2,16973824,0,2,74.703,5767168,2162688,0,0,0.475096,100.025,0,822083584,0,245006336,2097152,257490944,161480704,0,56688640,0,2,9.03408,0,0,0,1,1,2,16.5439,100,82.0358,1024,10920,0,0,54
conv,12707,2097152,256,8,32,1,4,2,2,1,0,8,32,8,57287420,23056414,2,93701628,25165833,2,108462080,82.2568,1,61.9114,6291456,3276800,182976512,20971520,0.956502,99.4361,0,822083584,0,1023590400,104857600,981008384,251658240,0,119013376,0,1,1.79498,0,0,0,1,1,2,6.18962,100,83.583,1024,10640,320,0,32
conv,11717,2097152,256,8,32,1,4,2,2,1,1,8,32,8,49909720,23056970,2,79363344,25165833,2,108462080,79.8591,1,74.703,5767168,2162688,182976512,20971520,0.606417,99.6189,0,822083584,0,1023655936,104857600,1022951424,377487360,0,124321792,0,1,1.93122,0,0,0,1,1,2,6.90429,100,84.2329,1024,10920,320,0,44
conv,2418,2097152,256,8,32,1,4,2,2,7,0,8,32,3,2168584,2068506,2,16973872,4194313,2,16973824,0,2,61.9114,6291456,3276800,0,0,0.4795,99.8753,0,822083584,0,264011776,2097152,207159296,165675008,0,55902208,0,2,9.43094,0,0,0,1,1,2,17.4169,100,81.6731,1024,10640,0,0,64
conv,2427,2097152,256,8,32,1,4,2,2,7,1,8,32,3,2166537,2068494,2,16973872,4194313,2,16973824,0,2,74.703,5767168,2162688,0,0,0.483692,99.9528,0,822083584,0,263880704,2097152,249102336,155189248,0,56819712,0,2,9.40448,0,0,0,1,1,2,17.4025,100,82.0772,1024,10920,0,0,54
conv,12577,2097152,256,8,32,1,4,2,4,1,0,8,32,8,57037518,23055906,2,93605760,23068681,2,108462080,83.526,1,61.9114,6291456,3276800,182976512,20971520,0.958585,99.8893,0,822083584,0,1027784704,104857600,976814080,245366784,0,118816768,0,1,1.80518,0,0,0,1,1,2,6.19194,100,83.5558,1024,10640,320,0,32
conv,11705,2097152,256,8,32,1,4,2,4,1,1,8,32,8,49844748,23056426,2,79287120,23068681,2,108462080,81.5447,1,74.703,5767168,2162688,182976512,20971520,0.606801,100.428,0,822083584,0,1027784704,104857600,1018757120,377487360,0,124256256,0,1,1.93812,0,0,0,1,1,2,6.84855,100,84.2757,1024,10920,320,0,44
conv,2394,2097152,256,8,32,1,4,2,4,7,0,8,32,3,2173645,2064698,2,16974040,2097161,2,16973824,0,2,61.9114,6291456,3276800,0,0,0.479488,100.052,0,822083584,0,268206080,2097152,202964992,161480704,0,55771136,0,2,9.50368,0,0,0,1,1,2,17.593,100,81.6301,1024,10640,0,0,64
conv,2418,2097152,256,8,32,1,4,2,4,7,1,8,32,3,2168104,2064390,2,16974280,2097161,2,16973824,0,2,74.703,5767168,2162688,0,0,0.601581,99.7449,0,822083584,0,268206080,2097152,244908032,140509184,0,56426496,0,2,9.4391,0,0,0,1,1,2,17.0685,100,81.8434,1024,10920,0,0,48
conv,8198,1048576,256,8,32,1,4,4,1,1,0,8,32,7,27866977,15176066,2,72636292,21495817,3,96288768,75.3381,1,55.6337,3932160,3129344,171704320,13107200,0.492752,99.9305,0,822083584,0,761348096,56623104,855408640,285212672,0,100544512,0,1,2.78366,0,0,0,1,1,3,8.8241,99.9053,86.4255,1024,20368,400,0,32
conv,7765,1048576,256,8,32,1,4,4,1,1,1,8,32,7,28064260,15176210,3,76661404,21495865,3,96288768,76.4295,1,54.4574,4325376,3129344,171704320,13107200,0.493094,99.7495,0,822083584,0,761315328,56623104,858554368,380633088,0,103591936,0,1,2.92824,0,0,0,1,1,3,9.0671,99.9081,86.8555,1024,20904,400,0,48
conv,1753,1048576,256,8,32,1,4,4,1,7,0,8,32,4,2201789,2068546,3,14778528,8388617,2,10436608,0,2,55.6337,3932160,3129344,0,0,0.367278,100.343,0,822083584,0,207486976,5242880,142376960,98566144,0,56012800,0,3,13.1583,0,0,0,1,1,2,26.0666,99.83,71.1755,768,20368,0,0,80
conv,1747,1048576,256,8,32,1,4,4,1,7,1,8,32,4,2201829,2068598,3,14778736,8388665,2,10436608,0,2,54.4574,4325376,3129344,0,0,0.368245,99.9765,0,822083584,0,207552512,5242880,145522688,96468992,0,56111104,0,3,13.1848,0,0,0,1,1,2,26.1139,99.8303,71.1129,768,20904,0,0,80
conv,7994,1048576,256,8,32,1,4,4,2,1,0,8,32,7,27227101,15176022,2,72234900,17301513,3,96288768,78.7318,1,55.6337,3932160,3129344,171704320,13107200,0.494216,99.6329,0,822083584,0,610353152,56623104,847020032,287309824,0,95629312,0,1,2.84469,0,0,0,1,1,3,7.6315,99.9004,85.7278,1024,20368,400,0,32
conv,7920,1048576,256,8,32,1,4,4,2,1,1,8,32,7,28075818,15176614,2,74581544,17301513,3,96288768,79.4071,1,54.4574,4325376,3129344,171704320,13107200,0.493924,99.3573,0,822083584,0,610320384,56623104,850165760,331350016,0,97071104,0,1,2.86628,0,0,0,1,1,3,7.83937,99.9019,85.9725,1024,20904,400,0,48
conv,1599,1048576,256,8,32,1,4,4,2,7,0,8,32,4,2201778,2068578,3,14778416,4194313,2,10436608,0,2,55.6337,3932160,3129344,0,0,0.367828,100.396,0,822083584,0,214925312,5242880,133988352,99614720,0,56111104,0,3,14.5495,0,0,0,1,1,2,28.493,99.8303,71.0563,768,20368,0,0,80
conv,1574,1048576,256,8,32,1,4,4,2,7,1,8,32,4,2201803,2068506,3,14778416,4194361,2,10436608,0,2,54.4574,4325376,3129344,0,0,0.367847,99.6445,0,822083584,0,214925312,5242880,137134080,100663296,0,56242176,0,3,14.7146,0,0,0,1,1,2,29.1656,99.8307,71.1237,896,20904,0,0,72
conv,8154,1048576,256,8,32,1,4,4,4,1,0,8,32,7,28976541,15183090,2,68740908,15204361,3,96288768,79.8516,1,55.6337,3932160,3129344,171704320,13107200,0.49336,98.5959,0,822083584,0,614514688,56623104,842825728,329252864,0,96907264,0,1,2.76977,0,0,0,1,1,3,7.61618,99.9017,85.9488,1024,20368,400,0,40
conv,8194,1048576,256,8,32,1,4,4,4,1,1,8,32,7,27978360,15174634,2,76541336,15204361,3,96288768,81.4809,1,54.4574,4325376,3129344,171704320,13107200,0.492873,99.9758,0,822083584,0,614514688,56623104,845971456,342884352,0,97431552,0,1,2.78144,0,0,0,1,1,3,7.47525,99.9023,86.0244,1024,20904,400,0,48
conv,1525,1048576,256,8,32,1,4,4,4,7,0,8,32,4,2201799,2064686,2,14778440,2097161,2,10436608,0,2,55.6337,3932160,3129344,0,0,0.368628,100.481,0,822083584,0,219086848,5242880,129794048,94371840,0,55914496,0,3,15.1095,0,0,0,1,1,2,29.9674,99.8297,71.0113,768,20368,0,0,80
conv,1551,1048576,256,8,32,1,4,4,4,7,1,8,32,4,2201780,2064786,2,14778416,2097161,2,10436608,0,2,54.4574,4325376,3129344,0,0,0.368961,99.6184,0,822083584,0,219119616,5242880,132939776,92274688,0,55980032,0,3,14.8802,0,0,0,1,1,2,29.7873,99.8299,70.9885,896,20904,0,0,72
conv,6501,524288,256,8,32,1,4,8,1,1,0,8,32,5,10625437,11243667,2,57778964,17563657,3,90087424,70.6744,1,43.6578,3145728,3792896,166068224,9175040,0.244723,99.4017,0,822083584,0,482344960,36700160,803094528,298319872,0,84707328,0,1,3.50475,0,0,0,1,1,3,9.37752,99.7298,90.1096,1024,39824,560,0,64
conv,6567,524288,256,8,32,1,4,8,1,1,1,8,32,5,10668528,11243958,2,60435584,17563657,3,90087424,71.3859,1,47.4556,3342336,3006464,166068224,9175040,0.245272,98.1455,0,822083584,0,482344960,36700160,804667392,337641472,0,85985280,0,1,3.44532,0,0,0,1,1,3,9.17532,99.7338,90.2566,896,40872,560,0,67
conv,2129,524288,256,8,32,1,4,8,1,7,0,8,32,3,2170672,2070504,2,13754160,8388617,1,7053312,0,2,44.7786,2752512,3792896,0,0,0.247267,98.624,0,822083584,0,222183424,11010048,105791488,54525952,0,50644992,0,2,10.6132,0,0,0,1,1,1,19.52,99.5481,75.0071,512,39824,0,0,128
conv,2148,524288,256,8,32,1,4,8,1,7,1,8,32,3,2175669,2071256,2,13746936,8388617,1,7053312,0,1,50.3104,3014656,3006464,0,0,0.247163,99.4881,0,822083584,0,222183424,11010048,107888640,51904512,0,50628608,0,2,10.6298,0,0,0,1,1,1,19.3535,99.548,74.999,512,40872,0,0,128
conv,6204,524288,256,8,32,1,4,8,2,1,0,8,32,5,10920225,11246942,2,60406892,13369353,3,90087424,75.5059,1,43.6578,3145728,3792896,166068224,9175040,0.246192,98.8661,0,822083584,0,498073600,36700160,794705920,453509120,0,89786368,0,1,3.63238,0,0,0,1,1,3,10.4957,99.7451,90.6691,1024,39824,560,0,64
conv,6211,524288,256,8,32,1,4,8,2,1,1,8,32,5,10621805,11243566,2,62036536,13369353,3,90087424,76.8598,1,47.4556,3342336,3006464,166068224,9175040,0.246413,100.656,0,822083584,0,498073600,36700160,796278784,492830720,0,91064320,0,1,3.60107,0,0,0,1,1,3,10.1723,99.7487,90.8001,896,40872,560,0,67
conv,1864,524288,256,8,32,1,4,8,2,7,0,8,32,3,2173600,2068522,2,13710992,4194313,1,7053312,0,2,44.7786,2752512,3792896,0,0,0.247316,98.3668,0,822083584,0,231112704,11010048,97402880,57147392,0,50644992,0,2,12.2497,0,0,0,1,1,1,22.6047,99.5481,75.2022,512,39824,0,0,126
conv,1928,524288,256,8,32,1,4,8,2,7,1,8,32,3,2172429,2068642,2,13721720,4194313,1,7053312,0,2,50.3104,3014656,3006464,0,0,0.24732,98.5379,0,822083584,0,231129088,11010048,99500032,52953088,0,50595840,0,2,12.0281,0,0,0,1,1,1,22.2819,99.5477,75.1467,512,40872,0,0,111
conv,5947,524288,256,8,32,1,4,8,4,1,0,8,32,5,10563797,11240794,2,60160476,11272201,3,90087424,78.7759,1,43.6578,3145728,3792896,166068224,9175040,0.246662,100.752,0,822083584,0,502267904,36700160,790511616,403177472,0,88213504,0,1,3.81588,0,0,0,1,1,3,11.0705,99.7406,90.5028,896,39824,560,0,68
conv,6336,524288,256,8,32,1,4,8,4,1,1,8,32,5,10432512,11240394,2,59784628,11272201,3,90087424,78.2359,1,47.4556,3342336,3006464,166068224,9175040,0.245959,99.8639,0,822083584,0,502267904,36700160,792084480,466092032,0,90228736,0,1,3.58603,0,0,0,1,1,3,10.5468,99.7464,90.7149,896,40872,560,0,72
conv,1776,524288,256,8,32,1,4,8,4,7,0,8,32,3,2170232,2064382,2,13738664,2097161,1,7053312,0,2,44.7786,2752512,3792896,0,0,0.248144,100.872,0,822083584,0,235290624,11010048,93208576,54001664,0,50530304,0,2,12.9466,0,0,0,1,1,1,23.3955,99.5471,75.1773,512,39824,0,0,127
conv,1837,524288,256,8,32,1,4,8,4,7,1,8,32,3,2170373,2064418,2,13720016,2097161,1,7053312,0,2,50.3104,3014656,3006464,0,0,0.247947,99.5462,0,822083584,0,235323392,11010048,95305728,54525952,0,50644992,0,2,12.431,0,0,0,1,1,1,22.986,99.5481,75.1709,512,40872,0,0,111
conv,16943,2097152,256,8,32,1,8,1,1,1,0,8,32,9,81364093,27779196,2,127683604,42467465,2,119209984,75.4362,1,48.4969,12845056,1802240,205520896,25690112,0.778628,101.229,0,822083584,0,1272266752,102760448,1192820736,157286400,0,138870784,0,1,1.32077,0,0,0,1,1,2,6.05483,100,79.8228,1024,10640,392,0,32
conv,17256,2097152,256,8,32,1,8,1,1,1,1,8,32,8,81009538,27778762,2,127684252,42467337,2,119209984,75.4643,1,48.4969,12845056,1802240,205520896,25690112,0.774348,101.027,0,822083584,0,1272266752,102760448,1295581184,157286400,0,142082048,0,1,1.32338,0,0,0,1,1,2,6.2527,100,80.2788,1024,10792,392,0,32
conv,2615,2097152,256,8,32,1,8,1,1,7,0,8,32,2,2103316,2068530,3,25002032,16777225,2,16449536,0,2,48.4969,12845056,1802240,0,0,0.354047,99.8006,0,822083584,0,200966144,2097152,267976704,161480704,0,62259200,0,2,8.71132,0,0,0,1,1,2,18.2375,100,73.0115,768,10640,0,0,80
conv,2560,2097152,256,8,32,1,8,1,1,7,1,8,32,3,2103327,2068522,3,25002032,16777225,2,16449536,0,3,48.4969,12845056,1802240,0,0,0.472732,99.911,0,822083584,0,201162752,2097152,370737152,161480704,0,65536000,0,2,8.93176,0,0,0,1,1,2,18.9751,100,74.2703,1024,10792,0,0,64
conv,17049,2097152,256,8,32,1,8,1,2,1,0,8,32,8,78972703,27779542,2,127691224,34078729,2,119209984,79.3407,1,48.4969,12845056,1802240,205520896,25690112,0.762309,99.5527,0,822083584,0,1284653056,102760448,1184432128,146800640,0,138608640,0,1,1.34632,0,0,0,1,1,2,6.27588,100,79.8275,1024,10640,392,0,32
conv,16608,2097152,256,8,32,1,8,1,2,1,1,8,32,8,78232895,27779414,2,127655648,34078729,2,119209984,79.3571,1,48.4969,12845056,1802240,205520896,25690112,0.752818,98.3356,0,822083584,0,1284653056,102760448,1287192576,146800640,0,141819904,0,1,1.35539,0,0,0,1,1,2,6.57567,100,80.2843,1024,10792,392,0,32
conv,2484,2097152,256,8,32,1,8,1,2,7,0,8,32,3,2103315,2068558,3,25002032,8388617,2,16449536,0,3,48.4969,12845056,1802240,0,0,0.360908,99.9414,0,822083584,0,213745664,2097152,259588096,150994944,0,62128128,0,2,9.19976,0,0,0,1,1,2,19.0452,100,72.859,768,10640,0,0,78
conv,2471,2097152,256,8,32,1,8,1,2,7,1,8,32,3,2103579,2068554,3,25002312,8388617,2,16449536,0,3,48.4969,12845056,1802240,0,0,0.482668,99.8757,0,822083584,0,213745664,2097152,362348544,161480704,0,65667072,0,2,9.24735,0,0,0,1,1,2,19.6995,100,74.3217,1024,10792,0,0,64
conv,16825,2097152,256,8,32,1,8,1,4,1,0,8,32,8,79706054,27779354,2,127645004,29884425,2,119209984,81.4481,1,48.4969,12845056,1802240,205520896,25690112,0.762834,99.4385,0,822083584,0,1286750208,102760448,1180237824,155189248,0,138805248,0,1,1.33608,0,0,0,1,1,2,6.24214,100,79.8561,1024,10640,392,0,32
conv,16440,2097152,256,8,32,1,8,1,4,1,1,8,32,8,76926709,27779690,2,127667224,29884425,2,119209984,81.4752,1,48.4969,12845056,1802240,205520896,25690112,0.75602,101.064,0,822083584,0,1286750208,102760448,1282998272,155189248,0,142016512,0,1,1.36923,0,0,0,1,1,2,6.47389,100,80.3116,1024,10792,392,0,32
conv,2460,2097152,256,8,32,1,8,1,4,7,0,8,32,3,2103319,2068522,2,25002320,4194313,2,16449536,0,3,48.4969,12845056,1802240,0,0,0.364883,99.8645,0,822083584,0,215646208,2097152,255393792,148897792,0,61931520,0,2,9.28361,0,0,0,1,1,2,19.2335,100,72.8687,768,10640,0,0,78
conv,2415,2097152,256,8,32,1,8,1,4,7,1,8,32,3,2103315,2068554,3,25002032,4194313,2,16449536,0,3,48.4969,12845056,1802240,0,0,0.487428,99.9648,0,822083584,0,215646208,2097152,358154240,174063616,0,65929216,0,2,9.46008,0,0,0,1,1,2,20.3523,100,74.5139,1024,10792,0,0,64
conv,12513,1048576,256,8,32,1,8,2,1,1,0,8,32,8,58394327,16761778,2,109590980,31457289,2,106790912,72.9499,1,42.1674,7340032,2850816,194248704,14680064,0.490422,99.5857,0,822083584,0,746405888,52428800,949256192,74448896,0,96305152,0,1,1.82021,0,0,0,1,1,2,5.23671,100,85.8152,1024,19600,448,0,32
conv,12360,1048576,256,8,32,1,8,2,1,1,1,8,32,8,57440817,16762474,2,94064268,31457289,2,106790912,69.4225,1,47.0038,7340032,1802240,194248704,14680064,0.489165,99.4645,0,822083584,0,746405888,52428800,978616320,139460608,0,99254272,0,1,1.83245,0,0,0,1,1,2,5.35826,100,86.2367,1024,19880,448,0,47
conv,2442,1048576,256,8,32,1,8,2,1,7,0,8,32,3,2159254,2068506,3,21676728,16777225,1,9666560,0,2,42.1674,7340032,2850816,0,0,0.242305,99.1812,0,822083584,0,195837952,1048576,142901248,56623104,0,51281920,0,2,9.33459,0,0,0,1,1,1,16.8912,100,74.2522,640,19600,0,0,96
conv,2060,1048576,256,8,32,1,8,2,1,7,1,8,32,3,2144372,2068538,4,21676184,16777225,1,9666560,0,2,47.0038,7340032,1802240,0,0,0.365304,99.7645,0,822083584,0,195903488,1048576,172261376,61865984,0,52396032,0,2,11.2077,0,0,0,1,1,2,20.119,100,74.741,768,19880,0,0,80
conv,12318,1048576,256,8,32,1,8,2,2,1,0,8,32,8,57943333,16762614,2,104906352,23068809,2,106790912,76.6535,1,42.1674,7340032,2850816,194248704,14680064,0.490643,99.8878,0,822083584,0,598556672,52428800,940867584,120586240,0,92864512,0,1,1.83827,0,0,0,1,1,2,4.46053,100,85.2897,1024,19600,448,0,32
conv,11873,1048576,256,8,32,1,8,2,2,1,1,8,32,8,56793839,16762994,2,96136160,23068681,2,106790912,74.9488,1,47.0038,7340032,1802240,194248704,14680064,0.489047,100.06,0,822083584,0,598556672,52428800,970227712,199229440,0,96239616,0,1,1.91376,0,0,0,1,1,2,4.85028,100,85.8056,1024,19880,448,0,48
conv,2086,1048576,256,8,32,1,8,2,2,7,0,8,32,3,2147033,2068538,3,21676080,8388617,1,9666560,0,2,42.1674,7340032,2850816,0,0,0.242567,99.9261,0,822083584,0,205340672,1048576,134512640,60817408,0,51478528,0,2,11.0465,0,0,0,1,1,2,19.8258,100,74.2909,640,19600,0,0,96
conv,1991,1048576,256,8,32,1,8,2,2,7,1,8,32,3,2138234,2068506,3,21676448,8388617,1,9666560,0,2,47.0038,7340032,1802240,0,0,0.243175,99.5056,0,822083584,0,205340672,1048576,163872768,60817408,0,52396032,0,2,11.4664,0,0,0,1,1,2,20.828,100,74.741,640,19880,0,0,90
conv,12233,1048576,256,8,32,1,8,2,4,1,0,8,32,8,57331041,16763554,2,95221964,18874377,2,106790912,77.3638,1,42.1674,7340032,2850816,194248704,14680064,0.490803,100.034,0,822083584,0,600653824,52428800,936673280,120586240,0,92798976,0,1,1.8522,0,0,0,1,1,2,4.48056,100,85.2793,1024,19600,448,0,32
conv,12081,1048576,256,8,32,1,8,2,4,1,1,8,32,8,56748639,16764106,2,95795588,18874377,2,106790912,77.3971,1,47.0038,7340032,1802240,194248704,14680064,0.490114,100.137,0,822083584,0,600653824,52428800,966033408,217055232,0,96731136,0,1,1.8819,0,0,0,1,1,2,4.71553,100,85.8777,1024,19880,448,0,46
conv,1915,1048576,256,8,32,1,8,2,4,7,0,8,32,3,2132530,2068542,3,21676088,4194313,1,9666560,0,2,42.1674,7340032,2850816,0,0,0.24427,100.328,0,822083584,0,207437824,1048576,130318336,57671680,0,51314688,0,2,12.0241,0,0,0,1,1,2,21.5396,100,74.2088,512,19600,0,0,108
conv,1632,1048576,256,8,32,1,8,2,4,7,1,8,32,4,2139263,2068534,3,21676080,4194313,2,9666560,0,2,47.0038,7340032,1802240,0,0,0.369144,99.9893,0,822083584,0,207372288,1048576,159678464,62914560,0,52363264,0,3,13.9839,0,0,0,1,1,2,25.2602,100,74.7839,768,19880,0,0,80
conv,10261,524288,256,8,32,1,8,4,1,1,0,8,32,5,26360054,11244162,2,80634012,25952265,2,100671488,65.4082,1,27.8551,5767168,4857856,188612608,9175040,0.244957,99.6748,0,822083584,0,454033408,36700160,887767040,143654912,0,80934912,0,1,2.20543,0,0,0,1,1,2,4.77125,99.8121,90.5141,1024,37520,560,0,48
conv,10422,524288,256,8,32,1,8,4,1,1,1,8,32,5,26460848,11244610,2,76772780,25952265,2,100671488,63.9499,1,37.8024,5111808,2760704,188612608,9175040,0.244954,98.846,0,822083584,0,454033408,36700160,889864192,181403648,0,82180096,0,1,2.17297,0,0,0,1,1,2,5.01796,99.815,90.6578,896,38056,560,0,72
conv,2206,524288,256,8,32,1,8,4,1,7,0,8,32,3,2213325,2074233,3,20037192,16777225,1,6365184,0,2,28.6522,5242880,4857856,0,0,0.245409,99.362,0,822083584,0,176594944,11010048,102383616,64487424,0,49674240,0,2,10.3356,0,0,0,1,1,1,18.4158,99.6939,74.0172,512,37520,0,0,120
conv,2197,524288,256,8,32,1,8,4,1,7,1,8,32,3,2213962,2070377,3,20040864,16777225,1,6365184,0,2,38.5572,4915200,2760704,0,0,0.246438,99.5491,0,822083584,0,176594944,11010048,103956480,61341696,0,49625088,0,2,10.4822,0,0,0,1,1,1,18.6553,99.6936,73.9915,512,38056,0,0,128
conv,10279,524288,256,8,32,1,8,4,2,1,0,8,32,5,26968311,11245066,2,81911336,17563657,2,100671488,71.5421,1,27.8551,5767168,4857856,188612608,9175040,0.245816,100.853,0,822083584,0,463470592,36700160,879378432,170393600,0,81803264,0,1,2.20252,0,0,0,1,1,2,4.78151,99.8141,90.6148,1024,37520,560,0,48
conv,10572,524288,256,8,32,1,8,4,2,1,1,8,32,5,26994901,11248346,2,83934480,17563657,2,100671488,72.2291,1,37.8024,5111808,2760704,188612608,9175040,0.246201,98.6355,0,822083584,0,463470592,36700160,881475584,182452224,0,82245632,0,1,2.13983,0,0,0,1,1,2,4.68791,99.8151,90.6652,896,38056,560,0,72
conv,1907,524288,256,8,32,1,8,4,2,7,0,8,32,3,2217737,2068570,3,20027016,8388617,1,6365184,0,2,28.6522,5242880,4857856,0,0,0.244844,100.419,0,822083584,0,180248576,11010048,93995008,60817408,0,49395712,0,2,12.0412,0,0,0,1,1,1,21.0986,99.6922,73.9028,512,37520,0,0,120
conv,1910,524288,256,8,32,1,8,4,2,7,1,8,32,3,2216732,2068672,3,20014392,8388617,1,6365184,0,2,38.5572,4915200,2760704,0,0,0.245301,100.058,0,822083584,0,180264960,11010048,95567872,59768832,0,49428480,0,2,12.0641,0,0,0,1,1,1,21.3534,99.6924,73.888,512,38056,0,0,128
conv,10083,524288,256,8,32,1,8,4,4,1,0,8,32,5,26920482,11243558,2,77459048,13369353,2,100671488,73.3979,1,27.8551,5767168,4857856,188612608,9175040,0.246047,101.042,0,822083584,0,465567744,36700160,875184128,144703488,0,80934912,0,1,2.24234,0,0,0,1,1,2,5.05428,99.8121,90.5141,1024,37520,560,0,57
conv,9953,524288,256,8,32,1,8,4,4,1,1,8,32,5,26599822,11244142,2,78309812,13369353,2,100671488,73.2673,1,37.8024,5111808,2760704,188612608,9175040,0.245304,99.6556,0,822083584,0,465567744,36700160,877281280,182452224,0,82180096,0,1,2.2775,0,0,0,1,1,2,5.21223,99.815,90.6578,896,38056,560,0,72
conv,1807,524288,256,8,32,1,8,4,4,7,0,8,32,3,2256137,2068506,3,20015008,4194313,1,6365184,0,2,28.6522,5242880,4857856,0,0,0.246437,100.341,0,822083584,0,182362112,11010048,89800704,63438848,0,49428480,0,2,12.3951,0,0,0,1,1,1,21.8459,99.6924,73.888,512,37520,0,0,118
conv,1942,524288,256,8,32,1,8,4,4,7,1,8,32,3,2281976,2068506,3,20034328,4194313,1,6365184,0,2,38.5572,4915200,2760704,0,0,0.246532,99.7948,0,822083584,0,182362112,11010048,91373568,65536000,0,49543168,0,2,12.1727,0,0,0,1,1,1,21.618,99.6931,73.9485,512,38056,0,0,125
conv,60322,34865152,532,8,32,2,1,1,1,1,0,14,38,8,177151834,181920362,2,231015200,182714377,2,364052480,86.9317,1,58.1259,44957696,1114112,256901120,179830784,0.841829,109.714,0,822083584,0,9266528256,909901824,3409707008,569376768,0,800718848,0,1,0.448525,0,0,0,1,1,2,11.9598,59.1791,58.4537,1024,2128,200,0,32
conv,60271,34865152,532,8,32,2,1,1,1,1,1,14,38,8,176796938,181920892,2,231015432,182714505,2,364052480,86.9317,1,40.3381,64225280,2162688,256901120,179830784,0.834442,100.718,0,822083584,0,9266528256,909901824,3409707008,569376768,0,800718848,0,1,0.37835,0,0,0,1,1,2,10.9896,59.1791,58.4537,1024,2280,200,0,32
conv,28436,34865152,532,8,32,2,1,1,1,7,0,14,38,1,2103427,2069186,1,51184008,2883593,2,184221696,0,1,58.1259,44957696,1114112,0,0,0.62276,99.9539,0,822083584,0,658505728,104595456,1765539840,921698304,0,208732160,0,1,0.794332,0,0,0,1,1,2,5.08332,64.737,63.9639,1024,2128,0,0,31
conv,28438,34865152,532,8,32,2,1,1,1,7,1,14,38,1,2103899,2069182,1,51184248,2883593,2,184221696,0,1,40.3381,64225280,2162688,0,0,0.622695,99.9841,0,822083584,0,658505728,104595456,1765539840,921698304,0,208732160,0,1,0.79444,0,0,0,1,1,2,5.08246,64.737,63.9639,1024,2280,0,0,31
conv,42064,16056320,490,8,32,2,1,2,1,1,0,14,35,7,100176794,104835634,1,129860656,105611401,1,194904064,86.5015,1,29.3635,51380224,2031616,144179200,102760448,0.637926,99.5215,0,822083584,0,3686858752,459210752,1556676608,351338496,0,365297664,0,1,0.539145,0,0,0,1,1,2,6.67285,59.9654,58.8233,1024,3920,224,0,40
conv,41908,16056320,490,8,32,2,1,2,1,1,1,14,35,7,100151682,104837686,1,129860960,105611273,1,194904064,86.5015,1,29.3635,51380224,2031616,144179200,102760448,0.63728,99.9632,0,822083584,0,3686858752,459210752,1556676608,351338496,0,365297664,0,1,0.540074,0,0,0,1,1,2,6.65482,59.9654,58.8233,1024,4200,224,0,40
conv,14400,16056320,490,8,32,2,1,2,1,7,0,14,35,1,2203357,2068574,1,28934192,2850953,2,93978624,0,2,29.3635,51380224,2031616,0,0,0.830707,99.9339,0,822083584,0,542572544,48168960,977862656,460390400,0,139919360,0,1,1.57046,0,0,0,1,1,2,6.21871,64.2228,63.6768,1024,3920,0,0,32
conv,14398,16056320,490,8,32,2,1,2,1,7,1,14,35,1,2203569,2068602,1,28934208,2850825,2,93978624,0,2,29.3635,51380224,2031616,0,0,0.832035,99.9335,0,822083584,0,542572544,48168960,977862656,460390400,0,139919360,0,1,1.57065,0,0,0,1,1,2,6.21949,64.2228,63.6768,1024,4200,0,0,32
conv,24129,7798784,476,8,32,2,1,4,1,1,0,14,34,7,65632550,66319936,2,93279284,67108873,2,149749760,87.4142,1,56.3411,16056320,1933312,144179200,64225280,0.862157,100.703,0,822083584,0,2128936960,275709952,1193345024,657915904,0,264159232,0,1,0.945884,0,0,0,1,1,2,8.27935,61.2231,60.0726,1024,7504,280,0,32
conv,23977,7798784,476,8,32,2,1,4,1,1,1,14,34,7,65683330,66318065,2,93293244,67108873,2,149749760,87.4391,1,29.7702,32112640,1933312,144179200,64225280,0.862041,99.257,0,822083584,0,2128936960,275709952,1193345024,657915904,0,264159232,0,1,0.945171,0,0,0,1,1,2,8.39362,61.2231,60.0726,1024,8040,280,0,32
conv,7365,7798784,476,8,32,2,1,4,1,7,0,14,34,1,2202283,2068522,1,17318472,2883593,2,48824320,0,1,56.3411,16056320,1933312,0,0,0.820565,99.965,0,822083584,0,406454272,23396352,585170944,252379136,0,102318080,0,1,3.07791,0,0,0,1,1,2,9.09104,64.3094,63.8171,1024,7504,0,0,32
conv,7368,7798784,476,8,32,2,1,4,1,7,1,14,34,1,2201747,2068506,1,17318312,2883593,2,48824320,0,2,29.7702,32112640,1933312,0,0,0.822001,100.005,0,822083584,0,406454272,23396352,585170944,252379136,0,102318080,0,1,3.07836,0,0,0,1,1,2,9.08873,64.3094,63.8171,1024,8040,0,0,32
conv,16211,3784704,462,8,32,2,1,8,1,1,0,14,33,8,50837504,47050237,2,70658580,47808521,1,87719936,87.7651,1,34.8034,19267584,1884160,87818240,44957696,0.863772,99.7727,0,822083584,0,1304772608,167100416,772718592,795295744,0,197681152,0,1,1.39976,0,0,0,1,1,2,9.67645,62.0501,61.0511,1024,14672,392,0,30
conv,16150,3784704,462,8,32,2,1,8,1,1,1,14,33,8,50414759,47050302,2,70714696,47808649,1,87719936,87.7995,1,56.0939,11239424,1884160,87818240,44957696,0.864848,99.4533,0,822083584,0,1304772608,167100416,772718592,795295744,0,197681152,0,1,1.39512,0,0,0,1,1,2,9.67534,62.0501,61.0511,1024,15720,392,0,30
conv,3826,3784704,462,8,32,2,1,8,1,7,0,14,33,2,2152531,2068506,1,11575344,2850953,2,26247168,0,2,34.8034,19267584,1884160,0,0,0.859909,99.8212,0,822083584,0,351092736,11354112,388939776,136462336,0,84107264,0,2,5.94047,0,0,0,1,1,2,15.2154,63.8277,63.5324,1024,14672,0,0,32
conv,3825,3784704,462,8,32,2,1,8,1,7,1,14,33,2,2152531,2068506,1,11575344,2850825,2,26247168,0,2,56.0939,11239424,1884160,0,0,0.859882,99.7941,0,822083584,0,351092736,11354112,388939776,136462336,0,84107264,0,2,5.94181,0,0,0,1,1,2,15.223,63.8277,63.5324,1024,15720,0,0,32
conv,29859,13697024,418,8,32,2,2,1,1,1,0,11,38,8,92035845,82816237,2,167658924,87515273,2,215416832,87.0094,1,70.7649,20185088,1769472,282591232,80740352,0.71319,99.943,0,822083584,0,4309385216,416350208,1670709248,625737728,0,334331904,0,1,0.762733,0,0,0,1,1,2,8.0425,74.026,73.3203,1024,3344,224,0,32
conv,29722,13697024,418,8,32,2,2,1,1,1,1,11,38,8,93106660,82820867,2,167666792,87515273,2,215416832,87.0086,1,36.8682,40370176,1769472,282591232,80740352,0.703234,99.5784,0,822083584,0,4309385216,416350208,1905590272,306970624,0,330727424,0,1,0.763696,0,0,0,1,1,2,8.15745,74.0402,73.3268,1024,3496,224,0,32
conv,11546,13697024,418,8,32,2,2,1,1,7,0,11,38,1,2103315,2068750,1,26378288,6774793,2,74121216,0,1,70.7649,20185088,1769472,0,0,0.485418,99.9714,0,822083584,0,406454272,13697024,731185152,360382464,0,95059968,0,1,1.95946,0,0,0,1,1,2,5.44322,76.9972,76.7214,1024,3344,0,0,38
conv,11577,13697024,418,8,32,2,2,1,1,7,1,11,38,1,2103779,2068702,1,26378776,6774793,2,74121216,0,2,36.8682,40370176,1769472,0,0,0.664221,99.9768,0,822083584,0,406454272,13697024,966066176,410714112,0,107315200,0,1,1.95438,0,0,0,1,1,2,5.86795,76.5095,76.2653,1024,3496,0,0,32
conv,29664,13697024,418,8,32,2,2,1,2,1,0,11,38,8,90668107,82832322,2,163299932,83034121,2,215416832,90.1288,1,73.6219,20185088,917504,282591232,80740352,0.696185,99.9823,0,822083584,0,4354408448,443744256,1634926592,634126336,0,337313792,0,1,0.76429,0,0,0,1,1,2,7.59146,74.0425,73.0893,1024,3344,224,0,32
conv,29558,13697024,418,8,32,2,2,1,2,1,1,11,38,8,89644742,82824478,2,163307840,83034121,2,215416832,90.1311,1,36.8682,40370176,1769472,282591232,80740352,0.686182,100.403,0,822083584,0,4354408448,443744256,1883504640,315359232,0,334168064,0,1,0.767067,0,0,0,1,1,2,8.20123,74.0832,73.121,1024,3496,224,0,32
conv,11285,13697024,418,8,32,2,2,1,2,7,0,11,38,1,2103315,2068742,1,22020144,2293769,2,74121216,0,1,73.6219,20185088,917504,0,0,0.485756,99.9807,0,822083584,0,456785920,41091072,695402496,382468096,0,98140160,0,1,2.00445,0,0,0,1,1,2,5.872,77.0555,76.3523,1024,3344,0,0,37
conv,11256,13697024,418,8,32,2,2,1,2,7,1,11,38,1,2103427,2068686,1,22020256,2293769,2,74121216,0,2,36.8682,40370176,1769472,0,0,0.649278,99.947,0,822083584,0,456785920,41091072,943980544,457965568,0,111935488,0,1,2.00984,0,0,0,1,1,2,6.46204,76.6064,75.9898,1024,3496,0,0,32
conv,19150,6307840,385,8,32,2,2,2,1,1,0,11,35,7,51540284,48227851,2,97471192,52928569,2,148832256,83.8822,1,35.9054,23068672,2490368,220594176,46137344,0.685651,99.9588,0,822083584,0,2037399552,262291456,1122123776,589578240,0,205684736,0,1,1.18461,0,0,0,1,1,2,7.53018,74.9029,73.4358,1024,6160,256,0,32
conv,20413,6307840,385,8,32,2,2,2,1,1,1,11,35,6,48200677,48216646,2,97467088,52928521,2,148832256,83.8808,1,34.4905,23855104,2752512,220594176,46137344,0.509198,99.9771,0,822083584,0,2037399552,262291456,1138900992,564412416,0,205324288,0,1,1.10916,0,0,0,1,1,2,7.00252,74.9067,73.437,1024,6440,256,0,42
conv,5944,6307840,385,8,32,2,2,2,1,7,0,11,35,1,2202754,2068522,1,17449008,6791177,2,38535168,0,2,35.9054,23068672,2490368,0,0,0.706131,99.8172,0,822083584,0,350994432,31539200,413286400,197328896,0,74366976,0,1,3.81412,0,0,0,1,1,2,8.91535,76.9849,76.2785,1024,6160,0,0,32
conv,5939,6307840,385,8,32,2,2,2,1,7,1,11,35,1,2196448,2068506,1,17449008,6791177,2,38535168,0,2,34.4905,23855104,2752512,0,0,0.500497,99.936,0,822083584,0,350994432,31539200,430063616,212025344,0,75661312,0,1,3.81796,0,0,0,1,1,2,8.91847,76.9678,76.2735,1024,6440,0,0,34
conv,19063,6307840,385,8,32,2,2,2,2,1,0,11,35,8,59087083,48239761,2,93336440,48431113,2,148832256,89.1078,1,37.1436,23068672,1638400,220594176,46137344,0.810054,99.9013,0,822083584,0,1923792896,237060096,1088503808,541261824,0,197591040,0,1,1.18769,0,0,0,1,1,2,7.19908,74.1801,72.9522,1024,6160,256,0,32
conv,20197,6307840,385,8,32,2,2,2,2,1,1,11,35,6,48137636,48217888,2,93157988,48431113,2,148832256,89.0996,1,35.228,23855104,2195456,220594176,46137344,0.508609,99.822,0,822083584,0,1923792896,237060096,1111588864,474152960,0,195641344,0,1,1.12005,0,0,0,1,1,2,6.69365,74.2162,72.976,1024,6440,256,0,46
conv,5731,6307840,385,8,32,2,2,2,2,7,0,11,35,1,2214724,2068506,1,13140368,2293769,2,38535168,0,2,37.1436,23068672,1638400,0,0,0.810908,99.9587,0,822083584,0,338280448,18923520,379666432,216219648,0,73187328,0,1,3.95651,0,0,0,1,1,2,9.06826,76.2459,75.7975,1024,6160,0,0,32
conv,5711,6307840,385,8,32,2,2,2,2,7,1,11,35,1,2211166,2068506,1,13140016,2293769,2,38535168,0,2,35.228,23855104,2195456,0,0,0.709741,99.9277,0,822083584,0,338280448,18923520,402751488,212025344,0,73940992,0,1,3.96862,0,0,0,1,1,2,9.21552,76.2672,75.8233,1024,6440,0,0,32
conv,11256,3063808,374,8,32,2,2,4,1,1,0,11,34,8,34473526,30921833,2,67268500,35610633,2,115539968,81.1069,1,49.602,9830400,2260992,189595648,28835840,0.683101,100.262,0,822083584,0,1272594432,154845184,848281600,585596928,0,154107904,0,1,2.02062,0,0,0,1,1,3,9.19379,75.9014,74.692,1024,11792,320,0,40
conv,11115,3063808,374,8,32,2,2,4,1,1,1,11,34,7,31135554,30921651,2,65575828,35610633,2,115539968,80.8611,1,38.2111,13434880,2260992,189595648,28835840,0.51007,100.042,0,822083584,0,1272594432,154845184,858767360,679968768,0,158613504,0,1,2.04859,0,0,0,1,1,3,9.65039,75.8112,74.6362,1024,12328,320,0,48
conv,3176,3063808,374,8,32,2,2,4,1,7,0,11,34,2,2201747,2068506,2,12591152,6774793,2,20742144,0,2,49.602,9830400,2260992,0,0,0.486425,99.8648,0,822083584,0,325173248,15319040,254787584,109035520,0,62078976,0,2,7.16325,0,0,0,1,1,2,14.7224,77.4149,76.8376,1024,11792,0,0,46
conv,3172,3063808,374,8,32,2,2,4,1,7,1,11,34,2,2201747,2068506,2,12591304,6774793,2,20742144,0,2,38.2111,13434880,2260992,0,0,0.659051,99.7016,0,822083584,0,325173248,15319040,265273344,111132672,0,62619648,0,2,7.17151,0,0,0,1,1,2,14.8646,77.3744,76.8021,1024,12328,0,0,40
conv,11227,3063808,374,8,32,2,2,4,2,1,0,11,34,8,35675397,30923902,2,63016564,31129609,2,115539968,88.508,1,52.8229,9830400,1523712,189595648,28835840,0.679871,100.241,0,822083584,0,1083588608,130334720,815742976,533102592,0,143818752,0,1,2.02011,0,0,0,1,1,3,8.47039,74.5155,73.5486,1024,11792,320,0,40
conv,10924,3063808,374,8,32,2,2,4,2,1,1,11,34,8,31360870,30922063,2,61510868,31129609,2,115539968,88.3478,1,39.1301,13434880,1892352,189595648,28835840,0.510367,99.7864,0,822083584,0,1083588608,130334720,832266240,627474432,0,148520960,0,1,2.07117,0,0,0,1,1,3,9.08939,74.4896,73.5533,1024,12328,320,0,48
conv,2943,3063808,374,8,32,2,2,4,2,7,0,11,34,2,2201747,2068506,1,8503344,2293769,2,20742144,0,2,52.8229,9830400,1523712,0,0,0.662589,99.8751,0,822083584,0,279298048,9191424,222248960,116293632,0,59580416,0,2,7.73367,0,0,0,1,1,2,15.3943,76.3904,76.0063,1024,11792,0,0,40
conv,2948,3063808,374,8,32,2,2,4,2,7,1,11,34,2,2201747,2068506,1,8503344,2293769,2,20742144,0,2,39.1301,13434880,1892352,0,0,0.657525,99.9007,0,822083584,0,279298048,9191424,238772224,104841216,0,59768832,0,2,7.72353,0,0,0,1,1,2,15.3724,76.4194,76.0318,1024,12328,0,0,40
conv,8221,1486848,363,8,32,2,2,8,1,1,0,11,33,8,24144407,22277834,2,56704708,26976265,3,98861056,79.692,1,56.1652,5046272,2801664,174096384,20185088,0.499652,99.7253,0,822083584,0,802160640,58814464,711405568,559611904,0,124637184,0,1,2.75903,0,0,0,1,1,3,12.6642,74.5502,74.0669,1024,23056,448,0,54
conv,8471,1486848,363,8,32,2,2,8,1,1,1,11,33,7,24166216,22264948,2,59799224,26976265,3,98861056,80.3337,1,46.4247,7282688,2211840,174096384,20185088,0.50645,99.6726,0,822083584,0,802160640,58814464,718745600,610381824,0,127119360,0,1,2.67069,0,0,0,1,1,3,10.9262,74.523,74.0492,1024,24104,448,0,52
conv,1766,1486848,363,8,32,2,2,8,1,7,0,11,33,3,2152563,2068506,2,10212024,6791177,2,11812864,0,2,56.1652,5046272,2801664,0,0,0.328422,99.9809,0,822083584,0,303648768,7434240,175583232,64512000,0,56111104,0,3,12.9816,0,0,0,1,1,2,25.3236,76.7955,76.4812,1024,23056,0,0,64
conv,1763,1486848,363,8,32,2,2,8,1,7,1,11,33,3,2152531,2068506,2,10211608,6791177,2,11812864,0,2,46.4247,7282688,2211840,0,0,0.326557,99.6096,0,822083584,0,303648768,7434240,182923264,64073728,0,56422400,0,3,12.9964,0,0,0,1,1,2,25.3303,76.7541,76.4415,1024,24104,0,0,63
conv,8477,1486848,363,8,32,2,2,8,2,1,0,11,33,7,24944060,22272955,2,55986364,22478857,3,98861056,89.1556,1,67.4264,5046272,1490944,174096384,20185088,0.501859,99.7335,0,822083584,0,748634112,55840768,679407616,606969856,0,123740160,0,1,2.68593,0,0,0,1,1,3,11.1544,74.0004,73.5648,1024,23056,448,0,54
conv,8481,1486848,363,8,32,2,2,8,2,1,1,11,33,7,24956025,22271734,2,54654240,22478857,3,98861056,88.9672,1,48.2567,7282688,1851392,174096384,20185088,0.502566,99.5671,0,822083584,0,748634112,55840768,692649984,656252928,0,126369792,0,1,2.67711,0,0,0,1,1,3,10.7136,74.0079,73.5802,1024,24104,448,0,52
conv,1567,1486848,363,8,32,2,2,8,2,7,0,11,33,4,2152533,2068506,1,6209600,2293769,2,11812864,0,2,67.4264,5046272,1490944,0,0,0.491066,99.5624,0,822083584,0,250122240,4460544,143585280,59002880,0,52957184,0,3,14.6055,0,0,0,1,1,2,27.1583,75.7022,75.4887,1024,23056,0,0,56
conv,1592,1486848,363,8,32,2,2,8,2,7,1,11,33,4,2152795,2068506,1,6209856,2293769,2,11812864,0,3,48.2567,7282688,1851392,0,0,0.504921,99.1602,0,822083584,0,250122240,4460544,156827648,56905728,0,53379072,0,3,14.2849,0,0,0,1,1,2,26.9848,75.7589,75.5446,1024,24104,0,0,56
conv,26051,6225920,380,8,32,2,4,1,1,1,0,10,38,9,120829767,47965907,2,149843016,54263817,2,163708928,85.4065,1,71.6973,11468800,2359296,256901120,45875200,0.792106,100.152,0,822083584,0,2380136448,220004352,1391525888,196214784,0,194674688,0,1,0.870499,0,0,0,1,1,2,5.1868,81.1679,80.4221,1024,5776,280,0,31
conv,26083,6225920,380,8,32,2,4,1,1,1,1,10,38,9,120623196,47965486,2,149843088,54263817,2,163708928,85.407,1,76.0207,11468800,1572864,256901120,45875200,0.79746,100.309,0,822083584,0,2380136448,220004352,1538326528,196214784,0,200409088,0,1,0.872462,0,0,0,1,1,2,5.37899,81.1345,80.41,1024,5928,280,0,32
conv,5537,6225920,380,8,32,2,4,1,1,7,0,10,38,1,2103315,2068650,1,21397960,8388617,2,35258368,0,1,71.6973,11468800,2359296,0,0,0.441747,99.9383,0,822083584,0,211943424,6225920,422641664,171180032,0,61669376,0,1,4.09707,0,0,0,1,1,2,7.94369,83.1429,82.8042,1024,5776,0,0,52
conv,5535,6225920,380,8,32,2,4,1,1,7,1,10,38,1,2103315,2068574,1,21397568,8388617,2,35258368,0,1,76.0207,11468800,1572864,0,0,0.603304,99.9335,0,822083584,0,211943424,6225920,569442304,221511680,0,69369856,0,1,4.09882,0,0,0,1,1,2,8.2877,82.794,82.4929,1024,5928,0,0,40
conv,25971,6225920,380,8,32,2,4,1,2,1,0,10,38,9,120550877,47966430,2,143158688,50069513,2,163708928,90.214,1,76.9879,11468800,1409024,256901120,45875200,0.793412,100.181,0,822083584,0,2455109632,207552512,1359478784,153780224,0,194183168,0,1,0.872342,0,0,0,1,1,2,5.17296,81.1709,80.4332,1024,5776,280,0,31
conv,26597,6225920,380,8,32,2,4,1,2,1,1,10,38,9,122682102,47966296,2,143161144,50069513,2,163708928,90.2151,1,76.0207,11468800,1572864,256901120,45875200,0.78192,100.302,0,822083584,0,2455109632,220004352,1518108672,153780224,0,200900608,0,1,0.860319,0,0,0,1,1,2,5.33196,81.0792,80.4049,1024,5928,280,0,31
conv,5250,6225920,380,8,32,2,4,1,2,7,0,10,38,1,2103315,2068630,1,14712984,4194313,2,35258368,0,1,76.9879,11468800,1409024,0,0,0.44464,99.9243,0,822083584,0,299991040,6225920,390594560,190119936,0,64487424,0,1,4.32063,0,0,0,1,1,2,8.96849,83.3524,82.8173,1024,5776,0,0,48
conv,5241,6225920,380,8,32,2,4,1,2,7,1,10,38,1,2103315,2068526,1,14712880,4194313,2,35258368,0,1,76.0207,11468800,1572864,0,0,0.618741,99.932,0,822083584,0,299991040,18677760,549224448,198508544,0,71532544,0,1,4.32774,0,0,0,1,1,2,9.19804,82.9292,82.5011,1024,5928,0,0,40
conv,16171,2867200,350,8,32,2,4,2,1,1,0,10,35,8,73126916,28286826,2,99655460,34603017,2,133300224,81.3601,1,43.457,10223616,3407872,228720640,26214400,0.764867,99.8238,0,822083584,0,1056849920,134299648,990167040,217481216,0,124862464,0,1,1.41873,0,0,0,1,1,2,5.01692,81.7617,80.6107,1024,10640,320,0,32
conv,13276,2867200,350,8,32,2,4,2,1,1,1,10,35,7,44759496,28294570,2,89411480,34603017,2,133300224,80.0764,1,55.2848,8388608,2326528,228720640,26214400,0.46205,99.8107,0,822083584,0,1056849920,134299648,1032110080,330727424,0,130924544,0,1,1.71092,0,0,0,1,1,3,6.33492,81.6802,80.5825,1024,10920,320,0,42
conv,2987,2867200,350,8,32,2,4,2,1,7,0,10,35,2,2187483,2068506,2,16318512,8388617,2,18939904,0,2,43.457,10223616,3407872,0,0,0.291724,99.8646,0,822083584,0,186875904,25804800,216317952,116817920,0,51822592,0,2,7.6208,0,0,0,1,1,2,13.3991,83.2704,82.487,896,10640,0,0,68
conv,2990,2867200,350,8,32,2,4,2,1,7,1,10,35,2,2187160,2068506,2,16318608,8388617,2,18939904,0,2,55.2848,8388608,2326528,0,0,0.447826,99.9565,0,822083584,0,186875904,25804800,258260992,120242176,0,53616640,0,2,7.61794,0,0,0,1,1,2,13.4281,83.1283,82.3711,1024,10920,0,0,54
conv,16151,2867200,350,8,32,2,4,2,2,1,0,10,35,8,73752374,28299137,2,94373584,30408713,2,133300224,88.7341,1,48.7281,10223616,1933312,228720640,26214400,0.772628,99.335,0,822083584,0,1033003008,127991808,959987712,211730432,0,122994688,0,1,1.39777,0,0,0,1,1,2,4.86114,81.317,80.1558,1024,10640,320,0,32
conv,13119,2867200,350,8,32,2,4,2,2,1,1,10,35,7,44357680,28293718,2,83260536,30408713,2,133300224,87.3628,1,58.0357,8388608,1818624,228720640,26214400,0.462492,100.418,0,822083584,0,1033003008,127991808,1007378432,324976640,0,129236992,0,1,1.72993,0,0,0,1,1,3,6.23796,81.2736,80.1685,1024,10920,320,0,44
conv,2697,2867200,350,8,32,2,4,2,2,7,0,10,35,2,2193492,2068506,1,10166320,4194313,2,18939904,0,2,48.7281,10223616,1933312,0,0,0.300343,99.8864,0,822083584,0,228777984,14336000,186138624,105709568,0,51560448,0,2,8.43902,0,0,0,1,1,2,15.0339,82.7058,82.2485,1024,10640,0,0,64
conv,2691,2867200,350,8,32,2,4,2,2,7,1,10,35,2,2195776,2068494,1,10166320,4194313,2,18939904,0,2,58.0357,8388608,1818624,0,0,0.453727,99.9323,0,822083584,0,228777984,14336000,233529344,103612416,0,53297152,0,2,8.46992,0,0,0,1,1,2,15.1631,82.6665,82.2241,1024,10920,0,0,48
conv,10464,1392640,340,8,32,2,4,4,1,1,0,10,34,8,45935758,18466236,3,105917116,24772617,2,118128640,82.9273,1,41.7737,6225920,3178496,214630400,16384000,0.610702,99.9716,0,822083584,0,561053696,63913984,855752704,325746688,0,102166528,0,1,2.16511,0,0,0,1,1,3,6.27944,81.0478,80.4003,1024,20368,400,0,39
conv,8450,1392640,340,8,32,2,4,4,1,1,1,10,34,6,20171360,18455686,2,65415404,24772617,3,118128640,75.3975,1,38.7764,6881280,3588096,214630400,16384000,0.30801,99.8281,0,822083584,0,561053696,63913984,858898432,275415040,0,100323328,0,1,2.68752,0,0,0,1,1,3,7.53124,81.067,80.4077,1024,20904,400,0,61
conv,1702,1392640,340,8,32,2,4,4,1,7,0,10,34,4,2201747,2068506,3,13795376,8388617,2,10813440,0,2,41.7737,6225920,3178496,0,0,0.295786,99.6126,0,822083584,0,171687936,12533760,142721024,62160896,0,46202880,0,3,13.4527,0,0,0,1,1,2,22.3063,82.4302,81.9204,768,20368,0,0,80
conv,1687,1392640,340,8,32,2,4,4,1,7,1,10,34,4,2202155,2068510,3,13796056,8388617,2,10813440,0,3,38.7764,6881280,3588096,0,0,0.151921,98.2359,0,822083584,0,171687936,12533760,145866752,71598080,0,46694400,0,3,13.6099,0,0,0,1,1,2,23.1259,82.4046,81.9002,640,20904,0,0,96
conv,10535,1392640,340,8,32,2,4,4,2,1,0,10,34,8,45453065,18466260,2,98030140,20578313,2,118128640,90.011,1,48.0524,6225920,1949696,214630400,16384000,0.606112,98.2946,0,822083584,0,584065024,58343424,826507264,206708736,0,97206272,0,1,2.13292,0,0,0,1,1,3,5.60254,80.9137,80.2966,1024,20368,400,0,32
conv,9184,1392640,340,8,32,2,4,4,2,1,1,10,34,8,33643511,18457969,2,76501468,20578313,3,118128640,87.4888,1,41.6439,6881280,2867200,214630400,16384000,0.460362,99.7149,0,822083584,0,584065024,58343424,834867200,271720448,0,100048896,0,1,2.47496,0,0,0,1,1,3,6.54062,80.9089,80.307,1024,20904,400,0,56
conv,1460,1392640,340,8,32,2,4,4,2,7,0,10,34,4,2201747,2068502,2,7901232,4194361,2,10813440,0,3,48.0524,6225920,1949696,0,0,0.299727,100.098,0,822083584,0,194699264,6963200,113475584,58155008,0,45801472,0,3,15.7438,0,0,0,1,1,2,25.7852,81.9392,81.5596,768,20368,0,0,80
conv,1448,1392640,340,8,32,2,4,4,2,7,1,10,34,4,2201747,2068502,2,7901280,4194313,2,10813440,0,3,41.6439,6881280,2867200,0,0,0.299396,99.4477,0,822083584,0,194699264,6963200,121835520,49422336,0,45772800,0,3,15.8091,0,0,0,1,1,2,26.1959,81.9704,81.5853,768,20904,0,0,80
conv,6780,675840,330,8,32,2,4,8,1,1,0,10,33,6,18690535,13544774,3,94350636,19857417,3,110526464,81.705,1,36.9412,4825088,3375104,207585280,11468800,0.30426,99.8555,0,822083584,0,519356416,31772672,803246080,297205760,0,95991808,0,1,3.35171,0,0,0,1,1,4,9.57868,80.898,80.5298,1024,39824,560,0,64
conv,6723,675840,330,8,32,2,4,8,1,1,1,10,33,7,18902076,13543976,3,91631036,19857417,3,110526464,81.2044,1,36.9444,5042176,3112960,207585280,11468800,0.303364,99.6153,0,822083584,0,519356416,31772672,804818944,336527360,0,97589248,0,1,3.38473,0,0,0,1,1,4,9.88328,80.8833,80.5211,768,40872,560,0,80
conv,1310,675840,330,8,32,2,4,8,1,7,0,10,33,5,2152579,2068506,3,12533928,8388617,1,6733824,0,3,37.9006,4358144,3375104,0,0,0.153772,98.9253,0,822083584,0,228749312,6082560,105943040,34013184,0,45854720,0,3,17.7449,0,0,0,1,1,2,30.0208,81.873,81.5668,512,39824,0,0,128
conv,1318,675840,330,8,32,2,4,8,1,7,1,10,33,4,2152531,2068506,3,12534056,8388617,1,6733824,0,3,38.5189,4751360,3112960,0,0,0.153785,98.6461,0,822083584,0,228749312,6082560,108040192,32880640,0,45893632,0,3,17.5328,0,0,0,1,1,2,29.4907,81.8693,81.5634,512,40872,0,0,128
conv,6548,675840,330,8,32,2,4,8,2,1,0,10,33,7,18918507,13537548,3,88960696,15663113,3,110526464,89.5565,1,44.9856,4825088,1908736,207585280,11468800,0.301687,99.3214,0,822083584,0,477763584,29069312,774467584,344733696,0,95268864,0,1,3.47367,0,0,0,1,1,4,10.1858,80.6164,80.3029,1024,39824,560,0,64
conv,6554,675840,330,8,32,2,4,8,2,1,1,10,33,7,18824237,13537667,3,87701944,15663113,3,110526464,89.3933,1,39.8895,5042176,2510848,207585280,11468800,0.302373,99.3025,0,822083584,0,477763584,29069312,781137920,332675072,0,95039488,0,1,3.46563,0,0,0,1,1,4,9.70147,80.6351,80.3196,768,40872,560,0,80
conv,1040,675840,330,8,32,2,4,8,2,7,0,10,33,6,2152531,2068506,2,6768688,4194313,2,6733824,0,3,46.7688,4358144,1908736,0,0,0.155273,101.983,0,822083584,0,177719296,3379200,77164544,30601216,0,42774528,0,4,22.3698,0,0,0,1,1,2,34.3633,81.3634,81.1631,512,39824,0,0,128
conv,1037,675840,330,8,32,2,4,8,2,7,1,10,33,6,2152531,2068522,2,6768696,4194313,2,6733824,0,3,41.7125,4751360,2510848,0,0,0.155554,102.813,0,822083584,0,177719296,3379200,84359168,30076928,0,43016192,0,4,23.1399,0,0,0,1,1,2,35.091,81.3937,81.1917,512,40872,0,0,128
conv,22025,2801664,342,8,32,2,8,1,1,1,0,9,38,8,108779336,30991174,2,141007696,45678601,2,132939776,77.4061,1,43.2266,14450688,1982464,231211008,28901376,0.669959,99.1821,0,822083584,0,1276362752,109068288,1193525248,93061120,0,122839040,0,1,1.03865,0,0,0,1,1,2,4.21028,89.5198,88.8892,1024,10640,392,0,32
conv,21716,2801664,342,8,32,2,8,1,1,1,1,9,38,9,108693103,30991373,2,141008868,45678601,2,132939776,77.4057,1,43.2266,14450688,1982464,231211008,28901376,0.679252,99.5809,0,822083584,0,1276362752,109068288,1296285696,93061120,0,126451712,0,1,1.03935,0,0,0,1,1,2,4.33703,89.5018,88.8892,1024,10792,392,0,32
conv,2929,2801664,342,8,32,2,8,1,1,7,0,9,38,2,2103771,2068798,3,25404048,16777225,2,17334272,0,2,43.2266,14450688,1982464,0,0,0.129617,98.1485,0,822083584,0,119046144,2801664,268681216,103546880,0,45785088,0,2,7.77568,0,0,0,1,1,2,12.1343,90.0608,89.8327,640,10640,0,0,84
conv,2923,2801664,342,8,32,2,8,1,1,7,1,9,38,2,2103331,2068594,3,25403504,16777225,2,17334272,0,2,43.2266,14450688,1982464,0,0,0.259688,99.7866,0,822083584,0,119046144,2801664,371441664,104939520,0,49455104,0,2,7.78878,0,0,0,1,1,2,12.0623,89.9588,89.7476,896,10792,0,0,72
conv,22455,2801664,342,8,32,2,8,1,2,1,0,9,38,8,112205964,30991146,2,130113412,37289993,2,132939776,86.3226,1,43.4214,14450688,1908736,231211008,28901376,0.693738,100.641,0,822083584,0,1302806528,125878272,1163345920,97337344,0,123723776,0,1,1.01471,0,0,0,1,1,2,4.10247,89.4437,88.6918,1024,10640,392,0,31
conv,22822,2801664,342,8,32,2,8,1,2,1,1,9,38,8,113885910,30990127,2,130114076,37290121,2,132939776,86.3218,1,43.2266,14450688,1982464,231211008,28901376,0.708433,101.209,0,822083584,0,1302806528,125878272,1277001728,97337344,0,127696896,0,1,1.0008,0,0,0,1,1,2,4.17369,89.4422,88.7137,1024,10792,392,0,31
conv,2576,2801664,342,8,32,2,8,1,2,7,0,9,38,3,2103315,2068710,2,14508080,8388617,2,17334272,0,3,43.4214,14450688,1908736,0,0,0.136804,97.9557,0,822083584,0,210075648,2801664,238501888,99336192,0,47702016,0,2,8.8479,0,0,0,1,1,2,14.6815,90.295,89.9332,640,10640,0,0,84
conv,2528,2801664,342,8,32,2,8,1,2,7,1,9,38,3,2103619,2068622,2,14508384,8388617,2,17334272,0,3,43.2266,14450688,1982464,0,0,0.2714,99.8716,0,822083584,0,210075648,2801664,352157696,102825984,0,51806208,0,2,9.02487,0,0,0,1,1,2,15.27,90.2267,89.8749,896,10792,0,0,72
conv,14134,1290240,315,8,32,2,8,2,1,1,0,9,35,8,68537551,18592687,2,105256272,33292297,2,119111680,72.1318,1,40.1042,7602176,3112960,218529792,16515072,0.549662,99.3659,0,822083584,0,500334592,73314304,949497856,109727744,0,86593536,0,1,1.60467,0,0,0,1,1,2,3.46148,89.4868,88.5949,1024,19600,448,0,32
conv,14437,1290240,315,8,32,2,8,2,1,1,1,9,35,8,69657448,18597943,2,128444452,33292297,2,119111680,76.1278,1,42.7168,8257536,1802240,218529792,16515072,0.551197,99.5766,0,822083584,0,500334592,73314304,978857984,197808128,0,90722304,0,1,1.58528,0,0,0,1,1,2,3.5541,89.4596,88.6083,1024,19880,448,0,40
conv,2070,1290240,315,8,32,2,8,2,1,7,0,9,35,3,2201129,2068514,4,21876784,16777225,1,9846784,0,2,40.1042,7602176,3112960,0,0,0.134158,98.635,0,822083584,0,111071232,21934080,143142912,56008704,0,40394752,0,2,11.0857,0,0,0,1,1,2,16.053,90.1513,89.2938,512,19600,0,0,124
conv,1809,1290240,315,8,32,2,8,2,1,7,1,9,35,3,2194157,2068522,4,21876784,16777225,1,9846784,0,2,42.7168,8257536,1802240,0,0,0.262979,99.7745,0,822083584,0,111071232,21934080,172503040,52056064,0,41283584,0,2,12.749,0,0,0,1,1,2,18.5098,90.1336,89.2946,640,19880,0,0,94
conv,14158,1290240,315,8,32,2,8,2,2,1,0,9,35,8,69789253,18600940,2,118943704,24903689,2,119111680,85.9961,1,45.7733,7602176,1785856,218529792,16515072,0.548831,99.8909,0,822083584,0,558702592,62992384,921038848,103563264,0,86913024,0,1,1.60233,0,0,0,1,1,2,3.47337,89.4601,88.7518,1024,19600,448,0,32
conv,14293,1290240,315,8,32,2,8,2,2,1,1,9,35,8,70312034,18598802,2,120921684,24903689,2,119111680,86.0627,1,42.8214,8257536,1777664,218529792,16515072,0.549212,100.528,0,822083584,0,558702592,62992384,955416576,185352192,0,90984448,0,1,1.59146,0,0,0,1,1,2,3.54482,89.4468,88.7702,1024,19880,448,0,48
conv,1442,1290240,315,8,32,2,8,2,2,7,0,9,35,4,2194837,2068506,3,11841584,8388617,2,9846784,0,3,45.7733,7602176,1785856,0,0,0.135451,98.3159,0,822083584,0,169439232,11612160,114683904,50085888,0,40718336,0,3,15.963,0,0,0,1,1,2,23.646,90.0985,89.6329,512,19600,0,0,125
conv,1444,1290240,315,8,32,2,8,2,2,7,1,9,35,4,2189294,2068506,3,11841584,8388617,2,9846784,0,3,42.8214,8257536,1777664,0,0,0.266037,99.8288,0,822083584,0,169439232,11612160,149061632,44843008,0,41730048,0,3,15.9646,0,0,0,1,1,2,23.7824,90.0959,89.6416,640,19880,0,0,94
conv,10246,626688,306,8,32,2,8,4,1,1,0,9,34,7,37582332,12406638,3,122414312,27099145,2,112230400,75.349,1,23.7529,7430144,5029888,212189184,10321920,0.276287,98.9883,0,822083584,0,397725696,36343808,887869440,111906816,0,79468544,0,1,2.21189,0,0,0,1,1,3,4.62207,89.2246,88.7116,1024,37520,560,0,48
conv,10147,626688,306,8,32,2,8,4,1,1,1,9,34,7,36877431,12393808,3,109412812,27099145,2,112230400,73.0004,1,35.8619,5316608,2981888,212189184,10321920,0.275729,99.41,0,822083584,0,397725696,36343808,889966592,154374144,0,81035264,0,1,2.23799,0,0,0,1,1,3,4.69069,89.2181,88.715,1024,38056,560,0,64
conv,1916,626688,306,8,32,2,8,4,1,7,0,9,34,3,2201803,2068506,4,20113512,16777225,1,6135808,0,3,24.2972,6881280,5029888,0,0,0.135758,98.9006,0,822083584,0,101400576,10653696,102486016,32215040,0,37496832,0,2,12.0081,0,0,0,1,1,1,16.4621,89.5966,89.0774,384,37520,0,0,163
conv,1902,626688,306,8,32,2,8,4,1,7,1,9,34,3,2201747,2068506,4,20113456,16777225,1,6135808,0,2,36.8654,5046272,2981888,0,0,0.13601,98.8992,0,822083584,0,101400576,10653696,104058880,32841728,0,37572608,0,2,12.1406,0,0,0,1,1,1,16.6968,89.5989,89.0807,384,38056,0,0,156
conv,9626,626688,306,8,32,2,8,4,2,1,0,9,34,7,37148579,12390741,3,101908936,18710537,3,112230400,84.2645,1,28.6277,7430144,2908160,212189184,10321920,0.276927,99.389,0,822083584,0,450166784,31330304,860270592,109469696,0,80039936,0,1,2.35741,0,0,0,1,1,3,4.97098,89.2062,88.7573,1024,37520,560,0,49
conv,9493,626688,306,8,32,2,8,4,2,1,1,9,34,7,36659747,12390541,3,113358456,18710537,3,112230400,85.6917,1,38.7914,5316608,2355200,212189184,10321920,0.276761,99.41,0,822083584,0,450166784,31330304,867170304,306077696,0,87189504,0,1,2.39635,0,0,0,1,1,3,5.85605,89.1878,88.7732,1024,38056,560,0,64
conv,1222,626688,306,8,32,2,8,4,2,7,0,9,34,5,2201747,2068506,3,10508336,8388617,1,6135808,0,3,29.5633,6881280,2908160,0,0,0.135249,98.3458,0,822083584,0,150171648,5640192,74887168,29777920,0,37939200,0,3,19.0335,0,0,0,1,1,2,26.7016,89.5547,89.169,384,37520,0,0,158
conv,1252,626688,306,8,32,2,8,4,2,7,1,9,34,5,2201747,2068506,3,10508336,8388617,1,6135808,0,3,39.9869,5046272,2355200,0,0,0.13561,98.5366,0,822083584,0,150171648,5640192,81262592,23486464,0,37937152,0,3,18.5358,0,0,0,1,1,2,26.5319,89.5723,89.1808,512,38056,0,0,128
conv,32743,16777216,512,8,64,0,1,1,1,1,0,8,64,7,77939772,104838402,3,319292696,106954761,2,308281344,48.2165,0,0,0,0,205520896,102760448,0.717773,99.9466,0,822083584,0,9596567552,822083584,2902458368,385875968,0,458227712,0,1,0.693147,0,0,0,1,1,3,9.90808,100,99.0847,1024,0,200,0,40
conv,22100,16777216,512,8,64,0,1,1,1,7,0,8,64,1,2181547,2069326,2,216530992,4194313,2,205520896,0,0,0,0,0,0,0,0.896005,99.9979,0,822083584,0,1006632960,16777216,1660944384,637534208,0,129499136,0,1,1.02553,0,0,0,1,1,2,4.082,100,100,1024,0,0,0,32
conv,21472,8388608,512,8,64,0,1,2,1,1,0,8,64,7,56041831,60806338,2,179570168,62914569,2,167772160,48,0,0,0,0,115343360,58720256,0.96592,98.1131,0,822083584,0,3850371072,419430400,1778384896,327155712,0,228327424,0,1,1.04258,0,0,0,1,1,2,7.89458,100,98.5075,1024,0,224,0,32
conv,11528,8388608,512,8,64,0,1,2,1,7,0,8,64,1,2202563,2068782,2,121897840,4194313,2,110100480,0,0,0,0,0,0,0,0.927867,99.9455,0,822083584,0,729808896,8388608,897581056,419430400,0,89915392,0,1,1.96739,0,0,0,1,1,2,5.14293,100,100,1024,0,0,0,32
conv,13707,4194304,512,8,64,0,1,4,1,1,0,8,64,7,33760545,38786767,2,120496168,40894473,2,120061952,51.1653,0,0,0,0,115343360,36700160,0.73016,100.068,0,822083584,0,2000683008,209715200,1149239296,599785472,0,151126016,0,1,1.67441,0,0,0,1,1,3,8.10242,100,98.8725,1024,0,280,0,40
conv,6253,4194304,512,8,64,0,1,4,1,7,0,8,64,1,2152555,2069030,3,74580208,4194313,2,62390272,0,0,0,0,0,0,0,0.691827,99.8995,0,822083584,0,444596224,4194304,515899392,201326592,0,62128128,0,1,3.63424,0,0,0,1,1,2,6.81267,100,100,1024,0,0,0,40
conv,9682,2097152,512,8,64,0,1,8,1,1,0,8,64,8,28009109,27772817,2,84641600,29884425,2,73662464,51.8812,0,0,0,0,70254592,25690112,0.725493,99.9239,0,822083584,0,1107296256,104857600,729808896,748683264,0,110624768,0,1,2.34633,0,0,0,1,1,2,8.71022,100,99.2299,1024,0,392,0,40
conv,3587,2097152,512,8,64,0,1,8,1,7,0,8,64,2,2128015,2068922,3,50921520,4194361,2,38535168,0,0,0,0,0,0,0,0.465169,99.7599,0,822083584,0,314572800,2097152,325058560,115343360,0,49348608,0,1,6.34935,0,0,0,1,1,3,10.019,100,100,1024,0,0,0,56
conv,20548,8388608,512,8,64,0,2,1,1,1,0,8,64,8,57736257,60794940,3,277055292,62914569,2,212860928,47.4889,0,0,0,0,205520896,58720256,0.720936,98.8658,0,822083584,0,4395630592,411041792,1837105152,251658240,0,243269632,0,1,1.09797,0,0,0,1,1,3,7.94462,100,99.1379,1024,0,224,0,38
conv,12642,8388608,512,8,64,0,2,1,1,7,0,8,64,1,2143663,2069010,3,174325824,4194313,2,110100480,0,0,0,0,0,0,0,0.947773,99.9044,0,822083584,0,511705088,8388608,897581056,251658240,0,77856768,0,1,1.79458,0,0,0,1,1,2,3.85011,100,100,1024,0,0,0,32
conv,20533,8388608,512,8,64,0,2,1,2,1,0,8,64,8,57777706,60808920,3,277033384,60817417,2,212860928,47.7858,0,0,0,0,205520896,58720256,0.7262,100.32,0,822083584,0,4437573632,411041792,1828716544,268435456,0,244842496,0,1,1.10659,0,0,0,1,1,3,7.9247,100,99.1435,1024,0,224,0,36
conv,12525,8388608,512,8,64,0,2,1,2,7,0,8,64,1,2160976,2069066,3,174325808,2097161,2,110100480,0,0,0,0,0,0,0,0.699449,99.9878,0,822083584,0,562036736,8388608,889192448,436207616,0,84934656,0,1,1.81202,0,0,0,1,1,2,4.30959,100,100,1024,0,0,0,40
conv,14076,4194304,512,8,64,0,2,2,1,1,0,8,64,7,37757483,35632242,3,160212748,37748745,2,139460608,48.0528,0,0,0,0,160432128,33554432,0.722652,99.9174,0,822083584,0,1925185536,209715200,1241513984,364904448,0,144310272,0,1,1.61406,0,0,0,1,1,3,7.12988,100,98.8193,1024,0,256,0,40
conv,6694,4194304,512,8,64,0,2,2,1,7,0,8,64,1,2201747,2068718,3,98697496,4194361,2,59244544,0,0,0,0,0,0,0,0.699582,99.9373,0,822083584,0,369098752,4194304,490733568,230686720,0,59899904,0,1,3.39456,0,0,0,1,1,2,5.96246,100,100,1024,0,0,0,40
conv,14917,4194304,512,8,64,0,2,2,2,1,0,8,64,8,50427350,35641506,3,162113492,35651721,2,139460608,48.9644,0,0,0,0,160432128,33554432,0.960231,99.4321,0,822083584,0,1962934272,209715200,1233125376,364904448,0,145227776,0,1,1.52367,0,0,0,1,1,3,6.91204,100,98.8267,1024,0,256,0,32
conv,6578,4194304,512,8,64,0,2,2,2,7,0,8,64,1,2201827,2068742,3,98697416,2097161,2,59244544,0,0,0,0,0,0,0,0.704868,99.932,0,822083584,0,406847488,4194304,482344960,239075328,0,61079552,0,1,3.45501,0,0,0,1,1,2,6.21005,100,100,1024,0,0,0,40
conv,8704,2097152,512,8,64,0,2,4,1,1,0,8,64,8,27999750,23054556,3,108764624,25165833,3,102760448,51.3632,0,0,0,0,137887744,20971520,0.703103,100.12,0,822083584,0,1042284544,104857600,910163968,402653184,0,103415808,0,1,2.61779,0,0,0,1,1,3,7.79135,100,99.1762,1024,0,320,0,40
conv,3723,2097152,512,8,64,0,2,4,1,7,0,8,64,2,2152531,2069098,3,60883384,4194313,2,33816576,0,0,0,0,0,0,0,0.467913,99.7893,0,822083584,0,264241152,2097152,287309824,115343360,0,46596096,0,1,6.11817,0,0,0,1,1,2,8.82224,100,100,1024,0,0,0,56
conv,8671,2097152,512,8,64,0,2,4,2,1,0,8,64,8,27586634,23053712,3,108168948,23068681,3,102760448,51.9329,0,0,0,0,137887744,20971520,0.704244,100.047,0,822083584,0,1056964608,104857600,901775360,411041792,0,103874560,0,1,2.62204,0,0,0,1,1,3,7.91002,100,99.1798,1024,0,320,0,40
conv,3614,2097152,512,8,64,0,2,4,2,7,0,8,64,2,2152531,2069086,3,60883144,2097161,2,33816576,0,0,0,0,0,0,0,0.477517,99.7953,0,822083584,0,278921216,2097152,278921216,121634816,0,46989312,0,1,6.30432,0,0,0,1,1,2,9.12236,100,100,1024,0,0,0,56
conv,8084,1048576,512,8,64,0,2,8,1,1,0,8,64,7,24616942,16760668,3,85362520,18874377,2,84410368,55.5403,0,0,0,0,126615552,14680064,0.724133,99.833,0,822083584,0,717225984,52428800,744488960,525336576,0,89849856,0,1,2.80118,0,0,0,1,1,3,8.27852,100,99.5259,1024,0,448,0,38
conv,2231,1048576,512,8,64,0,2,8,1,7,0,8,64,3,2127961,2068890,4,41975856,4194313,2,21102592,0,0,0,0,0,0,0,0.238257,99.2245,0,822083584,0,203423744,1048576,185597952,87031808,0,40599552,0,2,10.2705,0,0,0,1,1,2,13.8505,100,100,768,0,0,0,80
conv,9132,1048576,512,8,64,0,2,8,2,1,0,8,64,5,18423995,16751194,2,74109944,16777225,2,84410368,51.5839,0,0,0,0,126615552,14680064,0.491768,99.4085,0,822083584,0,727711744,52428800,736100352,475004928,0,88342528,0,1,2.48178,0,0,0,1,1,2,7.0889,100,99.5178,1024,0,448,0,42
conv,2124,1048576,512,8,64,0,2,8,2,7,0,8,64,3,2128332,2069054,4,41976200,2097209,2,21102592,0,0,0,0,0,0,0,0.244048,98.9943,0,822083584,0,214958080,1048576,177209344,80740352,0,40501248,0,2,10.7716,0,0,0,1,1,2,14.5876,100,100,768,0,0,0,80
conv,18820,4194304,512,8,64,0,4,1,1,1,0,8,64,8,74666547,38784761,3,274139516,45088777,2,165150720,43.6074,0,0,0,0,205520896,36700160,0.676719,101.255,0,822083584,0,2403336192,205520896,1484783616,163577856,0,159776768,0,1,1.22314,0,0,0,1,1,2,5.75708,100,99.3437,1024,0,280,0,35
conv,7452,4194304,512,8,64,0,4,1,1,7,0,8,64,1,2145131,2069306,5,171573672,8388617,2,62390272,0,0,0,0,0,0,0,0.444709,99.9238,0,822083584,0,255852544,4194304,515899392,184549376,0,55705600,0,1,3.05198,0,0,0,1,1,2,4.62909,100,100,1024,0,0,0,56
conv,19056,4194304,512,8,64,0,4,1,2,1,0,8,64,8,76486330,38786886,3,274208812,40894473,2,165150720,44.23,0,0,0,0,205520896,36700160,0.677056,101.42,0,822083584,0,2428502016,205520896,1476395008,167772160,0,160432128,0,1,1.19538,0,0,0,1,1,2,5.95397,100,99.3464,1024,0,280,0,36
conv,7349,4194304,512,8,64,0,4,1,2,7,0,8,64,1,2138171,2069062,4,171573296,4194441,2,62390272,0,0,0,0,0,0,0,0.469728,99.917,0,822083584,0,281018368,4194304,507510784,184549376,0,56229888,0,1,3.09282,0,0,0,1,1,2,4.99121,100,100,1024,0,0,0,56
conv,19086,4194304,512,8,64,0,4,1,4,1,0,8,64,8,75281665,38785765,3,274203184,38797321,2,165150720,44.5005,0,0,0,0,205520896,36700160,0.673496,99.321,0,822083584,0,2432696320,205520896,1472200704,171966464,0,160563200,0,1,1.2095,0,0,0,1,1,2,5.83479,100,99.3469,1024,0,280,0,36
conv,7330,4194304,512,8,64,0,4,1,4,7,0,8,64,1,2140741,2068086,4,171573968,2097161,2,62390272,0,0,0,0,0,0,0,0.474009,99.921,0,822083584,0,285212672,4194304,503316480,192937984,0,56492032,0,1,3.10212,0,0,0,1,1,2,4.8318,100,100,1024,0,0,0,56
conv,12986,2097152,512,8,64,0,4,2,1,1,0,8,64,8,57117751,23057088,3,166086948,29360137,2,125304832,45.8061,0,0,0,0,182976512,20971520,0.72233,100.495,0,822083584,0,962592768,104857600,1082130432,199229440,0,99942400,0,1,1.75435,0,0,0,1,1,3,4.80583,100,99.1475,1024,0,320,0,39
conv,4020,2097152,512,8,64,0,4,2,1,7,0,8,64,2,2202099,2068726,5,97583504,8388617,2,33816576,0,0,0,0,0,0,0,0.468544,99.8695,0,822083584,0,184549376,2097152,287309824,100663296,0,43646976,0,1,5.67103,0,0,0,1,1,2,7.4902,100,100,1024,0,0,0,56
conv,12899,2097152,512,8,64,0,4,2,2,1,0,8,64,8,56713259,23057694,3,165849940,25165833,2,125304832,46.7043,0,0,0,0,182976512,20971520,0.722287,99.7673,0,822083584,0,981467136,104857600,1073741824,190840832,0,100007936,0,1,1.75875,0,0,0,1,1,3,4.8665,100,99.1481,1024,0,320,0,40
conv,3904,2097152,512,8,64,0,4,2,2,7,0,8,64,2,2201747,2068886,5,97583152,4194313,2,33816576,0,0,0,0,0,0,0,0.477445,99.7722,0,822083584,0,203423744,2097152,278921216,117440512,0,44498944,0,1,5.83432,0,0,0,1,1,2,7.92213,100,100,1024,0,0,0,56
conv,12965,2097152,512,8,64,0,4,2,4,1,0,8,64,8,56984398,23056290,3,166007632,23068681,2,125304832,47.3245,0,0,0,0,182976512,20971520,0.722692,99.0523,0,822083584,0,985661440,104857600,1069547520,195035136,0,100139008,0,1,1.74885,0,0,0,1,1,3,4.93261,100,99.1492,1024,0,320,0,37
conv,3899,2097152,512,8,64,0,4,2,4,7,0,8,64,2,2201747,2067242,5,97583320,2097161,2,33816576,0,0,0,0,0,0,0,0.478846,99.9277,0,822083584,0,207618048,2097152,274726912,104857600,0,44105728,0,1,5.84643,0,0,0,1,1,2,7.94114,100,100,1024,0,0,0,56
conv,7960,1048576,512,8,64,0,4,4,1,1,0,8,64,8,30880383,15188865,4,124117776,21495817,3,105381888,52.554,0,0,0,0,171704320,13107200,0.485883,99.0688,0,822083584,0,682622976,52428800,900726784,365953024,0,88670208,0,1,2.83987,0,0,0,1,1,3,7.59857,100,99.5196,1024,0,400,0,48
conv,2327,1048576,512,8,64,0,4,4,1,7,0,8,64,3,2152531,2069038,5,60588080,8388617,2,19529728,0,0,0,0,0,0,0,0.237038,99.1659,0,822083584,0,132120576,1048576,173015040,75497472,0,37617664,0,2,9.82383,0,0,0,1,1,2,11.9543,100,100,768,0,0,0,80
conv,9649,1048576,512,8,64,0,4,4,2,1,0,8,64,8,43419463,15187335,3,138212948,17301513,2,105381888,58.3303,0,0,0,0,171704320,13107200,0.729069,99.5065,0,822083584,0,535822336,52428800,892338176,208666624,0,78905344,0,1,2.36408,0,0,0,1,1,3,4.87036,100,99.4601,1024,0,400,0,38
conv,2217,1048576,512,8,64,0,4,4,2,7,0,8,64,3,2152534,2068918,5,60588224,4194313,2,19529728,0,0,0,0,0,0,0,0.239024,98.9237,0,822083584,0,139460608,1048576,164626432,54525952,0,36929536,0,2,10.3196,0,0,0,1,1,2,12.748,100,100,896,0,0,0,72
conv,9721,1048576,512,8,64,0,4,4,4,1,0,8,64,8,43338942,15184758,3,136410256,15204361,2,105381888,58.6151,0,0,0,0,171704320,13107200,0.7304,99.6076,0,822083584,0,540016640,52428800,888143872,208666624,0,78905344,0,1,2.32961,0,0,0,1,1,3,4.81246,100,99.4601,1024,0,400,0,40
conv,2212,1048576,512,8,64,0,4,4,4,7,0,8,64,3,2152547,2066882,5,60588080,2097161,2,19529728,0,0,0,0,0,0,0,0.24441,99.213,0,822083584,0,143654912,1048576,160432128,39845888,0,36470784,0,2,10.4016,0,0,0,1,1,2,12.8519,100,100,896,0,0,0,72
conv,7098,524288,512,8,64,0,4,8,1,1,0,8,64,8,29875778,11300206,4,123567152,17563657,3,95420416,64.285,0,0,0,0,166068224,9175040,0.4807,99.5466,0,822083584,0,384827392,26214400,798490624,316669952,0,73596928,0,1,3.21303,0,0,0,1,1,3,6.97879,100,99.7106,1024,0,560,0,56
conv,1579,524288,512,8,64,0,4,8,1,7,0,8,64,4,2134932,2129705,6,42090728,8388617,2,12386304,0,0,0,0,0,0,0,0.244656,97.4967,0,822083584,0,101711872,524288,115867648,45088768,0,33914880,0,2,14.6512,0,0,0,1,1,2,17.2903,100,100,512,0,0,0,128
conv,7163,524288,512,8,64,0,4,8,2,1,0,8,64,8,30510481,11247674,4,124690896,13369353,3,95420416,66.4461,0,0,0,0,166068224,9175040,0.486243,98.4967,0,822083584,0,398458880,26214400,790102016,341835776,0,74547200,0,1,3.14281,0,0,0,1,1,3,7.01491,100,99.7143,1024,0,560,0,56
conv,1475,524288,512,8,64,0,4,8,2,7,0,8,64,4,2143524,2069239,6,42090544,4194313,2,12386304,0,0,0,0,0,0,0,0.24303,96.7343,0,822083584,0,107479040,524288,107479040,45613056,0,33849344,0,2,15.9161,0,0,0,1,1,2,18.8787,100,100,512,0,0,0,128
conv,5600,524288,512,8,64,0,4,8,4,1,0,8,64,6,13287678,11247686,3,86336596,11272249,4,95420416,54.7176,0,0,0,0,166068224,9175040,0.246118,99.3805,0,822083584,0,402653184,26214400,785907712,317718528,0,73793536,0,1,4.07362,0,0,0,1,1,4,9.1265,100,99.7114,896,0,560,0,68
conv,1505,524288,512,8,64,0,4,8,4,7,0,8,64,4,2146314,2066234,6,42090544,2097161,2,12386304,0,0,0,0,0,0,0,0.24465,99.5178,0,822083584,0,111673344,524288,103284736,45088768,0,33832960,0,2,16.3262,0,0,0,1,1,2,19.1163,100,100,512,0,0,0,128
conv,17937,2097152,512,8,64,0,8,1,1,1,0,8,64,8,81320269,27778786,4,311493216,42467337,2,141295616,36.2896,0,0,0,0,205520896,25690112,0.559381,98.3015,0,822083584,0,1201668096,102760448,1249902592,106954752,0,109379584,0,1,1.26344,0,0,0,1,1,2,4.69583,100,99.5207,1024,0,392,0,36
conv,6491,2097152,512,8,64,0,8,1,1,7,0,8,64,1,2145331,2068922,6,208733016,16777225,2,38535168,0,0,0,0,0,0,0,0.237452,100.137,0,822083584,0,127926272,2097152,325058560,75497472,0,42270720,0,1,3.51959,0,0,0,1,1,2,4.46579,100,100,768,0,0,0,80
conv,18165,2097152,512,8,64,0,8,1,2,1,0,8,64,8,82921829,27778663,4,311493032,34078729,2,141295616,37.1705,0,0,0,0,205520896,25690112,0.576696,100.265,0,822083584,0,1214251008,102760448,1241513984,102760448,0,109379584,0,1,1.25077,0,0,0,1,1,2,4.56726,100,99.5207,1024,0,392,0,36
conv,6345,2097152,512,8,64,0,8,1,2,7,0,8,64,1,2136110,2069166,6,208732592,8388617,2,38535168,0,0,0,0,0,0,0,0.241945,99.3046,0,822083584,0,140509184,2097152,316669952,79691776,0,42532864,0,1,3.5813,0,0,0,1,1,2,4.61905,100,100,768,0,0,0,80
conv,17361,2097152,512,8,64,0,8,1,4,1,0,8,64,8,80500118,27778926,4,311492904,29884425,2,141295616,37.6272,0,0,0,0,205520896,25690112,0.556922,97.8313,0,822083584,0,1216348160,102760448,1237319680,98566144,0,109182976,0,1,1.27534,0,0,0,1,1,2,4.58327,100,99.5198,1024,0,392,0,36
conv,6182,2097152,512,8,64,0,8,1,4,7,0,8,64,1,2134742,2069218,6,208733176,4194313,2,38535168,0,0,0,0,0,0,0,0.24455,99.8272,0,822083584,0,144703488,2097152,312475648,60817408,0,41943040,0,1,3.69444,0,0,0,1,1,2,4.65497,100,100,768,0,0,0,80
conv,14137,1048576,512,8,64,0,8,2,1,1,0,8,64,8,68802312,16762627,3,215844564,31457289,2,118226944,45.0494,0,0,0,0,194248704,14680064,0.722278,99.1933,0,822083584,0,642777088,52428800,1002438656,59768832,0,81035264,0,1,1.59158,0,0,0,1,1,2,3.44921,100,99.4743,1024,0,448,0,40
conv,3451,1048576,512,8,64,0,8,2,1,7,0,8,64,2,2201779,2068646,7,119046224,16777225,2,21102592,0,0,0,0,0,0,0,0.236918,99.6577,0,822083584,0,92274688,1048576,185597952,71303168,0,36634624,0,1,6.65205,0,0,0,1,1,2,7.90157,100,100,640,0,0,0,96
conv,14223,1048576,512,8,64,0,8,2,2,1,0,8,64,8,69149382,16763307,3,212849524,23068681,2,118226944,45.9394,0,0,0,0,194248704,14680064,0.723261,99.6194,0,822083584,0,490733568,52428800,994050048,100663296,0,77299712,0,1,1.59622,0,0,0,1,1,2,3.04996,100,99.4489,1024,0,448,0,37
conv,3306,1048576,512,8,64,0,8,2,2,7,0,8,64,2,2201747,2068758,7,119046304,8388617,2,21102592,0,0,0,0,0,0,0,0.240701,98.7218,0,822083584,0,101711872,1048576,177209344,74448896,0,36765696,0,1,6.90518,0,0,0,1,1,2,8.2802,100,100,640,0,0,0,96
conv,14672,1048576,512,8,64,0,8,2,4,1,0,8,64,8,71553931,16763790,3,212749988,18874377,2,118226944,46.8044,0,0,0,0,194248704,14680064,0.734838,98.51,0,822083584,0,492830720,52428800,989855744,98566144,0,77168640,0,1,1.52711,0,0,0,1,1,2,2.91728,100,99.448,1024,0,448,0,40
conv,3156,1048576,512,8,64,0,8,2,4,7,0,8,64,2,2201747,2068810,7,119046192,4194313,2,21102592,0,0,0,0,0,0,0,0.242743,99.1848,0,822083584,0,104857600,1048576,173015040,76546048,0,36798464,0,1,7.22085,0,0,0,1,1,2,8.80383,100,100,640,0,0,0,96
conv,11030,524288,512,8,64,0,8,4,1,1,0,8,64,8,52095992,11314593,3,168081500,25952265,2,106692608,53.0067,0,0,0,0,188612608,9175040,0.485278,97.6579,0,822083584,0,355467264,26214400,889716736,113770496,0,69189632,0,1,2.07417,0,0,0,1,1,2,3.79598,100,99.6922,1024,0,560,0,48
conv,2407,524288,512,8,64,0,8,4,1,7,0,8,64,3,2162053,2133517,7,74203304,16777225,1,12386304,0,0,0,0,0,0,0,0.243368,98.8406,0,822083584,0,66060288,524288,115867648,38273024,0,32587776,0,2,9.48715,0,0,0,1,1,2,10.6034,100,100,512,0,0,0,128
conv,10828,524288,512,8,64,0,8,4,2,1,0,8,64,8,53348752,11252383,3,168178208,17563657,2,106692608,55.5615,0,0,0,0,188612608,9175040,0.486721,99.8265,0,822083584,0,362807296,26214400,881328128,112721920,0,69124096,0,1,2.08625,0,0,0,1,1,2,3.73373,100,99.6919,1024,0,560,0,48
conv,2157,524288,512,8,64,0,8,4,2,7,0,8,64,3,2160483,2076464,7,74203480,8388665,2,12386304,0,0,0,0,0,0,0,0.241879,99.7049,0,822083584,0,69730304,524288,107479040,40370176,0,32505856,0,2,10.6878,0,0,0,1,1,2,11.7937,100,100,512,0,0,0,128
conv,10772,524288,512,8,64,0,8,4,4,1,0,8,64,8,52289178,11252050,3,165648472,13369353,2,106692608,56.1834,0,0,0,0,188612608,9175040,0.485236,99.4619,0,822083584,0,365428736,26214400,877133824,189267968,0,71467008,0,1,2.1215,0,0,0,1,1,2,4.00115,100,99.702,1024,0,560,0,56
conv,2077,524288,512,8,64,0,8,4,4,7,0,8,64,3,2165291,2069125,7,74203184,4194313,2,12386304,0,0,0,0,0,0,0,0.243344,100.566,0,822083584,0,72351744,524288,103284736,41943040,0,32505856,0,2,10.9468,0,0,0,1,1,2,11.9758,100,100,512,0,0,0,128
conv,7627,262144,512,8,64,0,8,8,1,1,0,8,64,7,31812047,9630501,4,144678844,23199753,3,100925440,59.1617,0,0,0,0,185794560,6422528,0.243513,100.189,0,822083584,0,192413696,13107200,870055936,210239488,0,65978368,0,1,2.98316,0,0,0,1,1,3,5.34781,100,99.8386,640,0,784,0,96
conv,7461,262144,512,8,64,0,8,8,2,1,0,8,64,7,32410882,8573366,4,144679184,14811145,3,100925440,62.2734,0,0,0,0,185794560,6422528,0.24441,99.3019,0,822083584,0,199229440,13107200,861667328,208928768,0,65888256,0,1,3.042,0,0,0,1,1,3,5.68468,100,99.8384,512,0,784,0,124
conv,7302,262144,512,8,64,0,8,8,4,1,0,8,64,7,31953902,8493810,4,144679524,10616841,3,100925440,63.9553,0,0,0,0,185794560,6422528,0.24499,99.1397,0,822083584,0,201588736,13107200,857473024,222035968,0,66240512,0,1,3.1098,0,0,0,1,1,3,5.65784,100,99.8392,640,0,784,0,96
conv,31565,16777216,512,8,64,1,1,1,1,1,0,8,64,8,84998087,104849338,2,138773136,106954761,2,210239488,83.6378,1,49.6723,51380224,2359296,205520896,102760448,0.966622,99.9954,0,822083584,0,9361686528,822083584,3386114048,352321536,0,472383488,0,1,0.719216,0,0,0,1,1,2,12.375,100,97.5392,1024,3920,200,0,32
conv,31508,16777216,512,8,64,1,1,1,1,1,1,8,64,8,84982495,104849062,2,138774160,106954761,2,210239488,83.6378,1,48.6053,51380224,3538944,205520896,102760448,0.966797,99.8648,0,822083584,0,9361686528,822083584,3386114048,352321536,0,472383488,0,1,0.718761,0,0,0,1,1,2,12.3833,100,97.5392,1024,4200,200,0,32
conv,16540,16777216,512,8,64,1,1,1,1,7,0,8,64,1,2202026,2068598,1,36012376,4194313,2,107479040,0,2,49.6723,51380224,2359296,0,0,0.913818,100.004,0,822083584,0,771751936,16777216,1741946880,687865856,0,133693440,0,1,1.36747,0,0,0,1,1,2,5.58198,100,94.4424,1024,3920,0,0,31
conv,16538,16777216,512,8,64,1,1,1,1,7,1,8,64,1,2202060,2068618,1,36012080,4194313,2,107479040,0,2,48.6053,51380224,3538944,0,0,0.915506,99.9392,0,822083584,0,771751936,16777216,1741946880,687865856,0,133693440,0,1,1.36734,0,0,0,1,1,2,5.58513,100,94.4424,1024,4200,0,0,31
conv,20327,8388608,512,8,64,1,1,2,1,1,0,8,64,7,51469435,60810070,2,80396568,62914569,1,113508352,81.2164,1,49.3601,29360128,2326528,115343360,58720256,0.97182,100.163,0,822083584,0,3825205248,419430400,1546256384,276824064,0,226230272,0,1,1.12671,0,0,0,1,1,2,8.4946,100,95.1713,1024,7504,224,0,32
conv,19996,8388608,512,8,64,1,1,2,1,1,1,8,64,7,51157899,60800550,2,80396872,62914569,2,113508352,81.2164,2,24.744,58720256,4489216,115343360,58720256,0.973381,99.8686,0,822083584,0,3825205248,419430400,1546256384,276824064,0,226230272,0,1,1.13507,0,0,0,1,1,2,8.58294,100,95.1713,1024,8040,224,0,32
conv,8584,8388608,512,8,64,1,1,2,1,7,0,8,64,1,2202131,2068506,1,22725056,4194441,2,55836672,0,2,49.3601,29360128,2326528,0,0,0.901662,99.9422,0,822083584,0,704643072,8388608,967442432,360710144,0,96993280,0,1,2.63846,0,0,0,1,1,2,7.35502,100,92.2508,1024,7504,0,0,32
conv,8585,8388608,512,8,64,1,1,2,1,7,1,8,64,1,2201747,2068522,1,22724656,4194313,2,55836672,0,3,24.744,58720256,4489216,0,0,0.90352,99.8888,0,822083584,0,704643072,8388608,967442432,360710144,0,96993280,0,1,2.63739,0,0,0,1,1,2,7.35596,100,92.2508,1024,8040,0,0,32
conv,12883,4194304,512,8,64,1,1,4,1,1,0,8,64,8,34506591,38787602,2,62972328,40894473,2,87752704,80.4576,1,92.8289,9175040,1720320,115343360,36700160,0.972833,100.73,0,822083584,0,2085257216,209715200,1188364288,603979776,0,167641088,0,1,1.79364,0,0,0,1,1,2,9.9396,100,91.5162,1024,14672,280,0,32
conv,12752,4194304,512,8,64,1,1,4,1,1,1,8,64,8,35843274,38788294,2,63061640,40894473,2,87752704,80.4261,1,49.11,18350080,2244608,115343360,36700160,0.968958,99.7243,0,822083584,0,2085257216,209715200,1188364288,603979776,0,167641088,0,1,1.73681,0,0,0,1,1,2,9.72179,100,91.5162,1024,15720,280,0,32
conv,4539,4194304,512,8,64,1,1,4,1,7,0,8,64,2,2152531,2068506,1,16080944,4194313,2,30081024,0,1,92.8289,9175040,1720320,0,0,0.910649,99.9243,0,822083584,0,553648128,4194304,580190208,255852544,0,76677120,0,1,5.00229,0,0,0,1,1,2,11.1114,100,90.3125,1024,14672,0,0,32
conv,4539,4194304,512,8,64,1,1,4,1,7,1,8,64,2,2152547,2068506,1,16081104,4194313,2,30081024,0,2,49.11,18350080,2244608,0,0,0.911514,99.9462,0,822083584,0,553648128,4194304,580190208,255852544,0,76677120,0,1,5.00295,0,0,0,1,1,2,11.1104,100,90.3125,1024,15720,0,0,32
conv,9081,2097152,512,8,64,1,1,8,1,1,0,8,64,8,26909447,27772985,2,45697240,29884425,2,52264960,77.6068,1,45.7579,12845056,3219456,70254592,25690112,0.726367,100.055,0,822083584,0,1225539584,104857600,770342912,767557632,0,131661824,0,1,2.49847,0,0,0,1,1,2,11.3141,100,87.5914,1024,29008,392,0,40
conv,9091,2097152,512,8,64,1,1,8,1,1,1,8,64,8,27020616,27772882,2,45709268,29884425,2,52264960,77.5659,1,91.0977,6422528,1646592,70254592,25690112,0.727177,100.033,0,822083584,0,1225539584,104857600,770342912,767557632,0,131661824,0,1,2.49299,0,0,0,1,1,2,11.2918,100,87.5914,1024,31080,392,0,40
conv,2501,2097152,512,8,64,1,1,8,1,7,0,8,64,3,2128435,2068506,2,12759544,4194313,2,17137664,0,3,45.7579,12845056,3219456,0,0,0.710314,99.8612,0,822083584,0,435257344,2097152,386564096,163577856,0,73203712,0,2,9.13206,0,0,0,1,1,2,20.6235,100,77.2493,1024,29008,0,0,32
conv,2501,2097152,512,8,64,1,1,8,1,7,1,8,64,3,2127997,2068506,2,12759088,4194313,2,17137664,0,2,91.0977,6422528,1646592,0,0,0.71062,99.8779,0,822083584,0,435257344,2097152,386564096,163577856,0,73203712,0,2,9.14175,0,0,0,1,1,2,20.642,100,77.2493,1024,31080,0,0,32
conv,21863,8388608,512,8,64,1,2,1,1,1,0,8,64,8,74974849,60807359,2,126885796,62914569,2,158859264,84.9834,1,47.2062,29360128,3407872,205520896,58720256,0.93366,100,0,822083584,0,4345298944,411041792,1661075456,587202560,0,254541824,0,1,1.03382,0,0,0,1,1,2,8.27148,100,96.0881,1024,6160,224,0,32
conv,21974,8388608,512,8,64,1,2,1,1,1,1,8,64,8,76687444,60808371,2,126991264,62914569,2,158859264,84.9953,1,48.7668,29360128,2359296,205520896,58720256,0.937915,99.8555,0,822083584,0,4345298944,411041792,1895956480,268435456,0,251920384,0,1,1.02908,0,0,0,1,1,2,8.30853,100,96.0474,1024,6440,224,0,32
conv,8547,8388608,512,8,64,1,2,1,1,7,0,8,64,1,2193222,2068506,1,24314056,4194313,2,56098816,0,2,47.2062,29360128,3407872,0,0,0.70295,99.8036,0,822083584,0,461373440,8388608,721551360,385875968,0,82837504,0,1,2.64831,0,0,0,1,1,2,6.49934,100,90.5113,1024,6160,0,0,37
conv,8560,8388608,512,8,64,1,2,1,1,7,1,8,64,1,2198023,2068506,1,24314456,4194313,2,56098816,0,2,48.7668,29360128,2359296,0,0,0.934971,99.9261,0,822083584,0,461373440,8388608,956432384,402653184,0,90701824,0,1,2.6459,0,0,0,1,1,2,6.80968,100,91.334,1024,6440,0,0,32
conv,19872,8388608,512,8,64,1,2,1,2,1,0,8,64,8,59512881,60796094,2,127014480,60817465,2,158859264,85.9348,1,47.2062,29360128,3407872,205520896,58720256,0.720192,99.5834,0,822083584,0,4387241984,411041792,1652686848,293601280,0,246415360,0,1,1.1403,0,0,0,1,1,2,8.36674,100,95.9591,1024,6160,224,0,36
conv,22033,8388608,512,8,64,1,2,1,2,1,1,8,64,8,76794079,60811164,2,126993440,60817417,2,158859264,85.9408,1,48.7668,29360128,2359296,205520896,58720256,0.940988,100.139,0,822083584,0,4387241984,411041792,1887567872,276824064,0,253231104,0,1,1.02732,0,0,0,1,1,2,7.79956,100,96.0679,1024,6440,224,0,32
conv,8402,8388608,512,8,64,1,2,1,2,7,0,8,64,1,2193834,2068522,1,24314392,2097161,2,56098816,0,2,47.2062,29360128,3407872,0,0,0.711973,100.349,0,822083584,0,503316480,8388608,713162752,343932928,0,82575360,0,1,2.70398,0,0,0,1,1,2,6.54501,100,90.4812,1024,6160,0,0,37
conv,8511,8388608,512,8,64,1,2,1,2,7,1,8,64,1,2191152,2068506,1,24313904,2097161,2,56098816,0,2,48.7668,29360128,2359296,0,0,0.918866,99.9458,0,822083584,0,503316480,8388608,948043776,427819008,0,92536832,0,1,2.66031,0,0,0,1,1,2,7.00841,100,91.5058,1024,6440,0,0,32
conv,14030,4194304,512,8,64,1,2,2,1,1,0,8,64,8,47445816,35642713,2,77693792,37748745,2,110362624,81.3987,1,46.5828,16777216,2850816,160432128,33554432,0.966303,100.777,0,822083584,0,1934835712,209715200,1117847552,587202560,0,161087488,0,1,1.61857,0,0,0,1,1,2,7.9656,100,90.6279,1024,11792,256,0,32
conv,13495,4194304,512,8,64,1,2,2,1,1,1,8,64,7,37453635,35634583,2,76387612,37748873,2,110362624,81.1118,1,44.2205,17825792,2850816,160432128,33554432,0.725138,99.8261,0,822083584,0,1934835712,209715200,1134624768,583008256,0,161480704,0,1,1.67703,0,0,0,1,1,2,8.32331,100,90.6507,1024,12328,256,0,40
conv,4551,4194304,512,8,64,1,2,2,1,7,0,8,64,2,2201747,2068506,1,17399856,4194313,2,30146560,0,2,46.5828,16777216,2850816,0,0,0.694816,99.893,0,822083584,0,406847488,4194304,409010176,230686720,0,66453504,0,1,4.99054,0,0,0,1,1,2,10.2986,100,88.0701,1024,11792,0,0,35
conv,4566,4194304,512,8,64,1,2,2,1,7,1,8,64,2,2202443,2068506,1,17400592,4194313,2,30146560,0,2,44.2205,17825792,2850816,0,0,0.917735,99.9432,0,822083584,0,406847488,4194304,425787392,243269632,0,67371008,0,1,4.97501,0,0,0,1,1,2,10.363,100,88.2326,1024,12328,0,0,32
conv,14013,4194304,512,8,64,1,2,2,2,1,0,8,64,8,47569151,35642692,2,77624040,35651593,2,110362624,82.8193,1,46.5828,16777216,2850816,160432128,33554432,0.966688,100.689,0,822083584,0,1972584448,209715200,1109458944,566231040,0,161349632,0,1,1.61812,0,0,0,1,1,2,8.02775,100,90.6431,1024,11792,256,0,32
conv,13506,4194304,512,8,64,1,2,2,2,1,1,8,64,7,37119585,35631552,2,76360628,35651593,2,110362624,82.6157,1,44.2205,17825792,2850816,160432128,33554432,0.728293,99.9815,0,822083584,0,1972584448,209715200,1126236160,591396864,0,162660352,0,1,1.68435,0,0,0,1,1,2,8.38105,100,90.7185,1024,12328,256,0,40
conv,4419,4194304,512,8,64,1,2,2,2,7,0,8,64,2,2202219,2068506,1,17400328,2097161,2,30146560,0,2,46.5828,16777216,2850816,0,0,0.711364,99.8816,0,822083584,0,444596224,4194304,400621568,222298112,0,67108864,0,1,5.13843,0,0,0,1,1,2,10.395,100,88.1866,1024,11792,0,0,35
conv,4458,4194304,512,8,64,1,2,2,2,7,1,8,64,2,2201747,2068506,1,17399856,2097161,2,30146560,0,2,44.2205,17825792,2850816,0,0,0.934571,99.9804,0,822083584,0,444596224,4194304,417398784,234881024,0,68026368,0,1,5.09828,0,0,0,1,1,2,10.3817,100,88.346,1024,12328,0,0,32
conv,8476,2097152,512,8,64,1,2,4,1,1,0,8,64,8,26591309,23043851,2,56473256,25165833,2,86179840,77.8714,1,46.9796,10485760,2244608,137887744,20971520,0.721769,100.352,0,822083584,0,1096515584,104857600,846233600,549453824,0,124715008,0,1,2.68683,0,0,0,1,1,3,9.86338,100,85.6739,1024,23056,320,0,40
conv,7904,2097152,512,8,64,1,2,4,1,1,1,8,64,7,20555052,23045033,2,52931640,25165833,2,86179840,76.8369,1,39.6342,11796480,3293184,137887744,20971520,0.486375,99.5055,0,822083584,0,1096515584,104857600,856719360,683671552,0,129236992,0,1,2.88126,0,0,0,1,1,3,11.0807,100,86.1752,1024,24104,320,0,42
conv,2521,2097152,512,8,64,1,2,4,1,7,0,8,64,3,2152531,2068510,2,13943256,4194313,2,17235968,0,2,46.9796,10485760,2244608,0,0,0.472129,99.9016,0,822083584,0,330514432,2097152,252739584,159383552,0,62259200,0,2,9.0372,0,0,0,1,1,2,18.4394,100,78.6439,1024,23056,0,0,54
conv,2553,2097152,512,8,64,1,2,4,1,7,1,8,64,3,2152679,2068522,2,13942888,4194313,2,17235968,0,3,39.6342,11796480,3293184,0,0,0.704443,99.7827,0,822083584,0,330514432,2097152,263225344,138412032,0,61931520,0,2,8.94529,0,0,0,1,1,2,18.228,100,78.5309,1024,24104,0,0,40
conv,9092,2097152,512,8,64,1,2,4,2,1,0,8,64,8,32211484,23049786,2,61445472,23068681,2,86179840,80.8805,1,46.9796,10485760,2244608,137887744,20971520,0.966586,99.6753,0,822083584,0,1111195648,104857600,837844992,612368384,0,126877696,0,1,2.49727,0,0,0,1,1,3,9.53026,100,85.9181,1024,23056,320,0,32
conv,7859,2097152,512,8,64,1,2,4,2,1,1,8,64,7,20673830,23049230,2,52890524,23068681,2,86179840,78.9874,1,39.6342,11796480,3293184,137887744,20971520,0.487992,98.951,0,822083584,0,1111195648,104857600,848330752,591396864,0,126550016,0,1,2.87737,0,0,0,1,1,3,10.9126,100,85.8817,1024,24104,320,0,42
conv,2417,2097152,512,8,64,1,2,4,2,7,0,8,64,3,2152531,2068506,2,13942832,2097161,2,17235968,0,2,46.9796,10485760,2244608,0,0,0.475491,99.89,0,822083584,0,345194496,2097152,244350976,144703488,0,61997056,0,2,9.46726,0,0,0,1,1,2,19.1741,100,78.5536,1024,23056,0,0,46
conv,2444,2097152,512,8,64,1,2,4,2,7,1,8,64,3,2152730,2068522,2,13942832,2097161,2,17235968,0,3,39.6342,11796480,3293184,0,0,0.719506,99.6849,0,822083584,0,345194496,2097152,254836736,155189248,0,62652416,0,2,9.31787,0,0,0,1,1,2,19.0062,100,78.7779,1024,24104,0,0,40
conv,6515,1048576,512,8,64,1,2,8,1,1,0,8,64,7,17193893,16754811,2,47078696,18874377,3,74022912,75.0906,1,63.8563,3670016,3219456,126615552,14680064,0.491252,99.1014,0,822083584,0,839479296,52428800,710426624,651165696,0,111902720,0,2,3.47191,0,0,0,1,1,3,12.6288,100,85.8889,1024,45584,448,0,48
conv,6499,1048576,512,8,64,1,2,8,1,1,1,8,64,7,16815035,16749593,2,47037416,18874377,3,74022912,75.2501,1,46.2559,7340032,2170880,126615552,14680064,0.491218,100.742,0,822083584,0,839479296,52428800,717766656,661651456,0,112459776,0,2,3.51848,0,0,0,1,1,3,12.3403,100,85.9588,1024,47656,448,0,56
conv,1529,1048576,512,8,64,1,2,8,1,7,0,8,64,4,2128441,2068540,2,12214320,4194361,2,10715136,0,2,63.8563,3670016,3219456,0,0,0.477303,99.8868,0,822083584,0,323538944,1048576,174604288,103809024,0,60981248,0,3,15.1108,0,0,0,1,1,2,31.5499,100,73.0288,1024,45584,0,0,64
conv,1511,1048576,512,8,64,1,2,8,1,7,1,8,64,4,2128479,2068506,2,12214320,4194313,2,10715136,0,3,46.2559,7340032,2170880,0,0,0.479535,99.395,0,822083584,0,323538944,1048576,181944320,121634816,0,61767680,0,3,15.2367,0,0,0,1,1,2,32.2048,100,73.3722,1024,47656,0,0,64
conv,7921,1048576,512,8,64,1,2,8,2,1,0,8,64,6,17340125,16756058,2,46364040,16777353,2,74022912,77.1279,1,63.8563,3670016,3219456,126615552,14680064,0.486716,99.5447,0,822083584,0,851058688,52428800,702038016,659554304,0,112492544,0,1,2.87718,0,0,0,1,1,3,10.3491,100,85.7602,1024,45584,448,0,40
conv,7280,1048576,512,8,64,1,2,8,2,1,1,8,64,6,16909124,16754948,2,45759952,16777225,2,74022912,77.0624,1,46.2559,7340032,2170880,126615552,14680064,0.489444,99.8796,0,822083584,0,851058688,52428800,709378048,665845760,0,112918528,0,1,3.13334,0,0,0,1,1,3,11.6288,100,85.8139,1024,47656,448,0,44
conv,1409,1048576,512,8,64,1,2,8,2,7,0,8,64,4,2128297,2068506,2,12214320,2097161,2,10715136,0,2,63.8563,3670016,3219456,0,0,0.485122,99.828,0,822083584,0,337154048,1048576,166215680,110100480,0,61308928,0,3,16.2309,0,0,0,1,1,2,33.7426,100,73.2256,1024,45584,0,0,64
conv,1412,1048576,512,8,64,1,2,8,2,7,1,8,64,4,2128441,2068506,2,12214552,2097161,2,10715136,0,3,46.2559,7340032,2170880,0,0,0.487796,98.8929,0,822083584,0,337170432,1048576,173555712,113246208,0,61669376,0,3,16.1167,0,0,0,1,1,2,34.2584,100,73.3298,1024,47656,0,0,63
conv,19445,4194304,512,8,64,1,4,1,1,1,0,8,64,9,89754823,38789650,2,122892600,45088777,2,132579328,82.9614,1,87.6913,9175040,2064384,205520896,36700160,0.864848,97.5027,0,822083584,0,2394505216,205520896,1385758720,197132288,0,185466880,0,1,1.13879,0,0,0,1,1,2,6.75822,100,84.3311,1024,10640,280,0,31
conv,19393,4194304,512,8,64,1,4,1,1,1,1,8,64,9,85951766,38789570,2,122849388,45088905,2,132579328,83.0549,1,92.5481,9175040,1474560,205520896,36700160,0.874256,101.233,0,822083584,0,2394505216,205520896,1532559360,197132288,0,190054400,0,1,1.17312,0,0,0,1,1,2,6.92421,100,84.7093,1024,10920,280,0,31
conv,4517,4194304,512,8,64,1,4,1,1,7,0,8,64,2,2189160,2068506,2,20185360,8388617,2,29818880,0,1,87.6913,9175040,2064384,0,0,0.470857,99.9197,0,822083584,0,289406976,4194304,416874496,209715200,0,62390272,0,1,5.02648,0,0,0,1,1,2,9.77958,100,87.2669,1024,10640,0,0,48
conv,4529,4194304,512,8,64,1,4,1,1,7,1,8,64,2,2190975,2068506,2,20185744,8388617,2,29818880,0,1,92.5481,9175040,1474560,0,0,0.69902,99.9521,0,822083584,0,289406976,4194304,563675136,243269632,0,68026368,0,1,5.01237,0,0,0,1,1,2,10.0816,100,88.3219,1024,10920,0,0,40
conv,19495,4194304,512,8,64,1,4,1,2,1,0,8,64,9,88426382,38789558,2,122875940,40894473,2,132579328,85.1684,1,87.6913,9175040,2064384,205520896,36700160,0.885741,100.313,0,822083584,0,2419277824,205520896,1377370112,184549376,0,185335808,0,1,1.14945,0,0,0,1,1,2,6.89336,100,84.4548,1024,10640,280,0,32
conv,19482,4194304,512,8,64,1,4,1,2,1,1,8,64,9,86375578,38789570,2,122850156,40894473,2,132579328,85.0734,1,92.5481,9175040,1474560,205520896,36700160,0.86401,100.192,0,822083584,0,2419277824,205520896,1524170752,184549376,0,189923328,0,1,1.16933,0,0,0,1,1,2,7.23542,100,84.8303,1024,10920,280,0,31
conv,4333,4194304,512,8,64,1,4,1,2,7,0,8,64,2,2191414,2068502,1,20185136,4194313,2,29818880,0,1,87.6913,9175040,2064384,0,0,0.482656,100.061,0,822083584,0,310378496,4194304,408485888,192937984,0,62259200,0,1,5.24667,0,0,0,1,1,2,9.97946,100,87.2401,1024,10640,0,0,44
conv,4412,4194304,512,8,64,1,4,1,2,7,1,8,64,2,2189508,2068522,1,20186016,4194313,2,29818880,0,1,92.5481,9175040,1474560,0,0,0.71835,99.8988,0,822083584,0,310378496,4194304,555286528,247463936,0,68550656,0,1,5.14712,0,0,0,1,1,2,10.437,100,88.4112,1024,10920,0,0,40
conv,19193,4194304,512,8,64,1,4,1,4,1,0,8,64,9,89385813,38789642,2,122894044,38797321,2,132579328,86.1998,1,87.6913,9175040,2064384,205520896,36700160,0.872123,98.866,0,822083584,0,2423472128,205520896,1373175808,205520896,0,185991168,0,1,1.14249,0,0,0,1,1,2,6.72201,100,84.5096,1024,10640,280,0,32
conv,19250,4194304,512,8,64,1,4,1,4,1,1,8,64,9,89527652,38789558,2,122893964,38797321,2,132579328,86.2411,1,92.5481,9175040,1474560,205520896,36700160,0.874948,99.1051,0,822083584,0,2423472128,205520896,1519976448,205520896,0,190578688,0,1,1.14134,0,0,0,1,1,2,6.91642,100,84.8825,1024,10920,280,0,32
conv,4331,4194304,512,8,64,1,4,1,4,7,0,8,64,2,2199350,2064466,1,20185136,2097161,2,29818880,0,1,87.6913,9175040,2064384,0,0,0.481155,99.4438,0,822083584,0,318767104,4194304,404291584,192937984,0,62390272,0,1,5.20374,0,0,0,1,1,2,10.066,100,87.2669,1024,10640,0,0,43
conv,4384,4194304,512,8,64,1,4,1,4,7,1,8,64,2,2196044,2064418,1,20185384,2097161,2,29818880,0,1,92.5481,9175040,1474560,0,0,0.722643,99.9066,0,822083584,0,318767104,4194304,551092224,247463936,0,68681728,0,1,5.18107,0,0,0,1,1,2,10.4522,100,88.4333,1024,10920,0,0,40
conv,12653,2097152,512,8,64,1,4,2,1,1,0,8,64,8,57140257,23056450,2,91565848,29360137,2,108232704,79.5297,1,62.8988,6291456,3080192,182976512,20971520,0.959764,100.065,0,822083584,0,1001512960,104857600,987529216,247463936,0,118620160,0,1,1.78672,0,0,0,1,1,2,6.09532,100,83.3397,1024,20368,320,0,32
conv,10569,2097152,512,8,64,1,4,2,1,1,1,8,64,8,36204952,23048076,2,75810984,29360137,2,108232704,76.3949,1,75.9032,5767168,1998848,182976512,20971520,0.486777,100.006,0,822083584,0,1001512960,104857600,1029472256,369098752,0,123731968,0,1,2.14453,0,0,0,1,1,3,7.56623,100,84.028,1024,20904,320,0,43
conv,2508,2097152,512,8,64,1,4,2,1,7,0,8,64,3,2201747,2068522,2,16384096,8388617,2,16744448,0,2,62.8988,6291456,3080192,0,0,0.462876,99.6611,0,822083584,0,244203520,2097152,213680128,165675008,0,55574528,0,2,9.09553,0,0,0,1,1,2,16.9502,100,81.4075,1024,20368,0,0,64
conv,2500,2097152,512,8,64,1,4,2,1,7,1,8,64,3,2201747,2068522,2,16384048,8388617,2,16744448,0,2,75.9032,5767168,1998848,0,0,0.463119,99.8026,0,822083584,0,244137984,2097152,255623168,161480704,0,56688640,0,2,9.12186,0,0,0,1,1,2,16.742,100,81.8849,1024,20904,0,0,54
conv,12608,2097152,512,8,64,1,4,2,2,1,0,8,64,8,57256911,23055894,2,91607364,25165833,2,108232704,82.382,1,62.8988,6291456,3080192,182976512,20971520,0.959591,99.5178,0,822083584,0,1020354560,104857600,979140608,251658240,0,119013376,0,1,1.79567,0,0,0,1,1,2,6.18712,100,83.449,1024,20368,320,0,32
conv,10508,2097152,512,8,64,1,4,2,2,1,1,8,64,8,36670127,23044570,2,75735844,25165833,2,108232704,79.6277,1,75.9032,5767168,1998848,182976512,20971520,0.486628,99.3927,0,822083584,0,1020387328,104857600,1021083648,377487360,0,124321792,0,1,2.1511,0,0,0,1,1,3,7.70806,100,84.1038,1024,20904,320,0,44
conv,2379,2097152,512,8,64,1,4,2,2,7,0,8,64,3,2201747,2068502,2,16384048,4194313,2,16744448,0,2,62.8988,6291456,3080192,0,0,0.478607,99.7797,0,822083584,0,263077888,2097152,205291520,165675008,0,55902208,0,2,9.58313,0,0,0,1,1,2,17.7151,100,81.5165,1024,20368,0,0,64
conv,2394,2097152,512,8,64,1,4,2,2,7,1,8,64,3,2201747,2068494,2,16384048,4194313,2,16744448,0,2,75.9032,5767168,1998848,0,0,0.479761,99.8542,0,822083584,0,263012352,2097152,247234560,155189248,0,56819712,0,2,9.52259,0,0,0,1,1,2,17.6386,100,81.9267,1024,20904,0,0,54
conv,12621,2097152,512,8,64,1,4,2,4,1,0,8,64,8,57702941,23057166,2,91271224,23068729,2,108232704,83.7453,1,62.8988,6291456,3080192,182976512,20971520,0.959185,98.1785,0,822083584,0,1024548864,104857600,974946304,245366784,0,118816768,0,1,1.7728,0,0,0,1,1,2,6.18703,100,83.4216,1024,20368,320,0,32
conv,10448,2097152,512,8,64,1,4,2,4,1,1,8,64,8,36414756,23049262,2,75774848,23068681,2,108232704,81.1614,1,75.9032,5767168,1998848,182976512,20971520,0.488315,99.6785,0,822083584,0,1024548864,104857600,1016889344,377487360,0,124256256,0,1,2.16557,0,0,0,1,1,3,7.70993,100,84.1473,1024,20904,320,0,44
conv,2354,2097152,512,8,64,1,4,2,4,7,0,8,64,3,2202003,2064458,2,16384320,2097161,2,16744448,0,2,62.8988,6291456,3080192,0,0,0.485279,99.74,0,822083584,0,267272192,2097152,201097216,161480704,0,55771136,0,2,9.68068,0,0,0,1,1,2,17.9768,100,81.4731,1024,20368,0,0,64
conv,2373,2097152,512,8,64,1,4,2,4,7,1,8,64,3,2201747,2064438,2,16384048,2097161,2,16744448,0,2,75.9032,5767168,1998848,0,0,0.482852,99.8359,0,822083584,0,267272192,2097152,243040256,140509184,0,56426496,0,2,9.60662,0,0,0,1,1,2,17.3556,100,81.6883,1024,20904,0,0,48
conv,8257,1048576,512,8,64,1,4,4,1,1,0,8,64,7,27928101,15178875,2,72128388,21495817,3,96116736,75.6247,1,56.4086,3932160,3006464,171704320,13107200,0.491744,99.2605,0,822083584,0,760258560,56623104,854474752,285212672,0,100538368,0,1,2.74224,0,0,0,1,1,3,8.75101,99.9099,86.3679,1024,39824,400,0,32
conv,7839,1048576,512,8,64,1,4,4,1,1,1,8,64,7,28037218,15176142,3,75527164,21495817,3,96116736,76.4382,1,55.1711,4325376,3006464,171704320,13107200,0.491956,99.6114,0,822083584,0,760242176,56623104,857620480,380633088,0,103585792,0,1,2.89078,0,0,0,1,1,3,8.963,99.9125,86.8001,1024,40872,400,0,48
conv,2034,1048576,512,8,64,1,4,4,1,7,0,8,64,3,2152939,2068574,2,14483912,8388665,1,10264576,0,2,56.4086,3932160,3006464,0,0,0.241591,99.1525,0,822083584,0,205979648,5242880,141443072,98566144,0,56006656,0,2,11.1806,0,0,0,1,1,2,22.4122,99.8382,71.0471,768,39824,0,0,80
conv,2037,1048576,512,8,64,1,4,4,1,7,1,8,64,3,2152939,2068562,2,14484264,8388617,1,10264576,0,2,55.1711,4325376,3006464,0,0,0.245451,98.7709,0,822083584,0,206012416,5242880,144588800,96468992,0,56104960,0,2,11.2212,0,0,0,1,1,2,22.4936,99.8385,70.9828,768,40872,0,0,80
conv,8052,1048576,512,8,64,1,4,4,2,1,0,8,64,7,27275531,15177190,2,71519596,17301513,3,96116736,78.9508,1,56.4086,3932160,3006464,171704320,13107200,0.493223,100.455,0,822083584,0,609263616,56623104,846086144,287309824,0,95623168,0,1,2.82876,0,0,0,1,1,3,7.52606,99.9052,85.6672,1024,39824,400,0,32
conv,8027,1048576,512,8,64,1,4,4,2,1,1,8,64,7,28223006,15178483,2,73831036,17301513,3,96116736,79.4897,1,55.1711,4325376,3006464,171704320,13107200,0.492952,99.1755,0,822083584,0,609247232,56623104,849231872,331350016,0,97064960,0,1,2.82704,0,0,0,1,1,3,7.74557,99.9066,85.9133,1024,40872,400,0,48
conv,1849,1048576,512,8,64,1,4,4,2,7,0,8,64,3,2152531,2068718,2,14483504,4194313,1,10264576,0,2,56.4086,3932160,3006464,0,0,0.243098,98.9602,0,822083584,0,213368832,5242880,133054464,99614720,0,56104960,0,2,12.3675,0,0,0,1,1,2,24.5686,99.8385,70.9254,768,39824,0,0,80
conv,1818,1048576,512,8,64,1,4,4,2,7,1,8,64,3,2152531,2068510,2,14483504,4194313,2,10264576,0,2,55.1711,4325376,3006464,0,0,0.243165,98.8034,0,822083584,0,213368832,5242880,136200192,100663296,0,56236032,0,3,12.5902,0,0,0,1,1,2,25.1643,99.8389,70.9931,896,40872,0,0,72
conv,8424,1048576,512,8,64,1,4,4,4,1,0,8,64,7,29113455,15182806,2,68284272,15204361,3,96116736,80.2329,1,56.4086,3932160,3006464,171704320,13107200,0.491344,100.58,0,822083584,0,613441536,56623104,841891840,329252864,0,96901120,0,1,2.71876,0,0,0,1,1,3,7.3278,99.9065,85.8895,1024,39824,400,0,40
conv,8429,1048576,512,8,64,1,4,4,4,1,1,8,64,7,28161474,15180314,2,76187140,15204361,3,96116736,81.6307,1,55.1711,4325376,3006464,171704320,13107200,0.490746,99.8771,0,822083584,0,613441536,56623104,845037568,342884352,0,97425408,0,1,2.71189,0,0,0,1,1,3,7.29495,99.907,85.9655,1024,40872,400,0,48
conv,1795,1048576,512,8,64,1,4,4,4,7,0,8,64,3,2152598,2065894,2,14483832,2097161,2,10264576,0,2,56.4086,3932160,3006464,0,0,0.245472,99.3967,0,822083584,0,217546752,5242880,128860160,94371840,0,55908352,0,3,12.7505,0,0,0,1,1,2,25.5616,99.8379,70.8808,768,39824,0,0,80
conv,1804,1048576,512,8,64,1,4,4,4,7,1,8,64,3,2152535,2064790,2,14483504,2097209,2,10264576,0,2,55.1711,4325376,3006464,0,0,0.245633,98.7694,0,822083584,0,217563136,5242880,132005888,92274688,0,55973888,0,3,12.7494,0,0,0,1,1,2,25.7383,99.8381,70.8573,896,40872,0,0,72
conv,17877,2097152,512,8,64,1,8,1,1,1,0,8,64,8,85911696,27779510,2,126042160,42467385,2,118849536,76.2275,1,48.7295,12845056,1622016,205520896,25690112,0.801974,100.925,0,822083584,0,1261084672,102760448,1189380096,157286400,0,138870784,0,1,1.52026,0,0,0,1,1,2,6.99052,100,79.4938,1024,19600,392,0,32
conv,17089,2097152,512,8,64,1,8,1,1,1,1,8,64,9,83475051,27779280,2,126043088,42467465,2,118849536,76.2275,1,48.7295,12845056,1622016,205520896,25690112,0.779308,97.3673,0,822083584,0,1261084672,102760448,1292140544,157286400,0,142082048,0,1,1.29677,0,0,0,1,1,2,6.35744,100,79.9572,1024,19880,392,0,32
conv,2681,2097152,512,8,64,1,8,1,1,7,0,8,64,2,2184537,2068514,3,23281712,16777225,2,16089088,0,2,48.7295,12845056,1622016,0,0,0.228319,100.002,0,822083584,0,195903488,2097152,264536064,161480704,0,62259200,0,2,8.59693,0,0,0,1,1,2,17.962,100,72.5847,768,19600,0,0,80
conv,2525,2097152,512,8,64,1,8,1,1,7,1,8,64,3,2159229,2068506,3,23281712,16777225,2,16089088,0,3,48.7295,12845056,1622016,0,0,0.461895,99.8251,0,822083584,0,196001792,2097152,367296512,161480704,0,65536000,0,2,9.05355,0,0,0,1,1,2,19.2508,100,73.8602,1024,19880,0,0,64
conv,16816,2097152,512,8,64,1,8,1,2,1,0,8,64,8,79128845,27779770,2,126042160,34078729,2,118849536,80.221,1,48.7295,12845056,1622016,205520896,25690112,0.770937,101.235,0,822083584,0,1273569280,102760448,1180991488,146800640,0,138608640,0,1,1.34822,0,0,0,1,1,2,6.18049,100,79.5,1024,19600,392,0,32
conv,16479,2097152,512,8,64,1,8,1,2,1,1,8,64,8,77417018,27779738,2,126042464,34078729,2,118849536,80.221,1,48.7295,12845056,1622016,205520896,25690112,0.758041,101.191,0,822083584,0,1273569280,102760448,1283751936,146800640,0,141819904,0,1,1.3711,0,0,0,1,1,2,6.46442,100,79.9642,1024,19880,392,0,32
conv,2472,2097152,512,8,64,1,8,1,2,7,0,8,64,3,2172648,2068522,3,23281992,8388617,2,16089088,0,3,48.7295,12845056,1622016,0,0,0.234227,98.7704,0,822083584,0,208584704,2097152,256147456,150994944,0,62128128,0,2,9.23257,0,0,0,1,1,2,19.3398,100,72.4263,768,19600,0,0,78
conv,2429,2097152,512,8,64,1,8,1,2,7,1,8,64,3,2157934,2068506,3,23281760,8388617,2,16089088,0,3,48.7295,12845056,1622016,0,0,0.470456,99.8373,0,822083584,0,208584704,2097152,358907904,161480704,0,65667072,0,2,9.4123,0,0,0,1,1,2,20.0588,100,73.9123,1024,19880,0,0,64
conv,17023,2097152,512,8,64,1,8,1,4,1,0,8,64,8,79082056,27779058,2,126042312,29884425,2,118849536,82.3789,1,48.7295,12845056,1622016,205520896,25690112,0.764975,99.8025,0,822083584,0,1275666432,102760448,1176797184,155189248,0,138805248,0,1,1.34723,0,0,0,1,1,2,6.2715,100,79.5291,1024,19600,392,0,32
conv,16289,2097152,512,8,64,1,8,1,4,1,1,8,64,8,75415932,27779634,2,126042944,29884425,2,118849536,82.3789,1,48.7295,12845056,1622016,205520896,25690112,0.753173,100.627,0,822083584,0,1275666432,102760448,1279557632,155189248,0,142016512,0,1,1.39535,0,0,0,1,1,2,6.62619,100,79.992,1024,19880,392,0,32
conv,2460,2097152,512,8,64,1,8,1,4,7,0,8,64,3,2168863,2068506,2,23281864,4194313,2,16089088,0,3,48.7295,12845056,1622016,0,0,0.240946,99.5058,0,822083584,0,210583552,2097152,251953152,148897792,0,61931520,0,2,9.28371,0,0,0,1,1,2,19.3031,100,72.4396,768,19600,0,0,78
conv,2376,2097152,512,8,64,1,8,1,4,7,1,8,64,3,2140088,2068506,2,23281760,4194313,2,16089088,0,3,48.7295,12845056,1622016,0,0,0.481925,99.8713,0,822083584,0,210583552,2097152,354713600,174063616,0,65929216,0,2,9.6201,0,0,0,1,1,2,20.7161,100,74.1108,1024,19880,0,0,64
conv,12424,1048576,512,8,64,1,8,2,1,1,0,8,64,8,58496059,16762870,2,109013896,31457417,2,106610688,73.2271,1,42.658,7340032,2670592,194248704,14680064,0.489104,99.6033,0,822083584,0,744398848,52428800,947535872,74448896,0,96305152,0,1,1.81549,0,0,0,1,1,2,5.22241,100,85.6943,1024,37520,448,0,32
conv,12386,1048576,512,8,64,1,8,2,1,1,1,8,64,8,57623866,16749426,2,93234928,31457289,2,106610688,69.7039,1,47.6491,7340032,1622016,194248704,14680064,0.487732,100.128,0,822083584,0,744398848,52428800,976896000,139460608,0,99254272,0,1,1.83192,0,0,0,1,1,2,5.32139,100,86.1193,1024,38056,448,0,47
conv,2464,1048576,512,8,64,1,8,2,1,7,0,8,64,3,2201771,2068506,3,20815944,16777225,1,9486336,0,2,42.658,7340032,2670592,0,0,0.237252,99.1434,0,822083584,0,193863680,1048576,141180928,56623104,0,51281920,0,2,9.24957,0,0,0,1,1,1,16.744,100,74.0271,640,37520,0,0,96
conv,2339,1048576,512,8,64,1,8,2,1,7,1,8,64,3,2201747,2068506,3,20815920,16777225,1,9486336,0,2,47.6491,7340032,1622016,0,0,0.237639,99.1997,0,822083584,0,193896448,1048576,170541056,61865984,0,52396032,0,2,9.78293,0,0,0,1,1,1,17.6616,100,74.5187,768,38056,0,0,80
conv,12246,1048576,512,8,64,1,8,2,2,1,0,8,64,8,57800547,16762194,2,105837932,23068681,2,106610688,77.18,1,42.658,7340032,2670592,194248704,14680064,0.489472,99.134,0,822083584,0,596549632,52428800,939147264,120586240,0,92864512,0,1,1.84359,0,0,0,1,1,2,4.50747,100,85.1642,1024,37520,448,0,32
conv,11812,1048576,512,8,64,1,8,2,2,1,1,8,64,8,56302901,16760010,2,98216356,23068809,2,106610688,75.9496,1,47.6491,7340032,1622016,194248704,14680064,0.4848,99.0887,0,822083584,0,596549632,52428800,968507392,199229440,0,96239616,0,1,1.92737,0,0,0,1,1,2,4.93267,100,85.6845,1024,38056,448,0,48
conv,2094,1048576,512,8,64,1,8,2,2,7,0,8,64,3,2201747,2068534,3,20816200,8388617,1,9486336,0,2,42.658,7340032,2670592,0,0,0.238346,98.9976,0,822083584,0,203333632,1048576,132792320,60817408,0,51478528,0,2,10.9393,0,0,0,1,1,1,19.8178,100,74.0646,640,37520,0,0,96
conv,2013,1048576,512,8,64,1,8,2,2,7,1,8,64,3,2201983,2068506,3,20816288,8388617,1,9486336,0,2,47.6491,7340032,1622016,0,0,0.239415,98.6737,0,822083584,0,203333632,1048576,162152448,60817408,0,52396032,0,2,11.378,0,0,0,1,1,2,20.842,100,74.5187,640,38056,0,0,90
conv,12103,1048576,512,8,64,1,8,2,4,1,0,8,64,8,56799094,16762882,2,95153552,18874377,2,106610688,78.0068,1,42.658,7340032,2670592,194248704,14680064,0.489218,99.9833,0,822083584,0,598646784,52428800,934952960,120586240,0,92798976,0,1,1.87221,0,0,0,1,1,2,4.53128,100,85.1538,1024,37520,448,0,32
conv,12032,1048576,512,8,64,1,8,2,4,1,1,8,64,8,56596835,16756858,2,95568396,18874377,2,106610688,78.288,1,47.6491,7340032,1622016,194248704,14680064,0.487916,99.498,0,822083584,0,598646784,52428800,964313088,217055232,0,96731136,0,1,1.88524,0,0,0,1,1,2,4.75424,100,85.7573,1024,38056,448,0,46
conv,1930,1048576,512,8,64,1,8,2,4,7,0,8,64,3,2201747,2068506,3,20815920,4194313,1,9486336,0,2,42.658,7340032,2670592,0,0,0.241363,99.2409,0,822083584,0,205430784,1048576,128598016,57671680,0,51314688,0,2,11.9692,0,0,0,1,1,2,21.6762,100,73.9818,512,37520,0,0,108
conv,1831,1048576,512,8,64,1,8,2,4,7,1,8,64,3,2201747,2068506,3,20815920,4194313,1,9486336,0,2,47.6491,7340032,1622016,0,0,0.241204,98.7228,0,822083584,0,205398016,1048576,157958144,62914560,0,52363264,0,2,12.5034,0,0,0,1,1,2,22.8758,100,74.5634,768,38056,0,0,80
conv,63356,32112640,980,8,64,2,1,1,1,1,0,14,70,8,179481973,181923460,2,230523848,182714505,2,363692032,87.0351,1,58.0631,44957696,1015808,256901120,179830784,0.849705,99.9065,0,822083584,0,9219735552,901644288,3401449472,536346624,0,797179904,0,1,0.357665,0,0,0,1,1,2,10.4282,59.0534,58.3356,1024,3920,200,0,32
conv,63105,32112640,980,8,64,2,1,1,1,1,1,14,70,8,179427778,181921980,2,230523624,182714505,2,363692032,87.0351,1,40.308,64225280,1998848,256901120,179830784,0.850117,99.9766,0,822083584,0,9219735552,901644288,3401449472,536346624,0,797179904,0,1,0.357769,0,0,0,1,1,2,10.424,59.0534,58.3356,1024,4200,200,0,32
conv,28228,32112640,980,8,64,2,1,1,1,7,0,14,70,1,2208279,2068662,1,50692144,2883721,2,183861248,0,1,58.0631,44957696,1015808,0,0,0.819276,99.9372,0,822083584,0,614465536,96337920,1757282304,888668160,0,205291520,0,1,0.800576,0,0,0,1,1,2,5.02298,64.3555,63.6113,1024,3920,0,0,31
conv,28217,32112640,980,8,64,2,1,1,1,7,1,14,70,1,2209897,2068682,1,50693904,2883593,2,183861248,0,1,40.308,64225280,1998848,0,0,0.818652,99.9223,0,822083584,0,614465536,96337920,1757282304,888668160,0,205291520,0,1,0.80043,0,0,0,1,1,2,5.02282,64.3555,63.6113,1024,4200,0,0,31
conv,49472,15368192,938,8,64,2,1,2,1,1,0,14,67,5,93192316,104734671,1,129583528,105611273,1,194707456,86.604,1,29.337,51380224,1933312,144179200,102760448,0.427678,99.7882,0,822083584,0,3666903040,457146368,1553235968,342392832,0,363626496,0,1,0.457029,0,0,0,1,1,2,5.61422,59.9393,58.798,1024,7504,224,0,40
conv,49472,15368192,938,8,64,2,1,2,1,1,1,14,67,5,93180226,104730757,1,129581456,105611401,1,194707456,86.604,1,29.337,51380224,1933312,144179200,102760448,0.427678,99.7398,0,822083584,0,3666903040,457146368,1553235968,342392832,0,363626496,0,1,0.457171,0,0,0,1,1,2,5.61869,59.9393,58.798,1024,8040,224,0,40
conv,14263,15368192,938,8,64,2,1,2,1,7,0,14,67,1,2202211,2068570,1,28656144,2850825,2,93782016,0,2,29.337,51380224,1933312,0,0,0.835282,99.9568,0,822083584,0,523993088,46104576,974422016,451444736,0,138313728,0,1,1.58594,0,0,0,1,1,2,6.18561,64.2065,63.6697,1024,7504,0,0,32
conv,14257,15368192,938,8,64,2,1,2,1,7,1,14,67,1,2201747,2068566,1,28655664,2850825,2,93782016,0,2,29.337,51380224,1933312,0,0,0.835363,99.948,0,822083584,0,523993088,46104576,974422016,451444736,0,138313728,0,1,1.58644,0,0,0,1,1,2,6.18813,64.2065,63.6697,1024,8040,0,0,32
conv,24283,7569408,924,8,64,2,1,4,1,1,0,14,66,7,65696142,66301246,2,92101052,67108873,2,149651456,87.3798,1,56.3756,16056320,1884160,144179200,64225280,0.861836,99.6017,0,822083584,0,2117238784,273645568,1191739392,654016512,0,263282688,0,1,0.934286,0,0,0,1,1,2,8.23847,61.1873,60.0439,1024,14672,280,0,32
conv,24274,7569408,924,8,64,2,1,4,1,1,1,14,66,7,65709499,66317694,2,92115972,67108873,2,149651456,87.4118,1,29.75,32112640,1884160,144179200,64225280,0.860591,99.9224,0,822083584,0,2117238784,273645568,1191739392,654016512,0,263282688,0,1,0.933058,0,0,0,1,1,2,8.20124,61.1873,60.0439,1024,15720,280,0,32
conv,7289,7569408,924,8,64,2,1,4,1,7,0,14,66,1,2152779,2068526,1,17195304,2883593,2,48726016,0,1,56.3756,16056320,1884160,0,0,0.818435,99.8875,0,822083584,0,397737984,22708224,583565312,249397248,0,101736448,0,1,3.10973,0,0,0,1,1,2,9.12771,64.1769,63.7521,1024,14672,0,0,32
conv,7288,7569408,924,8,64,2,1,4,1,7,1,14,66,1,2152539,2068530,1,17195400,2883593,2,48726016,0,2,29.75,32112640,1884160,0,0,0.81895,99.9347,0,822083584,0,397737984,22708224,583565312,249397248,0,101736448,0,1,3.11057,0,0,0,1,1,2,9.12581,64.1769,63.7521,1024,15720,0,0,32
conv,16464,3727360,910,8,64,2,1,8,1,1,0,14,65,8,50714245,47048686,2,70694792,47808649,1,87670784,87.8792,1,34.793,19267584,1859584,87818240,44957696,0.860895,100.119,0,822083584,0,1299095552,166125568,771973120,793747456,0,197013504,0,1,1.37663,0,0,0,1,1,2,9.45054,62.1121,61.1161,1024,29008,392,0,30
conv,16491,3727360,910,8,64,2,1,8,1,1,1,14,65,8,50334002,47045975,2,70692512,47808521,1,87670784,87.8837,1,56.1171,11239424,1859584,87818240,44957696,0.861195,99.6089,0,822083584,0,1299095552,166125568,771973120,793747456,0,197013504,0,1,1.37038,0,0,0,1,1,2,9.4557,62.1121,61.1161,1024,31080,392,0,30
conv,3818,3727360,910,8,64,2,1,8,1,7,0,14,65,2,2128483,2068506,1,11514472,2850825,2,26198016,0,2,34.793,19267584,1859584,0,0,0.855322,99.7004,0,822083584,0,347250688,11182080,388194304,135602176,0,83628032,0,2,5.95669,0,0,0,1,1,2,15.1735,63.9427,63.6865,1024,29008,0,0,32
conv,3816,3727360,910,8,64,2,1,8,1,7,1,14,65,2,2128477,2068522,1,11514464,2850825,2,26198016,0,2,56.1171,11239424,1859584,0,0,0.855036,99.7404,0,822083584,0,347250688,11182080,388194304,135602176,0,83628032,0,2,5.95873,0,0,0,1,1,2,15.1726,63.9427,63.6865,1024,31080,0,0,32
conv,29438,12615680,770,8,64,2,2,1,1,1,0,11,70,8,88970751,82831352,2,166983704,87515145,2,215121920,87.2439,1,70.9868,20185088,1605632,282591232,80740352,0.674165,100.027,0,822083584,0,4279107584,415268864,1665302528,612761600,0,332070912,0,1,0.770188,0,0,0,1,1,2,8.04949,74.0619,73.3515,1024,6160,224,0,32
conv,29407,12615680,770,8,64,2,2,1,1,1,1,11,70,8,89040624,82833812,2,166988160,87515145,2,215121920,87.2422,1,36.8511,40370176,1605632,282591232,80740352,0.675826,99.8517,0,822083584,0,4279107584,415268864,1900183552,293994496,0,328466432,0,1,0.76981,0,0,0,1,1,2,8.13538,74.0766,73.3583,1024,6440,224,0,32
conv,11447,12615680,770,8,64,2,2,1,1,7,0,11,70,1,2205421,2068698,1,25690736,6774793,2,73826304,0,1,70.9868,20185088,1605632,0,0,0.325027,99.1033,0,822083584,0,378339328,12615680,725778432,348487680,0,92946432,0,1,1.97647,0,0,0,1,1,2,5.38612,77.1847,76.9027,1024,6160,0,0,38
conv,11499,12615680,770,8,64,2,2,1,1,7,1,11,70,1,2200528,2068606,1,25690160,6774793,2,73826304,0,2,36.8511,40370176,1605632,0,0,0.636412,99.9063,0,822083584,0,378339328,12615680,960659456,398819328,0,105201664,0,1,1.96823,0,0,0,1,1,2,5.763,76.6654,76.4163,1024,6440,0,0,32
conv,29375,12615680,770,8,64,2,2,1,2,1,0,11,70,8,89101486,82812809,2,162971904,83034121,2,215121920,90.2549,1,73.6447,20185088,819200,282591232,80740352,0.674618,100.031,0,822083584,0,4325212160,440500224,1631682560,621150208,0,335003648,0,1,0.771557,0,0,0,1,1,2,7.59642,74.079,73.1394,1024,6160,224,0,32
conv,29233,12615680,770,8,64,2,2,1,2,1,1,11,70,8,88546336,82817349,2,162972128,83034121,2,215121920,90.2564,1,36.8511,40370176,1605632,282591232,80740352,0.676141,99.9581,0,822083584,0,4325212160,440500224,1879179264,302383104,0,331808768,0,1,0.773137,0,0,0,1,1,2,8.23778,74.1211,73.1724,1024,6440,224,0,32
conv,11243,12615680,770,8,64,2,2,1,2,7,0,11,70,1,2206698,2068690,1,21676096,2293769,2,73826304,0,1,73.6447,20185088,819200,0,0,0.320333,99.0736,0,822083584,0,428670976,37847040,692158464,369491968,0,95928320,0,1,2.01184,0,0,0,1,1,2,5.78082,77.247,76.5628,1024,6160,0,0,37
conv,11255,12615680,770,8,64,2,2,1,2,7,1,11,70,1,2202200,2068594,1,21676080,2293769,2,73826304,0,2,36.8511,40370176,1605632,0,0,0.641049,99.7787,0,822083584,0,428670976,37847040,939655168,444989440,0,109674496,0,1,2.01026,0,0,0,1,1,2,6.30466,76.7684,76.1699,1024,6440,0,0,32
conv,19203,6037504,737,8,64,2,2,2,1,1,0,11,67,7,51382111,48215513,2,97093356,52928521,2,148668416,84.0954,1,35.9576,23068672,2359296,220594176,46137344,0.679787,99.7318,0,822083584,0,2019827712,259858432,1119690752,584982528,0,203948032,0,1,1.18317,0,0,0,1,1,2,7.46471,75.1017,73.6469,1024,11792,256,0,32
conv,22628,6037504,737,8,64,2,2,2,1,1,1,11,67,5,42185927,48077000,1,79885096,52928649,2,148668416,82.0327,1,34.5336,23855104,2621440,220594176,46137344,0.336411,99.9905,0,822083584,0,2019827712,259858432,1136467968,559816704,0,203587584,0,1,1.00456,0,0,0,1,1,2,6.27926,75.1059,73.6485,1024,12328,256,0,42
conv,5916,6037504,737,8,64,2,2,2,1,7,0,11,67,1,2202051,2068506,1,17072592,6791177,2,38371328,0,2,35.9576,23068672,2359296,0,0,0.645571,99.9704,0,822083584,0,338288640,30187520,410853376,194084864,0,73138176,0,1,3.8332,0,0,0,1,1,2,8.77755,77.412,76.7169,1024,11792,0,0,32
conv,5940,6037504,737,8,64,2,2,2,1,7,1,11,67,1,2201747,2068506,1,17072176,6791177,2,38371328,0,2,34.5336,23855104,2621440,0,0,0.637351,99.8533,0,822083584,0,338288640,30187520,427630592,208510976,0,74416128,0,1,3.81603,0,0,0,1,1,2,8.75081,77.3929,76.7097,1024,12328,0,0,34
conv,19074,6037504,737,8,64,2,2,2,2,1,0,11,67,7,51375592,48215848,2,92972624,48431113,2,148668416,89.2185,1,37.1546,23068672,1540096,220594176,46137344,0.679602,99.8636,0,822083584,0,1912168448,235708416,1087152128,538017792,0,196476928,0,1,1.18897,0,0,0,1,1,2,7.16341,74.3084,73.0864,1024,11792,256,0,32
conv,22373,6037504,737,8,64,2,2,2,2,1,1,11,67,6,42243704,48069582,1,75774344,48431113,2,148668416,87.7233,1,35.2535,23855104,2080768,220594176,46137344,0.336764,99.7124,0,822083584,0,1912168448,235708416,1109966848,470908928,0,194510848,0,1,1.01178,0,0,0,1,1,2,6.01331,74.3479,73.1135,1024,12328,256,0,46
conv,5683,6037504,737,8,64,2,2,2,2,7,0,11,67,1,2201779,2068506,1,12951640,2293769,2,38371328,0,2,37.1546,23068672,1540096,0,0,0.639052,99.7591,0,822083584,0,327737344,18112512,378314752,212705280,0,72187904,0,1,3.98471,0,0,0,1,1,2,9.00357,76.5877,76.1447,1024,11792,0,0,32
conv,5706,6037504,737,8,64,2,2,2,2,7,1,11,67,1,2201747,2068522,1,12951600,2293769,2,38371328,0,2,35.2535,23855104,2080768,0,0,0.642192,99.8603,0,822083584,0,327737344,18112512,401129472,208510976,0,72925184,0,1,3.97498,0,0,0,1,1,2,9.08678,76.6113,76.1728,1024,12328,0,0,32
conv,11440,2973696,726,8,64,2,2,4,1,1,0,11,66,8,34966799,30926579,2,67640584,35610633,2,115441664,81.398,1,49.6641,9830400,2211840,189595648,28835840,0.668217,99.7034,0,822083584,0,1262952448,153313280,847110144,583254016,0,153243648,0,1,1.9889,0,0,0,1,1,3,9.03926,76.0152,74.8137,1024,23056,320,0,40
conv,11776,2973696,726,8,64,2,2,4,1,1,1,11,66,7,29224624,30913435,2,53932740,35610633,2,115441664,78.557,1,38.2232,13434880,2211840,189595648,28835840,0.338447,99.7071,0,822083584,0,1262952448,153313280,857595904,677625856,0,157749248,0,1,1.92054,0,0,0,1,1,3,9.01875,75.9213,74.7541,1024,24104,320,0,48
conv,3151,2973696,726,8,64,2,2,4,1,7,0,11,66,2,2152531,2068598,2,12419120,6774793,2,20643840,0,2,49.6641,9830400,2211840,0,0,0.319724,99.0527,0,822083584,0,318955520,14868480,253616128,107864064,0,61587456,0,2,7.22097,0,0,0,1,1,2,14.8338,77.484,76.9935,1024,23056,0,0,46
conv,3165,2973696,726,8,64,2,2,4,1,7,1,11,66,2,2152531,2068506,2,12419784,6774793,2,20643840,0,2,38.2232,13434880,2211840,0,0,0.63698,99.7798,0,822083584,0,318955520,14868480,264101888,109961216,0,62128128,0,2,7.18835,0,0,0,1,1,2,14.7604,77.4426,76.9564,1024,24104,0,0,40
conv,11380,2973696,726,8,64,2,2,4,2,1,0,11,66,8,35014223,30934025,2,63425776,31129609,2,115441664,88.6923,1,52.8648,9830400,1482752,189595648,28835840,0.661639,100.139,0,822083584,0,1078272000,129523712,815112192,531841024,0,143368192,0,1,2.00015,0,0,0,1,1,3,8.36322,74.567,73.6049,1024,23056,320,0,40
conv,11601,2973696,726,8,64,2,2,4,2,1,1,11,66,7,29234412,30912236,2,49959236,31129609,2,115441664,86.7897,1,39.135,13434880,1847296,189595648,28835840,0.338698,99.6245,0,822083584,0,1078272000,129523712,831500288,626212864,0,148062208,0,1,1.94704,0,0,0,1,1,3,8.52653,74.5407,73.6091,1024,24104,320,0,48
conv,2938,2973696,726,8,64,2,2,4,2,7,0,11,66,2,2152531,2068522,1,8418048,2293769,2,20643840,0,2,52.8648,9830400,1482752,0,0,0.643073,99.822,0,822083584,0,274522112,8921088,221618176,115032064,0,59211776,0,2,7.7402,0,0,0,1,1,2,15.3105,76.438,76.1133,1024,23056,0,0,40
conv,2940,2973696,726,8,64,2,2,4,2,7,1,11,66,2,2152531,2068506,1,8417480,2293769,2,20643840,0,2,39.135,13434880,1847296,0,0,0.639104,99.8914,0,822083584,0,274522112,8921088,238006272,103669760,0,59396096,0,2,7.74182,0,0,0,1,1,2,15.3043,76.4676,76.1415,1024,24104,0,0,40
conv,8203,1464320,715,8,64,2,2,8,1,1,0,11,65,7,21917433,22265785,2,47143908,26976265,3,98811904,77.1798,1,56.2336,5046272,2777088,174096384,20185088,0.335395,99.6379,0,822083584,0,799277056,58701824,710842368,559251456,0,124203008,0,1,2.77047,0,0,0,1,1,3,12.6844,74.6906,74.2272,1024,45584,448,0,54
conv,8990,1464320,715,8,64,2,2,8,1,1,1,11,65,7,21741367,22264033,2,47845508,26976265,2,98811904,77.3836,1,46.456,7282688,2187264,174096384,20185088,0.336612,99.2173,0,822083584,0,799277056,58701824,718182400,609998848,0,126683136,0,1,2.52232,0,0,0,1,1,3,10.3267,74.6613,74.2069,1024,47656,448,0,52
conv,1765,1464320,715,8,64,2,2,8,1,7,0,11,65,3,2127924,2068506,2,10125592,6791177,2,11763712,0,2,56.2336,5046272,2777088,0,0,0.321824,99.0484,0,822083584,0,300787712,7321600,175020032,64106496,0,55674880,0,3,12.9672,0,0,0,1,1,2,25.3273,77.1279,76.8591,1024,45584,0,0,64
conv,1765,1464320,715,8,64,2,2,8,1,7,1,11,65,3,2127928,2068506,2,10125360,6791177,2,11763712,0,2,46.456,7282688,2187264,0,0,0.320658,99.0328,0,822083584,0,300787712,7321600,182360064,63690752,0,55988224,0,3,13.001,0,0,0,1,1,2,25.2808,77.0827,76.8155,1024,47656,0,0,63
conv,8826,1464320,715,8,64,2,2,8,2,1,0,11,65,7,21994389,22267420,2,43819352,22478857,2,98811904,87.2449,1,67.5511,5046272,1466368,174096384,20185088,0.336093,99.6502,0,822083584,0,746561536,55773184,679114752,606654464,0,123439104,0,1,2.57364,0,0,0,1,1,3,10.6691,74.0971,73.6747,1024,45584,448,0,54
conv,8888,1464320,715,8,64,2,2,8,2,1,1,11,65,7,21824346,22265954,2,43612588,22478857,2,98811904,87.2051,1,48.2942,7282688,1826816,174096384,20185088,0.337422,99.3121,0,822083584,0,746561536,55773184,692289536,655937536,0,126060544,0,1,2.55109,0,0,0,1,1,3,10.2068,74.1051,73.6909,1024,47656,448,0,52
conv,1545,1464320,715,8,64,2,2,8,2,7,0,11,65,4,2127923,2068506,1,6167040,2293769,2,11763712,0,2,67.5511,5046272,1466368,0,0,0.324838,98.5614,0,822083584,0,248072192,4392960,143292416,58664960,0,52656128,0,3,14.8042,0,0,0,1,1,2,27.6422,75.9384,75.7572,1024,45584,0,0,56
conv,1561,1464320,715,8,64,2,2,8,2,7,1,11,65,4,2127923,2068506,1,6166576,2293769,2,11763712,0,3,48.2942,7282688,1826816,0,0,0.332456,98.9053,0,822083584,0,248072192,4392960,156467200,56567808,0,53069824,0,3,14.8291,0,0,0,1,1,2,27.9142,76.0001,75.819,1024,47656,0,0,56
conv,24026,5734400,700,8,64,2,4,1,1,1,0,10,70,8,99153339,47964572,2,148800832,54263817,2,163446784,85.848,1,72.3032,11468800,2162688,256901120,45875200,0.614081,99.6569,0,822083584,0,2363424768,218529792,1387298816,189333504,0,193675264,0,1,0.942508,0,0,0,1,1,2,5.60899,81.103,80.3644,1024,10640,280,0,31
conv,23799,5734400,700,8,64,2,4,1,1,1,1,10,70,8,98762607,47944231,2,148799552,54264403,2,163446784,85.848,1,76.3404,11468800,1441792,256901120,45875200,0.614805,100.404,0,822083584,0,2363424768,218529792,1534099456,189333504,0,199409664,0,1,0.956013,0,0,0,1,1,2,5.85349,81.0713,80.3539,1024,10920,280,0,32
conv,5343,5734400,700,8,64,2,4,1,1,7,0,10,70,1,2195184,2068610,1,20349312,8388617,2,34996224,0,1,72.3032,11468800,2162688,0,0,0.298951,99.0042,0,822083584,0,197197824,5734400,418414592,165281792,0,60817408,0,1,4.24496,0,0,0,1,1,2,8.17428,82.9943,82.661,1024,10640,0,0,52
conv,5446,5734400,700,8,64,2,4,1,1,7,1,10,70,1,2197129,2068522,1,20349208,8388617,2,34996224,0,1,76.3404,11468800,1441792,0,0,0.597445,99.8766,0,822083584,0,197197824,5734400,565215232,215613440,0,68517888,0,1,4.16569,0,0,0,1,1,2,8.29759,82.6578,82.3619,1024,10920,0,0,40
conv,26381,5734400,700,8,64,2,4,1,2,1,0,10,70,9,124673231,47966467,2,142640448,50069641,2,163446784,90.4608,1,77.2224,11468800,1294336,256901120,45875200,0.860317,99.7469,0,822083584,0,2434465792,207060992,1357119488,147931136,0,193183744,0,1,0.851952,0,0,0,1,1,2,5.04318,81.1058,80.3746,1024,10640,280,0,31
conv,24452,5734400,700,8,64,2,4,1,2,1,1,10,70,8,101213965,47965608,2,142640144,50069561,2,163446784,90.4608,1,76.3404,11468800,1441792,256901120,45875200,0.611057,100.187,0,822083584,0,2434465792,218529792,1514815488,147931136,0,199819264,0,1,0.929099,0,0,0,1,1,2,5.72767,81.0222,80.3511,1024,10920,280,0,31
conv,5104,5734400,700,8,64,2,4,1,2,7,0,10,70,2,2198040,2068618,1,14189296,4194313,2,34996224,0,1,77.2224,11468800,1294336,0,0,0.305175,98.9969,0,822083584,0,280281088,5734400,388235264,184713216,0,63537152,0,1,4.44419,0,0,0,1,1,2,9.15117,83.1969,82.6803,1024,10640,0,0,48
conv,5177,5734400,700,8,64,2,4,1,2,7,1,10,70,2,2197774,2068502,1,14188592,4194313,2,34996224,0,1,76.3404,11468800,1441792,0,0,0.611412,99.8849,0,822083584,0,280281088,17203200,545931264,193101824,0,70500352,0,1,4.38058,0,0,0,1,1,2,9.14697,82.7991,82.3844,1024,10920,0,0,40
conv,16288,2744320,670,8,64,2,4,2,1,1,0,10,67,8,74872153,28301537,2,105025268,34603017,2,133169152,82.7333,1,43.6628,10223616,3276800,228720640,26214400,0.915735,99.427,0,822083584,0,1046159360,132947968,988176384,215171072,0,124280832,0,1,1.39369,0,0,0,1,1,2,4.91942,81.7155,80.577,1024,20368,320,0,32
conv,13381,2744320,670,8,64,2,4,2,1,1,1,10,67,6,28315373,28288765,2,88875044,34603017,2,133169152,80.4087,1,55.6076,8388608,2211840,228720640,26214400,0.306668,99.6407,0,822083584,0,1046159360,132947968,1030119424,328417280,0,130342912,0,1,1.69547,0,0,0,1,1,3,6.25365,81.6357,80.5502,1024,20904,320,0,42
conv,2958,2744320,670,8,64,2,4,2,1,7,0,10,67,2,2202203,2068514,2,15803016,8388617,2,18808832,0,2,43.6628,10223616,3276800,0,0,0.289641,99.0963,0,822083584,0,179945472,24698880,214327296,114507776,0,51388416,0,2,7.69728,0,0,0,1,1,2,13.5198,83.1953,82.4336,896,20368,0,0,68
conv,2910,2744320,670,8,64,2,4,2,1,7,1,10,67,2,2202587,2068506,2,15803264,8388617,2,18808832,0,2,55.6076,8388608,2211840,0,0,0.29114,99.0311,0,822083584,0,179945472,24698880,256270336,118054912,0,53186560,0,2,7.82438,0,0,0,1,1,2,13.8013,83.0554,82.3195,1024,20904,0,0,54
conv,16160,2744320,670,8,64,2,4,2,2,1,0,10,67,8,74876194,28300230,2,98866640,30408713,2,133169152,89.1218,1,48.817,10223616,1851392,228720640,26214400,0.9164,99.6735,0,822083584,0,1024143360,126910464,958930944,209936384,0,122527744,0,1,1.399,0,0,0,1,1,2,4.82606,81.2828,80.135,1024,20368,320,0,32
conv,13259,2744320,670,8,64,2,4,2,2,1,1,10,67,6,28185812,28285496,2,82980924,30408713,2,133169152,87.5628,1,58.2642,8388608,1728512,228720640,26214400,0.307272,99.6487,0,822083584,0,1024143360,126910464,1006088192,323182592,0,128761856,0,1,1.71148,0,0,0,1,1,3,6.19056,81.2404,80.1482,1024,20904,320,0,44
conv,2683,2744320,670,8,64,2,4,2,2,7,0,10,67,2,2201875,2068502,1,9908424,4194313,2,18808832,0,2,48.817,10223616,1851392,0,0,0.297745,98.9978,0,822083584,0,220950528,13721600,185081856,104235008,0,51175424,0,2,8.47938,0,0,0,1,1,2,15.1185,82.6437,82.1972,1024,20368,0,0,64
conv,2576,2744320,670,8,64,2,4,2,2,7,1,10,67,3,2201747,2068506,1,9908272,4194313,2,18808832,0,2,58.2642,8388608,1728512,0,0,0.299862,98.9092,0,822083584,0,220950528,13721600,232239104,102137856,0,52903936,0,2,8.838,0,0,0,1,1,2,15.8575,82.6052,82.1733,1024,20904,0,0,48
conv,10201,1351680,660,8,64,2,4,4,1,1,0,10,66,8,44263139,18460450,3,108086028,24772617,3,118046720,83.5176,1,41.9843,6225920,3096576,214630400,16384000,0.611865,98.9622,0,822083584,0,557219840,63545344,854777856,325140480,0,101832704,0,1,2.22016,0,0,0,1,1,3,6.47749,81.1129,80.4864,1024,39824,400,0,39
conv,8401,1351680,660,8,64,2,4,4,1,1,1,10,66,6,20063259,18455726,2,64388604,24772617,3,118046720,75.4092,1,38.9725,6881280,3497984,214630400,16384000,0.307374,100.017,0,822083584,0,557219840,63545344,857923584,274808832,0,99989504,0,1,2.70784,0,0,0,1,1,3,7.5406,81.1334,80.4954,1024,40872,400,0,61
conv,1692,1351680,660,8,64,2,4,4,1,7,0,10,66,4,2152531,2068510,3,13537560,8388617,2,10731520,0,2,41.9843,6225920,3096576,0,0,0.286848,98.8676,0,822083584,0,167895040,12165120,141746176,61227008,0,45854720,0,3,13.5412,0,0,0,1,1,2,22.4488,82.591,82.1287,768,39824,0,0,80
conv,10324,1351680,660,8,64,2,4,4,2,1,0,10,66,8,44062718,18465037,2,96720624,20578313,3,118046720,89.7266,1,48.212,6225920,1892352,214630400,16384000,0.610593,99.5749,0,822083584,0,580325376,58138624,825999360,206180352,0,96894976,0,1,2.19794,0,0,0,1,1,3,5.67434,80.9804,80.394,1024,39824,400,0,32
conv,9194,1351680,660,8,64,2,4,4,2,1,1,10,66,6,20495542,18454698,2,57883204,20578313,3,118046720,84.743,1,41.8104,6881280,2793472,214630400,16384000,0.308098,99.5456,0,822083584,0,580325376,58138624,834242560,271192064,0,99729408,0,1,2.46699,0,0,0,1,1,3,6.50181,80.9755,80.4045,1024,40872,400,0,56
conv,1449,1351680,660,8,64,2,4,4,2,7,0,10,66,4,2152531,2068506,2,7772208,4194313,2,10731520,0,3,48.212,6225920,1892352,0,0,0.295894,98.8743,0,822083584,0,191000576,6758400,112967680,57585664,0,45490176,0,3,15.8688,0,0,0,1,1,2,26.1303,82.0882,81.7756,768,39824,0,0,80
conv,1422,1351680,660,8,64,2,4,4,2,7,1,10,66,4,2152531,2068506,2,7772208,4194313,2,10731520,0,3,41.8104,6881280,2793472,0,0,0.293462,98.8686,0,822083584,0,191000576,6758400,121210880,48893952,0,45455360,0,3,16.1717,0,0,0,1,1,2,26.7648,82.1229,81.8074,768,40872,0,0,80
conv,21586,2580480,630,8,64,2,8,1,1,1,0,9,70,9,107652829,30991076,2,139288928,45678649,2,132677632,78.1257,1,43.3751,14450688,1802240,231211008,28901376,0.663184,99.6548,0,822083584,0,1261690880,108404736,1189863424,89522176,0,121987072,0,1,1.04664,0,0,0,1,1,2,4.19146,89.5558,88.9327,1024,19600,392,0,32
conv,21611,2580480,630,8,64,2,8,1,1,1,1,9,70,8,106856803,30991117,2,139288632,45678601,2,132677632,78.1257,1,43.3751,14450688,1802240,231211008,28901376,0.676947,100.966,0,822083584,0,1261690880,108404736,1292623872,89522176,0,125599744,0,1,1.0538,0,0,0,1,1,2,4.30612,89.5366,88.9314,1024,19880,392,0,32
conv,2905,2580480,630,8,64,2,8,1,1,7,0,9,70,2,2191936,2068506,3,23683120,16777225,2,17072128,0,2,43.3751,14450688,1802240,0,0,0.250545,98.9769,0,822083584,0,110641152,2580480,265019392,100007936,0,45195264,0,2,7.83254,0,0,0,1,1,2,11.9545,90.135,89.9107,640,19600,0,0,84
conv,2857,2580480,630,8,64,2,8,1,1,7,1,9,70,2,2189597,2068506,3,23683120,16777225,2,17072128,0,3,43.3751,14450688,1802240,0,0,0.24836,99.0115,0,822083584,0,110641152,2580480,367779840,101621760,0,48873472,0,2,7.97494,0,0,0,1,1,2,12.2805,90.0252,89.8178,896,19880,0,0,72
conv,22737,2580480,630,8,64,2,8,1,2,1,0,9,70,8,114132416,30990642,2,129254096,37289993,2,132677632,86.7683,1,43.5397,14450688,1740800,231211008,28901376,0.790858,101.265,0,822083584,0,1286709248,123887616,1161404416,93626368,0,122798080,0,1,0.999801,0,0,0,1,1,2,3.98398,89.492,88.7563,1024,19600,392,0,31
conv,22926,2580480,630,8,64,2,8,1,2,1,1,9,70,9,116571414,30990052,2,129254176,37289993,2,132677632,86.7683,1,43.3751,14450688,1802240,231211008,28901376,0.799569,99.9138,0,822083584,0,1286709248,123887616,1274200064,93626368,0,126738432,0,1,0.984719,0,0,0,1,1,2,4.12532,89.4908,88.778,1024,19880,392,0,31
conv,2588,2580480,630,8,64,2,8,1,2,7,0,9,70,3,2192681,2068522,2,13648064,8388617,2,17072128,0,3,43.5397,14450688,1740800,0,0,0.258306,98.9036,0,822083584,0,195477504,2580480,236560384,96460800,0,46964736,0,2,8.80306,0,0,0,1,1,2,14.2205,90.3879,90.0385,640,19600,0,0,84
conv,2490,2580480,630,8,64,2,8,1,2,7,1,9,70,3,2190781,2068506,2,13648376,8388617,2,17072128,0,3,43.3751,14450688,1802240,0,0,0.260753,98.9293,0,822083584,0,195477504,2580480,349356032,100171776,0,51044352,0,2,9.16371,0,0,0,1,1,2,15.3899,90.3141,89.975,896,19880,0,0,72
conv,14116,1234944,603,8,64,2,8,2,1,1,0,9,67,8,68385996,18590919,2,104377356,33292297,2,118980608,72.5338,1,40.4407,7602176,2957312,218529792,16515072,0.547272,99.1865,0,822083584,0,496058368,72374272,947722240,108800000,0,86280192,0,1,1.60532,0,0,0,1,1,2,3.45131,89.5094,88.6298,1024,37520,448,0,32
conv,14315,1234944,603,8,64,2,8,2,1,1,1,9,67,8,69449868,18604128,2,127230476,33292297,2,118980608,76.4541,1,42.8333,8257536,1712128,218529792,16515072,0.548407,99.4119,0,822083584,0,496058368,72374272,977082368,196880384,0,90408960,0,1,1.57966,0,0,0,1,1,2,3.52987,89.481,88.6416,1024,38056,448,0,40
conv,1798,1234944,603,8,64,2,8,2,1,7,1,9,67,3,2201979,2068506,4,21016872,16777225,1,9715712,0,2,42.8333,8257536,1712128,0,0,0.253639,98.8651,0,822083584,0,106850304,20994048,170727424,51128320,0,40972288,0,2,12.7444,0,0,0,1,1,2,18.5306,90.1858,89.3732,640,38056,0,0,94
conv,14045,1234944,603,8,64,2,8,2,2,1,0,9,67,8,69232660,18595854,2,118381428,24903689,2,118980608,86.1657,1,45.9279,7602176,1695744,218529792,16515072,0.546147,99.9822,0,822083584,0,552374272,62494720,920123392,102899712,0,86587392,0,1,1.61741,0,0,0,1,1,2,3.48359,89.4854,88.7823,1024,37520,448,0,32
conv,14097,1234944,603,8,64,2,8,2,2,1,1,9,67,8,69834736,18587705,2,120611516,24903689,2,118980608,86.4164,1,42.9391,8257536,1687552,218529792,16515072,0.545323,99.4558,0,822083584,0,552374272,62494720,954286080,184688640,0,90650624,0,1,1.60419,0,0,0,1,1,2,3.59197,89.4716,88.8,1024,38056,448,0,48
conv,1412,1234944,603,8,64,2,8,2,2,7,1,9,67,4,2201747,2068506,3,11411504,8388617,2,9715712,0,3,42.9391,8257536,1687552,0,0,0.253131,98.6898,0,822083584,0,163166208,11114496,147931136,44179456,0,41398272,0,3,16.2727,0,0,0,1,1,2,24.3163,90.1552,89.7135,640,38056,0,0,94
conv,32373,16777216,128,16,8,0,1,1,1,1,0,16,8,8,78947268,104842458,3,275252560,104858195,3,308281344,54.069,0,0,0,0,205520896,102760448,0.730568,107.051,0,822083584,0,9596567552,822083584,2902458368,385875968,0,458227712,0,2,0.838335,0,0,0,1,1,3,11.1878,100,99.0847,1024,0,200,0,40
conv,19659,16777216,128,16,8,0,1,1,1,7,0,16,8,1,2104907,2068958,2,172492392,2097161,2,205520896,0,0,0,0,0,0,0,0.949872,99.9957,0,822083584,0,1006632960,16777216,1660944384,637534208,0,129499136,0,1,1.15235,0,0,0,1,1,2,4.5865,100,100,1024,0,0,0,32
conv,19728,8388608,128,16,8,0,1,2,1,1,0,16,8,8,52024040,60809618,2,154403384,60817545,2,167772160,54.0804,0,0,0,0,115343360,58720256,0.979951,99.9425,0,822083584,0,3850371072,419430400,1778384896,327155712,0,228327424,0,1,1.15022,0,0,0,1,1,3,8.54987,100,98.5075,1024,0,224,0,32
conv,10085,8388608,128,16,8,0,1,2,1,7,0,16,8,1,2103315,2069066,2,96731184,2097161,2,110100480,0,0,0,0,0,0,0,0.955682,99.9766,0,822083584,0,729808896,8388608,897581056,419430400,0,89915392,0,1,2.24891,0,0,0,1,1,2,5.87661,100,100,1024,0,0,0,32
conv,12572,4194304,128,16,8,0,1,4,1,1,0,16,8,8,32916553,38787322,2,109269724,38797321,2,120061952,58.8058,0,0,0,0,115343360,36700160,0.734874,100.167,0,822083584,0,2000683008,209715200,1149239296,599785472,0,151126016,0,1,1.81144,0,0,0,1,1,3,8.75649,100,98.8725,1024,0,280,0,40
conv,5326,4194304,128,16,8,0,1,4,1,7,0,16,8,1,2103371,2068870,2,58851768,2097161,3,62390272,0,0,0,0,0,0,0,0.716378,99.9633,0,822083584,0,444596224,4194304,515899392,201326592,0,62128128,0,1,4.26784,0,0,0,1,1,3,7.99496,100,100,1024,0,0,0,40
conv,9120,2097152,128,16,8,0,1,8,1,1,0,16,8,8,28360985,27773422,2,74639752,27787273,2,73662464,59.0038,0,0,0,0,70254592,25690112,0.72102,99.9912,0,822083584,0,1107296256,104857600,729808896,748683264,0,110624768,0,1,2.49097,0,0,0,1,1,2,9.24088,100,99.2299,1024,0,392,0,40
conv,2918,2097152,128,16,8,0,1,8,1,7,0,16,8,2,2119403,2068682,3,39911776,2097161,3,38535168,0,0,0,0,0,0,0,0.531548,99.9256,0,822083584,0,314572800,2097152,325058560,115343360,0,49348608,0,2,7.81254,0,0,0,1,1,3,12.3069,100,100,1024,0,0,0,56
conv,20700,8388608,128,16,8,0,2,1,1,1,0,16,8,8,62358075,60807614,3,255054424,62914569,2,212860928,50.7812,0,0,0,0,205520896,58720256,0.722654,99.9915,0,822083584,0,4395630592,411041792,1837105152,251658240,0,243269632,0,1,1.09629,0,0,0,1,1,3,7.84295,100,99.1379,1024,0,224,0,38
conv,11030,8388608,128,16,8,0,2,1,1,7,0,16,8,1,2103315,2068734,3,152305712,4194313,2,110100480,0,0,0,0,0,0,0,0.940264,99.9605,0,822083584,0,511705088,8388608,897581056,251658240,0,77856768,0,1,2.0569,0,0,0,1,1,2,4.4099,100,100,1024,0,0,0,32
conv,20745,8388608,128,16,8,0,2,1,2,1,0,16,8,8,62683418,60807394,3,255054120,60817417,2,212860928,51.1187,0,0,0,0,205520896,58720256,0.723198,100.005,0,822083584,0,4437573632,411041792,1828716544,268435456,0,244842496,0,1,1.09452,0,0,0,1,1,3,7.86269,100,99.1435,1024,0,224,0,36
conv,11018,8388608,128,16,8,0,2,1,2,7,0,16,8,1,2103315,2067638,3,152305992,2097161,2,110100480,0,0,0,0,0,0,0,0.683059,99.9937,0,822083584,0,562036736,8388608,889192448,436207616,0,84934656,0,1,2.05928,0,0,0,1,1,2,4.89686,100,100,1024,0,0,0,40
conv,13876,4194304,128,16,8,0,2,2,1,1,0,16,8,8,43479595,35641722,3,151884112,37748745,2,139460608,52.3738,0,0,0,0,160432128,33554432,0.729277,99.9103,0,822083584,0,1925185536,209715200,1241513984,364904448,0,144310272,0,1,1.63476,0,0,0,1,1,3,7.2215,100,98.8193,1024,0,256,0,40
conv,5739,4194304,128,16,8,0,2,2,1,7,0,16,8,1,2103315,2068946,3,86114352,4194313,2,59244544,0,0,0,0,0,0,0,0.718133,99.9321,0,822083584,0,369098752,4194304,490733568,230686720,0,59899904,0,1,3.96171,0,0,0,1,1,2,6.95858,100,100,1024,0,0,0,40
conv,14565,4194304,128,16,8,0,2,2,2,1,0,16,8,8,52656063,35642162,3,155133360,35651593,2,139460608,53.8076,0,0,0,0,160432128,33554432,0.97418,99.9248,0,822083584,0,1962934272,209715200,1233125376,364904448,0,145227776,0,1,1.55649,0,0,0,1,1,3,7.02581,100,98.8267,1024,0,256,0,32
conv,5718,4194304,128,16,8,0,2,2,2,7,0,16,8,1,2103315,2066854,3,86114352,2097161,2,59244544,0,0,0,0,0,0,0,0.716881,99.9025,0,822083584,0,406847488,4194304,482344960,239075328,0,61079552,0,1,3.97375,0,0,0,1,1,2,7.1442,100,100,1024,0,0,0,40
conv,8317,2097152,128,16,8,0,2,4,1,1,0,16,8,8,26876144,23053974,3,104173436,25165833,3,102760448,55.751,0,0,0,0,137887744,20971520,0.65463,99.657,0,822083584,0,1042284544,104857600,910163968,402653184,0,103415808,0,1,2.73115,0,0,0,1,1,3,8.16617,100,99.1762,1024,0,320,0,40
conv,3093,2097152,128,16,8,0,2,4,1,7,0,16,8,2,2103772,2069038,4,53019128,4194313,2,33816576,0,0,0,0,0,0,0,0.533204,99.9003,0,822083584,0,264241152,2097152,287309824,115343360,0,46596096,0,1,7.36921,0,0,0,1,1,3,10.614,100,100,1024,0,0,0,56
conv,8394,2097152,128,16,8,0,2,4,2,1,0,16,8,8,27688472,23054138,3,104819340,23068681,3,102760448,56.9457,0,0,0,0,137887744,20971520,0.663234,99.3722,0,822083584,0,1056964608,104857600,901775360,411041792,0,103874560,0,1,2.70211,0,0,0,1,1,3,8.20656,100,99.1798,1024,0,320,0,40
conv,3076,2097152,128,16,8,0,2,4,2,7,0,16,8,2,2103318,2067066,3,53018672,2097161,2,33816576,0,0,0,0,0,0,0,0.528449,99.9149,0,822083584,0,278921216,2097152,278921216,121634816,0,46989312,0,2,7.41027,0,0,0,1,1,3,10.7094,100,100,1024,0,0,0,56
conv,7588,1048576,128,16,8,0,2,8,1,1,0,16,8,7,24864077,16754734,3,82436452,18874377,2,84410368,60.0018,0,0,0,0,126615552,14680064,0.731446,99.8321,0,822083584,0,717225984,52428800,744488960,525336576,0,89849856,0,1,2.9944,0,0,0,1,1,3,8.84955,100,99.5259,1024,0,448,0,38
conv,1777,1048576,128,16,8,0,2,8,1,7,0,16,8,3,2113247,2068534,4,36471272,4194313,3,21102592,0,0,0,0,0,0,0,0.353528,99.8019,0,822083584,0,203423744,1048576,185597952,87031808,0,40599552,0,2,12.9498,0,0,0,1,1,3,17.3623,100,100,768,0,0,0,80
conv,7972,1048576,128,16,8,0,2,8,2,1,0,16,8,6,21110142,16754054,2,79009124,16777225,2,84410368,59.7203,0,0,0,0,126615552,14680064,0.611261,99.9624,0,822083584,0,727711744,52428800,736100352,475004928,0,88342528,0,1,2.85642,0,0,0,1,1,3,8.11373,100,99.5178,1024,0,448,0,42
conv,1754,1048576,128,16,8,0,2,8,2,7,0,16,8,3,2118413,2067006,4,36470864,2097161,3,21102592,0,0,0,0,0,0,0,0.353646,99.757,0,822083584,0,214958080,1048576,177209344,80740352,0,40501248,0,2,13.0634,0,0,0,1,1,3,17.5559,100,100,768,0,0,0,80
conv,19593,4194304,128,16,8,0,4,1,1,1,0,16,8,8,86073039,38789206,3,265145364,45088777,2,165150720,44.9492,0,0,0,0,205520896,36700160,0.681251,100.005,0,822083584,0,2403336192,205520896,1484783616,163577856,0,159776768,0,1,1.15959,0,0,0,1,1,2,5.52586,100,99.3437,1024,0,280,0,35
conv,7075,4194304,128,16,8,0,4,1,1,7,0,16,8,1,2103803,2068714,5,162398744,8388617,2,62390272,0,0,0,0,0,0,0,0.494927,99.9617,0,822083584,0,255852544,4194304,515899392,184549376,0,55705600,0,1,3.2123,0,0,0,1,1,2,4.86999,100,100,1024,0,0,0,56
conv,19547,4194304,128,16,8,0,4,1,2,1,0,16,8,8,85134046,38788594,3,265145536,40894473,2,165150720,45.5683,0,0,0,0,205520896,36700160,0.683734,100.434,0,822083584,0,2428502016,205520896,1476395008,167772160,0,160432128,0,1,1.16565,0,0,0,1,1,2,5.8626,100,99.3464,1024,0,280,0,36
conv,6970,4194304,128,16,8,0,4,1,2,7,0,16,8,1,2103315,2068786,4,162398320,4194313,2,62390272,0,0,0,0,0,0,0,0.493066,99.9395,0,822083584,0,281018368,4194304,507510784,184549376,0,56229888,0,1,3.2614,0,0,0,1,1,2,5.26172,100,100,1024,0,0,0,56
conv,19444,4194304,128,16,8,0,4,1,4,1,0,16,8,8,85054505,38785735,3,265118084,38797321,2,165150720,45.8767,0,0,0,0,205520896,36700160,0.678855,99.9016,0,822083584,0,2432696320,205520896,1472200704,171966464,0,160563200,0,1,1.16613,0,0,0,1,1,2,5.59258,100,99.3469,1024,0,280,0,36
conv,6955,4194304,128,16,8,0,4,1,4,7,0,16,8,1,2103315,2067478,4,162398448,2097161,2,62390272,0,0,0,0,0,0,0,0.487111,99.9644,0,822083584,0,285212672,4194304,503316480,192937984,0,56492032,0,1,3.27058,0,0,0,1,1,2,5.09161,100,100,1024,0,0,0,56
conv,12682,2097152,128,16,8,0,4,2,1,1,0,16,8,8,56701400,23057402,3,169285988,29360137,2,125304832,49.4149,0,0,0,0,182976512,20971520,0.722561,99.874,0,822083584,0,962592768,104857600,1082130432,199229440,0,99942400,0,1,1.7877,0,0,0,1,1,3,4.92733,100,99.1475,1024,0,320,0,39
conv,3816,2097152,128,16,8,0,4,2,1,7,0,16,8,2,2103315,2069142,5,92340272,8388617,2,33816576,0,0,0,0,0,0,0,0.531198,99.9076,0,822083584,0,184549376,2097152,287309824,100663296,0,43646976,0,1,5.9771,0,0,0,1,1,2,7.89111,100,100,1024,0,0,0,56
conv,12706,2097152,128,16,8,0,4,2,2,1,0,16,8,8,56566766,23056650,3,167788748,25165833,2,125304832,50.1263,0,0,0,0,182976512,20971520,0.722298,99.7729,0,822083584,0,981467136,104857600,1073741824,190840832,0,100007936,0,1,1.78728,0,0,0,1,1,3,4.94486,100,99.1481,1024,0,320,0,40
conv,3706,2097152,128,16,8,0,4,2,2,7,0,16,8,2,2103635,2069246,5,92340608,4194313,2,33816576,0,0,0,0,0,0,0,0.535421,99.9244,0,822083584,0,203423744,2097152,278921216,117440512,0,44498944,0,1,6.15042,0,0,0,1,1,2,8.33831,100,100,1024,0,0,0,56
conv,12671,2097152,128,16,8,0,4,2,4,1,0,16,8,8,56629122,23056830,3,168876512,23068681,2,125304832,50.7862,0,0,0,0,182976512,20971520,0.721332,99.7465,0,822083584,0,985661440,104857600,1069547520,195035136,0,100139008,0,1,1.78853,0,0,0,1,1,3,5.00909,100,99.1492,1024,0,320,0,37
conv,3693,2097152,128,16,8,0,4,2,4,7,0,16,8,2,2103315,2067446,5,92340440,2097161,2,33816576,0,0,0,0,0,0,0,0.533953,99.8398,0,822083584,0,207618048,2097152,274726912,104857600,0,44105728,0,1,6.1747,0,0,0,1,1,2,8.39407,100,100,1024,0,0,0,56
conv,8718,1048576,128,16,8,0,4,4,1,1,0,16,8,8,37602909,15187542,3,134337164,21495817,3,105381888,57.8757,0,0,0,0,171704320,13107200,0.57155,99.5956,0,822083584,0,682622976,52428800,900726784,365953024,0,88670208,0,1,2.612,0,0,0,1,1,3,6.95164,100,99.5196,1024,0,400,0,48
conv,2206,1048576,128,16,8,0,4,4,1,7,0,16,8,3,2103492,2068974,5,57311280,8388617,2,19529728,0,0,0,0,0,0,0,0.351035,98.8254,0,822083584,0,132120576,1048576,173015040,75497472,0,37617664,0,2,10.2918,0,0,0,1,1,2,12.5668,100,100,768,0,0,0,80
conv,9547,1048576,128,16,8,0,4,4,2,1,0,16,8,8,43193431,15184769,3,136044712,17301513,2,105381888,59.8897,0,0,0,0,171704320,13107200,0.726398,100.125,0,822083584,0,535822336,52428800,892338176,208666624,0,78905344,0,1,2.38098,0,0,0,1,1,3,4.87481,100,99.4601,1024,0,400,0,38
conv,2086,1048576,128,16,8,0,4,4,2,7,0,16,8,3,2107424,2068734,5,57311336,4194313,2,19529728,0,0,0,0,0,0,0,0.416145,99.6358,0,822083584,0,139460608,1048576,164626432,54525952,0,36929536,0,2,10.9595,0,0,0,1,1,2,13.4416,100,100,896,0,0,0,72
conv,9565,1048576,128,16,8,0,4,4,4,1,0,16,8,8,43351893,15184118,3,135876132,15204361,2,105381888,60.7533,0,0,0,0,171704320,13107200,0.72686,100.466,0,822083584,0,540016640,52428800,888143872,208666624,0,78905344,0,1,2.36549,0,0,0,1,1,3,4.8447,100,99.4601,1024,0,400,0,40
conv,2065,1048576,128,16,8,0,4,4,4,7,0,16,8,3,2105458,2067142,5,57311304,2097161,2,19529728,0,0,0,0,0,0,0,0.420722,99.9334,0,822083584,0,143654912,1048576,160432128,39845888,0,36470784,0,2,11.0884,0,0,0,1,1,2,13.6017,100,100,896,0,0,0,72
conv,7679,524288,128,16,8,0,4,8,1,1,0,16,8,8,34814013,11279388,3,121757888,17563657,3,95420416,65.427,0,0,0,0,166068224,9175040,0.528744,99.182,0,822083584,0,384827392,26214400,798490624,316669952,0,73596928,0,1,2.93993,0,0,0,1,1,3,6.40906,100,99.7106,1024,0,560,0,56
conv,1472,524288,128,16,8,0,4,8,1,7,0,16,8,4,2144714,2102577,6,39796784,8388617,2,12386304,0,0,0,0,0,0,0,0.243607,97.9779,0,822083584,0,101711872,524288,115867648,45088768,0,33914880,0,2,15.4813,0,0,0,1,1,2,18.18,100,100,512,0,0,0,128
conv,8002,524288,128,16,8,0,4,8,2,1,0,16,8,8,36521351,11251198,3,122041208,13369353,3,95420416,67.4664,0,0,0,0,166068224,9175040,0.527089,100.017,0,822083584,0,398458880,26214400,790102016,341835776,0,74547200,0,1,2.84396,0,0,0,1,1,3,6.25139,100,99.7143,1024,0,560,0,56
conv,1310,524288,128,16,8,0,4,8,2,7,0,16,8,4,2127044,2068766,6,39796952,4194313,2,12386304,0,0,0,0,0,0,0,0.238628,100.43,0,822083584,0,107479040,524288,107479040,45613056,0,33849344,0,3,17.8055,0,0,0,1,1,2,20.3422,100,100,512,0,0,0,128
conv,6462,524288,128,16,8,0,4,8,4,1,0,16,8,8,26113945,11247670,4,118257008,11272201,3,95420416,67.8337,0,0,0,0,166068224,9175040,0.416938,100.779,0,822083584,0,402653184,26214400,785907712,317718528,0,73793536,0,1,3.54422,0,0,0,1,1,3,7.83031,100,99.7114,896,0,560,0,68
conv,1276,524288,128,16,8,0,4,8,4,7,0,16,8,5,2124750,2066510,6,39796784,2097161,2,12386304,0,0,0,0,0,0,0,0.236596,99.4259,0,822083584,0,111673344,524288,103284736,45088768,0,33832960,0,3,18.1289,0,0,0,1,1,3,21.2463,100,100,512,0,0,0,128
conv,18703,2097152,128,16,8,0,8,1,1,1,0,16,8,8,90054437,27748976,4,310116044,42467385,2,141295616,36.0768,0,0,0,0,205520896,25690112,0.574573,100.143,0,822083584,0,1201668096,102760448,1249902592,106954752,0,109379584,0,1,1.20066,0,0,0,1,1,2,4.38016,100,99.5207,1024,0,392,0,36
conv,6014,2097152,128,16,8,0,8,1,1,7,0,16,8,1,2103315,2068874,7,208732208,16777273,2,38535168,0,0,0,0,0,0,0,0.356746,99.7612,0,822083584,0,127926272,2097152,325058560,75497472,0,42270720,0,1,3.78063,0,0,0,1,1,2,4.81482,100,100,768,0,0,0,80
conv,19391,2097152,128,16,8,0,8,1,2,1,0,16,8,8,94681749,27760721,3,310884992,34078729,2,141295616,37.0141,0,0,0,0,205520896,25690112,0.585042,97.4092,0,822083584,0,1214251008,102760448,1241513984,102760448,0,109379584,0,1,1.16146,0,0,0,1,1,2,4.3652,100,99.5207,1024,0,392,0,36
conv,6114,2097152,128,16,8,0,8,1,2,7,0,16,8,1,2103315,2068954,6,208732224,8388617,2,38535168,0,0,0,0,0,0,0,0.363628,99.555,0,822083584,0,140509184,2097152,316669952,79691776,0,42532864,0,1,3.71987,0,0,0,1,1,2,4.7854,100,100,768,0,0,0,80
conv,18182,2097152,128,16,8,0,8,1,4,1,0,16,8,8,86889586,27751553,4,310855804,29884425,2,141295616,37.493,0,0,0,0,205520896,25690112,0.562352,99.5558,0,822083584,0,1216348160,102760448,1237319680,98566144,0,109182976,0,1,1.23921,0,0,0,1,1,2,4.37596,100,99.5198,1024,0,392,0,36
conv,5920,2097152,128,16,8,0,8,1,4,7,0,16,8,1,2103315,2068822,6,208732264,4194313,2,38535168,0,0,0,0,0,0,0,0.359225,99.3631,0,822083584,0,144703488,2097152,312475648,60817408,0,41943040,0,1,3.82783,0,0,0,1,1,2,4.84532,100,100,768,0,0,0,80
conv,13827,1048576,128,16,8,0,8,2,1,1,0,16,8,8,67426307,16762828,3,215886124,31457289,2,118226944,45.0846,0,0,0,0,194248704,14680064,0.721436,99.7289,0,822083584,0,642777088,52428800,1002438656,59768832,0,81035264,0,1,1.63804,0,0,0,1,1,2,3.53045,100,99.4743,1024,0,448,0,40
conv,3200,1048576,128,16,8,0,8,2,1,7,0,16,8,2,2103323,2068938,8,119046200,16777225,2,21102592,0,0,0,0,0,0,0,0.295434,99.8039,0,822083584,0,92274688,1048576,185597952,71303168,0,36634624,0,1,7.14497,0,0,0,1,1,2,8.47431,100,100,640,0,0,0,96
conv,13894,1048576,128,16,8,0,8,2,2,1,0,16,8,8,67599639,16761726,3,213566704,23068681,2,118226944,46.1429,0,0,0,0,194248704,14680064,0.72127,99.9386,0,822083584,0,490733568,52428800,994050048,100663296,0,77299712,0,1,1.63789,0,0,0,1,1,2,3.11925,100,99.4489,1024,0,448,0,37
conv,3150,1048576,128,16,8,0,8,2,2,7,0,16,8,2,2103339,2069058,7,119046312,8388617,2,21102592,0,0,0,0,0,0,0,0.293014,99.738,0,822083584,0,101711872,1048576,177209344,74448896,0,36765696,0,1,7.27175,0,0,0,1,1,2,8.63053,100,100,640,0,0,0,96
conv,14166,1048576,128,16,8,0,8,2,4,1,0,16,8,8,69294779,16763022,3,213224680,18874377,2,118226944,46.9052,0,0,0,0,194248704,14680064,0.72603,100.181,0,822083584,0,492830720,52428800,989855744,98566144,0,77168640,0,1,1.6015,0,0,0,1,1,2,3.00793,100,99.448,1024,0,448,0,40
conv,3104,1048576,128,16,8,0,8,2,4,7,0,16,8,2,2103331,2069242,7,119046208,4194313,2,21102592,0,0,0,0,0,0,0,0.293196,99.9349,0,822083584,0,104857600,1048576,173015040,76546048,0,36798464,0,1,7.36602,0,0,0,1,1,2,8.91315,100,100,640,0,0,0,96
conv,13096,524288,128,16,8,0,8,4,1,1,0,16,8,8,66464293,11302985,3,168191412,25952265,2,106692608,53.0955,0,0,0,0,188612608,9175040,0.592601,99.0272,0,822083584,0,355467264,26214400,889716736,113770496,0,69189632,0,1,1.74086,0,0,0,1,1,2,3.14195,100,99.6922,1024,0,560,0,48
conv,2370,524288,128,16,8,0,8,4,1,7,0,16,8,3,2106149,2142287,7,74203184,16777225,1,12386304,0,0,0,0,0,0,0,0.241953,98.6039,0,822083584,0,66060288,524288,115867648,38273024,0,32587776,0,2,9.61389,0,0,0,1,1,2,10.7705,100,100,512,0,0,0,128
conv,12988,524288,128,16,8,0,8,4,2,1,0,16,8,8,66991916,11253636,3,167993516,17563657,2,106692608,55.5116,0,0,0,0,188612608,9175040,0.586839,99.4741,0,822083584,0,362807296,26214400,881328128,112721920,0,69124096,0,1,1.7509,0,0,0,1,1,2,3.14467,100,99.6919,1024,0,560,0,48
conv,2101,524288,128,16,8,0,8,4,2,7,0,16,8,3,2105790,2077356,7,74203184,8388617,2,12386304,0,0,0,0,0,0,0,0.241039,97.9962,0,822083584,0,69730304,524288,107479040,40370176,0,32505856,0,2,10.7615,0,0,0,1,1,2,12.0818,100,100,512,0,0,0,128
conv,11799,524288,128,16,8,0,8,4,4,1,0,16,8,8,59132849,11253078,3,166302788,13369353,2,106692608,56.3663,0,0,0,0,188612608,9175040,0.533437,99.9733,0,822083584,0,365428736,26214400,877133824,189267968,0,71467008,0,1,1.91493,0,0,0,1,1,2,3.59307,100,99.702,1024,0,560,0,56
conv,2035,524288,128,16,8,0,8,4,4,7,0,16,8,3,2107172,2068782,7,74203184,4194313,2,12386304,0,0,0,0,0,0,0,0.243625,100.779,0,822083584,0,72351744,524288,103284736,41943040,0,32505856,0,2,11.3246,0,0,0,1,1,2,12.3628,100,100,512,0,0,0,128
conv,10214,262144,128,16,8,0,8,8,1,1,0,16,8,8,50008736,8711815,3,144003884,23199753,2,100925440,59.1151,0,0,0,0,185794560,6422528,0.296513,98.8698,0,822083584,0,192413696,13107200,870055936,210239488,0,65978368,0,1,2.19538,0,0,0,1,1,2,3.98816,100,99.8386,640,0,784,0,96
conv,3044,262144,128,16,8,0,8,8,1,7,0,16,8,4,2873219,5766712,4,51957472,16777225,1,8028160,0,0,0,0,0,0,0,0.185641,100.037,0,822083584,0,50855936,262144,81002496,31195136,0,30793728,0,1,7.49923,0,0,0,1,1,1,8.12841,100,100,384,0,0,0,168
conv,7342,262144,128,16,8,0,8,8,2,1,0,16,8,7,32599148,8526488,4,144678536,14811193,3,100925440,62.2735,0,0,0,0,185794560,6422528,0.244322,98.9468,0,822083584,0,199229440,13107200,861667328,208928768,0,65888256,0,1,3.07394,0,0,0,1,1,3,5.76493,100,99.8384,512,0,784,0,124
conv,3222,262144,128,16,8,0,8,8,2,7,0,16,8,2,2286824,2507588,4,52044032,8388617,1,8028160,0,0,0,0,0,0,0,0.124204,99.7422,0,822083584,0,53739520,262144,72613888,28049408,0,30523392,0,1,7.0456,0,0,0,1,1,1,7.60968,100,100,256,0,0,0,237
conv,10275,262144,128,16,8,0,8,8,4,1,0,16,8,8,52451990,8491744,3,144586476,10616841,2,100925440,63.9973,0,0,0,0,185794560,6422528,0.300355,98.8664,0,822083584,0,201588736,13107200,857473024,222035968,0,66240512,0,1,2.16469,0,0,0,1,1,2,3.9493,100,99.8392,640,0,784,0,96
conv,3124,262144,128,16,8,0,8,8,4,7,0,16,8,2,2283609,2076073,3,52041424,4194313,1,8028160,0,0,0,0,0,0,0,0.124239,99.4986,0,822083584,0,56098816,262144,68419584,30146560,0,30531584,0,1,7.26219,0,0,0,1,1,1,7.90456,100,100,256,0,0,0,218
conv,31482,16777216,128,16,8,1,1,1,1,1,0,16,8,8,84967407,104848728,2,138543912,104857609,2,212860928,84.4373,1,48.7263,51380224,3932160,205520896,102760448,0.971861,99.9746,0,822083584,0,9361686528,822083584,3402629120,352321536,0,472383488,0,1,0.719573,0,0,0,1,1,2,12.3834,100,97.6484,1024,1232,200,0,32
conv,31481,16777216,128,16,8,1,1,1,1,1,1,16,8,8,84981652,104849026,2,138543152,104857609,2,212860928,84.4373,1,48.7263,51380224,3932160,205520896,102760448,0.971884,100.06,0,822083584,0,9361686528,822083584,3402629120,352321536,0,472383488,0,1,0.719815,0,0,0,1,1,2,12.377,100,97.6484,1024,1288,200,0,32
conv,16563,16777216,128,16,8,1,1,1,1,7,0,16,8,1,2103595,2068534,1,35782984,2097161,2,110100480,0,2,48.7263,51380224,3932160,0,0,0.935165,99.9923,0,822083584,0,771751936,16777216,1758461952,687865856,0,133693440,0,1,1.36521,0,0,0,1,1,2,5.57313,100,94.8284,1024,1232,0,0,31
conv,16562,16777216,128,16,8,1,1,1,1,7,1,16,8,1,2103315,2068526,1,35782704,2097161,2,110100480,0,2,48.7263,51380224,3932160,0,0,0.934168,100.003,0,822083584,0,771751936,16777216,1758461952,687865856,0,133693440,0,1,1.36534,0,0,0,1,1,2,5.57302,100,94.8284,1024,1288,0,0,31
conv,19788,8388608,128,16,8,1,1,2,1,1,0,16,8,8,51645513,60809462,2,78446872,60817417,2,114819072,83.5765,1,48.4059,29360128,3014656,115343360,58720256,0.979233,100.174,0,822083584,0,3825205248,419430400,1548222464,276824064,0,226230272,0,1,1.14736,0,0,0,1,1,2,8.64907,100,95.1984,1024,1936,224,0,32
conv,20005,8388608,128,16,8,1,1,2,1,1,1,16,8,8,51786725,60809774,2,78448016,60817417,2,114819072,83.5765,1,48.4059,29360128,3014656,115343360,58720256,0.978761,100.373,0,822083584,0,3825205248,419430400,1548222464,276824064,0,226230272,0,1,1.14445,0,0,0,1,1,2,8.61008,100,95.1984,1024,2024,224,0,32
conv,8402,8388608,128,16,8,1,1,2,1,7,0,16,8,1,2103771,2068506,1,20775416,2097161,2,57147392,0,2,48.4059,29360128,3014656,0,0,0.940585,99.979,0,822083584,0,704643072,8388608,969408512,360710144,0,96993280,0,1,2.69532,0,0,0,1,1,2,7.51045,100,92.3142,1024,1936,0,0,32
conv,8401,8388608,128,16,8,1,1,2,1,7,1,16,8,1,2103947,2068514,1,20775592,2097161,2,57147392,0,2,48.4059,29360128,3014656,0,0,0.938435,99.9663,0,822083584,0,704643072,8388608,969408512,360710144,0,96993280,0,1,2.69508,0,0,0,1,1,2,7.51071,100,92.3142,1024,2024,0,0,32
conv,12580,4194304,128,16,8,1,1,4,1,1,0,16,8,8,35162838,38788406,2,61404808,38797321,2,88342528,84.2961,1,47.683,18350080,2686976,115343360,36700160,0.978288,100.897,0,822083584,0,2088894464,209715200,1183055872,603979776,0,167641088,0,1,1.81345,0,0,0,1,1,2,10.0325,100,91.485,1024,3344,280,0,32
conv,12325,4194304,128,16,8,1,1,4,1,1,1,16,8,8,34615551,38787590,2,61846004,38797321,2,88342528,84.7443,1,47.683,18350080,2686976,115343360,36700160,0.980405,100.019,0,822083584,0,2088894464,209715200,1183055872,603979776,0,167641088,0,1,1.83533,0,0,0,1,1,2,10.2426,100,91.485,1024,3496,280,0,32
conv,4319,4194304,128,16,8,1,1,4,1,7,0,16,8,2,2103803,2068506,1,13271632,2097161,2,30670848,0,2,47.683,18350080,2686976,0,0,0.946513,99.9682,0,822083584,0,553648128,4194304,574881792,255852544,0,76677120,0,1,5.259,0,0,0,1,1,2,11.6761,100,90.0962,1024,3344,0,0,32
conv,4319,4194304,128,16,8,1,1,4,1,7,1,16,8,2,2103319,2068506,1,13271416,2097161,2,30670848,0,2,47.683,18350080,2686976,0,0,0.945571,99.9401,0,822083584,0,553648128,4194304,574881792,255852544,0,76677120,0,1,5.25892,0,0,0,1,1,2,11.6792,100,90.0962,1024,3496,0,0,32
conv,8852,2097152,128,16,8,1,1,8,1,1,0,16,8,8,26735373,27773600,2,42603820,27787273,2,52559872,83.5067,1,86.9812,6422528,1867776,70254592,25690112,0.730695,99.4448,0,822083584,0,1220345856,104857600,761397248,767557632,0,131661824,0,1,2.57398,0,0,0,1,1,2,11.7272,100,87.2558,1024,6160,392,0,40
conv,8810,2097152,128,16,8,1,1,8,1,1,1,16,8,8,26694145,27775226,2,42606812,27787321,2,52559872,83.3861,1,47.3253,12845056,2392064,70254592,25690112,0.73222,100.576,0,822083584,0,1220345856,104857600,761397248,767557632,0,131661824,0,1,2.57687,0,0,0,1,1,2,11.6084,100,87.2558,1024,6440,392,0,40
conv,2282,2097152,128,16,8,1,1,8,1,7,0,16,8,3,2188483,2068506,1,9519152,2097161,2,17432576,0,2,86.9812,6422528,1867776,0,0,0.895095,99.8846,0,822083584,0,431882240,2097152,377618432,163577856,0,73203712,0,2,9.99875,0,0,0,1,1,2,22.5751,100,76.7234,1024,6160,0,0,32
conv,2286,2097152,128,16,8,1,1,8,1,7,1,16,8,3,2189868,2068506,1,9519640,2097161,2,17432576,0,3,47.3253,12845056,2392064,0,0,0.836264,99.8223,0,822083584,0,431882240,2097152,377618432,163577856,0,73203712,0,2,9.98941,0,0,0,1,1,2,22.5681,100,76.7234,1024,6440,0,0,32
conv,22161,8388608,128,16,8,1,2,1,1,1,0,16,8,8,77211510,60810810,2,128302664,62914697,2,161480704,84.3719,1,84.7271,14680064,3932160,205520896,58720256,0.937147,99.9351,0,822083584,0,4345298944,411041792,1680343040,587202560,0,254541824,0,1,1.02355,0,0,0,1,1,2,8.19433,100,96.3247,1024,2128,224,0,32
conv,22197,8388608,128,16,8,1,2,1,1,1,1,16,8,8,77750889,60809466,2,128415916,62914569,2,161480704,84.3759,1,88.4651,14680064,3145728,205520896,58720256,0.936144,99.9288,0,822083584,0,4345298944,411041792,1915224064,268435456,0,251920384,0,1,1.02086,0,0,0,1,1,2,8.23578,100,96.2864,1024,2184,224,0,32
conv,8477,8388608,128,16,8,1,2,1,1,7,0,16,8,1,2103987,2068522,1,25690904,4194313,2,58720256,0,1,84.7271,14680064,3932160,0,0,0.72,99.9834,0,822083584,0,461373440,8388608,740818944,385875968,0,82837504,0,1,2.67094,0,0,0,1,1,2,6.54271,100,91.2381,1024,2128,0,0,37
conv,8500,8388608,128,16,8,1,2,1,1,7,1,16,8,1,2103315,2068502,1,25690160,4194361,2,58720256,0,1,88.4651,14680064,3145728,0,0,0.950505,99.9803,0,822083584,0,461373440,8388608,975699968,402653184,0,90701824,0,1,2.66507,0,0,0,1,1,2,6.85483,100,91.9978,1024,2184,0,0,32
conv,20097,8388608,128,16,8,1,2,1,2,1,0,16,8,8,60709485,60805166,2,128434960,60817417,2,161480704,85.3193,1,84.7271,14680064,3932160,205520896,58720256,0.724432,99.9006,0,822083584,0,4387241984,411041792,1671954432,293601280,0,246415360,0,1,1.1285,0,0,0,1,1,2,8.25361,100,96.2035,1024,2128,224,0,36
conv,22221,8388608,128,16,8,1,2,1,2,1,1,16,8,8,77599319,60809666,2,128398264,60817417,2,161480704,85.315,1,88.4651,14680064,3145728,205520896,58720256,0.938042,100.055,0,822083584,0,4387241984,411041792,1906835456,276824064,0,253231104,0,1,1.02144,0,0,0,1,1,2,7.76117,100,96.3056,1024,2184,224,0,32
conv,8422,8388608,128,16,8,1,2,1,2,7,0,16,8,1,2104307,2064882,1,25691520,2097161,2,58720256,0,1,84.7271,14680064,3932160,0,0,0.727957,100.028,0,822083584,0,503316480,8388608,732430336,343932928,0,82575360,0,1,2.68981,0,0,0,1,1,2,6.53119,100,91.2103,1024,2128,0,0,37
conv,8496,8388608,128,16,8,1,2,1,2,7,1,16,8,1,2103315,2064590,1,25690208,2097161,2,58720256,0,1,88.4651,14680064,3145728,0,0,0.940271,99.954,0,822083584,0,503316480,8388608,967311360,427819008,0,92536832,0,1,2.66558,0,0,0,1,1,2,7.02144,100,92.1565,1024,2184,0,0,32
conv,14348,4194304,128,16,8,1,2,2,1,1,0,16,8,8,51578255,35642206,2,76607332,37748745,2,111673344,81.8826,1,81.0704,8388608,3014656,160432128,33554432,0.978739,100.055,0,822083584,0,1942290432,209715200,1124335616,587202560,0,161087488,0,1,1.58166,0,0,0,1,1,2,7.83984,100,90.8983,1024,3344,256,0,32
conv,13296,4194304,128,16,8,1,2,2,1,1,1,16,8,7,37114792,35634050,2,75283348,37748745,2,111673344,81.6839,1,74.2434,9437184,3014656,160432128,33554432,0.729964,100.152,0,822083584,0,1942290432,209715200,1141112832,583008256,0,161480704,0,1,1.71012,0,0,0,1,1,2,8.45961,100,90.9205,1024,3432,256,0,40
conv,4383,4194304,128,16,8,1,2,2,1,7,0,16,8,2,2103315,2068506,1,16515264,4194313,2,31457280,0,1,81.0704,8388608,3014656,0,0,0.713067,99.961,0,822083584,0,406847488,4194304,415498240,230686720,0,66453504,0,1,5.17883,0,0,0,1,1,2,10.6795,100,88.3752,1024,3344,0,0,35
conv,4385,4194304,128,16,8,1,2,2,1,7,1,16,8,2,2103315,2068482,1,16515472,4194313,2,31457280,0,2,74.2434,9437184,3014656,0,0,0.952042,99.9524,0,822083584,0,406847488,4194304,432275456,243269632,0,67371008,0,1,5.17846,0,0,0,1,1,2,10.7854,100,88.5336,1024,3432,0,0,32
conv,14337,4194304,128,16,8,1,2,2,2,1,0,16,8,8,51648038,35642306,2,76713352,35651593,2,111673344,83.4388,1,81.0704,8388608,3014656,160432128,33554432,0.978735,99.9122,0,822083584,0,1980039168,209715200,1115947008,566231040,0,161349632,0,1,1.57977,0,0,0,1,1,2,7.89811,100,90.9131,1024,3344,256,0,32
conv,13277,4194304,128,16,8,1,2,2,2,1,1,16,8,7,37214581,35638594,2,75259296,35651593,2,111673344,83.2175,1,74.2434,9437184,3014656,160432128,33554432,0.730913,99.9521,0,822083584,0,1980039168,209715200,1132724224,591396864,0,162660352,0,1,1.70457,0,0,0,1,1,2,8.48381,100,90.9864,1024,3432,256,0,40
conv,4355,4194304,128,16,8,1,2,2,2,7,0,16,8,2,2103443,2064426,1,16515528,2097161,2,31457280,0,1,81.0704,8388608,3014656,0,0,0.721458,99.941,0,822083584,0,444596224,4194304,407109632,222298112,0,67108864,0,1,5.21198,0,0,0,1,1,2,10.5371,100,88.4888,1024,3344,0,0,35
conv,4367,4194304,128,16,8,1,2,2,2,7,1,16,8,2,2103595,2064398,1,16515408,2097161,2,31457280,0,2,74.2434,9437184,3014656,0,0,0.948554,99.939,0,822083584,0,444596224,4194304,423886848,234881024,0,68026368,0,1,5.2018,0,0,0,1,1,2,10.5964,100,88.644,1024,3432,0,0,32
conv,8231,2097152,128,16,8,1,2,4,1,1,0,16,8,8,26488893,23054122,2,54734972,25165833,2,86769664,79.8088,1,75.439,5242880,2686976,137887744,20971520,0.70666,100.047,0,822083584,0,1107165184,104857600,846331904,549453824,0,124715008,0,1,2.75674,0,0,0,1,1,3,10.1506,100,85.9432,1024,5776,320,0,40
conv,7853,2097152,128,16,8,1,2,4,1,1,1,16,8,8,23802313,23050390,2,52876516,25165833,2,86769664,79.3749,1,69.6803,5898240,2686976,137887744,20971520,0.603288,99.9093,0,822083584,0,1107165184,104857600,856817664,683671552,0,129236992,0,1,2.89021,0,0,0,1,1,3,11.0699,100,86.4351,1024,5928,320,0,42
conv,2323,2097152,128,16,8,1,2,4,1,7,0,16,8,3,2103317,2068490,2,11927832,4194313,2,17825792,0,2,75.439,5242880,2686976,0,0,0.539967,99.7931,0,822083584,0,337969152,2097152,252837888,159383552,0,62259200,0,2,9.81082,0,0,0,1,1,2,20.0393,100,79.023,1024,5776,0,0,54
conv,2341,2097152,128,16,8,1,2,4,1,7,1,16,8,3,2103382,2068506,2,11928072,4194313,2,17825792,0,2,69.6803,5898240,2686976,0,0,0.721014,100.009,0,822083584,0,337969152,2097152,263323648,138412032,0,61931520,0,2,9.7492,0,0,0,1,1,2,19.8208,100,78.912,1024,5928,0,0,40
conv,8844,2097152,128,16,8,1,2,4,2,1,0,16,8,8,30937742,23054458,2,57213472,23068681,2,86769664,82.6094,1,75.439,5242880,2686976,137887744,20971520,0.878105,100.366,0,822083584,0,1121845248,104857600,837943296,612368384,0,126877696,0,1,2.57684,0,0,0,1,1,3,9.76591,100,86.1829,1024,5776,320,0,32
conv,7879,2097152,128,16,8,1,2,4,2,1,1,16,8,8,23743296,23044562,2,52661816,23068681,2,86769664,81.4917,1,69.6803,5898240,2686976,137887744,20971520,0.60817,100.01,0,822083584,0,1121845248,104857600,848429056,591396864,0,126550016,0,1,2.87409,0,0,0,1,1,3,10.7844,100,86.1471,1024,5928,320,0,42
conv,2306,2097152,128,16,8,1,2,4,2,7,0,16,8,3,2103348,2064366,2,11927616,2097161,2,17825792,0,2,75.439,5242880,2686976,0,0,0.602812,100.093,0,822083584,0,352649216,2097152,244449280,144703488,0,61997056,0,2,9.89179,0,0,0,1,1,2,19.9927,100,78.9343,1024,5776,0,0,46
conv,2315,2097152,128,16,8,1,2,4,2,7,1,16,8,3,2103461,2064390,2,11927600,2097161,2,17825792,0,2,69.6803,5898240,2686976,0,0,0.721909,99.5764,0,822083584,0,352649216,2097152,254935040,155189248,0,62652416,0,2,9.81561,0,0,0,1,1,2,20.0429,100,79.1547,1024,5928,0,0,40
conv,6148,1048576,128,16,8,1,2,8,1,1,0,16,8,8,17776448,16754370,2,48065520,18874377,3,74317824,79.3518,1,71.7736,3670016,2392064,126615552,14680064,0.555593,100.137,0,822083584,0,838975488,52428800,707330048,651165696,0,111902720,0,2,3.70574,0,0,0,1,1,3,13.3399,100,85.7883,1024,10640,448,0,48
conv,6135,1048576,128,16,8,1,2,8,1,1,1,16,8,7,16383783,16749354,2,45480948,18874377,3,74317824,78.4819,1,66.7242,4128768,2392064,126615552,14680064,0.494533,99.796,0,822083584,0,838975488,52428800,714670080,661651456,0,112459776,0,2,3.714,0,0,0,1,1,3,13.1495,100,85.8587,1024,10920,448,0,56
conv,1271,1048576,128,16,8,1,2,8,1,7,0,16,8,5,2114161,2068506,2,9633984,4194313,2,11010048,0,2,71.7736,3670016,2392064,0,0,0.491713,100.08,0,822083584,0,323108864,1048576,171507712,103809024,0,60981248,0,4,18.2186,0,0,0,1,1,2,37.9648,100,72.8481,1024,10640,0,0,64
conv,1249,1048576,128,16,8,1,2,8,1,7,1,16,8,5,2115355,2068506,2,9634256,4194313,2,11010048,0,2,66.7242,4128768,2392064,0,0,0.49196,100.256,0,822083584,0,323108864,1048576,178847744,121634816,0,61767680,0,4,18.4518,0,0,0,1,2,2,38.6648,100,73.1938,1024,10920,0,0,64
conv,7481,1048576,128,16,8,1,2,8,2,1,0,16,8,6,17873681,16754070,2,46702804,16777225,2,74317824,81.6387,1,71.7736,3670016,2392064,126615552,14680064,0.555261,99.9075,0,822083584,0,850821120,52428800,698941440,659554304,0,112492544,0,1,3.02763,0,0,0,1,1,3,10.8506,100,85.6676,1024,10640,448,0,40
conv,7111,1048576,128,16,8,1,2,8,2,1,1,16,8,6,16346963,16747234,2,44230456,16777273,2,74317824,80.866,1,66.7242,4128768,2392064,126615552,14680064,0.494518,99.6364,0,822083584,0,850821120,52428800,706281472,665845760,0,112918528,0,1,3.19468,0,0,0,1,1,3,11.8853,100,85.7217,1024,10920,448,0,44
conv,1240,1048576,128,16,8,1,2,8,2,7,0,16,8,5,2132448,2064362,2,9633840,2097161,2,11010048,0,2,71.7736,3670016,2392064,0,0,0.49261,100.091,0,822083584,0,336609280,1048576,163119104,110100480,0,61308928,0,4,18.6328,0,0,0,1,1,2,38.6337,100,73.04,1024,10640,0,0,64
conv,1257,1048576,128,16,8,1,2,8,2,7,1,16,8,5,2136509,2064354,2,9634536,2097161,2,11010048,0,2,66.7242,4128768,2392064,0,0,0.492917,99.8554,0,822083584,0,336740352,1048576,170459136,113246208,0,61669376,0,4,18.4357,0,0,0,1,2,2,38.81,100,73.1511,1024,10920,0,0,63
conv,19757,4194304,128,16,8,1,4,1,1,1,0,16,8,9,89402808,38789694,2,127447084,45088777,2,134873088,80.8094,1,46.224,18350080,3670016,205520896,36700160,0.889488,101.728,0,822083584,0,2471821312,205520896,1406402560,197132288,0,185466880,0,1,1.14237,0,0,0,1,1,2,6.49757,100,85.9817,1024,3920,280,0,31
conv,19830,4194304,128,16,8,1,4,1,1,1,1,16,8,9,89852203,38789590,2,127476456,45088777,2,134873088,80.773,1,46.224,18350080,3670016,205520896,36700160,0.868506,99.2552,0,822083584,0,2471821312,205520896,1553203200,197132288,0,190054400,0,1,1.13745,0,0,0,1,1,2,6.84712,100,86.32,1024,3976,280,0,31
conv,4642,4194304,128,16,8,1,4,1,1,7,0,16,8,2,2103315,2068522,2,24772672,8388617,2,32112640,0,2,46.224,18350080,3670016,0,0,0.592841,99.9388,0,822083584,0,289406976,4194304,437518336,209715200,0,62390272,0,1,4.89045,0,0,0,1,1,2,9.51278,100,88.3009,1024,3920,0,0,48
conv,4644,4194304,128,16,8,1,4,1,1,7,1,16,8,2,2103315,2068506,2,24772656,8388617,2,32112640,0,2,46.224,18350080,3670016,0,0,0.712406,99.9175,0,822083584,0,289406976,4194304,584318976,243269632,0,68026368,0,1,4.89001,0,0,0,1,1,2,9.8385,100,89.2702,1024,3976,0,0,40
conv,20318,4194304,128,16,8,1,4,1,2,1,0,16,8,9,92383737,38789526,2,127455032,40894473,2,134873088,82.7778,1,46.224,18350080,3670016,205520896,36700160,0.891632,98.7398,0,822083584,0,2493841408,205520896,1398013952,184549376,0,185335808,0,1,1.11326,0,0,0,1,1,2,6.78242,100,86.0602,1024,3920,280,0,32
conv,20155,4194304,128,16,8,1,4,1,2,1,1,16,8,9,91160776,38789602,2,127455792,40894473,2,134873088,82.7816,1,46.224,18350080,3670016,205520896,36700160,0.883219,99.8592,0,822083584,0,2493841408,205520896,1544814592,184549376,0,189923328,0,1,1.12875,0,0,0,1,1,2,7.00736,100,86.3969,1024,3976,280,0,31
conv,4523,4194304,128,16,8,1,4,1,2,7,0,16,8,2,2103315,2068502,2,24773120,4194313,2,32112640,0,2,46.224,18350080,3670016,0,0,0.607627,99.9167,0,822083584,0,310378496,4194304,429129728,192937984,0,62259200,0,1,5.01837,0,0,0,1,1,2,9.55875,100,88.2763,1024,3920,0,0,44
conv,4509,4194304,128,16,8,1,4,1,2,7,1,16,8,2,2103315,2068506,2,24772656,4194313,2,32112640,0,2,46.224,18350080,3670016,0,0,0.721058,99.9569,0,822083584,0,310378496,4194304,575930368,247463936,0,68550656,0,1,5.03507,0,0,0,1,1,2,10.2035,100,89.3523,1024,3976,0,0,40
conv,20112,4194304,128,16,8,1,4,1,4,1,0,16,8,9,91115700,38789658,2,127459456,38797321,2,134873088,83.8214,1,46.224,18350080,3670016,205520896,36700160,0.883699,99.5863,0,822083584,0,2498035712,205520896,1393819648,205520896,0,185991168,0,1,1.131,0,0,0,1,1,2,6.60599,100,86.1093,1024,3920,280,0,32
conv,20028,4194304,128,16,8,1,4,1,4,1,1,16,8,9,90271664,38789254,2,127388440,38797449,2,134873088,83.8315,1,46.224,18350080,3670016,205520896,36700160,0.888371,100.768,0,822083584,0,2498035712,205520896,1540620288,205520896,0,190578688,0,1,1.13719,0,0,0,1,1,2,6.77726,100,86.4436,1024,3976,280,0,32
conv,4501,4194304,128,16,8,1,4,1,4,7,0,16,8,2,2103315,2064454,1,24772856,2097161,2,32112640,0,2,46.224,18350080,3670016,0,0,0.609401,99.9516,0,822083584,0,318767104,4194304,424935424,192937984,0,62390272,0,1,5.04359,0,0,0,1,1,2,9.70629,100,88.3009,1024,3920,0,0,43
conv,4494,4194304,128,16,8,1,4,1,4,7,1,16,8,2,2103315,2064450,1,24772656,2097161,2,32112640,0,2,46.224,18350080,3670016,0,0,0.726583,99.9614,0,822083584,0,318767104,4194304,571736064,247463936,0,68681728,0,1,5.05163,0,0,0,1,1,2,10.185,100,89.3726,1024,3976,0,0,40
conv,12708,2097152,128,16,8,1,4,2,1,1,0,16,8,8,57567656,23056302,2,92738828,29360137,2,109379584,78.6332,1,58.2476,6291456,4063232,182976512,20971520,0.895222,100.459,0,822083584,0,1022328832,104857600,996278272,247463936,0,118620160,0,1,1.78324,0,0,0,1,1,2,6.05919,100,84.1186,1024,6160,320,0,32
conv,11935,2097152,128,16,8,1,4,2,1,1,1,16,8,8,50914955,23056126,2,79295368,29360137,2,109379584,76.0703,1,45.56,10485760,2752512,182976512,20971520,0.608137,99.444,0,822083584,0,1022328832,104857600,1038221312,369098752,0,123731968,0,1,1.89649,0,0,0,1,1,2,6.72868,100,84.7747,1024,6248,320,0,43
conv,2519,2097152,128,16,8,1,4,2,1,7,0,16,8,3,2103347,2068506,2,17629664,8388617,2,17891328,0,2,58.2476,6291456,4063232,0,0,0.479175,99.9462,0,822083584,0,250150912,2097152,222429184,165675008,0,55574528,0,2,9.06058,0,0,0,1,1,2,16.8365,100,82.2339,1024,6160,0,0,64
conv,2524,2097152,128,16,8,1,4,2,1,7,1,16,8,3,2103323,2068506,2,17629232,8388617,2,17891328,0,2,45.56,10485760,2752512,0,0,0.541141,99.7226,0,822083584,0,249626624,2097152,264372224,161480704,0,56688640,0,2,9.05318,0,0,0,1,1,2,16.6289,100,82.6698,1024,6248,0,0,54
conv,12720,2097152,128,16,8,1,4,2,2,1,0,16,8,8,57485934,23056474,2,92793120,25165833,2,109379584,81.6346,1,58.2476,6291456,4063232,182976512,20971520,0.89808,99.763,0,822083584,0,1040941056,104857600,987889664,251658240,0,119013376,0,1,1.78217,0,0,0,1,1,2,6.12518,100,84.2193,1024,6160,320,0,32
conv,11962,2097152,128,16,8,1,4,2,2,1,1,16,8,8,50661265,23055994,2,79009928,25165833,2,109379584,79.096,1,45.56,10485760,2752512,182976512,20971520,0.607811,99.835,0,822083584,0,1041203200,104857600,1029832704,377487360,0,124321792,0,1,1.90062,0,0,0,1,1,2,6.78005,100,84.847,1024,6248,320,0,44
conv,2398,2097152,128,16,8,1,4,2,2,7,0,16,8,3,2103315,2068498,2,17629248,4194313,2,17891328,0,2,58.2476,6291456,4063232,0,0,0.4804,99.8142,0,822083584,0,269025280,2097152,214040576,165675008,0,55902208,0,2,9.5126,0,0,0,1,1,2,17.5783,100,82.3381,1024,6160,0,0,64
conv,2404,2097152,128,16,8,1,4,2,2,7,1,16,8,3,2103579,2068490,2,17629512,4194313,2,17891328,0,2,45.56,10485760,2752512,0,0,0.545859,99.9654,0,822083584,0,268500992,2097152,255983616,155189248,0,56819712,0,2,9.4837,0,0,0,1,1,2,17.5467,100,82.7098,1024,6248,0,0,54
conv,12733,2097152,128,16,8,1,4,2,4,1,0,16,8,8,57491263,23056034,2,92596292,23068681,2,109379584,82.8617,1,58.2476,6291456,4063232,182976512,20971520,0.900236,100.472,0,822083584,0,1045135360,104857600,983695360,245366784,0,118816768,0,1,1.78478,0,0,0,1,1,2,6.08631,100,84.1932,1024,6160,320,0,32
conv,11946,2097152,128,16,8,1,4,2,4,1,1,16,8,8,50843993,23055802,2,79283048,23068681,2,109379584,80.7454,1,45.56,10485760,2752512,182976512,20971520,0.608483,99.931,0,822083584,0,1045135360,104857600,1025638400,377487360,0,124256256,0,1,1.90422,0,0,0,1,1,2,6.76209,100,84.8851,1024,6248,320,0,44
conv,2379,2097152,128,16,8,1,4,2,4,7,0,16,8,3,2103315,2064454,2,17629440,2097161,2,17891328,0,2,58.2476,6291456,4063232,0,0,0.479896,99.9201,0,822083584,0,273219584,2097152,209846272,161480704,0,55771136,0,2,9.59321,0,0,0,1,1,2,17.7819,100,82.2966,1024,6160,0,0,64
conv,2392,2097152,128,16,8,1,4,2,4,7,1,16,8,3,2103343,2064390,2,17629232,2097161,2,17891328,0,2,45.56,10485760,2752512,0,0,0.604922,100.042,0,822083584,0,273219584,2097152,251789312,140509184,0,56426496,0,2,9.5489,0,0,0,1,1,2,17.2155,100,82.5022,1024,6248,0,0,48
conv,8250,1048576,128,16,8,1,4,4,1,1,0,16,8,8,31696985,15182171,3,79197168,21495945,3,96632832,77.751,1,52.7429,3932160,3571712,171704320,13107200,0.554733,99.8515,0,822083584,0,767197184,56623104,857276416,285212672,0,100556800,0,1,2.75192,0,0,0,1,1,3,8.73161,99.8961,86.6548,1024,10640,400,0,32
conv,7685,1048576,128,16,8,1,4,4,1,1,1,16,8,8,27916297,15175950,3,76339488,21495817,3,96632832,77.0703,1,51.7765,4325376,3571712,171704320,13107200,0.493568,99.9424,0,822083584,0,767066112,56623104,860422144,380633088,0,103604224,0,1,2.95894,0,0,0,1,1,3,9.14576,99.8992,87.075,1024,10792,400,0,48
conv,1721,1048576,128,16,8,1,4,4,1,7,0,16,8,4,2131152,2068578,3,14057888,8388617,2,10780672,0,2,52.7429,3932160,3571712,0,0,0.368978,100.343,0,822083584,0,215547904,5242880,144244736,98566144,0,56025088,0,3,13.3747,0,0,0,1,1,2,26.5015,99.8136,71.7137,768,10640,0,0,80
conv,1703,1048576,128,16,8,1,4,4,1,7,1,16,8,4,2134420,2068602,3,14057736,8388617,2,10780672,0,2,51.7765,4325376,3571712,0,0,0.369183,100.306,0,822083584,0,215810048,5242880,147390464,96468992,0,56123392,0,3,13.4864,0,0,0,1,1,2,26.6297,99.8139,71.6611,768,10792,0,0,80
conv,8076,1048576,128,16,8,1,4,4,2,1,0,16,8,8,31101708,15182178,2,78679408,17301513,3,96632832,80.9565,1,52.7429,3932160,3571712,171704320,13107200,0.555077,100.153,0,822083584,0,616202240,56623104,848887808,287309824,0,95641600,0,1,2.81243,0,0,0,1,1,3,7.50708,99.8908,85.969,1024,10640,400,0,32
conv,7859,1048576,128,16,8,1,4,4,2,1,1,16,8,7,27902921,15176002,2,74151664,17301513,3,96632832,80.035,1,51.7765,4325376,3571712,171704320,13107200,0.494547,99.4096,0,822083584,0,616071168,56623104,852033536,331350016,0,97083392,0,1,2.88852,0,0,0,1,1,3,7.89739,99.8924,86.2069,1024,10792,400,0,48
conv,1565,1048576,128,16,8,1,4,4,2,7,0,16,8,4,2132848,2068586,2,14057568,4194313,2,10780672,0,2,52.7429,3932160,3571712,0,0,0.369787,100.362,0,822083584,0,223281152,5242880,135856128,99614720,0,56123392,0,3,14.7611,0,0,0,1,1,2,28.924,99.8139,71.61,768,10640,0,0,80
conv,1446,1048576,128,16,8,1,4,4,2,7,1,16,8,4,2143142,2068546,3,14057520,4194313,2,10780672,0,2,51.7765,4325376,3571712,0,0,0.431028,98.946,0,822083584,0,223281152,5242880,139001856,100663296,0,56254464,0,3,15.8416,0,0,0,1,1,2,31.6285,99.8143,71.6761,896,10792,0,0,72
conv,8289,1048576,128,16,8,1,4,4,4,1,0,16,8,8,32672089,15181874,2,70748292,15204361,3,96632832,81.2086,1,52.7429,3932160,3571712,171704320,13107200,0.554023,99.8479,0,822083584,0,620265472,56623104,844693504,329252864,0,96919552,0,1,2.73791,0,0,0,1,1,3,7.43546,99.8922,86.1835,1024,10640,400,0,40
conv,8082,1048576,128,16,8,1,4,4,4,1,1,16,8,7,27691677,15174418,2,75468128,15204361,3,96632832,82.0633,1,51.7765,4325376,3571712,171704320,13107200,0.494002,99.9771,0,822083584,0,620265472,56623104,847839232,342884352,0,97443840,0,1,2.81385,0,0,0,1,1,3,7.56361,99.8928,86.2579,1024,10792,400,0,48
conv,1520,1048576,128,16,8,1,4,4,4,7,0,16,8,4,2132871,2064862,2,14057680,2097161,2,10780672,0,2,52.7429,3932160,3571712,0,0,0.370168,99.8282,0,822083584,0,227344384,5242880,131661824,94371840,0,55926784,0,3,14.9808,0,0,0,1,1,2,29.9133,99.8132,71.5614,768,10640,0,0,80
conv,1448,1048576,128,16,8,1,4,4,4,7,1,16,8,4,2136520,2064474,2,14057672,2097161,2,10780672,0,2,51.7765,4325376,3571712,0,0,0.43192,99.576,0,822083584,0,227475456,5242880,134807552,92274688,0,55992320,0,3,15.867,0,0,0,1,1,2,31.7838,99.8135,71.5435,896,10792,0,0,72
conv,6431,524288,128,16,8,1,4,8,1,1,0,16,8,5,10024172,11245714,2,57249368,17563657,3,90259456,72.4424,1,47.3731,3145728,3227648,166068224,9175040,0.246203,100.53,0,822083584,0,482344960,36700160,802455552,298319872,0,84725760,0,1,3.55324,0,0,0,1,1,3,9.40296,99.7063,90.0665,1024,19600,560,0,64
conv,6518,524288,128,16,8,1,4,8,1,1,1,16,8,5,10310705,11245338,2,59581516,17563657,3,90259456,73.6927,1,45.706,3342336,3227648,166068224,9175040,0.24662,101.065,0,822083584,0,482344960,36700160,804028416,337641472,0,86003712,0,1,3.53458,0,0,0,1,1,3,9.1435,99.7107,90.2141,896,19880,560,0,67
conv,2115,524288,128,16,8,1,4,8,1,7,0,16,8,3,2160296,2070226,2,12354096,8388617,1,7225344,0,2,48.8442,2752512,3227648,0,0,0.247501,99.4132,0,822083584,0,223903744,11010048,105152512,54525952,0,50663424,0,2,10.7752,0,0,0,1,1,1,19.6683,99.5089,75.0465,512,19600,0,0,128
conv,2140,524288,128,16,8,1,4,8,1,7,1,16,8,3,2157222,2069238,2,12359952,8388617,1,7225344,0,2,48.3678,3014656,3227648,0,0,0.247319,99.5696,0,822083584,0,223903744,11010048,107249664,51904512,0,50647040,0,2,10.7256,0,0,0,1,1,1,19.5197,99.5087,75.0384,512,19880,0,0,128
conv,6234,524288,128,16,8,1,4,8,2,1,0,16,8,5,10695345,11243546,2,59479204,13369353,3,90259456,77.5255,1,47.3731,3145728,3227648,166068224,9175040,0.247036,100.236,0,822083584,0,498073600,36700160,794066944,453509120,0,89804800,0,1,3.64882,0,0,0,1,1,3,10.4017,99.7229,90.6283,1024,19600,560,0,64
conv,6293,524288,128,16,8,1,4,8,2,1,1,16,8,5,10319264,11243546,2,60298596,13369353,3,90259456,77.5834,1,45.706,3342336,3227648,166068224,9175040,0.246968,99.973,0,822083584,0,498073600,36700160,795639808,492830720,0,91082752,0,1,3.64739,0,0,0,1,1,3,10.3761,99.7268,90.7598,896,19880,560,0,67
conv,1864,524288,128,16,8,1,4,8,2,7,0,16,8,3,2155747,2068558,2,12357296,4194313,1,7225344,0,2,48.8442,2752512,3227648,0,0,0.247814,99.6653,0,822083584,0,232882176,11010048,96763904,57147392,0,50663424,0,2,12.3773,0,0,0,1,1,1,22.5514,99.5089,75.2446,512,19600,0,0,126
conv,1910,524288,128,16,8,1,4,8,2,7,1,16,8,3,2156460,2068630,2,12334704,4194313,1,7225344,0,2,48.3678,3014656,3227648,0,0,0.24783,99.7618,0,822083584,0,232947712,11010048,98861056,52953088,0,50614272,0,2,12.051,0,0,0,1,1,1,22.059,99.5084,75.1922,512,19880,0,0,111
conv,5742,524288,128,16,8,1,4,8,4,1,0,16,8,5,9465221,11242674,3,57952396,11272201,3,90259456,78.8692,1,47.3731,3145728,3227648,166068224,9175040,0.24663,99.943,0,822083584,0,502267904,36700160,789872640,403177472,0,88231936,0,1,3.96657,0,0,0,1,1,4,11.6037,99.718,90.4612,896,19600,560,0,68
conv,6251,524288,128,16,8,1,4,8,4,1,1,16,8,5,10133621,11242630,2,58854784,11272201,3,90259456,79.1925,1,45.706,3342336,3227648,166068224,9175040,0.246881,99.5047,0,822083584,0,502267904,36700160,791445504,466092032,0,90247168,0,1,3.62056,0,0,0,1,1,3,10.6894,99.7243,90.6742,896,19880,560,0,72
conv,1794,524288,128,16,8,1,4,8,4,7,0,16,8,3,2155632,2064442,2,12336720,2097161,1,7225344,0,2,48.8442,2752512,3227648,0,0,0.247857,99.7465,0,822083584,0,237010944,11010048,92569600,54001664,0,50548736,0,2,12.8518,0,0,0,1,1,1,23.4956,99.5077,75.2168,512,19600,0,0,127
conv,1872,524288,128,16,8,1,4,8,4,7,1,16,8,3,2154661,2064410,2,12375696,2097161,1,7225344,0,2,48.3678,3014656,3227648,0,0,0.247892,99.4889,0,822083584,0,237142016,11010048,94666752,54525952,0,50663424,0,2,12.2722,0,0,0,1,1,1,22.7142,99.5089,75.2163,512,19880,0,0,111
conv,18273,2097152,128,16,8,1,8,1,1,1,0,16,8,9,90478170,27778170,2,136121356,42467337,2,120651776,71.62,1,24.0718,25690112,4980736,205520896,25690112,0.624108,98.1804,0,822083584,0,1335525376,102760448,1210712064,157286400,0,138870784,0,1,1.22486,0,0,0,1,1,2,5.78938,100,81.6489,1024,7504,392,0,32
conv,17907,2097152,128,16,8,1,8,1,1,1,1,16,8,9,86948332,27778702,2,135739408,42467465,2,120651776,71.608,1,24.0718,25690112,4980736,205520896,25690112,0.625933,101.672,0,822083584,0,1335525376,102760448,1313472512,157286400,0,142082048,0,1,1.26478,0,0,0,1,1,2,5.93779,100,82.0637,1024,7560,392,0,32
conv,2753,2097152,128,16,8,1,8,1,1,7,0,16,8,2,2103315,2068506,4,33947696,16777225,2,17891328,0,4,24.0718,25690112,4980736,0,0,0.36009,100.135,0,822083584,0,229572608,2097152,285868032,161480704,0,62259200,0,2,8.31555,0,0,0,1,1,2,17.3507,100,75.3454,768,7504,0,0,80
conv,2699,2097152,128,16,8,1,8,1,1,7,1,16,8,2,2103315,2068506,4,33947744,16777225,2,17891328,0,5,24.0718,25690112,4980736,0,0,0.479881,99.9566,0,822083584,0,230359040,2097152,388628480,161480704,0,65536000,0,2,8.48967,0,0,0,1,1,2,18.0276,100,76.5156,1024,7560,0,0,64
conv,17714,2097152,128,16,8,1,8,1,2,1,0,16,8,9,86846030,27777514,2,135743076,34078729,2,120651776,75.2085,1,24.0718,25690112,4980736,205520896,25690112,0.62505,101.226,0,822083584,0,1347321856,102760448,1202323456,146800640,0,138608640,0,1,1.26658,0,0,0,1,1,2,5.80648,100,81.6438,1024,7504,392,0,32
conv,17907,2097152,128,16,8,1,8,1,2,1,1,16,8,9,87826356,27778490,2,135670016,34078729,2,120651776,74.9569,1,24.0718,25690112,4980736,205520896,25690112,0.629322,100.406,0,822083584,0,1347321856,102760448,1305083904,146800640,0,141819904,0,1,1.25495,0,0,0,1,1,2,5.96275,100,82.0594,1024,7560,392,0,32
conv,2603,2097152,128,16,8,1,8,1,2,7,0,16,8,3,2103339,2068506,3,33947952,8388617,2,17891328,0,5,24.0718,25690112,4980736,0,0,0.366031,100.119,0,822083584,0,242941952,2097152,277479424,150994944,0,62128128,0,2,8.77169,0,0,0,1,1,2,18.1268,100,75.2275,768,7504,0,0,78
conv,2604,2097152,128,16,8,1,8,1,2,7,1,16,8,2,2103315,2068506,3,33947872,8388617,2,17891328,0,5,24.0718,25690112,4980736,0,0,0.487105,99.8781,0,822083584,0,242941952,2097152,380239872,161480704,0,65667072,0,2,8.75898,0,0,0,1,1,2,18.6585,100,76.5625,1024,7560,0,0,64
conv,17779,2097152,128,16,8,1,8,1,4,1,0,16,8,8,85036483,27777938,2,135559432,29884425,2,120651776,77.0279,1,24.0718,25690112,4980736,205520896,25690112,0.615619,100.928,0,822083584,0,1349419008,102760448,1198129152,155189248,0,138805248,0,1,1.28738,0,0,0,1,1,2,5.92573,100,81.6698,1024,7504,392,0,32
conv,18004,2097152,128,16,8,1,8,1,4,1,1,16,8,8,86870040,27779086,2,135739112,29884425,2,120651776,77.0124,1,24.0718,25690112,4980736,205520896,25690112,0.620203,99.9916,0,822083584,0,1349419008,102760448,1300889600,155189248,0,142016512,0,1,1.26809,0,0,0,1,1,2,6.05983,100,82.0842,1024,7560,392,0,32
conv,2609,2097152,128,16,8,1,8,1,4,7,0,16,8,2,2103347,2068498,3,33948008,4194313,2,17891328,0,5,24.0718,25690112,4980736,0,0,0.365408,99.3461,0,822083584,0,244252672,2097152,273285120,148897792,0,61931520,0,2,8.61218,0,0,0,1,1,2,17.9354,100,75.2149,768,7504,0,0,78
conv,2551,2097152,128,16,8,1,8,1,4,7,1,16,8,3,2103315,2068506,3,33947696,4194313,2,17891328,0,5,24.0718,25690112,4980736,0,0,0.489571,99.9259,0,822083584,0,244252672,2097152,376045568,174063616,0,65929216,0,2,8.95668,0,0,0,1,1,2,19.2767,100,76.7178,1024,7560,0,0,64
conv,12711,1048576,128,16,8,1,8,2,1,1,0,16,8,8,59440103,16763030,2,114350492,31457289,2,107511808,70.4864,1,36.4949,8388608,3735552,194248704,14680064,0.490472,100.142,0,822083584,0,757760000,52428800,957415424,74448896,0,96305152,0,1,1.78382,0,0,0,1,1,2,5.10343,100,86.4484,1024,11792,448,0,32
conv,12489,1048576,128,16,8,1,8,2,1,1,1,16,8,8,58230550,16763478,2,98982252,31457289,2,107511808,67.4607,1,24.0269,14680064,3735552,194248704,14680064,0.490029,99.9404,0,822083584,0,757760000,52428800,986775552,139460608,0,99254272,0,1,1.80621,0,0,0,1,1,2,5.25627,100,86.8511,1024,11880,448,0,47
conv,2291,1048576,128,16,8,1,8,2,1,7,0,16,8,3,2103583,2068534,4,25755696,16777225,1,10387456,0,2,36.4949,8388608,3735552,0,0,0.305059,99.1575,0,822083584,0,206995456,1048576,151060480,56623104,0,51281920,0,2,9.95914,0,0,0,1,1,1,18.0255,100,75.4293,640,11792,0,0,96
conv,2199,1048576,128,16,8,1,8,2,1,7,1,16,8,3,2103815,2068506,4,25755696,16777225,1,10387456,0,3,24.0269,14680064,3735552,0,0,0.360419,99.7274,0,822083584,0,207257600,1048576,180420608,61865984,0,52396032,0,2,10.3649,0,0,0,1,1,2,18.613,100,75.9049,768,11880,0,0,80
conv,12547,1048576,128,16,8,1,8,2,2,1,0,16,8,8,58626933,16761854,2,109119468,23068681,2,107511808,74.3248,1,36.4949,8388608,3735552,194248704,14680064,0.491065,99.6412,0,822083584,0,609910784,52428800,949026816,120586240,0,92864512,0,1,1.80464,0,0,0,1,1,2,4.38971,100,85.9463,1024,11792,448,0,32
conv,12100,1048576,128,16,8,1,8,2,2,1,1,16,8,8,57673200,16763062,2,101685076,23068681,2,107511808,72.4652,1,24.0269,14680064,3735552,194248704,14680064,0.489769,100.002,0,822083584,0,609910784,52428800,978386944,199229440,0,96239616,0,1,1.87644,0,0,0,1,1,2,4.75843,100,86.4392,1024,11880,448,0,48
conv,1957,1048576,128,16,8,1,8,2,2,7,0,16,8,3,2104366,2068534,3,25755800,8388617,1,10387456,0,3,36.4949,8388608,3735552,0,0,0.306503,99.3132,0,822083584,0,216694784,1048576,142671872,60817408,0,51478528,0,2,11.7145,0,0,0,1,1,2,21.1543,100,75.4754,640,11792,0,0,96
conv,2006,1048576,128,16,8,1,8,2,2,7,1,16,8,3,2103735,2068534,3,25756000,8388617,1,10387456,0,4,24.0269,14680064,3735552,0,0,0.303702,99.8542,0,822083584,0,216694784,1048576,172032000,60817408,0,52396032,0,2,11.4252,0,0,0,1,1,2,20.6808,100,75.9049,640,11880,0,0,90
conv,12478,1048576,128,16,8,1,8,2,4,1,0,16,8,8,58213170,16762474,2,100610020,18874377,2,107511808,74.8999,1,36.4949,8388608,3735552,194248704,14680064,0.490848,99.6664,0,822083584,0,612007936,52428800,944832512,120586240,0,92798976,0,1,1.82255,0,0,0,1,1,2,4.42507,100,85.9364,1024,11792,448,0,32
conv,12303,1048576,128,16,8,1,8,2,4,1,1,16,8,8,58000940,16763850,2,100873272,18874377,2,107511808,74.9781,1,24.0269,14680064,3735552,194248704,14680064,0.489949,99.7437,0,822083584,0,612007936,52428800,974192640,217055232,0,96731136,0,1,1.84214,0,0,0,1,1,2,4.63407,100,86.5081,1024,11880,448,0,46
conv,1993,1048576,128,16,8,1,8,2,4,7,0,16,8,3,2103388,2068662,3,25755696,4194313,1,10387456,0,3,36.4949,8388608,3735552,0,0,0.246194,99.6925,0,822083584,0,218791936,1048576,138477568,57671680,0,51314688,0,2,11.5048,0,0,0,1,1,2,20.7407,100,75.3971,512,11792,0,0,108
conv,1702,1048576,128,16,8,1,8,2,4,7,1,16,8,4,2108545,2068526,3,25755696,4194313,2,10387456,0,4,24.0269,14680064,3735552,0,0,0.368507,99.8511,0,822083584,0,218529792,1048576,167837696,62914560,0,52363264,0,2,13.487,0,0,0,1,1,2,24.3961,100,75.9367,768,11880,0,0,80
conv,10767,524288,128,16,8,1,8,4,1,1,0,16,8,5,27581803,11247878,2,83031720,25952265,2,100941824,64.7571,1,26.6736,5767168,5521408,188612608,9175040,0.246718,101.623,0,822083584,0,454033408,36700160,891060224,143654912,0,80965632,0,1,2.13941,0,0,0,1,1,2,4.54218,99.7913,90.6068,1024,20368,560,0,48
conv,10688,524288,128,16,8,1,8,4,1,1,1,16,8,5,27720150,11243894,2,79011672,25952265,2,100941824,63.4046,1,33.6578,5570560,3424256,188612608,9175040,0.246496,99.9195,0,822083584,0,454033408,36700160,893157376,181403648,0,82210816,0,1,2.13485,0,0,0,1,1,2,4.8795,99.7945,90.7491,896,20520,560,0,72
conv,2156,524288,128,16,8,1,8,4,1,7,0,16,8,3,2145395,2069114,3,21678856,16777225,1,6635520,0,2,27.364,5242880,5521408,0,0,0.24635,99.5284,0,822083584,0,182272000,11010048,105676800,64487424,0,49704960,0,2,10.6279,0,0,0,1,1,1,18.9175,99.6601,74.5354,512,20368,0,0,120
conv,2162,524288,128,16,8,1,8,4,1,7,1,16,8,3,2143449,2068506,3,21678808,16777225,1,6635520,0,2,34.7413,5242880,3424256,0,0,0.246717,98.9633,0,822083584,0,182272000,11010048,107249664,61341696,0,49655808,0,2,10.6467,0,0,0,1,1,1,19.073,99.6597,74.5102,512,20520,0,0,128
conv,10577,524288,128,16,8,1,8,4,2,1,0,16,8,5,27796503,11243950,2,84017092,17563657,2,100941824,70.425,1,26.6736,5767168,5521408,188612608,9175040,0.246599,100.495,0,822083584,0,463470592,36700160,882671616,170393600,0,81833984,0,1,2.14361,0,0,0,1,1,2,4.67275,99.7935,90.7065,1024,20368,560,0,48
conv,10721,524288,128,16,8,1,8,4,2,1,1,16,8,5,27590336,11247142,2,85500864,17563785,2,100941824,70.7298,1,33.6578,5570560,3424256,188612608,9175040,0.246919,100.76,0,822083584,0,463470592,36700160,884768768,182452224,0,82276352,0,1,2.12433,0,0,0,1,1,2,4.55832,99.7946,90.7565,896,20520,560,0,72
conv,1843,524288,128,16,8,1,8,4,2,7,0,16,8,3,2144759,2068526,3,21682752,8388617,1,6635520,0,3,27.364,5242880,5521408,0,0,0.246636,101.324,0,822083584,0,185876480,11010048,97288192,60817408,0,49426432,0,2,12.5404,0,0,0,1,1,1,21.7917,99.6582,74.4209,512,20368,0,0,120
conv,1841,524288,128,16,8,1,8,4,2,7,1,16,8,3,2150544,2068506,3,21661008,8388617,1,6635520,0,2,34.7413,5242880,3424256,0,0,0.246864,99.2931,0,822083584,0,185942016,11010048,98861056,59768832,0,49459200,0,2,12.4547,0,0,0,1,1,1,22.2295,99.6584,74.4089,512,20520,0,0,128
conv,10375,524288,128,16,8,1,8,4,4,1,0,16,8,5,27653909,11243674,2,79323420,13369353,2,100941824,72.1773,1,26.6736,5767168,5521408,188612608,9175040,0.246836,100.664,0,822083584,0,465567744,36700160,878477312,144703488,0,80965632,0,1,2.19725,0,0,0,1,1,2,4.97384,99.7913,90.6068,1024,20368,560,0,57
conv,10301,524288,128,16,8,1,8,4,4,1,1,16,8,5,27514512,11243878,2,81087264,13369353,2,100941824,72.6704,1,33.6578,5570560,3424256,188612608,9175040,0.247284,98.5455,0,822083584,0,465567744,36700160,880574464,182452224,0,82210816,0,1,2.23051,0,0,0,1,1,2,5.16489,99.7945,90.7491,896,20520,560,0,72
conv,1715,524288,128,16,8,1,8,4,4,7,0,16,8,4,2221731,2068534,3,21661144,4194313,1,6635520,0,3,27.364,5242880,5521408,0,0,0.247227,99.4669,0,822083584,0,188039168,11010048,93093888,63438848,0,49459200,0,2,13.2818,0,0,0,1,1,1,23.6301,99.6584,74.4089,512,20368,0,0,118
conv,1707,524288,128,16,8,1,8,4,4,7,1,16,8,4,2178287,2068506,3,21703016,4194313,1,6635520,0,2,34.7413,5242880,3424256,0,0,0.247102,100.122,0,822083584,0,188039168,11010048,94666752,65536000,0,49573888,0,2,13.4764,0,0,0,1,1,1,23.871,99.6592,74.4681,512,20520,0,0,125
conv,6766,262144,128,16,8,1,8,8,1,1,0,16,8,3,5450135,8493217,3,72279852,23199753,3,97656832,60.6887,1,18.998,6815744,5054464,185794560,6422528,0.121983,100.486,0,822083584,0,339738624,39321600,868892672,275251200,0,80209920,0,1,3.35285,0,0,0,1,1,3,7.51535,99.5117,91.373,640,37520,784,0,96
conv,6530,262144,128,16,8,1,8,8,1,1,1,16,8,3,5410888,8491982,3,80720424,23199753,3,97656832,63.0659,1,21.2245,5570560,5054464,185794560,6422528,0.122484,99.141,0,822083584,0,339738624,39321600,863911936,308281344,0,81086464,0,1,3.47015,0,0,0,1,1,3,7.92633,99.517,91.4663,512,37800,784,0,128
conv,4174,262144,128,16,8,1,8,8,1,7,0,16,8,2,2240093,3408344,2,19996336,16777225,1,4759552,0,1,25.2846,3670016,5054464,0,0,0.124421,99.9641,0,822083584,0,196509696,26476544,82984960,58458112,0,44279808,0,1,5.43241,0,0,0,1,1,1,8.60989,99.1154,83.7369,384,37520,0,0,164
conv,4218,262144,128,16,8,1,8,8,1,7,1,16,8,2,2238281,3327709,2,19993072,16777225,1,4759552,0,1,25.094,3932160,5054464,0,0,0.124421,99.0643,0,822083584,0,196509696,26476544,84033536,56098816,0,44238848,0,1,5.40448,0,0,0,1,1,1,8.66786,99.1146,83.7218,384,37800,0,0,168
conv,6388,262144,128,16,8,1,8,8,2,1,0,16,8,3,5486497,8491294,3,69369056,14811145,3,97656832,65.626,1,18.998,6815744,5054464,185794560,6422528,0.122276,99.5739,0,822083584,0,347602944,39321600,860504064,277086208,0,80250880,0,1,3.55852,0,0,0,1,1,3,8.11904,99.5119,91.3774,640,37520,784,0,96
conv,6116,262144,128,16,8,1,8,8,2,1,1,16,8,3,5143687,8491154,3,73920180,14811145,3,97656832,69.0925,1,21.2245,5570560,5054464,185794560,6422528,0.122262,99.6211,0,822083584,0,347602944,39321600,855523328,283115520,0,80283648,0,1,3.75907,0,0,0,1,1,4,8.71588,99.5121,91.381,512,37800,784,0,128
conv,3869,262144,128,16,8,1,8,8,2,7,0,16,8,2,2237548,2569748,2,19994584,8388617,1,4759552,0,1,25.2846,3670016,5054464,0,0,0.124295,99.358,0,822083584,0,200179712,26476544,74596352,59768832,0,44173312,0,1,5.86482,0,0,0,1,1,1,9.36334,99.1133,83.6977,384,37520,0,0,168
conv,3929,262144,128,16,8,1,8,8,2,7,1,16,8,2,2244940,2521072,2,19992840,8388745,1,4759552,0,1,25.094,3932160,5054464,0,0,0.124568,98.6647,0,822083584,0,200179712,26476544,75644928,60555264,0,44230656,0,1,5.73685,0,0,0,1,1,1,9.21597,99.1145,83.7188,384,37800,0,0,168
conv,6360,262144,128,16,8,1,8,8,4,1,0,16,8,3,5531000,8491138,3,71877808,10616841,3,97656832,71.0785,1,18.998,6815744,5054464,185794560,6422528,0.122196,98.6527,0,822083584,0,349700096,39321600,856309760,264241152,0,79783936,0,1,3.57416,0,0,0,1,1,3,8.10735,99.5091,91.327,640,37520,784,0,95
conv,5917,262144,128,16,8,1,8,8,4,1,1,16,8,3,5282212,8491062,3,66545312,10616841,3,97656832,70.2172,1,21.2245,5570560,5054464,185794560,6422528,0.122417,99.1287,0,822083584,0,349700096,39321600,851329024,271056896,0,79841280,0,1,3.82341,0,0,0,1,1,4,8.78734,99.5094,91.3332,512,37800,784,0,128
conv,3855,262144,128,16,8,1,8,8,4,7,0,16,8,2,2255639,2071653,2,19994584,4194313,1,4759552,0,1,25.2846,3670016,5054464,0,0,0.124388,99.1606,0,822083584,0,203063296,26476544,70402048,59244544,0,44115968,0,1,5.87495,0,0,0,1,1,1,9.4001,99.1122,83.6765,384,37520,0,0,168
conv,3775,262144,128,16,8,1,8,8,4,7,1,16,8,2,2246467,2071720,2,19992144,4194313,1,4759552,0,1,25.094,3932160,5054464,0,0,0.124375,99.7761,0,822083584,0,203063296,26476544,71450624,58982400,0,44140544,0,1,6.00505,0,0,0,1,1,1,9.57775,99.1127,83.6856,384,37800,0,0,168
conv,48362,40370176,308,16,8,2,1,1,1,1,0,22,14,8,129403998,143384899,2,186254120,143654921,2,287703040,85.6575,1,67.6398,38535168,1310720,231211008,141295616,0.829191,99.9749,0,822083584,0,9360113664,926416896,3426222080,635437056,0,699138048,0,1,0.468482,0,0,0,1,1,2,11.9644,68.6633,67.8079,1024,1232,200,0,32
conv,48372,40370176,308,16,8,2,1,1,1,1,1,22,14,8,129404039,143384286,2,186253600,143654921,2,287703040,85.6575,1,56.8025,44957696,2490368,231211008,141295616,0.829322,99.9727,0,822083584,0,9360113664,926416896,3426222080,635437056,0,699138048,0,1,0.468455,0,0,0,1,1,2,11.964,68.6633,67.8079,1024,1288,200,0,32
conv,24377,40370176,308,16,8,2,1,1,1,7,0,22,14,1,2103315,2068686,1,44957744,2359305,2,146407424,0,1,67.6398,38535168,1310720,0,0,0.699056,100.013,0,822083584,0,746586112,121110528,1782054912,987758592,0,191365120,0,1,0.927117,0,0,0,1,1,2,5.50596,73.7586,72.8253,1024,1232,0,0,31
conv,24378,40370176,308,16,8,2,1,1,1,7,1,22,14,1,2103771,2068710,1,44958344,2359305,2,146407424,0,1,56.8025,44957696,2490368,0,0,0.695462,99.9576,0,822083584,0,746586112,121110528,1782054912,987758592,0,191365120,0,1,0.926945,0,0,0,1,1,2,5.50796,73.7586,72.8253,1024,1288,0,0,31
conv,33412,15859712,242,16,8,2,1,2,1,1,0,22,11,6,73562535,82828605,1,104333792,83099657,1,154009600,85.3846,1,37.0163,40370176,1966080,129761280,80740352,0.645418,99.2336,0,822083584,0,3681157120,458620928,1555693568,348782592,0,316932096,0,1,0.679363,0,0,0,1,1,2,7.3216,69.0175,67.7032,1024,1936,224,0,40
conv,33013,15859712,242,16,8,2,1,2,1,1,1,22,11,6,73201319,82825872,1,104333360,83099657,1,154009600,85.3846,1,37.0163,40370176,1966080,129761280,80740352,0.645854,99.42,0,822083584,0,3681157120,458620928,1555693568,348782592,0,316932096,0,1,0.685878,0,0,0,1,1,2,7.37796,69.0175,67.7032,1024,2024,224,0,40
conv,12393,15859712,242,16,8,2,1,2,1,7,0,22,11,1,2103643,2068550,1,25035448,2359305,2,74711040,0,2,37.0163,40370176,1966080,0,0,0.837874,99.9838,0,822083584,0,537264128,47579136,976879616,457834496,0,123600896,0,1,1.82517,0,0,0,1,1,2,6.43627,72.4582,71.8452,1024,1936,0,0,32
conv,12393,15859712,242,16,8,2,1,2,1,7,1,22,11,1,2103315,2068566,1,25034800,2359305,2,74711040,0,2,37.0163,40370176,1966080,0,0,0.837655,99.9762,0,822083584,0,537264128,47579136,976879616,457834496,0,123600896,0,1,1.82506,0,0,0,1,1,2,6.43636,72.4582,71.8452,1024,2024,0,0,32
conv,19652,7208960,220,16,8,2,1,4,1,1,0,22,10,7,50876899,52543086,2,74077892,52822025,2,118161408,86.6642,1,56.4806,16056320,1703936,129761280,50462720,0.843245,100.196,0,822083584,0,2078408704,270401536,1186070528,643170304,0,228425728,0,1,1.15512,0,0,0,1,1,2,8.79419,69.6815,68.4048,1024,3344,280,0,32
conv,19621,7208960,220,16,8,2,1,4,1,1,1,22,10,7,50956232,52542717,2,74165934,52822025,2,118161408,86.6797,1,37.1511,25231360,1769472,129761280,50462720,0.841912,99.6635,0,822083584,0,2078408704,270401536,1186070528,643170304,0,228425728,0,1,1.15263,0,0,0,1,1,2,8.82215,69.6815,68.4048,1024,3496,280,0,32
conv,6300,7208960,220,16,8,2,1,4,1,7,0,22,10,1,2103427,2068510,1,14581920,2359305,2,38862848,0,1,56.4806,16056320,1703936,0,0,0.85887,99.9499,0,822083584,0,373030912,21626880,577896448,244711424,0,89030656,0,1,3.59806,0,0,0,1,1,2,9.28075,72.4374,71.5817,1024,3344,0,0,32
conv,6299,7208960,220,16,8,2,1,4,1,7,1,22,10,1,2103339,2068510,1,14581832,2359305,2,38862848,0,2,37.1511,25231360,1769472,0,0,0.859821,100.001,0,822083584,0,373030912,21626880,577896448,244711424,0,89030656,0,1,3.59892,0,0,0,1,1,2,9.27825,72.4374,71.5817,1024,3496,0,0,32
conv,12918,3244032,198,16,8,2,1,8,1,1,0,22,9,8,39329270,37424366,2,55611644,37683209,1,69238784,87.4046,1,63.9717,9633792,1638400,79036416,35323904,0.842448,99.7251,0,822083584,0,1230798848,157908992,762544128,775979008,0,170967040,0,1,1.75028,0,0,0,1,1,2,10.4731,69.5885,68.5314,1024,6160,392,0,30
conv,12942,3244032,198,16,8,2,1,8,1,1,1,22,9,8,39373207,37417677,2,55611160,37683209,1,69238784,87.4139,1,55.9955,11239424,1638400,79036416,35323904,0.844823,100.108,0,822083584,0,1230798848,157908992,762544128,775979008,0,170967040,0,1,1.75775,0,0,0,1,1,2,10.4775,69.5885,68.5314,1024,6440,392,0,30
conv,3231,3244032,198,16,8,2,1,8,1,7,0,22,9,2,2214645,2068502,1,9388096,2359305,2,20938752,0,2,63.9717,9633792,1638400,0,0,0.83593,99.8906,0,822083584,0,303857664,9732096,378765312,128352256,0,73187328,0,2,7.03827,0,0,0,1,1,2,15.7158,70.65,70.145,1024,6160,0,0,32
conv,3232,3244032,198,16,8,2,1,8,1,7,1,22,9,2,2212541,2068502,1,9388232,2359305,2,20938752,0,2,55.9955,11239424,1638400,0,0,0.835561,99.7975,0,822083584,0,303857664,9732096,378765312,128352256,0,73187328,0,2,7.03724,0,0,0,1,1,2,15.7281,70.65,70.145,1024,6440,0,0,32
conv,26672,17432576,266,16,8,2,2,1,1,1,0,19,14,8,89726517,71863647,2,147992757,74645513,2,197132288,86.0499,1,76.6322,18350080,2228224,244056064,69730304,0.801837,100.007,0,822083584,0,4413980672,420085760,1689387008,670564352,0,311885824,0,1,0.849578,0,0,0,1,1,2,8.38977,81.0753,80.3189,1024,2128,224,0,32
conv,26584,17432576,266,16,8,2,2,1,1,1,1,19,14,8,88067765,71858460,2,148071855,74645641,2,197132288,86.0428,1,56.4847,25690112,2228224,244056064,69730304,0.793924,100.756,0,822083584,0,4413980672,420085760,1924268032,351797248,0,308609024,0,1,0.856596,0,0,0,1,1,2,8.47216,81.0867,80.3223,1024,2184,224,0,32
conv,10519,17432576,266,16,8,2,2,1,1,7,0,19,14,1,2103315,2068534,1,26148912,4915209,2,68681728,0,1,76.6322,18350080,2228224,0,0,0.582764,99.99,0,822083584,0,503578624,17432576,749862912,401473536,0,93847552,0,1,2.15131,0,0,0,1,1,2,6.01075,83.3406,83.0613,1024,2128,0,0,38
conv,10540,17432576,266,16,8,2,2,1,1,7,1,19,14,1,2103619,2068522,1,26149216,4915209,2,68681728,0,1,56.4847,25690112,2228224,0,0,0.785411,99.974,0,822083584,0,503578624,17432576,984743936,451805184,0,104988672,0,1,2.14718,0,0,0,1,1,2,6.43847,82.9861,82.7364,1024,2184,0,0,32
conv,26542,17432576,266,16,8,2,2,1,2,1,0,19,14,8,88442844,71857270,2,142864926,72089609,2,197132288,89.093,1,80.7466,18350080,1179648,244056064,69730304,0.786362,99.8044,0,822083584,0,4455268352,454950912,1646133248,678952960,0,314769408,0,1,0.855499,0,0,0,1,1,2,7.98633,81.0886,79.993,1024,2128,224,0,32
conv,26321,17432576,266,16,8,2,2,1,2,1,1,19,14,8,87221082,71856256,2,142891273,72089609,2,197132288,89.0698,1,56.4847,25690112,2228224,244056064,69730304,0.778127,100.19,0,822083584,0,4455268352,454950912,1898446848,360185856,0,312082432,0,1,0.858602,0,0,0,1,1,2,8.61647,81.1214,80.0163,1024,2184,224,0,32
conv,10325,17432576,266,16,8,2,2,1,2,7,0,19,14,1,2103315,2066862,1,21102640,2359433,2,68681728,0,1,80.7466,18350080,1179648,0,0,0.562809,99.941,0,822083584,0,553910272,52297728,706609152,427294720,0,96993280,0,1,2.19074,0,0,0,1,1,2,6.47055,83.3826,82.5507,1024,2128,0,0,37
conv,10257,17432576,266,16,8,2,2,1,2,7,1,19,14,1,2103315,2066794,1,21102984,2359305,2,68681728,0,1,56.4847,25690112,2228224,0,0,0.566723,99.9735,0,822083584,0,553910272,52297728,958922752,502792192,0,109707264,0,1,2.20639,0,0,0,1,1,2,7.10038,83.057,82.3215,1024,2184,0,0,32
conv,16856,6848512,209,16,8,2,2,2,1,1,0,19,11,7,47278063,41940308,2,85759431,44793865,2,135921664,83.4804,1,50.3795,15728640,2621440,190513152,39845888,0.764634,99.8439,0,822083584,0,2072543232,267157504,1126989824,598769664,0,190775296,0,1,1.34343,0,0,0,1,1,2,7.95377,81.6955,80.0605,1024,3344,256,0,32
conv,19670,6848512,209,16,8,2,2,2,1,1,1,19,11,5,36605998,41891238,2,75420776,44793865,2,135921664,81.8768,1,47.3364,16908288,2621440,190513152,39845888,0.391967,100.242,0,822083584,0,2072543232,267157504,1143767040,573603840,0,190447616,0,1,1.15479,0,0,0,1,1,2,6.76582,81.6984,80.0607,1024,3432,256,0,42
conv,5361,6848512,209,16,8,2,2,2,1,7,0,19,11,1,2103771,2068502,1,16613880,4947977,2,35651584,0,2,50.3795,15728640,2621440,0,0,0.869267,99.9654,0,822083584,0,376406016,34242560,418152448,203816960,0,70287360,0,1,4.23065,0,0,0,1,1,2,9.38267,83.2561,82.4607,1024,3344,0,0,32
conv,5342,6848512,209,16,8,2,2,2,1,7,1,19,11,1,2103315,2068522,1,16613424,4947977,2,35651584,0,2,47.3364,16908288,2621440,0,0,0.637264,99.9675,0,822083584,0,376406016,34242560,434929664,219054080,0,71499776,0,1,4.24569,0,0,0,1,1,2,9.42654,83.2436,82.4616,1024,3432,0,0,34
conv,16827,6848512,209,16,8,2,2,2,2,1,0,19,11,7,50690171,41957977,2,81455893,42205193,2,135921664,88.1319,1,53.4328,15728640,1572864,190513152,39845888,0.834881,99.9588,0,822083584,0,1947041792,239763456,1091207168,547749888,0,182059008,0,1,1.3473,0,0,0,1,1,2,7.53414,81.1398,79.7792,1024,3344,256,0,32
conv,18738,6848512,209,16,8,2,2,2,2,1,1,19,11,6,36223755,41915148,2,72781375,42205193,2,135921664,87.5218,1,48.6422,16908288,2097152,190513152,39845888,0.410918,99.1402,0,822083584,0,1947041792,239763456,1114832896,480641024,0,180322304,0,1,1.20578,0,0,0,1,1,2,6.70083,81.1677,79.794,1024,3432,256,0,46
conv,5221,6848512,209,16,8,2,2,2,2,7,0,19,11,1,2103843,2066638,1,12321504,2359305,2,35651584,0,2,53.4328,15728640,1572864,0,0,0.84989,99.955,0,822083584,0,359366656,20545536,382369792,223248384,0,68714496,0,1,4.34258,0,0,0,1,1,2,9.39911,82.7089,82.2067,1024,3344,0,0,32
conv,5213,6848512,209,16,8,2,2,2,2,7,1,19,11,1,2103331,2066534,1,12320832,2359305,2,35651584,0,2,48.6422,16908288,2097152,0,0,0.84301,99.9628,0,822083584,0,359366656,20545536,405995520,219054080,0,69435392,0,1,4.34998,0,0,0,1,1,2,9.53656,82.7248,82.2278,1024,3432,0,0,32
conv,9754,3112960,190,16,8,2,2,4,1,1,0,19,10,8,29640095,26994344,2,58353027,29818889,2,105250816,81.5942,1,48.5539,9830400,2490368,163741696,24903680,0.626099,100.277,0,822083584,0,1266843648,155680768,847347712,584515584,0,141983744,0,1,2.31912,0,0,0,1,1,3,9.74545,82.2215,80.9175,1024,5776,320,0,40
conv,9764,3112960,190,16,8,2,2,4,1,1,1,19,10,7,26550655,26983221,2,56459898,29818889,2,105250816,81.123,1,45.8124,10567680,2490368,163741696,24903680,0.472185,99.8138,0,822083584,0,1266843648,155680768,857833472,678887424,0,146079744,0,1,2.32364,0,0,0,1,1,3,10.129,82.1592,80.8918,1024,5928,320,0,48
conv,2788,3112960,190,16,8,2,2,4,1,7,0,19,10,2,2103619,2068506,1,11354856,4915209,2,19070976,0,2,48.5539,9830400,2490368,0,0,0.461712,99.8256,0,822083584,0,323059712,15564800,253853696,109674496,0,57507840,0,2,8.15754,0,0,0,1,1,2,15.563,83.8889,82.8276,1024,5776,0,0,46
conv,2792,3112960,190,16,8,2,2,4,1,7,1,19,10,2,2103315,2068506,1,11354344,4915209,2,19070976,0,2,45.8124,10567680,2490368,0,0,0.585843,99.8647,0,822083584,0,323059712,15564800,264339456,111771648,0,57999360,0,2,8.16121,0,0,0,1,1,2,15.6683,83.8559,82.8037,1024,5928,0,0,40
conv,9800,3112960,190,16,8,2,2,4,2,1,0,19,10,8,30185253,27002389,2,54791558,27262985,2,105250816,87.7618,1,53.5374,9830400,1343488,163741696,24903680,0.616824,99.9775,0,822083584,0,1081769984,130777088,815300608,533004288,0,131727360,0,1,2.31644,0,0,0,1,1,3,8.93433,81.3052,80.2542,1024,5776,320,0,40
conv,9555,3112960,190,16,8,2,2,4,2,1,1,19,10,7,26507859,26990776,2,52707175,27262985,2,105250816,87.4762,1,47.9167,10567680,1916928,163741696,24903680,0.46863,99.7141,0,822083584,0,1081769984,130777088,831700992,627376128,0,136019968,0,1,2.36187,0,0,0,1,1,3,9.51431,81.2843,80.2664,1024,5928,320,0,48
conv,2671,3112960,190,16,8,2,2,4,2,7,0,19,10,2,2103371,2066674,1,7684144,2359305,2,19070976,0,2,53.5374,9830400,1343488,0,0,0.564969,99.9223,0,822083584,0,277970944,9338880,221806592,116981760,0,54968320,0,2,8.52075,0,0,0,1,1,2,15.6636,83.0514,82.3305,1024,5776,0,0,40
conv,2664,3112960,190,16,8,2,2,4,2,7,1,19,10,2,2103343,2066674,1,7684248,2359305,2,19070976,0,2,47.9167,10567680,1916928,0,0,0.567382,99.9089,0,822083584,0,277970944,9338880,238206976,105480192,0,55148544,0,2,8.53911,0,0,0,1,1,2,15.7049,83.0752,82.339,1024,5928,0,0,40
conv,7142,1400832,171,16,8,2,2,8,1,1,0,19,9,8,20736921,19598004,2,46684762,22380553,3,89980928,80.0431,1,48.8166,6881280,2031616,150355968,17432576,0.458174,99.7438,0,822083584,0,785645568,58384384,707682304,558235648,0,114253824,0,2,3.18616,0,0,0,1,1,3,13.4014,80.8265,80.1951,1024,10640,448,0,54
conv,7492,1400832,171,16,8,2,2,8,1,1,1,19,9,7,20586951,19530193,2,48554354,22380553,3,89980928,80.7079,1,44.8964,7397376,2293760,150355968,17432576,0.463136,99.963,0,822083584,0,785645568,58384384,715022336,608919552,0,116514816,0,1,3.02385,0,0,0,1,1,3,11.3172,80.8143,80.1952,1024,10920,448,0,52
conv,1514,1400832,171,16,8,2,2,8,1,7,0,19,9,4,2193746,2068506,2,8774376,4947977,2,10846208,0,3,48.8166,6881280,2031616,0,0,0.393872,99.966,0,822083584,0,287219712,7004160,171859968,62963712,0,51961856,0,3,15.1967,0,0,0,1,1,2,27.477,81.8259,81.2574,1024,10640,0,0,64
conv,1519,1400832,171,16,8,2,2,8,1,7,1,19,9,4,2199826,2068522,2,8773768,4947977,2,10846208,0,3,44.8964,7397376,2293760,0,0,0.385143,99.4328,0,822083584,0,287219712,7004160,179200000,62611456,0,52240384,0,3,15.1157,0,0,0,1,1,2,27.3511,81.8077,81.2422,1024,10920,0,0,63
conv,7474,1400832,171,16,8,2,2,8,2,1,0,19,9,7,20823678,19542778,2,45503218,19791881,3,89980928,88.1071,1,53.4331,6881280,1261568,150355968,17432576,0.456502,99.8689,0,822083584,0,736788480,55582720,677502976,605765632,0,113147904,0,1,3.04294,0,0,0,1,1,3,11.5451,80.5787,80.0314,1024,10640,448,0,54
conv,7438,1400832,171,16,8,2,2,8,2,1,1,19,9,7,20761970,19525898,2,44920270,19791881,3,89980928,88.2698,1,47.4219,7397376,1777664,150355968,17432576,0.459651,99.8131,0,822083584,0,736788480,55582720,690290688,655048704,0,115556352,0,1,3.06082,0,0,0,1,1,3,11.1832,80.5821,80.042,1024,10920,448,0,52
conv,1405,1400832,171,16,8,2,2,8,2,7,0,19,9,4,2223536,2066554,1,5390440,2359305,2,10846208,0,3,53.4331,6881280,1261568,0,0,0.451585,100.18,0,822083584,0,238362624,4202496,141680640,57712640,0,48799744,0,3,16.3241,0,0,0,1,1,2,27.8154,81.3418,80.9457,1024,10640,0,0,56
conv,1418,1400832,171,16,8,2,2,8,2,7,1,19,9,4,2214212,2066570,1,5390480,2359433,2,10846208,0,3,47.4219,7397376,1777664,0,0,0.470334,100.802,0,822083584,0,238362624,4202496,154468352,55615488,0,49201152,0,3,16.206,0,0,0,1,1,2,27.7771,81.3671,80.9643,1024,10920,0,0,56
conv,23262,8257536,252,16,8,2,4,1,1,1,0,18,14,9,106971484,43378623,2,140995852,49676297,2,148701184,82.2814,1,45.2147,19496960,3014656,231211008,41287680,0.802959,99.8388,0,822083584,0,2449211392,226099200,1410465792,224657408,0,198672384,0,1,0.975802,0,0,0,1,1,2,5.97699,81.484,80.7315,1024,3920,280,0,31
conv,23182,8257536,252,16,8,2,4,1,1,1,1,18,14,9,107008859,43378626,2,140995072,49676297,2,148701184,82.2828,1,39.2203,22937600,3014656,231211008,41287680,0.803387,100.064,0,822083584,0,2449211392,226099200,1557266432,224657408,0,204406784,0,1,0.977302,0,0,0,1,1,2,6.18446,81.4424,80.711,1024,3976,280,0,32
conv,5615,8257536,252,16,8,2,4,1,1,7,0,18,14,1,2103315,2068506,1,25395248,8388617,2,33095680,0,2,45.2147,19496960,3014656,0,0,0.460516,99.9669,0,822083584,0,272891904,8257536,441581568,195559424,0,65077248,0,1,4.03936,0,0,0,1,1,2,8.33455,83.862,83.5725,1024,3920,0,0,52
conv,5615,8257536,252,16,8,2,4,1,1,7,1,18,14,1,2104059,2068506,1,25396008,8388617,2,33095680,0,2,39.2203,22937600,3014656,0,0,0.609643,99.9733,0,822083584,0,272891904,8257536,588382208,245891072,0,72777728,0,1,4.03932,0,0,0,1,1,2,8.66908,83.4534,83.1945,1024,3976,0,0,40
conv,23094,8257536,252,16,8,2,4,1,2,1,0,18,14,9,106257150,43378670,2,132312972,45482041,2,148701184,88.2414,1,47.4237,19496960,1966080,231211008,41287680,0.786717,99.645,0,822083584,0,2544107520,209584128,1369964544,178323456,0,198180864,0,1,0.980044,0,0,0,1,1,2,5.98577,81.4877,80.7984,1024,3920,280,0,31
conv,23131,8257536,252,16,8,2,4,1,2,1,1,18,14,9,106017847,43378511,2,132312494,45481993,2,148701184,88.2418,1,39.2203,22937600,3014656,231211008,41287680,0.788083,100.156,0,822083584,0,2544107520,226099200,1532821504,178323456,0,205225984,0,1,0.98047,0,0,0,1,1,2,6.24258,81.4496,80.756,1024,3976,280,0,31
conv,5328,8257536,252,16,8,2,4,1,2,7,0,18,14,1,2103315,2068506,1,16712120,4194313,2,33095680,0,2,47.4237,19496960,1966080,0,0,0.48645,99.9547,0,822083584,0,384761856,8257536,401080320,212467712,0,68288512,0,1,4.25609,0,0,0,1,1,2,9.44018,84.1051,83.6822,1024,3920,0,0,48
conv,5268,8257536,252,16,8,2,4,1,2,7,1,18,14,1,2103875,2068522,1,16712288,4194313,2,33095680,0,2,39.2203,22937600,3014656,0,0,0.59493,99.9433,0,822083584,0,384761856,24772608,563937280,220856320,0,75661312,0,1,4.30375,0,0,0,1,1,2,9.80507,83.7782,83.2828,1024,3976,0,0,40
conv,14765,3244032,198,16,8,2,4,2,1,1,0,18,11,8,64514512,25681022,2,91927594,31981577,2,120782848,78.85,1,45.56,9306112,3932160,205848576,23592960,0.741673,99.9244,0,822083584,0,1092517888,138444800,997425152,224854016,0,128352256,0,1,1.53616,0,0,0,1,1,2,5.61479,80.9245,79.7445,1024,6160,320,0,32
conv,12468,3244032,198,16,8,2,4,2,1,1,1,18,11,6,30689412,25663794,2,83577228,31981577,2,120782848,77.3556,1,43.2072,11599872,2359296,205848576,23592960,0.39641,99.8318,0,822083584,0,1092517888,138444800,1039368192,338100224,0,134414336,0,1,1.81824,0,0,0,1,1,3,6.95379,80.8828,79.7561,1024,6248,320,0,42
conv,2987,3244032,198,16,8,2,4,2,1,7,0,18,11,2,2103315,2068526,2,17809952,8388617,2,17858560,0,2,45.56,9306112,3932160,0,0,0.341337,99.9222,0,822083584,0,208994304,29196288,223576064,124190720,0,54427648,0,2,7.61673,0,0,0,1,1,2,14.0841,81.6884,80.8436,896,6160,0,0,68
conv,3002,3244032,198,16,8,2,4,2,1,7,1,18,11,2,2103611,2068506,2,17810224,8388617,2,17858560,0,2,43.2072,11599872,2359296,0,0,0.475879,100.015,0,822083584,0,208994304,29196288,265519104,127238144,0,56197120,0,2,7.58704,0,0,0,1,1,2,14.0551,81.6181,80.7999,1024,6248,0,0,54
conv,14586,3244032,198,16,8,2,4,2,2,1,0,18,11,8,64805843,25678235,2,84844342,27787273,2,120782848,86.9207,1,52.2905,9306112,2228224,205848576,23592960,0.758932,99.4468,0,822083584,0,1064353792,131596288,963805184,217808896,0,125796352,0,1,1.54816,0,0,0,1,1,2,5.52984,80.6843,79.4848,1024,6160,320,0,32
conv,12350,3244032,198,16,8,2,4,2,2,1,1,18,11,6,30578443,25667102,2,76675710,27787273,2,120782848,85.5397,1,44.3524,11599872,1998848,205848576,23592960,0.398469,99.9563,0,822083584,0,1064353792,131596288,1012056064,331055104,0,132087808,0,1,1.83725,0,0,0,1,1,3,6.83833,80.662,79.5197,1024,6248,320,0,44
conv,2728,3244032,198,16,8,2,4,2,2,7,0,18,11,2,2103315,2068530,1,10911792,4194313,2,17858560,0,2,52.2905,9306112,2228224,0,0,0.401895,99.9544,0,822083584,0,256098304,16220160,189956096,110231552,0,53870592,0,2,8.34294,0,0,0,1,1,2,15.5711,81.3869,80.8993,1024,6160,0,0,64
conv,2718,3244032,198,16,8,2,4,2,2,7,1,18,11,2,2103715,2068478,1,10912232,4194313,2,17858560,0,2,44.3524,11599872,1998848,0,0,0.474034,99.8651,0,822083584,0,256098304,16220160,238206976,108134400,0,55656448,0,2,8.37711,0,0,0,1,1,2,15.7291,81.3668,80.8949,1024,6248,0,0,48
conv,9527,1474560,180,16,8,2,4,4,1,1,0,18,10,8,39724543,16829042,2,91476770,23134217,2,106692608,80.6161,1,42.9063,5816320,3407872,193167360,14745600,0.584863,99.5131,0,822083584,0,568721408,64651264,857702400,327090176,0,102834176,0,1,2.37995,0,0,0,1,1,3,6.99295,80.9866,80.2338,1024,10640,400,0,39
conv,7953,1474560,180,16,8,2,4,4,1,1,1,18,10,7,23126317,16816709,2,67893224,23134217,3,106692608,75.4653,1,41.0802,6250496,3702784,193167360,14745600,0.388737,99.679,0,822083584,0,568721408,64651264,860848128,276758528,0,100990976,0,1,2.86384,0,0,0,1,1,3,8.10751,81.0046,80.2381,1024,10792,400,0,61
conv,1688,1474560,180,16,8,2,4,4,1,7,0,18,10,4,2103319,2068518,3,13853112,8388617,2,10108928,0,2,42.9063,5816320,3407872,0,0,0.309478,99.7235,0,822083584,0,179273728,13271040,144670720,64159744,0,46899200,0,3,13.5655,0,0,0,1,1,2,22.8128,82.2642,81.5218,768,10640,0,0,80
conv,1676,1474560,180,16,8,2,4,4,1,7,1,18,10,4,2103351,2068594,3,13852744,8388617,2,10108928,0,3,41.0802,6250496,3702784,0,0,0.234705,99.8423,0,822083584,0,179273728,13271040,147816448,73596928,0,47390720,0,3,13.6916,0,0,0,1,1,2,23.238,82.2407,81.5061,640,10792,0,0,96
conv,10318,1474560,180,16,8,2,4,4,2,1,0,18,10,8,44074988,16821110,2,99799258,18939913,2,106692608,89.8414,1,51.2872,5816320,1900544,193167360,14745600,0.680408,99.1548,0,822083584,0,592003072,58753024,827523072,207831040,0,97828864,0,1,2.18282,0,0,0,1,1,3,5.73357,80.9009,80.1206,1024,10640,400,0,32
conv,8672,1474560,180,16,8,2,4,4,2,1,1,18,10,7,30594729,16818144,2,70270884,18939913,3,106692608,86.3845,1,45.1697,6250496,2801664,193167360,14745600,0.45712,100.052,0,822083584,0,592003072,58753024,836116480,272842752,0,100687872,0,1,2.62022,0,0,0,1,1,3,6.96191,80.8971,80.13,1024,10792,400,0,56
conv,1462,1474560,180,16,8,2,4,4,2,7,0,18,10,4,2103627,2068502,2,7930216,4194313,2,10108928,0,2,51.2872,5816320,1900544,0,0,0.311903,99.185,0,822083584,0,202555392,7372800,114491392,59359232,0,46424064,0,3,15.6518,0,0,0,1,1,2,26.2278,81.8985,81.1717,768,10640,0,0,80
conv,1443,1474560,180,16,8,2,4,4,2,7,1,18,10,4,2103335,2068494,2,7930040,4194313,2,10108928,0,3,45.1697,6250496,2801664,0,0,0.312385,99.8804,0,822083584,0,202555392,7372800,123084800,50544640,0,46407680,0,3,15.951,0,0,0,1,1,2,26.6857,81.9318,81.1855,768,10792,0,0,80
conv,6479,663552,162,16,8,2,4,8,1,1,0,18,9,6,17151350,12395441,3,84745770,18710537,3,99680256,80.3,1,39.2505,4513792,3178496,186826752,10321920,0.309834,99.8151,0,822083584,0,517046272,31662080,802594816,297107456,0,96813056,0,1,3.5237,0,0,0,1,1,4,10.1797,80.2312,79.7444,1024,19600,560,0,64
conv,6407,663552,162,16,8,2,4,8,1,1,1,18,9,6,17180398,12394216,3,81577544,18710537,3,99680256,79.6196,1,38.3434,4653056,3178496,186826752,10321920,0.309959,99.781,0,822083584,0,517046272,31662080,804167680,336429056,0,98410496,0,1,3.55868,0,0,0,1,1,4,10.4804,80.2274,79.7485,768,19880,560,0,80
conv,1255,663552,162,16,8,2,4,8,1,7,0,18,9,5,2198539,2068506,3,11915648,8388617,1,6266880,0,3,40.2895,4071424,3178496,0,0,0.159601,99.4806,0,822083584,0,226451456,5971968,105291776,33914880,0,46673920,0,3,18.5488,0,0,0,1,1,2,31.7596,80.4772,79.9238,512,19600,0,0,128
conv,1255,663552,162,16,8,2,4,8,1,7,1,18,9,5,2198403,2068506,3,11915312,8388617,1,6266880,0,3,40.3904,4296704,3178496,0,0,0.159897,99.54,0,822083584,0,226451456,5971968,107388928,32763904,0,46710784,0,3,18.4711,0,0,0,1,1,2,31.3415,80.477,79.924,512,19880,0,0,128
conv,6211,663552,162,16,8,2,4,8,2,1,0,18,9,6,17388764,12394791,3,79514112,14516361,3,99680256,88.541,1,47.9275,4513792,1785856,186826752,10321920,0.307237,99.3218,0,822083584,0,476000256,29007872,774135808,344616960,0,95817728,0,1,3.66374,0,0,0,1,1,4,10.8167,80.1625,79.7688,1024,19600,560,0,64
conv,6227,663552,162,16,8,2,4,8,2,1,1,18,9,6,17201620,12393481,3,78081164,14516233,3,99680256,88.3479,1,42.0852,4653056,2482176,186826752,10321920,0.306195,99.4496,0,822083584,0,476000256,29007872,780726272,332558336,0,95604736,0,1,3.65673,0,0,0,1,1,4,10.2968,80.167,79.7678,768,19880,560,0,80
conv,952,663552,162,16,8,2,4,8,2,7,0,18,9,6,2197791,2068506,2,6459440,4194313,2,6266880,0,3,49.8689,4071424,1785856,0,0,0.16048,96.9655,0,822083584,0,175968256,3317760,76832768,30466048,0,43319296,0,4,23.8011,0,0,0,1,1,2,38.9451,80.3571,79.978,512,19600,0,0,128
conv,934,663552,162,16,8,2,4,8,2,7,1,18,9,6,2196985,2068506,2,6459440,4194313,2,6266880,0,3,44.5393,4296704,2482176,0,0,0.159834,100.346,0,822083584,0,175968256,3317760,83947520,29941760,0,43577344,0,4,24.9386,0,0,0,1,1,2,39.2574,80.3641,79.977,512,19880,0,0,128
conv,21232,3899392,238,16,8,2,8,1,1,1,0,17,14,8,105509763,29386167,2,143888395,44072969,2,133988352,72.5776,1,24.8005,24887296,4882432,218365952,27295744,0.724139,100.175,0,822083584,0,1350402048,112361472,1212514304,110624768,0,139706368,0,1,1.06815,0,0,0,1,1,2,4.88245,81.2654,80.7047,1024,7504,392,0,32
conv,21309,3899392,238,16,8,2,8,1,1,1,1,17,14,8,105759531,29386367,2,143882834,44072969,2,133988352,72.5843,1,21.8538,28901376,4882432,218365952,27295744,0.724813,100.121,0,822083584,0,1350402048,112361472,1315274752,110624768,0,143720448,0,1,1.06671,0,0,0,1,1,2,5.03819,81.2301,80.685,1024,7560,392,0,32
conv,3350,3899392,238,16,8,2,8,1,1,7,0,17,14,2,2103315,2068534,3,34750512,16777225,1,18382848,0,4,24.8005,24887296,4882432,0,0,0.169568,99.7247,0,822083584,0,160759808,3899392,287670272,121110528,0,53100544,0,2,6.79061,0,0,0,1,1,2,12.1298,82.3048,82.1274,640,7504,0,0,84
conv,3294,3899392,238,16,8,2,8,1,1,7,1,17,14,2,2103315,2068518,3,34750512,16777225,1,18382848,0,4,21.8538,28901376,4882432,0,0,0.279847,99.9599,0,822083584,0,160759808,3899392,390430720,121405440,0,57147392,0,2,6.91725,0,0,0,1,1,2,12.4241,82.1119,81.947,896,7560,0,0,72
conv,20678,3899392,238,16,8,2,8,1,2,1,0,17,14,8,102313474,29386515,2,128470520,35684409,2,133988352,83.0946,1,26.1839,24887296,3309568,218365952,27295744,0.683142,100.936,0,822083584,0,1384939520,135757824,1173389312,116162560,0,140967936,0,1,1.09473,0,0,0,1,1,2,5.04163,81.2812,80.5221,1024,7504,392,0,31
conv,20793,3899392,238,16,8,2,8,1,2,1,1,17,14,9,103842569,29386429,2,128509685,35684409,2,133988352,83.0884,1,21.8538,28901376,4882432,218365952,27295744,0.675566,98.7399,0,822083584,0,1384939520,135757824,1291517952,116162560,0,145506304,0,1,1.08096,0,0,0,1,1,2,5.27883,81.2831,80.5477,1024,7560,392,0,31
conv,2918,3899392,238,16,8,2,8,1,2,7,0,17,14,2,2103347,2068534,2,19382392,8388617,2,18382848,0,4,26.1839,24887296,3309568,0,0,0.166771,99.9398,0,822083584,0,284360704,3899392,248545280,113606656,0,55787520,0,2,7.80641,0,0,0,1,1,2,14.9254,82.7423,82.4835,640,7504,0,0,84
conv,2885,3899392,238,16,8,2,8,1,2,7,1,17,14,2,2103315,2068522,2,19382336,8388617,2,18382848,0,5,21.8538,28901376,4882432,0,0,0.327137,99.914,0,822083584,0,284360704,3899392,366673920,115998720,0,60440576,0,2,7.89661,0,0,0,1,1,2,15.6865,82.6155,82.3648,896,7560,0,0,72
conv,13862,1531904,187,16,8,2,8,2,1,1,0,17,11,8,65091540,17680553,2,112895790,32374841,2,119635968,70.4532,1,34.8019,8912896,3801088,206389248,15597568,0.614204,100.021,0,822083584,0,519503872,77422592,957898752,113942528,0,96772096,0,1,1.62958,0,0,0,1,1,2,3.91241,81.2995,80.4355,1024,11792,448,0,32
conv,14327,1531904,187,16,8,2,8,2,1,1,1,17,11,8,67099206,17679648,2,128416283,32374793,2,119635968,73.2996,1,24.4179,14385152,3735552,206389248,15597568,0.612443,99.9729,0,822083584,0,519503872,77422592,987258880,202022912,0,101359616,0,1,1.58986,0,0,0,1,1,2,3.9761,81.2407,80.4158,1024,11880,448,0,40
conv,2194,1531904,187,16,8,2,8,2,1,7,0,17,11,3,2103315,2068542,4,26157152,16777225,1,10371072,0,3,34.8019,8912896,3801088,0,0,0.159688,99.899,0,822083584,0,129998848,26042368,151543808,59981824,0,45432832,0,2,10.4232,0,0,0,1,1,2,16.7624,82.7302,81.8276,512,11792,0,0,124
conv,2069,1531904,187,16,8,2,8,2,1,7,1,17,11,3,2103315,2068534,4,26157104,16777225,1,10371072,0,4,24.4179,14385152,3735552,0,0,0.226096,99.7164,0,822083584,0,129998848,26042368,180903936,56270848,0,46424064,0,2,11.0873,0,0,0,1,1,2,18.1149,82.6904,81.807,640,11880,0,0,94
conv,14077,1531904,187,16,8,2,8,2,2,1,0,17,11,8,66969423,17682653,2,116341574,23986185,2,119635968,83.9689,1,38.6356,8912896,2539520,206389248,15597568,0.60847,100.224,0,822083584,0,588201984,65167360,925360128,106463232,0,97148928,0,1,1.62016,0,0,0,1,1,2,3.9237,81.3182,80.6518,1024,11792,448,0,32
conv,13812,1531904,187,16,8,2,8,2,2,1,1,17,11,8,64092360,17683698,2,109584538,23986185,2,119635968,83.1944,1,25.2513,14385152,3137536,206389248,15597568,0.460137,98.6434,0,822083584,0,588201984,65167360,960757760,188252160,0,101687296,0,1,1.64138,0,0,0,1,1,2,4.17633,81.2903,80.6536,1024,11880,448,0,48
conv,1591,1531904,187,16,8,2,8,2,2,7,0,17,11,4,2103467,2068526,3,14082488,8388617,2,10371072,0,3,38.6356,8912896,2539520,0,0,0.157467,99.8858,0,822083584,0,198696960,13787136,119005184,52985856,0,45817856,0,3,14.4389,0,0,0,1,1,2,23.7027,82.7765,82.2932,512,11792,0,0,125
conv,1591,1531904,187,16,8,2,8,2,2,7,1,17,11,4,2103315,2068506,3,14082104,8388617,2,10371072,0,4,25.2513,14385152,3137536,0,0,0.233002,99.8475,0,822083584,0,198696960,13787136,154402816,47742976,0,46956544,0,3,14.4304,0,0,0,1,1,2,24.2005,82.776,82.3044,640,11880,0,0,94
conv,10539,696320,170,16,8,2,8,4,1,1,0,17,10,7,39197295,11823919,3,121584425,26525705,2,112459776,73.9796,1,23.1754,7192576,5799936,200400896,9748480,0.309201,99.642,0,822083584,0,407019520,37527552,891232256,113287168,0,88748032,0,1,2.15048,0,0,0,1,1,3,4.99566,80.5352,79.9718,1024,20368,560,0,48
conv,10409,696320,170,16,8,2,8,4,1,1,1,17,10,7,38219750,11821638,3,116828283,26525753,2,112459776,73.0326,1,31.9829,6090752,3375104,200400896,9748480,0.308503,99.582,0,822083584,0,407019520,37527552,893329408,155754496,0,90488832,0,1,2.18253,0,0,0,1,1,3,5.10985,80.5249,79.9724,1024,20520,560,0,64
conv,1847,696320,170,16,8,2,8,4,1,7,0,17,10,3,2103323,2068506,4,21860552,16777225,1,6365184,0,3,23.6866,6635520,5799936,0,0,0.158489,99.4051,0,822083584,0,110624768,11837440,105848832,33595392,0,42110976,0,2,12.4204,0,0,0,1,1,1,19.0275,81.1229,80.4415,384,20368,0,0,163
conv,1825,696320,170,16,8,2,8,4,1,7,1,17,10,3,2103351,2068506,4,21860400,16777225,1,6365184,0,2,33.1287,5713920,3375104,0,0,0.157585,99.612,0,822083584,0,110624768,11837440,107421696,34291712,0,42196992,0,2,12.6589,0,0,0,1,1,1,19.4133,81.1256,80.4455,384,20520,0,0,156
conv,10028,696320,170,16,8,2,8,4,2,1,0,17,10,7,38661230,11821181,3,108756564,18137097,2,112459776,84.3907,1,29.2645,7192576,3096576,200400896,9748480,0.307571,100.315,0,822083584,0,462290944,31956992,861986816,110542848,0,89432064,0,1,2.27705,0,0,0,1,1,3,5.32731,80.5616,79.979,1024,20368,560,0,49
conv,9884,696320,170,16,8,2,8,4,2,1,1,17,10,7,38625095,11824621,3,111176819,18137097,2,112459776,84.6138,1,33.9515,6090752,2826240,200400896,9748480,0.30785,99.5283,0,822083584,0,462290944,31956992,869298176,307150848,0,97390592,0,1,2.27534,0,0,0,1,1,3,6.21394,80.5303,79.9866,1024,20520,560,0,64
conv,1182,696320,170,16,8,2,8,4,2,7,0,17,10,5,2103724,2068506,3,11432352,8388617,1,6365184,0,3,30.2662,6635520,3096576,0,0,0.157,99.0166,0,822083584,0,162226176,6266880,76603392,30851072,0,42651648,0,3,19.4942,0,0,0,1,1,2,30.5435,81.1726,80.4505,384,20368,0,0,158
conv,1231,696320,170,16,8,2,8,4,2,7,1,17,10,5,2103395,2068506,3,11432184,8388617,1,6365184,0,3,35.2578,5713920,2826240,0,0,0.160556,99.8188,0,822083584,0,162226176,6266880,83390464,24559616,0,42663936,0,3,18.9051,0,0,0,1,1,2,30.0405,81.2056,80.4636,512,20520,0,0,128
conv,7058,313344,153,16,8,2,8,8,1,1,0,17,9,5,14492477,8904991,4,112294774,23601161,3,108871680,73.1759,1,17.2105,7786496,5316608,197406720,6823936,0.15106,100.357,0,822083584,0,341401600,18171904,868943872,207476736,0,87234560,0,1,3.26226,0,0,0,1,1,3,7.91318,81.2879,80.891,640,37520,784,0,95
conv,6799,313344,153,16,8,2,8,8,1,1,1,17,9,5,14317968,8920017,4,109294893,23601161,3,108871680,72.495,1,18.8581,6641664,5316608,197406720,6823936,0.150199,98.9527,0,822083584,0,341401600,18171904,863963136,227661824,0,87828480,0,1,3.33439,0,0,0,1,1,4,8.2419,81.2792,80.885,512,37800,784,0,120
conv,3903,313344,153,16,8,2,8,8,1,7,0,17,9,2,2212437,2068950,2,20293280,16777225,1,4362240,0,1,22.1448,4644864,5316608,0,0,0.0763877,98.6848,0,822083584,0,196122624,5326848,83036160,18784256,0,42854400,0,1,5.78771,0,0,0,1,1,1,9.25546,82.6217,82.0623,256,37520,0,0,251
conv,3932,313344,153,16,8,2,8,8,1,7,1,17,9,2,2209968,2068798,2,20293096,16777225,1,4362240,0,1,22.0843,4894720,5316608,0,0,0.076443,99.4792,0,822083584,0,196122624,5326848,84084736,18016256,0,42864640,0,1,5.77511,0,0,0,1,1,1,9.24029,82.6224,82.0631,256,37800,0,0,248
conv,6297,313344,153,16,8,2,8,8,2,1,0,17,9,5,14749551,8899139,4,100179219,15212553,4,108871680,81.7839,1,21.2245,7786496,2838528,197406720,6823936,0.151055,99.4364,0,822083584,0,293588992,15665152,841345024,206610432,0,84520960,0,1,3.60302,0,0,0,1,1,4,8.51298,80.8783,80.5752,512,37520,784,0,120
conv,6146,313344,153,16,8,2,8,8,2,1,1,17,9,5,14713098,8898895,4,101402282,15212553,4,108871680,85.5069,1,21.0379,6641664,4077568,197406720,6823936,0.149914,99.4197,0,822083584,0,293588992,15665152,841166848,226482176,0,85268480,0,1,3.69004,0,0,0,1,1,4,8.78675,80.896,80.5905,512,37800,784,0,120
conv,2829,313344,153,16,8,2,8,8,2,7,0,17,9,2,2212998,2068694,2,10648384,8388617,1,4362240,0,1,29.478,4644864,2838528,0,0,0.0768562,99.1745,0,822083584,0,143591424,2820096,55437312,17637376,0,39946240,0,2,8.04463,0,0,0,1,1,1,12.012,81.8569,81.4822,256,37520,0,0,251
conv,2861,313344,153,16,8,2,8,8,2,7,1,17,9,2,2211267,2068698,2,10651792,8388617,1,4362240,0,2,25.1341,4894720,4077568,0,0,0.0768767,98.98,0,822083584,0,143591424,2820096,61288448,16453632,0,40110080,0,2,7.94706,0,0,0,1,1,1,11.928,81.8969,81.513,256,37800,0,0,250
conv,31739,16777216,256,16,16,0,1,1,1,1,0,16,16,8,77775665,104843732,2,275252472,104857737,2,308281344,54.069,0,0,0,0,205520896,102760448,0.720323,100.074,0,822083584,0,9596567552,822083584,2902458368,385875968,0,458227712,0,1,0.715124,0,0,0,1,1,3,10.2091,100,99.0847,1024,0,200,0,40
conv,19629,16777216,256,16,16,0,1,1,1,7,0,16,16,1,2103315,2069174,2,172491048,2097289,2,205520896,0,0,0,0,0,0,0,0.941552,99.9761,0,822083584,0,1006632960,16777216,1660944384,637534208,0,129499136,0,1,1.15378,0,0,0,1,1,2,4.59323,100,100,1024,0,0,0,32
conv,19736,8388608,256,16,16,0,1,2,1,1,0,16,16,8,51818075,60809738,2,154402880,60817417,2,167772160,54.0804,0,0,0,0,115343360,58720256,0.97357,99.9664,0,822083584,0,3850371072,419430400,1778384896,327155712,0,228327424,0,1,1.14973,0,0,0,1,1,3,8.5443,100,98.5075,1024,0,224,0,32
conv,10079,8388608,256,16,16,0,1,2,1,7,0,16,16,1,2103875,2069014,2,96731752,2097161,2,110100480,0,0,0,0,0,0,0,0.945646,99.961,0,822083584,0,729808896,8388608,897581056,419430400,0,89915392,0,1,2.24942,0,0,0,1,1,2,5.87899,100,100,1024,0,0,0,32
conv,12683,4194304,256,16,16,0,1,4,1,1,0,16,16,8,32966709,38786742,2,106508928,38797321,2,120061952,58.087,0,0,0,0,115343360,36700160,0.73123,99.9492,0,822083584,0,2000683008,209715200,1149239296,599785472,0,151126016,0,1,1.79165,0,0,0,1,1,3,8.67984,100,98.8725,1024,0,280,0,40
conv,5322,4194304,256,16,16,0,1,4,1,7,0,16,16,1,2132863,2068822,2,58851376,2097161,3,62390272,0,0,0,0,0,0,0,0.70858,99.9626,0,822083584,0,444596224,4194304,515899392,201326592,0,62128128,0,1,4.26822,0,0,0,1,1,3,7.99583,100,100,1024,0,0,0,40
conv,9131,2097152,256,16,16,0,1,8,1,1,0,16,16,8,28211634,27773664,2,74125388,27787273,2,73662464,58.7323,0,0,0,0,70254592,25690112,0.723817,100.026,0,822083584,0,1107296256,104857600,729808896,748683264,0,110624768,0,1,2.48888,0,0,0,1,1,2,9.22996,100,99.2299,1024,0,392,0,40
conv,2910,2097152,256,16,16,0,1,8,1,7,0,16,16,2,2201751,2068654,3,39911472,2097161,3,38535168,0,0,0,0,0,0,0,0.476477,99.7754,0,822083584,0,314572800,2097152,325058560,115343360,0,49348608,0,2,7.83465,0,0,0,1,1,3,12.3604,100,100,1024,0,0,0,56
conv,20266,8388608,256,16,16,0,2,1,1,1,0,16,16,8,59923594,60805386,3,255052772,62914569,2,212860928,50.7815,0,0,0,0,205520896,58720256,0.718903,99.8769,0,822083584,0,4395630592,411041792,1837105152,251658240,0,243269632,0,1,1.11937,0,0,0,1,1,3,8.01733,100,99.1379,1024,0,224,0,38
conv,11015,8388608,256,16,16,0,2,1,1,7,0,16,16,1,2103315,2069306,3,152305712,4194313,2,110100480,0,0,0,0,0,0,0,0.948733,99.9677,0,822083584,0,511705088,8388608,897581056,251658240,0,77856768,0,1,2.05976,0,0,0,1,1,2,4.41584,100,100,1024,0,0,0,32
conv,20308,8388608,256,16,16,0,2,1,2,1,0,16,16,8,60147335,60805982,3,255051216,60817417,2,212860928,51.1184,0,0,0,0,205520896,58720256,0.71915,99.944,0,822083584,0,4437573632,411041792,1828716544,268435456,0,244842496,0,1,1.11827,0,0,0,1,1,3,8.03831,100,99.1435,1024,0,224,0,36
conv,10996,8388608,256,16,16,0,2,1,2,7,0,16,16,1,2103315,2067602,3,152305712,2097289,2,110100480,0,0,0,0,0,0,0,0.693835,99.9811,0,822083584,0,562036736,8388608,889192448,436207616,0,84934656,0,1,2.06272,0,0,0,1,1,2,4.90584,100,100,1024,0,0,0,40
conv,13563,4194304,256,16,16,0,2,2,1,1,0,16,16,7,39205884,35633406,3,149124740,37748745,2,139460608,51.5229,0,0,0,0,160432128,33554432,0.721754,99.6201,0,822083584,0,1925185536,209715200,1241513984,364904448,0,144310272,0,1,1.67233,0,0,0,1,1,3,7.40912,100,98.8193,1024,0,256,0,40
conv,5729,4194304,256,16,16,0,2,2,1,7,0,16,16,1,2103315,2069254,3,86114352,4194313,2,59244544,0,0,0,0,0,0,0,0.711096,99.8823,0,822083584,0,369098752,4194304,490733568,230686720,0,59899904,0,1,3.9657,0,0,0,1,1,2,6.96921,100,100,1024,0,0,0,40
conv,14464,4194304,256,16,16,0,2,2,2,1,0,16,16,8,52020334,35642326,3,152600624,35651593,2,139460608,53.1357,0,0,0,0,160432128,33554432,0.969593,100.004,0,822083584,0,1962934272,209715200,1233125376,364904448,0,145227776,0,1,1.56949,0,0,0,1,1,3,7.07899,100,98.8267,1024,0,256,0,32
conv,5707,4194304,256,16,16,0,2,2,2,7,0,16,16,1,2103411,2067258,3,86114448,2097161,2,59244544,0,0,0,0,0,0,0,0.711942,99.9144,0,822083584,0,406847488,4194304,482344960,239075328,0,61079552,0,1,3.98208,0,0,0,1,1,2,7.15845,100,100,1024,0,0,0,40
conv,8343,2097152,256,16,16,0,2,4,1,1,0,16,16,8,27410169,23054778,3,104273300,25165833,3,102760448,55.6673,0,0,0,0,137887744,20971520,0.680637,99.9123,0,822083584,0,1042284544,104857600,910163968,402653184,0,103415808,0,1,2.73202,0,0,0,1,1,3,8.14804,100,99.1762,1024,0,320,0,40
conv,3075,2097152,256,16,16,0,2,4,1,7,0,16,16,2,2118144,2068726,4,53018872,4194313,2,33816576,0,0,0,0,0,0,0,0.477173,99.8567,0,822083584,0,264241152,2097152,287309824,115343360,0,46596096,0,1,7.41363,0,0,0,1,1,3,10.6829,100,100,1024,0,0,0,56
conv,8367,2097152,256,16,16,0,2,4,2,1,0,16,16,8,27719016,23053450,3,103467044,23068681,3,102760448,56.5157,0,0,0,0,137887744,20971520,0.687144,100.129,0,822083584,0,1056964608,104857600,901775360,411041792,0,103874560,0,1,2.71849,0,0,0,1,1,3,8.19402,100,99.1798,1024,0,320,0,40
conv,3058,2097152,256,16,16,0,2,4,2,7,0,16,16,2,2118603,2067150,3,53018728,2097161,2,33816576,0,0,0,0,0,0,0,0.477062,99.8795,0,822083584,0,278921216,2097152,278921216,121634816,0,46989312,0,2,7.45427,0,0,0,1,1,3,10.777,100,100,1024,0,0,0,56
conv,7607,1048576,256,16,16,0,2,8,1,1,0,16,16,7,24837271,16754236,3,81912808,18874377,2,84410368,59.6004,0,0,0,0,126615552,14680064,0.730947,100.643,0,822083584,0,717225984,52428800,744488960,525336576,0,89849856,0,1,2.99937,0,0,0,1,1,3,8.79288,100,99.5259,1024,0,448,0,38
conv,1769,1048576,256,16,16,0,2,8,1,7,0,16,16,4,2201775,2068542,4,36471552,4194313,3,21102592,0,0,0,0,0,0,0,0.357099,99.8153,0,822083584,0,203423744,1048576,185597952,87031808,0,40599552,0,2,13.014,0,0,0,1,1,3,17.4461,100,100,768,0,0,0,80
conv,7976,1048576,256,16,16,0,2,8,2,1,0,16,16,6,20818129,16753874,2,77506772,16777225,2,84410368,59.2708,0,0,0,0,126615552,14680064,0.610915,99.7452,0,822083584,0,727711744,52428800,736100352,475004928,0,88342528,0,1,2.8514,0,0,0,1,1,3,8.11714,100,99.5178,1024,0,448,0,42
conv,1752,1048576,256,16,16,0,2,8,2,7,0,16,16,4,2201805,2066710,4,36470832,2097161,3,21102592,0,0,0,0,0,0,0,0.356288,99.9009,0,822083584,0,214958080,1048576,177209344,80740352,0,40501248,0,2,13.1211,0,0,0,1,1,3,17.608,100,100,768,0,0,0,80
conv,19201,4194304,256,16,16,0,4,1,1,1,0,16,16,8,82711052,38787480,3,265079528,45088825,2,165150720,44.9237,0,0,0,0,205520896,36700160,0.67573,99.694,0,822083584,0,2403336192,205520896,1484783616,163577856,0,159776768,0,1,1.17769,0,0,0,1,1,2,5.62977,100,99.3437,1024,0,280,0,35
conv,7069,4194304,256,16,16,0,4,1,1,7,0,16,16,1,2103491,2069222,5,162398432,8388617,2,62390272,0,0,0,0,0,0,0,0.461149,99.9823,0,822083584,0,255852544,4194304,515899392,184549376,0,55705600,0,1,3.21656,0,0,0,1,1,2,4.87563,100,100,1024,0,0,0,56
conv,19344,4194304,256,16,16,0,4,1,2,1,0,16,16,8,83396568,38787174,3,265065948,40894473,2,165150720,45.555,0,0,0,0,205520896,36700160,0.683256,99.9911,0,822083584,0,2428502016,205520896,1476395008,167772160,0,160432128,0,1,1.17017,0,0,0,1,1,2,5.91154,100,99.3464,1024,0,280,0,36
conv,6959,4194304,256,16,16,0,4,1,2,7,0,16,16,1,2103315,2069190,4,162398256,4194313,2,62390272,0,0,0,0,0,0,0,0.464391,99.9478,0,822083584,0,281018368,4194304,507510784,184549376,0,56229888,0,1,3.26754,0,0,0,1,1,2,5.27136,100,100,1024,0,0,0,56
conv,19285,4194304,256,16,16,0,4,1,4,1,0,16,16,8,81689448,38786004,3,264962556,38797321,2,165150720,45.8723,0,0,0,0,205520896,36700160,0.68242,101.011,0,822083584,0,2432696320,205520896,1472200704,171966464,0,160563200,0,1,1.18256,0,0,0,1,1,2,5.60918,100,99.3469,1024,0,280,0,36
conv,6940,4194304,256,16,16,0,4,1,4,7,0,16,16,1,2103683,2067318,4,162399312,2097161,2,62390272,0,0,0,0,0,0,0,0.465644,99.948,0,822083584,0,285212672,4194304,503316480,192937984,0,56492032,0,1,3.27588,0,0,0,1,1,2,5.10098,100,100,1024,0,0,0,56
conv,12680,2097152,256,16,16,0,4,2,1,1,0,16,16,8,56695922,23057188,3,164492796,29360137,2,125304832,48.102,0,0,0,0,182976512,20971520,0.721811,99.8739,0,822083584,0,962592768,104857600,1082130432,199229440,0,99942400,0,1,1.7923,0,0,0,1,1,3,4.94013,100,99.1475,1024,0,320,0,39
conv,3793,2097152,256,16,16,0,4,2,1,7,0,16,16,2,2103315,2068750,5,92340272,8388617,2,33816576,0,0,0,0,0,0,0,0.475579,99.765,0,822083584,0,184549376,2097152,287309824,100663296,0,43646976,0,1,6.00731,0,0,0,1,1,2,7.94255,100,100,1024,0,0,0,56
conv,12613,2097152,256,16,16,0,4,2,2,1,0,16,16,8,56515089,23057090,3,163551084,25165833,2,125304832,48.7538,0,0,0,0,182976512,20971520,0.720713,99.9883,0,822083584,0,981467136,104857600,1073741824,190840832,0,100007936,0,1,1.79064,0,0,0,1,1,3,4.94361,100,99.1481,1024,0,320,0,40
conv,3680,2097152,256,16,16,0,4,2,2,7,0,16,16,2,2103323,2068898,5,92340512,4194313,2,33816576,0,0,0,0,0,0,0,0.481275,99.797,0,822083584,0,203423744,2097152,278921216,117440512,0,44498944,0,1,6.1909,0,0,0,1,1,2,8.40408,100,100,1024,0,0,0,56
conv,12632,2097152,256,16,16,0,4,2,4,1,0,16,16,8,56817556,23056618,3,164169924,23068809,2,125304832,49.5662,0,0,0,0,182976512,20971520,0.72047,99.8138,0,822083584,0,985661440,104857600,1069547520,195035136,0,100139008,0,1,1.78418,0,0,0,1,1,3,4.99365,100,99.1492,1024,0,320,0,37
conv,3677,2097152,256,16,16,0,4,2,4,7,0,16,16,2,2103316,2067490,5,92340288,2097161,2,33816576,0,0,0,0,0,0,0,0.478171,99.9123,0,822083584,0,207618048,2097152,274726912,104857600,0,44105728,0,1,6.19766,0,0,0,1,1,2,8.41931,100,100,1024,0,0,0,56
conv,8668,1048576,256,16,16,0,4,4,1,1,0,16,16,8,37855114,15187832,3,133911252,21495817,3,105381888,57.5856,0,0,0,0,171704320,13107200,0.576549,99.9705,0,822083584,0,682622976,52428800,900726784,365953024,0,88670208,0,1,2.62319,0,0,0,1,1,3,6.95537,100,99.5196,1024,0,400,0,48
conv,2205,1048576,256,16,16,0,4,4,1,7,0,16,16,3,2132455,2068538,5,57311960,8388617,2,19529728,0,0,0,0,0,0,0,0.354796,99.8784,0,822083584,0,132120576,1048576,173015040,75497472,0,37617664,0,2,10.3936,0,0,0,1,1,2,12.5574,100,100,768,0,0,0,80
conv,9470,1048576,256,16,16,0,4,4,2,1,0,16,16,8,43208230,15185202,3,135582124,17301513,2,105381888,59.8387,0,0,0,0,171704320,13107200,0.72752,99.3667,0,822083584,0,535822336,52428800,892338176,208666624,0,78905344,0,1,2.39353,0,0,0,1,1,3,4.93794,100,99.4601,1024,0,400,0,38
conv,2087,1048576,256,16,16,0,4,4,2,7,0,16,16,3,2115998,2068842,5,57311280,4194313,2,19529728,0,0,0,0,0,0,0,0.358079,99.4587,0,822083584,0,139460608,1048576,164626432,54525952,0,36929536,0,2,10.9849,0,0,0,1,1,2,13.4968,100,100,896,0,0,0,72
conv,9543,1048576,256,16,16,0,4,4,4,1,0,16,16,8,43345444,15184510,3,134596300,15204361,2,105381888,60.4192,0,0,0,0,171704320,13107200,0.727267,100.785,0,822083584,0,540016640,52428800,888143872,208666624,0,78905344,0,1,2.38424,0,0,0,1,1,3,4.86774,100,99.4601,1024,0,400,0,40
conv,2062,1048576,256,16,16,0,4,4,4,7,0,16,16,3,2116914,2067066,5,57311280,2097161,2,19529728,0,0,0,0,0,0,0,0.361471,99.3844,0,822083584,0,143654912,1048576,160432128,39845888,0,36470784,0,2,11.0864,0,0,0,1,1,2,13.6744,100,100,896,0,0,0,72
conv,6967,524288,256,16,16,0,4,8,1,1,0,16,16,8,29698314,11314190,4,121730348,17563657,3,95420416,65.3342,0,0,0,0,166068224,9175040,0.476748,100.284,0,822083584,0,384827392,26214400,798490624,316669952,0,73596928,0,1,3.27889,0,0,0,1,1,3,7.06944,100,99.7106,1024,0,560,0,56
conv,1464,524288,256,16,16,0,4,8,1,7,0,16,16,4,2203465,2088303,6,39796784,8388617,2,12386304,0,0,0,0,0,0,0,0.24365,101.124,0,822083584,0,101711872,524288,115867648,45088768,0,33914880,0,2,15.6656,0,0,0,1,1,2,17.8241,100,100,512,0,0,0,128
conv,7103,524288,256,16,16,0,4,8,2,1,0,16,16,8,30734260,11251615,4,121769644,13369353,3,95420416,67.495,0,0,0,0,166068224,9175040,0.476438,98.4764,0,822083584,0,398458880,26214400,790102016,341835776,0,74547200,0,1,3.17284,0,0,0,1,1,3,7.0834,100,99.7143,1024,0,560,0,56
conv,1313,524288,256,16,16,0,4,8,2,7,0,16,16,5,2207709,2068674,6,39797056,4194313,2,12386304,0,0,0,0,0,0,0,0.240269,101.366,0,822083584,0,107479040,524288,107479040,45613056,0,33849344,0,2,17.437,0,0,0,1,1,2,19.7374,100,100,512,0,0,0,128
conv,5910,524288,256,16,16,0,4,8,4,1,0,16,16,8,22353479,11248518,4,113173984,11272201,3,95420416,66.2659,0,0,0,0,166068224,9175040,0.365151,99.9128,0,822083584,0,402653184,26214400,785907712,317718528,0,73793536,0,1,3.85188,0,0,0,1,1,4,8.58379,100,99.7114,896,0,560,0,68
conv,1288,524288,256,16,16,0,4,8,4,7,0,16,16,5,2209526,2066046,6,39796784,2097161,2,12386304,0,0,0,0,0,0,0,0.236483,99.5307,0,822083584,0,111673344,524288,103284736,45088768,0,33832960,0,3,18.1911,0,0,0,1,1,3,21.2968,100,100,512,0,0,0,128
conv,18047,2097152,256,16,16,0,8,1,1,1,0,16,16,8,85985186,27762235,4,311464320,42467337,2,141295616,36.2773,0,0,0,0,205520896,25690112,0.551602,97.5634,0,822083584,0,1201668096,102760448,1249902592,106954752,0,109379584,0,1,1.23607,0,0,0,1,1,2,4.62867,100,99.5207,1024,0,392,0,36
conv,6214,2097152,256,16,16,0,8,1,1,7,0,16,16,1,2104027,2069030,7,208732928,16777225,2,38535168,0,0,0,0,0,0,0,0.357018,99.8154,0,822083584,0,127926272,2097152,325058560,75497472,0,42270720,0,1,3.66348,0,0,0,1,1,2,4.66323,100,100,768,0,0,0,80
conv,18523,2097152,256,16,16,0,8,1,2,1,0,16,16,8,85063413,27760537,4,311450128,34078729,2,141295616,37.1501,0,0,0,0,205520896,25690112,0.563726,100.139,0,822083584,0,1214251008,102760448,1241513984,102760448,0,109379584,0,1,1.23861,0,0,0,1,1,2,4.52835,100,99.5207,1024,0,392,0,36
conv,6062,2097152,256,16,16,0,8,1,2,7,0,16,16,1,2104027,2069094,6,208732928,8388617,2,38535168,0,0,0,0,0,0,0,0.363186,99.9212,0,822083584,0,140509184,2097152,316669952,79691776,0,42532864,0,1,3.7464,0,0,0,1,1,2,4.80201,100,100,768,0,0,0,80
conv,18261,2097152,256,16,16,0,8,1,4,1,0,16,16,8,83679354,27754532,4,311442920,29884425,2,141295616,37.5997,0,0,0,0,205520896,25690112,0.552295,99.5439,0,822083584,0,1216348160,102760448,1237319680,98566144,0,109182976,0,1,1.26143,0,0,0,1,1,2,4.45508,100,99.5198,1024,0,392,0,36
conv,6049,2097152,256,16,16,0,8,1,4,7,0,16,16,1,2103547,2069338,6,208732760,4194313,2,38535168,0,0,0,0,0,0,0,0.362103,100.385,0,822083584,0,144703488,2097152,312475648,60817408,0,41943040,0,1,3.77396,0,0,0,1,1,2,4.72861,100,100,768,0,0,0,80
conv,14008,1048576,256,16,16,0,8,2,1,1,0,16,16,8,68023191,16763796,3,215774124,31457289,2,118226944,45.047,0,0,0,0,194248704,14680064,0.720553,99.4918,0,822083584,0,642777088,52428800,1002438656,59768832,0,81035264,0,1,1.61858,0,0,0,1,1,2,3.49698,100,99.4743,1024,0,448,0,40
conv,3298,1048576,256,16,16,0,8,2,1,7,0,16,16,2,2103320,2068930,7,119046424,16777225,2,21102592,0,0,0,0,0,0,0,0.237038,100.7,0,822083584,0,92274688,1048576,185597952,71303168,0,36634624,0,1,6.99248,0,0,0,1,1,2,8.21977,100,100,640,0,0,0,96
conv,13848,1048576,256,16,16,0,8,2,2,1,0,16,16,8,68003799,16762718,3,213138132,23068681,2,118226944,46.0139,0,0,0,0,194248704,14680064,0.722383,100.553,0,822083584,0,490733568,52428800,994050048,100663296,0,77299712,0,1,1.62961,0,0,0,1,1,2,3.08469,100,99.4489,1024,0,448,0,37
conv,3206,1048576,256,16,16,0,8,2,2,7,0,16,16,2,2103316,2069198,7,119046240,8388617,2,21102592,0,0,0,0,0,0,0,0.230313,99.9818,0,822083584,0,101711872,1048576,177209344,74448896,0,36765696,0,1,7.14466,0,0,0,1,1,2,8.45914,100,100,640,0,0,0,96
conv,14419,1048576,256,16,16,0,8,2,4,1,0,16,16,8,70564785,16764394,3,212801928,18874377,2,118226944,46.7775,0,0,0,0,194248704,14680064,0.730034,100.115,0,822083584,0,492830720,52428800,989855744,98566144,0,77168640,0,1,1.56914,0,0,0,1,1,2,2.94925,100,99.448,1024,0,448,0,40
conv,3145,1048576,256,16,16,0,8,2,4,7,0,16,16,2,2103315,2069202,7,119046192,4194313,2,21102592,0,0,0,0,0,0,0,0.235343,99.7037,0,822083584,0,104857600,1048576,173015040,76546048,0,36798464,0,1,7.25809,0,0,0,1,1,2,8.80301,100,100,640,0,0,0,96
conv,12837,524288,256,16,16,0,8,4,1,1,0,16,16,8,65982229,11325150,3,168036476,25952265,2,106692608,53.0437,0,0,0,0,188612608,9175040,0.592294,99.4985,0,822083584,0,355467264,26214400,889716736,113770496,0,69189632,0,1,1.76827,0,0,0,1,1,2,3.17634,100,99.6922,1024,0,560,0,48
conv,2382,524288,256,16,16,0,8,4,1,7,0,16,16,3,2141015,2118517,7,74203192,16777225,1,12386304,0,0,0,0,0,0,0,0.243732,99.2258,0,822083584,0,66060288,524288,115867648,38273024,0,32587776,0,2,9.57993,0,0,0,1,1,2,10.6654,100,100,512,0,0,0,128
conv,12901,524288,256,16,16,0,8,4,2,1,0,16,16,8,67525717,11253001,3,168108116,17563785,2,106692608,55.5207,0,0,0,0,188612608,9175040,0.595119,99.6594,0,822083584,0,362807296,26214400,881328128,112721920,0,69124096,0,1,1.75736,0,0,0,1,1,2,3.15045,100,99.6919,1024,0,560,0,48
conv,2127,524288,256,16,16,0,8,4,2,7,0,16,16,3,2116488,2073464,7,74203184,8388617,2,12386304,0,0,0,0,0,0,0,0.241768,98.7977,0,822083584,0,69730304,524288,107479040,40370176,0,32505856,0,2,10.8245,0,0,0,1,1,2,12.054,100,100,512,0,0,0,128
conv,10808,524288,256,16,16,0,8,4,4,1,0,16,16,8,52168911,11251658,3,165651380,13369353,2,106692608,56.2112,0,0,0,0,188612608,9175040,0.485603,99.871,0,822083584,0,365428736,26214400,877133824,189267968,0,71467008,0,1,2.10637,0,0,0,1,1,2,3.95632,100,99.702,1024,0,560,0,56
conv,2052,524288,256,16,16,0,8,4,4,7,0,16,16,3,2122212,2068714,7,74203320,4194313,2,12386304,0,0,0,0,0,0,0,0.243348,99.0874,0,822083584,0,72351744,524288,103284736,41943040,0,32505856,0,2,11.2286,0,0,0,1,1,2,12.4674,100,100,512,0,0,0,128
conv,7781,262144,256,16,16,0,8,8,1,1,0,16,16,7,32547406,9711977,4,144678936,23199753,3,100925440,59.1615,0,0,0,0,185794560,6422528,0.243049,99.564,0,822083584,0,192413696,13107200,870055936,210239488,0,65978368,0,1,2.94921,0,0,0,1,1,3,5.32016,100,99.8386,640,0,784,0,96
conv,3500,262144,256,16,16,0,8,8,1,7,0,16,16,2,2316049,2825895,4,52044016,16777225,1,8028160,0,0,0,0,0,0,0,0.124759,99.0579,0,822083584,0,50855936,262144,81002496,31195136,0,30793728,0,1,6.4831,0,0,0,1,1,1,7.09646,100,100,384,0,0,0,168
conv,7444,262144,256,16,16,0,8,8,2,1,0,16,16,7,32408280,8553321,4,144679600,14811145,3,100925440,62.2734,0,0,0,0,185794560,6422528,0.244413,100.202,0,822083584,0,199229440,13107200,861667328,208928768,0,65888256,0,1,3.09028,0,0,0,1,1,3,5.72302,100,99.8384,512,0,784,0,124
conv,3229,262144,256,16,16,0,8,8,2,7,0,16,16,2,2305194,2326229,4,52043248,8388617,1,8028160,0,0,0,0,0,0,0,0.124436,98.7547,0,822083584,0,53739520,262144,72613888,28049408,0,30523392,0,1,7.01652,0,0,0,1,1,1,7.65397,100,100,256,0,0,0,237
conv,7361,262144,256,16,16,0,8,8,4,1,0,16,16,7,32637314,8491890,4,144679268,10616841,3,100925440,63.9553,0,0,0,0,185794560,6422528,0.24393,98.6608,0,822083584,0,201588736,13107200,857473024,222035968,0,66240512,0,1,3.09805,0,0,0,1,1,3,5.66381,100,99.8392,640,0,784,0,96
conv,3147,262144,256,16,16,0,8,8,4,7,0,16,16,2,2303076,2071570,3,52042480,4194313,1,8028160,0,0,0,0,0,0,0,0.124502,98.7633,0,822083584,0,56098816,262144,68419584,30146560,0,30531584,0,1,7.20944,0,0,0,1,1,1,7.9056,100,100,256,0,0,0,218
conv,31412,16777216,256,16,16,1,1,1,1,1,0,16,16,8,84482671,104848518,2,136381832,104857609,2,211288064,85.1942,1,49.0512,51380224,3014656,205520896,102760448,0.968551,99.9867,0,822083584,0,9361686528,822083584,3385327616,352321536,0,472383488,0,1,0.721335,0,0,0,1,1,2,12.4123,100,97.534,1024,1936,200,0,32
conv,31403,16777216,256,16,16,1,1,1,1,1,1,16,16,8,84463269,104848546,2,136381032,104857609,2,211288064,85.1942,1,49.0512,51380224,3014656,205520896,102760448,0.967669,99.9976,0,822083584,0,9361686528,822083584,3385327616,352321536,0,472383488,0,1,0.722141,0,0,0,1,1,2,12.4248,100,97.534,1024,2024,200,0,32
conv,16430,16777216,256,16,16,1,1,1,1,7,0,16,16,1,2103771,2068638,1,33620616,2097161,2,108527616,0,2,49.0512,51380224,3014656,0,0,0.92426,99.9768,0,822083584,0,771751936,16777216,1741160448,687865856,0,133693440,0,1,1.37579,0,0,0,1,1,2,5.61725,100,94.424,1024,1936,0,0,31
conv,16431,16777216,256,16,16,1,1,1,1,7,1,16,16,1,2103315,2068570,1,33620128,2097161,2,108527616,0,2,49.0512,51380224,3014656,0,0,0.924136,99.9756,0,822083584,0,771751936,16777216,1741160448,687865856,0,133693440,0,1,1.37573,0,0,0,1,1,2,5.61713,100,94.424,1024,2024,0,0,31
conv,19765,8388608,256,16,16,1,1,2,1,1,0,16,16,8,51680012,60809282,2,77365312,60817417,2,114032640,84.2305,1,48.6781,29360128,2555904,115343360,58720256,0.973692,100.541,0,822083584,0,3825205248,419430400,1539571712,276824064,0,226230272,0,1,1.14463,0,0,0,1,1,2,8.59707,100,95.0789,1024,3344,224,0,32
conv,20047,8388608,256,16,16,1,1,2,1,1,1,16,16,8,52204221,60810074,2,77365296,60817417,2,114032640,84.2305,1,48.6781,29360128,2555904,115343360,58720256,0.972984,100.055,0,822083584,0,3825205248,419430400,1539571712,276824064,0,226230272,0,1,1.13484,0,0,0,1,1,2,8.56494,100,95.0789,1024,3496,224,0,32
conv,8364,8388608,256,16,16,1,1,2,1,7,0,16,16,1,2103331,2068530,1,19693616,2097209,2,56360960,0,2,48.6781,29360128,2555904,0,0,0.921102,99.9797,0,822083584,0,704643072,8388608,960757760,360710144,0,96993280,0,1,2.70753,0,0,0,1,1,2,7.54453,100,92.0355,1024,3344,0,0,32
conv,8363,8388608,256,16,16,1,1,2,1,7,1,16,16,1,2103327,2068550,1,19693616,2097161,2,56360960,0,2,48.6781,29360128,2555904,0,0,0.921277,99.9513,0,822083584,0,704643072,8388608,960757760,360710144,0,96993280,0,1,2.70711,0,0,0,1,1,2,7.54547,100,92.0355,1024,3496,0,0,32
conv,12793,4194304,256,16,16,1,1,4,1,1,0,16,16,8,35672184,38787226,2,60481816,38797321,2,87949312,85.3509,1,48.0352,18350080,2392064,115343360,36700160,0.977476,97.0515,0,822083584,0,2086731776,209715200,1178730496,603979776,0,167641088,0,1,1.78423,0,0,0,1,1,2,10.262,100,91.3641,1024,6160,280,0,32
conv,12791,4194304,256,16,16,1,1,4,1,1,1,16,16,8,35295785,38788614,2,60648340,38797321,2,87949312,84.9405,1,48.0352,18350080,2392064,115343360,36700160,0.973681,101.663,0,822083584,0,2086731776,209715200,1178730496,603979776,0,167641088,0,1,1.80411,0,0,0,1,1,2,9.90569,100,91.3641,1024,6440,280,0,32
conv,4302,4194304,256,16,16,1,1,4,1,7,0,16,16,2,2199027,2068522,1,12730568,2097161,2,30277632,0,2,48.0352,18350080,2392064,0,0,0.929325,99.9444,0,822083584,0,553648128,4194304,570556416,255852544,0,76677120,0,1,5.27857,0,0,0,1,1,2,11.7225,100,89.9199,1024,6160,0,0,32
conv,4302,4194304,256,16,16,1,1,4,1,7,1,16,16,2,2199155,2068506,1,12730872,2097161,2,30277632,0,2,48.0352,18350080,2392064,0,0,0.92895,99.9458,0,822083584,0,553648128,4194304,570556416,255852544,0,76677120,0,1,5.27865,0,0,0,1,1,2,11.7225,100,89.9199,1024,6440,0,0,32
conv,8871,2097152,256,16,16,1,1,8,1,1,0,16,16,8,26802547,27771560,2,42233492,27787273,2,52363264,83.7964,1,88.1413,6422528,1720320,70254592,25690112,0.732721,99.4608,0,822083584,0,1217822720,104857600,759234560,767557632,0,131661824,0,1,2.54615,0,0,0,1,1,2,11.5987,100,87.1446,1024,11792,392,0,40
conv,8917,2097152,256,16,16,1,1,8,1,1,1,16,16,8,26782637,27772798,2,42250308,27787273,2,52363264,83.8171,1,47.5638,12845056,2244608,70254592,25690112,0.731791,99.5452,0,822083584,0,1217822720,104857600,759234560,767557632,0,131661824,0,1,2.55233,0,0,0,1,1,2,11.617,100,87.1446,1024,12328,392,0,40
conv,2269,2097152,256,16,16,1,1,8,1,7,0,16,16,3,2201850,2068506,1,9248816,2097161,2,17235968,0,2,88.1413,6422528,1720320,0,0,0.940766,99.8732,0,822083584,0,428277760,2097152,375455744,163577856,0,73203712,0,2,10.0524,0,0,0,1,1,2,22.6991,100,76.4772,1024,11792,0,0,32
conv,2272,2097152,256,16,16,1,1,8,1,7,1,16,16,3,2201781,2068506,1,9248816,2097161,2,17235968,0,3,47.5638,12845056,2244608,0,0,0.830753,99.9019,0,822083584,0,428277760,2097152,375455744,163577856,0,73203712,0,2,10.0479,0,0,0,1,1,2,22.6825,100,76.4772,1024,12328,0,0,32
conv,22086,8388608,256,16,16,1,2,1,1,1,0,16,16,8,76468341,60808946,2,125621480,62914569,2,159907840,85.5694,1,87.8009,14680064,3014656,205520896,58720256,0.936601,99.9244,0,822083584,0,4345298944,411041792,1665400832,587202560,0,254541824,0,1,1.02751,0,0,0,1,1,2,8.22705,100,96.1412,1024,3344,224,0,32
conv,22124,8388608,256,16,16,1,2,1,1,1,1,16,16,8,77188284,60810174,2,125652772,62914569,2,159907840,85.6077,1,91.1779,14680064,2359296,205520896,58720256,0.939631,100.013,0,822083584,0,4345298944,411041792,1900281856,268435456,0,251920384,0,1,1.02412,0,0,0,1,1,2,8.25526,100,96.1011,1024,3432,224,0,32
conv,8382,8388608,256,16,16,1,2,1,1,7,0,16,16,1,2103315,2068538,1,22938232,4194313,2,57147392,0,1,87.8009,14680064,3014656,0,0,0.710155,99.9539,0,822083584,0,461373440,8388608,725876736,385875968,0,82837504,0,1,2.69999,0,0,0,1,1,2,6.61598,100,90.6744,1024,3344,0,0,37
conv,8395,8388608,256,16,16,1,2,1,1,7,1,16,16,1,2103315,2068530,1,22937648,4194313,2,57147392,0,1,91.1779,14680064,2359296,0,0,0.941237,99.9478,0,822083584,0,461373440,8388608,960757760,402653184,0,90701824,0,1,2.69656,0,0,0,1,1,2,6.93834,100,91.483,1024,3432,0,0,32
conv,19999,8388608,256,16,16,1,2,1,2,1,0,16,16,8,59538027,60805370,2,125670268,60817465,2,159907840,86.5757,1,87.8009,14680064,3014656,205520896,58720256,0.721287,100.205,0,822083584,0,4387241984,411041792,1657012224,293601280,0,246415360,0,1,1.13594,0,0,0,1,1,2,8.28283,100,96.014,1024,3344,224,0,36
conv,22149,8388608,256,16,16,1,2,1,2,1,1,16,16,8,77137290,60809626,2,125669792,60817545,2,159907840,86.573,1,91.1779,14680064,2359296,205520896,58720256,0.943366,100.153,0,822083584,0,4387241984,411041792,1891893248,276824064,0,253231104,0,1,1.0236,0,0,0,1,1,2,7.77001,100,96.1212,1024,3432,224,0,32
conv,8331,8388608,256,16,16,1,2,1,2,7,0,16,16,1,2103315,2064462,1,22937648,2097161,2,57147392,0,1,87.8009,14680064,3014656,0,0,0.71875,100.032,0,822083584,0,503316480,8388608,717488128,343932928,0,82575360,0,1,2.71694,0,0,0,1,1,2,6.59692,100,90.6448,1024,3344,0,0,37
conv,8412,8388608,256,16,16,1,2,1,2,7,1,16,16,1,2104923,2064474,1,22939320,2097161,2,57147392,0,1,91.1779,14680064,2359296,0,0,0.921482,99.9504,0,822083584,0,503316480,8388608,952369152,427819008,0,92536832,0,1,2.69129,0,0,0,1,1,2,7.08952,100,91.6519,1024,3432,0,0,32
conv,14222,4194304,256,16,16,1,2,2,1,1,0,16,16,8,51423082,35642370,2,75193424,37748745,2,110886912,82.8811,1,83.4019,8388608,2555904,160432128,33554432,0.976124,99.9529,0,822083584,0,1937932288,209715200,1116864512,587202560,0,161087488,0,1,1.59299,0,0,0,1,1,2,7.90415,100,90.6689,1024,5776,256,0,32
conv,13269,4194304,256,16,16,1,2,2,1,1,1,16,16,7,36876171,35631826,2,73796792,37748745,2,110886912,82.6706,1,76.11,9437184,2555904,160432128,33554432,0.727703,99.8629,0,822083584,0,1937932288,209715200,1133641728,583008256,0,161480704,0,1,1.71035,0,0,0,1,1,2,8.48536,100,90.6916,1024,5928,256,0,40
conv,4339,4194304,256,16,16,1,2,2,1,7,0,16,16,2,2103315,2068506,1,15138864,4194313,2,30670848,0,1,83.4019,8388608,2555904,0,0,0.704489,99.9424,0,822083584,0,406847488,4194304,408027136,230686720,0,66453504,0,1,5.23175,0,0,0,1,1,2,10.7908,100,88.0239,1024,5776,0,0,35
conv,4343,4194304,256,16,16,1,2,2,1,7,1,16,16,2,2103315,2068494,1,15140032,4194313,2,30670848,0,1,76.11,9437184,2555904,0,0,0.938899,99.8836,0,822083584,0,406847488,4194304,424804352,243269632,0,67371008,0,1,5.225,0,0,0,1,1,2,10.89,100,88.187,1024,5928,0,0,32
conv,14232,4194304,256,16,16,1,2,2,2,1,0,16,16,8,51342731,35642022,2,75405216,35651593,2,110886912,84.4638,1,83.4019,8388608,2555904,160432128,33554432,0.974904,99.9485,0,822083584,0,1975681024,209715200,1108475904,566231040,0,161349632,0,1,1.59332,0,0,0,1,1,2,7.9631,100,90.684,1024,5776,256,0,32
conv,13294,4194304,256,16,16,1,2,2,2,1,1,16,16,7,36943185,35636982,2,73768788,35651593,2,110886912,84.2551,1,76.11,9437184,2555904,160432128,33554432,0.728704,99.7344,0,822083584,0,1975681024,209715200,1125253120,591396864,0,162660352,0,1,1.70545,0,0,0,1,1,2,8.50687,100,90.7591,1024,5928,256,0,40
conv,4302,4194304,256,16,16,1,2,2,2,7,0,16,16,2,2103423,2064426,1,15138864,2097161,2,30670848,0,1,83.4019,8388608,2555904,0,0,0.715355,99.8837,0,822083584,0,444596224,4194304,399638528,222298112,0,67108864,0,1,5.27283,0,0,0,1,1,2,10.6664,100,88.1409,1024,5776,0,0,35
conv,4325,4194304,256,16,16,1,2,2,2,7,1,16,16,2,2103415,2064369,1,15138960,2097161,2,30670848,0,1,76.11,9437184,2555904,0,0,0.938863,99.9399,0,822083584,0,444596224,4194304,416415744,234881024,0,68026368,0,1,5.24873,0,0,0,1,1,2,10.6921,100,88.3008,1024,5928,0,0,32
conv,8222,2097152,256,16,16,1,2,4,1,1,0,16,16,8,26295289,23048742,2,53668720,25165833,2,86376448,80.4295,1,77.5885,5242880,2392064,137887744,20971520,0.721739,100.064,0,822083584,0,1100939264,104857600,842596352,549453824,0,124715008,0,1,2.76164,0,0,0,1,1,3,10.1671,100,85.6936,1024,10640,320,0,40
conv,7864,2097152,256,16,16,1,2,4,1,1,1,16,16,8,23239423,23040822,2,51578116,25165833,2,86376448,79.8133,1,71.455,5898240,2392064,137887744,20971520,0.608759,99.8752,0,822083584,0,1100939264,104857600,853082112,683671552,0,129236992,0,1,2.88589,0,0,0,1,1,3,11.0573,100,86.1942,1024,10920,320,0,42
conv,2291,2097152,256,16,16,1,2,4,1,7,0,16,16,3,2149787,2068498,2,11239472,4194441,2,17432576,0,2,77.5885,5242880,2392064,0,0,0.479257,99.8446,0,822083584,0,333611008,2097152,249102336,159383552,0,62259200,0,2,9.96556,0,0,0,1,1,2,20.3449,100,78.6168,1024,10640,0,0,54
conv,2317,2097152,256,16,16,1,2,4,1,7,1,16,16,3,2148437,2068506,2,11239576,4194313,2,17432576,0,2,71.455,5898240,2392064,0,0,0.717384,99.8197,0,822083584,0,333611008,2097152,259588096,138412032,0,61931520,0,2,9.8561,0,0,0,1,1,2,20.0763,100,78.5036,1024,10920,0,0,40
conv,9038,2097152,256,16,16,1,2,4,2,1,0,16,16,8,32055362,23050730,2,58514296,23068681,2,86376448,83.7468,1,77.5885,5242880,2392064,137887744,20971520,0.975207,99.3906,0,822083584,0,1115619328,104857600,834207744,612368384,0,126877696,0,1,2.51953,0,0,0,1,1,3,9.64265,100,85.9375,1024,10640,320,0,32
conv,7865,2097152,256,16,16,1,2,4,2,1,1,16,16,8,23355695,23040102,2,51493340,23068681,2,86376448,82.1917,1,71.455,5898240,2392064,137887744,20971520,0.610696,100.063,0,822083584,0,1115619328,104857600,844693504,591396864,0,126550016,0,1,2.87832,0,0,0,1,1,3,10.7948,100,85.9011,1024,10920,320,0,42
conv,2282,2097152,256,16,16,1,2,4,2,7,0,16,16,3,2158785,2064334,1,11239520,2097161,2,17432576,0,2,77.5885,5242880,2392064,0,0,0.599961,99.8767,0,822083584,0,348291072,2097152,240713728,144703488,0,61997056,0,2,10.031,0,0,0,1,1,2,20.3183,100,78.5264,1024,10640,0,0,46
conv,2301,2097152,256,16,16,1,2,4,2,7,1,16,16,3,2149635,2064442,1,11239472,2097161,2,17432576,0,2,71.455,5898240,2392064,0,0,0.71936,99.4894,0,822083584,0,348291072,2097152,251199488,155189248,0,62652416,0,2,9.90007,0,0,0,1,1,2,20.2332,100,78.751,1024,10920,0,0,40
conv,6174,1048576,256,16,16,1,2,8,1,1,0,16,16,7,16496421,16748990,2,44443908,18874377,3,74121216,78.7348,1,73.0696,3670016,2244608,126615552,14680064,0.494034,99.6015,0,822083584,0,836820992,52428800,705462272,651165696,0,111902720,0,2,3.67096,0,0,0,1,1,3,13.2858,100,85.676,1024,20368,448,0,48
conv,6150,1048576,256,16,16,1,2,8,1,1,1,16,16,7,16423022,16748790,2,44603040,18874377,3,74121216,78.6988,1,67.8101,4128768,2244608,126615552,14680064,0.494065,100.146,0,822083584,0,836820992,52428800,712802304,661651456,0,112459776,0,2,3.70165,0,0,0,1,1,3,13.06,100,85.747,1024,20904,448,0,56
conv,1280,1048576,256,16,16,1,2,8,1,7,0,16,16,5,2201759,2068506,2,9289784,4194313,2,10813440,0,2,73.0696,3670016,2244608,0,0,0.488568,99.264,0,822083584,0,320643072,1048576,169639936,103809024,0,60981248,0,4,18.0311,0,0,0,1,1,2,37.8833,100,72.626,1024,20368,0,0,64
conv,1266,1048576,256,16,16,1,2,8,1,7,1,16,16,5,2201757,2068506,2,9289776,4194313,2,10813440,0,2,67.8101,4128768,2244608,0,0,0.490036,99.2518,0,822083584,0,320643072,1048576,176979968,121634816,0,61767680,0,4,18.2703,0,0,0,1,2,2,38.6722,100,72.9746,1024,20904,0,0,64
conv,7702,1048576,256,16,16,1,2,8,2,1,0,16,16,6,16568154,16747874,2,43792940,16777225,2,74121216,81.1287,1,73.0696,3670016,2244608,126615552,14680064,0.492029,99.6249,0,822083584,0,848510976,52428800,697073664,659554304,0,112492544,0,1,2.93893,0,0,0,1,1,3,10.5626,100,85.5515,1024,20368,448,0,40
conv,7061,1048576,256,16,16,1,2,8,2,1,1,16,16,6,16292989,16747686,2,43375092,16777225,2,74121216,81.092,1,67.8101,4128768,2244608,126615552,14680064,0.492039,99.3741,0,822083584,0,848510976,52428800,704413696,665845760,0,112918528,0,1,3.20685,0,0,0,1,1,3,11.9621,100,85.606,1024,20904,448,0,44
conv,1253,1048576,256,16,16,1,2,8,2,7,0,16,16,5,2201772,2064370,2,9289776,2097161,2,10813440,0,2,73.0696,3670016,2244608,0,0,0.489522,100.585,0,822083584,0,334209024,1048576,161251328,110100480,0,61308928,0,4,18.4168,0,0,0,1,1,2,37.9986,100,72.8224,1024,20368,0,0,64
conv,1268,1048576,256,16,16,1,2,8,2,7,1,16,16,5,2201768,2064326,2,9289792,2097161,2,10813440,0,2,67.8101,4128768,2244608,0,0,0.490447,100.174,0,822083584,0,334274560,1048576,168591360,113246208,0,61669376,0,4,18.3349,0,0,0,1,1,2,38.4748,100,72.9315,1024,20904,0,0,63
conv,19903,4194304,256,16,16,1,4,1,1,1,0,16,16,8,87718473,38788685,2,123422996,45088777,2,133496832,82.6223,1,47.2147,18350080,2752512,205520896,36700160,0.875583,101.223,0,822083584,0,2427092992,205520896,1392640000,197132288,0,185466880,0,1,1.15833,0,0,0,1,1,2,6.62137,100,84.9961,1024,6160,280,0,31
conv,19707,4194304,256,16,16,1,4,1,1,1,1,16,16,9,87674140,38788934,2,123432488,45088777,2,133496832,82.6454,1,47.2147,18350080,2752512,205520896,36700160,0.868468,100.05,0,822083584,0,2427092992,205520896,1539440640,197132288,0,190054400,0,1,1.15867,0,0,0,1,1,2,6.91956,100,85.3583,1024,6248,280,0,31
conv,4537,4194304,256,16,16,1,4,1,1,7,0,16,16,2,2103315,2068518,2,20840496,8388617,2,30736384,0,2,47.2147,18350080,2752512,0,0,0.59075,99.9265,0,822083584,0,289406976,4194304,423755776,209715200,0,62390272,0,1,5.00564,0,0,0,1,1,2,9.73817,100,87.6116,1024,6160,0,0,48
conv,4537,4194304,256,16,16,1,4,1,1,7,1,16,16,2,2103827,2068506,2,20841440,8388617,2,30736384,0,2,47.2147,18350080,2752512,0,0,0.70597,99.8433,0,822083584,0,289406976,4194304,570556416,243269632,0,68026368,0,1,5.00129,0,0,0,1,1,2,10.0701,100,88.638,1024,6248,0,0,40
conv,20074,4194304,256,16,16,1,4,1,2,1,0,16,16,8,88727628,38788938,2,123357452,40894473,2,133496832,84.7493,1,47.2147,18350080,2752512,205520896,36700160,0.881335,100.069,0,822083584,0,2450685952,205520896,1384251392,184549376,0,185335808,0,1,1.14788,0,0,0,1,1,2,6.9006,100,85.1004,1024,6160,280,0,32
conv,20070,4194304,256,16,16,1,4,1,2,1,1,16,16,8,89398724,38789570,2,123371264,40894473,2,133496832,84.7053,1,47.2147,18350080,2752512,205520896,36700160,0.885539,99.9475,0,822083584,0,2450685952,205520896,1531052032,184549376,0,189923328,0,1,1.14454,0,0,0,1,1,2,7.09921,100,85.4603,1024,6248,280,0,31
conv,4414,4194304,256,16,16,1,4,1,2,7,0,16,16,2,2103531,2068530,1,20840720,4194313,2,30736384,0,2,47.2147,18350080,2752512,0,0,0.604353,99.9231,0,822083584,0,310378496,4194304,415367168,192937984,0,62259200,0,1,5.14245,0,0,0,1,1,2,9.79462,100,87.5855,1024,6160,0,0,44
conv,4406,4194304,256,16,16,1,4,1,2,7,1,16,16,2,2103611,2068506,1,20840984,4194313,2,30736384,0,2,47.2147,18350080,2752512,0,0,0.71948,99.757,0,822083584,0,310378496,4194304,562167808,247463936,0,68550656,0,1,5.15111,0,0,0,1,1,2,10.4598,100,88.7249,1024,6248,0,0,40
conv,19943,4194304,256,16,16,1,4,1,4,1,0,16,16,9,89670978,38788958,2,123326768,38797449,2,133496832,85.8281,1,47.2147,18350080,2752512,205520896,36700160,0.880274,99.4204,0,822083584,0,2454880256,205520896,1380057088,205520896,0,185991168,0,1,1.13715,0,0,0,1,1,2,6.65309,100,85.1529,1024,6160,280,0,32
conv,19929,4194304,256,16,16,1,4,1,4,1,1,16,16,9,90007781,38789234,2,123349524,38797321,2,133496832,85.8944,1,47.2147,18350080,2752512,205520896,36700160,0.889534,100.048,0,822083584,0,2454880256,205520896,1526857728,205520896,0,190578688,0,1,1.13529,0,0,0,1,1,2,6.81473,100,85.5103,1024,6248,280,0,32
conv,4401,4194304,256,16,16,1,4,1,4,7,0,16,16,2,2103315,2064454,1,20840696,2097161,2,30736384,0,2,47.2147,18350080,2752512,0,0,0.603902,99.9463,0,822083584,0,318767104,4194304,411172864,192937984,0,62390272,0,1,5.15535,0,0,0,1,1,2,9.92206,100,87.6116,1024,6160,0,0,43
conv,4387,4194304,256,16,16,1,4,1,4,7,1,16,16,2,2103363,2064402,1,20840792,2097161,2,30736384,0,2,47.2147,18350080,2752512,0,0,0.725846,99.9198,0,822083584,0,318767104,4194304,557973504,247463936,0,68681728,0,1,5.17576,0,0,0,1,1,2,10.4399,100,88.7464,1024,6248,0,0,40
conv,12798,2097152,256,16,16,1,4,2,1,1,0,16,16,8,57646217,23056124,2,91387732,29360137,2,108691456,80.1901,1,60.6648,6291456,3473408,182976512,20971520,0.953352,99.8566,0,822083584,0,1010286592,104857600,989396992,247463936,0,118620160,0,1,1.78256,0,0,0,1,1,2,6.09359,100,83.6201,1024,10640,320,0,32
conv,11823,2097152,256,16,16,1,4,2,1,1,1,16,16,8,50259648,23057078,2,76734564,29360137,2,108691456,77.3299,1,46.3542,10485760,2293760,182976512,20971520,0.605396,100.715,0,822083584,0,1010286592,104857600,1031340032,369098752,0,123731968,0,1,1.92351,0,0,0,1,1,2,6.73857,100,84.2968,1024,10792,320,0,43
conv,2472,2097152,256,16,16,1,4,2,1,7,0,16,16,3,2103335,2068506,2,15663152,8388617,2,17203200,0,2,60.6648,6291456,3473408,0,0,0.471325,99.944,0,822083584,0,246710272,2097152,215547904,165675008,0,55574528,0,2,9.23856,0,0,0,1,1,2,17.1678,100,81.6535,1024,10640,0,0,64
conv,2461,2097152,256,16,16,1,4,2,1,7,1,16,16,3,2103339,2068506,2,15663168,8388617,2,17203200,0,2,46.3542,10485760,2293760,0,0,0.473735,99.904,0,822083584,0,246448128,2097152,257490944,161480704,0,56688640,0,2,9.2786,0,0,0,1,1,2,17.0123,100,82.1152,1024,10792,0,0,54
conv,12847,2097152,256,16,16,1,4,2,2,1,0,16,16,8,57548996,23056686,2,91548416,25165961,2,108691456,83.1788,1,60.6648,6291456,3473408,182976512,20971520,0.956483,100.342,0,822083584,0,1029029888,104857600,981008384,251658240,0,119013376,0,1,1.78713,0,0,0,1,1,2,6.10687,100,83.7258,1024,10640,320,0,32
conv,11763,2097152,256,16,16,1,4,2,2,1,1,16,16,8,50238804,23056578,2,76750784,25165833,2,108691456,80.4747,1,46.3542,10485760,2293760,182976512,20971520,0.606622,100.028,0,822083584,0,1029160960,104857600,1022951424,377487360,0,124321792,0,1,1.9234,0,0,0,1,1,2,6.8482,100,84.3713,1024,10792,320,0,44
conv,2350,2097152,256,16,16,1,4,2,2,7,0,16,16,3,2103827,2068482,2,15663608,4194313,2,17203200,0,2,60.6648,6291456,3473408,0,0,0.478757,99.8022,0,822083584,0,265584640,2097152,207159296,165675008,0,55902208,0,2,9.71367,0,0,0,1,1,2,17.9521,100,81.7611,1024,10640,0,0,64
conv,2359,2097152,256,16,16,1,4,2,2,7,1,16,16,3,2103927,2068526,2,15663712,4194313,2,17203200,0,2,46.3542,10485760,2293760,0,0,0.483564,99.8333,0,822083584,0,265322496,2097152,249102336,155189248,0,56819712,0,2,9.67459,0,0,0,1,1,2,17.9238,100,82.1565,1024,10792,0,0,54
conv,12742,2097152,256,16,16,1,4,2,4,1,0,16,16,8,57643934,23055914,2,91349080,23068681,2,108691456,84.5978,1,60.6648,6291456,3473408,182976512,20971520,0.955174,99.9776,0,822083584,0,1033224192,104857600,976814080,245366784,0,118816768,0,1,1.78659,0,0,0,1,1,2,6.1228,100,83.6989,1024,10640,320,0,32
conv,11765,2097152,256,16,16,1,4,2,4,1,1,16,16,8,50041348,23056346,2,76720348,23068681,2,108691456,82.244,1,46.3542,10485760,2293760,182976512,20971520,0.606397,100.108,0,822083584,0,1033224192,104857600,1018757120,377487360,0,124256256,0,1,1.92378,0,0,0,1,1,2,6.81956,100,84.4125,1024,10792,320,0,44
conv,2327,2097152,256,16,16,1,4,2,4,7,0,16,16,3,2103728,2064854,2,15663304,2097161,2,17203200,0,2,60.6648,6291456,3473408,0,0,0.479534,99.9359,0,822083584,0,269778944,2097152,202964992,161480704,0,55771136,0,2,9.7925,0,0,0,1,1,2,18.1486,100,81.7182,1024,10640,0,0,64
conv,2340,2097152,256,16,16,1,4,2,4,7,1,16,16,3,2104479,2064426,2,15663152,2097161,2,17203200,0,2,46.3542,10485760,2293760,0,0,0.601761,99.9768,0,822083584,0,269778944,2097152,244908032,140509184,0,56426496,0,2,9.73397,0,0,0,1,1,2,17.5608,100,81.9305,1024,10792,0,0,48
conv,8096,1048576,256,16,16,1,4,4,1,1,0,16,16,7,27581494,15175986,2,70575308,21495945,3,96288768,76.7247,1,54.5266,3932160,3227648,171704320,13107200,0.493134,99.3017,0,822083584,0,763183104,56623104,853835776,285212672,0,100544512,0,1,2.79783,0,0,0,1,1,3,8.9252,99.9022,86.4337,1024,19600,400,0,32
conv,7692,1048576,256,16,16,1,4,4,1,1,1,16,16,7,27869727,15175941,3,74663064,21495817,3,96288768,77.6947,1,53.4233,4325376,3227648,171704320,13107200,0.492728,99.8319,0,822083584,0,763117568,56623104,856981504,380633088,0,103591936,0,1,2.95693,0,0,0,1,1,3,9.1484,99.9051,86.8624,1024,19880,400,0,48
conv,1698,1048576,256,16,16,1,4,4,1,7,0,16,16,4,2149495,2068506,3,13074664,8388617,2,10436608,0,2,54.5266,3932160,3227648,0,0,0.367294,99.4452,0,822083584,0,210010112,5242880,140804096,98566144,0,56012800,0,3,13.4429,0,0,0,1,1,2,26.8707,99.8245,71.2285,768,19600,0,0,80
conv,1702,1048576,256,16,16,1,4,4,1,7,1,16,16,4,2147918,2068506,3,13074664,8388617,2,10436608,0,2,53.4233,4325376,3227648,0,0,0.368071,99.6408,0,822083584,0,210141184,5242880,143949824,96468992,0,56111104,0,3,13.5155,0,0,0,1,1,2,26.8591,99.8248,71.1694,768,19880,0,0,80
conv,7867,1048576,256,16,16,1,4,4,2,1,0,16,16,7,26940923,15175882,2,70317396,17301513,3,96288768,80.3265,1,54.5266,3932160,3227648,171704320,13107200,0.494329,100.046,0,822083584,0,612188160,56623104,845447168,287309824,0,95629312,0,1,2.8823,0,0,0,1,1,3,7.70048,99.8972,85.7364,1024,19600,400,0,32
conv,7818,1048576,256,16,16,1,4,4,2,1,1,16,16,7,27794608,15176218,2,72648836,17301513,3,96288768,80.8309,1,53.4233,4325376,3227648,171704320,13107200,0.493748,99.456,0,822083584,0,612122624,56623104,848592896,331350016,0,97071104,0,1,2.90499,0,0,0,1,1,3,7.93734,99.8987,85.9799,1024,19880,400,0,48
conv,1526,1048576,256,16,16,1,4,4,2,7,0,16,16,4,2148620,2068506,2,13074480,4194313,2,10436608,0,2,54.5266,3932160,3227648,0,0,0.368001,99.829,0,822083584,0,217546752,5242880,132415488,99614720,0,56111104,0,3,15.0465,0,0,0,1,1,2,29.6336,99.8248,71.1147,768,19600,0,0,80
conv,1520,1048576,256,16,16,1,4,4,2,7,1,16,16,4,2147363,2068506,2,13074480,4194441,2,10436608,0,2,53.4233,4325376,3227648,0,0,0.36788,98.1341,0,822083584,0,217546752,5242880,135561216,100663296,0,56242176,0,3,15.0525,0,0,0,1,1,2,30.2944,99.8252,71.182,896,19880,0,0,72
conv,8047,1048576,256,16,16,1,4,4,4,1,0,16,16,7,28409584,15174846,2,66539020,15204409,3,96288768,81.4055,1,54.5266,3932160,3227648,171704320,13107200,0.493508,99.5016,0,822083584,0,616316928,56623104,841252864,329252864,0,96907264,0,1,2.82166,0,0,0,1,1,3,7.68822,99.8986,85.9562,1024,19600,400,0,40
conv,8044,1048576,256,16,16,1,4,4,4,1,1,16,16,7,27623557,15174318,2,74297948,15204361,3,96288768,82.9202,1,53.4233,4325376,3227648,171704320,13107200,0.493099,100.422,0,822083584,0,616316928,56623104,844398592,342884352,0,97431552,0,1,2.81738,0,0,0,1,1,3,7.53823,99.8991,86.0318,1024,19880,400,0,48
conv,1478,1048576,256,16,16,1,4,4,4,7,0,16,16,4,2149735,2064650,2,13074496,2097161,2,10436608,0,2,54.5266,3932160,3227648,0,0,0.36857,99.2388,0,822083584,0,221675520,5242880,128221184,94371840,0,55914496,0,3,15.5427,0,0,0,1,1,2,31.2123,99.8242,71.0681,768,19600,0,0,80
conv,1493,1048576,256,16,16,1,4,4,4,7,1,16,16,4,2149310,2065126,2,13074632,2097161,2,10436608,0,2,53.4233,4325376,3227648,0,0,0.368917,99.9599,0,822083584,0,221741056,5242880,131366912,92274688,0,55980032,0,3,15.4148,0,0,0,1,1,2,30.752,99.8244,71.047,896,19880,0,0,72
conv,6441,524288,256,16,16,1,4,8,1,1,0,16,16,5,10282423,11243546,2,55375324,17563657,3,90087424,72.3187,1,48.2538,3145728,3055616,166068224,9175040,0.24477,99.6848,0,822083584,0,482344960,36700160,800735232,298319872,0,84707328,0,1,3.55838,0,0,0,1,1,3,9.49399,99.7171,90.0226,1024,37520,560,0,64
conv,6339,524288,256,16,16,1,4,8,1,1,1,16,16,5,10285920,11244865,2,58155864,17563657,3,90087424,73.7881,1,46.5149,3342336,3055616,166068224,9175040,0.245305,99.966,0,822083584,0,482344960,36700160,802308096,337641472,0,85985280,0,1,3.51978,0,0,0,1,1,3,9.20288,99.7213,90.1709,896,38056,560,0,67
conv,2108,524288,256,16,16,1,4,8,1,7,0,16,16,3,2207985,2071813,2,11844064,8388617,1,7053312,0,1,49.8281,2752512,3055616,0,0,0.247291,99.6283,0,822083584,0,222183424,11010048,103432192,54525952,0,50644992,0,2,10.9105,0,0,0,1,1,1,19.8645,99.5269,74.8615,512,37520,0,0,128
conv,2113,524288,256,16,16,1,4,8,1,7,1,16,16,3,2207660,2068957,2,11856824,8388617,1,7053312,0,2,49.2957,3014656,3055616,0,0,0.247202,98.3579,0,822083584,0,222183424,11010048,105529344,51904512,0,50628608,0,2,10.7965,0,0,0,1,1,1,19.8829,99.5267,74.8534,512,38056,0,0,128
conv,6149,524288,256,16,16,1,4,8,2,1,0,16,16,5,10798721,11243566,2,58381384,13369353,3,90087424,77.7016,1,48.2538,3145728,3055616,166068224,9175040,0.246177,97.1587,0,822083584,0,498073600,36700160,792346624,453509120,0,89786368,0,1,3.64089,0,0,0,1,1,3,10.7052,99.7331,90.587,1024,37520,560,0,64
conv,6263,524288,256,16,16,1,4,8,2,1,1,16,16,5,10291604,11243602,2,59468144,13369353,3,90087424,77.3515,1,46.5149,3342336,3055616,166068224,9175040,0.245893,97.874,0,822083584,0,498073600,36700160,793919488,492830720,0,91064320,0,1,3.65612,0,0,0,1,1,3,10.6213,99.7369,90.7191,896,38056,560,0,67
conv,1810,524288,256,16,16,1,4,8,2,7,0,16,16,3,2207492,2068670,2,11826904,4194313,1,7053312,0,2,49.8281,2752512,3055616,0,0,0.247245,99.74,0,822083584,0,231129088,11010048,95043584,57147392,0,50644992,0,2,12.7171,0,0,0,1,1,1,23.1441,99.5269,75.0576,512,37520,0,0,126
conv,1871,524288,256,16,16,1,4,8,2,7,1,16,16,3,2211652,2068646,2,11829920,4194313,1,7053312,0,2,49.2957,3014656,3055616,0,0,0.247148,98.8819,0,822083584,0,231161856,11010048,97140736,52953088,0,50595840,0,2,12.4251,0,0,0,1,1,1,22.9372,99.5264,75.003,512,38056,0,0,111
conv,5840,524288,256,16,16,1,4,8,4,1,0,16,16,5,10445225,11239754,2,57937464,11272201,3,90087424,80.7728,1,48.2538,3145728,3055616,166068224,9175040,0.247149,100.027,0,822083584,0,502267904,36700160,788152320,403177472,0,88213504,0,1,3.84891,0,0,0,1,1,4,11.2473,99.7284,90.4192,896,37520,560,0,68
conv,6275,524288,256,16,16,1,4,8,4,1,1,16,16,5,10443493,11239606,2,58076724,11272201,3,90087424,80.77,1,46.5149,3342336,3055616,166068224,9175040,0.246688,99.2464,0,822083584,0,502267904,36700160,789725184,466092032,0,90228736,0,1,3.5887,0,0,0,1,1,3,10.6203,99.7344,90.6332,896,38056,560,0,72
conv,1741,524288,256,16,16,1,4,8,4,7,0,16,16,4,2210656,2064450,2,11838088,2097161,1,7053312,0,2,49.8281,2752512,3055616,0,0,0.247946,99.6758,0,822083584,0,235290624,11010048,90849280,54001664,0,50530304,0,2,13.2656,0,0,0,1,1,1,24.2597,99.5258,75.0314,512,37520,0,0,127
conv,1827,524288,256,16,16,1,4,8,4,7,1,16,16,3,2211168,2064450,2,11826816,2097161,1,7053312,0,2,49.2957,3014656,3055616,0,0,0.247992,97.0626,0,822083584,0,235356160,11010048,92946432,54525952,0,50644992,0,2,12.6122,0,0,0,1,1,1,23.9178,99.5269,75.0273,512,38056,0,0,111
conv,17536,2097152,256,16,16,1,8,1,1,1,0,16,16,8,82656684,27779661,2,130061544,42467337,2,119570432,74.415,1,24.391,25690112,3735552,205520896,25690112,0.765143,98.512,0,822083584,0,1292713984,102760448,1197539328,157286400,0,138870784,0,1,1.30042,0,0,0,1,1,2,6.12596,100,80.3891,1024,11792,392,0,32
conv,17373,2097152,256,16,16,1,8,1,1,1,1,16,16,8,82520228,27779542,2,130049972,42467337,2,119570432,74.4066,1,24.391,25690112,3735552,205520896,25690112,0.772831,101.33,0,822083584,0,1292713984,102760448,1300299776,157286400,0,142082048,0,1,1.30445,0,0,0,1,1,2,6.14484,100,80.8323,1024,11880,392,0,32
conv,2697,2097152,256,16,16,1,8,1,1,7,0,16,16,2,2103411,2068514,3,27361656,16777225,2,16809984,0,4,24.391,25690112,3735552,0,0,0.352641,99.9949,0,822083584,0,210206720,2097152,272695296,161480704,0,62259200,0,2,8.48676,0,0,0,1,1,2,17.7328,100,73.7122,768,11792,0,0,80
conv,2600,2097152,256,16,16,1,8,1,1,7,1,16,16,3,2103315,2068506,3,27361328,16777225,2,16809984,0,5,24.391,25690112,3735552,0,0,0.459048,99.7311,0,822083584,0,210599936,2097152,375455744,161480704,0,65536000,0,2,8.78618,0,0,0,1,1,2,18.6997,100,74.9453,1024,11880,0,0,64
conv,17360,2097152,256,16,16,1,8,1,2,1,0,16,16,8,81232057,27779334,2,130057012,34078729,2,119570432,78.2228,1,24.391,25690112,3735552,205520896,25690112,0.770319,101.374,0,822083584,0,1304903680,102760448,1189150720,146800640,0,138608640,0,1,1.31898,0,0,0,1,1,2,6.03799,100,80.3904,1024,11792,392,0,32
conv,16755,2097152,256,16,16,1,8,1,2,1,1,16,16,9,80174132,27779090,2,130030392,34078729,2,119570432,78.2152,1,24.391,25690112,3735552,205520896,25690112,0.746877,98.6282,0,822083584,0,1304903680,102760448,1291911168,146800640,0,141819904,0,1,1.32694,0,0,0,1,1,2,6.41857,100,80.8345,1024,11880,392,0,32
conv,2514,2097152,256,16,16,1,8,1,2,7,0,16,16,3,2103603,2068506,3,27361624,8388617,2,16809984,0,5,24.391,25690112,3735552,0,0,0.360255,100.022,0,822083584,0,223182848,2097152,264306688,150994944,0,62128128,0,2,9.07993,0,0,0,1,1,2,18.7819,100,73.571,768,11792,0,0,78
conv,2493,2097152,256,16,16,1,8,1,2,7,1,16,16,3,2103675,2068506,3,27361848,8388665,2,16809984,0,5,24.391,25690112,3735552,0,0,0.480188,99.9401,0,822083584,0,223182848,2097152,367067136,161480704,0,65667072,0,2,9.16559,0,0,0,1,1,2,19.5127,100,74.9953,1024,11880,0,0,64
conv,17468,2097152,256,16,16,1,8,1,4,1,0,16,16,8,81555881,27779354,2,130044180,29884425,2,119570432,80.2643,1,24.391,25690112,3735552,205520896,25690112,0.759567,99.8008,0,822083584,0,1307000832,102760448,1184956416,155189248,0,138805248,0,1,1.31414,0,0,0,1,1,2,6.11736,100,80.4182,1024,11792,392,0,32
conv,16794,2097152,256,16,16,1,8,1,4,1,1,16,16,8,78301004,27779302,2,130025020,29884553,2,119570432,80.2563,1,24.391,25690112,3735552,205520896,25690112,0.7551,100.87,0,822083584,0,1307000832,102760448,1287716864,155189248,0,142016512,0,1,1.34845,0,0,0,1,1,2,6.38789,100,80.861,1024,11880,392,0,32
conv,2551,2097152,256,16,16,1,8,1,4,7,0,16,16,3,2103315,2068510,3,27361328,4194313,2,16809984,0,5,24.391,25690112,3735552,0,0,0.363194,100.155,0,822083584,0,224886784,2097152,260112384,148897792,0,61931520,0,2,8.84817,0,0,0,1,1,2,18.2782,100,73.5731,768,11792,0,0,78
conv,2437,2097152,256,16,16,1,8,1,4,7,1,16,16,3,2103315,2068470,3,27361392,4194313,2,16809984,0,5,24.391,25690112,3735552,0,0,0.486943,99.8236,0,822083584,0,224886784,2097152,362872832,174063616,0,65929216,0,2,9.36386,0,0,0,1,1,2,20.1737,100,75.1755,1024,11880,0,0,64
conv,12580,1048576,256,16,16,1,8,2,1,1,0,16,16,8,58802785,16762518,2,110386656,31457289,2,106971136,71.7262,1,37.5757,8388608,3112960,194248704,14680064,0.490127,100.344,0,822083584,0,750075904,52428800,950829056,74448896,0,96305152,0,1,1.80952,0,0,0,1,1,2,5.16659,100,85.9853,1024,20368,448,0,32
conv,12570,1048576,256,16,16,1,8,2,1,1,1,16,16,8,58641976,16754918,2,94970256,31457289,2,106971136,68.9495,1,24.2892,14680064,3112960,194248704,14680064,0.489297,99.6709,0,822083584,0,750075904,52428800,980189184,139460608,0,99254272,0,1,1.80517,0,0,0,1,1,2,5.26753,100,86.4018,1024,20520,448,0,47
conv,2471,1048576,256,16,16,1,8,2,1,7,0,16,16,3,2103332,2068506,3,22462520,16777225,1,9846784,0,2,37.5757,8388608,3112960,0,0,0.241139,99.7602,0,822083584,0,199442432,1048576,144474112,56623104,0,51281920,0,2,9.26436,0,0,0,1,1,1,16.6668,100,74.5677,640,20368,0,0,96
conv,2174,1048576,256,16,16,1,8,2,1,7,1,16,16,3,2103477,2068506,3,22462528,16777225,1,9846784,0,3,24.2892,14680064,3112960,0,0,0.353284,99.0128,0,822083584,0,199573504,1048576,173834240,61865984,0,52396032,0,2,10.4661,0,0,0,1,1,1,18.9304,100,75.0537,768,20520,0,0,80
conv,12389,1048576,256,16,16,1,8,2,2,1,0,16,16,8,57902533,16764482,2,104937888,23068681,2,106971136,75.8875,1,37.5757,8388608,3112960,194248704,14680064,0.490254,100.178,0,822083584,0,602226688,52428800,942440448,120586240,0,92864512,0,1,1.83467,0,0,0,1,1,2,4.4389,100,85.4661,1024,20368,448,0,32
conv,11974,1048576,256,16,16,1,8,2,2,1,1,16,16,8,57487440,16763210,2,98024996,23068681,2,106971136,74.7479,1,24.2892,14680064,3112960,194248704,14680064,0.489205,99.5774,0,822083584,0,602226688,52428800,971800576,199229440,0,96239616,0,1,1.88811,0,0,0,1,1,2,4.80843,100,85.9758,1024,20520,448,0,48
conv,2117,1048576,256,16,16,1,8,2,2,7,0,16,16,3,2103323,2068522,3,22462944,8388617,1,9846784,0,2,37.5757,8388608,3112960,0,0,0.241627,99.6339,0,822083584,0,209010688,1048576,136085504,60817408,0,51478528,0,2,10.8723,0,0,0,1,1,2,19.5704,100,74.6091,640,20368,0,0,96
conv,2191,1048576,256,16,16,1,8,2,2,7,1,16,16,3,2103399,2068530,3,22462656,8388617,1,9846784,0,3,24.2892,14680064,3112960,0,0,0.238841,99.6347,0,822083584,0,209010688,1048576,165445632,60817408,0,52396032,0,2,10.427,0,0,0,1,1,1,18.9157,100,75.0537,640,20520,0,0,90
conv,12283,1048576,256,16,16,1,8,2,4,1,0,16,16,8,57535539,16763354,2,95984948,18874377,2,106971136,76.7286,1,37.5757,8388608,3112960,194248704,14680064,0.489965,100.031,0,822083584,0,604323840,52428800,938246144,120586240,0,92798976,0,1,1.84874,0,0,0,1,1,2,4.47231,100,85.4558,1024,20368,448,0,32
conv,12208,1048576,256,16,16,1,8,2,4,1,1,16,16,8,57551212,16764582,2,96812576,18874377,2,106971136,76.9707,1,24.2892,14680064,3112960,194248704,14680064,0.489799,100.24,0,822083584,0,604323840,52428800,967606272,217055232,0,96731136,0,1,1.86266,0,0,0,1,1,2,4.66252,100,86.0471,1024,20520,448,0,46
conv,1943,1048576,256,16,16,1,8,2,4,7,0,16,16,3,2103381,2068658,3,22462512,4194313,1,9846784,0,3,37.5757,8388608,3112960,0,0,0.243814,99.3313,0,822083584,0,211107840,1048576,131891200,57671680,0,51314688,0,2,11.754,0,0,0,1,1,2,21.2671,100,74.5281,512,20368,0,0,108
conv,1682,1048576,256,16,16,1,8,2,4,7,1,16,16,4,2105739,2068534,3,22462512,4194313,2,9846784,0,4,24.2892,14680064,3112960,0,0,0.365713,100.071,0,822083584,0,210976768,1048576,161251328,62914560,0,52363264,0,2,13.6153,0,0,0,1,1,2,24.5744,100,75.0929,768,20520,0,0,80
conv,10283,524288,256,16,16,1,8,4,1,1,0,16,16,5,26582454,11244074,2,80722836,25952265,2,100671488,65.4308,1,27.3491,5767168,5054464,188612608,9175040,0.244473,99.5502,0,822083584,0,454033408,36700160,887767040,143654912,0,80934912,0,1,2.20453,0,0,0,1,1,2,4.77528,99.8102,90.5141,1024,37520,560,0,48
conv,10332,524288,256,16,16,1,8,4,1,1,1,16,16,5,26921903,11248770,2,76462824,25952265,2,100671488,64.022,1,34.8973,5570560,2957312,188612608,9175040,0.244924,98.6913,0,822083584,0,454033408,36700160,889864192,181403648,0,82180096,0,1,2.16251,0,0,0,1,1,2,5.00161,99.8131,90.6578,896,37800,560,0,72
conv,2182,524288,256,16,16,1,8,4,1,7,0,16,16,3,2195520,2074013,3,20027368,16777225,1,6365184,0,2,28.1051,5242880,5054464,0,0,0.245484,100.273,0,822083584,0,178429952,11010048,102383616,64487424,0,49674240,0,2,10.5313,0,0,0,1,1,1,18.5941,99.6908,74.1327,512,37520,0,0,120
conv,2172,524288,256,16,16,1,8,4,1,7,1,16,16,3,2221018,2091566,3,20023792,16777225,1,6365184,0,2,36.092,5242880,2957312,0,0,0.246305,98.6013,0,822083584,0,178429952,11010048,103956480,61341696,0,49625088,0,2,10.4457,0,0,0,1,1,1,18.7691,99.6905,74.107,512,37800,0,0,128
conv,10327,524288,256,16,16,1,8,4,2,1,0,16,16,5,26926589,11245918,2,81540320,17563785,2,100671488,71.406,1,27.3491,5767168,5054464,188612608,9175040,0.245647,99.7686,0,822083584,0,463470592,36700160,879378432,170393600,0,81803264,0,1,2.19018,0,0,0,1,1,2,4.80642,99.8122,90.6148,1024,37520,560,0,48
conv,10471,524288,256,16,16,1,8,4,2,1,1,16,16,5,26962711,11247278,2,83496076,17563657,2,100671488,71.6029,1,34.8973,5570560,2957312,188612608,9175040,0.245885,99.4435,0,822083584,0,463470592,36700160,881475584,182452224,0,82245632,0,1,2.13875,0,0,0,1,1,2,4.64747,99.8132,90.6652,896,37800,560,0,72
conv,1878,524288,256,16,16,1,8,4,2,7,0,16,16,3,2196879,2069034,3,20028904,8388665,1,6365184,0,2,28.1051,5242880,5054464,0,0,0.244712,99.4817,0,822083584,0,182067200,11010048,93995008,60817408,0,49395712,0,2,12.2578,0,0,0,1,1,1,21.6805,99.689,74.0179,512,37520,0,0,120
conv,1907,524288,256,16,16,1,8,4,2,7,1,16,16,3,2214441,2068550,3,20027472,8388617,1,6365184,0,2,36.092,5242880,2957312,0,0,0.245708,100.184,0,822083584,0,182099968,11010048,95567872,59768832,0,49428480,0,2,12.0568,0,0,0,1,1,1,21.3135,99.6892,74.004,512,37800,0,0,128
conv,10121,524288,256,16,16,1,8,4,4,1,0,16,16,5,27646433,11249198,2,77197568,13369353,2,100671488,73.1965,1,27.3491,5767168,5054464,188612608,9175040,0.24595,99.1984,0,822083584,0,465567744,36700160,875184128,144703488,0,80934912,0,1,2.19967,0,0,0,1,1,2,5.05026,99.8102,90.5141,1024,37520,560,0,57
conv,9967,524288,256,16,16,1,8,4,4,1,1,16,16,5,27033558,11248926,2,78770112,13369353,2,100671488,73.6974,1,34.8973,5570560,2957312,188612608,9175040,0.245366,100.289,0,822083584,0,465567744,36700160,877281280,182452224,0,82180096,0,1,2.26635,0,0,0,1,1,2,5.15395,99.8131,90.6578,896,37800,560,0,72
conv,1741,524288,256,16,16,1,8,4,4,7,0,16,16,4,2282743,2068506,3,20024496,4194313,1,6365184,0,3,28.1051,5242880,5054464,0,0,0.246439,96.1025,0,822083584,0,184197120,11010048,89800704,63438848,0,49428480,0,2,12.7648,0,0,0,1,1,1,23.4896,99.6892,74.004,512,37520,0,0,118
conv,1822,524288,256,16,16,1,8,4,4,7,1,16,16,3,2233275,2068510,3,20027560,4194313,1,6365184,0,2,36.092,5242880,2957312,0,0,0.246613,106.916,0,822083584,0,184197120,11010048,91373568,65536000,0,49543168,0,2,13.2793,0,0,0,1,1,1,22.0126,99.69,74.0642,512,37800,0,0,125
conv,47594,31719424,484,16,16,2,1,1,1,1,0,22,22,8,126324131,143375790,2,181668056,143794185,2,286588928,86.8283,1,73.3559,35323904,1048576,231211008,141295616,0.686588,100.006,0,822083584,0,9213050880,900464640,3400269824,531628032,0,635371520,0,1,0.567682,0,0,0,1,1,2,13.1743,74.0227,73.124,1024,1936,200,0,32
conv,47322,31719424,484,16,16,2,1,1,1,1,1,22,22,8,126371805,143379981,2,181666376,143794185,2,286588928,86.8283,1,49.954,51380224,2031616,231211008,141295616,0.689934,100.905,0,822083584,0,9213050880,900464640,3400269824,531628032,0,635371520,0,1,0.479811,0,0,0,1,1,2,11.0358,74.0227,73.124,1024,2024,200,0,32
conv,22327,31719424,484,16,16,2,1,1,1,7,0,22,22,1,2103315,2068862,1,40370224,2498569,2,145293312,0,1,73.3559,35323904,1048576,0,0,0.683796,100.015,0,822083584,0,608174080,95158272,1756102656,883949568,0,170065920,0,1,1.01205,0,0,0,1,1,2,5.31074,77.4326,76.5414,1024,1936,0,0,31
conv,22324,31719424,484,16,16,2,1,1,1,7,1,22,22,1,2103411,2068818,1,40370328,2498569,2,145293312,0,1,49.954,51380224,2031616,0,0,0.683544,100.004,0,822083584,0,608174080,95158272,1756102656,883949568,0,170065920,0,1,1.01199,0,0,0,1,1,2,5.31101,77.4326,76.5414,1024,2024,0,0,31
conv,35000,13697024,418,16,16,2,1,2,1,1,0,22,19,6,69255053,82812978,1,101974064,83238921,1,153419776,86.4081,1,36.8682,40370176,1769472,129761280,80740352,0.504493,100.264,0,822083584,0,3618439168,452132864,1544880128,320667648,0,289406976,0,1,0.648659,0,0,0,1,1,2,6.31664,74.3907,72.9747,1024,3344,224,0,40
conv,35000,13697024,418,16,16,2,1,2,1,1,1,22,19,6,69418608,82810397,1,101974904,83238921,1,153419776,86.4081,1,36.8682,40370176,1769472,129761280,80740352,0.504355,99.8443,0,822083584,0,3618439168,452132864,1544880128,320667648,0,289406976,0,1,0.645305,0,0,0,1,1,2,6.31039,74.3907,72.9747,1024,3496,224,0,40
conv,11318,13697024,418,16,16,2,1,2,1,7,0,22,19,1,2103315,2068638,1,22675504,2498569,2,74121216,0,2,36.8682,40370176,1769472,0,0,0.669786,99.9845,0,822083584,0,478871552,41091072,966066176,429719552,0,112230400,0,1,2.00012,0,0,0,1,1,2,6.38754,76.8485,76.2336,1024,3344,0,0,32
conv,11315,13697024,418,16,16,2,1,2,1,7,1,22,19,1,2103343,2068678,1,22675528,2498569,2,74121216,0,2,36.8682,40370176,1769472,0,0,0.670485,99.9576,0,822083584,0,478871552,41091072,966066176,429719552,0,112230400,0,1,1.99988,0,0,0,1,1,2,6.3885,76.8485,76.2336,1024,3496,0,0,32
conv,19511,6488064,396,16,16,2,1,4,1,1,0,22,18,7,50484924,52540458,2,70422568,52961289,2,117833728,87.1548,1,53.065,17203200,1572864,129761280,50462720,0.68711,100.109,0,822083584,0,2041643008,263913472,1181024256,630915072,0,209059840,0,1,1.16112,0,0,0,1,1,2,8.09613,75.1881,73.8362,1024,6160,280,0,32
conv,19428,6488064,396,16,16,2,1,4,1,1,1,22,18,7,50495041,52540356,2,70399104,52961417,2,117833728,87.1534,1,42.6455,21790720,1572864,129761280,50462720,0.686992,100.096,0,822083584,0,2041643008,263913472,1181024256,630915072,0,209059840,0,1,1.16131,0,0,0,1,1,2,8.0985,75.1881,73.8362,1024,6440,280,0,32
conv,5761,6488064,396,16,16,2,1,4,1,7,0,22,18,1,2212115,2068522,1,13353680,2498569,2,38535168,0,2,53.065,17203200,1572864,0,0,0.779859,99.8788,0,822083584,0,345636864,19464192,572850176,235339776,0,81805312,0,1,3.93547,0,0,0,1,1,2,9.33928,76.8801,76.2242,1024,6160,0,0,32
conv,5765,6488064,396,16,16,2,1,4,1,7,1,22,18,1,2210964,2068506,1,13353008,2498569,2,38535168,0,2,42.6455,21790720,1572864,0,0,0.790765,99.9322,0,822083584,0,345636864,19464192,572850176,235339776,0,81805312,0,1,3.93397,0,0,0,1,1,2,9.33068,76.8801,76.2242,1024,6440,0,0,32
conv,12500,3063808,374,16,16,2,1,8,1,1,0,22,17,8,39647339,37418293,2,55086544,37822601,1,69042176,87.9267,1,69.5337,8830976,1490944,79036416,35323904,0.849898,99.9945,0,822083584,0,1212956672,154845184,760201216,771112960,0,155607040,0,1,1.81349,0,0,0,1,1,2,9.84715,75.8677,74.7315,1024,11792,392,0,30
conv,12476,3063808,374,16,16,2,1,8,1,1,1,22,17,8,39685520,37416718,2,55052112,37822473,1,69042176,87.8479,1,53.0342,12042240,1490944,79036416,35323904,0.849119,99.723,0,822083584,0,1212956672,154845184,760201216,771112960,0,155607040,0,1,1.81522,0,0,0,1,1,2,9.88339,75.8677,74.7315,1024,12328,392,0,30
conv,2964,3063808,374,16,16,2,1,8,1,7,0,22,17,2,2201763,2068506,1,8749120,2498569,2,20742144,0,2,69.5337,8830976,1490944,0,0,0.842765,99.8519,0,822083584,0,291782656,9191424,376422400,125648896,0,66289664,0,2,7.66202,0,0,0,1,1,2,15.4711,77.0074,76.6112,1024,11792,0,0,32
conv,2965,3063808,374,16,16,2,1,8,1,7,1,22,17,2,2201747,2068522,1,8749256,2498569,2,20742144,0,2,53.0342,12042240,1490944,0,0,0.842556,99.9198,0,822083584,0,291782656,9191424,376422400,125648896,0,66289664,0,2,7.66812,0,0,0,1,1,2,15.4728,77.0074,76.6112,1024,12328,0,0,32
conv,25882,13697024,418,16,16,2,2,1,1,1,0,19,22,8,82487357,71840932,2,145924338,74743817,2,186515456,86.8567,1,77.2191,18350080,1769472,244056064,69730304,0.744446,100.409,0,822083584,0,4309385216,416350208,1670709248,625737728,0,305856512,0,1,0.881114,0,0,0,1,1,2,8.46948,80.9179,80.1465,1024,3344,224,0,32
conv,25449,13697024,418,16,16,2,2,1,1,1,1,19,22,8,79355235,71838131,2,145988978,74743817,2,186515456,86.8667,1,50.0132,29360128,1703936,244056064,69730304,0.720282,99.8488,0,822083584,0,4309385216,416350208,1905590272,306970624,0,302579712,0,1,0.889544,0,0,0,1,1,2,8.6781,80.9278,80.1481,1024,3432,224,0,32
conv,10282,13697024,418,16,16,2,2,1,1,7,0,19,22,1,2103931,2068810,1,23987032,5013513,2,64487424,0,1,77.2191,18350080,1769472,0,0,0.526304,99.9645,0,822083584,0,406454272,13697024,731185152,360382464,0,88211456,0,1,2.19995,0,0,0,1,1,2,5.69909,82.975,82.6778,1024,3344,0,0,38
conv,10303,13697024,418,16,16,2,2,1,1,7,1,19,22,1,2103755,2068646,1,23986952,5013513,2,64487424,0,2,50.0132,29360128,1703936,0,0,0.656801,99.9851,0,822083584,0,406454272,13697024,966066176,410714112,0,99352576,0,1,2.19758,0,0,0,1,1,2,6.14051,82.6414,82.3776,1024,3432,0,0,32
conv,25885,13697024,418,16,16,2,2,1,2,1,0,19,22,8,84312391,71844599,2,141664716,72089737,2,186515456,89.5575,1,80.6335,18350080,917504,244056064,69730304,0.748659,99.563,0,822083584,0,4354408448,443744256,1634926592,634126336,0,308609024,0,1,0.873335,0,0,0,1,1,2,7.98024,80.9295,79.8876,1024,3344,224,0,32
conv,25468,13697024,418,16,16,2,2,1,2,1,1,19,22,8,78476236,71815862,2,142020978,72089609,2,186515456,89.5462,1,50.0132,29360128,1703936,244056064,69730304,0.702419,99.9037,0,822083584,0,4354408448,443744256,1883504640,315359232,0,305790976,0,1,0.892172,0,0,0,1,1,2,8.77865,80.958,79.9065,1024,3432,224,0,32
conv,10204,13697024,418,16,16,2,2,1,2,7,0,19,22,1,2103315,2067090,1,20021296,2359305,2,64487424,0,1,80.6335,18350080,917504,0,0,0.56478,99.9583,0,822083584,0,456785920,41091072,695402496,382468096,0,91095040,0,1,2.21716,0,0,0,1,1,2,6.06089,83.0148,82.2572,1024,3344,0,0,37
conv,10149,13697024,418,16,16,2,2,1,2,7,1,19,22,1,2103315,2066950,1,20021296,2359305,2,64487424,0,2,50.0132,29360128,1703936,0,0,0.612047,99.9057,0,822083584,0,456785920,41091072,943980544,457965568,0,103677952,0,1,2.2289,0,0,0,1,1,2,6.6769,82.7078,82.0421,1024,3432,0,0,32
conv,16701,5914624,361,16,16,2,2,2,1,1,0,19,19,7,48470020,41937051,2,84563560,44843017,2,128778240,84.2096,1,48.1942,16777216,2162688,190513152,39845888,0.778363,99.6292,0,822083584,0,2011840512,258752512,1118584832,582893568,0,187301888,0,1,1.35517,0,0,0,1,1,2,7.87242,81.5589,79.9871,1024,5776,256,0,32
conv,18522,5914624,361,16,16,2,2,2,1,1,1,19,19,6,40118582,41924484,2,84314132,44843017,2,128778240,84.1845,1,45.3685,17956864,2162688,190513152,39845888,0.463103,99.8006,0,822083584,0,2011840512,258752512,1135362048,557727744,0,186974208,0,1,1.22322,0,0,0,1,1,2,7.04677,81.5616,79.9871,1024,5928,256,0,42
conv,5307,5914624,361,16,16,2,2,2,1,7,0,19,19,1,2103315,2068514,1,15433776,4997129,2,33521664,0,2,48.1942,16777216,2162688,0,0,0.792354,99.9543,0,822083584,0,332513280,29573120,409747456,192610304,0,67829760,0,1,4.27327,0,0,0,1,1,2,9.10224,83.0457,82.3075,1024,5776,0,0,32
conv,5290,5914624,361,16,16,2,2,2,1,7,1,19,19,1,2103315,2068530,1,15433776,4997129,2,33521664,0,2,45.3685,17956864,2162688,0,0,0.613079,99.9833,0,822083584,0,332513280,29573120,426524672,206913536,0,69009408,0,1,4.29066,0,0,0,1,1,2,9.14201,83.0336,82.308,1024,5928,0,0,34
conv,16703,5914624,361,16,16,2,2,2,2,1,0,19,19,7,48764177,41943302,2,80872874,42205193,2,128778240,88.5495,1,50.373,16777216,1343488,190513152,39845888,0.773473,99.9414,0,822083584,0,1906884608,235094016,1086537728,536543232,0,179830784,0,1,1.35423,0,0,0,1,1,2,7.46902,81.0416,79.7128,1024,5776,256,0,32
conv,18302,5914624,361,16,16,2,2,2,2,1,1,19,19,6,39722143,41925721,2,80618470,42205241,2,128778240,88.5275,1,46.3113,17956864,1753088,190513152,39845888,0.462322,99.7708,0,822083584,0,1906884608,235094016,1109229568,469434368,0,178061312,0,1,1.23735,0,0,0,1,1,2,6.73482,81.0674,79.7255,1024,5928,256,0,46
conv,5196,5914624,361,16,16,2,2,2,2,7,0,19,19,2,2103347,2066694,1,11730992,2359305,2,33521664,0,2,50.373,16777216,1343488,0,0,0.865469,99.9914,0,822083584,0,322945024,17743872,377700352,211107840,0,66715648,0,1,4.36447,0,0,0,1,1,2,9.12031,82.5186,82.0451,1024,5776,0,0,32
conv,5171,5914624,361,16,16,2,2,2,2,7,1,19,19,2,2103327,2066650,1,11730992,2359305,2,33521664,0,2,46.3113,17956864,1753088,0,0,0.770971,99.9479,0,822083584,0,322945024,17743872,400392192,206913536,0,67403776,0,1,4.38868,0,0,0,1,1,2,9.29265,82.5337,82.0651,1024,5928,0,0,32
conv,9706,2801664,342,16,16,2,2,4,1,1,0,19,18,8,29577696,26988665,2,57348312,29917193,2,99909632,81.8533,1,46.9562,10485760,2129920,163741696,24903680,0.623299,99.5483,0,822083584,0,1233534976,150388736,843300864,576421888,0,140255232,0,1,2.3412,0,0,0,1,1,3,9.76659,82.0487,80.7842,1024,10640,320,0,40
conv,9649,2801664,342,16,16,2,2,4,1,1,1,19,18,7,26324617,26983601,2,56055158,29917193,2,99909632,81.5923,1,43.8258,11223040,2293760,163741696,24903680,0.464848,99.8154,0,822083584,0,1233534976,150388736,853786624,670793728,0,144351232,0,1,2.34592,0,0,0,1,1,3,10.0824,81.9906,80.7619,1024,10920,320,0,48
conv,2774,2801664,342,16,16,2,2,4,1,7,0,19,18,2,2201425,2068522,1,10813488,5013513,2,18038784,0,2,46.9562,10485760,2129920,0,0,0.451229,99.8351,0,822083584,0,301580288,14008320,249806848,105627648,0,56524800,0,2,8.20212,0,0,0,1,1,2,15.356,83.2826,82.5471,1024,10640,0,0,46
conv,2771,2801664,342,16,16,2,2,4,1,7,1,19,18,2,2198933,2068506,1,10813680,5013513,2,18038784,0,2,43.8258,11223040,2293760,0,0,0.609505,99.7645,0,822083584,0,301580288,14008320,260292608,107724800,0,57016320,0,2,8.22426,0,0,0,1,1,2,15.5137,83.2543,82.5251,1024,10920,0,0,40
conv,9660,2801664,342,16,16,2,2,4,2,1,0,19,18,8,30109327,26989232,2,53931866,27262985,2,99909632,87.9688,1,50.5682,10485760,1228800,163741696,24903680,0.620704,99.7443,0,822083584,0,1063403520,127975424,813121536,528646144,0,130826240,0,1,2.35209,0,0,0,1,1,3,9.01741,81.1737,80.1452,1024,10640,320,0,40
conv,9625,2801664,342,16,16,2,2,4,2,1,1,19,18,7,26482712,26983809,2,52650628,27262985,2,99909632,87.7715,1,45.623,11223040,1761280,163741696,24903680,0.464504,100.136,0,822083584,0,1063403520,127975424,829054976,623017984,0,135102464,0,1,2.36747,0,0,0,1,1,3,9.41936,81.1558,80.1599,1024,10920,320,0,48
conv,2650,2801664,342,16,16,2,2,4,2,7,0,19,18,3,2209397,2066730,1,7413808,2359305,2,18038784,0,2,50.5682,10485760,1228800,0,0,0.606691,99.8367,0,822083584,0,261472256,8404992,219627520,112623616,0,54231040,0,2,8.58407,0,0,0,1,1,2,15.5607,82.5661,82.0685,1024,10640,0,0,40
conv,2654,2801664,342,16,16,2,2,4,2,7,1,19,18,3,2209940,2066618,1,7413808,2359305,2,18038784,0,2,45.623,11223040,1761280,0,0,0.60525,99.8115,0,822083584,0,261472256,8404992,235560960,101433344,0,54403072,0,2,8.57139,0,0,0,1,1,2,15.5444,82.5864,82.0815,1024,10920,0,0,40
conv,7135,1323008,323,16,16,2,2,8,1,1,0,19,17,8,20676603,19541207,2,46255452,22429705,3,85442560,80.3583,1,46.6045,7340032,1933312,150355968,17432576,0.455946,99.6807,0,822083584,0,775684096,57995264,705736704,556990464,0,113385472,0,2,3.18862,0,0,0,1,1,3,13.3205,80.9908,80.4361,1024,20368,448,0,54
conv,7474,1323008,323,16,16,2,2,8,1,1,1,19,17,7,20483144,19522213,2,47368896,22429705,3,85442560,80.8759,1,43.5642,7856128,2064384,150355968,17432576,0.459886,99.5943,0,822083584,0,775684096,57995264,713076736,607596544,0,115642368,0,1,3.03449,0,0,0,1,1,3,11.3036,80.9761,80.4321,1024,20904,448,0,52
conv,1502,1323008,323,16,16,2,2,8,1,7,0,19,17,4,2201747,2068506,2,8519728,4997129,2,10264576,0,3,46.6045,7340032,1933312,0,0,0.304175,99.9268,0,822083584,0,277336064,6615040,169914368,61562880,0,51089408,0,3,15.3199,0,0,0,1,1,2,27.2268,82.2093,81.812,1024,20368,0,0,64
conv,1499,1323008,323,16,16,2,2,8,1,7,1,19,17,4,2201747,2068506,2,8521016,4997129,2,10264576,0,3,43.5642,7856128,2064384,0,0,0.302038,99.8635,0,822083584,0,277336064,6615040,177254400,61288448,0,51372032,0,3,15.3543,0,0,0,1,1,2,27.1804,82.1869,81.7917,1024,20904,0,0,63
conv,7429,1323008,323,16,16,2,2,8,2,1,0,19,17,7,20917221,19530799,2,44508584,19791881,3,85442560,88.1963,1,50.6298,7340032,1196032,150355968,17432576,0.455405,99.6241,0,822083584,0,729628672,55349248,676491264,604676096,0,112545792,0,1,3.05313,0,0,0,1,1,3,11.5455,80.6921,80.1959,1024,20368,448,0,54
conv,7422,1323008,323,16,16,2,2,8,2,1,1,19,17,7,20676178,19528017,2,44032312,19791881,3,85442560,87.7179,1,45.5581,7856128,1630208,150355968,17432576,0.45745,99.862,0,822083584,0,729628672,55349248,689045504,653959168,0,114937856,0,1,3.05608,0,0,0,1,1,3,11.0918,80.6962,80.2082,1024,20904,448,0,52
conv,1409,1323008,323,16,16,2,2,8,2,7,0,19,17,4,2202155,2066938,1,5264536,2359305,2,10264576,0,3,50.6298,7340032,1196032,0,0,0.446877,98.8845,0,822083584,0,231280640,3969024,140668928,56545280,0,48197632,0,3,16.3281,0,0,0,1,1,2,27.8235,81.6162,81.3414,1024,20368,0,0,56
conv,1420,1323008,323,16,16,2,2,8,2,7,1,19,17,4,2201755,2066838,1,5263416,2359305,2,10264576,0,3,45.5581,7856128,1630208,0,0,0.458963,101.019,0,822083584,0,231280640,3969024,153223168,54448128,0,48582656,0,3,16.1592,0,0,0,1,1,2,27.2727,81.647,81.3694,1024,20904,0,0,56
conv,22652,6488064,396,16,16,2,4,1,1,1,0,18,22,9,103127909,43377868,2,136522464,49676297,2,147783680,84.2568,1,47.9594,18350080,2424832,231211008,41287680,0.733609,99.67,0,822083584,0,2389049344,220790784,1394933760,199884800,0,177405952,0,1,0.998261,0,0,0,1,1,2,5.46074,89.3505,88.5459,1024,6160,280,0,31
conv,22638,6488064,396,16,16,2,4,1,1,1,1,18,22,8,101474509,43377541,2,136523036,49676297,2,147783680,84.2576,1,43.1907,20643840,2424832,231211008,41287680,0.700304,99.1416,0,822083584,0,2389049344,220790784,1541734400,199884800,0,182566912,0,1,1.00567,0,0,0,1,1,2,5.72858,89.3375,88.5556,1024,6248,280,0,32
conv,4950,6488064,396,16,16,2,4,1,1,7,0,18,22,2,2103699,2068794,1,20922808,8388665,2,32178176,0,2,47.9594,18350080,2424832,0,0,0.300065,99.8785,0,822083584,0,219807744,6488064,426049536,174325760,0,57376768,0,1,4.58005,0,0,0,1,1,2,8.31242,90.1057,89.7987,1024,6160,0,0,52
conv,5010,6488064,396,16,16,2,4,1,1,7,1,18,22,2,2103315,2068534,1,20922472,8388617,2,32178176,0,2,43.1907,20643840,2424832,0,0,0.538472,99.9615,0,822083584,0,219807744,6488064,572850176,224657408,0,64307200,0,1,4.52766,0,0,0,1,1,2,8.54844,89.9745,89.7006,1024,6248,0,0,40
conv,22751,6488064,396,16,16,2,4,1,2,1,0,18,22,9,104249541,43377717,2,129671480,45481993,2,147783680,89.5688,1,50.0103,18350080,1572864,231211008,41287680,0.755608,100.293,0,822083584,0,2469003264,207814656,1361313792,157188096,0,176963584,0,1,0.99515,0,0,0,1,1,2,5.38452,89.3517,88.6023,1024,6160,280,0,31
conv,20545,6488064,396,16,16,2,4,1,2,1,1,18,22,8,78746149,43364788,2,129679408,45481993,2,147783680,89.5688,1,43.1907,20643840,2424832,231211008,41287680,0.56127,100.232,0,822083584,0,2469003264,220790784,1520730112,157188096,0,183189504,0,1,1.11061,0,0,0,1,1,2,6.29718,89.2804,88.5319,1024,6248,280,0,31
conv,4764,6488064,396,16,16,2,4,1,2,7,0,18,22,2,2103315,2068522,1,14073904,4194361,2,32178176,0,2,50.0103,18350080,1572864,0,0,0.415494,99.948,0,822083584,0,313098240,6488064,392429568,193003520,0,60129280,0,1,4.7621,0,0,0,1,1,2,9.26884,90.1839,89.7599,1024,6160,0,0,48
conv,4675,6488064,396,16,16,2,4,1,2,7,1,18,22,2,2103315,2068530,1,14073952,4194313,2,32178176,0,2,43.1907,20643840,2424832,0,0,0.440323,99.9384,0,822083584,0,313098240,19464192,551845888,201392128,0,66650112,0,1,4.85115,0,0,0,1,1,2,9.6876,89.9382,89.4543,1024,6248,0,0,40
conv,14166,2801664,342,16,16,2,4,2,1,1,0,18,19,8,62998415,25670820,2,88661028,31981577,2,120258560,80.2474,1,49.3938,8650752,3342336,205848576,23592960,0.695615,100.097,0,822083584,0,1053638656,133578752,990101504,216498176,0,113655808,0,1,1.60063,0,0,0,1,1,2,5.15202,89.683,88.4221,1024,10640,320,0,32
conv,11819,2801664,342,16,16,2,4,2,1,1,1,18,19,7,34348252,25672438,2,81208752,31981705,2,120258560,78.9373,1,46.1177,10747904,2097152,205848576,23592960,0.418569,99.9067,0,822083584,0,1053638656,133578752,1032044544,329744384,0,119111680,0,1,1.91739,0,0,0,1,1,3,6.46951,89.6467,88.4435,1024,10792,320,0,42
conv,2707,2801664,342,16,16,2,4,2,1,7,0,18,19,2,2103315,2068678,2,15441968,8388617,2,17334272,0,2,49.3938,8650752,3342336,0,0,0.27366,99.7883,0,822083584,0,183926784,25214976,216252416,115834880,0,47595520,0,2,8.40472,0,0,0,1,1,2,13.5935,90.3647,89.5116,896,10640,0,0,68
conv,2711,2801664,342,16,16,2,4,2,1,7,1,18,19,2,2103323,2068526,2,15441968,8388617,2,17334272,0,2,46.1177,10747904,2097152,0,0,0.416147,99.8769,0,822083584,0,183926784,25214976,258195456,119324672,0,49201152,0,2,8.39963,0,0,0,1,1,2,13.6163,90.3014,89.4761,1024,10792,0,0,54
conv,14150,2801664,342,16,16,2,4,2,2,1,0,18,19,8,63041947,25666524,2,82785992,27787273,2,120258560,87.6783,1,56.3181,8650752,1867776,205848576,23592960,0.697464,100.799,0,822083584,0,1031888896,127664128,959922176,211271680,0,111722496,0,1,1.60665,0,0,0,1,1,2,5.01278,89.4665,88.1881,1024,10640,320,0,32
conv,11682,2801664,342,16,16,2,4,2,2,1,1,18,19,7,34004603,25672326,2,75294308,27787273,2,120258560,86.6854,1,47.5115,10747904,1720320,205848576,23592960,0.419055,99.8035,0,822083584,0,1031888896,127664128,1007312896,324517888,0,117358592,0,1,1.94305,0,0,0,1,1,3,6.41568,89.4473,88.2303,1024,10792,320,0,44
conv,2417,2801664,342,16,16,2,4,2,2,7,0,18,19,3,2103315,2068538,1,9527440,4194313,2,17334272,0,2,56.3181,8650752,1867776,0,0,0.277912,99.8913,0,822083584,0,227467264,14008320,186073088,104923136,0,47251456,0,2,9.42114,0,0,0,1,1,2,15.402,90.0832,89.5842,1024,10640,0,0,64
conv,2422,2801664,342,16,16,2,4,2,2,7,1,18,19,3,2103331,2068498,1,9527360,4194313,2,17334272,0,2,47.5115,10747904,1720320,0,0,0.420292,99.7022,0,822083584,0,227467264,14008320,233463808,102825984,0,48832512,0,2,9.39034,0,0,0,1,1,2,15.462,90.0651,89.5823,1024,10792,0,0,48
conv,9113,1327104,324,16,16,2,4,4,1,1,0,18,18,8,37249003,16823429,3,87455080,23134217,3,106430464,80.8016,1,45.4735,5406720,3178496,193167360,14745600,0.553762,100.843,0,822083584,0,554827776,63324160,854114304,324894720,0,92684288,0,1,2.54303,0,0,0,1,1,3,6.64871,89.0545,88.312,1024,19600,400,0,39
conv,7827,1327104,324,16,16,2,4,4,1,1,1,18,18,6,16159226,16815371,2,57164656,23134217,3,106430464,73.7597,1,43.9788,5799936,3375104,193167360,14745600,0.279479,99.7787,0,822083584,0,554827776,63324160,857260032,274563072,0,91025408,0,1,2.90036,0,0,0,1,1,3,7.39695,89.0575,88.3015,1024,19880,400,0,61
conv,1546,1327104,324,16,16,2,4,4,1,7,0,18,18,4,2192197,2068506,3,12685360,8388617,2,9846784,0,2,45.4735,5406720,3178496,0,0,0.275219,99.4576,0,822083584,0,165527552,11943936,141082624,60784640,0,42348544,0,3,14.8346,0,0,0,1,1,2,22.5882,89.2748,88.6558,768,19600,0,0,80
conv,1554,1327104,324,16,16,2,4,4,1,7,1,18,18,4,2196266,2068506,3,12685824,8388617,2,9846784,0,3,43.9788,5799936,3375104,0,0,0.142463,98.4679,0,822083584,0,165527552,11943936,144228352,70221824,0,42790912,0,3,14.7848,0,0,0,1,1,2,22.9754,89.2708,88.6582,640,19880,0,0,96
conv,9039,1327104,324,16,16,2,4,4,2,1,0,18,18,8,36415899,16820526,2,79435452,18939913,3,106430464,88.1985,1,54.6517,5406720,1736704,193167360,14745600,0.54886,99.8101,0,822083584,0,578297856,58015744,825655296,205922304,0,88170496,0,1,2.50829,0,0,0,1,1,3,5.90221,88.9851,88.2514,1024,19600,400,0,32
conv,8121,1327104,324,16,16,2,4,4,2,1,1,18,18,7,26311769,16817826,2,64173284,18939913,3,106430464,86.1586,1,48.2904,5799936,2555904,193167360,14745600,0.418456,99.4767,0,822083584,0,578297856,58015744,833818624,270934016,0,90746880,0,1,2.79647,0,0,0,1,1,3,6.73917,88.9836,88.2658,1024,19880,400,0,56
conv,1327,1327104,324,16,16,2,4,4,2,7,0,18,18,5,2195070,2068522,2,7246248,4194313,2,9846784,0,2,54.6517,5406720,1736704,0,0,0.27783,100.919,0,822083584,0,188997632,6635520,112623616,57303040,0,41906176,0,3,17.5515,0,0,0,1,1,2,26.0938,89.0914,88.5642,768,19600,0,0,80
conv,1306,1327104,324,16,16,2,4,4,2,7,1,18,18,5,2196406,2068506,2,7245880,4194313,2,9846784,0,3,48.2904,5799936,2555904,0,0,0.276691,99.6204,0,822083584,0,188997632,6635520,120786944,48635904,0,41893888,0,3,17.5884,0,0,0,1,1,2,26.6334,89.0906,88.5526,768,19880,0,0,80
conv,6180,626688,306,16,16,2,4,8,1,1,0,18,17,6,14696698,12417165,3,74053488,18710537,3,99532800,78.7649,1,41.2281,4227072,3031040,186826752,10321920,0.278878,99.2352,0,822083584,0,508280832,31330304,800837632,296271872,0,86474752,0,1,3.68208,0,0,0,1,1,4,9.54084,89.3021,88.8556,1024,37520,560,0,64
conv,6101,626688,306,16,16,2,4,8,1,1,1,18,17,6,14776542,12394712,3,71908624,18710665,3,99532800,78.2489,1,40.1416,4382720,3031040,186826752,10321920,0.277127,99.0367,0,822083584,0,508280832,31330304,802410496,335593472,0,87912448,0,1,3.72491,0,0,0,1,1,4,9.85735,89.2954,88.8561,768,38056,560,0,80
conv,1280,626688,306,16,16,2,4,8,1,7,0,18,17,5,2201747,2068506,3,11319344,8388617,1,6119424,0,2,42.4617,3784704,3031040,0,0,0.138094,98.5825,0,822083584,0,217722880,5640192,103534592,33079296,0,41351168,0,3,18.1175,0,0,0,1,1,2,27.7364,89.7498,89.331,512,37520,0,0,128
conv,1291,626688,306,16,16,2,4,8,1,7,1,18,17,5,2201747,2068506,3,11319344,8388617,1,6119424,0,2,42.4746,4014080,3031040,0,0,0.138081,98.5963,0,822083584,0,217722880,5640192,105631744,31963136,0,41385984,0,3,17.9861,0,0,0,1,1,2,27.2957,89.7483,89.3299,512,38056,0,0,128
conv,5833,626688,306,16,16,2,4,8,2,1,0,18,17,6,14940053,12390482,3,68928232,14516233,4,99532800,87.6488,1,50.9458,4227072,1646592,186826752,10321920,0.275959,99.5215,0,822083584,0,469850112,28823552,773238784,343996416,0,85796864,0,1,3.90183,0,0,0,1,1,4,10.2843,89.174,88.7996,1024,37520,560,0,64
conv,5850,626688,306,16,16,2,4,8,2,1,1,18,17,6,14767689,12390478,3,67875080,14516233,4,99532800,87.4127,1,44.2756,4382720,2338816,186826752,10321920,0.276775,99.4221,0,822083584,0,469850112,28823552,779614208,331937792,0,85592064,0,1,3.89209,0,0,0,1,1,4,9.80197,89.1825,88.8046,768,38056,560,0,80
conv,959,626688,306,16,16,2,4,8,2,7,0,18,17,6,2201747,2068506,2,6111280,4194441,2,6119424,0,3,53.2853,3784704,1646592,0,0,0.1396,97.5083,0,822083584,0,169854976,3133440,75935744,29880320,0,38551552,0,4,24.5481,0,0,0,1,1,2,35.5463,89.519,89.2383,512,37520,0,0,128
conv,952,626688,306,16,16,2,4,8,2,7,1,18,17,6,2201747,2068506,2,6111280,4194313,2,6119424,0,3,47.1027,4014080,2338816,0,0,0.139172,98.2177,0,822083584,0,169854976,3133440,82835456,29356032,0,38770688,0,4,24.8512,0,0,0,1,1,2,35.5562,89.5327,89.2478,512,38056,0,0,128
conv,20929,3063808,374,16,16,2,8,1,1,1,0,17,22,8,104423173,29385741,2,136943500,44072969,2,125976576,75.3946,1,27.0159,22880256,3686400,218365952,27295744,0.707515,100.748,0,822083584,0,1294712832,109854720,1198505984,97255424,0,123691008,0,1,1.08351,0,0,0,1,1,2,4.35567,89.592,88.9922,1024,11792,392,0,32
conv,21028,3063808,374,16,16,2,8,1,1,1,1,17,22,8,104873621,29385713,2,136941908,44072969,2,125976576,75.3945,1,22.0243,28901376,3686400,218365952,27295744,0.700764,100.099,0,822083584,0,1294712832,109854720,1301266432,97255424,0,127303680,0,1,1.08018,0,0,0,1,1,2,4.51595,89.5721,88.9893,1024,11880,392,0,32
conv,3020,3063808,374,16,16,2,8,1,1,7,0,17,22,2,2103315,2068802,3,27762968,16777225,1,16793600,0,4,27.0159,22880256,3686400,0,0,0.133217,98.0748,0,822083584,0,129007616,3063808,273661952,107741184,0,46374912,0,2,7.56547,0,0,0,1,1,2,11.9776,90.1872,89.9974,640,11792,0,0,84
conv,2945,3063808,374,16,16,2,8,1,1,7,1,17,22,2,2103315,2068534,3,27762736,16777225,2,16793600,0,4,22.0243,28901376,3686400,0,0,0.268197,99.754,0,822083584,0,129007616,3063808,376422400,108871680,0,50036736,0,2,7.75089,0,0,0,1,1,2,12.1686,90.0755,89.8995,896,11880,0,0,72
conv,20464,3063808,374,16,16,2,8,1,2,1,0,17,22,9,104249908,29385656,2,124870088,35684489,2,125976576,85.0024,1,28.0899,22880256,2670592,218365952,27295744,0.6771,99.1741,0,822083584,0,1323646976,128237568,1165967360,102055936,0,124649472,0,1,1.08639,0,0,0,1,1,2,4.49408,89.5747,88.7988,1024,11792,392,0,31
conv,20806,3063808,374,16,16,2,8,1,2,1,1,17,22,8,103179467,29385741,2,124869676,35684361,2,125976576,85.0033,1,22.0243,28901376,3686400,218365952,27295744,0.698943,100.8,0,822083584,0,1323646976,128237568,1280802816,102055936,0,128655360,0,1,1.09564,0,0,0,1,1,2,4.62567,89.575,88.8232,1024,11880,392,0,31
conv,2609,3063808,374,16,16,2,8,1,2,7,0,17,22,2,2103315,2068750,2,15688064,8388617,2,16793600,0,4,28.0899,22880256,2670592,0,0,0.139649,97.8801,0,822083584,0,228818944,3063808,241123328,102744064,0,48439296,0,2,8.73491,0,0,0,1,1,2,14.7528,90.4427,90.1795,640,11792,0,0,84
conv,2575,3063808,374,16,16,2,8,1,2,7,1,17,22,3,2103315,2068534,2,15687880,8388617,2,16793600,0,5,22.0243,28901376,3686400,0,0,0.274854,99.9825,0,822083584,0,228818944,3063808,355958784,105971712,0,52568064,0,2,8.85117,0,0,0,1,1,2,15.2108,90.3684,90.1151,896,11880,0,0,72
conv,13372,1323008,323,16,16,2,8,2,1,1,0,17,19,8,64404791,17688672,2,101915590,32374793,2,112705536,70.7877,1,37.4158,8355840,3194880,206389248,15597568,0.555386,100.369,0,822083584,0,503283712,73871360,951103488,110415872,0,87220224,0,1,1.69599,0,0,0,1,1,2,3.65967,89.0657,88.1661,1024,20368,448,0,32
conv,13667,1323008,323,16,16,2,8,2,1,1,1,17,19,8,65561645,17683062,2,122730594,32374793,2,112705536,74.6267,1,26.273,13320192,3129344,206389248,15597568,0.556746,99.159,0,822083584,0,503283712,73871360,980463616,198496256,0,91348992,0,1,1.63727,0,0,0,1,1,2,3.72297,89.0577,88.1988,1024,20520,448,0,40
conv,2072,1323008,323,16,16,2,8,2,1,7,0,17,19,3,2103771,2068650,4,22663824,16777225,1,9510912,0,2,37.4158,8355840,3194880,0,0,0.140653,98.4324,0,822083584,0,113987584,22491136,144748544,56664064,0,41013248,0,2,11.0323,0,0,0,1,1,2,16.2553,89.2587,88.3842,512,20368,0,0,124
conv,2134,1323008,323,16,16,2,8,2,1,7,1,17,19,3,2103315,2068662,4,22663216,16777225,1,9510912,0,3,26.273,13320192,3129344,0,0,0.139426,98.2766,0,822083584,0,113987584,22491136,174108672,52744192,0,41906176,0,2,10.7285,0,0,0,1,1,1,16.0555,89.2539,88.398,640,20520,0,0,94
conv,13516,1323008,323,16,16,2,8,2,2,1,0,17,19,8,65524833,17680665,2,113228042,23986185,2,112705536,84.9932,1,40.3953,8355840,2342912,206389248,15597568,0.551859,100.294,0,822083584,0,564043776,63287296,921858048,103956480,0,87564288,0,1,1.68526,0,0,0,1,1,2,3.67892,89.0461,88.3361,1024,20368,448,0,32
conv,13242,1323008,323,16,16,2,8,2,2,1,1,17,19,8,63146886,17675553,2,91813176,23986185,2,112705536,82.132,1,26.9165,13320192,2736128,206389248,15597568,0.415865,99.7118,0,822083584,0,564043776,63287296,956432384,185745408,0,91652096,0,1,1.7116,0,0,0,1,1,2,3.88622,89.0421,88.3638,1024,20520,448,0,48
conv,1464,1323008,323,16,16,2,8,2,2,7,0,17,19,4,2103327,2068630,3,12234800,8388617,2,9510912,0,3,40.3953,8355840,2342912,0,0,0.141072,98.1108,0,822083584,0,174747648,11907072,115503104,50479104,0,41365504,0,3,15.7564,0,0,0,1,1,2,23.7783,89.2186,88.7455,512,20368,0,0,125
conv,1489,1323008,323,16,16,2,8,2,2,7,1,17,19,4,2103347,2068654,3,12234864,8388617,2,9510912,0,4,26.9165,13320192,2736128,0,0,0.139967,98.0248,0,822083584,0,174747648,11907072,150077440,45236224,0,42393600,0,3,15.4046,0,0,0,1,1,2,23.7614,89.2171,88.7554,640,20520,0,0,94
conv,9968,626688,306,16,16,2,8,4,1,1,0,17,18,6,35132189,11857648,3,116801814,26525705,2,106094592,74.2512,1,24.2227,6926336,5292032,200400896,9748480,0.276527,99.1909,0,822083584,0,397955072,36343808,887869440,111972352,0,79468544,0,1,2.27134,0,0,0,1,1,3,4.7366,89.2684,88.7232,1024,37520,560,0,48
conv,9885,626688,306,16,16,2,8,4,1,1,1,17,18,6,34452931,11824425,3,104143926,26525705,2,106094592,71.834,1,33.9277,5773312,2998272,200400896,9748480,0.275857,99.5484,0,822083584,0,397955072,36343808,889966592,154439680,0,81035264,0,1,2.29792,0,0,0,1,1,3,4.80961,89.2611,88.7264,1024,37800,560,0,64
conv,1896,626688,306,16,16,2,8,4,1,7,0,17,18,3,2223682,2068522,4,20113456,16777225,1,5894144,0,3,24.8178,6369280,5292032,0,0,0.137179,98.9174,0,822083584,0,101629952,10653696,102486016,32280576,0,37496832,0,2,12.1319,0,0,0,1,1,1,16.6289,89.6895,89.102,384,37520,0,0,163
conv,1891,626688,306,16,16,2,8,4,1,7,1,17,18,3,2224410,2068506,4,20113592,16777225,1,5894144,0,2,35.2384,5400576,2998272,0,0,0.137024,98.7833,0,822083584,0,101629952,10653696,104058880,32907264,0,37572608,0,2,12.1608,0,0,0,1,1,1,16.7444,89.6916,89.1053,384,37800,0,0,156
conv,9340,626688,306,16,16,2,8,4,2,1,0,17,18,7,34660405,11818340,3,97056522,18137097,2,106094592,83.5697,1,30.3088,6926336,2838528,200400896,9748480,0.27636,99.2428,0,822083584,0,450396160,31330304,860270592,109502464,0,80039936,0,1,2.41986,0,0,0,1,1,3,5.11017,89.2791,88.7675,1024,37520,560,0,49
conv,9167,626688,306,16,16,2,8,4,2,1,1,17,18,7,34081944,11818504,3,107636216,18137097,3,106094592,84.9883,1,35.7121,5773312,2560000,200400896,9748480,0.276497,99.5762,0,822083584,0,450396160,31330304,867170304,306110464,0,87189504,0,1,2.48076,0,0,0,1,1,3,6.05217,89.2571,88.7826,1024,37800,560,0,64
conv,1210,626688,306,16,16,2,8,4,2,7,0,17,18,5,2213521,2068506,3,10508336,8388617,1,5894144,0,3,31.4307,6369280,2838528,0,0,0.136159,98.635,0,822083584,0,150401024,5640192,74887168,29810688,0,37939200,0,3,19.1672,0,0,0,1,1,2,26.8103,89.7085,89.1906,384,37520,0,0,158
conv,1261,626688,306,16,16,2,8,4,2,7,1,17,18,5,2211078,2068506,3,10508336,8388617,1,5894144,0,3,37.1784,5400576,2560000,0,0,0.136258,98.9558,0,822083584,0,150401024,5640192,81262592,23519232,0,37937152,0,3,18.3612,0,0,0,1,1,1,26.1708,89.7316,89.2024,512,37800,0,0,128
conv,31877,16777216,512,16,32,0,1,1,1,1,0,16,32,8,77186793,104843394,2,275253200,104857609,2,308281344,54.069,0,0,0,0,205520896,102760448,0.725986,99.7748,0,822083584,0,9596567552,822083584,2902458368,385875968,0,458227712,0,1,0.710368,0,0,0,1,1,3,10.1717,100,99.0847,1024,0,200,0,40
conv,19604,16777216,512,16,32,0,1,1,1,7,0,16,32,1,2103851,2069178,2,172491336,2097161,2,205520896,0,0,0,0,0,0,0,0.930271,99.9648,0,822083584,0,1006632960,16777216,1660944384,637534208,0,129499136,0,1,1.15526,0,0,0,1,1,2,4.59984,100,100,1024,0,0,0,32
conv,20128,8388608,512,16,32,0,1,2,1,1,0,16,32,8,53208376,60810950,2,154403344,60817417,2,167772160,54.0804,0,0,0,0,115343360,58720256,0.969644,99.8006,0,822083584,0,3850371072,419430400,1778384896,327155712,0,228327424,0,1,1.12227,0,0,0,1,1,3,8.35424,100,98.5075,1024,0,224,0,32
conv,10061,8388608,512,16,32,0,1,2,1,7,0,16,32,1,2146596,2068838,2,96731184,2097161,2,110100480,0,0,0,0,0,0,0,0.933683,99.9536,0,822083584,0,729808896,8388608,897581056,419430400,0,89915392,0,1,2.25368,0,0,0,1,1,2,5.89081,100,100,1024,0,0,0,32
conv,12888,4194304,512,16,32,0,1,4,1,1,0,16,32,8,33586812,38787166,2,104128376,38797321,2,120061952,57.232,0,0,0,0,115343360,36700160,0.729768,100.417,0,822083584,0,2000683008,209715200,1149239296,599785472,0,151126016,0,1,1.74391,0,0,0,1,1,3,8.40936,100,98.8725,1024,0,280,0,40
conv,5310,4194304,512,16,32,0,1,4,1,7,0,16,32,2,2202171,2068726,2,58851800,2097161,3,62390272,0,0,0,0,0,0,0,0.706091,99.925,0,822083584,0,444596224,4194304,515899392,201326592,0,62128128,0,1,4.27895,0,0,0,1,1,3,8.01914,100,100,1024,0,0,0,40
conv,9215,2097152,512,16,32,0,1,8,1,1,0,16,32,8,28159203,27772982,2,73461508,27787401,2,73662464,58.5086,0,0,0,0,70254592,25690112,0.722584,99.801,0,822083584,0,1107296256,104857600,729808896,748683264,0,110624768,0,1,2.4639,0,0,0,1,1,2,9.15796,100,99.2299,1024,0,392,0,40
conv,2903,2097152,512,16,32,0,1,8,1,7,0,16,32,2,2152558,2069078,3,39911472,2097161,3,38535168,0,0,0,0,0,0,0,0.474199,99.8576,0,822083584,0,314572800,2097152,325058560,115343360,0,49348608,0,2,7.85349,0,0,0,1,1,3,12.3802,100,100,1024,0,0,0,56
conv,19886,8388608,512,16,32,0,2,1,1,1,0,16,32,8,57699468,60804482,3,255047624,62914569,2,212860928,50.7819,0,0,0,0,205520896,58720256,0.722467,99.9231,0,822083584,0,4395630592,411041792,1837105152,251658240,0,243269632,0,1,1.14028,0,0,0,1,1,3,8.16344,100,99.1379,1024,0,224,0,38
conv,10987,8388608,512,16,32,0,2,1,1,7,0,16,32,1,2103523,2069310,3,152306048,4194313,2,110100480,0,0,0,0,0,0,0,0.94951,99.9206,0,822083584,0,511705088,8388608,897581056,251658240,0,77856768,0,1,2.06457,0,0,0,1,1,2,4.42842,100,100,1024,0,0,0,32
conv,19984,8388608,512,16,32,0,2,1,2,1,0,16,32,8,58114261,60804110,3,255010368,60817417,2,212860928,51.112,0,0,0,0,205520896,58720256,0.723565,99.6897,0,822083584,0,4437573632,411041792,1828716544,268435456,0,244842496,0,1,1.13513,0,0,0,1,1,3,8.1805,100,99.1435,1024,0,224,0,36
conv,10970,8388608,512,16,32,0,2,1,2,7,0,16,32,1,2103339,2067466,3,152305872,2097161,2,110100480,0,0,0,0,0,0,0,0.705749,99.9853,0,822083584,0,562036736,8388608,889192448,436207616,0,84934656,0,1,2.06775,0,0,0,1,1,2,4.91775,100,100,1024,0,0,0,40
conv,13622,4194304,512,16,32,0,2,2,1,1,0,16,32,7,37449675,35631998,3,147191572,37748873,2,139460608,51.1721,0,0,0,0,160432128,33554432,0.72221,99.8639,0,822083584,0,1925185536,209715200,1241513984,364904448,0,144310272,0,1,1.66718,0,0,0,1,1,3,7.36847,100,98.8193,1024,0,256,0,40
conv,5712,4194304,512,16,32,0,2,2,1,7,0,16,32,1,2129449,2068894,3,86115144,4194313,2,59244544,0,0,0,0,0,0,0,0.706314,99.8622,0,822083584,0,369098752,4194304,490733568,230686720,0,59899904,0,1,3.97797,0,0,0,1,1,2,6.99231,100,100,1024,0,0,0,40
conv,14549,4194304,512,16,32,0,2,2,2,1,0,16,32,8,50482127,35643026,3,149391120,35651593,2,139460608,52.3737,0,0,0,0,160432128,33554432,0.965743,100.018,0,822083584,0,1962934272,209715200,1233125376,364904448,0,145227776,0,1,1.55837,0,0,0,1,1,3,7.02807,100,98.8267,1024,0,256,0,32
conv,5682,4194304,512,16,32,0,2,2,2,7,0,16,32,1,2125296,2067454,3,86114784,2097161,2,59244544,0,0,0,0,0,0,0,0.709206,99.9182,0,822083584,0,406847488,4194304,482344960,239075328,0,61079552,0,1,3.99997,0,0,0,1,1,2,7.19051,100,100,1024,0,0,0,40
conv,8376,2097152,512,16,32,0,2,4,1,1,0,16,32,8,27567540,23053178,3,100100308,25165833,3,102760448,54.4413,0,0,0,0,137887744,20971520,0.701643,100.356,0,822083584,0,1042284544,104857600,910163968,402653184,0,103415808,0,1,2.71617,0,0,0,1,1,3,8.06517,100,99.1762,1024,0,320,0,40
conv,3064,2097152,512,16,32,0,2,4,1,7,0,16,32,2,2201747,2068682,4,53018904,4194313,2,33816576,0,0,0,0,0,0,0,0.471895,99.8349,0,822083584,0,264241152,2097152,287309824,115343360,0,46596096,0,1,7.44074,0,0,0,1,1,3,10.7243,100,100,1024,0,0,0,56
conv,8391,2097152,512,16,32,0,2,4,2,1,0,16,32,8,27581999,23053742,3,99829128,23068681,3,102760448,55.2076,0,0,0,0,137887744,20971520,0.705069,99.8741,0,822083584,0,1056964608,104857600,901775360,411041792,0,103874560,0,1,2.70896,0,0,0,1,1,3,8.18633,100,99.1798,1024,0,320,0,40
conv,3048,2097152,512,16,32,0,2,4,2,7,0,16,32,2,2201747,2066282,4,53018672,2097161,2,33816576,0,0,0,0,0,0,0,0.476341,99.8868,0,822083584,0,278921216,2097152,278921216,121634816,0,46989312,0,2,7.47976,0,0,0,1,1,3,10.8132,100,100,1024,0,0,0,56
conv,7696,1048576,512,16,32,0,2,8,1,1,0,16,32,7,24981225,16755279,3,80249640,18874377,2,84410368,59.1329,0,0,0,0,126615552,14680064,0.727599,99.5788,0,822083584,0,717225984,52428800,744488960,525336576,0,89849856,0,1,2.95567,0,0,0,1,1,3,8.75739,100,99.5259,1024,0,448,0,38
conv,1741,1048576,512,16,32,0,2,8,1,7,0,16,32,4,2153029,2068962,4,36471288,4194313,3,21102592,0,0,0,0,0,0,0,0.237819,98.986,0,822083584,0,203423744,1048576,185597952,87031808,0,40599552,0,2,13.2066,0,0,0,1,1,3,17.8527,100,100,768,0,0,0,80
conv,8815,1048576,512,16,32,0,2,8,2,1,0,16,32,5,18152663,16748690,2,68795676,16777225,2,84410368,54.8511,0,0,0,0,126615552,14680064,0.49027,99.0867,0,822083584,0,727711744,52428800,736100352,475004928,0,88342528,0,1,2.57374,0,0,0,1,1,3,7.37545,100,99.5178,1024,0,448,0,42
conv,1722,1048576,512,16,32,0,2,8,2,7,0,16,32,4,2152575,2067042,4,36470880,2097289,3,21102592,0,0,0,0,0,0,0,0.242045,99.1079,0,822083584,0,214958080,1048576,177209344,80740352,0,40501248,0,2,13.3573,0,0,0,1,1,3,18.0684,100,100,768,0,0,0,80
conv,18826,4194304,512,16,32,0,4,1,1,1,0,16,32,8,79055714,38787490,3,265040920,45088777,2,165150720,44.9412,0,0,0,0,205520896,36700160,0.684035,100.666,0,822083584,0,2403336192,205520896,1484783616,163577856,0,159776768,0,1,1.20284,0,0,0,1,1,2,5.6946,100,99.3437,1024,0,280,0,35
conv,7051,4194304,512,16,32,0,4,1,1,7,0,16,32,1,2103411,2069394,5,162398352,8388617,2,62390272,0,0,0,0,0,0,0,0.451036,99.9293,0,822083584,0,255852544,4194304,515899392,184549376,0,55705600,0,1,3.22189,0,0,0,1,1,2,4.88652,100,100,1024,0,0,0,56
conv,18908,4194304,512,16,32,0,4,1,2,1,0,16,32,8,78720608,38783042,3,265013348,40894473,2,165150720,45.5254,0,0,0,0,205520896,36700160,0.677387,100.345,0,822083584,0,2428502016,205520896,1476395008,167772160,0,160432128,0,1,1.19264,0,0,0,1,1,2,6.00395,100,99.3464,1024,0,280,0,36
conv,6944,4194304,512,16,32,0,4,1,2,7,0,16,32,1,2103315,2069342,4,162398256,4194313,2,62390272,0,0,0,0,0,0,0,0.470069,99.9401,0,822083584,0,281018368,4194304,507510784,184549376,0,56229888,0,1,3.2741,0,0,0,1,1,2,5.2825,100,100,1024,0,0,0,56
conv,18994,4194304,512,16,32,0,4,1,4,1,0,16,32,8,75423697,38778371,3,264893564,38797321,2,165150720,45.8353,0,0,0,0,205520896,36700160,0.677269,104.086,0,822083584,0,2432696320,205520896,1472200704,171966464,0,160563200,0,1,1.23121,0,0,0,1,1,2,5.66756,100,99.3469,1024,0,280,0,36
conv,6926,4194304,512,16,32,0,4,1,4,7,0,16,32,1,2103315,2067782,4,162398256,2097209,2,62390272,0,0,0,0,0,0,0,0.477204,99.9324,0,822083584,0,285212672,4194304,503316480,192937984,0,56492032,0,1,3.28279,0,0,0,1,1,2,5.11257,100,100,1024,0,0,0,56
conv,12868,2097152,512,16,32,0,4,2,1,1,0,16,32,8,57319730,23057382,3,160849104,29360137,2,125304832,47.0072,0,0,0,0,182976512,20971520,0.723904,99.7474,0,822083584,0,962592768,104857600,1082130432,199229440,0,99942400,0,1,1.76341,0,0,0,1,1,3,4.86686,100,99.1475,1024,0,320,0,39
conv,3786,2097152,512,16,32,0,4,2,1,7,0,16,32,2,2124096,2068926,5,92340272,8388617,2,33816576,0,0,0,0,0,0,0,0.470366,99.7425,0,822083584,0,184549376,2097152,287309824,100663296,0,43646976,0,1,6.01995,0,0,0,1,1,2,7.96117,100,100,1024,0,0,0,56
conv,12819,2097152,512,16,32,0,4,2,2,1,0,16,32,8,56910163,23057102,3,160580888,25165833,2,125304832,47.9984,0,0,0,0,182976512,20971520,0.72263,99.8878,0,822083584,0,981467136,104857600,1073741824,190840832,0,100007936,0,1,1.77386,0,0,0,1,1,3,4.9024,100,99.1481,1024,0,320,0,40
conv,3665,2097152,512,16,32,0,4,2,2,7,0,16,32,2,2114227,2068886,5,92340288,4194313,2,33816576,0,0,0,0,0,0,0,0.47906,99.8798,0,822083584,0,203423744,2097152,278921216,117440512,0,44498944,0,1,6.21975,0,0,0,1,1,2,8.43636,100,100,1024,0,0,0,56
conv,12832,2097152,512,16,32,0,4,2,4,1,0,16,32,8,57039759,23056994,3,160643224,23068681,2,125304832,48.6241,0,0,0,0,182976512,20971520,0.722887,100.354,0,822083584,0,985661440,104857600,1069547520,195035136,0,100139008,0,1,1.78003,0,0,0,1,1,3,4.95542,100,99.1492,1024,0,320,0,37
conv,3676,2097152,512,16,32,0,4,2,4,7,0,16,32,2,2115709,2066998,5,92340584,2097161,2,33816576,0,0,0,0,0,0,0,0.479797,99.8332,0,822083584,0,207618048,2097152,274726912,104857600,0,44105728,0,1,6.20512,0,0,0,1,1,2,8.43629,100,100,1024,0,0,0,56
conv,7816,1048576,512,16,32,0,4,4,1,1,0,16,32,8,30340920,15181675,4,120761404,21495817,3,105381888,53.7116,0,0,0,0,171704320,13107200,0.486065,99.49,0,822083584,0,682622976,52428800,900726784,365953024,0,88670208,0,1,2.91374,0,0,0,1,1,3,7.76325,100,99.5196,1024,0,400,0,48
conv,2176,1048576,512,16,32,0,4,4,1,7,0,16,32,3,2201747,2068706,6,57311280,8388617,2,19529728,0,0,0,0,0,0,0,0.235213,98.7453,0,822083584,0,132120576,1048576,173015040,75497472,0,37617664,0,2,10.5142,0,0,0,1,1,2,12.8489,100,100,768,0,0,0,80
conv,9514,1048576,512,16,32,0,4,4,2,1,0,16,32,8,43153632,15185449,3,134806784,17301513,2,105381888,59.5009,0,0,0,0,171704320,13107200,0.729221,99.5396,0,822083584,0,535822336,52428800,892338176,208666624,0,78905344,0,1,2.38708,0,0,0,1,1,3,4.91608,100,99.4601,1024,0,400,0,38
conv,2077,1048576,512,16,32,0,4,4,2,7,0,16,32,3,2201747,2068714,5,57311280,4194313,2,19529728,0,0,0,0,0,0,0,0.239148,99.1669,0,822083584,0,139460608,1048576,164626432,54525952,0,36929536,0,2,11.0586,0,0,0,1,1,2,13.6272,100,100,896,0,0,0,72
conv,9574,1048576,512,16,32,0,4,4,4,1,0,16,32,8,43220492,15185934,3,132814160,15204361,2,105381888,60.098,0,0,0,0,171704320,13107200,0.729377,99.9319,0,822083584,0,540016640,52428800,888143872,208666624,0,78905344,0,1,2.37698,0,0,0,1,1,3,4.89438,100,99.4601,1024,0,400,0,40
conv,2064,1048576,512,16,32,0,4,4,4,7,0,16,32,3,2202035,2066178,5,57311760,2097161,2,19529728,0,0,0,0,0,0,0,0.244357,98.875,0,822083584,0,143654912,1048576,160432128,39845888,0,36470784,0,2,11.092,0,0,0,1,1,2,13.7517,100,100,896,0,0,0,72
conv,6934,524288,512,16,32,0,4,8,1,1,0,16,32,8,29336553,11398136,4,121478412,17563657,3,95420416,65.4335,0,0,0,0,166068224,9175040,0.481601,99.5303,0,822083584,0,384827392,26214400,798490624,316669952,0,73596928,0,1,3.27813,0,0,0,1,1,3,7.12131,100,99.7106,1024,0,560,0,56
conv,1471,524288,512,16,32,0,4,8,1,7,0,16,32,4,2160331,2099481,6,39796792,8388617,2,12386304,0,0,0,0,0,0,0,0.243852,100.268,0,822083584,0,101711872,524288,115867648,45088768,0,33914880,0,2,15.7765,0,0,0,1,1,2,18.1039,100,100,512,0,0,0,128
conv,6981,524288,512,16,32,0,4,8,2,1,0,16,32,8,29983650,11246521,4,122341720,13369401,3,95420416,67.6192,0,0,0,0,166068224,9175040,0.484856,99.378,0,822083584,0,398458880,26214400,790102016,341835776,0,74547200,0,1,3.25418,0,0,0,1,1,3,7.19907,100,99.7143,1024,0,560,0,56
conv,1319,524288,512,16,32,0,4,8,2,7,0,16,32,5,2165864,2068901,6,39797136,4194313,2,12386304,0,0,0,0,0,0,0,0.241916,99.0246,0,822083584,0,107479040,524288,107479040,45613056,0,33849344,0,3,17.5897,0,0,0,1,1,3,20.381,100,100,512,0,0,0,128
conv,5405,524288,512,16,32,0,4,8,4,1,0,16,32,6,12872251,11242910,3,84027684,11272201,4,95420416,56.0595,0,0,0,0,166068224,9175040,0.246224,98.9983,0,822083584,0,402653184,26214400,785907712,317718528,0,73793536,0,1,4.1998,0,0,0,1,1,4,9.44551,100,99.7114,896,0,560,0,68
conv,1301,524288,512,16,32,0,4,8,4,7,0,16,32,5,2173385,2066470,6,39796784,2097161,2,12386304,0,0,0,0,0,0,0,0.243807,106.15,0,822083584,0,111673344,524288,103284736,45088768,0,33832960,0,2,17.8396,0,0,0,1,1,2,19.5832,100,100,512,0,0,0,128
conv,17848,2097152,512,16,32,0,8,1,1,1,0,16,32,8,83246940,27778938,4,311493040,42467337,2,141295616,36.2896,0,0,0,0,205520896,25690112,0.567065,99.2804,0,822083584,0,1201668096,102760448,1249902592,106954752,0,109379584,0,1,1.25747,0,0,0,1,1,2,4.62759,100,99.5207,1024,0,392,0,36
conv,6746,2097152,512,16,32,0,8,1,1,7,0,16,32,1,2103579,2069238,6,208732488,16777225,2,38535168,0,0,0,0,0,0,0,0.237907,99.8112,0,822083584,0,127926272,2097152,325058560,75497472,0,42270720,0,1,3.3952,0,0,0,1,1,2,4.3221,100,100,768,0,0,0,80
conv,18189,2097152,512,16,32,0,8,1,2,1,0,16,32,8,84715311,27778859,4,311492960,34078777,2,141295616,37.1705,0,0,0,0,205520896,25690112,0.592154,102.305,0,822083584,0,1214251008,102760448,1241513984,102760448,0,109379584,0,1,1.24242,0,0,0,1,1,2,4.44632,100,99.5207,1024,0,392,0,36
conv,6618,2097152,512,16,32,0,8,1,2,7,0,16,32,1,2103819,2069286,6,208732712,8388665,2,38535168,0,0,0,0,0,0,0,0.242485,99.3898,0,822083584,0,140509184,2097152,316669952,79691776,0,42532864,0,1,3.44174,0,0,0,1,1,2,4.43525,100,100,768,0,0,0,80
conv,17781,2097152,512,16,32,0,8,1,4,1,0,16,32,8,80450756,27778402,4,311493104,29884553,2,141295616,37.6272,0,0,0,0,205520896,25690112,0.569991,101.315,0,822083584,0,1216348160,102760448,1237319680,98566144,0,109182976,0,1,1.28414,0,0,0,1,1,2,4.45625,100,99.5198,1024,0,392,0,36
conv,6411,2097152,512,16,32,0,8,1,4,7,0,16,32,1,2103771,2069122,6,208732912,4194313,2,38535168,0,0,0,0,0,0,0,0.24488,99.3098,0,822083584,0,144703488,2097152,312475648,60817408,0,41943040,0,1,3.52578,0,0,0,1,1,2,4.46564,100,100,768,0,0,0,80
conv,14133,1048576,512,16,32,0,8,2,1,1,0,16,32,8,68802330,16766827,3,215778392,31457289,2,118226944,45.0279,0,0,0,0,194248704,14680064,0.723164,99.2627,0,822083584,0,642777088,52428800,1002438656,59768832,0,81035264,0,1,1.59506,0,0,0,1,1,2,3.45433,100,99.4743,1024,0,448,0,40
conv,3411,1048576,512,16,32,0,8,2,1,7,0,16,32,2,2125083,2068694,7,119046192,16777225,2,21102592,0,0,0,0,0,0,0,0.235736,99.8439,0,822083584,0,92274688,1048576,185597952,71303168,0,36634624,0,1,6.69725,0,0,0,1,1,2,7.94041,100,100,640,0,0,0,96
conv,14157,1048576,512,16,32,0,8,2,2,1,0,16,32,8,69015224,16765094,3,212770560,23068681,2,118226944,45.9935,0,0,0,0,194248704,14680064,0.724798,99.1407,0,822083584,0,490733568,52428800,994050048,100663296,0,77299712,0,1,1.5952,0,0,0,1,1,2,3.06275,100,99.4489,1024,0,448,0,37
conv,3320,1048576,512,16,32,0,8,2,2,7,0,16,32,2,2117881,2068774,7,119046888,8388617,2,21102592,0,0,0,0,0,0,0,0.2399,99.3727,0,822083584,0,101711872,1048576,177209344,74448896,0,36765696,0,1,6.89123,0,0,0,1,1,2,8.20936,100,100,640,0,0,0,96
conv,14625,1048576,512,16,32,0,8,2,4,1,0,16,32,8,71296181,16761114,3,212723060,18874377,2,118226944,46.8021,0,0,0,0,194248704,14680064,0.735483,99.7491,0,822083584,0,492830720,52428800,989855744,98566144,0,77168640,0,1,1.54165,0,0,0,1,1,2,2.90848,100,99.448,1024,0,448,0,40
conv,3169,1048576,512,16,32,0,8,2,4,7,0,16,32,2,2114699,2068830,7,119046784,4194313,2,21102592,0,0,0,0,0,0,0,0.242175,99.3995,0,822083584,0,104857600,1048576,173015040,76546048,0,36798464,0,1,7.19122,0,0,0,1,1,2,8.74877,100,100,640,0,0,0,96
conv,10740,524288,512,16,32,0,8,4,1,1,0,16,32,8,51790060,11357658,3,168160396,25952265,2,106692608,53.1547,0,0,0,0,188612608,9175040,0.485578,99.2281,0,822083584,0,355467264,26214400,889716736,113770496,0,69189632,0,1,2.10553,0,0,0,1,1,2,3.79239,100,99.6922,1024,0,560,0,48
conv,2393,524288,512,16,32,0,8,4,1,7,0,16,32,3,2203037,2091026,7,74203184,16777273,1,12386304,0,0,0,0,0,0,0,0.243521,98.8331,0,822083584,0,66060288,524288,115867648,38273024,0,32587776,0,2,9.57571,0,0,0,1,1,2,10.7032,100,100,512,0,0,0,128
conv,10769,524288,512,16,32,0,8,4,2,1,0,16,32,8,52962506,11254070,3,168144508,17563657,2,106692608,55.4711,0,0,0,0,188612608,9175040,0.486309,100.316,0,822083584,0,362807296,26214400,881328128,112721920,0,69124096,0,1,2.10984,0,0,0,1,1,2,3.75751,100,99.6919,1024,0,560,0,48
conv,2142,524288,512,16,32,0,8,4,2,7,0,16,32,3,2202360,2071452,7,74203200,8388617,2,12386304,0,0,0,0,0,0,0,0.241691,98.8904,0,822083584,0,69730304,524288,107479040,40370176,0,32505856,0,2,10.713,0,0,0,1,1,2,11.9189,100,100,512,0,0,0,128
conv,10601,524288,512,16,32,0,8,4,4,1,0,16,32,8,52217894,11252606,3,165569252,13369353,2,106692608,56.225,0,0,0,0,188612608,9175040,0.486313,100.156,0,822083584,0,365428736,26214400,877133824,189267968,0,71467008,0,1,2.149,0,0,0,1,1,2,4.02494,100,99.702,1024,0,560,0,56
conv,2056,524288,512,16,32,0,8,4,4,7,0,16,32,3,2204214,2068590,7,74203520,4194313,2,12386304,0,0,0,0,0,0,0,0.243362,98.2915,0,822083584,0,72351744,524288,103284736,41943040,0,32505856,0,2,11.1513,0,0,0,1,1,2,12.4818,100,100,512,0,0,0,128
conv,7818,262144,512,16,32,0,8,8,1,1,0,16,32,7,32697478,9908414,4,144678904,23199753,3,100925440,59.1617,0,0,0,0,185794560,6422528,0.243146,98.4758,0,822083584,0,192413696,13107200,870055936,210239488,0,65978368,0,1,2.92892,0,0,0,1,1,3,5.34196,100,99.8386,640,0,784,0,96
conv,7463,262144,512,16,32,0,8,8,2,1,0,16,32,7,32794102,8573562,4,144679232,14811145,3,100925440,62.2734,0,0,0,0,185794560,6422528,0.244316,99.5035,0,822083584,0,199229440,13107200,861667328,208928768,0,65888256,0,1,3.03953,0,0,0,1,1,3,5.66851,100,99.8384,512,0,784,0,124
conv,7302,262144,512,16,32,0,8,8,4,1,0,16,32,8,32535945,8492393,4,144679340,10616841,3,100925440,63.9552,0,0,0,0,185794560,6422528,0.244857,99.4356,0,822083584,0,201588736,13107200,857473024,222035968,0,66240512,0,1,3.10317,0,0,0,1,1,3,5.62897,100,99.8392,640,0,784,0,96
conv,31418,16777216,512,16,32,1,1,1,1,1,0,16,32,8,85143043,104849354,2,135299352,104857737,2,210501632,85.5778,1,49.2178,51380224,2555904,205520896,102760448,0.96679,99.827,0,822083584,0,9361686528,822083584,3376676864,352321536,0,472383488,0,1,0.719595,0,0,0,1,1,2,12.4024,100,97.4768,1024,3344,200,0,32
conv,31439,16777216,512,16,32,1,1,1,1,1,1,16,32,8,84941136,104846666,2,135299872,104857609,2,210501632,85.5778,1,49.2178,51380224,2555904,205520896,102760448,0.966758,100.086,0,822083584,0,9361686528,822083584,3376676864,352321536,0,472383488,0,1,0.720572,0,0,0,1,1,2,12.3871,100,97.4768,1024,3496,200,0,32
conv,16276,16777216,512,16,32,1,1,1,1,7,0,16,32,1,2104123,2068654,1,32539736,2097161,2,107741184,0,2,49.2178,51380224,2555904,0,0,0.913415,99.975,0,822083584,0,771751936,16777216,1732509696,687865856,0,133693440,0,1,1.38907,0,0,0,1,1,2,5.67179,100,94.2218,1024,3344,0,0,31
conv,16273,16777216,512,16,32,1,1,1,1,7,1,16,32,1,2103403,2068658,1,32538760,2097161,2,107741184,0,2,49.2178,51380224,2555904,0,0,0.912784,99.9887,0,822083584,0,771751936,16777216,1732509696,687865856,0,133693440,0,1,1.38898,0,0,0,1,1,2,5.67063,100,94.2218,1024,3496,0,0,31
conv,19865,8388608,512,16,32,1,1,2,1,1,0,16,32,8,51547136,60810334,2,76825800,60817417,2,113639424,84.5614,1,48.8172,29360128,2326528,115343360,58720256,0.969066,101.078,0,822083584,0,3825205248,419430400,1535246336,276824064,0,226230272,0,1,1.13868,0,0,0,1,1,2,8.50717,100,95.0192,1024,6160,224,0,32
conv,19809,8388608,512,16,32,1,1,2,1,1,1,16,32,8,51347357,60810502,2,76824624,60817545,2,113639424,84.5614,1,48.8172,29360128,2326528,115343360,58720256,0.971551,100.251,0,822083584,0,3825205248,419430400,1535246336,276824064,0,226230272,0,1,1.13657,0,0,0,1,1,2,8.5615,100,95.0192,1024,6440,224,0,32
conv,8307,8388608,512,16,32,1,1,2,1,7,0,16,32,1,2191437,2068506,1,19153136,2097161,2,55967744,0,2,48.8172,29360128,2326528,0,0,0.915812,99.9468,0,822083584,0,704643072,8388608,956432384,360710144,0,96993280,0,1,2.7254,0,0,0,1,1,2,7.59699,100,91.8961,1024,6160,0,0,32
conv,8308,8388608,512,16,32,1,1,2,1,7,1,16,32,1,2191603,2068506,1,19152992,2097161,2,55967744,0,2,48.8172,29360128,2326528,0,0,0.916236,99.9577,0,822083584,0,704643072,8388608,956432384,360710144,0,96993280,0,1,2.72615,0,0,0,1,1,2,7.59829,100,91.8961,1024,6440,0,0,32
conv,12610,4194304,512,16,32,1,1,4,1,1,0,16,32,8,36432568,38788982,2,59227764,38797321,2,87752704,85.2071,1,48.215,18350080,2244608,115343360,36700160,0.972178,97.3102,0,822083584,0,2085650432,209715200,1176567808,603979776,0,167641088,0,1,1.72606,0,0,0,1,1,2,9.90124,100,91.3036,1024,11792,280,0,32
conv,12664,4194304,512,16,32,1,1,4,1,1,1,16,32,8,34873741,38786682,2,59148776,38797321,2,87752704,85.143,1,48.215,18350080,2244608,115343360,36700160,0.97326,99.9654,0,822083584,0,2085650432,209715200,1176567808,603979776,0,167641088,0,1,1.79809,0,0,0,1,1,2,10.0405,100,91.3036,1024,12328,280,0,32
conv,4282,4194304,512,16,32,1,1,4,1,7,0,16,32,2,2201771,2068522,1,12460104,2097161,2,30081024,0,2,48.215,18350080,2244608,0,0,0.919722,99.8942,0,822083584,0,553648128,4194304,568393728,255852544,0,76677120,0,1,5.30095,0,0,0,1,1,2,11.7782,100,89.8317,1024,11792,0,0,32
conv,4283,4194304,512,16,32,1,1,4,1,7,1,16,32,2,2201747,2068502,1,12460080,2097161,2,30081024,0,2,48.215,18350080,2244608,0,0,0.919607,99.9084,0,822083584,0,553648128,4194304,568393728,255852544,0,76677120,0,1,5.30198,0,0,0,1,1,2,11.7789,100,89.8317,1024,12328,0,0,32
conv,8877,2097152,512,16,32,1,1,8,1,1,0,16,32,8,26660302,27772624,2,42015144,27787273,2,52264960,83.9261,1,88.7373,6422528,1646592,70254592,25690112,0.728188,99.8584,0,822083584,0,1216561152,104857600,758153216,767557632,0,131661824,0,1,2.55433,0,0,0,1,1,2,11.5898,100,87.089,1024,23056,392,0,40
conv,8861,2097152,512,16,32,1,1,8,1,1,1,16,32,8,26601756,27771428,2,42000112,27787273,2,52264960,83.9137,1,47.6848,12845056,2170880,70254592,25690112,0.727939,99.9401,0,822083584,0,1216561152,104857600,758153216,767557632,0,131661824,0,1,2.56148,0,0,0,1,1,2,11.6128,100,87.089,1024,24104,392,0,40
conv,2262,2097152,512,16,32,1,1,8,1,7,0,16,32,3,2153098,2068506,1,9113648,2097161,2,17137664,0,2,88.7373,6422528,1646592,0,0,0.941136,99.8412,0,822083584,0,426475520,2097152,374374400,163577856,0,73203712,0,2,10.0857,0,0,0,1,1,2,22.7819,100,76.3541,1024,23056,0,0,32
conv,2263,2097152,512,16,32,1,1,8,1,7,1,16,32,3,2153108,2068506,1,9114000,2097161,2,17137664,0,3,47.6848,12845056,2170880,0,0,0.943068,99.8301,0,822083584,0,426475520,2097152,374374400,163577856,0,73203712,0,2,10.0816,0,0,0,1,1,2,22.775,100,76.3541,1024,24104,0,0,32
conv,21900,8388608,512,16,32,1,2,1,1,1,0,16,32,8,74717157,60804055,2,124054560,62914569,2,159121408,86.2243,1,89.4606,14680064,2555904,205520896,58720256,0.932558,99.9798,0,822083584,0,4345298944,411041792,1657929728,587202560,0,254541824,0,1,1.03817,0,0,0,1,1,2,8.308,100,96.0495,1024,5776,224,0,32
conv,21974,8388608,512,16,32,1,2,1,1,1,1,16,32,8,76323637,60811822,2,124246248,62914697,2,159121408,86.2511,1,92.6304,14680064,1966080,205520896,58720256,0.93682,99.837,0,822083584,0,4345298944,411041792,1892810752,268435456,0,251920384,0,1,1.03033,0,0,0,1,1,2,8.32014,100,96.0084,1024,5928,224,0,32
conv,8303,8388608,512,16,32,1,2,1,1,7,0,16,32,1,2103331,2068662,1,21561408,4194313,2,56360960,0,1,89.4606,14680064,2555904,0,0,0.699776,99.9811,0,822083584,0,461373440,8388608,718405632,385875968,0,82837504,0,1,2.72652,0,0,0,1,1,2,6.67934,100,90.3926,1024,5776,0,0,37
conv,8310,8388608,512,16,32,1,2,1,1,7,1,16,32,1,2103315,2068594,1,21561392,4194313,2,56360960,0,1,92.6304,14680064,1966080,0,0,0.935033,99.9409,0,822083584,0,461373440,8388608,953286656,402653184,0,90701824,0,1,2.72513,0,0,0,1,1,2,7.01253,100,91.2256,1024,5928,0,0,32
conv,19900,8388608,512,16,32,1,2,1,2,1,0,16,32,8,58777998,60805774,2,124276964,60817417,2,159121408,87.2136,1,89.4606,14680064,2555904,205520896,58720256,0.721396,100.117,0,822083584,0,4387241984,411041792,1649541120,293601280,0,246415360,0,1,1.14271,0,0,0,1,1,2,8.33973,100,95.9192,1024,5776,224,0,36
conv,22079,8388608,512,16,32,1,2,1,2,1,1,16,32,8,76833079,60810930,2,124225356,60817417,2,159121408,87.209,1,92.6304,14680064,1966080,205520896,58720256,0.936994,99.9417,0,822083584,0,4387241984,411041792,1884422144,276824064,0,253231104,0,1,1.02708,0,0,0,1,1,2,7.8131,100,96.0291,1024,5928,224,0,32
conv,8237,8388608,512,16,32,1,2,1,2,7,0,16,32,1,2103343,2065522,1,21561512,2097161,2,56360960,0,1,89.4606,14680064,2555904,0,0,0.712802,100.122,0,822083584,0,503316480,8388608,710017024,343932928,0,82575360,0,1,2.75361,0,0,0,1,1,2,6.68022,100,90.3621,1024,5776,0,0,37
conv,8343,8388608,512,16,32,1,2,1,2,7,1,16,32,1,2104083,2065214,1,21562128,2097161,2,56360960,0,1,92.6304,14680064,1966080,0,0,0.914931,99.9678,0,822083584,0,503316480,8388608,944898048,427819008,0,92536832,0,1,2.71471,0,0,0,1,1,2,7.15018,100,91.3996,1024,5928,0,0,32
conv,14090,4194304,512,16,32,1,2,2,1,1,0,16,32,8,48951097,35641802,2,74521180,37748745,2,110493696,83.3974,1,84.6426,8388608,2326528,160432128,33554432,0.965959,97.4551,0,822083584,0,1935753216,209715200,1113128960,587202560,0,161087488,0,1,1.5968,0,0,0,1,1,2,8.12633,100,90.5541,1024,10640,256,0,32
conv,13344,4194304,512,16,32,1,2,2,1,1,1,16,32,7,37200037,35631922,2,73236092,37748745,2,110493696,83.1886,1,77.0978,9437184,2326528,160432128,33554432,0.726918,99.9349,0,822083584,0,1935753216,209715200,1129906176,583008256,0,161480704,0,1,1.69883,0,0,0,1,1,2,8.42233,100,90.5771,1024,10920,256,0,40
conv,4284,4194304,512,16,32,1,2,2,1,7,0,16,32,2,2184401,2068482,1,14450736,4194313,2,30277632,0,1,84.6426,8388608,2326528,0,0,0.704105,99.9171,0,822083584,0,406847488,4194304,404291584,230686720,0,66453504,0,1,5.29961,0,0,0,1,1,2,10.9337,100,87.8482,1024,10640,0,0,35
conv,4303,4194304,512,16,32,1,2,2,1,7,1,16,32,2,2185568,2068490,1,14450760,4194313,2,30277632,0,1,77.0978,9437184,2326528,0,0,0.931824,99.8686,0,822083584,0,406847488,4194304,421068800,243269632,0,67371008,0,1,5.2744,0,0,0,1,1,2,10.9948,100,88.0137,1024,10920,0,0,32
conv,14139,4194304,512,16,32,1,2,2,2,1,0,16,32,8,46959178,35642310,2,74419320,35651593,2,110493696,84.9094,1,84.6426,8388608,2326528,160432128,33554432,0.965402,100.778,0,822083584,0,1973501952,209715200,1104740352,566231040,0,161349632,0,1,1.64269,0,0,0,1,1,2,8.14249,100,90.5695,1024,10640,256,0,32
conv,13349,4194304,512,16,32,1,2,2,2,1,1,16,32,7,37095648,35632026,2,73197648,35651593,2,110493696,84.7901,1,77.0978,9437184,2326528,160432128,33554432,0.728885,99.9933,0,822083584,0,1973501952,209715200,1121517568,591396864,0,162660352,0,1,1.69973,0,0,0,1,1,2,8.45652,100,90.6455,1024,10920,256,0,40
conv,4248,4194304,512,16,32,1,2,2,2,7,0,16,32,2,2196032,2064426,1,14450736,2097161,2,30277632,0,1,84.6426,8388608,2326528,0,0,0.710854,99.9471,0,822083584,0,444596224,4194304,395902976,222298112,0,67108864,0,1,5.34381,0,0,0,1,1,2,10.8034,100,87.9669,1024,10640,0,0,35
conv,4292,4194304,512,16,32,1,2,2,2,7,1,16,32,2,2193880,2064394,1,14451960,2097161,2,30277632,0,1,77.0978,9437184,2326528,0,0,0.932392,99.8928,0,822083584,0,444596224,4194304,412680192,234881024,0,68026368,0,1,5.28925,0,0,0,1,1,2,10.78,100,88.1292,1024,10920,0,0,32
conv,8268,2097152,512,16,32,1,2,4,1,1,0,16,32,8,25940521,23047954,2,52907204,25165833,2,86179840,80.6665,1,78.7268,5242880,2244608,137887744,20971520,0.72505,100.181,0,822083584,0,1097826304,104857600,840728576,549453824,0,124715008,0,1,2.75621,0,0,0,1,1,3,10.1354,100,85.5688,1024,20368,320,0,40
conv,7584,2097152,512,16,32,1,2,4,1,1,1,16,32,8,20871735,23053206,2,49446524,25165833,2,86179840,79.7627,1,72.3906,5898240,2244608,137887744,20971520,0.487697,99.4134,0,822083584,0,1097826304,104857600,851214336,683671552,0,129236992,0,2,2.96224,0,0,0,1,1,3,11.4027,100,86.0738,1024,20904,320,0,42
conv,2272,2097152,512,16,32,1,2,4,1,7,0,16,32,3,2201747,2068506,2,10895408,4194313,2,17235968,0,2,78.7268,5242880,2244608,0,0,0.477797,99.8766,0,822083584,0,331431936,2097152,247234560,159383552,0,62259200,0,2,10.0547,0,0,0,1,1,2,20.5206,100,78.4137,1024,20368,0,0,54
conv,2291,2097152,512,16,32,1,2,4,1,7,1,16,32,3,2201750,2068506,2,10895408,4194313,2,17235968,0,2,72.3906,5898240,2244608,0,0,0.712523,99.5129,0,822083584,0,331431936,2097152,257720320,138412032,0,61931520,0,2,9.90615,0,0,0,1,1,2,20.2406,100,78.2994,1024,20904,0,0,40
conv,8914,2097152,512,16,32,1,2,4,2,1,0,16,32,8,31695964,23050286,2,58157784,23068681,2,86179840,84.0466,1,78.7268,5242880,2244608,137887744,20971520,0.966791,99.4791,0,822083584,0,1112506368,104857600,832339968,612368384,0,126877696,0,1,2.54431,0,0,0,1,1,3,9.7289,100,85.8148,1024,20368,320,0,32
conv,7651,2097152,512,16,32,1,2,4,2,1,1,16,32,8,20682671,23042378,2,49396528,23068681,2,86179840,82.093,1,72.3906,5898240,2244608,137887744,20971520,0.489968,101.39,0,822083584,0,1112506368,104857600,842825728,591396864,0,126550016,0,1,2.97735,0,0,0,1,1,3,11.0202,100,85.7781,1024,20904,320,0,42
conv,2242,2097152,512,16,32,1,2,4,2,7,0,16,32,3,2201747,2064430,1,10895560,2097161,2,17235968,0,2,78.7268,5242880,2244608,0,0,0.47896,99.6996,0,822083584,0,346112000,2097152,238845952,144703488,0,61997056,0,2,10.1563,0,0,0,1,1,2,20.6087,100,78.3224,1024,20368,0,0,46
conv,2283,2097152,512,16,32,1,2,4,2,7,1,16,32,3,2201747,2064354,1,10895408,2097161,2,17235968,0,2,72.3906,5898240,2244608,0,0,0.718933,99.9793,0,822083584,0,346112000,2097152,249331712,155189248,0,62652416,0,2,10.0267,0,0,0,1,1,2,20.3917,100,78.5491,1024,20904,0,0,40
conv,6268,1048576,512,16,32,1,2,8,1,1,0,16,32,7,16644425,16748770,2,43318908,18874377,3,74022912,78.6177,1,73.7421,3670016,2170880,126615552,14680064,0.493563,99.5606,0,822083584,0,835743744,52428800,704528384,651165696,0,111902720,0,2,3.62228,0,0,0,1,1,3,13.1151,100,85.6199,1024,39824,448,0,48
conv,6239,1048576,512,16,32,1,2,8,1,1,1,16,32,7,16581005,16749118,2,43335164,18874377,3,74022912,78.5772,1,68.3721,4128768,2170880,126615552,14680064,0.493891,99.5125,0,822083584,0,835743744,52428800,711868416,661651456,0,112459776,0,2,3.6317,0,0,0,1,1,3,12.8948,100,85.6911,1024,40872,448,0,56
conv,1297,1048576,512,16,32,1,2,8,1,7,0,16,32,5,2152637,2068506,2,9118160,4194313,2,10715136,0,2,73.7421,3670016,2170880,0,0,0.480938,99.5421,0,822083584,0,319410176,1048576,168706048,103809024,0,60981248,0,4,17.9729,0,0,0,1,1,2,37.6557,100,72.515,1024,39824,0,0,64
conv,1273,1048576,512,16,32,1,2,8,1,7,1,16,32,5,2152636,2068506,2,9118064,4194313,2,10715136,0,2,68.3721,4128768,2170880,0,0,0.482986,99.7748,0,822083584,0,319410176,1048576,176046080,121634816,0,61767680,0,4,18.2024,0,0,0,1,1,2,38.3267,100,72.8649,1024,40872,0,0,64
conv,7636,1048576,512,16,32,1,2,8,2,1,0,16,32,6,16671370,16747142,2,42500000,16777225,2,74022912,81.0321,1,73.7421,3670016,2170880,126615552,14680064,0.488405,99.6733,0,822083584,0,847355904,52428800,696139776,659554304,0,112492544,0,1,2.97389,0,0,0,1,1,3,10.6831,100,85.4935,1024,39824,448,0,40
conv,7020,1048576,512,16,32,1,2,8,2,1,1,16,32,6,16371950,16747358,2,42119620,16777225,2,74022912,80.9574,1,68.3721,4128768,2170880,126615552,14680064,0.491166,99.4688,0,822083584,0,847355904,52428800,703479808,665845760,0,112918528,0,1,3.23731,0,0,0,1,1,3,12.0643,100,85.5482,1024,40872,448,0,44
conv,1279,1048576,512,16,32,1,2,8,2,7,0,16,32,5,2152809,2064498,2,9117744,2097209,2,10715136,0,2,73.7421,3670016,2170880,0,0,0.485191,101.078,0,822083584,0,333008896,1048576,160317440,110100480,0,61308928,0,4,18.1815,0,0,0,1,1,2,37.3303,100,72.7137,1024,39824,0,0,64
conv,1267,1048576,512,16,32,1,2,8,2,7,1,16,32,5,2152681,2064362,2,9117976,2097161,2,10715136,0,2,68.3721,4128768,2170880,0,0,0.488,100.422,0,822083584,0,333041664,1048576,167657472,113246208,0,61669376,0,4,18.4081,0,0,0,1,1,2,38.5337,100,72.8217,1024,40872,0,0,63
conv,19614,4194304,512,16,32,1,4,1,1,1,0,16,32,9,86971322,38788944,2,121494888,45088777,2,132808704,83.6242,1,47.7431,18350080,2293760,205520896,36700160,0.858217,98.6178,0,822083584,0,2404728832,205520896,1385758720,197132288,0,185466880,0,1,1.16269,0,0,0,1,1,2,6.82202,100,84.5034,1024,10640,280,0,31
conv,19357,4194304,512,16,32,1,4,1,1,1,1,16,32,9,86695754,38789234,2,121510520,45088777,2,132808704,83.6036,1,47.7431,18350080,2293760,205520896,36700160,0.850162,98.5305,0,822083584,0,2404728832,205520896,1532559360,197132288,0,190054400,0,1,1.16487,0,0,0,1,1,2,7.06405,100,84.8774,1024,10792,280,0,31
conv,4451,4194304,512,16,32,1,4,1,1,7,0,16,32,2,2103771,2068586,2,18874872,8388617,2,30048256,0,2,47.7431,18350080,2293760,0,0,0.471198,99.9023,0,822083584,0,289406976,4194304,416874496,209715200,0,62390272,0,1,5.09957,0,0,0,1,1,2,9.92353,100,87.2669,1024,10640,0,0,48
conv,4461,4194304,512,16,32,1,4,1,1,7,1,16,32,2,2103579,2068538,2,18874696,8388617,2,30048256,0,2,47.7431,18350080,2293760,0,0,0.698649,99.909,0,822083584,0,289406976,4194304,563675136,243269632,0,68026368,0,1,5.09014,0,0,0,1,1,2,10.2424,100,88.3219,1024,10792,0,0,40
conv,19819,4194304,512,16,32,1,4,1,2,1,0,16,32,8,86773485,38789598,2,121538344,40894473,2,132808704,85.7824,1,47.7431,18350080,2293760,205520896,36700160,0.868703,100.191,0,822083584,0,2429108224,205520896,1377370112,184549376,0,185335808,0,1,1.16729,0,0,0,1,1,2,7.0089,100,84.6206,1024,10640,280,0,32
conv,19467,4194304,512,16,32,1,4,1,2,1,1,16,32,8,84953921,38788846,2,121465184,40894473,2,132808704,85.8283,1,47.7431,18350080,2293760,205520896,36700160,0.877535,102.641,0,822083584,0,2429108224,205520896,1524170752,184549376,0,189923328,0,1,1.18539,0,0,0,1,1,2,7.1598,100,84.9921,1024,10792,280,0,31
conv,4313,4194304,512,16,32,1,4,1,2,7,0,16,32,2,2103315,2068614,1,18874416,4194313,2,30048256,0,2,47.7431,18350080,2293760,0,0,0.482302,99.9666,0,822083584,0,310378496,4194304,408485888,192937984,0,62259200,0,1,5.26419,0,0,0,1,1,2,10.0223,100,87.2401,1024,10640,0,0,44
conv,4340,4194304,512,16,32,1,4,1,2,7,1,16,32,2,2103315,2068506,1,18874432,4194313,2,30048256,0,2,47.7431,18350080,2293760,0,0,0.718674,99.8767,0,822083584,0,310378496,4194304,555286528,247463936,0,68550656,0,1,5.23165,0,0,0,1,1,2,10.6108,100,88.4112,1024,10792,0,0,40
conv,19679,4194304,512,16,32,1,4,1,4,1,0,16,32,8,87021216,38789738,2,121535380,38797449,2,132808704,86.9302,1,47.7431,18350080,2293760,205520896,36700160,0.877607,101.096,0,822083584,0,2433302528,205520896,1373175808,205520896,0,185991168,0,1,1.16341,0,0,0,1,1,2,6.6941,100,84.6748,1024,10640,280,0,32
conv,19522,4194304,512,16,32,1,4,1,4,1,1,16,32,8,86014385,38787490,2,121475576,38797321,2,132808704,86.9159,1,47.7431,18350080,2293760,205520896,36700160,0.864672,100.619,0,822083584,0,2433302528,205520896,1519976448,205520896,0,190578688,0,1,1.17365,0,0,0,1,1,2,7.00518,100,85.0437,1024,10792,280,0,32
conv,4328,4194304,512,16,32,1,4,1,4,7,0,16,32,2,2103491,2064702,1,18874416,2097161,2,30048256,0,2,47.7431,18350080,2293760,0,0,0.477935,99.9149,0,822083584,0,318767104,4194304,404291584,192937984,0,62390272,0,1,5.2467,0,0,0,1,1,2,10.1012,100,87.2669,1024,10640,0,0,43
conv,4309,4194304,512,16,32,1,4,1,4,7,1,16,32,2,2103383,2064382,1,18874424,2097161,2,30048256,0,2,47.7431,18350080,2293760,0,0,0.724321,99.9613,0,822083584,0,318767104,4194304,551092224,247463936,0,68681728,0,1,5.27011,0,0,0,1,1,2,10.6259,100,88.4333,1024,10792,0,0,40
conv,12703,2097152,512,16,32,1,4,2,1,1,0,16,32,8,57458089,23057502,2,89003476,29360137,2,108347392,80.5127,1,61.9864,6291456,3178496,182976512,20971520,0.957195,100.7,0,822083584,0,1004265472,104857600,985956352,247463936,0,118620160,0,1,1.7874,0,0,0,1,1,2,6.05915,100,83.3708,1024,19600,320,0,32
conv,10578,2097152,512,16,32,1,4,2,1,1,1,16,32,8,36348218,23049935,2,73742352,29360137,2,108347392,77.6777,1,46.773,10485760,2064384,182976512,20971520,0.484448,99.8347,0,822083584,0,1004265472,104857600,1027899392,369098752,0,123731968,0,1,2.14534,0,0,0,1,1,3,7.58209,100,84.0578,1024,19880,320,0,43
conv,2440,2097152,512,16,32,1,4,2,1,7,0,16,32,3,2194933,2068506,2,14680408,8388617,2,16859136,0,2,61.9864,6291456,3178496,0,0,0.460296,99.7052,0,822083584,0,244989952,2097152,212107264,165675008,0,55574528,0,2,9.34579,0,0,0,1,1,2,17.4089,100,81.3633,1024,19600,0,0,64
conv,2433,2097152,512,16,32,1,4,2,1,7,1,16,32,3,2186288,2068506,2,14680208,8388617,2,16859136,0,2,46.773,10485760,2064384,0,0,0.463561,99.8571,0,822083584,0,244858880,2097152,254050304,161480704,0,56688640,0,2,9.38176,0,0,0,1,1,2,17.2095,100,81.838,1024,19880,0,0,54
conv,12653,2097152,512,16,32,1,4,2,2,1,0,16,32,8,57833898,23056914,2,89315236,25165833,2,108347392,83.5058,1,61.9864,6291456,3178496,182976512,20971520,0.958981,99.4806,0,822083584,0,1023074304,104857600,977567744,251658240,0,119013376,0,1,1.77277,0,0,0,1,1,2,6.1105,100,83.4791,1024,19600,320,0,32
conv,10502,2097152,512,16,32,1,4,2,2,1,1,16,32,8,36556998,23053450,2,73917100,25165833,2,108347392,80.8903,1,46.773,10485760,2064384,182976512,20971520,0.48656,99.0499,0,822083584,0,1023139840,104857600,1019510784,377487360,0,124321792,0,1,2.15236,0,0,0,1,1,3,7.73924,100,84.1335,1024,19880,320,0,44
conv,2310,2097152,512,16,32,1,4,2,2,7,0,16,32,3,2180607,2068506,2,14680112,4194313,2,16859136,0,2,61.9864,6291456,3178496,0,0,0.476878,99.5741,0,822083584,0,263864320,2097152,203718656,165675008,0,55902208,0,2,9.87107,0,0,0,1,1,2,18.285,100,81.4726,1024,19600,0,0,64
conv,2322,2097152,512,16,32,1,4,2,2,7,1,16,32,3,2177901,2068506,2,14680128,4194361,2,16859136,0,2,46.773,10485760,2064384,0,0,0.479981,99.8368,0,822083584,0,263733248,2097152,245661696,155189248,0,56819712,0,2,9.82793,0,0,0,1,1,2,18.2074,100,81.8799,1024,19880,0,0,54
conv,12624,2097152,512,16,32,1,4,2,4,1,0,16,32,8,57295054,23055746,2,88925144,23068681,2,108347392,85.0609,1,61.9864,6291456,3178496,182976512,20971520,0.956877,100.262,0,822083584,0,1027268608,104857600,973373440,245366784,0,118816768,0,1,1.79494,0,0,0,1,1,2,6.13415,100,83.4518,1024,19600,320,0,32
conv,10495,2097152,512,16,32,1,4,2,4,1,1,16,32,8,36306951,23050205,2,73781924,23068681,2,108347392,82.7426,1,46.773,10485760,2064384,182976512,20971520,0.486302,100.181,0,822083584,0,1027268608,104857600,1015316480,377487360,0,124256256,0,1,2.17192,0,0,0,1,1,3,7.6937,100,84.1762,1024,19880,320,0,44
conv,2283,2097152,512,16,32,1,4,2,4,7,0,16,32,3,2189767,2064418,2,14680128,2097161,2,16859136,0,2,61.9864,6291456,3178496,0,0,0.484151,99.9005,0,822083584,0,268058624,2097152,199524352,161480704,0,55771136,0,2,9.9909,0,0,0,1,1,2,18.5231,100,81.429,1024,19600,0,0,64
conv,2302,2097152,512,16,32,1,4,2,4,7,1,16,32,3,2180467,2064414,2,14680112,2097161,2,16859136,0,2,46.773,10485760,2064384,0,0,0.48204,99.9567,0,822083584,0,268058624,2097152,241467392,140509184,0,56426496,0,2,9.91259,0,0,0,1,1,2,17.8867,100,81.6447,1024,19880,0,0,48
conv,8160,1048576,512,16,32,1,4,4,1,1,0,16,32,7,27611599,15176720,2,69818980,21495817,3,96116736,77.0466,1,55.4843,3932160,3055616,171704320,13107200,0.491683,99.7164,0,822083584,0,761176064,56623104,852115456,285212672,0,100538368,0,1,2.7924,0,0,0,1,1,3,8.87033,99.9053,86.3231,1024,37520,400,0,32
conv,7721,1048576,512,16,32,1,4,4,1,1,1,16,32,7,27834108,15175786,3,73236260,21495817,3,96116736,77.8523,1,54.3042,4325376,3055616,171704320,13107200,0.491581,99.9636,0,822083584,0,761143296,56623104,855261184,380633088,0,103585792,0,1,2.94144,0,0,0,1,1,3,9.08796,99.9081,86.7561,1024,38056,400,0,48
conv,1988,1048576,512,16,32,1,4,4,1,7,0,16,32,3,2201747,2068506,2,12583144,8388617,1,10264576,0,2,55.4843,3932160,3055616,0,0,0.241584,99.381,0,822083584,0,207241216,5242880,139083776,98566144,0,56006656,0,2,11.5719,0,0,0,1,1,2,23.1433,99.83,70.9858,768,37520,0,0,80
conv,1979,1048576,512,16,32,1,4,4,1,7,1,16,32,3,2201747,2068522,2,12583440,8388617,1,10264576,0,2,54.3042,4325376,3055616,0,0,0.245135,99.0797,0,822083584,0,207306752,5242880,142229504,96468992,0,56104960,0,2,11.5495,0,0,0,1,1,2,23.0794,99.8303,70.9235,768,38056,0,0,80
conv,7894,1048576,512,16,32,1,4,4,2,1,0,16,32,7,26966532,15175878,2,69146996,17301513,3,96116736,80.552,1,55.4843,3932160,3055616,171704320,13107200,0.493956,99.7974,0,822083584,0,610181120,56623104,843726848,287309824,0,95623168,0,1,2.87683,0,0,0,1,1,3,7.70432,99.9004,85.6201,1024,37520,400,0,32
conv,7927,1048576,512,16,32,1,4,4,2,1,1,16,32,7,27728347,15176674,2,71545572,17301513,3,96116736,81.1654,1,54.3042,4325376,3055616,171704320,13107200,0.493265,99.4302,0,822083584,0,610148352,56623104,846872576,331350016,0,97064960,0,1,2.89789,0,0,0,1,1,3,7.91932,99.9019,85.8664,1024,38056,400,0,48
conv,1795,1048576,512,16,32,1,4,4,2,7,0,16,32,3,2201747,2068506,2,12582960,4194313,2,10264576,0,2,55.4843,3932160,3055616,0,0,0.24304,98.5699,0,822083584,0,214679552,5242880,130695168,99614720,0,56104960,0,3,12.7265,0,0,0,1,1,2,25.3816,99.8303,70.8669,768,37520,0,0,80
conv,1778,1048576,512,16,32,1,4,4,2,7,1,16,32,3,2201747,2068506,2,12582960,4194313,2,10264576,0,2,54.3042,4325376,3055616,0,0,0.242948,98.9041,0,822083584,0,214679552,5242880,133840896,100663296,0,56236032,0,3,12.9663,0,0,0,1,1,2,25.8896,99.8307,70.9348,896,38056,0,0,72
conv,8111,1048576,512,16,32,1,4,4,4,1,0,16,32,7,28791987,15179310,2,65777116,15204361,3,96116736,81.8808,1,55.4843,3932160,3055616,171704320,13107200,0.492135,99.504,0,822083584,0,614342656,56623104,839532544,329252864,0,96901120,0,1,2.77545,0,0,0,1,1,3,7.56149,99.9017,85.8425,1024,37520,400,0,40
conv,8186,1048576,512,16,32,1,4,4,4,1,1,16,32,7,28298762,15186374,2,73739060,15204361,3,96116736,83.558,1,54.3042,4325376,3055616,171704320,13107200,0.492198,98.0351,0,822083584,0,614342656,56623104,842678272,342884352,0,97425408,0,1,2.74467,0,0,0,1,1,3,7.52185,99.9023,85.9187,1024,38056,400,0,48
conv,1743,1048576,512,16,32,1,4,4,4,7,0,16,32,4,2201747,2064586,2,12583240,2097161,2,10264576,0,2,55.4843,3932160,3055616,0,0,0.245401,97.808,0,822083584,0,218841088,5242880,126500864,94371840,0,55908352,0,3,13.0121,0,0,0,1,1,2,26.5098,99.8297,70.8213,768,37520,0,0,80
conv,1732,1048576,512,16,32,1,4,4,4,7,1,16,32,4,2202043,2064638,2,12583824,2097161,2,10264576,0,2,54.3042,4325376,3055616,0,0,0.245506,98.6413,0,822083584,0,218873856,5242880,129646592,92274688,0,55973888,0,3,13.2368,0,0,0,1,1,2,26.757,99.8299,70.7987,896,38056,0,0,72
conv,17900,2097152,512,16,32,1,8,1,1,1,0,16,32,9,87265257,27778834,2,126829096,42467337,2,119029760,75.8734,1,24.5609,25690112,3112960,205520896,25690112,0.802897,100.503,0,822083584,0,1271308288,102760448,1190952960,157286400,0,138870784,0,1,1.49772,0,0,0,1,1,2,6.91583,100,79.7592,1024,20368,392,0,32
conv,17485,2097152,512,16,32,1,8,1,1,1,1,16,32,8,81384345,27779198,2,126829296,42467337,2,119029760,75.8734,1,24.5609,25690112,3112960,205520896,25690112,0.772277,99.5886,0,822083584,0,1271308288,102760448,1293713408,157286400,0,142082048,0,1,1.31724,0,0,0,1,1,2,6.31379,100,80.2167,1024,20520,392,0,32
conv,2776,2097152,512,16,32,1,8,1,1,7,0,16,32,2,2103315,2068646,3,24068280,16777225,2,16269312,0,4,24.5609,25690112,3112960,0,0,0.227962,99.1016,0,822083584,0,200523776,2097152,266108928,161480704,0,62259200,0,2,8.20441,0,0,0,1,1,2,17.2976,100,72.8956,768,20368,0,0,80
conv,2540,2097152,512,16,32,1,8,1,1,7,1,16,32,3,2103315,2068510,3,24068144,16777225,2,16269312,0,5,24.5609,25690112,3112960,0,0,0.441739,99.6157,0,822083584,0,200720384,2097152,368869376,161480704,0,65536000,0,2,9.01108,0,0,0,1,1,2,19.2007,100,74.1602,1024,20520,0,0,64
conv,17457,2097152,512,16,32,1,8,1,2,1,0,16,32,8,80435031,27778554,2,126828824,34078729,2,119029760,79.8289,1,24.5609,25690112,3112960,205520896,25690112,0.775351,101.61,0,822083584,0,1283694592,102760448,1182564352,146800640,0,138608640,0,1,1.3289,0,0,0,1,1,2,6.06943,100,79.7638,1024,20368,392,0,32
conv,16901,2097152,512,16,32,1,8,1,2,1,1,16,32,8,78016988,27779398,2,126828592,34078729,2,119029760,79.8289,1,24.5609,25690112,3112960,205520896,25690112,0.760786,102.401,0,822083584,0,1283694592,102760448,1285324800,146800640,0,141819904,0,1,1.35724,0,0,0,1,1,2,6.3234,100,80.222,1024,20520,392,0,32
conv,2526,2097152,512,16,32,1,8,1,2,7,0,16,32,3,2103315,2068662,3,24068648,8388617,2,16269312,0,5,24.5609,25690112,3112960,0,0,0.233088,99.2105,0,822083584,0,213303296,2097152,257720320,150994944,0,62128128,0,2,9.05788,0,0,0,1,1,2,18.8898,100,72.7428,768,20368,0,0,78
conv,2428,2097152,512,16,32,1,8,1,2,7,1,16,32,3,2103315,2068506,3,24068144,8388617,2,16269312,0,5,24.5609,25690112,3112960,0,0,0.465768,99.6631,0,822083584,0,213303296,2097152,360480768,161480704,0,65667072,0,2,9.41238,0,0,0,1,1,2,20.094,100,74.2117,1024,20520,0,0,64
conv,17076,2097152,512,16,32,1,8,1,4,1,0,16,32,8,80272922,27779230,2,126828936,29884425,2,119029760,81.9655,1,24.5609,25690112,3112960,205520896,25690112,0.764029,99.672,0,822083584,0,1285791744,102760448,1178370048,155189248,0,138805248,0,1,1.33031,0,0,0,1,1,2,6.20083,100,79.7924,1024,20368,392,0,32
conv,16748,2097152,512,16,32,1,8,1,4,1,1,16,32,9,79762071,27779638,2,126829328,29884425,2,119029760,81.9655,1,24.5609,25690112,3112960,205520896,25690112,0.758549,99.7221,0,822083584,0,1285791744,102760448,1281130496,155189248,0,142016512,0,1,1.33515,0,0,0,1,1,2,6.39784,100,80.2494,1024,20520,392,0,32
conv,2468,2097152,512,16,32,1,8,1,4,7,0,16,32,3,2103315,2068638,2,24068144,4194313,2,16269312,0,5,24.5609,25690112,3112960,0,0,0.240236,98.5598,0,822083584,0,215203840,2097152,253526016,148897792,0,61931520,0,2,9.22325,0,0,0,1,1,2,19.3615,100,72.7521,768,20368,0,0,78
conv,2376,2097152,512,16,32,1,8,1,4,7,1,16,32,3,2103315,2068550,2,24068144,4194313,2,16269312,0,5,24.5609,25690112,3112960,0,0,0.480706,99.8616,0,822083584,0,215203840,2097152,356286464,174063616,0,65929216,0,2,9.61379,0,0,0,1,1,2,20.7046,100,74.4044,1024,20520,0,0,64
conv,12522,1048576,512,16,32,1,8,2,1,1,0,16,32,8,58908642,16752671,2,109168504,31457417,2,106700800,73.3828,1,38.1611,8388608,2801664,194248704,14680064,0.488961,99.319,0,822083584,0,746233856,52428800,947535872,74448896,0,96305152,0,1,1.80978,0,0,0,1,1,2,5.22087,100,85.7538,1024,37520,448,0,32
conv,12575,1048576,512,16,32,1,8,2,1,1,1,16,32,8,58618859,16765153,2,93384832,31457289,2,106700800,70.0456,1,24.4274,14680064,2801664,194248704,14680064,0.489272,100.143,0,822083584,0,746233856,52428800,976896000,139460608,0,99254272,0,1,1.82092,0,0,0,1,1,2,5.28867,100,86.1771,1024,37800,448,0,47
conv,2485,1048576,512,16,32,1,8,2,1,7,0,16,32,3,2179157,2068506,3,20816552,16777225,1,9576448,0,2,38.1611,8388608,2801664,0,0,0.236125,99.0563,0,822083584,0,195665920,1048576,141180928,56623104,0,51281920,0,2,9.19974,0,0,0,1,1,1,16.6684,100,74.1369,640,37520,0,0,96
conv,2521,1048576,512,16,32,1,8,2,1,7,1,16,32,3,2178411,2068506,3,20815920,16777353,1,9576448,0,3,24.4274,14680064,2801664,0,0,0.237141,99.2304,0,822083584,0,195731456,1048576,170541056,61865984,0,52396032,0,2,9.0701,0,0,0,1,1,1,16.3697,100,74.6282,768,37800,0,0,80
conv,12321,1048576,512,16,32,1,8,2,2,1,0,16,32,8,58084430,16761878,2,105790356,23068681,2,106700800,77.3781,1,38.1611,8388608,2801664,194248704,14680064,0.489582,99.8505,0,822083584,0,598384640,52428800,939147264,120586240,0,92864512,0,1,1.84815,0,0,0,1,1,2,4.4862,100,85.226,1024,37520,448,0,32
conv,12006,1048576,512,16,32,1,8,2,2,1,1,16,32,8,57502970,16763174,2,98241152,23068681,2,106700800,76.1703,1,24.4274,14680064,2801664,194248704,14680064,0.488234,100.339,0,822083584,0,598384640,52428800,968507392,199229440,0,96239616,0,1,1.9063,0,0,0,1,1,2,4.81797,100,85.7441,1024,37800,448,0,48
conv,2084,1048576,512,16,32,1,8,2,2,7,0,16,32,3,2152976,2068506,3,20815976,8388617,1,9576448,0,2,38.1611,8388608,2801664,0,0,0.238126,99.4446,0,822083584,0,205168640,1048576,132792320,60817408,0,51478528,0,2,11.0152,0,0,0,1,1,2,19.8655,100,74.176,640,37520,0,0,96
conv,2180,1048576,512,16,32,1,8,2,2,7,1,16,32,3,2150175,2068506,3,20815920,8388617,1,9576448,0,3,24.4274,14680064,2801664,0,0,0.238142,99.2487,0,822083584,0,205168640,1048576,162152448,60817408,0,52396032,0,2,10.4995,0,0,0,1,1,1,19.1214,100,74.6282,640,37800,0,0,90
conv,12256,1048576,512,16,32,1,8,2,4,1,0,16,32,8,57476075,16761938,2,95323880,18874377,2,106700800,78.346,1,38.1611,8388608,2801664,194248704,14680064,0.489376,99.4066,0,822083584,0,600481792,52428800,934952960,120586240,0,92798976,0,1,1.85884,0,0,0,1,1,2,4.52503,100,85.2156,1024,37520,448,0,32
conv,12251,1048576,512,16,32,1,8,2,4,1,1,16,32,8,58252357,16763970,2,96057308,18874377,2,106700800,78.1226,1,24.4274,14680064,2801664,194248704,14680064,0.489444,99.8103,0,822083584,0,600481792,52428800,964313088,217055232,0,96731136,0,1,1.8627,0,0,0,1,1,2,4.68272,100,85.8166,1024,37800,448,0,46
conv,1930,1048576,512,16,32,1,8,2,4,7,0,16,32,3,2140846,2068526,3,20816168,4194313,1,9576448,0,3,38.1611,8388608,2801664,0,0,0.241061,99.7405,0,822083584,0,207265792,1048576,128598016,57671680,0,51314688,0,2,12.007,0,0,0,1,1,2,21.636,100,74.0935,512,37520,0,0,108
conv,2002,1048576,512,16,32,1,8,2,4,7,1,16,32,3,2141643,2068506,3,20815920,4194313,1,9576448,0,4,24.4274,14680064,2801664,0,0,0.241172,99.1787,0,822083584,0,207200256,1048576,157958144,62914560,0,52363264,0,2,11.4477,0,0,0,1,1,2,20.848,100,74.671,768,37800,0,0,80
conv,49738,27394048,836,16,32,2,1,1,1,1,0,22,38,7,134414715,143380812,2,180978184,143794185,2,286031872,87.0122,1,73.3145,35323904,884736,231211008,141295616,0.671611,99.8975,0,822083584,0,9139519488,887488512,3387293696,479723520,0,629473280,0,1,0.455325,0,0,0,1,1,2,10.4825,73.9433,73.0577,1024,3344,200,0,32
conv,49904,27394048,836,16,32,2,1,1,1,1,1,22,38,7,134398279,143376760,2,180978472,143794185,2,286031872,87.0122,1,49.9769,51380224,1736704,231211008,141295616,0.671363,99.8339,0,822083584,0,9139519488,887488512,3387293696,479723520,0,629473280,0,1,0.454607,0,0,0,1,1,2,10.4726,73.9433,73.0577,1024,3496,200,0,32
conv,22269,27394048,836,16,32,2,1,1,1,7,0,22,38,1,2103379,2069114,1,39682152,2498569,2,144736256,0,1,73.3145,35323904,884736,0,0,0.643149,100.051,0,822083584,0,538968064,82182144,1743126528,832045056,0,164331520,0,1,1.01485,0,0,0,1,1,2,5.11011,77.2557,76.4158,1024,3344,0,0,31
conv,22284,27394048,836,16,32,2,1,1,1,7,1,22,38,1,2103323,2069106,1,39682096,2498569,2,144736256,0,1,49.9769,51380224,1736704,0,0,0.643368,99.8817,0,822083584,0,538968064,82182144,1743126528,832045056,0,164331520,0,1,1.01365,0,0,0,1,1,2,5.11273,77.2557,76.4158,1024,3496,0,0,31
conv,40580,12615680,770,16,32,2,1,2,1,1,0,22,35,4,45373232,82210001,1,101564896,83238921,1,153124864,86.5996,1,36.8511,40370176,1605632,129761280,80740352,0.333241,99.655,0,822083584,0,3587080192,448888832,1539473408,306610176,0,286900224,0,1,0.55815,0,0,0,1,1,2,5.41838,74.44,73.0234,1024,6160,224,0,40
conv,40608,12615680,770,16,32,2,1,2,1,1,1,22,35,4,45393851,82269304,1,101565264,83238921,1,153124864,86.5996,1,36.8511,40370176,1605632,129761280,80740352,0.333261,99.8794,0,822083584,0,3587080192,448888832,1539473408,306610176,0,286900224,0,1,0.558762,0,0,0,1,1,2,5.41213,74.44,73.0234,1024,6440,224,0,40
conv,11203,12615680,770,16,32,2,1,2,1,7,0,22,35,1,2203211,2068598,1,22265904,2498569,2,73826304,0,2,36.8511,40370176,1605632,0,0,0.643875,99.8855,0,822083584,0,449675264,37847040,960659456,415662080,0,109821952,0,1,2.01961,0,0,0,1,1,2,6.2783,77.0261,76.4285,1024,6160,0,0,32
conv,11202,12615680,770,16,32,2,1,2,1,7,1,22,35,1,2203434,2068574,1,22266232,2498617,2,73826304,0,2,36.8511,40370176,1605632,0,0,0.644185,99.8956,0,822083584,0,449675264,37847040,960659456,415662080,0,109821952,0,1,2.01942,0,0,0,1,1,2,6.2771,77.0261,76.4285,1024,6440,0,0,32
conv,19625,6127616,748,16,32,2,1,4,1,1,0,22,34,7,50368901,52540742,2,70241432,52961417,2,117669888,87.2788,1,53.0703,17203200,1507328,129761280,50462720,0.679523,99.828,0,822083584,0,2023260160,260669440,1178501120,624787456,0,207618048,0,1,1.15484,0,0,0,1,1,2,8.01456,75.2328,73.8932,1024,11792,280,0,32
conv,19624,6127616,748,16,32,2,1,4,1,1,1,22,34,7,50371122,52541610,2,70243212,52961289,2,117669888,87.2787,1,42.6204,21790720,1507328,129761280,50462720,0.679827,99.3805,0,822083584,0,2023260160,260669440,1178501120,624787456,0,207618048,0,1,1.14988,0,0,0,1,1,2,8.01609,75.2328,73.8932,1024,12328,280,0,32
conv,5715,6127616,748,16,32,2,1,4,1,7,0,22,34,1,2201747,2068522,1,13172784,2498569,2,38371328,0,2,53.0703,17203200,1507328,0,0,0.638925,99.9016,0,822083584,0,331939840,18382848,570327040,230653952,0,80642048,0,1,3.9631,0,0,0,1,1,2,9.23837,76.9974,76.4717,1024,11792,0,0,32
conv,5713,6127616,748,16,32,2,1,4,1,7,1,22,34,1,2201747,2068522,1,13172784,2498569,2,38371328,0,2,42.6204,21790720,1507328,0,0,0.638419,99.8839,0,822083584,0,331939840,18382848,570327040,230653952,0,80642048,0,1,3.96683,0,0,0,1,1,2,9.24869,76.9974,76.4717,1024,12328,0,0,32
conv,12421,2973696,726,16,32,2,1,8,1,1,0,22,33,8,37019285,37417544,2,53004180,37822473,1,68943872,87.721,1,69.5356,8830976,1466368,79036416,35323904,0.673825,100.478,0,822083584,0,1204035584,153313280,759029760,768679936,0,154939392,0,1,1.82983,0,0,0,1,1,2,9.844,75.8983,74.77,1024,23056,392,0,30
conv,12447,2973696,726,16,32,2,1,8,1,1,1,22,33,8,37068293,37416910,2,52993164,37822473,1,68943872,87.6962,1,53.0056,12042240,1466368,79036416,35323904,0.673555,99.5252,0,822083584,0,1204035584,153313280,759029760,768679936,0,154939392,0,1,1.81732,0,0,0,1,1,2,9.87032,75.8983,74.77,1024,24104,392,0,30
conv,2957,2973696,726,16,32,2,1,8,1,7,0,22,33,2,2152555,2068506,1,8663112,2498569,2,20643840,0,2,69.5356,8830976,1466368,0,0,0.659117,99.5637,0,822083584,0,285745152,8921088,375250944,124297216,0,65810432,0,2,7.69039,0,0,0,1,1,2,15.4413,77.0675,76.7497,1024,23056,0,0,32
conv,2953,2973696,726,16,32,2,1,8,1,7,1,22,33,2,2152547,2068506,1,8663104,2498569,2,20643840,0,2,53.0056,12042240,1466368,0,0,0.659282,99.74,0,822083584,0,285745152,8921088,375250944,124297216,0,65810432,0,2,7.70682,0,0,0,1,1,2,15.447,77.0675,76.7497,1024,24104,0,0,32
conv,24868,11829248,722,16,32,2,2,1,1,1,0,19,38,8,70889621,71813361,2,144127392,74588169,2,186023936,87.6736,1,81.4122,17432576,1507328,244056064,69730304,0.588126,99.9057,0,822083584,0,4257087488,414482432,1661370368,603324416,0,287850496,0,1,0.911744,0,0,0,1,1,2,8.2756,85.0468,84.2272,1024,5776,224,0,32
conv,24851,11829248,722,16,32,2,2,1,1,1,1,19,38,8,70628425,71805957,2,144127356,74588169,2,186023936,87.6741,1,56.7627,25690112,1474560,244056064,69730304,0.589499,99.6042,0,822083584,0,4257087488,414482432,1896251392,284557312,0,284737536,0,1,0.911864,0,0,0,1,1,2,8.37939,85.056,84.2274,1024,5928,224,0,32
conv,9758,11829248,722,16,32,2,2,1,1,7,0,19,38,1,2103315,2068690,1,22102208,4857865,2,63995904,0,1,81.4122,17432576,1507328,0,0,0.561845,99.9538,0,822083584,0,357892096,11829248,721846272,339836928,0,81264640,0,1,2.3187,0,0,0,1,1,2,5.49405,86.9796,86.657,1024,5776,0,0,38
conv,9790,11829248,722,16,32,2,2,1,1,7,1,19,38,1,2103315,2068686,1,22102064,4857865,2,63995904,0,1,56.7627,25690112,1474560,0,0,0.57099,99.9214,0,822083584,0,357892096,11829248,956727296,390168576,0,91848704,0,1,2.3137,0,0,0,1,1,2,5.93306,86.6605,86.3751,1024,5928,0,0,32
conv,24973,11829248,722,16,32,2,2,1,2,1,0,19,38,8,70907982,71803131,2,140703468,72024073,2,186023936,90.1418,1,84.786,17432576,753664,244056064,69730304,0.585793,100.022,0,822083584,0,4303978496,438140928,1629323264,611713024,0,290406400,0,1,0.908955,0,0,0,1,1,2,7.76467,85.0575,83.9905,1024,5776,224,0,32
conv,24822,11829248,722,16,32,2,2,1,2,1,1,19,38,8,71215098,71805795,2,140703964,72024073,2,186023936,90.141,1,56.7627,25690112,1474560,244056064,69730304,0.587103,99.7779,0,822083584,0,4303978496,438140928,1876033536,292945920,0,287670272,0,1,0.909826,0,0,0,1,1,2,8.42343,85.0837,84.0066,1024,5928,224,0,32
conv,9670,11829248,722,16,32,2,2,1,2,7,0,19,38,1,2103331,2067374,1,18677824,2293769,2,63995904,0,1,84.786,17432576,753664,0,0,0.558434,99.9454,0,822083584,0,408223744,35487744,689799168,360054784,0,83886080,0,1,2.3395,0,0,0,1,1,2,5.84539,87.0178,86.2646,1024,5776,0,0,37
conv,9653,11829248,722,16,32,2,2,1,2,7,1,19,38,1,2103315,2067434,1,18677832,2293769,2,63995904,0,1,56.7627,25690112,1474560,0,0,0.562095,99.7511,0,822083584,0,408223744,35487744,936509440,435552256,0,95780864,0,1,2.34522,0,0,0,1,1,2,6.44691,86.7238,86.0642,1024,5928,0,0,32
conv,16391,5447680,665,16,32,2,2,2,1,1,0,19,35,8,53076825,41935175,2,84335984,44703753,2,128516096,85.0363,1,49.6914,16252928,1998848,190513152,39845888,0.869219,99.9084,0,822083584,0,1981489152,254550016,1114382336,574955520,0,176373760,0,1,1.38387,0,0,0,1,1,2,7.53868,85.7353,84.1158,1024,10640,256,0,32
conv,19361,5447680,665,16,32,2,2,2,1,1,1,19,35,5,24115871,41529157,1,68482844,44703753,2,128516096,82.9638,1,46.9917,17301504,1998848,190513152,39845888,0.290682,99.798,0,822083584,0,1981489152,254550016,1131159552,549789696,0,176062464,0,1,1.16988,0,0,0,1,1,2,6.33744,85.738,84.1156,1024,10920,256,0,42
conv,5025,5447680,665,16,32,2,2,2,1,7,0,19,35,2,2199764,2068502,1,14426344,4857913,2,33259520,0,2,49.6914,16252928,1998848,0,0,0.847551,99.8505,0,822083584,0,310566912,27238400,405544960,187006976,0,63332352,0,1,4.51286,0,0,0,1,1,2,8.96253,87.215,86.4705,1024,10640,0,0,32
conv,5022,5447680,665,16,32,2,2,2,1,7,1,19,35,2,2197156,2068506,1,14426160,4857865,2,33259520,0,2,46.9917,17301504,1998848,0,0,0.561695,99.9151,0,822083584,0,310566912,27238400,422322176,200843264,0,64438272,0,1,4.51472,0,0,0,1,1,2,8.96313,87.2028,86.471,1024,10920,0,0,34
conv,16354,5447680,665,16,32,2,2,2,2,1,0,19,35,8,53237679,41937663,2,80772908,42139657,2,128516096,89.156,1,51.9289,16252928,1212416,190513152,39845888,0.865534,99.9067,0,822083584,0,1886806016,232759296,1084203008,530939904,0,169836544,0,1,1.38517,0,0,0,1,1,2,7.21166,85.2263,83.8452,1024,10640,256,0,32
conv,19358,5447680,665,16,32,2,2,2,2,1,1,19,35,5,24374595,41448557,1,65086508,42139705,2,128516096,87.5774,1,47.969,17301504,1605632,190513152,39845888,0.290956,99.8557,0,822083584,0,1886806016,232759296,1106427904,463831040,0,168140800,0,1,1.16663,0,0,0,1,1,2,5.98574,85.2517,83.8566,1024,10920,256,0,46
conv,4891,5447680,665,16,32,2,2,2,2,7,0,19,35,2,2210587,2066550,1,11027232,2293769,2,33259520,0,2,51.9289,16252928,1212416,0,0,0.828938,99.9741,0,822083584,0,304734208,16343040,375365632,205037568,0,62480384,0,1,4.63851,0,0,0,1,1,2,9.05571,86.6875,86.2053,1024,10640,0,0,32
conv,4907,5447680,665,16,32,2,2,2,2,7,1,19,35,2,2211049,2066330,1,11026480,2293769,2,33259520,0,2,47.969,17301504,1605632,0,0,0.852431,99.8742,0,822083584,0,304734208,16343040,397590528,200843264,0,63119360,0,1,4.61927,0,0,0,1,1,2,9.14217,86.7026,86.2253,1024,10920,0,0,32
conv,9557,2646016,646,16,32,2,2,4,1,1,0,19,34,8,28950447,26993335,2,56626284,29761545,2,99762176,82.4503,1,48.228,10158080,2064384,163741696,24903680,0.586884,99.9302,0,822083584,0,1216880640,147742720,841277440,572375040,0,133001216,0,1,2.38252,0,0,0,1,1,3,9.38593,85.8984,84.5941,1024,20368,320,0,40
conv,10292,2646016,646,16,32,2,2,4,1,1,1,19,34,6,21454024,26972977,2,43650280,29761545,2,99762176,79.3508,1,45.3125,10813440,2195456,163741696,24903680,0.294468,99.5788,0,822083584,0,1216880640,147742720,851763200,666746880,0,136892416,0,1,2.20693,0,0,0,1,1,3,9.0135,85.8504,84.5832,1024,20904,320,0,48
conv,2620,2646016,646,16,32,2,2,4,1,7,0,19,34,3,2201747,2068506,1,10301488,4857865,2,17891328,0,2,48.228,10158080,2064384,0,0,0.286637,98.8989,0,822083584,0,290840576,13230080,247783424,103604224,0,53747712,0,2,8.69105,0,0,0,1,1,2,15.6196,86.4998,85.9073,1024,20368,0,0,46
conv,2627,2646016,646,16,32,2,2,4,1,7,1,19,34,3,2201747,2068506,1,10301488,4857865,2,17891328,0,2,45.3125,10813440,2195456,0,0,0.571362,99.595,0,822083584,0,290840576,13230080,258269184,105701376,0,54214656,0,2,8.66148,0,0,0,1,1,2,15.5635,86.4801,85.8926,1024,20904,0,0,40
conv,9564,2646016,646,16,32,2,2,4,2,1,0,19,34,8,29535378,26998329,2,53380316,27197449,2,99762176,88.3984,1,52.0291,10158080,1171456,163741696,24903680,0.583804,99.6143,0,822083584,0,1054220288,126574592,812032000,526467072,0,124190720,0,1,2.38936,0,0,0,1,1,3,8.70534,85.1466,84.0788,1024,20368,320,0,40
conv,10206,2646016,646,16,32,2,2,4,2,1,1,19,34,6,21416456,26973247,2,40413676,27197449,2,99762176,86.171,1,47.169,10813440,1683456,163741696,24903680,0.293458,99.44,0,822083584,0,1054220288,126574592,827731968,620838912,0,128249856,0,1,2.2211,0,0,0,1,1,3,8.44582,85.1337,84.0997,1024,20904,320,0,48
conv,2518,2646016,646,16,32,2,2,4,2,7,0,19,34,3,2201747,2066342,1,7057456,2293769,2,17891328,0,2,52.0291,10158080,1171456,0,0,0.564234,99.798,0,822083584,0,253222912,7938048,218537984,110444544,0,51556352,0,2,9.03719,0,0,0,1,1,2,15.5815,86.0004,85.5997,1024,20368,0,0,40
conv,2519,2646016,646,16,32,2,2,4,2,7,1,19,34,3,2201747,2066326,1,7057456,2293769,2,17891328,0,2,47.169,10813440,1683456,0,0,0.563067,99.8162,0,822083584,0,253222912,7938048,234237952,99409920,0,51720192,0,2,9.0351,0,0,0,1,1,2,15.5779,86.0146,85.6104,1024,20904,0,0,40
conv,6914,1284096,627,16,32,2,2,8,1,1,0,19,33,7,17815096,19507113,2,35471688,22290441,3,85368832,77.2915,1,47.8854,7110656,1884160,150355968,17432576,0.290927,99.4826,0,822083584,0,770703360,57800704,704763904,556367872,0,107325440,0,1,3.28499,0,0,0,1,1,3,13.0165,85.3237,84.7807,1024,39824,448,0,54
conv,7898,1284096,627,16,32,2,2,8,1,1,1,19,33,6,17838838,19505767,2,36712756,22290441,2,85368832,77.7495,1,44.9386,7569408,2015232,150355968,17432576,0.291673,99.4708,0,822083584,0,770703360,57800704,712103936,606935040,0,109467648,0,1,2.87685,0,0,0,1,1,3,10.1523,85.307,84.7747,1024,40872,448,0,52
conv,1428,1284096,627,16,32,2,2,8,1,7,0,19,33,4,2152632,2068506,2,8251624,4857865,2,10190848,0,3,47.8854,7110656,1884160,0,0,0.283968,98.7943,0,822083584,0,272394240,6420480,168941568,60862464,0,48142336,0,3,16.0994,0,0,0,1,1,2,27.2616,86.7038,86.3781,1024,39824,0,0,64
conv,1424,1284096,627,16,32,2,2,8,1,7,1,19,33,4,2152583,2068506,2,8251624,4857865,2,10190848,0,3,44.9386,7569408,2015232,0,0,0.282296,98.8453,0,822083584,0,272394240,6420480,176281600,60626944,0,48412672,0,3,16.1771,0,0,0,1,1,2,27.2538,86.6783,86.3544,1024,40872,0,0,63
conv,7738,1284096,627,16,32,2,2,8,2,1,0,19,33,7,18051775,19505197,2,33422060,19726345,2,85368832,86.1663,1,52.2126,7110656,1138688,150355968,17432576,0.291608,99.6791,0,822083584,0,726048768,55232512,675985408,604131328,0,106647552,0,1,2.93468,0,0,0,1,1,3,10.5081,84.9873,84.4921,1024,39824,448,0,54
conv,7848,1284096,627,16,32,2,2,8,2,1,1,19,33,6,17870020,19504892,2,33132864,19726345,2,85368832,86.0586,1,47.0919,7569408,1576960,150355968,17432576,0.292599,99.6999,0,822083584,0,726048768,55232512,688422912,653414400,0,108912640,0,1,2.89383,0,0,0,1,1,3,9.96476,84.9918,84.5059,1024,40872,448,0,52
conv,1305,1284096,627,16,32,2,2,8,2,7,0,19,33,5,2152555,2066438,1,5079400,2293769,2,10190848,0,3,52.2126,7110656,1138688,0,0,0.280444,98.6048,0,822083584,0,227739648,3852288,140163072,55961600,0,45516800,0,3,17.6605,0,0,0,1,1,2,28.493,86.0305,85.8062,1024,39824,0,0,56
conv,1330,1284096,627,16,32,2,2,8,2,7,1,19,33,4,2152531,2066262,1,5079088,2293769,2,10190848,0,3,47.0919,7569408,1576960,0,0,0.289247,98.6879,0,822083584,0,227739648,3852288,152600576,53864448,0,45875200,0,3,17.4216,0,0,0,1,1,2,28.4117,86.0654,85.8403,1024,40872,0,0,56
conv,19925,5603328,684,16,32,2,4,1,1,1,0,18,38,8,75766520,43377465,2,134661440,49676297,2,147324928,85.1127,1,48.2795,18350080,2064384,231211008,41287680,0.557329,99.564,0,822083584,0,2358968320,218136576,1387167744,187498496,0,175407104,0,1,1.13402,0,0,0,1,1,2,6.12581,89.4072,88.6127,1024,10640,280,0,31
conv,19956,5603328,684,16,32,2,4,1,1,1,1,18,38,8,75836678,43373124,2,134662096,49676297,2,147324928,85.1124,1,43.4028,20643840,2064384,231211008,41287680,0.556834,99.5114,0,822083584,0,2358968320,218136576,1533968384,187498496,0,180568064,0,1,1.13909,0,0,0,1,1,2,6.3798,89.3924,88.6206,1024,10792,280,0,32
conv,4861,5603328,684,16,32,2,4,1,1,7,0,18,38,2,2103603,2068678,1,19054936,8388617,2,31719424,0,2,48.2795,18350080,2064384,0,0,0.27036,98.9156,0,822083584,0,193265664,5603328,418283520,163708928,0,55672832,0,1,4.66608,0,0,0,1,1,2,8.2561,90.281,89.9757,1024,10640,0,0,52
conv,4943,5603328,684,16,32,2,4,1,1,7,1,18,38,2,2103315,2068574,1,19054640,8388617,2,31719424,0,2,43.4028,20643840,2064384,0,0,0.54236,99.9714,0,822083584,0,193265664,5603328,565084160,214040576,0,62603264,0,1,4.59914,0,0,0,1,1,2,8.39519,90.1269,89.8554,1024,10792,0,0,40
conv,23162,5603328,684,16,32,2,4,1,2,1,0,18,38,9,105316086,43377845,2,128744320,45482041,2,147324928,90.0507,1,50.0468,18350080,1343488,231211008,41287680,0.770961,100.275,0,822083584,0,2431451136,206929920,1356988416,146620416,0,174964736,0,1,0.987809,0,0,0,1,1,2,5.27431,89.4085,88.662,1024,10640,280,0,31
conv,20064,5603328,684,16,32,2,4,1,2,1,1,18,38,8,77021556,43372513,2,128745800,45481993,2,147324928,90.0508,1,43.4028,20643840,2064384,231211008,41287680,0.552451,100.15,0,822083584,0,2431451136,218136576,1514684416,146620416,0,181026816,0,1,1.12825,0,0,0,1,1,2,6.31187,89.3517,88.6087,1024,10792,280,0,31
conv,4711,5603328,684,16,32,2,4,1,2,7,0,18,38,2,2103515,2068674,1,13140216,4194313,2,31719424,0,2,50.0468,18350080,1343488,0,0,0.272768,98.8614,0,822083584,0,277266432,5603328,388104192,183271424,0,58228736,0,1,4.81271,0,0,0,1,1,2,9.12247,90.3735,89.9647,1024,10640,0,0,48
conv,4675,5603328,684,16,32,2,4,1,2,7,1,18,38,2,2103315,2068558,1,13140016,4194313,2,31719424,0,2,43.4028,20643840,2064384,0,0,0.55454,99.8966,0,822083584,0,277266432,16809984,545800192,191660032,0,64585728,0,1,4.85361,0,0,0,1,1,2,9.3247,90.147,89.688,1024,10792,0,0,40
conv,14474,2580480,630,16,32,2,4,2,1,1,0,18,35,8,66412238,25678561,2,90979324,31981577,2,119996416,81.2713,1,50.0393,8650752,3080192,205848576,23592960,0.822227,100.319,0,822083584,0,1034199040,131145728,986439680,212320256,0,112492544,0,1,1.56212,0,0,0,1,1,2,4.95341,89.7489,88.5111,1024,19600,320,0,32
conv,12968,2580480,630,16,32,2,4,2,1,1,1,18,35,8,51819142,25673441,2,81324924,31981577,2,119996416,79.784,1,46.4095,10747904,1900544,205848576,23592960,0.550338,99.7503,0,822083584,0,1034199040,131145728,1028382720,325566464,0,117948416,0,1,1.74879,0,0,0,1,1,2,5.83836,89.7091,88.5286,1024,19880,320,0,42
conv,2688,2580480,630,16,32,2,4,2,1,7,0,18,35,2,2187874,2068506,2,14508384,8388745,2,17072128,0,2,50.0393,8650752,3080192,0,0,0.261599,98.9949,0,822083584,0,171393024,23224320,212590592,111656960,0,46727168,0,2,8.47045,0,0,0,1,1,2,13.5479,90.4908,89.6794,896,19600,0,0,68
conv,2675,2580480,630,16,32,2,4,2,1,7,1,18,35,2,2187714,2068506,2,14508272,8388665,2,17072128,0,2,46.4095,10747904,1900544,0,0,0.262444,98.9267,0,822083584,0,171393024,23224320,254533632,115367936,0,48340992,0,2,8.51628,0,0,0,1,1,2,13.6774,90.4211,89.6368,1024,19880,0,0,54
conv,14558,2580480,630,16,32,2,4,2,2,1,0,18,35,8,65993818,25680810,2,85518656,27787273,2,119996416,88.3449,1,56.6005,8650752,1720320,205848576,23592960,0.822594,100.296,0,822083584,0,1015656448,125698048,957980672,208003072,0,110788608,0,1,1.57133,0,0,0,1,1,2,4.87622,89.5239,88.2712,1024,19600,320,0,32
conv,12895,2580480,630,16,32,2,4,2,2,1,1,18,35,8,52053115,25674242,2,76011368,27787273,2,119996416,87.2347,1,47.6755,10747904,1564672,205848576,23592960,0.548953,100.045,0,822083584,0,1015656448,125698048,1004941312,321249280,0,116408320,0,1,1.7565,0,0,0,1,1,2,5.72753,89.5029,88.3106,1024,19880,320,0,44
conv,2401,2580480,630,16,32,2,4,2,2,7,0,18,35,3,2191573,2068506,1,9060448,4194313,2,17072128,0,2,56.6005,8650752,1720320,0,0,0.269501,98.8183,0,822083584,0,213151744,12902400,184131584,102268928,0,46481408,0,2,9.47645,0,0,0,1,1,2,15.3856,90.2009,89.7226,1024,19600,0,0,64
conv,2435,2580480,630,16,32,2,4,2,2,7,1,18,35,3,2194906,2068506,1,9060400,4194313,2,17072128,0,2,47.6755,10747904,1564672,0,0,0.532053,99.9125,0,822083584,0,213151744,12902400,231092224,100171776,0,48046080,0,2,9.35728,0,0,0,1,1,2,15.1066,90.1814,89.7187,1024,19880,0,0,48
conv,8800,1253376,612,16,32,2,4,4,1,1,0,18,34,8,35682155,16817752,3,87357660,23134217,3,106299392,81.2784,1,45.9496,5406720,3031040,193167360,14745600,0.539259,99.5101,0,822083584,0,547880960,62660608,852320256,323796992,0,92016640,0,1,2.58379,0,0,0,1,1,3,6.78221,89.2972,88.5961,1024,37520,400,0,39
conv,7843,1253376,612,16,32,2,4,4,1,1,1,18,34,6,16084203,16815374,2,56701344,23134217,3,106299392,74.1786,1,44.3994,5799936,3227648,193167360,14745600,0.276308,99.5082,0,822083584,0,547880960,62660608,855465984,273465344,0,90357760,0,1,2.89691,0,0,0,1,1,3,7.33677,89.3047,88.5908,1024,38056,400,0,61
conv,1532,1253376,612,16,32,2,4,4,1,7,0,18,34,4,2201747,2068506,3,12226656,8388617,2,9715712,0,2,45.9496,5406720,3031040,0,0,0.258474,98.8124,0,822083584,0,158654464,11280384,139288576,59097088,0,41652224,0,3,14.9811,0,0,0,1,1,2,22.5762,89.8374,89.3113,768,37520,0,0,80
conv,1525,1253376,612,16,32,2,4,4,1,7,1,18,34,4,2201747,2068506,3,12226608,8388617,2,9715712,0,3,44.3994,5799936,3227648,0,0,0.260193,98.9838,0,822083584,0,158654464,11280384,142434304,68534272,0,42094592,0,3,15.09,0,0,0,1,1,2,22.9416,89.8274,89.3068,640,38056,0,0,96
conv,9053,1253376,612,16,32,2,4,4,2,1,0,18,34,8,36126963,16816972,2,78716952,18939913,3,106299392,88.5409,1,54.905,5406720,1654784,193167360,14745600,0.549164,99.4771,0,822083584,0,571445248,57647104,824721408,204967936,0,87547904,0,1,2.51295,0,0,0,1,1,3,5.876,89.2263,88.5539,1024,37520,400,0,32
conv,8534,1253376,612,16,32,2,4,4,2,1,1,18,34,5,16194645,16814991,2,51100480,18939913,3,106299392,83.9872,1,48.6363,5799936,2441216,193167360,14745600,0.27623,99.4757,0,822083584,0,571445248,57647104,832669696,269979648,0,90107904,0,1,2.65429,0,0,0,1,1,3,6.3345,89.2241,88.5683,1024,38056,400,0,56
conv,1306,1253376,612,16,32,2,4,4,2,7,0,18,34,5,2201747,2068506,2,7016832,4194313,2,9715712,0,2,54.905,5406720,1654784,0,0,0.26562,98.7665,0,822083584,0,182218752,6266880,111689728,56274944,0,41283584,0,3,17.5824,0,0,0,1,1,2,26.3068,89.6043,89.2102,768,37520,0,0,80
conv,1294,1253376,612,16,32,2,4,4,2,7,1,18,34,5,2201979,2068522,2,7016728,4194313,2,9715712,0,3,48.6363,5799936,2441216,0,0,0.265552,98.7036,0,822083584,0,182218752,6266880,119638016,47681536,0,41259008,0,3,17.7966,0,0,0,1,1,2,26.7823,89.6143,89.2145,768,38056,0,0,80
conv,20319,2646016,646,16,32,2,8,1,1,1,0,17,38,9,100886128,29384992,2,133451808,44072969,2,125517824,76.8787,1,27.5987,22478848,3153920,218365952,27295744,0.650669,99.8911,0,822083584,0,1266868224,108601344,1191501824,90570752,0,116109312,0,1,1.11156,0,0,0,1,1,2,4.22905,94.2728,93.6517,1024,20368,392,0,32
conv,20341,2646016,646,16,32,2,8,1,1,1,1,17,38,9,101511620,29385255,2,133451808,44073017,2,125517824,76.8787,1,23.2328,27295744,3153920,218365952,27295744,0.652378,99.2435,0,822083584,0,1266868224,108601344,1294262272,90570752,0,119521280,0,1,1.10925,0,0,0,1,1,2,4.39022,94.2683,93.665,1024,20520,392,0,32
conv,2744,2646016,646,16,32,2,8,1,1,7,1,17,38,2,2103803,2068658,3,24269352,16777225,2,16334848,0,4,23.2328,27295744,3153920,0,0,0.24219,98.8835,0,822083584,0,113131520,2646016,369418240,102604800,0,46772224,0,2,8.31707,0,0,0,1,1,2,12.2956,94.3805,94.1988,896,20520,0,0,72
conv,21272,2646016,646,16,32,2,8,1,2,1,0,17,38,8,104564408,29384847,2,123023864,35684361,2,125517824,85.9938,1,28.557,22478848,2293760,218365952,27295744,0.711816,100.033,0,822083584,0,1293000704,124477440,1162256384,95002624,0,116953088,0,1,1.08063,0,0,0,1,1,2,4.15547,94.2184,93.4355,1024,20368,392,0,31
conv,20807,2646016,646,16,32,2,8,1,2,1,1,17,38,9,106718010,29385100,2,123023932,35684361,2,125517824,85.9937,1,23.2328,27295744,3153920,218365952,27295744,0.705286,98.1024,0,822083584,0,1293000704,124477440,1275445248,95002624,0,120709120,0,1,1.06703,0,0,0,1,1,2,4.33995,94.217,93.4584,1024,20520,392,0,31
conv,2408,2646016,646,16,32,2,8,1,2,7,1,17,38,3,2103859,2068626,2,13840984,8388617,2,16334848,0,5,23.2328,27295744,3153920,0,0,0.249486,98.723,0,822083584,0,201048064,2646016,350601216,100958208,0,49012736,0,2,9.47621,0,0,0,1,1,2,15.3494,94.4462,94.1934,896,20520,0,0,72
conv,13367,1218560,595,16,32,2,8,2,1,1,0,17,35,8,64258344,17686829,2,95456044,32374793,2,112476160,70.5743,1,38.4994,8126464,2965504,206389248,15597568,0.520354,99.4782,0,822083584,0,495173632,72095744,947705856,108652544,0,81817600,0,1,1.69908,0,0,0,1,1,2,3.45997,94.3408,93.4133,1024,37520,448,0,32
conv,13572,1218560,595,16,32,2,8,2,1,1,1,17,35,8,65197824,17685511,2,119245112,32374793,2,112476160,75.0902,1,26.7324,13041664,2932736,206389248,15597568,0.521755,99.0186,0,822083584,0,495173632,72095744,977065984,196732928,0,85716992,0,1,1.66601,0,0,0,1,1,2,3.54976,94.3307,93.4453,1024,37800,448,0,40
conv,1875,1218560,595,16,32,2,8,2,1,7,1,17,35,3,2218343,2068506,4,20916272,16777225,1,9281536,0,4,26.7324,13041664,2932736,0,0,0.244146,99.076,0,822083584,0,105981952,20715520,170711040,50980864,0,39024640,0,2,12.2362,0,0,0,1,1,2,16.9122,94.5818,93.7287,640,37800,0,0,94
conv,13179,1218560,595,16,32,2,8,2,2,1,0,17,35,8,64843342,17674217,2,110492016,23986185,2,112476160,85.348,1,41.7693,8126464,2097152,206389248,15597568,0.519407,99.8249,0,822083584,0,551964672,62347264,920107008,102703104,0,82120704,0,1,1.72529,0,0,0,1,1,2,3.53699,94.3234,93.582,1024,37520,448,0,32
conv,13230,1218560,595,16,32,2,8,2,2,1,1,17,35,8,65353554,17673192,2,114282608,23986185,2,112476160,85.7611,1,27.4503,13041664,2514944,206389248,15597568,0.51897,99.4706,0,822083584,0,551964672,62347264,954269696,184492032,0,85966848,0,1,1.71106,0,0,0,1,1,2,3.64032,94.3183,93.6101,1024,37800,448,0,48
conv,1365,1218560,595,16,32,2,8,2,2,7,1,17,35,4,2199159,2068506,3,11311488,8388617,2,9281536,0,5,27.4503,13041664,2514944,0,0,0.242866,98.6578,0,822083584,0,162772992,10967040,147914752,43982848,0,39448576,0,3,16.889,0,0,0,1,1,2,24.0677,94.5513,94.0878,640,37800,0,0,94
conv,37298,16777216,1024,16,64,0,1,1,1,1,0,16,64,6,65941697,104045660,3,275251624,104858193,2,308281344,54.069,0,0,0,0,205520896,102760448,0.481604,105.746,0,822083584,0,9596567552,822083584,2902458368,385875968,0,458227712,0,1,0.730792,0,0,0,1,1,3,9.87355,100,99.0847,1024,0,200,0,40
conv,19555,16777216,1024,16,64,0,1,1,1,7,0,16,64,1,2175488,2069294,2,172491720,2097161,2,205520896,0,0,0,0,0,0,0,0.931165,99.9276,0,822083584,0,1006632960,16777216,1660944384,637534208,0,129499136,0,1,1.15817,0,0,0,1,1,2,4.61334,100,100,1024,0,0,0,32
conv,21022,8388608,1024,16,64,0,1,2,1,1,0,16,64,7,54385877,60796630,2,154403600,60817417,2,167772160,54.0804,0,0,0,0,115343360,58720256,0.966287,101.245,0,822083584,0,3850371072,419430400,1778384896,327155712,0,228327424,0,1,1.07882,0,0,0,1,1,2,7.91644,100,98.5075,1024,0,224,0,32
conv,10034,8388608,1024,16,64,0,1,2,1,7,0,16,64,1,2201747,2068818,2,96731536,2097161,2,110100480,0,0,0,0,0,0,0,0.929935,99.9159,0,822083584,0,729808896,8388608,897581056,419430400,0,89915392,0,1,2.25909,0,0,0,1,1,2,5.90735,100,100,1024,0,0,0,32
conv,15760,4194304,1024,16,64,0,1,4,1,1,0,16,64,6,34505569,38769635,2,98455724,38797321,2,120061952,55.5955,0,0,0,0,115343360,36700160,0.49256,99.8833,0,822083584,0,2000683008,209715200,1149239296,599785472,0,151126016,0,1,1.43797,0,0,0,1,1,2,6.97144,100,98.8725,1024,0,280,0,40
conv,5247,4194304,1024,16,64,0,1,4,1,7,0,16,64,2,2153115,2069150,2,58852000,2097161,3,62390272,0,0,0,0,0,0,0,0.481896,99.4603,0,822083584,0,444596224,4194304,515899392,201326592,0,62128128,0,1,4.3324,0,0,0,1,1,3,8.15732,100,100,1024,0,0,0,40
conv,9051,2097152,1024,16,64,0,1,8,1,1,0,16,64,8,24460338,27761478,2,69471080,27787273,2,73662464,56.8063,0,0,0,0,70254592,25690112,0.487385,99.4876,0,822083584,0,1107296256,104857600,729808896,748683264,0,110624768,0,1,2.48213,0,0,0,1,1,2,9.25471,100,99.2299,1024,0,392,0,40
conv,2907,2097152,1024,16,64,0,1,8,1,7,0,16,64,2,2128188,2068894,3,39911472,2097161,3,38535168,0,0,0,0,0,0,0,0.477419,99.5884,0,822083584,0,314572800,2097152,325058560,115343360,0,49348608,0,2,7.84598,0,0,0,1,1,3,12.4021,100,100,1024,0,0,0,56
conv,20600,8388608,1024,16,64,0,2,1,1,1,0,16,64,7,42815114,60775306,3,254003296,62914569,2,212860928,50.6217,0,0,0,0,205520896,58720256,0.485214,99.262,0,822083584,0,4395630592,411041792,1837105152,251658240,0,243269632,0,1,1.10125,0,0,0,1,1,3,7.93678,100,99.1379,1024,0,224,0,38
conv,10944,8388608,1024,16,64,0,2,1,1,7,0,16,64,1,2138959,2068914,3,152305728,4194313,2,110100480,0,0,0,0,0,0,0,0.95354,99.9237,0,822083584,0,511705088,8388608,897581056,251658240,0,77856768,0,1,2.07223,0,0,0,1,1,2,4.44495,100,100,1024,0,0,0,32
conv,20493,8388608,1024,16,64,0,2,1,2,1,0,16,64,7,43049248,60770715,3,254124276,60817417,2,212860928,50.9674,0,0,0,0,205520896,58720256,0.485294,99.2691,0,822083584,0,4437573632,411041792,1828716544,268435456,0,244842496,0,1,1.10516,0,0,0,1,1,3,7.99852,100,99.1435,1024,0,224,0,36
conv,10923,8388608,1024,16,64,0,2,1,2,7,0,16,64,1,2177250,2068038,3,152305712,2097209,2,110100480,0,0,0,0,0,0,0,0.483936,99.4875,0,822083584,0,562036736,8388608,889192448,436207616,0,84934656,0,1,2.07646,0,0,0,1,1,2,4.96339,100,100,1024,0,0,0,40
conv,14691,4194304,1024,16,64,0,2,2,1,1,0,16,64,6,30566511,35634418,3,144696776,37748745,2,139460608,50.5001,0,0,0,0,160432128,33554432,0.489011,99.6999,0,822083584,0,1925185536,209715200,1241513984,364904448,0,144310272,0,1,1.54508,0,0,0,1,1,3,6.84029,100,98.8193,1024,0,256,0,40
conv,5611,4194304,1024,16,64,0,2,2,1,7,0,16,64,1,2201747,2068718,3,86114400,4194313,2,59244544,0,0,0,0,0,0,0,0.478439,99.4808,0,822083584,0,369098752,4194304,490733568,230686720,0,59899904,0,1,4.05043,0,0,0,1,1,2,7.14712,100,100,1024,0,0,0,40
conv,14446,4194304,1024,16,64,0,2,2,2,1,0,16,64,8,49423620,35642902,3,147622796,35651641,2,139460608,51.7586,0,0,0,0,160432128,33554432,0.961737,98.7083,0,822083584,0,1962934272,209715200,1233125376,364904448,0,145227776,0,1,1.55447,0,0,0,1,1,3,7.10372,100,98.8267,1024,0,256,0,32
conv,5571,4194304,1024,16,64,0,2,2,2,7,0,16,64,1,2201747,2066342,3,86114400,2097161,2,59244544,0,0,0,0,0,0,0,0.484713,99.4448,0,822083584,0,406847488,4194304,482344960,239075328,0,61079552,0,1,4.07819,0,0,0,1,1,2,7.36613,100,100,1024,0,0,0,40
conv,7697,2097152,1024,16,64,0,2,4,1,1,0,16,64,8,20649200,23048126,3,91505592,25165833,3,102760448,50.9626,0,0,0,0,137887744,20971520,0.488434,99.1386,0,822083584,0,1042284544,104857600,910163968,402653184,0,103415808,0,1,2.92896,0,0,0,1,1,3,8.80388,100,99.1762,1024,0,320,0,40
conv,3061,2097152,1024,16,64,0,2,4,1,7,0,16,64,2,2152531,2069158,4,53018672,4194313,2,33816576,0,0,0,0,0,0,0,0.47757,99.4039,0,822083584,0,264241152,2097152,287309824,115343360,0,46596096,0,1,7.44865,0,0,0,1,1,3,10.7825,100,100,1024,0,0,0,56
conv,7657,2097152,1024,16,64,0,2,4,2,1,0,16,64,8,20092988,23044782,3,91506020,23068681,3,102760448,51.898,0,0,0,0,137887744,20971520,0.488537,99.2304,0,822083584,0,1056964608,104857600,901775360,411041792,0,103874560,0,1,2.96428,0,0,0,1,1,3,9.0161,100,99.1798,1024,0,320,0,40
conv,3045,2097152,1024,16,64,0,2,4,2,7,0,16,64,2,2152549,2066754,4,53018720,2097209,2,33816576,0,0,0,0,0,0,0,0.482401,99.3999,0,822083584,0,278921216,2097152,278921216,121634816,0,46989312,0,2,7.48788,0,0,0,1,1,3,10.8782,100,100,1024,0,0,0,56
conv,8259,1048576,1024,16,64,0,2,8,1,1,0,16,64,6,18696042,16750770,2,68601556,18874377,2,84410368,53.5122,0,0,0,0,126615552,14680064,0.492972,99.4632,0,822083584,0,717225984,52428800,744488960,525336576,0,89849856,0,1,2.74973,0,0,0,1,1,3,8.1566,100,99.5259,1024,0,448,0,38
conv,8877,1048576,1024,16,64,0,2,8,2,1,0,16,64,5,18441704,16749218,2,68417508,16777225,2,84410368,54.7355,0,0,0,0,126615552,14680064,0.492998,99.1932,0,822083584,0,727711744,52428800,736100352,475004928,0,88342528,0,1,2.55096,0,0,0,1,1,3,7.30232,100,99.5178,1024,0,448,0,42
conv,15902,4194304,1024,16,64,0,4,1,1,1,0,16,64,7,47607397,38769994,4,265158704,45088777,2,165150720,44.9514,0,0,0,0,205520896,36700160,0.487102,99.6831,0,822083584,0,2403336192,205520896,1484783616,163577856,0,159776768,0,1,1.42851,0,0,0,1,1,3,6.82978,100,99.3437,1024,0,280,0,35
conv,7040,4194304,1024,16,64,0,4,1,1,7,0,16,64,1,2132466,2068986,5,162398256,8388665,2,62390272,0,0,0,0,0,0,0,0.467466,99.5238,0,822083584,0,255852544,4194304,515899392,184549376,0,55705600,0,1,3.23043,0,0,0,1,1,2,4.91957,100,100,1024,0,0,0,56
conv,15659,4194304,1024,16,64,0,4,1,2,1,0,16,64,7,47826763,38786754,4,265158704,40894473,2,165150720,45.5675,0,0,0,0,205520896,36700160,0.491498,99.4717,0,822083584,0,2428502016,205520896,1476395008,167772160,0,160432128,0,1,1.44631,0,0,0,1,1,3,7.345,100,99.3464,1024,0,280,0,36
conv,6933,4194304,1024,16,64,0,4,1,2,7,0,16,64,1,2133377,2069086,4,162398256,4194313,2,62390272,0,0,0,0,0,0,0,0.474223,99.5258,0,822083584,0,281018368,4194304,507510784,184549376,0,56229888,0,1,3.28032,0,0,0,1,1,2,5.31483,100,100,1024,0,0,0,56
conv,15897,4194304,1024,16,64,0,4,1,4,1,0,16,64,7,48447549,38773466,4,265159200,38797321,2,165150720,45.8818,0,0,0,0,205520896,36700160,0.488777,99.8411,0,822083584,0,2432696320,205520896,1472200704,171966464,0,160563200,0,1,1.42819,0,0,0,1,1,3,6.85393,100,99.3469,1024,0,280,0,36
conv,6919,4194304,1024,16,64,0,4,1,4,7,0,16,64,1,2136449,2067934,4,162398488,2097161,2,62390272,0,0,0,0,0,0,0,0.478004,99.5407,0,822083584,0,285212672,4194304,503316480,192937984,0,56492032,0,1,3.28515,0,0,0,1,1,2,5.13659,100,100,1024,0,0,0,56
conv,11183,2097152,1024,16,64,0,4,2,1,1,0,16,64,7,37869107,23050082,3,151284800,29360137,2,125304832,44.2375,0,0,0,0,182976512,20971520,0.488606,99.8788,0,822083584,0,962592768,104857600,1082130432,199229440,0,99942400,0,1,2.03312,0,0,0,1,1,3,5.60397,100,99.1475,1024,0,320,0,39
conv,3771,2097152,1024,16,64,0,4,2,1,7,0,16,64,2,2201747,2068726,5,92340272,8388617,2,33816576,0,0,0,0,0,0,0,0.470126,99.465,0,822083584,0,184549376,2097152,287309824,100663296,0,43646976,0,1,6.04348,0,0,0,1,1,2,8.01469,100,100,1024,0,0,0,56
conv,11017,2097152,1024,16,64,0,4,2,2,1,0,16,64,7,37634497,23051138,3,151387164,25165833,3,125304832,45.3209,0,0,0,0,182976512,20971520,0.491618,99.6704,0,822083584,0,981467136,104857600,1073741824,190840832,0,100007936,0,1,2.06056,0,0,0,1,1,3,5.70726,100,99.1481,1024,0,320,0,40
conv,3657,2097152,1024,16,64,0,4,2,2,7,0,16,64,2,2201747,2068874,5,92340520,4194313,2,33816576,0,0,0,0,0,0,0,0.478012,99.3033,0,822083584,0,203423744,2097152,278921216,117440512,0,44498944,0,1,6.22625,0,0,0,1,1,2,8.49437,100,100,1024,0,0,0,56
conv,11033,2097152,1024,16,64,0,4,2,4,1,0,16,64,7,37997817,23049106,3,151134700,23068681,3,125304832,45.7868,0,0,0,0,182976512,20971520,0.492337,99.7111,0,822083584,0,985661440,104857600,1069547520,195035136,0,100139008,0,1,2.06154,0,0,0,1,1,3,5.77622,100,99.1492,1024,0,320,0,37
conv,3664,2097152,1024,16,64,0,4,2,4,7,0,16,64,2,2201763,2066774,5,92340680,2097161,2,33816576,0,0,0,0,0,0,0,0.481152,99.447,0,822083584,0,207618048,2097152,274726912,104857600,0,44105728,0,1,6.21936,0,0,0,1,1,2,8.48872,100,100,1024,0,0,0,56
conv,7890,1048576,1024,16,64,0,4,4,1,1,0,16,64,8,30116433,15177691,3,120298268,21495817,3,105381888,53.6587,0,0,0,0,171704320,13107200,0.489247,99.6283,0,822083584,0,682622976,52428800,900726784,365953024,0,88670208,0,1,2.88413,0,0,0,1,1,3,7.67388,100,99.5196,1024,0,400,0,48
conv,8331,1048576,1024,16,64,0,4,4,2,1,0,16,64,8,31963233,15179674,3,112030236,17301513,3,105381888,52.444,0,0,0,0,171704320,13107200,0.492745,98.6687,0,822083584,0,535822336,52428800,892338176,208666624,0,78905344,0,1,2.70606,0,0,0,1,1,3,5.62211,100,99.4601,1024,0,400,0,38
conv,8628,1048576,1024,16,64,0,4,4,4,1,0,16,64,8,33305140,15182450,3,112319000,15204361,3,105381888,53.4196,0,0,0,0,171704320,13107200,0.492888,99.2631,0,822083584,0,540016640,52428800,888143872,208666624,0,78905344,0,1,2.60165,0,0,0,1,1,3,5.39297,100,99.4601,1024,0,400,0,40
conv,7035,524288,1024,16,64,0,4,8,1,1,0,16,64,8,29080772,11701561,4,122713636,17563657,3,95420416,65.6497,0,0,0,0,166068224,9175040,0.487766,99.1489,0,822083584,0,384827392,26214400,798490624,316669952,0,73596928,0,1,3.23504,0,0,0,1,1,3,7.05474,100,99.7106,1024,0,560,0,56
conv,7011,524288,1024,16,64,0,4,8,2,1,0,16,64,8,29921568,11244171,4,122780124,13369353,3,95420416,67.689,0,0,0,0,166068224,9175040,0.490825,99.1798,0,822083584,0,398458880,26214400,790102016,341835776,0,74547200,0,1,3.24818,0,0,0,1,1,3,7.20018,100,99.7143,1024,0,560,0,56
conv,21248,2097152,1024,16,64,0,8,1,1,1,0,16,64,8,99161883,27765510,3,311493192,42467337,2,141295616,36.2896,0,0,0,0,205520896,25690112,0.486194,99.7295,0,822083584,0,1201668096,102760448,1249902592,106954752,0,109379584,0,1,1.06788,0,0,0,1,1,2,3.91244,100,99.5207,1024,0,392,0,36
conv,21277,2097152,1024,16,64,0,8,1,2,1,0,16,64,8,99920811,27777874,3,311492752,34078729,2,141295616,37.1705,0,0,0,0,205520896,25690112,0.48853,100.072,0,822083584,0,1214251008,102760448,1241513984,102760448,0,109379584,0,1,1.06855,0,0,0,1,1,2,3.90967,100,99.5207,1024,0,392,0,36
conv,21179,2097152,1024,16,64,0,8,1,4,1,0,16,64,8,99158564,27765226,3,311493936,29884425,2,141295616,37.6272,0,0,0,0,205520896,25690112,0.487858,99.7604,0,822083584,0,1216348160,102760448,1237319680,98566144,0,109182976,0,1,1.07012,0,0,0,1,1,2,3.77165,100,99.5198,1024,0,392,0,36
conv,13401,1048576,1024,16,64,0,8,2,1,1,0,16,64,8,62995758,16748686,3,207319420,31457289,2,118226944,43.1292,0,0,0,0,194248704,14680064,0.487972,98.9078,0,822083584,0,642777088,52428800,1002438656,59768832,0,81035264,0,1,1.67014,0,0,0,1,1,2,3.63,100,99.4743,1024,0,448,0,40
conv,13181,1048576,1024,16,64,0,8,2,2,1,0,16,64,8,62229364,16758778,3,190094588,23068681,2,118226944,40.218,0,0,0,0,194248704,14680064,0.490645,99.2098,0,822083584,0,490733568,52428800,994050048,100663296,0,77299712,0,1,1.72559,0,0,0,1,1,2,3.31089,100,99.4489,1024,0,448,0,37
conv,13244,1048576,1024,16,64,0,8,2,4,1,0,16,64,8,62700513,16761118,3,198255156,18874377,2,118226944,43.2461,0,0,0,0,194248704,14680064,0.492005,99.579,0,822083584,0,492830720,52428800,989855744,98566144,0,77168640,0,1,1.71863,0,0,0,1,1,2,3.24791,100,99.448,1024,0,448,0,40
conv,10919,524288,1024,16,64,0,8,4,1,1,0,16,64,8,51942428,11402059,3,168468412,25952265,2,106692608,53.2029,0,0,0,0,188612608,9175040,0.485647,99.0133,0,822083584,0,355467264,26214400,889716736,113770496,0,69189632,0,1,2.07669,0,0,0,1,1,2,3.74858,100,99.6922,1024,0,560,0,48
conv,10819,524288,1024,16,64,0,8,4,2,1,0,16,64,8,53329382,11245086,3,168453468,17563705,2,106692608,55.6034,0,0,0,0,188612608,9175040,0.487877,99.5067,0,822083584,0,362807296,26214400,881328128,112721920,0,69124096,0,1,2.10011,0,0,0,1,1,2,3.77063,100,99.6919,1024,0,560,0,48
conv,10716,524288,1024,16,64,0,8,4,4,1,0,16,64,8,52793766,11244234,3,166023708,13369353,2,106692608,56.2946,0,0,0,0,188612608,9175040,0.489368,99.739,0,822083584,0,365428736,26214400,877133824,189267968,0,71467008,0,1,2.12135,0,0,0,1,1,2,3.98977,100,99.702,1024,0,560,0,56
conv,32211,16777216,1024,16,64,1,1,1,1,1,0,16,64,8,87257693,104842514,2,134758448,104857737,2,210108416,85.7709,1,49.3022,51380224,2326528,205520896,102760448,0.957232,99.6533,0,822083584,0,9361686528,822083584,3372351488,352321536,0,472383488,0,1,0.7024,0,0,0,1,1,2,12.1273,100,97.4481,1024,6160,200,0,32
conv,32202,16777216,1024,16,64,1,1,1,1,1,1,16,64,8,87088113,104848786,2,134759320,104857609,2,210108416,85.7709,1,49.3022,51380224,2326528,205520896,102760448,0.957526,100.166,0,822083584,0,9361686528,822083584,3372351488,352321536,0,472383488,0,1,0.703738,0,0,0,1,1,2,12.0883,100,97.4481,1024,6440,200,0,32
conv,15949,16777216,1024,16,64,1,1,1,1,7,0,16,64,1,2202842,2068582,1,31998464,2097161,2,107347968,0,2,49.3022,51380224,2326528,0,0,0.892037,99.9318,0,822083584,0,771751936,16777216,1728184320,687865856,0,133693440,0,1,1.41688,0,0,0,1,1,2,5.78802,100,94.1207,1024,6160,0,0,31
conv,15954,16777216,1024,16,64,1,1,1,1,7,1,16,64,1,2202282,2068594,1,31998328,2097161,2,107347968,0,2,49.3022,51380224,2326528,0,0,0.891899,99.9312,0,822083584,0,771751936,16777216,1728184320,687865856,0,133693440,0,1,1.41719,0,0,0,1,1,2,5.78935,100,94.1207,1024,6440,0,0,31
conv,20601,8388608,1024,16,64,1,1,2,1,1,0,16,64,7,52495832,60810302,2,76554816,60817545,1,113442816,84.7278,1,48.8875,29360128,2211840,115343360,58720256,0.971201,100.53,0,822083584,0,3825205248,419430400,1533083648,276824064,0,226230272,0,1,1.10078,0,0,0,1,1,2,8.26913,100,94.9893,1024,11792,224,0,32
conv,20651,8388608,1024,16,64,1,1,2,1,1,1,16,64,7,52334155,60797798,2,76554288,60817417,1,113442816,84.7278,1,48.8875,29360128,2211840,115343360,58720256,0.974768,99.5695,0,822083584,0,3825205248,419430400,1533083648,276824064,0,226230272,0,1,1.09924,0,0,0,1,1,2,8.33721,100,94.9893,1024,12328,224,0,32
conv,8221,8388608,1024,16,64,1,1,2,1,7,0,16,64,1,2202083,2068506,1,18882944,2097161,2,55771136,0,2,48.8875,29360128,2211840,0,0,0.896831,99.9637,0,822083584,0,704643072,8388608,954269696,360710144,0,96993280,0,1,2.75329,0,0,0,1,1,2,7.67358,100,91.8264,1024,11792,0,0,32
conv,8225,8388608,1024,16,64,1,1,2,1,7,1,16,64,1,2201747,2068506,1,18882872,2097161,2,55771136,0,2,48.8875,29360128,2211840,0,0,0.896677,99.8867,0,822083584,0,704643072,8388608,954269696,360710144,0,96993280,0,1,2.75305,0,0,0,1,1,2,7.67885,100,91.8264,1024,12328,0,0,32
conv,12930,4194304,1024,16,64,1,1,4,1,1,0,16,64,8,36019756,38789536,2,57182424,38797369,2,87654400,84.8967,1,48.3059,18350080,2170880,115343360,36700160,0.970066,100.503,0,822083584,0,2085109760,209715200,1175486464,603979776,0,167641088,0,1,1.72111,0,0,0,1,1,2,9.55942,100,91.2734,1024,23056,280,0,32
conv,13082,4194304,1024,16,64,1,1,4,1,1,1,16,64,8,36320580,38788602,2,57156732,38797321,2,87654400,85.0739,1,48.3059,18350080,2170880,115343360,36700160,0.977286,97.8607,0,822083584,0,2085109760,209715200,1175486464,603979776,0,167641088,0,1,1.70687,0,0,0,1,1,2,9.73635,100,91.2734,1024,24104,280,0,32
conv,4207,4194304,1024,16,64,1,1,4,1,7,0,16,64,2,2152531,2068506,1,12324912,2097161,2,29982720,0,2,48.3059,18350080,2170880,0,0,0.921457,99.9493,0,822083584,0,553648128,4194304,567312384,255852544,0,76677120,0,1,5.39981,0,0,0,1,1,2,11.9915,100,89.7877,1024,23056,0,0,32
conv,4226,4194304,1024,16,64,1,1,4,1,7,1,16,64,2,2152531,2068506,1,12324912,2097161,2,29982720,0,2,48.3059,18350080,2170880,0,0,0.921223,99.8417,0,822083584,0,553648128,4194304,567312384,255852544,0,76677120,0,1,5.39462,0,0,0,1,1,2,11.9929,100,89.7877,1024,24104,0,0,32
conv,9193,2097152,1024,16,64,1,1,8,1,1,0,16,64,8,24947345,27764026,2,38298816,27787273,2,52215808,83.1312,1,89.0394,6422528,1609728,70254592,25690112,0.490444,99.4374,0,822083584,0,1215930368,104857600,757612544,767557632,0,131661824,0,1,2.47254,0,0,0,1,1,2,11.2664,100,87.0612,1024,45584,392,0,40
conv,9153,2097152,1024,16,64,1,1,8,1,1,1,16,64,8,25002470,27774066,2,38291204,27787273,2,52215808,83.173,1,47.7458,12845056,2134016,70254592,25690112,0.491868,99.3569,0,822083584,0,1215930368,104857600,757612544,767557632,0,131661824,0,1,2.46747,0,0,0,1,1,2,11.2524,100,87.0612,1024,47656,392,0,40
conv,2245,2097152,1024,16,64,1,1,8,1,7,0,16,64,3,2128265,2068506,1,9046232,2097161,2,17088512,0,2,89.0394,6422528,1609728,0,0,0.961647,99.8408,0,822083584,0,425574400,2097152,373833728,163577856,0,73203712,0,2,10.1615,0,0,0,1,1,2,22.9536,100,76.2925,1024,45584,0,0,32
conv,2245,2097152,1024,16,64,1,1,8,1,7,1,16,64,3,2128438,2068506,1,9046240,2097161,2,17088512,0,3,47.7458,12845056,2134016,0,0,0.963192,99.7732,0,822083584,0,425574400,2097152,373833728,163577856,0,73203712,0,2,10.157,0,0,0,1,1,2,22.9589,100,76.2925,1024,47656,0,0,32
conv,22031,8388608,1024,16,64,1,2,1,1,1,0,16,64,8,74343542,60801453,2,123601052,62914569,2,158728192,86.5535,1,90.3239,14680064,2326528,205520896,58720256,0.943298,100.496,0,822083584,0,4345298944,411041792,1654194176,587202560,0,254541824,0,1,1.03211,0,0,0,1,1,2,8.21734,100,96.0036,1024,10640,224,0,32
conv,21871,8388608,1024,16,64,1,2,1,1,1,1,16,64,8,72265261,60794494,2,123630092,62914569,2,158728192,86.562,1,93.3827,14680064,1769472,205520896,58720256,0.944062,100.06,0,822083584,0,4345298944,411041792,1889075200,268435456,0,251920384,0,1,1.03434,0,0,0,1,1,2,8.33413,100,95.9621,1024,10920,224,0,32
conv,8132,8388608,1024,16,64,1,2,1,1,7,0,16,64,1,2196234,2068598,1,20873264,4194313,2,55967744,0,1,90.3239,14680064,2326528,0,0,0.466773,99.352,0,822083584,0,461373440,8388608,714670080,385875968,0,82837504,0,1,2.78431,0,0,0,1,1,2,6.86412,100,90.2517,1024,10640,0,0,37
conv,8209,8388608,1024,16,64,1,2,1,1,7,1,16,64,1,2189717,2068502,1,20873560,4194361,2,55967744,0,1,93.3827,14680064,1769472,0,0,0.91956,99.9236,0,822083584,0,461373440,8388608,949551104,402653184,0,90701824,0,1,2.76022,0,0,0,1,1,2,7.10417,100,91.0969,1024,10920,0,0,32
conv,19881,8388608,1024,16,64,1,2,1,2,1,0,16,64,7,45430051,60415986,2,122756568,60817417,2,158728192,87.488,1,90.3239,14680064,2326528,205520896,58720256,0.489229,100.307,0,822083584,0,4387241984,411041792,1645805568,293601280,0,246415360,0,1,1.1519,0,0,0,1,1,2,8.39105,100,95.8718,1024,10640,224,0,36
conv,22017,8388608,1024,16,64,1,2,1,2,1,1,16,64,8,74971125,60792133,2,123586592,60817545,2,158728192,87.539,1,93.3827,14680064,1769472,205520896,58720256,0.93852,100.126,0,822083584,0,4387241984,411041792,1880686592,276824064,0,253231104,0,1,1.03025,0,0,0,1,1,2,7.82311,100,95.983,1024,10920,224,0,32
conv,8111,8388608,1024,16,64,1,2,1,2,7,0,16,64,1,2208730,2065354,1,20873264,2097161,2,55967744,0,1,90.3239,14680064,2326528,0,0,0.478092,99.3295,0,822083584,0,503316480,8388608,706281472,343932928,0,82575360,0,1,2.7906,0,0,0,1,1,2,6.82401,100,90.2207,1024,10640,0,0,37
conv,8215,8388608,1024,16,64,1,2,1,2,7,1,16,64,1,2199158,2064442,1,20873312,2097161,2,55967744,0,1,93.3827,14680064,1769472,0,0,0.931353,99.8742,0,822083584,0,503316480,8388608,941162496,427819008,0,92536832,0,1,2.75668,0,0,0,1,1,2,7.26773,100,91.2735,1024,10920,0,0,32
conv,14131,4194304,1024,16,64,1,2,2,1,1,0,16,64,8,47654370,35642643,2,74265268,37748745,2,110297088,83.5711,1,85.283,8388608,2211840,160432128,33554432,0.966162,100.034,0,822083584,0,1934663680,209715200,1111261184,587202560,0,161087488,0,1,1.61342,0,0,0,1,1,2,7.99941,100,90.4968,1024,20368,256,0,32
conv,13927,4194304,1024,16,64,1,2,2,1,1,1,16,64,6,29773657,35520373,2,72303212,37748745,2,110297088,83.3705,1,77.6064,9437184,2211840,160432128,33554432,0.488111,99.5591,0,822083584,0,1934663680,209715200,1128038400,583008256,0,161480704,0,1,1.61968,0,0,0,1,1,2,8.06048,100,90.5199,1024,20904,256,0,40
conv,4196,4194304,1024,16,64,1,2,2,1,7,0,16,64,2,2201883,2068490,1,14106848,4194313,2,30081024,0,1,85.283,8388608,2211840,0,0,0.479444,99.3121,0,822083584,0,406847488,4194304,402423808,230686720,0,66453504,0,1,5.4087,0,0,0,1,1,2,11.2269,100,87.7604,1024,20368,0,0,35
conv,4253,4194304,1024,16,64,1,2,2,1,7,1,16,64,2,2201747,2068506,1,14106800,4194313,2,30081024,0,1,77.6064,9437184,2211840,0,0,0.914809,99.8886,0,822083584,0,406847488,4194304,419201024,243269632,0,67371008,0,1,5.34077,0,0,0,1,1,2,11.1312,100,87.9271,1024,20904,0,0,32
conv,14107,4194304,1024,16,64,1,2,2,2,1,0,16,64,8,48192593,35642922,2,74234048,35651593,2,110297088,85.2039,1,85.283,8388608,2211840,160432128,33554432,0.967495,99.4449,0,822083584,0,1972412416,209715200,1102872576,566231040,0,161349632,0,1,1.60726,0,0,0,1,1,2,8.07382,100,90.5122,1024,20368,256,0,32
conv,13979,4194304,1024,16,64,1,2,2,2,1,1,16,64,6,28113734,35525959,2,72303364,35651593,2,110297088,84.9901,1,77.6064,9437184,2211840,160432128,33554432,0.488804,101.451,0,822083584,0,1972412416,209715200,1119649792,591396864,0,162660352,0,1,1.65176,0,0,0,1,1,2,8.10003,100,90.5886,1024,20904,256,0,40
conv,4152,4194304,1024,16,64,1,2,2,2,7,0,16,64,2,2201843,2064526,1,14106936,2097209,2,30081024,0,1,85.283,8388608,2211840,0,0,0.478468,99.2955,0,822083584,0,444596224,4194304,394035200,222298112,0,67108864,0,1,5.47002,0,0,0,1,1,2,11.1312,100,87.8799,1024,20368,0,0,35
conv,4238,4194304,1024,16,64,1,2,2,2,7,1,16,64,2,2201747,2064386,1,14106672,2097209,2,30081024,0,1,77.6064,9437184,2211840,0,0,0.933069,99.8955,0,822083584,0,444596224,4194304,410812416,234881024,0,68026368,0,1,5.35801,0,0,0,1,1,2,10.92,100,88.0434,1024,20904,0,0,32
conv,7978,2097152,1024,16,64,1,2,4,1,1,0,16,64,8,21706538,23055498,2,49189292,25165833,2,86081536,79.9363,1,79.3128,5242880,2170880,137887744,20971520,0.491838,99.8471,0,822083584,0,1096269824,104857600,839794688,549453824,0,124715008,0,1,2.86178,0,0,0,1,1,3,10.5589,100,85.5064,1024,39824,320,0,40
conv,7973,2097152,1024,16,64,1,2,4,1,1,1,16,64,8,21735121,23055490,2,49194852,25165833,2,86081536,79.9379,1,72.8712,5898240,2170880,137887744,20971520,0.49228,99.5664,0,822083584,0,1096269824,104857600,850280448,683671552,0,129236992,0,1,2.84387,0,0,0,1,1,3,10.9304,100,86.0136,1024,40872,320,0,42
conv,2240,2097152,1024,16,64,1,2,4,1,7,0,16,64,3,2152531,2068506,2,10723768,4194313,2,17137664,0,2,79.3128,5242880,2170880,0,0,0.477283,99.4822,0,822083584,0,330342400,2097152,246300672,159383552,0,62259200,0,2,10.214,0,0,0,1,1,2,20.9287,100,78.3121,1024,39824,0,0,54
conv,2277,2097152,1024,16,64,1,2,4,1,7,1,16,64,3,2152531,2068506,2,10723376,4194313,2,17137664,0,2,72.8712,5898240,2170880,0,0,0.482063,99.2498,0,822083584,0,330342400,2097152,256786432,138412032,0,61931520,0,2,10.0296,0,0,0,1,1,2,20.5474,100,78.1973,1024,40872,0,0,40
conv,9008,2097152,1024,16,64,1,2,4,2,1,0,16,64,8,32285128,23051046,2,58383404,23068681,2,86081536,84.2306,1,79.3128,5242880,2170880,137887744,20971520,0.967943,99.4271,0,822083584,0,1110949888,104857600,831406080,612368384,0,126877696,0,1,2.51021,0,0,0,1,1,3,9.60378,100,85.7535,1024,39824,320,0,32
conv,7971,2097152,1024,16,64,1,2,4,2,1,1,16,64,8,21844740,23038114,2,49189900,23068681,2,86081536,82.2583,1,72.8712,5898240,2170880,137887744,20971520,0.492836,99.4452,0,822083584,0,1110949888,104857600,841891840,591396864,0,126550016,0,1,2.84898,0,0,0,1,1,3,10.7515,100,85.7166,1024,40872,320,0,42
conv,2235,2097152,1024,16,64,1,2,4,2,7,0,16,64,3,2152547,2064286,1,10723440,2097161,2,17137664,0,2,79.3128,5242880,2170880,0,0,0.486911,99.1799,0,822083584,0,345022464,2097152,237912064,144703488,0,61997056,0,2,10.2123,0,0,0,1,1,2,20.8313,100,78.2204,1024,39824,0,0,46
conv,2265,2097152,1024,16,64,1,2,4,2,7,1,16,64,3,2152533,2064398,1,10723424,2097161,2,17137664,0,2,72.8712,5898240,2170880,0,0,0.488225,99.2154,0,822083584,0,345022464,2097152,248397824,155189248,0,62652416,0,2,10.0811,0,0,0,1,1,2,20.6602,100,78.4482,1024,40872,0,0,40
conv,20151,4194304,1024,16,64,1,4,1,1,1,0,16,64,9,93210637,38790308,2,120652576,45088777,2,132464640,84.1439,1,48.0162,18350080,2064384,205520896,36700160,0.882953,96.1613,0,822083584,0,2393546752,205520896,1382318080,197132288,0,185466880,0,1,1.10134,0,0,0,1,1,2,6.62742,100,84.257,1024,19600,280,0,31
conv,20288,4194304,1024,16,64,1,4,1,1,1,1,16,64,9,92381311,38787886,2,120652664,45088777,2,132464640,84.1439,1,48.0162,18350080,2064384,205520896,36700160,0.90114,98.0351,0,822083584,0,2393546752,205520896,1529118720,197132288,0,190054400,0,1,1.1061,0,0,0,1,1,2,6.74179,100,84.637,1024,19880,280,0,31
conv,4412,4194304,1024,16,64,1,4,1,1,7,0,16,64,2,2193456,2068506,1,17891376,8388617,2,29704192,0,2,48.0162,18350080,2064384,0,0,0.456166,99.3309,0,822083584,0,289406976,4194304,413433856,209715200,0,62390272,0,1,5.14545,0,0,0,1,1,2,10.0706,100,87.0946,1024,19600,0,0,48
conv,4347,4194304,1024,16,64,1,4,1,1,7,1,16,64,2,2193425,2068506,2,17891376,8388617,2,29704192,0,2,48.0162,18350080,2064384,0,0,0.465062,99.3356,0,822083584,0,289406976,4194304,560234496,243269632,0,68026368,0,1,5.22201,0,0,0,1,1,2,10.5685,100,88.1638,1024,19880,0,0,40
conv,20006,4194304,1024,16,64,1,4,1,2,1,0,16,64,9,90294336,38789154,2,120652168,40894521,2,132464640,86.3286,1,48.0162,18350080,2064384,205520896,36700160,0.875321,96.7216,0,822083584,0,2418319360,205520896,1373929472,184549376,0,185335808,0,1,1.12546,0,0,0,1,1,2,7.00041,100,84.3807,1024,19600,280,0,32
conv,20538,4194304,1024,16,64,1,4,1,2,1,1,16,64,8,91396505,38785950,2,120652168,40894473,2,132464640,86.3286,1,48.0162,18350080,2064384,205520896,36700160,0.91655,99.1449,0,822083584,0,2418319360,205520896,1520730112,184549376,0,189923328,0,1,1.11274,0,0,0,1,1,2,6.95821,100,84.7579,1024,19880,280,0,31
conv,4273,4194304,1024,16,64,1,4,1,2,7,0,16,64,2,2190725,2068522,1,17891504,4194313,2,29704192,0,2,48.0162,18350080,2064384,0,0,0.479983,99.3256,0,822083584,0,310378496,4194304,405045248,192937984,0,62259200,0,1,5.31416,0,0,0,1,1,2,10.1829,100,87.0674,1024,19600,0,0,44
conv,4216,4194304,1024,16,64,1,4,1,2,7,1,16,64,2,2190191,2068518,1,17891704,4194313,2,29704192,0,2,48.0162,18350080,2064384,0,0,0.483271,99.2892,0,822083584,0,310378496,4194304,551845888,247463936,0,68550656,0,1,5.38681,0,0,0,1,1,2,10.9902,100,88.2544,1024,19880,0,0,40
conv,20378,4194304,1024,16,64,1,4,1,4,1,0,16,64,8,90910489,38788686,2,120651824,38797321,2,132464640,87.464,1,48.0162,18350080,2064384,205520896,36700160,0.901164,98.1631,0,822083584,0,2422513664,205520896,1369735168,205520896,0,185991168,0,1,1.11435,0,0,0,1,1,2,6.60361,100,84.4357,1024,19600,280,0,32
conv,19788,4194304,1024,16,64,1,4,1,4,1,1,16,64,8,85991888,38790494,2,120653816,38797321,2,132464640,87.464,1,48.0162,18350080,2064384,205520896,36700160,0.90555,103.352,0,822083584,0,2422513664,205520896,1516535808,205520896,0,190578688,0,1,1.16053,0,0,0,1,1,2,6.744,100,84.8104,1024,19880,280,0,32
conv,4248,4194304,1024,16,64,1,4,1,4,7,0,16,64,2,2200622,2064422,1,17891392,2097161,2,29704192,0,2,48.0162,18350080,2064384,0,0,0.47944,99.388,0,822083584,0,318767104,4194304,400850944,192937984,0,62390272,0,1,5.34509,0,0,0,1,1,2,10.3454,100,87.0946,1024,19600,0,0,43
conv,4048,4194304,1024,16,64,1,4,1,4,7,1,16,64,2,2201202,2064442,1,17891376,2097161,2,29704192,0,2,48.0162,18350080,2064384,0,0,0.480126,99.2692,0,822083584,0,318767104,4194304,547651584,247463936,0,68681728,0,1,5.61048,0,0,0,1,1,2,11.3912,100,88.2768,1024,19880,0,0,40
conv,12860,2097152,1024,16,64,1,4,2,1,1,0,16,64,8,58391468,23058022,2,87704676,29360137,2,108175360,80.5343,1,62.6785,6291456,3031040,182976512,20971520,0.965565,99.2333,0,822083584,0,1001254912,104857600,984236032,247463936,0,118620160,0,1,1.75326,0,0,0,1,1,2,6.03149,100,83.2462,1024,37520,320,0,32
conv,10892,2097152,1024,16,64,1,4,2,1,1,1,16,64,7,37790059,23047046,2,72675204,29360137,2,108175360,77.874,1,46.9882,10485760,1949696,182976512,20971520,0.488225,99.619,0,822083584,0,1001254912,104857600,1026179072,369098752,0,123731968,0,1,2.08072,0,0,0,1,1,3,7.36986,100,83.9383,1024,38056,320,0,43
conv,2413,2097152,1024,16,64,1,4,2,1,7,0,16,64,3,2201747,2068506,2,14188592,8388617,2,16687104,0,2,62.6785,6291456,3031040,0,0,0.458045,99.2538,0,822083584,0,244129792,2097152,210386944,165675008,0,55574528,0,2,9.44905,0,0,0,1,1,2,17.6817,100,81.2182,1024,37520,0,0,64
conv,2408,2097152,1024,16,64,1,4,2,1,7,1,16,64,3,2201747,2068506,2,14188592,8388617,2,16687104,0,2,46.9882,10485760,1949696,0,0,0.45167,99.131,0,822083584,0,244064256,2097152,252329984,161480704,0,56688640,0,2,9.47004,0,0,0,1,1,2,17.4991,100,81.6993,1024,38056,0,0,54
conv,12846,2097152,1024,16,64,1,4,2,2,1,0,16,64,8,58208239,23056986,2,87978180,25165833,2,108175360,83.8464,1,62.6785,6291456,3031040,182976512,20971520,0.967301,100.702,0,822083584,0,1020096512,104857600,975847424,251658240,0,119013376,0,1,1.76778,0,0,0,1,1,2,6.01961,100,83.3557,1024,37520,320,0,32
conv,10754,2097152,1024,16,64,1,4,2,2,1,1,16,64,8,37964527,23042806,2,72677252,25165833,2,108175360,81.2113,1,46.9882,10485760,1949696,182976512,20971520,0.491616,99.2523,0,822083584,0,1020129280,104857600,1017790464,377487360,0,124321792,0,1,2.10428,0,0,0,1,1,3,7.55116,100,84.0145,1024,38056,320,0,44
conv,2283,2097152,1024,16,64,1,4,2,2,7,0,16,64,3,2201747,2068506,2,14188592,4194313,2,16687104,0,2,62.6785,6291456,3031040,0,0,0.47571,99.2008,0,822083584,0,263004160,2097152,201998336,165675008,0,55902208,0,2,9.98861,0,0,0,1,1,2,18.5728,100,81.3283,1024,37520,0,0,64
conv,2303,2097152,1024,16,64,1,4,2,2,7,1,16,64,3,2201747,2068506,2,14188648,4194441,2,16687104,0,2,46.9882,10485760,1949696,0,0,0.469667,99.1847,0,822083584,0,262938624,2097152,243941376,155189248,0,56819712,0,2,9.90112,0,0,0,1,1,2,18.464,100,81.7415,1024,38056,0,0,54
conv,12882,2097152,1024,16,64,1,4,2,4,1,0,16,64,8,58564780,23057110,2,87931832,23068681,2,108175360,85.4142,1,62.6785,6291456,3031040,182976512,20971520,0.965947,99.1703,0,822083584,0,1024290816,104857600,971653120,245366784,0,118816768,0,1,1.75495,0,0,0,1,1,2,6.06371,100,83.3282,1024,37520,320,0,32
conv,10737,2097152,1024,16,64,1,4,2,4,1,1,16,64,8,37745746,23052474,2,72680480,23068681,2,108175360,82.9916,1,46.9882,10485760,1949696,182976512,20971520,0.492737,99.6928,0,822083584,0,1024290816,104857600,1013596160,377487360,0,124256256,0,1,2.11722,0,0,0,1,1,3,7.5369,100,84.058,1024,38056,320,0,44
conv,2250,2097152,1024,16,64,1,4,2,4,7,0,16,64,3,2201747,2064386,2,14188592,2097161,2,16687104,0,2,62.6785,6291456,3031040,0,0,0.484223,99.2176,0,822083584,0,267198464,2097152,197804032,161480704,0,55771136,0,2,10.131,0,0,0,1,1,2,18.9125,100,81.2844,1024,37520,0,0,64
conv,2268,2097152,1024,16,64,1,4,2,4,7,1,16,64,3,2201747,2064410,2,14188592,2097161,2,16687104,0,2,46.9882,10485760,1949696,0,0,0.474519,99.2462,0,822083584,0,267198464,2097152,239747072,140509184,0,56426496,0,2,10.0728,0,0,0,1,1,2,18.3064,100,81.5018,1024,38056,0,0,48
conv,20341,2097152,1024,16,64,1,8,1,1,1,0,16,64,9,103153889,27778142,2,125182624,42467337,2,118759424,76.6186,1,24.6487,25690112,2801664,205520896,25690112,0.887702,99.8922,0,822083584,0,1260605440,102760448,1187659776,157286400,0,138870784,0,1,1.3269,0,0,0,1,1,2,6.16477,100,79.4443,1024,37520,392,0,32
conv,20119,2097152,1024,16,64,1,8,1,1,1,1,16,64,8,100610597,27777500,2,125182264,42467337,2,118759424,76.6186,1,24.6487,25690112,2801664,205520896,25690112,0.874721,99.8115,0,822083584,0,1260605440,102760448,1290420224,157286400,0,142082048,0,1,1.13143,0,0,0,1,1,2,5.41145,100,79.9088,1024,37800,392,0,32
conv,2507,2097152,1024,16,64,1,8,1,1,7,1,16,64,3,2186282,2068506,3,22421896,16777225,2,15998976,0,5,24.6487,25690112,2801664,0,0,0.435578,99.2378,0,822083584,0,195780608,2097152,365576192,161480704,0,65536000,0,2,9.11973,0,0,0,1,1,2,19.5071,100,73.7676,1024,37800,0,0,64
conv,20210,2097152,1024,16,64,1,8,1,2,1,0,16,64,9,101908502,27778978,2,125182016,34078729,2,118759424,80.6543,1,24.6487,25690112,2801664,205520896,25690112,0.85998,99.4613,0,822083584,0,1273090048,102760448,1179271168,146800640,0,138608640,0,1,1.12095,0,0,0,1,1,2,5.2306,100,79.4504,1024,37520,392,0,32
conv,20213,2097152,1024,16,64,1,8,1,2,1,1,16,64,9,101726054,27779870,2,125182184,34078729,2,118759424,80.6543,1,24.6487,25690112,2801664,205520896,25690112,0.87281,99.6449,0,822083584,0,1273090048,102760448,1282031616,146800640,0,141819904,0,1,1.11885,0,0,0,1,1,2,5.3574,100,79.9158,1024,37800,392,0,32
conv,2382,2097152,1024,16,64,1,8,1,2,7,1,16,64,3,2159010,2068506,3,22421864,8388617,2,15998976,0,5,24.6487,25690112,2801664,0,0,0.456518,99.1364,0,822083584,0,208363520,2097152,357187584,161480704,0,65667072,0,2,9.58275,0,0,0,1,1,2,20.567,100,73.8199,1024,37800,0,0,64
conv,20199,2097152,1024,16,64,1,8,1,4,1,0,16,64,9,102449837,27778430,2,125182752,29884425,2,118759424,82.8359,1,24.6487,25690112,2801664,205520896,25690112,0.87239,99.312,0,822083584,0,1275187200,102760448,1175076864,155189248,0,138805248,0,1,1.11509,0,0,0,1,1,2,5.21681,100,79.4796,1024,37520,392,0,32
conv,20184,2097152,1024,16,64,1,8,1,4,1,1,16,64,9,102161649,27779350,2,125182600,29884425,2,118759424,82.8359,1,24.6487,25690112,2801664,205520896,25690112,0.888049,99.9079,0,822083584,0,1275187200,102760448,1277837312,155189248,0,142016512,0,1,1.11777,0,0,0,1,1,2,5.3467,100,79.9436,1024,37800,392,0,32
conv,2331,2097152,1024,16,64,1,8,1,4,7,1,16,64,3,2155952,2068502,2,22421704,4194313,2,15998976,0,5,24.6487,25690112,2801664,0,0,0.470735,99.116,0,822083584,0,210362368,2097152,352993280,174063616,0,65929216,0,2,9.7914,0,0,0,1,1,2,21.2461,100,74.0188,1024,37800,0,0,64
conv,31815,16777216,256,32,8,0,1,1,1,1,0,32,8,8,78521205,104840986,2,253231632,104857609,2,308281344,57.3939,0,0,0,0,205520896,102760448,0.722255,100.005,0,822083584,0,9596567552,822083584,2902458368,385875968,0,458227712,0,1,0.713051,0,0,0,1,1,3,10.1865,100,99.0847,1024,0,200,0,40
conv,19010,16777216,256,32,8,0,1,1,1,7,0,32,8,1,2103315,2067830,2,150470704,2097161,2,205520896,0,0,0,0,0,0,0,0.941184,99.9719,0,822083584,0,1006632960,16777216,1660944384,637534208,0,129499136,0,1,1.19123,0,0,0,1,1,2,4.7425,100,100,1024,0,0,0,32
conv,19769,8388608,256,32,8,0,1,2,1,1,0,32,8,8,52115649,60809842,2,141820152,60817465,2,167772160,57.4386,0,0,0,0,115343360,58720256,0.973603,100.248,0,822083584,0,3850371072,419430400,1778384896,327155712,0,228327424,0,1,1.14909,0,0,0,1,1,3,8.51556,100,98.5075,1024,0,224,0,32
conv,9720,8388608,256,32,8,0,1,2,1,7,0,32,8,1,2103427,2067442,2,84148384,2097161,2,110100480,0,0,0,0,0,0,0,0.948268,99.9426,0,822083584,0,729808896,8388608,897581056,419430400,0,89915392,0,1,2.33162,0,0,0,1,1,3,6.09489,100,100,1024,0,0,0,32
conv,12676,4194304,256,32,8,0,1,4,1,1,0,32,8,8,33305438,38786494,2,98197576,38797321,2,120061952,61.2935,0,0,0,0,115343360,36700160,0.731665,99.881,0,822083584,0,2000683008,209715200,1149239296,599785472,0,151126016,0,1,1.79306,0,0,0,1,1,3,8.69261,100,98.8725,1024,0,280,0,40
conv,5070,4194304,256,32,8,0,1,4,1,7,0,32,8,2,2103316,2067166,2,50987056,2097161,3,62390272,0,0,0,0,0,0,0,0.709982,99.9187,0,822083584,0,444596224,4194304,515899392,201326592,0,62128128,0,1,4.4803,0,0,0,1,1,3,8.3968,100,100,1024,0,0,0,40
conv,9055,2097152,256,32,8,0,1,8,1,1,0,32,8,8,28264278,27773226,2,68554176,27787273,2,73662464,62.0891,0,0,0,0,70254592,25690112,0.72074,99.8985,0,822083584,0,1107296256,104857600,729808896,748683264,0,110624768,0,1,2.50698,0,0,0,1,1,2,9.30892,100,99.2299,1024,0,392,0,40
conv,2737,2097152,256,32,8,0,1,8,1,7,0,32,8,2,2130544,2066918,3,34406448,2097161,3,38535168,0,0,0,0,0,0,0,0.47799,99.8295,0,822083584,0,314572800,2097152,325058560,115343360,0,49348608,0,2,8.33216,0,0,0,1,1,3,13.1382,100,100,1024,0,0,0,56
conv,20446,8388608,256,32,8,0,2,1,1,1,0,32,8,8,61632621,60805874,3,244041212,62914569,2,212860928,52.6027,0,0,0,0,205520896,58720256,0.720793,99.9977,0,822083584,0,4395630592,411041792,1837105152,251658240,0,243269632,0,1,1.11056,0,0,0,1,1,3,7.94461,100,99.1379,1024,0,224,0,38
conv,10630,8388608,256,32,8,0,2,1,1,7,0,32,8,1,2103315,2068734,3,141295816,4194313,2,110100480,0,0,0,0,0,0,0,0.947434,99.9711,0,822083584,0,511705088,8388608,897581056,251658240,0,77856768,0,1,2.13394,0,0,0,1,1,2,4.5747,100,100,1024,0,0,0,32
conv,20489,8388608,256,32,8,0,2,1,2,1,0,32,8,8,61770970,60806386,3,244043024,60817417,2,212860928,52.9643,0,0,0,0,205520896,58720256,0.720516,100.079,0,822083584,0,4437573632,411041792,1828716544,268435456,0,244842496,0,1,1.10961,0,0,0,1,1,3,7.96531,100,99.1435,1024,0,224,0,36
conv,10616,8388608,256,32,8,0,2,1,2,7,0,32,8,1,2103619,2067306,3,141295968,2097209,2,110100480,0,0,0,0,0,0,0,0.706218,99.9425,0,822083584,0,562036736,8388608,889192448,436207616,0,84934656,0,1,2.13685,0,0,0,1,1,2,5.08409,100,100,1024,0,0,0,40
conv,13566,4194304,256,32,8,0,2,2,1,1,0,32,8,7,38643744,35634262,3,142052236,37748745,2,139460608,53.2353,0,0,0,0,160432128,33554432,0.721458,99.8585,0,822083584,0,1925185536,209715200,1241513984,364904448,0,144310272,0,1,1.67443,0,0,0,1,1,3,7.4007,100,98.8193,1024,0,256,0,40
conv,5507,4194304,256,32,8,0,2,2,1,7,0,32,8,1,2103315,2069062,3,79822896,4194313,2,59244544,0,0,0,0,0,0,0,0.713223,99.9021,0,822083584,0,369098752,4194304,490733568,230686720,0,59899904,0,1,4.12622,0,0,0,1,1,2,7.24985,100,100,1024,0,0,0,40
conv,14556,4194304,256,32,8,0,2,2,2,1,0,32,8,8,52378867,35642622,3,145706104,35651641,2,139460608,54.801,0,0,0,0,160432128,33554432,0.969423,100.13,0,822083584,0,1962934272,209715200,1233125376,364904448,0,145227776,0,1,1.55849,0,0,0,1,1,3,7.02055,100,98.8267,1024,0,256,0,32
conv,5485,4194304,256,32,8,0,2,2,2,7,0,32,8,1,2103427,2067014,3,79823008,2097161,2,59244544,0,0,0,0,0,0,0,0.714891,99.8912,0,822083584,0,406847488,4194304,482344960,239075328,0,61079552,0,1,4.1414,0,0,0,1,1,2,7.44655,100,100,1024,0,0,0,40
conv,8353,2097152,256,32,8,0,2,4,1,1,0,32,8,8,27280220,23053946,3,97343956,25165833,3,102760448,56.4604,0,0,0,0,137887744,20971520,0.66907,99.8799,0,822083584,0,1042284544,104857600,910163968,402653184,0,103415808,0,1,2.72123,0,0,0,1,1,3,8.11851,100,99.1762,1024,0,320,0,40
conv,2932,2097152,256,32,8,0,2,4,1,7,0,32,8,2,2103321,2068994,4,49086512,4194313,3,33816576,0,0,0,0,0,0,0,0.479086,99.8088,0,822083584,0,264241152,2097152,287309824,115343360,0,46596096,0,2,7.77333,0,0,0,1,1,3,11.2065,100,100,1024,0,0,0,56
conv,8375,2097152,256,32,8,0,2,4,2,1,0,32,8,8,27654956,23053994,3,97060644,23068681,3,102760448,57.3995,0,0,0,0,137887744,20971520,0.677793,99.9156,0,822083584,0,1056964608,104857600,901775360,411041792,0,103874560,0,1,2.71047,0,0,0,1,1,3,8.18733,100,99.1798,1024,0,320,0,40
conv,2920,2097152,256,32,8,0,2,4,2,7,0,32,8,2,2103316,2066810,3,49086512,2097161,3,33816576,0,0,0,0,0,0,0,0.479238,99.8139,0,822083584,0,278921216,2097152,278921216,121634816,0,46989312,0,2,7.80301,0,0,0,1,1,3,11.2885,100,100,1024,0,0,0,56
conv,7563,1048576,256,32,8,0,2,8,1,1,0,32,8,7,24702670,16754675,3,78266092,18874505,2,84410368,61.2608,0,0,0,0,126615552,14680064,0.729122,99.1477,0,822083584,0,717225984,52428800,744488960,525336576,0,89849856,0,1,2.99651,0,0,0,1,1,3,8.91696,100,99.5259,1024,0,448,0,38
conv,1672,1048576,256,32,8,0,2,8,1,7,0,32,8,4,2117092,2068550,4,33718624,4194313,3,21102592,0,0,0,0,0,0,0,0.357208,99.8614,0,822083584,0,203423744,1048576,185597952,87031808,0,40599552,0,2,13.7545,0,0,0,1,1,3,18.4302,100,100,768,0,0,0,80
conv,7884,1048576,256,32,8,0,2,8,2,1,0,32,8,6,20818388,16753806,2,74112496,16777225,2,84410368,60.8929,0,0,0,0,126615552,14680064,0.609462,99.2769,0,822083584,0,727711744,52428800,736100352,475004928,0,88342528,0,1,2.85693,0,0,0,1,1,3,8.17127,100,99.5178,1024,0,448,0,42
conv,1654,1048576,256,32,8,0,2,8,2,7,0,32,8,4,2130001,2066470,4,33718328,2097209,3,21102592,0,0,0,0,0,0,0,0.354765,99.7943,0,822083584,0,214958080,1048576,177209344,80740352,0,40501248,0,2,13.8881,0,0,0,1,1,3,18.6573,100,100,768,0,0,0,80
conv,19651,4194304,256,32,8,0,4,1,1,1,0,32,8,8,86680318,38788758,3,260551232,45088825,2,165150720,45.6189,0,0,0,0,205520896,36700160,0.68634,99.398,0,822083584,0,2403336192,205520896,1484783616,163577856,0,159776768,0,1,1.15282,0,0,0,1,1,2,5.52728,100,99.3437,1024,0,280,0,35
conv,7020,4194304,256,32,8,0,4,1,1,7,0,32,8,1,2103795,2068598,4,157811216,8388617,2,62390272,0,0,0,0,0,0,0,0.46703,99.9474,0,822083584,0,255852544,4194304,515899392,184549376,0,55705600,0,1,3.23835,0,0,0,1,1,2,4.91039,100,100,1024,0,0,0,56
conv,19647,4194304,256,32,8,0,4,1,2,1,0,32,8,8,86790475,38788417,3,260511944,40894473,2,165150720,46.2561,0,0,0,0,205520896,36700160,0.692468,100.217,0,822083584,0,2428502016,205520896,1476395008,167772160,0,160432128,0,1,1.15172,0,0,0,1,1,2,5.80523,100,99.3464,1024,0,280,0,36
conv,6912,4194304,256,32,8,0,4,1,2,7,0,32,8,1,2103771,2068658,4,157811336,4194313,2,62390272,0,0,0,0,0,0,0,0.467405,99.9252,0,822083584,0,281018368,4194304,507510784,184549376,0,56229888,0,1,3.28874,0,0,0,1,1,2,5.30676,100,100,1024,0,0,0,56
conv,19717,4194304,256,32,8,0,4,1,4,1,0,32,8,8,86199289,38789530,3,260541380,38797321,2,165150720,46.5772,0,0,0,0,205520896,36700160,0.690943,100.351,0,822083584,0,2432696320,205520896,1472200704,171966464,0,160563200,0,1,1.15683,0,0,0,1,1,2,5.52321,100,99.3469,1024,0,280,0,36
conv,6896,4194304,256,32,8,0,4,1,4,7,0,32,8,1,2103771,2067198,4,157811328,2097161,2,62390272,0,0,0,0,0,0,0,0.467597,99.9726,0,822083584,0,285212672,4194304,503316480,192937984,0,56492032,0,1,3.29668,0,0,0,1,1,2,5.13203,100,100,1024,0,0,0,56
conv,12770,2097152,256,32,8,0,4,2,1,1,0,32,8,8,56949259,23057434,3,161515768,29360137,2,125304832,48.6865,0,0,0,0,182976512,20971520,0.721376,99.9471,0,822083584,0,962592768,104857600,1082130432,199229440,0,99942400,0,1,1.77843,0,0,0,1,1,3,4.89831,100,99.1475,1024,0,320,0,39
conv,3765,2097152,256,32,8,0,4,2,1,7,0,32,8,2,2103587,2068894,5,89719144,8388617,2,33816576,0,0,0,0,0,0,0,0.476375,99.8033,0,822083584,0,184549376,2097152,287309824,100663296,0,43646976,0,1,6.05196,0,0,0,1,1,2,7.99851,100,100,1024,0,0,0,56
conv,12735,2097152,256,32,8,0,4,2,2,1,0,32,8,8,56853376,23056498,3,160571512,25165833,2,125304832,49.4878,0,0,0,0,182976512,20971520,0.72075,99.9647,0,822083584,0,981467136,104857600,1073741824,190840832,0,100007936,0,1,1.77919,0,0,0,1,1,3,4.91316,100,99.1481,1024,0,320,0,40
conv,3642,2097152,256,32,8,0,4,2,2,7,0,32,8,2,2103315,2068994,5,89719016,4194313,2,33816576,0,0,0,0,0,0,0,0.482524,99.8835,0,822083584,0,203423744,2097152,278921216,117440512,0,44498944,0,1,6.26059,0,0,0,1,1,2,8.49133,100,100,1024,0,0,0,56
conv,12741,2097152,256,32,8,0,4,2,4,1,0,32,8,8,57025872,23056054,3,161131144,23068681,2,125304832,50.2381,0,0,0,0,182976512,20971520,0.721294,99.87,0,822083584,0,985661440,104857600,1069547520,195035136,0,100139008,0,1,1.78116,0,0,0,1,1,3,4.98241,100,99.1492,1024,0,320,0,37
conv,3648,2097152,256,32,8,0,4,2,4,7,0,32,8,2,2103315,2066998,5,89718888,2097209,2,33816576,0,0,0,0,0,0,0,0.480551,99.7985,0,822083584,0,207618048,2097152,274726912,104857600,0,44105728,0,1,6.24376,0,0,0,1,1,2,8.49165,100,100,1024,0,0,0,56
conv,8710,1048576,256,32,8,0,4,4,1,1,0,32,8,8,37782040,15187501,3,131997076,21495817,3,105381888,58.154,0,0,0,0,171704320,13107200,0.573148,100.064,0,822083584,0,682622976,52428800,900726784,365953024,0,88670208,0,1,2.61126,0,0,0,1,1,3,6.91726,100,99.5196,1024,0,400,0,48
conv,2188,1048576,256,32,8,0,4,4,1,7,0,32,8,3,2103458,2069074,5,55672880,8388617,2,19529728,0,0,0,0,0,0,0,0.354702,99.0792,0,822083584,0,132120576,1048576,173015040,75497472,0,37617664,0,2,10.4643,0,0,0,1,1,2,12.7449,100,100,768,0,0,0,80
conv,9565,1048576,256,32,8,0,4,4,2,1,0,32,8,8,43466129,15185058,3,133643880,17301513,2,105381888,60.2815,0,0,0,0,171704320,13107200,0.727421,99.3093,0,822083584,0,535822336,52428800,892338176,208666624,0,78905344,0,1,2.36585,0,0,0,1,1,3,4.88365,100,99.4601,1024,0,400,0,38
conv,2064,1048576,256,32,8,0,4,4,2,7,0,32,8,3,2103952,2068838,5,55672880,4194313,2,19529728,0,0,0,0,0,0,0,0.358297,99.7891,0,822083584,0,139460608,1048576,164626432,54525952,0,36929536,0,2,11.1196,0,0,0,1,1,2,13.6171,100,100,896,0,0,0,72
conv,9575,1048576,256,32,8,0,4,4,4,1,0,32,8,8,43529705,15184858,3,132849984,15204361,2,105381888,61.03,0,0,0,0,171704320,13107200,0.728247,99.3946,0,822083584,0,540016640,52428800,888143872,208666624,0,78905344,0,1,2.35018,0,0,0,1,1,3,4.86535,100,99.4601,1024,0,400,0,40
conv,2041,1048576,256,32,8,0,4,4,4,7,0,32,8,3,2104192,2066942,5,55672880,2097161,2,19529728,0,0,0,0,0,0,0,0.36128,99.6895,0,822083584,0,143654912,1048576,160432128,39845888,0,36470784,0,2,11.2245,0,0,0,1,1,2,13.8024,100,100,896,0,0,0,72
conv,6924,524288,256,32,8,0,4,8,1,1,0,32,8,8,29618119,11322236,4,120645524,17563657,3,95420416,65.9871,0,0,0,0,166068224,9175040,0.478843,99.9193,0,822083584,0,384827392,26214400,798490624,316669952,0,73596928,0,1,3.2913,0,0,0,1,1,3,7.12209,100,99.7106,1024,0,560,0,56
conv,1418,524288,256,32,8,0,4,8,1,7,0,32,8,4,2147290,2100772,6,38650048,8388617,2,12386304,0,0,0,0,0,0,0,0.243934,98.8823,0,822083584,0,101711872,524288,115867648,45088768,0,33914880,0,2,15.8394,0,0,0,1,1,2,18.4304,100,100,512,0,0,0,128
conv,7022,524288,256,32,8,0,4,8,2,1,0,32,8,8,30870679,11252336,4,120728780,13369353,3,95420416,67.999,0,0,0,0,166068224,9175040,0.47365,98.2309,0,822083584,0,398458880,26214400,790102016,341835776,0,74547200,0,1,3.17838,0,0,0,1,1,3,7.1135,100,99.7143,1024,0,560,0,56
conv,1306,524288,256,32,8,0,4,8,2,7,0,32,8,5,2144074,2068684,6,38649912,4194313,2,12386304,0,0,0,0,0,0,0,0.24115,99.6769,0,822083584,0,107479040,524288,107479040,45613056,0,33849344,0,2,17.5658,0,0,0,1,1,2,20.2199,100,100,512,0,0,0,128
conv,5868,524288,256,32,8,0,4,8,4,1,0,32,8,8,22240944,11246834,4,111983580,11272201,3,95420416,66.9462,0,0,0,0,166068224,9175040,0.364922,100.117,0,822083584,0,402653184,26214400,785907712,317718528,0,73793536,0,1,3.87589,0,0,0,1,1,4,8.61972,100,99.7114,896,0,560,0,68
conv,1266,524288,256,32,8,0,4,8,4,7,0,32,8,5,2119948,2066642,6,38649904,2097161,2,12386304,0,0,0,0,0,0,0,0.239116,99.9374,0,822083584,0,111673344,524288,103284736,45088768,0,33832960,0,3,18.487,0,0,0,1,1,3,21.5552,100,100,512,0,0,0,128
conv,18319,2097152,256,32,8,0,8,1,1,1,0,32,8,8,85517330,27771106,4,311441504,42467337,2,141295616,36.2763,0,0,0,0,205520896,25690112,0.569769,101.681,0,822083584,0,1201668096,102760448,1249902592,106954752,0,109379584,0,1,1.24615,0,0,0,1,1,2,4.47744,100,99.5207,1024,0,392,0,36
conv,6300,2097152,256,32,8,0,8,1,1,7,0,32,8,1,2103331,2068798,6,208732240,16777225,2,38535168,0,0,0,0,0,0,0,0.356928,100.163,0,822083584,0,127926272,2097152,325058560,75497472,0,42270720,0,1,3.59317,0,0,0,1,1,2,4.5579,100,100,768,0,0,0,80
conv,18623,2097152,256,32,8,0,8,1,2,1,0,32,8,8,90877276,27775583,4,311470016,34078729,2,141295616,37.1668,0,0,0,0,205520896,25690112,0.56927,97.4846,0,822083584,0,1214251008,102760448,1241513984,102760448,0,109379584,0,1,1.19408,0,0,0,1,1,2,4.48442,100,99.5207,1024,0,392,0,36
conv,6167,2097152,256,32,8,0,8,1,2,7,0,32,8,1,2103315,2069006,6,208732208,8388617,2,38535168,0,0,0,0,0,0,0,0.363088,100.465,0,822083584,0,140509184,2097152,316669952,79691776,0,42532864,0,1,3.70647,0,0,0,1,1,2,4.72511,100,100,768,0,0,0,80
conv,17914,2097152,256,32,8,0,8,1,4,1,0,32,8,8,85977941,27751164,4,311428096,29884425,2,141295616,37.6189,0,0,0,0,205520896,25690112,0.557838,98.6876,0,822083584,0,1216348160,102760448,1237319680,98566144,0,109182976,0,1,1.24663,0,0,0,1,1,2,4.44103,100,99.5198,1024,0,392,0,36
conv,6102,2097152,256,32,8,0,8,1,4,7,0,32,8,1,2103315,2068790,6,208732208,4194313,2,38535168,0,0,0,0,0,0,0,0.361363,99.8801,0,822083584,0,144703488,2097152,312475648,60817408,0,41943040,0,1,3.73677,0,0,0,1,1,2,4.70569,100,100,768,0,0,0,80
conv,14101,1048576,256,32,8,0,8,2,1,1,0,32,8,8,68300818,16764682,3,215750868,31457289,2,118226944,45.0592,0,0,0,0,194248704,14680064,0.721966,99.1016,0,822083584,0,642777088,52428800,1002438656,59768832,0,81035264,0,1,1.61134,0,0,0,1,1,2,3.49502,100,99.4743,1024,0,448,0,40
conv,3356,1048576,256,32,8,0,8,2,1,7,0,32,8,2,2103315,2068710,7,119046472,16777225,2,21102592,0,0,0,0,0,0,0,0.236892,99.0305,0,822083584,0,92274688,1048576,185597952,71303168,0,36634624,0,1,6.79811,0,0,0,1,1,2,8.126,100,100,640,0,0,0,96
conv,13955,1048576,256,32,8,0,8,2,2,1,0,32,8,8,67943241,16763278,3,213176328,23068681,2,118226944,46.0558,0,0,0,0,194248704,14680064,0.723729,100.014,0,822083584,0,490733568,52428800,994050048,100663296,0,77299712,0,1,1.62193,0,0,0,1,1,2,3.08668,100,99.4489,1024,0,448,0,37
conv,3208,1048576,256,32,8,0,8,2,2,7,0,32,8,2,2103315,2069410,7,119046192,8388617,2,21102592,0,0,0,0,0,0,0,0.232085,99.7678,0,822083584,0,101711872,1048576,177209344,74448896,0,36765696,0,1,7.10792,0,0,0,1,1,2,8.43372,100,100,640,0,0,0,96
conv,14333,1048576,256,32,8,0,8,2,4,1,0,32,8,8,70020014,16763670,3,212774776,18874377,2,118226944,46.8155,0,0,0,0,194248704,14680064,0.728181,99.1557,0,822083584,0,492830720,52428800,989855744,98566144,0,77168640,0,1,1.5785,0,0,0,1,1,2,2.99555,100,99.448,1024,0,448,0,40
conv,3155,1048576,256,32,8,0,8,2,4,7,0,32,8,2,2103315,2069226,7,119046192,4194313,2,21102592,0,0,0,0,0,0,0,0.229134,99.7062,0,822083584,0,104857600,1048576,173015040,76546048,0,36798464,0,1,7.23959,0,0,0,1,1,2,8.7804,100,100,640,0,0,0,96
conv,13087,524288,256,32,8,0,8,4,1,1,0,32,8,8,65930603,11315261,3,168004132,25952265,2,106692608,53.1478,0,0,0,0,188612608,9175040,0.598466,99.6396,0,822083584,0,355467264,26214400,889716736,113770496,0,69189632,0,1,1.74953,0,0,0,1,1,2,3.13823,100,99.6922,1024,0,560,0,48
conv,2432,524288,256,32,8,0,8,4,1,7,0,32,8,3,2105778,2132964,7,74203232,16777225,1,12386304,0,0,0,0,0,0,0,0.243382,99.4606,0,822083584,0,66060288,524288,115867648,38273024,0,32587776,0,2,9.51006,0,0,0,1,1,2,10.5627,100,100,512,0,0,0,128
conv,13012,524288,256,32,8,0,8,4,2,1,0,32,8,8,68286610,11253770,3,168148512,17563657,2,106692608,55.4918,0,0,0,0,188612608,9175040,0.597054,99.2266,0,822083584,0,362807296,26214400,881328128,112721920,0,69124096,0,1,1.72812,0,0,0,1,1,2,3.11154,100,99.6919,1024,0,560,0,48
conv,2156,524288,256,32,8,0,8,4,2,7,0,32,8,3,2105068,2073551,7,74203520,8388617,2,12386304,0,0,0,0,0,0,0,0.241361,100.04,0,822083584,0,69730304,524288,107479040,40370176,0,32505856,0,2,10.7665,0,0,0,1,1,2,11.8405,100,100,512,0,0,0,128
conv,10904,524288,256,32,8,0,8,4,4,1,0,32,8,8,52406445,11253326,3,165621832,13369353,2,106692608,56.1892,0,0,0,0,188612608,9175040,0.485648,100.145,0,822083584,0,365428736,26214400,877133824,189267968,0,71467008,0,1,2.09425,0,0,0,1,1,2,3.92283,100,99.702,1024,0,560,0,56
conv,2070,524288,256,32,8,0,8,4,4,7,0,32,8,3,2109611,2068658,7,74203184,4194313,2,12386304,0,0,0,0,0,0,0,0.242788,97.9356,0,822083584,0,72351744,524288,103284736,41943040,0,32505856,0,2,10.9811,0,0,0,1,1,2,12.3361,100,100,512,0,0,0,128
conv,7741,262144,256,32,8,0,8,8,1,1,0,32,8,7,32865634,10102019,4,144678936,23199753,3,100925440,59.1616,0,0,0,0,185794560,6422528,0.24272,98.9869,0,822083584,0,192413696,13107200,870055936,210239488,0,65978368,0,1,2.91416,0,0,0,1,1,3,5.28762,100,99.8386,640,0,784,0,96
conv,3554,262144,256,32,8,0,8,8,1,7,0,32,8,2,2319628,3342187,4,52044016,16777225,1,8028160,0,0,0,0,0,0,0,0.124762,98.8995,0,822083584,0,50855936,262144,81002496,31195136,0,30793728,0,1,6.39814,0,0,0,1,1,1,7.01471,100,100,384,0,0,0,168
conv,7418,262144,256,32,8,0,8,8,2,1,0,32,8,7,32712300,8552370,4,144678956,14811145,3,100925440,62.2976,0,0,0,0,185794560,6422528,0.244251,100.197,0,822083584,0,199229440,13107200,861667328,208928768,0,65888256,0,1,3.06869,0,0,0,1,1,3,5.68329,100,99.8384,512,0,784,0,124
conv,3238,262144,256,32,8,0,8,8,2,7,0,32,8,2,2282225,2528774,4,52039440,8388617,1,8028160,0,0,0,0,0,0,0,0.124481,99.179,0,822083584,0,53739520,262144,72613888,28049408,0,30523392,0,1,7.01802,0,0,0,1,1,1,7.6229,100,100,256,0,0,0,237
conv,7342,262144,256,32,8,0,8,8,4,1,0,32,8,8,32926820,8491549,4,144679012,10616841,3,100925440,63.9553,0,0,0,0,185794560,6422528,0.244187,98.8998,0,822083584,0,201588736,13107200,857473024,222035968,0,66240512,0,1,3.08443,0,0,0,1,1,3,5.62527,100,99.8392,640,0,784,0,96
conv,3151,262144,256,32,8,0,8,8,4,7,0,32,8,2,2279343,2078458,3,52043752,4194313,1,8028160,0,0,0,0,0,0,0,0.12438,98.9288,0,822083584,0,56098816,262144,68419584,30146560,0,30531584,0,1,7.22601,0,0,0,1,1,1,7.91055,100,100,256,0,0,0,218
conv,31517,16777216,256,32,8,1,1,1,1,1,0,32,8,8,85271197,104848574,2,135332232,104857609,2,211025920,85.5662,1,94.1532,25690112,2752512,205520896,102760448,0.968019,100.028,0,822083584,0,9361686528,822083584,3391619072,352321536,0,472383488,0,1,0.719053,0,0,0,1,1,2,12.368,100,97.5756,1024,2128,200,0,32
conv,31553,16777216,256,32,8,1,1,1,1,1,1,32,8,8,85298155,104848654,2,135331888,104857609,2,211025920,85.5662,1,94.1532,25690112,2752512,205520896,102760448,0.968996,99.8821,0,822083584,0,9361686528,822083584,3391619072,352321536,0,472383488,0,1,0.718671,0,0,0,1,1,2,12.3794,100,97.5756,1024,2184,200,0,32
conv,16365,16777216,256,32,8,1,1,1,1,7,0,32,8,1,2103899,2065106,1,32572208,2097161,2,108265472,0,1,94.1532,25690112,2752512,0,0,0.924723,99.9491,0,822083584,0,771751936,16777216,1747451904,687865856,0,133693440,0,1,1.38126,0,0,0,1,1,2,5.64116,100,94.5711,1024,2128,0,0,31
conv,16364,16777216,256,32,8,1,1,1,1,7,1,32,8,1,2103315,2065134,1,32571440,2097161,2,108265472,0,1,94.1532,25690112,2752512,0,0,0.923733,99.997,0,822083584,0,771751936,16777216,1747451904,687865856,0,133693440,0,1,1.3814,0,0,0,1,1,2,5.63906,100,94.5711,1024,2184,0,0,31
conv,19885,8388608,256,32,8,1,1,2,1,1,0,32,8,8,52501700,60808846,2,75924352,60817545,2,113377280,85.1186,1,92.2422,14680064,2162688,115343360,58720256,0.971257,101.085,0,822083584,0,3825205248,419430400,1539571712,276824064,0,226230272,0,1,1.13343,0,0,0,1,1,2,8.4672,100,95.0789,1024,3344,224,0,32
conv,20102,8388608,256,32,8,1,1,2,1,1,1,32,8,8,52914960,60810238,2,75923808,60817417,1,113377280,85.1186,1,92.2422,14680064,2162688,115343360,58720256,0.97192,99.9947,0,822083584,0,3825205248,419430400,1539571712,276824064,0,226230272,0,1,1.12446,0,0,0,1,1,2,8.4918,100,95.0789,1024,3432,224,0,32
conv,8288,8388608,256,32,8,1,1,2,1,7,0,32,8,1,2103315,2064466,1,18251824,2097161,2,55705600,0,1,92.2422,14680064,2162688,0,0,0.918412,99.9694,0,822083584,0,704643072,8388608,960757760,360710144,0,96993280,0,1,2.73195,0,0,0,1,1,2,7.61336,100,92.0355,1024,3344,0,0,32
conv,8289,8388608,256,32,8,1,1,2,1,7,1,32,8,1,2103315,2064478,1,18251824,2097161,2,55705600,0,1,92.2422,14680064,2162688,0,0,0.916714,99.9491,0,822083584,0,704643072,8388608,960757760,360710144,0,96993280,0,1,2.73148,0,0,0,1,1,2,7.61357,100,92.0355,1024,3432,0,0,32
conv,12719,4194304,256,32,8,1,1,4,1,1,0,32,8,8,35009718,38788590,2,57805808,38797321,2,87097344,86.3092,1,89.7812,9175040,1867776,115343360,36700160,0.974196,101.772,0,822083584,0,2088304640,209715200,1175584768,603979776,0,167641088,0,1,1.82097,0,0,0,1,1,2,9.9875,100,91.3348,1024,5776,280,0,32
conv,12532,4194304,256,32,8,1,1,4,1,1,1,32,8,8,35874466,38789210,2,57764748,38797321,2,87097344,86.3845,1,89.7812,9175040,1867776,115343360,36700160,0.97444,98.5102,0,822083584,0,2088304640,209715200,1175584768,603979776,0,167641088,0,1,1.78054,0,0,0,1,1,2,10.0891,100,91.3348,1024,5928,280,0,32
conv,4223,4194304,256,32,8,1,1,4,1,7,0,32,8,2,2103351,2064386,1,11092624,2097161,2,29425664,0,1,89.7812,9175040,1867776,0,0,0.925044,99.9199,0,822083584,0,553648128,4194304,567410688,255852544,0,76677120,0,1,5.37684,0,0,0,1,1,2,11.9436,100,89.7917,1024,5776,0,0,32
conv,4222,4194304,256,32,8,1,1,4,1,7,1,32,8,2,2103344,2064386,1,11092016,2097161,2,29425664,0,1,89.7812,9175040,1867776,0,0,0.924087,99.9804,0,822083584,0,553648128,4194304,567410688,255852544,0,76677120,0,1,5.37789,0,0,0,1,1,2,11.9388,100,89.7917,1024,5928,0,0,32
conv,8805,2097152,256,32,8,1,1,8,1,1,0,32,8,8,26662599,27773658,2,40483012,27787273,2,51412992,85.9049,1,87.2359,6422528,1720320,70254592,25690112,0.731583,99.9245,0,822083584,0,1214939136,104857600,754515968,767557632,0,131661824,0,1,2.57014,0,0,0,1,1,2,11.6537,100,86.9641,1024,10640,392,0,40
conv,8872,2097152,256,32,8,1,1,8,1,1,1,32,8,8,26768627,27771226,2,40486916,27787273,2,51412992,85.9218,1,87.2359,6422528,1720320,70254592,25690112,0.732216,99.6075,0,822083584,0,1214939136,104857600,754515968,767557632,0,131661824,0,1,2.55983,0,0,0,1,1,2,11.6439,100,86.9641,1024,10920,392,0,40
conv,2194,2097152,256,32,8,1,1,8,1,7,0,32,8,3,2185582,2064374,1,7512360,2097161,2,16285696,0,2,87.2359,6422528,1720320,0,0,0.938207,99.8291,0,822083584,0,426180608,2097152,370737152,163577856,0,73203712,0,2,10.4025,0,0,0,1,1,2,23.5001,100,76.1862,1024,10640,0,0,32
conv,2192,2097152,256,32,8,1,1,8,1,7,1,32,8,3,2184879,2064346,1,7512112,2097161,2,16285696,0,2,87.2359,6422528,1720320,0,0,0.938844,99.9314,0,822083584,0,426180608,2097152,370737152,163577856,0,73203712,0,2,10.4058,0,0,0,1,1,2,23.4833,100,76.1862,1024,10920,0,0,32
conv,22132,8388608,256,32,8,1,2,1,1,1,0,32,8,8,77198240,60809834,2,125592864,62914569,2,159645696,85.6122,1,85.4688,14680064,3670016,205520896,58720256,0.93525,100.017,0,822083584,0,4345298944,411041792,1674838016,587202560,0,254541824,0,1,1.02393,0,0,0,1,1,2,8.19081,100,96.2571,1024,3920,224,0,32
conv,22152,8388608,256,32,8,1,2,1,1,1,1,32,8,8,77238342,60810246,2,125632800,62914569,2,159645696,85.6103,1,47.4826,29360128,3670016,205520896,58720256,0.931072,100.055,0,822083584,0,4345298944,411041792,1909719040,268435456,0,251920384,0,1,1.02444,0,0,0,1,1,2,8.25439,100,96.2181,1024,3976,224,0,32
conv,8350,8388608,256,32,8,1,2,1,1,7,0,32,8,1,2103315,2068506,1,22937648,4194313,2,56885248,0,1,85.4688,14680064,3670016,0,0,0.710141,99.9851,0,822083584,0,461373440,8388608,735313920,385875968,0,82837504,0,1,2.71114,0,0,0,1,1,2,6.64123,100,91.0305,1024,3920,0,0,37
conv,8365,8388608,256,32,8,1,2,1,1,7,1,32,8,1,2103315,2068506,1,22937648,4194313,2,56885248,0,2,47.4826,29360128,3670016,0,0,0.939213,99.9061,0,822083584,0,461373440,8388608,970194944,402653184,0,90701824,0,1,2.70604,0,0,0,1,1,2,6.96561,100,91.8082,1024,3976,0,0,32
conv,20117,8388608,256,32,8,1,2,1,2,1,0,32,8,8,60484240,60805722,2,125663456,60817417,2,159645696,86.5794,1,85.4688,14680064,3670016,205520896,58720256,0.7214,100.106,0,822083584,0,4387241984,411041792,1666449408,293601280,0,246415360,0,1,1.12952,0,0,0,1,1,2,8.24416,100,96.1336,1024,3920,224,0,36
conv,22214,8388608,256,32,8,1,2,1,2,1,1,32,8,8,77558974,60809690,2,125643752,60817417,2,159645696,86.5841,1,47.4826,29360128,3670016,205520896,58720256,0.935315,99.9504,0,822083584,0,4387241984,411041792,1901330432,276824064,0,253231104,0,1,1.02187,0,0,0,1,1,2,7.77262,100,96.2377,1024,3976,224,0,32
conv,8310,8388608,256,32,8,1,2,1,2,7,0,32,8,1,2103315,2064754,1,22937648,2097161,2,56885248,0,1,85.4688,14680064,3670016,0,0,0.718769,99.9565,0,822083584,0,503316480,8388608,726925312,343932928,0,82575360,0,1,2.72442,0,0,0,1,1,2,6.6201,100,91.002,1024,3920,0,0,37
conv,8383,8388608,256,32,8,1,2,1,2,7,1,32,8,1,2103315,2064570,1,22937648,2097161,2,56885248,0,2,47.4826,29360128,3670016,0,0,0.922464,99.9851,0,822083584,0,503316480,8388608,961806336,427819008,0,92536832,0,1,2.70184,0,0,0,1,1,2,7.11482,100,91.9706,1024,3976,0,0,32
conv,14345,4194304,256,32,8,1,2,2,1,1,0,32,8,8,51360742,35642138,2,73634540,37748745,2,110231552,83.3397,1,81.4135,8388608,2883584,160432128,33554432,0.974506,100.034,0,822083584,0,1941602304,209715200,1120010240,587202560,0,161087488,0,1,1.58154,0,0,0,1,1,2,7.84101,100,90.8011,1024,6160,256,0,32
conv,13284,4194304,256,32,8,1,2,2,1,1,1,32,8,7,37229020,35631742,2,72679540,37748745,2,110231552,83.2053,1,74.4847,9437184,2883584,160432128,33554432,0.727288,99.9339,0,822083584,0,1941602304,209715200,1136787456,583008256,0,161480704,0,1,1.70737,0,0,0,1,1,2,8.46456,100,90.8235,1024,6248,256,0,40
conv,4292,4194304,256,32,8,1,2,2,1,7,0,32,8,2,2103315,2068478,1,14352440,4194313,2,30015488,0,1,81.4135,8388608,2883584,0,0,0.70153,99.911,0,822083584,0,406847488,4194304,411172864,230686720,0,66453504,0,1,5.28932,0,0,0,1,1,2,10.9129,100,88.1718,1024,6160,0,0,35
conv,4296,4194304,256,32,8,1,2,2,1,7,1,32,8,2,2103315,2068482,1,14352432,4194313,2,30015488,0,2,74.4847,9437184,2883584,0,0,0.936898,99.9253,0,822083584,0,406847488,4194304,427950080,243269632,0,67371008,0,1,5.285,0,0,0,1,1,2,11.0105,100,88.3329,1024,6248,0,0,32
conv,14337,4194304,256,32,8,1,2,2,2,1,0,32,8,8,51443699,35642386,2,73735220,35651593,2,110231552,84.9978,1,81.4135,8388608,2883584,160432128,33554432,0.9748,100.054,0,822083584,0,1979351040,209715200,1111621632,566231040,0,161349632,0,1,1.57986,0,0,0,1,1,2,7.88752,100,90.816,1024,6160,256,0,32
conv,13295,4194304,256,32,8,1,2,2,2,1,1,32,8,7,37124357,35631770,2,72666860,35651593,2,110231552,84.8141,1,74.4847,9437184,2883584,160432128,33554432,0.728263,100.03,0,822083584,0,1979351040,209715200,1128398848,591396864,0,162660352,0,1,1.70659,0,0,0,1,1,2,8.48734,100,90.89,1024,6248,256,0,40
conv,4255,4194304,256,32,8,1,2,2,2,7,0,32,8,2,2103315,2064458,1,14352480,2097161,2,30015488,0,1,81.4135,8388608,2883584,0,0,0.71417,99.9034,0,822083584,0,444596224,4194304,402784256,222298112,0,67108864,0,1,5.33225,0,0,0,1,1,2,10.7845,100,88.2874,1024,6160,0,0,35
conv,4275,4194304,256,32,8,1,2,2,2,7,1,32,8,2,2103315,2064422,1,14352432,2097161,2,30015488,0,2,74.4847,9437184,2883584,0,0,0.939005,100.008,0,822083584,0,444596224,4194304,419561472,234881024,0,68026368,0,1,5.30742,0,0,0,1,1,2,10.8043,100,88.4453,1024,6248,0,0,32
conv,8220,2097152,256,32,8,1,2,4,1,1,0,32,8,8,26160737,23050418,2,51827588,25165833,2,85524480,81.4888,1,76.6022,5242880,2490368,137887744,20971520,0.717645,99.9721,0,822083584,0,1106182144,104857600,842596352,549453824,0,124715008,0,1,2.76835,0,0,0,1,1,3,10.2011,100,85.825,1024,10640,320,0,40
conv,7865,2097152,256,32,8,1,2,4,1,1,1,32,8,8,23241791,23041506,2,50010100,25165881,2,85524480,81.0694,1,70.6177,5898240,2490368,137887744,20971520,0.608763,99.7102,0,822083584,0,1106182144,104857600,853082112,683671552,0,129236992,0,1,2.88453,0,0,0,1,1,3,11.0704,100,86.321,1024,10792,320,0,42
conv,2238,2097152,256,32,8,1,2,4,1,7,0,32,8,3,2103335,2068506,2,10059824,4194313,2,16580608,0,2,76.6022,5242880,2490368,0,0,0.478707,99.7947,0,822083584,0,337281024,2097152,249102336,159383552,0,62259200,0,2,10.1859,0,0,0,1,1,2,20.8052,100,78.801,1024,10640,0,0,54
conv,2265,2097152,256,32,8,1,2,4,1,7,1,32,8,3,2103353,2068498,2,10059824,4194313,2,16580608,0,2,70.6177,5898240,2490368,0,0,0.716132,99.9518,0,822083584,0,337281024,2097152,259588096,138412032,0,61931520,0,2,10.0958,0,0,0,1,1,2,20.5374,100,78.6888,1024,10792,0,0,40
conv,8996,2097152,256,32,8,1,2,4,2,1,0,32,8,8,32053368,23052594,2,56879176,23068681,2,85524480,84.7994,1,76.6022,5242880,2490368,137887744,20971520,0.973,99.323,0,822083584,0,1120862208,104857600,834207744,612368384,0,126877696,0,1,2.5193,0,0,0,1,1,3,9.64834,100,86.0666,1024,10640,320,0,32
conv,7893,2097152,256,32,8,1,2,4,2,1,1,32,8,8,23408753,23039250,2,49952108,23068681,2,85524480,83.2744,1,70.6177,5898240,2490368,137887744,20971520,0.610535,99.7134,0,822083584,0,1120862208,104857600,844693504,591396864,0,126550016,0,1,2.87915,0,0,0,1,1,3,10.8358,100,86.0306,1024,10792,320,0,42
conv,2219,2097152,256,32,8,1,2,4,2,7,0,32,8,3,2103343,2064350,1,10059824,2097161,2,16580608,0,2,76.6022,5242880,2490368,0,0,0.599623,99.9549,0,822083584,0,351961088,2097152,240713728,144703488,0,61997056,0,2,10.2522,0,0,0,1,1,2,20.7501,100,78.7114,1024,10640,0,0,46
conv,2242,2097152,256,32,8,1,2,4,2,7,1,32,8,3,2103380,2064370,1,10059824,2097161,2,16580608,0,2,70.6177,5898240,2490368,0,0,0.717914,99.9721,0,822083584,0,351961088,2097152,251199488,155189248,0,62652416,0,2,10.1811,0,0,0,1,1,2,20.7071,100,78.934,1024,10792,0,0,40
conv,6155,1048576,256,32,8,1,2,8,1,1,0,32,8,7,16502383,16749442,2,42641184,18874377,3,73170944,80.3575,1,72.0553,3670016,2293760,126615552,14680064,0.494025,99.5032,0,822083584,0,836558848,52428800,703889408,651165696,0,111902720,0,2,3.69808,0,0,0,1,1,3,13.3972,100,85.6248,1024,19600,448,0,48
conv,6117,1048576,256,32,8,1,2,8,1,1,1,32,8,7,16428617,16749002,2,42782456,18874377,3,73170944,80.4145,1,66.9085,4128768,2293760,126615552,14680064,0.494283,99.913,0,822083584,0,836558848,52428800,711229440,661651456,0,112459776,0,2,3.71238,0,0,0,1,1,3,13.1284,100,85.696,1024,19880,448,0,56
conv,1232,1048576,256,32,8,1,2,8,1,7,0,32,8,5,2112431,2068506,2,7913752,4194313,2,9863168,0,2,72.0553,3670016,2293760,0,0,0.488425,99.2109,0,822083584,0,320413696,1048576,168067072,103809024,0,60981248,0,4,18.7809,0,0,0,1,1,2,39.4796,100,72.5337,1024,19600,0,0,64
conv,1210,1048576,256,32,8,1,2,8,1,7,1,32,8,5,2113987,2068506,2,7913520,4194313,2,9863168,0,2,66.9085,4128768,2293760,0,0,0.489725,100.235,0,822083584,0,320413696,1048576,175407104,121634816,0,61767680,0,4,19.1291,0,0,0,1,2,2,40.093,100,72.8834,1024,19880,0,0,64
conv,7655,1048576,256,32,8,1,2,8,2,1,0,32,8,6,16700505,16747982,2,42005176,16777225,2,73170944,83.0411,1,72.0553,3670016,2293760,126615552,14680064,0.491406,99.9657,0,822083584,0,848379904,52428800,695500800,659554304,0,112492544,0,1,2.97832,0,0,0,1,1,3,10.6677,100,85.5042,1024,19600,448,0,40
conv,7011,1048576,256,32,8,1,2,8,2,1,1,32,8,6,16288152,16746842,2,41610104,16777225,2,73170944,82.9319,1,66.9085,4128768,2293760,126615552,14680064,0.492706,99.477,0,822083584,0,848379904,52428800,702840832,665845760,0,112918528,0,1,3.22415,0,0,0,1,1,3,12.0142,100,85.5589,1024,19880,448,0,44
conv,1200,1048576,256,32,8,1,2,8,2,7,0,32,8,5,2132041,2064518,2,7913520,2097161,2,9863168,0,2,72.0553,3670016,2293760,0,0,0.489428,99.6514,0,822083584,0,333914112,1048576,159678464,110100480,0,61308928,0,4,19.2201,0,0,0,1,2,2,40.0274,100,72.7272,1024,19600,0,0,64
conv,1215,1048576,256,32,8,1,2,8,2,7,1,32,8,5,2137375,2064402,2,7913752,2097161,2,9863168,0,2,66.9085,4128768,2293760,0,0,0.490522,99.7179,0,822083584,0,334045184,1048576,167018496,113246208,0,61669376,0,4,19.0874,0,0,0,1,2,2,40.2374,100,72.8401,1024,19880,0,0,63
conv,19663,4194304,256,32,8,1,4,1,1,1,0,32,8,9,89580501,38789582,2,125536524,45088777,2,133496832,81.6913,1,43.3211,18350080,5046272,205520896,36700160,0.874457,100.003,0,822083584,0,2467987456,205520896,1403650048,197132288,0,185466880,0,1,1.1398,0,0,0,1,1,2,6.59494,100,85.8707,1024,7504,280,0,31
conv,20190,4194304,256,32,8,1,4,1,1,1,1,32,8,8,89899847,38790022,2,125512424,45088777,2,133496832,81.592,1,24.2788,36700160,5046272,205520896,36700160,0.88413,100.137,0,822083584,0,2467987456,205520896,1550450688,197132288,0,190054400,0,1,1.13841,0,0,0,1,1,2,6.79264,100,86.2117,1024,7560,280,0,31
conv,4567,4194304,256,32,8,1,4,1,1,7,0,32,8,2,2103315,2068506,2,22937648,8388617,2,30736384,0,2,43.3211,18350080,5046272,0,0,0.589883,99.9873,0,822083584,0,289406976,4194304,434765824,209715200,0,62390272,0,1,4.97763,0,0,0,1,1,2,9.67779,100,88.1631,1024,7504,0,0,48
conv,4570,4194304,256,32,8,1,4,1,1,7,1,32,8,2,2103315,2068506,2,22937648,8388617,2,30736384,0,4,24.2788,36700160,5046272,0,0,0.704746,99.9004,0,822083584,0,289406976,4194304,581566464,243269632,0,68026368,0,1,4.96699,0,0,0,1,1,2,9.99528,100,89.1438,1024,7560,0,0,40
conv,19857,4194304,256,32,8,1,4,1,2,1,0,32,8,9,89871731,38789402,2,125394932,40894473,2,133496832,83.6013,1,43.3211,18350080,5046272,205520896,36700160,0.874251,99.4755,0,822083584,0,2490007552,205520896,1395261440,184549376,0,185335808,0,1,1.1392,0,0,0,1,1,2,6.88923,100,85.9491,1024,7504,280,0,32
conv,20128,4194304,256,32,8,1,4,1,2,1,1,32,8,9,90610587,38789286,2,125402076,40894473,2,133496832,83.6367,1,24.2788,36700160,5046272,205520896,36700160,0.88552,99.7934,0,822083584,0,2490007552,205520896,1542062080,184549376,0,189923328,0,1,1.13449,0,0,0,1,1,2,7.04771,100,86.2885,1024,7560,280,0,31
conv,4442,4194304,256,32,8,1,4,1,2,7,0,32,8,2,2103315,2068506,2,22937648,4194313,2,30736384,0,2,43.3211,18350080,5046272,0,0,0.604375,99.9283,0,822083584,0,310378496,4194304,426377216,192937984,0,62259200,0,1,5.11114,0,0,0,1,1,2,9.73448,100,88.1382,1024,7504,0,0,44
conv,4443,4194304,256,32,8,1,4,1,2,7,1,32,8,2,2103315,2068490,2,22937648,4194313,2,30736384,0,4,24.2788,36700160,5046272,0,0,0.715591,99.8692,0,822083584,0,310378496,4194304,573177856,247463936,0,68550656,0,1,5.11247,0,0,0,1,1,2,10.3696,100,89.2268,1024,7560,0,0,40
conv,19757,4194304,256,32,8,1,4,1,4,1,0,32,8,9,89308593,38789151,2,125317448,38797321,2,133496832,84.7032,1,43.3211,18350080,5046272,205520896,36700160,0.874551,99.8154,0,822083584,0,2494201856,205520896,1391067136,205520896,0,185991168,0,1,1.1443,0,0,0,1,1,2,6.66843,100,85.9986,1024,7504,280,0,32
conv,19921,4194304,256,32,8,1,4,1,4,1,1,32,8,9,89848241,38789642,2,125326928,38797321,2,133496832,84.7098,1,24.2788,36700160,5046272,205520896,36700160,0.884858,100.718,0,822083584,0,2494201856,205520896,1537867776,205520896,0,190578688,0,1,1.14132,0,0,0,1,1,2,6.80534,100,86.3356,1024,7560,280,0,32
conv,4427,4194304,256,32,8,1,4,1,4,7,0,32,8,2,2103771,2064506,1,22938256,2097161,2,30736384,0,2,43.3211,18350080,5046272,0,0,0.603037,99.9478,0,822083584,0,318767104,4194304,422182912,192937984,0,62390272,0,1,5.12628,0,0,0,1,1,2,9.86598,100,88.1631,1024,7504,0,0,43
conv,4426,4194304,256,32,8,1,4,1,4,7,1,32,8,2,2103315,2064430,1,22937648,2097161,2,30736384,0,4,24.2788,36700160,5046272,0,0,0.721378,99.8797,0,822083584,0,318767104,4194304,568983552,247463936,0,68681728,0,1,5.12849,0,0,0,1,1,2,10.3487,100,89.2474,1024,7560,0,0,40
conv,12933,2097152,256,32,8,1,4,2,1,1,0,32,8,8,58255839,23056802,2,91264924,29360137,2,108298240,79.6098,1,58.4764,6291456,3964928,182976512,20971520,0.953999,99.6588,0,822083584,0,1021296640,104857600,994115584,247463936,0,118620160,0,1,1.75363,0,0,0,1,1,2,6.00656,100,84.0344,1024,11792,320,0,32
conv,11983,2097152,256,32,8,1,4,2,1,1,1,32,8,8,50779520,23056682,2,76848456,29360137,2,108298240,76.8917,1,38.6958,11534336,3964928,182976512,20971520,0.605725,99.7082,0,822083584,0,1021296640,104857600,1036058624,369098752,0,123731968,0,1,1.88981,0,0,0,1,1,2,6.68734,100,84.694,1024,11880,320,0,43
conv,2465,2097152,256,32,8,1,4,2,1,7,0,32,8,3,2103315,2068506,2,16187440,8388617,2,16809984,0,2,58.4764,6291456,3964928,0,0,0.47141,99.9928,0,822083584,0,249856000,2097152,220266496,165675008,0,55574528,0,2,9.2545,0,0,0,1,1,2,17.189,100,82.0957,1024,11792,0,0,64
conv,2452,2097152,256,32,8,1,4,2,1,7,1,32,8,3,2103319,2068506,2,16187440,8388617,2,16809984,0,3,38.6958,11534336,3964928,0,0,0.474213,99.8408,0,822083584,0,249331712,2097152,262209536,161480704,0,56688640,0,2,9.28586,0,0,0,1,1,2,17.0362,100,82.5343,1024,11880,0,0,54
conv,12877,2097152,256,32,8,1,4,2,2,1,0,32,8,8,58165791,23056998,2,91501644,25165833,2,108298240,82.4388,1,58.4764,6291456,3964928,182976512,20971520,0.954276,100.329,0,822083584,0,1039908864,104857600,985726976,251658240,0,119013376,0,1,1.7626,0,0,0,1,1,2,6.02387,100,84.1354,1024,11792,320,0,32
conv,11976,2097152,256,32,8,1,4,2,2,1,1,32,8,8,50726247,23055118,2,76836024,25165833,2,108298240,80.0538,1,38.6958,11534336,3964928,182976512,20971520,0.606015,99.6906,0,822083584,0,1040171008,104857600,1027670016,377487360,0,124321792,0,1,1.89345,0,0,0,1,1,2,6.7644,100,84.7667,1024,11880,320,0,44
conv,2346,2097152,256,32,8,1,4,2,2,7,0,32,8,3,2103315,2068486,2,16187440,4194313,2,16809984,0,2,58.4764,6291456,3964928,0,0,0.478303,99.9783,0,822083584,0,268730368,2097152,211877888,165675008,0,55902208,0,2,9.73586,0,0,0,1,1,2,17.9615,100,82.2007,1024,11792,0,0,64
conv,2351,2097152,256,32,8,1,4,2,2,7,1,32,8,3,2103315,2068454,2,16187440,4194313,2,16809984,0,3,38.6958,11534336,3964928,0,0,0.483419,99.8846,0,822083584,0,268206080,2097152,253820928,155189248,0,56819712,0,2,9.69785,0,0,0,1,1,2,17.9576,100,82.5746,1024,11880,0,0,54
conv,12878,2097152,256,32,8,1,4,2,4,1,0,32,8,8,58377338,23056754,2,91365304,23068809,2,108298240,84.0707,1,58.4764,6291456,3964928,182976512,20971520,0.956693,99.2188,0,822083584,0,1044103168,104857600,981532672,245366784,0,118816768,0,1,1.75326,0,0,0,1,1,2,6.05448,100,84.1091,1024,11792,320,0,32
conv,11963,2097152,256,32,8,1,4,2,4,1,1,32,8,8,50540126,23055846,2,76789884,23068681,2,108298240,81.6935,1,38.6958,11534336,3964928,182976512,20971520,0.605561,99.9003,0,822083584,0,1044103168,104857600,1023475712,377487360,0,124256256,0,1,1.89989,0,0,0,1,1,2,6.7489,100,84.8048,1024,11880,320,0,44
conv,2322,2097152,256,32,8,1,4,2,4,7,0,32,8,3,2103607,2064406,2,16187736,2097161,2,16809984,0,2,58.4764,6291456,3964928,0,0,0.479731,99.866,0,822083584,0,272924672,2097152,207683584,161480704,0,55771136,0,2,9.81718,0,0,0,1,1,2,18.2071,100,82.1589,1024,11792,0,0,64
conv,2335,2097152,256,32,8,1,4,2,4,7,1,32,8,3,2103419,2064402,2,16187456,2097161,2,16809984,0,3,38.6958,11534336,3964928,0,0,0.601814,99.8602,0,822083584,0,272924672,2097152,249626624,140509184,0,56426496,0,2,9.75357,0,0,0,1,1,2,17.6168,100,82.3661,1024,11880,0,0,48
conv,8086,1048576,256,32,8,1,4,4,1,1,0,32,8,7,27518685,15176343,2,70211152,21495817,3,95698944,76.8875,1,53.4034,3932160,3424256,171704320,13107200,0.492926,99.8423,0,822083584,0,766853120,56623104,855408640,285212672,0,100544512,0,1,2.80122,0,0,0,1,1,3,8.88762,99.9053,86.5966,1024,20368,400,0,32
conv,7699,1048576,256,32,8,1,4,4,1,1,1,32,8,7,27830605,15175950,3,74231512,21495817,3,95698944,78.0296,1,52.385,4325376,3424256,171704320,13107200,0.492623,100.143,0,822083584,0,766722048,56623104,858554368,380633088,0,103591936,0,1,2.95727,0,0,0,1,1,3,9.12097,99.9081,87.0186,1024,20520,400,0,48
conv,1671,1048576,256,32,8,1,4,4,1,7,0,32,8,4,2136643,2068526,3,12812336,8388617,2,9846784,0,2,53.4034,3932160,3424256,0,0,0.367345,99.6506,0,822083584,0,215056384,5242880,142376960,98566144,0,56012800,0,3,13.6764,0,0,0,1,1,2,27.2811,99.83,71.5978,768,20368,0,0,80
conv,1671,1048576,256,32,8,1,4,4,1,7,1,32,8,4,2144579,2068558,3,12812472,8388617,2,9846784,0,2,52.385,4325376,3424256,0,0,0.368169,99.6621,0,822083584,0,215318528,5242880,145522688,96468992,0,56111104,0,3,13.6956,0,0,0,1,1,2,27.2112,99.8303,71.5454,768,20520,0,0,80
conv,7898,1048576,256,32,8,1,4,4,2,1,0,32,8,7,26924176,15175934,2,69835552,17301513,3,95698944,80.5001,1,53.4034,3932160,3424256,171704320,13107200,0.494497,99.7599,0,822083584,0,615858176,56623104,847020032,287309824,0,95629312,0,1,2.88003,0,0,0,1,1,3,7.71647,99.9004,85.9077,1024,20368,400,0,32
conv,7816,1048576,256,32,8,1,4,4,2,1,1,32,8,7,27793764,15176074,2,72188080,17301513,3,95698944,81.0573,1,52.385,4325376,3424256,171704320,13107200,0.49413,99.6914,0,822083584,0,615727104,56623104,850165760,331350016,0,97071104,0,1,2.90186,0,0,0,1,1,3,7.91007,99.9019,86.1466,1024,20520,400,0,48
conv,1498,1048576,256,32,8,1,4,4,2,7,0,32,8,4,2138860,2068570,2,12812336,4194313,2,9846784,0,2,53.4034,3932160,3424256,0,0,0.368082,100.019,0,822083584,0,222789632,5242880,133988352,99614720,0,56111104,0,3,15.2576,0,0,0,1,1,2,29.9923,99.8303,71.4943,768,20368,0,0,80
conv,1497,1048576,256,32,8,1,4,4,2,7,1,32,8,4,2143156,2068506,2,12812336,4194313,2,9846784,0,2,52.385,4325376,3424256,0,0,0.367751,99.8433,0,822083584,0,222789632,5242880,137134080,100663296,0,56242176,0,3,15.443,0,0,0,1,1,2,30.5482,99.8307,71.5607,896,20520,0,0,72
conv,8054,1048576,256,32,8,1,4,4,4,1,0,32,8,7,28403397,15173806,2,66055260,15204361,3,95698944,81.6175,1,53.4034,3932160,3424256,171704320,13107200,0.492605,100.335,0,822083584,0,619921408,56623104,842825728,329252864,0,96907264,0,1,2.81622,0,0,0,1,1,3,7.60962,99.9017,86.1231,1024,20368,400,0,40
conv,8053,1048576,256,32,8,1,4,4,4,1,1,32,8,7,27599880,15174606,2,73663356,15204361,3,95698944,83.1436,1,52.385,4325376,3424256,171704320,13107200,0.49278,100.643,0,822083584,0,619921408,56623104,845971456,342884352,0,97431552,0,1,2.81889,0,0,0,1,1,3,7.52565,99.9023,86.1978,1024,20520,400,0,48
conv,1467,1048576,256,32,8,1,4,4,4,7,0,32,8,4,2139488,2065218,2,12812568,2097161,2,9846784,0,2,53.4034,3932160,3424256,0,0,0.3686,99.4723,0,822083584,0,226852864,5242880,129794048,94371840,0,55914496,0,3,15.6668,0,0,0,1,1,2,31.3879,99.8297,71.4453,768,20368,0,0,80
conv,1474,1048576,256,32,8,1,4,4,4,7,1,32,8,4,2140863,2065258,2,12812624,2097161,2,9846784,0,2,52.385,4325376,3424256,0,0,0.3689,99.8898,0,822083584,0,226983936,5242880,132939776,92274688,0,55980032,0,3,15.5624,0,0,0,1,1,2,31.0683,99.8299,71.4275,896,20520,0,0,72
conv,6397,524288,256,32,8,1,4,8,1,1,0,32,8,5,10258130,11243710,2,54448668,17563657,3,89399296,72.5288,1,47.5008,3145728,3153920,166068224,9175040,0.244657,99.5039,0,822083584,0,482344960,36700160,800735232,298319872,0,84707328,0,1,3.57063,0,0,0,1,1,3,9.54398,99.7189,90.0226,1024,37520,560,0,64
conv,6348,524288,256,32,8,1,4,8,1,1,1,32,8,5,10098614,11243745,2,56992456,17563657,3,89399296,73.429,1,45.811,3342336,3153920,166068224,9175040,0.245424,100.028,0,822083584,0,482344960,36700160,802308096,337641472,0,85985280,0,1,3.57328,0,0,0,1,1,3,9.33699,99.7231,90.1709,896,37800,560,0,67
conv,2031,524288,256,32,8,1,4,8,1,7,0,32,8,3,2153755,2074299,2,11182064,8388665,1,6365184,0,2,48.9988,2752512,3153920,0,0,0.247135,99.7698,0,822083584,0,223363072,11010048,103432192,54525952,0,50644992,0,2,11.2471,0,0,0,1,1,1,20.4483,99.5299,74.9343,512,37520,0,0,128
conv,2022,524288,256,32,8,1,4,8,1,7,1,32,8,3,2159444,2073036,2,11188120,8388617,1,6365184,0,2,48.5101,3014656,3153920,0,0,0.24697,99.5638,0,822083584,0,223363072,11010048,105529344,51904512,0,50628608,0,2,11.2733,0,0,0,1,1,1,20.5097,99.5298,74.9262,512,37800,0,0,128
conv,6052,524288,256,32,8,1,4,8,2,1,0,32,8,5,10596448,11243934,2,57319764,13369353,3,89399296,78.437,1,47.5008,3145728,3153920,166068224,9175040,0.245962,97.1769,0,822083584,0,498073600,36700160,792346624,453509120,0,89786368,0,1,3.69824,0,0,0,1,1,3,10.8718,99.7348,90.587,1024,37520,560,0,64
conv,6228,524288,256,32,8,1,4,8,2,1,1,32,8,5,10403109,11243546,2,58949200,13369353,3,89399296,78.1626,1,45.811,3342336,3153920,166068224,9175040,0.245991,97.9892,0,822083584,0,498073600,36700160,793919488,492830720,0,91064320,0,1,3.64026,0,0,0,1,1,3,10.5628,99.7386,90.7191,896,37800,560,0,67
conv,1745,524288,256,32,8,1,4,8,2,7,0,32,8,4,2152956,2068542,2,11198920,4194313,1,6365184,0,2,48.9988,2752512,3153920,0,0,0.247096,99.6349,0,822083584,0,232341504,11010048,95043584,57147392,0,50644992,0,2,13.1747,0,0,0,1,1,1,24.0022,99.5299,75.1324,512,37520,0,0,126
conv,1787,524288,256,32,8,1,4,8,2,7,1,32,8,3,2159204,2068734,2,11162432,4194313,1,6365184,0,2,48.5101,3014656,3153920,0,0,0.246567,99.8794,0,822083584,0,232407040,11010048,97140736,52953088,0,50595840,0,2,12.6698,0,0,0,1,1,1,23.1552,99.5294,75.0799,512,37800,0,0,111
conv,5914,524288,256,32,8,1,4,8,4,1,0,32,8,5,10640399,11239786,2,56961968,11272201,3,89399296,80.513,1,47.5008,3145728,3153920,166068224,9175040,0.246375,98.4719,0,822083584,0,502267904,36700160,788152320,403177472,0,88213504,0,1,3.83905,0,0,0,1,1,4,11.3957,99.7301,90.4192,896,37520,560,0,68
conv,6274,524288,256,32,8,1,4,8,4,1,1,32,8,5,10046892,11240754,2,55985312,11272201,3,89399296,79.7408,1,45.811,3342336,3153920,166068224,9175040,0.246416,101.731,0,822083584,0,502267904,36700160,789725184,466092032,0,90228736,0,1,3.68301,0,0,0,1,1,3,10.6332,99.7361,90.6332,896,37800,560,0,72
conv,1675,524288,256,32,8,1,4,8,4,7,0,32,8,4,2149894,2064574,2,11187400,2097161,1,6365184,0,2,48.9988,2752512,3153920,0,0,0.247939,98.6816,0,822083584,0,236470272,11010048,90849280,54001664,0,50530304,0,3,13.6306,0,0,0,1,1,1,25.1784,99.5288,75.1044,512,37520,0,0,127
conv,1782,524288,256,32,8,1,4,8,4,7,1,32,8,3,2156133,2064678,2,11163128,2097161,1,6365184,0,2,48.5101,3014656,3153920,0,0,0.247714,95.9284,0,822083584,0,236601344,11010048,92946432,54525952,0,50644992,0,2,12.6882,0,0,0,1,1,1,24.3463,99.5299,75.1041,512,37800,0,0,111
conv,17863,2097152,256,32,8,1,8,1,1,1,0,32,8,9,86664605,27779210,2,135989892,42467337,2,119963648,71.9627,1,21.8325,25690112,8028160,205520896,25690112,0.618212,99.6098,0,822083584,0,1333608448,102760448,1209335808,157286400,0,138870784,0,1,1.26564,0,0,0,1,1,2,5.8964,100,81.5748,1024,14672,392,0,32
conv,18622,2097152,256,32,8,1,8,1,1,1,1,32,8,8,90167998,27777658,2,135974856,42467337,2,119963648,71.9646,2,12.3914,51380224,8028160,205520896,25690112,0.648065,101.379,0,822083584,0,1333608448,102760448,1312096256,157286400,0,142082048,0,1,1.22811,0,0,0,1,1,2,5.78242,100,81.9913,1024,14728,392,0,32
conv,2739,2097152,256,32,8,1,8,1,1,7,0,32,8,2,2103315,2068506,4,33259568,16777225,2,17203200,0,5,21.8325,25690112,8028160,0,0,0.352519,99.8328,0,822083584,0,228687872,2097152,284491776,161480704,0,62259200,0,2,8.30537,0,0,0,1,1,2,17.382,100,75.2319,768,14672,0,0,80
conv,3012,2097152,256,32,8,1,8,1,1,7,1,32,8,2,2103315,2068522,3,33259616,16777225,2,17203200,0,8,12.3914,51380224,8028160,0,0,0.467644,99.6216,0,822083584,0,229474304,2097152,387252224,161480704,0,65536000,0,2,7.57285,0,0,0,1,1,2,16.1351,100,76.4078,1024,14728,0,0,64
conv,17459,2097152,256,32,8,1,8,1,2,1,0,32,8,9,84852811,27777982,2,135983088,34078729,2,119963648,75.4721,1,21.8325,25690112,8028160,205520896,25690112,0.619157,99.7437,0,822083584,0,1345404928,102760448,1200947200,146800640,0,138608640,0,1,1.2852,0,0,0,1,1,2,5.9795,100,81.5695,1024,14672,392,0,32
conv,17808,2097152,256,32,8,1,8,1,2,1,1,32,8,8,86024651,27774282,2,135969392,34078729,2,119963648,75.5078,2,12.3914,51380224,8028160,205520896,25690112,0.623107,100.183,0,822083584,0,1345404928,102760448,1303707648,146800640,0,141819904,0,1,1.26748,0,0,0,1,1,2,6.03584,100,81.9868,1024,14728,392,0,32
conv,2592,2097152,256,32,8,1,8,1,2,7,0,32,8,3,2103315,2068506,3,33259584,8388617,2,17203200,0,5,21.8325,25690112,8028160,0,0,0.359932,99.8757,0,822083584,0,242057216,2097152,276103168,150994944,0,62128128,0,2,8.79839,0,0,0,1,1,2,18.2263,100,75.1137,768,14672,0,0,78
conv,2662,2097152,256,32,8,1,8,1,2,7,1,32,8,2,2103315,2068506,3,33259568,8388665,2,17203200,0,8,12.3914,51380224,8028160,0,0,0.475625,99.0717,0,822083584,0,242057216,2097152,378863616,161480704,0,65667072,0,2,8.54011,0,0,0,1,1,2,18.3405,100,76.4549,1024,14728,0,0,64
conv,17683,2097152,256,32,8,1,8,1,4,1,0,32,8,8,83442575,27775058,2,135962524,29884425,2,119963648,77.4269,1,21.8325,25690112,8028160,205520896,25690112,0.613165,100.683,0,822083584,0,1347502080,102760448,1196752896,155189248,0,138805248,0,1,1.30119,0,0,0,1,1,2,6.00399,100,81.5956,1024,14672,392,0,32
conv,18630,2097152,256,32,8,1,8,1,4,1,1,32,8,8,85246409,27778498,2,135945636,29884425,2,119963648,77.4217,2,12.3914,51380224,8028160,205520896,25690112,0.61962,100.98,0,822083584,0,1347502080,102760448,1299513344,155189248,0,142016512,0,1,1.28136,0,0,0,1,1,2,6.06344,100,82.0118,1024,14728,392,0,32
conv,2751,2097152,256,32,8,1,8,1,4,7,0,32,8,2,2103315,2068478,3,33259832,4194313,2,17203200,0,5,21.8325,25690112,8028160,0,0,0.362877,99.198,0,822083584,0,243367936,2097152,271908864,148897792,0,61931520,0,2,8.28613,0,0,0,1,1,2,17.2823,100,75.1009,768,14672,0,0,78
conv,2588,2097152,256,32,8,1,8,1,4,7,1,32,8,3,2103315,2068506,3,33259704,4194313,2,17203200,0,9,12.3914,51380224,8028160,0,0,0.47683,99.918,0,822083584,0,243367936,2097152,374669312,174063616,0,65929216,0,2,8.89289,0,0,0,1,1,2,19.141,100,76.6106,1024,14728,0,0,64
conv,12734,1048576,256,32,8,1,8,2,1,1,0,32,8,8,59485495,16761710,2,113456344,31457289,2,106971136,71.1344,1,29.9923,8388608,6307840,194248704,14680064,0.489074,99.3831,0,822083584,0,757415936,52428800,956334080,74448896,0,96305152,0,1,1.77987,0,0,0,1,1,2,5.1311,100,86.4022,1024,23056,448,0,32
conv,12607,1048576,256,32,8,1,8,2,1,1,1,32,8,8,58996200,16757443,2,97786808,31457289,2,106971136,67.4569,1,20.0023,15728640,6307840,194248704,14680064,0.489,100.341,0,822083584,0,757415936,52428800,985694208,139460608,0,99254272,0,1,1.79902,0,0,0,1,1,2,5.21454,100,86.8062,1024,23144,448,0,47
conv,2528,1048576,256,32,8,1,8,2,1,7,0,32,8,3,2103339,2068534,3,25215056,16777353,1,9846784,0,3,29.9923,8388608,6307840,0,0,0.240552,99.5159,0,822083584,0,206651392,1048576,149979136,56623104,0,51281920,0,2,9.07043,0,0,0,1,1,1,16.358,100,75.3425,640,23056,0,0,96
conv,2260,1048576,256,32,8,1,8,2,1,7,1,32,8,3,2103607,2068506,4,25215024,16777225,1,9846784,0,4,20.0023,15728640,6307840,0,0,0.353347,99.9136,0,822083584,0,206913536,1048576,179339264,61865984,0,52396032,0,2,10.1106,0,0,0,1,1,1,18.1226,100,75.8198,768,23144,0,0,80
conv,12529,1048576,256,32,8,1,8,2,2,1,0,32,8,8,58460845,16763258,2,107916472,23068681,2,106971136,74.4444,1,29.9923,8388608,6307840,194248704,14680064,0.489992,99.8881,0,822083584,0,609566720,52428800,947945472,120586240,0,92864512,0,1,1.81389,0,0,0,1,1,2,4.40136,100,85.8984,1024,23056,448,0,32
conv,12165,1048576,256,32,8,1,8,2,2,1,1,32,8,8,57969730,16762658,2,100649904,23068681,2,106971136,72.7958,1,20.0023,15728640,6307840,194248704,14680064,0.488187,99.6006,0,822083584,0,609566720,52428800,977305600,199229440,0,96239616,0,1,1.87215,0,0,0,1,1,2,4.76669,100,86.3929,1024,23144,448,0,48
conv,2143,1048576,256,32,8,1,8,2,2,7,0,32,8,3,2103315,2068506,3,25215504,8388617,1,9846784,0,3,29.9923,8388608,6307840,0,0,0.241362,99.7855,0,822083584,0,216350720,1048576,141590528,60817408,0,51478528,0,2,10.7122,0,0,0,1,1,1,19.2529,100,75.3889,640,23056,0,0,96
conv,2248,1048576,256,32,8,1,8,2,2,7,1,32,8,3,2103315,2068534,3,25215024,8388617,1,9846784,0,4,20.0023,15728640,6307840,0,0,0.239018,99.611,0,822083584,0,216350720,1048576,170950656,60817408,0,52396032,0,2,10.1448,0,0,0,1,1,1,18.4082,100,75.8198,640,23144,0,0,90
conv,12443,1048576,256,32,8,1,8,2,4,1,0,32,8,8,58146904,16762138,2,98789880,18874377,2,106971136,74.8957,1,29.9923,8388608,6307840,194248704,14680064,0.49014,100.171,0,822083584,0,611663872,52428800,943751168,120586240,0,92798976,0,1,1.82798,0,0,0,1,1,2,4.41594,100,85.8884,1024,23056,448,0,32
conv,12423,1048576,256,32,8,1,8,2,4,1,1,32,8,8,58387413,16763134,2,99708012,18874377,2,106971136,75.3398,1,20.0023,15728640,6307840,194248704,14680064,0.489679,100.196,0,822083584,0,611663872,52428800,973111296,217055232,0,96731136,0,1,1.8375,0,0,0,1,1,2,4.60155,100,86.462,1024,23144,448,0,46
conv,1985,1048576,256,32,8,1,8,2,4,7,0,32,8,3,2103331,2068530,3,25215040,4194313,1,9846784,0,3,29.9923,8388608,6307840,0,0,0.244102,100.024,0,822083584,0,218447872,1048576,137396224,57671680,0,51314688,0,2,11.5713,0,0,0,1,1,2,20.7916,100,75.3103,512,23056,0,0,108
conv,1746,1048576,256,32,8,1,8,2,4,7,1,32,8,3,2104519,2068506,3,25215024,4194313,2,9846784,0,5,20.0023,15728640,6307840,0,0,0.365713,98.7807,0,822083584,0,218185728,1048576,166756352,62914560,0,52363264,0,2,13.0545,0,0,0,1,1,2,23.8699,100,75.8517,768,23144,0,0,80
conv,10317,524288,256,32,8,1,8,4,1,1,0,32,8,5,26760948,11244478,2,82246428,25952265,2,100474880,64.6255,1,26.7189,5767168,5447680,188612608,9175040,0.244497,99.1117,0,822083584,0,454033408,36700160,890126336,143654912,0,80934912,0,1,2.18304,0,0,0,1,1,2,4.74965,99.8235,90.6052,1024,39824,560,0,48
conv,10467,524288,256,32,8,1,8,4,1,1,1,32,8,5,26824314,11243574,2,77519824,25952265,2,100474880,63.2394,1,25.6651,6291456,5447680,188612608,9175040,0.244915,99.2513,0,822083584,0,454033408,36700160,892223488,181403648,0,82180096,0,1,2.16603,0,0,0,1,1,2,4.9815,99.8262,90.7475,896,39976,560,0,72
conv,2199,524288,256,32,8,1,8,4,1,7,0,32,8,3,2122963,2082658,3,21205696,16777225,1,6168576,0,2,27.4162,5242880,5447680,0,0,0.245078,99.964,0,822083584,0,182099968,11010048,104742912,64487424,0,49674240,0,2,10.4268,0,0,0,1,1,1,18.4663,99.7124,74.512,512,39824,0,0,120
conv,2189,524288,256,32,8,1,8,4,1,7,1,32,8,3,2119018,2080262,3,21219304,16777225,1,6168576,0,2,27.0348,5636096,5447680,0,0,0.246422,100.584,0,822083584,0,182099968,11010048,106315776,61341696,0,49625088,0,2,10.4469,0,0,0,1,1,1,18.4012,99.7121,74.4867,512,39976,0,0,128
conv,10335,524288,256,32,8,1,8,4,2,1,0,32,8,5,27057103,11243766,2,82831404,17563657,2,100474880,70.1014,1,26.7189,5767168,5447680,188612608,9175040,0.245124,100.157,0,822083584,0,463470592,36700160,881737728,170393600,0,81803264,0,1,2.18206,0,0,0,1,1,2,4.77003,99.8254,90.7049,1024,39824,560,0,48
conv,10640,524288,256,32,8,1,8,4,2,1,1,32,8,5,27020016,11244334,2,84908692,17563657,2,100474880,71.2726,1,25.6651,6291456,5447680,188612608,9175040,0.245871,99.4407,0,822083584,0,463470592,36700160,883834880,182452224,0,82245632,0,1,2.14152,0,0,0,1,1,2,4.65361,99.8263,90.7549,896,39976,560,0,72
conv,1887,524288,256,32,8,1,8,4,2,7,0,32,8,3,2124473,2068506,3,21209408,8388617,1,6168576,0,3,27.4162,5242880,5447680,0,0,0.244684,101.69,0,822083584,0,185704448,11010048,96354304,60817408,0,49395712,0,2,12.2981,0,0,0,1,1,1,21.2792,99.7108,74.3973,512,39824,0,0,120
conv,1851,524288,256,32,8,1,8,4,2,7,1,32,8,3,2126790,2068506,3,21194080,8388617,1,6168576,0,3,27.0348,5636096,5447680,0,0,0.24476,99.0115,0,822083584,0,185769984,11010048,97927168,59768832,0,49428480,0,2,12.245,0,0,0,1,1,1,21.9026,99.711,74.3852,512,39976,0,0,128
conv,10208,524288,256,32,8,1,8,4,4,1,0,32,8,5,27209381,11243862,2,78198688,13369353,2,100474880,72.3516,1,26.7189,5767168,5447680,188612608,9175040,0.245677,100.196,0,822083584,0,465567744,36700160,877543424,144703488,0,80934912,0,1,2.23213,0,0,0,1,1,2,5.07372,99.8235,90.6052,1024,39824,560,0,57
conv,10101,524288,256,32,8,1,8,4,4,1,1,32,8,5,27105107,11245870,2,79665252,13369353,2,100474880,72.899,1,25.6651,6291456,5447680,188612608,9175040,0.245034,98.7802,0,822083584,0,465567744,36700160,879640576,182452224,0,82180096,0,1,2.2521,0,0,0,1,1,2,5.19978,99.8262,90.7475,896,39976,560,0,72
conv,1709,524288,256,32,8,1,8,4,4,7,0,32,8,4,2137086,2068506,3,21193992,4194313,1,6168576,0,3,27.4162,5242880,5447680,0,0,0.246315,99.9685,0,822083584,0,187867136,11010048,92160000,63438848,0,49428480,0,2,13.4844,0,0,0,1,1,1,23.8542,99.711,74.3852,512,39824,0,0,118
conv,1782,524288,256,32,8,1,8,4,4,7,1,32,8,3,2173543,2068506,3,21214432,4194313,1,6168576,0,3,27.0348,5636096,5447680,0,0,0.246325,97.2199,0,822083584,0,187867136,11010048,93732864,65536000,0,49543168,0,2,12.8587,0,0,0,1,1,1,23.4411,99.7117,74.4445,512,39976,0,0,125
conv,41044,34865152,532,32,8,2,1,1,1,1,0,38,14,7,104436381,124114113,2,159187744,124518409,2,248446976,86.0245,1,80.5966,32112640,1114112,218365952,122028032,0.769646,100.143,0,822083584,0,9266528256,909901824,3409707008,569376768,0,583401472,0,2,0.658561,0,0,0,1,1,2,14.0106,81.2233,80.2278,1024,2128,200,0,32
conv,40918,34865152,532,32,8,2,1,1,1,1,1,38,14,7,104170327,124113439,2,159188912,124518409,2,248446976,86.0245,1,53.415,48168960,1966080,218365952,122028032,0.766065,100.056,0,822083584,0,9266528256,909901824,3409707008,569376768,0,583401472,0,1,0.55342,0,0,0,1,1,2,11.7842,81.2233,80.2278,1024,2184,200,0,32
conv,20312,34865152,532,32,8,2,1,1,1,7,0,38,14,1,2103315,2068622,1,37158960,2490377,2,126418944,0,1,80.5966,32112640,1114112,0,0,0.472201,99.9763,0,822083584,0,658505728,104595456,1765539840,921698304,0,160235520,0,1,1.11266,0,0,0,1,1,2,5.53991,84.3303,83.3231,1024,2128,0,0,31
conv,20314,34865152,532,32,8,2,1,1,1,7,1,38,14,1,2104107,2068622,1,37160200,2490377,2,126418944,0,1,53.415,48168960,1966080,0,0,0.473535,99.9766,0,822083584,0,658505728,104595456,1765539840,921698304,0,160235520,0,1,1.11248,0,0,0,1,1,2,5.53903,84.3303,83.3231,1024,2184,0,0,31
conv,28979,13697024,418,32,8,2,1,2,1,1,0,38,11,6,59991892,71815696,1,89195144,72220681,1,132972544,85.6273,1,53.3925,27525120,1572864,122552320,69730304,0.611437,99.8813,0,822083584,0,3618439168,452132864,1544880128,320667648,0,265224192,0,1,0.778212,0,0,0,1,1,2,6.97506,81.1736,79.6284,1024,3344,224,0,40
conv,29119,13697024,418,32,8,2,1,2,1,1,1,38,11,6,59344519,71814531,1,89194552,72220681,1,132972544,85.6273,1,53.3925,27525120,1572864,122552320,69730304,0.612463,100.25,0,822083584,0,3618439168,452132864,1544880128,320667648,0,265224192,0,1,0.784402,0,0,0,1,1,2,7.00471,81.1736,79.6284,1024,3432,224,0,40
conv,10173,13697024,418,32,8,2,1,2,1,7,0,38,11,1,2103563,2068262,1,20709672,2490377,2,64487424,0,2,53.3925,27525120,1572864,0,0,0.633522,100.019,0,822083584,0,478871552,41091072,966066176,429719552,0,104071168,0,1,2.22436,0,0,0,1,1,2,6.62178,82.8735,82.2103,1024,3344,0,0,32
conv,10178,13697024,418,32,8,2,1,2,1,7,1,38,11,1,2103315,2068154,1,20709424,2490425,2,64487424,0,2,53.3925,27525120,1572864,0,0,0.634259,99.9677,0,822083584,0,478871552,41091072,966066176,429719552,0,104071168,0,1,2.2241,0,0,0,1,1,2,6.62438,82.8735,82.2103,1024,3432,0,0,32
conv,16890,6225920,380,32,8,2,1,4,1,1,0,38,10,7,43320106,45674354,2,62150990,46071817,2,102006784,86.6369,1,53.5509,17203200,1310720,122552320,43581440,0.779773,100.134,0,822083584,0,2018050048,261554176,1177616384,624099328,0,190316544,0,1,1.34257,0,0,0,1,1,2,8.52089,81.9688,80.5139,1024,5776,280,0,32
conv,16914,6225920,380,32,8,2,1,4,1,1,1,38,10,7,43339851,45673066,2,62145538,46071817,2,102006784,86.6615,1,53.5509,17203200,1310720,122552320,43581440,0.779991,99.8047,0,822083584,0,2018050048,261554176,1177616384,624099328,0,190316544,0,1,1.34033,0,0,0,1,1,2,8.53475,81.9688,80.5139,1024,5928,280,0,32
conv,5224,6225920,380,32,8,2,1,4,1,7,0,38,10,1,2103427,2068078,1,11960464,2490377,2,33521664,0,2,53.5509,17203200,1310720,0,0,0.833581,99.9203,0,822083584,0,330170368,18677760,569442304,231931904,0,74579968,0,1,4.33996,0,0,0,1,1,2,9.39166,83.5484,82.6422,1024,5776,0,0,32
conv,5221,6225920,380,32,8,2,1,4,1,7,1,38,10,1,2103327,2068026,1,11960368,2490377,2,33521664,0,2,53.5509,17203200,1310720,0,0,0.841337,99.942,0,822083584,0,330170368,18677760,569442304,231931904,0,74579968,0,1,4.33992,0,0,0,1,1,2,9.38965,83.5484,82.6422,1024,5928,0,0,32
conv,10969,2801664,342,32,8,2,1,8,1,1,0,38,9,8,33046956,32601935,2,47032670,32997385,1,59752448,87.3432,1,53.5924,12042240,1212416,74645504,30507008,0.774374,99.8547,0,822083584,0,1176780800,150388736,755220480,761675776,0,141582336,0,1,2.0697,0,0,0,1,1,2,10.2402,82.1099,80.9191,1024,10640,392,0,30
conv,10961,2801664,342,32,8,2,1,8,1,1,1,38,9,8,33053405,32597177,2,47035494,32997385,1,59752448,87.3461,1,53.5924,12042240,1212416,74645504,30507008,0.77499,99.913,0,822083584,0,1176780800,150388736,755220480,761675776,0,141582336,0,1,2.06782,0,0,0,1,1,2,10.2249,82.1099,80.9191,1024,10920,392,0,30
conv,2677,2801664,342,32,8,2,1,8,1,7,0,38,9,2,2213345,2068082,1,7643280,2490377,2,18038784,0,2,53.5924,12042240,1212416,0,0,0.764491,99.8748,0,822083584,0,268713984,8404992,371441664,121716736,0,60350464,0,2,8.51126,0,0,0,1,1,2,15.6463,82.9977,82.4538,1024,10640,0,0,32
conv,2676,2801664,342,32,8,2,1,8,1,7,1,38,9,2,2213680,2068082,1,7643320,2490377,2,18038784,0,2,53.5924,12042240,1212416,0,0,0.763831,99.7797,0,822083584,0,268713984,8404992,371441664,121716736,0,60350464,0,2,8.51129,0,0,0,1,1,2,15.6613,82.9977,82.4538,1024,10920,0,0,32
conv,22361,16056320,490,32,8,2,2,1,1,1,0,35,14,8,63870299,66303683,2,135327253,69337097,2,177471488,86.1815,1,84.5627,16515072,2031616,224788480,64225280,0.616642,100.459,0,822083584,0,4375445504,418709504,1682505728,654049280,0,280395776,0,1,1.01496,0,0,0,1,1,2,8.96894,89.475,88.6336,1024,3920,224,0,32
conv,22488,16056320,490,32,8,2,2,1,1,1,1,35,14,8,61537133,66313786,2,135462780,69337097,2,177471488,86.2106,1,47.2017,31195136,2031616,224788480,64225280,0.595641,100.178,0,822083584,0,4375445504,418709504,1917386752,335282176,0,277446656,0,1,1.00553,0,0,0,1,1,2,8.99111,89.4812,88.6309,1024,3976,224,0,32
conv,9409,16056320,490,32,8,2,2,1,1,7,0,35,14,1,2103315,2068550,1,23167024,5111817,2,61865984,0,1,84.5627,16515072,2031616,0,0,0.445495,99.9618,0,822083584,0,467795968,16056320,742981632,386334720,0,84180992,0,1,2.40589,0,0,0,1,1,2,6.02702,90.7138,90.4024,1024,3920,0,0,38
conv,9411,16056320,490,32,8,2,2,1,1,7,1,35,14,1,2103315,2068534,1,23167024,5111817,2,61865984,0,2,47.2017,31195136,2031616,0,0,0.608753,100.002,0,822083584,0,467795968,16056320,977862656,436666368,0,94208000,0,1,2.40632,0,0,0,1,1,2,6.46791,90.5196,90.2413,1024,3976,0,0,32
conv,22560,16056320,490,32,8,2,2,1,2,1,0,35,14,8,61545293,66309934,2,130674861,66519049,2,177471488,89.3749,1,89.2957,16515072,1048576,224788480,64225280,0.595347,100.43,0,822083584,0,4418109440,450822144,1642004480,662437888,0,282984448,0,1,1.00869,0,0,0,1,1,2,8.41115,89.4823,88.2939,1024,3920,224,0,32
conv,22790,16056320,490,32,8,2,2,1,2,1,1,35,14,7,61250426,66315965,2,131009503,66519049,2,177471488,89.3246,1,47.2017,31195136,2031616,224788480,64225280,0.580984,100.161,0,822083584,0,4418109440,450822144,1892941824,343670784,0,280559616,0,1,0.987466,0,0,0,1,1,2,8.91038,89.5001,88.3015,1024,3976,224,0,32
conv,9251,16056320,490,32,8,2,2,1,2,7,0,35,14,1,2103315,2066898,1,18808880,2293769,2,61865984,0,1,89.2957,16515072,1048576,0,0,0.439734,99.9821,0,822083584,0,518127616,48168960,702480384,410779648,0,86999040,0,1,2.4459,0,0,0,1,1,2,6.47232,90.7368,89.8588,1024,3920,0,0,37
conv,9189,16056320,490,32,8,2,2,1,2,7,1,35,14,1,2103723,2066790,1,18809680,2293769,2,61865984,0,2,47.2017,31195136,2031616,0,0,0.567612,99.9408,0,822083584,0,518127616,48168960,953417728,486277120,0,98435072,0,1,2.46283,0,0,0,1,1,2,7.10782,90.5584,89.7824,1024,3976,0,0,32
conv,16020,6307840,385,32,8,2,2,2,1,1,0,35,11,7,38731968,38790776,2,78346346,41811977,2,122355712,83.5153,1,63.9412,12058624,2293760,175472640,36700160,0.565409,99.8063,0,822083584,0,2037399552,262291456,1122123776,589578240,0,172392448,0,1,1.41377,0,0,0,1,1,2,7.5713,89.3681,87.6176,1024,6160,256,0,32
conv,17342,6307840,385,32,8,2,2,2,1,1,1,35,11,6,33603514,38763211,2,74326460,41811977,2,122355712,82.943,1,57.8642,13565952,2293760,175472640,36700160,0.421866,99.9801,0,822083584,0,2037399552,262291456,1138900992,564412416,0,172097536,0,1,1.30728,0,0,0,1,1,2,6.94377,89.3689,87.6154,1024,6248,256,0,42
conv,4756,6307840,385,32,8,2,2,2,1,7,0,35,11,2,2103315,2068514,1,14696872,5111817,2,32112640,0,2,63.9412,12058624,2293760,0,0,0.585496,99.9289,0,822083584,0,350994432,31539200,413286400,197328896,0,63750144,0,1,4.76802,0,0,0,1,1,2,9.60484,89.8058,88.9818,1024,6160,0,0,32
conv,4765,6307840,385,32,8,2,2,2,1,7,1,35,11,2,2103723,2068530,1,14697192,5111817,2,32112640,0,2,57.8642,13565952,2293760,0,0,0.436192,99.8919,0,822083584,0,350994432,31539200,430063616,212025344,0,64847872,0,1,4.76038,0,0,0,1,1,2,9.60502,89.8023,88.9922,1024,6248,0,0,34
conv,15824,6307840,385,32,8,2,2,2,2,1,0,35,11,7,40446159,38787027,2,74618810,38993929,2,122355712,88.338,1,69.3224,12058624,1179648,175472640,36700160,0.632813,99.7442,0,822083584,0,1923792896,237060096,1088503808,541261824,0,164298752,0,1,1.43273,0,0,0,1,1,2,7.24885,89.2115,87.7347,1024,6160,256,0,32
conv,17038,6307840,385,32,8,2,2,2,2,1,1,35,11,6,33197930,38765087,2,70530213,38993929,2,122355712,87.7923,1,59.9706,13565952,1736704,175472640,36700160,0.418427,99.6414,0,822083584,0,1923792896,237060096,1111588864,474152960,0,162742272,0,1,1.32351,0,0,0,1,1,2,6.6074,89.2193,87.7284,1024,6248,256,0,46
conv,4675,6307840,385,32,8,2,2,2,2,7,0,35,11,2,2103315,2066186,1,10960952,2293769,2,32112640,0,1,69.3224,12058624,1179648,0,0,0.797869,99.9795,0,822083584,0,338280448,18923520,379666432,216219648,0,62242816,0,1,4.85124,0,0,0,1,1,2,9.51976,89.6527,89.1254,1024,6160,0,0,32
conv,4656,6307840,385,32,8,2,2,2,2,7,1,35,11,2,2103315,2066310,1,10960944,2293769,2,32112640,0,2,59.9706,13565952,1736704,0,0,0.72224,99.9732,0,822083584,0,338280448,18923520,402751488,212025344,0,62898176,0,1,4.87147,0,0,0,1,1,2,9.68447,89.6571,89.1354,1024,6248,0,0,32
conv,8886,2867200,350,32,8,2,2,4,1,1,0,35,10,8,26417310,25018409,2,52470605,28049417,2,94765056,81.2495,1,62.5541,7536640,1933312,150814720,22937600,0.56918,100.018,0,822083584,0,1235042304,151502848,843366400,576946176,0,127475712,0,1,2.54961,0,0,0,1,1,3,9.64063,90.3561,88.9616,1024,10640,320,0,40
conv,8913,2867200,350,32,8,2,2,4,1,1,1,35,10,7,22995693,25016656,2,51045374,28049417,2,94765056,80.9137,1,56.8942,8478720,1933312,150814720,22937600,0.425549,99.8273,0,822083584,0,1235042304,151502848,853852160,671318016,0,131162112,0,1,2.54447,0,0,0,1,1,3,9.95408,90.3149,88.9595,1024,10792,320,0,48
conv,2499,2867200,350,32,8,2,2,4,1,7,0,35,10,3,2103319,2068522,2,9986104,5111817,2,17203200,0,2,62.5541,7536640,1933312,0,0,0.415795,99.8543,0,822083584,0,303349760,14336000,249872384,106479616,0,51953664,0,2,9.1052,0,0,0,1,1,2,15.6942,91.0833,89.9913,1024,10640,0,0,46
conv,2493,2867200,350,32,8,2,2,4,1,7,1,35,10,3,2103435,2068506,2,9986384,5111817,2,17203200,0,2,56.8942,8478720,1933312,0,0,0.559233,99.8013,0,822083584,0,303349760,14336000,260358144,108576768,0,52396032,0,2,9.13286,0,0,0,1,1,2,15.8556,91.0647,89.982,1024,10792,0,0,40
conv,8885,2867200,350,32,8,2,2,4,2,1,0,35,10,8,26999860,25019215,2,49290827,25231369,2,94765056,87.8014,1,69.6652,7536640,966656,150814720,22937600,0.564238,99.6422,0,822083584,0,1064910848,128565248,813187072,529170432,0,118456320,0,1,2.55652,0,0,0,1,1,3,8.89485,89.7229,88.5853,1024,10640,320,0,40
conv,8838,2867200,350,32,8,2,2,4,2,1,1,35,10,7,23264583,25016719,2,47856182,25231417,2,94765056,87.5641,1,59.6638,8478720,1449984,150814720,22937600,0.423646,99.7641,0,822083584,0,1064910848,128565248,829120512,623542272,0,122314752,0,1,2.56516,0,0,0,1,1,3,9.28535,89.7108,88.6091,1024,10792,320,0,48
conv,2387,2867200,350,32,8,2,2,4,2,7,0,35,10,3,2103351,2066154,1,6799744,2293769,2,17203200,0,2,69.6652,7536640,966656,0,0,0.555083,99.8245,0,822083584,0,262979584,8601600,219693056,113541120,0,49618944,0,2,9.54062,0,0,0,1,1,2,15.8525,90.6121,89.8661,1024,10640,0,0,40
conv,2389,2867200,350,32,8,2,2,4,2,7,1,35,10,3,2103359,2066126,1,6799640,2293769,2,17203200,0,2,59.6638,8478720,1449984,0,0,0.555177,99.8055,0,822083584,0,262979584,8601600,235626496,102285312,0,49782784,0,2,9.54411,0,0,0,1,1,2,15.8671,90.6255,89.8639,1024,10792,0,0,40
conv,6535,1290240,315,32,8,2,2,8,1,1,0,35,9,8,18599647,18141991,2,40229239,21168137,3,81002496,79.1565,1,60.8541,5275648,1785856,138485760,16056320,0.410107,99.9932,0,822083584,0,768737280,57831424,704131072,556466176,0,102133760,0,1,3.48334,0,0,0,1,1,3,13.0665,89.7007,89.0147,1024,19600,448,0,54
conv,6941,1290240,315,32,8,2,2,8,1,1,1,35,9,7,18309712,18135934,2,40946742,21168137,3,81002496,79.4424,1,55.6565,5935104,1785856,138485760,16056320,0.414347,99.9603,0,822083584,0,768737280,57831424,711471104,607039488,0,104165376,0,1,3.27701,0,0,0,1,1,3,10.9563,89.6886,89.016,1024,19880,448,0,52
conv,1407,1290240,315,32,8,2,2,8,1,7,0,35,9,4,2199851,2068506,2,7680048,5111817,2,9781248,0,2,60.8541,5275648,1785856,0,0,0.409597,100.171,0,822083584,0,270422016,6451200,168308736,60973056,0,46067712,0,3,16.5554,0,0,0,1,1,2,26.4681,90.6972,90.101,1024,19600,0,0,64
conv,1396,1290240,315,32,8,2,2,8,1,7,1,35,9,4,2200500,2068506,2,7680064,5111817,2,9781248,0,3,55.6565,5935104,1785856,0,0,0.408727,102.06,0,822083584,0,270422016,6451200,175648768,60731392,0,46321664,0,3,16.6781,0,0,0,1,1,2,26.0507,90.6789,90.0859,1024,19880,0,0,63
conv,6883,1290240,315,32,8,2,2,8,2,1,0,35,9,7,18947671,18142067,2,38020107,18350089,3,81002496,87.5388,1,69.663,5275648,892928,138485760,16056320,0.410358,99.3918,0,822083584,0,724647936,55250944,675672064,604217344,0,101351424,0,1,3.29309,0,0,0,1,1,3,11.2411,89.4562,88.8577,1024,19600,448,0,54
conv,6873,1290240,315,32,8,2,2,8,2,1,1,35,9,7,18478397,18136220,2,37684630,18350217,3,81002496,87.4541,1,59.0724,5935104,1339392,138485760,16056320,0.41257,99.8737,0,822083584,0,724647936,55250944,688029696,653500416,0,103505920,0,1,3.31085,0,0,0,1,1,3,10.8211,89.4595,88.8691,1024,19880,448,0,52
conv,1257,1290240,315,32,8,2,2,8,2,7,0,35,9,5,2216867,2066402,1,4743224,2293769,2,9781248,0,2,69.663,5275648,892928,0,0,0.403007,99.9225,0,822083584,0,226332672,3870720,139849728,56053760,0,43438080,0,3,18.3831,0,0,0,1,1,2,27.9405,90.2125,89.7967,1024,19600,0,0,56
conv,1265,1290240,315,32,8,2,2,8,2,7,1,35,9,5,2215970,2066610,1,4743592,2293769,2,9781248,0,3,59.0724,5935104,1339392,0,0,0.4145,100.688,0,822083584,0,226332672,3870720,152207360,53956608,0,43786240,0,3,18.3246,0,0,0,1,1,2,27.9674,90.2377,89.815,1024,19880,0,0,56
conv,20911,7798784,476,32,8,2,4,1,1,1,0,34,14,9,92954604,41083349,2,132653074,47382537,2,140410880,82.2999,1,45.655,18923520,3276800,218365952,38993920,0.69135,100.05,0,822083584,0,2433613824,224722944,1407254528,218234880,0,179404800,0,1,1.08567,0,0,0,1,1,2,5.99655,89.7477,88.9384,1024,7504,280,0,31
conv,20971,7798784,476,32,8,2,4,1,1,1,1,34,14,9,93478937,41084072,2,132652018,47382537,2,140410880,82.3004,1,26.8967,34406400,3276800,218365952,38993920,0.692032,99.8804,0,822083584,0,2433613824,224722944,1554055168,218234880,0,184565760,0,1,1.08077,0,0,0,1,1,2,6.19084,89.7237,88.937,1024,7560,280,0,32
conv,4984,7798784,476,32,8,2,4,1,1,7,0,34,14,2,2103795,2068534,2,23479088,8388617,2,31227904,0,2,45.655,18923520,3276800,0,0,0.288782,99.6186,0,822083584,0,259129344,7798784,438370304,190054400,0,59080704,0,1,4.55546,0,0,0,1,1,2,8.57492,91.112,90.8417,1024,7504,0,0,52
conv,5023,7798784,476,32,8,2,4,1,1,7,1,34,14,2,2103371,2068506,2,23478368,8388617,2,31227904,0,3,26.8967,34406400,3276800,0,0,0.444233,99.9801,0,822083584,0,259129344,7798784,585170944,240386048,0,66011136,0,1,4.51775,0,0,0,1,1,2,8.81062,90.8786,90.6366,1024,7560,0,0,40
conv,21163,7798784,476,32,8,2,4,1,2,1,0,34,14,9,95739877,41083921,2,124523584,43188233,2,140410880,88.3469,1,48.6723,18923520,1900544,218365952,38993920,0.710693,99.7766,0,822083584,0,2526674944,209125376,1368129536,173047808,0,178962432,0,1,1.06929,0,0,0,1,1,2,5.89356,89.7498,89.0386,1024,7504,280,0,31
conv,20088,7798784,476,32,8,2,4,1,2,1,1,34,14,8,81834792,41076121,2,124529720,43188281,2,140410880,88.3453,1,26.8967,34406400,3276800,218365952,38993920,0.627378,102.277,0,822083584,0,2526674944,224722944,1530298368,173047808,0,185352192,0,1,1.13578,0,0,0,1,1,2,6.40028,89.7303,88.9662,1024,7560,280,0,31
conv,4755,7798784,476,32,8,2,4,1,2,7,0,34,14,2,2103315,2068534,1,15351856,4194313,2,31227904,0,2,48.6723,18923520,1900544,0,0,0.294671,100.071,0,822083584,0,368017408,7798784,399245312,207421440,0,62029824,0,1,4.7666,0,0,0,1,1,2,9.60632,91.2507,90.9122,1024,7504,0,0,48
conv,4690,7798784,476,32,8,2,4,1,2,7,1,34,14,2,2103315,2068506,1,15351856,4194313,2,31227904,0,3,26.8967,34406400,3276800,0,0,0.454447,99.9199,0,822083584,0,368017408,23396352,561414144,215810048,0,68714496,0,1,4.83821,0,0,0,1,1,2,10.0339,91.0691,90.5341,1024,7560,0,0,40
conv,13598,3063808,374,32,8,2,4,2,1,1,0,34,11,8,59680740,24363641,2,85530122,30670857,2,113999872,78.4642,1,52.5952,7798784,3604480,194412544,22282240,0.703447,100.182,0,822083584,0,1078280192,136462336,995082240,221609984,0,114819072,0,1,1.67488,0,0,0,1,1,2,5.45467,89.8446,88.5501,1024,11792,320,0,32
conv,11484,3063808,374,32,8,2,4,2,1,1,1,34,11,7,32217415,24362317,2,78527108,30670905,2,113999872,77.3334,1,42.0761,11698176,2555904,194412544,22282240,0.421574,99.9884,0,822083584,0,1078280192,136462336,1037025280,334856192,0,120274944,0,1,1.98109,0,0,0,1,1,3,6.75979,89.8013,88.5655,1024,11880,320,0,42
conv,2705,3063808,374,32,8,2,4,2,1,7,0,34,11,2,2103315,2068546,2,16392240,8388617,2,16793600,0,2,52.5952,7798784,3604480,0,0,0.282381,99.889,0,822083584,0,199262208,27574272,221233152,120946688,0,48463872,0,2,8.41756,0,0,0,1,1,2,13.8585,90.6134,89.6995,896,11792,0,0,68
conv,2714,3063808,374,32,8,2,4,2,1,7,1,34,11,2,2103315,2068522,2,16392472,8388617,2,16793600,0,2,42.0761,11698176,2555904,0,0,0.428337,99.9455,0,822083584,0,199262208,27574272,263176192,124174336,0,50061312,0,2,8.39711,0,0,0,1,1,2,13.8574,90.5416,89.657,1024,11880,0,0,54
conv,13650,3063808,374,32,8,2,4,2,2,1,0,34,11,8,60020759,24367710,2,79274088,26476553,2,113999872,86.2791,1,62.468,7798784,1802240,194412544,22282240,0.69903,98.9572,0,822083584,0,1053450240,130154496,962543616,215465984,0,112656384,0,1,1.66274,0,0,0,1,1,2,5.33899,89.6301,88.3133,1024,11792,320,0,32
conv,11315,3063808,374,32,8,2,4,2,2,1,1,34,11,7,31664189,24361736,2,72116496,26476553,2,113999872,85.6004,1,43.6829,11698176,2031616,194412544,22282240,0.421576,99.8465,0,822083584,0,1053450240,130154496,1010524160,328712192,0,118308864,0,1,2.00594,0,0,0,1,1,3,6.68704,89.6065,88.3525,1024,11880,320,0,44
conv,2421,3063808,374,32,8,2,4,2,2,7,0,34,11,3,2103331,2068522,1,10002496,4194313,2,16793600,0,2,62.468,7798784,1802240,0,0,0.284495,99.84,0,822083584,0,246276096,15319040,188694528,108068864,0,48021504,0,2,9.41103,0,0,0,1,1,2,15.664,90.3617,89.8323,1024,11792,0,0,64
conv,2432,3063808,374,32,8,2,4,2,2,7,1,34,11,3,2103315,2068506,1,10002480,4194313,2,16793600,0,3,43.6829,11698176,2031616,0,0,0.426644,99.9121,0,822083584,0,246276096,15319040,236675072,105971712,0,49618944,0,2,9.37159,0,0,0,1,1,2,15.668,90.3423,89.8299,1024,11880,0,0,48
conv,8568,1392640,340,32,8,2,4,4,1,1,0,34,10,8,35744791,16008602,3,83176596,22315017,3,100728832,80.1904,1,49.1859,4874240,3112960,182435840,13926400,0.555827,98.3432,0,822083584,0,561053696,63913984,855752704,325943296,0,92684288,0,1,2.61639,0,0,0,1,1,3,7.01438,89.4522,88.6324,1024,20368,400,0,39
conv,7669,1392640,340,32,8,2,4,4,1,1,1,34,10,6,15008146,15997824,2,54776790,22315017,3,100728832,72.4444,1,48.0429,5337088,3112960,182435840,13926400,0.279694,99.8513,0,822083584,0,561053696,63913984,858898432,275611648,0,91025408,0,1,2.96301,0,0,0,1,1,3,7.55121,89.4625,88.6278,1024,20520,400,0,61
conv,1529,1392640,340,32,8,2,4,4,1,7,0,34,10,4,2103331,2068550,3,12849200,8388617,2,9510912,0,2,49.1859,4874240,3112960,0,0,0.278404,99.7458,0,822083584,0,171687936,12533760,142721024,62357504,0,42348544,0,3,14.9808,0,0,0,1,1,2,22.745,90.1792,89.3909,768,20368,0,0,80
conv,1543,1392640,340,32,8,2,4,4,1,7,1,34,10,4,2103315,2068650,3,12849392,8388617,2,9510912,0,2,48.0429,5337088,3112960,0,0,0.144095,98.2834,0,822083584,0,171687936,12533760,145866752,71794688,0,42790912,0,3,14.8883,0,0,0,1,1,2,23.1799,90.1658,89.3857,640,20520,0,0,96
conv,8784,1392640,340,32,8,2,4,4,2,1,0,34,10,8,34646804,16006422,2,75463232,18120713,3,100728832,87.63,1,61.0908,4874240,1556480,182435840,13926400,0.548652,98.7453,0,822083584,0,584753152,58343424,826507264,206807040,0,88170496,0,1,2.55928,0,0,0,1,1,3,6.08711,89.4044,88.5534,1024,20368,400,0,32
conv,7910,1392640,340,32,8,2,4,4,2,1,1,34,10,7,24825886,15998263,2,61213664,18120713,3,100728832,85.7151,1,52.9164,5337088,2334720,182435840,13926400,0.41648,99.6769,0,822083584,0,584753152,58343424,834867200,271818752,0,90746880,0,1,2.87371,0,0,0,1,1,3,6.91139,89.4022,88.5659,1024,20520,400,0,56
conv,1315,1392640,340,32,8,2,4,4,2,7,0,34,10,4,2103399,2068518,2,7327944,4194313,2,9510912,0,2,61.0908,4874240,1556480,0,0,0.279963,100.499,0,822083584,0,195387392,6963200,113475584,58253312,0,41906176,0,3,17.5689,0,0,0,1,1,2,26.2291,89.9735,89.1995,768,20368,0,0,80
conv,1304,1392640,340,32,8,2,4,4,2,7,1,34,10,4,2103327,2068506,2,7328024,4194313,2,9510912,0,3,52.9164,5337088,2334720,0,0,0.277433,99.8459,0,822083584,0,195387392,6963200,121835520,49520640,0,41893888,0,3,17.6629,0,0,0,1,1,2,26.6857,89.9925,89.1979,768,20520,0,0,80
conv,6066,626688,306,32,8,2,4,8,1,1,0,34,9,6,13858019,11834902,3,70161664,18137097,3,94109696,77.9773,1,44.3572,3878912,2867200,176447488,9748480,0.278931,99.3212,0,822083584,0,508739584,31330304,800837632,296370176,0,86474752,0,1,3.75565,0,0,0,1,1,4,9.72305,89.4087,88.8757,1024,37520,560,0,64
conv,5959,626688,306,32,8,2,4,8,1,1,1,34,9,6,13549264,11821041,3,68231300,18137097,3,94109696,77.5028,1,42.6887,4104192,2867200,176447488,9748480,0.277526,99.5133,0,822083584,0,508739584,31330304,802410496,335691776,0,87912448,0,1,3.82154,0,0,0,1,1,4,10.0646,89.4002,88.8759,768,37800,560,0,80
conv,1275,626688,306,32,8,2,4,8,1,7,0,34,9,5,2206614,2068506,3,11078112,8388617,1,5885952,0,2,46.0902,3411968,2867200,0,0,0.139617,98.5985,0,822083584,0,218181632,5640192,103534592,33177600,0,41351168,0,3,18.1739,0,0,0,1,1,2,27.8181,89.9726,89.373,512,37520,0,0,128
conv,1293,626688,306,32,8,2,4,8,1,7,1,34,9,5,2207830,2068506,3,11077688,8388617,1,5885952,0,2,45.4189,3721216,2867200,0,0,0.139716,98.9877,0,822083584,0,218181632,5640192,105631744,32045056,0,41385984,0,3,18.0019,0,0,0,1,1,2,27.2117,89.9698,89.3707,512,37800,0,0,128
conv,5701,626688,306,32,8,2,4,8,2,1,0,34,9,6,13974013,11818383,3,65309660,13942793,3,94109696,87.0831,1,56.2404,3878912,1441792,176447488,9748480,0.275689,99.3542,0,822083584,0,470095872,28823552,773238784,344045568,0,85796864,0,1,4.00026,0,0,0,1,1,4,10.5614,89.2426,88.8103,1024,37520,560,0,64
conv,5722,626688,306,32,8,2,4,8,2,1,1,34,9,6,13798260,11818157,3,64447628,13942793,3,94109696,87.1152,1,47.5499,4104192,2154496,176447488,9748480,0.276888,99.4466,0,822083584,0,470095872,28823552,779614208,331986944,0,85592064,0,1,3.98782,0,0,0,1,1,4,10.0406,89.2537,88.8153,768,37800,560,0,80
conv,941,626688,306,32,8,2,4,8,2,7,0,34,9,6,2201298,2068506,2,5990448,4194441,2,5885952,0,2,59.6255,3411968,1441792,0,0,0.140964,98.5374,0,822083584,0,170100736,3133440,75935744,29913088,0,38551552,0,4,24.8658,0,0,0,1,1,2,35.6304,89.6704,89.2609,512,37520,0,0,128
conv,939,626688,306,32,8,2,4,8,2,7,1,34,9,6,2201735,2068506,2,5990744,4194313,2,5885952,0,3,50.928,3721216,2154496,0,0,0.140471,97.5018,0,822083584,0,170100736,3133440,82835456,29388800,0,38770688,0,4,24.8919,0,0,0,1,1,2,35.876,89.6885,89.2702,512,37800,0,0,128
conv,20072,3784704,462,32,8,2,8,1,1,1,0,33,14,8,99343049,28582611,2,139629836,43270281,2,126631936,72.4224,1,23.2143,25288704,6422528,211943424,26492928,0.637997,99.5577,0,822083584,0,1343406080,112017408,1211023360,108789760,0,126246912,0,1,1.12935,0,0,0,1,1,2,4.69518,89.634,89.0448,1024,14672,392,0,32
conv,20344,3784704,462,32,8,2,8,1,1,1,1,33,14,8,100260029,28582513,2,139629992,43270153,2,126631936,72.4234,1,13.0995,49774592,6422528,211943424,26492928,0.653366,100.772,0,822083584,0,1343406080,112017408,1313783808,108789760,0,129859584,0,1,1.12094,0,0,0,1,1,2,4.75411,89.6133,89.0404,1024,14728,392,0,32
conv,3178,3784704,462,32,8,2,8,1,1,7,0,33,14,2,2103315,2068546,3,33661208,16777225,1,17448960,0,4,23.2143,25288704,6422528,0,0,0.151606,98.3606,0,822083584,0,156401664,3784704,286179328,119275520,0,48144384,0,1,7.13041,0,0,0,1,1,2,11.7138,90.2416,90.0757,640,14672,0,0,84
conv,3400,3784704,462,32,8,2,8,1,1,7,1,33,14,2,2103315,2068534,3,33660976,16777225,1,17448960,0,6,13.0995,49774592,6422528,0,0,0.153719,98.3379,0,822083584,0,156401664,3784704,388939776,119685120,0,51781632,0,1,6.69159,0,0,0,1,1,2,11.08,90.1291,89.9749,896,14728,0,0,72
conv,20208,3784704,462,32,8,2,8,1,2,1,0,33,14,9,101366829,28583003,2,124606488,34881545,2,126631936,83.0545,1,25.58,25288704,3489792,211943424,26492928,0.621772,99.7918,0,822083584,0,1377714176,134725632,1172586496,114442240,0,127426560,0,1,1.11287,0,0,0,1,1,2,4.68839,89.646,88.8147,1024,14672,392,0,31
conv,20215,3784704,462,32,8,2,8,1,2,1,1,33,14,9,101581165,28582846,2,124604508,34881545,2,126631936,83.0548,1,13.0995,49774592,6422528,211943424,26492928,0.627482,99.1163,0,822083584,0,1377714176,134725632,1290371072,114442240,0,131530752,0,1,1.11279,0,0,0,1,1,2,4.89608,89.6472,88.8418,1024,14728,392,0,31
conv,2660,3784704,462,32,8,2,8,1,2,7,0,33,14,2,2103315,2068530,2,18636936,8388617,2,17448960,0,4,25.58,25288704,3489792,0,0,0.150956,98.1652,0,822083584,0,277708800,3784704,247742464,112115712,0,50651136,0,2,8.54196,0,0,0,1,1,2,15.1093,90.4961,90.2889,640,14672,0,0,84
conv,2967,3784704,462,32,8,2,8,1,2,7,1,33,14,2,2104131,2068534,2,18637696,8388665,2,17448960,0,7,13.0995,49774592,6422528,0,0,0.149455,98.2671,0,822083584,0,277708800,3784704,365527040,114622464,0,54853632,0,2,7.67317,0,0,0,1,1,2,14.0815,90.4225,90.2246,896,14728,0,0,72
conv,13170,1486848,363,32,8,2,8,2,1,1,0,33,11,8,62176683,17230771,2,102122107,31916041,2,113033216,68.7017,1,31.5764,8650752,5308416,200318976,15138816,0.559881,99.3176,0,822083584,0,516259840,76656640,956772352,113266688,0,87846912,0,1,1.71819,0,0,0,1,1,2,3.78545,89.3431,88.4009,1024,23056,448,0,32
conv,13528,1486848,363,32,8,2,8,2,1,1,1,33,11,8,63260742,17229761,2,122412427,31916041,2,113033216,72.7147,1,21.2337,15450112,5308416,200318976,15138816,0.5578,100.881,0,822083584,0,516259840,76656640,986132480,201347072,0,91975680,0,1,1.6892,0,0,0,1,1,2,3.81289,89.3227,88.4228,1024,23144,448,0,40
conv,2191,1486848,363,32,8,2,8,2,1,7,0,33,11,3,2103315,2068534,4,25415848,16777225,1,9838592,0,3,31.5764,8650752,5308416,0,0,0.147959,98.456,0,822083584,0,126799872,25276416,150417408,59351040,0,41631744,0,2,10.4371,0,0,0,1,1,1,15.6078,89.8339,88.8691,512,23056,0,0,124
conv,2279,1486848,363,32,8,2,8,2,1,7,1,33,11,3,2103315,2068534,4,25415728,16777225,1,9838592,0,4,21.2337,15450112,5308416,0,0,0.146542,98.7005,0,822083584,0,126799872,25276416,179777536,55595008,0,42528768,0,2,10.0424,0,0,0,1,1,1,15.1897,89.8205,88.876,640,23144,0,0,94
conv,13296,1486848,363,32,8,2,8,2,2,1,0,33,11,8,63549177,17222331,2,111515801,23527433,2,113033216,83.8643,1,38.6817,8650752,2744320,200318976,15138816,0.554609,99.8511,0,822083584,0,583966720,64761856,924774400,105922560,0,88215552,0,1,1.70981,0,0,0,1,1,2,3.79031,89.3441,88.6149,1024,23056,448,0,32
conv,13018,1486848,363,32,8,2,8,2,2,1,1,33,11,8,60322158,17222665,2,89904693,23527433,2,113033216,80.6527,1,22.6314,15450112,4026368,200318976,15138816,0.41718,98.7399,0,822083584,0,583966720,64761856,960036864,187711488,0,92319744,0,1,1.72595,0,0,0,1,1,2,4.00057,89.3343,88.6376,1024,23144,448,0,48
conv,1492,1486848,363,32,8,2,8,2,2,7,0,33,11,4,2103315,2068522,3,13611504,8388617,2,9838592,0,3,38.6817,8650752,2744320,0,0,0.148457,98.0156,0,822083584,0,194506752,13381632,118419456,52445184,0,42012672,0,3,15.4193,0,0,0,1,1,2,23.6733,89.838,89.321,512,23056,0,0,125
conv,1558,1486848,363,32,8,2,8,2,2,7,1,33,11,4,2103611,2068526,3,13611824,8388617,2,9838592,0,5,22.6314,15450112,4026368,0,0,0.147307,98.1888,0,822083584,0,194506752,13381632,153681920,47202304,0,43057152,0,3,14.7775,0,0,0,1,1,2,23.1304,89.8375,89.333,640,23144,0,0,94
conv,9953,675840,330,32,8,2,8,4,1,1,0,33,10,6,34139043,11580629,3,110618092,26238985,2,106233856,71.604,1,24.8324,6512640,5554176,194506752,9461760,0.280027,99.7478,0,822083584,0,404508672,37179392,890277888,112939008,0,79974400,0,1,2.28331,0,0,0,1,1,3,4.77734,89.1999,88.5826,1024,39824,560,0,48
conv,9872,675840,330,32,8,2,8,4,1,1,1,33,10,6,33218747,11543111,3,101937205,26238985,2,106233856,70.212,1,27.0776,6416384,4710400,194506752,9461760,0.278888,99.748,0,822083584,0,404508672,37179392,892375040,155406336,0,81541120,0,1,2.30296,0,0,0,1,1,3,4.85322,89.1939,88.5885,1024,39976,560,0,64
conv,1922,675840,330,32,8,2,8,4,1,7,0,33,10,3,2103319,2068506,4,21293120,16777225,1,6033408,0,3,25.5012,5939200,5554176,0,0,0.142118,99.0665,0,822083584,0,108134400,11489280,104894464,33247232,0,38000640,0,2,11.9549,0,0,0,1,1,1,16.584,89.5406,88.8019,384,39824,0,0,163
conv,1932,675840,330,32,8,2,8,4,1,7,1,33,10,3,2103599,2068506,4,21293400,16777273,1,6033408,0,2,28.5154,5797888,4710400,0,0,0.141973,98.5474,0,822083584,0,108134400,11489280,106467328,33923072,0,38078464,0,2,11.8638,0,0,0,1,1,1,16.5963,89.5421,88.8049,384,39976,0,0,156
conv,9368,675840,330,32,8,2,8,4,2,1,0,33,10,7,33714338,11532561,2,93318294,17850377,3,106233856,82.318,1,32.1425,6512640,2809856,194506752,9461760,0.27847,99.9647,0,822083584,0,459014144,31772672,861499392,110256128,0,80601088,0,1,2.43965,0,0,0,1,1,3,5.16518,89.2159,88.5777,1024,39824,560,0,49
conv,9197,675840,330,32,8,2,8,4,2,1,1,33,10,7,33425713,11534254,3,99096004,17850377,3,106233856,83.0121,1,30.2141,6416384,3555328,194506752,9461760,0.278462,98.0829,0,822083584,0,459014144,31772672,868694016,306864128,0,87767040,0,1,2.44584,0,0,0,1,1,3,6.11098,89.1977,88.602,1024,39976,560,0,64
conv,1225,675840,330,32,8,2,8,4,2,7,0,33,10,5,2103339,2068506,3,11098160,8388617,1,6033408,0,3,33.5001,5939200,2809856,0,0,0.141965,98.6207,0,822083584,0,158969856,6082560,76115968,30564352,0,38498304,0,3,18.9477,0,0,0,1,1,2,26.9056,89.5707,88.7877,384,39824,0,0,158
conv,1302,675840,330,32,8,2,8,4,2,7,1,33,10,5,2103379,2068506,3,11098160,8388617,1,6033408,0,3,32.0369,5797888,3555328,0,0,0.142881,99.3211,0,822083584,0,158969856,6082560,82786304,24272896,0,38512640,0,3,17.8808,0,0,0,1,1,1,25.7768,89.5899,88.7854,512,39976,0,0,128
conv,31924,16777216,512,32,16,0,1,1,1,1,0,32,16,8,77533937,104843290,2,253231528,104857737,2,308281344,57.3939,0,0,0,0,205520896,102760448,0.725641,99.9747,0,822083584,0,9596567552,822083584,2902458368,385875968,0,458227712,0,1,0.712139,0,0,0,1,1,3,10.1767,100,99.0847,1024,0,200,0,40
conv,18931,16777216,512,32,16,0,1,1,1,7,0,32,16,1,2103339,2067438,2,150470728,2097209,2,205520896,0,0,0,0,0,0,0,0.940904,99.9574,0,822083584,0,1006632960,16777216,1660944384,637534208,0,129499136,0,1,1.19592,0,0,0,1,1,2,4.76208,100,100,1024,0,0,0,32
conv,19957,8388608,512,32,16,0,1,2,1,1,0,32,16,8,52618872,60809410,2,141820704,60817417,2,167772160,57.4386,0,0,0,0,115343360,58720256,0.971223,99.7765,0,822083584,0,3850371072,419430400,1778384896,327155712,0,228327424,0,1,1.14068,0,0,0,1,1,3,8.49338,100,98.5075,1024,0,224,0,32
conv,9699,8388608,512,32,16,0,1,2,1,7,0,32,16,1,2104651,2067338,2,84149608,2097161,3,110100480,0,0,0,0,0,0,0,0.937716,99.9475,0,822083584,0,729808896,8388608,897581056,419430400,0,89915392,0,1,2.33774,0,0,0,1,1,3,6.11089,100,100,1024,0,0,0,32
conv,12835,4194304,512,32,16,0,1,4,1,1,0,32,16,7,33068322,38787022,2,96208196,38797321,2,120061952,60.7065,0,0,0,0,115343360,36700160,0.731901,99.4211,0,822083584,0,2000683008,209715200,1149239296,599785472,0,151126016,0,1,1.7809,0,0,0,1,1,3,8.67379,100,98.8725,1024,0,280,0,40
conv,5057,4194304,512,32,16,0,1,4,1,7,0,32,16,2,2139663,2066918,2,50987056,2097161,3,62390272,0,0,0,0,0,0,0,0.706304,99.9608,0,822083584,0,444596224,4194304,515899392,201326592,0,62128128,0,1,4.49293,0,0,0,1,1,3,8.41705,100,100,1024,0,0,0,40
conv,9070,2097152,512,32,16,0,1,8,1,1,0,32,16,8,28118522,27773466,2,67945632,27787273,2,73662464,61.9011,0,0,0,0,70254592,25690112,0.722957,99.7894,0,822083584,0,1107296256,104857600,729808896,748683264,0,110624768,0,1,2.49955,0,0,0,1,1,2,9.29153,100,99.2299,1024,0,392,0,40
conv,2732,2097152,512,32,16,0,1,8,1,7,0,32,16,2,2201752,2066278,3,34406448,2097161,3,38535168,0,0,0,0,0,0,0,0.475387,99.8553,0,822083584,0,314572800,2097152,325058560,115343360,0,49348608,0,2,8.34593,0,0,0,1,1,3,13.1567,100,100,1024,0,0,0,56
conv,20095,8388608,512,32,16,0,2,1,1,1,0,32,16,8,58517665,60807122,3,244035796,62914569,2,212860928,52.6024,0,0,0,0,205520896,58720256,0.722802,100.041,0,822083584,0,4395630592,411041792,1837105152,251658240,0,243269632,0,1,1.12987,0,0,0,1,1,3,8.07946,100,99.1379,1024,0,224,0,38
conv,10600,8388608,512,32,16,0,2,1,1,7,0,32,16,1,2103843,2069242,3,141296184,4194313,2,110100480,0,0,0,0,0,0,0,0.953616,99.9438,0,822083584,0,511705088,8388608,897581056,251658240,0,77856768,0,1,2.13956,0,0,0,1,1,2,4.58821,100,100,1024,0,0,0,32
conv,20131,8388608,512,32,16,0,2,1,2,1,0,32,16,8,59177724,60804366,3,244016616,60817465,2,212860928,52.9632,0,0,0,0,205520896,58720256,0.723144,99.8051,0,822083584,0,4437573632,411041792,1828716544,268435456,0,244842496,0,1,1.12394,0,0,0,1,1,3,8.09051,100,99.1435,1024,0,224,0,36
conv,10577,8388608,512,32,16,0,2,1,2,7,0,32,16,1,2103619,2067426,3,141296096,2097161,2,110100480,0,0,0,0,0,0,0,0.711111,99.9449,0,822083584,0,562036736,8388608,889192448,436207616,0,84934656,0,1,2.14372,0,0,0,1,1,2,5.10051,100,100,1024,0,0,0,40
conv,13575,4194304,512,32,16,0,2,2,1,1,0,32,16,7,37503204,35631977,3,140684092,37748745,2,139460608,52.9037,0,0,0,0,160432128,33554432,0.721173,100.021,0,822083584,0,1925185536,209715200,1241513984,364904448,0,144310272,0,1,1.67324,0,0,0,1,1,3,7.3836,100,98.8193,1024,0,256,0,40
conv,5487,4194304,512,32,16,0,2,2,1,7,0,32,16,1,2103315,2069118,3,79822896,4194313,2,59244544,0,0,0,0,0,0,0,0.710207,99.8859,0,822083584,0,369098752,4194304,490733568,230686720,0,59899904,0,1,4.14167,0,0,0,1,1,2,7.27834,100,100,1024,0,0,0,40
conv,14407,4194304,512,32,16,0,2,2,2,1,0,32,16,8,50975089,35641802,3,142866108,35651593,2,139460608,54.1399,0,0,0,0,160432128,33554432,0.962955,99.9253,0,822083584,0,1962934272,209715200,1233125376,364904448,0,145227776,0,1,1.56519,0,0,0,1,1,3,7.06534,100,98.8267,1024,0,256,0,32
conv,5458,4194304,512,32,16,0,2,2,2,7,0,32,16,1,2103319,2067218,3,79822896,2097161,2,59244544,0,0,0,0,0,0,0,0.713071,99.897,0,822083584,0,406847488,4194304,482344960,239075328,0,61079552,0,1,4.16213,0,0,0,1,1,2,7.48357,100,100,1024,0,0,0,40
conv,8295,2097152,512,32,16,0,2,4,1,1,0,32,16,8,27215840,23052851,3,95533452,25165833,3,102760448,55.6113,0,0,0,0,137887744,20971520,0.683215,99.7979,0,822083584,0,1042284544,104857600,910163968,402653184,0,103415808,0,1,2.73293,0,0,0,1,1,3,8.16031,100,99.1762,1024,0,320,0,40
conv,2923,2097152,512,32,16,0,2,4,1,7,0,32,16,2,2117816,2068730,4,49086528,4194361,3,33816576,0,0,0,0,0,0,0,0.473838,99.7673,0,822083584,0,264241152,2097152,287309824,115343360,0,46596096,0,2,7.79438,0,0,0,1,1,3,11.2416,100,100,1024,0,0,0,56
conv,8327,2097152,512,32,16,0,2,4,2,1,0,32,16,8,27276819,23054186,3,95371736,23068681,3,102760448,56.5066,0,0,0,0,137887744,20971520,0.688614,99.5551,0,822083584,0,1056964608,104857600,901775360,411041792,0,103874560,0,1,2.72524,0,0,0,1,1,3,8.26193,100,99.1798,1024,0,320,0,40
conv,2909,2097152,512,32,16,0,2,4,2,7,0,32,16,2,2121160,2067470,3,49087000,2097161,3,33816576,0,0,0,0,0,0,0,0.478333,99.81,0,822083584,0,278921216,2097152,278921216,121634816,0,46989312,0,2,7.83777,0,0,0,1,1,3,11.3395,100,100,1024,0,0,0,56
conv,7603,1048576,512,32,16,0,2,8,1,1,0,32,16,7,24576835,16754192,3,77215004,18874377,2,84410368,60.4864,0,0,0,0,126615552,14680064,0.727662,99.5279,0,822083584,0,717225984,52428800,744488960,525336576,0,89849856,0,1,2.98055,0,0,0,1,1,3,8.83561,100,99.5259,1024,0,448,0,38
conv,1643,1048576,512,32,16,0,2,8,1,7,0,32,16,4,2201747,2068706,4,33718320,4194313,3,21102592,0,0,0,0,0,0,0,0.237158,98.9607,0,822083584,0,203423744,1048576,185597952,87031808,0,40599552,0,2,13.988,0,0,0,1,1,3,18.9137,100,100,768,0,0,0,80
conv,8654,1048576,512,32,16,0,2,8,2,1,0,32,16,6,18128822,16748770,2,65980368,16777225,2,84410368,56.7829,0,0,0,0,126615552,14680064,0.487566,98.4216,0,822083584,0,727711744,52428800,736100352,475004928,0,88342528,0,1,2.59025,0,0,0,1,1,3,7.47289,100,99.5178,1024,0,448,0,42
conv,1627,1048576,512,32,16,0,2,8,2,7,0,32,16,4,2201747,2066070,4,33718368,2097161,3,21102592,0,0,0,0,0,0,0,0.241367,99.0007,0,822083584,0,214958080,1048576,177209344,80740352,0,40501248,0,2,14.1292,0,0,0,1,1,3,19.1333,100,100,768,0,0,0,80
conv,19324,4194304,512,32,16,0,4,1,1,1,0,32,16,8,81508328,38786822,3,260499232,45088777,2,165150720,45.6133,0,0,0,0,205520896,36700160,0.687922,99.2805,0,822083584,0,2403336192,205520896,1484783616,163577856,0,159776768,0,1,1.17584,0,0,0,1,1,2,5.64451,100,99.3437,1024,0,280,0,35
conv,7006,4194304,512,32,16,0,4,1,1,7,0,32,16,1,2103315,2069214,4,157810736,8388617,2,62390272,0,0,0,0,0,0,0,0.454601,99.9776,0,822083584,0,255852544,4194304,515899392,184549376,0,55705600,0,1,3.24343,0,0,0,1,1,2,4.91677,100,100,1024,0,0,0,56
conv,19210,4194304,512,32,16,0,4,1,2,1,0,32,16,8,82148654,38789094,3,260479328,40894473,2,165150720,46.2305,0,0,0,0,205520896,36700160,0.669861,97.9844,0,822083584,0,2428502016,205520896,1476395008,167772160,0,160432128,0,1,1.1638,0,0,0,1,1,2,5.99996,100,99.3464,1024,0,280,0,36
conv,6897,4194304,512,32,16,0,4,1,2,7,0,32,16,1,2103315,2069054,4,157810736,4194313,2,62390272,0,0,0,0,0,0,0,0.471312,99.9135,0,822083584,0,281018368,4194304,507510784,184549376,0,56229888,0,1,3.29499,0,0,0,1,1,2,5.31763,100,100,1024,0,0,0,56
conv,19310,4194304,512,32,16,0,4,1,4,1,0,32,16,8,82137610,38785502,3,260498008,38797321,2,165150720,46.5728,0,0,0,0,205520896,36700160,0.686191,101.182,0,822083584,0,2432696320,205520896,1472200704,171966464,0,160563200,0,1,1.17094,0,0,0,1,1,2,5.54487,100,99.3469,1024,0,280,0,36
conv,6885,4194304,512,32,16,0,4,1,4,7,0,32,16,1,2103315,2067274,4,157810736,2097161,2,62390272,0,0,0,0,0,0,0,0.477769,99.9299,0,822083584,0,285212672,4194304,503316480,192937984,0,56492032,0,1,3.30424,0,0,0,1,1,2,5.14615,100,100,1024,0,0,0,56
conv,12857,2097152,512,32,16,0,4,2,1,1,0,32,16,8,57547589,23057294,3,157915312,29360137,2,125304832,47.6319,0,0,0,0,182976512,20971520,0.722307,99.8462,0,822083584,0,962592768,104857600,1082130432,199229440,0,99942400,0,1,1.75956,0,0,0,1,1,3,4.85142,100,99.1475,1024,0,320,0,39
conv,3755,2097152,512,32,16,0,4,2,1,7,0,32,16,2,2103330,2068834,5,89718832,8388617,2,33816576,0,0,0,0,0,0,0,0.471796,99.7649,0,822083584,0,184549376,2097152,287309824,100663296,0,43646976,0,1,6.07372,0,0,0,1,1,2,8.03053,100,100,1024,0,0,0,56
conv,12869,2097152,512,32,16,0,4,2,2,1,0,32,16,8,56941183,23057010,3,157873380,25165833,2,125304832,48.5923,0,0,0,0,182976512,20971520,0.721502,100.068,0,822083584,0,981467136,104857600,1073741824,190840832,0,100007936,0,1,1.77828,0,0,0,1,1,3,4.90578,100,99.1481,1024,0,320,0,40
conv,3630,2097152,512,32,16,0,4,2,2,7,0,32,16,2,2103319,2069022,5,89718832,4194313,2,33816576,0,0,0,0,0,0,0,0.478901,99.7704,0,822083584,0,203423744,2097152,278921216,117440512,0,44498944,0,1,6.27329,0,0,0,1,1,2,8.51828,100,100,1024,0,0,0,56
conv,12807,2097152,512,32,16,0,4,2,4,1,0,32,16,8,57061806,23056754,3,158060080,23068681,2,125304832,49.337,0,0,0,0,182976512,20971520,0.723843,100.51,0,822083584,0,985661440,104857600,1069547520,195035136,0,100139008,0,1,1.77985,0,0,0,1,1,3,4.94723,100,99.1492,1024,0,320,0,37
conv,3638,2097152,512,32,16,0,4,2,4,7,0,32,16,2,2103325,2067254,5,89718832,2097161,2,33816576,0,0,0,0,0,0,0,0.480713,99.6796,0,822083584,0,207618048,2097152,274726912,104857600,0,44105728,0,1,6.2589,0,0,0,1,1,2,8.5225,100,100,1024,0,0,0,56
conv,7812,1048576,512,32,16,0,4,4,1,1,0,32,16,8,30475001,15181257,3,119013852,21495817,3,105381888,54.2962,0,0,0,0,171704320,13107200,0.485348,100.159,0,822083584,0,682622976,52428800,900726784,365953024,0,88670208,0,1,2.92155,0,0,0,1,1,3,7.73201,100,99.5196,1024,0,400,0,48
conv,2159,1048576,512,32,16,0,4,4,1,7,0,32,16,3,2141052,2068702,5,55672880,8388617,2,19529728,0,0,0,0,0,0,0,0.23511,98.9074,0,822083584,0,132120576,1048576,173015040,75497472,0,37617664,0,2,10.5854,0,0,0,1,1,2,12.9148,100,100,768,0,0,0,80
conv,9510,1048576,512,32,16,0,4,4,2,1,0,32,16,8,43126238,15186402,3,132939332,17301513,2,105381888,60.135,0,0,0,0,171704320,13107200,0.728652,99.758,0,822083584,0,535822336,52428800,892338176,208666624,0,78905344,0,1,2.39998,0,0,0,1,1,3,4.93183,100,99.4601,1024,0,400,0,38
conv,2058,1048576,512,32,16,0,4,4,2,7,0,32,16,3,2124607,2068682,5,55673056,4194313,2,19529728,0,0,0,0,0,0,0,0.238672,98.994,0,822083584,0,139460608,1048576,164626432,54525952,0,36929536,0,2,11.1522,0,0,0,1,1,2,13.7666,100,100,896,0,0,0,72
conv,9547,1048576,512,32,16,0,4,4,4,1,0,32,16,8,43314013,15183438,3,131475208,15204361,2,105381888,60.6116,0,0,0,0,171704320,13107200,0.727233,100.509,0,822083584,0,540016640,52428800,888143872,208666624,0,78905344,0,1,2.3968,0,0,0,1,1,3,4.90684,100,99.4601,1024,0,400,0,40
conv,2043,1048576,512,32,16,0,4,4,4,7,0,32,16,3,2123620,2066758,5,55672896,2097161,2,19529728,0,0,0,0,0,0,0,0.243348,99.182,0,822083584,0,143654912,1048576,160432128,39845888,0,36470784,0,2,11.2333,0,0,0,1,1,2,13.8839,100,100,896,0,0,0,72
conv,6880,524288,512,32,16,0,4,8,1,1,0,32,16,8,29208915,11354702,4,120390512,17563657,3,95420416,65.7931,0,0,0,0,166068224,9175040,0.480365,100.155,0,822083584,0,384827392,26214400,798490624,316669952,0,73596928,0,1,3.30914,0,0,0,1,1,3,7.14381,100,99.7106,1024,0,560,0,56
conv,1444,524288,512,32,16,0,4,8,1,7,0,32,16,4,2202916,2085688,6,38650056,8388617,2,12386304,0,0,0,0,0,0,0,0.244027,100.057,0,822083584,0,101711872,524288,115867648,45088768,0,33914880,0,2,16.2785,0,0,0,1,1,2,18.7192,100,100,512,0,0,0,128
conv,6911,524288,512,32,16,0,4,8,2,1,0,32,16,8,29860640,11244462,4,120929088,13369353,3,95420416,68.0229,0,0,0,0,166068224,9175040,0.483421,99.8239,0,822083584,0,398458880,26214400,790102016,341835776,0,74547200,0,1,3.27256,0,0,0,1,1,3,7.2074,100,99.7143,1024,0,560,0,56
conv,1301,524288,512,32,16,0,4,8,2,7,0,32,16,5,2204439,2068701,6,38650248,4194313,2,12386304,0,0,0,0,0,0,0,0.24185,99.0156,0,822083584,0,107479040,524288,107479040,45613056,0,33849344,0,3,18.0163,0,0,0,1,1,3,20.8774,100,100,512,0,0,0,128
conv,5364,524288,512,32,16,0,4,8,4,1,0,32,16,6,11964027,11240106,3,82887460,11272201,4,95420416,56.7385,0,0,0,0,166068224,9175040,0.246815,99.5343,0,822083584,0,402653184,26214400,785907712,317718528,0,73793536,0,1,4.24775,0,0,0,1,1,4,9.50189,100,99.7114,896,0,560,0,68
conv,1275,524288,512,32,16,0,4,8,4,7,0,32,16,5,2211408,2065306,6,38649968,2097161,2,12386304,0,0,0,0,0,0,0,0.24414,96.7384,0,822083584,0,111673344,524288,103284736,45088768,0,33832960,0,3,18.128,0,0,0,1,1,3,21.8358,100,100,512,0,0,0,128
conv,18306,2097152,512,32,16,0,8,1,1,1,0,32,16,8,84505013,27779060,4,311493064,42467337,2,141295616,36.2896,0,0,0,0,205520896,25690112,0.580308,101.661,0,822083584,0,1201668096,102760448,1249902592,106954752,0,109379584,0,1,1.24473,0,0,0,1,1,2,4.47344,100,99.5207,1024,0,392,0,36
conv,6882,2097152,512,32,16,0,8,1,1,7,0,32,16,1,2103315,2069166,6,208732208,16777225,1,38535168,0,0,0,0,0,0,0,0.238124,98.8993,0,822083584,0,127926272,2097152,325058560,75497472,0,42270720,0,1,3.28238,0,0,0,1,1,2,4.21698,100,100,768,0,0,0,80
conv,18343,2097152,512,32,16,0,8,1,2,1,0,32,16,8,85525806,27778214,4,311492888,34078857,2,141295616,37.1705,0,0,0,0,205520896,25690112,0.583574,100.555,0,822083584,0,1214251008,102760448,1241513984,102760448,0,109379584,0,1,1.2358,0,0,0,1,1,2,4.49963,100,99.5207,1024,0,392,0,36
conv,6758,2097152,512,32,16,0,8,1,2,7,0,32,16,1,2103315,2069126,6,208732208,8388617,2,38535168,0,0,0,0,0,0,0,0.242729,99.3383,0,822083584,0,140509184,2097152,316669952,79691776,0,42532864,0,1,3.36469,0,0,0,1,1,2,4.33822,100,100,768,0,0,0,80
conv,18171,2097152,512,32,16,0,8,1,4,1,0,32,16,8,82193804,27777894,4,311492656,29884425,2,141295616,37.6272,0,0,0,0,205520896,25690112,0.578932,102.696,0,822083584,0,1216348160,102760448,1237319680,98566144,0,109182976,0,1,1.27132,0,0,0,1,1,2,4.35243,100,99.5198,1024,0,392,0,36
conv,6571,2097152,512,32,16,0,8,1,4,7,0,32,16,1,2103315,2069358,6,208732208,4194313,2,38535168,0,0,0,0,0,0,0,0.245216,99.452,0,822083584,0,144703488,2097152,312475648,60817408,0,41943040,0,1,3.46128,0,0,0,1,1,2,4.37767,100,100,768,0,0,0,80
conv,14268,1048576,512,32,16,0,8,2,1,1,0,32,16,8,69094106,16767393,3,215892852,31457289,2,118226944,45.0627,0,0,0,0,194248704,14680064,0.724626,99.9712,0,822083584,0,642777088,52428800,1002438656,59768832,0,81035264,0,1,1.58632,0,0,0,1,1,2,3.41109,100,99.4743,1024,0,448,0,40
conv,3463,1048576,512,32,16,0,8,2,1,7,0,32,16,2,2103318,2068702,7,119046192,16777225,2,21102592,0,0,0,0,0,0,0,0.23651,98.8196,0,822083584,0,92274688,1048576,185597952,71303168,0,36634624,0,1,6.53856,0,0,0,1,1,2,7.83264,100,100,640,0,0,0,96
conv,14092,1048576,512,32,16,0,8,2,2,1,0,32,16,8,68853452,16763882,3,212762684,23068681,2,118226944,45.9602,0,0,0,0,194248704,14680064,0.725221,99.8899,0,822083584,0,490733568,52428800,994050048,100663296,0,77299712,0,1,1.60664,0,0,0,1,1,2,3.06157,100,99.4489,1024,0,448,0,37
conv,3370,1048576,512,32,16,0,8,2,2,7,0,32,16,2,2103315,2068762,7,119046192,8388617,2,21102592,0,0,0,0,0,0,0,0.240515,98.9467,0,822083584,0,101711872,1048576,177209344,74448896,0,36765696,0,1,6.78424,0,0,0,1,1,2,8.1167,100,100,640,0,0,0,96
conv,14580,1048576,512,32,16,0,8,2,4,1,0,32,16,8,70707291,16759270,3,212747136,18874377,2,118226944,46.7915,0,0,0,0,194248704,14680064,0.733668,100.769,0,822083584,0,492830720,52428800,989855744,98566144,0,77168640,0,1,1.56022,0,0,0,1,1,2,2.9137,100,99.448,1024,0,448,0,40
conv,3228,1048576,512,32,16,0,8,2,4,7,0,32,16,2,2103315,2069182,7,119046192,4194313,2,21102592,0,0,0,0,0,0,0,0.242679,99.2418,0,822083584,0,104857600,1048576,173015040,76546048,0,36798464,0,1,7.08291,0,0,0,1,1,2,8.6307,100,100,640,0,0,0,96
conv,10729,524288,512,32,16,0,8,4,1,1,0,32,16,8,51541664,11338396,3,168106056,25952265,2,106692608,53.1618,0,0,0,0,188612608,9175040,0.485726,98.9175,0,822083584,0,355467264,26214400,889716736,113770496,0,69189632,0,1,2.0997,0,0,0,1,1,2,3.79375,100,99.6922,1024,0,560,0,48
conv,2427,524288,512,32,16,0,8,4,1,7,0,32,16,3,2142639,2110722,7,74203184,16777225,1,12386304,0,0,0,0,0,0,0,0.243406,98.9503,0,822083584,0,66060288,524288,115867648,38273024,0,32587776,0,2,9.45753,0,0,0,1,1,2,10.5586,100,100,512,0,0,0,128
conv,10846,524288,512,32,16,0,8,4,2,1,0,32,16,8,53294804,11250016,3,168196768,17563657,2,106692608,55.5548,0,0,0,0,188612608,9175040,0.486316,99.6334,0,822083584,0,362807296,26214400,881328128,112721920,0,69124096,0,1,2.09604,0,0,0,1,1,2,3.75853,100,99.6919,1024,0,560,0,48
conv,2173,524288,512,32,16,0,8,4,2,7,0,32,16,3,2119100,2075773,7,74203736,8388617,2,12386304,0,0,0,0,0,0,0,0.24148,98.3636,0,822083584,0,69730304,524288,107479040,40370176,0,32505856,0,2,10.4957,0,0,0,1,1,2,11.7397,100,100,512,0,0,0,128
conv,10593,524288,512,32,16,0,8,4,4,1,0,32,16,8,52370361,11252582,3,165540596,13369353,2,106692608,56.1706,0,0,0,0,188612608,9175040,0.483945,99.2173,0,822083584,0,365428736,26214400,877133824,189267968,0,71467008,0,1,2.12545,0,0,0,1,1,2,4.01847,100,99.702,1024,0,560,0,56
conv,2055,524288,512,32,16,0,8,4,4,7,0,32,16,3,2120550,2068650,7,74203320,4194313,2,12386304,0,0,0,0,0,0,0,0.242987,98.3619,0,822083584,0,72351744,524288,103284736,41943040,0,32505856,0,2,11.1086,0,0,0,1,1,2,12.4252,100,100,512,0,0,0,128
conv,7806,262144,512,32,16,0,8,8,1,1,0,32,16,7,32579944,10084826,4,144679472,23199753,3,100925440,59.1617,0,0,0,0,185794560,6422528,0.243263,100.416,0,822083584,0,192413696,13107200,870055936,210239488,0,65978368,0,1,2.94458,0,0,0,1,1,3,5.26679,100,99.8386,640,0,784,0,96
conv,7430,262144,512,32,16,0,8,8,2,1,0,32,16,7,32709203,8547660,4,144679180,14811145,3,100925440,62.2733,0,0,0,0,185794560,6422528,0.244392,99.5857,0,822083584,0,199229440,13107200,861667328,208928768,0,65888256,0,1,3.0567,0,0,0,1,1,3,5.69586,100,99.8384,512,0,784,0,124
conv,7302,262144,512,32,16,0,8,8,4,1,0,32,16,8,32558184,8491262,4,144678956,10616841,3,100925440,63.9553,0,0,0,0,185794560,6422528,0.244868,99.6777,0,822083584,0,201588736,13107200,857473024,222035968,0,66240512,0,1,3.10003,0,0,0,1,1,3,5.60962,100,99.8392,640,0,784,0,96
conv,31566,16777216,512,32,16,1,1,1,1,1,0,32,16,8,85126456,104850338,2,133857328,104857609,2,209846272,86.0947,1,95.3088,25690112,2162688,205520896,102760448,0.966028,100.109,0,822083584,0,9361686528,822083584,3376676864,352321536,0,472383488,0,1,0.718688,0,0,0,1,1,2,12.3519,100,97.4768,1024,3344,200,0,32
conv,31535,16777216,512,32,16,1,1,1,1,1,1,32,16,8,85183210,104850706,2,133857928,104857609,2,209846272,86.0947,1,95.3088,25690112,2162688,205520896,102760448,0.965022,99.9375,0,822083584,0,9361686528,822083584,3376676864,352321536,0,472383488,0,1,0.718097,0,0,0,1,1,2,12.3629,100,97.4768,1024,3432,200,0,32
conv,16205,16777216,512,32,16,1,1,1,1,7,0,32,16,1,2104915,2064970,1,31098480,2097161,2,107085824,0,1,95.3088,25690112,2162688,0,0,0.911122,99.9692,0,822083584,0,771751936,16777216,1732509696,687865856,0,133693440,0,1,1.395,0,0,0,1,1,2,5.69633,100,94.2218,1024,3344,0,0,31
conv,16207,16777216,512,32,16,1,1,1,1,7,1,32,16,1,2103315,2065034,1,31096880,2097289,2,107085824,0,1,95.3088,25690112,2162688,0,0,0.912482,99.9811,0,822083584,0,771751936,16777216,1732509696,687865856,0,133693440,0,1,1.39533,0,0,0,1,1,2,5.69698,100,94.2218,1024,3432,0,0,31
conv,20034,8388608,512,32,16,1,1,2,1,1,0,32,16,8,52156723,60810678,2,75186984,60817417,1,112787456,85.5801,1,93.1807,14680064,1867776,115343360,58720256,0.970986,99.538,0,822083584,0,3825205248,419430400,1532100608,276824064,0,226230272,0,1,1.12986,0,0,0,1,1,2,8.57187,100,94.9757,1024,5776,224,0,32
conv,20444,8388608,512,32,16,1,1,2,1,1,1,32,16,7,51568770,60809866,2,75187184,60817417,1,112787456,85.5801,1,93.1807,14680064,1867776,115343360,58720256,0.967259,101.817,0,822083584,0,3825205248,419430400,1532100608,276824064,0,226230272,0,1,1.13818,0,0,0,1,1,2,8.44172,100,94.9757,1024,5928,224,0,32
conv,8229,8388608,512,32,16,1,1,2,1,7,0,32,16,1,2103739,2065230,1,17514832,2097161,2,55115776,0,1,93.1807,14680064,1867776,0,0,0.913403,99.9137,0,822083584,0,704643072,8388608,953286656,360710144,0,96993280,0,1,2.75142,0,0,0,1,1,2,7.67209,100,91.7948,1024,5776,0,0,32
conv,8228,8388608,512,32,16,1,1,2,1,7,1,32,16,1,2104943,2065126,1,17516136,2097161,2,55115776,0,1,93.1807,14680064,1867776,0,0,0.911339,99.9656,0,822083584,0,704643072,8388608,953286656,360710144,0,96993280,0,1,2.75214,0,0,0,1,1,2,7.67008,100,91.7948,1024,5928,0,0,32
conv,12612,4194304,512,32,16,1,1,4,1,1,0,32,16,8,36324453,38788822,2,57140156,38797321,2,86802432,86.6644,1,90.4605,9175040,1720320,115343360,36700160,0.972148,97.1722,0,822083584,0,2086436864,209715200,1171849216,603979776,0,167641088,0,1,1.74863,0,0,0,1,1,2,10.045,100,91.2303,1024,10640,280,0,32
conv,12589,4194304,512,32,16,1,1,4,1,1,1,32,16,8,35334389,38788310,2,57101716,38797321,2,86802432,86.6425,1,90.4605,9175040,1720320,115343360,36700160,0.970938,100.295,0,822083584,0,2086436864,209715200,1171849216,603979776,0,167641088,0,1,1.79235,0,0,0,1,1,2,9.9756,100,91.2303,1024,10920,280,0,32
conv,4201,4194304,512,32,16,1,1,4,1,7,0,32,16,2,2194384,2064418,1,10723624,2097161,2,29130752,0,1,90.4605,9175040,1720320,0,0,0.91661,99.8786,0,822083584,0,553648128,4194304,563675136,255852544,0,76677120,0,1,5.40524,0,0,0,1,1,2,12.0119,100,89.6394,1024,10640,0,0,32
conv,4201,4194304,512,32,16,1,1,4,1,7,1,32,16,2,2195720,2064414,1,10723856,2097161,2,29130752,0,1,90.4605,9175040,1720320,0,0,0.917653,99.9404,0,822083584,0,553648128,4194304,563675136,255852544,0,76677120,0,1,5.40557,0,0,0,1,1,2,12.0053,100,89.6394,1024,10920,0,0,32
conv,8742,2097152,512,32,16,1,1,8,1,1,0,32,16,8,26532510,27773966,2,40133216,27787321,2,51265536,86.1183,1,87.6713,6422528,1646592,70254592,25690112,0.727525,99.4126,0,822083584,0,1212760064,104857600,752648192,767557632,0,131661824,0,1,2.58368,0,0,0,1,1,2,11.7756,100,86.8681,1024,20368,392,0,40
conv,8756,2097152,512,32,16,1,1,8,1,1,1,32,16,8,26473392,27770786,2,40126172,27787273,2,51265536,86.1349,1,87.6713,6422528,1646592,70254592,25690112,0.726965,99.6597,0,822083584,0,1212760064,104857600,752648192,767557632,0,131661824,0,1,2.58947,0,0,0,1,1,2,11.7727,100,86.8681,1024,20904,392,0,40
conv,2181,2097152,512,32,16,1,1,8,1,7,0,32,16,3,2202232,2064354,1,7328264,2097161,2,16138240,0,2,87.6713,6422528,1646592,0,0,0.941399,100.047,0,822083584,0,423067648,2097152,368869376,163577856,0,73203712,0,2,10.4666,0,0,0,1,1,2,23.5937,100,75.9736,1024,20368,0,0,32
conv,2182,2097152,512,32,16,1,1,8,1,7,1,32,16,3,2201790,2064374,1,7327792,2097161,2,16138240,0,2,87.6713,6422528,1646592,0,0,0.940858,99.8118,0,822083584,0,423067648,2097152,368869376,163577856,0,73203712,0,2,10.4617,0,0,0,1,1,2,23.6381,100,75.9736,1024,20904,0,0,32
conv,22070,8388608,512,32,16,1,2,1,1,1,0,32,16,8,76118056,60807763,2,123348236,62914569,2,158466048,86.5808,1,88.0714,14680064,2883584,205520896,58720256,0.941141,99.8227,0,822083584,0,4345298944,411041792,1661075456,587202560,0,254541824,0,1,1.02747,0,0,0,1,1,2,8.23534,100,96.0881,1024,6160,224,0,32
conv,22113,8388608,512,32,16,1,2,1,1,1,1,32,16,8,77373874,60810004,2,123470576,62914569,2,158466048,86.5959,1,47.9738,29360128,2883584,205520896,58720256,0.944837,100.012,0,822083584,0,4345298944,411041792,1895956480,268435456,0,251920384,0,1,1.02253,0,0,0,1,1,2,8.24275,100,96.0474,1024,6248,224,0,32
conv,8258,8388608,512,32,16,1,2,1,1,7,0,32,16,1,2103771,2068546,1,20775432,4194441,2,55705600,0,1,88.0714,14680064,2883584,0,0,0.699409,99.9829,0,822083584,0,461373440,8388608,721551360,385875968,0,82837504,0,1,2.7408,0,0,0,1,1,2,6.7142,100,90.5113,1024,6160,0,0,37
conv,8269,8388608,512,32,16,1,2,1,1,7,1,32,16,1,2103315,2068522,1,20774960,4194313,2,55705600,0,2,47.9738,29360128,2883584,0,0,0.935216,99.9749,0,822083584,0,461373440,8388608,956432384,402653184,0,90701824,0,1,2.73906,0,0,0,1,1,2,7.04596,100,91.334,1024,6248,0,0,32
conv,20137,8388608,512,32,16,1,2,1,2,1,0,32,16,8,59881691,60802118,2,123456520,60817417,2,158466048,87.5848,1,88.0714,14680064,2883584,205520896,58720256,0.721099,99.279,0,822083584,0,4387241984,411041792,1652686848,293601280,0,246415360,0,1,1.12882,0,0,0,1,1,2,8.30793,100,95.9591,1024,6160,224,0,36
conv,22244,8388608,512,32,16,1,2,1,2,1,1,32,16,8,77723446,60808350,2,123473116,60817417,2,158466048,87.583,1,47.9738,29360128,2883584,205520896,58720256,0.946593,99.9739,0,822083584,0,4387241984,411041792,1887567872,276824064,0,253231104,0,1,1.01873,0,0,0,1,1,2,7.74713,100,96.0679,1024,6248,224,0,32
conv,8205,8388608,512,32,16,1,2,1,2,7,0,32,16,1,2103339,2064550,1,20775416,2097161,2,55705600,0,1,88.0714,14680064,2883584,0,0,0.710682,100.038,0,822083584,0,503316480,8388608,713162752,343932928,0,82575360,0,1,2.76472,0,0,0,1,1,2,6.71281,100,90.4812,1024,6160,0,0,37
conv,8289,8388608,512,32,16,1,2,1,2,7,1,32,16,1,2103427,2064470,1,20775072,2097161,2,55705600,0,2,47.9738,29360128,2883584,0,0,0.914508,99.9203,0,822083584,0,503316480,8388608,948043776,427819008,0,92536832,0,1,2.7293,0,0,0,1,1,2,7.19203,100,91.5058,1024,6248,0,0,32
conv,14175,4194304,512,32,16,1,2,2,1,1,0,32,16,8,48243480,35642814,2,72803416,37748745,2,109641728,84.1751,1,83.3678,8388608,2490368,160432128,33554432,0.964838,99.3963,0,822083584,0,1937588224,209715200,1113128960,587202560,0,161087488,0,1,1.6149,0,0,0,1,1,2,8.05795,100,90.5897,1024,10640,256,0,32
conv,13331,4194304,512,32,16,1,2,2,1,1,1,32,16,7,37377752,35634402,2,71653060,37748745,2,109641728,84.0449,1,76.0388,9437184,2490368,160432128,33554432,0.726574,99.7818,0,822083584,0,1937588224,209715200,1129906176,583008256,0,161480704,0,1,1.69795,0,0,0,1,1,2,8.43087,100,90.6126,1024,10792,256,0,40
conv,4232,4194304,512,32,16,1,2,2,1,7,0,32,16,2,2103783,2068506,1,13271696,4194313,2,29425664,0,1,83.3678,8388608,2490368,0,0,0.702295,99.9936,0,822083584,0,406847488,4194304,404291584,230686720,0,66453504,0,1,5.36363,0,0,0,1,1,2,11.0573,100,87.8482,1024,10640,0,0,35
conv,4247,4194304,512,32,16,1,2,2,1,7,1,32,16,2,2103875,2068494,1,13271640,4194313,2,29425664,0,1,76.0388,9437184,2490368,0,0,0.928022,99.9159,0,822083584,0,406847488,4194304,421068800,243269632,0,67371008,0,1,5.34397,0,0,0,1,1,2,11.1346,100,88.0137,1024,10792,0,0,32
conv,13822,4194304,512,32,16,1,2,2,2,1,0,32,16,8,49016067,35640434,2,72870068,35651593,2,109641728,85.729,1,83.3678,8388608,2490368,160432128,33554432,0.964384,97.8312,0,822083584,0,1975336960,209715200,1104740352,566231040,0,161349632,0,1,1.60148,0,0,0,1,1,2,8.17731,100,90.605,1024,10640,256,0,32
conv,13340,4194304,512,32,16,1,2,2,2,1,1,32,16,7,37248588,35632062,2,71629052,35651593,2,109641728,85.6701,1,76.0388,9437184,2490368,160432128,33554432,0.728923,99.9193,0,822083584,0,1975336960,209715200,1121517568,591396864,0,162660352,0,1,1.69976,0,0,0,1,1,2,8.46294,100,90.6807,1024,10792,256,0,40
conv,4195,4194304,512,32,16,1,2,2,2,7,0,32,16,2,2103447,2064450,1,13271104,2097161,2,29425664,0,1,83.3678,8388608,2490368,0,0,0.710257,100.022,0,822083584,0,444596224,4194304,395902976,222298112,0,67108864,0,1,5.41206,0,0,0,1,1,2,10.9332,100,87.9669,1024,10640,0,0,35
conv,4238,4194304,512,32,16,1,2,2,2,7,1,32,16,2,2103343,2064410,1,13271088,2097161,2,29425664,0,1,76.0388,9437184,2490368,0,0,0.931016,99.9295,0,822083584,0,444596224,4194304,412680192,234881024,0,68026368,0,1,5.3558,0,0,0,1,1,2,10.9116,100,88.1292,1024,10792,0,0,32
conv,8227,2097152,512,32,16,1,2,4,1,1,0,32,16,8,25950808,23047394,2,50986824,25165833,2,85229568,82.0654,1,77.8872,5242880,2293760,137887744,20971520,0.723947,99.8428,0,822083584,0,1100447744,104857600,839155712,549453824,0,124715008,0,1,2.76992,0,0,0,1,1,3,10.2203,100,85.5951,1024,19600,320,0,40
conv,7570,2097152,512,32,16,1,2,4,1,1,1,32,16,8,20710713,23044766,2,47608160,25165833,2,85229568,81.1187,1,71.6562,5898240,2293760,137887744,20971520,0.48968,100.197,0,822083584,0,1100447744,104857600,849641472,683671552,0,129236992,0,2,2.97973,0,0,0,1,1,3,11.3803,100,86.0991,1024,19880,320,0,42
conv,2217,2097152,512,32,16,1,2,4,1,7,0,32,16,3,2153754,2068506,2,9519152,4194313,2,16285696,0,2,77.8872,5242880,2293760,0,0,0.477708,99.8309,0,822083584,0,333266944,2097152,245661696,159383552,0,62259200,0,2,10.2935,0,0,0,1,1,2,21.0174,100,78.4268,1024,19600,0,0,54
conv,2237,2097152,512,32,16,1,2,4,1,7,1,32,16,3,2150922,2068506,2,9519304,4194313,2,16285696,0,2,71.6562,5898240,2293760,0,0,0.711379,100.051,0,822083584,0,333266944,2097152,256147456,138412032,0,61931520,0,2,10.1846,0,0,0,1,1,2,20.6976,100,78.3127,1024,19880,0,0,40
conv,8861,2097152,512,32,16,1,2,4,2,1,0,32,16,8,31663461,23051770,2,56477332,23068681,2,85229568,85.1825,1,77.8872,5242880,2293760,137887744,20971520,0.963429,99.1898,0,822083584,0,1115127808,104857600,830767104,612368384,0,126877696,0,1,2.55184,0,0,0,1,1,3,9.78618,100,85.8407,1024,19600,320,0,32
conv,7581,2097152,512,32,16,1,2,4,2,1,1,32,16,8,20521117,23039234,2,47666236,23068681,2,85229568,83.5842,1,71.6562,5898240,2293760,137887744,20971520,0.489786,100.204,0,822083584,0,1115127808,104857600,841252864,591396864,0,126550016,0,1,2.97876,0,0,0,1,1,3,11.1559,100,85.804,1024,19880,320,0,42
conv,2188,2097152,512,32,16,1,2,4,2,7,0,32,16,3,2173951,2064382,1,9519304,2097161,2,16285696,0,2,77.8872,5242880,2293760,0,0,0.478168,100.087,0,822083584,0,347947008,2097152,237273088,144703488,0,61997056,0,2,10.4346,0,0,0,1,1,2,21.0914,100,78.3356,1024,19600,0,0,46
conv,2223,2097152,512,32,16,1,2,4,2,7,1,32,16,3,2150570,2064362,1,9519168,2097161,2,16285696,0,2,71.6562,5898240,2293760,0,0,0.717573,100.13,0,822083584,0,347947008,2097152,247758848,155189248,0,62652416,0,2,10.2783,0,0,0,1,1,2,20.8719,100,78.5622,1024,19880,0,0,40
conv,6205,1048576,512,32,16,1,2,8,1,1,0,32,16,7,16565523,16749274,2,41468740,18874377,3,73023488,80.3488,1,72.8046,3670016,2195456,126615552,14680064,0.493638,99.7806,0,822083584,0,834564096,52428800,702169088,651165696,0,111902720,0,2,3.66122,0,0,0,1,1,3,13.2268,100,85.521,1024,37520,448,0,48
conv,6190,1048576,512,32,16,1,2,8,1,1,1,32,16,7,16534582,16749226,2,41473424,18874377,3,73023488,80.2622,1,67.5235,4128768,2195456,126615552,14680064,0.493832,99.621,0,822083584,0,834564096,52428800,709509120,661651456,0,112459776,0,2,3.66917,0,0,0,1,1,3,13.0137,100,85.5927,1024,38056,448,0,56
conv,1244,1048576,512,32,16,1,2,8,1,7,0,32,16,5,2201747,2068506,2,7643272,4194313,2,9715712,0,2,72.8046,3670016,2195456,0,0,0.480406,100.046,0,822083584,0,318132224,1048576,166346752,103809024,0,60981248,0,4,18.797,0,0,0,1,1,2,39.1839,100,72.3286,1024,37520,0,0,64
conv,1227,1048576,512,32,16,1,2,8,1,7,1,32,16,5,2201771,2068506,2,7643232,4194313,2,9715712,0,2,67.5235,4128768,2195456,0,0,0.483134,98.7041,0,822083584,0,318132224,1048576,173686784,121634816,0,61767680,0,4,18.805,0,0,0,1,2,2,40.0248,100,72.6809,1024,38056,0,0,64
conv,7577,1048576,512,32,16,1,2,8,2,1,0,32,16,6,16519142,16747094,2,40731180,16777353,2,73023488,83.2647,1,72.8046,3670016,2195456,126615552,14680064,0.489659,99.4347,0,822083584,0,846241792,52428800,693780480,659554304,0,112492544,0,1,2.99345,0,0,0,1,1,3,10.7792,100,85.397,1024,37520,448,0,40
conv,6940,1048576,512,32,16,1,2,8,2,1,1,32,16,6,16295234,16746002,2,40429392,16777225,2,73023488,82.9799,1,67.5235,4128768,2195456,126615552,14680064,0.491446,99.6501,0,822083584,0,846241792,52428800,701120512,665845760,0,112918528,0,1,3.27431,0,0,0,1,1,3,12.18,100,85.4521,1024,38056,448,0,44
conv,1235,1048576,512,32,16,1,2,8,2,7,0,32,16,5,2202044,2064430,2,7643184,2097161,2,9715712,0,2,72.8046,3670016,2195456,0,0,0.484986,101.517,0,822083584,0,331698176,1048576,157958144,110100480,0,61308928,0,4,18.8844,0,0,0,1,1,2,38.6059,100,72.5266,1024,37520,0,0,64
conv,1210,1048576,512,32,16,1,2,8,2,7,1,32,16,5,2201881,2064414,2,7643184,2097161,2,9715712,0,2,67.5235,4128768,2195456,0,0,0.487489,98.2444,0,822083584,0,331763712,1048576,165298176,113246208,0,61669376,0,4,18.9199,0,0,0,1,2,2,40.4826,100,72.6374,1024,38056,0,0,63
conv,19161,4194304,512,32,16,1,4,1,1,1,0,32,16,9,85074210,38788566,2,121982388,45088777,2,132415488,83.4077,1,44.498,18350080,3964928,205520896,36700160,0.851252,100.364,0,822083584,0,2425176064,205520896,1390477312,197132288,0,185466880,0,1,1.17762,0,0,0,1,1,2,6.78941,100,84.9274,1024,11792,280,0,31
conv,19516,4194304,512,32,16,1,4,1,1,1,1,32,16,8,85704756,38788266,2,122001420,45088777,2,132415488,83.3724,1,24.4183,36700160,3964928,205520896,36700160,0.865942,101.438,0,822083584,0,2425176064,205520896,1537277952,197132288,0,190054400,0,1,1.17101,0,0,0,1,1,2,6.89773,100,85.2912,1024,11880,280,0,31
conv,4444,4194304,512,32,16,1,4,1,1,7,0,32,16,2,2103331,2068534,2,19398720,8388617,2,29655040,0,2,44.498,18350080,3964928,0,0,0.471612,99.9559,0,822083584,0,289406976,4194304,421593088,209715200,0,62390272,0,1,5.10894,0,0,0,1,1,2,9.93642,100,87.5033,1024,11792,0,0,48
conv,4473,4194304,512,32,16,1,4,1,1,7,1,32,16,2,2103315,2068506,2,19398704,8388617,2,29655040,0,4,24.4183,36700160,3964928,0,0,0.699881,100.144,0,822083584,0,289406976,4194304,568393728,243269632,0,68026368,0,1,5.08285,0,0,0,1,1,2,10.2038,100,88.5387,1024,11880,0,0,40
conv,19804,4194304,512,32,16,1,4,1,2,1,0,32,16,8,85221947,38788254,2,122008932,40894473,2,132415488,85.4897,1,44.498,18350080,3964928,205520896,36700160,0.859302,100.817,0,822083584,0,2448769024,205520896,1382088704,184549376,0,185335808,0,1,1.17841,0,0,0,1,1,2,7.03177,100,85.0317,1024,11792,280,0,32
conv,19528,4194304,512,32,16,1,4,1,2,1,1,32,16,9,86831706,38787734,2,122057976,40894473,2,132415488,85.5198,1,24.4183,36700160,3964928,205520896,36700160,0.867273,100.961,0,822083584,0,2448769024,205520896,1528889344,184549376,0,189923328,0,1,1.16459,0,0,0,1,1,2,7.15126,100,85.3932,1024,11880,280,0,31
conv,4302,4194304,512,32,16,1,4,1,2,7,0,32,16,2,2103459,2068526,1,19399008,4194313,2,29655040,0,2,44.498,18350080,3964928,0,0,0.482321,99.8987,0,822083584,0,310378496,4194304,413204480,192937984,0,62259200,0,1,5.27371,0,0,0,1,1,2,10.0472,100,87.477,1024,11792,0,0,44
conv,4347,4194304,512,32,16,1,4,1,2,7,1,32,16,2,2103315,2068494,1,19398816,4194441,2,29655040,0,4,24.4183,36700160,3964928,0,0,0.716702,99.8201,0,822083584,0,310378496,4194304,560005120,247463936,0,68550656,0,1,5.21985,0,0,0,1,1,2,10.5928,100,88.6263,1024,11880,0,0,40
conv,19265,4194304,512,32,16,1,4,1,4,1,0,32,16,9,85916683,38789574,2,122006680,38797321,2,132415488,86.65,1,44.498,18350080,3964928,205520896,36700160,0.863298,101.237,0,822083584,0,2452963328,205520896,1377894400,205520896,0,185991168,0,1,1.17095,0,0,0,1,1,2,6.72807,100,85.0844,1024,11792,280,0,32
conv,19614,4194304,512,32,16,1,4,1,4,1,1,32,16,9,88624834,38789702,2,122084096,38797321,2,132415488,86.5726,1,24.4183,36700160,3964928,205520896,36700160,0.860979,98.7673,0,822083584,0,2452963328,205520896,1524695040,205520896,0,190578688,0,1,1.14508,0,0,0,1,1,2,6.96282,100,85.4434,1024,11880,280,0,32
conv,4325,4194304,512,32,16,1,4,1,4,7,0,32,16,2,2103315,2064446,1,19398952,2097161,2,29655040,0,2,44.498,18350080,3964928,0,0,0.47768,99.8861,0,822083584,0,318767104,4194304,409010176,192937984,0,62390272,0,1,5.24752,0,0,0,1,1,2,10.1057,100,87.5033,1024,11792,0,0,43
conv,4321,4194304,512,32,16,1,4,1,4,7,1,32,16,2,2103411,2064410,1,19398800,2097161,2,29655040,0,4,24.4183,36700160,3964928,0,0,0.720488,99.9056,0,822083584,0,318767104,4194304,555810816,247463936,0,68681728,0,1,5.25421,0,0,0,1,1,2,10.5998,100,88.648,1024,11880,0,0,40
conv,12820,2097152,512,32,16,1,4,2,1,1,0,32,16,8,58188447,23056670,2,88099188,29360137,2,107757568,80.6386,1,60.6714,6291456,3424256,182976512,20971520,0.957496,99.8303,0,822083584,0,1009770496,104857600,987529216,247463936,0,118620160,0,1,1.75876,0,0,0,1,1,2,6.01403,100,83.5573,1024,20368,320,0,32
conv,10651,2097152,512,32,16,1,4,2,1,1,1,32,16,7,36609446,23051153,2,73388028,29360137,2,107757568,77.8523,1,39.4065,11534336,3424256,182976512,20971520,0.483825,99.7412,0,822083584,0,1009770496,104857600,1029472256,369098752,0,123731968,0,1,2.13522,0,0,0,1,1,3,7.5534,100,84.2366,1024,20520,320,0,43
conv,2423,2097152,512,32,16,1,4,2,1,7,0,32,16,3,2103703,2068506,2,14418320,8388617,2,16269312,0,2,60.6714,6291456,3424256,0,0,0.460149,99.6326,0,822083584,0,246562816,2097152,213680128,165675008,0,55574528,0,2,9.40956,0,0,0,1,1,2,17.5405,100,81.5402,1024,20368,0,0,64
conv,2417,2097152,512,32,16,1,4,2,1,7,1,32,16,3,2103339,2068506,2,14417968,8388617,2,16269312,0,3,39.4065,11534336,3424256,0,0,0.463592,99.8161,0,822083584,0,246300672,2097152,255623168,161480704,0,56688640,0,2,9.44333,0,0,0,1,1,2,17.3296,100,82.0042,1024,20520,0,0,54
conv,12729,2097152,512,32,16,1,4,2,2,1,0,32,16,8,57883168,23055854,2,88195564,25165881,2,107757568,83.6515,1,60.6714,6291456,3424256,182976512,20971520,0.957557,100.182,0,822083584,0,1028513792,104857600,979140608,251658240,0,119013376,0,1,1.77415,0,0,0,1,1,2,6.07244,100,83.6632,1024,20368,320,0,32
conv,10560,2097152,512,32,16,1,4,2,2,1,1,32,16,8,36594576,23053586,2,73348544,25165833,2,107757568,81.153,1,39.4065,11534336,3424256,182976512,20971520,0.485058,100.516,0,822083584,0,1028644864,104857600,1021083648,377487360,0,124321792,0,1,2.14735,0,0,0,1,1,3,7.6086,100,84.3114,1024,20520,320,0,44
conv,2287,2097152,512,32,16,1,4,2,2,7,0,32,16,3,2103333,2068506,2,14418256,4194313,2,16269312,0,2,60.6714,6291456,3424256,0,0,0.475499,99.9074,0,822083584,0,265437184,2097152,205291520,165675008,0,55902208,0,2,9.96987,0,0,0,1,1,2,18.4065,100,81.6484,1024,20368,0,0,64
conv,2306,2097152,512,32,16,1,4,2,2,7,1,32,16,3,2103351,2068506,2,14417968,4194361,2,16269312,0,3,39.4065,11534336,3424256,0,0,0.479333,99.8469,0,822083584,0,265175040,2097152,247234560,155189248,0,56819712,0,2,9.90349,0,0,0,1,1,2,18.3454,100,82.0457,1024,20520,0,0,54
conv,12918,2097152,512,32,16,1,4,2,4,1,0,32,16,8,57818210,23056914,2,88112856,23068681,2,107757568,85.1296,1,60.6714,6291456,3424256,182976512,20971520,0.959778,99.7257,0,822083584,0,1032708096,104857600,974946304,245366784,0,118816768,0,1,1.76855,0,0,0,1,1,2,6.07645,100,83.6362,1024,20368,320,0,32
conv,10537,2097152,512,32,16,1,4,2,4,1,1,32,16,8,36500888,23050890,2,73370804,23068729,2,107757568,82.8912,1,39.4065,11534336,3424256,182976512,20971520,0.486,99.9009,0,822083584,0,1032708096,104857600,1016889344,377487360,0,124256256,0,1,2.15427,0,0,0,1,1,3,7.6526,100,84.3525,1024,20520,320,0,44
conv,2267,2097152,512,32,16,1,4,2,4,7,0,32,16,3,2103717,2064686,2,14418240,2097161,2,16269312,0,2,60.6714,6291456,3424256,0,0,0.483246,99.8618,0,822083584,0,269631488,2097152,201097216,161480704,0,55771136,0,2,10.0694,0,0,0,1,1,2,18.6758,100,81.6053,1024,20368,0,0,64
conv,2284,2097152,512,32,16,1,4,2,4,7,1,32,16,3,2103993,2064422,2,14418416,2097161,2,16269312,0,3,39.4065,11534336,3424256,0,0,0.480867,99.7604,0,822083584,0,269631488,2097152,243040256,140509184,0,56426496,0,2,9.97682,0,0,0,1,1,2,18.0381,100,81.8189,1024,20520,0,0,48
conv,8112,1048576,512,32,16,1,4,4,1,1,0,32,16,7,27533490,15176859,2,68863964,21495945,3,95428608,77.4966,1,54.7146,3932160,3153920,171704320,13107200,0.49201,99.6964,0,822083584,0,763011072,56623104,852115456,285212672,0,100538368,0,1,2.79619,0,0,0,1,1,3,8.88413,99.9053,86.3801,1024,37520,400,0,32
conv,7691,1048576,512,32,16,1,4,4,1,1,1,32,16,7,27829343,15177095,3,72490132,21495817,3,95428608,78.6343,1,53.5905,4325376,3153920,171704320,13107200,0.492189,99.8242,0,822083584,0,762945536,56623104,855261184,380633088,0,103585792,0,1,2.95008,0,0,0,1,1,3,9.12737,99.9081,86.8105,1024,37800,400,0,48
conv,1956,1048576,512,32,16,1,4,4,1,7,0,32,16,3,2180929,2068506,2,11927984,8388617,1,9576448,0,2,54.7146,3932160,3153920,0,0,0.24086,99.5516,0,822083584,0,209764352,5242880,139083776,98566144,0,56006656,0,2,11.7132,0,0,0,1,1,2,23.3855,99.83,71.1266,768,37520,0,0,80
conv,1960,1048576,512,32,16,1,4,4,1,7,1,32,16,3,2173797,2068522,2,11927600,8388617,1,9576448,0,2,53.5905,4325376,3153920,0,0,0.244596,99.4387,0,822083584,0,209895424,5242880,142229504,96468992,0,56104960,0,2,11.6743,0,0,0,1,1,2,23.2446,99.8303,71.0677,768,37800,0,0,80
conv,7879,1048576,512,32,16,1,4,4,2,1,0,32,16,7,27093398,15177298,2,68168004,17301513,3,95428608,81.126,1,54.7146,3932160,3153920,171704320,13107200,0.493738,99.3505,0,822083584,0,612016128,56623104,843726848,287309824,0,95623168,0,1,2.86829,0,0,0,1,1,3,7.71601,99.9004,85.6801,1024,37520,400,0,32
conv,7802,1048576,512,32,16,1,4,4,2,1,1,32,16,7,27687860,15175810,2,70567184,17301513,3,95428608,81.7114,1,53.5905,4325376,3153920,171704320,13107200,0.49352,100.029,0,822083584,0,611950592,56623104,846872576,331350016,0,97064960,0,1,2.91676,0,0,0,1,1,3,7.92317,99.9019,85.9244,1024,37800,400,0,48
conv,1756,1048576,512,32,16,1,4,4,2,7,0,32,16,4,2169543,2068538,2,11927896,4194313,1,9576448,0,2,54.7146,3932160,3153920,0,0,0.242703,98.8492,0,822083584,0,217300992,5242880,130695168,99614720,0,56104960,0,3,12.9684,0,0,0,1,1,2,25.7911,99.8303,71.013,768,37520,0,0,80
conv,1756,1048576,512,32,16,1,4,4,2,7,1,32,16,4,2161959,2068506,2,11927648,4194313,1,9576448,0,2,53.5905,4325376,3153920,0,0,0.243003,98.6066,0,822083584,0,217300992,5242880,133840896,100663296,0,56236032,0,3,12.9971,0,0,0,1,1,2,26.0294,99.8307,71.0805,896,37800,0,0,72
conv,8115,1048576,512,32,16,1,4,4,4,1,0,32,16,7,28766083,15183886,2,64726704,15204361,3,95428608,82.4097,1,54.7146,3932160,3153920,171704320,13107200,0.491735,99.3761,0,822083584,0,616144896,56623104,839532544,329252864,0,96901120,0,1,2.78227,0,0,0,1,1,3,7.58983,99.9017,85.9006,1024,37520,400,0,40
conv,8234,1048576,512,32,16,1,4,4,4,1,1,32,16,7,28055204,15185434,2,72793748,15204409,3,95428608,83.9139,1,53.5905,4325376,3153920,171704320,13107200,0.491322,100.497,0,822083584,0,616144896,56623104,842678272,342884352,0,97425408,0,1,2.78076,0,0,0,1,1,3,7.43408,99.9023,85.9765,1024,37800,400,0,48
conv,1713,1048576,512,32,16,1,4,4,4,7,0,32,16,4,2171109,2064538,2,11927648,2097161,1,9576448,0,2,54.7146,3932160,3153920,0,0,0.245302,97.9704,0,822083584,0,221429760,5242880,126500864,94371840,0,55908352,0,3,13.3721,0,0,0,1,1,2,27.1981,99.8297,70.966,768,37520,0,0,80
conv,1695,1048576,512,32,16,1,4,4,4,7,1,32,16,4,2169213,2064494,2,11927608,2097161,2,9576448,0,2,53.5905,4325376,3153920,0,0,0.245385,99.0674,0,822083584,0,221495296,5242880,129646592,92274688,0,55973888,0,3,13.6205,0,0,0,1,1,2,27.4139,99.8299,70.9451,896,37800,0,0,72
conv,18178,2097152,512,32,16,1,8,1,1,1,0,32,16,9,89240240,27779006,2,129581104,42467337,2,119029760,74.6596,1,22.3774,25690112,6307840,205520896,25690112,0.800709,100.114,0,822083584,0,1291755520,102760448,1196457984,157286400,0,138870784,0,1,1.46667,0,0,0,1,1,2,6.79874,100,80.3432,1024,23056,392,0,32
conv,19138,2097152,512,32,16,1,8,1,1,1,1,32,16,9,96641795,27777802,2,129581400,42467337,2,119029760,74.6596,2,12.4121,51380224,6307840,205520896,25690112,0.830089,98.9155,0,822083584,0,1291755520,102760448,1299218432,157286400,0,142082048,0,1,1.15856,0,0,0,1,1,2,5.59099,100,80.7875,1024,23144,392,0,32
conv,2891,2097152,512,32,16,1,8,1,1,7,0,32,16,2,2103315,2068534,3,26820704,16777225,1,16269312,0,4,22.3774,25690112,6307840,0,0,0.228458,98.7224,0,822083584,0,209764352,2097152,271613952,161480704,0,62259200,0,2,7.88725,0,0,0,1,1,2,16.6928,100,73.6357,768,23056,0,0,80
conv,3018,2097152,512,32,16,1,8,1,1,7,1,32,16,2,2103315,2068506,3,26820656,16777273,1,16269312,0,7,12.4121,51380224,6307840,0,0,0.453953,99.4722,0,822083584,0,210157568,2097152,374374400,161480704,0,65536000,0,2,7.53024,0,0,0,1,1,2,16.0688,100,74.8727,1024,23144,0,0,64
conv,17934,2097152,512,32,16,1,8,1,2,1,0,32,16,8,80759076,27779566,2,129581440,34078729,2,119029760,78.4863,1,22.3774,25690112,6307840,205520896,25690112,0.768594,100.829,0,822083584,0,1303945216,102760448,1188069376,146800640,0,138608640,0,1,1.31835,0,0,0,1,1,2,6.06793,100,80.3445,1024,23056,392,0,32
conv,19341,2097152,512,32,16,1,8,1,2,1,1,32,16,8,94170661,27779446,2,129582288,34078729,2,119029760,78.4863,2,12.4121,51380224,6307840,205520896,25690112,0.798637,97.1234,0,822083584,0,1303945216,102760448,1290829824,146800640,0,141819904,0,1,1.18019,0,0,0,1,1,2,5.7974,100,80.7895,1024,23144,392,0,32
conv,2579,2097152,512,32,16,1,8,1,2,7,0,32,16,3,2103771,2068534,3,26821264,8388617,2,16269312,0,5,22.3774,25690112,6307840,0,0,0.233414,99.011,0,822083584,0,222740480,2097152,263225344,150994944,0,62128128,0,2,8.84307,0,0,0,1,1,2,18.479,100,73.4944,768,23056,0,0,78
conv,2734,2097152,512,32,16,1,8,1,2,7,1,32,16,2,2103315,2068506,3,26820656,8388617,2,16269312,0,8,12.4121,51380224,6307840,0,0,0.473258,99.8796,0,822083584,0,222740480,2097152,365985792,161480704,0,65667072,0,2,8.34292,0,0,0,1,1,2,17.7723,100,74.9228,1024,23144,0,0,64
conv,17991,2097152,512,32,16,1,8,1,4,1,0,32,16,8,81171659,27778766,2,129581208,29884425,2,119029760,80.5507,1,22.3774,25690112,6307840,205520896,25690112,0.781024,102.916,0,822083584,0,1306042368,102760448,1183875072,155189248,0,138805248,0,1,1.31523,0,0,0,1,1,2,5.93733,100,80.3723,1024,23056,392,0,32
conv,19104,2097152,512,32,16,1,8,1,4,1,1,32,16,8,90846036,27779534,2,129581128,29884425,2,119029760,80.5507,2,12.4121,51380224,6307840,205520896,25690112,0.81174,101.639,0,822083584,0,1306042368,102760448,1286635520,155189248,0,142016512,0,1,1.21037,0,0,0,1,1,2,5.69059,100,80.8161,1024,23144,392,0,32
conv,2528,2097152,512,32,16,1,8,1,4,7,0,32,16,3,2103315,2068534,3,26820656,4194313,2,16269312,0,5,22.3774,25690112,6307840,0,0,0.240532,98.6224,0,822083584,0,224444416,2097152,259031040,148897792,0,61931520,0,2,9.05129,0,0,0,1,1,2,18.9885,100,73.4962,768,23056,0,0,78
conv,2495,2097152,512,32,16,1,8,1,4,7,1,32,16,3,2103395,2068458,3,26820736,4194313,2,16269312,0,9,12.4121,51380224,6307840,0,0,0.477768,99.9867,0,822083584,0,224444416,2097152,361791488,174063616,0,65929216,0,2,9.15131,0,0,0,1,1,2,19.684,100,75.1033,1024,23144,0,0,64
conv,12720,1048576,512,32,16,1,8,2,1,1,0,32,16,8,59709981,16749498,2,111052676,31457289,2,106504192,72.9722,1,31.1297,8388608,5447680,194248704,14680064,0.489405,99.9889,0,822083584,0,749903872,52428800,949895168,74448896,0,96305152,0,1,1.79049,0,0,0,1,1,2,5.13063,100,85.9495,1024,39824,448,0,32
conv,12711,1048576,512,32,16,1,8,2,1,1,1,32,16,8,59191792,16754370,2,94728132,31457289,2,106504192,69.2562,1,20.3397,15728640,5447680,194248704,14680064,0.488634,100.34,0,822083584,0,749903872,52428800,979255296,139460608,0,99254272,0,1,1.80148,0,0,0,1,1,2,5.22193,100,86.3669,1024,39976,448,0,47
conv,2516,1048576,512,32,16,1,8,2,1,7,0,32,16,3,2103331,2068506,3,21995784,16777225,1,9379840,0,2,31.1297,8388608,5447680,0,0,0.236107,98.5237,0,822083584,0,199270400,1048576,143540224,56623104,0,51281920,0,2,9.06613,0,0,0,1,1,1,16.5151,100,74.5003,640,39824,0,0,96
conv,2573,1048576,512,32,16,1,8,2,1,7,1,32,16,3,2103315,2068534,3,21995568,16777225,1,9379840,0,3,20.3397,15728640,5447680,0,0,0.236884,99.157,0,822083584,0,199401472,1048576,172900352,61865984,0,52396032,0,2,8.85581,0,0,0,1,1,1,15.9948,100,74.9878,768,39976,0,0,80
conv,12425,1048576,512,32,16,1,8,2,2,1,0,32,16,8,59212835,16749742,2,107766964,23068681,2,106504192,76.7951,1,31.1297,8388608,5447680,194248704,14680064,0.490227,99.7739,0,822083584,0,602054656,52428800,941506560,120586240,0,92864512,0,1,1.82298,0,0,0,1,1,2,4.42849,100,85.4289,1024,39824,448,0,32
conv,12119,1048576,512,32,16,1,8,2,2,1,1,32,16,8,58696948,16750670,2,99773852,23068681,2,106504192,75.2852,1,20.3397,15728640,5447680,194248704,14680064,0.489349,100.101,0,822083584,0,602054656,52428800,970866688,199229440,0,96239616,0,1,1.86736,0,0,0,1,1,2,4.73076,100,85.9399,1024,39976,448,0,48
conv,2114,1048576,512,32,16,1,8,2,2,7,0,32,16,3,2103344,2068622,3,21995592,8388617,1,9379840,0,3,31.1297,8388608,5447680,0,0,0.238165,98.6597,0,822083584,0,208838656,1048576,135151616,60817408,0,51478528,0,2,10.8476,0,0,0,1,1,1,19.7189,100,74.542,640,39824,0,0,96
conv,2227,1048576,512,32,16,1,8,2,2,7,1,32,16,3,2103315,2068566,3,21995736,8388745,1,9379840,0,4,20.3397,15728640,5447680,0,0,0.23773,98.6012,0,822083584,0,208838656,1048576,164511744,60817408,0,52396032,0,2,10.2443,0,0,0,1,1,1,18.7792,100,74.9878,640,39976,0,0,90
conv,12352,1048576,512,32,16,1,8,2,4,1,0,32,16,8,58780082,16754514,2,96950840,18874377,2,106504192,77.4866,1,31.1297,8388608,5447680,194248704,14680064,0.490502,99.6764,0,822083584,0,604151808,52428800,937312256,120586240,0,92798976,0,1,1.8379,0,0,0,1,1,2,4.46193,100,85.4186,1024,39824,448,0,32
conv,12327,1048576,512,32,16,1,8,2,4,1,1,32,16,8,59005166,16751578,2,97221624,18874377,2,106504192,77.4944,1,20.3397,15728640,5447680,194248704,14680064,0.490567,99.8781,0,822083584,0,604151808,52428800,966672384,217055232,0,96731136,0,1,1.83606,0,0,0,1,1,2,4.61263,100,86.0113,1024,39976,448,0,46
conv,1958,1048576,512,32,16,1,8,2,4,7,0,32,16,3,2103344,2068522,3,21995568,4194313,1,9379840,0,3,31.1297,8388608,5447680,0,0,0.241228,99.3903,0,822083584,0,210935808,1048576,130957312,57671680,0,51314688,0,2,11.7293,0,0,0,1,1,2,21.2101,100,74.4607,512,39824,0,0,108
conv,2059,1048576,512,32,16,1,8,2,4,7,1,32,16,3,2103315,2068506,3,21995656,4194313,1,9379840,0,4,20.3397,15728640,5447680,0,0,0.24087,99.6282,0,822083584,0,210804736,1048576,160317440,62914560,0,52363264,0,2,11.1504,0,0,0,1,1,1,20.2149,100,75.0269,768,39976,0,0,80
conv,43268,27394048,836,32,16,2,1,1,1,1,0,38,22,7,103628978,124111715,2,156500776,124518409,2,247496704,86.847,1,84.5642,30507008,884736,218365952,122028032,0.583506,100.125,0,822083584,0,9139519488,887488512,3387293696,479723520,0,547979264,0,1,0.524502,0,0,0,1,1,2,10.486,84.9399,83.9226,1024,3344,200,0,32
conv,43174,27394048,836,32,16,2,1,1,1,1,1,38,22,7,103860018,124097728,2,156501792,124518409,2,247496704,86.847,1,51.7321,49774592,1540096,218365952,122028032,0.583223,99.9878,0,822083584,0,9139519488,887488512,3387293696,479723520,0,547979264,0,1,0.524136,0,0,0,1,1,2,10.4931,84.9399,83.9226,1024,3432,200,0,32
conv,19219,27394048,836,32,16,2,1,1,1,7,0,38,22,1,2103787,2068810,1,34472504,2490377,2,125468672,0,1,84.5642,30507008,884736,0,0,0.561326,99.9472,0,822083584,0,538968064,82182144,1743126528,832045056,0,146145280,0,1,1.17579,0,0,0,1,1,2,5.30074,86.8694,85.9249,1024,3344,0,0,31
conv,19219,27394048,836,32,16,2,1,1,1,7,1,38,22,1,2103331,2068830,1,34472000,2490377,2,125468672,0,1,51.7321,49774592,1540096,0,0,0.561371,99.94,0,822083584,0,538968064,82182144,1743126528,832045056,0,146145280,0,1,1.17565,0,0,0,1,1,2,5.30053,86.8694,85.9249,1024,3432,0,0,31
conv,29490,11829248,722,32,16,2,1,2,1,1,0,38,19,6,60883897,71827987,1,87703600,72220681,1,132481024,86.4256,1,51.8241,28442624,1310720,122552320,69730304,0.575949,100.236,0,822083584,0,3564273664,446529536,1535541248,296386560,0,248954880,0,1,0.768304,0,0,0,1,1,2,6.43634,85.2826,83.6599,1024,5776,224,0,40
conv,29547,11829248,722,32,16,2,1,2,1,1,1,38,19,6,60667063,71813354,1,87704024,72220681,1,132481024,86.4256,1,51.8241,28442624,1310720,122552320,69730304,0.576075,100.347,0,822083584,0,3564273664,446529536,1535541248,296386560,0,248954880,0,1,0.769594,0,0,0,1,1,2,6.43999,85.2826,83.6599,1024,5928,224,0,40
conv,9630,11829248,722,32,16,2,1,2,1,7,0,38,19,1,2103315,2068518,1,19218816,2490377,2,63995904,0,2,51.8241,28442624,1310720,0,0,0.556952,99.7521,0,822083584,0,428441600,35487744,956727296,405438464,0,95977472,0,1,2.34948,0,0,0,1,1,2,6.41357,86.8823,86.224,1024,5776,0,0,32
conv,9628,11829248,722,32,16,2,1,2,1,7,1,38,19,1,2103315,2068522,1,19218480,2490377,2,63995904,0,2,51.8241,28442624,1310720,0,0,0.557337,99.7668,0,822083584,0,428441600,35487744,956727296,405438464,0,95977472,0,1,2.35012,0,0,0,1,1,2,6.41437,86.8823,86.224,1024,5928,0,0,32
conv,17637,5603328,684,32,16,2,1,4,1,1,0,38,18,7,42563278,45660610,1,59513708,46071945,2,101744640,86.9818,1,51.9036,17776640,1212416,122552320,43581440,0.590925,99.8478,0,822083584,0,1986297856,255950848,1173258240,613515264,0,180379648,0,1,1.28175,0,0,0,1,1,2,7.73091,85.5352,84.0433,1024,10640,280,0,32
conv,17663,5603328,684,32,16,2,1,4,1,1,1,38,18,7,42550559,45660627,1,59499792,46071817,2,101744640,86.9797,1,51.9036,17776640,1212416,122552320,43581440,0.590819,99.9013,0,822083584,0,1986297856,255950848,1173258240,613515264,0,180379648,0,1,1.28089,0,0,0,1,1,2,7.72158,85.5352,84.0433,1024,10920,280,0,32
conv,4931,5603328,684,32,16,2,1,4,1,7,0,38,18,2,2206556,2068290,1,11255872,2490377,2,33259520,0,2,51.9036,17776640,1212416,0,0,0.575956,99.9346,0,822083584,0,306511872,16809984,565084160,223838208,0,70385664,0,1,4.59988,0,0,0,1,1,2,9.37892,86.5645,85.8808,1024,10640,0,0,32
conv,4930,5603328,684,32,16,2,1,4,1,7,1,38,18,2,2206902,2068346,1,11255880,2490377,2,33259520,0,2,51.9036,17776640,1212416,0,0,0.570202,99.8793,0,822083584,0,306511872,16809984,565084160,223838208,0,70385664,0,1,4.59959,0,0,0,1,1,2,9.38352,86.5645,85.8808,1024,10920,0,0,32
conv,10898,2646016,646,32,16,2,1,8,1,1,0,38,17,8,34411096,32607443,2,47479660,32997385,1,59604992,87.8822,1,51.9905,12443648,1163264,74645504,30507008,0.878015,100.048,0,822083584,0,1161371648,147742720,753197056,757473280,0,134569984,0,1,2.08496,0,0,0,1,1,2,9.78604,85.7995,84.5719,1024,20368,392,0,30
conv,10889,2646016,646,32,16,2,1,8,1,1,1,38,17,8,34255360,32606064,2,47486532,32997385,1,59604992,87.8574,1,51.9905,12443648,1163264,74645504,30507008,0.877866,99.6453,0,822083584,0,1161371648,147742720,753197056,757473280,0,134569984,0,1,2.08257,0,0,0,1,1,2,9.81432,85.7995,84.5719,1024,20904,392,0,30
conv,2572,2646016,646,32,16,2,1,8,1,7,0,38,17,3,2201851,2068322,1,7291168,2490377,2,17891328,0,2,51.9905,12443648,1163264,0,0,0.873694,102.301,0,822083584,0,258285568,7938048,369418240,119382016,0,57380864,0,2,8.96435,0,0,0,1,1,2,15.299,86.3012,85.8903,1024,20368,0,0,32
conv,2587,2646016,646,32,16,2,1,8,1,7,1,38,17,3,2201747,2068282,1,7290928,2490377,2,17891328,0,2,51.9905,12443648,1163264,0,0,0.869711,99.7836,0,822083584,0,258285568,7938048,369418240,119382016,0,57380864,0,2,8.8831,0,0,0,1,1,2,15.543,86.3012,85.8903,1024,20904,0,0,32
conv,23061,12615680,770,32,16,2,2,1,1,1,0,35,22,7,60540045,66314501,2,133650698,69500937,2,171769856,86.9369,1,85.3639,16515072,1605632,224788480,64225280,0.5569,100.09,0,822083584,0,4279107584,415268864,1665302528,612761600,0,275120128,0,1,0.982763,0,0,0,1,1,2,8.52362,89.393,88.5355,1024,6160,224,0,32
conv,23010,12615680,770,32,16,2,2,1,1,1,1,35,22,7,60316489,66295522,2,133519358,69500937,2,171769856,86.9195,1,47.2062,31195136,1572864,224788480,64225280,0.557989,100.366,0,822083584,0,4279107584,415268864,1900183552,293994496,0,272171008,0,1,0.986243,0,0,0,1,1,2,8.60922,89.3985,88.5316,1024,6248,224,0,32
conv,9230,12615680,770,32,16,2,2,1,1,7,0,35,22,1,2103315,2068982,1,21299248,5275657,2,59375616,0,1,85.3639,16515072,1605632,0,0,0.276176,98.9149,0,822083584,0,378339328,12615680,725778432,348487680,0,79249408,0,1,2.45098,0,0,0,1,1,2,5.76254,90.5249,90.1941,1024,6160,0,0,38
conv,9314,12615680,770,32,16,2,2,1,1,7,1,35,22,1,2103315,2068622,1,21299624,5275657,2,59375616,0,2,47.2062,31195136,1572864,0,0,0.52859,99.8704,0,822083584,0,378339328,12615680,960659456,398819328,0,89276416,0,1,2.4298,0,0,0,1,1,2,6.10512,90.3411,90.0475,1024,6248,0,0,32
conv,23255,12615680,770,32,16,2,2,1,2,1,0,35,22,7,61136335,66312522,2,130141348,66519049,2,171769856,89.3931,1,89.2368,16515072,819200,224788480,64225280,0.556067,99.1048,0,822083584,0,4325212160,440500224,1631682560,621150208,0,277594112,0,1,0.972143,0,0,0,1,1,2,8.02654,89.3994,88.2654,1024,6160,224,0,32
conv,23107,12615680,770,32,16,2,2,1,2,1,1,35,22,7,60841208,66315311,2,130235988,66519049,2,171769856,89.7469,1,47.2062,31195136,1572864,224788480,64225280,0.558416,100.243,0,822083584,0,4325212160,440500224,1879179264,302383104,0,275054592,0,1,0.982399,0,0,0,1,1,2,8.66494,89.4151,88.2706,1024,6248,224,0,32
conv,9169,12615680,770,32,16,2,2,1,2,7,0,35,22,1,2103411,2067806,1,17875088,2293769,2,59375616,0,1,89.2368,16515072,819200,0,0,0.268275,98.8732,0,822083584,0,428670976,37847040,692158464,369491968,0,81838080,0,1,2.46687,0,0,0,1,1,2,6.12218,90.5468,89.7447,1024,6160,0,0,37
conv,9168,12615680,770,32,16,2,2,1,2,7,1,35,22,1,2103331,2066690,1,17875008,2293769,2,59375616,0,2,47.2062,31195136,1572864,0,0,0.531597,99.733,0,822083584,0,428670976,37847040,939655168,444989440,0,93159424,0,1,2.46777,0,0,0,1,1,2,6.65088,90.3777,89.6731,1024,6248,0,0,32
conv,15296,5447680,665,32,16,2,2,2,1,1,0,35,19,7,46734013,38791928,2,77509972,41975817,2,118587392,84.1623,1,62.4788,12582912,1933312,175472640,36700160,0.826977,99.984,0,822083584,0,1981489152,254550016,1114382336,574955520,0,168050688,0,1,1.48221,0,0,0,1,1,2,7.69433,89.9815,88.2818,1024,10640,256,0,32
conv,18185,5447680,665,32,16,2,2,2,1,1,1,35,19,4,16570402,38237166,1,62252586,41975817,2,118587392,81.8445,1,56.6015,14090240,1933312,175472640,36700160,0.274646,100.024,0,822083584,0,1981489152,254550016,1131159552,549789696,0,167755776,0,1,1.24914,0,0,0,1,1,2,6.4389,89.9835,88.2807,1024,10792,256,0,42
conv,4767,5447680,665,32,16,2,2,2,1,7,0,35,19,2,2103619,2068506,1,13648336,5275657,2,30851072,0,2,62.4788,12582912,1933312,0,0,0.806039,99.9311,0,822083584,0,310566912,27238400,405544960,187006976,0,60678144,0,1,4.76087,0,0,0,1,1,2,9.06615,91.03,90.2529,1024,10640,0,0,32
conv,4761,5447680,665,32,16,2,2,2,1,7,1,35,19,2,2103315,2068590,1,13648056,5275657,2,30851072,0,2,56.6015,14090240,1933312,0,0,0.527666,99.9367,0,822083584,0,310566912,27238400,422322176,200843264,0,61734912,0,1,4.76119,0,0,0,1,1,2,9.07062,91.0214,90.2576,1024,10792,0,0,34
conv,15256,5447680,665,32,16,2,2,2,2,1,0,35,19,8,46922208,38792287,2,74259622,38994057,2,118587392,88.7536,1,66.9362,12582912,966656,175472640,36700160,0.821422,99.7874,0,822083584,0,1886806016,232759296,1084203008,530939904,0,161513472,0,1,1.48537,0,0,0,1,1,2,7.36707,89.6182,88.1659,1024,10640,256,0,32
conv,18048,5447680,665,32,16,2,2,2,2,1,1,35,19,4,16564146,38120727,1,59060038,38994057,2,118587392,87.018,1,58.3619,14090240,1449984,175472640,36700160,0.274513,99.2663,0,822083584,0,1886806016,232759296,1106427904,463831040,0,159916032,0,1,1.24971,0,0,0,1,1,2,6.13811,89.6363,88.1695,1024,10792,256,0,46
conv,4634,5447680,665,32,16,2,2,2,2,7,0,35,19,2,2103339,2066342,1,10436656,2293769,2,30851072,0,2,66.9362,12582912,966656,0,0,0.794522,99.9647,0,822083584,0,304734208,16343040,375365632,205037568,0,59744256,0,1,4.893,0,0,0,1,1,2,9.15071,90.6576,90.1532,1024,10640,0,0,32
conv,4646,5447680,665,32,16,2,2,2,2,7,1,35,19,2,2104279,2066258,1,10437616,2293769,2,30851072,0,2,58.3619,14090240,1449984,0,0,0.809803,99.9185,0,822083584,0,304734208,16343040,397590528,200843264,0,60358656,0,1,4.88243,0,0,0,1,1,2,9.25205,90.6683,90.1691,1024,10792,0,0,32
conv,8942,2580480,630,32,16,2,2,4,1,1,0,35,18,8,26386758,25021950,2,51974976,28213257,2,91996160,81.5709,1,60.8287,7864320,1785856,150814720,22937600,0.554153,99.9585,0,822083584,0,1204363264,146628608,839639040,569491456,0,126074880,0,1,2.54403,0,0,0,1,1,3,9.49869,90.1448,88.7916,1024,19600,320,0,40
conv,8892,2580480,630,32,16,2,2,4,1,1,1,35,18,8,25938859,25025314,2,51989048,28213257,2,91996160,81.5617,1,55.4186,8806400,1785856,150814720,22937600,0.553147,99.6825,0,822083584,0,1204363264,146628608,850124800,663863296,0,129761280,0,1,2.55226,0,0,0,1,1,3,9.87173,90.1091,88.7944,1024,19880,320,0,48
conv,2502,2580480,630,32,16,2,2,4,1,7,0,35,18,3,2198967,2068522,1,9511160,5275657,2,16588800,0,2,60.8287,7864320,1785856,0,0,0.533296,99.7685,0,822083584,0,283566080,12902400,246145024,102752256,0,50970624,0,2,9.09505,0,0,0,1,1,2,15.3677,90.7305,89.9691,1024,19600,0,0,46
conv,2494,2580480,630,32,16,2,2,4,1,7,1,35,18,3,2198605,2068506,1,9511112,5275657,2,16588800,0,2,55.4186,8806400,1785856,0,0,0.53525,99.7904,0,822083584,0,283566080,12902400,256630784,104849408,0,51412992,0,2,9.13094,0,0,0,1,1,2,15.5301,90.7146,89.9598,1024,19880,0,0,40
conv,8879,2580480,630,32,16,2,2,4,2,1,0,35,18,8,26713817,25030385,2,49031430,25231369,2,91996160,88.0688,1,67.0311,7864320,892928,150814720,22937600,0.55068,99.7069,0,822083584,0,1047994368,125984768,811180032,525156352,0,117694464,0,1,2.55587,0,0,0,1,1,3,8.81732,89.5957,88.4812,1024,19600,320,0,40
conv,8826,2580480,630,32,16,2,2,4,2,1,1,35,18,8,26069881,25033703,2,49032180,25231369,2,91996160,88.0649,1,57.8573,8806400,1339392,150814720,22937600,0.549693,99.6638,0,822083584,0,1047994368,125984768,826683392,619528192,0,121540608,0,1,2.57117,0,0,0,1,1,3,9.24535,89.5855,88.5063,1024,19880,320,0,48
conv,2382,2580480,630,32,16,2,2,4,2,7,0,35,18,3,2208601,2066438,1,6561992,2293769,2,16588800,0,2,67.0311,7864320,892928,0,0,0.530437,99.8049,0,822083584,0,247783424,7741440,217686016,109527040,0,48881664,0,2,9.56237,0,0,0,1,1,2,15.6318,90.3291,89.8101,1024,19600,0,0,40
conv,2383,2580480,630,32,16,2,2,4,2,7,1,35,18,3,2209101,2066482,1,6561952,2293769,2,16588800,0,2,57.8573,8806400,1339392,0,0,0.527672,99.7912,0,822083584,0,247783424,7741440,233189376,98557952,0,49037312,0,2,9.54942,0,0,0,1,1,2,15.6159,90.3405,89.814,1024,19880,0,0,40
conv,6481,1218560,595,32,16,2,2,8,1,1,0,35,17,7,15539831,18130048,2,30908244,21331977,3,78684160,75.65,1,59.1693,5505024,1712128,138485760,16056320,0.275328,99.7743,0,822083584,0,759562240,57473024,702339072,555319296,0,101699584,0,1,3.51213,0,0,0,1,1,3,13.1484,89.6167,89.0115,1024,37520,448,0,54
conv,7495,1218560,595,32,16,2,2,8,1,1,1,35,17,6,15711290,18129996,2,31889388,21332025,2,78684160,76.0815,1,54.2154,6164480,1712128,138485760,16056320,0.275207,99.6231,0,822083584,0,759562240,57473024,709679104,605820928,0,103729152,0,1,3.02576,0,0,0,1,1,3,10.1029,89.6059,89.0124,1024,38056,448,0,52
conv,1351,1218560,595,32,16,2,2,8,1,7,0,35,17,4,2201747,2068522,2,7455000,5275657,2,9441280,0,2,59.1693,5505024,1712128,0,0,0.265658,98.7123,0,822083584,0,261318656,6092800,166516736,59682816,0,45631488,0,3,17.0049,0,0,0,1,1,2,27.3165,90.5187,90.1033,1024,37520,0,0,64
conv,1342,1218560,595,32,16,2,2,8,1,7,1,35,17,4,2201763,2068506,2,7454784,5275657,2,9441280,0,3,54.2154,6164480,1712128,0,0,0.266168,98.7055,0,822083584,0,261318656,6092800,173856768,59512832,0,45887488,0,3,17.1239,0,0,0,1,1,2,27.3836,90.502,90.0889,1024,38056,0,0,63
conv,7342,1218560,595,32,16,2,2,8,2,1,0,35,17,6,15881983,18130172,2,28963008,18350089,2,78684160,85.3652,1,67.089,5505024,860160,138485760,16056320,0.275078,99.5301,0,822083584,0,718053376,55035904,674740224,603213824,0,101050368,0,1,3.08668,0,0,0,1,1,3,10.488,89.3968,88.8519,1024,37520,448,0,54
conv,7462,1218560,595,32,16,2,2,8,2,1,1,35,17,6,15712845,18129212,2,28745168,18350089,2,78684160,85.2823,1,57.3151,6164480,1286144,138485760,16056320,0.276275,99.6786,0,822083584,0,718053376,55035904,686882816,652496896,0,103196672,0,1,3.04037,0,0,0,1,1,3,9.92225,89.3998,88.8641,1024,38056,448,0,52
conv,1225,1218560,595,32,16,2,2,8,2,7,0,35,17,5,2201747,2066258,1,4630584,2293769,2,9441280,0,2,67.089,5505024,860160,0,0,0.268631,98.6686,0,822083584,0,219809792,3655680,138917888,54978560,0,43137024,0,3,18.8156,0,0,0,1,1,2,28.7514,90.0787,89.7899,1024,37520,0,0,56
conv,1240,1218560,595,32,16,2,2,8,2,7,1,35,17,5,2201747,2066290,1,4630792,2293769,2,9441280,0,3,57.3151,6164480,1286144,0,0,0.273718,98.7894,0,822083584,0,219809792,3655680,151060480,52881408,0,43476992,0,3,18.5045,0,0,0,1,1,2,28.5715,90.1015,89.8098,1024,38056,0,0,56
conv,18071,6127616,748,32,16,2,4,1,1,1,0,34,22,8,64911157,41081951,2,128785368,47382537,2,139558912,84.1099,1,47.2011,18350080,2686976,218365952,38993920,0.529638,99.8555,0,822083584,0,2376794112,219709440,1392410624,194838528,0,167272448,0,1,1.259,0,0,0,1,1,2,6.47947,94.3527,93.5195,1024,11792,280,0,31
conv,18085,6127616,748,32,16,2,4,1,1,1,1,34,22,8,64959769,41083749,2,128787232,47382537,2,139558912,84.1107,1,28.534,32112640,2686976,218365952,38993920,0.530564,99.9708,0,822083584,0,2376794112,219709440,1539211264,194838528,0,172146688,0,1,1.25042,0,0,0,1,1,2,6.65839,94.346,93.5365,1024,11880,280,0,32
conv,4633,6127616,748,32,16,2,4,1,1,7,0,34,22,2,2103315,2068750,2,19603736,8388745,2,30375936,0,2,47.2011,18350080,2686976,0,0,0.266344,98.8784,0,822083584,0,208994304,6127616,423526400,170000384,0,53952512,0,1,4.89728,0,0,0,1,1,2,8.43626,94.7388,94.4541,1024,11792,0,0,52
conv,4714,6127616,748,32,16,2,4,1,1,7,1,34,22,2,2103315,2068534,1,19603504,8388617,2,30375936,0,3,28.534,32112640,2686976,0,0,0.522474,99.8546,0,822083584,0,208994304,6127616,570327040,220332032,0,60497920,0,1,4.80962,0,0,0,1,1,2,8.54391,94.6716,94.4177,1024,11880,0,0,40
conv,18383,6127616,748,32,16,2,4,1,2,1,0,34,22,8,67630084,41082490,2,122397032,43188361,2,139558912,89.4868,1,50.0052,18350080,1507328,218365952,38993920,0.533699,100.545,0,822083584,0,2455306240,207454208,1359872000,153042944,0,166854656,0,1,1.24438,0,0,0,1,1,2,6.33067,94.3533,93.6024,1024,11792,280,0,31
conv,18204,6127616,748,32,16,2,4,1,2,1,1,34,22,8,66834338,41082306,2,122396720,43188233,2,139558912,89.487,1,28.534,32112640,2686976,218365952,38993920,0.526217,99.8833,0,822083584,0,2455306240,219709440,1518747648,153042944,0,172711936,0,1,1.24252,0,0,0,1,1,2,6.66299,94.315,93.5244,1024,11880,280,0,31
conv,4430,6127616,748,32,16,2,4,1,2,7,0,34,22,2,2103315,2068754,1,13213744,4194313,2,30375936,0,2,50.0052,18350080,1507328,0,0,0.267985,98.8143,0,822083584,0,299941888,6127616,390987776,189038592,0,56524800,0,1,5.11892,0,0,0,1,1,2,9.46642,94.779,94.4375,1024,11792,0,0,48
conv,4456,6127616,748,32,16,2,4,1,2,7,1,34,22,2,2103779,2068502,1,13214264,4194313,2,30375936,0,3,28.534,32112640,2686976,0,0,0.529908,99.9342,0,822083584,0,299941888,18382848,549863424,197427200,0,62660608,0,1,5.0911,0,0,0,1,1,2,9.5483,94.6488,94.143,1024,11880,0,0,40
conv,13701,2646016,646,32,16,2,4,2,1,1,0,34,19,8,62077650,24363669,2,85555448,30670857,2,113541120,80.3114,1,55.6937,7471104,3112960,194412544,22282240,0.784532,99.3829,0,822083584,0,1041342464,131866624,988078080,213696512,0,107470848,0,1,1.64878,0,0,0,1,1,2,5.05576,94.274,92.9632,1024,20368,320,0,32
conv,11503,2646016,646,32,16,2,4,2,1,1,1,34,19,5,16242681,24305642,2,76455132,30670857,2,113541120,78.6758,1,43.3471,11272192,2326528,194412544,22282240,0.261961,99.6666,0,822083584,0,1041342464,131866624,1030021120,326942720,0,112623616,0,1,1.97286,0,0,0,1,1,3,6.31094,94.2669,93.016,1024,20520,320,0,42
conv,2540,2646016,646,32,16,2,4,2,1,7,0,34,19,3,2103315,2068654,2,14454976,8388617,2,16334848,0,2,55.6937,7471104,3112960,0,0,0.252677,98.8672,0,822083584,0,175521792,23814144,214228992,113033216,0,45047808,0,2,8.9638,0,0,0,1,1,2,13.8509,94.428,93.5591,896,20368,0,0,68
conv,2546,2646016,646,32,16,2,4,2,1,7,1,34,19,3,2103315,2068602,2,14455184,8388617,2,16334848,0,2,43.3471,11272192,2326528,0,0,0.254011,98.9446,0,822083584,0,175521792,23814144,256172032,116678656,0,46563328,0,2,8.94927,0,0,0,1,1,2,13.8611,94.4141,93.5735,1024,20520,0,0,54
conv,13634,2646016,646,32,16,2,4,2,2,1,0,34,19,8,61804339,24367930,2,79803048,26476553,2,113541120,87.649,1,65.1778,7471104,1572864,194412544,22282240,0.783455,99.4318,0,822083584,0,1022472192,126418944,958832640,209248256,0,105619456,0,1,1.65158,0,0,0,1,1,2,4.93967,94.2079,92.8763,1024,20368,320,0,32
conv,11381,2646016,646,32,16,2,4,2,2,1,1,34,19,5,16137211,24280945,2,70933928,26476553,2,113541120,86.5194,1,45.0289,11272192,1818624,194412544,22282240,0.262423,99.6487,0,822083584,0,1022472192,126418944,1005989888,322494464,0,110944256,0,1,1.99124,0,0,0,1,1,3,6.22651,94.2045,92.9368,1024,20520,320,0,44
conv,2278,2646016,646,32,16,2,4,2,2,7,0,34,19,3,2103315,2068586,1,8933424,4194313,2,16334848,0,2,65.1778,7471104,1572864,0,0,0.261228,98.8027,0,822083584,0,218984448,13230080,184983552,103055360,0,44711936,0,2,9.99042,0,0,0,1,1,2,15.6278,94.3294,93.8184,1024,20368,0,0,64
conv,2265,2646016,646,32,16,2,4,2,2,7,1,34,19,3,2103551,2068578,1,8933672,4194313,2,16334848,0,3,45.0289,11272192,1818624,0,0,0.262006,98.7988,0,822083584,0,218984448,13230080,232140800,100958208,0,46206976,0,2,10.062,0,0,0,1,1,2,15.8231,94.3248,93.8303,1024,20520,0,0,48
conv,8051,1253376,612,32,16,2,4,4,1,1,0,34,18,8,31900135,15996966,3,79689056,22315017,3,100499456,80.1285,1,51.4436,4669440,2867200,182435840,13926400,0.51999,99.4393,0,822083584,0,547880960,62660608,852320256,323862528,0,87275520,0,1,2.81263,0,0,0,1,1,3,7.01629,94.1881,93.4114,1024,37520,400,0,39
conv,7521,1253376,612,32,16,2,4,4,1,1,1,34,18,5,13944394,15995227,2,53255108,22315017,3,100499456,73.1783,1,50.08,5136384,2867200,182435840,13926400,0.26203,99.6089,0,822083584,0,547880960,62660608,855465984,273530880,0,85708800,0,1,3.02015,0,0,0,1,1,3,7.25804,94.1894,93.3984,1024,37800,400,0,61
conv,1457,1253376,612,32,16,2,4,4,1,7,0,34,18,4,2201314,2068506,3,11880496,8388617,2,9281536,0,2,51.4436,4669440,2867200,0,0,0.248016,98.941,0,822083584,0,158654464,11280384,139288576,59162624,0,39725056,0,3,15.7796,0,0,0,1,1,2,22.654,94.2833,93.6491,768,37520,0,0,80
conv,1445,1253376,612,32,16,2,4,4,1,7,1,34,18,4,2200895,2068506,3,11880680,8388617,2,9281536,0,2,50.08,5136384,2867200,0,0,0.248319,98.8229,0,822083584,0,158654464,11280384,142434304,68599808,0,40142848,0,3,15.9068,0,0,0,1,1,2,23.1038,94.2815,93.654,640,37800,0,0,96
conv,8441,1253376,612,32,16,2,4,4,2,1,0,34,18,8,31983534,15997990,2,70557240,18120713,3,100499456,87.5611,1,63.3576,4669440,1449984,182435840,13926400,0.521215,99.4598,0,822083584,0,571674624,57647104,824721408,205000704,0,83030016,0,1,2.68778,0,0,0,1,1,3,5.97067,94.1516,93.3822,1024,37520,400,0,32
conv,8210,1253376,612,32,16,2,4,4,2,1,1,34,18,5,14033500,15994622,2,47856792,18120713,3,100499456,83.3486,1,54.9446,5136384,2158592,182435840,13926400,0.259809,99.556,0,822083584,0,571674624,57647104,832669696,270012416,0,85456896,0,1,2.76216,0,0,0,1,1,3,6.25657,94.1508,93.3982,1024,37800,400,0,56
conv,1246,1253376,612,32,16,2,4,4,2,7,0,34,18,5,2195678,2068506,2,6793384,4194441,2,9281536,0,2,63.3576,4669440,1449984,0,0,0.254666,98.8284,0,822083584,0,182448128,6266880,111689728,56307712,0,39335936,0,3,18.542,0,0,0,1,1,2,26.4211,94.1893,93.6481,768,37520,0,0,80
conv,1232,1253376,612,32,16,2,4,4,2,7,1,34,18,5,2195915,2068506,2,6793264,4194313,2,9281536,0,3,54.9446,5136384,2158592,0,0,0.255092,98.912,0,822083584,0,182448128,6266880,119638016,47714304,0,39319552,0,3,18.7758,0,0,0,1,1,2,26.8737,94.1882,93.6359,768,37800,0,0,80
conv,20236,2973696,726,32,16,2,8,1,1,1,0,33,22,9,101264118,28581373,2,132993072,43270153,2,122232832,75.1516,1,24.8137,24285184,4571136,211943424,26492928,0.516732,99.376,0,822083584,0,1289216000,109584384,1197334528,95813632,0,116961280,0,1,1.11283,0,0,0,1,1,2,4.28914,94.4966,93.8888,1024,23056,392,0,32
conv,19758,2973696,726,32,16,2,8,1,1,1,1,33,22,9,98259549,28582134,2,132995152,43270153,2,122232832,75.1516,1,14.9412,43352064,4571136,211943424,26492928,0.519787,99.3278,0,822083584,0,1289216000,109584384,1300094976,95813632,0,120373248,0,1,1.13939,0,0,0,1,1,2,4.53968,94.4858,93.8953,1024,23144,392,0,32
conv,2922,2973696,726,32,16,2,8,1,1,7,1,33,22,2,2103315,2068534,3,27021904,16777225,1,16261120,0,6,14.9412,43352064,4571136,0,0,0.25063,98.9136,0,822083584,0,125583360,2973696,375250944,107520000,0,47353856,0,1,7.80771,0,0,0,1,1,2,11.7027,94.7566,94.5944,896,23144,0,0,72
conv,20743,2973696,726,32,16,2,8,1,2,1,0,33,22,8,103830670,28582108,2,121188408,34881545,2,122232832,84.8752,1,26.4587,24285184,2777088,211943424,26492928,0.512857,100.425,0,822083584,0,1317969920,127426560,1165336576,100704256,0,117878784,0,1,1.0955,0,0,0,1,1,2,4.23309,94.488,93.6746,1024,23056,392,0,31
conv,19779,2973696,726,32,16,2,8,1,2,1,1,33,22,9,98600949,28582098,2,121189656,34881545,2,122232832,84.8752,1,14.9412,43352064,4571136,211943424,26492928,0.500194,100.247,0,822083584,0,1317969920,127426560,1279901696,100704256,0,121667584,0,1,1.1411,0,0,0,1,1,2,4.58185,94.4881,93.7001,1024,23144,392,0,31
conv,2488,2973696,726,32,16,2,8,1,2,7,1,33,22,3,2103411,2068534,2,15216928,8388617,2,16261120,0,7,14.9412,43352064,4571136,0,0,0.257653,98.8172,0,822083584,0,223592448,2973696,355057664,104890368,0,49774592,0,2,9.15587,0,0,0,1,1,2,15.0795,94.9139,94.7143,896,23144,0,0,72
conv,13078,1284096,627,32,16,2,8,2,1,1,0,33,19,8,62364544,17237192,2,94254292,31916041,2,109371392,69.1863,1,34.7509,8372224,4022272,200318976,15138816,0.521554,99.4962,0,822083584,0,500482048,73209856,950130688,109832192,0,82130944,0,1,1.73277,0,0,0,1,1,2,3.5474,94.3848,93.4384,1024,39824,448,0,32
conv,13286,1284096,627,32,16,2,8,2,1,1,1,33,19,8,63352345,17247300,2,117806426,31916041,2,109371392,74.0441,1,23.0606,14655488,4022272,200318976,15138816,0.523226,99.103,0,822083584,0,500482048,73209856,979490816,197912576,0,86030336,0,1,1.70138,0,0,0,1,1,2,3.6412,94.3727,93.4692,1024,39976,448,0,40
conv,1934,1284096,627,32,16,2,8,2,1,7,1,33,19,3,2103323,2068506,4,22095920,16777273,1,9211904,0,4,23.0606,14655488,4022272,0,0,0.249098,98.6184,0,822083584,0,111224832,21829632,173135872,52160512,0,39335936,0,2,11.8335,0,0,0,1,1,2,16.5644,94.6715,93.7783,640,39976,0,0,94
conv,12871,1284096,627,32,16,2,8,2,2,1,0,33,19,8,62955187,17217067,2,108015576,23527433,2,109371392,84.5749,1,39.9834,8372224,2400256,200318976,15138816,0.520235,99.6359,0,822083584,0,560386048,62937088,921352192,103489536,0,82446336,0,1,1.76253,0,0,0,1,1,2,3.64152,94.3806,93.6309,1024,39824,448,0,32
conv,12920,1284096,627,32,16,2,8,2,2,1,1,33,19,8,63372084,17222575,2,111728244,23527433,2,109371392,84.9108,1,24.1073,14655488,3211264,200318976,15138816,0.520426,99.8103,0,822083584,0,560386048,62937088,955809792,185278464,0,86300672,0,1,1.75052,0,0,0,1,1,2,3.73329,94.3747,93.6586,1024,39976,448,0,48
conv,1376,1284096,627,32,16,2,8,2,2,7,1,33,19,4,2103327,2068506,3,11901544,8388617,2,9211904,0,5,24.1073,14655488,3211264,0,0,0.248933,98.7732,0,822083584,0,171128832,11556864,149454848,44769280,0,39780352,0,3,16.6987,0,0,0,1,1,2,23.979,94.6714,94.1886,640,39976,0,0,94
conv,35676,16777216,1024,32,32,0,1,1,1,1,0,32,32,6,62873632,104388047,2,253232216,104857609,2,308281344,57.3939,0,0,0,0,205520896,102760448,0.483709,99.9068,0,822083584,0,9596567552,822083584,2902458368,385875968,0,458227712,0,1,0.758608,0,0,0,1,1,3,10.8483,100,99.0847,1024,0,200,0,40
conv,18898,16777216,1024,32,32,0,1,1,1,7,0,32,32,1,2103315,2067630,2,150470704,2097161,2,205520896,0,0,0,0,0,0,0,0.95143,99.8648,0,822083584,0,1006632960,16777216,1660944384,637534208,0,129499136,0,1,1.19795,0,0,0,1,1,2,4.7748,100,100,1024,0,0,0,32
conv,21053,8388608,1024,32,32,0,1,2,1,1,0,32,32,7,54345474,60809870,2,141820256,60817417,2,167772160,57.4386,0,0,0,0,115343360,58720256,0.96709,99.9888,0,822083584,0,3850371072,419430400,1778384896,327155712,0,228327424,0,1,1.09083,0,0,0,1,1,2,8.10513,100,98.5075,1024,0,224,0,32
conv,9678,8388608,1024,32,32,0,1,2,1,7,0,32,32,1,2141313,2067682,2,84148760,2097161,3,110100480,0,0,0,0,0,0,0,0.935889,99.9198,0,822083584,0,729808896,8388608,897581056,419430400,0,89915392,0,1,2.3423,0,0,0,1,1,3,6.12469,100,100,1024,0,0,0,32
conv,15471,4194304,1024,32,32,0,1,4,1,1,0,32,32,6,34392054,38760174,2,90588636,38797321,2,120061952,58.9642,0,0,0,0,115343360,36700160,0.49185,98.8889,0,822083584,0,2000683008,209715200,1149239296,599785472,0,151126016,0,1,1.4533,0,0,0,1,1,2,7.11663,100,98.8725,1024,0,280,0,40
conv,4991,4194304,1024,32,32,0,1,4,1,7,0,32,32,2,2201747,2066418,2,50987104,2097161,3,62390272,0,0,0,0,0,0,0,0.482205,99.4119,0,822083584,0,444596224,4194304,515899392,201326592,0,62128128,0,1,4.55136,0,0,0,1,1,3,8.57378,100,100,1024,0,0,0,40
conv,8840,2097152,1024,32,32,0,1,8,1,1,0,32,32,8,24220452,27764634,2,63893856,27787273,2,73662464,60.1821,0,0,0,0,70254592,25690112,0.487291,99.1879,0,822083584,0,1107296256,104857600,729808896,748683264,0,110624768,0,1,2.56821,0,0,0,1,1,3,9.60458,100,99.2299,1024,0,392,0,40
conv,2731,2097152,1024,32,32,0,1,8,1,7,0,32,32,2,2152624,2067122,3,34406448,2097161,3,38535168,0,0,0,0,0,0,0,0.477451,99.1209,0,822083584,0,314572800,2097152,325058560,115343360,0,49348608,0,2,8.32671,0,0,0,1,1,3,13.2241,100,100,1024,0,0,0,56
conv,19974,8388608,1024,32,32,0,2,1,1,1,0,32,32,7,41022088,60754556,3,242752208,62914617,2,212860928,52.4026,0,0,0,0,205520896,58720256,0.484372,99.3954,0,822083584,0,4395630592,411041792,1837105152,251658240,0,243269632,0,1,1.13717,0,0,0,1,1,3,8.18465,100,99.1379,1024,0,224,0,38
conv,10550,8388608,1024,32,32,0,2,1,1,7,0,32,32,1,2103315,2069266,3,141296008,4194313,2,110100480,0,0,0,0,0,0,0,0.955835,99.914,0,822083584,0,511705088,8388608,897581056,251658240,0,77856768,0,1,2.14901,0,0,0,1,1,2,4.61005,100,100,1024,0,0,0,32
conv,19997,8388608,1024,32,32,0,2,1,2,1,0,32,32,7,42487497,60751877,3,243131016,60817417,2,212860928,52.8198,0,0,0,0,205520896,58720256,0.484922,99.0523,0,822083584,0,4437573632,411041792,1828716544,268435456,0,244842496,0,1,1.12422,0,0,0,1,1,3,8.15424,100,99.1435,1024,0,224,0,36
conv,10539,8388608,1024,32,32,0,2,1,2,7,0,32,32,1,2103315,2067446,3,141295664,2097161,2,110100480,0,0,0,0,0,0,0,0.48377,99.4747,0,822083584,0,562036736,8388608,889192448,436207616,0,84934656,0,1,2.15147,0,0,0,1,1,2,5.14334,100,100,1024,0,0,0,40
conv,14553,4194304,1024,32,32,0,2,2,1,1,0,32,32,6,30594596,35634068,3,138352328,37748745,2,139460608,52.2898,0,0,0,0,160432128,33554432,0.48868,99.761,0,822083584,0,1925185536,209715200,1241513984,364904448,0,144310272,0,1,1.55718,0,0,0,1,1,3,6.8896,100,98.8193,1024,0,256,0,40
conv,5369,4194304,1024,32,32,0,2,2,1,7,0,32,32,1,2141076,2068806,3,79822920,4194313,2,59244544,0,0,0,0,0,0,0,0.481706,99.4233,0,822083584,0,369098752,4194304,490733568,230686720,0,59899904,0,1,4.2324,0,0,0,1,1,3,7.4725,100,100,1024,0,0,0,40
conv,14420,4194304,1024,32,32,0,2,2,2,1,0,32,32,8,49894305,35639934,3,141411072,35651593,2,139460608,53.7333,0,0,0,0,160432128,33554432,0.969697,99.8361,0,822083584,0,1962934272,209715200,1233125376,364904448,0,145227776,0,1,1.56415,0,0,0,1,1,3,7.06717,100,98.8267,1024,0,256,0,32
conv,5338,4194304,1024,32,32,0,2,2,2,7,0,32,32,1,2144672,2067342,3,79822896,2097161,2,59244544,0,0,0,0,0,0,0,0.486667,99.4199,0,822083584,0,406847488,4194304,482344960,239075328,0,61079552,0,1,4.25559,0,0,0,1,1,3,7.68844,100,100,1024,0,0,0,40
conv,7638,2097152,1024,32,32,0,2,4,1,1,0,32,32,8,20555452,23055114,3,87521884,25165833,3,102760448,52.7205,0,0,0,0,137887744,20971520,0.487734,99.8371,0,822083584,0,1042284544,104857600,910163968,402653184,0,103415808,0,1,2.9755,0,0,0,1,1,3,8.88121,100,99.1762,1024,0,320,0,40
conv,2924,2097152,1024,32,32,0,2,4,1,7,0,32,32,2,2202283,2068526,4,49087160,4194313,3,33816576,0,0,0,0,0,0,0,0.478018,99.4414,0,822083584,0,264241152,2097152,287309824,115343360,0,46596096,0,2,7.80017,0,0,0,1,1,3,11.287,100,100,1024,0,0,0,56
conv,7573,2097152,1024,32,32,0,2,4,2,1,0,32,32,8,20276206,23043738,3,87520248,23068681,3,102760448,53.7157,0,0,0,0,137887744,20971520,0.489601,99.8178,0,822083584,0,1056964608,104857600,901775360,411041792,0,103874560,0,1,3.00273,0,0,0,1,1,3,9.07927,100,99.1798,1024,0,320,0,40
conv,2907,2097152,1024,32,32,0,2,4,2,7,0,32,32,2,2201747,2065382,3,49086664,2097161,3,33816576,0,0,0,0,0,0,0,0.48195,99.5105,0,822083584,0,278921216,2097152,278921216,121634816,0,46989312,0,2,7.84712,0,0,0,1,1,3,11.3874,100,100,1024,0,0,0,56
conv,8148,1048576,1024,32,32,0,2,8,1,1,0,32,32,6,18637896,16750926,2,65831488,18874377,2,84410368,55.2451,0,0,0,0,126615552,14680064,0.492319,99.3663,0,822083584,0,717225984,52428800,744488960,525336576,0,89849856,0,1,2.78548,0,0,0,1,1,3,8.27068,100,99.5259,1024,0,448,0,38
conv,8692,1048576,1024,32,32,0,2,8,2,1,0,32,32,6,18296814,16747366,2,65674484,16777225,2,84410368,56.5647,0,0,0,0,126615552,14680064,0.49061,98.8594,0,822083584,0,727711744,52428800,736100352,475004928,0,88342528,0,1,2.59935,0,0,0,1,1,3,7.46593,100,99.5178,1024,0,448,0,42
conv,15908,4194304,1024,32,32,0,4,1,1,1,0,32,32,7,47191128,38782918,4,260571184,45088777,2,165150720,45.6261,0,0,0,0,205520896,36700160,0.48674,99.9432,0,822083584,0,2403336192,205520896,1484783616,163577856,0,159776768,0,1,1.4345,0,0,0,1,1,3,6.84059,100,99.3437,1024,0,280,0,35
conv,6987,4194304,1024,32,32,0,4,1,1,7,0,32,32,1,2103315,2069374,4,157810736,8388745,2,62390272,0,0,0,0,0,0,0,0.472101,99.5331,0,822083584,0,255852544,4194304,515899392,184549376,0,55705600,0,1,3.25301,0,0,0,1,1,2,4.95351,100,100,1024,0,0,0,56
conv,15658,4194304,1024,32,32,0,4,1,2,1,0,32,32,7,47322406,38772878,4,260571336,40894473,2,165150720,46.2609,0,0,0,0,205520896,36700160,0.490753,99.7654,0,822083584,0,2428502016,205520896,1476395008,167772160,0,160432128,0,1,1.45396,0,0,0,1,1,3,7.36209,100,99.3464,1024,0,280,0,36
conv,6885,4194304,1024,32,32,0,4,1,2,7,0,32,32,1,2103315,2069318,4,157810752,4194313,2,62390272,0,0,0,0,0,0,0,0.47426,99.5243,0,822083584,0,281018368,4194304,507510784,184549376,0,56229888,0,1,3.30263,0,0,0,1,1,2,5.35099,100,100,1024,0,0,0,56
conv,15854,4194304,1024,32,32,0,4,1,4,1,0,32,32,7,47611469,38771198,4,260571184,38797321,2,165150720,46.5849,0,0,0,0,205520896,36700160,0.487508,99.4903,0,822083584,0,2432696320,205520896,1472200704,171966464,0,160563200,0,1,1.44004,0,0,0,1,1,3,6.93515,100,99.3469,1024,0,280,0,36
conv,6870,4194304,1024,32,32,0,4,1,4,7,0,32,32,1,2103315,2067398,4,157810736,2097161,2,62390272,0,0,0,0,0,0,0,0.478322,99.5911,0,822083584,0,285212672,4194304,503316480,192937984,0,56492032,0,1,3.30956,0,0,0,1,1,2,5.1722,100,100,1024,0,0,0,56
conv,11193,2097152,1024,32,32,0,4,2,1,1,0,32,32,7,37978973,23050018,3,148589772,29360137,2,125304832,44.8694,0,0,0,0,182976512,20971520,0.488321,99.6582,0,822083584,0,962592768,104857600,1082130432,199229440,0,99942400,0,1,2.02829,0,0,0,1,1,3,5.60302,100,99.1475,1024,0,320,0,39
conv,3740,2097152,1024,32,32,0,4,2,1,7,0,32,32,2,2118614,2068634,5,89719208,8388665,2,33816576,0,0,0,0,0,0,0,0.471926,99.4664,0,822083584,0,184549376,2097152,287309824,100663296,0,43646976,0,1,6.09152,0,0,0,1,1,2,8.07837,100,100,1024,0,0,0,56
conv,10997,2097152,1024,32,32,0,4,2,2,1,0,32,32,7,37696606,23050910,3,148744944,25165833,3,125304832,45.9967,0,0,0,0,182976512,20971520,0.491614,99.6178,0,822083584,0,981467136,104857600,1073741824,190840832,0,100007936,0,1,2.06687,0,0,0,1,1,3,5.72779,100,99.1481,1024,0,320,0,40
conv,3624,2097152,1024,32,32,0,4,2,2,7,0,32,32,2,2114272,2068866,5,89718832,4194313,2,33816576,0,0,0,0,0,0,0,0.479298,99.565,0,822083584,0,203423744,2097152,278921216,117440512,0,44498944,0,1,6.2917,0,0,0,1,1,2,8.56111,100,100,1024,0,0,0,56
conv,10994,2097152,1024,32,32,0,4,2,4,1,0,32,32,7,38180682,23048470,3,148507544,23068681,3,125304832,46.4868,0,0,0,0,182976512,20971520,0.492108,99.9334,0,822083584,0,985661440,104857600,1069547520,195035136,0,100139008,0,1,2.07144,0,0,0,1,1,3,5.79107,100,99.1492,1024,0,320,0,37
conv,3636,2097152,1024,32,32,0,4,2,4,7,0,32,32,2,2111581,2067754,5,89718832,2097161,2,33816576,0,0,0,0,0,0,0,0.481031,99.4215,0,822083584,0,207618048,2097152,274726912,104857600,0,44105728,0,1,6.26909,0,0,0,1,1,2,8.55869,100,100,1024,0,0,0,56
conv,7881,1048576,1024,32,32,0,4,4,1,1,0,32,32,8,30074786,15177257,3,118664848,21495817,3,105381888,54.2886,0,0,0,0,171704320,13107200,0.48905,99.3664,0,822083584,0,682622976,52428800,900726784,365953024,0,88670208,0,1,2.88482,0,0,0,1,1,3,7.69595,100,99.5196,1024,0,400,0,48
conv,8285,1048576,1024,32,32,0,4,4,2,1,0,32,32,8,31458719,15176338,3,110387116,17301513,3,105381888,53.118,0,0,0,0,171704320,13107200,0.492537,99.203,0,822083584,0,535822336,52428800,892338176,208666624,0,78905344,0,1,2.73924,0,0,0,1,1,3,5.6604,100,99.4601,1024,0,400,0,38
conv,8332,1048576,1024,32,32,0,4,4,4,1,0,32,32,7,31178901,15173078,3,110659476,15204361,3,105381888,54.1081,0,0,0,0,171704320,13107200,0.492546,99.4474,0,822083584,0,540016640,52428800,888143872,208666624,0,78905344,0,1,2.7238,0,0,0,1,1,3,5.63566,100,99.4601,1024,0,400,0,40
conv,6984,524288,1024,32,32,0,4,8,1,1,0,32,32,8,28920821,11720667,4,121560484,17563657,3,95420416,66.1914,0,0,0,0,166068224,9175040,0.487833,98.9722,0,822083584,0,384827392,26214400,798490624,316669952,0,73596928,0,1,3.25108,0,0,0,1,1,3,7.10236,100,99.7106,1024,0,560,0,56
conv,6946,524288,1024,32,32,0,4,8,2,1,0,32,32,8,29688807,11244057,4,121636428,13369353,3,95420416,68.2648,0,0,0,0,166068224,9175040,0.490953,98.9705,0,822083584,0,398458880,26214400,790102016,341835776,0,74547200,0,1,3.27188,0,0,0,1,1,3,7.26804,100,99.7143,1024,0,560,0,56
conv,21363,2097152,1024,32,32,0,8,1,1,1,0,32,32,8,99406294,27777634,3,311492656,42467337,2,141295616,36.2896,0,0,0,0,205520896,25690112,0.486354,99.721,0,822083584,0,1201668096,102760448,1249902592,106954752,0,109379584,0,1,1.06347,0,0,0,1,1,2,3.89662,100,99.5207,1024,0,392,0,36
conv,21323,2097152,1024,32,32,0,8,1,2,1,0,32,32,8,100294756,27768042,3,311492656,34078729,2,141295616,37.1705,0,0,0,0,205520896,25690112,0.488732,99.5806,0,822083584,0,1214251008,102760448,1241513984,102760448,0,109379584,0,1,1.06448,0,0,0,1,1,2,3.91399,100,99.5207,1024,0,392,0,36
conv,21257,2097152,1024,32,32,0,8,1,4,1,0,32,32,8,99226092,27766062,3,311492808,29884425,2,141295616,37.6272,0,0,0,0,205520896,25690112,0.488048,100.125,0,822083584,0,1216348160,102760448,1237319680,98566144,0,109182976,0,1,1.06994,0,0,0,1,1,2,3.75733,100,99.5198,1024,0,392,0,36
conv,13716,1048576,1024,32,32,0,8,2,1,1,0,32,32,8,63411719,16749680,3,207296112,31457289,2,118226944,43.1216,0,0,0,0,194248704,14680064,0.487412,99.6668,0,822083584,0,642777088,52428800,1002438656,59768832,0,81035264,0,1,1.66161,0,0,0,1,1,2,3.58397,100,99.4743,1024,0,448,0,40
conv,13218,1048576,1024,32,32,0,8,2,2,1,0,32,32,8,63378837,16751766,3,190121448,23068681,2,118226944,40.2176,0,0,0,0,194248704,14680064,0.49104,99.6761,0,822083584,0,490733568,52428800,994050048,100663296,0,77299712,0,1,1.71458,0,0,0,1,1,2,3.27438,100,99.4489,1024,0,448,0,37
conv,13277,1048576,1024,32,32,0,8,2,4,1,0,32,32,8,63530857,16748782,3,198253664,18874377,2,118226944,43.241,0,0,0,0,194248704,14680064,0.491993,99.7652,0,822083584,0,492830720,52428800,989855744,98566144,0,77168640,0,1,1.71244,0,0,0,1,1,2,3.23019,100,99.448,1024,0,448,0,40
conv,11063,524288,1024,32,32,0,8,4,1,1,0,32,32,8,51759895,11518403,3,168472908,25952265,2,106692608,53.2055,0,0,0,0,188612608,9175040,0.485345,99.3947,0,822083584,0,355467264,26214400,889716736,113770496,0,69189632,0,1,2.05735,0,0,0,1,1,2,3.69941,100,99.6922,1024,0,560,0,48
conv,10825,524288,1024,32,32,0,8,4,2,1,0,32,32,8,53169698,11243998,3,168461352,17563657,2,106692608,55.6024,0,0,0,0,188612608,9175040,0.487867,99.253,0,822083584,0,362807296,26214400,881328128,112721920,0,69124096,0,1,2.09633,0,0,0,1,1,2,3.77344,100,99.6919,1024,0,560,0,48
conv,10711,524288,1024,32,32,0,8,4,4,1,0,32,32,8,52660246,11243558,3,166020900,13369353,2,106692608,56.299,0,0,0,0,188612608,9175040,0.48921,99.5012,0,822083584,0,365428736,26214400,877133824,189267968,0,71467008,0,1,2.1206,0,0,0,1,1,2,3.9979,100,99.702,1024,0,560,0,56
conv,32118,16777216,1024,32,32,1,1,1,1,1,0,32,32,8,86850938,104844190,2,133120600,104857609,2,209256448,86.3614,1,95.9052,25690112,1867776,205520896,102760448,0.95716,99.9546,0,822083584,0,9361686528,822083584,3369205760,352321536,0,472383488,0,1,0.705486,0,0,0,1,1,2,12.1439,100,97.4273,1024,5776,200,0,32
conv,32129,16777216,1024,32,32,1,1,1,1,1,1,32,32,8,87011785,104849342,2,133121088,104857737,2,209256448,86.3614,1,95.9052,25690112,1867776,205520896,102760448,0.956466,99.5913,0,822083584,0,9361686528,822083584,3369205760,352321536,0,472383488,0,1,0.704268,0,0,0,1,1,2,12.1672,100,97.4273,1024,5928,200,0,32
conv,15864,16777216,1024,32,32,1,1,1,1,7,0,32,32,1,2103331,2066402,1,30359600,2097161,2,106496000,0,1,95.9052,25690112,1867776,0,0,0.892723,99.9465,0,822083584,0,771751936,16777216,1725038592,687865856,0,133693440,0,1,1.42454,0,0,0,1,1,2,5.81847,100,94.0472,1024,5776,0,0,31
conv,15876,16777216,1024,32,32,1,1,1,1,7,1,32,32,1,2103747,2066194,1,30360544,2097161,2,106496000,0,1,95.9052,25690112,1867776,0,0,0.892876,99.9847,0,822083584,0,771751936,16777216,1725038592,687865856,0,133693440,0,1,1.42562,0,0,0,1,1,2,5.82065,100,94.0472,1024,5928,0,0,31
conv,20555,8388608,1024,32,32,1,1,2,1,1,0,32,32,7,52508833,60810530,2,74817584,60817465,1,112492544,85.8126,1,93.6626,14680064,1720320,115343360,58720256,0.97223,100.092,0,822083584,0,3825205248,419430400,1528365056,276824064,0,226230272,0,1,1.10516,0,0,0,1,1,2,8.33833,100,94.9241,1024,10640,224,0,32
conv,20565,8388608,1024,32,32,1,1,2,1,1,1,32,32,7,53984123,60809994,2,74818344,60817417,1,112492544,85.8126,1,93.6626,14680064,1720320,115343360,58720256,0.976348,97.4344,0,822083584,0,3825205248,419430400,1528365056,276824064,0,226230272,0,1,1.08839,0,0,0,1,1,2,8.43581,100,94.9241,1024,10920,224,0,32
conv,8140,8388608,1024,32,32,1,1,2,1,7,0,32,32,1,2195524,2064482,1,17146056,2097161,2,54820864,0,1,93.6626,14680064,1720320,0,0,0.896362,99.9268,0,822083584,0,704643072,8388608,949551104,360710144,0,96993280,0,1,2.78098,0,0,0,1,1,2,7.75359,100,91.6744,1024,10640,0,0,32
conv,8144,8388608,1024,32,32,1,1,2,1,7,1,32,32,1,2195001,2064526,1,17145904,2097161,2,54820864,0,1,93.6626,14680064,1720320,0,0,0.897045,99.8824,0,822083584,0,704643072,8388608,949551104,360710144,0,96993280,0,1,2.78005,0,0,0,1,1,2,7.7545,100,91.6744,1024,10920,0,0,32
conv,13063,4194304,1024,32,32,1,1,4,1,1,0,32,32,8,37086269,38788590,2,55546624,38797321,2,86654976,86.6438,1,90.8072,9175040,1646592,115343360,36700160,0.973926,97.4705,0,822083584,0,2085502976,209715200,1169981440,603979776,0,167641088,0,1,1.71009,0,0,0,1,1,2,9.79376,100,91.1781,1024,20368,280,0,32
conv,12725,4194304,1024,32,32,1,1,4,1,1,1,32,32,8,35734333,38788070,2,55323988,38797321,2,86654976,86.6417,1,90.8072,9175040,1646592,115343360,36700160,0.972143,99.8811,0,822083584,0,2085502976,209715200,1169981440,603979776,0,167641088,0,1,1.75673,0,0,0,1,1,2,9.81801,100,91.1781,1024,20904,280,0,32
conv,4123,4194304,1024,32,32,1,1,4,1,7,0,32,32,2,2202051,2064422,1,10539664,2097161,2,28983296,0,1,90.8072,9175040,1646592,0,0,0.922411,99.776,0,822083584,0,553648128,4194304,561807360,255852544,0,76677120,0,1,5.50128,0,0,0,1,1,2,12.2381,100,89.5633,1024,20368,0,0,32
conv,4122,4194304,1024,32,32,1,1,4,1,7,1,32,32,2,2201747,2064426,1,10539520,2097161,2,28983296,0,1,90.8072,9175040,1646592,0,0,0.922055,99.8352,0,822083584,0,553648128,4194304,561807360,255852544,0,76677120,0,1,5.50336,0,0,0,1,1,2,12.2354,100,89.5633,1024,20904,0,0,32
conv,8921,2097152,1024,32,32,1,1,8,1,1,0,32,32,8,24788232,27765638,2,36482564,27787273,2,51191808,85.4614,1,87.892,6422528,1609728,70254592,25690112,0.490643,99.4844,0,822083584,0,1211670528,104857600,751714304,767557632,0,131661824,0,1,2.52314,0,0,0,1,1,2,11.4915,100,86.8201,1024,39824,392,0,40
conv,8997,2097152,1024,32,32,1,1,8,1,1,1,32,32,8,24679315,27766806,2,36486732,27787273,2,51191808,85.4843,1,87.892,6422528,1609728,70254592,25690112,0.490334,99.0766,0,822083584,0,1211670528,104857600,751714304,767557632,0,131661824,0,1,2.52955,0,0,0,1,1,2,11.5682,100,86.8201,1024,40872,392,0,40
conv,2165,2097152,1024,32,32,1,1,8,1,7,0,32,32,3,2152907,2064586,1,7235784,2097161,2,16064512,0,2,87.892,6422528,1609728,0,0,0.964549,99.7434,0,822083584,0,421511168,2097152,367935488,163577856,0,73203712,0,3,10.5212,0,0,0,1,1,2,23.7893,100,75.8673,1024,39824,0,0,32
conv,2171,2097152,1024,32,32,1,1,8,1,7,1,32,32,3,2152766,2064374,1,7235632,2097161,2,16064512,0,2,87.892,6422528,1609728,0,0,0.965412,99.778,0,822083584,0,421511168,2097152,367935488,163577856,0,73203712,0,3,10.523,0,0,0,1,1,2,23.7851,100,75.8673,1024,40872,0,0,32
conv,21996,8388608,1024,32,32,1,2,1,1,1,0,32,32,8,74811500,60793451,2,122431780,62914569,2,157876224,87.113,1,89.4621,14680064,2490368,205520896,58720256,0.9428,100.062,0,822083584,0,4345298944,411041792,1654194176,587202560,0,254541824,0,1,1.02925,0,0,0,1,1,2,8.23006,100,96.0036,1024,10640,224,0,32
conv,21912,8388608,1024,32,32,1,2,1,1,1,1,32,32,8,71892309,60810206,2,122448720,62914569,2,157876224,87.1132,1,48.2285,29360128,2490368,205520896,58720256,0.945258,100.021,0,822083584,0,4345298944,411041792,1889075200,268435456,0,251920384,0,1,1.03574,0,0,0,1,1,2,8.34869,100,95.9621,1024,10792,224,0,32
conv,8067,8388608,1024,32,32,1,2,1,1,7,0,32,32,1,2103315,2068698,1,19693864,4194313,2,55115776,0,1,89.4621,14680064,2490368,0,0,0.466194,99.3347,0,822083584,0,461373440,8388608,714670080,385875968,0,82837504,0,1,2.80672,0,0,0,1,1,2,6.92059,100,90.2517,1024,10640,0,0,37
conv,8152,8388608,1024,32,32,1,2,1,1,7,1,32,32,1,2103339,2068550,1,19693824,4194313,2,55115776,0,2,48.2285,29360128,2490368,0,0,0.922579,99.808,0,822083584,0,461373440,8388608,949551104,402653184,0,90701824,0,1,2.77671,0,0,0,1,1,2,7.15488,100,91.0969,1024,10792,0,0,32
conv,19671,8388608,1024,32,32,1,2,1,2,1,0,32,32,7,44819887,60364528,2,121544576,60817417,2,157876224,88.0471,1,89.4621,14680064,2490368,205520896,58720256,0.488863,99.9579,0,822083584,0,4387241984,411041792,1645805568,293601280,0,246415360,0,1,1.15837,0,0,0,1,1,2,8.46764,100,95.8718,1024,10640,224,0,36
conv,22063,8388608,1024,32,32,1,2,1,2,1,1,32,32,8,74508959,60802901,2,122443456,60817417,2,157876224,88.1092,1,48.2285,29360128,2490368,205520896,58720256,0.944976,100.111,0,822083584,0,4387241984,411041792,1880686592,276824064,0,253231104,0,1,1.02761,0,0,0,1,1,2,7.8042,100,95.983,1024,10792,224,0,32
conv,8074,8388608,1024,32,32,1,2,1,2,7,0,32,32,1,2103319,2066246,1,19693616,2097161,2,55115776,0,1,89.4621,14680064,2490368,0,0,0.477885,99.318,0,822083584,0,503316480,8388608,706281472,343932928,0,82575360,0,1,2.80335,0,0,0,1,1,2,6.85597,100,90.2207,1024,10640,0,0,37
conv,8176,8388608,1024,32,32,1,2,1,2,7,1,32,32,1,2103531,2065090,1,19693640,2097161,2,55115776,0,2,48.2285,29360128,2490368,0,0,0.926274,100.019,0,822083584,0,503316480,8388608,941162496,427819008,0,92536832,0,1,2.76902,0,0,0,1,1,2,7.28963,100,91.2735,1024,10792,0,0,32
conv,14125,4194304,1024,32,32,1,2,2,1,1,0,32,32,8,47626607,35642884,2,72715448,37748745,2,109346816,84.6868,1,84.399,8388608,2293760,160432128,33554432,0.963951,99.983,0,822083584,0,1935581184,209715200,1109688320,587202560,0,161087488,0,1,1.62291,0,0,0,1,1,2,8.05063,100,90.484,1024,19600,256,0,32
conv,13892,4194304,1024,32,32,1,2,2,1,1,1,32,32,6,29892849,35497512,2,70926212,37748745,2,109346816,84.4263,1,76.8549,9437184,2293760,160432128,33554432,0.488156,99.4567,0,822083584,0,1935581184,209715200,1126465536,583008256,0,161480704,0,1,1.62507,0,0,0,1,1,2,8.09558,100,90.5072,1024,19880,256,0,40
conv,4144,4194304,1024,32,32,1,2,2,1,7,0,32,32,2,2190231,2068522,1,12730464,4194313,2,29130752,0,1,84.399,8388608,2293760,0,0,0.478324,99.2932,0,822083584,0,406847488,4194304,400850944,230686720,0,66453504,0,1,5.47609,0,0,0,1,1,2,11.3689,100,87.6865,1024,19600,0,0,35
conv,4194,4194304,1024,32,32,1,2,2,1,7,1,32,32,2,2187876,2068506,1,12730464,4194313,2,29130752,0,1,76.8549,9437184,2293760,0,0,0.913087,99.9286,0,822083584,0,406847488,4194304,417628160,243269632,0,67371008,0,1,5.41206,0,0,0,1,1,2,11.2754,100,87.8541,1024,19880,0,0,32
conv,13996,4194304,1024,32,32,1,2,2,2,1,0,32,32,8,48554083,35633846,2,72774308,35651593,2,109346816,86.6098,1,84.399,8388608,2293760,160432128,33554432,0.966876,99.8324,0,822083584,0,1973329920,209715200,1101299712,566231040,0,161349632,0,1,1.60721,0,0,0,1,1,2,8.04227,100,90.4995,1024,19600,256,0,32
conv,13837,4194304,1024,32,32,1,2,2,2,1,1,32,32,6,29902425,35536971,2,70926424,35651593,2,109346816,86.0876,1,76.8549,9437184,2293760,160432128,33554432,0.488944,98.478,0,822083584,0,1973329920,209715200,1118076928,591396864,0,162660352,0,1,1.61502,0,0,0,1,1,2,8.15897,100,90.5761,1024,19880,256,0,40
conv,4090,4194304,1024,32,32,1,2,2,2,7,0,32,32,2,2200047,2064438,1,12730512,2097209,2,29130752,0,1,84.399,8388608,2293760,0,0,0.478143,99.362,0,822083584,0,444596224,4194304,392462336,222298112,0,67108864,0,1,5.54957,0,0,0,1,1,2,11.2855,100,87.8067,1024,19600,0,0,35
conv,4179,4194304,1024,32,32,1,2,2,2,7,1,32,32,2,2193821,2064422,1,12730768,2097161,2,29130752,0,1,76.8549,9437184,2293760,0,0,0.930825,99.9036,0,822083584,0,444596224,4194304,409239552,234881024,0,68026368,0,1,5.43201,0,0,0,1,1,2,11.07,100,87.9712,1024,19880,0,0,32
conv,7902,2097152,1024,32,32,1,2,4,1,1,0,32,32,8,21806018,23054774,2,47713104,25165833,2,85082112,81.5525,1,78.5552,5242880,2195456,137887744,20971520,0.491875,99.5528,0,822083584,0,1097580544,104857600,837435392,549453824,0,124715008,0,1,2.8736,0,0,0,1,1,3,10.6338,100,85.4802,1024,37520,320,0,40
conv,7920,2097152,1024,32,32,1,2,4,1,1,1,32,32,8,21839462,23051618,2,47723792,25165961,2,85082112,81.5603,1,72.1945,5898240,2195456,137887744,20971520,0.492392,99.9208,0,822083584,0,1097580544,104857600,847921152,683671552,0,129236992,0,1,2.86987,0,0,0,1,1,3,10.9913,100,85.9882,1024,38056,320,0,42
conv,2185,2097152,1024,32,32,1,2,4,1,7,0,32,32,3,2201747,2068522,2,9249160,4194313,2,16138240,0,2,78.5552,5242880,2195456,0,0,0.475476,99.2483,0,822083584,0,331259904,2097152,243941376,159383552,0,62259200,0,2,10.4564,0,0,0,1,1,2,21.4757,100,78.2397,1024,37520,0,0,54
conv,2221,2097152,1024,32,32,1,2,4,1,7,1,32,32,3,2201747,2068506,2,9248816,4194313,2,16138240,0,2,72.1945,5898240,2195456,0,0,0.480565,99.1288,0,822083584,0,331259904,2097152,254427136,138412032,0,61931520,0,2,10.2739,0,0,0,1,1,2,21.0736,100,78.1246,1024,38056,0,0,40
conv,8866,2097152,1024,32,32,1,2,4,2,1,0,32,32,8,31566251,23052142,2,56738464,23068681,2,85082112,85.7428,1,78.5552,5242880,2195456,137887744,20971520,0.969954,99.8115,0,822083584,0,1112260608,104857600,829046784,612368384,0,126877696,0,1,2.55839,0,0,0,1,1,3,9.75043,100,85.7277,1024,37520,320,0,32
conv,7913,2097152,1024,32,32,1,2,4,2,1,1,32,32,8,21826416,23036334,2,47709908,23068681,2,85082112,83.9731,1,72.1945,5898240,2195456,137887744,20971520,0.493247,99.9043,0,822083584,0,1112260608,104857600,839532544,591396864,0,126550016,0,1,2.88459,0,0,0,1,1,3,10.8358,100,85.6907,1024,38056,320,0,42
conv,2174,2097152,1024,32,32,1,2,4,2,7,0,32,32,3,2201747,2064422,1,9249176,2097161,2,16138240,0,2,78.5552,5242880,2195456,0,0,0.486362,99.072,0,822083584,0,345939968,2097152,235552768,144703488,0,61997056,0,2,10.4789,0,0,0,1,1,2,21.3983,100,78.1477,1024,37520,0,0,46
conv,2204,2097152,1024,32,32,1,2,4,2,7,1,32,32,3,2201771,2064322,1,9248840,2097161,2,16138240,0,2,72.1945,5898240,2195456,0,0,0.487562,99.1478,0,822083584,0,345939968,2097152,246038528,155189248,0,62652416,0,2,10.3502,0,0,0,1,1,2,21.2262,100,78.3763,1024,38056,0,0,40
conv,19853,4194304,1024,32,32,1,4,1,1,1,0,32,32,9,90470872,38787926,2,120389696,45088777,2,131874816,84.2772,1,45.1303,18350080,3424256,205520896,36700160,0.909763,100.326,0,822083584,0,2403770368,205520896,1383890944,197132288,0,185466880,0,1,1.11828,0,0,0,1,1,2,6.44998,100,84.4557,1024,20368,280,0,31
conv,19873,4194304,1024,32,32,1,4,1,1,1,1,32,32,9,89499903,38790902,2,120390832,45088777,2,131874816,84.2772,1,24.4909,36700160,3424256,205520896,36700160,0.906791,100.633,0,822083584,0,2403770368,205520896,1530691584,197132288,0,190054400,0,1,1.12719,0,0,0,1,1,2,6.69302,100,84.831,1024,20520,280,0,31
conv,4391,4194304,1024,32,32,1,4,1,1,7,0,32,32,2,2103451,2068594,1,17629384,8388617,2,29114368,0,2,45.1303,18350080,3424256,0,0,0.45644,99.2898,0,822083584,0,289406976,4194304,415006720,209715200,0,62390272,0,1,5.1676,0,0,0,1,1,2,10.1181,100,87.1734,1024,20368,0,0,48
conv,4375,4194304,1024,32,32,1,4,1,1,7,1,32,32,2,2103315,2068606,1,17629320,8388617,2,29114368,0,4,24.4909,36700160,3424256,0,0,0.465366,99.4189,0,822083584,0,289406976,4194304,561807360,243269632,0,68026368,0,1,5.19222,0,0,0,1,1,2,10.4995,100,88.2361,1024,20520,0,0,40
conv,19921,4194304,1024,32,32,1,4,1,2,1,0,32,32,8,86609857,38789926,2,120389696,40894601,2,131874816,86.4689,1,45.1303,18350080,3424256,205520896,36700160,0.896325,101.391,0,822083584,0,2428149760,205520896,1375502336,184549376,0,185335808,0,1,1.15272,0,0,0,1,1,2,6.83974,100,84.5729,1024,20368,280,0,32
conv,19923,4194304,1024,32,32,1,4,1,2,1,1,32,32,8,88232576,38789542,2,120390432,40894473,2,131874816,86.4689,1,24.4909,36700160,3424256,205520896,36700160,0.902057,100.896,0,822083584,0,2428149760,205520896,1522302976,184549376,0,189923328,0,1,1.13456,0,0,0,1,1,2,6.97156,100,84.9456,1024,20520,280,0,31
conv,4255,4194304,1024,32,32,1,4,1,2,7,0,32,32,2,2103315,2068642,1,17629520,4194313,2,29114368,0,2,45.1303,18350080,3424256,0,0,0.479506,99.3521,0,822083584,0,310378496,4194304,406618112,192937984,0,62259200,0,1,5.3403,0,0,0,1,1,2,10.2303,100,87.1464,1024,20368,0,0,44
conv,4242,4194304,1024,32,32,1,4,1,2,7,1,32,32,2,2103315,2068546,1,17629280,4194313,2,29114368,0,4,24.4909,36700160,3424256,0,0,0.48281,99.3477,0,822083584,0,310378496,4194304,553418752,247463936,0,68550656,0,1,5.35134,0,0,0,1,1,2,10.9114,100,88.3261,1024,20520,0,0,40
conv,19676,4194304,1024,32,32,1,4,1,4,1,0,32,32,9,87559252,38789696,2,120389952,38797321,2,131874816,87.6081,1,45.1303,18350080,3424256,205520896,36700160,0.918367,102.336,0,822083584,0,2432344064,205520896,1371308032,205520896,0,185991168,0,1,1.14117,0,0,0,1,1,2,6.48682,100,84.6273,1024,20368,280,0,32
conv,20021,4194304,1024,32,32,1,4,1,4,1,1,32,32,8,86153916,38789610,2,120390328,38797449,2,131874816,87.6081,1,24.4909,36700160,3424256,205520896,36700160,0.893661,102.453,0,822083584,0,2432344064,205520896,1518108672,205520896,0,190578688,0,1,1.16213,0,0,0,1,1,2,6.81249,100,84.9973,1024,20520,280,0,32
conv,4226,4194304,1024,32,32,1,4,1,4,7,0,32,32,2,2103503,2064446,1,17629456,2097161,2,29114368,0,2,45.1303,18350080,3424256,0,0,0.47937,99.3522,0,822083584,0,318767104,4194304,402423808,192937984,0,62390272,0,1,5.37341,0,0,0,1,1,2,10.404,100,87.1734,1024,20368,0,0,43
conv,4134,4194304,1024,32,32,1,4,1,4,7,1,32,32,2,2103579,2064426,1,17629232,2097209,2,29114368,0,4,24.4909,36700160,3424256,0,0,0.482888,99.2893,0,822083584,0,318767104,4194304,549224448,247463936,0,68681728,0,1,5.49196,0,0,0,1,1,2,11.1483,100,88.3483,1024,20520,0,0,40
conv,12955,2097152,1024,32,32,1,4,2,1,1,0,32,32,8,58839906,23058096,2,86630092,29360137,2,107487232,81.0836,1,61.8631,6291456,3153920,182976512,20971520,0.965015,100.032,0,822083584,0,1004007424,104857600,984236032,247463936,0,118620160,0,1,1.7488,0,0,0,1,1,2,5.96809,100,83.3187,1024,37520,320,0,32
conv,10928,2097152,1024,32,32,1,4,2,1,1,1,32,32,7,37726658,23048310,2,72018888,29360137,2,107487232,78.3758,1,39.7814,11534336,3153920,182976512,20971520,0.488431,99.8405,0,822083584,0,1004007424,104857600,1026179072,369098752,0,123731968,0,1,2.08269,0,0,0,1,1,3,7.36051,100,84.0079,1024,37800,320,0,43
conv,2388,2097152,1024,32,32,1,4,2,1,7,0,32,32,3,2196563,2068522,2,13533232,8388617,2,15998976,0,2,61.8631,6291456,3153920,0,0,0.458602,99.4746,0,822083584,0,244916224,2097152,210386944,165675008,0,55574528,0,2,9.54008,0,0,0,1,1,2,17.8124,100,81.2624,1024,37520,0,0,64
conv,2384,2097152,1024,32,32,1,4,2,1,7,1,32,32,3,2193748,2068506,2,13533752,8388617,2,15998976,0,3,39.7814,11534336,3153920,0,0,0.451891,99.3368,0,822083584,0,244785152,2097152,252329984,161480704,0,56688640,0,2,9.57133,0,0,0,1,1,2,17.6497,100,81.7391,1024,37800,0,0,54
conv,12924,2097152,1024,32,32,1,4,2,2,1,0,32,32,8,58802221,23057394,2,87194280,25165833,2,107487232,84.469,1,61.8631,6291456,3153920,182976512,20971520,0.967285,99.9318,0,822083584,0,1022816256,104857600,975847424,251658240,0,119013376,0,1,1.75156,0,0,0,1,1,2,6.01035,100,83.4272,1024,37520,320,0,32
conv,10836,2097152,1024,32,32,1,4,2,2,1,1,32,32,8,38007456,23047630,2,72022436,25165833,2,107487232,81.7581,1,39.7814,11534336,3153920,182976512,20971520,0.490883,99.931,0,822083584,0,1022881792,104857600,1017790464,377487360,0,124321792,0,1,2.10412,0,0,0,1,1,3,7.49931,100,84.0837,1024,37800,320,0,44
conv,2261,2097152,1024,32,32,1,4,2,2,7,0,32,32,3,2184877,2068502,2,13533232,4194313,2,15998976,0,2,61.8631,6291456,3153920,0,0,0.474843,99.1843,0,822083584,0,263790592,2097152,201998336,165675008,0,55902208,0,2,10.1008,0,0,0,1,1,2,18.7846,100,81.3723,1024,37520,0,0,64
conv,2282,2097152,1024,32,32,1,4,2,2,7,1,32,32,3,2184535,2068494,2,13533264,4194313,2,15998976,0,3,39.7814,11534336,3153920,0,0,0.468573,99.2462,0,822083584,0,263659520,2097152,243941376,155189248,0,56819712,0,2,10.0161,0,0,0,1,1,2,18.6668,100,81.7812,1024,37800,0,0,54
conv,12847,2097152,1024,32,32,1,4,2,4,1,0,32,32,8,59036594,23057794,2,86934144,23068681,2,107487232,85.7097,1,61.8631,6291456,3153920,182976512,20971520,0.963924,98.7742,0,822083584,0,1027010560,104857600,971653120,245366784,0,118816768,0,1,1.74856,0,0,0,1,1,2,6.06588,100,83.3997,1024,37520,320,0,32
conv,10750,2097152,1024,32,32,1,4,2,4,1,1,32,32,8,38248975,23039626,2,72021988,23068681,2,107487232,83.5625,1,39.7814,11534336,3153920,182976512,20971520,0.492148,99.3534,0,822083584,0,1027010560,104857600,1013596160,377487360,0,124256256,0,1,2.10305,0,0,0,1,1,3,7.51202,100,84.1264,1024,37800,320,0,44
conv,2226,2097152,1024,32,32,1,4,2,4,7,0,32,32,3,2189079,2064354,2,13533232,2097161,2,15998976,0,2,61.8631,6291456,3153920,0,0,0.483429,99.2448,0,822083584,0,267984896,2097152,197804032,161480704,0,55771136,0,2,10.2503,0,0,0,1,1,2,19.13,100,81.3285,1024,37520,0,0,64
conv,2239,2097152,1024,32,32,1,4,2,4,7,1,32,32,3,2189002,2064426,2,13533384,2097161,2,15998976,0,3,39.7814,11534336,3153920,0,0,0.47385,99.2191,0,822083584,0,267984896,2097152,239747072,140509184,0,56426496,0,2,10.1891,0,0,0,1,1,2,18.5228,100,81.5454,1024,37800,0,0,48
conv,20534,2097152,1024,32,32,1,8,1,1,1,0,32,32,9,103777512,27778610,2,126361944,42467337,2,118562816,76.0833,1,22.6725,25690112,5447680,205520896,25690112,0.882387,99.8458,0,822083584,0,1270829056,102760448,1190019072,157286400,0,138870784,0,1,1.3164,0,0,0,1,1,2,6.11881,100,79.7274,1024,39824,392,0,32
conv,20822,2097152,1024,32,32,1,8,1,1,1,1,32,32,8,105422085,27777895,2,126362888,42467465,2,118562816,76.0833,1,12.423,51380224,5447680,205520896,25690112,0.918132,100.189,0,822083584,0,1270829056,102760448,1292779520,157286400,0,142082048,0,1,1.08732,0,0,0,1,1,2,5.18093,100,80.1856,1024,39976,392,0,32
conv,3023,2097152,1024,32,32,1,8,1,1,7,1,32,32,2,2103315,2068522,3,23601536,16777225,1,15802368,0,7,12.423,51380224,5447680,0,0,0.449981,99.2246,0,822083584,0,200499200,2097152,367935488,161480704,0,65536000,0,2,7.55208,0,0,0,1,1,2,16.1561,100,74.1051,1024,39976,0,0,64
conv,20306,2097152,1024,32,32,1,8,1,2,1,0,32,32,9,102330948,27779026,2,126361648,34078777,2,118562816,80.0613,1,22.6725,25690112,5447680,205520896,25690112,0.865076,99.4292,0,822083584,0,1283215360,102760448,1181630464,146800640,0,138608640,0,1,1.11139,0,0,0,1,1,2,5.1878,100,79.7319,1024,39824,392,0,32
conv,20987,2097152,1024,32,32,1,8,1,2,1,1,32,32,8,105993595,27778882,2,126362048,34078729,1,118562816,80.0613,1,12.423,51380224,5447680,205520896,25690112,0.903296,99.8101,0,822083584,0,1283215360,102760448,1284390912,146800640,0,141819904,0,1,1.08083,0,0,0,1,1,2,5.1668,100,80.1909,1024,39976,392,0,32
conv,2728,2097152,1024,32,32,1,8,1,2,7,1,32,32,2,2103315,2068506,2,23601200,8388617,2,15802368,0,8,12.423,51380224,5447680,0,0,0.467928,99.2446,0,822083584,0,213082112,2097152,359546880,161480704,0,65667072,0,2,8.35879,0,0,0,1,1,2,17.9205,100,74.1568,1024,39976,0,0,64
conv,20316,2097152,1024,32,32,1,8,1,4,1,0,32,32,8,101914352,27779182,2,126361944,29884425,2,118562816,82.2105,1,22.6725,25690112,5447680,205520896,25690112,0.881245,100.345,0,822083584,0,1285312512,102760448,1177436160,155189248,0,138805248,0,1,1.11612,0,0,0,1,1,2,5.1679,100,79.7606,1024,39824,392,0,32
conv,20962,2097152,1024,32,32,1,8,1,4,1,1,32,32,8,106138501,27778466,2,126362024,29884425,1,118562816,82.2105,1,12.423,51380224,5447680,205520896,25690112,0.916539,99.6629,0,822083584,0,1285312512,102760448,1280196608,155189248,0,142016512,0,1,1.07759,0,0,0,1,1,2,5.16719,100,80.2183,1024,39976,392,0,32
conv,2632,2097152,1024,32,32,1,8,1,4,7,1,32,32,2,2103619,2068502,2,23601728,4194313,2,15802368,0,8,12.423,51380224,5447680,0,0,0.472225,99.2398,0,822083584,0,214982656,2097152,355352576,174063616,0,65929216,0,2,8.64908,0,0,0,1,1,2,18.7441,100,74.3496,1024,39976,0,0,64
conv,32047,16777216,512,64,8,0,1,1,1,1,0,64,8,8,78429006,104839094,2,253232320,104857609,2,308281344,57.3939,0,0,0,0,205520896,102760448,0.726616,100.165,0,822083584,0,9596567552,822083584,2902458368,385875968,0,458227712,0,1,0.707799,0,0,0,1,1,3,10.0954,100,99.0847,1024,0,200,0,40
conv,18949,16777216,512,64,8,0,1,1,1,7,0,64,8,1,2103315,2067666,2,150470704,2097161,2,205520896,0,0,0,0,0,0,0,0.936865,99.9765,0,822083584,0,1006632960,16777216,1660944384,637534208,0,129499136,0,1,1.19467,0,0,0,1,1,2,4.75618,100,100,1024,0,0,0,32
conv,20077,8388608,512,64,8,0,1,2,1,1,0,64,8,8,52748677,60809738,2,141820488,60817417,2,167772160,57.4386,0,0,0,0,115343360,58720256,0.970665,100.187,0,822083584,0,3850371072,419430400,1778384896,327155712,0,228327424,0,1,1.13319,0,0,0,1,1,3,8.40305,100,98.5075,1024,0,224,0,32
conv,9699,8388608,512,64,8,0,1,2,1,7,0,64,8,1,2103315,2067222,2,84148272,2097161,3,110100480,0,0,0,0,0,0,0,0.937771,99.9431,0,822083584,0,729808896,8388608,897581056,419430400,0,89915392,0,1,2.33727,0,0,0,1,1,3,6.1099,100,100,1024,0,0,0,32
conv,12889,4194304,512,64,8,0,1,4,1,1,0,64,8,7,33150462,38786882,2,96226172,38797321,2,120061952,60.5884,0,0,0,0,115343360,36700160,0.730493,101.097,0,822083584,0,2000683008,209715200,1149239296,599785472,0,151126016,0,1,1.7834,0,0,0,1,1,3,8.54195,100,98.8725,1024,0,280,0,40
conv,5056,4194304,512,64,8,0,1,4,1,7,0,64,8,2,2103316,2067206,2,50987056,2097161,3,62390272,0,0,0,0,0,0,0,0.707685,99.8853,0,822083584,0,444596224,4194304,515899392,201326592,0,62128128,0,1,4.49254,0,0,0,1,1,3,8.42275,100,100,1024,0,0,0,40
conv,9078,2097152,512,64,8,0,1,8,1,1,0,64,8,8,28325402,27773322,2,67966764,27787321,2,73662464,61.8936,0,0,0,0,70254592,25690112,0.722964,99.6864,0,822083584,0,1107296256,104857600,729808896,748683264,0,110624768,0,1,2.49617,0,0,0,1,1,2,9.28854,100,99.2299,1024,0,392,0,40
conv,2731,2097152,512,64,8,0,1,8,1,7,0,64,8,2,2125082,2067346,3,34406448,2097161,3,38535168,0,0,0,0,0,0,0,0.474974,99.854,0,822083584,0,314572800,2097152,325058560,115343360,0,49348608,0,2,8.34868,0,0,0,1,1,3,13.1612,100,100,1024,0,0,0,56
conv,20254,8388608,512,64,8,0,2,1,1,1,0,64,8,8,60011144,60801302,3,244037788,62914569,2,212860928,52.6024,0,0,0,0,205520896,58720256,0.722483,99.6723,0,822083584,0,4395630592,411041792,1837105152,251658240,0,243269632,0,1,1.11735,0,0,0,1,1,3,8.01946,100,99.1379,1024,0,224,0,38
conv,10601,8388608,512,64,8,0,2,1,1,7,0,64,8,1,2103667,2068694,3,141296016,4194313,2,110100480,0,0,0,0,0,0,0,0.953172,99.9814,0,822083584,0,511705088,8388608,897581056,251658240,0,77856768,0,1,2.14005,0,0,0,1,1,2,4.58751,100,100,1024,0,0,0,32
conv,20298,8388608,512,64,8,0,2,1,2,1,0,64,8,8,60268938,60805114,3,244020304,60817417,2,212860928,52.9563,0,0,0,0,205520896,58720256,0.723772,99.9263,0,822083584,0,4437573632,411041792,1828716544,268435456,0,244842496,0,1,1.11713,0,0,0,1,1,3,8.03171,100,99.1435,1024,0,224,0,36
conv,10581,8388608,512,64,8,0,2,1,2,7,0,64,8,1,2103315,2066938,3,141295664,2097161,2,110100480,0,0,0,0,0,0,0,0.710123,99.9378,0,822083584,0,562036736,8388608,889192448,436207616,0,84934656,0,1,2.14332,0,0,0,1,1,2,5.0999,100,100,1024,0,0,0,40
conv,13673,4194304,512,64,8,0,2,2,1,1,0,64,8,7,37983946,35631738,3,140707732,37748873,2,139460608,52.9206,0,0,0,0,160432128,33554432,0.721021,99.9869,0,822083584,0,1925185536,209715200,1241513984,364904448,0,144310272,0,1,1.66147,0,0,0,1,1,3,7.3342,100,98.8193,1024,0,256,0,40
conv,5486,4194304,512,64,8,0,2,2,1,7,0,64,8,1,2103411,2068990,3,79822992,4194313,2,59244544,0,0,0,0,0,0,0,0.709514,99.9044,0,822083584,0,369098752,4194304,490733568,230686720,0,59899904,0,1,4.14005,0,0,0,1,1,2,7.27417,100,100,1024,0,0,0,40
conv,14669,4194304,512,64,8,0,2,2,2,1,0,64,8,8,51669744,35641750,3,142940060,35651593,2,139460608,54.0879,0,0,0,0,160432128,33554432,0.9643,99.5336,0,822083584,0,1962934272,209715200,1233125376,364904448,0,145227776,0,1,1.54291,0,0,0,1,1,3,6.99221,100,98.8267,1024,0,256,0,32
conv,5457,4194304,512,64,8,0,2,2,2,7,0,64,8,1,2103667,2066790,3,79823248,2097289,2,59244544,0,0,0,0,0,0,0,0.712791,99.9548,0,822083584,0,406847488,4194304,482344960,239075328,0,61079552,0,1,4.16438,0,0,0,1,1,2,7.48327,100,100,1024,0,0,0,40
conv,8420,2097152,512,64,8,0,2,4,1,1,0,64,8,8,27534346,23051362,3,95622964,25165833,3,102760448,55.8378,0,0,0,0,137887744,20971520,0.685794,99.7287,0,822083584,0,1042284544,104857600,910163968,402653184,0,103415808,0,1,2.69103,0,0,0,1,1,3,8.04074,100,99.1762,1024,0,320,0,40
conv,2922,2097152,512,64,8,0,2,4,1,7,0,64,8,2,2103316,2069154,4,49086632,4194313,3,33816576,0,0,0,0,0,0,0,0.473835,99.8694,0,822083584,0,264241152,2097152,287309824,115343360,0,46596096,0,2,7.80362,0,0,0,1,1,3,11.2435,100,100,1024,0,0,0,56
conv,8409,2097152,512,64,8,0,2,4,2,1,0,64,8,8,27688637,23054234,3,95137548,23068681,3,102760448,56.6751,0,0,0,0,137887744,20971520,0.696047,99.8415,0,822083584,0,1056964608,104857600,901775360,411041792,0,103874560,0,1,2.70395,0,0,0,1,1,3,8.17386,100,99.1798,1024,0,320,0,40
conv,2907,2097152,512,64,8,0,2,4,2,7,0,64,8,2,2103318,2066934,3,49086512,2097161,3,33816576,0,0,0,0,0,0,0,0.478652,99.8322,0,822083584,0,278921216,2097152,278921216,121634816,0,46989312,0,2,7.84143,0,0,0,1,1,3,11.3422,100,100,1024,0,0,0,56
conv,7576,1048576,512,64,8,0,2,8,1,1,0,64,8,7,24636730,16754666,3,77206732,18874377,2,84410368,60.6634,0,0,0,0,126615552,14680064,0.727328,99.1283,0,822083584,0,717225984,52428800,744488960,525336576,0,89849856,0,1,2.98266,0,0,0,1,1,3,8.87748,100,99.5259,1024,0,448,0,38
conv,1642,1048576,512,64,8,0,2,8,1,7,0,64,8,4,2127065,2068694,4,33718624,4194313,3,21102592,0,0,0,0,0,0,0,0.237096,98.9012,0,822083584,0,203423744,1048576,185597952,87031808,0,40599552,0,2,13.9841,0,0,0,1,1,3,18.9199,100,100,768,0,0,0,80
conv,8728,1048576,512,64,8,0,2,8,2,1,0,64,8,5,18172739,16748646,2,66111632,16777225,2,84410368,56.9383,0,0,0,0,126615552,14680064,0.487748,99.5938,0,822083584,0,727711744,52428800,736100352,475004928,0,88342528,0,1,2.61271,0,0,0,1,1,3,7.44898,100,99.5178,1024,0,448,0,42
conv,1623,1048576,512,64,8,0,2,8,2,7,0,64,8,4,2123922,2066934,4,33719320,2097161,3,21102592,0,0,0,0,0,0,0,0.24136,98.9138,0,822083584,0,214958080,1048576,177209344,80740352,0,40501248,0,2,14.153,0,0,0,1,1,3,19.1824,100,100,768,0,0,0,80
conv,19424,4194304,512,64,8,0,4,1,1,1,0,64,8,8,84086839,38788526,3,260535024,45088777,2,165150720,45.6198,0,0,0,0,205520896,36700160,0.69512,99.3343,0,822083584,0,2403336192,205520896,1484783616,163577856,0,159776768,0,1,1.16152,0,0,0,1,1,2,5.57278,100,99.3437,1024,0,280,0,35
conv,7009,4194304,512,64,8,0,4,1,1,7,0,64,8,1,2103315,2068782,4,157811104,8388617,2,62390272,0,0,0,0,0,0,0,0.463483,99.9483,0,822083584,0,255852544,4194304,515899392,184549376,0,55705600,0,1,3.24422,0,0,0,1,1,2,4.91943,100,100,1024,0,0,0,56
conv,19777,4194304,512,64,8,0,4,1,2,1,0,64,8,8,84860796,38788450,3,260516312,40894473,2,165150720,46.2392,0,0,0,0,205520896,36700160,0.688828,99.7125,0,822083584,0,2428502016,205520896,1476395008,167772160,0,160432128,0,1,1.15829,0,0,0,1,1,2,5.86808,100,99.3464,1024,0,280,0,36
conv,6900,4194304,512,64,8,0,4,1,2,7,0,64,8,1,2103331,2068810,4,157811160,4194361,2,62390272,0,0,0,0,0,0,0,0.472109,99.9238,0,822083584,0,281018368,4194304,507510784,184549376,0,56229888,0,1,3.29559,0,0,0,1,1,2,5.31806,100,100,1024,0,0,0,56
conv,19775,4194304,512,64,8,0,4,1,4,1,0,64,8,8,85235493,38784554,3,260528072,38797321,2,165150720,46.5704,0,0,0,0,205520896,36700160,0.688975,99.0589,0,822083584,0,2432696320,205520896,1472200704,171966464,0,160563200,0,1,1.14593,0,0,0,1,1,2,5.54276,100,99.3469,1024,0,280,0,36
conv,6881,4194304,512,64,8,0,4,1,4,7,0,64,8,1,2103411,2066730,4,157810880,2097161,2,62390272,0,0,0,0,0,0,0,0.477946,99.9103,0,822083584,0,285212672,4194304,503316480,192937984,0,56492032,0,1,3.30273,0,0,0,1,1,2,5.14478,100,100,1024,0,0,0,56
conv,13041,2097152,512,64,8,0,4,2,1,1,0,64,8,8,57818352,23057282,3,158108640,29360137,2,125304832,47.5982,0,0,0,0,182976512,20971520,0.722864,101.31,0,822083584,0,962592768,104857600,1082130432,199229440,0,99942400,0,1,1.75294,0,0,0,1,1,2,4.76335,100,99.1475,1024,0,320,0,39
conv,3754,2097152,512,64,8,0,4,2,1,7,0,64,8,2,2103627,2068934,5,89719168,8388617,2,33816576,0,0,0,0,0,0,0,0.472061,99.7372,0,822083584,0,184549376,2097152,287309824,100663296,0,43646976,0,1,6.0753,0,0,0,1,1,2,8.0348,100,100,1024,0,0,0,56
conv,12892,2097152,512,64,8,0,4,2,2,1,0,64,8,8,57435641,23056842,3,157789748,25165833,2,125304832,48.6763,0,0,0,0,182976512,20971520,0.723764,99.983,0,822083584,0,981467136,104857600,1073741824,190840832,0,100007936,0,1,1.75815,0,0,0,1,1,3,4.85436,100,99.1481,1024,0,320,0,40
conv,3634,2097152,512,64,8,0,4,2,2,7,0,64,8,2,2103955,2068938,5,89719480,4194313,2,33816576,0,0,0,0,0,0,0,0.477831,99.7591,0,822083584,0,203423744,2097152,278921216,117440512,0,44498944,0,1,6.27004,0,0,0,1,1,2,8.51488,100,100,1024,0,0,0,56
conv,12929,2097152,512,64,8,0,4,2,4,1,0,64,8,8,57631896,23057474,3,157965244,23068809,2,125304832,49.276,0,0,0,0,182976512,20971520,0.721931,100.202,0,822083584,0,985661440,104857600,1069547520,195035136,0,100139008,0,1,1.75022,0,0,0,1,1,3,4.87981,100,99.1492,1024,0,320,0,37
conv,3642,2097152,512,64,8,0,4,2,4,7,0,64,8,2,2103315,2067098,5,89718832,2097161,2,33816576,0,0,0,0,0,0,0,0.480416,99.7468,0,822083584,0,207618048,2097152,274726912,104857600,0,44105728,0,1,6.25739,0,0,0,1,1,2,8.51475,100,100,1024,0,0,0,56
conv,7862,1048576,512,64,8,0,4,4,1,1,0,64,8,8,30486854,15184103,3,119044656,21495817,3,105381888,54.3623,0,0,0,0,171704320,13107200,0.484684,99.4779,0,822083584,0,682622976,52428800,900726784,365953024,0,88670208,0,1,2.89692,0,0,0,1,1,3,7.71938,100,99.5196,1024,0,400,0,48
conv,2168,1048576,512,64,8,0,4,4,1,7,0,64,8,3,2103338,2068730,5,55672888,8388617,2,19529728,0,0,0,0,0,0,0,0.235459,98.9866,0,822083584,0,132120576,1048576,173015040,75497472,0,37617664,0,2,10.5676,0,0,0,1,1,2,12.8827,100,100,768,0,0,0,80
conv,9602,1048576,512,64,8,0,4,4,2,1,0,64,8,8,43305242,15186318,3,133019412,17301513,2,105381888,60.2292,0,0,0,0,171704320,13107200,0.728456,99.2344,0,822083584,0,535822336,52428800,892338176,208666624,0,78905344,0,1,2.36214,0,0,0,1,1,3,4.87972,100,99.4601,1024,0,400,0,38
conv,2064,1048576,512,64,8,0,4,4,2,7,0,64,8,3,2103316,2069198,5,55672880,4194313,2,19529728,0,0,0,0,0,0,0,0.238912,98.8211,0,822083584,0,139460608,1048576,164626432,54525952,0,36929536,0,2,11.0921,0,0,0,1,1,2,13.7165,100,100,896,0,0,0,72
conv,9688,1048576,512,64,8,0,4,4,4,1,0,64,8,8,43376698,15183734,3,131416744,15204361,2,105381888,60.425,0,0,0,0,171704320,13107200,0.730158,99.9154,0,822083584,0,540016640,52428800,888143872,208666624,0,78905344,0,1,2.36276,0,0,0,1,1,3,4.86591,100,99.4601,1024,0,400,0,40
conv,2047,1048576,512,64,8,0,4,4,4,7,0,64,8,3,2103390,2067066,5,55672880,2097161,2,19529728,0,0,0,0,0,0,0,0.243691,99.4316,0,822083584,0,143654912,1048576,160432128,39845888,0,36470784,0,2,11.2233,0,0,0,1,1,2,13.8368,100,100,896,0,0,0,72
conv,6896,524288,512,64,8,0,4,8,1,1,0,64,8,8,29222178,11354820,4,120170812,17563657,3,95420416,65.9725,0,0,0,0,166068224,9175040,0.479916,99.4107,0,822083584,0,384827392,26214400,798490624,316669952,0,73596928,0,1,3.30994,0,0,0,1,1,3,7.19907,100,99.7106,1024,0,560,0,56
conv,1451,524288,512,64,8,0,4,8,1,7,0,64,8,4,2138978,2104636,6,38649952,8388617,2,12386304,0,0,0,0,0,0,0,0.243928,99.2771,0,822083584,0,101711872,524288,115867648,45088768,0,33914880,0,2,16.1345,0,0,0,1,1,2,18.6995,100,100,512,0,0,0,128
conv,7047,524288,512,64,8,0,4,8,2,1,0,64,8,8,29905361,11245326,4,121048788,13369353,3,95420416,68.2558,0,0,0,0,166068224,9175040,0.48586,99.5802,0,822083584,0,398458880,26214400,790102016,341835776,0,74547200,0,1,3.27953,0,0,0,1,1,3,7.24043,100,99.7143,1024,0,560,0,56
conv,1292,524288,512,64,8,0,4,8,2,7,0,64,8,5,2132921,2068708,6,38649904,4194313,2,12386304,0,0,0,0,0,0,0,0.242014,99.091,0,822083584,0,107479040,524288,107479040,45613056,0,33849344,0,3,17.9078,0,0,0,1,1,3,20.7357,100,100,512,0,0,0,128
conv,5378,524288,512,64,8,0,4,8,4,1,0,64,8,6,12045825,11240334,3,82902072,11272201,4,95420416,56.7247,0,0,0,0,166068224,9175040,0.246659,99.3921,0,822083584,0,402653184,26214400,785907712,317718528,0,73793536,0,1,4.23185,0,0,0,1,1,4,9.47989,100,99.7114,896,0,560,0,68
conv,1306,524288,512,64,8,0,4,8,4,7,0,64,8,5,2152004,2064650,6,38649904,2097209,2,12386304,0,0,0,0,0,0,0,0.244143,101.13,0,822083584,0,111673344,524288,103284736,45088768,0,33832960,0,3,17.9064,0,0,0,1,1,2,20.6323,100,100,512,0,0,0,128
conv,18094,2097152,512,64,8,0,8,1,1,1,0,64,8,8,86062694,27779202,4,311492896,42467337,2,141295616,36.2896,0,0,0,0,205520896,25690112,0.576436,98.7275,0,822083584,0,1201668096,102760448,1249902592,106954752,0,109379584,0,1,1.23571,0,0,0,1,1,2,4.57298,100,99.5207,1024,0,392,0,36
conv,6932,2097152,512,64,8,0,8,1,1,7,0,64,8,1,2103339,2068750,6,208732280,16777225,1,38535168,0,0,0,0,0,0,0,0.238413,99.6431,0,822083584,0,127926272,2097152,325058560,75497472,0,42270720,0,1,3.27938,0,0,0,1,1,2,4.18169,100,100,768,0,0,0,80
conv,18507,2097152,512,64,8,0,8,1,2,1,0,64,8,8,87249525,27779434,4,311492752,34078857,2,141295616,37.1705,0,0,0,0,205520896,25690112,0.590081,100.347,0,822083584,0,1214251008,102760448,1241513984,102760448,0,109379584,0,1,1.22267,0,0,0,1,1,2,4.46103,100,99.5207,1024,0,392,0,36
conv,6796,2097152,512,64,8,0,8,1,2,7,0,64,8,1,2103315,2068786,6,208732208,8388617,2,38535168,0,0,0,0,0,0,0,0.242854,99.5848,0,822083584,0,140509184,2097152,316669952,79691776,0,42532864,0,1,3.34626,0,0,0,1,1,2,4.30382,100,100,768,0,0,0,80
conv,18368,2097152,512,64,8,0,8,1,4,1,0,64,8,8,83636738,27779365,4,311493560,29884425,2,141295616,37.6272,0,0,0,0,205520896,25690112,0.57134,99.5881,0,822083584,0,1216348160,102760448,1237319680,98566144,0,109182976,0,1,1.26282,0,0,0,1,1,2,4.45823,100,99.5198,1024,0,392,0,36
conv,6626,2097152,512,64,8,0,8,1,4,7,0,64,8,1,2103411,2068710,6,208732304,4194313,2,38535168,0,0,0,0,0,0,0,0.245333,99.6486,0,822083584,0,144703488,2097152,312475648,60817408,0,41943040,0,1,3.44674,0,0,0,1,1,2,4.35068,100,100,768,0,0,0,80
conv,14136,1048576,512,64,8,0,8,2,1,1,0,64,8,8,68490272,16764663,3,215742732,31457289,2,118226944,45.0586,0,0,0,0,194248704,14680064,0.724379,100.357,0,822083584,0,642777088,52428800,1002438656,59768832,0,81035264,0,1,1.60135,0,0,0,1,1,2,3.43014,100,99.4743,1024,0,448,0,40
conv,3512,1048576,512,64,8,0,8,2,1,7,0,64,8,2,2103315,2068678,7,119046472,16777225,2,21102592,0,0,0,0,0,0,0,0.236436,98.9923,0,822083584,0,92274688,1048576,185597952,71303168,0,36634624,0,1,6.51321,0,0,0,1,1,2,7.78866,100,100,640,0,0,0,96
conv,14110,1048576,512,64,8,0,8,2,2,1,0,64,8,8,68505161,16763787,3,212755592,23068809,2,118226944,45.9986,0,0,0,0,194248704,14680064,0.724516,98.7569,0,822083584,0,490733568,52428800,994050048,100663296,0,77299712,0,1,1.59935,0,0,0,1,1,2,3.08266,100,99.4489,1024,0,448,0,37
conv,3368,1048576,512,64,8,0,8,2,2,7,0,64,8,2,2103315,2068990,7,119046192,8388617,2,21102592,0,0,0,0,0,0,0,0.240429,99.3692,0,822083584,0,101711872,1048576,177209344,74448896,0,36765696,0,1,6.76693,0,0,0,1,1,2,8.0615,100,100,640,0,0,0,96
conv,14372,1048576,512,64,8,0,8,2,4,1,0,64,8,8,70152989,16764066,3,212742292,18874377,2,118226944,46.7929,0,0,0,0,194248704,14680064,0.732304,99.5533,0,822083584,0,492830720,52428800,989855744,98566144,0,77168640,0,1,1.56807,0,0,0,1,1,2,2.96412,100,99.448,1024,0,448,0,40
conv,3223,1048576,512,64,8,0,8,2,4,7,0,64,8,2,2103323,2068982,7,119046344,4194313,2,21102592,0,0,0,0,0,0,0,0.242867,99.3648,0,822083584,0,104857600,1048576,173015040,76546048,0,36798464,0,1,7.09558,0,0,0,1,1,2,8.63551,100,100,640,0,0,0,96
conv,10769,524288,512,64,8,0,8,4,1,1,0,64,8,8,51684051,11326172,3,167999664,25952265,2,106692608,53.0824,0,0,0,0,188612608,9175040,0.484396,99.3262,0,822083584,0,355467264,26214400,889716736,113770496,0,69189632,0,1,2.09588,0,0,0,1,1,2,3.7713,100,99.6922,1024,0,560,0,48
conv,2423,524288,512,64,8,0,8,4,1,7,0,64,8,3,2105760,2117212,7,74203184,16777225,1,12386304,0,0,0,0,0,0,0,0.243396,100.168,0,822083584,0,66060288,524288,115867648,38273024,0,32587776,0,2,9.47473,0,0,0,1,1,2,10.4492,100,100,512,0,0,0,128
conv,10826,524288,512,64,8,0,8,4,2,1,0,64,8,8,53277817,11250839,3,168180788,17563657,2,106692608,55.5098,0,0,0,0,188612608,9175040,0.486065,99.9167,0,822083584,0,362807296,26214400,881328128,112721920,0,69124096,0,1,2.09567,0,0,0,1,1,2,3.74721,100,99.6919,1024,0,560,0,48
conv,2172,524288,512,64,8,0,8,4,2,7,0,64,8,3,2104713,2073645,7,74203184,8388617,2,12386304,0,0,0,0,0,0,0,0.241536,98.8027,0,822083584,0,69730304,524288,107479040,40370176,0,32505856,0,2,10.5875,0,0,0,1,1,2,11.7897,100,100,512,0,0,0,128
conv,10708,524288,512,64,8,0,8,4,4,1,0,64,8,8,52594726,11251818,3,165562640,13369353,2,106692608,56.1324,0,0,0,0,188612608,9175040,0.483663,100.014,0,822083584,0,365428736,26214400,877133824,189267968,0,71467008,0,1,2.10749,0,0,0,1,1,2,3.95279,100,99.702,1024,0,560,0,56
conv,2099,524288,512,64,8,0,8,4,4,7,0,64,8,3,2110152,2068578,7,74203352,4194313,2,12386304,0,0,0,0,0,0,0,0.243278,99.0997,0,822083584,0,72351744,524288,103284736,41943040,0,32505856,0,2,10.9773,0,0,0,1,1,2,12.187,100,100,512,0,0,0,128
conv,7840,262144,512,64,8,0,8,8,1,1,0,64,8,7,32828440,10339602,4,144678952,23199753,3,100925440,59.1616,0,0,0,0,185794560,6422528,0.243344,99.0747,0,822083584,0,192413696,13107200,870055936,210239488,0,65978368,0,1,2.91678,0,0,0,1,1,3,5.28765,100,99.8386,640,0,784,0,96
conv,7404,262144,512,64,8,0,8,8,2,1,0,64,8,7,32533016,8543968,4,144678944,14811145,3,100925440,62.2733,0,0,0,0,185794560,6422528,0.244552,99.6091,0,822083584,0,199229440,13107200,861667328,208928768,0,65888256,0,1,3.05767,0,0,0,1,1,3,5.69631,100,99.8384,512,0,784,0,124
conv,7311,262144,512,64,8,0,8,8,4,1,0,64,8,8,32603704,8492162,4,144679168,10616841,3,100925440,63.9552,0,0,0,0,185794560,6422528,0.244968,99.6879,0,822083584,0,201588736,13107200,857473024,222035968,0,66240512,0,1,3.10673,0,0,0,1,1,3,5.62116,100,99.8392,640,0,784,0,96
conv,31689,16777216,512,64,8,1,1,1,1,1,0,64,8,8,85830309,104848890,2,134185480,104857609,2,210108416,85.9767,1,96.9792,25690112,1835008,205520896,102760448,0.964929,100.046,0,822083584,0,9361686528,822083584,3386114048,352321536,0,472383488,0,1,0.715303,0,0,0,1,1,2,12.3015,100,97.5392,1024,3920,200,0,32
conv,31653,16777216,512,64,8,1,1,1,1,1,1,64,8,8,85979596,104849530,2,134186040,104857737,2,210108416,85.9767,1,96.9792,25690112,1835008,205520896,102760448,0.96574,99.9832,0,822083584,0,9361686528,822083584,3386114048,352321536,0,472383488,0,1,0.714852,0,0,0,1,1,2,12.3014,100,97.5392,1024,3976,200,0,32
conv,16191,16777216,512,64,8,1,1,1,1,7,0,64,8,1,2103315,2065102,1,31424560,2097161,2,107347968,0,1,96.9792,25690112,1835008,0,0,0.913568,99.9943,0,822083584,0,771751936,16777216,1741946880,687865856,0,133693440,0,1,1.39591,0,0,0,1,1,2,5.69862,100,94.4424,1024,3920,0,0,31
conv,16190,16777216,512,64,8,1,1,1,1,7,1,64,8,1,2103315,2065078,1,31424560,2097161,2,107347968,0,1,96.9792,25690112,1835008,0,0,0.913454,99.9582,0,822083584,0,771751936,16777216,1741946880,687865856,0,133693440,0,1,1.39543,0,0,0,1,1,2,5.69869,100,94.4424,1024,3976,0,0,31
conv,20089,8388608,512,64,8,1,1,2,1,1,0,64,8,8,52727413,60809530,2,75023248,60817417,1,112656384,85.6833,1,95.9477,14680064,1441792,115343360,58720256,0.973067,98.7571,0,822083584,0,3825205248,419430400,1535246336,276824064,0,226230272,0,1,1.12007,0,0,0,1,1,2,8.5648,100,95.0192,1024,6160,224,0,32
conv,20442,8388608,512,64,8,1,1,2,1,1,1,64,8,7,51956157,60806626,2,75023232,60817417,1,112656384,85.6833,1,95.9477,14680064,1441792,115343360,58720256,0.972191,99.9324,0,822083584,0,3825205248,419430400,1535246336,276824064,0,226230272,0,1,1.13165,0,0,0,1,1,2,8.55161,100,95.0192,1024,6248,224,0,32
conv,8220,8388608,512,64,8,1,1,2,1,7,0,64,8,1,2103315,2064474,1,17350704,2097161,2,54984704,0,1,95.9477,14680064,1441792,0,0,0.910611,99.9605,0,822083584,0,704643072,8388608,956432384,360710144,0,96993280,0,1,2.75501,0,0,0,1,1,2,7.6785,100,91.8961,1024,6160,0,0,32
conv,8222,8388608,512,64,8,1,1,2,1,7,1,64,8,1,2103331,2064454,1,17350720,2097161,2,54984704,0,1,95.9477,14680064,1441792,0,0,0.911085,99.9333,0,822083584,0,704643072,8388608,956432384,360710144,0,96993280,0,1,2.75486,0,0,0,1,1,2,7.68012,100,91.8961,1024,6248,0,0,32
conv,12684,4194304,512,64,8,1,1,4,1,1,0,64,8,8,36008567,38789186,2,56253448,38797321,2,86474752,87.0405,1,94.5853,9175040,1245184,115343360,36700160,0.969041,99.9141,0,822083584,0,2088009728,209715200,1171849216,603979776,0,167641088,0,1,1.76338,0,0,0,1,1,2,9.85175,100,91.2597,1024,10640,280,0,32
conv,12802,4194304,512,64,8,1,1,4,1,1,1,64,8,8,36246716,38789070,2,56263108,38797321,2,86474752,86.8855,1,94.5853,9175040,1245184,115343360,36700160,0.971475,97.7734,0,822083584,0,2088009728,209715200,1171849216,603979776,0,167641088,0,1,1.75786,0,0,0,1,1,2,10.0359,100,91.2597,1024,10792,280,0,32
conv,4182,4194304,512,64,8,1,1,4,1,7,0,64,8,2,2103343,2064394,1,10313776,2097161,2,28803072,0,1,94.5853,9175040,1245184,0,0,0.911653,99.9252,0,822083584,0,553648128,4194304,563675136,255852544,0,76677120,0,1,5.42977,0,0,0,1,1,2,12.0608,100,89.6394,1024,10640,0,0,32
conv,4182,4194304,512,64,8,1,1,4,1,7,1,64,8,2,2103339,2064422,1,10314008,2097161,2,28803072,0,1,94.5853,9175040,1245184,0,0,0.912962,99.8983,0,822083584,0,553648128,4194304,563675136,255852544,0,76677120,0,1,5.42907,0,0,0,1,1,2,12.0624,100,89.6394,1024,10792,0,0,32
conv,8710,2097152,512,64,8,1,1,8,1,1,0,64,8,8,26371101,27774234,2,39487056,27787273,2,50839552,86.788,1,93.1345,6422528,1146880,70254592,25690112,0.727386,99.8031,0,822083584,0,1212235776,104857600,751075328,767557632,0,131661824,0,1,2.59748,0,0,0,1,1,2,11.7921,100,86.8183,1024,19600,392,0,40
conv,8706,2097152,512,64,8,1,1,8,1,1,1,64,8,8,26393704,27769786,2,39501044,27787273,2,50839552,86.7288,1,93.1345,6422528,1146880,70254592,25690112,0.727367,99.8762,0,822083584,0,1212235776,104857600,751075328,767557632,0,131661824,0,1,2.59589,0,0,0,1,1,2,11.7763,100,86.8183,1024,19880,392,0,40
conv,2160,2097152,512,64,8,1,1,8,1,7,0,64,8,3,2173139,2064886,1,6795968,2097161,2,15712256,0,2,93.1345,6422528,1146880,0,0,0.937247,99.8816,0,822083584,0,423329792,2097152,367296512,163577856,0,73203712,0,3,10.5659,0,0,0,1,1,2,23.8569,100,75.9176,1024,19600,0,0,32
conv,2162,2097152,512,64,8,1,1,8,1,7,1,64,8,3,2171749,2064402,1,6795656,2097161,2,15712256,0,2,93.1345,6422528,1146880,0,0,0.940765,99.8363,0,822083584,0,423329792,2097152,367296512,163577856,0,73203712,0,3,10.5668,0,0,0,1,1,2,23.8698,100,75.9176,1024,19880,0,0,32
conv,22166,8388608,512,64,8,1,2,1,1,1,0,64,8,8,77235878,60811070,2,124507116,62914569,2,158728192,86.0679,1,89.7204,14680064,2752512,205520896,58720256,0.941376,99.7315,0,822083584,0,4345298944,411041792,1672085504,587202560,0,254541824,0,1,1.02105,0,0,0,1,1,2,8.19135,100,96.2233,1024,7504,224,0,32
conv,22225,8388608,512,64,8,1,2,1,1,1,1,64,8,8,78023400,60811078,2,124592704,62914569,2,158728192,86.0799,1,48.7054,29360128,2752512,205520896,58720256,0.942481,99.7859,0,822083584,0,4345298944,411041792,1906966528,268435456,0,251920384,0,1,1.01933,0,0,0,1,1,2,8.23552,100,96.184,1024,7560,224,0,32
conv,8269,8388608,512,64,8,1,2,1,1,7,0,64,8,1,2103315,2068506,1,21905456,4194441,2,55967744,0,1,89.7204,14680064,2752512,0,0,0.701339,99.9375,0,822083584,0,461373440,8388608,732561408,385875968,0,82837504,0,1,2.73739,0,0,0,1,1,2,6.70891,100,90.9266,1024,7504,0,0,37
conv,8281,8388608,512,64,8,1,2,1,1,7,1,64,8,1,2103315,2068506,1,21905456,4194313,2,55967744,0,2,48.7054,29360128,2752512,0,0,0.934306,99.9179,0,822083584,0,461373440,8388608,967442432,402653184,0,90701824,0,1,2.7332,0,0,0,1,1,2,7.03492,100,91.7133,1024,7560,0,0,32
conv,20234,8388608,512,64,8,1,2,1,2,1,0,64,8,8,61438150,60806926,2,124610592,60817417,2,158728192,87.0571,1,89.7204,14680064,2752512,205520896,58720256,0.720549,99.1026,0,822083584,0,4387241984,411041792,1663696896,293601280,0,246415360,0,1,1.11785,0,0,0,1,1,2,8.2418,100,96.0987,1024,7504,224,0,36
conv,22303,8388608,512,64,8,1,2,1,2,1,1,64,8,8,77935711,60810118,2,124623140,60817417,2,158728192,87.0779,1,48.7054,29360128,2752512,205520896,58720256,0.941741,100.067,0,822083584,0,4387241984,411041792,1898577920,276824064,0,253231104,0,1,1.01751,0,0,0,1,1,2,7.73062,100,96.2037,1024,7560,224,0,32
conv,8198,8388608,512,64,8,1,2,1,2,7,0,64,8,1,2103315,2064794,1,21905456,2097161,2,55967744,0,1,89.7204,14680064,2752512,0,0,0.710446,99.9702,0,822083584,0,503316480,8388608,724172800,343932928,0,82575360,0,1,2.75809,0,0,0,1,1,2,6.7013,100,90.8978,1024,7504,0,0,37
conv,8305,8388608,512,64,8,1,2,1,2,7,1,64,8,1,2104115,2064538,1,21906672,2097161,2,55967744,0,2,48.7054,29360128,2752512,0,0,0.912965,99.9263,0,822083584,0,503316480,8388608,959053824,427819008,0,92536832,0,1,2.7248,0,0,0,1,1,2,7.17972,100,91.8777,1024,7560,0,0,32
conv,14149,4194304,512,64,8,1,2,2,1,1,0,64,8,8,47441077,35642778,2,72903572,37748745,2,109510656,83.9893,1,86.6557,8388608,2162688,160432128,33554432,0.968866,102.841,0,822083584,0,1941258240,209715200,1117847552,587202560,0,161087488,0,1,1.62843,0,0,0,1,1,2,7.85332,100,90.7525,1024,11792,256,0,32
conv,13392,4194304,512,64,8,1,2,2,1,1,1,64,8,7,37736975,35632442,2,71854472,37748745,2,109510656,83.8149,1,78.8224,9437184,2162688,160432128,33554432,0.726704,99.8287,0,822083584,0,1941258240,209715200,1134624768,583008256,0,161480704,0,1,1.69255,0,0,0,1,1,2,8.40013,100,90.775,1024,11880,256,0,40
conv,4225,4194304,512,64,8,1,2,2,1,7,0,64,8,2,2103771,2068494,1,13542032,4194313,2,29294592,0,1,86.6557,8388608,2162688,0,0,0.703004,99.917,0,822083584,0,406847488,4194304,409010176,230686720,0,66453504,0,1,5.37197,0,0,0,1,1,2,11.0829,100,88.0701,1024,11792,0,0,35
conv,4243,4194304,512,64,8,1,2,2,1,7,1,64,8,2,2103315,2068502,1,13541424,4194313,2,29294592,0,1,78.8224,9437184,2162688,0,0,0.928115,99.9421,0,822083584,0,406847488,4194304,425787392,243269632,0,67371008,0,1,5.35013,0,0,0,1,1,2,11.1445,100,88.2326,1024,11880,0,0,32
conv,14206,4194304,512,64,8,1,2,2,2,1,0,64,8,8,47836533,35642898,2,72927396,35651641,2,109510656,85.6402,1,86.6557,8388608,2162688,160432128,33554432,0.965693,100.97,0,822083584,0,1979006976,209715200,1109458944,566231040,0,161349632,0,1,1.62026,0,0,0,1,1,2,8.01599,100,90.7675,1024,11792,256,0,32
conv,13396,4194304,512,64,8,1,2,2,2,1,1,64,8,7,37618329,35631942,2,71837072,35651593,2,109510656,85.4513,1,78.8224,9437184,2162688,160432128,33554432,0.728482,99.9277,0,822083584,0,1979006976,209715200,1126236160,591396864,0,162660352,0,1,1.69519,0,0,0,1,1,2,8.43951,100,90.8419,1024,11880,256,0,40
conv,4188,4194304,512,64,8,1,2,2,2,7,0,64,8,2,2103315,2064402,1,13541424,2097161,2,29294592,0,1,86.6557,8388608,2162688,0,0,0.71046,99.8987,0,822083584,0,444596224,4194304,400621568,222298112,0,67108864,0,1,5.41678,0,0,0,1,1,2,10.9562,100,88.1866,1024,11792,0,0,35
conv,4232,4194304,512,64,8,1,2,2,2,7,1,64,8,2,2103411,2064386,1,13541672,2097161,2,29294592,0,1,78.8224,9437184,2162688,0,0,0.928984,99.8604,0,822083584,0,444596224,4194304,417398784,234881024,0,68026368,0,1,5.36193,0,0,0,1,1,2,10.9317,100,88.346,1024,11880,0,0,32
conv,8236,2097152,512,64,8,1,2,4,1,1,0,64,8,8,25709057,23046530,2,50642656,25165833,2,84901888,82.1571,1,82.8989,5242880,1867776,137887744,20971520,0.72349,100.184,0,822083584,0,1105690624,104857600,840728576,549453824,0,124715008,0,1,2.77233,0,0,0,1,1,3,10.1944,100,85.7659,1024,20368,320,0,40
conv,7671,2097152,512,64,8,1,2,4,1,1,1,64,8,8,20326917,23044510,2,47367652,25165833,2,84901888,81.4361,1,75.9032,5898240,1867776,137887744,20971520,0.488176,99.7373,0,822083584,0,1105690624,104857600,851214336,683671552,0,129236992,0,2,2.97489,0,0,0,1,1,3,11.4142,100,86.2639,1024,20520,320,0,42
conv,2203,2097152,512,64,8,1,2,4,1,7,0,64,8,3,2103327,2068514,2,9359408,4194313,2,15958016,0,2,82.8989,5242880,1867776,0,0,0.478221,99.7811,0,822083584,0,336936960,2097152,247234560,159383552,0,62259200,0,2,10.3601,0,0,0,1,1,2,21.1639,100,78.69,1024,20368,0,0,54
conv,2224,2097152,512,64,8,1,2,4,1,7,1,64,8,3,2103367,2068506,2,9359408,4194313,2,15958016,0,2,75.9032,5898240,1867776,0,0,0.711124,99.8117,0,822083584,0,336936960,2097152,257720320,138412032,0,61931520,0,2,10.2612,0,0,0,1,1,2,20.9033,100,78.5772,1024,20520,0,0,40
conv,8912,2097152,512,64,8,1,2,4,2,1,0,64,8,8,31877167,23043962,2,56209924,23068681,2,84901888,85.4616,1,82.8989,5242880,1867776,137887744,20971520,0.964867,99.1689,0,822083584,0,1120370688,104857600,832339968,612368384,0,126877696,0,1,2.53871,0,0,0,1,1,3,9.73787,100,86.0085,1024,20368,320,0,32
conv,7686,2097152,512,64,8,1,2,4,2,1,1,64,8,8,20463446,23048958,2,47460044,23068681,2,84901888,83.6388,1,75.9032,5898240,1867776,137887744,20971520,0.489769,100.126,0,822083584,0,1120370688,104857600,842825728,591396864,0,126550016,0,1,2.96762,0,0,0,1,1,3,11.1229,100,85.9723,1024,20520,320,0,42
conv,2175,2097152,512,64,8,1,2,4,2,7,0,64,8,3,2103359,2064402,1,9359408,2097161,2,15958016,0,2,82.8989,5242880,1867776,0,0,0.477985,99.903,0,822083584,0,351617024,2097152,238845952,144703488,0,61997056,0,2,10.5016,0,0,0,1,1,2,21.266,100,78.5999,1024,20368,0,0,46
conv,2207,2097152,512,64,8,1,2,4,2,7,1,64,8,3,2103482,2064370,1,9359456,2097161,2,15958016,0,2,75.9032,5898240,1867776,0,0,0.717129,99.9232,0,822083584,0,351617024,2097152,249331712,155189248,0,62652416,0,2,10.345,0,0,0,1,1,2,21.051,100,78.8237,1024,20520,0,0,40
conv,6175,1048576,512,64,8,1,2,8,1,1,0,64,8,7,16598813,16748926,2,40962792,18874377,3,72597504,80.7887,1,79.2221,3670016,1720320,126615552,14680064,0.493819,99.9738,0,822083584,0,835350528,52428800,702169088,651165696,0,111902720,0,2,3.68138,0,0,0,1,1,3,13.2739,100,85.543,1024,37520,448,0,48
conv,6173,1048576,512,64,8,1,2,8,1,1,1,64,8,7,16566899,16749382,2,40930444,18874377,3,72597504,80.7898,1,73.0086,4128768,1720320,126615552,14680064,0.494019,99.5134,0,822083584,0,835350528,52428800,709509120,661651456,0,112459776,0,2,3.68026,0,0,0,1,1,3,13.0671,100,85.6146,1024,37800,448,0,56
conv,1223,1048576,512,64,8,1,2,8,1,7,0,64,8,5,2116376,2068506,2,7268400,4194361,2,9289728,0,2,79.2221,3670016,1720320,0,0,0.480294,99.6235,0,822083584,0,319066112,1048576,166346752,103809024,0,60981248,0,4,19.0228,0,0,0,1,2,2,39.8226,100,72.3765,1024,37520,0,0,64
conv,1209,1048576,512,64,8,1,2,8,1,7,1,64,8,5,2118439,2068506,2,7268752,4194313,2,9289728,0,2,73.0086,4128768,1720320,0,0,0.482793,99.3693,0,822083584,0,319066112,1048576,173686784,121634816,0,61767680,0,4,19.1574,0,0,0,1,2,2,40.5021,100,72.7282,1024,37800,0,0,64
conv,7548,1048576,512,64,8,1,2,8,2,1,0,64,8,6,16602434,16748602,2,40273056,16777225,2,72597504,83.6056,1,79.2221,3670016,1720320,126615552,14680064,0.490072,99.7154,0,822083584,0,847159296,52428800,693780480,659554304,0,112492544,0,1,3.00438,0,0,0,1,1,3,10.7881,100,85.4225,1024,37520,448,0,40
conv,6928,1048576,512,64,8,1,2,8,2,1,1,64,8,6,16311725,16746782,2,39999920,16777225,2,72597504,83.457,1,73.0086,4128768,1720320,126615552,14680064,0.491361,99.2369,0,822083584,0,847159296,52428800,701120512,665845760,0,112918528,0,1,3.26478,0,0,0,1,1,3,12.1951,100,85.4775,1024,37800,448,0,44
conv,1233,1048576,512,64,8,1,2,8,2,7,0,64,8,5,2131698,2064542,2,7268720,2097161,2,9289728,0,2,79.2221,3670016,1720320,0,0,0.485277,101.297,0,822083584,0,332566528,1048576,157958144,110100480,0,61308928,0,4,19.1791,0,0,0,1,1,2,39.2936,100,72.5709,1024,37520,0,0,64
conv,1197,1048576,512,64,8,1,2,8,2,7,1,64,8,5,2136594,2064514,2,7268576,2097209,2,9289728,0,2,73.0086,4128768,1720320,0,0,0.487632,99.4371,0,822083584,0,332697600,1048576,165298176,113246208,0,61669376,0,4,19.4297,0,0,0,1,2,2,41.0748,100,72.6847,1024,37800,0,0,63
conv,19554,4194304,512,64,8,1,4,1,1,1,0,64,8,8,83821374,38788624,2,124643100,45088905,2,132808704,81.9757,1,44.5391,18350080,4358144,205520896,36700160,0.867123,103.468,0,822083584,0,2466070528,205520896,1402273792,197132288,0,185466880,0,1,1.18912,0,0,0,1,1,2,6.65007,100,85.8152,1024,14672,280,0,31
conv,19523,4194304,512,64,8,1,4,1,1,1,1,64,8,9,89247350,38788997,2,124916736,45088777,2,132808704,81.9638,1,24.6334,36700160,4358144,205520896,36700160,0.86588,99.2236,0,822083584,0,2466070528,205520896,1549074432,197132288,0,190054400,0,1,1.14174,0,0,0,1,1,2,6.87541,100,86.1576,1024,14728,280,0,31
conv,4491,4194304,512,64,8,1,4,1,1,7,0,64,8,2,2103339,2068506,2,22249544,8388617,2,30048256,0,2,44.5391,18350080,4358144,0,0,0.469592,99.9483,0,822083584,0,289406976,4194304,433389568,209715200,0,62390272,0,1,5.05263,0,0,0,1,1,2,9.82764,100,88.0941,1024,14672,0,0,48
conv,4511,4194304,512,64,8,1,4,1,1,7,1,64,8,2,2103315,2068506,2,22249520,8388617,2,30048256,0,4,24.6334,36700160,4358144,0,0,0.69918,99.912,0,822083584,0,289406976,4194304,580190208,243269632,0,68026368,0,1,5.03306,0,0,0,1,1,2,10.1273,100,89.0806,1024,14728,0,0,40
conv,19723,4194304,512,64,8,1,4,1,2,1,0,64,8,8,86582389,38789026,2,124835344,40894473,2,132808704,84.0351,1,44.5391,18350080,4358144,205520896,36700160,0.857724,99.6406,0,822083584,0,2488090624,205520896,1393885184,184549376,0,185335808,0,1,1.15968,0,0,0,1,1,2,7.00167,100,85.8936,1024,14672,280,0,32
conv,19317,4194304,512,64,8,1,4,1,2,1,1,64,8,9,87160379,38789221,2,124852648,40894473,2,132808704,84.0374,1,24.6334,36700160,4358144,205520896,36700160,0.847488,99.2653,0,822083584,0,2488090624,205520896,1540685824,184549376,0,189923328,0,1,1.16106,0,0,0,1,1,2,7.25134,100,86.2343,1024,14728,280,0,31
conv,4349,4194304,512,64,8,1,4,1,2,7,0,64,8,2,2103331,2068506,2,22249536,4194313,2,30048256,0,2,44.5391,18350080,4358144,0,0,0.482062,99.9183,0,822083584,0,310378496,4194304,425000960,192937984,0,62259200,0,1,5.22093,0,0,0,1,1,2,9.94467,100,88.0691,1024,14672,0,0,44
conv,4395,4194304,512,64,8,1,4,1,2,7,1,64,8,2,2103315,2068506,1,22250072,4194313,2,30048256,0,4,24.6334,36700160,4358144,0,0,0.715208,99.8977,0,822083584,0,310378496,4194304,571801600,247463936,0,68550656,0,1,5.16753,0,0,0,1,1,2,10.4785,100,89.1641,1024,14728,0,0,40
conv,19597,4194304,512,64,8,1,4,1,4,1,0,64,8,9,87282541,38788906,2,124896592,38797321,2,132808704,85.0947,1,44.5391,18350080,4358144,205520896,36700160,0.850839,99.7407,0,822083584,0,2492284928,205520896,1389690880,205520896,0,185991168,0,1,1.16257,0,0,0,1,1,2,6.78015,100,85.9433,1024,14672,280,0,32
conv,19724,4194304,512,64,8,1,4,1,4,1,1,64,8,9,88729786,38789530,2,124912268,38797321,2,132808704,85.1198,1,24.6334,36700160,4358144,205520896,36700160,0.866197,100.119,0,822083584,0,2492284928,205520896,1536491520,205520896,0,190578688,0,1,1.14708,0,0,0,1,1,2,6.88086,100,86.2816,1024,14728,280,0,32
conv,4367,4194304,512,64,8,1,4,1,4,7,0,64,8,2,2103355,2064562,1,22249560,2097161,2,30048256,0,2,44.5391,18350080,4358144,0,0,0.478116,99.9897,0,822083584,0,318767104,4194304,420806656,192937984,0,62390272,0,1,5.1972,0,0,0,1,1,2,9.99839,100,88.0941,1024,14672,0,0,43
conv,4368,4194304,512,64,8,1,4,1,4,7,1,64,8,2,2103315,2064418,1,22249520,2097161,2,30048256,0,4,24.6334,36700160,4358144,0,0,0.719063,99.8867,0,822083584,0,318767104,4194304,567607296,247463936,0,68681728,0,1,5.19776,0,0,0,1,1,2,10.4879,100,89.1848,1024,14728,0,0,40
conv,12946,2097152,512,64,8,1,4,2,1,1,0,64,8,8,58296039,23056654,2,89272240,29360137,2,107757568,79.7153,1,61.5567,6291456,3424256,182976512,20971520,0.956767,100.631,0,822083584,0,1020780544,104857600,993034240,247463936,0,118620160,0,1,1.76186,0,0,0,1,1,2,5.97667,100,83.9924,1024,23056,320,0,32
conv,10729,2097152,512,64,8,1,4,2,1,1,1,64,8,7,36903488,23051346,2,74579052,29360137,2,107757568,76.8459,1,39.9815,11534336,3424256,182976512,20971520,0.483941,99.6184,0,822083584,0,1020780544,104857600,1034977280,369098752,0,123731968,0,1,2.11447,0,0,0,1,1,3,7.48921,100,84.6537,1024,23144,320,0,43
conv,2435,2097152,512,64,8,1,4,2,1,7,0,64,8,3,2103315,2068506,2,15646912,8388617,2,16269312,0,2,61.5567,6291456,3424256,0,0,0.461013,99.7683,0,822083584,0,249708544,2097152,219185152,165675008,0,55574528,0,2,9.37601,0,0,0,1,1,2,17.4541,100,82.0266,1024,23056,0,0,64
conv,2425,2097152,512,64,8,1,4,2,1,7,1,64,8,3,2103859,2068506,2,15647552,8388617,2,16269312,0,3,39.9815,11534336,3424256,0,0,0.463493,99.7273,0,822083584,0,249184256,2097152,261128192,161480704,0,56688640,0,2,9.39851,0,0,0,1,1,2,17.2626,100,82.4666,1024,23144,0,0,54
conv,12923,2097152,512,64,8,1,4,2,2,1,0,64,8,8,58465337,23056494,2,89655068,25165833,2,107757568,82.7027,1,61.5567,6291456,3424256,182976512,20971520,0.957738,100.428,0,822083584,0,1039392768,104857600,984645632,251658240,0,119013376,0,1,1.76002,0,0,0,1,1,2,6.00932,100,84.0934,1024,23056,320,0,32
conv,10815,2097152,512,64,8,1,4,2,2,1,1,64,8,7,36766337,23050486,2,74536292,25165833,2,107757568,80.2134,1,39.9815,11534336,3424256,182976512,20971520,0.484356,102.126,0,822083584,0,1039654912,104857600,1026588672,377487360,0,124321792,0,1,2.13886,0,0,0,1,1,3,7.45907,100,84.7265,1024,23144,320,0,44
conv,2301,2097152,512,64,8,1,4,2,2,7,0,64,8,3,2103315,2068506,2,15646768,4194313,2,16269312,0,2,61.5567,6291456,3424256,0,0,0.477187,99.8034,0,822083584,0,268582912,2097152,210796544,165675008,0,55902208,0,2,9.91715,0,0,0,1,1,2,18.3282,100,82.132,1024,23056,0,0,64
conv,2318,2097152,512,64,8,1,4,2,2,7,1,64,8,3,2103315,2068506,2,15646952,4194313,2,16269312,0,3,39.9815,11534336,3424256,0,0,0.479495,99.8686,0,822083584,0,268058624,2097152,252739584,155189248,0,56819712,0,2,9.84189,0,0,0,1,1,2,18.2274,100,82.507,1024,23144,0,0,54
conv,12826,2097152,512,64,8,1,4,2,4,1,0,64,8,8,58396183,23056198,2,89544804,23068681,2,107757568,84.2767,1,61.5567,6291456,3424256,182976512,20971520,0.95869,100.181,0,822083584,0,1043587072,104857600,980451328,245366784,0,118816768,0,1,1.75882,0,0,0,1,1,2,6.0156,100,84.0671,1024,23056,320,0,32
conv,10676,2097152,512,64,8,1,4,2,4,1,1,64,8,8,37921862,23056234,2,74724072,23068681,2,107757568,81.8938,1,39.9815,11534336,3424256,182976512,20971520,0.48337,99.432,0,822083584,0,1043587072,104857600,1022394368,377487360,0,124256256,0,1,2.09777,0,0,0,1,1,3,7.48706,100,84.7646,1024,23144,320,0,44
conv,2278,2097152,512,64,8,1,4,2,4,7,0,64,8,3,2103315,2064206,2,15646768,2097161,2,16269312,0,2,61.5567,6291456,3424256,0,0,0.484471,99.8155,0,822083584,0,272777216,2097152,206602240,161480704,0,55771136,0,2,10.0305,0,0,0,1,1,2,18.6123,100,82.09,1024,23056,0,0,64
conv,2298,2097152,512,64,8,1,4,2,4,7,1,64,8,3,2103315,2064370,2,15646768,2097161,2,16269312,0,3,39.9815,11534336,3424256,0,0,0.481328,99.8646,0,822083584,0,272777216,2097152,248545280,140509184,0,56426496,0,2,9.92253,0,0,0,1,1,2,17.9213,100,82.298,1024,23144,0,0,48
conv,8155,1048576,512,64,8,1,4,4,1,1,0,64,8,7,27619507,15176257,2,69279412,21495817,3,95232000,77.0852,1,56.8111,3932160,2957312,171704320,13107200,0.492492,99.8345,0,822083584,0,766681088,56623104,854474752,285212672,0,100495360,0,1,2.79007,0,0,0,1,1,3,8.84774,99.9526,86.6046,1024,39824,400,0,32
conv,7753,1048576,512,64,8,1,4,4,1,1,1,64,8,7,27916651,15176018,3,73237340,21495817,3,95232000,78.0291,1,55.5434,4325376,2957312,171704320,13107200,0.492271,99.702,0,822083584,0,766550016,56623104,857620480,380633088,0,103542784,0,1,2.93593,0,0,0,1,1,3,9.08981,99.954,87.0265,1024,39976,400,0,48
conv,1834,1048576,512,64,8,1,4,4,1,7,0,64,8,3,2104079,2068506,2,12345472,8388617,1,9379840,0,2,56.8111,3932160,2957312,0,0,0.240631,99.139,0,822083584,0,214810624,5242880,141443072,98566144,0,55963648,0,2,12.5145,0,0,0,1,1,2,25.0682,99.9149,71.5948,768,39824,0,0,80
conv,1851,1048576,512,64,8,1,4,4,1,7,1,64,8,3,2104907,2068526,2,12345392,8388617,1,9379840,0,2,55.5434,4325376,2957312,0,0,0.244404,98.9039,0,822083584,0,215072768,5242880,144588800,96468992,0,56061952,0,2,12.3627,0,0,0,1,1,2,24.7276,99.9151,71.5423,768,39976,0,0,80
conv,7886,1048576,512,64,8,1,4,4,2,1,0,64,8,7,26992189,15175834,2,68625544,17301513,3,95232000,80.7628,1,56.8111,3932160,2957312,171704320,13107200,0.494072,99.546,0,822083584,0,615686144,56623104,846086144,287309824,0,95580160,0,1,2.87352,0,0,0,1,1,3,7.71007,99.9502,85.9157,1024,39824,400,0,32
conv,7843,1048576,512,64,8,1,4,4,2,1,1,64,8,7,27831836,15175974,2,71054532,17301513,3,95232000,81.327,1,55.5434,4325376,2957312,171704320,13107200,0.493922,99.7498,0,822083584,0,615555072,56623104,849231872,331350016,0,97021952,0,1,2.89947,0,0,0,1,1,3,7.89338,99.9509,86.1546,1024,39976,400,0,48
conv,1659,1048576,512,64,8,1,4,4,2,7,0,64,8,4,2105779,2068518,2,12345392,4194313,2,9379840,0,2,56.8111,3932160,2957312,0,0,0.242211,99.3206,0,822083584,0,222543872,5242880,133054464,99614720,0,56061952,0,3,13.8476,0,0,0,1,1,2,27.3854,99.9151,71.4912,768,39824,0,0,80
conv,1672,1048576,512,64,8,1,4,4,2,7,1,64,8,4,2106775,2068514,2,12345584,4194313,2,9379840,0,2,55.5434,4325376,2957312,0,0,0.242413,99.2173,0,822083584,0,222543872,5242880,136200192,100663296,0,56193024,0,3,13.7179,0,0,0,1,1,2,27.2806,99.9153,71.5577,896,39976,0,0,72
conv,8167,1048576,512,64,8,1,4,4,4,1,0,64,8,7,28793269,15184798,2,65118388,15204361,3,95232000,81.9568,1,56.8111,3932160,2957312,171704320,13107200,0.492035,99.872,0,822083584,0,619749376,56623104,841891840,329252864,0,96858112,0,1,2.77628,0,0,0,1,1,3,7.53125,99.9508,86.1312,1024,39824,400,0,40
conv,8101,1048576,512,64,8,1,4,4,4,1,1,64,8,7,28020909,15185490,2,72996612,15204361,3,95232000,83.4299,1,55.5434,4325376,2957312,171704320,13107200,0.491975,99.8964,0,822083584,0,619749376,56623104,845037568,342884352,0,97382400,0,1,2.76343,0,0,0,1,1,3,7.4275,99.9511,86.2058,1024,39976,400,0,48
conv,1607,1048576,512,64,8,1,4,4,4,7,0,64,8,4,2107587,2065790,2,12345744,2097161,2,9379840,0,2,56.8111,3932160,2957312,0,0,0.244924,99.4912,0,822083584,0,226607104,5242880,128860160,94371840,0,55865344,0,3,14.3051,0,0,0,1,1,2,28.6269,99.9148,71.4422,768,39824,0,0,80
conv,1604,1048576,512,64,8,1,4,4,4,7,1,64,8,4,2108195,2065378,2,12345392,2097161,2,9379840,0,2,55.5434,4325376,2957312,0,0,0.245119,98.8158,0,822083584,0,226738176,5242880,132005888,92274688,0,55930880,0,3,14.2883,0,0,0,1,1,2,28.8072,99.9149,71.4244,896,39976,0,0,72
conv,19497,2097152,512,64,8,1,8,1,1,1,0,64,8,9,97892789,27777942,2,135677464,42467337,2,119619584,72.1052,1,22.0253,25690112,7684096,205520896,25690112,0.67737,97.6636,0,822083584,0,1332649984,102760448,1208647680,157286400,0,138870784,0,1,1.37765,0,0,0,1,1,2,6.54642,100,81.5378,1024,29008,392,0,32
conv,19217,2097152,512,64,8,1,8,1,1,1,1,64,8,9,98989192,27779214,2,135676000,42467337,2,119619584,72.1052,2,12.4454,51380224,7684096,205520896,25690112,0.679636,98.9853,0,822083584,0,1332649984,102760448,1311408128,157286400,0,142082048,0,1,1.14003,0,0,0,1,1,2,5.49775,100,81.955,1024,29064,392,0,32
conv,2946,2097152,512,64,8,1,8,1,1,7,0,64,8,2,2103451,2068506,3,32915688,16777225,2,16859136,0,5,22.0253,25690112,7684096,0,0,0.228832,98.8094,0,822083584,0,228245504,2097152,283803648,161480704,0,62259200,0,2,7.74318,0,0,0,1,1,2,16.3735,100,75.1752,768,29008,0,0,80
conv,3094,2097152,512,64,8,1,8,1,1,7,1,64,8,2,2103315,2068506,3,32915688,16777225,1,16859136,0,7,12.4454,51380224,7684096,0,0,0.455655,100.112,0,822083584,0,229031936,2097152,386564096,161480704,0,65536000,0,2,7.36159,0,0,0,1,1,2,15.6084,100,76.3539,1024,29064,0,0,64
conv,18070,2097152,512,64,8,1,8,1,2,1,0,64,8,8,86157407,27778922,2,135676920,34078729,2,119619584,75.6684,1,22.0253,25690112,7684096,205520896,25690112,0.651784,102.507,0,822083584,0,1344446464,102760448,1200259072,146800640,0,138608640,0,1,1.26606,0,0,0,1,1,2,5.73185,100,81.5324,1024,29008,392,0,32
conv,19047,2097152,512,64,8,1,8,1,2,1,1,64,8,9,96113005,27779054,2,135675952,34078729,2,119619584,75.6684,2,12.4454,51380224,7684096,205520896,25690112,0.652033,97.9388,0,822083584,0,1344446464,102760448,1303019520,146800640,0,141819904,0,1,1.16144,0,0,0,1,1,2,5.65778,100,81.9506,1024,29064,392,0,32
conv,2653,2097152,512,64,8,1,8,1,2,7,0,64,8,2,2103619,2068506,3,32915952,8388617,2,16859136,0,5,22.0253,25690112,7684096,0,0,0.233736,99.0923,0,822083584,0,241614848,2097152,275415040,150994944,0,62128128,0,2,8.59002,0,0,0,1,1,2,17.9355,100,75.0569,768,29008,0,0,78
conv,2795,2097152,512,64,8,1,8,1,2,7,1,64,8,2,2103315,2068506,3,32915520,8388617,2,16859136,0,8,12.4454,51380224,7684096,0,0,0.474893,99.339,0,822083584,0,241614848,2097152,378175488,161480704,0,65667072,0,2,8.13949,0,0,0,1,1,2,17.4334,100,76.4011,1024,29064,0,0,64
conv,18677,2097152,512,64,8,1,8,1,4,1,0,64,8,8,86297774,27778342,2,135676488,29884425,2,119619584,77.5854,1,22.0253,25690112,7684096,205520896,25690112,0.652203,102.417,0,822083584,0,1346543616,102760448,1196064768,155189248,0,138805248,0,1,1.26681,0,0,0,1,1,2,5.74664,100,81.5586,1024,29008,392,0,32
conv,19108,2097152,512,64,8,1,8,1,4,1,1,64,8,8,91809762,27779062,2,135677264,29884553,2,119619584,77.5854,2,12.4454,51380224,7684096,205520896,25690112,0.666981,103.752,0,822083584,0,1346543616,102760448,1298825216,155189248,0,142016512,0,1,1.20387,0,0,0,1,1,2,5.54474,100,81.9755,1024,29064,392,0,32
conv,2593,2097152,512,64,8,1,8,1,4,7,0,64,8,3,2103315,2068506,3,32915504,4194313,2,16859136,0,5,22.0253,25690112,7684096,0,0,0.240637,98.8735,0,822083584,0,242925568,2097152,271220736,148897792,0,61931520,0,2,8.7862,0,0,0,1,1,2,18.3855,100,75.0438,768,29008,0,0,78
conv,2554,2097152,512,64,8,1,8,1,4,7,1,64,8,3,2103315,2068522,3,32915688,4194313,2,16859136,0,9,12.4454,51380224,7684096,0,0,0.477454,99.6618,0,822083584,0,242925568,2097152,373981184,174063616,0,65929216,0,2,8.89446,0,0,0,1,1,2,19.1939,100,76.5571,1024,29064,0,0,64
conv,12792,1048576,512,64,8,1,8,2,1,1,0,64,8,8,60125840,16754863,2,114559156,31457289,2,106700800,71.4441,1,30.4958,8388608,6037504,194248704,14680064,0.489086,99.887,0,822083584,0,757243904,52428800,955793408,74448896,0,96305152,0,1,1.76802,0,0,0,1,1,2,5.07142,100,86.379,1024,45584,448,0,32
conv,12743,1048576,512,64,8,1,8,2,1,1,1,64,8,8,59783290,16762585,2,97405976,31457289,2,106700800,67.6379,1,20.2119,15728640,6037504,194248704,14680064,0.48766,98.7948,0,822083584,0,757243904,52428800,985153536,139460608,0,99254272,0,1,1.75639,0,0,0,1,1,2,5.17085,100,86.7837,1024,45672,448,0,47
conv,2535,1048576,512,64,8,1,8,2,1,7,0,64,8,3,2103315,2068534,3,24944688,16777225,1,9576448,0,3,30.4958,8388608,6037504,0,0,0.23619,99.6513,0,822083584,0,206479360,1048576,149438464,56623104,0,51281920,0,2,9.05782,0,0,0,1,1,1,16.3133,100,75.299,640,45584,0,0,96
conv,2595,1048576,512,64,8,1,8,2,1,7,1,64,8,3,2103315,2068522,3,24944936,16777225,1,9576448,0,3,20.2119,15728640,6037504,0,0,0.237012,99.0284,0,822083584,0,206741504,1048576,178798592,61865984,0,52396032,0,2,8.78454,0,0,0,1,1,1,15.8866,100,75.7773,768,45672,0,0,80
conv,12555,1048576,512,64,8,1,8,2,2,1,0,64,8,8,59633642,16749582,2,111211452,23068809,2,106700800,75.1658,1,30.4958,8388608,6037504,194248704,14680064,0.490744,99.9255,0,822083584,0,609394688,52428800,947404800,120586240,0,92864512,0,1,1.81444,0,0,0,1,1,2,4.40105,100,85.8744,1024,45584,448,0,32
conv,12349,1048576,512,64,8,1,8,2,2,1,1,64,8,8,59244367,16749942,2,102761520,23068681,2,106700800,73.6411,1,20.2119,15728640,6037504,194248704,14680064,0.490153,99.6055,0,822083584,0,609394688,52428800,976764928,199229440,0,96239616,0,1,1.85236,0,0,0,1,1,2,4.7161,100,86.3698,1024,45672,448,0,48
conv,2141,1048576,512,64,8,1,8,2,2,7,0,64,8,3,2103395,2068506,3,24944968,8388617,1,9576448,0,3,30.4958,8388608,6037504,0,0,0.238183,98.986,0,822083584,0,216178688,1048576,141049856,60817408,0,51478528,0,2,10.7196,0,0,0,1,1,1,19.4219,100,75.3456,640,45584,0,0,96
conv,2246,1048576,512,64,8,1,8,2,2,7,1,64,8,3,2103315,2068510,3,24945024,8388617,1,9576448,0,4,20.2119,15728640,6037504,0,0,0.237813,99.0583,0,822083584,0,216178688,1048576,170409984,60817408,0,52396032,0,2,10.1791,0,0,0,1,1,1,18.5736,100,75.7773,640,45672,0,0,90
conv,12325,1048576,512,64,8,1,8,2,4,1,0,64,8,8,59446015,16752170,2,100257612,18874377,2,106700800,75.5328,1,30.4958,8388608,6037504,194248704,14680064,0.491095,99.7803,0,822083584,0,611491840,52428800,943210496,120586240,0,92798976,0,1,1.8291,0,0,0,1,1,2,4.43596,100,85.8644,1024,45584,448,0,32
conv,12465,1048576,512,64,8,1,8,2,4,1,1,64,8,8,59615909,16750826,2,100329140,18874377,2,106700800,75.5075,1,20.2119,15728640,6037504,194248704,14680064,0.491234,99.9666,0,822083584,0,611491840,52428800,972570624,217055232,0,96731136,0,1,1.82603,0,0,0,1,1,2,4.58337,100,86.439,1024,45672,448,0,46
conv,1963,1048576,512,64,8,1,8,2,4,7,0,64,8,3,2103315,2068534,3,24944688,4194313,1,9576448,0,3,30.4958,8388608,6037504,0,0,0.241199,99.0365,0,822083584,0,218275840,1048576,136855552,57671680,0,51314688,0,2,11.7455,0,0,0,1,1,2,21.3152,100,75.2669,512,45584,0,0,108
conv,2096,1048576,512,64,8,1,8,2,4,7,1,64,8,3,2103315,2068506,3,24945008,4194361,1,9576448,0,4,20.2119,15728640,6037504,0,0,0.240991,98.6114,0,822083584,0,218013696,1048576,166215680,62914560,0,52363264,0,2,10.9181,0,0,0,1,1,2,19.9979,100,75.8091,768,45672,0,0,80
conv,38097,32112640,980,64,8,2,1,1,1,1,0,70,14,7,82050486,114471393,2,145654880,114884745,2,228818944,86.2785,1,89.2251,28901376,1015808,211943424,112394240,0.555165,100.215,0,822083584,0,9219735552,901644288,3401449472,536346624,0,525533184,0,1,0.596323,0,0,0,1,1,2,11.42,89.5779,88.4891,1024,3920,200,0,32
conv,38135,32112640,980,64,8,2,1,1,1,1,1,70,14,7,82794094,114464220,2,145654480,114884617,2,228818944,86.2785,1,69.5666,36929536,1441792,211943424,112394240,0.555247,99.6715,0,822083584,0,9219735552,901644288,3401449472,536346624,0,525533184,0,1,0.592738,0,0,0,1,1,2,11.4132,89.5779,88.4891,1024,3976,200,0,32
conv,18215,32112640,980,64,8,2,1,1,1,7,0,70,14,1,2103315,2068586,1,33259624,2490505,2,116424704,0,1,89.2251,28901376,1015808,0,0,0.532704,99.9363,0,822083584,0,614465536,96337920,1757282304,888668160,0,144670720,0,1,1.24076,0,0,0,1,1,2,5.58316,91.3222,90.2661,1024,3920,0,0,31
conv,18218,32112640,980,64,8,2,1,1,1,7,1,70,14,1,2103547,2068606,1,33259800,2490377,2,116424704,0,1,69.5666,36929536,1441792,0,0,0.532304,99.9373,0,822083584,0,614465536,96337920,1757282304,888668160,0,144670720,0,1,1.24065,0,0,0,1,1,2,5.5826,91.3222,90.2661,1024,3976,0,0,31
conv,32044,12615680,770,64,8,2,1,2,1,1,0,70,11,4,13296966,64616453,1,81576416,66715657,1,122454016,85.8469,1,69.5232,21102592,1146880,118947840,64225280,0.256995,99.7106,0,822083584,0,3587080192,448888832,1539473408,306610176,0,238534656,0,1,0.705793,0,0,0,1,1,2,5.69923,89.5335,87.8297,1024,6160,224,0,40
conv,32076,12615680,770,64,8,2,1,2,1,1,1,70,11,4,13307150,64595652,1,81577000,66715657,1,122454016,85.8469,1,69.5232,21102592,1146880,118947840,64225280,0.257044,99.6535,0,822083584,0,3587080192,448888832,1539473408,306610176,0,238534656,0,1,0.706112,0,0,0,1,1,2,5.70506,89.5335,87.8297,1024,6248,224,0,40
conv,9202,12615680,770,64,8,2,1,2,1,7,0,70,11,1,2103915,2068146,1,18498192,2490377,2,59375616,0,1,69.5232,21102592,1146880,0,0,0.527047,99.8055,0,822083584,0,449675264,37847040,960659456,415662080,0,93503488,0,1,2.45881,0,0,0,1,1,2,6.58742,90.4689,89.767,1024,6160,0,0,32
conv,9189,12615680,770,64,8,2,1,2,1,7,1,70,11,1,2103603,2068202,1,18497880,2490377,2,59375616,0,1,69.5232,21102592,1146880,0,0,0.527197,99.8054,0,822083584,0,449675264,37847040,960659456,415662080,0,93503488,0,1,2.46201,0,0,0,1,1,2,6.596,90.4689,89.767,1024,6248,0,0,32
conv,16645,5734400,700,64,8,2,1,4,1,1,0,70,10,7,38646231,42220771,1,54817960,42631177,1,93929472,86.4989,1,69.6253,13189120,966656,118947840,40140800,0.562543,99.8012,0,822083584,0,1987870720,257130496,1173389312,614563840,0,171573248,0,1,1.36055,0,0,0,1,1,2,7.81179,89.9995,88.4287,1024,10640,280,0,32
conv,16631,5734400,700,64,8,2,1,4,1,1,1,70,10,7,38643241,42220807,1,54823682,42631177,1,93929472,86.4992,1,69.6253,13189120,966656,118947840,40140800,0.562602,99.8856,0,822083584,0,1987870720,257130496,1173389312,614563840,0,171573248,0,1,1.36221,0,0,0,1,1,2,7.81469,89.9995,88.4287,1024,10792,280,0,32
conv,4646,5734400,700,64,8,2,1,4,1,7,0,70,10,2,2103759,2067962,1,10666584,2490377,2,30851072,0,2,69.6253,13189120,966656,0,0,0.563415,99.912,0,822083584,0,308740096,17203200,565215232,225542144,0,67354624,0,1,4.88089,0,0,0,1,1,2,9.54742,90.8918,89.9523,1024,10640,0,0,32
conv,4647,5734400,700,64,8,2,1,4,1,7,1,70,10,2,2103327,2068014,1,10666032,2490377,2,30851072,0,2,69.6253,13189120,966656,0,0,0.563657,99.9069,0,822083584,0,308740096,17203200,565215232,225542144,0,67354624,0,1,4.88081,0,0,0,1,1,2,9.54788,90.8918,89.9523,1024,10792,0,0,32
conv,9929,2580480,630,64,8,2,1,8,1,1,0,70,9,8,31064201,30199282,2,43420370,30588937,1,55009280,87.5485,1,69.6248,9232384,892928,72450048,28098560,0.830897,99.7897,0,822083584,0,1149771776,146628608,751558656,754524160,0,127557632,0,1,2.27764,0,0,0,1,1,2,10.1598,90.0715,88.7973,1024,19600,392,0,30
conv,9932,2580480,630,64,8,2,1,8,1,1,1,70,9,8,30974094,30208222,2,43393756,30588937,1,55009280,87.3717,1,69.6248,9232384,892928,72450048,28098560,0.829385,99.7027,0,822083584,0,1149771776,146628608,751558656,754524160,0,127557632,0,1,2.27702,0,0,0,1,1,2,10.1659,90.0715,88.7973,1024,19880,392,0,30
conv,2427,2580480,630,64,8,2,1,8,1,7,0,70,9,3,2210494,2068030,1,6787120,2490377,2,16588800,0,2,69.6248,9232384,892928,0,0,0.823528,99.9638,0,822083584,0,251142144,7741440,367779840,118398976,0,54411264,0,2,9.41254,0,0,0,1,1,2,15.5912,90.5709,90.0058,1024,19600,0,0,32
conv,2438,2580480,630,64,8,2,1,8,1,7,1,70,9,3,2213397,2068058,1,6787120,2490377,2,16588800,0,2,69.6248,9232384,892928,0,0,0.823249,98.4332,0,822083584,0,251142144,7741440,367779840,118398976,0,54411264,0,2,9.34571,0,0,0,1,1,2,15.7213,90.5709,90.0058,1024,19880,0,0,32
conv,20896,15368192,938,64,8,2,2,1,1,1,0,67,14,7,51376209,63559406,2,127872121,67076105,2,167641088,86.0297,1,89.2173,15597568,1933312,215154688,61472768,0.530664,99.8054,0,822083584,0,4356177920,418021376,1679065088,645791744,0,264650752,0,1,1.08239,0,0,0,1,1,2,9.08584,94.4244,93.5329,1024,7504,224,0,32
conv,20996,15368192,938,64,8,2,2,1,1,1,1,67,14,7,52196934,63557028,2,128414146,67076105,2,167641088,86.166,1,48.5567,30277632,1933312,215154688,61472768,0.533466,100.916,0,822083584,0,4356177920,418021376,1913946112,327024640,0,261865472,0,1,1.07667,0,0,0,1,1,2,9.01934,94.4277,93.5267,1024,7560,224,0,32
conv,8752,15368192,938,64,8,2,2,1,1,7,0,67,14,1,2104011,2068690,1,21677104,5603337,2,58458112,0,1,89.2173,15597568,1933312,0,0,0.276409,98.8502,0,822083584,0,449904640,15368192,739540992,378765312,0,79347712,0,1,2.58567,0,0,0,1,1,2,6.17163,95.0741,94.7437,1024,7504,0,0,38
conv,8871,15368192,938,64,8,2,2,1,1,7,1,67,14,1,2103315,2068534,1,21676080,5603337,2,58458112,0,2,48.5567,30277632,1933312,0,0,0.528542,99.9481,0,822083584,0,449904640,15368192,974422016,429096960,0,88817664,0,1,2.55218,0,0,0,1,1,2,6.46789,94.9721,94.677,1024,7560,0,0,32
conv,20947,15368192,938,64,8,2,2,1,2,1,0,67,14,7,50574262,63553348,2,121077388,63766537,2,167641088,89.8642,1,94.3305,15597568,983040,215154688,61472768,0.530877,100.527,0,822083584,0,4399529984,448757760,1639940096,654180352,0,267091968,0,1,1.08261,0,0,0,1,1,2,8.51127,94.4282,93.1853,1024,7504,224,0,32
conv,21019,15368192,938,64,8,2,2,1,2,1,1,67,14,7,51506041,63544814,2,122159675,63766537,2,167641088,87.9831,1,48.5567,30277632,1933312,215154688,61472768,0.533374,99.8123,0,822083584,0,4399529984,448757760,1890189312,335413248,0,264798208,0,1,1.08079,0,0,0,1,1,2,9.23616,94.4376,93.1839,1024,7560,224,0,32
conv,8638,15368192,938,64,8,2,2,1,2,7,0,67,14,1,2103315,2067158,1,17662304,2293769,2,58458112,0,1,94.3305,15597568,983040,0,0,0.266954,98.8423,0,822083584,0,500236288,46104576,700416000,402522112,0,82001920,0,1,2.62,0,0,0,1,1,2,6.60735,95.0862,94.1808,1024,7504,0,0,37
conv,8716,15368192,938,64,8,2,2,1,2,7,1,67,14,1,2103739,2066714,1,17662488,2293769,2,58458112,0,2,48.5567,30277632,1933312,0,0,0.52101,99.8143,0,822083584,0,500236288,46104576,950665216,478019584,0,92798976,0,1,2.59603,0,0,0,1,1,2,7.06878,94.9925,94.1925,1024,7560,0,0,32
conv,15328,6037504,737,64,8,2,2,2,1,1,0,67,11,6,36166916,37208527,2,74645304,40730633,2,115572736,83.2504,1,75.6182,10223616,1867776,167952384,35127296,0.530292,99.8203,0,822083584,0,2019827712,259858432,1119690752,584982528,0,162332672,0,1,1.4788,0,0,0,1,1,2,7.45313,94.3546,92.5269,1024,11792,256,0,32
conv,16980,6037504,737,64,8,2,2,2,1,1,1,67,11,4,12358001,35620253,1,58989217,40730633,2,115572736,80.621,1,68.39,11501568,1867776,167952384,35127296,0.264082,99.7387,0,822083584,0,2019827712,259858432,1136467968,559816704,0,162054144,0,1,1.33906,0,0,0,1,1,2,6.71069,94.355,92.5241,1024,11880,256,0,42
conv,4500,6037504,737,64,8,2,2,2,1,7,0,67,11,2,2103627,2068546,1,13721976,5603337,2,30343168,0,1,75.6182,10223616,1867776,0,0,0.530044,99.8632,0,822083584,0,338288640,30187520,410853376,194084864,0,59867136,0,1,5.03844,0,0,0,1,1,2,9.53043,94.5723,93.7231,1024,11792,0,0,32
conv,4501,6037504,737,64,8,2,2,2,1,7,1,67,11,2,2103803,2068530,1,13722184,5603337,2,30343168,0,2,68.39,11501568,1867776,0,0,0.525022,99.9466,0,822083584,0,338288640,30187520,427630592,208510976,0,60899328,0,1,5.04195,0,0,0,1,1,2,9.54028,94.5706,93.7357,1024,11880,0,0,34
conv,15278,6037504,737,64,8,2,2,2,2,1,0,67,11,7,36228094,37210147,2,71196520,37421193,2,115572736,88.4304,1,81.8273,10223616,950272,167952384,35127296,0.528207,99.9002,0,822083584,0,1912168448,235708416,1087152128,538017792,0,154861568,0,1,1.4838,0,0,0,1,1,2,7.06309,94.277,92.7266,1024,11792,256,0,32
conv,16881,6037504,737,64,8,2,2,2,2,1,1,67,11,4,12208771,35661020,1,55610628,37421065,2,115572736,86.4967,1,70.8201,11501568,1409024,167952384,35127296,0.262415,99.5212,0,822083584,0,1912168448,235708416,1109966848,470908928,0,153387008,0,1,1.33892,0,0,0,1,1,2,6.30591,94.2809,92.7156,1024,11880,256,0,46
conv,4377,6037504,737,64,8,2,2,2,2,7,0,67,11,2,2103315,2066314,1,10272936,2293769,2,30343168,0,1,81.8273,10223616,950272,0,0,0.518654,99.9108,0,822083584,0,327737344,18112512,378314752,212705280,0,58507264,0,1,5.18419,0,0,0,1,1,2,9.56136,94.496,93.9495,1024,11792,0,0,32
conv,4359,6037504,737,64,8,2,2,2,2,7,1,67,11,2,2103315,2066274,1,10272816,2293769,2,30343168,0,2,70.8201,11501568,1409024,0,0,0.519016,100.108,0,822083584,0,327737344,18112512,401129472,208510976,0,59121664,0,1,5.2067,0,0,0,1,1,2,9.70833,94.4982,93.9574,1024,11880,0,0,32
conv,8473,2744320,670,64,8,2,2,4,1,1,0,67,10,8,24727962,24039501,2,49783614,27557897,2,89522176,80.7129,1,73.8771,6389760,1589248,144351232,21954560,0.534178,99.5872,0,822083584,0,1219141632,149413888,841375744,573161472,0,120549376,0,1,2.67434,0,0,0,1,1,3,9.60669,94.901,93.4569,1024,20368,320,0,40
conv,8906,2744320,670,64,8,2,2,4,1,1,1,67,10,6,13714867,23996625,2,38150372,27557897,2,89522176,77.2723,1,67.1547,7188480,1589248,144351232,21954560,0.266918,99.7609,0,822083584,0,1219141632,149413888,851861504,667533312,0,124030976,0,1,2.55074,0,0,0,1,1,3,9.44465,94.879,93.4755,1024,20520,320,0,48
conv,2325,2744320,670,64,8,2,2,4,1,7,0,67,10,3,2103315,2068566,2,9318448,5603337,2,16269312,0,2,73.8771,6389760,1589248,0,0,0.260339,98.7905,0,822083584,0,293494784,13721600,247881728,104882176,0,49176576,0,2,9.79889,0,0,0,1,1,2,16.1622,95.2899,94.18,1024,20368,0,0,46
conv,2360,2744320,670,64,8,2,2,4,1,7,1,67,10,3,2103323,2068506,2,9318568,5603337,2,16269312,0,2,67.1547,7188480,1589248,0,0,0.514633,99.606,0,822083584,0,293494784,13721600,258367488,106979328,0,49594368,0,2,9.66721,0,0,0,1,1,2,15.9202,95.28,94.1795,1024,20520,0,0,40
conv,8432,2744320,670,64,8,2,2,4,2,1,0,67,10,8,25012135,24052439,2,46842202,24248329,2,89522176,87.8105,1,82.0482,6389760,794624,144351232,21954560,0.52591,99.8068,0,822083584,0,1056481280,127459328,812130304,527253504,0,111960064,0,1,2.69453,0,0,0,1,1,3,8.84777,94.5633,93.3762,1024,20368,320,0,40
conv,8804,2744320,670,64,8,2,2,4,2,1,1,67,10,6,13539527,23994354,2,35192751,24248329,2,89522176,85.4335,1,70.3385,7188480,1191936,144351232,21954560,0.265672,99.5251,0,822083584,0,1056481280,127459328,827830272,621625344,0,115605504,0,1,2.57372,0,0,0,1,1,3,8.82785,94.5568,93.4071,1024,20520,320,0,48
conv,2251,2744320,670,64,8,2,2,4,2,7,0,67,10,3,2103551,2066394,1,6365696,2293769,2,16269312,0,2,82.0482,6389760,794624,0,0,0.514764,99.8453,0,822083584,0,255483904,8232960,218636288,111820800,0,46944256,0,2,10.1234,0,0,0,1,1,2,15.9134,95.0386,94.2779,1024,20368,0,0,40
conv,2251,2744320,670,64,8,2,2,4,2,7,1,67,10,3,2103419,2066290,1,6365248,2293769,2,16269312,0,2,70.3385,7188480,1191936,0,0,0.512205,99.8689,0,822083584,0,255483904,8232960,234336256,100687872,0,47099904,0,2,10.1186,0,0,0,1,1,2,15.9085,95.0458,94.2693,1024,20520,0,0,40
conv,6038,1234944,603,64,8,2,2,8,1,1,0,67,9,7,13637801,17439825,2,27939104,20971529,3,76513280,73.9238,1,71.9009,4472832,1466368,132550656,15368192,0.260918,99.7499,0,822083584,0,760283136,57554944,702355456,555581440,0,96507904,0,2,3.78628,0,0,0,1,1,3,13.453,94.5502,93.8349,1024,37520,448,0,54
conv,7097,1234944,603,64,8,2,2,8,1,1,1,67,9,6,14292723,17440417,2,28688954,20971529,2,76513280,74.3652,1,65.7146,5031936,1466368,132550656,15368192,0.260783,99.4956,0,822083584,0,760283136,57554944,709695488,606099456,0,98426880,0,1,3.19845,0,0,0,1,1,3,10.1524,94.5437,93.8424,1024,37800,448,0,52
conv,1277,1234944,603,64,8,2,2,8,1,7,0,67,9,5,2201733,2068506,2,7149872,5603337,2,9248768,0,2,71.9009,4472832,1466368,0,0,0.253013,98.6978,0,822083584,0,262023168,6174720,166533120,59977728,0,43556864,0,3,18.0554,0,0,0,1,1,2,27.7014,95.0805,94.4737,1024,37520,0,0,64
conv,1263,1234944,603,64,8,2,2,8,1,7,1,67,9,5,2201447,2068506,2,7149800,5603337,2,9248768,0,2,65.7146,5031936,1466368,0,0,0.253851,98.4909,0,822083584,0,262023168,6174720,173873152,59791360,0,43796480,0,3,18.2091,0,0,0,1,1,2,27.8676,95.0707,94.4672,1024,37800,0,0,63
conv,6960,1234944,603,64,8,2,2,8,2,1,0,67,9,6,14503505,17438305,2,25913701,17661961,2,76513280,84.5556,1,82.0269,4472832,733184,132550656,15368192,0.260559,99.5146,0,822083584,0,718577664,55085056,674756608,603443200,0,95754240,0,1,3.26113,0,0,0,1,1,3,10.5046,94.4199,93.793,1024,37520,448,0,54
conv,7075,1234944,603,64,8,2,2,8,2,1,1,67,9,6,14311992,17439241,2,25748770,17661961,2,76513280,84.5061,1,69.6435,5031936,1099776,132550656,15368192,0.262005,99.6836,0,822083584,0,718577664,55085056,686899200,652726272,0,97789952,0,1,3.21313,0,0,0,1,1,3,9.94123,94.4217,93.8035,1024,37800,448,0,52
conv,1161,1234944,603,64,8,2,2,8,2,7,0,67,9,5,2212934,2066102,1,4427824,2293769,2,9248768,0,2,82.0269,4472832,733184,0,0,0.253983,98.7621,0,822083584,0,220317696,3704832,138934272,55224320,0,41058304,0,3,19.8926,0,0,0,1,1,2,28.9152,94.8226,94.3981,1024,37520,0,0,56
conv,1171,1234944,603,64,8,2,2,8,2,7,1,67,9,5,2213155,2066218,1,4427992,2293769,2,9248768,0,2,69.6435,5031936,1099776,0,0,0.261599,98.4802,0,822083584,0,220317696,3704832,151076864,53127168,0,41388032,0,3,19.7438,0,0,0,1,1,2,29.123,94.836,94.4046,1024,37800,0,0,56
conv,17458,7569408,924,64,8,2,4,1,1,1,0,66,14,8,62858767,39918456,2,128474588,46235657,2,136265728,82.3184,1,45.7438,18636800,3473408,211943424,37847040,0.535667,100.243,0,822083584,0,2425815040,224034816,1405648896,215023616,0,169771008,0,1,1.29788,0,0,0,1,1,2,6.77342,94.583,93.7403,1024,14672,280,0,31
conv,17384,7569408,924,64,8,2,4,1,1,1,1,66,14,8,63435159,39936324,2,128473574,46235657,2,136265728,82.3197,1,25.9157,35553280,3473408,211943424,37847040,0.535885,100.349,0,822083584,0,2425815040,224034816,1552449536,215023616,0,174645248,0,1,1.30801,0,0,0,1,1,2,7.05933,94.57,93.7509,1024,14728,280,0,32
conv,4712,7569408,924,64,8,2,4,1,1,7,0,66,14,2,2103539,2068534,2,22503704,8388617,2,30294016,0,2,45.7438,18636800,3473408,0,0,0.286043,98.8819,0,822083584,0,252248064,7569408,436764672,187301888,0,56082432,0,1,4.81469,0,0,0,1,1,2,8.67421,95.3184,95.0592,1024,14672,0,0,52
conv,4671,7569408,924,64,8,2,4,1,1,7,1,66,14,2,2104267,2068550,2,22504480,8388617,2,30294016,0,3,25.9157,35553280,3473408,0,0,0.285938,98.8475,0,822083584,0,252248064,7569408,583565312,237633536,0,62627840,0,1,4.86054,0,0,0,1,1,2,9.10637,95.1929,94.9608,1024,14728,0,0,40
conv,17479,7569408,924,64,8,2,4,1,2,1,0,66,14,8,63620774,39935718,2,120633696,42041353,2,136265728,88.4083,1,49.3258,18636800,1867776,211943424,37847040,0.527613,100.06,0,822083584,0,2517958656,208896000,1367212032,170409984,0,169353216,0,1,1.30824,0,0,0,1,1,2,6.80666,94.5841,93.86,1024,14672,280,0,31
conv,17621,7569408,924,64,8,2,4,1,2,1,1,66,14,8,65405512,39936626,2,120634180,42041353,2,136265728,88.4084,1,25.9157,35553280,3473408,211943424,37847040,0.531969,99.5476,0,822083584,0,2517958656,224034816,1529036800,170409984,0,175415296,0,1,1.28356,0,0,0,1,1,2,7.0358,94.5743,93.769,1024,14728,280,0,31
conv,4486,7569408,924,64,8,2,4,1,2,7,0,66,14,2,2103315,2068534,1,14663728,4194313,2,30294016,0,2,49.3258,18636800,1867776,0,0,0.283035,98.8398,0,822083584,0,359645184,7569408,398327808,204898304,0,58900480,0,1,5.05641,0,0,0,1,1,2,9.80524,95.3929,95.1034,1024,14672,0,0,48
conv,4330,7569408,924,64,8,2,4,1,2,7,1,66,14,2,2103315,2068534,1,14663728,4194313,2,30294016,0,4,25.9157,35553280,3473408,0,0,0.285695,98.7836,0,822083584,0,359645184,22708224,560152576,213286912,0,65241088,0,1,5.24257,0,0,0,1,1,2,10.4545,95.2968,94.7388,1024,14728,0,0,40
conv,11648,2973696,726,64,8,2,4,2,1,1,0,66,11,8,43735066,23707185,2,76252046,30015545,2,110608384,77.2982,1,58.126,7045120,3244032,188694528,21626880,0.528966,99.7911,0,822083584,0,1071161344,135471104,993910784,219987968,0,108634112,0,1,1.94837,0,0,0,1,1,3,6.02958,94.6332,93.278,1024,23056,320,0,32
conv,11115,2973696,726,64,8,2,4,2,1,1,1,66,11,5,15217493,23566942,2,75918648,30015497,2,110608384,77.2212,1,41.7179,11616256,2719744,188694528,21626880,0.263876,99.5068,0,822083584,0,1071161344,135471104,1035853824,333234176,0,113786880,0,1,2.04109,0,0,0,1,1,3,6.62342,94.6099,93.316,1024,23144,320,0,42
conv,2559,2973696,726,64,8,2,4,2,1,7,0,66,11,3,2103315,2068534,2,15741064,8388617,2,16261120,0,2,58.126,7045120,3244032,0,0,0.262624,98.8943,0,822083584,0,194396160,26763264,220061696,119324672,0,45916160,0,2,8.90312,0,0,0,1,1,2,14.0289,95.0463,94.1001,896,23056,0,0,68
conv,2560,2973696,726,64,8,2,4,2,1,7,1,66,11,3,2103603,2068530,2,15741272,8388617,2,16261120,0,2,41.7179,11616256,2719744,0,0,0.263671,98.8759,0,822083584,0,194396160,26763264,262004736,122642432,0,47423488,0,2,8.90241,0,0,0,1,1,2,14.071,95.0078,94.0917,1024,23144,0,0,54
conv,11551,2973696,726,64,8,2,4,2,2,1,0,66,11,8,43560212,23707390,2,70159754,25821193,2,110608384,85.6442,1,69.004,7045120,1622016,188694528,21626880,0.524349,99.9027,0,822083584,0,1047998464,129433600,961912832,214294528,0,106553344,0,1,1.96178,0,0,0,1,1,3,5.90357,94.5181,93.1377,1024,23056,320,0,32
conv,10967,2973696,726,64,8,2,4,2,2,1,1,66,11,5,15114842,23489214,2,69751466,25821193,2,110608384,85.59,1,43.6119,11616256,2097152,188694528,21626880,0.264291,99.594,0,822083584,0,1047998464,129433600,1009758208,327540736,0,111894528,0,1,2.06644,0,0,0,1,1,3,6.53399,94.5053,93.1908,1024,23144,320,0,44
conv,2284,2973696,726,64,8,2,4,2,2,7,0,66,11,3,2103315,2068526,2,9576544,4194313,2,16261120,0,2,69.004,7045120,1622016,0,0,0.266801,98.798,0,822083584,0,241364992,14868480,188063744,106987520,0,45481984,0,2,9.97491,0,0,0,1,1,2,15.8941,94.9117,94.3621,1024,23056,0,0,64
conv,2263,2973696,726,64,8,2,4,2,2,7,1,66,11,3,2103315,2068526,2,9576496,4194313,2,16261120,0,3,43.6119,11616256,2097152,0,0,0.268724,98.7366,0,822083584,0,241364992,14868480,235909120,104890368,0,46993408,0,2,10.0695,0,0,0,1,1,2,16.1378,94.9013,94.3694,1024,23144,0,0,48
conv,7964,1351680,660,64,8,2,4,4,1,1,0,66,10,8,31001566,15587857,3,78081000,21905417,3,97746944,79.2386,1,54.3242,4403200,2801664,177070080,13516800,0.518816,99.7262,0,822083584,0,557219840,63545344,854777856,325369856,0,87609344,0,1,2.85844,0,0,0,1,1,3,7.14528,94.4206,93.5615,1024,39824,400,0,39
conv,7348,1351680,660,64,8,2,4,4,1,1,1,66,10,5,13325797,15586386,2,52511518,21905417,3,97746944,72.1126,1,52.995,4831232,2801664,177070080,13516800,0.263498,99.6441,0,822083584,0,557219840,63545344,857923584,275038208,0,86042624,0,1,3.08958,0,0,0,1,1,3,7.46034,94.4261,93.5514,1024,39976,400,0,61
conv,1450,1351680,660,64,8,2,4,4,1,7,0,66,10,4,2103331,2068506,3,12359728,8388617,2,9211904,0,2,54.3242,4403200,2801664,0,0,0.255091,98.9747,0,822083584,0,167895040,12165120,141746176,61456384,0,40073216,0,3,15.8106,0,0,0,1,1,2,22.8931,94.8108,93.9956,768,39824,0,0,80
conv,8336,1351680,660,64,8,2,4,4,2,1,0,66,10,8,31242283,15590709,2,68888118,17711113,3,97746944,87.0591,1,67.4356,4403200,1400832,177070080,13516800,0.523009,99.3923,0,822083584,0,581128192,58138624,825999360,206295040,0,83341312,0,1,2.72113,0,0,0,1,1,3,6.07985,94.3952,93.5027,1024,39824,400,0,32
conv,8038,1351680,660,64,8,2,4,4,2,1,1,66,10,5,13450324,15574692,2,46870928,17711113,3,97746944,82.6167,1,58.3493,4831232,2101248,177070080,13516800,0.260275,99.6663,0,822083584,0,581128192,58138624,834242560,271306752,0,85776384,0,1,2.8203,0,0,0,1,1,3,6.41422,94.3941,93.5171,1024,39976,400,0,56
conv,1251,1351680,660,64,8,2,4,4,2,7,0,66,10,5,2103351,2068506,2,7032888,4194313,2,9211904,0,2,67.4356,4403200,1400832,0,0,0.259902,98.5383,0,822083584,0,191803392,6758400,112967680,57700352,0,39647232,0,3,18.5034,0,0,0,1,1,2,26.656,94.7011,93.8995,768,39824,0,0,80
conv,1229,1351680,660,64,8,2,4,4,2,7,1,66,10,5,2103331,2068506,2,7033128,4194313,2,9211904,0,3,58.3493,4831232,2101248,0,0,0.259632,98.4785,0,822083584,0,191803392,6758400,121210880,49008640,0,39636992,0,3,18.6965,0,0,0,1,1,2,27.0977,94.7114,93.8884,768,39976,0,0,80
conv,19454,3727360,910,64,8,2,8,1,1,1,0,65,14,8,95065009,28180282,2,137483632,42868745,2,122953728,72.3354,1,22.7081,25489408,6881280,208732160,26091520,0.503453,99.384,0,822083584,0,1339908096,111845376,1210277888,107872256,0,119517184,0,1,1.16845,0,0,0,1,1,2,4.60772,94.5252,93.9192,1024,29008,392,0,32
conv,19555,3727360,910,64,8,2,8,1,1,1,1,65,14,8,95842659,28181021,2,137482288,42868793,2,122953728,72.3354,2,12.7932,50577408,6881280,208732160,26091520,0.504005,100.034,0,822083584,0,1339908096,111845376,1313038336,107872256,0,122929152,0,1,1.1608,0,0,0,1,1,2,4.69563,94.5139,93.9247,1024,29064,392,0,32
conv,19557,3727360,910,64,8,2,8,1,2,1,0,65,14,8,95070680,28178490,2,122631944,34480137,2,122953728,83.0357,1,25.2871,25489408,3579904,208732160,26091520,0.510262,101.702,0,822083584,0,1374101504,134209536,1172185088,113582080,0,120655872,0,1,1.17222,0,0,0,1,1,2,4.58956,94.5325,93.659,1024,29008,392,0,31
conv,19569,3727360,910,64,8,2,8,1,2,1,1,65,14,8,96477343,28180083,2,122630304,34480137,2,122953728,83.0357,2,12.7932,50577408,6881280,208732160,26091520,0.507624,100.622,0,822083584,0,1374101504,134209536,1289797632,113582080,0,124542976,0,1,1.16317,0,0,0,1,1,2,4.77475,94.5332,93.6869,1024,29064,392,0,31
conv,13008,1464320,715,64,8,2,8,2,1,1,0,65,11,8,61246876,17030202,2,96072276,31686665,2,109731840,67.2618,1,31.2955,8519680,5537792,197283840,14909440,0.528249,99.9349,0,822083584,0,514637824,76273664,956209152,112928768,0,83070976,0,1,1.75053,0,0,0,1,1,2,3.62673,94.3652,93.374,1024,45584,448,0,32
conv,13093,1464320,715,64,8,2,8,2,1,1,1,65,11,8,61936246,17008686,2,118918041,31686665,2,109731840,72.2143,1,20.8232,15589376,5537792,197283840,14909440,0.530498,99.9941,0,822083584,0,514637824,76273664,985569280,201009152,0,86970368,0,1,1.73753,0,0,0,1,1,2,3.74369,94.3541,93.4073,1024,45672,448,0,40
conv,12727,1464320,715,64,8,2,8,2,2,1,0,65,11,8,61961512,16987606,2,108404572,23298057,2,109731840,83.4668,1,38.8169,8519680,2813952,197283840,14909440,0.525619,100.241,0,822083584,0,581849088,64559104,924481536,105652224,0,83423232,0,1,1.7851,0,0,0,1,1,2,3.73027,94.366,93.5975,1024,45584,448,0,32
conv,11733,1464320,715,64,8,2,8,2,2,1,1,65,11,6,35942987,16980084,2,72971590,23298057,2,109731840,77.3917,1,22.2581,15589376,4175872,197283840,14909440,0.263681,99.9118,0,822083584,0,581849088,64559104,959676416,187441152,0,87302144,0,1,1.93377,0,0,0,1,1,2,4.19157,94.3607,93.6263,1024,45672,448,0,48
conv,35621,16777216,1024,64,16,0,1,1,1,1,0,64,16,6,62150242,104364693,2,253231152,104858193,2,308281344,57.3939,0,0,0,0,205520896,102760448,0.483556,105.497,0,822083584,0,9596567552,822083584,2902458368,385875968,0,458227712,0,1,0.762042,0,0,0,1,1,3,10.32,100,99.0847,1024,0,200,0,40
conv,18894,16777216,1024,64,16,0,1,1,1,7,0,64,16,1,2104067,2067502,2,150471456,2097161,2,205520896,0,0,0,0,0,0,0,0.947032,99.8852,0,822083584,0,1006632960,16777216,1660944384,637534208,0,129499136,0,1,1.1982,0,0,0,1,1,2,4.77478,100,100,1024,0,0,0,32
conv,20685,8388608,1024,64,16,0,1,2,1,1,0,64,16,7,54655068,60810410,2,141819952,60817417,2,167772160,57.4386,0,0,0,0,115343360,58720256,0.966996,99.7025,0,822083584,0,3850371072,419430400,1778384896,327155712,0,228327424,0,1,1.08786,0,0,0,1,1,2,8.10631,100,98.5075,1024,0,224,0,32
conv,9679,8388608,1024,64,16,0,1,2,1,7,0,64,16,1,2103315,2067570,2,84148504,2097161,3,110100480,0,0,0,0,0,0,0,0.935184,99.9169,0,822083584,0,729808896,8388608,897581056,419430400,0,89915392,0,1,2.34271,0,0,0,1,1,3,6.12591,100,100,1024,0,0,0,32
conv,15548,4194304,1024,64,16,0,1,4,1,1,0,64,16,6,33013145,38735478,2,90561580,38797321,2,120061952,58.9759,0,0,0,0,115343360,36700160,0.492184,101.24,0,822083584,0,2000683008,209715200,1149239296,599785472,0,151126016,0,1,1.48147,0,0,0,1,1,2,7.08605,100,98.8725,1024,0,280,0,40
conv,4988,4194304,1024,64,16,0,1,4,1,7,0,64,16,2,2151150,2067298,2,50987408,2097161,3,62390272,0,0,0,0,0,0,0,0.482193,99.3804,0,822083584,0,444596224,4194304,515899392,201326592,0,62128128,0,1,4.55252,0,0,0,1,1,3,8.57862,100,100,1024,0,0,0,40
conv,8762,2097152,1024,64,16,0,1,8,1,1,0,64,16,8,24131159,27771302,2,63897384,27787273,2,73662464,60.1721,0,0,0,0,70254592,25690112,0.487624,99.986,0,822083584,0,1107296256,104857600,729808896,748683264,0,110624768,0,1,2.58559,0,0,0,1,1,3,9.59237,100,99.2299,1024,0,392,0,40
conv,2732,2097152,1024,64,16,0,1,8,1,7,0,64,16,2,2201757,2066650,3,34406464,2097161,3,38535168,0,0,0,0,0,0,0,0.476695,99.3033,0,822083584,0,314572800,2097152,325058560,115343360,0,49348608,0,2,8.34215,0,0,0,1,1,3,13.2242,100,100,1024,0,0,0,56
conv,20190,8388608,1024,64,16,0,2,1,1,1,0,64,16,7,41141325,60753926,3,242809480,62914569,2,212860928,52.416,0,0,0,0,205520896,58720256,0.484011,99.4496,0,822083584,0,4395630592,411041792,1837105152,251658240,0,243269632,0,1,1.12995,0,0,0,1,1,3,8.12822,100,99.1379,1024,0,224,0,38
conv,10549,8388608,1024,64,16,0,2,1,1,7,0,64,16,1,2103427,2069118,3,141295776,4194313,2,110100480,0,0,0,0,0,0,0,0.956263,99.8902,0,822083584,0,511705088,8388608,897581056,251658240,0,77856768,0,1,2.14983,0,0,0,1,1,2,4.61291,100,100,1024,0,0,0,32
conv,20137,8388608,1024,64,16,0,2,1,2,1,0,64,16,7,41817162,60765216,3,243118080,60817417,2,212860928,52.8219,0,0,0,0,205520896,58720256,0.484289,99.5201,0,822083584,0,4437573632,411041792,1828716544,268435456,0,244842496,0,1,1.1279,0,0,0,1,1,3,8.14245,100,99.1435,1024,0,224,0,36
conv,10527,8388608,1024,64,16,0,2,1,2,7,0,64,16,1,2103315,2067322,3,141295712,2097289,2,110100480,0,0,0,0,0,0,0,0.483827,99.4845,0,822083584,0,562036736,8388608,889192448,436207616,0,84934656,0,1,2.15406,0,0,0,1,1,2,5.14901,100,100,1024,0,0,0,40
conv,14631,4194304,1024,64,16,0,2,2,1,1,0,64,16,6,30793407,35634010,2,138345808,37748745,2,139460608,52.2901,0,0,0,0,160432128,33554432,0.488489,99.7281,0,822083584,0,1925185536,209715200,1241513984,364904448,0,144310272,0,1,1.55209,0,0,0,1,1,3,6.86938,100,98.8193,1024,0,256,0,40
conv,5363,4194304,1024,64,16,0,2,2,1,7,0,64,16,1,2103315,2069222,3,79823232,4194313,2,59244544,0,0,0,0,0,0,0,0.482037,99.4708,0,822083584,0,369098752,4194304,490733568,230686720,0,59899904,0,1,4.23869,0,0,0,1,1,3,7.48005,100,100,1024,0,0,0,40
conv,14379,4194304,1024,64,16,0,2,2,2,1,0,64,16,8,49610297,35641890,3,141263612,35651593,2,139460608,53.7285,0,0,0,0,160432128,33554432,0.966704,100.518,0,822083584,0,1962934272,209715200,1233125376,364904448,0,145227776,0,1,1.56944,0,0,0,1,1,3,7.04302,100,98.8267,1024,0,256,0,32
conv,5336,4194304,1024,64,16,0,2,2,2,7,0,64,16,1,2103315,2067450,3,79822896,2097161,2,59244544,0,0,0,0,0,0,0,0.486682,99.4312,0,822083584,0,406847488,4194304,482344960,239075328,0,61079552,0,1,4.25971,0,0,0,1,1,3,7.69496,100,100,1024,0,0,0,40
conv,7666,2097152,1024,64,16,0,2,4,1,1,0,64,16,8,20755971,23044058,3,87521272,25165833,3,102760448,52.717,0,0,0,0,137887744,20971520,0.488176,99.6816,0,822083584,0,1042284544,104857600,910163968,402653184,0,103415808,0,1,2.96826,0,0,0,1,1,3,8.87339,100,99.1762,1024,0,320,0,40
conv,2919,2097152,1024,64,16,0,2,4,1,7,0,64,16,2,2117005,2068750,4,49086648,4194313,3,33816576,0,0,0,0,0,0,0,0.477733,99.4244,0,822083584,0,264241152,2097152,287309824,115343360,0,46596096,0,2,7.81059,0,0,0,1,1,3,11.304,100,100,1024,0,0,0,56
conv,7579,2097152,1024,64,16,0,2,4,2,1,0,64,16,8,20398969,23045070,3,87521016,23068681,3,102760448,53.7161,0,0,0,0,137887744,20971520,0.489547,99.87,0,822083584,0,1056964608,104857600,901775360,411041792,0,103874560,0,1,2.99263,0,0,0,1,1,3,9.04403,100,99.1798,1024,0,320,0,40
conv,2906,2097152,1024,64,16,0,2,4,2,7,0,64,16,2,2119501,2067110,3,49086896,2097161,3,33816576,0,0,0,0,0,0,0,0.481931,99.4053,0,822083584,0,278921216,2097152,278921216,121634816,0,46989312,0,2,7.84453,0,0,0,1,1,3,11.3956,100,100,1024,0,0,0,56
conv,8167,1048576,1024,64,16,0,2,8,1,1,0,64,16,6,18548202,16751278,2,65831276,18874377,2,84410368,55.2424,0,0,0,0,126615552,14680064,0.492605,99.6559,0,822083584,0,717225984,52428800,744488960,525336576,0,89849856,0,1,2.79047,0,0,0,1,1,3,8.26145,100,99.5259,1024,0,448,0,38
conv,8725,1048576,1024,64,16,0,2,8,2,1,0,64,16,5,18154988,16748858,2,65672296,16777225,2,84410368,56.5621,0,0,0,0,126615552,14680064,0.490848,99.481,0,822083584,0,727711744,52428800,736100352,475004928,0,88342528,0,1,2.61087,0,0,0,1,1,3,7.45216,100,99.5178,1024,0,448,0,42
conv,15969,4194304,1024,64,16,0,4,1,1,1,0,64,16,7,48105471,38780518,4,260571184,45088777,2,165150720,45.6261,0,0,0,0,205520896,36700160,0.486553,99.0857,0,822083584,0,2403336192,205520896,1484783616,163577856,0,159776768,0,1,1.41357,0,0,0,1,1,3,6.79909,100,99.3437,1024,0,280,0,35
conv,6988,4194304,1024,64,16,0,4,1,1,7,0,64,16,1,2103627,2069198,4,157811048,8388617,2,62390272,0,0,0,0,0,0,0,0.471346,99.4829,0,822083584,0,255852544,4194304,515899392,184549376,0,55705600,0,1,3.25274,0,0,0,1,1,2,4.95562,100,100,1024,0,0,0,56
conv,15692,4194304,1024,64,16,0,4,1,2,1,0,64,16,7,47768733,38785706,4,260571184,40894473,2,165150720,46.2609,0,0,0,0,205520896,36700160,0.490689,99.5221,0,822083584,0,2428502016,205520896,1476395008,167772160,0,160432128,0,1,1.43843,0,0,0,1,1,3,7.30127,100,99.3464,1024,0,280,0,36
conv,6889,4194304,1024,64,16,0,4,1,2,7,0,64,16,1,2103315,2069270,4,157810880,4194313,2,62390272,0,0,0,0,0,0,0,0.474192,99.501,0,822083584,0,281018368,4194304,507510784,184549376,0,56229888,0,1,3.30065,0,0,0,1,1,2,5.34909,100,100,1024,0,0,0,56
conv,15842,4194304,1024,64,16,0,4,1,4,1,0,64,16,7,48099043,38785950,4,260571416,38797321,2,165150720,46.5849,0,0,0,0,205520896,36700160,0.487533,99.5807,0,822083584,0,2432696320,205520896,1472200704,171966464,0,160563200,0,1,1.43116,0,0,0,1,1,3,6.88613,100,99.3469,1024,0,280,0,36
conv,6869,4194304,1024,64,16,0,4,1,4,7,0,64,16,1,2103315,2067250,4,157810736,2097161,2,62390272,0,0,0,0,0,0,0,0.478192,99.5606,0,822083584,0,285212672,4194304,503316480,192937984,0,56492032,0,1,3.30913,0,0,0,1,1,2,5.1731,100,100,1024,0,0,0,56
conv,11255,2097152,1024,64,16,0,4,2,1,1,0,64,16,7,38089697,23050122,3,148583544,29360137,2,125304832,44.8653,0,0,0,0,182976512,20971520,0.488341,99.8178,0,822083584,0,962592768,104857600,1082130432,199229440,0,99942400,0,1,2.02042,0,0,0,1,1,3,5.57239,100,99.1475,1024,0,320,0,39
conv,3740,2097152,1024,64,16,0,4,2,1,7,0,64,16,2,2103324,2069010,5,89718832,8388617,2,33816576,0,0,0,0,0,0,0,0.471562,99.4803,0,822083584,0,184549376,2097152,287309824,100663296,0,43646976,0,1,6.09311,0,0,0,1,1,2,8.07935,100,100,1024,0,0,0,56
conv,11061,2097152,1024,64,16,0,4,2,2,1,0,64,16,7,37955599,23046862,3,148739192,25165833,2,125304832,45.9972,0,0,0,0,182976512,20971520,0.491485,99.4276,0,822083584,0,981467136,104857600,1073741824,190840832,0,100007936,0,1,2.04979,0,0,0,1,1,3,5.69132,100,99.1481,1024,0,320,0,40
conv,3626,2097152,1024,64,16,0,4,2,2,7,0,64,16,2,2103315,2069286,5,89718832,4194313,2,33816576,0,0,0,0,0,0,0,0.479459,99.4847,0,822083584,0,203423744,2097152,278921216,117440512,0,44498944,0,1,6.28759,0,0,0,1,1,2,8.56243,100,100,1024,0,0,0,56
conv,11081,2097152,1024,64,16,0,4,2,4,1,0,64,16,7,38413993,23049042,3,148520764,23068681,3,125304832,46.4918,0,0,0,0,182976512,20971520,0.491539,99.8184,0,822083584,0,985661440,104857600,1069547520,195035136,0,100139008,0,1,2.05207,0,0,0,1,1,3,5.74353,100,99.1492,1024,0,320,0,37
conv,3635,2097152,1024,64,16,0,4,2,4,7,0,64,16,2,2103315,2067578,5,89719144,2097161,2,33816576,0,0,0,0,0,0,0,0.481306,99.4978,0,822083584,0,207618048,2097152,274726912,104857600,0,44105728,0,1,6.27131,0,0,0,1,1,2,8.55522,100,100,1024,0,0,0,56
conv,7924,1048576,1024,64,16,0,4,4,1,1,0,64,16,8,30325008,15177573,3,118668676,21495817,3,105381888,54.2899,0,0,0,0,171704320,13107200,0.489105,99.3696,0,822083584,0,682622976,52428800,900726784,365953024,0,88670208,0,1,2.86946,0,0,0,1,1,3,7.65474,100,99.5196,1024,0,400,0,48
conv,8306,1048576,1024,64,16,0,4,4,2,1,0,64,16,8,31660670,15176170,3,110374328,17301513,3,105381888,53.1075,0,0,0,0,171704320,13107200,0.492306,99.4611,0,822083584,0,535822336,52428800,892338176,208666624,0,78905344,0,1,2.73197,0,0,0,1,1,3,5.6307,100,99.4601,1024,0,400,0,38
conv,8360,1048576,1024,64,16,0,4,4,4,1,0,64,16,7,31293374,15173310,3,110668844,15204361,3,105381888,54.107,0,0,0,0,171704320,13107200,0.49239,99.2117,0,822083584,0,540016640,52428800,888143872,208666624,0,78905344,0,1,2.71064,0,0,0,1,1,3,5.62178,100,99.4601,1024,0,400,0,40
conv,6991,524288,1024,64,16,0,4,8,1,1,0,64,16,8,28903022,11726220,4,121564036,17563657,3,95420416,66.1912,0,0,0,0,166068224,9175040,0.487673,98.9558,0,822083584,0,384827392,26214400,798490624,316669952,0,73596928,0,1,3.24903,0,0,0,1,1,3,7.09911,100,99.7106,1024,0,560,0,56
conv,6957,524288,1024,64,16,0,4,8,2,1,0,64,16,8,29634170,11243858,4,121636300,13369481,3,95420416,68.2643,0,0,0,0,166068224,9175040,0.490854,99.0195,0,822083584,0,398458880,26214400,790102016,341835776,0,74547200,0,1,3.26878,0,0,0,1,1,3,7.25756,100,99.7143,1024,0,560,0,56
conv,21421,2097152,1024,64,16,0,8,1,1,1,0,64,16,8,99588018,27776674,3,311492928,42467337,2,141295616,36.2896,0,0,0,0,205520896,25690112,0.486462,100.003,0,822083584,0,1201668096,102760448,1249902592,106954752,0,109379584,0,1,1.06437,0,0,0,1,1,2,3.88889,100,99.5207,1024,0,392,0,36
conv,21406,2097152,1024,64,16,0,8,1,2,1,0,64,16,8,99888187,27777106,3,311492656,34078729,2,141295616,37.1705,0,0,0,0,205520896,25690112,0.488792,100.329,0,822083584,0,1214251008,102760448,1241513984,102760448,0,109379584,0,1,1.06519,0,0,0,1,1,2,3.88741,100,99.5207,1024,0,392,0,36
conv,21408,2097152,1024,64,16,0,8,1,4,1,0,64,16,8,99729029,27769626,3,311492752,29884425,2,141295616,37.6272,0,0,0,0,205520896,25690112,0.488271,99.3272,0,822083584,0,1216348160,102760448,1237319680,98566144,0,109182976,0,1,1.06051,0,0,0,1,1,2,3.75411,100,99.5198,1024,0,392,0,36
conv,13693,1048576,1024,64,16,0,8,2,1,1,0,64,16,8,63247692,16749161,3,207339356,31457289,2,118226944,43.1312,0,0,0,0,194248704,14680064,0.487493,99.4987,0,822083584,0,642777088,52428800,1002438656,59768832,0,81035264,0,1,1.66053,0,0,0,1,1,2,3.58767,100,99.4743,1024,0,448,0,40
conv,13247,1048576,1024,64,16,0,8,2,2,1,0,64,16,8,62801874,16754230,3,190099236,23068681,2,118226944,40.2202,0,0,0,0,194248704,14680064,0.490455,99.5473,0,822083584,0,490733568,52428800,994050048,100663296,0,77299712,0,1,1.72241,0,0,0,1,1,2,3.29356,100,99.4489,1024,0,448,0,37
conv,13300,1048576,1024,64,16,0,8,2,4,1,0,64,16,8,63208439,16757034,3,198246796,18874377,2,118226944,43.2346,0,0,0,0,194248704,14680064,0.491747,99.7511,0,822083584,0,492830720,52428800,989855744,98566144,0,77168640,0,1,1.70945,0,0,0,1,1,2,3.22498,100,99.448,1024,0,448,0,40
conv,10970,524288,1024,64,16,0,8,4,1,1,0,64,16,8,51749287,11610808,3,168477828,25952265,2,106692608,53.2026,0,0,0,0,188612608,9175040,0.485158,99.41,0,822083584,0,355467264,26214400,889716736,113770496,0,69189632,0,1,2.05746,0,0,0,1,1,2,3.69904,100,99.6922,1024,0,560,0,48
conv,10843,524288,1024,64,16,0,8,4,2,1,0,64,16,8,53328771,11244601,3,168456928,17563657,2,106692608,55.6015,0,0,0,0,188612608,9175040,0.487938,99.153,0,822083584,0,362807296,26214400,881328128,112721920,0,69124096,0,1,2.09276,0,0,0,1,1,2,3.77083,100,99.6919,1024,0,560,0,48
conv,10702,524288,1024,64,16,0,8,4,4,1,0,64,16,8,52822377,11243554,3,166025804,13369353,2,106692608,56.3005,0,0,0,0,188612608,9175040,0.489274,99.1785,0,822083584,0,365428736,26214400,877133824,189267968,0,71467008,0,1,2.11803,0,0,0,1,1,2,4.00601,100,99.702,1024,0,560,0,56
conv,32223,16777216,1024,64,16,1,1,1,1,1,0,64,16,8,87004225,104851526,2,132957592,104857609,2,209125376,86.4209,1,97.5921,25690112,1441792,205520896,102760448,0.957006,99.9243,0,822083584,0,9361686528,822083584,3372351488,352321536,0,472383488,0,1,0.703409,0,0,0,1,1,2,12.1118,100,97.4481,1024,6160,200,0,32
conv,32112,16777216,1024,64,16,1,1,1,1,1,1,64,16,8,86788683,104851922,2,132956440,104857737,2,209125376,86.4209,1,97.5921,25690112,1441792,205520896,102760448,0.956911,100.053,0,822083584,0,9361686528,822083584,3372351488,352321536,0,472383488,0,1,0.704502,0,0,0,1,1,2,12.1151,100,97.4481,1024,6248,200,0,32
conv,15840,16777216,1024,64,16,1,1,1,1,7,0,64,16,1,2103315,2064966,1,30196136,2097161,2,106364928,0,1,97.5921,25690112,1441792,0,0,0.894086,99.9281,0,822083584,0,771751936,16777216,1728184320,687865856,0,133693440,0,1,1.42646,0,0,0,1,1,2,5.82743,100,94.1207,1024,6160,0,0,31
conv,15839,16777216,1024,64,16,1,1,1,1,7,1,64,16,1,2105115,2065058,1,30197560,2097161,2,106364928,0,1,97.5921,25690112,1441792,0,0,0.896883,99.9024,0,822083584,0,771751936,16777216,1728184320,687865856,0,133693440,0,1,1.42696,0,0,0,1,1,2,5.83099,100,94.1207,1024,6248,0,0,31
conv,20572,8388608,1024,64,16,1,1,2,1,1,0,64,16,7,52957210,60810106,2,74408032,60817417,1,112164864,86.0726,1,96.457,14680064,1245184,115343360,58720256,0.965802,101.219,0,822083584,0,3825205248,419430400,1528365056,276824064,0,226230272,0,1,1.10279,0,0,0,1,1,2,8.22778,100,94.9241,1024,10640,224,0,32
conv,20808,8388608,1024,64,16,1,1,2,1,1,1,64,16,7,53682898,60811082,2,74409728,60817417,1,112164864,86.0726,1,96.457,14680064,1245184,115343360,58720256,0.975789,98.1816,0,822083584,0,3825205248,419430400,1528365056,276824064,0,226230272,0,1,1.0946,0,0,0,1,1,2,8.41938,100,94.9241,1024,10792,224,0,32
conv,8131,8388608,1024,64,16,1,1,2,1,7,0,64,16,1,2103468,2064678,1,16736392,2097161,2,54493184,0,1,96.457,14680064,1245184,0,0,0.895587,99.9745,0,822083584,0,704643072,8388608,949551104,360710144,0,96993280,0,1,2.78533,0,0,0,1,1,2,7.76206,100,91.6744,1024,10640,0,0,32
conv,8131,8388608,1024,64,16,1,1,2,1,7,1,64,16,1,2103663,2065026,1,16737056,2097161,2,54493184,0,1,96.457,14680064,1245184,0,0,0.896425,99.9683,0,822083584,0,704643072,8388608,949551104,360710144,0,96993280,0,1,2.78493,0,0,0,1,1,2,7.76147,100,91.6744,1024,10792,0,0,32
conv,13007,4194304,1024,64,16,1,1,4,1,1,0,64,16,8,35579253,38789406,2,54869668,38797321,2,86228992,87.0795,1,94.9653,9175040,1146880,115343360,36700160,0.968178,100.523,0,822083584,0,2086289408,209715200,1168408576,603979776,0,167641088,0,1,1.7709,0,0,0,1,1,2,9.83404,100,91.1634,1024,19600,280,0,32
conv,13182,4194304,1024,64,16,1,1,4,1,1,1,64,16,8,35679076,38781698,2,54767704,38797321,2,86228992,87.1366,1,94.9653,9175040,1146880,115343360,36700160,0.966643,100.68,0,822083584,0,2086289408,209715200,1168408576,603979776,0,167641088,0,1,1.76834,0,0,0,1,1,2,9.80456,100,91.1634,1024,19880,280,0,32
conv,4105,4194304,1024,64,16,1,1,4,1,7,0,64,16,2,2195560,2064422,1,10006576,2097161,2,28557312,0,1,94.9653,9175040,1146880,0,0,0.92051,99.9415,0,822083584,0,553648128,4194304,560234496,255852544,0,76677120,0,1,5.53467,0,0,0,1,1,2,12.2919,100,89.4992,1024,19600,0,0,32
conv,4104,4194304,1024,64,16,1,1,4,1,7,1,64,16,2,2195851,2064426,1,10006576,2097161,2,28557312,0,1,94.9653,9175040,1146880,0,0,0.921075,99.9097,0,822083584,0,553648128,4194304,560234496,255852544,0,76677120,0,1,5.53323,0,0,0,1,1,2,12.2926,100,89.4992,1024,19880,0,0,32
conv,8874,2097152,1024,64,16,1,1,8,1,1,0,64,16,8,24572406,27767698,2,35906872,27787273,2,50716672,86.2649,1,93.3858,6422528,1097728,70254592,25690112,0.490553,99.849,0,822083584,0,1210228736,104857600,749355008,767557632,0,131661824,0,1,2.5534,0,0,0,1,1,2,11.5868,100,86.7298,1024,37520,392,0,40
conv,8865,2097152,1024,64,16,1,1,8,1,1,1,64,16,8,24708635,27772902,2,35898224,27787273,2,50716672,86.279,1,93.3858,6422528,1097728,70254592,25690112,0.490909,100.023,0,822083584,0,1210228736,104857600,749355008,767557632,0,131661824,0,1,2.54712,0,0,0,1,1,2,11.5383,100,86.7298,1024,38056,392,0,40
conv,2145,2097152,1024,64,16,1,1,8,1,7,0,64,16,3,2201775,2064418,1,6642008,2097161,2,15589376,0,2,93.3858,6422528,1097728,0,0,0.965491,99.9558,0,822083584,0,420462592,2097152,365576192,163577856,0,73203712,0,3,10.6518,0,0,0,1,1,2,24.0334,100,75.7218,1024,37520,0,0,32
conv,2144,2097152,1024,64,16,1,1,8,1,7,1,64,16,3,2201754,2064426,1,6641856,2097161,2,15589376,0,2,93.3858,6422528,1097728,0,0,0.965204,99.9022,0,822083584,0,420462592,2097152,365576192,163577856,0,73203712,0,3,10.6424,0,0,0,1,1,2,24.025,100,75.7218,1024,38056,0,0,32
conv,22207,8388608,1024,64,16,1,2,1,1,1,0,64,16,8,75491061,60805936,2,122707524,62914617,2,157745152,86.9801,1,91.6403,14680064,2162688,205520896,58720256,0.945851,99.733,0,822083584,0,4345298944,411041792,1658912768,587202560,0,254541824,0,1,1.01827,0,0,0,1,1,2,8.16908,100,96.0616,1024,11792,224,0,32
conv,21998,8388608,1024,64,16,1,2,1,1,1,1,64,16,8,75211610,60802950,2,122717956,62914569,2,157745152,86.9877,1,48.9637,29360128,2162688,205520896,58720256,0.950595,99.7831,0,822083584,0,4345298944,411041792,1893793792,268435456,0,251920384,0,1,1.02284,0,0,0,1,1,2,8.26435,100,96.0206,1024,11880,224,0,32
conv,8012,8388608,1024,64,16,1,2,1,1,7,0,64,16,1,2103315,2068734,1,19963952,4194313,2,54984704,0,1,91.6403,14680064,2162688,0,0,0.466329,99.3408,0,822083584,0,461373440,8388608,719388672,385875968,0,82837504,0,1,2.82535,0,0,0,1,1,2,6.96613,100,90.4297,1024,11792,0,0,37
conv,8149,8388608,1024,64,16,1,2,1,1,7,1,64,16,1,2103619,2068510,1,19964272,4194313,2,54984704,0,2,48.9637,29360128,2162688,0,0,0.916995,99.8598,0,822083584,0,461373440,8388608,954269696,402653184,0,90701824,0,1,2.77505,0,0,0,1,1,2,7.14688,100,91.2595,1024,11880,0,0,32
conv,19672,8388608,1024,64,16,1,2,1,2,1,0,64,16,7,44689883,60332676,2,121884844,60817417,2,157745152,87.9,1,91.6403,14680064,2162688,205520896,58720256,0.488554,100.44,0,822083584,0,4387241984,411041792,1650524160,293601280,0,246415360,0,1,1.15526,0,0,0,1,1,2,8.40441,100,95.9317,1024,11792,224,0,36
conv,22205,8388608,1024,64,16,1,2,1,2,1,1,64,16,8,76554019,60805151,2,122702852,60817417,2,157745152,87.9748,1,48.9637,29360128,2162688,205520896,58720256,0.949643,100.16,0,822083584,0,4387241984,411041792,1885405184,276824064,0,253231104,0,1,1.01669,0,0,0,1,1,2,7.71742,100,96.0412,1024,11880,224,0,32
conv,8086,8388608,1024,64,16,1,2,1,2,7,0,64,16,1,2103315,2064806,1,19963952,2097161,2,54984704,0,1,91.6403,14680064,2162688,0,0,0.477952,99.3596,0,822083584,0,503316480,8388608,711000064,343932928,0,82575360,0,1,2.79888,0,0,0,1,1,2,6.84214,100,90.3993,1024,11792,0,0,37
conv,8189,8388608,1024,64,16,1,2,1,2,7,1,64,16,1,2103435,2064462,1,19964072,2097161,2,54984704,0,2,48.9637,29360128,2162688,0,0,0.924948,99.9056,0,822083584,0,503316480,8388608,945881088,427819008,0,92536832,0,1,2.76736,0,0,0,1,1,2,7.29352,100,91.4328,1024,11880,0,0,32
conv,14017,4194304,1024,64,16,1,2,2,1,1,0,64,16,8,47874891,35642750,2,72673764,37748745,2,109019136,84.8637,1,88.144,8388608,1867776,160432128,33554432,0.965735,100.284,0,822083584,0,1937416192,209715200,1111261184,587202560,0,161087488,0,1,1.6169,0,0,0,1,1,2,7.99674,100,90.5501,1024,20368,256,0,32
conv,13997,4194304,1024,64,16,1,2,2,1,1,1,64,16,6,31080971,35530459,2,70766404,37748745,2,109019136,84.5506,1,79.9683,9437184,1867776,160432128,33554432,0.487789,97.4923,0,822083584,0,1937416192,209715200,1128038400,583008256,0,161480704,0,1,1.59479,0,0,0,1,1,2,8.10484,100,90.5732,1024,20520,256,0,40
conv,4132,4194304,1024,64,16,1,2,2,1,7,0,64,16,2,2103315,2068538,1,12570672,4194313,2,28803072,0,1,88.144,8388608,1867776,0,0,0.478047,99.2521,0,822083584,0,406847488,4194304,402423808,230686720,0,66453504,0,1,5.49397,0,0,0,1,1,2,11.4108,100,87.7604,1024,20368,0,0,35
conv,4182,4194304,1024,64,16,1,2,2,1,7,1,64,16,2,2103595,2068506,1,12570960,4194313,2,28803072,0,1,79.9683,9437184,1867776,0,0,0.912953,99.9562,0,822083584,0,406847488,4194304,419201024,243269632,0,67371008,0,1,5.42918,0,0,0,1,1,2,11.3079,100,87.9271,1024,20520,0,0,32
conv,14072,4194304,1024,64,16,1,2,2,2,1,0,64,16,8,48015674,35642098,2,72627104,35651593,2,109019136,86.4535,1,88.144,8388608,1867776,160432128,33554432,0.966446,99.9855,0,822083584,0,1975164928,209715200,1102872576,566231040,0,161349632,0,1,1.61743,0,0,0,1,1,2,8.08102,100,90.5655,1024,20368,256,0,32
conv,13799,4194304,1024,64,16,1,2,2,2,1,1,64,16,6,29530099,35538058,2,70767452,35651593,2,109019136,86.2168,1,79.9683,9437184,1867776,160432128,33554432,0.489534,100.624,0,822083584,0,1975164928,209715200,1119649792,591396864,0,162660352,0,1,1.62198,0,0,0,1,1,2,8.01941,100,90.6415,1024,20520,256,0,40
conv,4079,4194304,1024,64,16,1,2,2,2,7,0,64,16,2,2103875,2064678,1,12571032,2097161,2,28803072,0,1,88.144,8388608,1867776,0,0,0.47786,99.2577,0,822083584,0,444596224,4194304,394035200,222298112,0,67108864,0,1,5.56346,0,0,0,1,1,2,11.3257,100,87.8799,1024,20368,0,0,35
conv,4164,4194304,1024,64,16,1,2,2,2,7,1,64,16,2,2103343,2064354,1,12570672,2097161,2,28803072,0,1,79.9683,9437184,1867776,0,0,0.931644,99.8849,0,822083584,0,444596224,4194304,410812416,234881024,0,68026368,0,1,5.44889,0,0,0,1,1,2,11.1064,100,88.0434,1024,20520,0,0,32
conv,7900,2097152,1024,64,16,1,2,4,1,1,0,64,16,8,21814432,23041442,2,47337812,25165833,2,84656128,81.9777,1,83.9154,5242880,1720320,137887744,20971520,0.492264,99.7554,0,822083584,0,1100201984,104857600,837435392,549453824,0,124715008,0,1,2.87334,0,0,0,1,1,3,10.6113,100,85.5458,1024,37520,320,0,40
conv,7936,2097152,1024,64,16,1,2,4,1,1,1,64,16,8,21805570,23054194,2,47350208,25165833,2,84656128,81.9799,1,76.6969,5898240,1720320,137887744,20971520,0.4923,99.6216,0,822083584,0,1100201984,104857600,847921152,683671552,0,129236992,0,1,2.86519,0,0,0,1,1,3,11.0063,100,86.0516,1024,37800,320,0,42
conv,2168,2097152,1024,64,16,1,2,4,1,7,0,64,16,3,2172984,2068506,2,8874176,4194313,2,15712256,0,2,83.9154,5242880,1720320,0,0,0.475406,99.2885,0,822083584,0,333094912,2097152,243941376,159383552,0,62259200,0,2,10.5305,0,0,0,1,1,2,21.6194,100,78.3318,1024,37520,0,0,54
conv,2202,2097152,1024,64,16,1,2,4,1,7,1,64,16,3,2176226,2068506,1,8874032,4194361,2,15712256,0,2,76.6969,5898240,1720320,0,0,0.480465,99.2079,0,822083584,0,333094912,2097152,254427136,138412032,0,61931520,0,2,10.3609,0,0,0,1,1,2,21.2352,100,78.2172,1024,37800,0,0,40
conv,8849,2097152,1024,64,16,1,2,4,2,1,0,64,16,8,31568758,23050226,2,56279880,23068681,2,84656128,86.1701,1,83.9154,5242880,1720320,137887744,20971520,0.9673,100.238,0,822083584,0,1114882048,104857600,829046784,612368384,0,126877696,0,1,2.55849,0,0,0,1,1,3,9.70929,100,85.7922,1024,37520,320,0,32
conv,7907,2097152,1024,64,16,1,2,4,2,1,1,64,16,8,22011273,23041914,2,47339036,23068729,2,84656128,84.4192,1,76.6969,5898240,1720320,137887744,20971520,0.493707,99.2495,0,822083584,0,1114882048,104857600,839532544,591396864,0,126550016,0,1,2.86149,0,0,0,1,1,3,10.82,100,85.7554,1024,37800,320,0,42
conv,2161,2097152,1024,64,16,1,2,4,2,7,0,64,16,3,2182333,2064410,1,8874032,2097161,2,15712256,0,2,83.9154,5242880,1720320,0,0,0.486082,99.2181,0,822083584,0,347774976,2097152,235552768,144703488,0,61997056,0,2,10.5684,0,0,0,1,1,2,21.5493,100,78.2402,1024,37520,0,0,46
conv,2185,2097152,1024,64,16,1,2,4,2,7,1,64,16,3,2183027,2064258,1,8874032,2097161,2,15712256,0,2,76.6969,5898240,1720320,0,0,0.487131,99.3583,0,822083584,0,347774976,2097152,246038528,155189248,0,62652416,0,2,10.4463,0,0,0,1,1,2,21.378,100,78.4678,1024,37800,0,0,40
conv,20000,4194304,1024,64,16,1,4,1,1,1,0,64,16,9,90678680,38782976,2,121619736,45088777,2,131874816,83.656,1,45.5253,18350080,3424256,205520896,36700160,0.873316,96.8544,0,822083584,0,2424217600,205520896,1389395968,197132288,0,185466880,0,1,1.11548,0,0,0,1,1,2,6.66442,100,84.893,1024,23056,280,0,31
conv,20405,4194304,1024,64,16,1,4,1,1,1,1,64,16,8,90238758,38788534,2,121619736,45088777,2,131874816,83.656,1,24.7052,36700160,3424256,205520896,36700160,0.883518,97.4784,0,822083584,0,2424217600,205520896,1536196608,197132288,0,190054400,0,1,1.11477,0,0,0,1,1,2,6.83348,100,85.2577,1024,23144,280,0,31
conv,4406,4194304,1024,64,16,1,4,1,1,7,0,64,16,2,2103427,2068534,2,18858192,8388617,2,29114368,0,2,45.5253,18350080,3424256,0,0,0.457231,99.3758,0,822083584,0,289406976,4194304,420511744,209715200,0,62390272,0,1,5.15424,0,0,0,1,1,2,10.0832,100,87.4491,1024,23056,0,0,48
conv,4383,4194304,1024,64,16,1,4,1,1,7,1,64,16,2,2103339,2068534,2,18858056,8388617,2,29114368,0,4,24.7052,36700160,3424256,0,0,0.467964,99.3001,0,822083584,0,289406976,4194304,567312384,243269632,0,68026368,0,1,5.17687,0,0,0,1,1,2,10.4809,100,88.489,1024,23144,0,0,40
conv,19567,4194304,1024,64,16,1,4,1,2,1,0,64,16,8,84746936,38784894,2,121619592,40894473,2,131874816,85.8151,1,45.5253,18350080,3424256,205520896,36700160,0.908284,104.795,0,822083584,0,2447810560,205520896,1381007360,184549376,0,185335808,0,1,1.16869,0,0,0,1,1,2,6.70928,100,84.9973,1024,23056,280,0,32
conv,19737,4194304,1024,64,16,1,4,1,2,1,1,64,16,8,86813295,38790006,2,121619144,40894473,2,131874816,85.8151,1,24.7052,36700160,3424256,205520896,36700160,0.907236,103.037,0,822083584,0,2447810560,205520896,1527808000,184549376,0,189923328,0,1,1.1487,0,0,0,1,1,2,6.91179,100,85.3597,1024,23144,280,0,31
conv,4274,4194304,1024,64,16,1,4,1,2,7,0,64,16,2,2103603,2068534,1,18858600,4194313,2,29114368,0,2,45.5253,18350080,3424256,0,0,0.480112,99.3259,0,822083584,0,310378496,4194304,412123136,192937984,0,62259200,0,1,5.31133,0,0,0,1,1,2,10.1774,100,87.4227,1024,23056,0,0,44
conv,4257,4194304,1024,64,16,1,4,1,2,7,1,64,16,2,2103315,2068518,1,18858032,4194313,2,29114368,0,4,24.7052,36700160,3424256,0,0,0.483299,99.3062,0,822083584,0,310378496,4194304,558923776,247463936,0,68550656,0,1,5.33399,0,0,0,1,1,2,10.8806,100,88.577,1024,23144,0,0,40
conv,19842,4194304,1024,64,16,1,4,1,4,1,0,64,16,9,88889102,38789630,2,121619024,38797321,2,131874816,86.937,1,45.5253,18350080,3424256,205520896,36700160,0.878281,98.2424,0,822083584,0,2452004864,205520896,1376813056,205520896,0,185991168,0,1,1.12923,0,0,0,1,1,2,6.68635,100,85.0501,1024,23056,280,0,32
conv,19823,4194304,1024,64,16,1,4,1,4,1,1,64,16,9,89912035,38777866,2,121618480,38797321,2,131874816,86.937,1,24.7052,36700160,3424256,205520896,36700160,0.889913,98.2907,0,822083584,0,2452004864,205520896,1523613696,205520896,0,190578688,0,1,1.11723,0,0,0,1,1,2,6.82671,100,85.41,1024,23144,280,0,32
conv,4240,4194304,1024,64,16,1,4,1,4,7,0,64,16,2,2103315,2064482,1,18858408,2097161,2,29114368,0,2,45.5253,18350080,3424256,0,0,0.479238,99.2917,0,822083584,0,318767104,4194304,407928832,192937984,0,62390272,0,1,5.35382,0,0,0,1,1,2,10.3723,100,87.4491,1024,23056,0,0,43
conv,4149,4194304,1024,64,16,1,4,1,4,7,1,64,16,2,2103875,2064454,1,18858712,2097161,2,29114368,0,4,24.7052,36700160,3424256,0,0,0.482737,99.1379,0,822083584,0,318767104,4194304,554729472,247463936,0,68681728,0,1,5.46858,0,0,0,1,1,2,11.1178,100,88.5988,1024,23144,0,0,40
conv,13085,2097152,1024,64,16,1,4,2,1,1,0,64,16,8,59074791,23056625,2,87005360,29360137,2,107290624,80.8023,1,63.5767,6291456,2957312,182976512,20971520,0.96405,99.6261,0,822083584,0,1009512448,104857600,986595328,247463936,0,118620160,0,1,1.73575,0,0,0,1,1,2,5.94772,100,83.5259,1024,39824,320,0,32
conv,10960,2097152,1024,64,16,1,4,2,1,1,1,64,16,7,38022083,23052514,2,72438508,29360137,2,107290624,78.0552,1,40.5755,11534336,2957312,182976512,20971520,0.487672,99.771,0,822083584,0,1009512448,104857600,1028538368,369098752,0,123731968,0,1,2.06833,0,0,0,1,1,3,7.31484,100,84.2065,1024,39976,320,0,43
conv,2389,2097152,1024,64,16,1,4,2,1,7,0,64,16,3,2103323,2068506,2,13951024,8388617,2,15802368,0,2,63.5767,6291456,2957312,0,0,0.458348,99.3139,0,822083584,0,246489088,2097152,212746240,165675008,0,55574528,0,2,9.54942,0,0,0,1,1,2,17.8586,100,81.4835,1024,39824,0,0,64
conv,2384,2097152,1024,64,16,1,4,2,1,7,1,64,16,3,2103319,2068522,2,13951024,8388617,2,15802368,0,3,40.5755,11534336,2957312,0,0,0.451757,99.2282,0,822083584,0,246226944,2097152,254689280,161480704,0,56688640,0,2,9.56509,0,0,0,1,1,2,17.6574,100,81.9486,1024,39976,0,0,54
conv,12989,2097152,1024,64,16,1,4,2,2,1,0,64,16,8,58575344,23056658,2,87296972,25165833,2,107290624,83.7005,1,63.5767,6291456,2957312,182976512,20971520,0.965744,100.168,0,822083584,0,1028255744,104857600,978206720,251658240,0,119013376,0,1,1.74421,0,0,0,1,1,2,5.971,100,83.6319,1024,39824,320,0,32
conv,10817,2097152,1024,64,16,1,4,2,2,1,1,64,16,8,38067237,23048346,2,72439624,25165833,2,107290624,81.4093,1,40.5755,11534336,2957312,182976512,20971520,0.490942,99.3503,0,822083584,0,1028386816,104857600,1020149760,377487360,0,124321792,0,1,2.09001,0,0,0,1,1,3,7.49252,100,84.2814,1024,39976,320,0,44
conv,2262,2097152,1024,64,16,1,4,2,2,7,0,64,16,3,2103343,2068498,2,13951032,4194313,2,15802368,0,2,63.5767,6291456,2957312,0,0,0.474995,99.2008,0,822083584,0,265363456,2097152,204357632,165675008,0,55902208,0,2,10.0913,0,0,0,1,1,2,18.7638,100,81.5921,1024,39824,0,0,64
conv,2282,2097152,1024,64,16,1,4,2,2,7,1,64,16,3,2103327,2068514,2,13951448,4194313,2,15802368,0,3,40.5755,11534336,2957312,0,0,0.468619,99.2758,0,822083584,0,265101312,2097152,246300672,155189248,0,56819712,0,2,10.0154,0,0,0,1,1,2,18.6598,100,81.9903,1024,39976,0,0,54
conv,12906,2097152,1024,64,16,1,4,2,4,1,0,64,16,8,58750378,23057578,2,87090828,23068729,2,107290624,85.4968,1,63.5767,6291456,2957312,182976512,20971520,0.964106,100.127,0,822083584,0,1032450048,104857600,974012416,245366784,0,118816768,0,1,1.74155,0,0,0,1,1,2,5.95994,100,83.6048,1024,39824,320,0,32
conv,10792,2097152,1024,64,16,1,4,2,4,1,1,64,16,8,38110361,23049418,2,72439568,23068681,2,107290624,83.1982,1,40.5755,11534336,2957312,182976512,20971520,0.491448,100.019,0,822083584,0,1032450048,104857600,1015955456,377487360,0,124256256,0,1,2.10183,0,0,0,1,1,3,7.45777,100,84.3226,1024,39976,320,0,44
conv,2227,2097152,1024,64,16,1,4,2,4,7,0,64,16,3,2103435,2064386,2,13951024,2097161,2,15802368,0,2,63.5767,6291456,2957312,0,0,0.483395,99.138,0,822083584,0,269557760,2097152,200163328,161480704,0,55771136,0,2,10.2373,0,0,0,1,1,2,19.1262,100,81.5488,1024,39824,0,0,64
conv,2239,2097152,1024,64,16,1,4,2,4,7,1,64,16,3,2103670,2064426,2,13951024,2097161,2,15802368,0,3,40.5755,11534336,2957312,0,0,0.473752,99.3094,0,822083584,0,269557760,2097152,242106368,140509184,0,56426496,0,2,10.168,0,0,0,1,1,2,18.4675,100,81.7631,1024,39976,0,0,48
conv,20735,2097152,1024,64,16,1,8,1,1,1,0,64,16,8,104127122,27778450,2,129311952,42467337,2,118759424,74.7771,1,22.5415,25690112,6037504,205520896,25690112,0.893251,100.195,0,822083584,0,1291276288,102760448,1195917312,157286400,0,138870784,0,1,1.30908,0,0,0,1,1,2,6.0636,100,80.3203,1024,45584,392,0,32
conv,21002,2097152,1024,64,16,1,8,1,1,1,1,64,16,8,106437513,27777206,2,129310816,42467337,1,118759424,74.7771,1,12.4559,51380224,6037504,205520896,25690112,0.923171,99.8405,0,822083584,0,1291276288,102760448,1298677760,157286400,0,142082048,0,1,1.07735,0,0,0,1,1,2,5.15133,100,80.7651,1024,45672,392,0,32
conv,3053,2097152,1024,64,16,1,8,1,1,7,1,64,16,2,2103315,2068506,3,26550320,16777225,1,15998976,0,7,12.4559,51380224,6037504,0,0,0.450354,99.3682,0,822083584,0,209936384,2097152,373833728,161480704,0,65536000,0,2,7.44609,0,0,0,1,1,2,15.9062,100,74.8363,1024,45672,0,0,64
conv,20611,2097152,1024,64,16,1,8,1,2,1,0,64,16,8,103788500,27778030,2,129312400,34078729,2,118759424,78.6162,1,22.5415,25690112,6037504,205520896,25690112,0.876832,99.3784,0,822083584,0,1303465984,102760448,1187528704,146800640,0,138608640,0,1,1.09501,0,0,0,1,1,2,5.1138,100,80.3215,1024,45584,392,0,32
conv,21195,2097152,1024,64,16,1,8,1,2,1,1,64,16,8,107043482,27778286,2,129310768,34078857,1,118759424,78.6162,1,12.4559,51380224,6037504,205520896,25690112,0.913501,100.032,0,822083584,0,1303465984,102760448,1290289152,146800640,0,141819904,0,1,1.06948,0,0,0,1,1,2,5.10124,100,80.767,1024,45672,392,0,32
conv,2752,2097152,1024,64,16,1,8,1,2,7,1,64,16,2,2103315,2068506,3,26550320,8388617,2,15998976,0,8,12.4559,51380224,6037504,0,0,0.468142,99.2521,0,822083584,0,222519296,2097152,365445120,161480704,0,65667072,0,2,8.25556,0,0,0,1,1,2,17.6978,100,74.8866,1024,45672,0,0,64
conv,20518,2097152,1024,64,16,1,8,1,4,1,0,64,16,8,103344979,27779354,2,129311176,29884425,2,118759424,80.6875,1,22.5415,25690112,6037504,205520896,25690112,0.875372,99.7699,0,822083584,0,1305563136,102760448,1183334400,155189248,0,138805248,0,1,1.09971,0,0,0,1,1,2,5.12125,100,80.3493,1024,45584,392,0,32
conv,21174,2097152,1024,64,16,1,8,1,4,1,1,64,16,8,107197183,27778306,2,129310784,29884425,1,118759424,80.6875,1,12.4559,51380224,6037504,205520896,25690112,0.911952,99.9167,0,822083584,0,1305563136,102760448,1286094848,155189248,0,142016512,0,1,1.06994,0,0,0,1,1,2,5.11746,100,80.7937,1024,45672,392,0,32
conv,2672,2097152,1024,64,16,1,8,1,4,7,1,64,16,2,2103315,2068534,2,26550472,4194313,2,15998976,0,8,12.4559,51380224,6037504,0,0,0.472412,99.1666,0,822083584,0,224223232,2097152,361250816,174063616,0,65929216,0,2,8.53266,0,0,0,1,1,2,18.5054,100,75.0672,1024,45672,0,0,64
