Kernel name,Computation duration (us),Global size,Local size,WORK_GROUP_SIZE_X,OUTER_UNROLL_FACTOR,INNER_UNROLL_FACTOR1,INNER_UNROLL_FACTOR2,USE_SOA,LOCAL_MEM,USE_CONSTANT_MEMORY,VECTOR_TYPE,dram__throughput.avg.pct_of_peak_sustained_elapsed,dram__sectors_read.sum,dram__sectors_write.sum,lts__t_sectors.avg.pct_of_peak_sustained_elapsed,lts__t_sectors_op_read.sum,lts__t_sectors_op_write.sum,l1tex__t_requests_pipe_lsu_mem_global_op_ld.avg.pct_of_peak_sustained_active,l1tex__t_requests_pipe_lsu_mem_global_op_ld.sum,l1tex__data_pipe_lsu_wavefronts_mem_shared.avg.pct_of_peak_sustained_elapsed,l1tex__data_pipe_lsu_wavefronts_mem_shared_op_ld.sum,l1tex__data_pipe_lsu_wavefronts_mem_shared_op_st.sum,l1tex__t_sectors_pipe_lsu_mem_local_op_ld.sum,l1tex__t_sectors_pipe_lsu_mem_local_op_st.sum,sm__warps_active.avg.pct_of_peak_sustained_active,smsp__cycles_active.avg.pct_of_peak_sustained_elapsed,smsp__sass_thread_inst_executed_op_fp16_pred_on.sum,smsp__sass_thread_inst_executed_op_fp32_pred_on.sum,smsp__sass_thread_inst_executed_op_fp64_pred_on.sum,smsp__sass_thread_inst_executed_op_integer_pred_on.sum,smsp__sass_thread_inst_executed_op_control_pred_on.sum,smsp__sass_thread_inst_executed_op_memory_pred_on.sum,smsp__sass_thread_inst_executed_op_misc_pred_on.sum,smsp__sass_thread_inst_executed_op_conversion_pred_on.sum,smsp__inst_executed.sum,smsp__inst_executed_pipe_fp16.sum,smsp__pipe_fma_cycles_active.avg.pct_of_peak_sustained_active,smsp__inst_executed_pipe_fp64.avg.pct_of_peak_sustained_active,smsp__inst_executed_pipe_xu.avg.pct_of_peak_sustained_active,smsp__inst_executed_pipe_lsu.avg.pct_of_peak_sustained_active,smsp__inst_executed_pipe_tex.avg.pct_of_peak_sustained_active,smsp__issue_active.avg.pct_of_peak_sustained_active,smsp__thread_inst_executed_per_inst_executed.ratio,smsp__thread_inst_executed_per_inst_executed.pct,Maximum work-group size,Local memory size,Private memory size,Constant memory size,Registers count
nbody_kernel,1191,16384,64,64,1,0,0,0,0,0,1,0.000143575,0,23,1.32542,687052,16407,10.5824,8389630,0.000629526,0,0,0,0,29.1888,92.2788,0,3489890000,0,84033500,16777200,268501000,285409000,0,129651000,0,72.7454,0,22.3543,5.59029,0,43.1885,32,100,1024,0,0,0,63
nbody_kernel,980,16384,64,64,1,0,0,0,1,0,1,0.00275195,226,47,2.52223,1084530,16407,0.200677,132096,26.2961,16777200,524288,0,0,24.0412,92.7229,0,3489890000,0,21119000,4194300,289473000,277037000,0,127555000,0,88.8166,0,27.293,7.35839,0,51.8772,32,100,1024,1024,0,0,64
nbody_kernel,1536,16384,64,64,1,0,0,1,0,0,1,0.000169873,0,27,1.00163,672616,16407,33.4227,33558000,0.000485832,0,0,0,0,28.0413,89.5558,0,3489890000,0,138641000,67108900,1073890000,272826000,0,195848000,0,57.7797,0,17.7764,17.7791,0,51.8789,32,100,1024,0,0,0,39
nbody_kernel,1327,16384,64,64,1,0,0,1,0,0,2,0.00038069,1,51,1.05066,606396,16407,18.912,16780800,0.000564278,0,0,0,0,29.5399,92.5035,0,3489940000,0,136544000,67108900,537018000,270795000,0,178681000,0,64.9716,0,19.9887,9.99741,0,53.2223,32,100,1024,0,0,0,42
nbody_kernel,1246,16384,64,64,1,0,0,1,0,0,4,0.000363358,0,47,1.19493,657168,16407,10.0029,8392190,0.000595388,0,0,0,0,29.485,92.597,0,3490040000,0,34832400,16777200,268583000,269844000,0,132091000,0,68.4863,0,21.0694,5.27058,0,41.4725,32,100,1024,0,0,0,64
nbody_kernel,973,16384,64,64,1,0,0,1,1,0,1,0.000190226,0,19,2.57064,1102880,16407,0.799802,527872,26.2375,16777200,524288,0,0,24.0103,92.6959,0,3489890000,0,33783800,4194300,302137000,277070000,0,128347000,0,88.9656,0,27.24,7.6654,0,52.0985,32,100,1024,1024,0,0,64
nbody_kernel,975,16384,64,64,1,0,0,1,1,0,2,0.000467457,0,47,2.52651,1090060,16407,0.401386,265728,26.0567,16777200,524288,0,0,24.2906,93.0439,0,3489940000,0,17006600,2097150,285360000,275022000,0,127171000,0,88.1443,0,27.0529,7.19004,0,51.2664,32,100,1024,2048,0,0,64
nbody_kernel,975,16384,64,64,1,0,0,1,1,0,4,0.000567364,0,57,2.86681,1240390,16407,0.203097,134656,26.0677,16778100,553988,0,0,24.3358,92.9591,0,3490040000,0,42172400,16777200,276972000,272990000,0,130354000,0,88.1698,0,27.0924,6.9889,0,52.6267,32,100,1024,4096,0,0,63
nbody_kernel,1178,16384,64,64,1,0,1,0,0,0,1,0.000384659,0,47,1.32072,687992,16407,10.5872,8389630,0.000629037,0,0,0,0,29.201,92.1629,0,3489890000,0,84033500,16777200,268501000,285409000,0,129651000,0,72.7803,0,22.3651,5.59297,0,43.2092,32,100,1024,0,0,0,63
nbody_kernel,970,16384,64,64,1,0,1,0,1,0,1,0.00023008,0,23,2.52145,1084430,16407,0.200646,132096,26.3003,16777200,524288,0,0,24.038,92.7364,0,3489890000,0,21119000,4194300,289473000,277037000,0,127555000,0,88.8177,0,27.2933,7.35847,0,51.8778,32,100,1024,1024,0,0,64
nbody_kernel,1516,16384,64,64,1,0,1,1,0,0,1,0.000144949,0,23,1.0103,672204,16407,33.4845,33558000,0.00048961,0,0,0,0,28.069,89.9131,0,3489890000,0,138641000,67108900,1073890000,272826000,0,195848000,0,57.9975,0,17.8434,17.8461,0,52.0745,32,100,1024,0,0,0,39
nbody_kernel,1321,16384,64,64,1,0,1,1,0,0,2,0.000534,36,37,1.0504,606216,16479,18.9003,16780800,0.00056285,0,0,0,0,29.5229,92.2834,0,3489940000,0,136544000,67108900,537018000,270795000,0,178681000,0,64.9617,0,19.9857,9.99589,0,53.2142,32,100,1024,0,0,0,42
nbody_kernel,1245,16384,64,64,1,0,1,1,0,0,4,0.000309529,0,40,1.19646,655688,16407,9.99864,8392190,0.000595784,0,0,0,0,29.4729,92.6843,0,3490040000,0,34832400,16777200,268583000,269844000,0,132091000,0,68.4674,0,21.0636,5.26912,0,41.4611,32,100,1024,0,0,0,64
nbody_kernel,973,16384,64,64,1,0,1,1,1,0,1,0.000149711,0,15,2.56319,1105550,16407,0.799975,527872,26.2488,16777200,524288,0,0,24.0093,92.7351,0,3489890000,0,33783800,4194300,302137000,277070000,0,128347000,0,88.9665,0,27.2403,7.66549,0,52.0991,32,100,1024,1024,0,0,64
nbody_kernel,975,16384,64,64,1,0,1,1,1,0,2,0.000387219,8,31,2.52544,1092120,16407,0.40126,265728,26.0259,16777200,524288,0,0,24.2737,93.0642,0,3489940000,0,17006600,2097150,285360000,275022000,0,127171000,0,88.0209,0,27.015,7.17998,0,51.1947,32,100,1024,2048,0,0,64
nbody_kernel,975,16384,64,64,1,0,1,1,1,0,4,0.000229486,0,23,2.86135,1242340,16407,0.203116,134656,26.0418,16778000,553867,0,0,24.3383,92.8764,0,3490040000,0,42172400,16777200,276972000,272990000,0,130354000,0,88.1615,0,27.0898,6.98823,0,52.6216,32,100,1024,4096,0,0,63
nbody_kernel,2351,16384,64,64,1,1,0,0,0,0,1,0.000388555,76,19,0.391796,392600,16407,5.31559,8389630,0.000313751,0,0,0,0,34.7913,96.7435,0,3489890000,0,1090670000,268435000,268501000,822280000,0,185750000,0,34.5825,0,10.6271,2.65758,0,29.415,32,100,1024,0,0,0,28
nbody_kernel,1324,16384,64,64,1,1,0,0,1,0,1,0.000168474,0,23,0.728271,413460,16407,0.146139,132096,37.6914,33554400,524288,0,0,32.5947,96.2618,0,3489890000,0,557990000,268435000,1094780000,285426000,0,212227000,0,62.4878,0,19.2022,19.5787,0,60.7265,32,100,1024,1024,0,0,25
nbody_kernel,1494,16384,64,64,1,1,0,1,0,0,1,0.000160658,0,25,0.610798,389596,16407,33.7203,33558000,0.000498613,0,0,0,0,34.7556,96.6968,0,3489890000,0,541295000,268435000,1073890000,272859000,0,245132000,0,54.9205,0,16.8967,16.8993,0,61.7202,32,100,1024,0,0,0,25
nbody_kernel,1279,16384,64,64,1,1,0,1,0,0,2,0.000135097,1,17,1.02814,572648,16407,19.4883,16780800,0.000584614,0,0,0,0,30.149,93.4046,0,3489940000,0,270762000,134218000,537018000,270778000,0,181302000,0,66.6636,0,20.5093,10.2578,0,55.4094,32,100,1024,0,0,0,31
nbody_kernel,1231,16384,64,64,1,1,0,1,0,0,4,0.000179239,0,23,0.933225,499828,16407,10.4494,8392190,0.000604593,0,0,0,0,31.3536,89.9799,0,3490040000,0,135496000,67108900,268583000,269861000,0,149393000,0,71.5679,0,22.0175,5.50773,0,49.0152,32,100,1024,0,0,0,50
nbody_kernel,1349,16384,64,64,1,1,0,1,1,0,1,0.000165455,4,19,0.756655,432972,16407,0.579259,527872,37.3303,33554400,524288,0,0,32.5661,96.1658,0,3489890000,0,570655000,268435000,1107440000,285458000,0,213020000,0,62.1755,0,19.0373,19.6351,0,60.4299,32,100,1024,1024,0,0,27
nbody_kernel,1173,16384,64,64,1,1,0,1,1,0,2,0.00037044,0,45,1.67726,869064,16407,0.33181,265728,21.5801,16777200,524288,0,0,25.6681,91.546,0,3489940000,0,285442000,134218000,553796000,277103000,0,165246000,0,74.1953,0,22.7717,11.7451,0,56.0735,32,100,1024,2048,0,0,34
nbody_kernel,1053,16384,64,64,1,1,0,1,1,0,4,0.000209925,0,23,2.62629,1229610,16407,0.187327,134656,24.0346,16777900,555193,0,0,25.3601,93.3266,0,3490040000,0,142836000,67108900,276972000,273023000,0,141365000,0,80.9682,0,24.8795,6.41805,0,52.4099,32,100,1024,4096,0,0,47
nbody_kernel,2350,16384,64,64,1,1,1,0,0,0,1,6.11498E-05,0,15,0.391931,391508,16407,5.31417,8389630,0.000314385,0,0,0,0,34.7903,97.068,0,3489890000,0,1090670000,268435000,268501000,822280000,0,185750000,0,34.5365,0,10.6129,2.65404,0,29.3759,32,100,1024,0,0,0,28
nbody_kernel,1323,16384,64,64,1,1,1,0,1,0,1,0.000166711,0,23,0.729448,413848,16407,0.14608,132096,37.667,33554400,524288,0,0,32.5838,96.2112,0,3489890000,0,557990000,268435000,1094780000,285426000,0,212227000,0,62.4802,0,19.1999,19.5764,0,60.7191,32,100,1024,1024,0,0,25
nbody_kernel,1495,16384,64,64,1,1,1,1,0,0,1,0.00112804,126,49,0.611041,389776,16407,33.7182,33558000,0.000498685,0,0,0,0,34.7602,96.711,0,3489890000,0,541295000,268435000,1073890000,272859000,0,245132000,0,54.9203,0,16.8966,16.8992,0,61.72,32,100,1024,0,0,0,25
nbody_kernel,1286,16384,64,64,1,1,1,1,0,0,2,0.000172906,0,23,1.02695,572768,16407,19.4867,16780800,0.000583548,0,0,0,0,30.1487,93.2103,0,3489940000,0,270762000,134218000,537018000,270778000,0,181302000,0,66.6808,0,20.5146,10.2604,0,55.4237,32,100,1024,0,0,0,31
nbody_kernel,1234,16384,64,64,1,1,1,1,0,0,4,0.000242444,0,31,0.933784,499836,16407,10.4507,8392190,0.000603687,0,0,0,0,31.3582,89.8618,0,3490040000,0,135496000,67108900,268583000,269861000,0,149393000,0,71.5546,0,22.0134,5.50671,0,49.0061,32,100,1024,0,0,0,50
nbody_kernel,1335,16384,64,64,1,1,1,1,1,0,1,0.000136768,0,19,0.756791,433232,16455,0.579202,527872,37.3556,33554400,524288,0,0,32.5633,96.2375,0,3489890000,0,570655000,268435000,1107440000,285458000,0,213020000,0,62.1712,0,19.0359,19.6337,0,60.4257,32,100,1024,1024,0,0,27
nbody_kernel,1173,16384,64,64,1,1,1,1,1,0,2,0.000205583,0,25,1.67437,869956,16407,0.331806,265728,21.5578,16777200,524288,0,0,25.6665,91.4497,0,3489940000,0,285442000,134218000,553796000,277103000,0,165246000,0,74.1969,0,22.7722,11.7454,0,56.0747,32,100,1024,2048,0,0,34
nbody_kernel,1054,16384,64,64,1,1,1,1,1,0,4,0.000210004,0,23,2.63028,1231230,16407,0.187305,134656,24.0417,16777900,556145,0,0,25.3601,93.357,0,3490040000,0,142836000,67108900,276972000,273023000,0,141365000,0,80.9612,0,24.8774,6.4175,0,52.4054,32,100,1024,4096,0,0,47
nbody_kernel,1741,16384,64,64,1,2,0,0,0,0,1,8.26918E-05,0,15,0.525951,391488,16407,7.22554,8389630,0.000425209,0,0,0,0,34.784,96.386,0,3489890000,0,553796000,134218000,268501000,277021000,0,147739000,0,47.0416,0,14.4557,3.61502,0,31.8246,32,100,1024,0,0,0,36
nbody_kernel,1194,16384,64,64,1,2,0,0,1,0,1,0.000184974,0,23,1.53937,810876,16407,0.162458,132096,21.2603,16777200,524288,0,0,25.8771,91.2103,0,3489890000,0,289554000,134218000,557908000,285393000,0,166089000,0,72.9987,0,22.4322,11.6559,0,55.5186,32,100,1024,1024,0,0,31
nbody_kernel,1408,16384,64,64,1,2,0,1,0,0,1,0.000402467,0,59,0.650923,391556,16407,35.5791,33558000,0.000529073,0,0,0,0,33.8839,96.641,0,3489890000,0,272859000,134218000,1073890000,272859000,0,239889000,0,58.309,0,17.9392,17.942,0,64.1271,32,100,1024,0,0,0,32
nbody_kernel,1322,16384,64,64,1,2,0,1,0,0,2,0.000457943,20,43,1.05114,606712,16455,18.9057,16780800,0.000562959,0,0,0,0,29.5365,92.3272,0,3489940000,0,136544000,67108900,537018000,270795000,0,178681000,0,64.9434,0,19.9801,9.99308,0,53.1992,32,100,1024,0,0,0,42
nbody_kernel,1200,16384,64,64,1,2,0,1,0,0,4,0.000184159,0,23,0.98532,513592,16407,10.5983,8392190,0.000622762,0,0,0,0,31.3288,91.8842,0,3490040000,0,68386800,33554400,268583000,269844000,0,148082000,0,72.1908,0,22.2091,5.55567,0,49.0074,32,100,1024,0,0,0,61
nbody_kernel,1194,16384,64,64,1,2,0,1,1,0,1,0.000153506,0,19,1.61493,851932,16407,0.648124,527872,21.2746,16777200,524288,0,0,25.919,91.5631,0,3489890000,0,302219000,134218000,570573000,285409000,0,166881000,0,73.0301,0,22.3608,11.8826,0,55.6062,32,100,1024,1024,0,0,30
nbody_kernel,1068,16384,64,64,1,2,0,1,1,0,2,0.000711127,0,79,2.31461,1098450,16407,0.364566,265728,23.7304,16777200,524288,0,0,25.5017,93.4466,0,3489940000,0,151224000,67108900,285360000,277135000,0,142179000,0,79.9288,0,24.5314,6.51989,0,51.9743,32,100,1024,2048,0,0,44
nbody_kernel,989,16384,64,64,1,2,0,1,1,0,4,0.000223848,0,23,2.85005,1254040,16407,0.200441,134656,25.6591,16778000,552715,0,0,24.7098,92.8068,0,3490040000,0,75726800,33554400,276972000,273039000,0,134026000,0,86.9368,0,26.7135,6.89116,0,53.3522,32,100,1024,4096,0,0,62
nbody_kernel,1738,16384,64,64,1,2,1,0,0,0,1,0.000269097,0,49,0.525925,391488,16407,7.23012,8389630,0.000425015,0,0,0,0,34.7843,96.2973,0,3489890000,0,553796000,134218000,268501000,277021000,0,147739000,0,47.0634,0,14.4624,3.6167,0,31.8393,32,100,1024,0,0,0,36
nbody_kernel,1194,16384,64,64,1,2,1,0,1,0,1,0.000185142,0,23,1.53696,809916,16407,0.162482,132096,21.2676,16777200,524288,0,0,25.8819,91.2468,0,3489890000,0,289554000,134218000,557908000,285393000,0,166089000,0,72.9946,0,22.4309,11.6553,0,55.5155,32,100,1024,1024,0,0,31
nbody_kernel,1409,16384,64,64,1,2,1,1,0,0,1,0.000333664,0,49,0.6517,391672,16407,35.5843,33558000,0.000529898,0,0,0,0,33.8906,96.7722,0,3489890000,0,272859000,134218000,1073890000,272859000,0,239889000,0,58.3209,0,17.9429,17.9456,0,64.1401,32,100,1024,0,0,0,32
nbody_kernel,1322,16384,64,64,1,2,1,1,0,0,2,0.000239282,0,33,1.05026,607180,16407,18.8945,16780800,0.000564004,0,0,0,0,29.5224,92.4655,0,3489940000,0,136544000,67108900,537018000,270795000,0,178681000,0,64.9667,0,19.9872,9.99666,0,53.2183,32,100,1024,0,0,0,42
nbody_kernel,1198,16384,64,64,1,2,1,1,0,0,4,0.000360303,0,45,0.987634,513068,16407,10.5991,8392190,0.00062212,0,0,0,0,31.3375,91.7674,0,3490040000,0,68386800,33554400,268583000,269844000,0,148082000,0,72.2081,0,22.2144,5.557,0,49.0192,32,100,1024,0,0,0,61
nbody_kernel,1194,16384,64,64,1,2,1,1,1,0,1,0.000152896,0,19,1.61508,851668,16407,0.648201,527872,21.2697,16777200,524288,0,0,25.9182,91.5563,0,3489890000,0,302219000,134218000,570573000,285409000,0,166881000,0,73.0186,0,22.3573,11.8807,0,55.5975,32,100,1024,1024,0,0,30
nbody_kernel,1068,16384,64,64,1,2,1,1,1,0,2,0.000927081,0,103,2.31437,1097610,16407,0.364567,265728,23.7414,16777200,524288,0,0,25.5019,93.496,0,3489940000,0,151224000,67108900,285360000,277135000,0,142179000,0,79.9238,0,24.5299,6.51949,0,51.9711,32,100,1024,2048,0,0,44
nbody_kernel,988,16384,64,64,1,2,1,1,1,0,4,0.00071552,50,23,2.85182,1255670,16407,0.200456,134656,25.673,16778000,552218,0,0,24.7082,92.881,0,3490040000,0,75726800,33554400,276972000,273039000,0,134026000,0,86.9167,0,26.7074,6.88957,0,53.3399,32,100,1024,4096,0,0,62
nbody_kernel,1236,16384,64,64,1,4,0,0,0,0,1,0.000146962,0,19,0.736471,391528,16407,10.3077,8389630,0.000600318,0,0,0,0,34.8583,95.3776,0,3489890000,0,285360000,67108900,268501000,277037000,0,137254000,0,67.1164,0,20.6246,5.15771,0,42.183,32,100,1024,0,0,0,44
nbody_kernel,1049,16384,64,64,1,4,0,0,1,0,1,0.000394432,0,43,2.38474,1110090,16407,0.185386,132096,24.2945,16777200,524288,0,0,25.497,92.6195,0,3489890000,0,155337000,67108900,289473000,285426000,0,143021000,0,82.1477,0,25.2436,6.80587,0,53.7997,32,100,1024,1024,0,0,42
nbody_kernel,1526,16384,64,64,1,4,0,1,0,0,1,0.00014446,0,23,1.00319,672848,16407,33.4374,33558000,0.000486031,0,0,0,0,28.0378,89.4375,0,3489890000,0,138641000,67108900,1073890000,272826000,0,195848000,0,57.8798,0,17.8072,17.8099,0,51.9688,32,100,1024,0,0,0,39
nbody_kernel,1220,16384,64,64,1,4,0,1,0,0,2,0.000118326,0,15,1.17364,624384,16407,20.3571,16780800,0.000612733,0,0,0,0,29.4141,93.2277,0,3489940000,0,69435400,33554400,537018000,270860000,0,156663000,0,70.0027,0,21.5366,10.7716,0,50.2772,32,100,1024,0,0,0,55
nbody_kernel,1242,16384,64,64,1,4,0,1,0,0,4,0.000177256,0,23,1.1606,634684,16407,10.0406,8392190,0.00119265,0,0,0,0,29.9562,92.9631,0,3490040000,0,34848800,16777200,268583000,269877000,0,137074000,0,68.3245,0,21.0196,5.25842,0,42.9345,32,100,1024,0,0,0,64
nbody_kernel,1048,16384,64,64,1,4,0,1,1,0,1,0.000174859,0,19,2.35171,1095450,16407,0.739389,527872,24.2765,16777200,524288,0,0,25.4676,92.7045,0,3489890000,0,168002000,67108900,302137000,285442000,0,143813000,0,82.3086,0,25.2017,7.09183,0,54.0083,32,100,1024,1024,0,0,42
nbody_kernel,999,16384,64,64,1,4,0,1,1,0,2,0.000222045,0,23,2.59242,1146770,16407,0.391341,265728,25.4671,16777200,524288,0,0,24.5565,93.0718,0,3489940000,0,84115500,33554400,285360000,277086000,0,134837000,0,86.1239,0,26.4328,7.02524,0,53.1106,32,100,1024,2048,0,0,59
nbody_kernel,963,16384,64,64,1,4,0,1,1,0,4,0.000230333,0,23,2.93455,1255160,16407,0.205925,134656,26.4195,16777900,552052,0,0,24.3365,92.856,0,3490040000,0,42172400,16777200,276972000,272990000,0,130354000,0,89.47,0,27.4919,7.09196,0,53.4027,32,100,1024,4096,0,0,64
nbody_kernel,1237,16384,64,64,1,4,1,0,0,0,1,0.000425399,0,55,0.736371,391500,16407,10.3092,8389630,0.000600188,0,0,0,0,34.8575,95.3643,0,3489890000,0,285360000,67108900,268501000,277037000,0,137254000,0,67.1113,0,20.623,5.15732,0,42.1799,32,100,1024,0,0,0,44
nbody_kernel,1049,16384,64,64,1,4,1,0,1,0,1,0.000211114,0,23,2.38101,1110020,16407,0.185395,132096,24.2633,16777200,524288,0,0,25.4965,92.4937,0,3489890000,0,155337000,67108900,289473000,285426000,0,143021000,0,82.1537,0,25.2455,6.80636,0,53.8036,32,100,1024,1024,0,0,42
nbody_kernel,1525,16384,64,64,1,4,1,1,0,0,1,0.000170623,0,27,0.998803,673512,16407,33.4513,33558000,0.000484257,0,0,0,0,28.0513,89.2645,0,3489890000,0,138641000,67108900,1073890000,272826000,0,195848000,0,57.7802,0,17.7765,17.7792,0,51.8794,32,100,1024,0,0,0,39
nbody_kernel,1218,16384,64,64,1,4,1,1,0,0,2,0.00030005,1,37,1.16962,625548,16407,20.3425,16780800,0.000611816,0,0,0,0,29.3947,93.0595,0,3489940000,0,69435400,33554400,537018000,270860000,0,156663000,0,70.0242,0,21.5432,10.7749,0,50.2927,32,100,1024,0,0,0,55
nbody_kernel,1245,16384,64,64,1,4,1,1,0,0,4,0.000176278,0,23,1.15737,635100,16407,10.0413,8392190,0.00119199,0,0,0,0,29.9404,92.8919,0,3490040000,0,34848800,16777200,268583000,269877000,0,137074000,0,68.3387,0,21.0239,5.25951,0,42.9434,32,100,1024,0,0,0,64
nbody_kernel,1049,16384,64,64,1,4,1,1,1,0,1,0.00246929,180,89,2.35419,1095350,16495,0.739451,527872,24.2869,16777200,524288,0,0,25.4689,92.7481,0,3489890000,0,168002000,67108900,302137000,285442000,0,143813000,0,82.3054,0,25.2007,7.09155,0,54.0062,32,100,1024,1024,0,0,42
nbody_kernel,998,16384,64,64,1,4,1,1,1,0,2,0.000300899,8,23,2.59055,1146990,16455,0.391323,265728,25.4626,16777200,524288,0,0,24.5582,93.0527,0,3489940000,0,84115500,33554400,285360000,277086000,0,134837000,0,86.1263,0,26.4335,7.02543,0,53.1121,32,100,1024,2048,0,0,59
nbody_kernel,962,16384,64,64,1,4,1,1,1,0,4,0.000271086,0,27,2.93098,1253490,16455,0.205954,134656,26.3707,16778000,553678,0,0,24.3375,92.6815,0,3490040000,0,42172400,16777200,276972000,272990000,0,130354000,0,89.4638,0,27.49,7.09146,0,53.399,32,100,1024,4096,0,0,64
nbody_kernel,1148,16384,64,64,1,8,0,0,0,0,1,0.00200179,162,77,1.18774,593168,16407,10.8004,8389630,0.000649518,0,0,0,0,30.6695,94.1103,0,3489890000,0,151142000,33554400,268501000,277037000,0,132011000,0,73.5949,0,22.6154,5.65557,0,44.488,32,100,1024,0,0,0,60
nbody_kernel,1015,16384,64,64,1,8,0,0,1,0,1,0.000218205,0,23,2.46036,1108090,16407,0.191654,132096,25.0994,16777200,524288,0,0,24.843,92.8127,0,3489890000,0,88227800,33554400,289473000,285409000,0,135681000,0,84.6925,0,26.0256,7.01671,0,52.6196,32,100,1024,1024,0,0,58
nbody_kernel,1460,16384,64,64,1,8,0,1,0,0,1,0.000243795,0,37,1.01888,654206,16407,36.5565,33558000,0.000509308,0,0,0,0,28.9872,87.5863,0,3489890000,0,71532500,33554400,1073890000,272859000,0,173829000,0,61.9336,0,19.0543,19.0572,0,49.3563,32,100,1024,0,0,0,64
nbody_kernel,1262,16384,64,64,1,8,0,1,0,0,2,0.000295968,16,23,1.2355,688868,16407,19.7214,16780800,0.000588618,0,0,0,0,28.648,92.5538,0,3489940000,0,35881000,16777200,537018000,270828000,0,145652000,0,67.7373,0,20.8396,10.423,0,45.2312,32,100,1024,0,0,0,64
nbody_kernel,1262,16384,64,64,1,8,0,1,0,0,4,0.000174224,0,23,1.19619,666248,16407,9.95474,8392190,0.00117591,0,0,0,0,29.4614,92.1386,0,3490040000,0,18071600,8388610,268583000,269894000,0,131569000,0,67.9681,0,20.9099,5.23099,0,40.996,32,100,1024,0,0,0,64
nbody_kernel,1015,16384,64,64,1,8,0,1,1,0,1,0.000180524,0,19,2.55578,1150400,16407,0.765565,527872,25.1655,16777200,524288,0,0,24.7485,93.0084,0,3489890000,0,100893000,33554400,302137000,285442000,0,136473000,0,85.044,0,26.0393,7.32751,0,52.9551,32,100,1024,1024,0,0,58
nbody_kernel,982,16384,64,64,1,8,0,1,1,0,2,0.00022621,0,23,2.61587,1139120,16407,0.398175,265728,25.8812,16777200,524288,0,0,24.2839,92.8204,0,3489940000,0,50561000,16777200,285360000,277119000,0,131168000,0,87.7612,0,26.9353,7.15879,0,52.6481,32,100,1024,2048,0,0,64
nbody_kernel,959,16384,64,64,1,8,0,1,1,0,4,0.000231353,0,23,2.93055,1250980,16407,0.206501,134656,26.4944,16778100,552972,0,0,24.098,92.8845,0,3490040000,0,25395200,8388610,276972000,272990000,0,128519000,0,89.69,0,27.5595,7.1094,0,52.78,32,100,1024,4096,0,0,64
nbody_kernel,1147,16384,64,64,1,8,1,0,0,0,1,0.00012553,0,15,1.184,594492,16407,10.8016,8389630,0.000649705,0,0,0,0,30.6788,94.1022,0,3489890000,0,151142000,33554400,268501000,277037000,0,132011000,0,73.6225,0,22.6239,5.65769,0,44.5047,32,100,1024,0,0,0,60
nbody_kernel,1014,16384,64,64,1,8,1,0,1,0,1,0.00021829,0,23,2.46202,1110820,16407,0.191658,132096,25.1185,16777200,524288,0,0,24.842,92.8771,0,3489890000,0,88227800,33554400,289473000,285409000,0,135681000,0,84.6981,0,26.0273,7.01717,0,52.6231,32,100,1024,1024,0,0,58
nbody_kernel,1461,16384,64,64,1,8,1,1,0,0,1,0.000177536,0,27,1.02551,654076,16407,36.5973,33558000,0.000510475,0,0,0,0,28.9967,87.7528,0,3489890000,0,71532500,33554400,1073890000,272859000,0,173829000,0,61.9578,0,19.0618,19.0647,0,49.3756,32,100,1024,0,0,0,64
nbody_kernel,1264,16384,64,64,1,8,1,1,0,0,2,0.000840754,8,103,1.23298,687708,16407,19.7304,16780800,0.00058642,0,0,0,0,28.659,92.2314,0,3489940000,0,35881000,16777200,537018000,270828000,0,145652000,0,67.7203,0,20.8344,10.4204,0,45.2198,32,100,1024,0,0,0,64
nbody_kernel,1262,16384,64,64,1,8,1,1,0,0,4,0.000174746,0,23,1.19519,664996,16407,9.95346,8392190,0.00117569,0,0,0,0,29.451,92.1739,0,3490040000,0,18071600,8388610,268583000,269894000,0,131569000,0,67.9294,0,20.898,5.22801,0,40.9726,32,100,1024,0,0,0,64
nbody_kernel,1013,16384,64,64,1,8,1,1,1,0,1,0.000181066,0,19,2.55233,1149270,16407,0.765624,527872,25.152,16777200,524288,0,0,24.7527,92.9513,0,3489890000,0,100893000,33554400,302137000,285442000,0,136473000,0,85.0507,0,26.0413,7.32809,0,52.9593,32,100,1024,1024,0,0,58
nbody_kernel,982,16384,64,64,1,8,1,1,1,0,2,0.000245855,0,25,2.61679,1137610,16407,0.398127,265728,25.8914,16777200,524288,0,0,24.2844,92.858,0,3489940000,0,50561000,16777200,285360000,277119000,0,131168000,0,87.7603,0,26.935,7.15872,0,52.6476,32,100,1024,2048,0,0,64
nbody_kernel,960,16384,64,64,1,8,1,1,1,0,4,0.00035196,0,35,2.93336,1250700,16455,0.206553,134656,26.4979,16778200,552705,0,0,24.093,92.8922,0,3490040000,0,25395200,8388610,276972000,272990000,0,128519000,0,89.6956,0,27.5613,7.10984,0,52.7832,32,100,1024,4096,0,0,64
nbody_kernel,1173,16384,64,64,1,16,0,0,0,0,1,0.000253096,0,31,1.3362,690676,16407,10.6775,8389630,0.000633978,0,0,0,0,29.2735,92.3516,0,3489890000,0,75644900,16793600,268501000,289571000,0,129520000,0,73.4658,0,22.4947,5.62539,0,43.4155,32,100,1024,0,0,0,64
nbody_kernel,1001,16384,64,64,1,16,0,0,1,0,1,0.000221301,0,23,2.44381,1083450,16407,0.19463,132096,25.4816,16777200,524288,0,0,24.3829,92.8828,0,3489890000,0,54673400,16777200,289473000,285442000,0,132012000,0,85.9174,0,26.402,7.11819,0,51.9372,32,100,1024,1024,0,0,64
nbody_kernel,1439,16384,64,64,1,16,0,1,0,0,1,0.000179984,0,27,1.61428,1036430,16407,35.2885,33558000,0.00103069,0,0,0,0,28.4511,90.4012,0,3489890000,0,126075000,16793600,1073890000,289636000,0,156266000,0,61.8841,0,18.6799,18.683,0,43.4976,32,100,1024,0,0,0,64
nbody_kernel,1308,16384,64,64,1,16,0,1,0,0,2,0.000138747,0,19,1.26876,732188,16407,19.5508,16780800,0.00113529,0,0,0,0,28.1875,89.7018,0,3489940000,0,63160300,8404990,537018000,279200000,0,136870000,0,68.0487,0,20.736,10.3715,0,42.2924,32,100,1024,0,0,0,64
nbody_kernel,1191,16384,64,64,1,16,0,1,0,0,4,0.000443278,32,23,1.14073,594560,16407,10.4105,8392190,0.0012494,0,0,0,0,30.7073,93.8934,0,3490040000,0,31703000,4210690,268583000,274022000,0,127176000,0,71.2071,0,21.8016,5.45405,0,41.3164,32,100,896,0,0,0,69
nbody_kernel,991,16384,64,64,1,16,0,1,1,0,1,0.000185033,0,19,2.63698,1160080,16407,0.783297,527872,25.7242,16777200,524288,0,0,24.5616,92.8766,0,3489890000,0,67338200,16777200,302137000,285426000,0,132803000,0,87.0555,0,26.6552,7.50083,0,52.7498,32,100,1024,1024,0,0,62
nbody_kernel,975,16384,64,64,1,16,0,1,1,0,2,0.000227966,0,23,2.54073,1097340,16407,0.401389,265728,26.088,16777200,524288,0,0,23.9671,92.8384,0,3489940000,0,33800200,8388610,285360000,277152000,0,129335000,0,88.4432,0,27.1445,7.2148,0,52.3154,32,100,1024,2048,0,0,64
nbody_kernel,975,16384,64,64,1,16,0,1,1,0,4,0.000207432,0,21,2.82529,1228460,16407,0.203731,134656,26.0055,16778000,555950,0,0,24.1444,92.2685,0,3490040000,0,17023000,4194300,276972000,274055000,0,127635000,0,88.4417,0,27.1758,7.03696,0,51.6874,32,100,1024,4096,0,0,64
nbody_kernel,1171,16384,64,64,1,16,1,0,0,0,1,0.000743363,80,11,1.33592,690916,16431,10.6782,8389630,0.000633604,0,0,0,0,29.2898,92.2948,0,3489890000,0,75644900,16793600,268501000,289571000,0,129520000,0,73.4675,0,22.4952,5.62552,0,43.4165,32,100,1024,0,0,0,64
nbody_kernel,1001,16384,64,64,1,16,1,0,1,0,1,0.000259903,0,27,2.4458,1084170,16407,0.194661,132096,25.4667,16777200,524288,0,0,24.3841,92.8468,0,3489890000,0,54673400,16777200,289473000,285442000,0,132012000,0,85.9004,0,26.3968,7.11678,0,51.9269,32,100,1024,1024,0,0,64
nbody_kernel,1442,16384,64,64,1,16,1,1,0,0,1,0.000179022,0,27,1.61588,1035890,16407,35.2867,33558000,0.00102977,0,0,0,0,28.4525,90.2748,0,3489890000,0,126075000,16793600,1073890000,289636000,0,156266000,0,61.9156,0,18.6893,18.6925,0,43.5197,32,100,1024,0,0,0,64
nbody_kernel,1307,16384,64,64,1,16,1,1,0,0,2,0.00016825,0,23,1.26768,732488,16407,19.5448,16780800,0.00113726,0,0,0,0,28.1935,89.7962,0,3489940000,0,63160300,8404990,537018000,279200000,0,136870000,0,68.0955,0,20.7502,10.3786,0,42.3214,32,100,1024,0,0,0,64
nbody_kernel,1188,16384,64,64,1,16,1,1,0,0,4,0.000553475,0,69,1.14107,595248,16407,10.4157,8392190,0.00125013,0,0,0,0,30.7285,93.9735,0,3490040000,0,31703000,4210690,268583000,274022000,0,127176000,0,71.1878,0,21.7957,5.45257,0,41.3052,32,100,896,0,0,0,69
nbody_kernel,991,16384,64,64,1,16,1,1,1,0,1,0.000184983,0,19,2.63863,1160570,16407,0.783188,527872,25.7343,16777200,524288,0,0,24.561,92.8977,0,3489890000,0,67338200,16777200,302137000,285426000,0,132803000,0,87.07,0,26.6596,7.50208,0,52.7585,32,100,1024,1024,0,0,62
nbody_kernel,974,16384,64,64,1,16,1,1,1,0,2,0.000703454,48,23,2.53967,1095630,16407,0.40138,265728,26.095,16777200,524288,0,0,23.9734,92.8586,0,3489940000,0,33800200,8388610,285360000,277152000,0,129335000,0,88.4477,0,27.1459,7.21518,0,52.3181,32,100,1024,2048,0,0,64
nbody_kernel,974,16384,64,64,1,16,1,1,1,0,4,0.00076852,0,78,2.82431,1227090,16455,0.203744,134656,25.9906,16778100,555801,0,0,24.1437,92.2231,0,3490040000,0,17023000,4194300,276972000,274055000,0,127635000,0,88.4347,0,27.1737,7.0364,0,51.6833,32,100,1024,4096,0,0,64
nbody_kernel,1226,16384,64,64,1,32,0,0,0,0,1,0.000117178,0,15,1.31366,712040,16407,10.154,8389630,0.00120954,0,0,0,0,28.0673,91.3722,0,3489890000,0,42106900,8404990,268501000,281231000,0,127949000,0,70.6632,0,21.6884,5.42408,0,41.3516,32,100,1024,0,0,0,64
nbody_kernel,982,16384,64,64,1,32,0,0,1,0,1,0.000618342,16,47,2.50287,1086660,16407,0.198459,132096,26.2104,16777200,524288,0,0,24.2826,92.8476,0,3489890000,0,37912600,8388610,289473000,289653000,0,130309000,0,87.7488,0,26.9647,7.37522,0,52.3598,32,100,1024,1024,0,0,61
nbody_kernel,1365,16384,64,64,1,32,0,1,0,0,1,0.000971791,108,31,1.74622,1067900,16407,37.1424,33558000,0.0010859,0,0,0,0,28.4081,90.7216,0,3489890000,0,67354600,8404990,1073890000,281231000,0,153906000,0,64.3559,0,19.611,19.6142,0,44.9761,32,100,1024,0,0,0,64
nbody_kernel,1275,16384,64,64,1,32,0,1,0,0,2,0.000151203,1,19,1.5083,850008,16407,20.1037,16780800,0.00116655,0,0,0,0,28.2396,89.4445,0,3489940000,0,33800200,4210690,537018000,274989000,0,135690000,0,69.7902,0,21.3684,10.6878,0,43.2064,32,100,1024,0,0,0,64
nbody_kernel,1176,16384,64,64,1,32,0,1,0,0,4,0.00018751,0,23,1.08549,560024,16407,10.6229,8392190,0.00125999,0,0,0,0,31.2558,93.1095,0,3490040000,0,17023000,2113540,268583000,271925000,0,126586000,0,72.2415,0,22.1713,5.54655,0,41.8223,32,100,896,0,0,0,69
nbody_kernel,977,16384,64,64,1,32,0,1,1,0,1,0.000187881,0,19,2.64559,1139760,16407,0.797037,527872,26.3253,16777200,524288,0,0,24.1062,92.6621,0,3489890000,0,50577400,8388610,302137000,289669000,0,131101000,0,88.6299,0,27.1371,7.74245,0,53.0153,32,100,1024,1024,0,0,64
nbody_kernel,980,16384,64,64,1,32,0,1,1,0,2,0.000225511,0,23,2.49902,1086900,16407,0.399641,265728,25.9693,16777200,524288,0,0,24.0577,92.4789,0,3489940000,0,25411600,4194300,285360000,279233000,0,128482000,0,88.0535,0,27.0249,7.23539,0,51.7417,32,100,1024,2048,0,0,64
nbody_kernel,979,16384,64,64,1,32,0,1,1,0,4,0.000186991,0,19,2.82439,1224560,16407,0.203285,134656,25.9876,16778000,554287,0,0,24.4198,92.7647,0,3490040000,0,12828700,2097150,276972000,274055000,0,127177000,0,87.9164,0,27.0144,6.99516,0,51.1957,32,100,1024,4096,0,0,64
nbody_kernel,1226,16384,64,64,1,32,1,0,0,0,1,0.000117187,0,15,1.31421,712776,16407,10.1515,8389630,0.00121105,0,0,0,0,28.0675,91.5226,0,3489890000,0,42106900,8404990,268501000,281231000,0,127949000,0,70.6353,0,21.6798,5.42193,0,41.3352,32,100,1024,0,0,0,64
nbody_kernel,982,16384,64,64,1,32,1,0,1,0,1,0.00144193,64,83,2.50386,1089930,16495,0.198485,132096,26.1863,16777200,524288,0,0,24.2832,92.7617,0,3489890000,0,37912600,8388610,289473000,289653000,0,130309000,0,87.7494,0,26.9649,7.37527,0,52.3602,32,100,1024,1024,0,0,61
nbody_kernel,1367,16384,64,64,1,32,1,1,0,0,1,0.000189351,0,27,1.7504,1064920,16407,37.1711,33558000,0.00108886,0,0,0,0,28.4105,90.9369,0,3489890000,0,67354600,8404990,1073890000,281231000,0,153906000,0,64.3786,0,19.6179,19.6212,0,44.992,32,100,1024,0,0,0,64
nbody_kernel,1274,16384,64,64,1,32,1,1,0,0,2,0.000173283,0,23,1.50021,851524,16407,20.0702,16780800,0.00116144,0,0,0,0,28.2113,89.1726,0,3489940000,0,33800200,4210690,537018000,274989000,0,135690000,0,69.6959,0,21.3395,10.6733,0,43.1481,32,100,1024,0,0,0,64
nbody_kernel,1173,16384,64,64,1,32,1,1,0,0,4,0.000433383,0,53,1.09403,560712,16407,10.6309,8392190,0.00126963,0,0,0,0,31.2716,93.7769,0,3490040000,0,17023000,2113540,268583000,271925000,0,126586000,0,72.2764,0,22.182,5.54923,0,41.8425,32,100,896,0,0,0,69
nbody_kernel,977,16384,64,64,1,32,1,1,1,0,1,0.00180012,64,118,2.63792,1143950,16407,0.795654,527872,26.3369,16777200,524288,0,0,24.1254,92.6877,0,3489890000,0,50577400,8388610,302137000,289669000,0,131101000,0,88.6445,0,27.1416,7.74372,0,53.024,32,100,1024,1024,0,0,64
nbody_kernel,979,16384,64,64,1,32,1,1,1,0,2,0.000225676,0,23,2.48989,1085000,16407,0.399594,265728,25.9366,16777200,524288,0,0,24.0733,92.3921,0,3489940000,0,25411600,4194300,285360000,279233000,0,128482000,0,88.0251,0,27.0162,7.23306,0,51.725,32,100,1024,2048,0,0,64
nbody_kernel,976,16384,64,64,1,32,1,1,1,0,4,0.000225874,0,23,2.80061,1222220,16407,0.203406,134656,25.9709,16778000,554219,0,0,24.3406,92.7136,0,3490040000,0,12828700,2097150,276972000,274055000,0,127177000,0,87.9088,0,27.0121,6.99455,0,51.1913,32,100,1024,4096,0,0,64
nbody_kernel,1433,8192,64,64,2,0,0,0,0,0,1,0.000421567,0,63,0.94228,581732,24915,4.49828,4195330,0.00025918,0,0,0,0,15.1608,84.8268,0,3489870000,0,75604000,16777200,134283000,272769000,0,124732000,0,65.1218,0,20.0239,2.50436,0,37.218,32,100,1024,0,0,0,64
nbody_kernel,1267,8192,64,64,2,0,0,0,1,0,1,0.000143885,0,19,1.18769,644300,32603,0.0848563,66560,10.0084,8388610,262144,0,0,13.1464,72.799,0,3489870000,0,10592300,2097150,144769000,272769000,0,122504000,0,86.0587,0,26.4616,3.56794,0,48.3049,32,100,1024,1024,0,0,63
nbody_kernel,1636,8192,64,64,2,0,0,1,0,0,1,0.000435719,56,19,0.604795,412956,32227,15.1511,16780800,0.00022535,0,0,0,0,16.479,93.4209,0,3489870000,0,136462000,67108900,537018000,270672000,0,178672000,0,51.3826,0,15.8086,7.90661,0,42.0897,32,100,1024,0,0,0,46
nbody_kernel,1697,8192,64,64,2,0,0,1,0,0,2,0.000362125,1,63,0.795279,573932,31943,7.58603,8392190,0.000436933,0,0,0,0,15.1572,84.9362,0,3489920000,0,371360000,16785400,268583000,286433000,0,138567000,0,59.0041,0,16.8567,4.21674,0,34.8062,32,100,1024,0,0,0,64
nbody_kernel,1625,8192,64,64,2,0,0,1,0,0,4,0.000146889,0,25,0.811786,568688,24995,3.96159,4197890,0.000455651,0,0,0,0,15.2088,84.9717,0,3490020000,0,236093000,33562600,134365000,302727000,0,131166000,0,59.3114,0,17.5715,2.19912,0,34.3443,32,100,896,0,0,0,72
nbody_kernel,1274,8192,64,64,2,0,0,1,1,0,1,0.000143185,0,19,1.17789,642016,32695,0.337588,265728,9.94929,8388610,262144,0,0,13.0834,72.3758,0,3489870000,0,16924700,2097150,151142000,272785000,0,122901000,0,86.2063,0,26.459,3.72464,0,48.457,32,100,1024,1024,0,0,64
nbody_kernel,1312,8192,64,64,2,0,0,1,1,0,2,0.000653109,64,25,1.28102,724172,32655,0.164444,134656,9.62288,8388610,262144,0,0,13.5543,74.286,0,3489920000,0,159531000,16777200,276972000,272826000,0,131784000,0,81.444,0,25.027,6.45591,0,49.1473,32,100,1024,2048,0,0,64
nbody_kernel,1371,8192,64,64,2,0,0,1,1,0,4,0.00013197,0,19,1.51949,908176,32259,0.0796223,69120,9.18756,8388610,262144,0,0,14.8208,78.1671,0,3490020000,0,105021000,33554400,138559000,270836000,0,126204000,0,73.9941,0,22.7507,2.93618,0,42.7852,32,100,896,4096,0,0,72
nbody_kernel,4659,8192,64,64,2,0,1,0,0,0,1,0.00619484,0,3042,47.3116,414080,100717000,1.32477,4195330,7.93731E-05,0,0,201336000,100684000,17.4028,98.1476,0,3489870000,0,1885990000,268460000,2550530000,539132000,0,277198000,0,19.225,0,5.29997,12.5894,0,21.892,32,100,1024,0,80,0,29
nbody_kernel,5480,8192,64,64,2,0,1,0,1,0,1,0.00477637,0,2537,40.1269,405256,100246000,0.0235965,66560,4.51267,16777200,262144,201350000,100684000,17.1898,72.8893,0,3489870000,0,1760160000,268460000,2963670000,407020000,0,282048000,0,21.2917,0,6.07244,16.7608,0,25.5216,32,100,1024,1024,80,0,30
nbody_kernel,4222,8192,64,64,2,0,1,1,0,0,1,0.00565214,0,3045,52.4441,526862,100717000,5.84715,16780800,8.80013E-05,0,0,201252000,100683000,17.3255,98.1162,0,3489870000,0,2420930000,268460000,2953270000,404849000,0,302304000,0,24.9838,0,5.87798,16.1671,0,26.4786,32,100,1024,0,80,0,28
nbody_kernel,4455,8192,64,64,2,0,1,1,0,0,2,0.0200304,342,7908,49.6383,657355,100715000,3.72673,8392190,8.3231E-05,0,0,150915000,100732000,17.2116,72.1063,0,3489920000,0,1143720000,134242000,1476870000,403849000,0,209900000,0,27.8978,0,7.5647,10.4049,0,23.6607,32,100,1024,0,112,0,40
nbody_kernel,3559,8192,64,64,2,0,1,1,0,0,4,1.19021,200,457642,63.4716,3113940,100735000,1.96835,4197890,0.000103703,0,0,125805000,99819400,16.417,81.9225,0,3490020000,0,505029000,67133400,738673000,403431000,0,163700000,0,28.0019,0,8.29597,5.70722,0,20.2367,32,100,1024,0,160,0,63
nbody_kernel,5474,8192,64,64,2,0,1,1,1,0,1,0.00468034,0,2478,40.2844,440816,100290000,0.0940158,265728,4.52797,16777200,262144,201350000,100684000,17.1776,73.0432,0,3489870000,0,1764520000,268460000,2970040000,409051000,0,282447000,0,22.1143,0,6.08018,16.8182,0,25.5903,32,100,1024,1024,80,0,30
nbody_kernel,3989,8192,64,64,2,0,1,1,1,0,2,0.0201331,562,9230,55.6122,748884,100723000,0.0618594,134656,3.15243,8388610,262144,151029000,100690000,16.6344,74.365,0,3489920000,0,883671000,134242000,1485260000,337789000,0,199971000,0,27.6927,0,8.19008,11.329,0,24.405,32,100,1024,2048,112,0,41
nbody_kernel,3322,8192,64,64,2,0,1,1,1,0,4,0.0703699,130,24887,68.1761,2958060,100735000,0.0337266,69120,3.78108,8388610,262144,125687000,101107000,16.3992,83.5056,0,3490020000,0,373957000,67133400,742867000,371433000,0,158735000,0,28.5052,0,8.76459,6.06384,0,20.7314,32,100,1024,4096,160,0,64
nbody_kernel,1434,8192,64,64,2,0,2,0,0,0,1,0.00015259,0,23,0.943457,581852,25583,4.49946,4195330,0.000259211,0,0,0,0,15.1614,84.8366,0,3489870000,0,75604000,16777200,134283000,272769000,0,124732000,0,65.122,0,20.024,2.50437,0,37.2181,32,100,1024,0,0,0,64
nbody_kernel,1269,8192,64,64,2,0,2,0,1,0,1,0.00012821,0,17,1.18902,643904,32591,0.084874,66560,10.0197,8388610,262144,0,0,13.1503,72.9358,0,3489870000,0,10592300,2097150,144769000,272769000,0,122504000,0,85.9938,0,26.4417,3.56525,0,48.2685,32,100,1024,1024,0,0,63
nbody_kernel,1635,8192,64,64,2,0,2,1,0,0,1,0.000532557,0,92,0.604177,412536,32023,15.145,16780800,0.000224915,0,0,0,0,16.4832,93.2802,0,3489870000,0,136462000,67108900,537018000,270672000,0,178672000,0,51.3606,0,15.8019,7.90322,0,42.0716,32,100,1024,0,0,0,46
nbody_kernel,1702,8192,64,64,2,0,2,1,0,0,2,0.000195329,16,19,0.795538,573952,32215,7.58478,8392190,0.00043712,0,0,0,0,15.1537,84.983,0,3489920000,0,371360000,16785400,268583000,286433000,0,138567000,0,58.9969,0,16.8546,4.21622,0,34.802,32,100,1024,0,0,0,64
nbody_kernel,1629,8192,64,64,2,0,2,1,0,0,4,0.000111231,0,19,0.80938,568944,23387,3.96186,4197890,0.000455193,0,0,0,0,15.2095,84.9033,0,3490020000,0,236093000,33562600,134365000,302727000,0,131166000,0,59.2995,0,17.568,2.19867,0,34.3374,32,100,896,0,0,0,72
nbody_kernel,1275,8192,64,64,2,0,2,1,1,0,1,0.000142594,0,19,1.17848,642088,32695,0.337705,265728,9.95143,8388610,262144,0,0,13.0792,72.4182,0,3489870000,0,16924700,2097150,151142000,272785000,0,122901000,0,86.1744,0,26.4493,3.72326,0,48.4391,32,100,1024,1024,0,0,64
nbody_kernel,1312,8192,64,64,2,0,2,1,1,0,2,0.000181403,0,25,1.28394,723144,32579,0.164639,134656,9.621,8388610,262144,0,0,13.5487,74.2653,0,3489920000,0,159531000,16777200,276972000,272826000,0,131784000,0,81.4508,0,25.0291,6.45644,0,49.1514,32,100,1024,2048,0,0,64
nbody_kernel,1370,8192,64,64,2,0,2,1,1,0,4,0.000132013,0,19,1.51882,907536,32311,0.0796184,69120,9.18667,8388610,262144,0,0,14.8206,78.1614,0,3490020000,0,105021000,33554400,138559000,270836000,0,126204000,0,73.9924,0,22.7502,2.93611,0,42.7842,32,100,896,4096,0,0,72
nbody_kernel,2525,8192,64,64,2,1,0,0,0,0,1,6.02671E-05,0,16,0.379212,394040,32791,2.45838,4195330,0.000146153,0,0,0,0,17.3986,97.3662,0,3489870000,0,545366000,134218000,134283000,545399000,0,151602000,0,31.9933,0,9.8374,1.23035,0,22.2234,32,100,1024,0,0,0,42
nbody_kernel,1436,8192,64,64,2,1,0,0,1,0,1,0.000179451,0,27,0.763992,458536,32507,0.0699904,66560,17.3105,16777200,262144,0,0,16.2938,90.3638,0,3489870000,0,279028000,134218000,547422000,276963000,0,164840000,0,61.1062,0,18.7892,9.57936,0,46.1524,32,100,1024,1024,0,0,41
nbody_kernel,1525,8192,64,64,2,1,0,1,0,0,1,0.000305283,0,49,0.611839,389348,26419,16.1168,16780800,0.000243823,0,0,0,0,17.2932,98.627,0,3489870000,0,270680000,134218000,537018000,270688000,0,181294000,0,52.6601,0,16.2017,8.10318,0,43.7691,32,100,1024,0,0,0,36
nbody_kernel,1750,8192,64,64,2,1,0,1,0,0,2,0.000119653,1,21,0.72388,537896,31551,7.28783,8392190,0.000422939,0,0,0,0,15.546,87.175,0,3489920000,0,472023000,67117100,268583000,336749000,0,144858000,0,55.6476,0,15.8978,3.97686,0,34.3165,32,100,1024,0,0,0,56
nbody_kernel,1629,8192,64,64,2,1,0,1,0,0,4,0.000110654,0,19,0.809076,568712,23319,3.9625,4197890,0.000455311,0,0,0,0,15.2091,84.9128,0,3490020000,0,236093000,33562600,134365000,302727000,0,131166000,0,59.3082,0,17.5705,2.199,0,34.3425,32,100,896,0,0,0,72
nbody_kernel,1445,8192,64,64,2,1,0,1,1,0,1,0.000125372,0,19,0.988328,609296,32547,0.278189,265728,17.1604,16777200,262144,0,0,16.2826,89.6624,0,3489870000,0,285360000,134218000,553796000,276980000,0,165238000,0,61.1611,0,18.772,9.68203,0,46.2215,32,100,1024,1024,0,0,42
nbody_kernel,1510,8192,64,64,2,1,0,1,1,0,2,0.000120335,0,19,1.00062,648044,32791,0.139899,134656,8.34003,8388610,262144,0,0,14.2962,79.1709,0,3489920000,0,209863000,67108900,276972000,272859000,0,134931000,0,66.2313,0,20.3523,5.25002,0,40.9215,32,100,1024,2048,0,0,56
nbody_kernel,1370,8192,64,64,2,1,0,1,1,0,4,0.000131909,0,19,1.51856,908552,32419,0.0796145,69120,9.184,8388610,262144,0,0,14.8203,78.1369,0,3490020000,0,105021000,33554400,138559000,270836000,0,126204000,0,73.9941,0,22.7507,2.93618,0,42.7852,32,100,896,4096,0,0,72
nbody_kernel,4729,8192,64,64,2,1,1,0,0,0,1,0.00661897,284,3031,46.5895,412585,100717000,1.30008,4195330,7.81824E-05,0,0,201336000,100684000,17.3846,98.6027,0,3489870000,0,1885990000,268460000,2550530000,539132000,0,277198000,0,18.8492,0,5.19637,12.3433,0,21.4641,32,100,1024,0,80,0,29
nbody_kernel,5357,8192,64,64,2,1,1,0,1,0,1,0.00523392,0,2561,41.409,404620,100595000,0.0230459,66560,4.65092,16777200,262144,201350000,100684000,17.1899,76.9396,0,3489870000,0,1760160000,268460000,2963670000,407020000,0,282048000,0,20.7887,0,5.92901,16.3649,0,24.9188,32,100,1024,1024,80,0,30
nbody_kernel,4337,8192,64,64,2,1,1,1,0,0,1,0.0061187,0,3142,50.9856,530867,100717000,5.68083,16780800,8.55675E-05,0,0,201249000,100683000,17.2966,98.1486,0,3489870000,0,2420930000,268460000,2953270000,404849000,0,302304000,0,24.2848,0,5.71353,15.7148,0,25.7378,32,100,1024,0,80,0,28
nbody_kernel,4458,8192,64,64,2,1,1,1,0,0,2,0.0196501,60,8089,49.6231,665834,100718000,3.71119,8392190,8.31168E-05,0,0,150924000,100733000,17.1772,72.1961,0,3489920000,0,1143720000,134242000,1476870000,403849000,0,209900000,0,27.8248,0,7.54492,10.3777,0,23.5988,32,100,1024,0,112,0,40
nbody_kernel,3575,8192,64,64,2,1,1,1,0,0,4,1.19954,30,460051,63.371,3107720,100735000,1.96329,4197890,0.000103535,0,0,125795000,99814500,16.4347,82.0234,0,3490020000,0,505029000,67133400,738673000,403431000,0,163700000,0,27.9223,0,8.27239,5.69099,0,20.1792,32,100,1024,0,160,0,63
nbody_kernel,5356,8192,64,64,2,1,1,1,1,0,1,0.00507952,0,2490,41.3554,436516,100590000,0.0918538,265728,4.63656,16777200,262144,201350000,100684000,17.183,76.7738,0,3489870000,0,1764520000,268460000,2970040000,409051000,0,282447000,0,21.5443,0,5.92347,16.3848,0,24.9307,32,100,1024,1024,80,0,30
nbody_kernel,3966,8192,64,64,2,1,1,1,1,0,2,0.0191775,36,9161,56.0622,738756,100723000,0.0620186,134656,3.18176,8388610,262144,151030000,100690000,16.721,75.1802,0,3489920000,0,883671000,134242000,1485260000,337789000,0,199971000,0,27.6473,0,8.17666,11.3105,0,24.365,32,100,1024,2048,112,0,41
nbody_kernel,3329,8192,64,64,2,1,1,1,1,0,4,0.0718514,474,24954,67.911,2954260,100735000,0.0336834,69120,3.76369,8388610,262144,125691000,101105000,16.4255,83.3668,0,3490020000,0,373957000,67133400,742867000,371433000,0,158735000,0,28.4214,0,8.73881,6.046,0,20.6705,32,100,1024,4096,160,0,64
nbody_kernel,2538,8192,64,64,2,1,2,0,0,0,1,0.000610112,136,27,0.379753,391488,32791,2.45723,4195330,0.000146021,0,0,0,0,17.3986,97.3053,0,3489870000,0,545366000,134218000,134283000,545399000,0,151602000,0,31.9842,0,9.83462,1.23,0,22.2171,32,100,1024,0,0,0,42
nbody_kernel,1436,8192,64,64,2,1,2,0,1,0,1,0.00029938,20,25,0.765358,459052,32691,0.0699824,66560,17.2602,16777200,262144,0,0,16.2924,90.0971,0,3489870000,0,279028000,134218000,547422000,276963000,0,164840000,0,61.109,0,18.79,9.5798,0,46.1545,32,100,1024,1024,0,0,41
nbody_kernel,1523,8192,64,64,2,1,2,1,0,0,1,0.000399827,0,64,0.611613,389336,26255,16.107,16780800,0.000243802,0,0,0,0,17.2944,98.6297,0,3489870000,0,270680000,134218000,537018000,270688000,0,181294000,0,52.6541,0,16.1998,8.10226,0,43.7641,32,100,1024,0,0,0,36
nbody_kernel,1748,8192,64,64,2,1,2,1,0,0,2,0.000119055,1,21,0.723691,538072,31527,7.2874,8392190,0.000422877,0,0,0,0,15.5449,87.1537,0,3489920000,0,472023000,67117100,268583000,336749000,0,144858000,0,55.6531,0,15.8993,3.97726,0,34.3199,32,100,1024,0,0,0,56
nbody_kernel,1629,8192,64,64,2,1,2,1,0,0,4,0.000321931,26,29,0.810563,568664,24423,3.96236,4197890,0.000454918,0,0,0,0,15.2109,84.8509,0,3490020000,0,236093000,33562600,134365000,302727000,0,131166000,0,59.3002,0,17.5682,2.1987,0,34.3378,32,100,896,0,0,0,72
nbody_kernel,1462,8192,64,64,2,1,2,1,1,0,1,0.000467499,34,37,0.990345,609720,32359,0.278165,265728,17.1982,16777200,262144,0,0,16.2815,89.8502,0,3489870000,0,285360000,134218000,553796000,276980000,0,165238000,0,61.1675,0,18.774,9.68305,0,46.2263,32,100,1024,1024,0,0,42
nbody_kernel,1509,8192,64,64,2,1,2,1,1,0,2,0.00130773,48,159,1.00239,648976,32847,0.139901,134656,8.33083,8388610,262144,0,0,14.2968,79.0835,0,3489920000,0,209863000,67108900,276972000,272859000,0,134931000,0,66.2314,0,20.3523,5.25003,0,40.9215,32,100,1024,2048,0,0,56
nbody_kernel,1370,8192,64,64,2,1,2,1,1,0,4,0.000132243,0,19,1.51917,907980,32455,0.0796237,69120,9.1869,8388610,262144,0,0,14.8216,78.1553,0,3490020000,0,105021000,33554400,138559000,270836000,0,126204000,0,73.9999,0,22.7525,2.93641,0,42.7886,32,100,896,4096,0,0,72
nbody_kernel,2045,8192,64,64,2,2,0,0,0,0,1,0.000714267,124,30,0.465875,391528,32459,3.05653,4195330,0.000180747,0,0,0,0,17.4001,96.8852,0,3489870000,0,276931000,67108900,134283000,341983000,0,134759000,0,39.7622,0,12.2262,1.52912,0,24.5514,32,100,1024,0,0,0,52
nbody_kernel,1414,8192,64,64,2,2,0,0,1,0,1,0.000127701,0,19,1.02141,618116,32599,0.074011,66560,8.9356,8388610,262144,0,0,14.2681,78.7686,0,3489870000,0,144810000,67108900,278987000,276963000,0,141771000,0,71.0107,0,21.8346,5.67339,0,46.1274,32,100,1024,1024,0,0,50
nbody_kernel,1638,8192,64,64,2,2,0,1,0,0,1,0.000607423,78,27,0.605033,412592,31959,15.1545,16780800,0.000225376,0,0,0,0,16.4802,93.4866,0,3489870000,0,136462000,67108900,537018000,270672000,0,178672000,0,51.3522,0,15.7993,7.90193,0,42.0647,32,100,1024,0,0,0,46
nbody_kernel,1615,8192,64,64,2,2,0,1,0,0,2,8.21368E-05,0,14,0.822934,569716,30355,7.98284,8392190,0.000457111,0,0,0,0,15.1257,84.2864,0,3489920000,0,237142000,33562600,268583000,303202000,0,135421000,0,59.9835,0,17.7711,4.44548,0,35.8612,32,100,1024,0,0,0,62
nbody_kernel,1490,8192,64,64,2,2,0,1,0,0,4,0.000319274,36,14,0.902455,579800,24899,4.35692,4197890,0.000498575,0,0,0,0,15.0051,83.7026,0,3490020000,0,118653000,16785400,134365000,285950000,0,126447000,0,64.6628,0,19.5183,2.44276,0,36.777,32,100,768,0,0,0,80
nbody_kernel,1449,8192,64,64,2,2,0,1,1,0,1,0.00083585,56,71,0.980286,605088,32911,0.287277,265728,8.71186,8388610,262144,0,0,14.3074,79.5266,0,3489870000,0,151142000,67108900,285360000,276963000,0,142168000,0,68.6971,0,21.085,5.60376,0,44.6686,32,100,1024,1024,0,0,49
nbody_kernel,1335,8192,64,64,2,2,0,1,1,0,2,0.00013575,0,19,1.34004,774032,32579,0.160895,134656,9.4555,8388610,262144,0,0,13.9617,75.8082,0,3489920000,0,109199000,33554400,142754000,272835000,0,126542000,0,78.4204,0,24.0979,3.204,0,45.44,32,100,1024,2048,0,0,64
nbody_kernel,1296,8192,64,64,2,2,0,1,1,0,4,0.000139864,0,19,1.5304,862932,32715,0.085393,69120,9.71419,8388610,262144,0,0,13.7351,74.524,0,3490020000,0,54689800,16777200,138559000,270885000,0,124109000,0,82.06,0,25.2307,3.25624,0,46.6615,32,100,768,4096,0,0,80
nbody_kernel,4542,8192,64,64,2,2,1,0,0,0,1,0.00589702,0,2841,48.4703,412454,100717000,1.35628,4195330,8.13469E-05,0,0,201336000,100684000,17.4011,98.2867,0,3489870000,0,1483270000,201351000,2550530000,472089000,0,260421000,0,20.0138,0,5.42408,12.8842,0,21.0486,32,100,1024,0,80,0,32
nbody_kernel,5454,8192,64,64,2,2,1,0,1,0,1,0.00455988,18,2500,40.0391,428872,99614100,0.0245087,66560,4.53101,16777200,262144,201350000,100684000,17.0812,69.678,0,3489870000,0,1420360000,201351000,2963670000,411271000,0,269465000,0,23.1479,0,6.37811,17.6045,0,25.6104,32,100,1024,1024,80,0,29
nbody_kernel,4742,8192,64,64,2,2,1,1,0,0,1,0.00660673,606,3066,47.3793,528220,100715000,6.02348,16780800,7.9547E-05,0,0,201247000,100683000,17.3239,86.1208,0,3489870000,0,1751900000,201351000,2953270000,402792000,0,279236000,0,23.8491,0,6.05336,16.6495,0,25.1877,32,100,1024,0,80,0,36
nbody_kernel,4447,8192,64,64,2,2,1,1,0,0,2,0.0189965,1,7884,49.7199,653786,100710000,3.74568,8392190,8.32858E-05,0,0,150921000,100730000,17.2572,71.9546,0,3489920000,0,808075000,100688000,1476870000,403948000,0,198366000,0,26.7889,0,7.58564,10.4337,0,22.4224,32,100,1024,0,112,0,48
nbody_kernel,3605,8192,64,64,2,2,1,1,0,0,4,1.13951,28,459159,62.3312,3252210,100735000,1.96355,4197890,0.000101773,0,0,125759000,100026000,16.417,80.7395,0,3490020000,0,387588000,50356200,738673000,353083000,0,157933000,0,27.8834,0,8.26086,5.68306,0,19.4411,32,100,1024,0,160,0,64
nbody_kernel,5459,8192,64,64,2,2,1,1,1,0,1,0.00454952,80,2420,40.0386,486072,99697700,0.0974409,265728,4.52497,16777200,262144,201350000,100684000,17.1001,69.8818,0,3489870000,0,1426840000,201351000,2970040000,411181000,0,269864000,0,23.4961,0,6.35103,17.5674,0,25.5395,32,100,1024,1024,80,0,31
nbody_kernel,4033,8192,64,64,2,2,1,1,1,0,2,0.0191881,0,9282,55.0469,805684,100723000,0.0614528,134656,3.1218,8388610,262144,151029000,100690000,16.4089,73.1504,0,3489920000,0,680149000,100688000,1485260000,373531000,0,193680000,0,28.1198,0,8.24517,11.4052,0,23.7962,32,100,1024,2048,112,0,42
nbody_kernel,3296,8192,64,64,2,2,1,1,1,0,4,0.0719331,134,24834,68.645,2894290,100735000,0.033957,69120,3.80626,8388610,262144,125705000,101066000,16.1892,82.4488,0,3490020000,0,323625000,50356200,742867000,337879000,0,155590000,0,29.6214,0,8.93606,6.18247,0,20.7181,32,100,1024,4096,160,0,64
nbody_kernel,2043,8192,64,64,2,2,2,0,0,0,1,0.000643572,0,139,0.465922,391508,32475,3.05733,4195330,0.000180768,0,0,0,0,17.3999,96.8153,0,3489870000,0,276931000,67108900,134283000,341983000,0,134759000,0,39.7957,0,12.2365,1.53041,0,24.5721,32,100,1024,0,0,0,52
nbody_kernel,1414,8192,64,64,2,2,2,0,1,0,1,0.000114759,0,17,1.02093,618332,32583,0.0740149,66560,8.93355,8388610,262144,0,0,14.2693,78.7555,0,3489870000,0,144810000,67108900,278987000,276963000,0,141771000,0,71.0062,0,21.8333,5.67303,0,46.1245,32,100,1024,1024,0,0,50
nbody_kernel,1638,8192,64,64,2,2,2,1,0,0,1,5.77318E-05,0,10,0.605581,412740,32407,15.1454,16780800,0.000225362,0,0,0,0,16.4798,93.4443,0,3489870000,0,136462000,67108900,537018000,270672000,0,178672000,0,51.3725,0,15.8055,7.90505,0,42.0813,32,100,1024,0,0,0,46
nbody_kernel,1614,8192,64,64,2,2,2,1,0,0,2,0.00022806,20,19,0.822046,569200,30511,7.97653,8392190,0.000456207,0,0,0,0,15.1205,84.0936,0,3489920000,0,237142000,33562600,268583000,303202000,0,135421000,0,60.0022,0,17.7766,4.44686,0,35.8724,32,100,1024,0,0,0,62
nbody_kernel,1490,8192,64,64,2,2,2,1,0,0,4,0.000121395,0,19,0.903247,579756,24383,4.35664,4197890,0.000499212,0,0,0,0,15.0041,83.8155,0,3490020000,0,118653000,16785400,134365000,285950000,0,126447000,0,64.6582,0,19.5169,2.44259,0,36.7744,32,100,768,0,0,0,80
nbody_kernel,1449,8192,64,64,2,2,2,1,1,0,1,0.000125133,0,19,0.976913,605112,32743,0.287311,265728,8.71237,8388610,262144,0,0,14.3084,79.5339,0,3489870000,0,151142000,67108900,285360000,276963000,0,142168000,0,68.6949,0,21.0843,5.60358,0,44.6671,32,100,1024,1024,0,0,49
nbody_kernel,1334,8192,64,64,2,2,2,1,1,0,2,0.00013578,0,19,1.33883,773692,32427,0.160897,134656,9.45398,8388610,262144,0,0,13.9625,75.7859,0,3489920000,0,109199000,33554400,142754000,272835000,0,126542000,0,78.4309,0,24.1011,3.20442,0,45.446,32,100,1024,2048,0,0,64
nbody_kernel,1297,8192,64,64,2,2,2,1,1,0,4,0.000139428,0,19,1.52778,862868,32623,0.085394,69120,9.71356,8388610,262144,0,0,13.7358,74.5247,0,3490020000,0,54689800,16777200,138559000,270885000,0,124109000,0,82.0539,0,25.2288,3.256,0,46.658,32,100,768,4096,0,0,80
nbody_kernel,1272,8192,64,64,2,4,0,0,0,0,1,8.27117E-05,0,11,0.731428,391448,23511,4.92569,4195330,0.000292563,0,0,0,0,17.3531,97.1136,0,3489870000,0,142713000,33554400,134283000,272769000,0,127353000,0,64.2091,0,19.7433,2.46926,0,37.4675,32,100,1024,0,0,0,59
nbody_kernel,1329,8192,64,64,2,4,0,0,1,0,1,0.000193784,8,19,1.13059,642700,32683,0.0803518,66560,9.52888,8388610,262144,0,0,13.4746,74.0826,0,3489870000,0,77701100,33554400,144769000,276963000,0,130237000,0,80.5154,0,24.7572,3.33812,0,48.0464,32,100,1024,1024,0,0,63
nbody_kernel,1595,8192,64,64,2,4,0,1,0,0,1,0.000113257,0,19,0.82837,563140,31127,16.2286,16780800,0.000232204,0,0,0,0,15.2621,84.6327,0,3489870000,0,69353500,33554400,537018000,270680000,0,156652000,0,58.443,0,17.9809,8.99304,0,41.9732,32,100,1024,0,0,0,60
nbody_kernel,1567,8192,64,64,2,4,0,1,0,0,2,0.000139004,0,23,0.817498,547748,29307,8.16437,8392190,0.000472561,0,0,0,0,15.486,86.6906,0,3489920000,0,119702000,16785400,268583000,286441000,0,130703000,0,59.1748,0,17.8622,4.46828,0,34.7894,32,100,1024,0,0,0,64
nbody_kernel,1452,8192,64,64,2,4,0,1,0,0,4,0.000151219,0,23,0.914863,566124,30447,4.45475,4197890,0.000511607,0,0,0,0,15.2461,84.9763,0,3490020000,0,59932700,8396800,134365000,277586000,0,124089000,0,64.7419,0,19.7283,2.46904,0,36.4793,32,100,640,0,0,0,86
nbody_kernel,1344,8192,64,64,2,4,0,1,1,0,1,0.00012066,0,17,1.26937,736520,32459,0.315901,265728,9.42073,8388610,262144,0,0,13.735,75.1417,0,3489870000,0,84033500,33554400,151142000,276988000,0,130635000,0,78.6219,0,24.1312,3.39695,0,46.9747,32,100,1024,1024,0,0,62
nbody_kernel,1292,8192,64,64,2,4,0,1,1,0,2,0.000125196,0,17,1.41797,793412,32747,0.166778,134656,9.76593,8388610,262144,0,0,13.8718,74.8662,0,3489920000,0,58867700,16777200,142754000,272818000,0,124444000,0,82.0141,0,25.2022,3.35082,0,46.7345,32,100,1024,2048,0,0,64
nbody_kernel,1274,8192,64,64,2,4,0,1,1,0,4,0.000126909,0,17,1.56083,866160,32351,0.0874857,69120,9.89492,8388610,262144,0,0,13.4472,72.786,0,3490020000,0,29524000,8388610,138559000,271352000,0,123075000,0,85.4237,0,26.2649,3.40234,0,48.1692,32,100,768,4096,0,0,80
nbody_kernel,4525,8192,64,64,2,4,1,0,0,0,1,0.00605865,0,2891,48.7309,412380,100717000,1.36667,4195330,8.16458E-05,0,0,201336000,100684000,17.4028,97.8922,0,3489870000,0,1279770000,167797000,2550530000,505717000,0,254064000,0,19.6448,0,5.46595,12.9837,0,20.6933,32,100,1024,0,80,0,31
nbody_kernel,5434,8192,64,64,2,4,1,0,1,0,1,0.00432623,0,2402,40.1173,437276,99447100,0.0247219,66560,4.5472,16777200,262144,201350000,100684000,17.0518,69.0664,0,3489870000,0,1218960000,167797000,2963670000,512008000,0,265271000,0,22.8304,0,6.45759,17.8238,0,25.5259,32,100,1024,1024,80,0,29
nbody_kernel,4881,8192,64,64,2,4,1,1,0,0,1,0.0054648,0,3080,45.4939,540825,100710000,6.06539,16780800,7.63844E-05,0,0,201242000,100683000,17.2649,81.8813,0,3489870000,0,1380630000,167797000,2953270000,505627000,0,269798000,0,22.7368,0,6.11364,16.8153,0,24.5789,32,100,1024,0,80,0,36
nbody_kernel,4448,8192,64,64,2,4,1,1,0,0,2,0.019251,1,7910,49.7653,647961,100704000,3.74867,8392190,8.33605E-05,0,0,150921000,100731000,17.281,72.0145,0,3489920000,0,657072000,83910700,1476870000,420733000,0,193647000,0,26.0794,0,7.58613,10.4343,0,21.8904,32,100,1024,0,112,0,48
nbody_kernel,3600,8192,64,64,2,4,1,1,0,0,4,1.13164,222,458773,62.409,3255430,100735000,1.96154,4197890,0.000101915,0,0,125752000,100134000,16.3721,80.8407,0,3490020000,0,328876000,41967600,738673000,344703000,0,155574000,0,27.6292,0,8.26203,5.68386,0,19.1534,32,100,1024,0,160,0,64
nbody_kernel,5429,8192,64,64,2,4,1,1,1,0,1,0.0048045,128,2540,40.1621,522848,99368500,0.0990197,265728,4.55175,16777200,262144,201350000,100684000,17.0338,68.8099,0,3489870000,0,1261100000,167797000,2970040000,476258000,0,265670000,0,23.1792,0,6.48814,17.9467,0,25.6853,32,100,1024,1024,80,0,31
nbody_kernel,4046,8192,64,64,2,4,1,1,1,0,2,0.0189105,0,9202,54.8043,820164,100723000,0.0615319,134656,3.10508,8388610,262144,151029000,100690000,16.3439,72.4109,0,3489920000,0,596255000,83910700,1485260000,407093000,0,191582000,0,27.9957,0,8.28477,11.46,0,23.6515,32,100,1024,2048,112,0,42
nbody_kernel,3299,8192,64,64,2,4,1,1,1,0,4,0.071483,234,24855,68.4974,2895960,100735000,0.0339049,69120,3.80964,8388610,262144,125701000,101070000,16.2118,82.62,0,3490020000,0,298467000,41967600,742867000,338395000,0,154557000,0,29.5304,0,8.90861,6.16783,0,20.5175,32,100,1024,4096,160,0,61
nbody_kernel,1271,8192,64,64,2,4,2,0,0,0,1,0.000142372,0,19,0.732086,391456,23767,4.92109,4195330,0.000293163,0,0,0,0,17.3524,97.2749,0,3489870000,0,142713000,33554400,134283000,272769000,0,127353000,0,64.2342,0,19.751,2.47023,0,37.4821,32,100,1024,0,0,0,59
nbody_kernel,1330,8192,64,64,2,4,2,0,1,0,1,8.62275E-05,0,12,1.12936,642676,32679,0.0803432,66560,9.52058,8388610,262144,0,0,13.4738,74.0286,0,3489870000,0,77701100,33554400,144769000,276963000,0,130237000,0,80.504,0,24.7537,3.33764,0,48.0395,32,100,1024,1024,0,0,63
nbody_kernel,1597,8192,64,64,2,4,2,1,0,0,1,4.74585E-05,0,8,0.824698,563144,31203,16.1839,16780800,0.00023133,0,0,0,0,15.2629,84.4298,0,3489870000,0,69353500,33554400,537018000,270680000,0,156652000,0,58.3632,0,17.9563,8.98075,0,41.9159,32,100,1024,0,0,0,60
nbody_kernel,1570,8192,64,64,2,4,2,1,0,0,2,0.000139215,0,23,0.818301,547660,29363,8.16405,8392190,0.000472885,0,0,0,0,15.4862,86.7516,0,3489920000,0,119702000,16785400,268583000,286441000,0,130703000,0,59.1738,0,17.8619,4.46821,0,34.7888,32,100,1024,0,0,0,64
nbody_kernel,1451,8192,64,64,2,4,2,1,0,0,4,0.000124945,0,19,0.91334,566148,30487,4.45489,4197890,0.000510971,0,0,0,0,15.2456,84.865,0,3490020000,0,59932700,8396800,134365000,277586000,0,124089000,0,64.7463,0,19.7296,2.46921,0,36.4818,32,100,640,0,0,0,86
nbody_kernel,1345,8192,64,64,2,4,2,1,1,0,1,0.00030522,0,43,1.26932,736252,32395,0.315874,265728,9.42027,8388610,262144,0,0,13.7351,75.1317,0,3489870000,0,84033500,33554400,151142000,276988000,0,130635000,0,78.6286,0,24.1333,3.39724,0,46.9787,32,100,1024,1024,0,0,62
nbody_kernel,1291,8192,64,64,2,4,2,1,1,0,2,0.000139898,0,19,1.41592,793604,32531,0.166768,134656,9.76775,8388610,262144,0,0,13.8717,74.8782,0,3489920000,0,58867700,16777200,142754000,272818000,0,124444000,0,82.0163,0,25.2029,3.35091,0,46.7358,32,100,1024,2048,0,0,64
nbody_kernel,1275,8192,64,64,2,4,2,1,1,0,4,0.000142526,0,19,1.56211,866036,32435,0.0874808,69120,9.90564,8388610,262144,0,0,13.4466,72.8667,0,3490020000,0,29524000,8388610,138559000,271352000,0,123075000,0,85.4214,0,26.2642,3.40225,0,48.168,32,100,768,4096,0,0,80
nbody_kernel,1442,8192,64,64,2,8,0,0,0,0,1,0.00023128,0,35,0.929315,582572,19683,4.47679,4195330,0.000257627,0,0,0,0,15.147,84.787,0,3489870000,0,75604000,16785400,134283000,272753000,0,124732000,0,64.7621,0,19.9133,2.49053,0,37.0122,32,100,1024,0,0,0,63
nbody_kernel,1305,8192,64,64,2,8,0,0,1,0,1,0.000313937,0,43,1.14314,638588,32599,0.0818954,66560,9.69784,8388610,262144,0,0,13.303,73.748,0,3489870000,0,44146700,16777200,144769000,276955000,0,126567000,0,82.3149,0,25.3105,3.41272,0,47.7359,32,100,1024,1024,0,0,63
nbody_kernel,1549,8192,64,64,2,8,0,1,0,0,1,0.000789648,58,71,0.842569,556520,31511,16.5886,16780800,0.000477472,0,0,0,0,15.464,86.1878,0,3489870000,0,35815400,16777200,537018000,270721000,0,145644000,0,59.0031,0,18.1531,9.07934,0,39.3977,32,100,1024,0,0,0,64
nbody_kernel,1469,8192,64,64,2,8,0,1,0,0,2,0.000129806,1,19,0.935362,589268,29271,8.83031,8392190,0.000505302,0,0,0,0,15.3724,83.8215,0,3489920000,0,60981200,8396800,268583000,278045000,0,128344000,0,64.8232,0,19.7536,4.94141,0,37.7785,32,100,896,0,0,0,70
nbody_kernel,1405,8192,64,64,2,8,0,1,0,0,4,0.000210455,12,19,0.954129,570600,29823,4.62667,4197890,0.000529538,0,0,0,0,15.2215,84.587,0,3490020000,0,30572500,4202500,134365000,273375000,0,122909000,0,66.9989,0,20.5137,2.56734,0,37.5709,32,100,640,0,0,0,88
nbody_kernel,1282,8192,64,64,2,8,0,1,1,0,1,0.000141012,0,19,1.16755,641124,32551,0.334697,265728,9.88177,8388610,262144,0,0,13.1399,72.8035,0,3489870000,0,50479100,16777200,151142000,276980000,0,126964000,0,85.1183,0,26.1251,3.67763,0,49.4272,32,100,1024,1024,0,0,62
nbody_kernel,1286,8192,64,64,2,8,0,1,1,0,2,0.000141235,0,19,1.40629,782900,32503,0.168722,134656,9.81175,8388610,262144,0,0,13.4524,73.0769,0,3489920000,0,33718300,8388610,142754000,272859000,0,123397000,0,84.4142,0,25.9397,3.44907,0,47.6975,32,100,1024,2048,0,0,64
nbody_kernel,1247,8192,64,64,2,8,0,1,1,0,4,0.000145083,0,19,1.54634,838512,32635,0.0899469,69120,10.1261,8388610,262144,0,0,13.1067,71.4934,0,3490020000,0,16941100,4194300,138559000,271352000,0,122550000,0,89,0,27.3645,3.54478,0,49.9721,32,100,768,4096,0,0,80
nbody_kernel,4500,8192,64,64,2,8,1,0,0,0,1,0.00642978,0,3062,48.9806,401665,100717000,1.37702,4195330,8.21898E-05,0,0,201347000,100684000,17.4058,97.8151,0,3489870000,0,1145560000,151020000,2550530000,556122000,0,250921000,0,19.3608,0,5.50671,13.0805,0,20.5897,32,100,1024,0,80,0,33
nbody_kernel,5412,8192,64,64,2,8,1,0,1,0,1,0.00432152,0,2409,40.0656,448276,99279600,0.0249027,66560,4.55149,16777200,262144,201347000,100684000,17.0311,68.546,0,3489870000,0,1135080000,151020000,2963670000,545645000,0,263176000,0,22.8089,0,6.51275,17.9761,0,25.5407,32,100,1024,1024,80,0,31
nbody_kernel,4875,8192,64,64,2,8,1,1,0,0,1,0.00543762,0,3064,45.1694,411032,100701000,6.11001,16780800,7.58165E-05,0,0,201346000,100684000,17.2904,80.7576,0,3489870000,0,1196080000,151020000,2953270000,556040000,0,265082000,0,21.9201,0,6.15262,16.9225,0,24.3032,32,100,1024,0,80,0,38
nbody_kernel,4424,8192,64,64,2,8,1,1,0,0,2,0.0192209,0,8104,49.8578,652632,100694000,3.75162,8392190,8.3517E-05,0,0,150918000,100735000,17.2409,71.8981,0,3489920000,0,598393000,75522000,1476870000,412385000,0,191290000,0,25.9328,0,7.61268,10.4709,0,21.6997,32,100,1024,0,112,0,50
nbody_kernel,3714,8192,64,64,2,8,1,1,0,0,4,3.3683,28,1328140,61.4513,2103060,100735000,1.96986,4197890,0.000199057,0,0,127575000,101295000,16.4751,78.6242,0,3490020000,0,299581000,37773300,738673000,340541000,0,154397000,0,27.6134,0,8.29605,5.70733,0,19.0868,32,100,1024,0,160,0,64
nbody_kernel,5412,8192,64,64,2,8,1,1,1,0,1,0.00425627,0,2370,40.2077,520512,99322000,0.0993628,265728,4.56138,16777200,262144,201347000,100684000,17.0385,68.6785,0,3489870000,0,1141560000,151020000,2970040000,545554000,0,263575000,0,22.8525,0,6.51431,18.0191,0,25.5856,32,100,1024,1024,80,0,33
nbody_kernel,4031,8192,64,64,2,8,1,1,1,0,2,0.0200904,146,9556,54.7888,824468,100723000,0.0615654,134656,3.10628,8388610,262144,151028000,100690000,16.3308,72.2995,0,3489920000,0,571130000,75522000,1485260000,407142000,0,190537000,0,28.0497,0,8.30073,11.4821,0,23.5678,32,100,1024,2048,112,0,44
nbody_kernel,3292,8192,64,64,2,8,1,1,1,0,4,1.43311,92,501294,67.6997,3244340,100735000,0.0338233,69120,3.77575,8388610,262144,125112000,100213000,16.1619,81.8478,0,3490020000,0,285950000,37773300,742867000,338444000,0,154037000,0,29.5431,0,8.91241,6.17053,0,20.4571,32,100,1024,4096,160,0,63
nbody_kernel,1441,8192,64,64,2,8,2,0,0,0,1,5.94197E-05,0,9,0.930155,582836,20207,4.47077,4195330,0.000257807,0,0,0,0,15.15,84.8389,0,3489870000,0,75604000,16785400,134283000,272753000,0,124732000,0,64.7676,0,19.915,2.49074,0,37.0153,32,100,1024,0,0,0,63
nbody_kernel,1307,8192,64,64,2,8,2,0,1,0,1,0.000124022,0,17,1.14262,638668,32695,0.0818952,66560,9.70173,8388610,262144,0,0,13.3022,73.7749,0,3489870000,0,44146700,16777200,144769000,276955000,0,126567000,0,82.3179,0,25.3114,3.41285,0,47.7377,32,100,1024,1024,0,0,63
nbody_kernel,1559,8192,64,64,2,8,2,1,0,0,1,0.000406375,12,54,0.837792,556040,31871,16.5733,16780800,0.000476261,0,0,0,0,15.4615,85.9185,0,3489870000,0,35815400,16777200,537018000,270721000,0,145644000,0,59.038,0,18.1639,9.08471,0,39.421,32,100,1024,0,0,0,64
nbody_kernel,1470,8192,64,64,2,8,2,1,0,0,2,0.000129681,1,19,0.936242,589528,29975,8.83062,8392190,0.000505651,0,0,0,0,15.3734,83.8881,0,3489920000,0,60981200,8396800,268583000,278045000,0,128344000,0,64.8165,0,19.7515,4.9409,0,37.7746,32,100,896,0,0,0,70
nbody_kernel,1405,8192,64,64,2,8,2,1,0,0,4,0.000169354,0,25,0.952687,570580,30379,4.62552,4197890,0.00052956,0,0,0,0,15.2199,84.5764,0,3490020000,0,30572500,4202500,134365000,273375000,0,122909000,0,67.0101,0,20.5171,2.56777,0,37.5772,32,100,640,0,0,0,88
nbody_kernel,1281,8192,64,64,2,8,2,1,1,0,1,0.000141124,0,19,1.16832,641380,32695,0.334659,265728,9.89033,8388610,262144,0,0,13.1398,72.872,0,3489870000,0,50479100,16777200,151142000,276980000,0,126964000,0,85.1119,0,26.1231,3.67735,0,49.4234,32,100,1024,1024,0,0,62
nbody_kernel,1286,8192,64,64,2,8,2,1,1,0,2,0.000140766,0,19,1.40616,781880,32787,0.168705,134656,9.82046,8388610,262144,0,0,13.4525,73.1426,0,3489920000,0,33718300,8388610,142754000,272859000,0,123397000,0,84.4133,0,25.9394,3.44904,0,47.697,32,100,1024,2048,0,0,64
nbody_kernel,1247,8192,64,64,2,8,2,1,1,0,4,0.000145302,0,19,1.54759,839068,32651,0.0899553,69120,10.1361,8388610,262144,0,0,13.1061,71.5723,0,3490020000,0,16941100,4194300,138559000,271352000,0,122550000,0,88.9898,0,27.3614,3.54438,0,49.9664,32,100,768,4096,0,0,80
nbody_kernel,1371,8192,64,64,2,16,0,0,0,0,1,0.000132078,0,19,1.07236,642528,19099,4.84873,4195330,0.000542759,0,0,0,0,14.1526,78.1178,0,3489870000,0,42065900,8396800,134283000,272761000,0,123422000,0,74.0433,0,22.7671,2.84762,0,41.872,32,100,1024,0,0,0,63
nbody_kernel,1285,8192,64,64,2,16,0,0,1,0,1,0.000141423,0,19,1.16483,641324,32583,0.0835174,66560,9.93538,8388610,262144,0,0,13.2185,73.0259,0,3489870000,0,27385900,8388610,144769000,279085000,0,124799000,0,84.5296,0,25.9914,3.5553,0,48.3354,32,100,1024,1024,0,0,64
nbody_kernel,1472,8192,64,64,2,16,0,1,0,0,1,0.000122797,0,19,0.949446,598404,29871,17.677,16780800,0.000505235,0,0,0,0,14.8286,82.9429,0,3489870000,0,63078400,8396800,537018000,279069000,0,136861000,0,65.5003,0,19.9602,9.98314,0,40.707,32,100,1024,0,0,0,64
nbody_kernel,1425,8192,64,64,2,16,0,1,0,0,2,0.000147035,1,21,0.999742,609076,30435,9.07175,8392190,0.000522153,0,0,0,0,15.7495,84.7359,0,3489920000,0,31621100,4202500,268583000,273859000,0,127164000,0,65.9466,0,20.1921,5.0511,0,38.2623,32,100,896,0,0,0,69
nbody_kernel,1430,8192,64,64,2,16,0,1,0,0,4,0.000790497,88,31,0.892922,544100,29587,4.50233,4197890,0.000519911,0,0,0,0,15.5782,86.7913,0,3490020000,0,15892500,2105340,134365000,271270000,0,122319000,0,63.9568,0,19.6292,2.45665,0,35.7784,32,100,768,0,0,0,80
nbody_kernel,1279,8192,64,64,2,16,0,1,1,0,1,0.000186314,0,25,1.20723,660928,32679,0.335656,265728,9.99766,8388610,262144,0,0,13.1393,72.4961,0,3489870000,0,33718300,8388610,151142000,279101000,0,125196000,0,85.8365,0,26.3455,3.76011,0,49.1501,32,100,1024,1024,0,0,64
nbody_kernel,1271,8192,64,64,2,16,0,1,1,0,2,0.00101194,0,135,1.46848,809012,32531,0.170803,134656,9.97548,8388610,262144,0,0,13.566,73.0326,0,3489920000,0,21135400,4194300,142754000,273908000,0,122906000,0,85.5546,0,26.2901,3.52114,0,48.1493,32,100,1024,2048,0,0,64
nbody_kernel,1252,8192,64,64,2,16,0,1,1,0,4,0.000137176,0,18,1.53937,836296,32723,0.0895461,69120,10.0965,8388610,262144,0,0,13.148,71.8041,0,3490020000,0,10649600,2097150,138559000,271352000,0,122288000,0,88.3555,0,27.1663,3.51911,0,49.5041,32,100,768,4096,0,0,80
nbody_kernel,4481,8192,64,64,2,16,1,0,0,0,1,0.00722104,380,3049,49.2036,401120,100717000,1.38373,4195330,8.259E-05,0,0,201347000,100684000,17.4077,97.7941,0,3489870000,0,1112010000,142631000,2550530000,547734000,0,249348000,0,19.416,0,5.53471,13.147,0,20.5647,32,100,1024,0,80,0,33
nbody_kernel,5411,8192,64,64,2,16,1,0,1,0,1,0.00436477,0,2426,40.0677,454816,99192400,0.0250175,66560,4.5598,16777200,262144,201348000,100684000,17.0314,68.3115,0,3489870000,0,1109910000,142631000,2963670000,545645000,0,262128000,0,22.929,0,6.54704,18.0707,0,25.5729,32,100,1024,1024,80,0,31
nbody_kernel,4886,8192,64,64,2,16,1,1,0,0,1,0.0056056,80,3089,45.0761,410203,100692000,6.12651,16780800,7.5617E-05,0,0,201344000,100684000,17.3104,80.3144,0,3489870000,0,1137360000,142631000,2953270000,547652000,0,262723000,0,21.7903,0,6.1703,16.9711,0,24.1561,32,100,1024,0,80,0,38
nbody_kernel,4419,8192,64,64,2,16,1,1,0,0,2,0.0202755,480,7974,49.8334,650852,100692000,3.75531,8392190,8.35206E-05,0,0,150920000,100736000,17.2483,71.8501,0,3489920000,0,569033000,71327700,1476870000,408191000,0,190111000,0,25.8322,0,7.6181,10.4783,0,21.5813,32,100,1024,0,112,0,50
nbody_kernel,3709,8192,64,64,2,16,1,1,0,0,4,3.35862,28,1328040,61.3255,2125570,100735000,1.95512,4197890,0.000198687,0,0,127593000,101266000,16.3906,78.69,0,3490020000,0,284901000,35676200,738673000,338444000,0,153807000,0,27.4743,0,8.27369,5.69195,0,18.9627,32,100,1024,0,160,0,64
nbody_kernel,5395,8192,64,64,2,16,1,1,1,0,1,0.00436255,32,2401,40.2156,526488,99254100,0.0998118,265728,4.5655,16777200,262144,201347000,100684000,17.0419,68.4042,0,3489870000,0,1116390000,142631000,2970040000,545554000,0,262526000,0,22.9648,0,6.54634,18.1077,0,25.6091,32,100,1024,1024,80,0,33
nbody_kernel,4036,8192,64,64,2,16,1,1,1,0,2,0.0197655,0,9552,54.7627,826680,100722000,0.0615828,134656,3.10567,8388610,262144,151028000,100690000,16.3188,72.2237,0,3489920000,0,558547000,71327700,1485260000,407142000,0,190012000,0,28.0736,0,8.30781,11.4919,0,23.523,32,100,1024,2048,112,0,44
nbody_kernel,3293,8192,64,64,2,16,1,1,1,0,4,1.44418,192,504355,67.8631,3241000,100735000,0.0338125,69120,3.78276,8388610,262144,125103000,100208000,16.1617,82.029,0,3490020000,0,279658000,35676200,742867000,338444000,0,153775000,0,29.5325,0,8.90923,6.16832,0,20.415,32,100,1024,4096,160,0,63
nbody_kernel,1372,8192,64,64,2,16,2,0,0,0,1,6.25523E-05,0,9,1.07306,642124,19115,4.84228,4195330,0.000543144,0,0,0,0,14.1573,78.1685,0,3489870000,0,42065900,8396800,134283000,272761000,0,123422000,0,74.0477,0,22.7684,2.84779,0,41.8745,32,100,1024,0,0,0,63
nbody_kernel,1285,8192,64,64,2,16,2,0,1,0,1,0.00140614,172,17,1.16508,641460,32663,0.0835126,66560,9.94123,8388610,262144,0,0,13.2181,73.0688,0,3489870000,0,27385900,8388610,144769000,279085000,0,124799000,0,84.5298,0,25.9915,3.55531,0,48.3355,32,100,1024,1024,0,0,64
nbody_kernel,1472,8192,64,64,2,16,2,1,0,0,1,0.00014205,0,22,0.950434,598376,30443,17.6666,16780800,0.000505385,0,0,0,0,14.8349,82.9894,0,3489870000,0,63078400,8396800,537018000,279069000,0,136861000,0,65.483,0,19.9549,9.9805,0,40.6963,32,100,1024,0,0,0,64
nbody_kernel,1425,8192,64,64,2,16,2,1,0,0,2,0.000160883,3,21,0.998476,608920,30699,9.0726,8392190,0.000521284,0,0,0,0,15.7513,84.5936,0,3489920000,0,31621100,4202500,268583000,273859000,0,127164000,0,65.9475,0,20.1923,5.05117,0,38.2628,32,100,896,0,0,0,69
nbody_kernel,1427,8192,64,64,2,16,2,1,0,0,4,0.000126696,0,19,0.896889,543792,29931,4.50554,4197890,0.000521045,0,0,0,0,15.5744,87.114,0,3490020000,0,15892500,2105340,134365000,271270000,0,122319000,0,63.859,0,19.5992,2.45289,0,35.7236,32,100,768,0,0,0,80
nbody_kernel,1279,8192,64,64,2,16,2,1,1,0,1,0.000141642,0,19,1.20578,662652,32679,0.336062,265728,9.99144,8388610,262144,0,0,13.1344,72.4516,0,3489870000,0,33718300,8388610,151142000,279101000,0,125196000,0,85.8358,0,26.3453,3.76008,0,49.1497,32,100,1024,1024,0,0,64
nbody_kernel,1271,8192,64,64,2,16,2,1,1,0,2,0.000367312,0,49,1.46947,809264,32611,0.1708,134656,9.97535,8388610,262144,0,0,13.5664,73.0396,0,3489920000,0,21135400,4194300,142754000,273908000,0,122906000,0,85.5454,0,26.2873,3.52076,0,48.1441,32,100,1024,2048,0,0,64
nbody_kernel,1252,8192,64,64,2,16,2,1,1,0,4,0.000540505,44,27,1.53266,837228,32627,0.0895554,69120,10.0901,8388610,262144,0,0,13.1425,71.7065,0,3490020000,0,10649600,2097150,138559000,271352000,0,122288000,0,88.4197,0,27.1861,3.52167,0,49.5401,32,100,768,4096,0,0,80
nbody_kernel,1327,8192,64,64,2,32,0,0,0,0,1,0.000193837,0,27,1.24767,717952,27375,5.01694,4195330,0.0005612,0,0,0,0,14.4948,77.3692,0,3489870000,0,25288700,4202500,134283000,272761000,0,122766000,0,77.2997,0,23.7683,2.97286,0,43.4814,32,100,1024,0,0,0,64
nbody_kernel,1272,8192,64,64,2,32,0,0,1,0,1,0.00012798,0,17,1.18438,644368,32679,0.0846512,66560,10.0549,8388610,262144,0,0,13.126,72.5347,0,3489870000,0,18997200,4194300,144769000,279085000,0,123881000,0,86.1262,0,26.4824,3.62245,0,48.8863,32,100,1024,1024,0,0,64
nbody_kernel,1436,8192,64,64,2,32,0,1,0,0,1,0.000153301,0,23,1.03079,634792,31275,18.3068,16780800,0.000517876,0,0,0,0,14.6873,80.4266,0,3489870000,0,33718300,4202500,537018000,274874000,0,135681000,0,68.91,0,21.0997,10.5531,0,42.66,32,100,1024,0,0,0,64
nbody_kernel,1431,8192,64,64,2,32,0,1,0,0,2,0.000178827,0,27,0.874536,532676,31815,8.9594,8392190,0.00051608,0,0,0,0,16.2015,86.7237,0,3489920000,0,16941100,2105340,268583000,271761000,0,126574000,0,63.5332,0,19.4997,4.87791,0,36.779,32,100,896,0,0,0,69
nbody_kernel,1454,8192,64,64,2,32,0,1,0,0,4,0.000126746,0,19,1.64359,1065060,32631,4.28112,4197890,0.00050372,0,0,0,0,17.3854,96.4323,0,3490020000,0,8552450,1056770,134365000,270221000,0,122024000,0,55.7032,0,17.1166,2.14218,0,31.1234,32,100,768,0,0,0,80
nbody_kernel,1276,8192,64,64,2,32,0,1,1,0,1,0.000186902,0,25,1.18411,645748,32579,0.336875,265728,10.0245,8388610,262144,0,0,13.076,72.2971,0,3489870000,0,25329700,4194300,151142000,279101000,0,124279000,0,86.3042,0,26.489,3.7806,0,49.0557,32,100,1024,1024,0,0,64
nbody_kernel,1282,8192,64,64,2,32,0,1,1,0,2,0.000141536,0,19,1.45575,808188,32727,0.169003,134656,9.89373,8388610,262144,0,0,13.6859,73.7272,0,3489920000,0,14843900,2097150,142754000,273883000,0,122643000,0,84.054,0,25.829,3.45938,0,47.2039,32,100,1024,2048,0,0,64
nbody_kernel,1291,8192,64,64,2,32,0,1,1,0,4,0.000172009,0,23,2.14951,1170420,32791,0.0799508,69120,9.82294,8388610,262144,0,0,17.2885,98.5935,0,3490020000,0,7503870,1048580,138559000,271352000,0,122157000,0,62.6047,0,19.2488,2.49348,0,35.0387,32,100,768,4096,0,0,80
nbody_kernel,4486,8192,64,64,2,32,1,0,0,0,1,0.00716973,348,3055,49.1004,401229,100717000,1.38333,4195330,8.23486E-05,0,0,201347000,100684000,17.4129,97.5255,0,3489870000,0,1095230000,138437000,2550530000,543539000,0,248561000,0,19.391,0,5.53372,13.1447,0,20.4962,32,100,1024,0,80,0,33
nbody_kernel,5400,8192,64,64,2,32,1,0,1,0,1,0.00438997,0,2444,40.0882,454152,99176700,0.0250375,66560,4.55805,16777200,262144,201347000,100684000,17.034,68.23,0,3489870000,0,1097330000,138437000,2963670000,545645000,0,261603000,0,22.9476,0,6.55235,18.0854,0,25.5424,32,100,1024,1024,80,0,31
nbody_kernel,4893,8192,64,64,2,32,1,1,0,0,1,0.00540735,0,3059,45.0416,409036,100691000,6.13489,16780800,7.55908E-05,0,0,201346000,100684000,17.3212,80.326,0,3489870000,0,1108000000,138437000,2953270000,543457000,0,261543000,0,21.6832,0,6.16727,16.9628,0,24.0358,32,100,1024,0,80,0,38
nbody_kernel,4420,8192,64,64,2,32,1,1,0,0,2,0.0191886,1,7950,49.867,654373,100694000,3.74939,8392190,8.36527E-05,0,0,150924000,100735000,17.2459,72.014,0,3489920000,0,554353000,69230600,1476870000,406094000,0,189521000,0,25.7547,0,7.61278,10.471,0,21.4993,32,100,1024,0,112,0,50
nbody_kernel,3755,8192,64,64,2,32,1,1,0,0,4,3.366,28,1330280,61.1928,2109370,100735000,1.95541,4197890,0.000198159,0,0,127609000,101254000,16.423,78.5983,0,3490020000,0,277561000,34627600,738673000,337396000,0,153512000,0,27.4011,0,8.26134,5.68346,0,18.8981,32,100,1024,0,160,0,64
nbody_kernel,5400,8192,64,64,2,32,1,1,1,0,1,0.00455031,144,2379,40.1864,524292,99222400,0.0998473,265728,4.57061,16777200,262144,201347000,100684000,17.0446,68.4383,0,3489870000,0,1103810000,138437000,2970040000,545554000,0,262002000,0,22.9791,0,6.5504,18.1189,0,25.5738,32,100,1024,1024,80,0,33
nbody_kernel,4037,8192,64,64,2,32,1,1,1,0,2,0.0196926,0,9563,54.7982,826752,100722000,0.0615644,134656,3.10535,8388610,262144,151028000,100690000,16.3217,72.2839,0,3489920000,0,552255000,69230600,1485260000,407142000,0,189750000,0,28.0474,0,8.30005,11.4812,0,23.4686,32,100,1024,2048,112,0,44
nbody_kernel,3293,8192,64,64,2,32,1,1,1,0,4,1.42969,96,497390,67.8337,3213300,100735000,0.033829,69120,3.78515,8388610,262144,125111000,100214000,16.1738,82.0367,0,3490020000,0,276513000,34627600,742867000,338444000,0,153644000,0,29.5484,0,8.914,6.17163,0,20.4085,32,100,1024,4096,160,0,63
nbody_kernel,1326,8192,64,64,2,32,2,0,0,0,1,0.000612254,0,85,1.24667,717820,27439,5.01577,4195330,0.000560932,0,0,0,0,14.4952,77.3355,0,3489870000,0,25288700,4202500,134283000,272761000,0,122766000,0,77.2965,0,23.7674,2.97273,0,43.4796,32,100,1024,0,0,0,64
nbody_kernel,1270,8192,64,64,2,32,2,0,1,0,1,0.000127523,0,17,1.18472,644252,32791,0.0846454,66560,10.0586,8388610,262144,0,0,13.1258,72.5595,0,3489870000,0,18997200,4194300,144769000,279085000,0,123881000,0,86.1278,0,26.4828,3.62252,0,48.8872,32,100,1024,1024,0,0,64
nbody_kernel,1440,8192,64,64,2,32,2,1,0,0,1,0.00134769,104,99,1.03436,635264,31911,18.3147,16780800,0.000518413,0,0,0,0,14.6897,80.5321,0,3489870000,0,33718300,4202500,537018000,274874000,0,135681000,0,68.891,0,21.0939,10.5502,0,42.6483,32,100,1024,0,0,0,64
nbody_kernel,1437,8192,64,64,2,32,2,1,0,0,2,0.00023024,0,35,0.876887,534828,32151,8.96071,8392190,0.000516769,0,0,0,0,16.2008,86.791,0,3489920000,0,16941100,2105340,268583000,271761000,0,126574000,0,63.5687,0,19.5106,4.88064,0,36.7996,32,100,896,0,0,0,69
nbody_kernel,1420,8192,64,64,2,32,2,1,0,0,4,9.87974E-05,0,15,1.63208,1065430,32791,4.34787,4197890,0.00050117,0,0,0,0,17.3891,95.9369,0,3490020000,0,8552450,1056770,134365000,270221000,0,122024000,0,55.7074,0,17.1179,2.14235,0,31.1257,32,100,768,0,0,0,80
nbody_kernel,1276,8192,64,64,2,32,2,1,1,0,1,0.000179453,0,24,1.1825,645632,32551,0.33677,265728,10.0248,8388610,262144,0,0,13.0759,72.2955,0,3489870000,0,25329700,4194300,151142000,279101000,0,124279000,0,86.308,0,26.4902,3.78076,0,49.0578,32,100,1024,1024,0,0,64
nbody_kernel,1283,8192,64,64,2,32,2,1,1,0,2,8.19811E-05,0,11,1.45609,808172,32663,0.16906,134656,9.89003,8388610,262144,0,0,13.6819,73.692,0,3489920000,0,14843900,2097150,142754000,273883000,0,122643000,0,84.0628,0,25.8317,3.45974,0,47.2088,32,100,1024,2048,0,0,64
nbody_kernel,1293,8192,64,64,2,32,2,1,1,0,4,0.00012557,0,17,2.2006,1233780,32791,0.0798183,69120,9.81538,8388610,262144,0,0,17.2224,96.4412,0,3490020000,0,7503870,1048580,138559000,271352000,0,122157000,0,63.9526,0,19.6633,2.54717,0,35.7931,32,100,768,4096,0,0,80
nbody_kernel,2775,4096,64,64,4,0,0,0,0,0,1,5.80952E-05,0,17,0.347561,391804,32791,1.10741,2098180,0.000133349,0,0,0,0,8.6989,68.6346,0,3489870000,0,169931000,16781300,67174400,286355000,0,125974000,0,42.1804,0,12.7328,0.796677,0,23.9017,32,100,1024,0,0,0,64
nbody_kernel,2116,4096,64,64,4,0,0,0,1,0,1,0.00036217,48,33,0.447209,388560,32791,0.0231621,33792,5.83392,8388610,131072,0,0,8.70308,69.2813,0,3489870000,0,156291000,16777200,273744000,272740000,0,131577000,0,53.7045,0,16.5184,4.21133,0,32.3871,32,100,1024,1024,0,0,64
nbody_kernel,2894,4096,64,64,4,0,0,1,0,0,1,5.55394E-05,0,17,0.33127,389632,32791,4.2218,8392190,0.000127523,0,0,0,0,8.70757,68.9418,0,3489870000,0,371278000,16781300,268583000,286360000,0,138560000,0,42.431,0,12.1223,3.03233,0,25.0291,32,100,1024,0,0,0,64
nbody_kernel,2831,4096,64,64,4,0,0,1,0,0,2,0.000153542,27,19,0.338554,390088,32791,2.1467,4197890,0.000129803,0,0,0,0,8.69836,69.0023,0,3489910000,0,236012000,33558500,134365000,302633000,0,131157000,0,41.6114,0,12.3283,1.54282,0,24.0944,32,100,896,0,0,0,72
nbody_kernel,1698,4096,64,64,4,0,0,1,0,0,4,0.000373798,18,49,0.558271,389628,32855,1.8039,2100740,0.000217461,0,0,0,0,8.69598,68.7972,0,3490010000,0,118047000,16781300,67256300,285647000,0,124313000,0,68.6272,0,20.7153,1.29771,0,38.3734,32,100,512,0,0,0,128
nbody_kernel,1723,4096,64,64,4,0,0,1,1,0,1,9.36275E-05,0,17,0.544858,386016,32791,0.113577,134656,7.17,8388610,131072,0,0,8.70143,69.172,0,3489870000,0,159465000,16777200,276972000,272773000,0,131778000,0,66.1671,0,20.3332,5.24509,0,39.9275,32,100,1024,1024,0,0,64
nbody_kernel,2494,4096,64,64,4,0,0,1,1,0,2,0.000246382,40,25,0.378581,386396,32791,0.0399598,69120,2.50905,4194300,131072,0,0,8.6962,69.2664,0,3489910000,0,104940000,33554400,138559000,271241000,0,126211000,0,45.3498,0,13.9442,1.80627,0,26.2248,32,100,896,2048,0,0,72
nbody_kernel,1395,4096,64,64,4,0,0,1,1,0,4,0.000129495,0,19,0.67215,386016,32791,0.037895,36352,4.50859,4194300,131072,0,0,8.69777,69.2874,0,3490010000,0,52510700,16777200,69353500,270021000,0,121842000,0,81.7508,0,25.1436,1.63027,0,45.6508,32,100,512,4096,0,0,122
nbody_kernel,7502,4096,64,64,4,0,1,0,0,0,1,0.00487751,0,3874,29.1715,402481,100717000,0.419466,2098180,2.44641E-05,0,0,201352000,100684000,8.78867,67.1768,0,3489870000,0,1143470000,268472000,2483420000,403784000,0,256057000,0,16.4144,0,4.77331,11.04,0,18.2129,32,100,1024,0,160,0,26
nbody_kernel,6600,4096,64,64,4,0,1,0,1,0,1,0.00573343,132,3886,33.307,399752,100717000,0.00765226,33792,1.86406,8388610,131072,201347000,100683000,8.77414,67.5493,0,3489870000,0,1079510000,268472000,2689990000,339821000,0,258482000,0,18.2873,0,5.41328,13.5616,0,20.8503,32,100,1024,1024,160,0,28
nbody_kernel,7123,4096,64,64,4,0,1,1,0,0,1,0.00494682,0,3735,30.8497,400192,100717000,1.79539,8392190,2.58789E-05,0,0,201347000,100684000,8.81888,66.581,0,3489870000,0,1413090000,268472000,2684830000,335626000,0,268614000,0,18.7927,0,5.09455,12.7387,0,20.3918,32,100,1024,0,160,0,27
nbody_kernel,4213,4096,64,64,4,0,1,1,0,0,2,0.0226463,25,9916,52.9931,402391,100723000,1.4867,4197890,4.44727E-05,0,0,151021000,100690000,8.73164,68.377,0,3489910000,0,672776000,134255000,1342650000,336167000,0,193052000,0,29.3074,0,8.52498,10.66,0,24.524,32,100,1024,0,208,0,39
nbody_kernel,4960,4096,64,64,4,0,1,1,0,0,4,1.7062,8,898337,47.9002,8896750,100735000,0.850713,2100740,3.70604E-05,0,0,125798000,100678000,8.79758,50.3006,0,3490010000,0,319869000,67145700,671564000,319189000,0,155274000,0,31.9925,0,9.65711,6.04001,0,22.3444,32,100,1024,0,304,0,61
nbody_kernel,6607,4096,64,64,4,0,1,1,1,0,1,0.00728037,1446,3640,33.1422,398860,100717000,0.0304063,134656,1.85674,8388610,131072,201345000,100684000,8.78276,67.5029,0,3489870000,0,1150940000,268472000,2693220000,271663000,0,258685000,0,18.2492,0,5.39574,13.5339,0,20.7991,32,100,1024,1024,160,0,30
nbody_kernel,3917,4096,64,64,4,0,1,1,1,0,2,0.0233632,0,9660,56.3164,402104,100723000,0.0260178,69120,1.60179,4194300,131072,151020000,100690000,8.69222,68.0898,0,3489910000,0,542753000,134255000,1346850000,303137000,0,188088000,0,29.8562,0,9.09,11.4021,0,25.4769,32,100,1024,2048,208,0,40
nbody_kernel,5870,4096,64,64,4,0,1,1,1,0,4,3.01713,164,1871790,50.5691,36368800,100735000,0.0132811,36352,1.05814,4194300,131072,125893000,100689000,9.79681,52.3983,0,3490010000,0,254333000,67145700,673661000,303190000,0,152792000,0,25.4182,0,7.81782,4.9049,0,17.7995,32,100,1024,4096,304,0,63
nbody_kernel,6395,4096,64,64,4,0,2,0,0,0,1,0.0060958,32,4102,34.3426,401192,100717000,0.478247,2098180,2.88129E-05,0,0,201347000,100684000,8.70909,68.7934,0,3489870000,0,673415000,134230000,1275300000,470999000,0,197293000,0,18.1861,0,5.48972,6.52023,0,16.1393,32,100,1024,0,160,0,37
nbody_kernel,5388,4096,64,64,4,0,2,0,1,0,1,0.00721369,0,4113,40.8024,398732,100717000,0.009108,33792,2.28795,8388610,131072,201347000,100683000,8.71156,69.166,0,3489870000,0,676565000,134230000,1481870000,339931000,0,199751000,0,21.5028,0,6.48899,8.95546,0,19.3148,32,100,1024,1024,160,0,37
nbody_kernel,5775,4096,64,64,4,0,2,1,0,0,1,0.00672902,178,3938,38.0474,399272,100717000,2.10759,8392190,3.18694E-05,0,0,201348000,100684000,8.70431,69.0149,0,3489870000,0,941969000,134230000,1476710000,403800000,0,209878000,0,21.5638,0,6.05258,8.32408,0,18.9291,32,100,1024,0,160,0,37
nbody_kernel,3865,4096,64,64,4,0,2,1,0,0,2,0.0251321,60,10163,57.0547,402660,100723000,1.63068,4197890,4.78142E-05,0,0,151020000,100690000,8.77537,67.4995,0,3489910000,0,437572000,67121200,738509000,369754000,0,163677000,0,31.3381,0,9.28468,6.38594,0,22.6452,32,100,1024,0,208,0,46
nbody_kernel,4537,4096,64,64,4,0,2,1,0,0,4,1.83503,708,880230,51.887,7944870,100735000,0.901954,2100740,4.04954E-05,0,0,125837000,100691000,8.78919,51.7928,0,3490010000,0,218943000,33566700,570786000,319160000,0,146871000,0,33.9505,0,10.2482,5.44781,0,22.4288,32,100,1024,0,304,0,63
nbody_kernel,5411,4096,64,64,4,0,2,1,1,0,1,0.00592747,0,3387,40.5907,398060,100717000,0.0360841,134656,2.27352,8388610,131072,201350000,100684000,8.70757,69.0559,0,3489870000,0,680870000,134230000,1485090000,338792000,0,199949000,0,21.4264,0,6.45835,8.93258,0,19.2426,32,100,1024,1024,160,0,38
nbody_kernel,3424,4096,64,64,4,0,2,1,1,0,2,0.0248992,0,9020,64.5043,402744,100723000,0.0304393,69120,1.83631,4194300,131072,151022000,100689000,8.79119,67.5135,0,3489910000,0,306500000,67121200,742703000,337773000,0,158712000,0,34.1802,0,10.5099,7.26967,0,24.8559,32,100,1024,2048,208,0,48
nbody_kernel,5092,4096,64,64,4,0,2,1,1,0,4,3.37297,1312,1828120,58.2254,35761000,100735000,0.0152066,36352,1.22322,4194300,131072,125939000,100749000,9.77615,52.7718,0,3490010000,0,153407000,33566700,572883000,303170000,0,144389000,0,29.1759,0,8.97357,4.78778,0,19.3073,32,100,1024,4096,304,0,64
nbody_kernel,2764,4096,64,64,4,0,4,0,0,0,1,4.79303E-05,0,14,0.347541,391804,32791,1.10759,2098180,0.000133348,0,0,0,0,8.69833,68.652,0,3489870000,0,169931000,16781300,67174400,286355000,0,125974000,0,42.1695,0,12.7296,0.796471,0,23.8955,32,100,1024,0,0,0,64
nbody_kernel,2115,4096,64,64,4,0,4,0,1,0,1,6.7067E-05,0,15,0.447165,388216,32791,0.0231624,33792,5.8333,8388610,131072,0,0,8.70307,69.2746,0,3489870000,0,156291000,16777200,273744000,272740000,0,131577000,0,53.7039,0,16.5182,4.21128,0,32.3867,32,100,1024,1024,0,0,64
nbody_kernel,2890,4096,64,64,4,0,4,1,0,0,1,1.30678E-05,0,4,0.331208,389896,32791,4.22244,8392190,0.000127497,0,0,0,0,8.70761,68.9278,0,3489870000,0,371278000,16781300,268583000,286360000,0,138560000,0,42.4311,0,12.1223,3.03234,0,25.0292,32,100,1024,0,0,0,64
nbody_kernel,2831,4096,64,64,4,0,4,1,0,0,2,5.3324E-05,1,15,0.337671,389632,32791,2.14632,4197890,0.000130075,0,0,0,0,8.69798,69.1425,0,3489910000,0,236012000,33558500,134365000,302633000,0,131157000,0,41.614,0,12.329,1.54292,0,24.0958,32,100,896,0,0,0,72
nbody_kernel,1698,4096,64,64,4,0,4,1,0,0,4,0.000665755,104,15,0.554564,389632,32791,1.80434,2100740,0.000217171,0,0,0,0,8.69621,68.6883,0,3490010000,0,118047000,16781300,67256300,285647000,0,124313000,0,68.6444,0,20.7205,1.29803,0,38.383,32,100,512,0,0,0,128
nbody_kernel,1722,4096,64,64,4,0,4,1,1,0,1,9.90373E-05,0,18,0.544813,386656,32791,0.113578,134656,7.1824,8388610,131072,0,0,8.7015,69.2899,0,3489870000,0,159465000,16777200,276972000,272773000,0,131778000,0,66.1688,0,20.3337,5.24523,0,39.9286,32,100,1024,1024,0,0,64
nbody_kernel,2494,4096,64,64,4,0,4,1,1,0,2,6.85548E-05,0,18,0.378365,386056,32791,0.0399599,69120,2.51557,4194300,131072,0,0,8.69623,69.4477,0,3489910000,0,104940000,33554400,138559000,271241000,0,126211000,0,45.3488,0,13.9439,1.80623,0,26.2242,32,100,896,2048,0,0,72
nbody_kernel,1395,4096,64,64,4,0,4,1,1,0,4,0.000129805,0,19,0.670416,386016,32791,0.037895,36352,4.50412,4194300,131072,0,0,8.6976,69.2245,0,3490010000,0,52510700,16777200,69353500,270021000,0,121842000,0,81.7439,0,25.1415,1.63013,0,45.6469,32,100,512,4096,0,0,122
nbody_kernel,3396,4096,64,64,4,1,0,0,0,0,1,8.66434E-05,16,15,0.28464,391792,32791,0.905141,2098180,0.000108399,0,0,0,0,8.69855,68.2669,0,3489870000,0,270594000,67113000,67174400,336683000,0,132265000,0,34.4731,0,10.4063,0.651107,0,20.5099,32,100,1024,0,0,0,63
nbody_kernel,2243,4096,64,64,4,1,0,0,1,0,1,8.05133E-05,0,19,0.421839,388208,32791,0.0219991,33792,5.49321,8388610,131072,0,0,8.72238,68.8374,0,3489870000,0,206623000,67108900,273744000,272744000,0,134723000,0,50.8941,0,15.654,3.99094,0,31.4261,32,100,1024,1024,0,0,63
nbody_kernel,2763,4096,64,64,4,1,0,1,0,0,1,0.000257503,52,23,0.345665,389600,32791,4.42917,8392190,0.000133282,0,0,0,0,8.716,68.7766,0,3489870000,0,471941000,67113000,268583000,336687000,0,144851000,0,44.4538,0,12.7002,3.17689,0,27.413,32,100,1024,0,0,0,64
nbody_kernel,2831,4096,64,64,4,1,0,1,0,0,2,7.3318E-05,0,22,0.337631,389872,32791,2.14635,4197890,0.000130056,0,0,0,0,8.69796,69.1379,0,3489910000,0,236012000,33558500,134365000,302633000,0,131157000,0,41.6107,0,12.3281,1.54279,0,24.0939,32,100,896,0,0,0,72
nbody_kernel,1699,4096,64,64,4,1,0,1,0,0,4,6.11133E-05,0,11,0.55516,389628,32791,1.80423,2100740,0.000217378,0,0,0,0,8.69608,68.7592,0,3490010000,0,118047000,16781300,67256300,285647000,0,124313000,0,68.6389,0,20.7188,1.29793,0,38.3799,32,100,512,0,0,0,128
nbody_kernel,2112,4096,64,64,4,1,0,1,1,0,1,8.55331E-05,0,19,0.442366,386028,32791,0.094642,134656,5.79856,8388610,131072,0,0,8.70657,66.9852,0,3489870000,0,209797000,67108900,276972000,272761000,0,134924000,0,55.2579,0,16.9808,4.38032,0,34.1404,32,100,1024,1024,0,0,62
nbody_kernel,2494,4096,64,64,4,1,0,1,1,0,2,0.00028373,44,31,0.378336,386048,32791,0.0399603,69120,2.50872,4194300,131072,0,0,8.69625,69.2586,0,3489910000,0,104940000,33554400,138559000,271241000,0,126211000,0,45.349,0,13.9439,1.80623,0,26.2243,32,100,896,2048,0,0,72
nbody_kernel,1395,4096,64,64,4,1,0,1,1,0,4,0.000129452,0,19,0.671483,386016,32791,0.0378962,36352,4.50708,4194300,131072,0,0,8.69763,69.2674,0,3490010000,0,52510700,16777200,69353500,270021000,0,121842000,0,81.7471,0,25.1425,1.6302,0,45.6487,32,100,512,4096,0,0,122
nbody_kernel,7685,4096,64,64,4,1,1,0,0,0,1,0.00474407,2,3863,28.5335,401293,100717000,0.410414,2098180,2.38853E-05,0,0,201347000,100684000,8.79072,67.0346,0,3489870000,0,1143470000,268472000,2483420000,403784000,0,256057000,0,16.06,0,4.67026,10.8017,0,17.8197,32,100,1024,0,160,0,26
nbody_kernel,6792,4096,64,64,4,1,1,0,1,0,1,0.0059288,400,3846,32.3865,399558,100717000,0.0074295,33792,1.81423,8388610,131072,201347000,100683000,8.78014,67.7365,0,3489870000,0,1079510000,268472000,2689990000,339821000,0,258482000,0,17.7493,0,5.25403,13.1627,0,20.2369,32,100,1024,1024,160,0,28
nbody_kernel,7177,4096,64,64,4,1,1,1,0,0,1,0.00483231,0,3698,30.4551,399228,100717000,1.762,8392190,2.55473E-05,0,0,201347000,100684000,8.80904,66.9134,0,3489870000,0,1413090000,268472000,2684830000,335626000,0,268614000,0,18.4598,0,5.00429,12.513,0,20.0305,32,100,1024,0,160,0,27
nbody_kernel,4304,4096,64,64,4,1,1,1,0,0,2,0.0224687,1,10207,51.2581,402161,100723000,1.4671,4197890,4.29771E-05,0,0,151023000,100690000,8.73423,66.9838,0,3489910000,0,672776000,134255000,1342650000,336167000,0,193052000,0,28.9108,0,8.40963,10.5158,0,24.1921,32,100,1024,0,208,0,39
nbody_kernel,4997,4096,64,64,4,1,1,1,0,0,4,1.71622,100,903330,47.61,8912280,100735000,0.84101,2100740,3.68272E-05,0,0,125822000,100683000,8.78445,50.5153,0,3490010000,0,319869000,67145700,671564000,319189000,0,155274000,0,31.656,0,9.55555,5.97648,0,22.1094,32,100,1024,0,304,0,61
nbody_kernel,6811,4096,64,64,4,1,1,1,1,0,1,0.00504074,212,3431,32.2444,399976,100717000,0.0295967,134656,1.80737,8388610,131072,201347000,100684000,8.7868,67.589,0,3489870000,0,1150940000,268472000,2693220000,271663000,0,258685000,0,17.7413,0,5.24558,13.1573,0,20.2202,32,100,1024,1024,160,0,30
nbody_kernel,3994,4096,64,64,4,1,1,1,1,0,2,0.0254554,724,10007,55.0947,402384,100723000,0.0255176,69120,1.56851,4194300,131072,151019000,100690000,8.68639,67.9777,0,3489910000,0,542753000,134255000,1346850000,303137000,0,188088000,0,29.284,0,8.91581,11.1836,0,24.9887,32,100,1024,2048,208,0,40
nbody_kernel,5869,4096,64,64,4,1,1,1,1,0,4,3.06345,0,1914870,50.599,36345400,100735000,0.0131822,36352,1.05914,4194300,131072,125940000,100728000,9.77411,52.6816,0,3490010000,0,254333000,67145700,673661000,303190000,0,152792000,0,25.3055,0,7.78316,4.88315,0,17.7206,32,100,1024,4096,304,0,63
nbody_kernel,6566,4096,64,64,4,1,2,0,0,0,1,0.00726229,934,4117,33.4311,400964,100717000,0.466587,2098180,2.80487E-05,0,0,201347000,100684000,8.71311,68.6614,0,3489870000,0,673415000,134230000,1275300000,470999000,0,197293000,0,17.7377,0,5.35438,6.35949,0,15.7414,32,100,1024,0,160,0,37
nbody_kernel,5553,4096,64,64,4,1,2,0,1,0,1,0.00680012,0,3999,39.5789,398900,100717000,0.00882148,33792,2.21549,8388610,131072,201347000,100683000,8.70845,69.1295,0,3489870000,0,676565000,134230000,1481870000,339931000,0,199751000,0,20.8327,0,6.28678,8.67639,0,18.7129,32,100,1024,1024,160,0,37
nbody_kernel,5911,4096,64,64,4,1,2,1,0,0,1,0.0061288,32,3794,37.1132,399040,100717000,2.05747,8392190,3.11103E-05,0,0,201353000,100684000,8.70176,68.9935,0,3489870000,0,941969000,134230000,1476710000,403800000,0,209878000,0,21.0567,0,5.91026,8.12835,0,18.484,32,100,1024,0,160,0,37
nbody_kernel,3926,4096,64,64,4,1,2,1,0,0,2,0.0241515,0,9997,56.194,400560,100723000,1.60415,4197890,4.71268E-05,0,0,151021000,100690000,8.77509,67.6144,0,3489910000,0,437572000,67121200,738509000,369754000,0,163677000,0,30.8351,0,9.13563,6.28343,0,22.2817,32,100,1024,0,208,0,46
nbody_kernel,4557,4096,64,64,4,1,2,1,0,0,4,1.82839,1476,883160,51.5785,7991300,100735000,0.893713,2100740,4.02411E-05,0,0,125833000,100708000,8.77995,51.8747,0,3490010000,0,218943000,33566700,570786000,319160000,0,146871000,0,33.6841,0,10.1677,5.40506,0,22.2528,32,100,1024,0,304,0,63
nbody_kernel,5568,4096,64,64,4,1,2,1,1,0,1,0.00641364,168,3605,39.377,397012,100717000,0.0350343,134656,2.20546,8388610,131072,201348000,100684000,8.70695,69.0229,0,3489870000,0,680870000,134230000,1485090000,338792000,0,199949000,0,20.7949,0,6.26801,8.66932,0,18.6755,32,100,1024,1024,160,0,38
nbody_kernel,3508,4096,64,64,4,1,2,1,1,0,2,0.0253763,320,9062,62.9892,399980,100723000,0.029728,69120,1.79246,4194300,131072,151022000,100690000,8.79245,67.5146,0,3489910000,0,306500000,67121200,742703000,337773000,0,158712000,0,33.3635,0,10.2587,7.09597,0,24.262,32,100,1024,2048,208,0,48
nbody_kernel,5158,4096,64,64,4,1,2,1,1,0,4,3.35276,168,1829690,57.362,35727900,100735000,0.015025,36352,1.20767,4194300,131072,125814000,100746000,9.76628,52.6587,0,3490010000,0,153407000,33566700,572883000,303170000,0,144389000,0,28.8668,0,8.87848,4.73705,0,19.1028,32,100,1024,4096,304,0,64
nbody_kernel,3395,4096,64,64,4,1,4,0,0,0,1,0.000156541,0,56,0.284625,393080,32919,0.905103,2098180,0.00010839,0,0,0,0,8.69905,68.2309,0,3489870000,0,270594000,67113000,67174400,336683000,0,132265000,0,34.4883,0,10.4109,0.651394,0,20.519,32,100,1024,0,0,0,63
nbody_kernel,2243,4096,64,64,4,1,4,0,1,0,1,0.000453294,80,27,0.422101,388208,32807,0.0220008,33792,5.49512,8388610,131072,0,0,8.72214,68.8616,0,3489870000,0,206623000,67108900,273744000,272744000,0,134723000,0,50.8939,0,15.6539,3.99093,0,31.4259,32,100,1024,1024,0,0,63
nbody_kernel,2765,4096,64,64,4,1,4,1,0,0,1,0.000659671,100,92,0.346286,389596,32895,4.42793,8392190,0.000133267,0,0,0,0,8.71596,68.7674,0,3489870000,0,471941000,67113000,268583000,336687000,0,144851000,0,44.4547,0,12.7005,3.17696,0,27.4135,32,100,1024,0,0,0,64
nbody_kernel,2832,4096,64,64,4,1,4,1,0,0,2,0.000716529,164,51,0.337633,389636,32791,2.14674,4197890,0.00013009,0,0,0,0,8.69828,69.156,0,3489910000,0,236012000,33558500,134365000,302633000,0,131157000,0,41.6107,0,12.3281,1.54279,0,24.094,32,100,896,0,0,0,72
nbody_kernel,1700,4096,64,64,4,1,4,1,0,0,4,0.000138886,0,25,0.554811,390096,32791,1.80413,2100740,0.000217261,0,0,0,0,8.69616,68.7159,0,3490010000,0,118047000,16781300,67256300,285647000,0,124313000,0,68.6451,0,20.7207,1.29805,0,38.3834,32,100,512,0,0,0,128
nbody_kernel,2127,4096,64,64,4,1,4,1,1,0,1,8.52981E-05,0,19,0.449089,386164,32791,0.0945927,134656,5.88929,8388610,131072,0,0,8.70857,68.1109,0,3489870000,0,209797000,67108900,276972000,272761000,0,134924000,0,55.195,0,16.9614,4.37533,0,34.1015,32,100,1024,1024,0,0,62
nbody_kernel,2492,4096,64,64,4,1,4,1,1,0,2,0.000367065,16,81,0.378712,386056,32863,0.039961,69120,2.50973,4194300,131072,0,0,8.69621,69.2864,0,3489910000,0,104940000,33554400,138559000,271241000,0,126211000,0,45.3489,0,13.9439,1.80623,0,26.2243,32,100,896,2048,0,0,72
nbody_kernel,1394,4096,64,64,4,1,4,1,1,0,4,0.00012949,0,19,0.671265,386016,32791,0.0378954,36352,4.50767,4194300,131072,0,0,8.69742,69.2715,0,3490010000,0,52510700,16777200,69353500,270021000,0,121842000,0,81.7529,0,25.1443,1.63031,0,45.6519,32,100,512,4096,0,0,122
nbody_kernel,3319,4096,64,64,4,2,0,0,0,0,1,4.2733E-05,0,15,0.290996,391800,32791,0.925904,2098180,0.000110715,0,0,0,0,8.69911,68.199,0,3489870000,0,136376000,33558500,67174400,303137000,0,125974000,0,34.9121,0,10.6392,0.665679,0,19.9715,32,100,1024,0,0,0,64
nbody_kernel,2255,4096,64,64,4,2,0,0,1,0,1,7.97871E-05,0,19,0.419736,388216,32791,0.0217876,33792,2.78005,4194300,131072,0,0,8.71195,68.9402,0,3489870000,0,105959000,33554400,139526000,272753000,0,126335000,0,50.4695,0,15.5234,2.01723,0,29.2236,32,100,1024,1024,0,0,64
nbody_kernel,2521,4096,64,64,4,2,0,1,0,0,1,0.000116293,12,19,0.377718,389592,32791,4.84891,8392190,0.000145931,0,0,0,0,8.70865,68.7229,0,3489870000,0,237060000,33558500,268583000,303137000,0,135414000,0,46.9711,0,13.9164,3.48111,0,28.081,32,100,1024,0,0,0,64
nbody_kernel,2320,4096,64,64,4,2,0,1,0,0,2,8.96901E-05,1,21,0.409961,389620,32791,2.62562,4197890,0.000158711,0,0,0,0,8.6974,68.9269,0,3489910000,0,118571000,16781300,134365000,285856000,0,126438000,0,49.991,0,15.0903,1.88848,0,28.4315,32,100,768,0,0,0,80
nbody_kernel,1706,4096,64,64,4,2,0,1,0,0,4,0.00010599,0,19,0.553429,389624,32791,1.79756,2100740,0.000216587,0,0,0,0,8.69613,68.7684,0,3490010000,0,59326500,8392700,67256300,277262000,0,121954000,0,67.7349,0,20.6406,1.29303,0,37.5095,32,100,512,0,0,0,128
nbody_kernel,1886,4096,64,64,4,2,0,1,1,0,1,9.5927E-05,0,19,0.497544,386296,32791,0.103462,134656,3.36099,4194300,131072,0,0,8.69755,69.3025,0,3489870000,0,109134000,33554400,142754000,273805000,0,126568000,0,60.2987,0,18.5298,2.4817,0,34.9475,32,100,1024,1024,0,0,64
nbody_kernel,1992,4096,64,64,4,2,0,1,1,0,2,0.000664028,106,33,0.47183,386044,32791,0.0502213,69120,3.15816,4194300,131072,0,0,8.69853,69.3841,0,3489910000,0,54607900,16777200,71450600,271241000,0,122016000,0,56.9853,0,17.5219,1.17459,0,31.8582,32,100,768,2048,0,0,80
nbody_kernel,1317,4096,64,64,4,2,0,1,1,0,4,0.000137363,0,19,0.708133,386044,32791,0.0401141,36352,4.76559,4194300,131072,0,0,8.69676,69.1736,0,3490010000,0,27344900,8388610,69353500,270045000,0,120794000,0,86.553,0,26.6206,1.72604,0,47.9168,32,100,512,4096,0,0,126
nbody_kernel,7520,4096,64,64,4,2,1,0,0,0,1,0.00522282,312,3857,29.1649,403265,100717000,0.422932,2098180,2.4463E-05,0,0,201349000,100684000,8.80949,66.8258,0,3489870000,0,1143460000,234918000,2483420000,336683000,0,247636000,0,17.2447,0,4.79816,11.0975,0,17.7056,32,100,1024,0,160,0,29
nbody_kernel,6128,4096,64,64,4,2,1,0,1,0,1,0.00659737,304,3979,35.8771,400130,100717000,0.00815109,33792,2.01147,8388610,131072,201346000,100683000,8.75532,68.2789,0,3489870000,0,1080540000,234918000,2689990000,338788000,0,252190000,0,20.4255,0,5.77896,14.4778,0,21.717,32,100,1024,1024,160,0,29
nbody_kernel,6856,4096,64,64,4,2,1,1,0,0,1,0.00512774,40,3690,31.9304,400096,100717000,1.83991,8392190,2.67885E-05,0,0,201347000,100684000,8.79927,67.2057,0,3489870000,0,1244250000,234918000,2684830000,336687000,0,257080000,0,19.4304,0,5.22458,13.0638,0,20.0143,32,100,1024,0,160,0,35
nbody_kernel,4112,4096,64,64,4,2,1,1,0,0,2,0.0228468,0,9911,53.6654,401708,100723000,1.51677,4197890,4.50012E-05,0,0,151021000,100690000,8.75268,68.1105,0,3489910000,0,588829000,117477000,1342650000,336228000,0,187285000,0,29.7711,0,8.66004,10.8289,0,24.1682,32,100,1024,0,208,0,47
nbody_kernel,5273,4096,64,64,4,2,1,1,0,0,4,1.49752,132,837330,44.5551,7895830,100735000,0.836929,2100740,3.47913E-05,0,0,125816000,100692000,8.68446,47.4226,0,3490010000,0,294703000,58757100,671564000,302404000,0,152390000,0,32.1569,0,9.61603,6.01431,0,21.8361,32,100,1024,0,304,0,64
nbody_kernel,6097,4096,64,64,4,2,1,1,1,0,1,0.00569083,0,3676,36.0072,397692,100717000,0.0326432,134656,2.01578,8388610,131072,201346000,100684000,8.75499,68.0554,0,3489870000,0,1082780000,234918000,2693220000,339829000,0,252394000,0,20.7351,0,5.81037,14.5739,0,21.8526,32,100,1024,1024,160,0,30
nbody_kernel,3608,4096,64,64,4,2,1,1,1,0,2,0.0246146,0,9335,61.2747,400676,100723000,0.0278867,69120,1.74203,4194300,131072,151020000,100690000,8.70056,69.149,0,3489910000,0,524866000,117477000,1346850000,321020000,0,184942000,0,32.8752,0,9.73445,12.2104,0,26.8268,32,100,1024,2048,208,0,41
nbody_kernel,5423,4096,64,64,4,2,1,1,1,0,4,3.15057,378,1816560,54.7085,36310600,100735000,0.0143762,36352,1.14685,4194300,131072,125840000,100819000,9.82304,52.5937,0,3490010000,0,262722000,58757100,673661000,294801000,0,151219000,0,27.9744,0,8.44175,5.29635,0,19.0222,32,100,1024,4096,304,0,64
nbody_kernel,6195,4096,64,64,4,2,2,0,0,0,1,0.00739294,636,4227,35.3857,400980,100717000,0.493383,2098180,2.96899E-05,0,0,201347000,100684000,8.70649,68.6994,0,3489870000,0,606274000,100676000,1275300000,403923000,0,188905000,0,19.2961,0,5.66455,6.72788,0,15.9452,32,100,1024,0,160,0,37
nbody_kernel,5259,4096,64,64,4,2,2,0,1,0,1,0.00722941,0,4028,41.7769,399496,100717000,0.00932232,33792,2.34281,8388610,131072,201347000,100683000,8.71138,69.1845,0,3489870000,0,575865000,100676000,1481870000,373522000,0,193460000,0,22.4274,0,6.6428,9.16772,0,19.1498,32,100,1024,1024,160,0,37
nbody_kernel,5529,4096,64,64,4,2,2,1,0,0,1,0.00644859,0,3779,39.7295,400688,100717000,2.20376,8392190,3.32867E-05,0,0,201350000,100684000,8.70881,68.9767,0,3489870000,0,707056000,100676000,1476710000,403833000,0,198344000,0,22.1397,0,6.32527,8.6991,0,18.6947,32,100,1024,0,160,0,38
nbody_kernel,3769,4096,64,64,4,2,2,1,0,0,2,0.0255152,1,10132,58.5535,400476,100723000,1.67871,4197890,4.91119E-05,0,0,151022000,100690000,8.78529,67.4271,0,3489910000,0,353686000,50343900,738509000,336200000,0,157910000,0,32.2232,0,9.5469,6.5663,0,22.4643,32,100,1024,0,208,0,54
nbody_kernel,4832,4096,64,64,4,2,2,1,0,0,4,1.55761,0,802303,48.3254,7188500,100735000,0.89723,2100740,3.79894E-05,0,0,125819000,100679000,8.68223,48.2519,0,3490010000,0,177000000,25178100,570786000,302387000,0,143988000,0,34.1868,0,10.3195,5.48572,0,22.1414,32,100,1024,0,304,0,64
nbody_kernel,5265,4096,64,64,4,2,2,1,1,0,1,0.00765995,644,3627,41.7284,397084,100717000,0.0370777,134656,2.33674,8388610,131072,201348000,100684000,8.70907,69.0882,0,3489870000,0,579129000,100676000,1485090000,373424000,0,193658000,0,22.4198,0,6.63482,9.17666,0,19.1464,32,100,1024,1024,160,0,38
nbody_kernel,3402,4096,64,64,4,2,2,1,1,0,2,0.0252273,12,9015,65.0176,400116,100723000,0.0307226,69120,1.8503,4194300,131072,151021000,100690000,8.79675,67.4576,0,3489910000,0,289722000,50343900,742703000,320995000,0,155567000,0,35.1316,0,10.5987,7.33112,0,24.5692,32,100,1024,2048,208,0,48
nbody_kernel,5020,4096,64,64,4,2,2,1,1,0,4,3.27915,4,1768060,58.7044,35836700,100735000,0.0155989,36352,1.23724,4194300,131072,125867000,100685000,9.81841,52.1561,0,3490010000,0,145019000,25178100,572883000,295043000,0,142825000,0,30.0887,0,9.16619,4.89279,0,19.5081,32,100,1024,4096,304,0,64
nbody_kernel,3319,4096,64,64,4,2,4,0,0,0,1,0.000369278,72,58,0.291636,391776,32807,0.925785,2098180,0.000110714,0,0,0,0,8.69956,68.1896,0,3489870000,0,136376000,33558500,67174400,303137000,0,125974000,0,34.9167,0,10.6406,0.665766,0,19.9742,32,100,1024,0,0,0,64
nbody_kernel,2255,4096,64,64,4,2,4,0,1,0,1,7.97468E-05,0,19,0.420033,388348,32791,0.0217882,33792,2.78151,4194300,131072,0,0,8.71187,68.9793,0,3489870000,0,105959000,33554400,139526000,272753000,0,126335000,0,50.4673,0,15.5227,2.01714,0,29.2223,32,100,1024,1024,0,0,64
nbody_kernel,2519,4096,64,64,4,2,4,1,0,0,1,4.12736E-05,0,11,0.378051,389596,32791,4.84762,8392190,0.000146003,0,0,0,0,8.70831,68.7527,0,3489870000,0,237060000,33558500,268583000,303137000,0,135414000,0,46.9738,0,13.9172,3.48131,0,28.0827,32,100,1024,0,0,0,64
nbody_kernel,2319,4096,64,64,4,2,4,1,0,0,2,7.7458E-05,0,19,0.409825,389628,32791,2.6257,4197890,0.000158667,0,0,0,0,8.69738,68.9027,0,3489910000,0,118571000,16781300,134365000,285856000,0,126438000,0,49.9946,0,15.0914,1.88861,0,28.4335,32,100,768,0,0,0,80
nbody_kernel,1706,4096,64,64,4,2,4,1,0,0,4,0.000105549,0,19,0.554105,389628,32791,1.79729,2100740,0.000216533,0,0,0,0,8.69601,68.7622,0,3490010000,0,59326500,8392700,67256300,277262000,0,121954000,0,67.7241,0,20.6374,1.29283,0,37.5035,32,100,512,0,0,0,128
nbody_kernel,1885,4096,64,64,4,2,4,1,1,0,1,9.59667E-05,0,19,0.497952,386048,32791,0.103461,134656,3.3628,4194300,131072,0,0,8.69758,69.3378,0,3489870000,0,109134000,33554400,142754000,273805000,0,126568000,0,60.3004,0,18.5303,2.48177,0,34.9485,32,100,1024,1024,0,0,64
nbody_kernel,1991,4096,64,64,4,2,4,1,1,0,2,9.07542E-05,0,19,0.471284,386752,32791,0.0502225,69120,3.15506,4194300,131072,0,0,8.69852,69.3142,0,3489910000,0,54607900,16777200,71450600,271241000,0,122016000,0,56.9868,0,17.5223,1.17462,0,31.8591,32,100,768,2048,0,0,80
nbody_kernel,1318,4096,64,64,4,2,4,1,1,0,4,0.000137318,0,19,0.71017,386512,32791,0.0401134,36352,4.78241,4194300,131072,0,0,8.69684,69.42,0,3490010000,0,27344900,8388610,69353500,270045000,0,120794000,0,86.5502,0,26.6197,1.72598,0,47.9152,32,100,512,4096,0,0,126
nbody_kernel,3173,4096,64,64,4,4,0,0,0,0,1,0.000526846,154,23,0.303894,392804,32791,0.970109,2098180,0.000115945,0,0,0,0,8.69979,68.2032,0,3489870000,0,69267500,16781300,67174400,286355000,0,122828000,0,36.385,0,11.1411,0.697082,0,20.3914,32,100,896,0,0,0,66
nbody_kernel,1875,4096,64,64,4,4,0,0,1,0,1,9.59146E-05,0,19,0.503165,388220,32791,0.026156,33792,3.38185,4194300,131072,0,0,8.70324,69.2692,0,3489870000,0,55636000,16777200,72417300,273801000,0,122174000,0,60.6472,0,18.6538,1.27637,0,33.96,32,100,896,1024,0,0,71
nbody_kernel,2204,4096,64,64,4,4,0,1,0,0,1,8.1534E-05,0,19,0.430877,389596,32791,5.61694,8392190,0.000167536,0,0,0,0,8.73543,68.3002,0,3489870000,0,119620000,16781300,268583000,286351000,0,130696000,0,53.2542,0,16.0756,4.02122,0,31.3076,32,100,896,0,0,0,72
nbody_kernel,2467,4096,64,64,4,4,0,1,0,0,2,0.000154005,5,35,0.385748,389628,32807,2.47636,4197890,0.000149284,0,0,0,0,8.70766,68.8589,0,3489910000,0,59850800,8392700,134365000,277471000,0,124079000,0,46.6242,0,14.208,1.77806,0,26.2697,32,100,768,0,0,0,80
nbody_kernel,1579,4096,64,64,4,4,0,1,0,0,4,0.000114611,0,19,0.597098,389628,32791,1.9375,2100740,0.000234218,0,0,0,0,8.69482,68.9813,0,3490010000,0,29966300,4198400,67256300,273064000,0,120774000,0,72.675,0,22.252,1.39397,0,40.0465,32,100,512,0,0,0,128
nbody_kernel,1778,4096,64,64,4,4,0,1,1,0,1,0.000101647,0,19,0.52674,386072,32791,0.110071,134656,3.56212,4194300,131072,0,0,8.70503,69.0968,0,3489870000,0,58802200,16777200,75644900,273809000,0,122374000,0,64.0974,0,19.6971,1.40697,0,35.9182,32,100,896,1024,0,0,72
nbody_kernel,1363,4096,64,64,4,4,0,1,1,0,2,0.000132797,0,19,0.685505,386528,32791,0.0737509,69120,4.62676,4194300,131072,0,0,8.69768,69.2074,0,3489910000,0,29442000,8388610,71450600,271229000,0,120967000,0,83.6975,0,25.7353,1.72519,0,46.3897,32,100,640,2048,0,0,94
nbody_kernel,1284,4096,64,64,4,4,0,1,1,0,4,0.000733672,80,19,0.729521,386080,32791,0.0412177,36352,4.91448,4194300,131072,0,0,8.69673,69.4262,0,3490010000,0,14762000,4194300,69353500,270017000,0,120269000,0,88.9324,0,27.3524,1.77349,0,49.02,32,100,512,4096,0,0,124
nbody_kernel,7442,4096,64,64,4,4,1,0,0,0,1,0.0051763,140,3947,29.4844,402948,100717000,0.425403,2098180,2.47333E-05,0,0,201348000,100684000,8.79538,67.0555,0,3489870000,0,1009180000,218141000,2483420000,387076000,0,244490000,0,16.9975,0,4.83456,11.1817,0,17.6132,32,100,1024,0,160,0,29
nbody_kernel,5974,4096,64,64,4,4,1,0,1,0,1,0.0061684,0,3892,36.7186,399446,100717000,0.00833607,33792,2.05739,8388610,131072,201345000,100683000,8.74854,68.2241,0,3489870000,0,1012330000,218141000,2689990000,356663000,0,250093000,0,20.8042,0,5.91563,14.8201,0,22.0457,32,100,1024,1024,160,0,29
nbody_kernel,6823,4096,64,64,4,4,1,1,0,0,1,0.00500463,0,3627,32.1153,400952,100717000,1.85767,8392190,2.68993E-05,0,0,201347000,100684000,8.81426,66.911,0,3489870000,0,1076440000,218141000,2684830000,370282000,0,252361000,0,18.8554,0,5.26929,13.1756,0,19.8151,32,100,1024,0,160,0,35
nbody_kernel,4029,4096,64,64,4,4,1,1,0,0,2,0.0233484,61,9857,54.8023,401865,100723000,1.53906,4197890,4.5994E-05,0,0,151021000,100690000,8.73447,68.4947,0,3489910000,0,530108000,109089000,1342650000,327840000,0,184926000,0,29.9821,0,8.80144,11.0057,0,24.2535,32,100,1024,0,208,0,47
nbody_kernel,5071,4096,64,64,4,4,1,1,0,0,4,1.70826,304,916332,46.7774,9049470,100735000,0.824109,2100740,7.22742E-05,0,0,125849000,100695000,8.76919,50.4574,0,3490010000,0,265355000,54562800,671564000,298222000,0,151211000,0,31.2452,0,9.38725,5.87126,0,21.1517,32,100,1024,0,304,0,64
nbody_kernel,5979,4096,64,64,4,4,1,1,1,0,1,0.00554036,0,3514,36.6907,399540,100717000,0.033165,134656,2.05714,8388610,131072,201347000,100684000,8.75054,68.3658,0,3489870000,0,1015630000,218141000,2693220000,356647000,0,250297000,0,20.776,0,5.90268,14.8054,0,22.0153,32,100,1024,1024,160,0,30
nbody_kernel,3502,4096,64,64,4,4,1,1,1,0,2,0.0242867,0,8964,63.082,401268,100723000,0.0289736,69120,1.79517,4194300,131072,151020000,100690000,8.72291,68.8133,0,3489910000,0,499700000,109089000,1346850000,321024000,0,183894000,0,34.0433,0,10.0803,12.6443,0,27.6225,32,100,1024,2048,208,0,41
nbody_kernel,5367,4096,64,64,4,4,1,1,1,0,4,3.12021,74,1797840,54.9325,36364000,100735000,0.0145324,36352,1.1518,4194300,131072,125816000,100710000,9.83411,52.1922,0,3490010000,0,250147000,54562800,673661000,295080000,0,150703000,0,28.2571,0,8.52705,5.35198,0,19.1489,32,100,1024,4096,304,0,61
nbody_kernel,6155,4096,64,64,4,4,2,0,0,0,1,0.00632146,0,4130,35.6508,400992,100717000,0.49763,2098180,2.98666E-05,0,0,201347000,100684000,8.70975,68.5149,0,3489870000,0,539165000,83898400,1275300000,387146000,0,185759000,0,19.3739,0,5.7136,6.78614,0,15.8155,32,100,1024,0,160,0,37
nbody_kernel,5119,4096,64,64,4,4,2,0,1,0,1,0.00704955,0,3819,42.9708,398668,100717000,0.00961851,33792,2.40693,8388610,131072,201347000,100683000,8.71867,68.9583,0,3489870000,0,525533000,83898400,1481870000,373522000,0,191363000,0,23.1168,0,6.847,9.44955,0,19.5245,32,100,1024,1024,160,0,37
nbody_kernel,5420,4096,64,64,4,4,2,1,0,0,1,0.00626772,0,3597,40.5561,399376,100717000,2.25461,8392190,3.40376E-05,0,0,201347000,100684000,8.71218,68.9771,0,3489870000,0,589615000,83898400,1476710000,387056000,0,193625000,0,22.2347,0,6.4679,8.89527,0,18.6615,32,100,1024,0,160,0,40
nbody_kernel,3744,4096,64,64,4,4,2,1,0,0,2,0.0254248,0,10034,58.9924,400568,100723000,1.69967,4197890,4.94847E-05,0,0,151022000,100690000,8.79989,67.2003,0,3489910000,0,294965000,41955300,738509000,327811000,0,155550000,0,32.2758,0,9.65184,6.63847,0,22.3719,32,100,1024,0,208,0,54
nbody_kernel,4774,4096,64,64,4,4,2,1,0,0,4,1.76864,260,894073,49.4662,8128120,100735000,0.865395,2100740,7.70653E-05,0,0,125849000,100695000,8.71527,50.9345,0,3490010000,0,147653000,20983800,570786000,298193000,0,142809000,0,32.6945,0,9.91577,5.27116,0,21.101,32,100,1024,0,304,0,64
nbody_kernel,5121,4096,64,64,4,4,2,1,1,0,1,0.00662445,168,3426,42.9275,396976,100717000,0.0382928,134656,2.4073,8388610,131072,201347000,100684000,8.71994,69.0339,0,3489870000,0,528798000,83898400,1485090000,373424000,0,191561000,0,23.115,0,6.84054,9.4612,0,19.5263,32,100,1024,1024,160,0,38
nbody_kernel,3353,4096,64,64,4,4,2,1,1,0,2,0.0254614,24,8980,65.9027,402208,100723000,0.0312915,69120,1.87614,4194300,131072,151021000,100690000,8.80754,67.2428,0,3489910000,0,264557000,41955300,742703000,320995000,0,154518000,0,35.7359,0,10.781,7.45724,0,24.8234,32,100,1024,2048,208,0,48
nbody_kernel,5002,4096,64,64,4,4,2,1,1,0,4,3.26343,0,1758920,58.7268,35873800,100735000,0.0156446,36352,1.2364,4194300,131072,125886000,100748000,9.82448,52.0049,0,3490010000,0,132448000,20983800,572883000,295047000,0,142301000,0,30.155,0,9.18638,4.9036,0,19.4793,32,100,1024,4096,304,0,61
nbody_kernel,3172,4096,64,64,4,4,4,0,0,0,1,0.000113215,16,22,0.303702,391808,32791,0.969319,2098180,0.000115796,0,0,0,0,8.7002,68.1343,0,3489870000,0,69267500,16781300,67174400,286355000,0,122828000,0,36.3751,0,11.138,0.696891,0,20.3858,32,100,896,0,0,0,66
nbody_kernel,1874,4096,64,64,4,4,4,0,1,0,1,0.000742431,68,79,0.50467,388208,32855,0.0261558,33792,3.37376,4194300,131072,0,0,8.7032,69.1062,0,3489870000,0,55636000,16777200,72417300,273801000,0,122174000,0,60.6447,0,18.653,1.27632,0,33.9586,32,100,896,1024,0,0,71
nbody_kernel,2204,4096,64,64,4,4,4,1,0,0,1,0,0,0,0.430623,389600,32791,5.61664,8392190,0.000167496,0,0,0,0,8.73632,68.281,0,3489870000,0,119620000,16781300,268583000,286351000,0,130696000,0,53.2565,0,16.0763,4.02139,0,31.3089,32,100,896,0,0,0,72
nbody_kernel,2469,4096,64,64,4,4,4,1,0,0,2,0.00136941,301,55,0.385726,389876,32791,2.47725,4197890,0.000149383,0,0,0,0,8.70644,68.8838,0,3489910000,0,59850800,8392700,134365000,277471000,0,124079000,0,46.6381,0,14.2123,1.7786,0,26.2776,32,100,768,0,0,0,80
nbody_kernel,1579,4096,64,64,4,4,4,1,0,0,4,0.000114609,0,19,0.598127,389628,32791,1.93737,2100740,0.000234373,0,0,0,0,8.69458,69.0271,0,3490010000,0,29966300,4198400,67256300,273064000,0,120774000,0,72.6748,0,22.2519,1.39397,0,40.0464,32,100,512,0,0,0,128
nbody_kernel,1777,4096,64,64,4,4,4,1,1,0,1,0.000101198,0,19,0.52768,386080,32791,0.110067,134656,3.56959,4194300,131072,0,0,8.70502,69.2453,0,3489870000,0,58802200,16777200,75644900,273809000,0,122374000,0,64.094,0,19.6961,1.4069,0,35.9163,32,100,896,1024,0,0,72
nbody_kernel,1363,4096,64,64,4,4,4,1,1,0,2,0.000132434,0,19,0.686879,386012,32791,0.0737525,69120,4.63946,4194300,131072,0,0,8.69776,69.3971,0,3489910000,0,29442000,8388610,71450600,271229000,0,120967000,0,83.6978,0,25.7354,1.72519,0,46.3899,32,100,640,2048,0,0,94
nbody_kernel,1284,4096,64,64,4,4,4,1,1,0,4,0.000140819,0,19,0.729535,386656,32791,0.0412173,36352,4.91416,4194300,131072,0,0,8.69676,69.424,0,3490010000,0,14762000,4194300,69353500,270017000,0,120269000,0,88.9293,0,27.3515,1.77342,0,49.0183,32,100,512,4096,0,0,124
nbody_kernel,2061,4096,64,64,4,8,0,0,0,0,1,7.80359E-05,0,17,0.46262,391788,32791,1.4814,2098180,0.000179336,0,0,0,0,8.69807,69.0477,0,3489870000,0,35713000,8392700,67174400,277967000,0,121255000,0,55.4568,0,17.0215,1.06502,0,30.7555,32,100,896,0,0,0,72
nbody_kernel,1460,4096,64,64,4,8,0,0,1,0,1,0.000123525,0,19,0.644498,388196,32791,0.0336882,33792,4.35776,4194300,131072,0,0,8.70114,69.2866,0,3489870000,0,30470100,8388610,72417300,273805000,0,121125000,0,78.1286,0,24.0307,1.64428,0,43.3735,32,100,768,1024,0,0,80
nbody_kernel,2070,4096,64,64,4,8,0,1,0,0,1,8.68025E-05,0,19,0.458286,389592,32791,5.9112,8392190,0.000178448,0,0,0,0,8.70286,68.8864,0,3489870000,0,60899300,8392700,268583000,277963000,0,128336000,0,55.7096,0,16.9769,4.24669,0,32.4661,32,100,896,0,0,0,72
nbody_kernel,1639,4096,64,64,4,8,0,1,0,0,2,0.000133291,0,23,0.57743,389880,32791,3.73001,4197890,0.000225886,0,0,0,0,8.696,69.0884,0,3489910000,0,30490600,4198400,134365000,273281000,0,122899000,0,69.9792,0,21.4272,2.6815,0,39.2408,32,100,640,0,0,0,96
nbody_kernel,1574,4096,64,64,4,8,0,1,0,0,4,0.000114532,0,19,0.600504,389756,32791,1.94966,2100740,0.000235202,0,0,0,0,8.69913,68.8638,0,3490010000,0,15286300,2101250,67256300,270967000,0,120184000,0,72.9299,0,22.3836,1.40222,0,40.0866,32,100,512,0,0,0,128
nbody_kernel,1759,4096,64,64,4,8,0,1,1,0,1,0.000102396,0,19,0.533386,386088,32791,0.110982,134656,3.60169,4194300,131072,0,0,8.69745,69.2273,0,3489870000,0,33636400,8388610,75644900,273805000,0,121325000,0,64.6871,0,19.8784,1.41992,0,35.938,32,100,896,1024,0,0,72
nbody_kernel,1362,4096,64,64,4,8,0,1,1,0,2,0.000132911,0,19,0.685576,386024,32791,0.0737289,69120,4.62615,4194300,131072,0,0,8.69692,69.214,0,3489910000,0,16859100,4194300,71450600,271229000,0,120443000,0,83.6784,0,25.7295,1.72479,0,46.1781,32,100,640,2048,0,0,96
nbody_kernel,1289,4096,64,64,4,8,0,1,1,0,4,0.000140635,0,19,0.725614,386248,32791,0.0411106,36352,4.88197,4194300,131072,0,0,8.69728,69.1504,0,3490010000,0,8470530,2097150,69353500,270012000,0,120007000,0,88.6964,0,27.2798,1.76878,0,48.7833,32,100,512,4096,0,0,126
nbody_kernel,7400,4096,64,64,4,8,1,0,0,0,1,0.00544841,444,3834,29.6387,401248,100717000,0.427027,2098180,2.48635E-05,0,0,201347000,100684000,8.79118,67.1396,0,3489870000,0,975671000,209752000,2483420000,378720000,0,242919000,0,17.0277,0,4.85393,11.2265,0,17.5702,32,100,1024,0,160,0,31
nbody_kernel,5903,4096,64,64,4,8,1,0,1,0,1,0.00630218,84,3865,37.1813,400458,100717000,0.00842544,33792,2.0847,8388610,131072,201346000,100683000,8.74603,68.3881,0,3489870000,0,970428000,209752000,2689990000,373477000,0,249047000,0,20.9363,0,5.97979,14.9809,0,22.1916,32,100,1024,1024,160,0,31
nbody_kernel,6836,4096,64,64,4,8,1,1,0,0,1,0.00631782,976,3611,31.9024,399816,100717000,1.86631,8392190,2.67302E-05,0,0,201348000,100684000,8.83132,66.2768,0,3489870000,0,1000960000,209752000,2684830000,378728000,0,250004000,0,18.6683,0,5.28628,13.2181,0,19.6933,32,100,1024,0,160,0,37
nbody_kernel,4025,4096,64,64,4,8,1,1,0,0,2,0.024686,667,9819,54.8523,403127,100723000,1.53772,4197890,4.6008E-05,0,0,151022000,100690000,8.73117,68.5468,0,3489910000,0,500789000,104894000,1342650000,323670000,0,183748000,0,29.8311,0,8.79744,11.0007,0,24.0881,32,100,1024,0,208,0,49
nbody_kernel,5386,4096,64,64,4,8,1,1,0,0,4,1.35969,0,779946,43.127,6818270,100735000,0.837593,2100740,6.80219E-05,0,0,125823000,100703000,8.60365,45.8673,0,3490010000,0,250712000,52465700,671564000,296079000,0,150621000,0,32.2738,0,9.71909,6.07881,0,21.8139,32,100,1024,0,304,0,64
nbody_kernel,5883,4096,64,64,4,8,1,1,1,0,1,0.00722694,830,3678,37.3152,397592,100717000,0.0336434,134656,2.09229,8388610,131072,201347000,100684000,8.74159,68.4381,0,3489870000,0,973697000,209752000,2693220000,373486000,0,249250000,0,21.0147,0,5.99717,15.0424,0,22.2743,32,100,1024,1024,160,0,32
nbody_kernel,3474,4096,64,64,4,8,1,1,1,0,2,0.0245809,0,9016,63.6082,403708,100723000,0.0292208,69120,1.81026,4194300,131072,151021000,100690000,8.72573,68.8343,0,3489910000,0,487158000,104894000,1346850000,321057000,0,183372000,0,34.319,0,10.1619,12.7467,0,27.7672,32,100,1024,2048,208,0,43
nbody_kernel,5369,4096,64,64,4,8,1,1,1,0,4,3.13228,328,1801490,54.927,36359800,100735000,0.0145678,36352,1.15277,4194300,131072,125970000,100664000,9.83459,52.1338,0,3490010000,0,243900000,52465700,673661000,295027000,0,150441000,0,28.3128,0,8.54384,5.36252,0,19.1532,32,100,1024,4096,304,0,61
nbody_kernel,6101,4096,64,64,4,8,2,0,0,0,1,0.00636653,0,4118,36.0032,401032,100717000,0.50243,2098180,3.02096E-05,0,0,201347000,100684000,8.7075,68.6416,0,3489870000,0,505635000,75509800,1275300000,378765000,0,184187000,0,19.5152,0,5.76856,6.85142,0,15.8325,32,100,1024,0,160,0,41
nbody_kernel,5092,4096,64,64,4,8,2,0,1,0,1,0.00763403,158,3957,43.1781,398816,100717000,0.00967142,33792,2.42145,8388610,131072,201347000,100683000,8.7201,69.0013,0,3489870000,0,500392000,75509800,1481870000,373522000,0,190315000,0,23.2417,0,6.884,9.50061,0,19.5225,32,100,1024,1024,160,0,41
nbody_kernel,5350,4096,64,64,4,8,2,1,0,0,1,0.00693899,140,3792,41.0735,399244,100717000,2.28169,8392190,3.44295E-05,0,0,201348000,100684000,8.71073,68.9153,0,3489870000,0,530919000,75509800,1476710000,378675000,0,191267000,0,22.3063,0,6.54825,9.00577,0,18.6632,32,100,1024,0,160,0,42
nbody_kernel,3713,4096,64,64,4,8,2,1,0,0,2,0.025808,0,10086,59.4871,400972,100723000,1.71806,4197890,4.99261E-05,0,0,151022000,100690000,8.80579,67.1315,0,3489910000,0,265630000,37761000,738509000,323629000,0,154372000,0,32.4447,0,9.7479,6.70455,0,22.4234,32,100,1024,0,208,0,56
nbody_kernel,5008,4096,64,64,4,8,2,1,0,0,4,1.47751,664,782453,46.2091,6205120,100735000,0.87592,2100740,7.33306E-05,0,0,125841000,100704000,8.5579,47.032,0,3490010000,0,132997000,18886700,570786000,296116000,0,142220000,0,33.6116,0,10.2181,5.43189,0,21.6549,32,100,1024,0,304,0,64
nbody_kernel,5060,4096,64,64,4,8,2,1,1,0,1,0.00649318,0,3478,43.4586,396764,100717000,0.0387863,134656,2.43723,8388610,131072,201347000,100684000,8.72059,69.0005,0,3489870000,0,503656000,75509800,1485090000,373432000,0,190513000,0,23.4137,0,6.92896,9.58348,0,19.6705,32,100,1024,1024,160,0,41
nbody_kernel,3330,4096,64,64,4,8,2,1,1,0,2,0.0244969,0,8740,66.4399,400716,100723000,0.0315922,69120,1.89799,4194300,131072,151021000,100690000,8.81151,67.1413,0,3489910000,0,251998000,37761000,742703000,321528000,0,154011000,0,36.0706,0,10.882,7.5324,0,24.9737,32,100,1024,2048,208,0,50
nbody_kernel,5005,4096,64,64,4,8,2,1,1,0,4,3.28344,72,1763710,58.8011,35850600,100735000,0.0156544,36352,1.23915,4194300,131072,125838000,100770000,9.82079,52.085,0,3490010000,0,126181000,18886700,572883000,295068000,0,142040000,0,30.1755,0,9.19264,4.90695,0,19.4569,32,100,1024,4096,304,0,63
nbody_kernel,2060,4096,64,64,4,8,4,0,0,0,1,2.75557E-05,0,6,0.462322,392276,32791,1.48025,2098180,0.000178859,0,0,0,0,8.69825,68.8653,0,3489870000,0,35713000,8392700,67174400,277967000,0,121255000,0,55.4556,0,17.0212,1.06499,0,30.7548,32,100,896,0,0,0,72
nbody_kernel,1460,4096,64,64,4,8,4,0,1,0,1,0.000110552,0,17,0.644638,388212,32839,0.0336873,33792,4.35047,4194300,131072,0,0,8.70123,69.1728,0,3489870000,0,30470100,8388610,72417300,273805000,0,121125000,0,78.1262,0,24.03,1.64423,0,43.3723,32,100,768,1024,0,0,80
nbody_kernel,2068,4096,64,64,4,8,4,1,0,0,1,0.00266304,548,34,0.458203,389600,32791,5.90909,8392190,0.000178256,0,0,0,0,8.70216,68.8134,0,3489870000,0,60899300,8392700,268583000,277963000,0,128336000,0,55.7086,0,16.9766,4.24661,0,32.4656,32,100,896,0,0,0,72
nbody_kernel,1637,4096,64,64,4,8,4,1,0,0,2,0.000115863,1,19,0.577479,389620,32791,3.72999,4197890,0.000225948,0,0,0,0,8.69607,69.1074,0,3489910000,0,30490600,4198400,134365000,273281000,0,122899000,0,69.9789,0,21.4271,2.68149,0,39.2406,32,100,640,0,0,0,96
nbody_kernel,1575,4096,64,64,4,8,4,1,0,0,4,0.000114875,0,19,0.598866,389628,32791,1.95006,2100740,0.000234898,0,0,0,0,8.69909,68.7635,0,3490010000,0,15286300,2101250,67256300,270967000,0,120184000,0,72.9421,0,22.3873,1.40245,0,40.0933,32,100,512,0,0,0,128
nbody_kernel,1757,4096,64,64,4,8,4,1,1,0,1,0.00022082,16,25,0.533608,386088,32791,0.110903,134656,3.61044,4194300,131072,0,0,8.69736,69.3967,0,3489870000,0,33636400,8388610,75644900,273805000,0,121325000,0,64.6861,0,19.878,1.41989,0,35.9374,32,100,896,1024,0,0,72
nbody_kernel,1364,4096,64,64,4,8,4,1,1,0,2,0.000118521,0,17,0.686889,386016,32791,0.0737285,69120,4.6398,4194300,131072,0,0,8.6969,69.4176,0,3489910000,0,16859100,4194300,71450600,271229000,0,120443000,0,83.6793,0,25.7298,1.72481,0,46.1786,32,100,640,2048,0,0,96
nbody_kernel,1289,4096,64,64,4,8,4,1,1,0,4,0.000657245,72,17,0.727975,386032,32791,0.0411029,36352,4.89717,4194300,131072,0,0,8.69728,69.3693,0,3490010000,0,8470530,2097150,69353500,270012000,0,120007000,0,88.6917,0,27.2784,1.76869,0,48.7807,32,100,512,4096,0,0,126
nbody_kernel,1877,4096,64,64,4,16,0,0,0,0,1,8.5774E-05,0,17,0.507164,391784,32791,1.6254,2098180,0.000197105,0,0,0,0,8.6976,69.0906,0,3489870000,0,18935800,4198400,67174400,273768000,0,120469000,0,60.8405,0,18.6964,1.16981,0,33.5626,32,100,896,0,0,0,72
nbody_kernel,1432,4096,64,64,4,16,0,0,1,0,1,0.000139326,0,21,0.657378,389036,32791,0.0343717,33792,4.44054,4194300,131072,0,0,8.7011,69.1961,0,3489870000,0,17887200,4194300,72417300,273793000,0,120600000,0,79.7169,0,24.5192,1.67771,0,44.0635,32,100,768,1024,0,0,80
nbody_kernel,2154,4096,64,64,4,16,0,1,0,0,1,0.000901496,188,17,0.440458,389604,32791,5.69208,8392190,0.00017122,0,0,0,0,8.70443,68.6548,0,3489870000,0,31539200,4198400,268583000,273781000,0,127157000,0,53.3778,0,16.3442,4.08841,0,30.9689,32,100,896,0,0,0,72
nbody_kernel,1646,4096,64,64,4,16,0,1,0,0,2,0.000126832,1,21,0.574866,389632,32791,3.70447,4197890,0.000224798,0,0,0,0,8.69722,69.2109,0,3489910000,0,15810600,2101250,134365000,271184000,0,122310000,0,69.3524,0,21.2862,2.66385,0,38.7954,32,100,640,0,0,0,96
nbody_kernel,2167,4096,64,64,4,16,0,1,0,0,4,0.000118596,0,27,1.74163,1685510,32791,1.42708,2100740,0.000170727,0,0,0,0,8.69666,68.1833,0,3490010000,0,7946240,1052670,67256300,269918000,0,119889000,0,53.4023,0,16.4099,1.02799,0,29.3162,32,100,512,0,0,0,128
nbody_kernel,1397,4096,64,64,4,16,0,1,1,0,1,0.000170474,0,25,0.668681,386044,32791,0.140222,134656,4.54597,4194300,131072,0,0,8.69962,69.1006,0,3489870000,0,21053400,4194300,75644900,273801000,0,120801000,0,81.7964,0,25.1361,1.79547,0,45.247,32,100,768,1024,0,0,80
nbody_kernel,1340,4096,64,64,4,16,0,1,1,0,2,0.000106682,0,15,0.697973,386824,32791,0.0750685,69120,4.70941,4194300,131072,0,0,8.69711,69.1846,0,3489910000,0,10567700,2097150,71450600,271217000,0,120181000,0,85.2207,0,26.2037,1.75658,0,46.9267,32,100,640,2048,0,0,96
nbody_kernel,2031,4096,64,64,4,16,0,1,1,0,4,0.000107457,0,23,1.85872,1686770,32791,0.026314,36352,3.08669,4194300,131072,0,0,8.69683,68.2088,0,3490010000,0,5324800,1048580,69353500,270004000,0,119875000,0,56.8536,0,17.4861,1.13377,0,31.2354,32,100,512,4096,0,0,128
nbody_kernel,7378,4096,64,64,4,16,1,0,0,0,1,0.00487029,124,3687,29.754,473406,100717000,0.428207,2098180,2.49048E-05,0,0,201346000,100684000,8.78757,67.034,0,3489870000,0,958890000,205558000,2483420000,374530000,0,242133000,0,17.0638,0,4.86966,11.2629,0,17.5701,32,100,1024,0,160,0,31
nbody_kernel,5883,4096,64,64,4,16,1,0,1,0,1,0.00688212,220,4061,37.2647,411848,100717000,0.00845355,33792,2.08856,8388610,131072,201347000,100683000,8.7476,68.337,0,3489870000,0,957841000,205558000,2689990000,373481000,0,248523000,0,20.9908,0,5.99534,15.0199,0,22.2025,32,100,1024,1024,160,0,33
nbody_kernel,6829,4096,64,64,4,16,1,1,0,0,1,0.00568599,442,3745,32.2972,834353,100717000,1.87439,8392190,2.69664E-05,0,0,201337000,100684000,8.80439,66.4144,0,3489870000,0,971596000,205558000,2684830000,374538000,0,248824000,0,18.7111,0,5.32196,13.3073,0,19.7327,32,100,1024,0,160,0,37
nbody_kernel,4984,4096,64,64,4,16,1,1,0,0,2,0.0183027,0,9565,44.7164,1059470,100723000,1.47491,4197890,3.72406E-05,0,0,151064000,100689000,8.58102,56.7353,0,3489910000,0,486105000,102797000,1342650000,321577000,0,183159000,0,29.1061,0,8.60346,10.7582,0,23.4813,32,100,1024,0,208,0,49
nbody_kernel,4995,4096,64,64,4,16,1,1,0,0,4,1.12801,1028,598277,45.5265,4648060,100735000,0.856186,2100740,7.32767E-05,0,0,125833000,100700000,8.582,48.3127,0,3490010000,0,243368000,51417100,671564000,295035000,0,150326000,0,32.9684,0,9.93995,6.21694,0,22.266,32,100,1024,0,304,0,64
nbody_kernel,5866,4096,64,64,4,16,1,1,1,0,1,0.00578699,0,3592,37.3896,411864,100717000,0.0337297,134656,2.09627,8388610,131072,201347000,100684000,8.74132,68.4487,0,3489870000,0,961110000,205558000,2693220000,373490000,0,248726000,0,21.0515,0,6.00765,15.0687,0,22.2662,32,100,1024,1024,160,0,31
nbody_kernel,3472,4096,64,64,4,16,1,1,1,0,2,0.0245169,0,9018,63.3008,431700,100723000,0.0293162,69120,1.80108,4194300,131072,151022000,100689000,8.73143,68.3067,0,3489910000,0,480862000,102797000,1346850000,321061000,0,183110000,0,34.4087,0,10.1885,12.78,0,27.7999,32,100,1024,2048,208,0,43
nbody_kernel,5311,4096,64,64,4,16,1,1,1,0,4,3.50751,1182,1979360,55.5206,35346600,100735000,0.014617,36352,1.17484,4194300,131072,125863000,100696000,9.82506,52.8839,0,3490010000,0,240755000,51417100,673661000,295100000,0,150312000,0,28.4454,0,8.58386,5.38763,0,19.2264,32,100,1024,4096,304,0,61
nbody_kernel,6076,4096,64,64,4,16,2,0,0,0,1,0.00589745,0,3801,36.1628,468901,100717000,0.504334,2098180,3.02811E-05,0,0,201347000,100684000,8.70867,68.5572,0,3489870000,0,488854000,71315500,1275300000,374575000,0,183401000,0,19.5629,0,5.78934,6.8761,0,15.8217,32,100,1024,0,160,0,41
nbody_kernel,5055,4096,64,64,4,16,2,0,1,0,1,0.00754473,142,3899,43.4583,413680,100717000,0.00974999,33792,2.43445,8388610,131072,201347000,100683000,8.72311,68.8325,0,3489870000,0,487805000,71315500,1481870000,373527000,0,189790000,0,23.4238,0,6.93793,9.57504,0,19.6213,32,100,1024,1024,160,0,41
nbody_kernel,5762,4096,64,64,4,16,2,1,0,0,1,0.00674025,448,3713,38.098,802039,100717000,2.25834,8392190,3.18292E-05,0,0,201335000,100684000,8.68184,64.1018,0,3489870000,0,501555000,71315500,1476710000,374485000,0,190087000,0,22.0684,0,6.50827,8.95078,0,18.4349,32,100,1024,0,160,0,42
nbody_kernel,4680,4096,64,64,4,16,2,1,0,0,2,0.0195229,21,9670,47.3429,1028810,100723000,1.62896,4197890,3.94706E-05,0,0,151023000,100690000,8.61551,54.936,0,3489910000,0,250946000,35663900,738509000,321536000,0,153782000,0,31.2707,0,9.4173,6.47716,0,21.5801,32,100,1024,0,208,0,56
nbody_kernel,4677,4096,64,64,4,16,2,1,0,0,4,1.23734,16,612573,49.7015,5919460,100735000,0.895983,2100740,7.90497E-05,0,0,125876000,100664000,8.7831,50.9146,0,3490010000,0,125657000,17838100,570786000,295068000,0,141925000,0,33.4302,0,10.1751,5.409,0,21.5189,32,100,1024,0,304,0,64
nbody_kernel,5033,4096,64,64,4,16,2,1,1,0,1,0.00937402,1480,3508,43.5724,410988,100717000,0.0389747,134656,2.44323,8388610,131072,201347000,100684000,8.72178,68.8487,0,3489870000,0,491069000,71315500,1485090000,373436000,0,189989000,0,23.523,0,6.96131,9.62823,0,19.7079,32,100,1024,1024,160,0,41
nbody_kernel,3331,4096,64,64,4,16,2,1,1,0,2,0.0249353,0,8797,66.0055,427224,100723000,0.0314202,69120,1.88521,4194300,131072,151023000,100689000,8.80661,67.0022,0,3489910000,0,245703000,35663900,742703000,321532000,0,153749000,0,35.9021,0,10.8312,7.4972,0,24.8148,32,100,1024,2048,208,0,50
nbody_kernel,4921,4096,64,64,4,16,2,1,1,0,4,3.51945,0,1830900,58.9154,32751100,100735000,0.0158829,36352,1.2694,4194300,131072,125960000,100696000,9.79859,52.4664,0,3490010000,0,123036000,17838100,572883000,295068000,0,141909000,0,30.6874,0,9.34859,4.99019,0,19.7687,32,100,1024,4096,304,0,63
nbody_kernel,1877,4096,64,64,4,16,4,0,0,0,1,8.57674E-05,0,17,0.507168,391780,32791,1.62529,2098180,0.000197137,0,0,0,0,8.69767,69.1062,0,3489870000,0,18935800,4198400,67174400,273768000,0,120469000,0,60.8366,0,18.6952,1.16974,0,33.5605,32,100,896,0,0,0,72
nbody_kernel,1431,4096,64,64,4,16,4,0,1,0,1,0.000126049,0,19,0.657888,388208,32791,0.0343667,33792,4.44797,4194300,131072,0,0,8.70106,69.3106,0,3489870000,0,17887200,4194300,72417300,273793000,0,120600000,0,79.7182,0,24.5196,1.67774,0,44.0643,32,100,768,1024,0,0,80
nbody_kernel,2155,4096,64,64,4,16,4,1,0,0,1,0.000803403,136,47,0.441208,389604,32791,5.68905,8392190,0.000171388,0,0,0,0,8.70434,68.7187,0,3489870000,0,31539200,4198400,268583000,273781000,0,127157000,0,53.3808,0,16.3451,4.08864,0,30.9706,32,100,896,0,0,0,72
nbody_kernel,1646,4096,64,64,4,16,4,1,0,0,2,8.07124E-05,0,14,0.574546,389820,32791,3.70435,4197890,0.000224786,0,0,0,0,8.69724,69.2071,0,3489910000,0,15810600,2101250,134365000,271184000,0,122310000,0,69.3525,0,21.2862,2.66386,0,38.7955,32,100,640,0,0,0,96
nbody_kernel,2151,4096,64,64,4,16,4,1,0,0,4,9.7019E-05,0,22,1.75539,1684340,32791,1.43411,2100740,0.000172047,0,0,0,0,8.69681,68.3678,0,3490010000,0,7946240,1052670,67256300,269918000,0,119889000,0,53.67,0,16.4921,1.03315,0,29.4632,32,100,512,0,0,0,128
nbody_kernel,1397,4096,64,64,4,16,4,1,1,0,1,0.000469313,40,29,0.671168,386052,32791,0.140217,134656,4.56122,4194300,131072,0,0,8.69965,69.334,0,3489870000,0,21053400,4194300,75644900,273801000,0,120801000,0,81.7945,0,25.1355,1.79543,0,45.246,32,100,768,1024,0,0,80
nbody_kernel,1341,4096,64,64,4,16,4,1,1,0,2,0.00012066,0,17,0.698903,386048,32791,0.0750726,69120,4.71644,4194300,131072,0,0,8.69709,69.2897,0,3489910000,0,10567700,2097150,71450600,271217000,0,120181000,0,85.2184,0,26.203,1.75654,0,46.9255,32,100,640,2048,0,0,96
nbody_kernel,2026,4096,64,64,4,16,4,1,1,0,4,0.0009406,180,21,1.848,1674720,32791,0.0263887,36352,3.09057,4194300,131072,0,0,8.69694,68.1197,0,3490010000,0,5324800,1048580,69353500,270004000,0,119875000,0,56.9996,0,17.531,1.13669,0,31.3157,32,100,512,4096,0,0,128
nbody_kernel,1797,4096,64,64,4,32,0,0,0,0,1,9.00009E-05,0,17,0.528694,392176,32791,1.70645,2098180,0.000205693,0,0,0,0,8.69862,68.6711,0,3489870000,0,10547200,2101250,67174400,271675000,0,120076000,0,63.8408,0,19.6302,1.22824,0,35.1239,32,100,896,0,0,0,72
nbody_kernel,1429,4096,64,64,4,32,0,0,1,0,1,0.00131517,92,106,0.659299,388212,32791,0.0343001,33792,4.44526,4194300,131072,0,0,8.69808,69.2791,0,3489870000,0,11595800,2097150,72417300,273793000,0,120338000,0,79.706,0,24.5159,1.67748,0,43.9617,32,100,768,1024,0,0,80
nbody_kernel,2152,4096,64,64,4,32,0,1,0,0,1,0.00227571,440,77,0.441101,389588,32791,5.71374,8392190,0.000171431,0,0,0,0,8.70024,68.3782,0,3489870000,0,16859100,2101250,268583000,271675000,0,126567000,0,53.5314,0,16.4305,4.11,0,30.988,32,100,896,0,0,0,72
nbody_kernel,2249,4096,64,64,4,32,0,1,0,0,2,0.000109667,1,25,1.71707,1724040,32791,2.74114,4197890,0.000164438,0,0,0,0,8.69613,68.3204,0,3489910000,0,8470530,1052670,134365000,270135000,0,122015000,0,51.3306,0,15.7737,1.974,0,28.6793,32,100,640,0,0,0,96
nbody_kernel,2856,4096,64,64,4,32,0,1,0,0,4,0.000168829,16,35,2.48881,3219670,32839,1.08875,2100740,0.000129124,0,0,0,0,8.69675,67.6678,0,3490010000,0,4276220,528384,67256300,269394000,0,119742000,0,40.6725,0,12.5056,0.783416,0,22.3139,32,100,512,0,0,0,128
nbody_kernel,1400,4096,64,64,4,32,0,1,1,0,1,0.000169657,0,25,0.668785,386072,32791,0.139762,134656,4.54205,4194300,131072,0,0,8.69683,69.2537,0,3489870000,0,14762000,2097150,75644900,273801000,0,120538000,0,81.5453,0,25.0589,1.78996,0,45.0102,32,100,768,1024,0,0,80
nbody_kernel,2066,4096,64,64,4,32,0,1,1,0,2,0.000114799,0,25,1.82933,1689600,32791,0.0491194,69120,3.04282,4194300,131072,0,0,8.69664,68.2074,0,3489910000,0,7421950,1048580,71450600,271217000,0,120050000,0,55.8512,0,17.1732,1.15121,0,30.7209,32,100,640,2048,0,0,96
nbody_kernel,2853,4096,64,64,4,32,0,1,1,0,4,5.65338E-05,0,17,2.49109,3222340,32791,0.0188921,36352,2.19101,4194300,131072,0,0,8.69641,67.5296,0,3490010000,0,3751940,524288,69353500,270008000,0,119810000,0,40.762,0,12.5369,0.812875,0,22.3825,32,100,512,4096,0,0,128
nbody_kernel,7378,4096,64,64,4,32,1,0,0,0,1,0.00598571,852,3810,29.7249,474968,100717000,0.427197,2098180,2.49109E-05,0,0,201347000,100684000,8.77939,67.1226,0,3489870000,0,950501000,203461000,2483420000,372433000,0,241740000,0,17.0359,0,4.86441,11.2507,0,17.5227,32,100,1024,0,160,0,31
nbody_kernel,5889,4096,64,64,4,32,1,0,1,0,1,0.00605733,0,3787,37.2996,411668,100717000,0.00843122,33792,2.09105,8388610,131072,201347000,100683000,8.7419,68.5272,0,3489870000,0,951550000,203461000,2689990000,373481000,0,248261000,0,20.9574,0,5.98582,14.996,0,22.1438,32,100,1024,1024,160,0,33
nbody_kernel,6864,4096,64,64,4,32,1,1,0,0,1,0.00571441,562,3615,31.9934,828368,100717000,1.86854,8392190,2.67342E-05,0,0,201357000,100684000,8.81184,66.0523,0,3489870000,0,956916000,203461000,2684830000,372441000,0,248234000,0,18.6102,0,5.30505,13.265,0,19.6233,32,100,1024,0,160,0,37
nbody_kernel,4869,4096,64,64,4,32,1,1,0,0,2,0.0182562,0,9602,45.1351,1079450,100723000,1.46371,4197890,3.75979E-05,0,0,151029000,100690000,8.56697,57.7537,0,3489910000,0,478765000,101749000,1342650000,320528000,0,182864000,0,28.8338,0,8.53284,10.6699,0,23.2511,32,100,1024,0,208,0,49
nbody_kernel,5041,4096,64,64,4,32,1,1,0,0,4,1.11246,16,594826,45.2733,4653680,100735000,0.856853,2100740,7.29E-05,0,0,125809000,100690000,8.57686,47.9131,0,3490010000,0,239698000,50892800,671564000,294511000,0,150179000,0,33.053,0,9.97132,6.23657,0,22.3143,32,100,1024,0,304,0,64
nbody_kernel,5873,4096,64,64,4,32,1,1,1,0,1,0.00634422,360,3596,37.3738,409888,100717000,0.0336316,134656,2.09526,8388610,131072,201346000,100684000,8.73877,68.5672,0,3489870000,0,954819000,203461000,2693220000,373490000,0,248464000,0,21.005,0,5.99438,15.0355,0,22.1937,32,100,1024,1024,160,0,31
nbody_kernel,3487,4096,64,64,4,32,1,1,1,0,2,0.0252882,88,9207,63.1846,429516,100723000,0.0289117,69120,1.79627,4194300,131072,151022000,100690000,8.70611,68.8146,0,3489910000,0,477716000,101749000,1346850000,321061000,0,182979000,0,34.0635,0,10.0863,12.6518,0,27.5013,32,100,1024,2048,208,0,43
nbody_kernel,5311,4096,64,64,4,32,1,1,1,0,4,3.48868,252,1964560,55.53,35370600,100735000,0.0146262,36352,1.17487,4194300,131072,125847000,100691000,9.82508,52.8049,0,3490010000,0,239182000,50892800,673661000,295100000,0,150247000,0,28.4887,0,8.59692,5.39583,0,19.2473,32,100,1024,4096,304,0,61
nbody_kernel,6079,4096,64,64,4,32,2,0,0,0,1,0.00662958,312,3945,36.1578,469880,100717000,0.504488,2098180,3.03194E-05,0,0,201347000,100684000,8.70804,68.6172,0,3489870000,0,480465000,69218300,1275300000,372478000,0,183007000,0,19.5592,0,5.79158,6.87876,0,15.7939,32,100,1024,0,160,0,41
nbody_kernel,5055,4096,64,64,4,32,2,0,1,0,1,0.00728777,0,3903,43.4856,414156,100717000,0.00970791,33792,2.43826,8388610,131072,201344000,100683000,8.71281,69.1137,0,3489870000,0,481513000,69218300,1481870000,373527000,0,189528000,0,23.365,0,6.92051,9.551,0,19.545,32,100,1024,1024,160,0,41
nbody_kernel,5846,4096,64,64,4,32,2,1,0,0,1,0.00650901,268,3732,38.0905,800530,100717000,2.25589,8392190,3.18299E-05,0,0,201358000,100684000,8.67552,64.1427,0,3489870000,0,486875000,69218300,1476710000,372388000,0,189497000,0,22.004,0,6.50425,8.94525,0,18.3663,32,100,1024,0,160,0,42
nbody_kernel,4665,4096,64,64,4,32,2,1,0,0,2,0.019509,16,9606,47.2743,993521,100723000,1.63684,4197890,3.94053E-05,0,0,151033000,100690000,8.62575,54.4236,0,3489910000,0,243606000,34615300,738509000,320487000,0,153487000,0,31.4759,0,9.49023,6.52732,0,21.7056,32,100,1024,0,208,0,56
nbody_kernel,5000,4096,64,64,4,32,2,1,0,0,4,1.24949,24,658772,48.3053,10480200,100735000,0.839572,2100740,7.38745E-05,0,0,125827000,100641000,8.64988,50.0741,0,3490010000,0,121987000,17313800,570786000,294543000,0,141778000,0,31.7472,0,9.66855,5.13974,0,20.4264,32,100,1024,0,304,0,64
nbody_kernel,5051,4096,64,64,4,32,2,1,1,0,1,0.008434,960,3547,43.553,410560,100717000,0.0387494,134656,2.44213,8388610,131072,201347000,100684000,8.7115,69.1188,0,3489870000,0,484778000,69218300,1485090000,373436000,0,189727000,0,23.4206,0,6.93098,9.58629,0,19.595,32,100,1024,1024,160,0,41
nbody_kernel,3318,4096,64,64,4,32,2,1,1,0,2,0.0248939,0,8741,66.183,429068,100723000,0.031568,69120,1.89041,4194300,131072,151022000,100689000,8.81151,66.8738,0,3489910000,0,242557000,34615300,742703000,321532000,0,153618000,0,36.0704,0,10.8819,7.53235,0,24.9098,32,100,1024,2048,208,0,50
nbody_kernel,5018,4096,64,64,4,32,2,1,1,0,4,3.86123,680,2091360,59.6673,37039500,100735000,0.0147024,36352,1.2474,4194300,131072,125859000,100779000,9.60008,54.3767,0,3490010000,0,121463000,17313800,572883000,295068000,0,141843000,0,29.0963,0,8.86387,4.73145,0,18.7351,32,100,1024,4096,304,0,63
nbody_kernel,1797,4096,64,64,4,32,4,0,0,0,1,0.000638595,100,21,0.529475,391784,32791,1.70666,2098180,0.000205686,0,0,0,0,8.69868,68.6813,0,3489870000,0,10547200,2101250,67174400,271675000,0,120076000,0,63.8291,0,19.6266,1.22801,0,35.1174,32,100,896,0,0,0,72
nbody_kernel,1430,4096,64,64,4,32,4,0,1,0,1,0.000166102,0,25,0.658205,388208,32791,0.0343105,33792,4.44561,4194300,131072,0,0,8.69726,69.2836,0,3489870000,0,11595800,2097150,72417300,273793000,0,120338000,0,79.7071,0,24.5162,1.6775,0,43.9623,32,100,768,1024,0,0,80
nbody_kernel,2151,4096,64,64,4,32,4,1,0,0,1,0.00267651,584,25,0.441141,389592,32791,5.71329,8392190,0.000171576,0,0,0,0,8.70017,68.4396,0,3489870000,0,16859100,2101250,268583000,271675000,0,126567000,0,53.5288,0,16.4297,4.10981,0,30.9865,32,100,896,0,0,0,72
nbody_kernel,2253,4096,64,64,4,32,4,1,0,0,2,7.58814E-05,1,17,1.72554,1736220,32791,2.73694,4197890,0.000164135,0,0,0,0,8.69622,68.2752,0,3489910000,0,8470530,1052670,134365000,270135000,0,122015000,0,51.2696,0,15.7549,1.97165,0,28.6452,32,100,640,0,0,0,96
nbody_kernel,2855,4096,64,64,4,32,4,1,0,0,4,9.62335E-05,0,29,2.4915,3222750,32791,1.0893,2100740,0.000129128,0,0,0,0,8.69669,67.6359,0,3490010000,0,4276220,528384,67256300,269394000,0,119742000,0,40.6927,0,12.5119,0.783805,0,22.325,32,100,512,0,0,0,128
nbody_kernel,1400,4096,64,64,4,32,4,1,1,0,1,0.000170017,0,25,0.667995,386072,32791,0.139716,134656,4.53639,4194300,131072,0,0,8.69681,69.1662,0,3489870000,0,14762000,2097150,75644900,273801000,0,120538000,0,81.5468,0,25.0593,1.78999,0,45.011,32,100,768,1024,0,0,80
nbody_kernel,2062,4096,64,64,4,32,4,1,1,0,2,0.00150442,168,159,1.83309,1689500,32943,0.0492121,69120,3.04848,4194300,131072,0,0,8.69669,68.1915,0,3489910000,0,7421950,1048580,71450600,271217000,0,120050000,0,55.9682,0,17.2091,1.15363,0,30.7852,32,100,640,2048,0,0,96
nbody_kernel,2856,4096,64,64,4,32,4,1,1,0,4,5.63768E-05,0,17,2.48519,3216780,32791,0.0188702,36352,2.18909,4194300,131072,0,0,8.69664,67.5487,0,3490010000,0,3751940,524288,69353500,270008000,0,119810000,0,40.7147,0,12.5224,0.811932,0,22.3565,32,100,512,4096,0,0,128
nbody_kernel,6637,2048,64,64,8,0,0,0,0,0,1,0.000143892,88,13,0.114311,276952,32839,0.328573,1049600,2.75691E-05,0,0,0,0,6.24998,34.3933,0,3489860000,0,135297000,33556500,33620000,302584000,0,124858000,0,34.4767,0,10.5065,0.32901,0,19.5477,32,100,640,0,0,0,96
nbody_kernel,3103,2048,64,64,8,0,0,0,1,0,1,0.0003586,106,12,0.225567,271368,32791,0.0116158,17408,1.98812,4194300,65536,0,0,6.24994,34.7006,0,3489860000,0,103315000,33554400,136905000,271159000,0,126104000,0,72.7904,0,22.3923,2.86605,0,42.0773,32,100,512,1024,0,0,127
nbody_kernel,5826,2048,64,64,8,0,0,1,0,0,1,3.40783E-05,0,21,0.127356,275580,32839,1.48714,4197890,3.14651E-05,0,0,0,0,6.24998,34.687,0,3489860000,0,235971000,33556500,134365000,302582000,0,131152000,0,40.1304,0,11.8897,1.48789,0,23.2364,32,100,640,0,0,0,96
nbody_kernel,4187,2048,64,64,8,0,0,1,0,0,2,0.00250726,1064,53,0.172264,274668,32791,1.03827,2100740,4.38067E-05,0,0,0,0,6.24996,34.6129,0,3489910000,0,118006000,16779300,67256300,285565000,0,124306000,0,54.9544,0,16.5887,1.03914,0,30.7274,32,100,512,0,0,0,128
nbody_kernel,2978,2048,64,64,8,0,0,1,0,0,4,5.38164E-05,0,17,0.237709,274652,32791,0.734962,1052160,6.18302E-05,0,0,0,0,6.24995,34.5497,0,3490010000,0,59023400,8390660,33701900,277098000,0,120886000,0,76.9753,0,23.4566,0.736331,0,42.2536,32,100,256,0,0,0,254
nbody_kernel,5280,2048,64,64,8,0,0,1,1,0,1,0.000361999,110,93,0.138361,273632,32959,0.0269711,69120,1.16157,4194300,65536,0,0,6.24997,34.6649,0,3489860000,0,104899000,33554400,138559000,271165000,0,126205000,0,42.5914,0,13.0963,1.69641,0,24.6291,32,100,640,1024,0,0,96
nbody_kernel,3990,2048,64,64,8,0,0,1,1,0,2,3.07474E-05,0,13,0.178673,271588,32791,0.0188232,36352,0.782085,2097150,65536,0,0,6.24995,34.6528,0,3489910000,0,52469800,16777200,69353500,269900000,0,121834000,0,56.4936,0,17.3761,1.1266,0,31.5457,32,100,512,2048,0,0,128
nbody_kernel,2555,2048,64,64,8,0,0,1,1,0,4,6.28365E-05,0,17,0.272321,271832,32839,0.0161933,19968,1.2187,2097150,65536,0,0,6.24993,34.607,0,3490010000,0,26255400,8388610,34750500,269337000,0,119652000,0,88.4705,0,27.2147,0.884147,0,48.5228,32,100,256,4096,0,0,248
nbody_kernel,12695,2048,64,64,8,0,1,0,0,0,1,0.0089143,676,11304,17.1753,287840,100717000,0.173164,1049600,7.19729E-06,0,0,201345000,100684000,6.24999,34.1808,0,3489860000,0,974600000,268478000,2449870000,336134000,0,245487000,0,18.4612,0,5.51985,12.5942,0,20.1919,32,100,1024,0,320,0,26
nbody_kernel,11850,2048,64,64,8,0,1,0,1,0,1,0.0100629,408,12304,18.3794,283832,100717000,0.00306125,17408,0.5147,4194300,65536,201349000,100684000,6.24999,34.28,0,3489860000,0,942621000,268478000,2553150000,304153000,0,246699000,0,19.5231,0,5.89069,14.0069,0,21.6548,32,100,1024,1024,320,0,28
nbody_kernel,12149,2048,64,64,8,0,1,1,0,0,1,0.00783754,0,10179,17.8378,287956,100717000,0.719018,4197890,7.48419E-06,0,0,201345000,100684000,6.24999,34.1643,0,3489860000,0,1109480000,268478000,2550610000,302055000,0,251769000,0,19.9242,0,5.74265,13.6413,0,21.5444,32,100,1024,0,320,0,27
nbody_kernel,7498,2048,64,64,8,0,1,1,0,0,2,0.0279437,53,22165,29.533,286972,100723000,0.599336,2100740,1.24009E-05,0,0,151025000,100690000,6.24998,34.0392,0,3489910000,0,537993000,134261000,1275540000,302326000,0,184629000,0,31.9364,0,9.55021,11.3451,0,26.2744,32,100,1024,0,416,0,39
nbody_kernel,5599,2048,64,64,8,0,1,1,0,0,4,0.498983,482,306515,39.1668,597103,100735000,0.390524,1052160,1.64468E-05,0,0,125572000,100698000,6.24997,34.6444,0,3490010000,0,260860000,67151900,638009000,293853000,0,151061000,0,40.8386,0,12.4448,7.39462,0,28.013,32,100,1024,0,608,0,61
nbody_kernel,11830,2048,64,64,8,0,1,1,1,0,1,0.00888524,0,11301,18.3748,285616,100717000,0.0121375,69120,0.515197,4194300,65536,201350000,100684000,6.24999,34.3638,0,3489860000,0,978403000,268478000,2554810000,270074000,0,246804000,0,19.5059,0,5.882,13.9953,0,21.6321,32,100,1024,1024,320,0,30
nbody_kernel,7505,2048,64,64,8,0,1,1,1,0,2,0.0266883,0,21093,29.1982,290004,100723000,0.0103454,36352,0.415922,2097150,65536,151017000,100690000,6.24998,33.5935,0,3489910000,0,472982000,134261000,1277640000,285811000,0,182146000,0,31.2628,0,9.56814,11.3851,0,25.9698,32,100,1024,2048,416,0,40
nbody_kernel,10569,2048,64,64,8,0,1,1,1,0,4,1.21247,1478,1351350,33.5326,63820500,100735000,0.00405355,19968,0.293968,2097150,65536,125118000,100874000,6.24999,33.3982,0,3490010000,0,228092000,67151900,639058000,285854000,0,149820000,0,22.1544,0,6.81503,4.05611,0,15.2145,32,100,1024,4096,608,0,63
nbody_kernel,11041,2048,64,64,8,0,2,0,0,0,1,0.0101295,298,11595,19.8122,288768,100717000,0.197616,1049600,8.3144E-06,0,0,201345000,100684000,6.24999,34.505,0,3489860000,0,538120000,134236000,1241740000,369787000,0,186740000,0,20.7281,0,6.31668,7.30502,0,17.5771,32,100,1024,0,320,0,37
nbody_kernel,10084,2048,64,64,8,0,2,0,1,0,1,0.011527,128,12175,21.618,283344,100717000,0.00357128,17408,0.606716,4194300,65536,201349000,100684000,6.24999,34.5918,0,3489860000,0,539695000,134236000,1345030000,304253000,0,187969000,0,22.584,0,6.88122,8.61981,0,19.274,32,100,1024,1024,320,0,37
nbody_kernel,10482,2048,64,64,8,0,2,1,0,0,1,0.0095403,8,10630,20.8205,286476,100717000,0.830702,4197890,8.73882E-06,0,0,201345000,100684000,6.24998,34.5062,0,3489860000,0,672451000,134236000,1342490000,336142000,0,193033000,0,22.6152,0,6.6389,8.30056,0,19.0963,32,100,1024,0,320,0,37
nbody_kernel,6466,2048,64,64,8,0,2,1,0,0,2,0.0328117,0,22494,33.6252,286292,100723000,0.675004,2100740,1.41216E-05,0,0,151025000,100690000,6.24997,34.3003,0,3489910000,0,319580000,67127300,671400000,319128000,0,155253000,0,35.753,0,10.7926,6.74852,0,24.9682,32,100,1024,0,416,0,46
nbody_kernel,5123,2048,64,64,8,0,2,1,0,0,4,0.552823,446,310798,42.7562,607339,100735000,0.428794,1052160,1.79439E-05,0,0,125561000,100701000,6.24996,34.3933,0,3490010000,0,159934000,33572900,537231000,293831000,0,142658000,0,44.8815,0,13.6768,6.84301,0,29.0739,32,100,1024,0,608,0,63
nbody_kernel,10109,2048,64,64,8,0,2,1,1,0,1,0.0106781,148,11343,21.5952,282820,100717000,0.0141474,69120,0.605706,4194300,65536,201350000,100684000,6.24998,34.5721,0,3489860000,0,541901000,134236000,1346680000,303639000,0,188069000,0,22.5726,0,6.87368,8.62096,0,19.2631,32,100,1024,1024,320,0,38
nbody_kernel,6055,2048,64,64,8,0,2,1,1,0,2,0.0335702,380,21108,36.0602,290232,100723000,0.0124586,36352,0.513514,2097150,65536,151017000,100690000,6.24997,34.5266,0,3489910000,0,254044000,67127300,673497000,303137000,0,152771000,0,37.3693,0,11.494,7.20952,0,26.1656,32,100,1024,2048,416,0,48
nbody_kernel,9544,2048,64,64,8,0,2,1,1,0,4,1.23537,1214,1228540,36.8903,55930000,100735000,0.00453002,19968,0.324588,2097150,65536,132333000,101004000,6.24998,32.9938,0,3490010000,0,127166000,33572900,538280000,285835000,0,141417000,0,24.7619,0,7.61712,3.81857,0,16.0515,32,100,1024,4096,608,0,64
nbody_kernel,7926,2048,64,64,8,0,4,0,0,0,1,0.0128824,176,10569,27.6238,287064,100717000,0.282911,1049600,1.16037E-05,0,0,201346000,100684000,6.24995,33.6947,0,3489860000,0,336728000,67115000,637682000,369785000,0,157373000,0,29.6236,0,9.02763,5.36141,0,21.1702,32,100,1024,0,320,0,64
nbody_kernel,6625,2048,64,64,8,0,4,0,1,0,1,0.0169364,0,11883,32.9419,283656,100717000,0.00546034,17408,0.924406,4194300,65536,201349000,100684000,6.24998,34.4356,0,3489860000,0,304746000,67115000,740966000,337803000,0,158602000,0,34.2359,0,10.5319,7.26789,0,24.8907,32,100,1024,1024,320,0,64
nbody_kernel,7050,2048,64,64,8,0,4,1,0,0,1,0.013841,104,10236,30.9563,287096,100717000,1.23896,4197890,1.29991E-05,0,0,201345000,100684000,6.24994,34.3794,0,3489860000,0,437420000,67115000,738427000,369687000,0,163665000,0,33.4545,0,9.91188,6.81655,0,24.1731,32,100,1024,0,320,0,64
nbody_kernel,5894,2048,64,64,8,0,4,1,0,0,2,0.035869,177,22152,37.2255,285888,100723000,0.746288,2100740,1.56349E-05,0,0,151024000,100690000,6.24985,34.3901,0,3489910000,0,218792000,33560600,570679000,319093000,0,146857000,0,39.4809,0,11.9179,6.33423,0,26.0805,32,100,1024,0,416,0,62
nbody_kernel,4953,2048,64,64,8,0,4,1,0,0,4,0.576564,648,317044,44.2993,591441,100735000,0.445074,1052160,1.8579E-05,0,0,125575000,100700000,6.24977,34.3016,0,3490010000,0,109478000,16783400,486842000,293796000,0,138457000,0,46.5942,0,14.1987,6.43782,0,29.2944,32,100,1024,0,608,0,64
nbody_kernel,6625,2048,64,64,8,0,4,1,1,0,1,0.0169767,1016,11078,32.8564,282360,100717000,0.02165,69120,0.922157,4194300,65536,201349000,100684000,6.24997,34.3279,0,3489860000,0,306348000,67115000,742621000,337705000,0,158700000,0,34.2752,0,10.5393,7.28918,0,24.9235,32,100,1024,1024,320,0,64
nbody_kernel,5463,2048,64,64,8,0,4,1,1,0,2,0.0360501,0,20718,40.311,288800,100723000,0.0139441,36352,0.573917,2097150,65536,151018000,100690000,6.24993,34.4621,0,3489910000,0,153256000,33560600,572776000,303102000,0,144375000,0,41.8432,0,12.87,6.86539,0,27.688,32,100,1024,2048,416,0,62
nbody_kernel,9445,2048,64,64,8,0,4,1,1,0,4,1.2487,1192,1232970,36.6285,53881700,100735000,0.00455426,19968,0.325192,2097150,65536,133434000,100966000,6.2499,32.8874,0,3490010000,0,76709900,16783400,487891000,285800000,0,137216000,0,24.8882,0,7.65599,3.47877,0,15.654,32,100,1024,4096,608,0,64
nbody_kernel,6640,2048,64,64,8,0,8,0,0,0,1,0.00111055,600,182,0.114606,277392,32919,0.328504,1049600,2.75663E-05,0,0,0,0,6.24998,34.3981,0,3489860000,0,135297000,33556500,33620000,302584000,0,124858000,0,34.4683,0,10.504,0.32893,0,19.543,32,100,640,0,0,0,96
nbody_kernel,3101,2048,64,64,8,0,8,0,1,0,1,0.000118478,22,17,0.225574,270432,32791,0.011616,17408,1.98854,4194300,65536,0,0,6.24994,34.708,0,3489860000,0,103315000,33554400,136905000,271159000,0,126104000,0,72.7902,0,22.3922,2.86604,0,42.0772,32,100,512,1024,0,0,127
nbody_kernel,5829,2048,64,64,8,0,8,1,0,0,1,8.37577E-05,0,52,0.127224,274676,32791,1.48726,4197890,3.14123E-05,0,0,0,0,6.24997,34.6295,0,3489860000,0,235971000,33556500,134365000,302582000,0,131152000,0,40.1296,0,11.8895,1.48787,0,23.2359,32,100,640,0,0,0,96
nbody_kernel,4190,2048,64,64,8,0,8,1,0,0,2,5.17447E-05,0,23,0.172275,275436,32791,1.03847,2100740,4.38109E-05,0,0,0,0,6.24996,34.6176,0,3489910000,0,118006000,16779300,67256300,285565000,0,124306000,0,54.9522,0,16.5881,1.03909,0,30.7262,32,100,512,0,0,0,128
nbody_kernel,2976,2048,64,64,8,0,8,1,0,0,4,6.02694E-05,0,19,0.237678,274676,32791,0.735209,1052160,6.16128E-05,0,0,0,0,6.24994,34.4336,0,3490010000,0,59023400,8390660,33701900,277098000,0,120886000,0,76.9633,0,23.453,0.736217,0,42.2471,32,100,256,0,0,0,254
nbody_kernel,5332,2048,64,64,8,0,8,1,1,0,1,0.000170148,76,19,0.137778,271592,32791,0.0269762,69120,1.16468,4194300,65536,0,0,6.24997,34.7574,0,3489860000,0,104899000,33554400,138559000,271165000,0,126205000,0,42.5917,0,13.0964,1.69643,0,24.6293,32,100,640,1024,0,0,96
nbody_kernel,4025,2048,64,64,8,0,8,1,1,0,2,7.12685E-05,16,14,0.178595,271584,32791,0.0188232,36352,0.784362,2097150,65536,0,0,6.24995,34.7532,0,3489910000,0,52469800,16777200,69353500,269900000,0,121834000,0,56.4945,0,17.3763,1.12662,0,31.5462,32,100,512,2048,0,0,128
nbody_kernel,2582,2048,64,64,8,0,8,1,1,0,4,0.000251325,20,48,0.273477,271568,32855,0.0161918,19968,1.21879,2097150,65536,0,0,6.24992,34.6099,0,3490010000,0,26255400,8388610,34750500,269337000,0,119652000,0,88.4698,0,27.2145,0.88414,0,48.5225,32,100,256,4096,0,0,248
nbody_kernel,6699,2048,64,64,8,1,0,0,0,0,1,1.55545E-05,0,11,0.114009,276952,32791,0.328583,1049600,2.75691E-05,0,0,0,0,6.24998,34.4001,0,3489860000,0,135297000,33556500,33620000,302584000,0,124858000,0,34.4698,0,10.5044,0.328945,0,19.5438,32,100,640,0,0,0,96
nbody_kernel,3133,2048,64,64,8,1,0,0,1,0,1,0.000180513,10,49,0.226348,270872,32847,0.0116155,17408,1.98956,4194300,65536,0,0,6.24994,34.7266,0,3489860000,0,103315000,33554400,136905000,271159000,0,126104000,0,72.7884,0,22.3917,2.86597,0,42.0762,32,100,512,1024,0,0,127
nbody_kernel,5884,2048,64,64,8,1,0,1,0,0,1,3.06034E-05,0,19,0.127227,274676,32791,1.4874,4197890,3.14141E-05,0,0,0,0,6.24998,34.6311,0,3489860000,0,235971000,33556500,134365000,302582000,0,131152000,0,40.1299,0,11.8896,1.48788,0,23.2361,32,100,640,0,0,0,96
nbody_kernel,4230,2048,64,64,8,1,0,1,0,0,2,4.72773E-05,0,21,0.172377,274936,32791,1.03831,2100740,4.37278E-05,0,0,0,0,6.24996,34.554,0,3489910000,0,118006000,16779300,67256300,285565000,0,124306000,0,54.9489,0,16.5871,1.03903,0,30.7243,32,100,512,0,0,0,128
nbody_kernel,3006,2048,64,64,8,1,0,1,0,0,4,6.02444E-05,0,19,0.237569,274656,32791,0.735137,1052160,6.17926E-05,0,0,0,0,6.24994,34.5254,0,3490010000,0,59023400,8390660,33701900,277098000,0,120886000,0,76.9828,0,23.4589,0.736403,0,42.2578,32,100,256,0,0,0,254
nbody_kernel,5334,2048,64,64,8,1,0,1,1,0,1,0.000251598,28,113,0.138276,271592,33023,0.0269759,69120,1.16232,4194300,65536,0,0,6.24997,34.6874,0,3489860000,0,104899000,33554400,138559000,271165000,0,126205000,0,42.5912,0,13.0963,1.69641,0,24.629,32,100,640,1024,0,0,96
nbody_kernel,4024,2048,64,64,8,1,0,1,1,0,2,4.51331E-05,0,19,0.178539,271584,32791,0.0188232,36352,0.784125,2097150,65536,0,0,6.24995,34.7425,0,3489910000,0,52469800,16777200,69353500,269900000,0,121834000,0,56.4947,0,17.3764,1.12662,0,31.5463,32,100,512,2048,0,0,128
nbody_kernel,2556,2048,64,64,8,1,0,1,1,0,4,0.000351165,76,19,0.272505,271568,32791,0.0161923,19968,1.21901,2097150,65536,0,0,6.24992,34.618,0,3490010000,0,26255400,8388610,34750500,269337000,0,119652000,0,88.4649,0,27.213,0.884091,0,48.5198,32,100,256,4096,0,0,248
nbody_kernel,12855,2048,64,64,8,1,1,0,0,0,1,0.00829225,120,11184,16.9239,288056,100717000,0.170732,1049600,7.1009E-06,0,0,201345000,100684000,6.24999,34.1546,0,3489860000,0,974600000,268478000,2449870000,336134000,0,245487000,0,18.2279,0,5.4501,12.435,0,19.9367,32,100,1024,0,320,0,26
nbody_kernel,12023,2048,64,64,8,1,1,0,1,0,1,0.00983613,178,12350,18.0988,283380,100717000,0.00301324,17408,0.507653,4194300,65536,201349000,100684000,6.24999,34.2625,0,3489860000,0,942621000,268478000,2553150000,304153000,0,246699000,0,19.2656,0,5.81301,13.8222,0,21.3693,32,100,1024,1024,320,0,28
nbody_kernel,12310,2048,64,64,8,1,1,1,0,0,1,0.00769537,16,10123,17.6656,287140,100717000,0.711323,4197890,7.41308E-06,0,0,201345000,100684000,6.24999,34.2257,0,3489860000,0,1109480000,268478000,2550610000,302055000,0,251769000,0,19.6995,0,5.67788,13.4875,0,21.3014,32,100,1024,0,320,0,27
nbody_kernel,7664,2048,64,64,8,1,1,1,0,0,2,0.0270779,261,22046,28.2856,286716,100723000,0.588471,2100740,1.18799E-05,0,0,151025000,100690000,6.24998,33.0426,0,3489910000,0,537993000,134261000,1275540000,302326000,0,184629000,0,31.5174,0,9.42493,11.1963,0,25.9297,32,100,1024,0,416,0,39
nbody_kernel,5627,2048,64,64,8,1,1,1,0,0,4,0.499515,462,308715,38.9237,596486,100735000,0.387988,1052160,1.63452E-05,0,0,125571000,100698000,6.24997,34.6182,0,3490010000,0,260860000,67151900,638009000,293853000,0,151061000,0,40.6172,0,12.3773,7.35453,0,27.8612,32,100,1024,0,608,0,61
nbody_kernel,11955,2048,64,64,8,1,1,1,1,0,1,0.00960331,964,11339,18.1145,281876,100717000,0.0119699,69120,0.507875,4194300,65536,201350000,100684000,6.24999,34.281,0,3489860000,0,978403000,268478000,2554810000,270074000,0,246804000,0,19.2751,0,5.81242,13.8298,0,21.3762,32,100,1024,1024,320,0,30
nbody_kernel,7555,2048,64,64,8,1,1,1,1,0,2,0.0259762,0,20913,28.7759,290484,100723000,0.0102081,36352,0.410023,2097150,65536,151017000,100690000,6.24998,33.5355,0,3489910000,0,472982000,134261000,1277640000,285811000,0,182146000,0,30.8727,0,9.44875,11.243,0,25.6458,32,100,1024,2048,416,0,40
nbody_kernel,10592,2048,64,64,8,1,1,1,1,0,4,1.19477,2130,1344320,33.1271,63835300,100735000,0.00404988,19968,0.290641,2097150,65536,125019000,100898000,6.24998,33.0697,0,3490010000,0,228092000,67151900,639058000,285854000,0,149820000,0,22.1213,0,6.80483,4.05004,0,15.1917,32,100,1024,4096,608,0,63
nbody_kernel,11214,2048,64,64,8,1,2,0,0,0,1,0.00958237,0,11338,19.506,289016,100717000,0.194671,1049600,8.19423E-06,0,0,201345000,100684000,6.24999,34.4997,0,3489860000,0,538120000,134236000,1241740000,369787000,0,186740000,0,20.4316,0,6.22634,7.20055,0,17.3257,32,100,1024,0,320,0,37
nbody_kernel,10280,2048,64,64,8,1,2,0,1,0,1,0.0112696,312,11987,21.2701,283724,100717000,0.00351417,17408,0.596555,4194300,65536,201349000,100684000,6.24998,34.5648,0,3489860000,0,539695000,134236000,1345030000,304253000,0,187969000,0,22.2231,0,6.77126,8.48207,0,18.966,32,100,1024,1024,320,0,37
nbody_kernel,10623,2048,64,64,8,1,2,1,0,0,1,0.0095727,296,10511,20.6182,286408,100717000,0.819143,4197890,8.64484E-06,0,0,201345000,100684000,6.24999,34.6145,0,3489860000,0,672451000,134236000,1342490000,336142000,0,193033000,0,22.302,0,6.54695,8.1856,0,18.8318,32,100,1024,0,320,0,37
nbody_kernel,6528,2048,64,64,8,1,2,1,0,0,2,0.032427,372,22174,33.4432,286332,100723000,0.669024,2100740,1.40462E-05,0,0,151025000,100690000,6.24997,34.4506,0,3489910000,0,319580000,67127300,671400000,319128000,0,155253000,0,35.4071,0,10.6882,6.68321,0,24.7266,32,100,1024,0,416,0,46
nbody_kernel,5153,2048,64,64,8,1,2,1,0,0,4,0.549642,872,310286,42.4187,609035,100735000,0.427615,1052160,1.78142E-05,0,0,125562000,100702000,6.24997,34.1967,0,3490010000,0,159934000,33572900,537231000,293831000,0,142658000,0,44.8132,0,13.656,6.8326,0,29.0296,32,100,1024,0,608,0,63
nbody_kernel,10265,2048,64,64,8,1,2,1,1,0,1,0.0106838,324,11410,21.2661,283372,100717000,0.0139059,69120,0.596447,4194300,65536,201350000,100684000,6.24998,34.65,0,3489860000,0,541901000,134236000,1346680000,303639000,0,188069000,0,22.1776,0,6.75339,8.47009,0,18.926,32,100,1024,1024,320,0,38
nbody_kernel,6142,2048,64,64,8,1,2,1,1,0,2,0.0318097,0,20750,35.6503,290164,100723000,0.0122851,36352,0.506899,2097150,65536,151017000,100690000,6.24997,34.5506,0,3489910000,0,254044000,67127300,673497000,303137000,0,152771000,0,36.8623,0,11.338,7.11171,0,25.8106,32,100,1024,2048,416,0,48
nbody_kernel,9610,2048,64,64,8,1,2,1,1,0,4,1.22366,1522,1223010,36.5495,55942300,100735000,0.00450143,19968,0.321224,2097150,65536,132217000,101030000,6.24998,32.8836,0,3490010000,0,127166000,33572900,538280000,285835000,0,141417000,0,24.5874,0,7.56345,3.79167,0,15.9384,32,100,1024,4096,608,0,64
nbody_kernel,7819,2048,64,64,8,1,4,0,0,0,1,0.0124559,0,10435,27.8747,288900,100717000,0.280502,1049600,1.17102E-05,0,0,201346000,100684000,6.24995,34.2022,0,3489860000,0,336728000,67115000,637682000,369785000,0,157373000,0,29.452,0,8.97532,5.33035,0,21.0475,32,100,1024,0,320,0,64
nbody_kernel,6795,2048,64,64,8,1,4,0,1,0,1,0.0171627,228,12092,32.2483,283236,100717000,0.0053345,17408,0.90534,4194300,65536,201349000,100684000,6.24997,34.5424,0,3489860000,0,304746000,67115000,740966000,337803000,0,158602000,0,33.4262,0,10.2828,7.09598,0,24.302,32,100,1024,1024,320,0,64
nbody_kernel,7163,2048,64,64,8,1,4,1,0,0,1,0.0135993,0,10356,30.5228,285908,100717000,1.2186,4197890,1.282E-05,0,0,201345000,100684000,6.24994,34.492,0,3489860000,0,437420000,67115000,738427000,369687000,0,163665000,0,32.8859,0,9.74341,6.70069,0,23.7622,32,100,1024,0,320,0,64
nbody_kernel,5933,2048,64,64,8,1,4,1,0,0,2,0.035298,1,22212,36.9169,285924,100723000,0.740401,2100740,1.54774E-05,0,0,151024000,100690000,6.24986,34.2991,0,3489910000,0,218792000,33560600,570679000,319093000,0,146857000,0,39.1871,0,11.8292,6.28709,0,25.8864,32,100,1024,0,416,0,62
nbody_kernel,5037,2048,64,64,8,1,4,1,0,0,4,0.580712,452,323174,43.637,592416,100735000,0.438017,1052160,1.82998E-05,0,0,125573000,100700000,6.24978,34.2735,0,3490010000,0,109478000,16783400,486842000,293796000,0,138457000,0,45.9315,0,13.9968,6.34626,0,28.8777,32,100,1024,0,608,0,64
nbody_kernel,6790,2048,64,64,8,1,4,1,1,0,1,0.0159071,188,11321,32.2234,283412,100717000,0.0211745,69120,0.903737,4194300,65536,201349000,100684000,6.24998,34.4817,0,3489860000,0,306348000,67115000,742621000,337705000,0,158700000,0,33.4408,0,10.2827,7.11173,0,24.3168,32,100,1024,1024,320,0,64
nbody_kernel,5492,2048,64,64,8,1,4,1,1,0,2,0.0358181,24,20919,39.9294,289992,100723000,0.0138039,36352,0.567982,2097150,65536,151018000,100690000,6.24993,34.454,0,3489910000,0,153256000,33560600,572776000,303102000,0,144375000,0,41.4202,0,12.7399,6.796,0,27.4082,32,100,1024,2048,416,0,62
nbody_kernel,9496,2048,64,64,8,1,4,1,1,0,4,1.24863,1190,1230740,36.4375,53754000,100735000,0.00453729,19968,0.323576,2097150,65536,132857000,100970000,6.2499,32.8785,0,3490010000,0,76709900,16783400,487891000,285800000,0,137216000,0,24.7712,0,7.62,3.46242,0,15.5805,32,100,1024,4096,608,0,64
nbody_kernel,6637,2048,64,64,8,1,8,0,0,0,1,0.000316314,204,18,0.11396,276952,32791,0.328571,1049600,2.76243E-05,0,0,0,0,6.24998,34.4621,0,3489860000,0,135297000,33556500,33620000,302584000,0,124858000,0,34.4766,0,10.5065,0.32901,0,19.5477,32,100,640,0,0,0,96
nbody_kernel,3102,2048,64,64,8,1,8,0,1,0,1,5.20103E-05,0,17,0.225616,270432,32839,0.0116158,17408,1.98865,4194300,65536,0,0,6.24994,34.7102,0,3489860000,0,103315000,33554400,136905000,271159000,0,126104000,0,72.7894,0,22.392,2.86601,0,42.0767,32,100,512,1024,0,0,127
nbody_kernel,5830,2048,64,64,8,1,8,1,0,0,1,0.00204263,1164,100,0.127218,274676,32791,1.48722,4197890,3.14158E-05,0,0,0,0,6.24997,34.6334,0,3489860000,0,235971000,33556500,134365000,302582000,0,131152000,0,40.1295,0,11.8895,1.48786,0,23.2359,32,100,640,0,0,0,96
nbody_kernel,4191,2048,64,64,8,1,8,1,0,0,2,7.85595E-05,16,19,0.172261,274668,32791,1.0385,2100740,4.3809E-05,0,0,0,0,6.24996,34.6133,0,3489910000,0,118006000,16779300,67256300,285565000,0,124306000,0,54.9565,0,16.5894,1.03918,0,30.7285,32,100,512,0,0,0,128
nbody_kernel,2978,2048,64,64,8,1,8,1,0,0,4,6.02093E-05,0,19,0.237575,274676,32839,0.735348,1052160,6.176E-05,0,0,0,0,6.24994,34.5132,0,3490010000,0,59023400,8390660,33701900,277098000,0,120886000,0,76.9693,0,23.4548,0.736274,0,42.2503,32,100,256,0,0,0,254
nbody_kernel,5281,2048,64,64,8,1,8,1,1,0,1,0.000112012,20,43,0.137953,272016,32791,0.0269762,69120,1.1629,4194300,65536,0,0,6.24997,34.7043,0,3489860000,0,104899000,33554400,138559000,271165000,0,126205000,0,42.5914,0,13.0963,1.69642,0,24.6291,32,100,640,1024,0,0,96
nbody_kernel,3990,2048,64,64,8,1,8,1,1,0,2,5.46322E-05,8,15,0.17879,272028,32791,0.0188229,36352,0.784359,2097150,65536,0,0,6.24995,34.7536,0,3489910000,0,52469800,16777200,69353500,269900000,0,121834000,0,56.4935,0,17.376,1.1266,0,31.5456,32,100,512,2048,0,0,128
nbody_kernel,2555,2048,64,64,8,1,8,1,1,0,4,7.0231E-05,0,19,0.272402,271552,32791,0.016194,19968,1.219,2097150,65536,0,0,6.24992,34.6148,0,3490010000,0,26255400,8388610,34750500,269337000,0,119652000,0,88.4722,0,27.2152,0.884164,0,48.5238,32,100,256,4096,0,0,248
nbody_kernel,3881,2048,64,64,8,2,0,0,0,0,1,3.64693E-05,0,15,0.186284,276940,32791,0.567409,1049600,4.72113E-05,0,0,0,0,6.24996,34.1145,0,3489860000,0,68188200,16779300,33620000,285809000,0,121712000,0,59.2393,0,18.1391,0.568025,0,32.8982,32,100,512,0,0,0,127
nbody_kernel,2835,2048,64,64,8,2,0,0,1,0,1,0.000236283,48,23,0.245888,271792,32791,0.0127281,17408,1.11453,2097150,65536,0,0,6.24994,34.7139,0,3489860000,0,52983800,16777200,69795800,271163000,0,121910000,0,79.753,0,24.5342,1.60681,0,44.5688,32,100,512,1024,0,0,127
nbody_kernel,3199,2048,64,64,8,2,0,1,0,0,1,5.60192E-05,0,19,0.222185,274676,32791,2.72889,4197890,5.75605E-05,0,0,0,0,6.24995,34.5879,0,3489860000,0,118530000,16779300,134365000,285802000,0,126433000,0,72.2592,0,21.8127,2.72967,0,41.0954,32,100,512,0,0,0,128
nbody_kernel,3019,2048,64,64,8,2,0,1,0,0,2,6.8837E-05,1,21,0.234906,274676,32791,1.44702,2100740,6.08044E-05,0,0,0,0,6.24995,34.4763,0,3489910000,0,59285500,8390660,67256300,277180000,0,121947000,0,75.8574,0,23.1166,1.44805,0,42.0064,32,100,384,0,0,0,162
nbody_kernel,2933,2048,64,64,8,2,0,1,0,0,4,0.000138385,24,19,0.241339,274668,32791,0.746769,1052160,6.28342E-05,0,0,0,0,6.24995,34.5787,0,3490010000,0,29663200,4196350,33701900,272916000,0,119707000,0,77.7876,0,23.8176,0.747661,0,42.4853,32,100,256,0,0,0,247
nbody_kernel,2774,2048,64,64,8,2,0,1,1,0,1,0.000132678,0,39,0.251989,272300,32791,0.0516529,69120,1.13923,2097150,65536,0,0,6.24994,34.7144,0,3489860000,0,54566900,16777200,71450600,271157000,0,122011000,0,81.5562,0,25.0775,1.68104,0,45.5936,32,100,512,1024,0,0,128
nbody_kernel,2558,2048,64,64,8,2,0,1,1,0,2,7.01753E-05,0,19,0.272275,271568,32791,0.0294664,36352,1.22255,2097150,65536,0,0,6.24993,34.6038,0,3489910000,0,27303900,8388610,35799000,269906000,0,119737000,0,88.4357,0,27.2007,0.913575,0,48.532,32,100,384,2048,0,0,160
nbody_kernel,2480,2048,64,64,8,2,0,1,1,0,4,0.000833571,168,51,0.280432,271568,32791,0.0166885,19968,1.26094,2097150,65536,0,0,6.24992,34.7409,0,3490010000,0,13672400,4194300,34750500,269347000,0,119128000,0,91.1839,0,28.0494,0.911264,0,49.7921,32,100,256,4096,0,0,246
nbody_kernel,12566,2048,64,64,8,2,1,0,0,0,1,0.00832118,0,11146,17.3089,288944,100717000,0.173345,1049600,7.26198E-06,0,0,201345000,100684000,6.24999,34.3874,0,3489860000,0,1041710000,251701000,2449870000,302584000,0,241276000,0,19.6368,0,5.53599,12.631,0,19.9036,32,100,1024,0,320,0,29
nbody_kernel,11185,2048,64,64,8,2,1,0,1,0,1,0.0104912,198,12246,19.5,283408,100717000,0.00322793,17408,0.546823,4194300,65536,201349000,100684000,6.24999,34.5099,0,3489860000,0,1010250000,251701000,2553150000,303636000,0,243554000,0,21.8661,0,6.21666,14.782,0,22.5617,32,100,1024,1024,320,0,29
nbody_kernel,12045,2048,64,64,8,2,1,1,0,0,1,0.0081454,172,10287,18.1348,287276,100717000,0.724851,4197890,7.59989E-06,0,0,201345000,100684000,6.24999,34.4398,0,3489860000,0,1092170000,251701000,2550610000,302586000,0,246002000,0,20.8809,0,5.78478,13.7414,0,21.2053,32,100,1024,0,320,0,35
nbody_kernel,7283,2048,64,64,8,2,1,1,0,0,2,0.0288062,1,22402,29.7027,286724,100723000,0.602233,2100740,1.24704E-05,0,0,151025000,100690000,6.24998,34.0418,0,3489910000,0,529558000,125872000,1275540000,302373000,0,181745000,0,32.7125,0,9.603,11.4078,0,26.007,32,100,1024,0,416,0,47
nbody_kernel,5649,2048,64,64,8,2,1,1,0,0,4,0.512903,468,312647,38.6324,593703,100735000,0.39081,1052160,1.62155E-05,0,0,125574000,100700000,6.24997,34.1084,0,3490010000,0,265054000,62957600,638009000,285460000,0,149619000,0,41.4811,0,12.4626,7.40519,0,27.7853,32,100,1024,0,608,0,64
nbody_kernel,11111,2048,64,64,8,2,1,1,1,0,1,0.0102444,514,11648,19.5358,282276,100717000,0.0128332,69120,0.54785,4194300,65536,201350000,100684000,6.24999,34.457,0,3489860000,0,1011430000,251701000,2554810000,304157000,0,243659000,0,22.0473,0,6.23788,14.8421,0,22.6485,32,100,1024,1024,320,0,30
nbody_kernel,6896,2048,64,64,8,2,1,1,1,0,2,0.0285879,40,20738,31.8036,289964,100723000,0.0111134,36352,0.452948,2097150,65536,151017000,100690000,6.24998,34.0682,0,3489910000,0,497576000,125872000,1277640000,294769000,0,180574000,0,34.6897,0,10.2747,12.2259,0,27.6468,32,100,1024,2048,416,0,41
nbody_kernel,9932,2048,64,64,8,2,1,1,1,0,4,1.2237,1292,1284310,35.6444,60403300,100735000,0.00431989,19968,0.312789,2097150,65536,128287000,100776000,6.24998,33.3516,0,3490010000,0,249063000,62957600,639058000,281659000,0,149033000,0,24.0597,0,7.26151,4.32184,0,16.1262,32,100,1024,4096,608,0,64
nbody_kernel,10823,2048,64,64,8,2,2,0,0,0,1,0.00987345,4,11319,20.2235,287944,100717000,0.201908,1049600,8.48768E-06,0,0,201345000,100684000,6.24999,34.4903,0,3489860000,0,538092000,117459000,1241740000,336261000,0,182545000,0,21.8745,0,6.45108,7.46045,0,17.5479,32,100,1024,0,320,0,37
nbody_kernel,9889,2048,64,64,8,2,2,0,1,0,1,0.0113416,0,11977,22.1116,284028,100717000,0.00363341,17408,0.618937,4194300,65536,201349000,100684000,6.24998,34.6571,0,3489860000,0,522887000,117459000,1345030000,321061000,0,184823000,0,23.6521,0,7.0066,8.77686,0,19.2968,32,100,1024,1024,320,0,37
nbody_kernel,10173,2048,64,64,8,2,2,1,0,0,1,0.00996028,428,10343,21.5654,286712,100717000,0.85584,4197890,9.03325E-06,0,0,201345000,100684000,6.24998,34.615,0,3489860000,0,588540000,117459000,1342490000,336167000,0,187266000,0,23.5173,0,6.841,8.55325,0,19.0897,32,100,1024,0,320,0,38
nbody_kernel,6306,2048,64,64,8,2,2,1,0,0,2,0.0331256,0,22179,34.7452,287284,100723000,0.695389,2100740,1.45937E-05,0,0,151025000,100690000,6.24998,34.3958,0,3489910000,0,294414000,58738700,671400000,302350000,0,152370000,0,37.1932,0,11.1224,6.95474,0,25.2533,32,100,1024,0,416,0,54
nbody_kernel,5018,2048,64,64,8,2,2,1,0,0,4,0.579274,562,318417,43.6168,586499,100735000,0.439217,1052160,1.83174E-05,0,0,125582000,100701000,6.24997,34.2907,0,3490010000,0,147352000,29378600,537231000,285444000,0,141217000,0,46.1714,0,14.0032,7.00632,0,29.4669,32,100,1024,0,608,0,64
nbody_kernel,9959,2048,64,64,8,2,2,1,1,0,1,0.0113464,448,11587,21.9755,283392,100717000,0.0144122,69120,0.615576,4194300,65536,201350000,100684000,6.24998,34.5291,0,3489860000,0,524577000,117459000,1346680000,320963000,0,184923000,0,23.6211,0,6.99439,8.77235,0,19.2736,32,100,1024,1024,320,0,38
nbody_kernel,5979,2048,64,64,8,2,2,1,1,0,2,0.032937,168,20598,36.5838,290360,100723000,0.0126414,36352,0.521107,2097150,65536,151017000,100690000,6.24997,34.5279,0,3489910000,0,262433000,58738700,673497000,294748000,0,151198000,0,38.6495,0,11.6635,7.31586,0,26.2782,32,100,1024,2048,416,0,48
nbody_kernel,9480,2048,64,64,8,2,2,1,1,0,4,1.24206,1304,1226290,37.1598,55884800,100735000,0.00456257,19968,0.327669,2097150,65536,132534000,101023000,6.24998,33.0303,0,3490010000,0,131361000,29378600,538280000,281772000,0,140635000,0,25.1618,0,7.66645,3.84423,0,16.066,32,100,1024,4096,608,0,64
nbody_kernel,7582,2048,64,64,8,2,4,0,0,0,1,0.0137354,288,10668,28.6517,287220,100717000,0.290281,1049600,1.20287E-05,0,0,201346000,100684000,6.24994,34.0048,0,3489860000,0,303174000,50337800,637682000,336230000,0,153179000,0,30.8633,0,9.27294,5.5071,0,21.1659,32,100,1024,0,320,0,64
nbody_kernel,6502,2048,64,64,8,2,4,0,1,0,1,0.0173682,28,11986,33.552,283744,100717000,0.00555593,17408,0.941703,4194300,65536,201349000,100684000,6.24997,34.4865,0,3489860000,0,287969000,50337800,740966000,321026000,0,155456000,0,35.4946,0,10.7132,7.39295,0,24.8168,32,100,1024,1024,320,0,64
nbody_kernel,6817,2048,64,64,8,2,4,1,0,0,1,0.0147818,540,10213,32.0758,285872,100717000,1.28617,4197890,1.34735E-05,0,0,201345000,100684000,6.24994,34.2911,0,3489860000,0,353534000,50337800,738427000,336132000,0,157898000,0,34.7646,0,10.3,7.0835,0,24.2346,32,100,1024,0,320,0,64
nbody_kernel,5725,2048,64,64,8,2,4,1,0,0,2,0.0368305,117,22141,38.2962,286260,100723000,0.768664,2100740,1.60857E-05,0,0,151024000,100690000,6.24987,34.3383,0,3489910000,0,176849000,25172000,570679000,302316000,0,143974000,0,40.6806,0,12.28,6.5267,0,26.3453,32,100,1024,0,416,0,62
nbody_kernel,4986,2048,64,64,8,2,4,1,0,0,4,0.575278,956,316020,43.9556,589049,100735000,0.442575,1052160,1.8461E-05,0,0,125577000,100702000,6.24983,34.2741,0,3490010000,0,88506400,12589100,486842000,285407000,0,137015000,0,46.3354,0,14.1198,6.40207,0,28.8283,32,100,896,0,608,0,69
nbody_kernel,6519,2048,64,64,8,2,4,1,1,0,1,0.0172615,408,11450,33.576,282400,100717000,0.0220683,69120,0.942429,4194300,65536,201349000,100684000,6.24997,34.4963,0,3489860000,0,289571000,50337800,742621000,320928000,0,155555000,0,35.5276,0,10.7184,7.41306,0,24.8447,32,100,1024,1024,320,0,64
nbody_kernel,5320,2048,64,64,8,2,4,1,1,0,2,0.0370146,0,20854,41.035,288788,100723000,0.0142569,36352,0.584373,2097150,65536,151018000,100690000,6.24994,34.3007,0,3489910000,0,144867000,25172000,572776000,294713000,0,142802000,0,43.2174,0,13.1661,7.02337,0,28.0165,32,100,1024,2048,416,0,62
nbody_kernel,9708,2048,64,64,8,2,4,1,1,0,4,1.23271,1574,1232120,35.839,54975500,100735000,0.00449764,19968,0.318587,2097150,65536,131715000,100774000,6.2499,32.6295,0,3490010000,0,72519700,12589100,487891000,281610000,0,136430000,0,24.6929,0,7.55955,3.43497,0,15.3683,32,100,1024,4096,608,0,64
nbody_kernel,3881,2048,64,64,8,2,8,0,0,0,1,0.00107336,192,250,0.186631,277704,32791,0.567393,1049600,4.72521E-05,0,0,0,0,6.24996,34.143,0,3489860000,0,68188200,16779300,33620000,285809000,0,121712000,0,59.2409,0,18.1396,0.56804,0,32.8991,32,100,512,0,0,0,127
nbody_kernel,2834,2048,64,64,8,2,8,0,1,0,1,9.72037E-05,16,13,0.246504,270432,32791,0.0127274,17408,1.11456,2097150,65536,0,0,6.24993,34.7121,0,3489860000,0,52983800,16777200,69795800,271163000,0,121910000,0,79.759,0,24.536,1.60693,0,44.5722,32,100,512,1024,0,0,127
nbody_kernel,3198,2048,64,64,8,2,8,1,0,0,1,8.26613E-05,0,28,0.221945,274676,32791,2.72796,4197890,5.73788E-05,0,0,0,0,6.24995,34.4791,0,3489860000,0,118530000,16779300,134365000,285802000,0,126433000,0,72.2586,0,21.8125,2.72964,0,41.095,32,100,512,0,0,0,128
nbody_kernel,3019,2048,64,64,8,2,8,1,0,0,2,5.94401E-05,0,19,0.234695,275700,32791,1.44684,2100740,6.10064E-05,0,0,0,0,6.24995,34.5804,0,3489910000,0,59285500,8390660,67256300,277180000,0,121947000,0,75.8803,0,23.1236,1.44849,0,42.0191,32,100,384,0,0,0,162
nbody_kernel,2933,2048,64,64,8,2,8,1,0,0,4,6.75822E-05,0,21,0.241277,274664,32791,0.746706,1052160,6.28197E-05,0,0,0,0,6.24995,34.5708,0,3490010000,0,29663200,4196350,33701900,272916000,0,119707000,0,77.7873,0,23.8175,0.747658,0,42.4851,32,100,256,0,0,0,247
nbody_kernel,2774,2048,64,64,8,2,8,1,1,0,1,5.78356E-05,0,17,0.25199,271580,32791,0.0516521,69120,1.1394,2097150,65536,0,0,6.24994,34.7193,0,3489860000,0,54566900,16777200,71450600,271157000,0,122011000,0,81.557,0,25.0778,1.68106,0,45.5941,32,100,512,1024,0,0,128
nbody_kernel,2558,2048,64,64,8,2,8,1,1,0,2,0.000107037,12,17,0.272307,271568,32791,0.0294653,36352,1.2272,2097150,65536,0,0,6.24993,34.734,0,3489910000,0,27303900,8388610,35799000,269906000,0,119737000,0,88.4393,0,27.2018,0.913612,0,48.534,32,100,384,2048,0,0,160
nbody_kernel,2481,2048,64,64,8,2,8,1,1,0,4,0.00020173,36,17,0.280408,271568,32791,0.0166887,19968,1.2609,2097150,65536,0,0,6.24992,34.7399,0,3490010000,0,13672400,4194300,34750500,269347000,0,119128000,0,91.184,0,28.0494,0.911264,0,49.7921,32,100,256,4096,0,0,246
nbody_kernel,3328,2048,64,64,8,4,0,0,0,0,1,0.000263882,16,77,0.215612,277040,32791,0.658298,1049600,5.53103E-05,0,0,0,0,6.24995,34.4437,0,3489860000,0,34633700,8390660,33620000,277422000,0,120139000,0,68.5739,0,21.0477,0.659107,0,37.6801,32,100,512,0,0,0,127
nbody_kernel,2625,2048,64,64,8,4,0,0,1,0,1,6.1178E-05,0,17,0.264653,270432,32839,0.0137513,17408,1.20008,2097150,65536,0,0,6.24993,34.5915,0,3489860000,0,27818000,8388610,36241400,271167000,0,119813000,0,86.1781,0,26.5107,0.907797,0,47.331,32,100,512,1024,0,0,127
nbody_kernel,3136,2048,64,64,8,4,0,1,0,0,1,7.52667E-05,8,17,0.226264,275044,32791,2.78342,4197890,5.85194E-05,0,0,0,0,6.24995,34.4732,0,3489860000,0,59809800,8390660,134365000,277418000,0,124074000,0,73.0121,0,22.2499,2.78437,0,41.1368,32,100,512,0,0,0,128
nbody_kernel,2942,2048,64,64,8,4,0,1,0,0,2,5.77781E-05,1,17,0.240496,274676,32791,1.48576,2100740,6.24157E-05,0,0,0,0,6.24995,34.4665,0,3489910000,0,29925400,4196350,67256300,272984000,0,120767000,0,77.5188,0,23.7359,1.48685,0,42.7145,32,100,384,0,0,0,168
nbody_kernel,2717,2048,64,64,8,4,0,1,0,0,4,6.60368E-05,0,19,0.259379,275604,32791,0.804808,1052160,6.78111E-05,0,0,0,0,6.24994,34.6177,0,3490010000,0,14983200,2099200,33701900,270815000,0,119117000,0,83.6537,0,25.6751,0.805971,0,45.573,32,100,256,0,0,0,247
nbody_kernel,2627,2048,64,64,8,4,0,1,1,0,1,0.000147391,16,25,0.265361,271600,32791,0.054514,69120,1.19921,2097150,65536,0,0,6.24993,34.6084,0,3489860000,0,29401100,8388610,37896200,271163000,0,119914000,0,86.1128,0,26.4786,0.947505,0,47.3136,32,100,512,1024,0,0,128
nbody_kernel,2530,2048,64,64,8,4,0,1,1,0,2,0.000108349,16,13,0.27528,271568,32791,0.0298081,36352,1.23692,2097150,65536,0,0,6.24993,34.6061,0,3489910000,0,14721000,4194300,35799000,269902000,0,119212000,0,89.4693,0,27.5186,0.924253,0,48.8842,32,100,384,2048,0,0,161
nbody_kernel,2482,2048,64,64,8,4,0,1,1,0,4,0.000795671,188,21,0.280329,271568,32791,0.016712,19968,1.2606,2097150,65536,0,0,6.24991,34.6827,0,3490010000,0,7380990,2097150,34750500,269347000,0,118866000,0,91.313,0,28.0891,0.912554,0,49.7528,32,100,256,4096,0,0,250
nbody_kernel,12594,2048,64,64,8,4,1,0,0,0,1,0.00876834,596,11115,17.289,288612,100717000,0.17333,1049600,7.2548E-06,0,0,201345000,100684000,6.24999,34.4018,0,3489860000,0,974551000,243313000,2449870000,327797000,0,239703000,0,19.393,0,5.52821,12.6133,0,19.746,32,100,1024,0,320,0,29
nbody_kernel,11051,2048,64,64,8,4,1,0,1,0,1,0.0103931,0,12242,19.6749,285828,100717000,0.00326283,17408,0.552119,4194300,65536,201349000,100684000,6.24999,34.4606,0,3489860000,0,976126000,243313000,2553150000,312590000,0,242505000,0,22.0538,0,6.28583,14.9465,0,22.7146,32,100,1024,1024,320,0,29
nbody_kernel,11953,2048,64,64,8,4,1,1,0,0,1,0.00803027,140,10117,18.207,286668,100717000,0.72655,4197890,7.64183E-06,0,0,201345000,100684000,6.24999,34.4954,0,3489860000,0,1008250000,243313000,2550610000,319392000,0,243642000,0,20.5537,0,5.80732,13.795,0,21.0838,32,100,1024,0,320,0,35
nbody_kernel,7274,2048,64,64,8,4,1,1,0,0,2,0.0296308,308,22712,29.9059,287608,100723000,0.60015,2100740,1.25586E-05,0,0,151025000,100690000,6.24998,34.267,0,3489910000,0,500197000,121678000,1275540000,298179000,0,180565000,0,32.5773,0,9.60738,11.413,0,25.85,32,100,1024,0,416,0,47
nbody_kernel,5951,2048,64,64,8,4,1,1,0,0,4,0.488976,582,315825,36.843,592343,100735000,0.367251,1052160,3.0943E-05,0,0,125576000,100697000,6.24998,34.6306,0,3490010000,0,250380000,60860400,638009000,283369000,0,149030000,0,38.8898,0,11.7115,6.95894,0,26.008,32,100,1024,0,608,0,64
nbody_kernel,11041,2048,64,64,8,4,1,1,1,0,1,0.0101512,140,11785,19.7278,282880,100717000,0.0129275,69120,0.553248,4194300,65536,201350000,100684000,6.24999,34.5555,0,3489860000,0,977846000,243313000,2554810000,312574000,0,242610000,0,22.0475,0,6.28139,14.9456,0,22.7083,32,100,1024,1024,320,0,30
nbody_kernel,6645,2048,64,64,8,4,1,1,1,0,2,0.0300449,326,20868,32.8494,290000,100723000,0.0114407,36352,0.467798,2097150,65536,151017000,100690000,6.24998,34.2222,0,3489910000,0,484993000,121678000,1277640000,294771000,0,180049000,0,35.6658,0,10.5638,12.5699,0,28.3422,32,100,1024,2048,416,0,41
nbody_kernel,9841,2048,64,64,8,4,1,1,1,0,4,1.23904,2148,1282680,35.8448,60412900,100735000,0.00434885,19968,0.315178,2097150,65536,128336000,100814000,6.24998,33.3338,0,3490010000,0,242776000,60860400,639058000,281799000,0,148776000,0,24.2099,0,7.30684,4.34972,0,16.1988,32,100,1024,4096,608,0,61
nbody_kernel,10704,2048,64,64,8,4,2,0,0,0,1,0.00999431,0,11377,20.4421,288988,100717000,0.204012,1049600,8.58025E-06,0,0,201345000,100684000,6.24999,34.4719,0,3489860000,0,504537000,109070000,1241740000,327873000,0,180973000,0,22.0739,0,6.52492,7.54584,0,17.5958,32,100,1024,0,320,0,37
nbody_kernel,9782,2048,64,64,8,4,2,0,1,0,1,0.0119735,0,12376,22.3884,283772,100717000,0.00370093,17408,0.626683,4194300,65536,201349000,100684000,6.24998,34.4847,0,3489860000,0,497721000,109070000,1345030000,321061000,0,183774000,0,24.0679,0,7.12975,8.93113,0,19.5245,32,100,1024,1024,320,0,37
nbody_kernel,10012,2048,64,64,8,4,2,1,0,0,1,0.00975093,0,10368,21.8429,286644,100717000,0.86933,4197890,9.16947E-06,0,0,201345000,100684000,6.24998,34.5681,0,3489860000,0,529820000,109070000,1342490000,327778000,0,184907000,0,23.687,0,6.95358,8.694,0,19.1594,32,100,1024,0,320,0,40
nbody_kernel,6278,2048,64,64,8,4,2,1,0,0,2,0.0335093,0,22323,34.9866,287136,100723000,0.698486,2100740,1.46943E-05,0,0,151025000,100690000,6.24997,34.4917,0,3489910000,0,265054000,54544400,671400000,298156000,0,151190000,0,37.1712,0,11.168,6.98325,0,25.1605,32,100,1024,0,416,0,54
nbody_kernel,5479,2048,64,64,8,4,2,1,0,0,4,0.532986,648,319318,39.721,583599,100735000,0.39993,1052160,3.33634E-05,0,0,125584000,100702000,6.24997,34.2819,0,3490010000,0,132678000,27281400,537231000,283347000,0,140627000,0,41.9596,0,12.756,6.38234,0,26.7304,32,100,1024,0,608,0,64
nbody_kernel,9709,2048,64,64,8,4,2,1,1,0,1,0.0107328,124,10948,22.5298,283368,100717000,0.0146965,69120,0.630792,4194300,65536,201350000,100684000,6.24998,34.6597,0,3489860000,0,499411000,109070000,1346680000,320963000,0,183874000,0,24.1137,0,7.14025,8.95529,0,19.5639,32,100,1024,1024,320,0,38
nbody_kernel,5917,2048,64,64,8,4,2,1,1,0,2,0.0334494,0,20977,37.0348,289948,100723000,0.0127738,36352,0.526788,2097150,65536,151017000,100690000,6.24997,34.5249,0,3489910000,0,249850000,54544400,673497000,294748000,0,150674000,0,39.0742,0,11.7916,7.39625,0,26.4749,32,100,1024,2048,416,0,48
nbody_kernel,9472,2048,64,64,8,4,2,1,1,0,4,1.24214,1214,1227340,37.0464,55200000,100735000,0.00457462,19968,0.326389,2097150,65536,132948000,101168000,6.24998,32.8111,0,3490010000,0,125075000,27281400,538280000,281774000,0,140373000,0,25.2302,0,7.68728,3.85469,0,16.0797,32,100,1024,4096,608,0,61
nbody_kernel,7469,2048,64,64,8,4,4,0,0,0,1,0.0135037,168,10561,29.1024,287284,100717000,0.293703,1049600,1.22217E-05,0,0,201346000,100684000,6.24994,34.0732,0,3489860000,0,269619000,41949200,637682000,327842000,0,151606000,0,31.222,0,9.4028,5.58422,0,21.2419,32,100,1024,0,320,0,64
nbody_kernel,6445,2048,64,64,8,4,4,0,1,0,1,0.0173332,0,11818,34.0122,283256,100717000,0.00563675,17408,0.954643,4194300,65536,201349000,100684000,6.24997,34.4734,0,3489860000,0,262803000,41949200,740966000,321026000,0,154407000,0,35.9961,0,10.8645,7.49739,0,24.9977,32,100,1024,1024,320,0,64
nbody_kernel,6630,2048,64,64,8,4,4,1,0,0,1,0.0145683,216,10087,32.8804,286036,100717000,1.31757,4197890,1.38113E-05,0,0,201345000,100684000,6.24994,34.356,0,3489860000,0,294814000,41949200,738427000,327743000,0,155538000,0,35.2395,0,10.5383,7.24736,0,24.4247,32,100,1024,0,320,0,64
nbody_kernel,5612,2048,64,64,8,4,4,1,0,0,2,0.0374474,1,22295,39.0722,285812,100723000,0.785186,2100740,1.64121E-05,0,0,151024000,100690000,6.24987,34.3264,0,3489910000,0,147489000,20977700,570679000,298121000,0,142794000,0,41.3248,0,12.5336,6.66149,0,26.6691,32,100,1024,0,416,0,62
nbody_kernel,4951,2048,64,64,8,4,4,1,0,0,4,0.567319,616,307792,43.8106,590510,100735000,0.448468,1052160,1.83994E-05,0,0,125574000,100702000,6.24982,33.687,0,3490010000,0,73826300,10491900,486842000,283310000,0,136425000,0,46.8736,0,14.318,6.49189,0,29.1069,32,100,1024,0,608,0,64
nbody_kernel,6419,2048,64,64,8,4,4,1,1,0,1,0.0168111,0,11466,34.0254,282384,100717000,0.022401,69120,0.954996,4194300,65536,201349000,100684000,6.24997,34.4607,0,3489860000,0,264405000,41949200,742621000,320928000,0,154506000,0,36.0385,0,10.8725,7.51967,0,25.0321,32,100,1024,1024,320,0,64
nbody_kernel,5279,2048,64,64,8,4,4,1,1,0,2,0.0373609,176,20874,41.4001,288868,100723000,0.0143311,36352,0.589108,2097150,65536,151018000,100690000,6.24991,34.39,0,3489910000,0,132284000,20977700,572776000,294713000,0,142278000,0,43.4544,0,13.2383,7.06188,0,28.0667,32,100,1024,2048,416,0,62
nbody_kernel,9299,2048,64,64,8,4,4,1,1,0,4,1.28666,1202,1230540,37.9393,55730700,100735000,0.00469984,19968,0.337154,2097150,65536,131034000,101083000,6.24989,32.9826,0,3490010000,0,66230300,10491900,487891000,281739000,0,136171000,0,25.8034,0,7.89952,3.59041,0,16.0291,32,100,1024,4096,608,0,64
nbody_kernel,3327,2048,64,64,8,4,8,0,0,0,1,0.00217364,672,94,0.215437,276984,32791,0.658077,1049600,5.5138E-05,0,0,0,0,6.24995,34.3381,0,3489860000,0,34633700,8390660,33620000,277422000,0,120139000,0,68.5707,0,21.0468,0.659076,0,37.6783,32,100,512,0,0,0,127
nbody_kernel,2626,2048,64,64,8,4,8,0,1,0,1,4.32594E-05,0,12,0.264643,271312,32791,0.0137511,17408,1.20436,2097150,65536,0,0,6.24993,34.7145,0,3489860000,0,27818000,8388610,36241400,271167000,0,119813000,0,86.1794,0,26.5111,0.90781,0,47.3317,32,100,512,1024,0,0,127
nbody_kernel,3135,2048,64,64,8,4,8,1,0,0,1,0.000939487,132,180,0.226523,274668,32863,2.7835,4197890,5.85361E-05,0,0,0,0,6.24995,34.4831,0,3489860000,0,59809800,8390660,134365000,277418000,0,124074000,0,73.012,0,22.2499,2.78437,0,41.1367,32,100,512,0,0,0,128
nbody_kernel,2942,2048,64,64,8,4,8,1,0,0,2,6.09399E-05,0,19,0.240726,274676,32839,1.48569,2100740,6.26375E-05,0,0,0,0,6.24995,34.588,0,3489910000,0,29925400,4196350,67256300,272984000,0,120767000,0,77.5212,0,23.7367,1.48689,0,42.7158,32,100,384,0,0,0,168
nbody_kernel,2717,2048,64,64,8,4,8,1,0,0,4,0.000385911,20,91,0.260452,274676,32823,0.804849,1052160,6.76371E-05,0,0,0,0,6.24994,34.5317,0,3490010000,0,14983200,2099200,33701900,270815000,0,119117000,0,83.6468,0,25.673,0.805905,0,45.5693,32,100,256,0,0,0,247
nbody_kernel,2628,2048,64,64,8,4,8,1,1,0,1,9.76888E-05,8,19,0.26526,271592,32791,0.0545402,69120,1.20374,2097150,65536,0,0,6.24993,34.7386,0,3489860000,0,29401100,8388610,37896200,271163000,0,119914000,0,86.1146,0,26.4792,0.947524,0,47.3146,32,100,512,1024,0,0,128
nbody_kernel,2530,2048,64,64,8,4,8,1,1,0,2,0.000474504,108,19,0.275363,271576,32794,0.0298093,36352,1.23737,2097150,65536,0,0,6.24993,34.6197,0,3489910000,0,14721000,4194300,35799000,269902000,0,119212000,0,89.4661,0,27.5176,0.924219,0,48.8825,32,100,384,2048,0,0,161
nbody_kernel,2482,2048,64,64,8,4,8,1,1,0,4,7.2812E-05,0,19,0.280495,271572,32839,0.0167126,19968,1.26089,2097150,65536,0,0,6.24991,34.6905,0,3490010000,0,7380990,2097150,34750500,269347000,0,118866000,0,91.3127,0,28.089,0.912551,0,49.7526,32,100,256,4096,0,0,250
nbody_kernel,3026,2048,64,64,8,8,0,0,0,0,1,5.30435E-05,0,17,0.235764,278332,32791,0.721085,1049600,6.06642E-05,0,0,0,0,6.24995,34.4726,0,3489860000,0,17856500,4196350,33620000,273222000,0,119353000,0,75.0586,0,23.0658,0.722302,0,41.0225,32,100,512,0,0,0,127
nbody_kernel,2624,2048,64,64,8,8,0,0,1,0,1,0.000351536,80,17,0.264678,270432,32791,0.0137614,17408,1.20548,2097150,65536,0,0,6.24993,34.7258,0,3489860000,0,15235100,4194300,36241400,271165000,0,119288000,0,86.2314,0,26.5271,0.908358,0,47.153,32,100,512,1024,0,0,127
nbody_kernel,2973,2048,64,64,8,8,0,1,0,0,1,4.76783E-05,0,15,0.238375,274668,32839,2.94004,4197890,6.17985E-05,0,0,0,0,6.24995,34.4674,0,3489860000,0,30449700,4196350,134365000,273226000,0,122895000,0,76.7492,0,23.5006,2.9409,0,43.0362,32,100,512,0,0,0,128
nbody_kernel,2832,2048,64,64,8,8,0,1,0,0,2,0.000140898,21,21,0.249355,274676,32791,1.54115,2100740,6.50659E-05,0,0,0,0,6.24994,34.637,0,3489910000,0,15245300,2099200,67256300,270893000,0,120177000,0,80.2202,0,24.622,1.54235,0,44.0927,32,100,384,0,0,0,166
nbody_kernel,4101,2048,64,64,8,8,0,1,0,0,4,0.000816572,236,119,1.51203,2805790,32895,0.538339,1052160,4.47295E-05,0,0,0,0,6.24995,34.1185,0,3490010000,0,7643140,1050620,33701900,269763000,0,118822000,0,55.9198,0,17.1836,0.539412,0,30.4251,32,100,256,0,0,0,254
nbody_kernel,2650,2048,64,64,8,8,0,1,1,0,1,0.000131923,12,25,0.263449,271580,32839,0.0540693,69120,1.18897,2097150,65536,0,0,6.24993,34.5946,0,3489860000,0,16818200,4194300,37896200,271159000,0,119389000,0,85.4121,0,26.2631,0.939794,0,46.7233,32,100,512,1024,0,0,128
nbody_kernel,2501,2048,64,64,8,8,0,1,1,0,2,4.91048E-05,0,13,0.27824,272244,32791,0.0301609,36352,1.25533,2097150,65536,0,0,6.24991,34.7073,0,3489910000,0,8429570,2097150,35799000,269908000,0,118950000,0,90.5358,0,27.8466,0.93527,0,49.3582,32,100,384,2048,0,0,164
nbody_kernel,3973,2048,64,64,8,8,0,1,1,0,4,4.03541E-05,0,17,1.55821,2796510,32791,0.0105643,19968,0.784735,2097150,65536,0,0,6.24994,34.1413,0,3490010000,0,4235260,1048580,34750500,269382000,0,118736000,0,57.7445,0,17.7629,0.57708,0,31.4282,32,100,256,4096,0,0,252
nbody_kernel,12657,2048,64,64,8,8,1,0,0,0,1,0.00870585,428,11235,17.2942,288356,100717000,0.173192,1049600,7.24126E-06,0,0,201345000,100684000,6.24999,34.3161,0,3489860000,0,957811000,239118000,2449870000,323635000,0,238919000,0,19.3835,0,5.53166,12.6211,0,19.6937,32,100,1024,0,320,0,31
nbody_kernel,10998,2048,64,64,8,8,1,0,1,0,1,0.0103442,0,12096,19.8362,284312,100717000,0.00327719,17408,0.555283,4194300,65536,201349000,100684000,6.24999,34.472,0,3489860000,0,955189000,239118000,2553150000,321014000,0,241983000,0,22.1235,0,6.31976,15.0272,0,22.788,32,100,1024,1024,320,0,31
nbody_kernel,11958,2048,64,64,8,8,1,1,0,0,1,0.00809946,128,10121,18.251,287944,100717000,0.729204,4197890,7.65996E-06,0,0,201345000,100684000,6.24999,34.4509,0,3489860000,0,970521000,239118000,2550610000,323639000,0,242465000,0,20.4924,0,5.82863,13.8456,0,21.0589,32,100,1024,0,320,0,37
nbody_kernel,7270,2048,64,64,8,8,1,1,0,0,2,0.0294189,0,22607,30.1318,286740,100723000,0.600768,2100740,1.26534E-05,0,0,151025000,100690000,6.24998,34.558,0,3489910000,0,485554000,119581000,1275540000,296110000,0,179978000,0,32.4718,0,9.59837,11.4023,0,25.7417,32,100,1024,0,416,0,49
nbody_kernel,5547,2048,64,64,8,8,1,1,0,0,4,0.508676,476,307385,39.4473,591769,100735000,0.396146,1052160,3.31102E-05,0,0,125578000,100701000,6.24996,34.3483,0,3490010000,0,243075000,59811800,638009000,282282000,0,148734000,0,41.9061,0,12.6347,7.50751,0,28.0026,32,100,1024,0,608,0,64
nbody_kernel,10971,2048,64,64,8,8,1,1,1,0,1,0.0101057,316,11547,19.8875,281892,100717000,0.0130226,69120,0.557253,4194300,65536,201350000,100684000,6.24999,34.5735,0,3489860000,0,956889000,239118000,2554810000,321018000,0,242088000,0,22.146,0,6.32356,15.046,0,22.8116,32,100,1024,1024,320,0,32
nbody_kernel,6645,2048,64,64,8,8,1,1,1,0,2,0.0297036,0,20920,32.7887,290172,100723000,0.0115143,36352,0.467074,2097150,65536,151017000,100690000,6.24997,33.9869,0,3489910000,0,478738000,119581000,1277640000,294803000,0,179789000,0,35.8572,0,10.6205,12.6373,0,28.4532,32,100,1024,2048,416,0,43
nbody_kernel,9846,2048,64,64,8,8,1,1,1,0,4,1.23033,1460,1283060,35.9322,60475900,100735000,0.0043527,19968,0.315872,2097150,65536,128286000,100808000,6.24999,33.3754,0,3490010000,0,239669000,59811800,639058000,281756000,0,148644000,0,24.233,0,7.31382,4.35388,0,16.1999,32,100,1024,4096,608,0,61
nbody_kernel,10648,2048,64,64,8,8,2,0,0,0,1,0.0107971,842,11347,20.5406,287696,100717000,0.204937,1049600,8.62108E-06,0,0,201345000,100684000,6.24999,34.4779,0,3489860000,0,487780000,104876000,1241740000,323686000,0,180187000,0,22.1495,0,6.55483,7.58043,0,17.5997,32,100,1024,0,320,0,41
nbody_kernel,9675,2048,64,64,8,8,2,0,1,0,1,0.0116564,0,11946,22.5518,283700,100717000,0.00371524,17408,0.632618,4194300,65536,201349000,100684000,6.24999,34.6575,0,3489860000,0,485159000,104876000,1345030000,321065000,0,183251000,0,24.1747,0,7.16139,8.97077,0,19.5553,32,100,1024,1024,320,0,41
nbody_kernel,9931,2048,64,64,8,8,2,1,0,0,1,0.0100119,398,10172,22.0055,286444,100717000,0.875558,4197890,9.23697E-06,0,0,201345000,100684000,6.24998,34.6077,0,3489860000,0,500480000,104876000,1342490000,323592000,0,183728000,0,23.7247,0,6.99675,8.74798,0,19.1555,32,100,1024,0,320,0,42
nbody_kernel,6192,2048,64,64,8,8,2,1,0,0,2,0.0349135,599,22398,35.2572,288108,100723000,0.705925,2100740,1.47801E-05,0,0,151025000,100690000,6.24997,34.3656,0,3489910000,0,250395000,52447200,671400000,296069000,0,150601000,0,37.4374,0,11.2744,7.04981,0,25.3014,32,100,1024,0,416,0,56
nbody_kernel,5198,2048,64,64,8,8,2,1,0,0,4,0.540393,666,307636,42.1101,579739,100735000,0.423129,1052160,3.53198E-05,0,0,125588000,100702000,6.24997,34.3134,0,3490010000,0,125358000,26232800,537231000,282317000,0,140333000,0,44.3265,0,13.4916,6.75038,0,28.2128,32,100,1024,0,608,0,64
nbody_kernel,9685,2048,64,64,8,8,2,1,1,0,1,0.0107761,158,10946,22.5794,282884,100717000,0.0147745,69120,0.633436,4194300,65536,201350000,100684000,6.24999,34.6036,0,3489860000,0,486849000,104876000,1346680000,320971000,0,183351000,0,24.254,0,7.18181,9.00742,0,19.6218,32,100,1024,1024,320,0,41
nbody_kernel,5879,2048,64,64,8,8,2,1,1,0,2,0.034107,252,21029,37.225,290476,100723000,0.0128369,36352,0.531571,2097150,65536,151017000,100690000,6.24997,34.5305,0,3489910000,0,243579000,52447200,673497000,295018000,0,150421000,0,39.2744,0,11.8521,7.43704,0,26.5658,32,100,1024,2048,416,0,50
nbody_kernel,9451,2048,64,64,8,8,2,1,1,0,4,1.2447,1704,1225940,37.1661,55984500,100735000,0.00457599,19968,0.326969,2097150,65536,132458000,101021000,6.24998,32.875,0,3490010000,0,121950000,26232800,538280000,281793000,0,140243000,0,25.226,0,7.68599,3.85405,0,16.0621,32,100,1024,4096,608,0,63
nbody_kernel,7459,2048,64,64,8,8,4,0,0,0,1,0.0136332,164,10570,29.4128,288848,100717000,0.29561,1049600,1.23514E-05,0,0,201346000,100684000,6.24996,34.2195,0,3489860000,0,252854000,37754900,637682000,323656000,0,150820000,0,31.3816,0,9.46197,5.61936,0,21.2648,32,100,1024,0,320,0,64
nbody_kernel,6383,2048,64,64,8,8,4,0,1,0,1,0.0173299,0,11740,34.3138,283688,100717000,0.00568073,17408,0.963122,4194300,65536,201349000,100684000,6.24997,34.5032,0,3489860000,0,250233000,37754900,740966000,321034000,0,153884000,0,36.2843,0,10.9515,7.55743,0,25.1124,32,100,1024,1024,320,0,64
nbody_kernel,6556,2048,64,64,8,8,4,1,0,0,1,0.0143817,144,9882,33.2164,285900,100717000,1.33305,4197890,1.39526E-05,0,0,201345000,100684000,6.24995,34.3215,0,3489860000,0,265466000,37754900,738427000,323557000,0,154359000,0,35.4693,0,10.6568,7.32886,0,24.5122,32,100,1024,0,320,0,64
nbody_kernel,5589,2048,64,64,8,8,4,1,0,0,2,0.0370736,0,21967,39.1099,286008,100723000,0.788085,2100740,1.64029E-05,0,0,151024000,100690000,6.24982,34.1479,0,3489910000,0,132821000,18880500,570679000,296032000,0,142205000,0,41.4191,0,12.5921,6.69253,0,26.6828,32,100,896,0,416,0,65
nbody_kernel,4798,2048,64,64,8,8,4,1,0,0,4,0.584983,450,313228,45.7219,582367,100735000,0.4608,1052160,3.84055E-05,0,0,125584000,100699000,6.24982,34.2188,0,3490010000,0,66504700,9443330,486842000,282272000,0,136131000,0,48.1025,0,14.7109,6.67007,0,29.8412,32,100,768,0,608,0,80
nbody_kernel,6390,2048,64,64,8,8,4,1,1,0,1,0.0169798,200,11305,34.2968,282328,100717000,0.022531,69120,0.961001,4194300,65536,201349000,100684000,6.24997,34.4565,0,3489860000,0,251834000,37754900,742621000,320936000,0,153983000,0,36.2696,0,10.9422,7.56787,0,25.1072,32,100,1024,1024,320,0,64
nbody_kernel,5305,2048,64,64,8,8,4,1,1,0,2,0.0371344,0,20825,41.2608,289224,100723000,0.0142818,36352,0.587589,2097150,65536,151018000,100690000,6.24984,34.4472,0,3489910000,0,126009000,18880500,572776000,294726000,0,142017000,0,43.2692,0,13.1819,7.03181,0,27.8958,32,100,896,2048,416,0,65
nbody_kernel,9997,2048,64,64,8,8,4,1,1,0,4,1.2078,2384,1233150,35.1658,56050900,100735000,0.00442535,19968,0.312953,2097150,65536,130364000,100665000,6.24994,32.5009,0,3490010000,0,63096800,9443330,487891000,281747000,0,136041000,0,24.3062,0,7.44119,3.38209,0,15.0846,32,100,896,4096,608,0,70
nbody_kernel,3026,2048,64,64,8,8,8,0,0,0,1,0.00234337,716,35,0.235819,276984,32791,0.721089,1049600,6.06792E-05,0,0,0,0,6.24995,34.48,0,3489860000,0,17856500,4196350,33620000,273222000,0,119353000,0,75.0611,0,23.0666,0.722326,0,41.0238,32,100,512,0,0,0,127
nbody_kernel,2625,2048,64,64,8,8,8,0,1,0,1,6.84302E-05,0,19,0.264813,270432,32791,0.0137609,17408,1.20104,2097150,65536,0,0,6.24993,34.5978,0,3489860000,0,15235100,4194300,36241400,271165000,0,119288000,0,86.2321,0,26.5273,0.908365,0,47.1534,32,100,512,1024,0,0,127
nbody_kernel,2972,2048,64,64,8,8,8,1,0,0,1,6.04008E-05,0,19,0.238251,274668,32791,2.93879,4197890,6.18E-05,0,0,0,0,6.24995,34.4703,0,3489860000,0,30449700,4196350,134365000,273226000,0,122895000,0,76.7445,0,23.4992,2.94072,0,43.0336,32,100,512,0,0,0,128
nbody_kernel,2833,2048,64,64,8,8,8,1,0,0,2,0.000802864,218,23,0.249394,274676,32791,1.54113,2100740,6.50579E-05,0,0,0,0,6.24994,34.6327,0,3489910000,0,15245300,2099200,67256300,270893000,0,120177000,0,80.2202,0,24.622,1.54235,0,44.0927,32,100,384,0,0,0,166
nbody_kernel,4094,2048,64,64,8,8,8,1,0,0,4,0.000104095,28,17,1.52214,2821560,32791,0.539794,1052160,4.48667E-05,0,0,0,0,6.24995,34.1392,0,3490010000,0,7643140,1050620,33701900,269763000,0,118822000,0,56.0574,0,17.2259,0.54074,0,30.5,32,100,256,0,0,0,254
nbody_kernel,2651,2048,64,64,8,8,8,1,1,0,1,0.000189004,16,37,0.263245,271580,32791,0.054078,69120,1.18933,2097150,65536,0,0,6.24993,34.6051,0,3489860000,0,16818200,4194300,37896200,271159000,0,119389000,0,85.4117,0,26.263,0.93979,0,46.7231,32,100,512,1024,0,0,128
nbody_kernel,2502,2048,64,64,8,8,8,1,1,0,2,4.94173E-05,0,13,0.27803,271568,32791,0.0301625,36352,1.25514,2097150,65536,0,0,6.24991,34.7021,0,3489910000,0,8429570,2097150,35799000,269908000,0,118950000,0,90.5359,0,27.8466,0.935271,0,49.3582,32,100,384,2048,0,0,164
nbody_kernel,3988,2048,64,64,8,8,8,1,1,0,4,0.000372589,134,23,1.55029,2797660,32791,0.0105489,19968,0.780301,2097150,65536,0,0,6.24995,33.9858,0,3490010000,0,4235260,1048580,34750500,269382000,0,118736000,0,57.6809,0,17.7434,0.576445,0,31.3936,32,100,256,4096,0,0,252
nbody_kernel,2914,2048,64,64,8,16,0,0,0,0,1,7.50248E-05,0,23,0.244415,276960,32791,0.748722,1049600,6.32651E-05,0,0,0,0,6.24995,34.6277,0,3489860000,0,9467900,2099200,33620000,271124000,0,118959000,0,77.8791,0,23.9469,0.749894,0,42.4492,32,100,512,0,0,0,127
nbody_kernel,2621,2048,64,64,8,16,0,0,1,0,1,9.01362E-05,0,25,0.265024,270432,32791,0.0137806,17408,1.20249,2097150,65536,0,0,6.24992,34.5677,0,3489860000,0,8943620,2097150,36241400,271161000,0,119026000,0,86.4112,0,26.5824,0.910251,0,47.1474,32,100,512,1024,0,0,127
nbody_kernel,2888,2048,64,64,8,16,0,1,0,0,1,8.17522E-05,0,25,0.244832,274668,32791,3.01802,4197890,6.35999E-05,0,0,0,0,6.24995,34.5365,0,3489860000,0,15769600,2099200,134365000,271127000,0,122305000,0,78.6398,0,24.1373,3.02056,0,43.9899,32,100,512,0,0,0,128
nbody_kernel,4157,2048,64,64,8,16,0,1,0,0,2,4.09417E-05,1,17,1.52752,2869490,32791,1.06126,2100740,4.42187E-05,0,0,0,0,6.24995,34.1624,0,3489910000,0,7905280,1050620,67256300,269840000,0,119882000,0,55.2085,0,16.9655,1.06274,0,30.307,32,100,384,0,0,0,168
nbody_kernel,5632,2048,64,64,8,16,0,1,0,0,4,0.0010577,614,17,2.28984,5891630,32791,0.396199,1052160,3.25835E-05,0,0,0,0,6.24996,33.7958,0,3490010000,0,3973120,526336,33701900,269244000,0,118675000,0,41.0995,0,12.637,0.396691,0,22.3473,32,100,256,0,0,0,247
nbody_kernel,2591,2048,64,64,8,16,0,1,1,0,1,0.0015214,392,25,0.269121,271600,32791,0.0553851,69120,1.21742,2097150,65536,0,0,6.24992,34.5849,0,3489860000,0,10526700,2097150,37896200,271165000,0,119127000,0,87.4802,0,26.8991,0.96255,0,47.7497,32,100,512,1024,0,0,128
nbody_kernel,3943,2048,64,64,8,16,0,1,1,0,2,0.00019664,54,28,1.57759,2817770,32855,0.0193918,36352,0.79229,2097150,65536,0,0,6.24994,34.0529,0,3489910000,0,5283840,1048580,35799000,269912000,0,118819000,0,58.239,0,17.9129,0.601631,0,31.7157,32,100,384,2048,0,0,166
nbody_kernel,5621,2048,64,64,8,16,0,1,1,0,4,0.00206111,1118,109,2.29198,5883160,32959,0.00753491,19968,0.553847,2097150,65536,0,0,6.24996,33.7966,0,3490010000,0,2662400,524288,34750500,269351000,0,118670000,0,41.1703,0,12.6645,0.411443,0,22.395,32,100,256,4096,0,0,252
nbody_kernel,12562,2048,64,64,8,16,1,0,0,0,1,0.00793333,32,10528,17.2016,287550,100717000,0.173255,1049600,7.22462E-06,0,0,201346000,100684000,6.24999,34.2381,0,3489860000,0,949420000,237021000,2449870000,321540000,0,238526000,0,19.3722,0,5.53153,12.6208,0,19.6608,32,100,1024,0,320,0,31
nbody_kernel,10974,2048,64,64,8,16,1,0,1,0,1,0.0108635,246,12442,19.8977,285226,100717000,0.00328347,17408,0.556796,4194300,65536,201348000,100684000,6.24999,34.4663,0,3489860000,0,948896000,237021000,2553150000,321016000,0,241721000,0,22.1874,0,6.33802,15.0706,0,22.8291,32,100,1024,1024,320,0,33
nbody_kernel,11925,2048,64,64,8,16,1,1,0,0,1,0.00777104,160,9703,18.2966,286376,100717000,0.729147,4197890,7.67914E-06,0,0,201346000,100684000,6.24999,34.5175,0,3489860000,0,955838000,237021000,2550610000,321544000,0,241875000,0,20.4585,0,5.83195,13.8535,0,21.0196,32,100,1024,0,320,0,37
nbody_kernel,7310,2048,64,64,8,16,1,1,0,0,2,0.692805,240,534807,29.9174,286652,100723000,0.599006,2100740,1.25622E-05,0,0,151024000,100690000,6.24998,34.4199,0,3489910000,0,478212000,118532000,1275540000,295064000,0,179683000,0,32.3298,0,9.56745,11.3656,0,25.6167,32,100,1024,0,416,0,49
nbody_kernel,7432,2048,64,64,8,16,1,1,0,0,4,0.73279,498,469135,29.5359,1100530,100735000,0.384128,1052160,2.46325E-05,0,0,125835000,100702000,6.24918,26.3516,0,3490010000,0,239403000,59287600,638009000,281760000,0,148587000,0,40.6131,0,12.2521,7.28015,0,27.1277,32,100,1024,0,608,0,64
nbody_kernel,10952,2048,64,64,8,16,1,1,1,0,1,0.0102468,328,11722,19.7632,282644,100717000,0.0130281,69120,0.554279,4194300,65536,201349000,100684000,6.24999,34.3496,0,3489860000,0,950596000,237021000,2554810000,321020000,0,241826000,0,22.1714,0,6.33081,15.0632,0,22.813,32,100,1024,1024,320,0,31
nbody_kernel,6616,2048,64,64,8,16,1,1,1,0,2,0.0297946,0,20984,33.0163,288860,100723000,0.0115583,36352,0.470317,2097150,65536,151019000,100690000,6.24998,33.9657,0,3489910000,0,475591000,118532000,1277640000,294806000,0,179658000,0,36.1287,0,10.7009,12.733,0,28.6477,32,100,1024,2048,416,0,43
nbody_kernel,9750,2048,64,64,8,16,1,1,1,0,4,1.17765,2206,1207660,35.4658,59559700,100735000,0.00439051,19968,0.317919,2097150,65536,126199000,100056000,6.24999,33.2952,0,3490010000,0,238096000,59287600,639058000,281825000,0,148581000,0,24.4488,0,7.37893,4.39264,0,16.3372,32,100,1024,4096,608,0,61
nbody_kernel,10618,2048,64,64,8,16,2,0,0,0,1,0.0101406,588,10865,20.5804,287840,100717000,0.205304,1049600,8.61915E-06,0,0,201346000,100684000,6.24999,34.4176,0,3489860000,0,479390000,102779000,1241740000,321591000,0,179794000,0,22.1705,0,6.56483,7.592,0,17.5881,32,100,1024,0,320,0,41
nbody_kernel,9639,2048,64,64,8,16,2,0,1,0,1,0.0125539,84,12801,22.695,283452,100717000,0.00373655,17408,0.636609,4194300,65536,201348000,100684000,6.24998,34.6907,0,3489860000,0,478865000,102779000,1345030000,321067000,0,182989000,0,24.3039,0,7.19966,9.01871,0,19.6317,32,100,1024,1024,320,0,41
nbody_kernel,9920,2048,64,64,8,16,2,1,0,0,1,0.00969471,314,9840,22.0546,286064,100717000,0.878296,4197890,9.25806E-06,0,0,201346000,100684000,6.24998,34.5775,0,3489860000,0,485798000,102779000,1342490000,321497000,0,183138000,0,23.7448,0,7.01885,8.77561,0,19.1543,32,100,1024,0,320,0,42
nbody_kernel,6204,2048,64,64,8,16,2,1,0,0,2,0.831416,243,546509,35.3519,286132,100723000,0.706348,2100740,1.48184E-05,0,0,151024000,100690000,6.24997,34.4276,0,3489910000,0,243053000,51398700,671400000,295023000,0,150306000,0,37.4225,0,11.2832,7.05531,0,25.2715,32,100,1024,0,416,0,56
nbody_kernel,7169,2048,64,64,8,16,2,1,0,0,4,0.77371,792,468685,30.7564,1092470,100735000,0.407044,1052160,2.5616E-05,0,0,125832000,100702000,6.24939,25.863,0,3490010000,0,121688000,25708500,537231000,281793000,0,140186000,0,42.6269,0,12.982,6.49542,0,27.1187,32,100,1024,0,608,0,64
nbody_kernel,9624,2048,64,64,8,16,2,1,1,0,1,0.0117773,40,11978,22.6391,283548,100717000,0.0148227,69120,0.635386,4194300,65536,201349000,100684000,6.24999,34.6163,0,3489860000,0,480555000,102779000,1346680000,320973000,0,183089000,0,24.3198,0,7.20129,9.03184,0,19.6469,32,100,1024,1024,320,0,41
nbody_kernel,5884,2048,64,64,8,16,2,1,1,0,2,0.0345544,104,21387,37.2018,288532,100723000,0.0128395,36352,0.531596,2097150,65536,151019000,100690000,6.24997,34.5308,0,3489910000,0,240431000,51398700,673497000,295021000,0,150290000,0,39.2759,0,11.8525,7.43733,0,26.5437,32,100,1024,2048,416,0,50
nbody_kernel,9310,2048,64,64,8,16,2,1,1,0,4,1.17891,1462,1144170,37.0095,56143900,100735000,0.00468987,19968,0.333635,2097150,65536,128358000,100296000,6.24998,32.7069,0,3490010000,0,120377000,25708500,538280000,281793000,0,140178000,0,25.8726,0,7.883,3.95284,0,16.4661,32,100,1024,4096,608,0,63
nbody_kernel,7442,2048,64,64,8,16,4,0,0,0,1,0.0148005,972,10649,29.4492,287900,100717000,0.296214,1049600,1.23676E-05,0,0,201347000,100684000,6.24995,34.1817,0,3489860000,0,244464000,35657700,637682000,321561000,0,150427000,0,31.4391,0,9.48491,5.63299,0,21.2608,32,100,1024,0,320,0,64
nbody_kernel,6409,2048,64,64,8,16,4,0,1,0,1,0.0185839,0,12611,34.0853,284340,100717000,0.00565784,17408,0.956179,4194300,65536,201348000,100684000,6.24997,34.3764,0,3489860000,0,243939000,35657700,740966000,321036000,0,153622000,0,36.1557,0,10.9127,7.53063,0,24.9807,32,100,1024,1024,320,0,64
nbody_kernel,6585,2048,64,64,8,16,4,1,0,0,1,0.0141481,0,9848,33.2208,285432,100717000,1.33468,4197890,1.39519E-05,0,0,201346000,100684000,6.24994,34.271,0,3489860000,0,250784000,35657700,738427000,321462000,0,153770000,0,35.4364,0,10.672,7.33929,0,24.4533,32,100,1024,0,320,0,64
nbody_kernel,5561,2048,64,64,8,16,4,1,0,0,2,0.931015,242,548683,39.4154,286144,100723000,0.792178,2100740,1.65301E-05,0,0,151023000,100690000,6.2498,34.2433,0,3489910000,0,125479000,17831900,570679000,294986000,0,141910000,0,41.5746,0,12.6544,6.72565,0,26.7593,32,100,896,0,416,0,65
nbody_kernel,6394,2048,64,64,8,16,4,1,0,0,4,0.718211,1086,458648,35.1316,5175850,100735000,0.391024,1052160,2.85773E-05,0,0,125945000,100702000,6.24981,30.1956,0,3490010000,0,62834700,8919040,486842000,281747000,0,135984000,0,40.5376,0,12.4048,5.62446,0,25.136,32,100,768,0,608,0,80
nbody_kernel,6433,2048,64,64,8,16,4,1,1,0,1,0.0189503,1020,11913,34.0543,283156,100717000,0.0224228,69120,0.954061,4194300,65536,201348000,100684000,6.24997,34.3796,0,3489860000,0,245541000,35657700,742621000,320938000,0,153720000,0,36.0882,0,10.8875,7.53003,0,24.9391,32,100,1024,1024,320,0,64
nbody_kernel,5286,2048,64,64,8,16,4,1,1,0,2,0.0370653,0,20780,41.3296,287900,100723000,0.0143525,36352,0.588952,2097150,65536,151019000,100690000,6.24985,34.3637,0,3489910000,0,122862000,17831900,572776000,294728000,0,141886000,0,43.475,0,13.2446,7.06525,0,28.0026,32,100,896,2048,416,0,65
nbody_kernel,9883,2048,64,64,8,16,4,1,1,0,4,1.12002,1776,1169410,36.0141,62231400,100735000,0.00440362,19968,0.312286,2097150,65536,129973000,100352000,6.24994,32.6011,0,3490010000,0,61524000,8919040,487891000,281747000,0,135975000,0,24.1799,0,7.40252,3.36452,0,14.999,32,100,896,4096,608,0,70
nbody_kernel,2912,2048,64,64,8,16,8,0,0,0,1,5.54457E-05,0,17,0.244454,277384,32791,0.749001,1049600,6.32663E-05,0,0,0,0,6.24995,34.6289,0,3489860000,0,9467900,2099200,33620000,271124000,0,118959000,0,77.8782,0,23.9466,0.749885,0,42.4487,32,100,512,0,0,0,127
nbody_kernel,2620,2048,64,64,8,16,8,0,1,0,1,0.001936,448,89,0.265349,270928,32791,0.0137826,17408,1.20697,2097150,65536,0,0,6.24992,34.6961,0,3489860000,0,8943620,2097150,36241400,271161000,0,119026000,0,86.4124,0,26.5828,0.910264,0,47.1481,32,100,512,1024,0,0,127
nbody_kernel,2889,2048,64,64,8,16,8,1,0,0,1,0.000120838,12,25,0.244871,274668,32839,3.01791,4197890,6.37796E-05,0,0,0,0,6.24995,34.6315,0,3489860000,0,15769600,2099200,134365000,271127000,0,122305000,0,78.6458,0,24.1391,3.02079,0,43.9932,32,100,512,0,0,0,128
nbody_kernel,4108,2048,64,64,8,16,8,1,0,0,2,0.00050853,185,36,1.53288,2844930,32863,1.07332,2100740,4.47458E-05,0,0,0,0,6.24995,34.1798,0,3489910000,0,7905280,1050620,67256300,269840000,0,119882000,0,55.8383,0,17.159,1.07486,0,30.6527,32,100,384,0,0,0,168
nbody_kernel,5620,2048,64,64,8,16,8,1,0,0,4,2.85554E-05,0,17,2.29477,5891520,32791,0.396854,1052160,3.26478E-05,0,0,0,0,6.24996,33.8071,0,3490010000,0,3973120,526336,33701900,269244000,0,118675000,0,41.1667,0,12.6577,0.39734,0,22.3839,32,100,256,0,0,0,247
nbody_kernel,2589,2048,64,64,8,16,8,1,1,0,1,0.00154956,400,25,0.269499,271584,32791,0.0553809,69120,1.22163,2097150,65536,0,0,6.24992,34.7029,0,3489860000,0,10526700,2097150,37896200,271165000,0,119127000,0,87.4838,0,26.9002,0.962589,0,47.7516,32,100,512,1024,0,0,128
nbody_kernel,3961,2048,64,64,8,16,8,1,1,0,2,7.38696E-05,0,31,1.56465,2804800,32791,0.0193005,36352,0.78853,2097150,65536,0,0,6.24994,34.0426,0,3489910000,0,5283840,1048580,35799000,269912000,0,118819000,0,57.9802,0,17.8333,0.598958,0,31.5748,32,100,384,2048,0,0,166
nbody_kernel,5617,2048,64,64,8,16,8,1,1,0,4,0.00140736,804,33,2.29236,5879260,32807,0.00753852,19968,0.554191,2097150,65536,0,0,6.24996,33.7996,0,3490010000,0,2662400,524288,34750500,269351000,0,118670000,0,41.1921,0,12.6712,0.411661,0,22.4068,32,100,256,4096,0,0,252
nbody_kernel,4209,2048,64,64,8,32,0,0,0,0,1,0.00086298,368,17,1.46873,2797630,32791,0.522408,1049600,4.35751E-05,0,0,0,0,6.24995,34.1699,0,3489860000,0,5273600,1050620,33620000,270078000,0,118763000,0,54.3432,0,16.7149,0.523426,0,29.5806,32,100,512,0,0,0,127
nbody_kernel,4039,2048,64,64,8,32,0,0,1,0,1,5.83869E-05,0,25,1.53694,2803450,32791,0.00905407,17408,0.781069,2097150,65536,0,0,6.24995,34.1652,0,3489860000,0,5797890,1048580,36241400,271161000,0,118895000,0,56.7889,0,17.4698,0.598211,0,30.9509,32,100,512,1024,0,0,127
nbody_kernel,4237,2048,64,64,8,32,0,1,0,0,1,2.89575E-05,0,13,1.54601,2967470,32791,2.07803,4197890,4.32956E-05,0,0,0,0,6.24995,34.1362,0,3489860000,0,8429570,1050620,134365000,270076000,0,122010000,0,54.0968,0,16.6241,2.08036,0,30.2242,32,100,512,0,0,0,128
nbody_kernel,5677,2048,64,64,8,32,0,1,0,0,2,0.000360363,197,19,2.28907,5934220,32791,0.784924,2100740,3.23712E-05,0,0,0,0,6.24996,33.8489,0,3489910000,0,4235260,526336,67256300,269320000,0,119735000,0,40.7664,0,12.535,0.785205,0,22.3648,32,100,384,0,0,0,168
nbody_kernel,7473,2048,64,64,8,32,0,1,0,0,4,6.14166,3858,3803480,5.65571,6089690,9150740,0.378077,1052160,3.13987E-05,0,0,9164440,9310480,6.24996,33.8547,0,3490010000,0,2533380,264192,179980000,269748000,0,123208000,0,39.5242,0,12.1563,2.03769,0,22.3185,32,100,256,0,1056,0,255
nbody_kernel,4030,2048,64,64,8,32,0,1,1,0,1,0.000805995,304,41,1.55886,2841130,33007,0.0360727,69120,0.781458,2097150,65536,0,0,6.24995,34.0682,0,3489860000,0,7380990,1048580,37896200,271155000,0,118996000,0,57.0049,0,17.5283,0.627228,0,31.0809,32,100,512,1024,0,0,128
nbody_kernel,5623,2048,64,64,8,32,0,1,1,0,2,4.20667E-05,0,25,2.29373,5894690,32791,0.0137208,36352,0.555878,2097150,65536,0,0,6.24996,33.7839,0,3489910000,0,3710980,524288,35799000,269918000,0,118754000,0,41.1864,0,12.6679,0.425472,0,22.4169,32,100,384,2048,0,0,168
nbody_kernel,5648,2048,64,64,8,32,0,1,1,0,4,0.0119641,284,6872,2.98825,5915970,1843480,0.00749682,19968,0.551259,2097150,65536,1826820,1808380,6.24996,33.8026,0,3490010000,0,2271230,262144,63850500,273281000,0,119682000,0,40.9694,0,12.6027,0.751013,0,22.4757,32,100,256,4096,216,0,255
nbody_kernel,12681,2048,64,64,8,32,1,0,0,0,1,0.00788365,16,10624,17.1815,286272,100717000,0.172531,1049600,7.20997E-06,0,0,201347000,100684000,6.24999,34.2781,0,3489860000,0,945226000,235973000,2449870000,320492000,0,238329000,0,19.305,0,5.51387,12.5805,0,19.5819,32,100,1024,0,320,0,31
nbody_kernel,11074,2048,64,64,8,32,1,0,1,0,1,0.0100698,0,11847,19.7202,284264,100717000,0.00326591,17408,0.551999,4194300,65536,201348000,100684000,6.24998,34.3972,0,3489860000,0,945750000,235973000,2553150000,321016000,0,241590000,0,22.0405,0,6.29605,14.9708,0,22.6656,32,100,1024,1024,320,0,33
nbody_kernel,11932,2048,64,64,8,32,1,1,0,0,1,0.00831412,416,10122,18.2134,285104,100717000,0.727928,4197890,7.64994E-06,0,0,201346000,100684000,6.24998,34.4421,0,3489860000,0,948498000,235973000,2550610000,320496000,0,241580000,0,20.4026,0,5.82248,13.831,0,20.9599,32,100,1024,0,320,0,37
nbody_kernel,7316,2048,64,64,8,32,1,1,0,0,2,0.0255304,0,19833,29.9002,287328,100723000,0.597152,2100740,1.25349E-05,0,0,151021000,100690000,6.24998,34.4501,0,3489910000,0,474542000,118008000,1275540000,294539000,0,179535000,0,32.2127,0,9.53831,11.331,0,25.5177,32,100,1024,0,416,0,49
nbody_kernel,5532,2048,64,64,8,32,1,1,0,0,4,2.03263,1220,1221180,39.5661,487696,100735000,0.397543,1052160,3.32237E-05,0,0,125684000,100702000,6.24997,34.3399,0,3490010000,0,237568000,59025400,638009000,281498000,0,148513000,0,42.023,0,12.6812,7.5351,0,28.0638,32,100,1024,0,608,0,64
nbody_kernel,11087,2048,64,64,8,32,1,1,1,0,1,0.00964256,152,11201,19.7181,282556,100717000,0.0129692,69120,0.552047,4194300,65536,201348000,100685000,6.24998,34.3985,0,3489860000,0,947450000,235973000,2554810000,321020000,0,241695000,0,22.0508,0,6.29636,14.9812,0,22.6766,32,100,1024,1024,320,0,31
nbody_kernel,6576,2048,64,64,8,32,1,1,1,0,2,0.0287445,360,19833,33.2261,286364,100723000,0.0115762,36352,0.472591,2097150,65536,151022000,100689000,6.24997,34.1537,0,3489910000,0,474018000,118008000,1277640000,294806000,0,179593000,0,36.1035,0,10.6935,12.7241,0,28.6173,32,100,1024,2048,416,0,43
nbody_kernel,9838,2048,64,64,8,32,1,1,1,0,4,4.60079,720,4788880,35.8171,61359400,100735000,0.00436511,19968,0.316491,2097150,65536,126325000,100960000,6.24998,33.3231,0,3490010000,0,237310000,59025400,639058000,281825000,0,148548000,0,24.3185,0,7.33962,4.36924,0,16.2466,32,100,1024,4096,608,0,61
nbody_kernel,10629,2048,64,64,8,32,2,0,0,0,1,0.00986164,204,10865,20.568,286336,100717000,0.205223,1049600,8.63993E-06,0,0,201346000,100684000,6.24999,34.5118,0,3489860000,0,475195000,101730000,1241740000,320543000,0,179597000,0,22.1569,0,6.5627,7.58954,0,17.5632,32,100,1024,0,320,0,41
nbody_kernel,9622,2048,64,64,8,32,2,0,1,0,1,0.0107995,84,10893,22.7148,283540,100717000,0.00373868,17408,0.637635,4194300,65536,201348000,100684000,6.24998,34.7115,0,3489860000,0,475720000,101730000,1345030000,321067000,0,182858000,0,24.3285,0,7.20695,9.02784,0,19.6375,32,100,1024,1024,320,0,41
nbody_kernel,9924,2048,64,64,8,32,2,1,0,0,1,0.00961341,0,10110,22.0762,285412,100717000,0.876772,4197890,9.24527E-06,0,0,201346000,100684000,6.24998,34.5707,0,3489860000,0,478458000,101730000,1342490000,320449000,0,182843000,0,23.6893,0,7.01054,8.76521,0,19.1008,32,100,1024,0,320,0,42
nbody_kernel,6180,2048,64,64,8,32,2,1,0,0,2,0.0301881,1,19815,35.32,286944,100723000,0.708032,2100740,1.48359E-05,0,0,151021000,100690000,6.24997,34.3784,0,3489910000,0,239383000,50874400,671400000,294498000,0,150159000,0,37.4983,0,11.3127,7.07376,0,25.3128,32,100,1024,0,416,0,56
nbody_kernel,5571,2048,64,64,8,32,2,1,0,0,4,2.04411,1262,1215740,39.955,2269330,100735000,0.393135,1052160,3.29995E-05,0,0,125686000,100702000,6.24997,34.4974,0,3490010000,0,119853000,25446400,537231000,281530000,0,140112000,0,41.157,0,12.5381,6.2733,0,26.1775,32,100,1024,0,608,0,64
nbody_kernel,9616,2048,64,64,8,32,2,1,1,0,1,0.01022,0,10382,22.7332,283424,100717000,0.0148737,69120,0.638066,4194300,65536,201348000,100685000,6.24998,34.667,0,3489860000,0,477409000,101730000,1346680000,320973000,0,182958000,0,24.3867,0,7.22108,9.05666,0,19.6868,32,100,1024,1024,320,0,41
nbody_kernel,5862,2048,64,64,8,32,2,1,1,0,2,0.0319903,16,19824,37.3715,287324,100723000,0.0128691,36352,0.534505,2097150,65536,151022000,100689000,6.24997,34.6323,0,3489910000,0,238858000,50874400,673497000,295021000,0,150224000,0,39.3751,0,11.8825,7.45611,0,26.5991,32,100,1024,2048,416,0,50
nbody_kernel,9449,2048,64,64,8,32,2,1,1,0,4,4.75742,924,4796510,37.9837,64248500,100735000,0.00461329,19968,0.330228,2097150,65536,125823000,100873000,6.24998,32.8982,0,3490010000,0,119591000,25446400,538280000,281793000,0,140145000,0,25.4594,0,7.7571,3.88971,0,16.1994,32,100,1024,4096,608,0,63
nbody_kernel,7414,2048,64,64,8,32,4,0,0,0,1,0.013951,0,10903,29.5956,286588,100717000,0.297591,1049600,1.24297E-05,0,0,201347000,100684000,6.24996,34.2525,0,3489860000,0,240269000,34609200,637682000,320512000,0,150230000,0,31.5223,0,9.5128,5.64955,0,21.2954,32,100,1024,0,320,0,64
nbody_kernel,6374,2048,64,64,8,32,4,0,1,0,1,0.0174257,204,11543,34.276,283480,100717000,0.0056884,17408,0.961507,4194300,65536,201347000,100684000,6.24997,34.3919,0,3489860000,0,240794000,34609200,740966000,321036000,0,153491000,0,36.3408,0,10.9686,7.56919,0,25.0872,32,100,1024,1024,320,0,64
nbody_kernel,6546,2048,64,64,8,32,4,1,0,0,1,0.0148213,240,10057,33.5171,284684,100717000,1.34149,4197890,1.40652E-05,0,0,201346000,100684000,6.24995,34.3765,0,3489860000,0,243444000,34609200,738427000,320414000,0,153475000,0,35.5727,0,10.7256,7.37619,0,24.5291,32,100,1024,0,320,0,64
nbody_kernel,6230,2048,64,64,8,32,4,1,0,0,2,0.0306487,180,20009,36.3089,3397440,100723000,0.705116,2100740,1.47756E-05,0,0,151021000,100690000,6.24986,34.3696,0,3489910000,0,121809000,17307600,570679000,294461000,0,141762000,0,37.0032,0,11.2696,5.98968,0,23.8063,32,100,896,0,416,0,65
nbody_kernel,5821,2048,64,64,8,32,4,1,0,0,4,1.94056,844,1194600,38.9282,3712670,100735000,0.378101,1052160,3.16408E-05,0,0,125706000,100700000,6.24986,34.3279,0,3490010000,0,60999700,8656900,486842000,281485000,0,135910000,0,39.4684,0,12.0812,5.47774,0,24.4671,32,100,768,0,608,0,80
nbody_kernel,6373,2048,64,64,8,32,4,1,1,0,1,0.0166539,16,11251,34.3673,282456,100717000,0.0225776,69120,0.962757,4194300,65536,201348000,100685000,6.24997,34.4491,0,3489860000,0,242395000,34609200,742621000,320938000,0,153589000,0,36.3436,0,10.9646,7.58333,0,25.0942,32,100,1024,1024,320,0,64
nbody_kernel,6012,2048,64,64,8,32,4,1,1,0,2,0.0330277,152,20889,37.6046,3396930,100723000,0.012633,36352,0.519624,2097150,65536,151022000,100689000,6.2499,34.4284,0,3489910000,0,121289000,17307600,572776000,294728000,0,141820000,0,38.2852,0,11.6636,6.22185,0,24.6485,32,100,896,2048,416,0,65
nbody_kernel,9885,2048,64,64,8,32,4,1,1,0,4,4.13146,912,4538940,36.888,70043900,100735000,0.00436664,19968,0.307654,2097150,65536,125425000,100849000,6.24995,32.3756,0,3490010000,0,60737500,8656900,487891000,281747000,0,135943000,0,23.9872,0,7.34351,3.3377,0,14.8758,32,100,896,4096,608,0,70
nbody_kernel,4211,2048,64,64,8,32,8,0,0,0,1,4.7171E-05,0,21,1.48563,2834550,32791,0.522626,1049600,4.35747E-05,0,0,0,0,6.24995,34.1525,0,3489860000,0,5273600,1050620,33620000,270078000,0,118763000,0,54.3705,0,16.7233,0.523688,0,29.5954,32,100,512,0,0,0,127
nbody_kernel,4033,2048,64,64,8,32,8,0,1,0,1,0.00011903,32,19,1.53632,2803760,32791,0.00905992,17408,0.780734,2097150,65536,0,0,6.24995,34.1505,0,3489860000,0,5797890,1048580,36241400,271161000,0,118895000,0,56.7891,0,17.4698,0.598213,0,30.951,32,100,512,1024,0,0,127
nbody_kernel,4231,2048,64,64,8,32,8,1,0,0,1,0.00143893,576,71,1.5485,2967470,32791,2.08593,4197890,4.33541E-05,0,0,0,0,6.24995,34.0504,0,3489860000,0,8429570,1050620,134365000,270076000,0,122010000,0,54.3063,0,16.6885,2.08842,0,30.3412,32,100,512,0,0,0,128
nbody_kernel,5679,2048,64,64,8,32,8,1,0,0,2,0.00068979,397,19,2.28802,5934140,32791,0.784318,2100740,3.2315E-05,0,0,0,0,6.24996,33.8054,0,3489910000,0,4235260,526336,67256300,269320000,0,119735000,0,40.7481,0,12.5294,0.784853,0,22.3548,32,100,384,0,0,0,168
nbody_kernel,5845,2048,64,64,8,32,8,1,0,0,4,6.21139,2858,3851370,5.65547,6090220,9150740,0.378512,1052160,3.13978E-05,0,0,9164160,9317050,6.24996,33.8528,0,3490010000,0,2533380,264192,179980000,269748000,0,123208000,0,39.5252,0,12.1567,2.03774,0,22.3191,32,100,256,0,1056,0,255
nbody_kernel,4029,2048,64,64,8,32,8,1,1,0,1,0.000930015,364,33,1.54529,2817640,32791,0.0360276,69120,0.781184,2097150,65536,0,0,6.24995,34.1028,0,3489860000,0,7380990,1048580,37896200,271155000,0,118996000,0,56.9271,0,17.5044,0.626372,0,31.0385,32,100,512,1024,0,0,128
nbody_kernel,5637,2048,64,64,8,32,8,1,1,0,2,0.000384551,204,25,2.28379,5882290,32791,0.0137016,36352,0.554637,2097150,65536,0,0,6.24996,33.7532,0,3489910000,0,3710980,524288,35799000,269918000,0,118754000,0,41.1319,0,12.6512,0.424908,0,22.3872,32,100,384,2048,0,0,168
nbody_kernel,5645,2048,64,64,8,32,8,1,1,0,4,0.0116691,36,6942,2.98865,5913530,1843480,0.00750265,19968,0.551588,2097150,65536,1826820,1808250,6.24996,33.8056,0,3490010000,0,2271230,262144,63850500,273281000,0,119682000,0,40.9902,0,12.6091,0.751393,0,22.4871,32,100,256,4096,216,0,255
nbody_kernel,1190,16384,128,128,1,0,0,0,0,0,1,0.000137129,0,17,1.19267,617600,16407,11.2023,8389630,0.000630072,0,0,0,0,31.1178,92.0277,0,3489890000,0,75644900,16777200,268501000,277021000,0,129061000,0,72.9632,0,22.4347,5.6104,0,43.1466,32,100,1024,0,0,0,63
nbody_kernel,965,16384,128,128,1,0,0,0,1,0,1,0.000312855,0,31,2.41835,1017490,16407,0.110618,66560,26.328,16777200,262144,0,0,25.4724,92.7088,0,3489890000,0,10633200,2097150,278987000,272843000,0,126703000,0,90.7608,0,27.9072,7.25145,0,52.6903,32,100,1024,2048,0,0,64
nbody_kernel,1522,16384,128,128,1,0,0,1,0,0,1,0.000155466,0,25,0.9148,612784,16407,35.1283,33558000,0.000485561,0,0,0,0,29.8542,90.8122,0,3489890000,0,136544000,67108900,1073890000,270729000,0,195455000,0,56.9484,0,17.5206,17.5233,0,51.0299,32,100,1024,0,0,0,39
nbody_kernel,1293,16384,128,128,1,0,0,1,0,0,2,0.000140619,0,19,0.964453,539428,16407,20.188,16780800,0.00057803,0,0,0,0,31.6184,93.7132,0,3489940000,0,135496000,67108900,537018000,269746000,0,178485000,0,65.6959,0,20.2116,10.1089,0,53.7565,32,100,1024,0,0,0,42
nbody_kernel,1256,16384,128,128,1,0,0,1,0,0,4,0.000174674,0,23,1.07675,589316,16407,10.5204,8392190,0.000594237,0,0,0,0,31.3164,92.5488,0,3490040000,0,34308100,16777200,268583000,269320000,0,131862000,0,68.3896,0,21.0397,5.26313,0,41.3421,32,100,1024,0,0,0,64
nbody_kernel,955,16384,128,128,1,0,0,1,1,0,1,0.000331336,0,33,2.40663,1015720,16407,0.439437,265728,26.2272,16777200,262144,0,0,25.4148,92.6728,0,3489890000,0,17006600,2097150,285360000,272876000,0,127102000,0,90.6137,0,27.8112,7.39158,0,52.6749,32,100,1024,2048,0,0,64
nbody_kernel,967,16384,128,128,1,0,0,1,1,0,2,0.000188239,0,19,2.32758,994244,16407,0.219632,134656,25.8663,16777200,262144,0,0,26.0818,92.9479,0,3489940000,0,42172400,16777200,276972000,272925000,0,130349000,0,89.0821,0,27.3735,7.06141,0,53.1706,32,100,1024,4096,0,0,64
nbody_kernel,968,16384,128,128,1,0,0,1,1,0,4,0.000246862,0,25,2.39915,1029500,16407,0.112496,69120,25.8341,16778300,305906,0,0,25.9868,92.9324,0,3490040000,0,37978100,16777200,272777000,270893000,0,129945000,0,88.7444,0,27.2853,6.93208,0,52.8349,32,100,1024,8192,0,0,63
nbody_kernel,1189,16384,128,128,1,0,1,0,0,0,1,0.000217367,0,27,1.18922,617564,16407,11.1957,8389630,0.00062953,0,0,0,0,31.0983,91.9635,0,3489890000,0,75644900,16777200,268501000,277021000,0,129061000,0,72.9515,0,22.4311,5.60949,0,43.1397,32,100,1024,0,0,0,63
nbody_kernel,951,16384,128,128,1,0,1,0,1,0,1,0.000332447,0,33,2.41799,1018290,16407,0.1106,66560,26.3217,16777200,262144,0,0,25.4567,92.7266,0,3489890000,0,10633200,2097150,278987000,272843000,0,126703000,0,90.7218,0,27.8951,7.24833,0,52.6676,32,100,1024,2048,0,0,64
nbody_kernel,1535,16384,128,128,1,0,1,1,0,0,1,3.69502E-05,0,6,0.913406,612968,16407,35.1905,33558000,0.000484556,0,0,0,0,29.8658,90.43,0,3489890000,0,136544000,67108900,1073890000,270729000,0,195455000,0,57.0707,0,17.5582,17.5609,0,51.1395,32,100,1024,0,0,0,39
nbody_kernel,1289,16384,128,128,1,0,1,1,0,0,2,0.000205214,1,27,0.96457,540120,16407,20.1849,16780800,0.000579049,0,0,0,0,31.617,93.8322,0,3489940000,0,135496000,67108900,537018000,269746000,0,178485000,0,65.7282,0,20.2215,10.1138,0,53.7829,32,100,1024,0,0,0,42
nbody_kernel,1253,16384,128,128,1,0,1,1,0,0,4,0.000143161,0,19,1.07628,590592,16407,10.5257,8392190,0.000594648,0,0,0,0,31.313,92.5872,0,3490040000,0,34308100,16777200,268583000,269320000,0,131862000,0,68.4084,0,21.0455,5.26458,0,41.3534,32,100,1024,0,0,0,64
nbody_kernel,955,16384,128,128,1,0,1,1,1,0,1,0.000329078,0,33,2.40691,1016230,16407,0.440296,265728,26.2334,16777200,262144,0,0,25.4095,92.7007,0,3489890000,0,17006600,2097150,285360000,272876000,0,127102000,0,90.6077,0,27.8093,7.39109,0,52.6714,32,100,1024,2048,0,0,64
nbody_kernel,967,16384,128,128,1,0,1,1,1,0,2,0.000913547,0,93,2.32677,994016,16407,0.219271,134656,25.855,16777200,262144,0,0,26.0951,92.9234,0,3489940000,0,42172400,16777200,276972000,272925000,0,130349000,0,89.0668,0,27.3688,7.06019,0,53.1615,32,100,1024,4096,0,0,64
nbody_kernel,969,16384,128,128,1,0,1,1,1,0,4,0.00130274,90,43,2.39762,1029180,16407,0.112477,69120,25.8037,16778300,305950,0,0,25.9863,92.8147,0,3490040000,0,37978100,16777200,272777000,270893000,0,129945000,0,88.7524,0,27.2878,6.93271,0,52.8397,32,100,1024,8192,0,0,63
nbody_kernel,2356,16384,128,128,1,1,0,0,0,0,1,7.57852E-05,0,19,0.391592,391504,16407,5.30693,8389630,0.00031423,0,0,0,0,34.8134,96.9151,0,3489890000,0,1082280000,268435000,268501000,813892000,0,185160000,0,34.5532,0,10.6244,2.65692,0,29.3143,32,100,1024,0,0,0,28
nbody_kernel,1298,16384,128,128,1,1,0,0,1,0,1,0.000226657,0,31,0.707133,392140,16407,0.0780786,66560,38.0079,33554400,262144,0,0,33.8566,95.6992,0,3489890000,0,547504000,268435000,1084290000,277037000,0,210982000,0,64.0193,0,19.6847,19.8784,0,61.887,32,100,1024,2048,0,0,25
nbody_kernel,1492,16384,128,128,1,1,0,1,0,0,1,0.000120528,0,19,0.61191,389332,16407,33.5726,33558000,0.000499856,0,0,0,0,34.9157,97.5752,0,3489890000,0,539197000,268435000,1073890000,270762000,0,244215000,0,54.5617,0,16.7863,16.7889,0,61.0875,32,100,1024,0,0,0,25
nbody_kernel,1261,16384,128,128,1,1,0,1,0,0,2,0.000180552,1,23,0.90361,494368,16407,20.8333,16780800,0.000592672,0,0,0,0,32.3183,93.1262,0,3489940000,0,269713000,134218000,537018000,269730000,0,180844000,0,67.7846,0,20.8542,10.4303,0,56.1986,32,100,1024,0,0,0,31
nbody_kernel,1149,16384,128,128,1,1,0,1,0,0,4,0.00018897,0,23,0.813939,402504,16407,11.3871,8392190,0.000646176,0,0,0,0,34.2504,92.9003,0,3490040000,0,134971000,67108900,268583000,269337000,0,149164000,0,74.0856,0,22.792,5.70149,0,50.6616,32,100,1024,0,0,0,50
nbody_kernel,1310,16384,128,128,1,1,0,1,1,0,1,0.000224393,0,31,0.70773,395632,16407,0.308187,265728,37.7434,33554400,262144,0,0,33.7598,96.1207,0,3489890000,0,553878000,268435000,1090670000,277070000,0,211381000,0,63.4106,0,19.462,19.7691,0,61.303,32,100,1024,2048,0,0,27
nbody_kernel,1171,16384,128,128,1,1,0,1,1,0,2,0.000250681,0,31,1.72137,890048,16407,0.183836,134656,21.271,16777200,262144,0,0,27.8466,91.3282,0,3489940000,0,277053000,134218000,545407000,272908000,0,164427000,0,74.5554,0,22.9097,11.6373,0,56.1337,32,100,1024,4096,0,0,34
nbody_kernel,1048,16384,128,128,1,1,0,1,1,0,4,0.000424779,28,19,2.18975,1019180,16407,0.103111,69120,23.8004,16778000,309860,0,0,26.997,93.3307,0,3490040000,0,138641000,67108900,272777000,270926000,0,140956000,0,81.3921,0,25.0248,6.35778,0,52.5632,32,100,1024,8192,0,0,47
nbody_kernel,2354,16384,128,128,1,1,1,0,0,0,1,7.17973E-05,0,18,0.391363,391504,16407,5.31241,8389630,0.000314038,0,0,0,0,34.8164,96.8406,0,3489890000,0,1082280000,268435000,268501000,813892000,0,185160000,0,34.5587,0,10.6261,2.65734,0,29.3189,32,100,1024,0,0,0,28
nbody_kernel,1296,16384,128,128,1,1,1,0,1,0,1,0.00016792,0,23,0.706639,392124,16407,0.0780894,66560,38.0048,33554400,262144,0,0,33.859,95.6703,0,3489890000,0,547504000,268435000,1084290000,277037000,0,210982000,0,64.0336,0,19.6891,19.8828,0,61.9007,32,100,1024,2048,0,0,25
nbody_kernel,1492,16384,128,128,1,1,1,1,0,0,1,0.000120471,0,19,0.612048,389324,16407,33.5735,33558000,0.000499965,0,0,0,0,34.915,97.5821,0,3489890000,0,539197000,268435000,1073890000,270762000,0,244215000,0,54.5697,0,16.7888,16.7913,0,61.0965,32,100,1024,0,0,0,25
nbody_kernel,1258,16384,128,128,1,1,1,1,0,0,2,0.000202377,0,27,0.904044,492908,16407,20.8324,16780800,0.000592808,0,0,0,0,32.3169,93.1043,0,3489940000,0,269713000,134218000,537018000,269730000,0,180844000,0,67.8161,0,20.8639,10.4351,0,56.2247,32,100,1024,0,0,0,31
nbody_kernel,1141,16384,128,128,1,1,1,1,0,0,4,0.000187899,0,23,0.813321,403012,16407,11.3876,8392190,0.00064866,0,0,0,0,34.2471,93.2751,0,3490040000,0,134971000,67108900,268583000,269337000,0,149164000,0,74.0717,0,22.7878,5.70042,0,50.6521,32,100,1024,0,0,0,50
nbody_kernel,1310,16384,128,128,1,1,1,1,1,0,1,0.000224389,0,31,0.709111,395712,16407,0.3082,265728,37.7798,33554400,262144,0,0,33.7591,96.1951,0,3489890000,0,553878000,268435000,1090670000,277070000,0,211381000,0,63.4228,0,19.4657,19.7728,0,61.3148,32,100,1024,2048,0,0,27
nbody_kernel,1170,16384,128,128,1,1,1,1,1,0,2,0.000299088,0,37,1.71802,889204,16407,0.183809,134656,21.2386,16777200,262144,0,0,27.8452,91.1856,0,3489940000,0,277053000,134218000,545407000,272908000,0,164427000,0,74.5584,0,22.9106,11.6378,0,56.136,32,100,1024,4096,0,0,34
nbody_kernel,1049,16384,128,128,1,1,1,1,1,0,4,0.000207731,0,23,2.19253,1019230,16407,0.103097,69120,23.8293,16778200,310559,0,0,26.9959,93.4193,0,3490040000,0,138641000,67108900,272777000,270926000,0,140956000,0,81.4094,0,25.0301,6.35913,0,52.5744,32,100,1024,8192,0,0,47
nbody_kernel,1742,16384,128,128,1,2,0,0,0,0,1,0.000135181,0,25,0.526266,391504,16407,7.23287,8389630,0.000426052,0,0,0,0,34.8106,96.504,0,3489890000,0,545407000,134218000,268501000,272826000,0,147280000,0,47.049,0,14.4666,3.61776,0,31.7497,32,100,1024,0,0,0,36
nbody_kernel,1173,16384,128,128,1,2,0,0,1,0,1,0.000250998,0,31,1.6476,851224,16407,0.0907347,66560,21.2702,16777200,262144,0,0,28.1151,91.3684,0,3489890000,0,279069000,134218000,547422000,277004000,0,164844000,0,74.4008,0,22.8768,11.6635,0,56.1945,32,100,1024,2048,0,0,31
nbody_kernel,1415,16384,128,128,1,2,0,1,0,0,1,0.000166991,0,25,0.647001,391100,16407,35.7016,33558000,0.000526995,0,0,0,0,34.2262,96.6745,0,3489890000,0,270762000,134218000,1073890000,270762000,0,239496000,0,58.06,0,17.8626,17.8653,0,63.7486,32,100,1024,0,0,0,32
nbody_kernel,1290,16384,128,128,1,2,0,1,0,0,2,0.000175819,1,23,0.962456,540060,16407,20.1821,16780800,0.000578263,0,0,0,0,31.6057,93.6939,0,3489940000,0,135496000,67108900,537018000,269746000,0,178485000,0,65.7359,0,20.2239,10.115,0,53.7892,32,100,1024,0,0,0,42
nbody_kernel,1163,16384,128,128,1,2,0,1,0,0,4,0.000186719,0,23,0.847544,424848,16407,11.353,8392190,0.000638785,0,0,0,0,33.7693,92.0812,0,3490040000,0,67862500,33554400,268583000,269320000,0,147984000,0,73.8897,0,22.7318,5.68641,0,50.1275,32,100,1024,0,0,0,61
nbody_kernel,1177,16384,128,128,1,2,0,1,1,0,1,0.000249832,0,31,1.71343,891932,16407,0.359621,265728,21.16,16777200,262144,0,0,28.0258,91.569,0,3489890000,0,285442000,134218000,553796000,277021000,0,165242000,0,73.9879,0,22.7084,11.7125,0,55.9162,32,100,1024,2048,0,0,30
nbody_kernel,1059,16384,128,128,1,2,0,1,1,0,2,0.000277706,0,31,2.07397,972976,16407,0.198801,134656,23.5296,16777200,262144,0,0,27.0561,93.4059,0,3489940000,0,142836000,67108900,276972000,272941000,0,141360000,0,80.6372,0,24.7785,6.39199,0,52.1955,32,100,1024,4096,0,0,44
nbody_kernel,982,16384,128,128,1,2,0,1,1,0,4,0.000221815,0,23,2.36141,1029510,16407,0.110767,69120,25.4142,16778100,305169,0,0,26.3458,92.8656,0,3490040000,0,71532500,33554400,272777000,270942000,0,133616000,0,87.3698,0,26.8627,6.82471,0,53.4862,32,100,1024,8192,0,0,62
nbody_kernel,1742,16384,128,128,1,2,1,0,0,0,1,0.000135221,0,25,0.526333,391512,16407,7.23337,8389630,0.000426075,0,0,0,0,34.8106,96.5153,0,3489890000,0,545407000,134218000,268501000,272826000,0,147280000,0,47.046,0,14.4657,3.61753,0,31.7477,32,100,1024,0,0,0,36
nbody_kernel,1169,16384,128,128,1,2,1,0,1,0,1,0.000250925,0,31,1.64635,851100,16407,0.0907137,66560,21.2676,16777200,262144,0,0,28.1111,91.3668,0,3489890000,0,279069000,134218000,547422000,277004000,0,164844000,0,74.3929,0,22.8743,11.6623,0,56.1886,32,100,1024,2048,0,0,31
nbody_kernel,1415,16384,128,128,1,2,1,1,0,0,1,0.000140376,0,21,0.646391,391072,16407,35.6943,33558000,0.000526403,0,0,0,0,34.2234,96.5105,0,3489890000,0,270762000,134218000,1073890000,270762000,0,239496000,0,58.0934,0,17.8729,17.8756,0,63.7852,32,100,1024,0,0,0,32
nbody_kernel,1293,16384,128,128,1,2,1,1,0,0,2,0.00019787,0,27,0.963132,540540,16455,20.1934,16780800,0.000578613,0,0,0,0,31.6246,93.9032,0,3489940000,0,135496000,67108900,537018000,269746000,0,178485000,0,65.629,0,20.191,10.0986,0,53.7017,32,100,1024,0,0,0,42
nbody_kernel,1157,16384,128,128,1,2,1,1,0,0,4,0.000186894,0,23,0.854314,424148,16407,11.3653,8392190,0.000643542,0,0,0,0,33.7966,92.7619,0,3490040000,0,67862500,33554400,268583000,269320000,0,147984000,0,73.8938,0,22.733,5.68673,0,50.1302,32,100,1024,0,0,0,61
nbody_kernel,1176,16384,128,128,1,2,1,1,1,0,1,0.000426693,0,53,1.71622,892596,16407,0.359506,265728,21.1842,16777200,262144,0,0,28.0204,91.6611,0,3489890000,0,285442000,134218000,553796000,277021000,0,165242000,0,73.998,0,22.7115,11.7141,0,55.9238,32,100,1024,2048,0,0,30
nbody_kernel,1059,16384,128,128,1,2,1,1,1,0,2,0.000277534,0,31,2.07379,972992,16407,0.1988,134656,23.5281,16777200,262144,0,0,27.0564,93.3957,0,3489940000,0,142836000,67108900,276972000,272941000,0,141360000,0,80.6411,0,24.7797,6.3923,0,52.198,32,100,1024,4096,0,0,44
nbody_kernel,983,16384,128,128,1,2,1,1,1,0,4,0.000221771,0,23,2.363,1029290,16455,0.110721,69120,25.4311,16778000,305128,0,0,26.3443,92.9455,0,3490040000,0,71532500,33554400,272777000,270942000,0,133616000,0,87.3531,0,26.8576,6.82341,0,53.476,32,100,1024,8192,0,0,62
nbody_kernel,1246,16384,128,128,1,4,0,0,0,0,1,0.00019003,0,25,0.735376,391564,16407,10.4166,8389630,0.000599593,0,0,0,0,35.1438,94.3034,0,3489890000,0,276972000,67108900,268501000,272843000,0,136795000,0,67.7582,0,20.8343,5.21017,0,42.4696,32,100,1024,0,0,0,44
nbody_kernel,1031,16384,128,128,1,4,0,0,1,0,1,0.000285336,0,31,2.13402,972516,16407,0.101879,66560,24.2346,16777200,262144,0,0,27.0873,92.6927,0,3489890000,0,144851000,67108900,278987000,277037000,0,141776000,0,83.5588,0,25.6927,6.67603,0,54.28,32,100,1024,2048,0,0,42
nbody_kernel,1531,16384,128,128,1,4,0,1,0,0,1,0.00015438,0,25,0.91313,612960,16407,35.1092,33558000,0.000484501,0,0,0,0,29.821,90.4936,0,3489890000,0,136544000,67108900,1073890000,270729000,0,195455000,0,57.0242,0,17.5439,17.5466,0,51.0978,32,100,1024,0,0,0,39
nbody_kernel,1208,16384,128,128,1,4,0,1,0,0,2,0.000188038,1,23,1.05283,554360,16407,21.6955,16780800,0.00061686,0,0,0,0,31.6487,93.1966,0,3489940000,0,68386800,33554400,537018000,269812000,0,156467000,0,70.4977,0,21.6888,10.8477,0,50.5692,32,100,1024,0,0,0,55
nbody_kernel,1255,16384,128,128,1,4,0,1,0,0,4,0.000942701,58,67,1.05579,577272,16455,10.488,8392190,0.00118991,0,0,0,0,31.5146,92.9755,0,3490040000,0,34324500,16777200,268583000,269353000,0,136975000,0,68.1584,0,20.9685,5.24564,0,42.7994,32,100,1024,0,0,0,64
nbody_kernel,1034,16384,128,128,1,4,0,1,1,0,1,0.000615954,36,31,2.12841,971872,16407,0.406117,265728,24.1915,16777200,262144,0,0,27.0702,92.6721,0,3489890000,0,151224000,67108900,285360000,277053000,0,142175000,0,83.5811,0,25.6527,6.81791,0,54.3485,32,100,1024,2048,0,0,42
nbody_kernel,988,16384,128,128,1,4,0,1,1,0,2,0.000297945,0,31,2.2741,993456,16407,0.214282,134656,25.2763,16777200,262144,0,0,26.1589,93.0922,0,3489940000,0,75726800,33554400,276972000,272892000,0,134018000,0,86.9153,0,26.7077,6.88965,0,53.337,32,100,1024,4096,0,0,59
nbody_kernel,957,16384,128,128,1,4,0,1,1,0,4,0.000228814,0,23,2.43191,1029780,16407,0.114248,69120,26.1739,16778200,305682,0,0,26.0196,92.6974,0,3490040000,0,37978100,16777200,272777000,270893000,0,129945000,0,90.1416,0,27.7149,7.04122,0,53.6667,32,100,1024,8192,0,0,64
nbody_kernel,1248,16384,128,128,1,4,1,0,0,0,1,0.000144524,0,19,0.735788,392632,16407,10.4137,8389630,0.000599995,0,0,0,0,35.1444,94.3715,0,3489890000,0,276972000,67108900,268501000,272843000,0,136795000,0,67.7547,0,20.8332,5.2099,0,42.4674,32,100,1024,0,0,0,44
nbody_kernel,1031,16384,128,128,1,4,1,0,1,0,1,0.000285423,0,31,2.13279,972756,16407,0.101889,66560,24.2228,16777200,262144,0,0,27.0864,92.6339,0,3489890000,0,144851000,67108900,278987000,277037000,0,141776000,0,83.5711,0,25.6964,6.67701,0,54.288,32,100,1024,2048,0,0,42
nbody_kernel,1539,16384,128,128,1,4,1,1,0,0,1,0.000117144,0,19,0.912421,613048,16407,35.1783,33558000,0.000484195,0,0,0,0,29.8568,90.2645,0,3489890000,0,136544000,67108900,1073890000,270729000,0,195455000,0,57.1328,0,17.5774,17.58,0,51.1952,32,100,1024,0,0,0,39
nbody_kernel,1205,16384,128,128,1,4,1,1,0,0,2,0.00021103,0,27,1.05522,553896,16407,21.6942,16780800,0.000617541,0,0,0,0,31.642,93.2686,0,3489940000,0,68386800,33554400,537018000,269812000,0,156467000,0,70.521,0,21.696,10.8513,0,50.5859,32,100,1024,0,0,0,55
nbody_kernel,1255,16384,128,128,1,4,1,1,0,0,4,0.000173083,0,23,1.05561,577976,16407,10.4964,8392190,0.00119012,0,0,0,0,31.5257,92.8859,0,3490040000,0,34324500,16777200,268583000,269353000,0,136975000,0,68.2358,0,20.9923,5.25159,0,42.848,32,100,1024,0,0,0,64
nbody_kernel,1031,16384,128,128,1,4,1,1,1,0,1,0.000248314,0,27,2.1282,971928,16407,0.40613,265728,24.1973,16777200,262144,0,0,27.0713,92.6965,0,3489890000,0,151224000,67108900,285360000,277053000,0,142175000,0,83.5791,0,25.6521,6.81775,0,54.3472,32,100,1024,2048,0,0,42
nbody_kernel,989,16384,128,128,1,4,1,1,1,0,2,0.000249908,0,26,2.2722,993440,16407,0.214299,134656,25.2653,16777200,262144,0,0,26.1611,93.0534,0,3489940000,0,75726800,33554400,276972000,272892000,0,134018000,0,86.9138,0,26.7072,6.88953,0,53.3361,32,100,1024,4096,0,0,59
nbody_kernel,955,16384,128,128,1,4,1,1,1,0,4,0.000149188,0,15,2.43486,1029910,16407,0.114257,69120,26.2008,16778100,306226,0,0,26.0204,92.7792,0,3490040000,0,37978100,16777200,272777000,270893000,0,129945000,0,90.1521,0,27.7181,7.04204,0,53.673,32,100,1024,8192,0,0,64
nbody_kernel,1153,16384,128,128,1,8,0,0,0,0,1,0.000222128,0,27,1.0178,511116,16455,11.4368,8389630,0.000646713,0,0,0,0,32.7913,92.5906,0,3489890000,0,142754000,33554400,268501000,272843000,0,131552000,0,74.4351,0,22.8873,5.72357,0,44.8665,32,100,1024,0,0,0,60
nbody_kernel,995,16384,128,128,1,8,0,0,1,0,1,0.000295545,0,31,2.24511,989480,16407,0.105109,66560,25.09,16777200,262144,0,0,26.355,93.0281,0,3489890000,0,77742100,33554400,278987000,277021000,0,134435000,0,86.1962,0,26.5036,6.88675,0,53.0942,32,100,1024,2048,0,0,58
nbody_kernel,1469,16384,128,128,1,8,0,1,0,0,1,7.09008E-05,0,11,0.971025,622852,16407,36.6709,33558000,0.000507325,0,0,0,0,29.6637,90.7707,0,3489890000,0,69435400,33554400,1073890000,270762000,0,173436000,0,59.5282,0,18.3143,18.3171,0,47.3322,32,100,1024,0,0,0,64
nbody_kernel,1270,16384,128,128,1,8,0,1,0,0,2,0.000171595,0,23,1.12003,621936,16407,20.7882,16780800,0.000588265,0,0,0,0,30.3039,92.6409,0,3489940000,0,34832400,16777200,537018000,269779000,0,145456000,0,67.6329,0,20.8075,10.4069,0,45.1006,32,100,1024,0,0,0,64
nbody_kernel,1270,16384,128,128,1,8,0,1,0,0,4,0.000171095,0,23,1.08189,600736,16407,10.4103,8392190,0.00117352,0,0,0,0,31.0849,92.3855,0,3490040000,0,17547300,8388610,268583000,269369000,0,131471000,0,67.6484,0,20.8116,5.20639,0,40.7727,32,100,1024,0,0,0,64
nbody_kernel,995,16384,128,128,1,8,0,1,1,0,1,0.000296094,0,31,2.25422,992072,16407,0.420312,265728,25.1281,16777200,262144,0,0,26.2059,93.0048,0,3489890000,0,84115500,33554400,285360000,277053000,0,134835000,0,86.5065,0,26.5506,7.05654,0,53.3468,32,100,1024,2048,0,0,58
nbody_kernel,971,16384,128,128,1,8,0,1,1,0,2,0.000460262,0,47,2.32429,998316,16407,0.218736,134656,25.7446,16777200,262144,0,0,25.9008,92.8956,0,3489940000,0,42172400,16777200,276972000,272925000,0,130349000,0,88.7129,0,27.2601,7.03214,0,52.9502,32,100,1024,4096,0,0,64
nbody_kernel,954,16384,128,128,1,8,0,1,1,0,4,0.000229234,0,23,2.44391,1032780,16407,0.114401,69120,26.237,16778300,304579,0,0,25.7286,92.8293,0,3490040000,0,21200900,8388610,272777000,270893000,0,128110000,0,90.2355,0,27.7438,7.04856,0,52.9635,32,100,1024,8192,0,0,64
nbody_kernel,1154,16384,128,128,1,8,1,0,0,0,1,0.000155948,0,19,1.02104,508400,16407,11.4331,8389630,0.000647832,0,0,0,0,32.7831,92.8908,0,3489890000,0,142754000,33554400,268501000,272843000,0,131552000,0,74.323,0,22.8528,5.71495,0,44.7989,32,100,1024,0,0,0,60
nbody_kernel,996,16384,128,128,1,8,1,0,1,0,1,0.000295769,0,31,2.24793,990296,16407,0.105097,66560,25.1204,16777200,262144,0,0,26.3535,93.1477,0,3489890000,0,77742100,33554400,278987000,277021000,0,134435000,0,86.1899,0,26.5017,6.88624,0,53.0904,32,100,1024,2048,0,0,58
nbody_kernel,1462,16384,128,128,1,8,1,1,0,0,1,0.0017179,252,15,0.970505,622388,16407,36.6135,33558000,0.000507797,0,0,0,0,29.6291,90.6859,0,3489890000,0,69435400,33554400,1073890000,270762000,0,173436000,0,59.6394,0,18.3485,18.3513,0,47.4205,32,100,1024,0,0,0,64
nbody_kernel,1272,16384,128,128,1,8,1,1,0,0,2,0.000193659,1,25,1.1191,621556,16407,20.782,16780800,0.000587145,0,0,0,0,30.3071,92.5316,0,3489940000,0,34832400,16777200,537018000,269779000,0,145456000,0,67.584,0,20.7925,10.3994,0,45.068,32,100,1024,0,0,0,64
nbody_kernel,1265,16384,128,128,1,8,1,1,0,0,4,0.00118301,32,127,1.08517,601856,16519,10.4077,8392190,0.00117422,0,0,0,0,31.078,92.3642,0,3490040000,0,17547300,8388610,268583000,269369000,0,131471000,0,67.7044,0,20.8288,5.2107,0,40.8064,32,100,1024,0,0,0,64
nbody_kernel,995,16384,128,128,1,8,1,1,1,0,1,0.00197676,176,31,2.25594,991896,16407,0.420351,265728,25.1444,16777200,262144,0,0,26.2095,93.0719,0,3489890000,0,84115500,33554400,285360000,277053000,0,134835000,0,86.5001,0,26.5486,7.05602,0,53.3428,32,100,1024,2048,0,0,58
nbody_kernel,971,16384,128,128,1,8,1,1,1,0,2,0.0012426,0,127,2.32427,997836,16407,0.21874,134656,25.7425,16777200,262144,0,0,25.8992,92.8903,0,3489940000,0,42172400,16777200,276972000,272925000,0,130349000,0,88.7108,0,27.2594,7.03198,0,52.949,32,100,1024,4096,0,0,64
nbody_kernel,954,16384,128,128,1,8,1,1,1,0,4,0.000228756,0,23,2.44143,1032910,16407,0.114387,69120,26.2137,16778300,304229,0,0,25.7316,92.735,0,3490040000,0,21200900,8388610,272777000,270893000,0,128110000,0,90.2487,0,27.7479,7.04959,0,52.9713,32,100,1024,8192,0,0,64
nbody_kernel,1182,16384,128,128,1,16,0,0,0,0,1,0.000410016,0,51,1.20527,622708,16407,11.2585,8389630,0.000632489,0,0,0,0,31.0721,91.9774,0,3489890000,0,71450600,16793600,268501000,287474000,0,129257000,0,73.5914,0,22.5332,5.63501,0,43.4017,32,100,1024,0,0,0,64
nbody_kernel,979,16384,128,128,1,16,0,0,1,0,1,0.000301303,0,31,2.33116,1008030,16407,0.107231,66560,25.5885,16777200,262144,0,0,25.7934,93.0177,0,3489890000,0,44187600,16777200,278987000,277053000,0,130766000,0,87.9188,0,27.0333,7.02438,0,52.6773,32,100,1024,2048,0,0,64
nbody_kernel,1450,16384,128,128,1,16,0,1,0,0,1,0.00012382,0,19,1.30597,838112,16407,36.6905,33558000,0.00102993,0,0,0,0,30.1736,91.824,0,3489890000,0,121881000,16793600,1073890000,287539000,0,156004000,0,60.8805,0,18.3769,18.38,0,42.7204,32,100,1024,0,0,0,64
nbody_kernel,1323,16384,128,128,1,16,0,1,0,0,2,0.000251539,0,35,1.12965,655268,16407,20.4729,16780800,0.00113032,0,0,0,0,29.7792,90.441,0,3489940000,0,61063200,8404990,537018000,278151000,0,136739000,0,67.1971,0,20.4764,10.2417,0,41.7231,32,100,1024,0,0,0,64
nbody_kernel,1197,16384,128,128,1,16,0,1,0,0,4,0.000181085,0,23,1.00004,522824,16407,10.9534,8392190,0.00124366,0,0,0,0,32.7193,93.0548,0,3490040000,0,30654500,4210690,268583000,273498000,0,127111000,0,71.5182,0,21.8968,5.47789,0,41.4756,32,100,896,0,0,0,69
nbody_kernel,970,16384,128,128,1,16,0,1,1,0,1,0.000303075,0,31,2.33171,1002270,16407,0.431394,265728,25.7386,16777200,262144,0,0,26.0695,92.8303,0,3489890000,0,50561000,16777200,285360000,277037000,0,131164000,0,88.7746,0,27.2467,7.24156,0,53.2552,32,100,1024,2048,0,0,62
nbody_kernel,963,16384,128,128,1,16,0,1,1,0,2,0.000325702,0,33,2.3604,1004810,16407,0.220407,134656,25.9563,16777200,262144,0,0,25.5653,92.9389,0,3489940000,0,25411600,8388610,276972000,272957000,0,128516000,0,89.3986,0,27.4706,7.08688,0,52.6087,32,100,1024,4096,0,0,64
nbody_kernel,963,16384,128,128,1,16,0,1,1,0,4,0.000207092,0,21,2.42356,1034220,16407,0.11332,69120,26.005,16778200,304279,0,0,25.7595,92.7267,0,3490040000,0,12828700,4194300,272777000,271434000,0,127209000,0,89.4536,0,27.5033,7.00087,0,52.1356,32,100,1024,8192,0,0,64
nbody_kernel,1181,16384,128,128,1,16,1,0,0,0,1,0.000136232,0,17,1.20711,622884,16407,11.2594,8389630,0.000633168,0,0,0,0,31.0869,92.0931,0,3489890000,0,71450600,16793600,268501000,287474000,0,129257000,0,73.5778,0,22.529,5.63397,0,43.3937,32,100,1024,0,0,0,64
nbody_kernel,978,16384,128,128,1,16,1,0,1,0,1,0.000320838,0,33,2.32828,1007820,16407,0.107206,66560,25.5616,16777200,262144,0,0,25.7892,92.9101,0,3489890000,0,44187600,16777200,278987000,277053000,0,130766000,0,87.9282,0,27.0362,7.02513,0,52.683,32,100,1024,2048,0,0,64
nbody_kernel,1449,16384,128,128,1,16,1,1,0,0,1,0.000124267,0,19,1.30823,836456,16407,36.7088,33558000,0.00103005,0,0,0,0,30.1586,91.9757,0,3489890000,0,121881000,16793600,1073890000,287539000,0,156004000,0,60.7872,0,18.3487,18.3518,0,42.6549,32,100,1024,0,0,0,64
nbody_kernel,1316,16384,128,128,1,16,1,1,0,0,2,0.00018696,1,25,1.13239,652752,16407,20.5002,16780800,0.00113302,0,0,0,0,29.7986,90.6894,0,3489940000,0,61063200,8404990,537018000,278151000,0,136739000,0,67.1733,0,20.4692,10.238,0,41.7084,32,100,1024,0,0,0,64
nbody_kernel,1197,16384,128,128,1,16,1,1,0,0,4,0.000181257,0,23,1.00192,521852,16407,10.9621,8392190,0.00124524,0,0,0,0,32.7423,93.1074,0,3490040000,0,30654500,4210690,268583000,273498000,0,127111000,0,71.5688,0,21.9123,5.48176,0,41.5049,32,100,896,0,0,0,69
nbody_kernel,972,16384,128,128,1,16,1,1,1,0,1,0.000303341,0,31,2.33272,1002390,16407,0.431292,265728,25.7473,16777200,262144,0,0,26.0674,92.8525,0,3489890000,0,50561000,16777200,285360000,277037000,0,131164000,0,88.7834,0,27.2494,7.24228,0,53.2605,32,100,1024,2048,0,0,62
nbody_kernel,963,16384,128,128,1,16,1,1,1,0,2,0.00121419,88,35,2.359,1005240,16407,0.22042,134656,25.9417,16777200,262144,0,0,25.5667,92.8859,0,3489940000,0,25411600,8388610,276972000,272957000,0,128516000,0,89.3992,0,27.4708,7.08693,0,52.6091,32,100,1024,4096,0,0,64
nbody_kernel,963,16384,128,128,1,16,1,1,1,0,4,0.000226976,0,23,2.42733,1034030,16407,0.113318,69120,26.046,16778200,305687,0,0,25.7607,92.8787,0,3490040000,0,12828700,4194300,272777000,271434000,0,127209000,0,89.4404,0,27.4992,6.99985,0,52.1279,32,100,1024,8192,0,0,64
nbody_kernel,1235,16384,128,128,1,32,0,0,0,0,1,0.000145604,0,19,1.18613,640392,16407,10.869,8389630,0.00121055,0,0,0,0,30.1798,91.2508,0,3489890000,0,37912600,8404990,268501000,279134000,0,127687000,0,70.8165,0,21.7354,5.43584,0,41.3564,32,100,1024,0,0,0,64
nbody_kernel,956,16384,128,128,1,32,0,0,1,0,1,0.000348035,0,35,2.39401,1010900,16407,0.109946,66560,26.2962,16777200,262144,0,0,25.7099,92.8325,0,3489890000,0,27426800,8388610,278987000,279167000,0,128998000,0,90.1849,0,27.7299,7.25956,0,53.3041,32,100,1024,2048,0,0,61
nbody_kernel,1375,16384,128,128,1,32,0,1,0,0,1,0.00130286,162,27,1.46634,891732,16407,38.5649,33558000,0.00108509,0,0,0,0,29.9038,92.0988,0,3489890000,0,63160300,8404990,1073890000,279134000,0,153644000,0,63.3462,0,19.3033,19.3065,0,44.1951,32,100,1024,0,0,0,64
nbody_kernel,1276,16384,128,128,1,32,0,1,0,0,2,0.000141216,0,19,1.31669,741516,16407,21.118,16780800,0.00116281,0,0,0,0,29.8872,90.25,0,3489940000,0,31703000,4210690,537018000,273940000,0,135559000,0,68.945,0,21.1096,10.5583,0,42.6419,32,100,1024,0,0,0,64
nbody_kernel,1177,16384,128,128,1,32,0,1,0,0,4,0.000168921,0,21,0.933799,478748,16407,11.1453,8392190,0.00126362,0,0,0,0,33.2592,92.796,0,3490040000,0,15974400,2113540,268583000,271401000,0,126521000,0,72.6946,0,22.3104,5.58134,0,42.0628,32,100,896,0,0,0,69
nbody_kernel,959,16384,128,128,1,32,0,1,1,0,1,0.000386424,0,39,2.39369,1014970,16407,0.437622,265728,26.1976,16777200,262144,0,0,25.5525,92.7923,0,3489890000,0,33800200,8388610,285360000,279183000,0,129397000,0,90.0496,0,27.6379,7.39951,0,53.2919,32,100,1024,2048,0,0,64
nbody_kernel,963,16384,128,128,1,32,0,1,1,0,2,0.000306411,0,31,2.35994,1004840,16407,0.220705,134656,25.9996,16777200,262144,0,0,25.6332,92.7821,0,3489940000,0,17023000,4194300,276972000,273990000,0,127630000,0,89.5297,0,27.5109,7.12372,0,52.323,32,100,1024,4096,0,0,64
nbody_kernel,965,16384,128,128,1,32,0,1,1,0,4,0.000227171,0,23,2.42257,1034210,16407,0.113113,69120,25.9839,16778100,302653,0,0,25.7116,92.82,0,3490040000,0,8634370,2097150,272777000,271434000,0,126751000,0,89.3,0,27.456,6.98886,0,51.8584,32,100,1024,8192,0,0,64
nbody_kernel,1237,16384,128,128,1,32,1,0,0,0,1,0.00296706,216,171,1.1848,640200,16407,10.8549,8389630,0.00120936,0,0,0,0,30.1872,91.1376,0,3489890000,0,37912600,8404990,268501000,279134000,0,127687000,0,70.8343,0,21.7409,5.43721,0,41.3668,32,100,1024,0,0,0,64
nbody_kernel,955,16384,128,128,1,32,1,0,1,0,1,0.000308244,0,31,2.39403,1011250,16407,0.109959,66560,26.2902,16777200,262144,0,0,25.7115,92.8172,0,3489890000,0,27426800,8388610,278987000,279167000,0,128998000,0,90.1789,0,27.7281,7.25908,0,53.3006,32,100,1024,2048,0,0,61
nbody_kernel,1375,16384,128,128,1,32,1,1,0,0,1,0.00167075,152,91,1.46531,891731,16463,38.5258,33558000,0.00108426,0,0,0,0,29.9232,92.0589,0,3489890000,0,63160300,8404990,1073890000,279134000,0,153644000,0,63.3253,0,19.2969,19.3001,0,44.1805,32,100,1024,0,0,0,64
nbody_kernel,1279,16384,128,128,1,32,1,1,0,0,2,0.000191935,1,25,1.3216,742356,16407,21.1002,16780800,0.00116611,0,0,0,0,29.8722,90.5161,0,3489940000,0,31703000,4210690,537018000,273940000,0,135559000,0,68.9378,0,21.1074,10.5572,0,42.6375,32,100,1024,0,0,0,64
nbody_kernel,1181,16384,128,128,1,32,1,1,0,0,4,0.000232964,0,29,0.937584,478844,16407,11.1392,8392190,0.0012629,0,0,0,0,33.2398,92.7763,0,3490040000,0,15974400,2113540,268583000,271401000,0,126521000,0,72.6687,0,22.3024,5.57935,0,42.0478,32,100,896,0,0,0,69
nbody_kernel,960,16384,128,128,1,32,1,1,1,0,1,0.000307017,0,31,2.39358,1015230,16407,0.437626,265728,26.202,16777200,262144,0,0,25.5561,92.7952,0,3489890000,0,33800200,8388610,285360000,279183000,0,129397000,0,90.062,0,27.6417,7.40053,0,53.2993,32,100,1024,2048,0,0,64
nbody_kernel,964,16384,128,128,1,32,1,1,1,0,2,0.000306334,0,31,2.36126,1005130,16407,0.220693,134656,26.0186,16777200,262144,0,0,25.6315,92.8584,0,3489940000,0,17023000,4194300,276972000,273990000,0,127630000,0,89.5214,0,27.5084,7.12306,0,52.3181,32,100,1024,4096,0,0,64
nbody_kernel,964,16384,128,128,1,32,1,1,1,0,4,0.000227016,0,23,2.4229,1034130,16407,0.113077,69120,25.9855,16778000,301956,0,0,25.7033,92.8445,0,3490040000,0,8634370,2097150,272777000,271434000,0,126751000,0,89.2863,0,27.4518,6.98778,0,51.8504,32,100,1024,8192,0,0,64
nbody_kernel,1321,8192,128,128,2,0,0,0,0,0,1,0.000470109,0,66,0.705297,391888,26155,5.19557,4195330,0.000280289,0,0,0,0,17.8444,88.2769,0,3489870000,0,71409700,16777200,134283000,270672000,0,124503000,0,67.653,0,20.8084,2.60248,0,38.605,32,100,1024,0,0,0,64
nbody_kernel,1298,8192,128,128,2,0,0,0,1,0,1,0.000138856,0,19,0.953583,522644,32791,0.0519267,33792,9.56291,8388610,131072,0,0,16.4253,72.8775,0,3489870000,0,38903800,16777200,139526000,272761000,0,125944000,0,83.8481,0,25.7897,3.35141,0,48.4004,32,100,1024,2048,0,0,63
nbody_kernel,1632,8192,128,128,2,0,0,1,0,0,1,0.000143866,0,25,0.573595,389944,29323,15.5615,16780800,0.000226167,0,0,0,0,17.4203,95.1305,0,3489870000,0,135414000,67108900,537018000,269623000,0,178476000,0,50.6421,0,15.5808,7.79265,0,41.4374,32,100,1024,0,0,0,46
nbody_kernel,1618,8192,128,128,2,0,0,1,0,0,2,0.000255288,25,19,0.601225,404132,32035,8.57431,8392190,0.000456252,0,0,0,0,17.5729,87.2036,0,3489920000,0,370311000,16785400,268583000,285909000,0,138502000,0,60.011,0,17.1443,4.28869,0,35.3834,32,100,1024,0,0,0,64
nbody_kernel,1580,8192,128,128,2,0,0,1,0,0,4,0.000113095,0,19,0.621175,414460,24975,4.49588,4197890,0.00046924,0,0,0,0,17.4917,85.4619,0,3490020000,0,235569000,33562600,134365000,302465000,0,131133000,0,60.7299,0,17.9917,2.25171,0,35.1569,32,100,896,0,0,0,72
nbody_kernel,1279,8192,128,128,2,0,0,1,1,0,1,0.000140998,0,19,0.96549,521316,32791,0.211068,134656,9.70483,8388610,131072,0,0,16.4447,72.5098,0,3489870000,0,42090500,16777200,142754000,272785000,0,126145000,0,85.6021,0,26.3051,3.49746,0,49.4466,32,100,1024,2048,0,0,63
nbody_kernel,1305,8192,128,128,2,0,0,1,1,0,2,0.000181093,0,25,0.943899,519928,32791,0.104148,69120,9.50402,8388610,131072,0,0,16.5603,73.9355,0,3489920000,0,155337000,16777200,272777000,270729000,0,131440000,0,82.245,0,25.2883,6.42454,0,49.5308,32,100,1024,4096,0,0,64
nbody_kernel,1365,8192,128,128,2,0,0,1,1,0,4,0.000131231,0,19,0.895378,519036,32791,0.0494925,36352,9.01646,8388610,131072,0,0,17.4501,77.6586,0,3490020000,0,102924000,33554400,136462000,269787000,0,126032000,0,74.2986,0,22.8512,2.90451,0,42.9156,32,100,896,8192,0,0,72
nbody_kernel,5052,8192,128,128,2,0,1,0,0,0,1,0.00389746,200,1897,43.6161,429820,100717000,1.26134,4195330,7.31228E-05,0,0,201347000,100684000,17.5727,95.0043,0,3489870000,0,1882840000,268460000,2550530000,538083000,0,277034000,0,18.2921,0,5.04417,11.9818,0,20.8231,32,100,1024,0,80,0,29
nbody_kernel,4365,8192,128,128,2,0,1,0,1,0,1,0.00350589,0,1625,50.6231,402412,100717000,0.0122559,33792,5.61592,16777200,131072,201347000,100684000,17.7665,91.6375,0,3489870000,0,1752820000,268460000,2958430000,404922000,0,281556000,0,21.2826,0,6.07492,16.738,0,25.4876,32,100,1024,2048,80,0,30
nbody_kernel,4993,8192,128,128,2,0,1,1,0,0,1,0.00331761,0,1774,44.1333,642458,100717000,5.64077,16780800,7.38644E-05,0,0,201344000,100687000,17.7544,85.5615,0,3489870000,0,2418840000,268460000,2953270000,403800000,0,302173000,0,24.0473,0,5.65766,15.5611,0,25.475,32,100,1024,0,80,0,28
nbody_kernel,4116,8192,128,128,2,0,1,1,0,0,2,0.0100851,80,4361,54.0674,1614160,100723000,3.99765,8392190,8.95941E-05,0,0,151019000,100694000,17.7425,72.2611,0,3489920000,0,1142670000,134242000,1476870000,403325000,0,209834000,0,29.9663,0,8.12559,11.1763,0,25.4071,32,100,1024,0,112,0,40
nbody_kernel,3834,8192,128,128,2,0,1,1,0,0,4,0.812118,0,329153,59.2024,3268360,100735000,2.12937,4197890,9.65921E-05,0,0,125875000,100708000,17.7633,73.1761,0,3490020000,0,504504000,67133400,738673000,403169000,0,163667000,0,29.1993,0,8.65072,5.95126,0,21.0978,32,100,1024,0,160,0,63
nbody_kernel,4386,8192,128,128,2,0,1,1,1,0,1,0.00353891,0,1644,50.3986,402712,100717000,0.0488309,134656,5.58549,16777200,131072,201347000,100684000,17.7771,91.1183,0,3489870000,0,1755080000,268460000,2961650000,405905000,0,281759000,0,22.065,0,6.07643,16.7604,0,25.5122,32,100,1024,2048,80,0,30
nbody_kernel,3887,8192,128,128,2,0,1,1,1,0,2,0.0103818,0,4316,56.7064,737640,100723000,0.0364021,69120,3.15855,8388610,131072,151022000,100690000,18.4287,70.2927,0,3489920000,0,878428000,134242000,1481060000,336740000,0,199627000,0,29.8638,0,8.83983,12.1933,0,26.2958,32,100,1024,4096,112,0,41
nbody_kernel,3998,8192,128,128,2,0,1,1,1,0,4,0.634067,0,269453,73.8252,34544600,100735000,0.0188819,36352,3.08399,8388610,131072,125832000,100705000,19.3417,69.8341,0,3490020000,0,371859000,67133400,740770000,370385000,0,158563000,0,28.2607,0,8.69202,5.99665,0,20.5375,32,100,1024,8192,160,0,64
nbody_kernel,1321,8192,128,128,2,0,2,0,0,0,1,0.000327616,0,46,0.703833,391876,25499,5.19768,4195330,0.000280173,0,0,0,0,17.8489,88.2392,0,3489870000,0,71409700,16777200,134283000,270672000,0,124503000,0,67.6537,0,20.8087,2.60251,0,38.6055,32,100,1024,0,0,0,64
nbody_kernel,1298,8192,128,128,2,0,2,0,1,0,1,0.000124203,0,17,0.953482,523356,32791,0.0519273,33792,9.56182,8388610,131072,0,0,16.4258,72.8696,0,3489870000,0,38903800,16777200,139526000,272761000,0,125944000,0,83.8477,0,25.7895,3.35139,0,48.4001,32,100,1024,2048,0,0,63
nbody_kernel,1635,8192,128,128,2,0,2,1,0,0,1,0.000263982,16,30,0.572066,389928,29191,15.571,16780800,0.000225826,0,0,0,0,17.4229,94.992,0,3489870000,0,135414000,67108900,537018000,269623000,0,178476000,0,50.6395,0,15.58,7.79225,0,41.4352,32,100,1024,0,0,0,46
nbody_kernel,1614,8192,128,128,2,0,2,1,0,0,2,0.000115933,1,19,0.601591,404368,32063,8.57582,8392190,0.000456504,0,0,0,0,17.5767,87.2109,0,3489920000,0,370311000,16785400,268583000,285909000,0,138502000,0,60.0391,0,17.1524,4.29071,0,35.4,32,100,1024,0,0,0,64
nbody_kernel,1580,8192,128,128,2,0,2,1,0,0,4,0.000148452,0,25,0.622091,414772,25295,4.49758,4197890,0.000468407,0,0,0,0,17.4946,85.2943,0,3490020000,0,235569000,33562600,134365000,302465000,0,131133000,0,60.7411,0,17.995,2.25213,0,35.1634,32,100,896,0,0,0,72
nbody_kernel,1279,8192,128,128,2,0,2,1,1,0,1,0.00014043,0,19,0.965677,521312,32791,0.211064,134656,9.7103,8388610,131072,0,0,16.4448,72.5416,0,3489870000,0,42090500,16777200,142754000,272785000,0,126145000,0,85.6127,0,26.3084,3.4979,0,49.4528,32,100,1024,2048,0,0,63
nbody_kernel,1306,8192,128,128,2,0,2,1,1,0,2,0.000137595,0,19,0.943974,519920,32791,0.104138,69120,9.50326,8388610,131072,0,0,16.5598,73.9261,0,3489920000,0,155337000,16777200,272777000,270729000,0,131440000,0,82.2489,0,25.2895,6.42484,0,49.5331,32,100,1024,4096,0,0,64
nbody_kernel,1372,8192,128,128,2,0,2,1,1,0,4,0.000324531,32,15,0.897515,519404,32791,0.0495216,36352,9.01633,8388610,131072,0,0,17.453,77.6609,0,3490020000,0,102924000,33554400,136462000,269787000,0,126032000,0,74.2953,0,22.8502,2.90439,0,42.9137,32,100,896,8192,0,0,72
nbody_kernel,2601,8192,128,128,2,1,0,0,0,0,1,6.8532E-05,0,19,0.368749,391728,32791,2.42569,4195330,0.000141819,0,0,0,0,17.5051,95.8108,0,3489870000,0,541172000,134218000,134283000,541204000,0,151307000,0,31.539,0,9.70063,1.21324,0,21.8717,32,100,1024,0,0,0,42
nbody_kernel,1416,8192,128,128,2,1,0,0,1,0,1,0.000100071,0,15,0.740216,438296,32791,0.0385792,33792,17.3241,16777200,131072,0,0,17.5111,89.6395,0,3489870000,0,273785000,134218000,542179000,272769000,0,164217000,0,62.2861,0,19.1577,9.67371,0,46.8799,32,100,1024,2048,0,0,41
nbody_kernel,1624,8192,128,128,2,1,0,1,0,0,1,8.11291E-05,0,14,0.578738,389640,30247,15.8774,16780800,0.000228097,0,0,0,0,17.6412,94.1992,0,3489870000,0,269631000,134218000,537018000,269640000,0,180835000,0,51.5791,0,15.8691,7.93684,0,42.7622,32,100,1024,0,0,0,36
nbody_kernel,1672,8192,128,128,2,1,0,1,0,0,2,0.000106853,0,19,0.58628,406424,31859,8.10503,8392190,0.000443217,0,0,0,0,17.3548,89.5564,0,3489920000,0,470974000,67117100,268583000,336224000,0,144793000,0,56.765,0,16.217,4.05672,0,34.9897,32,100,1024,0,0,0,56
nbody_kernel,1580,8192,128,128,2,1,0,1,0,0,4,0.000112623,0,19,0.619734,415196,24423,4.4981,4197890,0.000467157,0,0,0,0,17.4961,85.0915,0,3490020000,0,235569000,33562600,134365000,302465000,0,131133000,0,60.7234,0,17.9898,2.25147,0,35.1531,32,100,896,0,0,0,72
nbody_kernel,1420,8192,128,128,2,1,0,1,1,0,1,0.000179031,0,27,0.772565,460308,32791,0.153454,134656,17.2757,16777200,131072,0,0,17.4985,89.5405,0,3489870000,0,276972000,134218000,545407000,272785000,0,164418000,0,62.2378,0,19.1254,9.71489,0,46.8581,32,100,1024,2048,0,0,42
nbody_kernel,1503,8192,128,128,2,1,0,1,1,0,2,0.000131879,0,21,0.814045,516236,32791,0.0845612,69120,8.23255,8388610,131072,0,0,16.7314,78.877,0,3489920000,0,205668000,67108900,272777000,270762000,0,134587000,0,66.7789,0,20.5329,5.21641,0,41.1793,32,100,1024,4096,0,0,56
nbody_kernel,1372,8192,128,128,2,1,0,1,1,0,4,0.000130796,0,19,0.896775,518924,32791,0.0494792,36352,9.02274,8388610,131072,0,0,17.4487,77.7057,0,3490020000,0,102924000,33554400,136462000,269787000,0,126032000,0,74.3052,0,22.8532,2.90478,0,42.9195,32,100,896,8192,0,0,72
nbody_kernel,5174,8192,128,128,2,1,1,0,0,0,1,0.00373837,238,1820,42.6393,429802,100717000,1.22389,4195330,7.15208E-05,0,0,201346000,100683000,17.5453,95.7319,0,3489870000,0,1882840000,268460000,2550530000,538083000,0,277034000,0,17.7554,0,4.89616,11.6302,0,20.2121,32,100,1024,0,80,0,29
nbody_kernel,4464,8192,128,128,2,1,1,0,1,0,1,0.00370133,64,1681,49.3396,402572,100717000,0.0118324,33792,5.47704,16777200,131072,201347000,100684000,17.6955,91.9846,0,3489870000,0,1752820000,268460000,2958430000,404922000,0,281556000,0,20.678,0,5.90234,16.2625,0,24.7635,32,100,1024,2048,80,0,30
nbody_kernel,5125,8192,128,128,2,1,1,1,0,0,1,0.00347608,98,1811,42.8748,655071,100717000,5.49782,16780800,7.17431E-05,0,0,201348000,100687000,17.7023,85.3265,0,3489870000,0,2418840000,268460000,2953270000,403800000,0,302173000,0,23.421,0,5.51032,15.1558,0,24.8116,32,100,1024,0,80,0,28
nbody_kernel,4166,8192,128,128,2,1,1,1,0,0,2,0.00973711,17,4303,53.2626,1610910,100723000,3.97094,8392190,8.83883E-05,0,0,151038000,100691000,17.743,71.7518,0,3489920000,0,1142670000,134242000,1476870000,403325000,0,209834000,0,29.7728,0,8.07314,11.1042,0,25.2431,32,100,1024,0,112,0,40
nbody_kernel,3838,8192,128,128,2,1,1,1,0,0,4,0.811257,0,331186,58.9696,3247910,100735000,2.11598,4197890,9.61725E-05,0,0,125857000,100705000,17.7517,73.2913,0,3490020000,0,504504000,67133400,738673000,403169000,0,163667000,0,29.0268,0,8.59961,5.9161,0,20.9732,32,100,1024,0,160,0,63
nbody_kernel,4483,8192,128,128,2,1,1,1,1,0,1,0.00344404,0,1640,49.2857,405856,100717000,0.0471628,134656,5.4671,16777200,131072,201347000,100684000,17.6969,91.7942,0,3489870000,0,1755080000,268460000,2961650000,405905000,0,281759000,0,21.4383,0,5.90384,16.2843,0,24.7876,32,100,1024,2048,80,0,30
nbody_kernel,3937,8192,128,128,2,1,1,1,1,0,2,0.0106175,0,4436,56.1086,739144,100723000,0.0362183,69120,3.12729,8388610,131072,151025000,100690000,18.427,69.9496,0,3489920000,0,878428000,134242000,1481060000,336740000,0,199627000,0,29.7133,0,8.79528,12.1318,0,26.1633,32,100,1024,4096,112,0,41
nbody_kernel,4032,8192,128,128,2,1,1,1,1,0,4,0.641349,468,273037,73.6362,34598700,100735000,0.018812,36352,3.07303,8388610,131072,125872000,100695000,19.3511,69.8421,0,3490020000,0,371859000,67133400,740770000,370385000,0,158563000,0,28.1571,0,8.66014,5.97466,0,20.4621,32,100,1024,8192,160,0,64
nbody_kernel,2602,8192,128,128,2,1,2,0,0,0,1,0.000771281,136,78,0.369571,391728,32879,2.42511,4195330,0.000141759,0,0,0,0,17.5041,95.7639,0,3489870000,0,541172000,134218000,134283000,541204000,0,151307000,0,31.5411,0,9.70128,1.21333,0,21.8732,32,100,1024,0,0,0,42
nbody_kernel,1415,8192,128,128,2,1,2,0,1,0,1,0.000126569,0,19,0.741689,438024,32791,0.0385732,33792,17.3859,16777200,131072,0,0,17.5084,89.9492,0,3489870000,0,273785000,134218000,542179000,272769000,0,164217000,0,62.2931,0,19.1599,9.6748,0,46.8852,32,100,1024,2048,0,0,41
nbody_kernel,1626,8192,128,128,2,1,2,1,0,0,1,0,0,0,0.57842,389904,29955,15.8671,16780800,0.000227927,0,0,0,0,17.6405,94.1487,0,3489870000,0,269631000,134218000,537018000,269640000,0,180835000,0,51.5685,0,15.8658,7.9352,0,42.7533,32,100,1024,0,0,0,36
nbody_kernel,1669,8192,128,128,2,1,2,1,0,0,2,0.000512262,36,55,0.588899,406244,31987,8.10611,8392190,0.000443831,0,0,0,0,17.3557,89.6877,0,3489920000,0,470974000,67117100,268583000,336224000,0,144793000,0,56.7604,0,16.2157,4.05639,0,34.9869,32,100,1024,0,0,0,56
nbody_kernel,1579,8192,128,128,2,1,2,1,0,0,4,8.912E-05,0,15,0.62008,414952,24303,4.49546,4197890,0.000468243,0,0,0,0,17.4906,85.3014,0,3490020000,0,235569000,33562600,134365000,302465000,0,131133000,0,60.7149,0,17.9873,2.25115,0,35.1482,32,100,896,0,0,0,72
nbody_kernel,1421,8192,128,128,2,1,2,1,1,0,1,0.000113017,0,17,0.774091,458624,32791,0.153492,134656,17.3137,16777200,131072,0,0,17.5012,89.764,0,3489870000,0,276972000,134218000,545407000,272785000,0,164418000,0,62.2191,0,19.1197,9.71198,0,46.8441,32,100,1024,2048,0,0,42
nbody_kernel,1503,8192,128,128,2,1,2,1,1,0,2,0.0001193,0,19,0.814321,516216,32791,0.0845622,69120,8.23382,8388610,131072,0,0,16.7312,78.8888,0,3489920000,0,205668000,67108900,272777000,270762000,0,134587000,0,66.7791,0,20.533,5.21643,0,41.1795,32,100,1024,4096,0,0,56
nbody_kernel,1372,8192,128,128,2,1,2,1,1,0,4,0.000130907,0,19,0.896011,518960,32791,0.0494912,36352,9.02338,8388610,131072,0,0,17.4499,77.6876,0,3490020000,0,102924000,33554400,136462000,269787000,0,126032000,0,74.3278,0,22.8602,2.90566,0,42.9325,32,100,896,8192,0,0,72
nbody_kernel,2088,8192,128,128,2,2,0,0,0,0,1,0.00036004,6,74,0.458036,391744,32879,3.03047,4195330,0.000177145,0,0,0,0,17.482,95.7788,0,3489870000,0,272736000,67108900,134283000,338838000,0,134497000,0,39.4083,0,12.121,1.51596,0,24.2928,32,100,1024,0,0,0,52
nbody_kernel,1395,8192,128,128,2,2,0,0,1,0,1,0.000128926,0,19,0.877145,517108,32791,0.0449063,33792,8.87211,8388610,131072,0,0,16.8212,78.1875,0,3489870000,0,139567000,67108900,273744000,272769000,0,141149000,0,72.5081,0,22.3017,5.68586,0,46.9073,32,100,1024,2048,0,0,50
nbody_kernel,1634,8192,128,128,2,2,0,1,0,0,1,0.000889532,128,27,0.572477,389968,29355,15.5783,16780800,0.000225888,0,0,0,0,17.4206,94.9837,0,3489870000,0,135414000,67108900,537018000,269623000,0,178476000,0,50.6577,0,15.5856,7.79505,0,41.4501,32,100,1024,0,0,0,46
nbody_kernel,1632,8192,128,128,2,2,0,1,0,0,2,0.000115331,1,19,0.682362,470884,29807,8.88831,8392190,0.000452693,0,0,0,0,17.0729,83.4954,0,3489920000,0,236093000,33562600,268583000,302678000,0,135356000,0,59.9665,0,17.7661,4.44423,0,35.8338,32,100,1024,0,0,0,62
nbody_kernel,1424,8192,128,128,2,2,0,1,0,0,4,0.000125427,0,19,0.707762,427516,25391,4.98967,4197890,0.000519659,0,0,0,0,17.4579,85.2505,0,3490020000,0,118129000,16785400,134365000,285688000,0,126415000,0,66.1735,0,19.9743,2.49983,0,37.6265,32,100,768,0,0,0,80
nbody_kernel,1432,8192,128,128,2,2,0,1,1,0,1,0.000362636,0,55,0.854453,516352,32791,0.172549,134656,8.65092,8388610,131072,0,0,16.7433,79.0649,0,3489870000,0,142754000,67108900,276972000,272769000,0,141349000,0,69.9796,0,21.5044,5.54723,0,45.2946,32,100,1024,2048,0,0,49
nbody_kernel,1330,8192,128,128,2,2,0,1,1,0,2,0.00013549,0,19,0.923076,517340,32791,0.100234,69120,9.33154,8388610,131072,0,0,16.7942,75.4132,0,3489920000,0,105005000,33554400,138559000,270737000,0,126198000,0,79.17,0,24.3429,3.14148,0,45.7771,32,100,1024,4096,0,0,64
nbody_kernel,1294,8192,128,128,2,2,0,1,1,0,4,0.000138895,0,19,0.969307,529928,32839,0.0549369,36352,9.5892,8388610,131072,0,0,16.7206,74.4161,0,3490020000,0,52592600,16777200,136462000,269836000,0,123937000,0,82.4611,0,25.3616,3.22361,0,46.8386,32,100,768,8192,0,0,80
nbody_kernel,4999,8192,128,128,2,2,1,0,0,0,1,0.0042384,414,1833,44.101,428699,100717000,1.27259,4195330,7.39499E-05,0,0,201348000,100683000,17.5358,95.1554,0,3489870000,0,1480120000,201351000,2550530000,471040000,0,260257000,0,18.7877,0,5.09313,12.0981,0,19.7519,32,100,1024,0,80,0,32
nbody_kernel,4246,8192,128,128,2,2,1,0,1,0,1,0.00394766,0,1777,52.018,404092,100717000,0.0131805,33792,5.76462,16777200,131072,201347000,100684000,17.9607,87.3306,0,3489870000,0,1415120000,201351000,2958430000,407077000,0,268974000,0,23.7346,0,6.5433,18.0285,0,26.2258,32,100,1024,2048,80,0,29
nbody_kernel,4871,8192,128,128,2,2,1,1,0,0,1,0.00336356,0,1748,45.4699,646657,100717000,5.88336,16780800,7.61012E-05,0,0,201342000,100684000,17.8049,84.4811,0,3489870000,0,1748750000,201351000,2953270000,402792000,0,279105000,0,23.253,0,5.90353,16.2374,0,24.5528,32,100,1024,0,80,0,36
nbody_kernel,4095,8192,128,128,2,2,1,1,0,0,2,0.0103616,249,4272,54.335,1604920,100723000,4.04516,8392190,9.00646E-05,0,0,151021000,100686000,17.7879,71.8012,0,3489920000,0,807027000,100688000,1476870000,403423000,0,198300000,0,29.0313,0,8.22058,11.307,0,24.2912,32,100,1024,0,112,0,48
nbody_kernel,3829,8192,128,128,2,2,1,1,0,0,4,0.82203,308,334998,58.967,3196280,100735000,2.11422,4197890,9.63627E-05,0,0,125839000,100703000,17.6798,73.2107,0,3490020000,0,387064000,50356200,738673000,352821000,0,157900000,0,29.1162,0,8.6261,5.93433,0,20.2964,32,100,1024,0,160,0,64
nbody_kernel,4250,8192,128,128,2,2,1,1,1,0,1,0.00391543,172,1594,52.0073,409504,100717000,0.0522564,134656,5.76831,16777200,131072,201347000,100684000,17.9404,87.7989,0,3489870000,0,1418450000,201351000,2961650000,406987000,0,269176000,0,24.0556,0,6.51257,17.9634,0,26.1223,32,100,1024,2048,80,0,31
nbody_kernel,3814,8192,128,128,2,2,1,1,1,0,2,0.010587,0,4316,57.8137,733052,100723000,0.0365525,69120,3.22086,8388610,131072,151022000,100690000,18.3266,71.4044,0,3489920000,0,675955000,100688000,1481060000,371433000,0,193336000,0,30.2466,0,8.87388,12.2402,0,25.5651,32,100,1024,4096,112,0,42
nbody_kernel,3840,8192,128,128,2,2,1,1,1,0,4,0.662831,240,270487,77.0522,34713900,100735000,0.0193452,36352,3.2154,8388610,131072,125873000,100720000,19.2703,71.075,0,3490020000,0,321528000,50356200,740770000,336830000,0,155418000,0,29.507,0,8.90416,6.14301,0,20.6213,32,100,1024,8192,160,0,64
nbody_kernel,2087,8192,128,128,2,2,2,0,0,0,1,4.50044E-05,0,10,0.457191,391740,32743,3.02759,4195330,0.000177132,0,0,0,0,17.4801,95.7704,0,3489870000,0,272736000,67108900,134283000,338838000,0,134497000,0,39.4087,0,12.1212,1.51598,0,24.2931,32,100,1024,0,0,0,52
nbody_kernel,1396,8192,128,128,2,2,2,0,1,0,1,0.000176394,0,26,0.876797,517068,32791,0.0449055,33792,8.86989,8388610,131072,0,0,16.8208,78.1708,0,3489870000,0,139567000,67108900,273744000,272769000,0,141149000,0,72.5054,0,22.3009,5.68565,0,46.9056,32,100,1024,2048,0,0,50
nbody_kernel,1634,8192,128,128,2,2,2,1,0,0,1,5.73698E-05,0,10,0.571831,389960,29211,15.5663,16780800,0.000225703,0,0,0,0,17.4197,94.9152,0,3489870000,0,135414000,67108900,537018000,269623000,0,178476000,0,50.6527,0,15.5841,7.79429,0,41.4461,32,100,1024,0,0,0,46
nbody_kernel,1632,8192,128,128,2,2,2,1,0,0,2,0.000109232,0,19,0.68644,470936,30215,8.88754,8392190,0.000454924,0,0,0,0,17.074,83.9248,0,3489920000,0,236093000,33562600,268583000,302678000,0,135356000,0,59.9537,0,17.7623,4.44328,0,35.8261,32,100,1024,0,0,0,62
nbody_kernel,1424,8192,128,128,2,2,2,1,0,0,4,0.000164954,0,25,0.705507,427252,24435,4.98966,4197890,0.000519529,0,0,0,0,17.4572,85.2252,0,3490020000,0,118129000,16785400,134365000,285688000,0,126415000,0,66.1767,0,19.9752,2.49995,0,37.6283,32,100,768,0,0,0,80
nbody_kernel,1431,8192,128,128,2,2,2,1,1,0,1,0.000125219,0,19,0.854313,516372,32791,0.172536,134656,8.65047,8388610,131072,0,0,16.7436,79.0582,0,3489870000,0,142754000,67108900,276972000,272769000,0,141349000,0,69.9819,0,21.5051,5.54741,0,45.296,32,100,1024,2048,0,0,49
nbody_kernel,1330,8192,128,128,2,2,2,1,1,0,2,0.00016396,0,23,0.920788,517344,32791,0.100242,69120,9.30917,8388610,131072,0,0,16.7943,75.2465,0,3489920000,0,105005000,33554400,138559000,270737000,0,126198000,0,79.1553,0,24.3383,3.14089,0,45.7685,32,100,1024,4096,0,0,64
nbody_kernel,1293,8192,128,128,2,2,2,1,1,0,4,0.000138934,0,19,0.968957,529344,32791,0.0549362,36352,9.58926,8388610,131072,0,0,16.7203,74.4146,0,3490020000,0,52592600,16777200,136462000,269836000,0,123937000,0,82.4633,0,25.3623,3.22369,0,46.8398,32,100,768,8192,0,0,80
nbody_kernel,1328,8192,128,128,2,4,0,0,0,0,1,0.000135152,0,19,0.700376,391744,23871,4.85006,4195330,0.000280065,0,0,0,0,17.5329,94.6167,0,3489870000,0,138519000,33554400,134283000,270672000,0,127124000,0,63.0694,0,19.3986,2.42616,0,36.7471,32,100,1024,0,0,0,59
nbody_kernel,1315,8192,128,128,2,4,0,0,1,0,1,0.000281347,20,19,0.940227,521460,32847,0.050957,33792,9.4344,8388610,131072,0,0,16.585,73.2491,0,3489870000,0,72458200,33554400,139526000,272769000,0,129614000,0,82.3017,0,25.314,3.2896,0,48.8922,32,100,1024,2048,0,0,63
nbody_kernel,1656,8192,128,128,2,4,0,1,0,0,1,0.000108,0,19,0.671734,466068,31495,17.5178,16780800,0.000224329,0,0,0,0,17.1828,84.1579,0,3489870000,0,68304900,33554400,537018000,269631000,0,156456000,0,56.7796,0,17.4691,8.73707,0,40.7273,32,100,1024,0,0,0,60
nbody_kernel,1461,8192,128,128,2,4,0,1,0,0,2,0.00173737,193,77,0.639056,389660,28119,9.24659,8392190,0.000507357,0,0,0,0,17.8511,89.8753,0,3489920000,0,118653000,16785400,268583000,285917000,0,130638000,0,61.2808,0,18.4979,4.62731,0,36.0095,32,100,1024,0,0,0,64
nbody_kernel,1345,8192,128,128,2,4,0,1,0,0,4,0.00013366,0,19,0.696156,392448,27191,5.13653,4197890,0.000551867,0,0,0,0,17.7331,88.0435,0,3490020000,0,59408400,8396800,134365000,277324000,0,124056000,0,67.4037,0,20.5394,2.57055,0,37.9691,32,100,640,0,0,0,86
nbody_kernel,1327,8192,128,128,2,4,0,1,1,0,1,0.000476789,0,67,0.925735,519236,32791,0.197873,134656,9.33358,8388610,131072,0,0,16.6602,74.3951,0,3489870000,0,75644900,33554400,142754000,272794000,0,129816000,0,80.2411,0,24.6577,3.27843,0,47.6986,32,100,1024,2048,0,0,62
nbody_kernel,1287,8192,128,128,2,4,0,1,1,0,2,0.000521794,8,63,0.955361,517928,32860,0.104844,69120,9.641,8388610,131072,0,0,16.8324,74.4982,0,3489920000,0,54673400,16777200,138559000,270721000,0,124100000,0,82.8002,0,25.4591,3.28552,0,47.0803,32,100,1024,4096,0,0,64
nbody_kernel,1270,8192,128,128,2,4,0,1,1,0,4,0.000142054,0,19,0.989757,531008,32791,0.0572687,36352,9.77664,8388610,131072,0,0,16.6346,72.7017,0,3490020000,0,27426800,8388610,136462000,270041000,0,122894000,0,85.9755,0,26.4425,3.36725,0,48.4239,32,100,768,8192,0,0,80
nbody_kernel,4976,8192,128,128,2,4,1,0,0,0,1,0.00382124,254,1771,44.257,428052,100717000,1.30841,4195330,7.42341E-05,0,0,201347000,100683000,17.667,92.9854,0,3489870000,0,1277670000,167797000,2550530000,504668000,0,253933000,0,18.804,0,5.23201,12.428,0,19.7975,32,100,1024,0,80,0,31
nbody_kernel,4456,8192,128,128,2,4,1,0,1,0,1,0.00354766,0,1653,50.3627,404604,100716000,0.0134032,33792,5.58671,16777200,131072,201347000,100684000,18.0315,83.1948,0,3489870000,0,1213720000,167797000,2958430000,507814000,0,264779000,0,23.5211,0,6.65661,18.3407,0,26.2639,32,100,1024,2048,80,0,29
nbody_kernel,4867,8192,128,128,2,4,1,1,0,0,1,0.00339931,6,1756,45.7781,673596,100717000,5.96522,16780800,7.65995E-05,0,0,201344000,100685000,17.8024,83.7953,0,3489870000,0,1378530000,167797000,2953270000,504578000,0,269667000,0,22.28,0,5.99082,16.4774,0,24.0734,32,100,1024,0,80,0,36
nbody_kernel,4075,8192,128,128,2,4,1,1,0,0,2,0.0101503,8,4397,54.6929,1584080,100723000,4.05861,8392190,9.06656E-05,0,0,151012000,100687000,17.7847,72.0633,0,3489920000,0,656024000,83910700,1476870000,420209000,0,193582000,0,28.3456,0,8.24533,11.341,0,23.7846,32,100,1024,0,112,0,48
nbody_kernel,3906,8192,128,128,2,4,1,1,0,0,4,0.80269,0,333204,58.1451,3255520,100735000,2.11077,4197890,9.48577E-05,0,0,125865000,100699000,17.6563,72.0662,0,3490020000,0,328352000,41967600,738673000,344441000,0,155541000,0,28.8471,0,8.62622,5.93441,0,19.9935,32,100,1024,0,160,0,64
nbody_kernel,4547,8192,128,128,2,4,1,1,1,0,1,0.00424553,152,1850,49.4641,423308,100716000,0.0535707,134656,5.48976,16777200,131072,201347000,100684000,18.0453,81.4934,0,3489870000,0,1251660000,167797000,2961650000,473113000,0,264982000,0,23.8237,0,6.67765,18.4187,0,26.3671,32,100,1024,2048,80,0,31
nbody_kernel,3805,8192,128,128,2,4,1,1,1,0,2,0.0107055,0,4316,58.4141,726464,100722000,0.0366642,69120,3.25448,8388610,131072,151020000,100690000,18.2789,71.9062,0,3489920000,0,592060000,83910700,1481060000,404996000,0,191238000,0,30.0706,0,8.90393,12.2817,0,25.3735,32,100,1024,4096,112,0,42
nbody_kernel,3867,8192,128,128,2,4,1,1,1,0,4,0.663306,0,272359,76.5791,34615900,100735000,0.0192645,36352,3.19988,8388610,131072,125924000,100713000,19.2812,70.9471,0,3490020000,0,296370000,41967600,740770000,337084000,0,154377000,0,29.3893,0,8.86863,6.12066,0,20.4016,32,100,1024,8192,160,0,61
nbody_kernel,1331,8192,128,128,2,4,2,0,0,0,1,0.00036989,32,20,0.701044,391716,23939,4.84415,4195330,0.000280173,0,0,0,0,17.5332,94.6336,0,3489870000,0,138519000,33554400,134283000,270672000,0,127124000,0,63.0825,0,19.4027,2.42666,0,36.7548,32,100,1024,0,0,0,59
nbody_kernel,1321,8192,128,128,2,4,2,0,1,0,1,0.000136731,0,19,0.937303,521580,32791,0.0509571,33792,9.41542,8388610,131072,0,0,16.5852,73.1044,0,3489870000,0,72458200,33554400,139526000,272769000,0,129614000,0,82.2987,0,25.3131,3.28947,0,48.8904,32,100,1024,2048,0,0,63
nbody_kernel,1655,8192,128,128,2,4,2,1,0,0,1,7.95038E-05,0,14,0.671273,465820,31603,17.4167,16780800,0.000223974,0,0,0,0,17.1619,84.2251,0,3489870000,0,68304900,33554400,537018000,269631000,0,156456000,0,56.6445,0,17.4275,8.71628,0,40.6304,32,100,1024,0,0,0,60
nbody_kernel,1458,8192,128,128,2,4,2,1,0,0,2,0.000141703,1,21,0.630154,389664,27499,9.24658,8392190,0.000500895,0,0,0,0,17.8473,88.7406,0,3489920000,0,118653000,16785400,268583000,285917000,0,130638000,0,61.2739,0,18.4959,4.62679,0,36.0054,32,100,1024,0,0,0,64
nbody_kernel,1341,8192,128,128,2,4,2,1,0,0,4,0.000133154,0,19,0.694818,391908,26987,5.13597,4197890,0.000550892,0,0,0,0,17.7346,87.89,0,3490020000,0,59408400,8396800,134365000,277324000,0,124056000,0,67.4022,0,20.5389,2.5705,0,37.9682,32,100,640,0,0,0,86
nbody_kernel,1327,8192,128,128,2,4,2,1,1,0,1,0.000106672,0,15,0.926937,519592,32791,0.197879,134656,9.34886,8388610,131072,0,0,16.6594,74.5102,0,3489870000,0,75644900,33554400,142754000,272794000,0,129816000,0,80.2483,0,24.6599,3.27872,0,47.7028,32,100,1024,2048,0,0,62
nbody_kernel,1286,8192,128,128,2,4,2,1,1,0,2,0.000140202,0,19,0.954375,517936,32791,0.104847,69120,9.64065,8388610,131072,0,0,16.8327,74.4949,0,3489920000,0,54673400,16777200,138559000,270721000,0,124100000,0,82.8009,0,25.4593,3.28555,0,47.0807,32,100,1024,4096,0,0,64
nbody_kernel,1271,8192,128,128,2,4,2,1,1,0,4,0.000141688,0,19,0.990008,530984,32839,0.0572661,36352,9.77298,8388610,131072,0,0,16.6349,72.677,0,3490020000,0,27426800,8388610,136462000,270041000,0,122894000,0,85.9725,0,26.4416,3.36713,0,48.4223,32,100,768,8192,0,0,80
nbody_kernel,1317,8192,128,128,2,8,0,0,0,0,1,0.00123876,62,111,0.699774,391788,20015,5.19553,4195330,0.0002819,0,0,0,0,17.7763,88.8917,0,3489870000,0,71409700,16785400,134283000,270655000,0,124502000,0,67.5711,0,20.7832,2.59933,0,38.5581,32,100,1024,0,0,0,63
nbody_kernel,1298,8192,128,128,2,8,0,0,1,0,1,0.000138924,0,19,0.953993,522708,32839,0.0519331,33792,9.56405,8388610,131072,0,0,16.425,72.8695,0,3489870000,0,38903800,16777200,139526000,272761000,0,125944000,0,83.8673,0,25.7956,3.35217,0,48.4115,32,100,1024,2048,0,0,63
nbody_kernel,1492,8192,128,128,2,8,0,1,0,0,1,0.000146099,4,19,0.682546,424504,32251,18.3764,16780800,0.000497439,0,0,0,0,17.2497,88.7081,0,3489870000,0,34766800,16777200,537018000,269672000,0,145447000,0,59.7241,0,18.375,9.19028,0,39.8252,32,100,1024,0,0,0,64
nbody_kernel,1420,8192,128,128,2,8,0,1,0,0,2,0.000126332,0,19,0.676908,399056,29743,10.0483,8392190,0.000523749,0,0,0,0,17.7289,85.4025,0,3489920000,0,59932700,8396800,268583000,277520000,0,128278000,0,65.9458,0,20.0957,5.02698,0,38.4131,32,100,896,0,0,0,70
nbody_kernel,1314,8192,128,128,2,8,0,1,0,0,4,0.000136309,0,19,0.710339,391372,27087,5.29624,4197890,0.000564435,0,0,0,0,17.8335,87.3295,0,3490020000,0,30048300,4202500,134365000,273113000,0,122876000,0,69.1715,0,21.1789,2.65059,0,38.7789,32,100,640,0,0,0,88
nbody_kernel,1265,8192,128,128,2,8,0,1,1,0,1,0.000112193,0,15,0.977769,522168,32791,0.214385,134656,9.82292,8388610,131072,0,0,16.3584,72.2486,0,3489870000,0,42090500,16777200,142754000,272785000,0,126145000,0,86.9569,0,26.7215,3.55282,0,50.2293,32,100,1024,2048,0,0,62
nbody_kernel,1280,8192,128,128,2,8,0,1,1,0,2,0.000103416,0,14,0.963654,520252,32791,0.107953,69120,9.69955,8388610,131072,0,0,16.6146,72.799,0,3489920000,0,29524000,8388610,138559000,270762000,0,123053000,0,85.2451,0,26.2108,3.38273,0,48.0615,32,100,1024,4096,0,0,64
nbody_kernel,1243,8192,128,128,2,8,0,1,1,0,4,0.000136995,0,18,1.01337,532448,32791,0.0596496,36352,9.99367,8388610,131072,0,0,16.4341,71.3651,0,3490020000,0,14843900,4194300,136462000,270041000,0,122370000,0,89.53,0,27.5357,3.50646,0,50.2108,32,100,768,8192,0,0,80
nbody_kernel,4942,8192,128,128,2,8,1,0,0,0,1,0.00356629,0,1878,44.6415,454817,100717000,1.32564,4195330,7.48572E-05,0,0,201347000,100684000,17.6901,92.5814,0,3489870000,0,1143460000,151020000,2550530000,555074000,0,250790000,0,18.6304,0,5.29895,12.587,0,19.8026,32,100,1024,0,80,0,33
nbody_kernel,4637,8192,128,128,2,8,1,0,1,0,1,0.00350942,0,1717,47.6421,410076,100716000,0.013569,33792,5.28759,16777200,131072,201347000,100684000,18.0972,77.7892,0,3489870000,0,1129830000,151020000,2958430000,541450000,0,262685000,0,23.5912,0,6.73802,18.565,0,26.3748,32,100,1024,2048,80,0,31
nbody_kernel,4859,8192,128,128,2,8,1,1,0,0,1,0.00329345,24,1697,45.0511,952794,100717000,5.98994,16780800,7.51089E-05,0,0,201353000,100688000,17.7462,81.4734,0,3489870000,0,1193980000,151020000,2953270000,554992000,0,264951000,0,21.5248,0,6.04165,16.6172,0,23.8531,32,100,1024,0,80,0,38
nbody_kernel,4108,8192,128,128,2,8,1,1,0,0,2,0.0102408,52,4429,53.8547,1285720,100723000,4.09241,8392190,8.95313E-05,0,0,151031000,100692000,17.7816,70.6337,0,3489920000,0,597344000,75522000,1476870000,411861000,0,191225000,0,28.2979,0,8.30698,11.4258,0,23.6707,32,100,1024,0,112,0,50
nbody_kernel,3842,8192,128,128,2,8,1,1,0,0,4,1.43603,328,588045,58.5746,2997870,100735000,2.09972,4197890,0.00019153,0,0,125870000,100704000,17.5868,72.6991,0,3490020000,0,299057000,37773300,738673000,340279000,0,154364000,0,28.7347,0,8.63293,5.93909,0,19.8577,32,100,1024,0,160,0,64
nbody_kernel,4569,8192,128,128,2,8,1,1,1,0,1,0.00429113,430,1654,48.3499,425148,100716000,0.0538768,134656,5.36123,16777200,131072,201347000,100684000,18.0888,79.1545,0,3489870000,0,1133170000,151020000,2961650000,541360000,0,262887000,0,23.5268,0,6.714,18.519,0,26.301,32,100,1024,2048,80,0,33
nbody_kernel,3726,8192,128,128,2,8,1,1,1,0,2,0.011839,348,4366,59.2207,732460,100723000,0.0374427,69120,3.29838,8388610,131072,151023000,100691000,18.3173,71.3715,0,3489920000,0,566936000,75522000,1481060000,405045000,0,190193000,0,30.7045,0,9.09164,12.5406,0,25.7667,32,100,1024,4096,112,0,44
nbody_kernel,3865,8192,128,128,2,8,1,1,1,0,4,1.12326,0,458267,76.542,34723000,100735000,0.0191675,36352,3.19743,8388610,131072,125841000,100693000,19.2302,71.2379,0,3490020000,0,283853000,37773300,740770000,337134000,0,153857000,0,29.2461,0,8.82541,6.0909,0,20.2337,32,100,1024,8192,160,0,63
nbody_kernel,1318,8192,128,128,2,8,2,0,0,0,1,0.000315176,0,44,0.697985,391788,19427,5.18898,4195330,0.000281934,0,0,0,0,17.7702,88.8798,0,3489870000,0,71409700,16785400,134283000,270655000,0,124502000,0,67.5883,0,20.7886,2.6,0,38.568,32,100,1024,0,0,0,63
nbody_kernel,1298,8192,128,128,2,8,2,0,1,0,1,0.000254849,16,19,0.954039,522728,32791,0.0519345,33792,9.56774,8388610,131072,0,0,16.4249,72.9065,0,3489870000,0,38903800,16777200,139526000,272761000,0,125944000,0,83.8571,0,25.7924,3.35176,0,48.4055,32,100,1024,2048,0,0,63
nbody_kernel,1490,8192,128,128,2,8,2,1,0,0,1,7.5938E-05,0,12,0.682597,423196,32227,18.3756,16780800,0.000497763,0,0,0,0,17.2518,88.7485,0,3489870000,0,34766800,16777200,537018000,269672000,0,145447000,0,59.7359,0,18.3786,9.1921,0,39.8331,32,100,1024,0,0,0,64
nbody_kernel,1418,8192,128,128,2,8,2,1,0,0,2,0.000119697,1,17,0.676593,398984,29571,10.0467,8392190,0.000523582,0,0,0,0,17.7265,85.3777,0,3489920000,0,59932700,8396800,268583000,277520000,0,128278000,0,65.9439,0,20.0951,5.02684,0,38.412,32,100,896,0,0,0,70
nbody_kernel,1314,8192,128,128,2,8,2,1,0,0,4,0.000451706,12,51,0.713094,391248,27543,5.29619,4197890,0.00056455,0,0,0,0,17.8308,87.362,0,3490020000,0,30048300,4202500,134365000,273113000,0,122876000,0,69.1598,0,21.1753,2.65014,0,38.7723,32,100,640,0,0,0,88
nbody_kernel,1265,8192,128,128,2,8,2,1,1,0,1,0.000171937,0,23,0.978145,521884,32791,0.214386,134656,9.82563,8388610,131072,0,0,16.3584,72.2656,0,3489870000,0,42090500,16777200,142754000,272785000,0,126145000,0,86.9604,0,26.7225,3.55296,0,50.2313,32,100,1024,2048,0,0,62
nbody_kernel,1279,8192,128,128,2,8,2,1,1,0,2,0.000140292,0,19,0.96276,520276,32791,0.107954,69120,9.69068,8388610,131072,0,0,16.6147,72.7234,0,3489920000,0,29524000,8388610,138559000,270762000,0,123053000,0,85.2557,0,26.214,3.38315,0,48.0674,32,100,1024,4096,0,0,64
nbody_kernel,1244,8192,128,128,2,8,2,1,1,0,4,0.00105776,0,139,1.01316,532504,32791,0.0596379,36352,9.98601,8388610,131072,0,0,16.4344,71.3171,0,3490020000,0,14843900,4194300,136462000,270041000,0,122370000,0,89.5217,0,27.5332,3.50614,0,50.2061,32,100,768,8192,0,0,80
nbody_kernel,1360,8192,128,128,2,16,0,0,0,0,1,0.000381368,4,51,0.847527,496544,19283,5.73108,4195330,0.000546952,0,0,0,0,17.2094,78.1657,0,3489870000,0,37871600,8396800,134283000,270664000,0,123192000,0,74.5473,0,22.9289,2.86786,0,42.0913,32,100,1024,0,0,0,63
nbody_kernel,1268,8192,128,128,2,16,0,0,1,0,1,0.000201353,8,19,0.977265,523136,32791,0.0536065,33792,9.8317,8388610,131072,0,0,16.4501,72.3055,0,3489870000,0,22143000,8388610,139526000,273842000,0,124143000,0,86.5548,0,26.6221,3.48558,0,49.2483,32,100,1024,2048,0,0,64
nbody_kernel,1484,8192,128,128,2,16,0,1,0,0,1,0.000197814,12,19,0.723427,448380,31647,19.577,16780800,0.000500506,0,0,0,0,17.4551,83.7644,0,3489870000,0,60981200,8396800,537018000,278020000,0,136730000,0,64.2508,0,19.5794,9.79269,0,39.8922,32,100,1024,0,0,0,64
nbody_kernel,1410,8192,128,128,2,16,0,1,0,0,2,0.000154122,0,23,0.684223,401376,29731,10.1575,8392190,0.000527556,0,0,0,0,17.7185,85.0901,0,3489920000,0,30572500,4202500,268583000,273334000,0,127099000,0,66.3516,0,20.3161,5.08211,0,38.4774,32,100,896,0,0,0,69
nbody_kernel,1350,8192,128,128,2,16,0,1,0,0,4,0.00136474,172,23,0.695052,389804,29831,5.02601,4197890,0.000550233,0,0,0,0,17.828,89.8431,0,3490020000,0,15368200,2105340,134365000,271008000,0,122286000,0,65.3877,0,20.0684,2.51161,0,36.569,32,100,768,0,0,0,80
nbody_kernel,1260,8192,128,128,2,16,0,1,1,0,1,0.000398727,24,29,0.983047,521888,32799,0.216642,134656,9.89661,8388610,131072,0,0,16.418,71.7516,0,3489870000,0,25329700,8388610,142754000,273859000,0,124344000,0,87.8789,0,27.0047,3.61685,0,50.0372,32,100,1024,2048,0,0,64
nbody_kernel,1264,8192,128,128,2,16,0,1,1,0,2,0.000172319,0,23,0.974687,520380,32791,0.109514,69120,9.83474,8388610,131072,0,0,16.7598,72.6128,0,3489920000,0,16941100,4194300,138559000,271286000,0,122545000,0,86.4913,0,26.5939,3.44496,0,48.5628,32,100,1024,4096,0,0,64
nbody_kernel,1246,8192,128,128,2,16,0,1,1,0,4,0.000235848,8,23,1.0112,532232,32791,0.0593238,36352,9.96662,8388610,131072,0,0,16.4254,71.5348,0,3490020000,0,8552450,2097150,136462000,270041000,0,122108000,0,89.0758,0,27.396,3.48867,0,49.8491,32,100,768,8192,0,0,80
nbody_kernel,4927,8192,128,128,2,16,1,0,0,0,1,0.00379498,126,1863,44.8147,455607,100717000,1.33232,4195330,7.51486E-05,0,0,201347000,100683000,17.6977,92.4311,0,3489870000,0,1109910000,142631000,2550530000,546685000,0,249217000,0,18.6917,0,5.32823,12.6565,0,19.7871,32,100,1024,0,80,0,33
nbody_kernel,4778,8192,128,128,2,16,1,0,1,0,1,0.00338848,0,1709,46.2133,410232,100715000,0.0136797,33792,5.13131,16777200,131072,201347000,100684000,18.151,74.8945,0,3489870000,0,1104670000,142631000,2958430000,541450000,0,261636000,0,23.7788,0,6.7916,18.7126,0,26.4784,32,100,1024,2048,80,0,31
nbody_kernel,4850,8192,128,128,2,16,1,1,0,0,1,0.00323635,0,1682,45.0267,936210,100717000,6.01455,16780800,7.50718E-05,0,0,201349000,100682000,17.7446,81.0586,0,3489870000,0,1135260000,142631000,2953270000,546603000,0,262592000,0,21.4346,0,6.06957,16.6941,0,23.7499,32,100,1024,0,80,0,38
nbody_kernel,4088,8192,128,128,2,16,1,1,0,0,2,0.0102052,121,4327,54.1058,1270160,100723000,4.10296,8392190,9.00904E-05,0,0,151008000,100693000,17.7872,70.976,0,3489920000,0,567984000,71327700,1476870000,407667000,0,190045000,0,28.2073,0,8.31854,11.4417,0,23.5574,32,100,1024,0,112,0,50
nbody_kernel,3862,8192,128,128,2,16,1,1,0,0,4,1.44506,0,591529,58.3693,3021410,100735000,2.08973,4197890,0.000190896,0,0,125896000,100704000,17.553,72.8049,0,3490020000,0,284377000,35676200,738673000,338182000,0,153775000,0,28.5308,0,8.59184,5.91083,0,19.6877,32,100,1024,0,160,0,64
nbody_kernel,4700,8192,128,128,2,16,1,1,1,0,1,0.00360291,142,1661,46.8088,426880,100715000,0.054244,134656,5.19017,16777200,131072,201347000,100684000,18.1354,76.0942,0,3489870000,0,1108000000,142631000,2961650000,541360000,0,261838000,0,23.6921,0,6.76119,18.6491,0,26.3803,32,100,1024,2048,80,0,33
nbody_kernel,3716,8192,128,128,2,16,1,1,1,0,2,0.0108926,0,4295,59.2772,733732,100723000,0.0374613,69120,3.30532,8388610,131072,151022000,100689000,18.3128,71.4843,0,3489920000,0,554353000,71327700,1481060000,405045000,0,189668000,0,30.7206,0,9.09638,12.5472,0,25.7091,32,100,1024,4096,112,0,44
nbody_kernel,3870,8192,128,128,2,16,1,1,1,0,4,1.11014,80,455921,76.5741,34729600,100735000,0.0191597,36352,3.19728,8388610,131072,125848000,100714000,19.2278,71.245,0,3490020000,0,277561000,35676200,740770000,337134000,0,153594000,0,29.2418,0,8.82411,6.09,0,20.1962,32,100,1024,8192,160,0,63
nbody_kernel,1359,8192,128,128,2,16,2,0,0,0,1,2.78149E-05,0,4,0.845589,496424,19287,5.72368,4195330,0.000546642,0,0,0,0,17.2101,78.1471,0,3489870000,0,37871600,8396800,134283000,270664000,0,123192000,0,74.5227,0,22.9213,2.86692,0,42.0774,32,100,1024,0,0,0,63
nbody_kernel,1269,8192,128,128,2,16,2,0,1,0,1,0.000142214,0,19,0.976938,523428,32791,0.0536108,33792,9.83094,8388610,131072,0,0,16.4504,72.294,0,3489870000,0,22143000,8388610,139526000,273842000,0,124143000,0,86.5618,0,26.6243,3.48586,0,49.2523,32,100,1024,2048,0,0,64
nbody_kernel,1487,8192,128,128,2,16,2,1,0,0,1,0,0,0,0.723148,448292,31343,19.5595,16780800,0.000501531,0,0,0,0,17.455,83.926,0,3489870000,0,60981200,8396800,537018000,278020000,0,136730000,0,64.2584,0,19.5817,9.79385,0,39.8969,32,100,1024,0,0,0,64
nbody_kernel,1412,8192,128,128,2,16,2,1,0,0,2,0.000127454,0,19,0.684568,401368,29711,10.1559,8392190,0.000527539,0,0,0,0,17.7186,85.0956,0,3489920000,0,30572500,4202500,268583000,273334000,0,127099000,0,66.3452,0,20.3141,5.08163,0,38.4737,32,100,896,0,0,0,69
nbody_kernel,1353,8192,128,128,2,16,2,1,0,0,4,8.38806E-05,0,12,0.696805,390404,30111,5.01457,4197890,0.000551277,0,0,0,0,17.827,89.9773,0,3490020000,0,15368200,2105340,134365000,271008000,0,122286000,0,65.414,0,20.0764,2.51262,0,36.5837,32,100,768,0,0,0,80
nbody_kernel,1260,8192,128,128,2,16,2,1,1,0,1,0.000638411,64,21,0.982524,521872,32791,0.216366,134656,9.90333,8388610,131072,0,0,16.4196,71.7978,0,3489870000,0,25329700,8388610,142754000,273859000,0,124344000,0,87.8821,0,27.0057,3.61698,0,50.039,32,100,1024,2048,0,0,64
nbody_kernel,1264,8192,128,128,2,16,2,1,1,0,2,0.000127418,0,17,0.974525,519912,32791,0.109522,69120,9.83099,8388610,131072,0,0,16.7597,72.5801,0,3489920000,0,16941100,4194300,138559000,271286000,0,122545000,0,86.4973,0,26.5958,3.4452,0,48.5662,32,100,1024,4096,0,0,64
nbody_kernel,1247,8192,128,128,2,16,2,1,1,0,4,0.000144448,0,19,1.01135,532344,32791,0.059326,36352,9.96475,8388610,131072,0,0,16.4253,71.5013,0,3490020000,0,8552450,2097150,136462000,270041000,0,122108000,0,89.1009,0,27.4038,3.48966,0,49.8631,32,100,768,8192,0,0,80
nbody_kernel,1320,8192,128,128,2,32,0,0,0,0,1,0.00267659,176,197,0.884103,496568,25695,5.96267,4195330,0.000564208,0,0,0,0,17.3681,77.4101,0,3489870000,0,21094400,4202500,134283000,270664000,0,122537000,0,77.6498,0,23.8832,2.98722,0,43.6098,32,100,1024,0,0,0,64
nbody_kernel,1253,8192,128,128,2,32,0,0,1,0,1,0.00014336,0,19,0.990129,523880,32791,0.0546456,33792,9.94474,8388610,131072,0,0,16.4293,71.7473,0,3489870000,0,13754400,4194300,139526000,273842000,0,123226000,0,88.2311,0,27.1377,3.55309,0,49.8311,32,100,1024,2048,0,0,64
nbody_kernel,1444,8192,128,128,2,32,0,1,0,0,1,0.000111109,0,17,0.785545,476196,31787,20.7949,16780800,0.000515114,0,0,0,0,17.3026,81.1597,0,3489870000,0,31621100,4202500,537018000,273826000,0,135550000,0,67.9233,0,20.7976,10.402,0,42.0086,32,100,1024,0,0,0,64
nbody_kernel,1422,8192,128,128,2,32,0,1,0,0,2,0.000132751,1,19,0.664639,391728,31471,9.80239,8392190,0.000521152,0,0,0,0,17.7498,87.1165,0,3489920000,0,15892500,2105340,268583000,271237000,0,126509000,0,63.8684,0,19.6026,4.90364,0,36.9539,32,100,896,0,0,0,69
nbody_kernel,1403,8192,128,128,2,32,0,1,0,0,4,0.000152064,0,23,1.65532,1057800,32791,4.35036,4197890,0.000510457,0,0,0,0,17.3871,96.3579,0,3490020000,0,8028160,1056770,134365000,269959000,0,121991000,0,56.4916,0,17.3589,2.17251,0,31.5554,32,100,768,0,0,0,80
nbody_kernel,1254,8192,128,128,2,32,0,1,1,0,1,0.000188602,0,25,0.984766,521920,32791,0.217548,134656,9.92512,8388610,131072,0,0,16.3848,71.5481,0,3489870000,0,16941100,4194300,142754000,273859000,0,123427000,0,88.3828,0,27.1596,3.63759,0,49.9526,32,100,1024,2048,0,0,64
nbody_kernel,1272,8192,128,128,2,32,0,1,1,0,2,0.000141426,0,19,0.966811,519092,32791,0.107877,69120,9.76246,8388610,131072,0,0,16.793,73.1681,0,3489920000,0,10649600,2097150,138559000,271262000,0,122282000,0,85.204,0,26.1981,3.39369,0,47.7377,32,100,1024,4096,0,0,64
nbody_kernel,1296,8192,128,128,2,32,0,1,1,0,4,0.000239229,0,33,2.14252,1294580,32791,0.0423834,36352,9.49161,8388610,131072,0,0,17.3455,95.0103,0,3490020000,0,5406720,1048580,136462000,270041000,0,121977000,0,63.8703,0,19.6439,2.50149,0,35.7051,32,100,768,8192,0,0,80
nbody_kernel,4917,8192,128,128,2,32,1,0,0,0,1,0.00356668,0,1867,44.8532,456848,100717000,1.33386,4195330,7.51561E-05,0,0,201347000,100683000,17.7039,92.2926,0,3489870000,0,1093130000,138437000,2550530000,542491000,0,248430000,0,18.7007,0,5.33675,12.6768,0,19.7562,32,100,1024,0,80,0,33
nbody_kernel,4771,8192,128,128,2,32,1,0,1,0,1,0.00340077,0,1725,46.2001,410236,100715000,0.0136502,33792,5.12344,16777200,131072,201347000,100684000,18.1456,74.8848,0,3489870000,0,1092080000,138437000,2958430000,541450000,0,261112000,0,23.7454,0,6.78205,18.6863,0,26.3882,32,100,1024,2048,80,0,31
nbody_kernel,4827,8192,128,128,2,32,1,1,0,0,1,0.00335889,0,1744,45.2772,969196,100717000,6.00177,16780800,7.55386E-05,0,0,201342000,100686000,17.7325,81.6976,0,3489870000,0,1105900000,138437000,2953270000,542409000,0,261412000,0,21.3044,0,6.05954,16.6665,0,23.6041,32,100,1024,0,80,0,38
nbody_kernel,4098,8192,128,128,2,32,1,1,0,0,2,0.0098814,0,4306,54.1218,1282440,100723000,4.08829,8392190,9.01106E-05,0,0,151005000,100694000,17.7655,71.1709,0,3489920000,0,553304000,69230600,1476870000,405570000,0,189455000,0,28.0715,0,8.29761,11.4129,0,23.4252,32,100,1024,0,112,0,50
nbody_kernel,3865,8192,128,128,2,32,1,1,0,0,4,1.44031,0,592304,58.7295,3024220,100735000,2.08124,4197890,0.000192087,0,0,125822000,100714000,17.5344,73.4047,0,3490020000,0,277037000,34627600,738673000,337134000,0,153480000,0,28.4408,0,8.57481,5.89911,0,19.611,32,100,1024,0,160,0,64
nbody_kernel,4698,8192,128,128,2,32,1,1,1,0,1,0.00326662,0,1613,47.0922,425872,100716000,0.0542117,134656,5.22676,16777200,131072,201347000,100683000,18.1338,76.6423,0,3489870000,0,1095420000,138437000,2961650000,541360000,0,261314000,0,23.6885,0,6.76015,18.6463,0,26.3234,32,100,1024,2048,80,0,33
nbody_kernel,3715,8192,128,128,2,32,1,1,1,0,2,0.0107797,0,4278,59.3916,732808,100723000,0.0374564,69120,3.30886,8388610,131072,151021000,100690000,18.3104,71.5826,0,3489920000,0,548061000,69230600,1481060000,405045000,0,189406000,0,30.7113,0,9.09363,12.5434,0,25.6658,32,100,1024,4096,112,0,44
nbody_kernel,3860,8192,128,128,2,32,1,1,1,0,4,1.10358,0,452033,76.5714,34719300,100735000,0.0191582,36352,3.19541,8388610,131072,125861000,100685000,19.2281,71.191,0,3490020000,0,274416000,34627600,740770000,337134000,0,153463000,0,29.2468,0,8.82562,6.09105,0,20.1824,32,100,1024,8192,160,0,63
nbody_kernel,1319,8192,128,128,2,32,2,0,0,0,1,0.000322404,0,45,0.882782,496496,26091,5.96084,4195330,0.000563712,0,0,0,0,17.3687,77.3343,0,3489870000,0,21094400,4202500,134283000,270664000,0,122537000,0,77.6576,0,23.8856,2.98752,0,43.6142,32,100,1024,0,0,0,64
nbody_kernel,1252,8192,128,128,2,32,2,0,1,0,1,0.000174244,4,19,0.990988,523916,32791,0.0546476,33792,9.95039,8388610,131072,0,0,16.4293,71.7842,0,3489870000,0,13754400,4194300,139526000,273842000,0,123226000,0,88.2358,0,27.1392,3.55328,0,49.8337,32,100,1024,2048,0,0,64
nbody_kernel,1444,8192,128,128,2,32,2,1,0,0,1,0.00146044,0,223,0.785812,476508,32079,20.7703,16780800,0.000514968,0,0,0,0,17.2998,81.1407,0,3489870000,0,31621100,4202500,537018000,273826000,0,135550000,0,67.9199,0,20.7966,10.4015,0,42.0065,32,100,1024,0,0,0,64
nbody_kernel,1423,8192,128,128,2,32,2,1,0,0,2,0.00012636,0,19,0.66687,391564,32183,9.80049,8392190,0.000522167,0,0,0,0,17.743,87.2014,0,3489920000,0,15892500,2105340,268583000,271237000,0,126509000,0,63.9305,0,19.6217,4.90842,0,36.9898,32,100,896,0,0,0,69
nbody_kernel,1400,8192,128,128,2,32,2,1,0,0,4,0.000121582,0,19,1.68087,1057420,32755,4.37832,4197890,0.000518784,0,0,0,0,17.388,98.0129,0,3490020000,0,8028160,1056770,134365000,269959000,0,121991000,0,56.4438,0,17.3442,2.17067,0,31.5287,32,100,768,0,0,0,80
nbody_kernel,1254,8192,128,128,2,32,2,1,1,0,1,0.000188322,0,25,0.985135,521928,32791,0.217572,134656,9.93489,8388610,131072,0,0,16.3851,71.617,0,3489870000,0,16941100,4194300,142754000,273859000,0,123427000,0,88.3847,0,27.1602,3.63767,0,49.9537,32,100,1024,2048,0,0,64
nbody_kernel,1272,8192,128,128,2,32,2,1,1,0,2,0.000126536,0,17,0.967101,519060,32791,0.107846,69120,9.76541,8388610,131072,0,0,16.7901,73.1942,0,3489920000,0,10649600,2097150,138559000,271262000,0,122282000,0,85.1994,0,26.1967,3.3935,0,47.7351,32,100,1024,4096,0,0,64
nbody_kernel,1301,8192,128,128,2,32,2,1,1,0,4,0.000196101,4,23,2.20292,1235130,32791,0.0418909,36352,9.39031,8388610,131072,0,0,17.3301,94.5048,0,3490020000,0,5406720,1048580,136462000,270041000,0,121977000,0,63.5266,0,19.5382,2.48803,0,35.5129,32,100,768,8192,0,0,80
nbody_kernel,2762,4096,128,128,4,0,0,0,0,0,1,0.00020691,44,17,0.257773,276952,32791,1.59232,2098180,0.000133442,0,0,0,0,12.4997,68.6221,0,3489870000,0,168882000,16781300,67174400,285831000,0,125908000,0,42.2176,0,12.7441,0.797379,0,23.9103,32,100,1024,0,0,0,64
nbody_kernel,2090,4096,128,128,4,0,0,0,1,0,1,0.000130184,0,29,0.329902,270976,32791,0.0173101,17408,5.8444,8388610,65536,0,0,12.4996,69.4386,0,3489870000,0,153670000,16777200,271122000,270643000,0,131332000,0,54.2425,0,16.6864,4.21341,0,32.6553,32,100,1024,2048,0,0,64
nbody_kernel,2893,4096,128,128,4,0,0,1,0,0,1,0.00222284,664,19,0.244473,274688,32791,6.03966,8392190,0.000127312,0,0,0,0,12.4998,69.1363,0,3489870000,0,370229000,16781300,268583000,285835000,0,138495000,0,42.2416,0,12.0682,3.0188,0,24.9056,32,100,1024,0,0,0,64
nbody_kernel,2839,4096,128,128,4,0,0,1,0,0,2,7.25805E-05,1,21,0.248999,274680,32791,3.0793,4197890,0.000129798,0,0,0,0,12.4997,69.1028,0,3489910000,0,235487000,33558500,134365000,302371000,0,131124000,0,41.5492,0,12.3098,1.54051,0,24.0523,32,100,896,0,0,0,72
nbody_kernel,1698,4096,128,128,4,0,0,1,0,0,4,0.000215479,0,39,0.408374,275596,32791,2.5949,2100740,0.000217551,0,0,0,0,12.4994,68.7656,0,3490010000,0,117785000,16781300,67256300,285516000,0,124297000,0,68.687,0,20.7333,1.29884,0,38.4018,32,100,512,0,0,0,128
nbody_kernel,1711,4096,128,128,4,0,0,1,1,0,1,0.000104582,0,19,0.40305,271596,32791,0.0842954,69120,7.16378,8388610,65536,0,0,12.4995,69.3971,0,3489870000,0,155271000,16777200,272777000,270676000,0,131434000,0,66.557,0,20.4653,5.19923,0,40.082,32,100,1024,2048,0,0,64
nbody_kernel,2502,4096,128,128,4,0,0,1,1,0,2,7.15617E-05,0,19,0.277719,271264,32791,0.0301225,36352,2.45824,4194300,65536,0,0,12.4997,69.4279,0,3489910000,0,102842000,33554400,136462000,269930000,0,126030000,0,45.2069,0,13.9044,1.77056,0,26.1126,32,100,896,4096,0,0,72
nbody_kernel,1399,4096,128,128,4,0,0,1,1,0,4,0.000128366,0,19,0.490728,272376,32791,0.0299285,19968,4.42447,4194300,65536,0,0,12.4995,69.1836,0,3490010000,0,51462100,16777200,68304900,269365000,0,121752000,0,81.7608,0,25.1505,1.60309,0,45.6295,32,100,512,8192,0,0,122
nbody_kernel,7564,4096,128,128,4,0,1,0,0,0,1,0.00283871,372,1937,28.813,328661,100717000,0.586363,2098180,2.41789E-05,0,0,201347000,100684000,12.4998,67.5756,0,3489870000,0,1142420000,268472000,2483420000,403259000,0,255975000,0,16.125,0,4.68982,10.8469,0,17.8886,32,100,1024,0,160,0,26
nbody_kernel,7385,4096,128,128,4,0,1,0,1,0,1,0.00230834,28,1803,29.5307,289300,100717000,0.00500005,17408,1.63636,8388610,65536,201347000,100684000,12.4999,66.9073,0,3489870000,0,1076890000,268472000,2687370000,337723000,0,258236000,0,16.373,0,4.84874,12.1355,0,18.6581,32,100,1024,2048,160,0,28
nbody_kernel,7697,4096,128,128,4,0,1,1,0,0,1,0.00178346,0,1476,28.1968,515194,100717000,2.4569,8392190,2.36225E-05,0,0,201356000,100684000,12.4735,62.8659,0,3489870000,0,1411510000,268472000,2684830000,335626000,0,268548000,0,18.1655,0,4.92516,12.3151,0,19.709,32,100,1024,0,160,0,27
nbody_kernel,6272,4096,128,128,4,0,1,1,0,0,2,0.00776381,0,5208,35.2068,1445880,100723000,1.94582,4197890,2.92153E-05,0,0,151015000,100689000,12.1867,48.1313,0,3489910000,0,672252000,134255000,1342650000,335905000,0,193020000,0,27.3512,0,7.95597,9.94852,0,22.8832,32,100,1024,0,208,0,39
nbody_kernel,5026,4096,128,128,4,0,1,1,0,0,4,0.502039,0,271757,43.9135,1689380,100735000,1.13209,2100740,3.63467E-05,0,0,125859000,100701000,12.3542,52.0696,0,3490010000,0,319607000,67145700,671564000,319058000,0,155258000,0,30.3104,0,9.14935,5.72242,0,21.1673,32,100,1024,0,304,0,61
nbody_kernel,7387,4096,128,128,4,0,1,1,1,0,1,0.00214896,4,1698,29.5735,286780,100717000,0.0200232,69120,1.63907,8388610,65536,201347000,100684000,12.4999,66.7644,0,3489870000,0,1146220000,268472000,2689020000,270090000,0,258341000,0,16.4448,0,4.86715,12.1891,0,18.7366,32,100,1024,2048,160,0,30
nbody_kernel,5718,4096,128,128,4,0,1,1,1,0,2,0.00823773,84,4971,38.4163,707328,100723000,0.0184444,36352,1.06951,4194300,65536,151023000,100691000,12.4998,49.4219,0,3489910000,0,540131000,134255000,1344750000,302612000,0,187916000,0,27.9535,0,8.51452,10.6636,0,23.8422,32,100,1024,4096,208,0,40
nbody_kernel,6014,4096,128,128,4,0,1,1,1,0,4,0.652821,168,421174,58.1721,61580200,100735000,0.00719485,19968,1.01215,4194300,65536,125901000,100730000,12.4999,65.8872,0,3490010000,0,253284000,67145700,672612000,302666000,0,152706000,0,19.6582,0,6.04712,3.78805,0,13.7602,32,100,1024,8192,304,0,63
nbody_kernel,6584,4096,128,128,4,0,2,0,0,0,1,0.00332006,262,2088,33.0975,328509,100717000,0.669579,2098180,2.77802E-05,0,0,201348000,100684000,12.4998,68.0084,0,3489870000,0,672367000,134230000,1275300000,470475000,0,197228000,0,17.7367,0,5.35406,6.35911,0,15.7353,32,100,1024,0,160,0,37
nbody_kernel,5404,4096,128,128,4,0,2,0,1,0,1,0.00296247,0,1716,40.4588,288440,100717000,0.00671483,17408,2.2466,8388610,65536,201347000,100684000,12.4998,68.808,0,3489870000,0,673944000,134230000,1479250000,337834000,0,199505000,0,21.4468,0,6.47306,8.91767,0,19.2436,32,100,1024,2048,160,0,37
nbody_kernel,6775,4096,128,128,4,0,2,1,0,0,1,0.00251156,0,1812,32.4366,538458,100717000,2.9675,8392190,2.71403E-05,0,0,201349000,100684000,12.4452,59.6561,0,3489870000,0,940921000,134230000,1476710000,403276000,0,209813000,0,21.2448,0,5.96307,8.20097,0,18.6433,32,100,1024,0,160,0,37
nbody_kernel,5684,4096,128,128,4,0,2,1,0,0,2,0.00898674,289,5195,38.7612,1434030,100723000,2.0574,4197890,3.21584E-05,0,0,151029000,100669000,12.1811,49.9632,0,3489910000,0,437047000,67121200,738509000,369492000,0,163644000,0,28.4748,0,8.43634,5.80246,0,20.572,32,100,1024,0,208,0,46
nbody_kernel,4741,4096,128,128,4,0,2,1,0,0,4,0.532727,0,270056,46.7284,1706180,100735000,1.16742,2100740,3.86574E-05,0,0,125868000,100703000,12.3949,53.8734,0,3490010000,0,218681000,33566700,570786000,319029000,0,146855000,0,31.1579,0,9.40519,4.9997,0,20.5816,32,100,1024,0,304,0,63
nbody_kernel,5424,4096,128,128,4,0,2,1,1,0,1,0.00320484,156,1704,40.372,285968,100717000,0.0265881,69120,2.23893,8388610,65536,201347000,100683000,12.4998,68.7898,0,3489870000,0,676151000,134230000,1480900000,337220000,0,199605000,0,21.3917,0,6.45266,8.89951,0,19.1926,32,100,1024,2048,160,0,38
nbody_kernel,5005,4096,128,128,4,0,2,1,1,0,2,0.00975382,40,5186,43.9019,766364,100723000,0.0199079,36352,1.22155,4194300,65536,151025000,100691000,12.4997,52.3182,0,3489910000,0,304402000,67121200,740606000,336724000,0,158540000,0,29.8677,0,9.18658,6.33641,0,21.7028,32,100,1024,4096,208,0,48
nbody_kernel,5302,4096,128,128,4,0,2,1,1,0,4,0.693108,316,392035,66.2795,60840100,100735000,0.00832045,19968,1.15881,4194300,65536,125784000,100686000,12.4998,65.3081,0,3490010000,0,152359000,33566700,571834000,302645000,0,144303000,0,22.7061,0,6.98472,3.71982,0,15.0192,32,100,1024,8192,304,0,64
nbody_kernel,2762,4096,128,128,4,0,4,0,0,0,1,0.00101259,270,29,0.257438,276956,32791,1.5928,2098180,0.000133438,0,0,0,0,12.4997,68.6173,0,3489870000,0,168882000,16781300,67174400,285831000,0,125908000,0,42.2192,0,12.7446,0.797411,0,23.9113,32,100,1024,0,0,0,64
nbody_kernel,2091,4096,128,128,4,0,4,0,1,0,1,0.000184083,22,19,0.330626,270432,32791,0.0173102,17408,5.84392,8388610,65536,0,0,12.4996,69.4353,0,3489870000,0,153670000,16777200,271122000,270643000,0,131332000,0,54.2406,0,16.6858,4.21327,0,32.6542,32,100,1024,2048,0,0,64
nbody_kernel,2894,4096,128,128,4,0,4,1,0,0,1,0.000755354,66,167,0.244935,274676,32791,6.0399,8392190,0.000127089,0,0,0,0,12.4998,69.0199,0,3489870000,0,370229000,16781300,268583000,285835000,0,138495000,0,42.2387,0,12.0674,3.0186,0,24.904,32,100,1024,0,0,0,64
nbody_kernel,2837,4096,128,128,4,0,4,1,0,0,2,6.27956E-05,0,19,0.24892,274672,32791,3.07962,4197890,0.000129608,0,0,0,0,12.4997,69.0035,0,3489910000,0,235487000,33558500,134365000,302371000,0,131124000,0,41.5481,0,12.3095,1.54047,0,24.0517,32,100,896,0,0,0,72
nbody_kernel,1698,4096,128,128,4,0,4,1,0,0,4,0.000104884,0,19,0.408224,274684,32791,2.59498,2100740,0.000217465,0,0,0,0,12.4994,68.7497,0,3490010000,0,117785000,16781300,67256300,285516000,0,124297000,0,68.6758,0,20.7299,1.29863,0,38.3955,32,100,512,0,0,0,128
nbody_kernel,1710,4096,128,128,4,0,4,1,1,0,1,0.000215497,20,19,0.40267,271596,32791,0.0842869,69120,7.15432,8388610,65536,0,0,12.4995,69.3065,0,3489870000,0,155271000,16777200,272777000,270676000,0,131434000,0,66.556,0,20.465,5.19915,0,40.0814,32,100,1024,2048,0,0,64
nbody_kernel,2501,4096,128,128,4,0,4,1,1,0,2,7.15665E-05,0,19,0.277886,271248,32791,0.0301227,36352,2.45786,4194300,65536,0,0,12.4997,69.41,0,3489910000,0,102842000,33554400,136462000,269930000,0,126030000,0,45.2115,0,13.9058,1.77075,0,26.1153,32,100,896,4096,0,0,72
nbody_kernel,1399,4096,128,128,4,0,4,1,1,0,4,0.000128426,0,19,0.489873,271584,32791,0.0299271,19968,4.41337,4194300,65536,0,0,12.4994,69.0145,0,3490010000,0,51462100,16777200,68304900,269365000,0,121752000,0,81.7554,0,25.1488,1.60298,0,45.6264,32,100,512,8192,0,0,122
nbody_kernel,3393,4096,128,128,4,1,0,0,0,0,1,0.000151604,24,31,0.211601,276952,32791,1.30184,2098180,0.000108374,0,0,0,0,12.4998,68.2337,0,3489870000,0,269545000,67113000,67174400,336159000,0,132200000,0,34.482,0,10.409,0.651274,0,20.505,32,100,1024,0,0,0,63
nbody_kernel,2263,4096,128,128,4,1,0,0,1,0,1,7.86983E-05,0,19,0.305222,270448,32791,0.0159649,17408,5.38621,8388610,65536,0,0,12.4997,69.3936,0,3489870000,0,204001000,67108900,271122000,270647000,0,134477000,0,50.0224,0,15.3882,3.88561,0,30.8361,32,100,1024,2048,0,0,63
nbody_kernel,2764,4096,128,128,4,1,0,1,0,0,1,6.43411E-05,0,19,0.255206,274680,32791,6.31749,8392190,0.000133196,0,0,0,0,12.4998,69.1112,0,3489870000,0,470893000,67113000,268583000,336163000,0,144786000,0,44.21,0,12.6306,3.15947,0,27.2503,32,100,1024,0,0,0,64
nbody_kernel,2837,4096,128,128,4,1,0,1,0,0,2,0.000191741,21,37,0.249215,274676,32967,3.07909,4197890,0.000129616,0,0,0,0,12.4997,69.0059,0,3489910000,0,235487000,33558500,134365000,302371000,0,131124000,0,41.5493,0,12.3099,1.54052,0,24.0523,32,100,896,0,0,0,72
nbody_kernel,1698,4096,128,128,4,1,0,1,0,0,4,0.000104915,0,19,0.407975,274672,32791,2.59544,2100740,0.000217346,0,0,0,0,12.4994,68.7025,0,3490010000,0,117785000,16781300,67256300,285516000,0,124297000,0,68.6853,0,20.7328,1.29881,0,38.4008,32,100,512,0,0,0,128
nbody_kernel,2124,4096,128,128,4,1,0,1,1,0,1,8.38924E-05,0,19,0.325814,271720,32791,0.0675798,69120,5.74496,8388610,65536,0,0,12.4996,69.4199,0,3489870000,0,205603000,67108900,272777000,270664000,0,134580000,0,53.3576,0,16.4066,4.16813,0,32.902,32,100,1024,2048,0,0,62
nbody_kernel,2501,4096,128,128,4,1,0,1,1,0,2,0.000250864,0,67,0.277912,271264,32839,0.0301217,36352,2.4577,4194300,65536,0,0,12.4997,69.4181,0,3489910000,0,102842000,33554400,136462000,269930000,0,126030000,0,45.2033,0,13.9033,1.77042,0,26.1106,32,100,896,4096,0,0,72
nbody_kernel,1398,4096,128,128,4,1,0,1,1,0,4,0.000128513,0,19,0.489694,271568,32791,0.0299182,19968,4.41283,4194300,65536,0,0,12.4995,68.9847,0,3490010000,0,51462100,16777200,68304900,269365000,0,121752000,0,81.7808,0,25.1566,1.60348,0,45.6406,32,100,512,8192,0,0,122
nbody_kernel,7776,4096,128,128,4,1,1,0,0,0,1,0.00345995,888,1986,28.099,328343,100717000,0.568623,2098180,2.35777E-05,0,0,201347000,100684000,12.4998,67.9705,0,3489870000,0,1142420000,268472000,2483420000,403259000,0,255975000,0,15.6327,0,4.54665,10.5158,0,17.3424,32,100,1024,0,160,0,26
nbody_kernel,7586,4096,128,128,4,1,1,0,1,0,1,0.00224956,0,1829,28.8379,289024,100717000,0.00494533,17408,1.60045,8388610,65536,201347000,100684000,12.4999,67.2243,0,3489870000,0,1076890000,268472000,2687370000,337723000,0,258236000,0,15.9382,0,4.71997,11.8132,0,18.1626,32,100,1024,2048,160,0,28
nbody_kernel,7814,4096,128,128,4,1,1,1,0,0,1,0.00221659,396,1479,27.6049,520182,100717000,2.40962,8392190,2.31198E-05,0,0,201336000,100683000,12.4789,62.7243,0,3489870000,0,1411510000,268472000,2684830000,335626000,0,268548000,0,17.8191,0,4.83124,12.0803,0,19.3332,32,100,1024,0,160,0,27
nbody_kernel,6354,4096,128,128,4,1,1,1,0,0,2,0.00895317,821,5262,34.873,1447220,100723000,1.92299,4197890,2.89241E-05,0,0,151018000,100689000,12.1825,48.0457,0,3489910000,0,672252000,134255000,1342650000,335905000,0,193020000,0,27.1268,0,7.89069,9.86688,0,22.6954,32,100,1024,0,208,0,39
nbody_kernel,5051,4096,128,128,4,1,1,1,0,0,4,0.508179,100,274295,43.7189,1685900,100735000,1.12631,2100740,3.62056E-05,0,0,125854000,100703000,12.3635,52.1586,0,3490010000,0,319607000,67145700,671564000,319058000,0,155258000,0,30.1412,0,9.09829,5.69049,0,21.0492,32,100,1024,0,304,0,61
nbody_kernel,7560,4096,128,128,4,1,1,1,1,0,1,0.00205843,0,1671,28.5349,285796,100717000,0.019226,69120,1.58376,8388610,65536,201347000,100684000,12.4999,66.679,0,3489870000,0,1146220000,268472000,2689020000,270090000,0,258341000,0,15.9102,0,4.70893,11.7928,0,18.1275,32,100,1024,2048,160,0,30
nbody_kernel,5784,4096,128,128,4,1,1,1,1,0,2,0.00913569,282,5361,37.9419,712020,100723000,0.0182102,36352,1.05678,4194300,65536,151024000,100689000,12.4998,49.524,0,3489910000,0,540131000,134255000,1344750000,302612000,0,187916000,0,27.5639,0,8.39585,10.515,0,23.5099,32,100,1024,4096,208,0,40
nbody_kernel,6076,4096,128,128,4,1,1,1,1,0,4,0.650327,112,424350,57.8414,61548500,100735000,0.00715573,19968,1.00643,4194300,65536,125925000,100664000,12.4999,65.8991,0,3490010000,0,253284000,67145700,672612000,302666000,0,152706000,0,19.5436,0,6.01187,3.76597,0,13.68,32,100,1024,8192,304,0,63
nbody_kernel,6787,4096,128,128,4,1,2,0,0,0,1,0.00281775,0,2039,32.1891,330832,100717000,0.654491,2098180,2.70243E-05,0,0,201347000,100684000,12.4997,67.6629,0,3489870000,0,672367000,134230000,1275300000,470475000,0,197228000,0,17.3421,0,5.23496,6.21765,0,15.3852,32,100,1024,0,160,0,37
nbody_kernel,5569,4096,128,128,4,1,2,0,1,0,1,0.00304438,0,1808,39.2829,290056,100717000,0.00652584,17408,2.18129,8388610,65536,201347000,100684000,12.4999,68.7559,0,3489870000,0,673944000,134230000,1479250000,337834000,0,199505000,0,20.8391,0,6.28964,8.66498,0,18.6984,32,100,1024,2048,160,0,37
nbody_kernel,6875,4096,128,128,4,1,2,1,0,0,1,0.00247207,0,1831,31.6974,544734,100717000,2.88861,8392190,2.65402E-05,0,0,201345000,100684000,12.4511,59.9827,0,3489870000,0,940921000,134230000,1476710000,403276000,0,209813000,0,20.662,0,5.79947,7.97598,0,18.1318,32,100,1024,0,160,0,37
nbody_kernel,5744,4096,128,128,4,1,2,1,0,0,2,0.00830038,0,5107,38.4736,1421920,100723000,2.02787,4197890,3.19256E-05,0,0,151019000,100737000,12.1952,50.4029,0,3489910000,0,437047000,67121200,738509000,369492000,0,163644000,0,28.022,0,8.3022,5.7102,0,20.2449,32,100,1024,0,208,0,46
nbody_kernel,4746,4096,128,128,4,1,2,1,0,0,4,0.526422,4,268869,46.6388,1723940,100735000,1.16439,2100740,3.8601E-05,0,0,125869000,100709000,12.3987,53.9432,0,3490010000,0,218681000,33566700,570786000,319029000,0,146855000,0,31.0723,0,9.37933,4.98595,0,20.525,32,100,1024,0,304,0,63
nbody_kernel,5588,4096,128,128,4,1,2,1,1,0,1,0.00323647,72,1854,39.1737,286032,100717000,0.0258433,69120,2.17488,8388610,65536,201347000,100684000,12.4998,68.7302,0,3489870000,0,676151000,134230000,1480900000,337220000,0,199605000,0,20.7978,0,6.27352,8.65243,0,18.6597,32,100,1024,2048,160,0,38
nbody_kernel,5077,4096,128,128,4,1,2,1,1,0,2,0.00954685,0,5195,43.1776,757508,100723000,0.01965,36352,1.20176,4194300,65536,151023000,100690000,12.4998,52.1518,0,3489910000,0,304402000,67121200,740606000,336724000,0,158540000,0,29.4776,0,9.06659,6.25365,0,21.4193,32,100,1024,4096,208,0,48
nbody_kernel,5355,4096,128,128,4,1,2,1,1,0,4,0.692048,0,396327,65.5551,60758100,100735000,0.00823756,19968,1.14654,4194300,65536,125823000,100694000,12.4998,65.1876,0,3490010000,0,152359000,33566700,571834000,302645000,0,144303000,0,22.5072,0,6.92352,3.68723,0,14.8876,32,100,1024,8192,304,0,64
nbody_kernel,3396,4096,128,128,4,1,4,0,0,0,1,2.7744E-05,0,10,0.211423,276952,32791,1.30174,2098180,0.000108456,0,0,0,0,12.4998,68.2692,0,3489870000,0,269545000,67113000,67174400,336159000,0,132200000,0,34.4901,0,10.4114,0.651428,0,20.5098,32,100,1024,0,0,0,63
nbody_kernel,2265,4096,128,128,4,1,4,0,1,0,1,7.90343E-05,0,19,0.305221,271456,32791,0.0159627,17408,5.38658,8388610,65536,0,0,12.4997,69.3982,0,3489870000,0,204001000,67108900,271122000,270647000,0,134477000,0,50.0225,0,15.3882,3.88562,0,30.8361,32,100,1024,2048,0,0,63
nbody_kernel,2766,4096,128,128,4,1,4,1,0,0,1,0.000118523,8,27,0.255198,274988,32791,6.31602,8392190,0.000133206,0,0,0,0,12.4998,69.1136,0,3489870000,0,470893000,67113000,268583000,336163000,0,144786000,0,44.2119,0,12.6311,3.15961,0,27.2515,32,100,1024,0,0,0,64
nbody_kernel,2837,4096,128,128,4,1,4,1,0,0,2,6.63566E-05,1,19,0.248757,274668,32791,3.07935,4197890,0.000129768,0,0,0,0,12.4997,69.0822,0,3489910000,0,235487000,33558500,134365000,302371000,0,131124000,0,41.552,0,12.3107,1.54062,0,24.0539,32,100,896,0,0,0,72
nbody_kernel,1697,4096,128,128,4,1,4,1,0,0,4,0.000506013,68,23,0.408294,274672,32791,2.59446,2100740,0.000217515,0,0,0,0,12.4993,68.7665,0,3490010000,0,117785000,16781300,67256300,285516000,0,124297000,0,68.6748,0,20.7297,1.29861,0,38.395,32,100,512,0,0,0,128
nbody_kernel,2126,4096,128,128,4,1,4,1,1,0,1,8.38914E-05,0,19,0.325842,272480,32791,0.0675752,69120,5.74472,8388610,65536,0,0,12.4996,69.4199,0,3489870000,0,205603000,67108900,272777000,270664000,0,134580000,0,53.3553,0,16.4059,4.16795,0,32.9006,32,100,1024,2048,0,0,62
nbody_kernel,2503,4096,128,128,4,1,4,1,1,0,2,0.000101096,8,19,0.278735,271240,32791,0.0301267,36352,2.45781,4194300,65536,0,0,12.4997,69.4167,0,3489910000,0,102842000,33554400,136462000,269930000,0,126030000,0,45.2062,0,13.9042,1.77054,0,26.1123,32,100,896,4096,0,0,72
nbody_kernel,1400,4096,128,128,4,1,4,1,1,0,4,0.000777356,4,111,0.489661,271568,32791,0.0299234,19968,4.41334,4194300,65536,0,0,12.4994,68.9892,0,3490010000,0,51462100,16777200,68304900,269365000,0,121752000,0,81.7848,0,25.1579,1.60356,0,45.6429,32,100,512,8192,0,0,122
nbody_kernel,3319,4096,128,128,4,2,0,0,0,0,1,4.25514E-05,0,15,0.215876,276956,32791,1.3302,2098180,0.000110852,0,0,0,0,12.4998,68.3237,0,3489870000,0,135328000,33558500,67174400,302612000,0,125908000,0,34.8917,0,10.6329,0.665288,0,19.9494,32,100,1024,0,0,0,64
nbody_kernel,2249,4096,128,128,4,2,0,0,1,0,1,6.29303E-05,0,15,0.307106,270432,32791,0.0160849,17408,2.7357,4194300,65536,0,0,12.4997,69.3616,0,3489870000,0,103338000,33554400,136905000,270655000,0,126089000,0,50.3972,0,15.5035,1.97679,0,29.1293,32,100,1024,2048,0,0,64
nbody_kernel,2620,4096,128,128,4,2,0,1,0,0,1,6.83685E-05,0,19,0.268741,274868,32791,6.83604,8392190,0.000140754,0,0,0,0,12.4995,67.7153,0,3489870000,0,236012000,33558500,268583000,302612000,0,135349000,0,45.9789,0,13.6224,3.40758,0,27.4746,32,100,1024,0,0,0,64
nbody_kernel,2321,4096,128,128,4,2,0,1,0,0,2,9.27716E-05,0,23,0.301729,274672,32791,3.77027,4197890,0.000158822,0,0,0,0,12.4996,69.0935,0,3489910000,0,118047000,16781300,134365000,285594000,0,126405000,0,49.9054,0,15.0645,1.88524,0,28.3754,32,100,768,0,0,0,80
nbody_kernel,1706,4096,128,128,4,2,0,1,0,0,4,0.000104697,0,19,0.407543,274680,32791,2.5856,2100740,0.000217093,0,0,0,0,12.4994,68.876,0,3490010000,0,59064300,8392700,67256300,277131000,0,121937000,0,67.787,0,20.6565,1.29403,0,37.5333,32,100,512,0,0,0,128
nbody_kernel,1880,4096,128,128,4,2,0,1,1,0,1,9.54975E-05,0,19,0.367106,271808,32791,0.07659,69120,3.29267,4194300,65536,0,0,12.4996,69.3447,0,3489870000,0,104940000,33554400,138559000,271184000,0,126207000,0,60.468,0,18.593,2.40846,0,34.9669,32,100,1024,2048,0,0,64
nbody_kernel,1982,4096,128,128,4,2,0,1,1,0,2,0.000491004,44,59,0.34827,272752,32791,0.0381324,36352,3.11049,4194300,65536,0,0,12.4996,69.3916,0,3489910000,0,52510700,16777200,69353500,269930000,0,121836000,0,57.2317,0,17.6029,1.14134,0,31.9583,32,100,768,4096,0,0,80
nbody_kernel,1314,4096,128,128,4,2,0,1,1,0,4,0.000136915,0,19,0.521809,271600,32791,0.0317943,19968,4.70446,4194300,65536,0,0,12.4993,69.2489,0,3490010000,0,26296300,8388610,68304900,269390000,0,120704000,0,86.8529,0,26.7168,1.70293,0,48.0541,32,100,512,8192,0,0,126
nbody_kernel,7550,4096,128,128,4,2,1,0,0,0,1,0.0030539,386,2075,28.9027,328592,100717000,0.585156,2098180,2.4257E-05,0,0,201347000,100684000,12.4998,67.965,0,3489870000,0,1142420000,234918000,2483420000,336159000,0,247570000,0,16.8128,0,4.67801,10.8196,0,17.2576,32,100,1024,0,160,0,29
nbody_kernel,6693,4096,128,128,4,2,1,0,1,0,1,0.00251237,0,1798,32.7566,290334,100717000,0.00563606,17408,1.81838,8388610,65536,201347000,100684000,12.4999,66.3577,0,3489870000,0,1077400000,234918000,2687370000,337215000,0,251945000,0,19.1937,0,5.43271,13.597,0,20.3959,32,100,1024,2048,160,0,29
nbody_kernel,7560,4096,128,128,4,2,1,1,0,0,1,0.00217946,0,1774,28.8762,542319,100717000,2.4256,8392190,2.41457E-05,0,0,201354000,100683000,12.4742,65.1372,0,3489870000,0,1243210000,234918000,2684830000,336163000,0,257014000,0,18.0697,0,4.85871,12.1489,0,18.608,32,100,1024,0,160,0,35
nbody_kernel,6211,4096,128,128,4,2,1,1,0,0,2,0.00757581,1,5046,35.6625,1424350,100723000,1.97264,4197890,2.9582E-05,0,0,151037000,100689000,12.1906,47.9735,0,3489910000,0,588304000,117477000,1342650000,335966000,0,187252000,0,27.785,0,8.08233,10.1065,0,22.5521,32,100,1024,0,208,0,47
nbody_kernel,5130,4096,128,128,4,2,1,1,0,0,4,0.494551,0,272882,42.95,1544740,100735000,1.13229,2100740,3.55973E-05,0,0,125834000,100706000,12.2999,50.7515,0,3490010000,0,294441000,58757100,671564000,302273000,0,152374000,0,30.7437,0,9.19344,5.75,0,20.8742,32,100,1024,0,304,0,64
nbody_kernel,6645,4096,128,128,4,2,1,1,1,0,1,0.00278374,180,1799,32.981,285652,100717000,0.022519,69120,1.82948,8388610,65536,201347000,100684000,12.4999,66.3297,0,3489870000,0,1078580000,234918000,2689020000,337732000,0,252050000,0,19.498,0,5.4682,13.6943,0,20.5377,32,100,1024,2048,160,0,30
nbody_kernel,5622,4096,128,128,4,2,1,1,1,0,2,0.00837528,0,5045,39.0943,672764,100723000,0.0191281,36352,1.0887,4194300,65536,151023000,100692000,12.4998,48.5059,0,3489910000,0,522768000,117477000,1344750000,319971000,0,184770000,0,29.8154,0,8.83097,11.0599,0,24.3143,32,100,1024,4096,208,0,41
nbody_kernel,5586,4096,128,128,4,2,1,1,1,0,4,0.704842,26,419110,63.1272,61750800,100735000,0.00779337,19968,1.09699,4194300,65536,125894000,100724000,12.4999,65.9141,0,3490010000,0,261673000,58757100,672612000,294277000,0,151133000,0,21.7068,0,6.55136,4.10392,0,14.7541,32,100,1024,8192,304,0,64
nbody_kernel,6355,4096,128,128,4,2,2,0,0,0,1,0.00292938,0,1996,34.4148,328784,100717000,0.699264,2098180,2.88847E-05,0,0,201350000,100684000,12.4997,67.682,0,3489870000,0,605225000,100676000,1275300000,403399000,0,188839000,0,19.055,0,5.59377,6.64382,0,15.7405,32,100,1024,0,160,0,37
nbody_kernel,5329,4096,128,128,4,2,2,0,1,0,1,0.0029927,0,1708,41.0465,288716,100717000,0.006815,17408,2.27648,8388610,65536,201348000,100684000,12.4998,68.7108,0,3489870000,0,573243000,100676000,1479250000,371425000,0,193214000,0,22.1731,0,6.56845,9.04908,0,18.9114,32,100,1024,2048,160,0,37
nbody_kernel,6516,4096,128,128,4,2,2,1,0,0,1,0.00257501,6,1784,33.5291,535953,100717000,3.09149,8392190,2.80767E-05,0,0,201347000,100684000,12.453,59.2797,0,3489870000,0,706007000,100676000,1476710000,403309000,0,198278000,0,21.7292,0,6.20798,8.5378,0,18.342,32,100,1024,0,160,0,38
nbody_kernel,5585,4096,128,128,4,2,2,1,0,0,2,0.00881384,134,5146,39.475,1399570,100723000,2.10516,4197890,3.27694E-05,0,0,151021000,100691000,12.1865,49.7844,0,3489910000,0,353161000,50343900,738509000,335938000,0,157877000,0,29.1199,0,8.62749,5.93393,0,20.2967,32,100,1024,0,208,0,54
nbody_kernel,4882,4096,128,128,4,2,2,1,0,0,4,0.529175,156,275989,45.486,1568860,100735000,1.15756,2100740,3.76935E-05,0,0,125868000,100698000,12.3429,52.784,0,3490010000,0,176738000,25178100,570786000,302256000,0,143972000,0,31.0081,0,9.35997,4.97566,0,20.0805,32,100,1024,0,304,0,64
nbody_kernel,5332,4096,128,128,4,2,2,1,1,0,1,0.00360915,98,1959,41.0455,286824,100717000,0.0270255,69120,2.27906,8388610,65536,201355000,100684000,12.4998,68.8619,0,3489870000,0,574935000,100676000,1480900000,371327000,0,193314000,0,22.159,0,6.56144,9.04953,0,18.901,32,100,1024,2048,160,0,38
nbody_kernel,4954,4096,128,128,4,2,2,1,1,0,2,0.00981956,96,5125,44.2276,761508,100723000,0.0199807,36352,1.23081,4194300,65536,151022000,100689000,12.4997,52.5181,0,3489910000,0,287625000,50343900,740606000,319947000,0,155395000,0,30.5558,0,9.22098,6.36014,0,21.3519,32,100,1024,4096,208,0,48
nbody_kernel,5228,4096,128,128,4,2,2,1,1,0,4,0.70986,0,396206,67.1285,60981600,100735000,0.0084371,19968,1.17331,4194300,65536,125827000,100712000,12.4998,65.101,0,3490010000,0,143970000,25178100,571834000,294388000,0,142734000,0,23.2627,0,7.0878,3.77558,0,15.0752,32,100,1024,8192,304,0,64
nbody_kernel,3317,4096,128,128,4,2,4,0,0,0,1,0.001756,596,27,0.215935,276952,32791,1.32907,2098180,0.000110672,0,0,0,0,12.4998,68.2162,0,3489870000,0,135328000,33558500,67174400,302612000,0,125908000,0,34.8897,0,10.6323,0.665251,0,19.9483,32,100,1024,0,0,0,64
nbody_kernel,2248,4096,128,128,4,2,4,0,1,0,1,7.94106E-05,0,19,0.307235,270432,32791,0.0160825,17408,2.7328,4194300,65536,0,0,12.4997,69.2837,0,3489870000,0,103338000,33554400,136905000,270655000,0,126089000,0,50.4003,0,15.5044,1.97691,0,29.1311,32,100,1024,2048,0,0,64
nbody_kernel,2620,4096,128,128,4,2,4,1,0,0,1,0.000103909,0,29,0.268794,274676,32791,6.8371,8392190,0.000140516,0,0,0,0,12.4994,67.5466,0,3489870000,0,236012000,33558500,268583000,302612000,0,135349000,0,46.0156,0,13.6333,3.4103,0,27.4965,32,100,1024,0,0,0,64
nbody_kernel,2325,4096,128,128,4,2,4,1,0,0,2,7.67048E-05,0,19,0.302072,275860,32791,3.77041,4197890,0.00015862,0,0,0,0,12.4995,69.0355,0,3489910000,0,118047000,16781300,134365000,285594000,0,126405000,0,49.8836,0,15.0579,1.88442,0,28.3631,32,100,768,0,0,0,80
nbody_kernel,1705,4096,128,128,4,2,4,1,0,0,4,0.000371206,48,19,0.40744,274684,32791,2.58564,2100740,0.00021699,0,0,0,0,12.4994,68.8508,0,3490010000,0,59064300,8392700,67256300,277131000,0,121937000,0,67.7798,0,20.6543,1.29389,0,37.5294,32,100,512,0,0,0,128
nbody_kernel,1881,4096,128,128,4,2,4,1,1,0,1,7.54141E-05,0,15,0.367069,271588,32791,0.0765888,69120,3.29262,4194300,65536,0,0,12.4996,69.348,0,3489870000,0,104940000,33554400,138559000,271184000,0,126207000,0,60.4643,0,18.5919,2.40831,0,34.9647,32,100,1024,2048,0,0,64
nbody_kernel,1982,4096,128,128,4,2,4,1,1,0,2,9.04721E-05,0,19,0.348666,272224,32791,0.0381345,36352,3.11285,4194300,65536,0,0,12.4996,69.4386,0,3489910000,0,52510700,16777200,69353500,269930000,0,121836000,0,57.2363,0,17.6043,1.14144,0,31.9609,32,100,768,4096,0,0,80
nbody_kernel,1313,4096,128,128,4,2,4,1,1,0,4,0.000136945,0,19,0.521655,271584,32791,0.0317912,19968,4.70659,4194300,65536,0,0,12.4993,69.2777,0,3490010000,0,26296300,8388610,68304900,269390000,0,120704000,0,86.856,0,26.7178,1.70299,0,48.0559,32,100,512,8192,0,0,126
nbody_kernel,3177,4096,128,128,4,4,0,0,0,0,1,5.59825E-05,0,19,0.225177,276964,32791,1.39309,2098180,0.000115807,0,0,0,0,12.4998,68.143,0,3489870000,0,68218900,16781300,67174400,285831000,0,122763000,0,36.3738,0,11.1376,0.696867,0,20.3743,32,100,896,0,0,0,66
nbody_kernel,1851,4096,128,128,4,4,0,0,1,0,1,9.68597E-05,0,19,0.370416,270432,32791,0.0195658,17408,3.33761,4194300,65536,0,0,12.4995,69.2935,0,3489870000,0,53014500,16777200,69795800,271180000,0,121911000,0,61.3107,0,18.8607,1.23527,0,34.263,32,100,896,2048,0,0,71
nbody_kernel,2226,4096,128,128,4,4,0,1,0,0,1,8.00608E-05,0,19,0.314614,274664,32791,7.91186,8392190,0.000165854,0,0,0,0,12.4996,68.7101,0,3489870000,0,118571000,16781300,268583000,285827000,0,130630000,0,52.4048,0,15.8192,3.95709,0,30.7928,32,100,896,0,0,0,72
nbody_kernel,2473,4096,128,128,4,4,0,1,0,0,2,8.33446E-05,1,21,0.283954,274684,32791,3.53753,4197890,0.000149015,0,0,0,0,12.4997,69.0636,0,3489910000,0,59326500,8392700,134365000,277209000,0,124046000,0,46.4021,0,14.1404,1.76959,0,26.1377,32,100,768,0,0,0,80
nbody_kernel,1576,4096,128,128,4,4,0,1,0,0,4,0.000113429,0,19,0.440355,274680,32791,2.78667,2100740,0.000234726,0,0,0,0,12.4994,69.0862,0,3490010000,0,29704200,4198400,67256300,272933000,0,120758000,0,72.722,0,22.2664,1.39487,0,40.067,32,100,512,0,0,0,128
nbody_kernel,1754,4096,128,128,4,4,0,1,1,0,1,0.000658926,96,27,0.393349,271600,32791,0.0820695,69120,3.52372,4194300,65536,0,0,12.4995,69.2561,0,3489870000,0,54607900,16777200,71450600,271188000,0,122013000,0,64.7941,0,19.9232,1.33556,0,36.2234,32,100,896,2048,0,0,72
nbody_kernel,1358,4096,128,128,4,4,0,1,1,0,2,0.000131982,0,19,0.505302,271784,32791,0.0560708,36352,4.55936,4194300,65536,0,0,12.4994,69.1672,0,3489910000,0,27344900,8388610,69353500,269918000,0,120787000,0,84.1625,0,25.8861,1.67841,0,46.5919,32,100,640,4096,0,0,94
nbody_kernel,1281,4096,128,128,4,4,0,1,1,0,4,0.000140051,0,19,0.535408,271568,32791,0.0326331,19968,4.83328,4194300,65536,0,0,12.4993,69.2921,0,3490010000,0,13713400,4194300,68304900,269361000,0,120179000,0,89.1754,0,27.4313,1.74846,0,49.1245,32,100,512,8192,0,0,124
nbody_kernel,7471,4096,128,128,4,4,1,0,0,0,1,0.00240513,0,1929,29.1931,328186,100717000,0.590694,2098180,2.44613E-05,0,0,201347000,100684000,12.4998,67.8968,0,3489870000,0,1008140000,218141000,2483420000,386552000,0,244424000,0,16.6023,0,4.72215,10.9217,0,17.1991,32,100,1024,0,160,0,29
nbody_kernel,5996,4096,128,128,4,4,1,0,1,0,1,0.00273118,0,1755,36.5088,288616,100717000,0.00611571,17408,2.02699,8388610,65536,201347000,100684000,12.4999,68.1473,0,3489870000,0,1009710000,218141000,2687370000,354566000,0,249848000,0,20.7355,0,5.89692,14.7589,0,21.9544,32,100,1024,2048,160,0,29
nbody_kernel,7471,4096,128,128,4,4,1,1,0,0,1,0.00219779,0,1767,29.0727,532722,100717000,2.52672,8392190,2.43216E-05,0,0,201324000,100683000,12.4726,62.953,0,3489870000,0,1075390000,218141000,2684830000,369758000,0,252295000,0,18.1204,0,5.06391,12.662,0,19.0378,32,100,1024,0,160,0,35
nbody_kernel,6156,4096,128,128,4,4,1,1,0,0,2,0.00785188,0,5140,35.8319,1417500,100723000,1.98181,4197890,2.97231E-05,0,0,151038000,100689000,12.1892,47.9275,0,3489910000,0,529584000,109089000,1342650000,327578000,0,184893000,0,27.6903,0,8.12867,10.1645,0,22.3956,32,100,1024,0,208,0,47
nbody_kernel,5089,4096,128,128,4,4,1,1,0,0,4,0.511407,236,278675,43.4813,1680690,100735000,1.11912,2100740,7.19674E-05,0,0,125864000,100710000,12.3633,52.199,0,3490010000,0,265093000,54562800,671564000,298090000,0,151195000,0,30.0745,0,9.03553,5.65127,0,20.357,32,100,1024,0,304,0,64
nbody_kernel,6051,4096,128,128,4,4,1,1,1,0,1,0.00309433,300,1693,36.3002,287060,100717000,0.0239321,69120,2.01549,8388610,65536,201347000,100684000,12.4999,68.7636,0,3489870000,0,1011430000,218141000,2689020000,354550000,0,249953000,0,20.4417,0,5.81091,14.5526,0,21.6433,32,100,1024,2048,160,0,30
nbody_kernel,5524,4096,128,128,4,4,1,1,1,0,2,0.00868896,0,5144,39.6768,660496,100723000,0.0193569,36352,1.10519,4194300,65536,151022000,100689000,12.4998,48.6568,0,3489910000,0,497603000,109089000,1344750000,319975000,0,183722000,0,30.1732,0,8.93696,11.1926,0,24.4665,32,100,1024,4096,208,0,41
nbody_kernel,5535,4096,128,128,4,4,1,1,1,0,4,0.709723,0,418710,63.7404,61864600,100735000,0.00785819,19968,1.10769,4194300,65536,125926000,100710000,12.4999,65.9411,0,3490010000,0,249098000,54562800,672612000,294425000,0,150613000,0,21.8877,0,6.60594,4.13894,0,14.8259,32,100,1024,8192,304,0,61
nbody_kernel,6279,4096,128,128,4,4,2,0,0,0,1,0.0042371,764,2090,34.8334,327802,100717000,0.708453,2098180,2.9238E-05,0,0,201346000,100684000,12.4997,67.5555,0,3489870000,0,538116000,83898400,1275300000,386621000,0,185693000,0,19.2355,0,5.67279,6.73768,0,15.697,32,100,1024,0,160,0,37
nbody_kernel,5209,4096,128,128,4,4,2,0,1,0,1,0.00333904,0,1864,41.9763,288244,100717000,0.00700552,17408,2.32838,8388610,65536,201347000,100684000,12.4998,68.3629,0,3489870000,0,522912000,83898400,1479250000,371425000,0,191117000,0,22.794,0,6.75238,9.30247,0,19.23,32,100,1024,2048,160,0,37
nbody_kernel,6453,4096,128,128,4,4,2,1,0,0,1,0.00272626,0,1873,34.2214,534455,100717000,3.15565,8392190,2.86571E-05,0,0,201345000,100684000,12.4492,59.294,0,3489870000,0,588567000,83898400,1476710000,386531000,0,193560000,0,21.7771,0,6.33477,8.71218,0,18.2712,32,100,1024,0,160,0,40
nbody_kernel,5528,4096,128,128,4,4,2,1,0,0,2,0.00911354,217,5183,39.7999,1387790,100723000,2.11698,4197890,3.30464E-05,0,0,151029000,100696000,12.183,49.9222,0,3489910000,0,294441000,41955300,738509000,327549000,0,155518000,0,29.014,0,8.67642,5.96758,0,20.1068,32,100,1024,0,208,0,54
nbody_kernel,4715,4096,128,128,4,4,2,1,0,0,4,0.541085,0,275103,46.7258,1708810,100735000,1.14623,2100740,7.73577E-05,0,0,125855000,100703000,12.3943,54.9031,0,3490010000,0,147390000,20983800,570786000,298062000,0,142792000,0,30.4463,0,9.23393,4.9087,0,19.6478,32,100,1024,0,304,0,64
nbody_kernel,5219,4096,128,128,4,4,2,1,1,0,1,0.00321533,0,1798,41.9109,285972,100717000,0.0277667,69120,2.32471,8388610,65536,201347000,100680000,12.4998,68.371,0,3489870000,0,524603000,83898400,1480900000,371327000,0,191217000,0,22.7652,0,6.74094,9.2971,0,19.2074,32,100,1024,2048,160,0,38
nbody_kernel,4904,4096,128,128,4,4,2,1,1,0,2,0.0100142,102,5139,44.7753,764948,100723000,0.0200908,36352,1.24581,4194300,65536,151019000,100689000,12.4998,52.8542,0,3489910000,0,262459000,41955300,740606000,319947000,0,154346000,0,30.7317,0,9.27405,6.39675,0,21.3298,32,100,1024,4096,208,0,48
nbody_kernel,5211,4096,128,128,4,4,2,1,1,0,4,0.713632,544,397809,67.3652,60937900,100735000,0.00845183,19968,1.1772,4194300,65536,125871000,100671000,12.4998,65.2003,0,3490010000,0,131400000,20983800,571834000,294392000,0,142211000,0,23.3038,0,7.10029,3.78227,0,15.0463,32,100,1024,8192,304,0,61
nbody_kernel,3174,4096,128,128,4,4,4,0,0,0,1,9.74908E-05,0,33,0.225218,276960,32791,1.39229,2098180,0.0001157,0,0,0,0,12.4998,68.0852,0,3489870000,0,68218900,16781300,67174400,285831000,0,122763000,0,36.3709,0,11.1368,0.696812,0,20.3727,32,100,896,0,0,0,66
nbody_kernel,1852,4096,128,128,4,4,4,0,1,0,1,9.64644E-05,0,19,0.370988,270432,32791,0.0195642,17408,3.33542,4194300,65536,0,0,12.4995,69.2531,0,3489870000,0,53014500,16777200,69795800,271180000,0,121911000,0,61.3063,0,18.8594,1.23519,0,34.2606,32,100,896,2048,0,0,71
nbody_kernel,2227,4096,128,128,4,4,4,1,0,0,1,0.00013557,16,16,0.31413,274676,32791,7.91024,8392190,0.000165697,0,0,0,0,12.4996,68.6443,0,3489870000,0,118571000,16781300,268583000,285827000,0,130630000,0,52.4055,0,15.8194,3.95714,0,30.7932,32,100,896,0,0,0,72
nbody_kernel,2472,4096,128,128,4,4,4,1,0,0,2,0.000784915,188,18,0.284004,274672,32791,3.53754,4197890,0.000149041,0,0,0,0,12.4997,69.0784,0,3489910000,0,59326500,8392700,134365000,277209000,0,124046000,0,46.4004,0,14.1398,1.76953,0,26.1367,32,100,768,0,0,0,80
nbody_kernel,1576,4096,128,128,4,4,4,1,0,0,4,0.0003958,52,14,0.439952,274684,32791,2.78714,2100740,0.000234788,0,0,0,0,12.4994,69.1118,0,3490010000,0,29704200,4198400,67256300,272933000,0,120758000,0,72.7143,0,22.264,1.39473,0,40.0628,32,100,512,0,0,0,128
nbody_kernel,1755,4096,128,128,4,4,4,1,1,0,1,0.000101787,0,19,0.392649,271588,32791,0.0820655,69120,3.53048,4194300,65536,0,0,12.4995,69.3844,0,3489870000,0,54607900,16777200,71450600,271188000,0,122013000,0,64.7983,0,19.9245,1.33565,0,36.2258,32,100,896,2048,0,0,72
nbody_kernel,1358,4096,128,128,4,4,4,1,1,0,2,0.000215255,12,19,0.506607,271604,32791,0.056072,36352,4.56571,4194300,65536,0,0,12.4994,69.263,0,3489910000,0,27344900,8388610,69353500,269918000,0,120787000,0,84.1632,0,25.8863,1.67843,0,46.5923,32,100,640,4096,0,0,94
nbody_kernel,1281,4096,128,128,4,4,4,1,1,0,4,0.000139998,0,19,0.535475,271584,32791,0.0326352,19968,4.83888,4194300,65536,0,0,12.4994,69.3779,0,3490010000,0,13713400,4194300,68304900,269361000,0,120179000,0,89.1684,0,27.4291,1.74833,0,49.1207,32,100,512,8192,0,0,124
nbody_kernel,2060,4096,128,128,4,8,0,0,0,0,1,0.000104779,0,23,0.341105,276932,32791,2.1307,2098180,0.000179184,0,0,0,0,12.4996,68.925,0,3489870000,0,34664400,8392700,67174400,277443000,0,121190000,0,55.5082,0,17.0373,1.066,0,30.7674,32,100,896,0,0,0,72
nbody_kernel,1432,4096,128,128,4,8,0,0,1,0,1,0.000125059,0,19,0.477467,270448,32791,0.0253891,17408,4.33668,4194300,65536,0,0,12.4994,69.3771,0,3489870000,0,27848700,8388610,69795800,271184000,0,120863000,0,79.5674,0,24.4769,1.6031,0,44.0833,32,100,768,2048,0,0,80
nbody_kernel,2069,4096,128,128,4,8,0,1,0,0,1,8.61856E-05,0,19,0.337512,274676,32791,8.47368,8392190,0.000178477,0,0,0,0,12.4996,69.0531,0,3489870000,0,59850800,8392700,268583000,277438000,0,128271000,0,55.584,0,16.9386,4.23711,0,32.3764,32,100,896,0,0,0,72
nbody_kernel,1637,4096,128,128,4,8,0,1,0,0,2,0.0001265,1,21,0.424338,274816,32791,5.36577,4197890,0.000225942,0,0,0,0,12.4994,69.0256,0,3489910000,0,29966300,4198400,134365000,273019000,0,122867000,0,70.0603,0,21.452,2.68461,0,39.2758,32,100,640,0,0,0,96
nbody_kernel,1578,4096,128,128,4,8,0,1,0,0,4,0.000113377,0,19,0.440035,274684,32791,2.80765,2100740,0.000234603,0,0,0,0,12.4995,68.5988,0,3490010000,0,15024100,2101250,67256300,270836000,0,120168000,0,73.0255,0,22.4129,1.40406,0,40.1337,32,100,512,0,0,0,128
nbody_kernel,1737,4096,128,128,4,8,0,1,1,0,1,0.00216126,214,185,0.399629,271604,32967,0.0828226,69120,3.56058,4194300,65536,0,0,12.4995,69.2847,0,3489870000,0,29442000,8388610,71450600,271184000,0,120964000,0,65.4449,0,20.1233,1.34898,0,36.2728,32,100,896,2048,0,0,72
nbody_kernel,1352,4096,128,128,4,8,0,1,1,0,2,0.000118988,0,17,0.507131,271608,32839,0.0562148,36352,4.57543,4194300,65536,0,0,12.4994,69.2329,0,3489910000,0,14762000,4194300,69353500,269918000,0,120263000,0,84.3789,0,25.9526,1.68273,0,46.509,32,100,640,4096,0,0,96
nbody_kernel,1285,4096,128,128,4,8,0,1,1,0,4,0.000125363,0,17,0.533991,271616,32791,0.0325803,19968,4.81568,4194300,65536,0,0,12.4992,69.1463,0,3490010000,0,7421950,2097150,68304900,269357000,0,119917000,0,89.0379,0,27.389,1.74577,0,48.9417,32,100,512,8192,0,0,126
nbody_kernel,7436,4096,128,128,4,8,1,0,0,0,1,0.00298494,348,2040,29.3516,327814,100717000,0.592194,2098180,2.46327E-05,0,0,201347000,100684000,12.4998,68.1493,0,3489870000,0,974623000,209752000,2483420000,378196000,0,242854000,0,16.6197,0,4.73763,10.9575,0,17.1446,32,100,1024,0,160,0,31
nbody_kernel,5950,4096,128,128,4,8,1,0,1,0,1,0.00293956,36,1834,36.8883,288894,100717000,0.0060892,17408,2.04822,8388610,65536,201347000,100684000,12.4999,69.175,0,3489870000,0,967807000,209752000,2687370000,371380000,0,248801000,0,20.5496,0,5.87016,14.6919,0,21.7633,32,100,1024,2048,160,0,31
nbody_kernel,7389,4096,128,128,4,8,1,1,0,0,1,0.00245171,250,1696,29.2731,552411,100717000,2.48915,8392190,2.4507E-05,0,0,201359000,100684000,12.4617,64.542,0,3489870000,0,999911000,209752000,2684830000,378204000,0,249938000,0,17.5757,0,4.97689,12.4444,0,18.5358,32,100,1024,0,160,0,37
nbody_kernel,6128,4096,128,128,4,8,1,1,0,0,2,0.00806083,0,5293,36.1287,1417690,100723000,1.99067,4197890,2.99753E-05,0,0,151022000,100689000,12.1987,48.1546,0,3489910000,0,500265000,104894000,1342650000,323408000,0,183716000,0,27.6661,0,8.15897,10.2024,0,22.3359,32,100,1024,0,208,0,49
nbody_kernel,5229,4096,128,128,4,8,1,1,0,0,4,0.491269,598,273915,42.3775,1561430,100735000,1.1291,2100740,7.02443E-05,0,0,125868000,100700000,12.2733,50.1281,0,3490010000,0,250450000,52465700,671564000,295948000,0,150605000,0,30.4954,0,9.18353,5.74384,0,20.6097,32,100,1024,0,304,0,64
nbody_kernel,5939,4096,128,128,4,8,1,1,1,0,1,0.0027246,0,1721,36.9076,285980,100717000,0.0244086,69120,2.04705,8388610,65536,201347000,100684000,12.4999,68.4835,0,3489870000,0,969503000,209752000,2689020000,371388000,0,248906000,0,20.754,0,5.92606,14.8409,0,21.9798,32,100,1024,2048,160,0,32
nbody_kernel,5499,4096,128,128,4,8,1,1,1,0,2,0.00882254,0,5181,39.8738,656908,100723000,0.0194739,36352,1.11095,4194300,65536,151022000,100689000,12.4998,48.618,0,3489910000,0,485061000,104894000,1344750000,320008000,0,183200000,0,30.3545,0,8.99066,11.2599,0,24.5436,32,100,1024,4096,208,0,43
nbody_kernel,5533,4096,128,128,4,8,1,1,1,0,4,0.708664,150,418831,63.9247,61882200,100735000,0.00787723,19968,1.11172,4194300,65536,125850000,100727000,12.4999,66.0427,0,3490010000,0,242852000,52465700,672612000,294371000,0,150351000,0,21.9336,0,6.6198,4.14762,0,14.8311,32,100,1024,8192,304,0,61
nbody_kernel,6217,4096,128,128,4,8,2,0,0,0,1,0.0030681,0,2043,35.1657,328301,100717000,0.716712,2098180,2.94781E-05,0,0,201347000,100684000,12.4998,67.3421,0,3489870000,0,504586000,75509800,1275300000,378241000,0,184122000,0,19.4102,0,5.73751,6.81454,0,15.7417,32,100,1024,0,160,0,41
nbody_kernel,5179,4096,128,128,4,8,2,0,1,0,1,0.00373779,40,2035,42.2488,288796,100717000,0.00706109,17408,2.34322,8388610,65536,201347000,100684000,12.4998,68.2616,0,3489870000,0,497770000,75509800,1479250000,371425000,0,190069000,0,22.9733,0,6.80549,9.37564,0,19.275,32,100,1024,2048,160,0,41
nbody_kernel,6329,4096,128,128,4,8,2,1,0,0,1,0.00286628,12,1935,34.3219,533405,100717000,3.19405,8392190,2.87257E-05,0,0,201348000,100677000,12.4505,58.7302,0,3489870000,0,529871000,75509800,1476710000,378151000,0,191201000,0,21.8384,0,6.41089,8.81686,0,18.2655,32,100,1024,0,160,0,42
nbody_kernel,5517,4096,128,128,4,8,2,1,0,0,2,0.00847835,0,5010,39.9704,1383940,100723000,2.13025,4197890,3.31906E-05,0,0,151018000,100694000,12.1863,49.8222,0,3489910000,0,265105000,37761000,738509000,323367000,0,154339000,0,29.0627,0,8.73178,6.00567,0,20.0817,32,100,1024,0,208,0,56
nbody_kernel,4903,4096,128,128,4,8,2,1,0,0,4,0.520481,0,274542,45.1669,1627570,100735000,1.15549,2100740,7.4819E-05,0,0,125877000,100706000,12.3448,52.4601,0,3490010000,0,132735000,18886700,570786000,295985000,0,142204000,0,30.7454,0,9.34679,4.96869,0,19.806,32,100,1024,0,304,0,64
nbody_kernel,5158,4096,128,128,4,8,2,1,1,0,1,0.00320107,0,1768,42.422,286496,100717000,0.028148,69120,2.35559,8388610,65536,201347000,100684000,12.4998,68.3544,0,3489870000,0,499462000,75509800,1480900000,371335000,0,190169000,0,23.0732,0,6.83213,9.42288,0,19.3606,32,100,1024,2048,160,0,41
nbody_kernel,4868,4096,128,128,4,8,2,1,1,0,2,0.00993783,20,5155,45.0822,763672,100723000,0.0201632,36352,1.25712,4194300,65536,151024000,100690000,12.4997,53.0493,0,3489910000,0,249901000,37761000,740606000,320217000,0,153831000,0,30.8373,0,9.30593,6.42101,0,21.3317,32,100,1024,4096,208,0,50
nbody_kernel,5232,4096,128,128,4,8,2,1,1,0,4,0.704918,112,393599,67.265,61110800,100735000,0.00845979,19968,1.1744,4194300,65536,125877000,100706000,12.4998,64.958,0,3490010000,0,125133000,18886700,571834000,294412000,0,141950000,0,23.3351,0,7.10982,3.78735,0,15.0389,32,100,1024,8192,304,0,63
nbody_kernel,2063,4096,128,128,4,8,4,0,0,0,1,0.000104762,0,23,0.341134,276948,32791,2.1291,2098180,0.000179172,0,0,0,0,12.4996,68.913,0,3489870000,0,34664400,8392700,67174400,277443000,0,121190000,0,55.5143,0,17.0392,1.06612,0,30.7708,32,100,896,0,0,0,72
nbody_kernel,1433,4096,128,128,4,8,4,0,1,0,1,0.000125011,0,19,0.477535,270432,32791,0.0253889,17408,4.33724,4194300,65536,0,0,12.4994,69.3853,0,3489870000,0,27848700,8388610,69795800,271184000,0,120863000,0,79.5681,0,24.4772,1.60312,0,44.0837,32,100,768,2048,0,0,80
nbody_kernel,2074,4096,128,128,4,8,4,1,0,0,1,0,0,0,0.336834,274676,32791,8.4715,8392190,0.000178135,0,0,0,0,12.4996,68.9085,0,3489870000,0,59850800,8392700,268583000,277438000,0,128271000,0,55.5939,0,16.9417,4.23787,0,32.3822,32,100,896,0,0,0,72
nbody_kernel,1637,4096,128,128,4,8,4,1,0,0,2,0.00011493,1,19,0.424361,274684,32791,5.3665,4197890,0.000226341,0,0,0,0,12.4995,69.1469,0,3489910000,0,29966300,4198400,134365000,273019000,0,122867000,0,70.0609,0,21.4522,2.68463,0,39.2761,32,100,640,0,0,0,96
nbody_kernel,1579,4096,128,128,4,8,4,1,0,0,4,0.000113391,0,19,0.442551,275352,32791,2.80693,2100740,0.000235949,0,0,0,0,12.4995,68.9925,0,3490010000,0,15024100,2101250,67256300,270836000,0,120168000,0,73.0251,0,22.4128,1.40405,0,40.1335,32,100,512,0,0,0,128
nbody_kernel,1736,4096,128,128,4,8,4,1,1,0,1,0.000178739,16,17,0.397337,271604,32791,0.0828815,69120,3.56015,4194300,65536,0,0,12.4996,69.2764,0,3489870000,0,29442000,8388610,71450600,271184000,0,120964000,0,65.4448,0,20.1233,1.34898,0,36.2727,32,100,896,2048,0,0,72
nbody_kernel,1351,4096,128,128,4,8,4,1,1,0,2,0.000118695,0,17,0.507719,271600,32791,0.0562149,36352,4.58204,4194300,65536,0,0,12.4994,69.3339,0,3489910000,0,14762000,4194300,69353500,269918000,0,120263000,0,84.3777,0,25.9523,1.68271,0,46.5083,32,100,640,4096,0,0,96
nbody_kernel,1284,4096,128,128,4,8,4,1,1,0,4,0.000125111,0,17,0.534582,271584,32791,0.0325807,19968,4.82448,4194300,65536,0,0,12.4992,69.2734,0,3490010000,0,7421950,2097150,68304900,269357000,0,119917000,0,89.037,0,27.3887,1.74575,0,48.9412,32,100,512,8192,0,0,126
nbody_kernel,1875,4096,128,128,4,16,0,0,0,0,1,8.5574E-05,0,17,0.373476,276960,32791,2.33873,2098180,0.000196944,0,0,0,0,12.4996,68.9429,0,3489870000,0,17887200,4198400,67174400,273244000,0,120403000,0,60.921,0,18.7211,1.17136,0,33.5887,32,100,896,0,0,0,72
nbody_kernel,1406,4096,128,128,4,16,0,0,1,0,1,0.00010756,0,16,0.486478,270432,32791,0.025886,17408,4.42078,4194300,65536,0,0,12.4993,69.3628,0,3489870000,0,15265800,4194300,69795800,271172000,0,120338000,0,81.1272,0,24.9568,1.63453,0,44.7523,32,100,768,2048,0,0,80
nbody_kernel,2156,4096,128,128,4,16,0,1,0,0,1,4.8099E-05,0,11,0.324233,275560,32791,8.16085,8392190,0.000171186,0,0,0,0,12.4997,68.7207,0,3489870000,0,30490600,4198400,268583000,273256000,0,127091000,0,53.3161,0,16.3253,4.08368,0,30.9172,32,100,896,0,0,0,72
nbody_kernel,1659,4096,128,128,4,16,0,1,0,0,2,0.000130065,0,23,0.417798,274684,32791,5.29772,4197890,0.00022264,0,0,0,0,12.4996,68.8666,0,3489910000,0,15286300,2101250,134365000,270922000,0,122277000,0,69.0302,0,21.1873,2.65148,0,38.6049,32,100,640,0,0,0,96
nbody_kernel,2192,4096,128,128,4,16,0,1,0,0,4,9.86687E-05,0,23,1.59958,1564790,32791,2.02063,2100740,0.000168316,0,0,0,0,12.4996,68.2187,0,3490010000,0,7684100,1052670,67256300,269787000,0,119873000,0,52.6208,0,16.1697,1.01295,0,28.8832,32,100,512,0,0,0,128
nbody_kernel,1373,4096,128,128,4,16,0,1,1,0,1,0.000998213,120,25,0.499962,271616,32791,0.105108,69120,4.52968,4194300,65536,0,0,12.4994,69.4264,0,3489870000,0,16859100,4194300,71450600,271180000,0,120440000,0,83.0872,0,25.5481,1.71263,0,45.8514,32,100,768,2048,0,0,80
nbody_kernel,1331,4096,128,128,4,16,0,1,1,0,2,0.000120783,0,17,0.514343,271736,32791,0.0571716,36352,4.6457,4194300,65536,0,0,12.4993,69.1065,0,3489910000,0,8470530,2097150,69353500,269906000,0,120000000,0,85.8315,0,26.3994,1.7117,0,47.2063,32,100,640,4096,0,0,96
nbody_kernel,2057,4096,128,128,4,16,0,1,1,0,4,7.79206E-05,0,17,1.7028,1558700,32791,0.0205377,19968,2.99818,4194300,65536,0,0,12.4995,68.2417,0,3490010000,0,4276220,1048580,68304900,269349000,0,119785000,0,56.1688,0,17.2781,1.1013,0,30.8406,32,100,512,8192,0,0,128
nbody_kernel,10512,4096,128,128,4,16,1,0,0,0,1,0.00209987,408,1960,20.8174,694812,100717000,0.586108,2098180,1.73847E-05,0,0,201349000,100683000,12.3717,48.0937,0,3489870000,0,957841000,205558000,2483420000,374006000,0,242067000,0,16.6023,0,4.73794,10.9582,0,17.0902,32,100,1024,0,160,0,31
nbody_kernel,9429,4096,128,128,4,16,1,0,1,0,1,0.00179759,0,1818,23.1832,621384,100717000,0.00599238,17408,1.2818,8388610,65536,201346000,100684000,12.4999,44.0225,0,3489870000,0,955220000,205558000,2687370000,371384000,0,248277000,0,20.208,0,5.77257,14.4477,0,21.3564,32,100,1024,2048,160,0,33
nbody_kernel,10260,4096,128,128,4,16,1,1,0,0,1,0.0015938,0,1758,21.3806,910403,100717000,2.49218,8392190,1.78197E-05,0,0,201349000,100684000,12.3281,46.4258,0,3489870000,0,970547000,205558000,2684830000,374014000,0,248759000,0,17.688,0,5.03096,12.5796,0,18.6488,32,100,1024,0,160,0,37
nbody_kernel,4500,4096,128,128,4,16,1,1,0,0,2,0.0112293,1,5402,48.6365,528386,100723000,2.07078,4197890,4.07148E-05,0,0,151022000,100687000,12.498,64.487,0,3489910000,0,485581000,102797000,1342650000,321315000,0,183126000,0,27.9963,0,8.27543,10.348,0,22.582,32,100,1024,0,208,0,49
nbody_kernel,4898,4096,128,128,4,16,1,1,0,0,4,2.45167,16,1293250,45.2683,1829300,100735000,1.11693,2100740,7.48166E-05,0,0,125875000,100701000,12.2052,53.7248,0,3490010000,0,243106000,51417100,671564000,294904000,0,150310000,0,30.2703,0,9.12647,5.70815,0,20.4415,32,100,1024,0,304,0,64
nbody_kernel,9435,4096,128,128,4,16,1,1,1,0,1,0.00176272,4,1783,23.2151,618156,100717000,0.0240993,69120,1.283,8388610,65536,201348000,100684000,12.4999,43.4803,0,3489870000,0,956916000,205558000,2689020000,371393000,0,248382000,0,20.4878,0,5.85004,14.6506,0,21.6521,32,100,1024,2048,160,0,31
nbody_kernel,4225,4096,128,128,4,16,1,1,1,0,2,0.0126352,308,5382,52.0652,297352,100723000,0.0197401,36352,1.45538,4194300,65536,151021000,100690000,12.4998,62.8475,0,3489910000,0,478765000,102797000,1344750000,320012000,0,182938000,0,30.7621,0,9.11137,11.4111,0,24.8375,32,100,1024,4096,208,0,43
nbody_kernel,5509,4096,128,128,4,16,1,1,1,0,4,3.51413,0,2068930,63.344,60115800,100735000,0.00791667,19968,1.11263,4194300,65536,125918000,100732000,12.4999,65.7863,0,3490010000,0,239706000,51417100,672612000,294445000,0,150222000,0,22.0372,0,6.65106,4.16722,0,14.8884,32,100,1024,8192,304,0,61
nbody_kernel,7268,4096,128,128,4,16,2,0,0,0,1,0.0024842,28,1910,30.2831,996046,100717000,0.716308,2098180,2.52207E-05,0,0,201348000,100685000,12.4915,57.6315,0,3489870000,0,487805000,71315500,1275300000,374051000,0,183335000,0,19.3826,0,5.73597,6.81271,0,15.6702,32,100,1024,0,160,0,41
nbody_kernel,6992,4096,128,128,4,16,2,0,1,0,1,0.00243724,52,1777,31.4038,850112,100717000,0.00702969,17408,1.73256,8388610,65536,201346000,100683000,12.4998,50.6977,0,3489870000,0,485183000,71315500,1479250000,371429000,0,189545000,0,22.8711,0,6.77521,9.33392,0,19.1363,32,100,1024,2048,160,0,41
nbody_kernel,7413,4096,128,128,4,16,2,1,0,0,1,0.00219502,64,1681,29.6327,1101530,100717000,3.19547,8392190,2.46656E-05,0,0,201350000,100684000,12.4309,50.3221,0,3489870000,0,500507000,71315500,1476710000,373961000,0,190022000,0,21.7846,0,6.42455,8.83565,0,18.1915,32,100,1024,0,160,0,42
nbody_kernel,4342,4096,128,128,4,16,2,1,0,0,2,0.0117864,64,5475,49.8872,522431,100723000,2.19388,4197890,4.17671E-05,0,0,151024000,100691000,12.4415,62.1504,0,3489910000,0,250421000,35663900,738509000,321274000,0,153749000,0,29.2491,0,8.80847,6.05841,0,20.1807,32,100,1024,0,208,0,56
nbody_kernel,4624,4096,128,128,4,16,2,1,0,0,4,2.56387,40,1273990,47.8257,1981280,100735000,1.13931,2100740,7.89858E-05,0,0,125867000,100702000,12.2099,55.535,0,3490010000,0,125395000,17838100,570786000,294937000,0,141909000,0,30.6242,0,9.321,4.95498,0,19.7104,32,100,1024,0,304,0,64
nbody_kernel,6979,4096,128,128,4,16,2,1,1,0,1,0.00290561,368,1808,31.4886,845164,100717000,0.028,69120,1.73751,8388610,65536,201347000,100684000,12.4998,50.6656,0,3489870000,0,486875000,71315500,1480900000,371339000,0,189645000,0,22.9608,0,6.79886,9.37698,0,19.2132,32,100,1024,2048,160,0,41
nbody_kernel,4240,4096,128,128,4,16,2,1,1,0,2,0.0126534,208,5495,52.0189,298008,100723000,0.0202003,36352,1.45672,4194300,65536,151021000,100690000,12.4997,61.3383,0,3489910000,0,243606000,35663900,740606000,320221000,0,153569000,0,30.9046,0,9.32623,6.43501,0,21.3418,32,100,1024,4096,208,0,50
nbody_kernel,5196,4096,128,128,4,16,2,1,1,0,4,3.66062,176,2031720,66.886,59561200,100735000,0.00845483,19968,1.17964,4194300,65536,125846000,100760000,12.4998,65.2698,0,3490010000,0,121987000,17838100,571834000,294412000,0,141819000,0,23.3272,0,7.10742,3.78607,0,15.02,32,100,1024,8192,304,0,63
nbody_kernel,1876,4096,128,128,4,16,4,0,0,0,1,8.56545E-05,0,17,0.373999,277432,32791,2.33859,2098180,0.00019712,0,0,0,0,12.4996,69.0037,0,3489870000,0,17887200,4198400,67174400,273244000,0,120403000,0,60.922,0,18.7214,1.17138,0,33.5892,32,100,896,0,0,0,72
nbody_kernel,1408,4096,128,128,4,16,4,0,1,0,1,0.000490972,0,73,0.486533,271048,32791,0.0258846,17408,4.4204,4194300,65536,0,0,12.4994,69.3586,0,3489870000,0,15265800,4194300,69795800,271172000,0,120338000,0,81.125,0,24.9561,1.63449,0,44.7511,32,100,768,2048,0,0,80
nbody_kernel,2158,4096,128,128,4,16,4,1,0,0,1,0.00010936,0,25,0.324316,274680,32839,8.16079,8392190,0.000171217,0,0,0,0,12.4997,68.7309,0,3489870000,0,30490600,4198400,268583000,273256000,0,127091000,0,53.3178,0,16.3258,4.08381,0,30.9181,32,100,896,0,0,0,72
nbody_kernel,1657,4096,128,128,4,16,4,1,0,0,2,0.000101771,1,17,0.41783,274684,32791,5.29907,4197890,0.00022265,0,0,0,0,12.4996,68.9061,0,3489910000,0,15286300,2101250,134365000,270922000,0,122277000,0,68.9935,0,21.176,2.65007,0,38.5844,32,100,640,0,0,0,96
nbody_kernel,2192,4096,128,128,4,16,4,1,0,0,4,7.31282E-05,0,17,1.6038,1564790,32791,2.02561,2100740,0.000168768,0,0,0,0,12.4996,68.2756,0,3490010000,0,7684100,1052670,67256300,269787000,0,119873000,0,52.718,0,16.1996,1.01482,0,28.9366,32,100,512,0,0,0,128
nbody_kernel,1373,4096,128,128,4,16,4,1,1,0,1,0.00219615,218,101,0.500797,271600,32935,0.105132,69120,4.51591,4194300,65536,0,0,12.4994,69.215,0,3489870000,0,16859100,4194300,71450600,271180000,0,120440000,0,83.0877,0,25.5482,1.71264,0,45.8517,32,100,768,2048,0,0,80
nbody_kernel,1332,4096,128,128,4,16,4,1,1,0,2,0.000135017,0,19,0.51432,271600,32791,0.0571684,36352,4.64579,4194300,65536,0,0,12.4993,69.1081,0,3489910000,0,8470530,2097150,69353500,269906000,0,120000000,0,85.8312,0,26.3994,1.71169,0,47.2062,32,100,640,4096,0,0,96
nbody_kernel,2053,4096,128,128,4,16,4,1,1,0,4,0.000105705,0,23,1.71927,1570850,32791,0.0205825,19968,3.00538,4194300,65536,0,0,12.4995,68.1839,0,3490010000,0,4276220,1048580,68304900,269349000,0,119785000,0,56.3513,0,17.3342,1.10488,0,30.9408,32,100,512,8192,0,0,128
nbody_kernel,1795,4096,128,128,4,32,0,0,0,0,1,0.000550738,88,17,0.390696,276948,32791,2.45268,2098180,0.000205946,0,0,0,0,12.4996,68.7255,0,3489870000,0,9498620,2101250,67174400,271151000,0,120010000,0,63.8689,0,19.6388,1.22878,0,35.1202,32,100,896,0,0,0,72
nbody_kernel,1411,4096,128,128,4,32,0,0,1,0,1,0.000167702,0,25,0.484583,270432,32791,0.0258078,17408,4.40018,4194300,65536,0,0,12.4993,69.1725,0,3489870000,0,8974340,2097150,69795800,271172000,0,120076000,0,80.9713,0,24.9088,1.63139,0,44.569,32,100,768,2048,0,0,80
nbody_kernel,2150,4096,128,128,4,32,0,1,0,0,1,0.00134638,220,88,0.326714,274928,32919,8.20277,8392190,0.000171942,0,0,0,0,12.4997,68.6619,0,3489870000,0,15810600,2101250,268583000,271151000,0,126501000,0,53.4691,0,16.4114,4.10522,0,30.9359,32,100,896,0,0,0,72
nbody_kernel,2268,4096,128,128,4,32,0,1,0,0,2,0.00241231,563,19,1.59993,1621270,32791,3.89944,4197890,0.000162631,0,0,0,0,12.4996,68.2587,0,3489910000,0,7946240,1052670,134365000,269873000,0,121982000,0,50.8122,0,15.6144,1.95406,0,28.382,32,100,640,0,0,0,96
nbody_kernel,2923,4096,128,128,4,32,0,1,0,0,4,5.46945E-05,0,17,2.35069,3107790,32791,1.52908,2100740,0.000126248,0,0,0,0,12.4997,67.7014,0,3490010000,0,4014080,528384,67256300,269263000,0,119725000,0,39.7467,0,12.221,0.765584,0,21.803,32,100,512,0,0,0,128
nbody_kernel,1382,4096,128,128,4,32,0,1,1,0,1,0.000170775,0,25,0.497081,273784,32791,0.104623,69120,4.50283,4194300,65536,0,0,12.4993,69.3324,0,3489870000,0,10567700,2097150,71450600,271180000,0,120178000,0,82.7068,0,25.4311,1.70479,0,45.5421,32,100,768,2048,0,0,80
nbody_kernel,2080,4096,128,128,4,32,0,1,1,0,2,0.000140329,4,27,1.69838,1571970,32791,0.0369545,36352,2.97051,4194300,65536,0,0,12.4995,68.2531,0,3489910000,0,5324800,1048580,69353500,269906000,0,119869000,0,55.5678,0,17.0911,1.10816,0,30.5283,32,100,640,4096,0,0,96
nbody_kernel,2933,4096,128,128,4,32,0,1,1,0,4,5.12257E-05,0,16,2.33806,3100300,32791,0.0144923,19968,2.0964,4194300,65536,0,0,12.4997,67.6879,0,3490010000,0,2703360,524288,68304900,269353000,0,119720000,0,39.5958,0,12.1801,0.776356,0,21.729,32,100,512,8192,0,0,128
nbody_kernel,10507,4096,128,128,4,32,1,0,0,0,1,0.00170566,16,1905,20.8189,694340,100717000,0.587054,2098180,1.73895E-05,0,0,201347000,100683000,12.3716,48.0559,0,3489870000,0,949453000,203461000,2483420000,371909000,0,241674000,0,16.6106,0,4.74297,10.9699,0,17.0806,32,100,1024,0,160,0,31
nbody_kernel,9430,4096,128,128,4,32,1,0,1,0,1,0.00194133,28,1940,23.1958,621826,100717000,0.00603361,17408,1.28199,8388610,65536,201346000,100684000,12.4999,43.6946,0,3489870000,0,948929000,203461000,2687370000,371384000,0,248015000,0,20.3627,0,5.81677,14.5583,0,21.4971,32,100,1024,2048,160,0,33
nbody_kernel,10255,4096,128,128,4,32,1,1,0,0,1,0.00151576,0,1668,21.3899,912515,100717000,2.45393,8392190,1.78254E-05,0,0,201347000,100685000,12.3297,46.7552,0,3489870000,0,955867000,203461000,2684830000,371917000,0,248169000,0,17.53,0,4.99711,12.495,0,18.4794,32,100,1024,0,160,0,37
nbody_kernel,4512,4096,128,128,4,32,1,1,0,0,2,0.0123569,572,5405,48.6644,522911,100723000,2.06395,4197890,4.07481E-05,0,0,151021000,100688000,12.498,64.6998,0,3489910000,0,478241000,101749000,1342650000,320266000,0,182831000,0,27.8948,0,8.25495,10.3224,0,22.4898,32,100,1024,0,208,0,49
nbody_kernel,4922,4096,128,128,4,32,1,1,0,0,4,2.47209,1166,1298020,45.1258,1820560,100735000,1.11533,2100740,7.46059E-05,0,0,125854000,100699000,12.1906,53.5503,0,3490010000,0,239436000,50892800,671564000,294380000,0,150162000,0,30.2656,0,9.13044,5.71064,0,20.4303,32,100,1024,0,304,0,64
nbody_kernel,9430,4096,128,128,4,32,1,1,1,0,1,0.00178161,0,1801,23.1922,617532,100717000,0.0239934,69120,1.2822,8388610,65536,201348000,100684000,12.4999,43.6274,0,3489870000,0,950624000,203461000,2689020000,371393000,0,248120000,0,20.4059,0,5.82666,14.592,0,21.5428,32,100,1024,2048,160,0,31
nbody_kernel,4235,4096,128,128,4,32,1,1,1,0,2,0.0125355,208,5435,52.0488,297720,100723000,0.019708,36352,1.45474,4194300,65536,151021000,100690000,12.4998,62.918,0,3489910000,0,475619000,101749000,1344750000,320012000,0,182807000,0,30.7143,0,9.09721,11.3933,0,24.7812,32,100,1024,4096,208,0,43
nbody_kernel,5495,4096,128,128,4,32,1,1,1,0,4,3.51363,0,2069530,63.3915,60130700,100735000,0.00792355,19968,1.11358,4194300,65536,125804000,100671000,12.4999,65.7185,0,3490010000,0,238133000,50892800,672612000,294445000,0,150157000,0,22.0788,0,6.66361,4.17508,0,14.9099,32,100,1024,8192,304,0,61
nbody_kernel,7266,4096,128,128,4,32,2,0,0,0,1,0.00271071,0,2110,30.2897,994472,100717000,0.716896,2098180,2.52431E-05,0,0,201348000,100684000,12.491,57.6407,0,3489870000,0,479416000,69218300,1275300000,371954000,0,182942000,0,19.3855,0,5.74015,6.81768,0,15.648,32,100,1024,0,160,0,41
nbody_kernel,6980,4096,128,128,4,32,2,0,1,0,1,0.00267999,44,1962,31.462,844096,100717000,0.00705366,17408,1.73577,8388610,65536,201347000,100684000,12.4998,50.6037,0,3489870000,0,478892000,69218300,1479250000,371429000,0,189283000,0,22.956,0,6.80036,9.36858,0,19.1807,32,100,1024,2048,160,0,41
nbody_kernel,7397,4096,128,128,4,32,2,1,0,0,1,0.00229146,0,1823,29.6738,1103210,100717000,3.20113,8392190,2.4699E-05,0,0,201349000,100685000,12.4301,50.2897,0,3489870000,0,485827000,69218300,1476710000,371864000,0,189432000,0,21.7778,0,6.43739,8.85331,0,18.1713,32,100,1024,0,160,0,42
nbody_kernel,4406,4096,128,128,4,32,2,1,0,0,2,0.0116456,69,5363,50.2562,525709,100723000,2.20077,4197890,4.21023E-05,0,0,151016000,100690000,12.4403,62.4283,0,3489910000,0,243081000,34615300,738509000,320225000,0,153454000,0,29.318,0,8.83962,6.07984,0,20.2132,32,100,1024,0,208,0,56
nbody_kernel,4657,4096,128,128,4,32,2,1,0,0,4,2.63101,24,1320310,50.1496,7258030,100735000,1.10037,2100740,7.89066E-05,0,0,125873000,100712000,12.2226,57.448,0,3490010000,0,121725000,17313800,570786000,294412000,0,141762000,0,29.5571,0,9.00157,4.78518,0,19.0151,32,100,1024,0,304,0,64
nbody_kernel,6968,4096,128,128,4,32,2,1,1,0,1,0.00244788,0,1827,31.4957,844656,100717000,0.0280661,69120,1.73781,8388610,65536,201346000,100684000,12.4998,50.5604,0,3489870000,0,480584000,69218300,1480900000,371339000,0,189383000,0,23.0127,0,6.81422,9.39817,0,19.23,32,100,1024,2048,160,0,41
nbody_kernel,4243,4096,128,128,4,32,2,1,1,0,2,0.0136487,684,5465,52.0029,298044,100723000,0.0202207,36352,1.45765,4194300,65536,151022000,100690000,12.4997,61.2884,0,3489910000,0,240460000,34615300,740606000,320221000,0,153438000,0,30.9496,0,9.33982,6.44439,0,21.3547,32,100,1024,4096,208,0,50
nbody_kernel,5284,4096,128,128,4,32,2,1,1,0,4,3.71112,0,2055290,67.6716,61808600,100735000,0.00833528,19968,1.17561,4194300,65536,125921000,100674000,12.4998,65.9747,0,3490010000,0,120414000,17313800,571834000,294412000,0,141753000,0,22.9991,0,7.00746,3.73282,0,14.8019,32,100,1024,8192,304,0,63
nbody_kernel,1794,4096,128,128,4,32,4,0,0,0,1,0.000151972,12,17,0.391117,276956,32839,2.45339,2098180,0.000206369,0,0,0,0,12.4996,68.8475,0,3489870000,0,9498620,2101250,67174400,271151000,0,120010000,0,63.8868,0,19.6443,1.22912,0,35.13,32,100,896,0,0,0,72
nbody_kernel,1410,4096,128,128,4,32,4,0,1,0,1,0.000114051,0,17,0.484301,270904,32791,0.0258351,17408,4.39857,4194300,65536,0,0,12.4993,69.1502,0,3489870000,0,8974340,2097150,69795800,271172000,0,120076000,0,80.9677,0,24.9077,1.63132,0,44.5671,32,100,768,2048,0,0,80
nbody_kernel,2150,4096,128,128,4,32,4,1,0,0,1,0.000197082,16,29,0.325511,274676,32791,8.20103,8392190,0.0001718,0,0,0,0,12.4997,68.5998,0,3489870000,0,15810600,2101250,268583000,271151000,0,126501000,0,53.4734,0,16.4127,4.10555,0,30.9384,32,100,896,0,0,0,72
nbody_kernel,2274,4096,128,128,4,32,4,1,0,0,2,0.000144889,0,35,1.59584,1621470,32791,3.88806,4197890,0.000162187,0,0,0,0,12.4996,68.2779,0,3489910000,0,7946240,1052670,134365000,269873000,0,121982000,0,50.6593,0,15.5674,1.94818,0,28.2966,32,100,640,0,0,0,96
nbody_kernel,2923,4096,128,128,4,32,4,1,0,0,4,0.000112648,16,19,2.34597,3107740,32791,1.52872,2100740,0.000125998,0,0,0,0,12.4997,67.5955,0,3490010000,0,4014080,528384,67256300,269263000,0,119725000,0,39.7301,0,12.2159,0.765263,0,21.7938,32,100,512,0,0,0,128
nbody_kernel,1381,4096,128,128,4,32,4,1,1,0,1,0.000279945,16,25,0.497085,271596,32791,0.10463,69120,4.50289,4194300,65536,0,0,12.4993,69.3336,0,3489870000,0,10567700,2097150,71450600,271180000,0,120178000,0,82.7064,0,25.431,1.70478,0,45.5419,32,100,768,2048,0,0,80
nbody_kernel,2082,4096,128,128,4,32,4,1,1,0,2,0.000113504,0,25,1.69625,1572470,32791,0.0369076,36352,2.96744,4194300,65536,0,0,12.4995,68.2728,0,3489910000,0,5324800,1048580,69353500,269906000,0,119869000,0,55.4944,0,17.0686,1.1067,0,30.4879,32,100,640,4096,0,0,96
nbody_kernel,2928,4096,128,128,4,32,4,1,1,0,4,5.44943E-05,0,17,2.34088,3100070,32791,0.0145084,19968,2.09896,4194300,65536,0,0,12.4997,67.686,0,3490010000,0,2703360,524288,68304900,269353000,0,119720000,0,39.6454,0,12.1953,0.777328,0,21.7562,32,100,512,8192,0,0,128
nbody_kernel,6634,2048,128,128,8,0,0,0,0,0,1,0.000102705,0,73,0.0714265,145856,32791,0.656754,1049600,2.76193E-05,0,0,0,0,12.4999,34.4751,0,3489860000,0,134773000,33556500,33620000,302322000,0,124825000,0,34.4574,0,10.5007,0.328827,0,19.5317,32,100,640,0,0,0,96
nbody_kernel,3142,2048,128,128,8,0,0,0,1,0,1,0.00142983,452,25,0.137219,146360,32791,0.012135,9216,1.93899,4194300,32768,0,0,12.4997,34.7128,0,3489860000,0,102005000,33554400,135594000,269849000,0,125973000,0,71.8525,0,22.1054,2.79695,0,41.4951,32,100,512,2048,0,0,127
nbody_kernel,5858,2048,128,128,8,0,0,1,0,0,1,2.08344E-05,0,13,0.0785636,145012,32791,2.95967,4197890,3.13087E-05,0,0,0,0,12.4999,34.6857,0,3489860000,0,235446000,33556500,134365000,302320000,0,131119000,0,39.9324,0,11.8311,1.48055,0,23.116,32,100,640,0,0,0,96
nbody_kernel,4208,2048,128,128,8,0,0,1,0,0,2,5.36401E-05,9,15,0.10473,144464,32791,2.06747,2100740,4.36725E-05,0,0,0,0,12.4998,34.6647,0,3489910000,0,117744000,16779300,67256300,285434000,0,124289000,0,54.7042,0,16.5132,1.03441,0,30.5834,32,100,512,0,0,0,128
nbody_kernel,2974,2048,128,128,8,0,0,1,0,0,4,4.09708E-05,0,13,0.142674,144488,32791,1.47102,1052160,6.17093E-05,0,0,0,0,12.4997,34.4784,0,3490010000,0,58892300,8390660,33701900,277033000,0,120878000,0,76.9837,0,23.4592,0.736411,0,42.2554,32,100,256,0,0,0,254
nbody_kernel,5343,2048,128,128,8,0,0,1,1,0,1,0.000273169,94,62,0.0847853,143336,32927,0.0280445,36352,1.13482,4194300,32768,0,0,12.4998,34.695,0,3489860000,0,102801000,33554400,136462000,269855000,0,126025000,0,42.0837,0,12.9441,1.64826,0,24.3081,32,100,640,2048,0,0,96
nbody_kernel,4018,2048,128,128,8,0,0,1,1,0,2,3.04236E-05,0,13,0.106957,140896,32839,0.0205188,19968,0.762053,2097150,32768,0,0,12.4998,34.7136,0,3489910000,0,51421200,16777200,68304900,269244000,0,121744000,0,56.0482,0,17.2416,1.09894,0,31.2785,32,100,512,4096,0,0,128
nbody_kernel,2562,2048,128,128,8,0,0,1,1,0,4,4.75756E-05,0,13,0.163668,144304,32791,0.0190482,11776,1.19458,2097150,32768,0,0,12.4997,34.6166,0,3490010000,0,25731100,8388610,34226200,269009000,0,119607000,0,88.229,0,27.1424,0.86689,0,48.3758,32,100,256,8192,0,0,248
nbody_kernel,13426,2048,128,128,8,0,1,0,0,0,1,0.00122556,452,1308,16.3256,424332,100717000,0.325548,1049600,6.83724E-06,0,0,201348000,100684000,12.4999,34.4263,0,3489860000,0,974076000,268478000,2449870000,335872000,0,245446000,0,17.4113,0,5.20631,11.8788,0,19.0418,32,100,1024,0,320,0,26
nbody_kernel,13963,2048,128,128,8,0,1,0,1,0,1,0.00108883,282,1346,15.601,195805,100717000,0.00282136,9216,0.432871,4194300,32768,201348000,100685000,12.4999,33.2114,0,3489860000,0,941310000,268478000,2551840000,303104000,0,246577000,0,17.1242,0,5.16802,12.2823,0,18.9888,32,100,1024,2048,320,0,28
nbody_kernel,15380,2048,128,128,8,0,1,1,0,0,1,0.000842599,374,1003,14.481,1614850,100717000,1.19957,4197890,5.99263E-06,0,0,201335000,100684000,12.2834,32.252,0,3489860000,0,1108690000,268478000,2550610000,302055000,0,251736000,0,16.8982,0,4.87081,11.5703,0,18.2712,32,100,1024,0,320,0,27
nbody_kernel,11271,2048,128,128,8,0,1,1,0,0,2,0.00375106,0,4522,20.103,3949680,100723000,0.998232,2100740,8.13349E-06,0,0,151029000,100690000,12.1599,25.9887,0,3489910000,0,537731000,134261000,1275540000,302195000,0,184612000,0,27.435,0,8.20413,9.74605,0,22.5691,32,100,1024,0,416,0,39
nbody_kernel,10367,2048,128,128,8,0,1,1,0,0,4,0.188685,0,208999,29.1173,39260400,100735000,0.451166,1052160,8.82756E-06,0,0,125891000,100723000,12.2014,31.4298,0,3490010000,0,260729000,67151900,638009000,293788000,0,151053000,0,24.1614,0,7.36273,4.3749,0,16.5725,32,100,1024,0,608,0,61
nbody_kernel,13937,2048,128,128,8,0,1,1,1,0,1,0.00104023,174,1376,15.6063,198156,100717000,0.011089,36352,0.433225,4194300,32768,201347000,100684000,12.4999,33.3779,0,3489860000,0,976044000,268478000,2552710000,269287000,0,246632000,0,17.0578,0,5.14645,12.2352,0,18.9138,32,100,1024,2048,320,0,30
nbody_kernel,10436,2048,128,128,8,0,1,1,1,0,2,0.00431818,0,4562,22.528,2579240,100723000,0.0105182,19968,0.308188,2097150,32768,151019000,100690000,12.4999,27.4232,0,3489910000,0,471671000,134261000,1276590000,285549000,0,182060000,0,28.8887,0,8.84349,10.5142,0,23.9917,32,100,1024,4096,416,0,40
nbody_kernel,10978,2048,128,128,8,0,1,1,1,0,4,0.401782,142,473915,43.818,120670000,100735000,0.00453754,11776,0.279364,2097150,32768,125968000,101077000,12.4999,34.1379,0,3490010000,0,227568000,67151900,638534000,285592000,0,149777000,0,20.9425,0,6.44272,3.83137,0,14.3792,32,100,1024,8192,608,0,63
nbody_kernel,11251,2048,128,128,8,0,2,0,0,0,1,0.00112233,0,1352,19.4912,451870,100717000,0.390713,1049600,8.16423E-06,0,0,201348000,100684000,12.4998,34.2619,0,3489860000,0,537596000,134236000,1241740000,369525000,0,186707000,0,20.4981,0,6.2466,7.22398,0,17.379,32,100,1024,0,320,0,37
nbody_kernel,10082,2048,128,128,8,0,2,0,1,0,1,0.00112199,40,1171,21.6792,192379,100717000,0.00377633,9216,0.600196,4194300,32768,201347000,100684000,12.4999,34.6035,0,3489860000,0,538384000,134236000,1343720000,303204000,0,187846000,0,22.5699,0,6.87742,8.60666,0,19.2508,32,100,1024,2048,320,0,37
nbody_kernel,13169,2048,128,128,8,0,2,1,0,0,1,0.000871099,0,1239,16.5293,1487340,100717000,1.52729,4197890,6.86016E-06,0,0,201349000,100684000,12.1146,28.5352,0,3489860000,0,671926000,134236000,1342490000,335880000,0,193000000,0,21.4683,0,6.30222,7.87961,0,18.1248,32,100,1024,0,320,0,37
nbody_kernel,10068,2048,128,128,8,0,2,1,0,0,2,0.00444527,167,4612,22.2607,3663940,100723000,1.10678,2100740,9.03534E-06,0,0,151025000,100692000,12.1441,26.008,0,3489910000,0,319318000,67127300,671400000,318996000,0,155237000,0,30.1692,0,9.10703,5.69455,0,21.0665,32,100,1024,0,416,0,46
nbody_kernel,9258,2048,128,128,8,0,2,1,0,0,4,0.203002,48,201221,31.8882,36451000,100735000,0.502758,1052160,9.86215E-06,0,0,125911000,100709000,12.0543,31.0789,0,3490010000,0,159803000,33572900,537231000,293765000,0,142650000,0,27.2979,0,8.31851,4.16206,0,17.6823,32,100,1024,0,608,0,63
nbody_kernel,10108,2048,128,128,8,0,2,1,1,0,1,0.000906863,0,984,21.6093,195340,100717000,0.0148606,36352,0.600027,4194300,32768,201347000,100684000,12.4999,34.6904,0,3489860000,0,539542000,134236000,1344590000,302852000,0,187897000,0,22.5136,0,6.85827,8.58823,0,19.2024,32,100,1024,2048,320,0,38
nbody_kernel,9500,2048,128,128,8,0,2,1,1,0,2,0.00569418,392,4906,25.4675,2160070,100723000,0.0121095,19968,0.349861,2097150,32768,151010000,100690000,12.4999,27.088,0,3489910000,0,252996000,67127300,672449000,302612000,0,152685000,0,33.0389,0,10.1635,6.3651,0,23.124,32,100,1024,4096,416,0,48
nbody_kernel,9718,2048,128,128,8,0,2,1,1,0,4,0.43682,420,450359,49.5147,120721000,100735000,0.00510868,11776,0.31551,2097150,32768,126175000,101520000,12.4999,34.1398,0,3490010000,0,126642000,33572900,537756000,285573000,0,141374000,0,23.6509,0,7.2759,3.64396,0,15.3278,32,100,1024,8192,608,0,64
nbody_kernel,8127,2048,128,128,8,0,4,0,0,0,1,0.00148804,114,1170,27.024,430605,100717000,0.540848,1049600,1.13275E-05,0,0,201349000,100684000,12.4995,34.3452,0,3489860000,0,336204000,67115000,637682000,369523000,0,157340000,0,28.3709,0,8.64587,5.13469,0,20.2707,32,100,1024,0,320,0,64
nbody_kernel,6924,2048,128,128,8,0,4,0,1,0,1,0.00186528,52,1324,31.5218,190860,100717000,0.00554105,9216,0.876359,4194300,32768,201341000,100685000,12.4998,34.4609,0,3489860000,0,303436000,67115000,739656000,336755000,0,158479000,0,32.7755,0,10.0834,6.94607,0,23.8122,32,100,1024,2048,320,0,64
nbody_kernel,9444,2048,128,128,8,0,4,1,0,0,1,0.00118947,4,1207,23.0622,1457980,100717000,2.14929,4197890,9.57641E-06,0,0,201344000,100695000,12.0484,28.1685,0,3489860000,0,436896000,67115000,738427000,369424000,0,163632000,0,30.08,0,8.91209,6.12898,0,21.7305,32,100,1024,0,320,0,64
nbody_kernel,9111,2048,128,128,8,0,4,1,0,0,2,0.00475702,1,4486,25.4612,4030560,100723000,1.22847,2100740,1.03067E-05,0,0,151058000,100685000,12.2534,27.0136,0,3489910000,0,218530000,33560600,570679000,318962000,0,146841000,0,33.1333,0,10.0018,5.31583,0,21.885,32,100,1024,0,416,0,62
nbody_kernel,9534,2048,128,128,8,0,4,1,0,0,4,0.185286,66,189280,30.3792,34259400,100735000,0.498799,1052160,9.54918E-06,0,0,125855000,100707000,11.9497,30.0717,0,3490010000,0,109347000,16783400,486842000,293730000,0,138449000,0,27.3168,0,8.3243,3.77431,0,17.1734,32,100,1024,0,608,0,64
nbody_kernel,6922,2048,128,128,8,0,4,1,1,0,1,0.00156516,0,1152,31.6357,187124,100717000,0.0218542,36352,0.879566,4194300,32768,201347000,100684000,12.4998,34.7307,0,3489860000,0,304251000,67115000,740524000,336656000,0,158528000,0,32.6473,0,10.0417,6.92545,0,23.7211,32,100,1024,2048,320,0,64
nbody_kernel,8373,2048,128,128,8,0,4,1,1,0,2,0.00624821,342,4638,29.7782,2237600,100723000,0.0134081,19968,0.408572,2097150,32768,151032000,100690000,12.4995,28.5696,0,3489910000,0,152207000,33560600,571728000,302578000,0,144289000,0,36.5823,0,11.2536,5.99213,0,24.196,32,100,1024,4096,416,0,62
nbody_kernel,10563,2048,128,128,8,0,4,1,1,0,4,0.454086,40,508760,45.6161,120920000,100735000,0.00471024,11776,0.290622,2097150,32768,125865000,100919000,12.4996,34.0117,0,3490010000,0,76185600,16783400,487367000,285538000,0,137173000,0,21.8673,0,6.7272,3.05346,0,13.7507,32,100,1024,8192,608,0,64
nbody_kernel,6629,2048,128,128,8,0,8,0,0,0,1,0.00161863,1004,138,0.0714921,145856,32791,0.656926,1049600,2.76207E-05,0,0,0,0,12.4999,34.4697,0,3489860000,0,134773000,33556500,33620000,302322000,0,124825000,0,34.4646,0,10.5029,0.328895,0,19.5357,32,100,640,0,0,0,96
nbody_kernel,3142,2048,128,128,8,0,8,0,1,0,1,6.84764E-05,4,19,0.137555,146360,32791,0.0121407,9216,1.93896,4194300,32768,0,0,12.4997,34.7124,0,3489860000,0,102005000,33554400,135594000,269849000,0,125973000,0,71.852,0,22.1053,2.79693,0,41.4948,32,100,512,2048,0,0,127
nbody_kernel,5858,2048,128,128,8,0,8,1,0,0,1,0,0,0,0.0784343,144068,32791,2.95979,4197890,3.12574E-05,0,0,0,0,12.4999,34.6297,0,3489860000,0,235446000,33556500,134365000,302320000,0,131119000,0,39.9315,0,11.8308,1.48052,0,23.1154,32,100,640,0,0,0,96
nbody_kernel,4209,2048,128,128,8,0,8,1,0,0,2,5.14016E-05,0,23,0.104363,144224,32791,2.06746,2100740,4.36705E-05,0,0,0,0,12.4998,34.663,0,3489910000,0,117744000,16779300,67256300,285434000,0,124289000,0,54.7043,0,16.5132,1.03441,0,30.5835,32,100,512,0,0,0,128
nbody_kernel,2974,2048,128,128,8,0,8,1,0,0,4,5.99142E-05,0,19,0.142748,144224,32839,1.47119,1052160,6.17399E-05,0,0,0,0,12.4997,34.4926,0,3490010000,0,58892300,8390660,33701900,277033000,0,120878000,0,76.9902,0,23.4612,0.736473,0,42.2589,32,100,256,0,0,0,254
nbody_kernel,5342,2048,128,128,8,0,8,1,1,0,1,0.000130862,0,75,0.0841565,142520,32839,0.0280444,36352,1.13514,4194300,32768,0,0,12.4998,34.7049,0,3489860000,0,102801000,33554400,136462000,269855000,0,126025000,0,42.0838,0,12.9441,1.64826,0,24.3081,32,100,640,2048,0,0,96
nbody_kernel,4017,2048,128,128,8,0,8,1,1,0,2,3.95311E-05,0,17,0.106911,141688,32791,0.0205187,19968,0.76201,2097150,32768,0,0,12.4998,34.712,0,3489910000,0,51421200,16777200,68304900,269244000,0,121744000,0,56.0476,0,17.2415,1.09893,0,31.2782,32,100,512,4096,0,0,128
nbody_kernel,2561,2048,128,128,8,0,8,1,1,0,4,6.95355E-05,0,19,0.163652,144304,32791,0.0190479,11776,1.19483,2097150,32768,0,0,12.4997,34.6239,0,3490010000,0,25731100,8388610,34226200,269009000,0,119607000,0,88.2285,0,27.1423,0.866885,0,48.3755,32,100,256,8192,0,0,248
nbody_kernel,6625,2048,128,128,8,1,0,0,0,0,1,0.000145463,84,19,0.0714143,146648,32791,0.65688,1049600,2.76306E-05,0,0,0,0,12.4999,34.4875,0,3489860000,0,134773000,33556500,33620000,302322000,0,124825000,0,34.4591,0,10.5012,0.328843,0,19.5326,32,100,640,0,0,0,96
nbody_kernel,3140,2048,128,128,8,1,0,0,1,0,1,5.69796E-05,0,19,0.137162,146360,32791,0.0121408,9216,1.94098,4194300,32768,0,0,12.4997,34.7487,0,3489860000,0,102005000,33554400,135594000,269849000,0,125973000,0,71.852,0,22.1053,2.79693,0,41.4948,32,100,512,2048,0,0,127
nbody_kernel,5859,2048,128,128,8,1,0,1,0,0,1,3.04515E-05,0,19,0.0785941,144492,32839,2.96014,4197890,3.13145E-05,0,0,0,0,12.4999,34.6917,0,3489860000,0,235446000,33556500,134365000,302320000,0,131119000,0,39.9329,0,11.8312,1.48057,0,23.1163,32,100,640,0,0,0,96
nbody_kernel,4204,2048,128,128,8,1,0,1,0,0,2,4.4537E-05,1,19,0.104802,144616,32791,2.06727,2100740,4.35865E-05,0,0,0,0,12.4998,34.5993,0,3489910000,0,117744000,16779300,67256300,285434000,0,124289000,0,54.6996,0,16.5118,1.03432,0,30.5809,32,100,512,0,0,0,128
nbody_kernel,2974,2048,128,128,8,1,0,1,0,0,4,0.000602145,168,23,0.142743,144224,32791,1.47107,1052160,6.19262E-05,0,0,0,0,12.4997,34.5992,0,3490010000,0,58892300,8390660,33701900,277033000,0,120878000,0,76.9846,0,23.4595,0.73642,0,42.2559,32,100,256,0,0,0,254
nbody_kernel,5340,2048,128,128,8,1,0,1,1,0,1,3.33842E-05,0,19,0.0841314,142520,32791,0.0280446,36352,1.13508,4194300,32768,0,0,12.4998,34.7028,0,3489860000,0,102801000,33554400,136462000,269855000,0,126025000,0,42.0839,0,12.9442,1.64826,0,24.3081,32,100,640,2048,0,0,96
nbody_kernel,4017,2048,128,128,8,1,0,1,1,0,2,4.44647E-05,0,19,0.106878,140968,32791,0.0205188,19968,0.763146,2097150,32768,0,0,12.4998,34.7635,0,3489910000,0,51421200,16777200,68304900,269244000,0,121744000,0,56.048,0,17.2416,1.09894,0,31.2784,32,100,512,4096,0,0,128
nbody_kernel,2563,2048,128,128,8,1,0,1,1,0,4,6.95336E-05,0,19,0.163697,144424,32791,0.019048,11776,1.19451,2097150,32768,0,0,12.4997,34.6146,0,3490010000,0,25731100,8388610,34226200,269009000,0,119607000,0,88.2289,0,27.1424,0.866888,0,48.3757,32,100,256,8192,0,0,248
nbody_kernel,13568,2048,128,128,8,1,1,0,0,0,1,0.000888062,0,1292,16.1467,419955,100717000,0.322073,1049600,6.76214E-06,0,0,201343000,100684000,12.4999,34.4175,0,3489860000,0,974076000,268478000,2449870000,335872000,0,245446000,0,17.2245,0,5.15045,11.7514,0,18.8374,32,100,1024,0,320,0,26
nbody_kernel,14128,2048,128,128,8,1,1,0,1,0,1,0.000920733,100,1304,15.3376,194805,100717000,0.00278248,9216,0.425497,4194300,32768,201347000,100684000,12.4999,33.1992,0,3489860000,0,941310000,268478000,2551840000,303104000,0,246577000,0,16.8387,0,5.08185,12.0775,0,18.6722,32,100,1024,2048,320,0,28
nbody_kernel,15481,2048,128,128,8,1,1,1,0,0,1,0.000648863,0,1083,14.2679,1601780,100717000,1.18318,4197890,5.90405E-06,0,0,201341000,100684000,12.2888,32.1678,0,3489860000,0,1108690000,268478000,2550610000,302055000,0,251736000,0,16.6919,0,4.81136,11.4291,0,18.0482,32,100,1024,0,320,0,27
nbody_kernel,11345,2048,128,128,8,1,1,1,0,0,2,0.00393247,110,4629,19.9156,3942420,100723000,0.990131,2100740,8.06626E-06,0,0,151065000,100690000,12.1673,25.9978,0,3489910000,0,537731000,134261000,1275540000,302195000,0,184612000,0,27.1987,0,8.13347,9.66211,0,22.3747,32,100,1024,0,416,0,39
nbody_kernel,10362,2048,128,128,8,1,1,1,0,0,4,0.190395,0,210598,29.0887,39129200,100735000,0.450699,1052160,8.81781E-06,0,0,125827000,100709000,12.2028,31.4137,0,3490010000,0,260729000,67151900,638009000,293788000,0,151053000,0,24.1471,0,7.35836,4.3723,0,16.5627,32,100,1024,0,608,0,61
nbody_kernel,14109,2048,128,128,8,1,1,1,1,0,1,0.00103842,296,1272,15.4446,196136,100717000,0.0109289,36352,0.428488,4194300,32768,201347000,100684000,12.4999,33.5271,0,3489860000,0,976044000,268478000,2552710000,269287000,0,246632000,0,16.7963,0,5.06753,12.0475,0,18.6237,32,100,1024,2048,320,0,30
nbody_kernel,10534,2048,128,128,8,1,1,1,1,0,2,0.00385684,130,3985,22.3897,2594850,100723000,0.010397,19968,0.305864,2097150,32768,151020000,100690000,12.4999,27.5392,0,3489910000,0,471671000,134261000,1276590000,285549000,0,182060000,0,28.55,0,8.73983,10.391,0,23.7104,32,100,1024,4096,416,0,40
nbody_kernel,10951,2048,128,128,8,1,1,1,1,0,4,0.39521,290,465585,43.7113,120719000,100735000,0.00454652,11776,0.278645,2097150,32768,125892000,100952000,12.4999,34.13,0,3490010000,0,227568000,67151900,638534000,285592000,0,149777000,0,20.8934,0,6.4276,3.82238,0,14.3455,32,100,1024,8192,608,0,63
nbody_kernel,11409,2048,128,128,8,1,2,0,0,0,1,0.00110299,0,1338,19.209,445540,100717000,0.385046,1049600,8.05491E-06,0,0,201349000,100684000,12.4999,34.3052,0,3489860000,0,537596000,134236000,1241740000,369525000,0,186707000,0,20.1981,0,6.15518,7.11825,0,17.1247,32,100,1024,0,320,0,37
nbody_kernel,10246,2048,128,128,8,1,2,0,1,0,1,0.00111391,2,1220,21.3034,191944,100717000,0.00371766,9216,0.589973,4194300,32768,201347000,100684000,12.4999,34.5545,0,3489860000,0,538384000,134236000,1343720000,303204000,0,187846000,0,22.2169,0,6.76988,8.47207,0,18.9498,32,100,1024,2048,320,0,37
nbody_kernel,13323,2048,128,128,8,1,2,1,0,0,1,0.00156036,918,1332,16.3517,1487850,100717000,1.50756,4197890,6.7747E-06,0,0,201340000,100684000,12.1013,28.5343,0,3489860000,0,671926000,134236000,1342490000,335880000,0,193000000,0,21.2015,0,6.2239,7.7817,0,17.8995,32,100,1024,0,320,0,37
nbody_kernel,10265,2048,128,128,8,1,2,1,0,0,2,0.00429156,29,4663,22.0292,3674130,100723000,1.09615,2100740,8.9503E-06,0,0,151019000,100690000,12.1457,26.056,0,3489910000,0,319318000,67127300,671400000,318996000,0,155237000,0,29.8303,0,9.00472,5.63058,0,20.8298,32,100,1024,0,416,0,46
nbody_kernel,9284,2048,128,128,8,1,2,1,0,0,4,0.203066,30,201683,31.7957,36550300,100735000,0.501372,1052160,9.83017E-06,0,0,125850000,100702000,12.0539,31.1012,0,3490010000,0,159803000,33572900,537231000,293765000,0,142650000,0,27.1899,0,8.2856,4.1456,0,17.6124,32,100,1024,0,608,0,63
nbody_kernel,10262,2048,128,128,8,1,2,1,1,0,1,0.00136652,204,1287,21.2872,195056,100717000,0.0146564,36352,0.591434,4194300,32768,201347000,100684000,12.4999,34.6742,0,3489860000,0,539542000,134236000,1344590000,302852000,0,187897000,0,22.2015,0,6.7632,8.46919,0,18.9362,32,100,1024,2048,320,0,38
nbody_kernel,9587,2048,128,128,8,1,2,1,1,0,2,0.00473389,106,4341,25.294,2195390,100723000,0.0119033,19968,0.346865,2097150,32768,151068000,100690000,12.4999,27.2929,0,3489910000,0,252996000,67127300,672449000,302612000,0,152685000,0,32.5101,0,10.0009,6.26323,0,22.7539,32,100,1024,4096,416,0,48
nbody_kernel,9736,2048,128,128,8,1,2,1,1,0,4,0.496811,0,515683,48.9685,120607000,100735000,0.00508331,11776,0.312092,2097150,32768,126011000,101216000,12.4998,34.0236,0,3490010000,0,126642000,33572900,537756000,285573000,0,141374000,0,23.4746,0,7.22167,3.6168,0,15.2135,32,100,1024,8192,608,0,64
nbody_kernel,8296,2048,128,128,8,1,4,0,0,0,1,0.00154168,170,1199,26.4337,433541,100717000,0.527402,1049600,1.1078E-05,0,0,201351000,100683000,12.4992,34.4451,0,3489860000,0,336204000,67115000,637682000,369523000,0,157340000,0,27.6656,0,8.43092,5.00703,0,19.7668,32,100,1024,0,320,0,64
nbody_kernel,7057,2048,128,128,8,1,4,0,1,0,1,0.00177487,0,1337,31.089,192432,100717000,0.0054338,9216,0.861438,4194300,32768,201341000,100684000,12.4998,34.5336,0,3489860000,0,303436000,67115000,739656000,336755000,0,158479000,0,32.1497,0,9.8909,6.81344,0,23.3576,32,100,1024,2048,320,0,64
nbody_kernel,9562,2048,128,128,8,1,4,1,0,0,1,0.00115803,0,1198,22.6981,1489150,100717000,2.11488,4197890,9.41026E-06,0,0,201330000,100682000,12.0525,28.1208,0,3489860000,0,436896000,67115000,738427000,369424000,0,163632000,0,29.6083,0,8.77232,6.03286,0,21.3897,32,100,1024,0,320,0,64
nbody_kernel,9205,2048,128,128,8,1,4,1,0,0,2,0.00476008,0,4561,25.4781,3999940,100723000,1.21164,2100740,1.0312E-05,0,0,150944000,100684000,12.2466,27.2684,0,3489910000,0,218530000,33560600,570679000,318962000,0,146841000,0,32.8407,0,9.91345,5.26888,0,21.6916,32,100,1024,0,416,0,62
nbody_kernel,9568,2048,128,128,8,1,4,1,0,0,4,0.184123,0,188840,30.3881,34264400,100735000,0.497542,1052160,9.53712E-06,0,0,125890000,100721000,11.9453,30.1413,0,3490010000,0,109347000,16783400,486842000,293730000,0,138449000,0,27.2194,0,8.29459,3.76084,0,17.1122,32,100,1024,0,608,0,64
nbody_kernel,7040,2048,128,128,8,1,4,1,1,0,1,0.00156295,0,1170,31.0254,186656,100717000,0.0214382,36352,0.862584,4194300,32768,201347000,100987000,12.4998,34.7199,0,3489860000,0,304251000,67115000,740524000,336656000,0,158528000,0,32.0269,0,9.8509,6.79386,0,23.2704,32,100,1024,2048,320,0,64
nbody_kernel,8466,2048,128,128,8,1,4,1,1,0,2,0.00553356,156,4354,29.3487,2298220,100723000,0.0131704,19968,0.402101,2097150,32768,151010000,100690000,12.4995,28.5842,0,3489910000,0,152207000,33560600,571728000,302578000,0,144289000,0,35.9845,0,11.0697,5.89422,0,23.8007,32,100,1024,4096,416,0,62
nbody_kernel,10677,2048,128,128,8,1,4,1,1,0,4,0.442904,44,501725,45.2032,120882000,100735000,0.00469692,11776,0.288119,2097150,32768,125959000,100718000,12.4996,33.9028,0,3490010000,0,76185600,16783400,487367000,285538000,0,137173000,0,21.7486,0,6.69068,3.03688,0,13.676,32,100,1024,8192,608,0,64
nbody_kernel,6633,2048,128,128,8,1,8,0,0,0,1,8.50436E-06,0,6,0.0713996,145856,32791,0.656922,1049600,2.76782E-05,0,0,0,0,12.4999,34.5414,0,3489860000,0,134773000,33556500,33620000,302322000,0,124825000,0,34.4646,0,10.5029,0.328895,0,19.5358,32,100,640,0,0,0,96
nbody_kernel,3140,2048,128,128,8,1,8,0,1,0,1,5.69805E-05,0,19,0.137177,146360,32791,0.0121407,9216,1.94111,4194300,32768,0,0,12.4997,34.7502,0,3489860000,0,102005000,33554400,135594000,269849000,0,125973000,0,71.8538,0,22.1058,2.797,0,41.4959,32,100,512,2048,0,0,127
nbody_kernel,5860,2048,128,128,8,1,8,1,0,0,1,3.83497E-05,0,24,0.0784804,144244,32791,2.95986,4197890,3.12505E-05,0,0,0,0,12.4999,34.6228,0,3489860000,0,235446000,33556500,134365000,302320000,0,131119000,0,39.9305,0,11.8305,1.48049,0,23.1149,32,100,640,0,0,0,96
nbody_kernel,4207,2048,128,128,8,1,8,1,0,0,2,0.000113274,32,19,0.105054,145384,32791,2.06729,2100740,4.36056E-05,0,0,0,0,12.4998,34.6136,0,3489910000,0,117744000,16779300,67256300,285434000,0,124289000,0,54.7009,0,16.5122,1.03434,0,30.5816,32,100,512,0,0,0,128
nbody_kernel,2975,2048,128,128,8,1,8,1,0,0,4,5.98095E-05,0,19,0.142743,144224,32791,1.47114,1052160,6.19205E-05,0,0,0,0,12.4997,34.5937,0,3490010000,0,58892300,8390660,33701900,277033000,0,120878000,0,76.9897,0,23.461,0.736468,0,42.2587,32,100,256,0,0,0,254
nbody_kernel,5343,2048,128,128,8,1,8,1,1,0,1,4.72549E-05,8,19,0.0843861,143392,32839,0.0280445,36352,1.13446,4194300,32768,0,0,12.4998,34.6838,0,3489860000,0,102801000,33554400,136462000,269855000,0,126025000,0,42.0841,0,12.9442,1.64827,0,24.3083,32,100,640,2048,0,0,96
nbody_kernel,4019,2048,128,128,8,1,8,1,1,0,2,4.44591E-05,0,19,0.106897,140896,32839,0.0205187,19968,0.763053,2097150,32768,0,0,12.4998,34.7591,0,3489910000,0,51421200,16777200,68304900,269244000,0,121744000,0,56.0482,0,17.2416,1.09895,0,31.2785,32,100,512,4096,0,0,128
nbody_kernel,2563,2048,128,128,8,1,8,1,1,0,4,6.95492E-05,0,19,0.163683,144752,32791,0.019048,11776,1.19449,2097150,32768,0,0,12.4997,34.6146,0,3490010000,0,25731100,8388610,34226200,269009000,0,119607000,0,88.2276,0,27.142,0.866876,0,48.375,32,100,256,8192,0,0,248
nbody_kernel,3877,2048,128,128,8,2,0,0,0,0,1,4.11663E-05,0,17,0.113659,145888,32839,1.13389,1049600,4.73992E-05,0,0,0,0,12.4998,34.2757,0,3489860000,0,67663900,16779300,33620000,285546000,0,121679000,0,59.1954,0,18.1257,0.567604,0,32.8649,32,100,512,0,0,0,127
nbody_kernel,2829,2048,128,128,8,2,0,0,1,0,1,6.28658E-05,0,19,0.151052,146360,32791,0.013493,9216,1.08878,2097150,32768,0,0,12.4997,34.7077,0,3489860000,0,51673100,16777200,68485100,269853000,0,121779000,0,79.8552,0,24.5675,1.573,0,44.5813,32,100,512,2048,0,0,127
nbody_kernel,3288,2048,128,128,8,2,0,1,0,0,1,5.38449E-05,0,19,0.130072,144536,32791,5.2865,4197890,5.58728E-05,0,0,0,0,12.4998,34.168,0,3489860000,0,118006000,16779300,134365000,285540000,0,126401000,0,71.0027,0,21.4334,2.6822,0,40.3703,32,100,512,0,0,0,128
nbody_kernel,3008,2048,128,128,8,2,0,1,0,0,2,6.84565E-05,1,21,0.141117,144408,32791,2.90297,2100740,6.11476E-05,0,0,0,0,12.4997,34.5742,0,3489910000,0,59023400,8390660,67256300,277049000,0,121930000,0,76.0695,0,23.1813,1.4521,0,42.1182,32,100,384,0,0,0,162
nbody_kernel,2931,2048,128,128,8,2,0,1,0,0,4,6.06868E-05,0,19,0.144662,144224,32791,1.49252,1052160,6.28309E-05,0,0,0,0,12.4997,34.6025,0,3490010000,0,29532200,4196350,33701900,272851000,0,119699000,0,77.7301,0,23.8,0.747108,0,42.4509,32,100,256,0,0,0,247
nbody_kernel,2750,2048,128,128,8,2,0,1,1,0,1,6.51619E-05,0,19,0.150679,140896,32791,0.0547901,36352,1.12201,2097150,32768,0,0,12.4997,34.7446,0,3489860000,0,52469800,16777200,69353500,269847000,0,121830000,0,82.224,0,25.2904,1.63974,0,45.9128,32,100,512,2048,0,0,128
nbody_kernel,2557,2048,128,128,8,2,0,1,1,0,2,6.97112E-05,0,19,0.162758,142688,32791,0.0323796,19968,1.19917,2097150,32768,0,0,12.4997,34.6139,0,3489910000,0,26255400,8388610,34750500,269251000,0,119647000,0,88.4518,0,27.2097,0.883985,0,48.5116,32,100,384,4096,0,0,160
nbody_kernel,2481,2048,128,128,8,2,0,1,1,0,4,0.000434708,0,115,0.168073,142776,32943,0.0196812,11776,1.2341,2097150,32768,0,0,12.4997,34.6094,0,3490010000,0,13148200,4194300,34226200,269019000,0,119083000,0,91.1667,0,28.0462,0.895754,0,49.7676,32,100,256,8192,0,0,246
nbody_kernel,13240,2048,128,128,8,2,1,0,0,0,1,0.00113246,166,1430,16.5234,416826,100717000,0.33093,1049600,6.92968E-06,0,0,201345000,100683000,12.4999,34.3439,0,3489860000,0,1041180000,251701000,2449870000,302322000,0,241244000,0,18.762,0,5.28937,12.0683,0,19.0143,32,100,1024,0,320,0,29
nbody_kernel,12623,2048,128,128,8,2,1,0,1,0,1,0.00103765,22,1378,17.2574,193660,100717000,0.00308941,9216,0.479509,4194300,32768,201347000,100684000,12.4999,33.7064,0,3489860000,0,1008670000,251701000,2551840000,302850000,0,243431000,0,19.8364,0,5.64076,13.4058,0,20.4613,32,100,1024,2048,320,0,29
nbody_kernel,15259,2048,128,128,8,2,1,1,0,0,1,0.000599008,0,973,14.5119,1611100,100717000,1.2441,4197890,6.01443E-06,0,0,201341000,100684000,12.2851,31.1035,0,3489860000,0,1091640000,251701000,2550610000,302324000,0,245969000,0,18.2973,0,5.06904,12.0412,0,18.5792,32,100,1024,0,320,0,35
nbody_kernel,11235,2048,128,128,8,2,1,1,0,0,2,0.00425392,542,4538,20.2939,3953680,100723000,1.00307,2100740,8.2112E-06,0,0,151026000,100695000,12.1631,26.1668,0,3489910000,0,529295000,125872000,1275540000,302242000,0,181729000,0,28.0222,0,8.22613,9.77218,0,22.2761,32,100,1024,0,416,0,47
nbody_kernel,10995,2048,128,128,8,2,1,1,0,0,4,0.1739,222,204268,26.6942,35024400,100735000,0.430762,1052160,8.33595E-06,0,0,125777000,100707000,11.9611,30.4212,0,3490010000,0,264923000,62957600,638009000,285395000,0,149611000,0,23.909,0,7.18321,4.26822,0,16.0141,32,100,1024,0,608,0,64
nbody_kernel,12590,2048,128,128,8,2,1,1,1,0,1,0.000935737,8,1250,17.3135,197052,100717000,0.012196,36352,0.481085,4194300,32768,201347000,100684000,12.4999,33.7834,0,3489860000,0,1009330000,251701000,2552710000,303108000,0,243487000,0,19.9485,0,5.6464,13.4237,0,20.4865,32,100,1024,2048,320,0,30
nbody_kernel,10083,2048,128,128,8,2,1,1,1,0,2,0.00443603,0,4541,23.248,2515780,100723000,0.0111231,19968,0.318139,2097150,32768,151018000,100690000,12.4999,26.8128,0,3489910000,0,496527000,125872000,1276590000,294244000,0,180487000,0,31.5186,0,9.33683,11.1008,0,25.1112,32,100,1024,4096,416,0,41
nbody_kernel,10636,2048,128,128,8,2,1,1,1,0,4,0.406298,52,462953,45.1185,120705000,100735000,0.00468657,11776,0.286991,2097150,32768,125961000,100758000,12.4999,33.7904,0,3490010000,0,248539000,62957600,638534000,281397000,0,148990000,0,22.1535,0,6.68668,3.97645,0,14.8453,32,100,1024,8192,608,0,64
nbody_kernel,10969,2048,128,128,8,2,2,0,0,0,1,0.00112603,0,1313,19.99,452393,100717000,0.402262,1049600,8.3725E-06,0,0,201347000,100684000,12.4999,34.1332,0,3489860000,0,537567000,117459000,1241740000,335999000,0,182513000,0,21.8034,0,6.4301,7.43619,0,17.4877,32,100,1024,0,320,0,37
nbody_kernel,9928,2048,128,128,8,2,2,0,1,0,1,0.00132823,246,1157,22.0188,191789,100717000,0.0038355,9216,0.611404,4194300,32768,201347000,100684000,12.4999,34.7159,0,3489860000,0,521576000,117459000,1343720000,320012000,0,184700000,0,23.5714,0,6.98318,8.73901,0,19.2195,32,100,1024,2048,320,0,37
nbody_kernel,12911,2048,128,128,8,2,2,1,0,0,1,0.000944568,24,1293,16.9453,1479160,100717000,1.56517,4197890,7.0316E-06,0,0,201370000,100684000,12.0888,28.5064,0,3489860000,0,588016000,117459000,1342490000,335905000,0,187233000,0,22.2289,0,6.46624,8.08468,0,18.0408,32,100,1024,0,320,0,38
nbody_kernel,9868,2048,128,128,8,2,2,1,0,0,2,0.00448658,107,4679,22.629,3625690,100723000,1.13577,2100740,9.20198E-06,0,0,150998000,100692000,12.1665,25.9379,0,3489910000,0,294152000,58738700,671400000,302219000,0,152353000,0,31.0993,0,9.30006,5.81525,0,21.1134,32,100,1024,0,416,0,54
nbody_kernel,9882,2048,128,128,8,2,2,1,0,0,4,0.178117,0,188590,28.8395,31310300,100735000,0.475454,1052160,9.24881E-06,0,0,125814000,100713000,11.6137,29.7369,0,3490010000,0,147220000,29378600,537231000,285379000,0,141209000,0,26.8829,0,8.15323,4.07937,0,17.1558,32,100,1024,0,608,0,64
nbody_kernel,9950,2048,128,128,8,2,2,1,1,0,1,0.00108512,0,1155,22.0131,196760,100717000,0.0151188,36352,0.611189,4194300,32768,201353000,100684000,12.4999,34.7232,0,3489860000,0,522480000,117459000,1344590000,319914000,0,184751000,0,23.5631,0,6.97925,8.73973,0,19.2139,32,100,1024,2048,320,0,38
nbody_kernel,9369,2048,128,128,8,2,2,1,1,0,2,0.00503389,0,4623,25.8105,2133940,100723000,0.0122193,19968,0.354576,2097150,32768,151034000,100690000,12.4999,27.1974,0,3489910000,0,261384000,58738700,672449000,294224000,0,151112000,0,33.9906,0,10.2591,6.42493,0,23.1009,32,100,1024,4096,416,0,48
nbody_kernel,9613,2048,128,128,8,2,2,1,1,0,4,0.501737,0,513441,49.9139,120587000,100735000,0.00516148,11776,0.318594,2097150,32768,126040000,100724000,12.4998,34.1255,0,3490010000,0,130836000,29378600,537756000,281444000,0,140590000,0,24.0986,0,7.34305,3.67804,0,15.3834,32,100,1024,8192,608,0,64
nbody_kernel,8005,2048,128,128,8,2,4,0,0,0,1,0.00207566,440,1334,27.4352,421549,100717000,0.547161,1049600,1.14823E-05,0,0,201347000,100683000,12.4992,34.4222,0,3489860000,0,302649000,50337800,637682000,335968000,0,153146000,0,29.1042,0,8.74442,5.19321,0,19.9552,32,100,1024,0,320,0,64
nbody_kernel,6819,2048,128,128,8,2,4,0,1,0,1,0.00222411,312,1300,32.0856,190054,100717000,0.00561106,9216,0.891437,4194300,32768,201339000,100687000,12.4998,34.5968,0,3489860000,0,286659000,50337800,739656000,319977000,0,155333000,0,33.8471,0,10.2166,7.03784,0,23.6479,32,100,1024,2048,320,0,64
nbody_kernel,9156,2048,128,128,8,2,4,1,0,0,1,0.00117937,0,1173,23.8421,1439460,100717000,2.22126,4197890,9.88324E-06,0,0,201398000,100684000,12.0483,28.1539,0,3489860000,0,353010000,50337800,738427000,335870000,0,157865000,0,31.0599,0,9.20239,6.32863,0,21.6475,32,100,1024,0,320,0,64
nbody_kernel,8783,2048,128,128,8,2,4,1,0,0,2,0.00501867,262,4470,25.9074,3773590,100723000,1.2581,2100740,1.04863E-05,0,0,151048000,100692000,12.2425,26.7627,0,3489910000,0,176587000,25172000,570679000,302184000,0,143957000,0,34.0266,0,10.2714,5.45915,0,22.0336,32,100,1024,0,416,0,62
nbody_kernel,10006,2048,128,128,8,2,4,1,0,0,4,0.165122,0,176878,28.5371,32057600,100735000,0.478524,1052160,9.1189E-06,0,0,125858000,100704000,11.7515,29.4441,0,3490010000,0,88375300,12589100,486842000,285342000,0,137007000,0,26.642,0,8.11865,3.68107,0,16.5748,32,100,896,0,608,0,69
nbody_kernel,6808,2048,128,128,8,2,4,1,1,0,1,0.00148066,0,1071,32.1547,186380,100717000,0.0221843,36352,0.893818,4194300,32768,201003000,100684000,12.4998,34.6117,0,3489860000,0,287474000,50337800,740524000,319879000,0,155383000,0,33.9304,0,10.2395,7.06187,0,23.7085,32,100,1024,2048,320,0,64
nbody_kernel,8295,2048,128,128,8,2,4,1,1,0,2,0.00595158,32,4619,30.251,2199820,100723000,0.0136839,19968,0.414933,2097150,32768,151072000,100690000,12.4995,28.416,0,3489910000,0,143819000,25172000,571728000,294189000,0,142716000,0,37.7118,0,11.4906,6.11832,0,24.4363,32,100,1024,4096,416,0,62
nbody_kernel,10832,2048,128,128,8,2,4,1,1,0,4,0.408945,114,471358,44.1943,120330000,100735000,0.00459448,11776,0.282238,2097150,32768,125777000,100753000,12.4995,33.9269,0,3490010000,0,71995400,12589100,487367000,281348000,0,136386000,0,21.3912,0,6.54926,2.9727,0,13.3102,32,100,1024,8192,608,0,64
nbody_kernel,3873,2048,128,128,8,2,8,0,0,0,1,0.000204435,66,18,0.114284,145888,32839,1.1342,1049600,4.75033E-05,0,0,0,0,12.4998,34.331,0,3489860000,0,67663900,16779300,33620000,285546000,0,121679000,0,59.2298,0,18.1362,0.567934,0,32.884,32,100,512,0,0,0,127
nbody_kernel,2829,2048,128,128,8,2,8,0,1,0,1,6.30345E-05,0,19,0.151076,146360,32791,0.0134931,9216,1.08911,2097150,32768,0,0,12.4997,34.7175,0,3489860000,0,51673100,16777200,68485100,269853000,0,121779000,0,79.8564,0,24.5678,1.57302,0,44.582,32,100,512,2048,0,0,127
nbody_kernel,3303,2048,128,128,8,2,8,1,0,0,1,0.000790889,176,102,0.130327,145496,32847,5.31195,4197890,5.56217E-05,0,0,0,0,12.4997,34.0648,0,3489860000,0,118006000,16779300,134365000,285540000,0,126401000,0,70.8976,0,21.4017,2.67823,0,40.3106,32,100,512,0,0,0,128
nbody_kernel,3005,2048,128,128,8,2,8,1,0,0,2,6.23514E-05,1,19,0.141286,144240,32791,2.90164,2100740,6.10391E-05,0,0,0,0,12.4997,34.5116,0,3489910000,0,59023400,8390660,67256300,277049000,0,121930000,0,76.0723,0,23.1821,1.45215,0,42.1197,32,100,384,0,0,0,162
nbody_kernel,2930,2048,128,128,8,2,8,1,0,0,4,6.06898E-05,0,19,0.144664,144224,32791,1.4924,1052160,6.28346E-05,0,0,0,0,12.4997,34.603,0,3490010000,0,29532200,4196350,33701900,272851000,0,119699000,0,77.7335,0,23.801,0.747141,0,42.4528,32,100,256,0,0,0,247
nbody_kernel,2747,2048,128,128,8,2,8,1,1,0,1,6.48182E-05,0,19,0.150722,140896,32791,0.0547894,36352,1.11824,2097150,32768,0,0,12.4997,34.6283,0,3489860000,0,52469800,16777200,69353500,269847000,0,121830000,0,82.2227,0,25.2901,1.63972,0,45.9121,32,100,512,2048,0,0,128
nbody_kernel,2556,2048,128,128,8,2,8,1,1,0,2,7.01394E-05,0,19,0.162691,142688,32791,0.032379,19968,1.20399,2097150,32768,0,0,12.4997,34.7533,0,3489910000,0,26255400,8388610,34750500,269251000,0,119647000,0,88.4511,0,27.2095,0.883979,0,48.5113,32,100,384,4096,0,0,160
nbody_kernel,2481,2048,128,128,8,2,8,1,1,0,4,7.22858E-05,0,19,0.167138,142824,32791,0.0196822,11776,1.23924,2097150,32768,0,0,12.4997,34.7537,0,3490010000,0,13148200,4194300,34226200,269019000,0,119083000,0,91.1666,0,28.0461,0.895753,0,49.7675,32,100,256,8192,0,0,246
nbody_kernel,3320,2048,128,128,8,4,0,0,0,0,1,5.36294E-05,0,19,0.130324,145888,32839,1.31626,1049600,5.52475E-05,0,0,0,0,12.4998,34.4124,0,3489860000,0,34109400,8390660,33620000,277160000,0,120106000,0,68.5583,0,21.043,0.658957,0,37.6612,32,100,512,0,0,0,127
nbody_kernel,2602,2048,128,128,8,4,0,0,1,0,1,6.89182E-05,0,19,0.157308,139360,32791,0.0146867,9216,1.18639,2097150,32768,0,0,12.4997,34.7452,0,3489860000,0,26507300,8388610,34930700,269857000,0,119682000,0,86.9205,0,26.7411,0.876514,0,47.6901,32,100,512,2048,0,0,127
nbody_kernel,3198,2048,128,128,8,4,0,1,0,0,1,5.59934E-05,0,19,0.133515,144224,32791,5.50982,4197890,5.75899E-05,0,0,0,0,12.4997,34.5037,0,3489860000,0,59285500,8390660,134365000,277156000,0,124041000,0,71.789,0,21.8771,2.73773,0,40.437,32,100,512,0,0,0,128
nbody_kernel,2946,2048,128,128,8,4,0,1,0,0,2,6.40411E-05,1,19,0.143957,144224,32791,2.96662,2100740,6.25743E-05,0,0,0,0,12.4997,34.6152,0,3489910000,0,29663200,4196350,67256300,272853000,0,120750000,0,77.3819,0,23.694,1.48422,0,42.6333,32,100,384,0,0,0,168
nbody_kernel,2741,2048,128,128,8,4,0,1,0,0,4,8.60718E-05,0,25,0.153752,144132,32791,1.59484,1052160,6.72858E-05,0,0,0,0,12.4997,34.6705,0,3490010000,0,14852100,2099200,33701900,270750000,0,119109000,0,82.8792,0,25.4374,0.79851,0,45.148,32,100,256,0,0,0,247
nbody_kernel,2620,2048,128,128,8,4,0,1,1,0,1,0.00182199,484,25,0.158871,142424,32791,0.0575158,36352,1.17339,2097150,32768,0,0,12.4997,34.6036,0,3489860000,0,27303900,8388610,35799000,269853000,0,119734000,0,86.3397,0,26.5563,0.891935,0,47.3812,32,100,512,2048,0,0,128
nbody_kernel,2520,2048,128,128,8,4,0,1,1,0,2,3.34525E-05,0,9,0.164911,143000,32791,0.0328393,19968,1.22033,2097150,32768,0,0,12.4997,34.7284,0,3489910000,0,13672400,4194300,34750500,269246000,0,119122000,0,89.716,0,27.5986,0.89662,0,48.9893,32,100,384,4096,0,0,161
nbody_kernel,2476,2048,128,128,8,4,0,1,1,0,4,0.000397488,0,105,0.16823,142512,32935,0.0197363,11776,1.24134,2097150,32768,0,0,12.4997,34.7123,0,3490010000,0,6856700,2097150,34226200,269019000,0,118821000,0,91.4298,0,28.1271,0.898339,0,49.8013,32,100,256,8192,0,0,250
nbody_kernel,13226,2048,128,128,8,4,1,0,0,0,1,0.000998152,0,1416,16.5548,413523,100717000,0.331027,1049600,6.9339E-06,0,0,201349000,100683000,12.4999,34.348,0,3489860000,0,974027000,243313000,2449870000,327535000,0,239671000,0,18.5642,0,5.29195,12.0742,0,18.8995,32,100,1024,0,320,0,29
nbody_kernel,11335,2048,128,128,8,4,1,0,1,0,1,0.00120105,76,1372,19.2692,192572,100717000,0.00338965,9216,0.53548,4194300,32768,201347000,100684000,12.4999,34.4182,0,3489860000,0,974815000,243313000,2551840000,311542000,0,242382000,0,21.6421,0,6.16891,14.661,0,22.2808,32,100,1024,2048,320,0,29
nbody_kernel,15141,2048,128,128,8,4,1,1,0,0,1,0.000726535,0,1167,14.6819,1593350,100717000,1.27321,4197890,6.08643E-06,0,0,201347000,100683000,12.28,30.8104,0,3489860000,0,1007730000,243313000,2550610000,319130000,0,243609000,0,18.3282,0,5.17852,12.3013,0,18.7984,32,100,1024,0,320,0,35
nbody_kernel,11088,2048,128,128,8,4,1,1,0,0,2,0.00419181,234,4704,20.4338,3962700,100723000,1.01501,2100740,8.28203E-06,0,0,150933000,100694000,12.1626,26.068,0,3489910000,0,499935000,121678000,1275540000,298047000,0,180549000,0,28.2409,0,8.32852,9.89382,0,22.407,32,100,1024,0,416,0,47
nbody_kernel,10645,2048,128,128,8,4,1,1,0,0,4,0.185056,160,210666,28.3572,39251900,100735000,0.438728,1052160,1.71696E-05,0,0,125910000,100732000,12.2067,31.3951,0,3490010000,0,250249000,60860400,638009000,283304000,0,149021000,0,23.8029,0,7.16816,4.2593,0,15.9176,32,100,1024,0,608,0,64
nbody_kernel,11520,2048,128,128,8,4,1,1,1,0,1,0.000958254,0,1183,18.9919,196292,100717000,0.0130654,36352,0.527255,4194300,32768,201347000,100684000,12.4999,34.6391,0,3489860000,0,975749000,243313000,2552710000,311525000,0,242438000,0,21.1783,0,6.03542,14.3486,0,21.8036,32,100,1024,2048,320,0,30
nbody_kernel,9925,2048,128,128,8,4,1,1,1,0,2,0.00445697,84,4439,23.5888,2494150,100723000,0.0113447,19968,0.322544,2097150,32768,151011000,100690000,12.4999,26.6398,0,3489910000,0,483944000,121678000,1276590000,294246000,0,179963000,0,32.1627,0,9.52762,11.3276,0,25.5499,32,100,1024,4096,416,0,41
nbody_kernel,10507,2048,128,128,8,4,1,1,1,0,4,0.416922,44,468828,45.4251,120816000,100735000,0.00473479,11776,0.289997,2097150,32768,125889000,100748000,12.4999,33.8153,0,3490010000,0,242252000,60860400,638534000,281471000,0,148730000,0,22.3469,0,6.74505,4.01159,0,14.9488,32,100,1024,8192,608,0,61
nbody_kernel,10840,2048,128,128,8,4,2,0,0,0,1,0.00129603,88,1406,20.1964,444495,100717000,0.407054,1049600,8.46889E-06,0,0,201352000,100683000,12.4999,34.1209,0,3489860000,0,504013000,109070000,1241740000,327610000,0,180940000,0,22.0116,0,6.50649,7.52453,0,17.5429,32,100,1024,0,320,0,37
nbody_kernel,9722,2048,128,128,8,4,2,0,1,0,1,0.00127593,44,1275,22.4851,192416,100717000,0.00392074,9216,0.624676,4194300,32768,201347000,100684000,12.4999,34.7024,0,3489860000,0,496411000,109070000,1343720000,320012000,0,183651000,0,24.0925,0,7.13755,8.93219,0,19.5328,32,100,1024,2048,320,0,37
nbody_kernel,12776,2048,128,128,8,4,2,1,0,0,1,0.00130546,556,1241,17.1444,1466460,100717000,1.5872,4197890,7.10402E-06,0,0,201351000,100684000,12.0847,28.3722,0,3489860000,0,529295000,109070000,1342490000,327516000,0,184874000,0,22.359,0,6.56374,8.20659,0,18.0821,32,100,1024,0,320,0,40
nbody_kernel,9821,2048,128,128,8,4,2,1,0,0,2,0.00436478,1,4610,22.69,3653940,100723000,1.13786,2100740,9.22076E-06,0,0,150972000,100691000,12.1567,25.8796,0,3489910000,0,264792000,54544400,671400000,298025000,0,151174000,0,31.0871,0,9.34006,5.84026,0,21.04,32,100,1024,0,416,0,54
nbody_kernel,9744,2048,128,128,8,4,2,1,0,0,4,0.189254,212,197136,29.7534,33745300,100735000,0.474794,1052160,1.87528E-05,0,0,125858000,100697000,11.7847,30.604,0,3490010000,0,132547000,27281400,537231000,283281000,0,140619000,0,26.4189,0,8.03154,4.0185,0,16.8292,32,100,1024,0,608,0,64
nbody_kernel,9739,2048,128,128,8,4,2,1,1,0,1,0.00157196,412,1215,22.467,195620,100717000,0.0154235,36352,0.623886,4194300,32768,201349000,100684000,12.4999,34.7477,0,3489860000,0,497314000,109070000,1344590000,319914000,0,183702000,0,24.0357,0,7.11923,8.91502,0,19.4881,32,100,1024,2048,320,0,38
nbody_kernel,9287,2048,128,128,8,4,2,1,1,0,2,0.00486604,0,4456,26.056,2135630,100723000,0.012339,19968,0.357619,2097150,32768,151012000,100690000,12.4999,27.1512,0,3489910000,0,248801000,54544400,672449000,294224000,0,150588000,0,34.3407,0,10.3647,6.4911,0,23.2578,32,100,1024,4096,416,0,48
nbody_kernel,9610,2048,128,128,8,4,2,1,1,0,4,0.439073,152,449336,49.8745,120598000,100735000,0.00516028,11776,0.318548,2097150,32768,126096000,101018000,12.4998,34.0887,0,3490010000,0,124551000,27281400,537756000,281446000,0,140328000,0,24.1204,0,7.34967,3.68137,0,15.3686,32,100,1024,8192,608,0,61
nbody_kernel,7931,2048,128,128,8,4,4,0,0,0,1,0.00292039,964,1493,27.6955,423016,100717000,0.552982,1049600,1.16074E-05,0,0,201424000,100684000,12.4989,34.4231,0,3489860000,0,269095000,41949200,637682000,327580000,0,151573000,0,29.3513,0,8.83942,5.24963,0,19.9649,32,100,1024,0,320,0,64
nbody_kernel,6748,2048,128,128,8,4,4,0,1,0,1,0.00202331,332,1120,32.4223,192524,100717000,0.00565856,9216,0.900869,4194300,32768,201347000,100682000,12.4997,34.6794,0,3489860000,0,261493000,41949200,739656000,319977000,0,154285000,0,34.1238,0,10.3002,7.09537,0,23.6803,32,100,1024,2048,320,0,64
nbody_kernel,9055,2048,128,128,8,4,4,1,0,0,1,0.00122283,0,1191,24.2784,1475910,100717000,2.24679,4197890,1.00786E-05,0,0,201351000,100682000,12.0406,28.336,0,3489860000,0,294289000,41949200,738427000,327481000,0,155506000,0,31.179,0,9.32404,6.41228,0,21.6058,32,100,1024,0,320,0,64
nbody_kernel,8645,2048,128,128,8,4,4,1,0,0,2,0.0047773,0,4406,26.3184,3884250,100723000,1.26316,2100740,1.06595E-05,0,0,150999000,100699000,12.1984,27.0304,0,3489910000,0,147227000,20977700,570679000,297990000,0,142778000,0,34.0845,0,10.3377,5.49435,0,21.994,32,100,1024,0,416,0,62
nbody_kernel,9593,2048,128,128,8,4,4,1,0,0,4,0.176187,18,180710,29.5959,30992700,100735000,0.491391,1052160,9.52371E-06,0,0,125962000,100702000,11.589,29.5124,0,3490010000,0,73695200,10491900,486842000,283245000,0,136417000,0,27.6942,0,8.45944,3.83559,0,17.1962,32,100,1024,0,608,0,64
nbody_kernel,6726,2048,128,128,8,4,4,1,1,0,1,0.00184364,32,1296,32.5268,186596,100717000,0.0223494,36352,0.903734,4194300,32768,201347000,100991000,12.4998,34.8742,0,3489860000,0,262308000,41949200,740524000,319879000,0,154334000,0,34.0486,0,10.2752,7.08647,0,23.6305,32,100,1024,2048,320,0,64
nbody_kernel,8278,2048,128,128,8,4,4,1,1,0,2,0.00565048,0,4426,30.406,2208300,100723000,0.0137554,19968,0.417183,2097150,32768,150970000,100690000,12.4995,28.4459,0,3489910000,0,131236000,20977700,571728000,294189000,0,142192000,0,37.8765,0,11.5407,6.14504,0,24.4529,32,100,1024,4096,416,0,62
nbody_kernel,10263,2048,128,128,8,4,4,1,1,0,4,0.423185,296,464552,46.5091,120336000,100735000,0.00483219,11776,0.297553,2097150,32768,125802000,100585000,12.4995,34.0073,0,3490010000,0,65706000,10491900,487367000,281412000,0,136126000,0,22.4771,0,6.88171,3.12403,0,13.9592,32,100,1024,8192,608,0,64
nbody_kernel,3334,2048,128,128,8,4,8,0,0,0,1,1.70281E-05,0,6,0.13028,145888,32839,1.31623,1049600,5.54645E-05,0,0,0,0,12.4998,34.5359,0,3489860000,0,34109400,8390660,33620000,277160000,0,120106000,0,68.5815,0,21.0501,0.659181,0,37.674,32,100,512,0,0,0,127
nbody_kernel,2601,2048,128,128,8,4,8,0,1,0,1,6.85225E-05,0,19,0.157613,139360,32791,0.0146865,9216,1.182,2097150,32768,0,0,12.4997,34.6163,0,3489860000,0,26507300,8388610,34930700,269857000,0,119682000,0,86.9214,0,26.7414,0.876523,0,47.6906,32,100,512,2048,0,0,127
nbody_kernel,3199,2048,128,128,8,4,8,1,0,0,1,0.0011847,328,74,0.133505,144224,32791,5.50611,4197890,5.75882E-05,0,0,0,0,12.4997,34.5526,0,3489860000,0,59285500,8390660,134365000,277156000,0,124041000,0,71.6852,0,21.8455,2.73377,0,40.3785,32,100,512,0,0,0,128
nbody_kernel,2945,2048,128,128,8,4,8,1,0,0,2,0.000305621,57,39,0.143958,144224,32791,2.96607,2100740,6.23415E-05,0,0,0,0,12.4997,34.4885,0,3489910000,0,29663200,4196350,67256300,272853000,0,120750000,0,77.3773,0,23.6926,1.48413,0,42.6308,32,100,384,0,0,0,168
nbody_kernel,2739,2048,128,128,8,4,8,1,0,0,4,0.000325025,76,19,0.154688,144916,32791,1.59474,1052160,6.72605E-05,0,0,0,0,12.4997,34.6586,0,3490010000,0,14852100,2099200,33701900,270750000,0,119109000,0,82.8765,0,25.4366,0.798484,0,45.1465,32,100,256,0,0,0,247
nbody_kernel,2618,2048,128,128,8,4,8,1,1,0,1,8.95091E-05,0,25,0.158936,143848,32791,0.0575159,36352,1.17772,2097150,32768,0,0,12.4997,34.7308,0,3489860000,0,27303900,8388610,35799000,269853000,0,119734000,0,86.3407,0,26.5567,0.891945,0,47.3817,32,100,512,2048,0,0,128
nbody_kernel,2521,2048,128,128,8,4,8,1,1,0,2,0.00071854,180,13,0.164913,142688,32791,0.0328413,19968,1.22066,2097150,32768,0,0,12.4997,34.7378,0,3489910000,0,13672400,4194300,34750500,269246000,0,119122000,0,89.7154,0,27.5984,0.896613,0,48.989,32,100,384,4096,0,0,161
nbody_kernel,2475,2048,128,128,8,4,8,1,1,0,4,7.19313E-05,0,19,0.167569,142512,32791,0.0197361,11776,1.24145,2097150,32768,0,0,12.4997,34.7144,0,3490010000,0,6856700,2097150,34226200,269019000,0,118821000,0,91.4324,0,28.1279,0.898365,0,49.8027,32,100,256,8192,0,0,250
nbody_kernel,3022,2048,128,128,8,8,0,0,0,0,1,5.2739E-05,0,17,0.141812,146648,32791,1.44227,1049600,6.06944E-05,0,0,0,0,12.4997,34.4849,0,3489860000,0,17332200,4196350,33620000,272959000,0,119320000,0,75.0692,0,23.0691,0.722404,0,41.017,32,100,512,0,0,0,127
nbody_kernel,2605,2048,128,128,8,8,0,0,1,0,1,4.70886E-05,0,13,0.157135,140248,32791,0.0146659,9216,1.18495,2097150,32768,0,0,12.4997,34.751,0,3489860000,0,13924400,4194300,34930700,269855000,0,119157000,0,86.8003,0,26.7041,0.875302,0,47.4155,32,100,512,2048,0,0,127
nbody_kernel,3007,2048,128,128,8,8,0,1,0,0,1,4.38841E-05,0,14,0.141214,144320,32791,5.81145,4197890,6.12628E-05,0,0,0,0,12.4997,34.5672,0,3489860000,0,29925400,4196350,134365000,272964000,0,122862000,0,75.8642,0,23.2296,2.90698,0,42.5286,32,100,512,0,0,0,128
nbody_kernel,2838,2048,128,128,8,8,0,1,0,0,2,5.65073E-05,0,17,0.148926,144600,32791,3.07332,2100740,6.49335E-05,0,0,0,0,12.4997,34.668,0,3489910000,0,14983200,2099200,67256300,270762000,0,120161000,0,79.9854,0,24.5499,1.53784,0,43.9577,32,100,384,0,0,0,166
nbody_kernel,4134,2048,128,128,8,8,0,1,0,0,4,2.03756E-05,0,9,1.44278,2690620,32791,1.06735,1052160,4.44703E-05,0,0,0,0,12.4998,34.2236,0,3490010000,0,7512060,1050620,33701900,269697000,0,118814000,0,55.4251,0,17.0316,0.53464,0,30.1539,32,100,256,0,0,0,254
nbody_kernel,2629,2048,128,128,8,8,0,1,1,0,1,0.00237707,646,20,0.158632,142688,32791,0.0573066,36352,1.16952,2097150,32768,0,0,12.4997,34.6155,0,3489860000,0,14721000,4194300,35799000,269849000,0,119209000,0,86.0252,0,26.4596,0.888686,0,47.0018,32,100,512,2048,0,0,128
nbody_kernel,2487,2048,128,128,8,8,0,1,1,0,2,0.00014702,24,15,0.166812,142688,32791,0.0332838,19968,1.23227,2097150,32768,0,0,12.4997,34.6015,0,3489910000,0,7380990,2097150,34750500,269253000,0,118860000,0,90.9253,0,27.9706,0.908705,0,49.5404,32,100,384,4096,0,0,164
nbody_kernel,3997,2048,128,128,8,8,0,1,1,0,4,0.0002144,20,71,1.47633,2665920,32895,0.0123764,11776,0.766555,2097150,32768,0,0,12.4998,34.1655,0,3490010000,0,3710980,1048580,34226200,269054000,0,118691000,0,57.3634,0,17.6471,0.563622,0,31.2114,32,100,256,8192,0,0,252
nbody_kernel,13203,2048,128,128,8,8,1,0,0,0,1,0.00144518,680,1362,16.58,416849,100717000,0.331638,1049600,6.94417E-06,0,0,201343000,100684000,12.4999,34.3269,0,3489860000,0,957286000,239118000,2449870000,323373000,0,238886000,0,18.5824,0,5.30304,12.0995,0,18.8772,32,100,1024,0,320,0,31
nbody_kernel,11290,2048,128,128,8,8,1,0,1,0,1,0.00100378,52,1154,19.3514,194921,100717000,0.00337032,9216,0.537222,4194300,32768,201346000,100684000,12.4999,34.706,0,3489860000,0,953879000,239118000,2551840000,319965000,0,241860000,0,21.4845,0,6.13765,14.5867,0,22.1201,32,100,1024,2048,320,0,31
nbody_kernel,15044,2048,128,128,8,8,1,1,0,0,1,0.000823087,224,1097,14.6794,1590600,100717000,1.24195,4197890,6.07617E-06,0,0,201317000,100684000,12.2885,31.609,0,3489860000,0,969996000,239118000,2550610000,323377000,0,242432000,0,17.7168,0,5.03918,11.9703,0,18.2041,32,100,1024,0,320,0,37
nbody_kernel,11123,2048,128,128,8,8,1,1,0,0,2,0.00385572,17,4548,20.4353,3932050,100723000,1.00886,2100740,8.26867E-06,0,0,150996000,100690000,12.1333,26.0779,0,3489910000,0,485292000,119581000,1275540000,295979000,0,179961000,0,28.1198,0,8.31196,9.87415,0,22.2897,32,100,1024,0,416,0,49
nbody_kernel,11406,2048,128,128,8,8,1,1,0,0,4,0.162117,148,197398,25.0943,32197800,100735000,0.414376,1052160,1.60091E-05,0,0,125842000,100704000,11.7327,29.7814,0,3490010000,0,242944000,59811800,638009000,282216000,0,148726000,0,23.3692,0,7.04584,4.18661,0,15.615,32,100,1024,0,608,0,64
nbody_kernel,11255,2048,128,128,8,8,1,1,1,0,1,0.00145238,424,1317,19.4109,195668,100717000,0.0134487,36352,0.539046,4194300,32768,201347000,100684000,12.4999,34.4633,0,3489860000,0,954792000,239118000,2552710000,319969000,0,241916000,0,21.7138,0,6.20186,14.7443,0,22.3567,32,100,1024,2048,320,0,32
nbody_kernel,9850,2048,128,128,8,8,1,1,1,0,2,0.00426933,10,4273,23.7105,2486320,100723000,0.0114316,19968,0.32452,2097150,32768,151037000,100690000,12.4999,26.6231,0,3489910000,0,477690000,119581000,1276590000,294279000,0,179703000,0,32.38,0,9.592,11.4041,0,25.6854,32,100,1024,4096,416,0,43
nbody_kernel,10576,2048,128,128,8,8,1,1,1,0,4,0.417341,334,465995,45.4325,120774000,100735000,0.00474048,11776,0.289815,2097150,32768,125870000,100897000,12.4999,33.8394,0,3490010000,0,239145000,59811800,638534000,281428000,0,148599000,0,22.3169,0,6.73601,4.00621,0,14.9156,32,100,1024,8192,608,0,61
nbody_kernel,10791,2048,128,128,8,8,2,0,0,0,1,0.00113844,6,1300,20.3222,450870,100717000,0.4091,1049600,8.52182E-06,0,0,201349000,100684000,12.4999,34.1542,0,3489860000,0,487256000,104876000,1241740000,323424000,0,180154000,0,22.1019,0,6.54075,7.56415,0,17.5588,32,100,1024,0,320,0,41
nbody_kernel,9690,2048,128,128,8,8,2,0,1,0,1,0.00115357,0,1189,22.5524,192435,100717000,0.00393119,9216,0.626778,4194300,32768,201347000,100684000,12.4999,34.7197,0,3489860000,0,483848000,104876000,1343720000,320016000,0,183128000,0,24.1614,0,7.15798,8.95775,0,19.5329,32,100,1024,2048,320,0,41
nbody_kernel,12743,2048,128,128,8,8,2,1,0,0,1,0.000928067,104,1170,17.132,1483540,100717000,1.59819,4197890,7.09834E-06,0,0,201349000,100684000,12.0818,28.1527,0,3489860000,0,499956000,104876000,1342490000,323330000,0,183695000,0,22.412,0,6.60962,8.26395,0,18.0924,32,100,1024,0,320,0,42
nbody_kernel,9839,2048,128,128,8,8,2,1,0,0,2,0.00431643,17,4526,23.2016,3597920,100723000,1.14838,2100740,9.42667E-06,0,0,151060000,100692000,12.178,26.2422,0,3489910000,0,250132000,52447200,671400000,295938000,0,150585000,0,31.2685,0,9.41666,5.88816,0,21.13,32,100,1024,0,416,0,56
nbody_kernel,10347,2048,128,128,8,8,2,1,0,0,4,0.162386,160,180750,26.9889,28613000,100735000,0.452961,1052160,1.76853E-05,0,0,125829000,100706000,11.3598,29.194,0,3490010000,0,125227000,26232800,537231000,282251000,0,140325000,0,26.0873,0,7.94016,3.97277,0,16.603,32,100,1024,0,608,0,64
nbody_kernel,9668,2048,128,128,8,8,2,1,1,0,1,0.0013173,32,1322,22.6109,195140,100717000,0.0155369,36352,0.628424,4194300,32768,201347000,100684000,12.4999,34.7354,0,3489860000,0,484751000,104876000,1344590000,319922000,0,183179000,0,24.2191,0,7.17355,8.98304,0,19.5808,32,100,1024,2048,320,0,41
nbody_kernel,9243,2048,128,128,8,8,2,1,1,0,2,0.00509506,0,4631,26.1268,2135890,100723000,0.0123926,19968,0.359763,2097150,32768,150996000,100690000,12.4999,27.1479,0,3489910000,0,242530000,52447200,672449000,294363000,0,150331000,0,34.4845,0,10.4081,6.51955,0,23.3153,32,100,1024,4096,416,0,50
nbody_kernel,9580,2048,128,128,8,8,2,1,1,0,4,0.474321,16,483731,50.0833,120905000,100735000,0.00517938,11776,0.319991,2097150,32768,125805000,100870000,12.4998,34.1252,0,3490010000,0,121426000,26232800,537756000,281465000,0,140198000,0,24.2038,0,7.37509,3.6941,0,15.4075,32,100,1024,8192,608,0,63
nbody_kernel,7888,2048,128,128,8,8,4,0,0,0,1,0.00244067,606,1438,27.8022,419420,100717000,0.555962,1049600,1.16608E-05,0,0,201350000,100683000,12.499,34.3963,0,3489860000,0,252330000,37754900,637682000,323394000,0,150787000,0,29.4748,0,8.88707,5.27794,0,19.9684,32,100,1024,0,320,0,64
nbody_kernel,6708,2048,128,128,8,8,4,0,1,0,1,0.00156861,0,1126,32.6008,190448,100717000,0.00568378,9216,0.905718,4194300,32768,201349000,100685000,12.4998,34.7135,0,3489860000,0,248922000,37754900,739656000,319986000,0,153761000,0,34.2736,0,10.3454,7.12653,0,23.7036,32,100,1024,2048,320,0,64
nbody_kernel,8977,2048,128,128,8,8,4,1,0,0,1,0.00129487,0,1249,24.3153,1432910,100717000,2.2613,4197890,1.00896E-05,0,0,201381000,100688000,12.0426,28.1811,0,3489860000,0,264942000,37754900,738427000,323295000,0,154327000,0,31.2379,0,9.38548,6.45454,0,21.5833,32,100,1024,0,320,0,64
nbody_kernel,8695,2048,128,128,8,8,4,1,0,0,2,0.00520335,258,4521,26.0153,3841040,100723000,1.26975,2100740,1.05568E-05,0,0,150958000,100693000,12.2393,26.6663,0,3489910000,0,132559000,18880500,570679000,295901000,0,142188000,0,34.136,0,10.3779,5.51572,0,21.9884,32,100,896,0,416,0,65
nbody_kernel,9406,2048,128,128,8,8,4,1,0,0,4,0.187564,170,189109,30.944,33948900,100735000,0.504206,1052160,1.9455E-05,0,0,125848000,100703000,11.9386,30.2649,0,3490010000,0,66373600,9443330,486842000,282206000,0,136123000,0,27.5506,0,8.42562,3.82027,0,17.0905,32,100,768,0,608,0,80
nbody_kernel,6722,2048,128,128,8,8,4,1,1,0,1,0.0015687,0,1121,32.517,186536,100717000,0.0223697,36352,0.904009,4194300,32768,201052000,100684000,12.4998,34.6992,0,3489860000,0,249737000,37754900,740524000,319887000,0,153810000,0,34.2306,0,10.3301,7.12437,0,23.6763,32,100,1024,2048,320,0,64
nbody_kernel,8304,2048,128,128,8,8,4,1,1,0,2,0.00555993,0,4406,30.2148,2233300,100723000,0.0136769,19968,0.414272,2097150,32768,151042000,100690000,12.4995,28.394,0,3489910000,0,124961000,18880500,571728000,294201000,0,141931000,0,37.6798,0,11.4808,6.11315,0,24.2812,32,100,896,4096,416,0,65
nbody_kernel,10904,2048,128,128,8,8,4,1,1,0,4,0.395975,1002,457787,43.8559,119784000,100735000,0.00456339,11776,0.281352,2097150,32768,125849000,100617000,12.4996,34.0308,0,3490010000,0,62572500,9443330,487367000,281420000,0,135996000,0,21.2386,0,6.50254,2.95189,0,13.1774,32,100,896,8192,608,0,70
nbody_kernel,3022,2048,128,128,8,8,8,0,0,0,1,0.0035007,868,254,0.141897,146152,32839,1.44268,1049600,6.095E-05,0,0,0,0,12.4997,34.6235,0,3489860000,0,17332200,4196350,33620000,272959000,0,119320000,0,75.0835,0,23.0735,0.722542,0,41.0248,32,100,512,0,0,0,127
nbody_kernel,2604,2048,128,128,8,8,8,0,1,0,1,9.78066E-05,0,27,0.158051,139624,32967,0.0146669,9216,1.18487,2097150,32768,0,0,12.4997,34.7478,0,3489860000,0,13924400,4194300,34930700,269855000,0,119157000,0,86.8023,0,26.7047,0.875322,0,47.4166,32,100,512,2048,0,0,127
nbody_kernel,3014,2048,128,128,8,8,8,1,0,0,1,0.00402826,912,373,0.142521,144488,32935,5.81228,4197890,6.13802E-05,0,0,0,0,12.4997,34.6292,0,3489860000,0,29925400,4196350,134365000,272964000,0,122862000,0,75.8736,0,23.2325,2.90734,0,42.5338,32,100,512,0,0,0,128
nbody_kernel,2839,2048,128,128,8,8,8,1,0,0,2,7.25909E-05,1,21,0.148982,144236,32791,3.0733,2100740,6.48903E-05,0,0,0,0,12.4997,34.6474,0,3489910000,0,14983200,2099200,67256300,270762000,0,120161000,0,79.9797,0,24.5482,1.53773,0,43.9545,32,100,384,0,0,0,166
nbody_kernel,4141,2048,128,128,8,8,8,1,0,0,4,7.02718E-05,8,23,1.42918,2670670,32791,1.06598,1052160,4.43799E-05,0,0,0,0,12.4998,34.1947,0,3490010000,0,7512060,1050620,33701900,269697000,0,118814000,0,55.3591,0,17.0113,0.534004,0,30.118,32,100,256,0,0,0,254
nbody_kernel,2629,2048,128,128,8,8,8,1,1,0,1,0.000161519,0,45,0.158551,142688,32791,0.057303,36352,1.17405,2097150,32768,0,0,12.4997,34.7489,0,3489860000,0,14721000,4194300,35799000,269849000,0,119209000,0,86.0263,0,26.46,0.888698,0,47.0024,32,100,512,2048,0,0,128
nbody_kernel,2489,2048,128,128,8,8,8,1,1,0,2,7.15375E-05,0,19,0.166886,142816,32791,0.0332807,19968,1.23648,2097150,32768,0,0,12.4997,34.7196,0,3489910000,0,7380990,2097150,34750500,269253000,0,118860000,0,90.9261,0,27.9708,0.908713,0,49.5408,32,100,384,4096,0,0,164
nbody_kernel,4014,2048,128,128,8,8,8,1,1,0,4,7.72106E-05,16,17,1.48528,2690050,32791,0.0123401,11776,0.76331,2097150,32768,0,0,12.4998,34.1186,0,3490010000,0,3710980,1048580,34226200,269054000,0,118691000,0,57.1992,0,17.5966,0.562008,0,31.122,32,100,256,8192,0,0,252
nbody_kernel,2910,2048,128,128,8,16,0,0,0,0,1,5.47527E-05,0,17,0.146695,147112,32791,1.49546,1049600,6.30678E-05,0,0,0,0,12.4997,34.5587,0,3489860000,0,8943620,2099200,33620000,270862000,0,118927000,0,77.7913,0,23.9199,0.749049,0,42.3897,32,100,512,0,0,0,127
nbody_kernel,2595,2048,128,128,8,16,0,0,1,0,1,0.000149028,16,25,0.157725,139760,32791,0.0147195,9216,1.18853,2097150,32768,0,0,12.4997,34.7092,0,3489860000,0,7632900,2097150,34930700,269851000,0,118895000,0,87.167,0,26.8169,0.878999,0,47.511,32,100,512,2048,0,0,127
nbody_kernel,2908,2048,128,128,8,16,0,1,0,0,1,0.000962099,288,11,0.145635,144228,32791,5.98763,4197890,6.3301E-05,0,0,0,0,12.4997,34.655,0,3489860000,0,15245300,2099200,134365000,270864000,0,122272000,0,78.0027,0,23.9417,2.99609,0,43.6218,32,100,512,0,0,0,128
nbody_kernel,4184,2048,128,128,8,16,0,1,0,0,2,1.78889E-05,0,8,1.4498,2739060,32791,2.10496,2100740,4.39134E-05,0,0,0,0,12.4998,34.2151,0,3489910000,0,7643140,1050620,67256300,269709000,0,119866000,0,54.743,0,16.8224,1.05378,0,30.0473,32,100,384,0,0,0,168
nbody_kernel,5722,2048,128,128,8,16,0,1,0,0,4,7.86903E-05,32,16,2.20307,5750350,32791,0.777606,1052160,3.20986E-05,0,0,0,0,12.4998,33.9246,0,3490010000,0,3842050,526336,33701900,269179000,0,118666000,0,40.3341,0,12.4017,0.389303,0,21.9296,32,100,256,0,0,0,247
nbody_kernel,2566,2048,128,128,8,16,0,1,1,0,1,0.000295867,0,81,0.163483,145604,32919,0.0587222,36352,1.19782,2097150,32768,0,0,12.4997,34.5936,0,3489860000,0,8429570,2097150,35799000,269855000,0,118947000,0,88.1622,0,27.1169,0.910762,0,48.0636,32,100,512,2048,0,0,128
nbody_kernel,3980,2048,128,128,8,16,0,1,1,0,2,0.00145507,556,61,1.48895,2673950,32863,0.0211206,19968,0.770633,2097150,32768,0,0,12.4998,34.0763,0,3489910000,0,4235260,1048580,34750500,269257000,0,118729000,0,57.7392,0,17.7618,0.577044,0,31.4244,32,100,384,4096,0,0,166
nbody_kernel,5695,2048,128,128,8,16,0,1,1,0,4,0.000303941,120,65,2.21406,5750810,32919,0.00875031,11776,0.537519,2097150,32768,0,0,12.4998,33.9001,0,3490010000,0,2138110,524288,34226200,269023000,0,118625000,0,40.539,0,12.4713,0.398314,0,22.0448,32,100,256,8192,0,0,252
nbody_kernel,13016,2048,128,128,8,16,1,0,0,0,1,0.000853639,0,1189,16.7586,232709,100717000,0.333158,1049600,7.02225E-06,0,0,201348000,100684000,12.4999,34.5515,0,3489860000,0,948896000,237021000,2449870000,321278000,0,238493000,0,18.6588,0,5.32782,12.1561,0,18.9342,32,100,1024,0,320,0,31
nbody_kernel,11340,2048,128,128,8,16,1,0,1,0,1,0.000973613,0,1175,19.2559,177143,100717000,0.00335584,9216,0.53524,4194300,32768,201349000,100684000,12.4999,34.733,0,3489860000,0,947585000,237021000,2551840000,319967000,0,241598000,0,21.3886,0,6.11026,14.5216,0,21.9975,32,100,1024,2048,320,0,33
nbody_kernel,13686,2048,128,128,8,16,1,1,0,0,1,0.00130317,716,1195,15.8788,427885,100717000,1.30022,4197890,6.65647E-06,0,0,201363000,100684000,12.4998,33.9414,0,3489860000,0,955314000,237021000,2550610000,321282000,0,241842000,0,18.035,0,5.14108,12.2124,0,18.5271,32,100,1024,0,320,0,37
nbody_kernel,10585,2048,128,128,8,16,1,1,0,0,2,0.00352463,41,3904,21.1216,2108490,100723000,1.04319,2100740,8.71391E-06,0,0,151005000,100690000,11.8756,26.0329,0,3489910000,0,477950000,118532000,1275540000,294932000,0,179666000,0,29.6509,0,8.77467,10.4238,0,23.4919,32,100,1024,0,416,0,49
nbody_kernel,10884,2048,128,128,8,16,1,1,0,0,4,0.173364,0,202704,25.4696,28982600,100735000,0.412296,1052160,1.66517E-05,0,0,125927000,100700000,11.6699,31.0723,0,3490010000,0,239272000,59287600,638009000,281694000,0,148579000,0,23.2835,0,7.02415,4.17372,0,15.5515,32,100,1024,0,608,0,64
nbody_kernel,11292,2048,128,128,8,16,1,1,1,0,1,0.0014302,380,1338,19.3495,182744,100717000,0.0132903,36352,0.53725,4194300,32768,201347000,100684000,12.4999,34.7246,0,3489860000,0,948498000,237021000,2552710000,319971000,0,241654000,0,21.4786,0,6.13469,14.5846,0,22.0906,32,100,1024,2048,320,0,31
nbody_kernel,9304,2048,128,128,8,16,1,1,1,0,2,0.00413399,16,4190,22.9434,603252,100723000,0.0123689,19968,0.319916,2097150,32768,151021000,100690000,12.4999,24.2216,0,3489910000,0,474542000,118532000,1276590000,294281000,0,179572000,0,35.0855,0,10.3934,12.357,0,27.8112,32,100,1024,4096,416,0,43
nbody_kernel,10524,2048,128,128,8,16,1,1,1,0,4,0.410636,0,464689,45.4994,120311000,100735000,0.00471344,11776,0.290122,2097150,32768,125999000,100907000,12.4999,33.9617,0,3490010000,0,237572000,59287600,638534000,281498000,0,148536000,0,22.2601,0,6.71887,3.99602,0,14.8713,32,100,1024,8192,608,0,61
nbody_kernel,10551,2048,128,128,8,16,2,0,0,0,1,0.00114547,0,1289,20.6635,229925,100717000,0.412057,1049600,8.68354E-06,0,0,201347000,100684000,12.4999,34.5573,0,3489860000,0,478865000,102779000,1241740000,321329000,0,179761000,0,22.2459,0,6.58715,7.61781,0,17.6447,32,100,1024,0,320,0,41
nbody_kernel,9635,2048,128,128,8,16,2,0,1,0,1,0.00132384,110,1247,22.6884,175112,100717000,0.00394868,9216,0.630135,4194300,32768,201347000,100684000,12.4999,34.752,0,3489860000,0,477555000,102779000,1343720000,320018000,0,182866000,0,24.2683,0,7.18964,8.99737,0,19.5912,32,100,1024,2048,320,0,41
nbody_kernel,11208,2048,128,128,8,16,2,1,0,0,1,0.00140255,348,1318,19.7173,541995,100717000,1.71002,4197890,8.25946E-06,0,0,201364000,100684000,12.3603,31.3279,0,3489860000,0,485274000,102779000,1342490000,321235000,0,183105000,0,23.381,0,6.9113,8.64115,0,18.8574,32,100,1024,0,320,0,42
nbody_kernel,8925,2048,128,128,8,16,2,1,0,0,2,0.00409047,44,3963,24.233,2011160,100723000,1.16464,2100740,9.98517E-06,0,0,151015000,100688000,11.7741,26.5039,0,3489910000,0,242790000,51398700,671400000,294892000,0,150290000,0,32.7556,0,9.87611,6.17545,0,22.1175,32,100,1024,0,416,0,56
nbody_kernel,10346,2048,128,128,8,16,2,1,0,0,4,0.184774,160,203417,26.7357,26745700,100735000,0.442272,1052160,1.7789E-05,0,0,125822000,100700000,11.3525,30.0162,0,3490010000,0,121557000,25708500,537231000,281727000,0,140178000,0,25.5064,0,7.76795,3.88661,0,16.2258,32,100,1024,0,608,0,64
nbody_kernel,9633,2048,128,128,8,16,2,1,1,0,1,0.00118806,0,1226,22.6974,179992,100717000,0.0155825,36352,0.630369,4194300,32768,201347000,100684000,12.4999,34.7466,0,3489860000,0,478458000,102779000,1344590000,319924000,0,182917000,0,24.2863,0,7.19343,9.00794,0,19.607,32,100,1024,2048,320,0,41
nbody_kernel,8287,2048,128,128,8,16,2,1,1,0,2,0.00489848,106,4276,26.087,691004,100723000,0.0132877,19968,0.363743,2097150,32768,151023000,100690000,12.4999,25.5994,0,3489910000,0,239383000,51398700,672449000,294365000,0,150200000,0,36.975,0,11.1598,6.9904,0,24.9774,32,100,1024,4096,416,0,50
nbody_kernel,9593,2048,128,128,8,16,2,1,1,0,4,0.432525,156,444869,49.6785,119174000,100735000,0.0051802,11776,0.317926,2097150,32768,126315000,101874000,12.4999,33.8711,0,3490010000,0,119853000,25708500,537756000,281465000,0,140133000,0,24.228,0,7.38248,3.6978,0,15.4157,32,100,1024,8192,608,0,63
nbody_kernel,7846,2048,128,128,8,16,4,0,0,0,1,0.0015487,0,1292,27.8875,229088,100717000,0.55596,1049600,1.17175E-05,0,0,201346000,100684000,12.4996,34.5554,0,3489860000,0,243939000,35657700,637682000,321298000,0,150394000,0,29.4643,0,8.88912,5.27915,0,19.921,32,100,1024,0,320,0,64
nbody_kernel,6731,2048,128,128,8,16,4,0,1,0,1,0.00180746,26,1269,32.4507,176464,100717000,0.00566272,9216,0.902249,4194300,32768,201347000,100684000,12.4998,34.6994,0,3489860000,0,242629000,35657700,739656000,319988000,0,153499000,0,34.1562,0,10.31,7.10212,0,23.5821,32,100,1024,2048,320,0,64
nbody_kernel,7694,2048,128,128,8,16,4,1,0,0,1,0.00142648,0,1155,28.8402,513007,100717000,2.4365,4197890,1.20787E-05,0,0,201346000,100684000,12.4247,32.3044,0,3489860000,0,250259000,35657700,738427000,321200000,0,153737000,0,32.5464,0,9.80165,6.74074,0,22.4542,32,100,1024,0,320,0,64
nbody_kernel,7852,2048,128,128,8,16,4,1,0,0,2,0.00476721,156,4009,27.2957,2053410,100723000,1.27447,2100740,1.12535E-05,0,0,151081000,100690000,11.7764,27.2914,0,3489910000,0,125217000,17831900,570679000,294855000,0,141893000,0,35.5131,0,10.8094,5.74506,0,22.8551,32,100,896,0,416,0,65
nbody_kernel,9498,2048,128,128,8,16,4,1,0,0,4,0.186393,512,189900,32.3972,41903100,100735000,0.469425,1052160,1.92801E-05,0,0,125818000,100717000,11.8446,31.9331,0,3490010000,0,62703600,8919040,486842000,281682000,0,135975000,0,25.8612,0,7.91368,3.58815,0,16.0347,32,100,768,0,608,0,80
nbody_kernel,6755,2048,128,128,8,16,4,1,1,0,1,0.00483303,2240,1231,32.3473,171680,100717000,0.0222617,36352,0.899338,4194300,32768,201347000,100684000,12.4998,34.6927,0,3489860000,0,243444000,35657700,740524000,319889000,0,153548000,0,34.0602,0,10.2787,7.08889,0,23.5182,32,100,1024,2048,320,0,64
nbody_kernel,7250,2048,128,128,8,16,4,1,1,0,2,0.00610075,414,4345,29.8812,699732,100723000,0.0144701,19968,0.41628,2097150,32768,151022000,100690000,12.4994,26.9364,0,3489910000,0,121813000,17831900,571728000,294203000,0,141799000,0,39.9112,0,12.1607,6.47518,0,25.6954,32,100,896,4096,416,0,65
nbody_kernel,11080,2048,128,128,8,16,4,1,1,0,4,0.397476,644,468292,43.2981,121391000,100735000,0.00446287,11776,0.275739,2097150,32768,125947000,100873000,12.4997,34.1183,0,3490010000,0,60999700,8919040,487367000,281420000,0,135930000,0,20.7615,0,6.35645,2.88558,0,12.8752,32,100,896,8192,608,0,70
nbody_kernel,2912,2048,128,128,8,16,8,0,0,0,1,0.000825428,172,83,0.146679,145920,32791,1.49551,1049600,6.32705E-05,0,0,0,0,12.4997,34.6667,0,3489860000,0,8943620,2099200,33620000,270862000,0,118927000,0,77.7982,0,23.922,0.749115,0,42.3934,32,100,512,0,0,0,127
nbody_kernel,2595,2048,128,128,8,16,8,0,1,0,1,0.000119296,20,13,0.157711,139360,32791,0.0147272,9216,1.18496,2097150,32768,0,0,12.4997,34.6055,0,3489860000,0,7632900,2097150,34930700,269851000,0,118895000,0,87.1659,0,26.8166,0.878988,0,47.5104,32,100,512,2048,0,0,127
nbody_kernel,2909,2048,128,128,8,16,8,1,0,0,1,9.9774E-05,0,31,0.145634,145104,32791,5.98695,4197890,6.32929E-05,0,0,0,0,12.4997,34.6505,0,3489860000,0,15245300,2099200,134365000,270864000,0,122272000,0,78.0027,0,23.9417,2.99609,0,43.6218,32,100,512,0,0,0,128
nbody_kernel,4180,2048,128,128,8,16,8,1,0,0,2,4.49005E-05,1,19,1.44994,2739060,32791,2.1066,2100740,4.39083E-05,0,0,0,0,12.4998,34.1794,0,3489910000,0,7643140,1050620,67256300,269709000,0,119866000,0,54.7938,0,16.8381,1.05476,0,30.0752,32,100,384,0,0,0,168
nbody_kernel,5704,2048,128,128,8,16,8,1,0,0,4,0.00011031,48,19,2.20731,5751670,32839,0.779904,1052160,3.21836E-05,0,0,0,0,12.4998,33.9135,0,3490010000,0,3842050,526336,33701900,269179000,0,118666000,0,40.4541,0,12.4386,0.390462,0,21.9948,32,100,256,0,0,0,247
nbody_kernel,2566,2048,128,128,8,16,8,1,1,0,1,0.00154759,348,73,0.16364,144396,32919,0.0587235,36352,1.20267,2097150,32768,0,0,12.4997,34.7332,0,3489860000,0,8429570,2097150,35799000,269855000,0,118947000,0,88.1634,0,27.1173,0.910775,0,48.0642,32,100,512,2048,0,0,128
nbody_kernel,3980,2048,128,128,8,16,8,1,1,0,2,0.000134904,0,57,1.48879,2674140,32839,0.0211529,19968,0.771899,2097150,32768,0,0,12.4998,34.0784,0,3489910000,0,4235260,1048580,34750500,269257000,0,118729000,0,57.8304,0,17.7899,0.577956,0,31.4741,32,100,384,4096,0,0,166
nbody_kernel,5695,2048,128,128,8,16,8,1,1,0,4,2.80077E-05,0,17,2.21466,5750050,32791,0.00875163,11776,0.537469,2097150,32768,0,0,12.4998,33.8975,0,3490010000,0,2138110,524288,34226200,269023000,0,118625000,0,40.5384,0,12.4711,0.398308,0,22.0445,32,100,256,8192,0,0,252
nbody_kernel,4237,2048,128,128,8,32,0,0,0,0,1,3.24007E-05,0,15,1.37243,2685740,32791,1.01531,1049600,4.23684E-05,0,0,0,0,12.4998,34.1836,0,3489860000,0,4749310,1050620,33620000,269816000,0,118730000,0,52.8172,0,16.2455,0.508727,0,28.742,32,100,512,0,0,0,127
nbody_kernel,4019,2048,128,128,8,32,0,0,1,0,1,4.68909E-05,0,20,1.47095,2665890,32839,0.00963842,9216,0.766997,2097150,32768,0,0,12.4998,34.2009,0,3489860000,0,4487170,1048580,34930700,269851000,0,118764000,0,57.0879,0,17.5631,0.57568,0,31.0819,32,100,512,2048,0,0,127
nbody_kernel,4260,2048,128,128,8,32,0,1,0,0,1,0.00056749,140,117,1.47368,2837070,32943,4.13204,4197890,4.31589E-05,0,0,0,0,12.4998,34.2279,0,3489860000,0,7905280,1050620,134365000,269814000,0,121977000,0,53.7817,0,16.5273,2.06824,0,30.04,32,100,512,0,0,0,128
nbody_kernel,5752,2048,128,128,8,32,0,1,0,0,2,3.43351E-05,0,21,2.21428,5809860,32791,1.5451,2100740,3.19633E-05,0,0,0,0,12.4999,33.9463,0,3489910000,0,3973120,526336,67256300,269189000,0,119718000,0,40.1372,0,12.3415,0.773087,0,22.0167,32,100,384,0,0,0,168
nbody_kernel,5956,2048,128,128,8,32,0,1,0,0,4,4.27269,554,2712270,5.52846,6016810,9134360,0.741978,1052160,3.08482E-05,0,0,9158650,9100020,12.4998,33.9441,0,3490010000,0,2205700,264192,179784000,269683000,0,123188000,0,38.7291,0,11.9118,1.99451,0,21.8658,32,100,256,0,1056,0,255
nbody_kernel,4027,2048,128,128,8,32,0,1,1,0,1,5.83555E-05,0,25,1.47068,2677250,32839,0.0378529,36352,0.763517,2097150,32768,0,0,12.4998,34.1973,0,3489860000,0,5283840,1048580,35799000,269844000,0,118816000,0,56.848,0,17.4853,0.58727,0,30.9577,32,100,512,2048,0,0,128
nbody_kernel,5708,2048,128,128,8,32,0,1,1,0,2,2.14422E-05,0,13,2.20996,5750000,32791,0.0148211,19968,0.537967,2097150,32768,0,0,12.4999,33.9325,0,3489910000,0,2662400,524288,34750500,269263000,0,118664000,0,40.4776,0,12.4518,0.404533,0,22.0177,32,100,384,4096,0,0,168
nbody_kernel,5719,2048,128,128,8,32,0,1,1,0,4,0.00046139,0,281,2.89904,5783120,1827100,0.00871243,11776,0.535635,2097150,32768,1818600,1794110,12.4998,33.9315,0,3490010000,0,1550340,262144,63129600,272953000,0,119624000,0,40.3583,0,12.4157,0.730772,0,22.1315,32,100,256,8192,216,0,255
nbody_kernel,13015,2048,128,128,8,32,1,0,0,0,1,0.00123573,466,1252,16.7675,230857,100717000,0.333675,1049600,7.03532E-06,0,0,201348000,100684000,12.4998,34.5765,0,3489860000,0,944701000,235973000,2449870000,320229000,0,238297000,0,18.6748,0,5.33387,12.1698,0,18.94,32,100,1024,0,320,0,31
nbody_kernel,11346,2048,128,128,8,32,1,0,1,0,1,0.00116369,124,1286,19.1905,177729,100717000,0.00338037,9216,0.53339,4194300,32768,201347000,100684000,12.4999,34.3479,0,3489860000,0,944439000,235973000,2551840000,319967000,0,241467000,0,21.5536,0,6.1574,14.6336,0,22.1552,32,100,1024,2048,320,0,33
nbody_kernel,13784,2048,128,128,8,32,1,1,0,0,1,0.00128783,584,1305,15.9047,425385,100717000,1.26223,4197890,6.65914E-06,0,0,201362000,100684000,12.4999,34.5958,0,3489860000,0,947974000,235973000,2550610000,320233000,0,241547000,0,17.6812,0,5.04586,11.9862,0,18.1618,32,100,1024,0,320,0,37
nbody_kernel,10579,2048,128,128,8,32,1,1,0,0,2,0.00478614,1403,3983,21.2418,2096940,100723000,1.03949,2100740,8.73916E-06,0,0,151021000,100690000,11.8669,26.1464,0,3489910000,0,474280000,118008000,1275540000,294408000,0,179519000,0,29.5906,0,8.76189,10.4086,0,23.4385,32,100,1024,0,416,0,49
nbody_kernel,10917,2048,128,128,8,32,1,1,0,0,4,0.171582,0,200888,25.4436,28698400,100735000,0.411284,1052160,1.66789E-05,0,0,125930000,100698000,11.6429,31.0901,0,3490010000,0,237437000,59025400,638009000,281432000,0,148505000,0,23.3015,0,7.03163,4.17817,0,15.5603,32,100,1024,0,608,0,64
nbody_kernel,11299,2048,128,128,8,32,1,1,1,0,1,0.00108114,0,1309,19.3511,183648,100717000,0.0133027,36352,0.537309,4194300,32768,201347000,100684000,12.4999,34.6858,0,3489860000,0,945353000,235973000,2552710000,319971000,0,241523000,0,21.505,0,6.14222,14.6025,0,22.1057,32,100,1024,2048,320,0,31
nbody_kernel,9299,2048,128,128,8,32,1,1,1,0,2,0.004262,262,4088,22.9662,602312,100723000,0.0123774,19968,0.319802,2097150,32768,151020000,100690000,12.4999,24.2042,0,3489910000,0,472969000,118008000,1276590000,294281000,0,179507000,0,35.0982,0,10.3972,12.3615,0,27.8112,32,100,1024,4096,416,0,43
nbody_kernel,10553,2048,128,128,8,32,1,1,1,0,4,0.410611,996,460503,45.4181,120302000,100735000,0.0047164,11776,0.290449,2097150,32768,125951000,100777000,12.4999,33.9822,0,3490010000,0,236786000,59025400,638534000,281498000,0,148503000,0,22.2717,0,6.72237,3.9981,0,14.8758,32,100,1024,8192,608,0,61
nbody_kernel,10561,2048,128,128,8,32,2,0,0,0,1,0.00162646,576,1255,20.6604,229863,100717000,0.411861,1049600,8.67347E-06,0,0,201347000,100684000,12.4999,34.528,0,3489860000,0,474671000,101730000,1241740000,320281000,0,179564000,0,22.2325,0,6.58508,7.61542,0,17.6199,32,100,1024,0,320,0,41
nbody_kernel,9618,2048,128,128,8,32,2,0,1,0,1,0.00132577,0,1358,22.7406,175828,100717000,0.00395819,9216,0.63157,4194300,32768,201347000,100684000,12.4999,34.7508,0,3489860000,0,474409000,101730000,1343720000,320018000,0,182735000,0,24.3244,0,7.20626,9.01818,0,19.6224,32,100,1024,2048,320,0,41
nbody_kernel,11203,2048,128,128,8,32,2,1,0,0,1,0.00135017,406,1184,19.9379,519102,100717000,1.70902,4197890,8.34271E-06,0,0,201345000,100684000,12.3592,31.6149,0,3489860000,0,477934000,101730000,1342490000,320186000,0,182810000,0,23.3752,0,6.91759,8.64901,0,18.8442,32,100,1024,0,320,0,42
nbody_kernel,8915,2048,128,128,8,32,2,1,0,0,2,0.0049438,960,3834,24.3073,2005530,100723000,1.16369,2100740,1.00183E-05,0,0,151037000,100691000,11.7544,26.5825,0,3489910000,0,239120000,50874400,671400000,294367000,0,150142000,0,32.7476,0,9.87952,6.17758,0,22.1035,32,100,1024,0,416,0,56
nbody_kernel,10555,2048,128,128,8,32,2,1,0,0,4,0.188713,736,209860,27.2863,33077800,100735000,0.431612,1052160,1.73075E-05,0,0,125838000,100699000,11.3339,29.8794,0,3490010000,0,119722000,25446400,537231000,281465000,0,140104000,0,24.9221,0,7.59228,3.79872,0,15.8506,32,100,1024,0,608,0,64
nbody_kernel,9628,2048,128,128,8,32,2,1,1,0,1,0.00110481,2,1129,22.7199,178236,100717000,0.0156147,36352,0.63098,4194300,32768,201347000,100684000,12.4999,34.7077,0,3489860000,0,475312000,101730000,1344590000,319924000,0,182786000,0,24.337,0,7.20846,9.02676,0,19.6339,32,100,1024,2048,320,0,41
nbody_kernel,8286,2048,128,128,8,32,2,1,1,0,2,0.00482775,98,4220,26.1465,693176,100723000,0.013317,19968,0.364611,2097150,32768,151018000,100690000,12.4999,25.6067,0,3489910000,0,237810000,50874400,672449000,294365000,0,150134000,0,37.0526,0,11.1832,7.00508,0,25.0189,32,100,1024,4096,416,0,50
nbody_kernel,9781,2048,128,128,8,32,2,1,1,0,4,0.456326,180,474040,49.3245,121140000,100735000,0.00504968,11776,0.313759,2097150,32768,126101000,101794000,12.4999,34.294,0,3490010000,0,119067000,25446400,537756000,281465000,0,140100000,0,23.6155,0,7.19585,3.60432,0,15.0225,32,100,1024,8192,608,0,63
nbody_kernel,7820,2048,128,128,8,32,4,0,0,0,1,0.00151391,32,1234,27.9941,228609,100717000,0.557761,1049600,1.17245E-05,0,0,201347000,100684000,12.4996,34.4607,0,3489860000,0,239745000,34609200,637682000,320250000,0,150197000,0,29.5543,0,8.91891,5.29684,0,19.9616,32,100,1024,0,320,0,64
nbody_kernel,6709,2048,128,128,8,32,4,0,1,0,1,0.00203572,160,1292,32.6339,172814,100717000,0.00568118,9216,0.90691,4194300,32768,201347000,100684000,12.4998,34.7516,0,3489860000,0,239483000,34609200,739656000,319988000,0,153368000,0,34.2812,0,10.3477,7.1281,0,23.6482,32,100,1024,2048,320,0,64
nbody_kernel,7678,2048,128,128,8,32,4,1,0,0,1,0.00194597,230,1326,29.1592,495018,100717000,2.45176,4197890,1.22216E-05,0,0,201352000,100684000,12.4343,32.5138,0,3489860000,0,242919000,34609200,738427000,320152000,0,153442000,0,32.6807,0,9.85367,6.77652,0,22.5301,32,100,1024,0,320,0,64
nbody_kernel,8069,2048,128,128,8,32,4,1,0,0,2,0.00450816,1,3981,28.471,9260280,100723000,1.22285,2100740,1.10234E-05,0,0,151036000,100689000,11.7256,27.6508,0,3489910000,0,121547000,17307600,570679000,294330000,0,141746000,0,34.3143,0,10.4507,5.55444,0,22.0739,32,100,896,0,416,0,65
nbody_kernel,9886,2048,128,128,8,32,4,1,0,0,4,0.200573,738,211635,33.2643,52480900,100735000,0.453231,1052160,1.84154E-05,0,0,125846000,100708000,11.8385,31.708,0,3490010000,0,60868600,8656900,486842000,281420000,0,135902000,0,24.8692,0,7.61239,3.45154,0,15.4158,32,100,768,0,608,0,80
nbody_kernel,6730,2048,128,128,8,32,4,1,1,0,1,0.00263673,688,1198,32.5096,171652,100717000,0.0223456,36352,0.903725,4194300,32768,201347000,100684000,12.4998,34.7331,0,3489860000,0,240298000,34609200,740524000,319889000,0,153417000,0,34.1865,0,10.3168,7.11518,0,23.5853,32,100,1024,2048,320,0,64
nbody_kernel,7286,2048,128,128,8,32,4,1,1,0,2,0.00542017,32,4313,30.3303,4321120,100723000,0.0134771,19968,0.407585,2097150,32768,151025000,100690000,12.4995,28.3266,0,3489910000,0,120240000,17307600,571728000,294203000,0,141734000,0,37.1598,0,11.3224,6.02879,0,23.9129,32,100,896,4096,416,0,65
nbody_kernel,11370,2048,128,128,8,32,4,1,1,0,4,0.392032,312,475426,42.5664,122238000,100735000,0.00435346,11776,0.269265,2097150,32768,125909000,100663000,12.4997,34.1121,0,3490010000,0,60213200,8656900,487367000,281420000,0,135898000,0,20.2777,0,6.20834,2.81834,0,12.5721,32,100,896,8192,608,0,70
nbody_kernel,4218,2048,128,128,8,32,8,0,0,0,1,0.000549794,152,95,1.39746,2666760,32911,1.04143,1049600,4.35078E-05,0,0,0,0,12.4998,34.2252,0,3489860000,0,4749310,1050620,33620000,269816000,0,118730000,0,54.1716,0,16.6621,0.521773,0,29.479,32,100,512,0,0,0,127
nbody_kernel,4032,2048,128,128,8,32,8,0,1,0,1,0.000109816,0,47,1.46576,2665980,32839,0.00960653,9216,0.764359,2097150,32768,0,0,12.4998,34.1943,0,3489860000,0,4487170,1048580,34930700,269851000,0,118764000,0,56.9026,0,17.5061,0.57381,0,30.981,32,100,512,2048,0,0,127
nbody_kernel,4276,2048,128,128,8,32,8,1,0,0,1,5.48464E-05,0,25,1.47019,2839910,32791,4.11916,4197890,4.30139E-05,0,0,0,0,12.4998,34.2136,0,3489860000,0,7905280,1050620,134365000,269814000,0,121977000,0,53.6233,0,16.4786,2.06215,0,29.9516,32,100,512,0,0,0,128
nbody_kernel,5747,2048,128,128,8,32,8,1,0,0,2,3.41831E-05,0,21,2.21649,5809960,32791,1.54465,2100740,3.19534E-05,0,0,0,0,12.4999,33.9535,0,3489910000,0,3973120,526336,67256300,269189000,0,119718000,0,40.1163,0,12.3351,0.772685,0,22.0052,32,100,384,0,0,0,168
nbody_kernel,5954,2048,128,128,8,32,8,1,0,0,4,4.32803,944,2741620,5.52402,6017270,9134480,0.742375,1052160,3.08549E-05,0,0,9159480,9102110,12.4998,33.9342,0,3490010000,0,2205700,264192,179784000,269683000,0,123188000,0,38.7487,0,11.9178,1.99553,0,21.877,32,100,256,0,1056,0,255
nbody_kernel,4033,2048,128,128,8,32,8,1,1,0,1,5.82126E-05,0,25,1.47861,2689550,32791,0.0378441,36352,0.763066,2097150,32768,0,0,12.4998,34.1805,0,3489860000,0,5283840,1048580,35799000,269844000,0,118816000,0,56.8422,0,17.4835,0.58721,0,30.9545,32,100,512,2048,0,0,128
nbody_kernel,5692,2048,128,128,8,32,8,1,1,0,2,1.3227E-05,0,8,2.2202,5762600,32839,0.0148678,19968,0.539299,2097150,32768,0,0,12.4999,33.9014,0,3489910000,0,2662400,524288,34750500,269263000,0,118664000,0,40.615,0,12.4941,0.405906,0,22.0925,32,100,384,4096,0,0,168
nbody_kernel,5730,2048,128,128,8,32,8,1,1,0,4,0.00140642,564,292,2.89394,5784020,1827100,0.00870563,11776,0.535187,2097150,32768,1818610,1794860,12.4998,33.9322,0,3490010000,0,1550340,262144,63129600,272953000,0,119624000,0,40.3238,0,12.405,0.730147,0,22.1126,32,100,256,8192,216,0,255
nbody_kernel,1434,16384,256,256,1,0,0,0,0,0,1,8.55854E-05,0,13,0.835327,518980,16407,11.4138,8389630,0.000519911,0,0,0,0,34.162,74.5157,0,3489890000,0,71450600,16777200,268501000,272826000,0,128766000,0,74.3333,0,22.8629,5.71747,0,43.8695,32,100,1024,0,0,0,63
nbody_kernel,1283,16384,256,256,1,0,0,0,1,0,1,0.000185162,0,25,0.950876,529824,16407,0.0537563,33792,19.211,16777200,131072,0,0,32.8453,71.2277,0,3489890000,0,139608000,67108900,273744000,272843000,0,141153000,0,86.9663,0,26.7484,6.81976,0,56.2623,32,100,1024,4096,0,0,42
nbody_kernel,1701,16384,256,256,1,0,0,1,0,0,1,0.000105457,0,19,0.681239,501060,16407,36.2486,33558000,0.000437545,0,0,0,0,33.873,79.0669,0,3489890000,0,135496000,67108900,1073890000,269681000,0,195258000,0,58.94,0,18.1334,18.1361,0,52.7614,32,100,1024,0,0,0,39
nbody_kernel,1594,16384,256,256,1,0,0,1,0,0,2,0.000148373,0,25,0.723641,498272,16407,19.4568,16780800,0.000467385,0,0,0,0,33.8522,78.7418,0,3489940000,0,134971000,67108900,537018000,269222000,0,178386000,0,63.2205,0,19.45,9.72797,0,51.7025,32,100,1024,0,0,0,42
nbody_kernel,1492,16384,256,256,1,0,0,1,0,0,4,0.000120828,0,19,0.797587,515948,16407,10.7688,8392190,0.000499601,0,0,0,0,34.1392,76.0027,0,3490040000,0,34046000,16777200,268583000,269058000,0,131747000,0,70.0156,0,21.5399,5.38827,0,42.2882,32,100,1024,0,0,0,64
nbody_kernel,1284,16384,256,256,1,0,0,1,1,0,1,0.000243059,0,33,0.946725,528304,16455,0.214887,134656,19.183,16777200,131072,0,0,32.8427,71.0292,0,3489890000,0,142836000,67108900,276972000,272859000,0,141356000,0,87.1625,0,26.784,6.90934,0,56.4184,32,100,1024,4096,0,0,42
nbody_kernel,1204,16384,256,256,1,0,0,1,1,0,2,0.000149285,0,19,1.01418,531152,16407,0.119099,69120,20.4626,16777200,131072,0,0,32.2798,70.1866,0,3489940000,0,37978100,16777200,272777000,270828000,0,129939000,0,94.0607,0,28.9207,7.34756,0,55.9994,32,100,1024,8192,0,0,64
nbody_kernel,1208,16384,256,256,1,0,0,1,1,0,4,0.000195751,0,25,1.00767,528868,16455,0.0625109,36352,20.4555,16777700,168684,0,0,32.3879,70.1801,0,3490040000,0,35881000,16777200,270680000,269844000,0,129740000,0,93.8109,0,28.8518,7.27369,0,55.78,32,100,1024,16384,0,0,63
nbody_kernel,1434,16384,256,256,1,0,1,0,0,0,1,0.0001252,0,19,0.833972,519252,16407,11.4276,8389630,0.000519036,0,0,0,0,34.1637,74.3639,0,3489890000,0,71450600,16777200,268501000,272826000,0,128766000,0,74.3597,0,22.871,5.71949,0,43.8851,32,100,1024,0,0,0,63
nbody_kernel,1282,16384,256,256,1,0,1,0,1,0,1,0.000242674,0,33,0.951297,530272,16407,0.0538463,33792,19.2104,16777200,131072,0,0,32.8384,71.2289,0,3489890000,0,139608000,67108900,273744000,272843000,0,141153000,0,86.9622,0,26.7472,6.81943,0,56.2596,32,100,1024,4096,0,0,42
nbody_kernel,1694,16384,256,256,1,0,1,1,0,0,1,0.000607045,84,25,0.682755,501148,16407,36.256,33558000,0.000437609,0,0,0,0,33.8615,79.0692,0,3489890000,0,135496000,67108900,1073890000,269681000,0,195258000,0,58.9469,0,18.1355,18.1382,0,52.7676,32,100,1024,0,0,0,39
nbody_kernel,1589,16384,256,256,1,0,1,1,0,0,2,0.00019014,1,31,0.723156,498492,16455,19.438,16780800,0.000467118,0,0,0,0,33.8415,78.6604,0,3489940000,0,134971000,67108900,537018000,269222000,0,178386000,0,63.2497,0,19.459,9.73245,0,51.7263,32,100,1024,0,0,0,42
nbody_kernel,1488,16384,256,256,1,0,1,1,0,0,4,0.00012063,0,19,0.798791,515376,16407,10.7732,8392190,0.00050043,0,0,0,0,34.1384,76.1418,0,3490040000,0,34046000,16777200,268583000,269058000,0,131747000,0,70.0037,0,21.5363,5.38735,0,42.281,32,100,1024,0,0,0,64
nbody_kernel,1285,16384,256,256,1,0,1,1,1,0,1,0.00027286,0,37,0.945742,528296,16407,0.214899,134656,19.161,16777200,131072,0,0,32.8467,70.9528,0,3489890000,0,142836000,67108900,276972000,272859000,0,141356000,0,87.1566,0,26.7822,6.90887,0,56.4146,32,100,1024,4096,0,0,42
nbody_kernel,1203,16384,256,256,1,0,1,1,1,0,2,0.000290655,0,37,1.01427,531096,16407,0.119105,69120,20.4675,16777200,131072,0,0,32.2792,70.2123,0,3489940000,0,37978100,16777200,272777000,270828000,0,129939000,0,94.0486,0,28.917,7.34661,0,55.9922,32,100,1024,8192,0,0,64
nbody_kernel,1208,16384,256,256,1,0,1,1,1,0,4,0.000954672,34,88,1.00951,528852,16511,0.0624965,36352,20.4502,16777700,168644,0,0,32.3983,70.1443,0,3490040000,0,35881000,16777200,270680000,269844000,0,129740000,0,93.8346,0,28.859,7.27553,0,55.7941,32,100,1024,16384,0,0,63
nbody_kernel,2391,16384,256,256,1,1,0,0,0,0,1,0.000616425,136,21,0.386637,391812,16407,5.27812,8389630,0.000309205,0,0,0,0,34.9762,96.019,0,3489890000,0,1078080000,268435000,268501000,809697000,0,184865000,0,34.3077,0,10.5521,2.63883,0,29.0684,32,100,1024,0,0,0,28
nbody_kernel,1604,16384,256,256,1,1,0,0,1,0,1,0.000194687,0,33,0.736009,512408,16407,0.0389097,33792,30.5343,33554400,131072,0,0,34.8404,78.6862,0,3489890000,0,542261000,268435000,1079050000,272843000,0,210359000,0,62.8212,0,19.3221,19.4179,0,60.5677,32,100,1024,4096,0,0,25
nbody_kernel,1665,16384,256,256,1,1,0,1,0,0,1,0.000108021,0,19,0.551302,391128,16407,32.7513,33558000,0.000447132,0,0,0,0,35.3199,89.4403,0,3489890000,0,538149000,268435000,1073890000,269713000,0,243756000,0,53.2457,0,16.3814,16.3839,0,59.5022,32,100,1024,0,0,0,25
nbody_kernel,1541,16384,256,256,1,1,0,1,0,0,2,0.000153499,0,25,0.725081,481392,16407,19.8247,16780800,0.000484432,0,0,0,0,34.2959,80.0971,0,3489940000,0,269189000,134218000,537018000,269206000,0,180614000,0,64.4177,0,19.8183,9.91218,0,53.3394,32,100,1024,0,0,0,31
nbody_kernel,1418,16384,256,256,1,1,0,1,0,0,4,0.000677788,16,86,0.757854,464016,16407,10.7829,8392190,0.000525365,0,0,0,0,35.202,79.8418,0,3490040000,0,134709000,67108900,268583000,269074000,0,149049000,0,70.086,0,21.5616,5.39369,0,47.8897,32,100,1024,0,0,0,50
nbody_kernel,1595,16384,256,256,1,1,0,1,1,0,1,0.000194684,0,33,0.731241,506272,16407,0.154347,134656,30.6242,33554400,131072,0,0,34.8363,79.1983,0,3489890000,0,545489000,268435000,1082280000,272876000,0,210562000,0,62.6567,0,19.2537,19.407,0,60.4119,32,100,1024,4096,0,0,27
nbody_kernel,1467,16384,256,256,1,1,0,1,1,0,2,0.00259549,244,159,0.821537,522752,16447,0.0919965,69120,16.7637,16777200,131072,0,0,33.0809,74.4981,0,3489940000,0,272859000,134218000,541213000,270811000,0,164018000,0,72.5981,0,22.3216,11.2514,0,54.5566,32,100,1024,8192,0,0,34
nbody_kernel,1306,16384,256,256,1,1,0,1,1,0,4,0.000180421,0,25,0.9262,528932,16407,0.0575774,36352,18.7669,16777700,169010,0,0,32.5902,70.2145,0,3490040000,0,136544000,67108900,270680000,269877000,0,140751000,0,86.0233,0,26.4567,6.66988,0,55.49,32,100,1024,16384,0,0,47
nbody_kernel,2392,16384,256,256,1,1,1,0,0,0,1,7.46427E-05,0,19,0.385802,392684,16407,5.27133,8389630,0.00030876,0,0,0,0,34.9632,95.9113,0,3489890000,0,1078080000,268435000,268501000,809697000,0,184865000,0,34.2968,0,10.5488,2.63799,0,29.0591,32,100,1024,0,0,0,28
nbody_kernel,1604,16384,256,256,1,1,1,0,1,0,1,0.000265486,0,45,0.735771,511392,16423,0.0389256,33792,30.5202,33554400,131072,0,0,34.8458,78.6746,0,3489890000,0,542261000,268435000,1079050000,272843000,0,210359000,0,62.8015,0,19.316,19.4118,0,60.5487,32,100,1024,4096,0,0,25
nbody_kernel,1663,16384,256,256,1,1,1,1,0,0,1,0.000153525,0,27,0.551747,391144,16407,32.7457,33558000,0.000447423,0,0,0,0,35.318,89.4885,0,3489890000,0,538149000,268435000,1073890000,269713000,0,243756000,0,53.2517,0,16.3833,16.3858,0,59.5089,32,100,1024,0,0,0,25
nbody_kernel,1531,16384,256,256,1,1,1,1,0,0,2,0.000632397,1,102,0.721011,481348,16407,19.8116,16780800,0.00048177,0,0,0,0,34.2892,79.5838,0,3489940000,0,269189000,134218000,537018000,269206000,0,180614000,0,64.4767,0,19.8365,9.92126,0,53.3883,32,100,1024,0,0,0,31
nbody_kernel,1431,16384,256,256,1,1,1,1,0,0,4,0.000126528,0,19,0.758225,463608,16407,10.779,8392190,0.000525093,0,0,0,0,35.1891,79.7867,0,3490040000,0,134709000,67108900,268583000,269074000,0,149049000,0,70.0981,0,21.5653,5.39461,0,47.898,32,100,1024,0,0,0,50
nbody_kernel,1602,16384,256,256,1,1,1,1,1,0,1,0.000796075,30,105,0.731515,506284,16535,0.154328,134656,30.5934,33554400,131072,0,0,34.8377,79.1128,0,3489890000,0,545489000,268435000,1082280000,272876000,0,210562000,0,62.6613,0,19.2551,19.4085,0,60.4163,32,100,1024,4096,0,0,27
nbody_kernel,1465,16384,256,256,1,1,1,1,1,0,2,0.0012553,176,19,0.81944,522700,16407,0.0919807,69120,16.7376,16777200,131072,0,0,33.0782,74.3625,0,3489940000,0,272859000,134218000,541213000,270811000,0,164018000,0,72.6172,0,22.3275,11.2544,0,54.571,32,100,1024,8192,0,0,34
nbody_kernel,1305,16384,256,256,1,1,1,1,1,0,4,0.000181379,0,25,0.92664,529260,16407,0.0572894,36352,18.7785,16777700,169446,0,0,32.5548,70.5975,0,3490040000,0,136544000,67108900,270680000,269877000,0,140751000,0,85.6076,0,26.3288,6.63764,0,55.2219,32,100,1024,16384,0,0,47
nbody_kernel,1908,16384,256,256,1,2,0,0,0,0,1,0.000132135,0,27,0.481077,392044,16407,6.53634,8389630,0.000387775,0,0,0,0,34.7866,97.1483,0,3489890000,0,541213000,134218000,268501000,270729000,0,147051000,0,42.5253,0,13.0796,3.2709,0,28.661,32,100,1024,0,0,0,36
nbody_kernel,1467,16384,256,256,1,2,0,0,1,0,1,0.000290332,0,45,0.824035,525728,16407,0.0455827,33792,16.7708,16777200,131072,0,0,33.3215,73.5325,0,3489890000,0,273826000,134218000,542179000,272810000,0,164221000,0,73.5402,0,22.6189,11.4216,0,55.3513,32,100,1024,4096,0,0,31
nbody_kernel,1782,16384,256,256,1,2,0,1,0,0,1,0.000100648,0,19,0.608393,467044,16407,31.819,33558000,0.000417119,0,0,0,0,34.2706,85.8765,0,3489890000,0,269713000,134218000,1073890000,269713000,0,239300000,0,51.7331,0,15.9161,15.9185,0,56.7551,32,100,1024,0,0,0,32
nbody_kernel,1588,16384,256,256,1,2,0,1,0,0,2,0.000148342,0,25,0.723936,498456,16452,19.4441,16780800,0.000467484,0,0,0,0,33.8448,78.76,0,3489940000,0,134971000,67108900,537018000,269222000,0,178386000,0,63.2192,0,19.4496,9.72777,0,51.7014,32,100,1024,0,0,0,42
nbody_kernel,1439,16384,256,256,1,2,0,1,0,0,4,0.000190578,0,29,0.785711,489836,16407,10.8372,8392190,0.000517854,0,0,0,0,34.6533,78.2928,0,3490040000,0,67600400,33554400,268583000,269058000,0,147935000,0,70.4509,0,21.6738,5.42176,0,47.7787,32,100,1024,0,0,0,61
nbody_kernel,1388,16384,256,256,1,2,0,1,1,0,1,0.000250566,0,37,0.864072,523424,16407,0.186838,134656,17.637,16777200,131072,0,0,33.5595,75.0941,0,3489890000,0,277053000,134218000,545407000,272826000,0,164423000,0,75.8,0,23.2924,11.8317,0,57.0701,32,100,1024,4096,0,0,30
nbody_kernel,1271,16384,256,256,1,2,0,1,1,0,2,0.000111465,0,15,0.951104,527072,16407,0.111289,69120,19.3019,16777200,131072,0,0,32.6399,70.8661,0,3489940000,0,138641000,67108900,272777000,270844000,0,140950000,0,87.8744,0,27.0186,6.86432,0,56.7493,32,100,1024,8192,0,0,44
nbody_kernel,1226,16384,256,256,1,2,0,1,1,0,4,0.000801756,16,88,0.992117,528836,16407,0.0614156,36352,20.1143,16777700,167929,0,0,32.2669,70.2224,0,3490040000,0,69435400,33554400,270680000,269894000,0,133411000,0,92.1946,0,28.3547,7.14837,0,56.3703,32,100,1024,16384,0,0,62
nbody_kernel,1907,16384,256,256,1,2,1,0,0,0,1,0.000122786,0,25,0.477926,391788,16455,6.53414,8389630,0.00038563,0,0,0,0,34.7907,96.5141,0,3489890000,0,541213000,134218000,268501000,270729000,0,147051000,0,42.5679,0,13.0927,3.27418,0,28.6897,32,100,1024,0,0,0,36
nbody_kernel,1456,16384,256,256,1,2,1,0,1,0,1,0.000212984,0,33,0.822194,524600,16407,0.0455271,33792,16.741,16777200,131072,0,0,33.311,73.3357,0,3489890000,0,273826000,134218000,542179000,272810000,0,164221000,0,73.6062,0,22.6392,11.4319,0,55.401,32,100,1024,4096,0,0,31
nbody_kernel,1784,16384,256,256,1,2,1,1,0,0,1,0.000856935,76,86,0.609038,467364,16511,31.8172,33558000,0.000416601,0,0,0,0,34.2675,85.7302,0,3489890000,0,269713000,134218000,1073890000,269713000,0,239300000,0,51.7569,0,15.9234,15.9258,0,56.7813,32,100,1024,0,0,0,32
nbody_kernel,1591,16384,256,256,1,2,1,1,0,0,2,0.00099684,1,167,0.722384,498648,16407,19.436,16780800,0.000466525,0,0,0,0,33.8393,78.6167,0,3489940000,0,134971000,67108900,537018000,269222000,0,178386000,0,63.2046,0,19.4451,9.72552,0,51.6894,32,100,1024,0,0,0,42
nbody_kernel,1436,16384,256,256,1,2,1,1,0,0,4,0.000388832,16,43,0.788403,489420,16447,10.8406,8392190,0.000518447,0,0,0,0,34.6638,78.3759,0,3490040000,0,67600400,33554400,268583000,269058000,0,147935000,0,70.4568,0,21.6757,5.42222,0,47.7827,32,100,1024,0,0,0,61
nbody_kernel,1384,16384,256,256,1,2,1,1,1,0,1,0.000456155,4,63,0.865577,523460,16543,0.186889,134656,17.6339,16777200,131072,0,0,33.5621,75.0344,0,3489890000,0,277053000,134218000,545407000,272826000,0,164423000,0,75.847,0,23.3069,11.8391,0,57.1055,32,100,1024,4096,0,0,30
nbody_kernel,1272,16384,256,256,1,2,1,1,1,0,2,0.000765349,72,31,0.952806,527304,16407,0.111267,69120,19.3352,16777200,131072,0,0,32.6373,70.9646,0,3489940000,0,138641000,67108900,272777000,270844000,0,140950000,0,87.9039,0,27.0277,6.86662,0,56.7684,32,100,1024,8192,0,0,44
nbody_kernel,1226,16384,256,256,1,2,1,1,1,0,4,0.000192989,0,25,0.99198,528844,16407,0.061415,36352,20.1175,16777700,168197,0,0,32.2668,70.2349,0,3490040000,0,69435400,33554400,270680000,269894000,0,133411000,0,92.1914,0,28.3537,7.14812,0,56.3683,32,100,1024,16384,0,0,62
nbody_kernel,1410,16384,256,256,1,4,0,0,0,0,1,0.000127294,0,19,0.647534,391796,16407,10.311,8389630,0.000526116,0,0,0,0,36.4714,83.578,0,3489890000,0,272777000,67108900,268501000,270746000,0,136566000,0,67.0644,0,20.6272,5.15836,0,41.9768,32,100,1024,0,0,0,44
nbody_kernel,1282,16384,256,256,1,4,0,0,1,0,1,0.000243343,0,33,0.950553,530720,16407,0.0538545,33792,19.1953,16777200,131072,0,0,32.8408,71.1793,0,3489890000,0,139608000,67108900,273744000,272843000,0,141153000,0,86.9541,0,26.7447,6.8188,0,56.2545,32,100,1024,4096,0,0,42
nbody_kernel,1699,16384,256,256,1,4,0,1,0,0,1,0.000139381,0,25,0.682096,500800,16407,36.2628,33558000,0.000438008,0,0,0,0,33.8618,79.1573,0,3489890000,0,135496000,67108900,1073890000,269681000,0,195258000,0,58.935,0,18.1318,18.1346,0,52.757,32,100,1024,0,0,0,39
nbody_kernel,1499,16384,256,256,1,4,0,1,0,0,2,0.000232875,0,37,0.781731,510392,16407,20.8294,16780800,0.000494688,0,0,0,0,33.7484,77.7636,0,3489940000,0,67862500,33554400,537018000,269287000,0,156368000,0,67.7554,0,20.8452,10.4258,0,48.5716,32,100,1024,0,0,0,55
nbody_kernel,1506,16384,256,256,1,4,0,1,0,0,4,0.000144541,0,23,0.787148,514652,16407,10.5824,8392190,0.000987178,0,0,0,0,34.1132,76.4153,0,3490040000,0,34062300,16777200,268583000,269091000,0,136926000,0,68.7999,0,21.1658,5.29501,0,43.1868,32,100,1024,0,0,0,64
nbody_kernel,1284,16384,256,256,1,4,0,1,1,0,1,0.000243068,0,33,0.945726,528296,16407,0.214908,134656,19.1615,16777200,131072,0,0,32.8429,70.9531,0,3489890000,0,142836000,67108900,276972000,272859000,0,141356000,0,87.1582,0,26.7827,6.909,0,56.4156,32,100,1024,4096,0,0,42
nbody_kernel,1225,16384,256,256,1,4,0,1,1,0,2,0.000146157,0,19,0.99275,531200,16407,0.117478,69120,20.0202,16777200,131072,0,0,32.3275,69.5918,0,3489940000,0,71532500,33554400,272777000,270795000,0,133608000,0,92.8134,0,28.5372,7.25013,0,56.8165,32,100,1024,8192,0,0,59
nbody_kernel,1201,16384,256,256,1,4,0,1,1,0,4,0.000417242,16,37,1.0123,528828,16407,0.0629033,36352,20.5428,16777700,168441,0,0,32.2972,70.015,0,3490040000,0,35881000,16777200,270680000,269844000,0,129740000,0,94.4349,0,29.0437,7.32208,0,56.1511,32,100,1024,16384,0,0,64
nbody_kernel,1417,16384,256,256,1,4,1,0,0,0,1,0.00203594,194,110,0.649064,391768,16407,10.3064,8389630,0.00052703,0,0,0,0,36.4583,83.755,0,3489890000,0,272777000,67108900,268501000,270746000,0,136566000,0,67.039,0,20.6193,5.15641,0,41.9609,32,100,1024,0,0,0,44
nbody_kernel,1282,16384,256,256,1,4,1,0,1,0,1,0.000243472,0,33,0.95069,530128,16407,0.0538564,33792,19.2073,16777200,131072,0,0,32.8412,71.2148,0,3489890000,0,139608000,67108900,273744000,272843000,0,141153000,0,86.9652,0,26.7481,6.81967,0,56.2616,32,100,1024,4096,0,0,42
nbody_kernel,1696,16384,256,256,1,4,1,1,0,0,1,0.000173489,8,23,0.682385,500956,16407,36.2591,33558000,0.000438087,0,0,0,0,33.8693,79.1587,0,3489890000,0,135496000,67108900,1073890000,269681000,0,195258000,0,58.9445,0,18.1347,18.1375,0,52.7655,32,100,1024,0,0,0,39
nbody_kernel,1497,16384,256,256,1,4,1,1,0,0,2,0.000183193,0,29,0.783441,509664,16407,20.8314,16780800,0.000495583,0,0,0,0,33.737,77.9271,0,3489940000,0,67862500,33554400,537018000,269287000,0,156368000,0,67.7354,0,20.839,10.4227,0,48.5573,32,100,1024,0,0,0,55
nbody_kernel,1509,16384,256,256,1,4,1,1,0,0,4,0.000144569,0,23,0.787742,514652,16455,10.5823,8392190,0.000988508,0,0,0,0,34.1054,76.5494,0,3490040000,0,34062300,16777200,268583000,269091000,0,136926000,0,68.772,0,21.1572,5.29286,0,43.1692,32,100,1024,0,0,0,64
nbody_kernel,1284,16384,256,256,1,4,1,1,1,0,1,0.000243018,0,33,0.946636,528288,16455,0.214877,134656,19.1793,16777200,131072,0,0,32.8433,71.0097,0,3489890000,0,142836000,67108900,276972000,272859000,0,141356000,0,87.1699,0,26.7863,6.90993,0,56.4232,32,100,1024,4096,0,0,42
nbody_kernel,1230,16384,256,256,1,4,1,1,1,0,2,0.00014608,0,19,0.997223,531192,16407,0.117405,69120,20.119,16777200,131072,0,0,32.3237,70.027,0,3489940000,0,71532500,33554400,272777000,270795000,0,133608000,0,92.692,0,28.4999,7.24065,0,56.7422,32,100,1024,8192,0,0,59
nbody_kernel,1201,16384,256,256,1,4,1,1,1,0,4,0.00167741,52,161,1.01347,529196,16511,0.0629084,36352,20.5339,16777800,169207,0,0,32.2988,69.9816,0,3490040000,0,35881000,16777200,270680000,269844000,0,129740000,0,94.4341,0,29.0434,7.32201,0,56.1506,32,100,1024,16384,0,0,64
nbody_kernel,1404,16384,256,256,1,8,0,0,0,0,1,7.40636E-05,0,11,0.830402,504912,16407,11.2547,8389630,0.000531087,0,0,0,0,34.4815,77.2929,0,3489890000,0,138559000,33554400,268501000,270746000,0,131323000,0,73.203,0,22.5152,5.63052,0,44.0601,32,100,1024,0,0,0,60
nbody_kernel,1227,16384,256,256,1,8,0,0,1,0,1,0.000255341,0,33,0.999521,533328,16407,0.0568547,33792,20.0867,16777200,131072,0,0,32.4415,70.5549,0,3489890000,0,72499200,33554400,273744000,272826000,0,133813000,0,91.7976,0,28.2344,7.19862,0,56.2995,32,100,1024,4096,0,0,58
nbody_kernel,1599,16384,256,256,1,8,0,1,0,0,1,0.000112507,0,19,0.712597,493788,16407,36.6446,33558000,0.000464841,0,0,0,0,33.6302,83.1724,0,3489890000,0,68386800,33554400,1073890000,269713000,0,173239000,0,59.5261,0,18.3137,18.3165,0,47.2769,32,100,1024,0,0,0,64
nbody_kernel,1507,16384,256,256,1,8,0,1,0,0,2,0.000156616,0,25,0.796302,523748,16407,21.3186,16780800,0.000491203,0,0,0,0,33.2631,75.4474,0,3489940000,0,34308100,16777200,537018000,269255000,0,145357000,0,69.3433,0,21.3337,10.6701,0,46.2099,32,100,1024,0,0,0,64
nbody_kernel,1495,16384,256,256,1,8,0,1,0,0,4,0.000120259,0,19,0.800003,519912,16407,10.738,8392190,0.000994112,0,0,0,0,33.9197,75.8556,0,3490040000,0,17285100,8388610,268583000,269107000,0,131422000,0,69.7944,0,21.4718,5.37155,0,42.0503,32,100,1024,0,0,0,64
nbody_kernel,1232,16384,256,256,1,8,0,1,1,0,1,0.00117489,80,73,0.992013,531096,16447,0.225683,134656,20.0059,16777200,131072,0,0,32.3791,70.5395,0,3489890000,0,75726800,33554400,276972000,272859000,0,134015000,0,91.5328,0,28.127,7.25577,0,56.1708,32,100,1024,4096,0,0,58
nbody_kernel,1206,16384,256,256,1,8,0,1,1,0,2,0.000149385,0,19,1.01262,531104,16407,0.118835,69120,20.4221,16777200,131072,0,0,32.2781,70.2005,0,3489940000,0,37978100,16777200,272777000,270828000,0,129939000,0,93.8559,0,28.8577,7.33156,0,55.8774,32,100,1024,8192,0,0,64
nbody_kernel,1198,16384,256,256,1,8,0,1,1,0,4,0.000166075,0,21,1.01595,528976,16407,0.0631506,36352,20.6102,16777700,168387,0,0,32.3255,69.9693,0,3490040000,0,19103700,8388610,270680000,269844000,0,127905000,0,94.8067,0,29.158,7.3509,0,55.5743,32,100,1024,16384,0,0,64
nbody_kernel,1402,16384,256,256,1,8,1,0,0,0,1,0.00010102,0,15,0.829374,505300,16407,11.2599,8389630,0.00053051,0,0,0,0,34.5018,77.2163,0,3489890000,0,138559000,33554400,268501000,270746000,0,131323000,0,73.1959,0,22.513,5.62998,0,44.0558,32,100,1024,0,0,0,60
nbody_kernel,1228,16384,256,256,1,8,1,0,1,0,1,0.000224568,0,29,0.999609,533328,16407,0.0568587,33792,20.0891,16777200,131072,0,0,32.4415,70.544,0,3489890000,0,72499200,33554400,273744000,272826000,0,133813000,0,91.8227,0,28.2421,7.20059,0,56.3149,32,100,1024,4096,0,0,58
nbody_kernel,1596,16384,256,256,1,8,1,1,0,0,1,8.26207E-05,0,14,0.714674,493436,16407,36.6514,33558000,0.000466153,0,0,0,0,33.6272,83.339,0,3489890000,0,68386800,33554400,1073890000,269713000,0,173239000,0,59.5748,0,18.3286,18.3314,0,47.3155,32,100,1024,0,0,0,64
nbody_kernel,1510,16384,256,256,1,8,1,1,0,0,2,0.000155846,0,25,0.797859,523800,16407,21.3228,16780800,0.000492265,0,0,0,0,33.2606,75.6365,0,3489940000,0,34308100,16777200,537018000,269255000,0,145357000,0,69.3196,0,21.3264,10.6665,0,46.1941,32,100,1024,0,0,0,64
nbody_kernel,1496,16384,256,256,1,8,1,1,0,0,4,0.000195878,0,31,0.800145,520006,16407,10.7382,8392190,0.000993583,0,0,0,0,33.9281,75.839,0,3490040000,0,17285100,8388610,268583000,269107000,0,131422000,0,69.7724,0,21.465,5.36986,0,42.0371,32,100,1024,0,0,0,64
nbody_kernel,1232,16384,256,256,1,8,1,1,1,0,1,0.00052198,0,68,0.990963,531104,16407,0.225679,134656,19.9811,16777200,131072,0,0,32.3814,70.4652,0,3489890000,0,75726800,33554400,276972000,272859000,0,134015000,0,91.5157,0,28.1217,7.25442,0,56.1603,32,100,1024,4096,0,0,58
nbody_kernel,1205,16384,256,256,1,8,1,1,1,0,2,0.000227491,0,29,1.01271,531136,16407,0.118842,69120,20.4271,16777200,131072,0,0,32.2794,70.2204,0,3489940000,0,37978100,16777200,272777000,270828000,0,129939000,0,93.8523,0,28.8566,7.33128,0,55.8753,32,100,1024,8192,0,0,64
nbody_kernel,1198,16384,256,256,1,8,1,1,1,0,4,0.00195426,192,57,1.01578,531359,16407,0.0631423,36352,20.6237,16777800,168435,0,0,32.3252,70.0146,0,3490040000,0,19103700,8388610,270680000,269844000,0,127905000,0,94.8071,0,29.1581,7.35093,0,55.5746,32,100,1024,16384,0,0,64
nbody_kernel,1425,16384,256,256,1,16,0,0,0,0,1,0.000510084,0,77,0.840771,520964,16407,11.503,8389630,0.000521972,0,0,0,0,33.9358,74.2864,0,3489890000,0,69353500,16793600,268501000,286425000,0,129126000,0,75.1956,0,23.0244,5.75785,0,44.3029,32,100,1024,0,0,0,64
nbody_kernel,1217,16384,256,256,1,16,0,0,1,0,1,0.00025656,0,33,1.00915,534000,16455,0.0575896,33792,20.2522,16777200,131072,0,0,32.2662,70.2155,0,3489890000,0,38944800,16777200,273744000,272859000,0,130144000,0,93.0013,0,28.6046,7.29301,0,55.4739,32,100,1024,4096,0,0,64
nbody_kernel,1695,16384,256,256,1,16,0,1,0,0,1,3.34239E-05,0,6,0.707969,521100,16407,37.9869,33558000,0.000875821,0,0,0,0,33.5978,75.5992,0,3489890000,0,119783000,16793600,1073890000,286491000,0,155873000,0,62.8816,0,18.9809,18.9841,0,44.0875,32,100,1024,0,0,0,64
nbody_kernel,1524,16384,256,256,1,16,0,1,0,0,2,0.000161236,1,25,0.792623,525432,16407,21.725,16780800,0.000974996,0,0,0,0,32.9814,73.5781,0,3489940000,0,60014600,8404990,537018000,277627000,0,136674000,0,71.2475,0,21.7107,10.859,0,44.2169,32,100,1024,0,0,0,64
nbody_kernel,1442,16384,256,256,1,16,0,1,0,0,4,0.000124813,0,19,0.791953,493900,16407,11.0725,8392190,0.00103383,0,0,0,0,34.9026,76.4842,0,3490040000,0,30130200,4210690,268583000,273236000,0,127078000,0,72.3321,0,22.146,5.54023,0,41.9368,32,100,896,0,0,0,69
nbody_kernel,1216,16384,256,256,1,16,0,1,1,0,1,0.000256704,0,33,1.0041,531412,16407,0.229831,134656,20.252,16777200,131072,0,0,32.2956,70.1021,0,3489890000,0,42172400,16777200,276972000,272843000,0,130345000,0,93.2367,0,28.6506,7.39084,0,55.6494,32,100,1024,4096,0,0,62
nbody_kernel,1209,16384,256,256,1,16,0,1,1,0,2,0.000148896,0,19,1.00987,531176,16407,0.118472,69120,20.3657,16777200,131072,0,0,32.2403,70.2265,0,3489940000,0,21217300,8388610,272777000,270860000,0,128106000,0,93.5594,0,28.7664,7.3088,0,54.9147,32,100,1024,8192,0,0,64
nbody_kernel,1203,16384,256,256,1,16,0,1,1,0,4,0.000196959,0,25,1.01196,528948,16407,0.0627359,36352,20.5404,16777800,168406,0,0,32.2841,70.156,0,3490040000,0,10731500,4194300,270680000,270123000,0,126996000,0,94.189,0,28.9679,7.31004,0,54.8201,32,100,1024,16384,0,0,64
nbody_kernel,1425,16384,256,256,1,16,1,0,0,0,1,0.000139081,0,21,0.841485,521272,16407,11.5027,8389630,0.000521981,0,0,0,0,33.9445,74.3198,0,3489890000,0,69353500,16793600,268501000,286425000,0,129126000,0,75.1631,0,23.0144,5.75536,0,44.2837,32,100,1024,0,0,0,64
nbody_kernel,1217,16384,256,256,1,16,1,0,1,0,1,0.00136691,126,49,1.00918,534048,16407,0.0575989,33792,20.2593,16777200,131072,0,0,32.2662,70.2398,0,3489890000,0,38944800,16777200,273744000,272859000,0,130144000,0,93.0015,0,28.6047,7.29303,0,55.474,32,100,1024,4096,0,0,64
nbody_kernel,1696,16384,256,256,1,16,1,1,0,0,1,8.30669E-05,0,15,0.708399,521220,16407,38.0166,33558000,0.000876515,0,0,0,0,33.598,75.5822,0,3489890000,0,119783000,16793600,1073890000,286491000,0,155873000,0,62.9457,0,19.0003,19.0035,0,44.1325,32,100,1024,0,0,0,64
nbody_kernel,1527,16384,256,256,1,16,1,1,0,0,2,0.000703818,76,37,0.793969,525276,16407,21.6911,16780800,0.000976578,0,0,0,0,32.9768,73.6732,0,3489940000,0,60014600,8404990,537018000,277627000,0,136674000,0,71.2711,0,21.7179,10.8626,0,44.2315,32,100,1024,0,0,0,64
nbody_kernel,1441,16384,256,256,1,16,1,1,0,0,4,0.000137965,2,19,0.791574,493784,16407,11.0692,8392190,0.00103388,0,0,0,0,34.8957,76.4876,0,3490040000,0,30130200,4210690,268583000,273236000,0,127078000,0,72.3324,0,22.1461,5.54024,0,41.9369,32,100,896,0,0,0,69
nbody_kernel,1217,16384,256,256,1,16,1,1,1,0,1,0.00025677,0,33,1.00508,531496,16407,0.229826,134656,20.2734,16777200,131072,0,0,32.2967,70.1827,0,3489890000,0,42172400,16777200,276972000,272843000,0,130345000,0,93.228,0,28.6479,7.39015,0,55.6442,32,100,1024,4096,0,0,62
nbody_kernel,1210,16384,256,256,1,16,1,1,1,0,2,0.000148878,0,19,1.00983,531320,16407,0.118468,69120,20.3635,16777200,131072,0,0,32.2395,70.2146,0,3489940000,0,21217300,8388610,272777000,270860000,0,128106000,0,93.5656,0,28.7683,7.30929,0,54.9184,32,100,1024,8192,0,0,64
nbody_kernel,1203,16384,256,256,1,16,1,1,1,0,4,0.000196939,0,25,1.01189,528936,16407,0.0627379,36352,20.5409,16777700,168292,0,0,32.2838,70.1569,0,3490040000,0,10731500,4194300,270680000,270123000,0,126996000,0,94.1908,0,28.9684,7.31018,0,54.8211,32,100,1024,16384,0,0,64
nbody_kernel,1461,16384,256,256,1,32,0,0,0,0,1,0.00154871,194,45,0.824782,522544,16423,11.2669,8389630,0.00101893,0,0,0,0,33.8579,74.0829,0,3489890000,0,35815400,8404990,268501000,278086000,0,127556000,0,73.42,0,22.5345,5.63569,0,42.8328,32,100,1024,0,0,0,64
nbody_kernel,1208,16384,256,256,1,32,0,0,1,0,1,0.000259046,0,33,1.01782,534512,16407,0.0581301,33792,20.441,16777200,131072,0,0,32.2659,70.0855,0,3489890000,0,22183900,8388610,273744000,273924000,0,128343000,0,93.8607,0,28.8688,7.38857,0,55.2114,32,100,1024,4096,0,0,61
nbody_kernel,1588,16384,256,256,1,32,0,1,0,0,1,0.000243877,0,41,0.75921,522164,16407,43.0218,33558000,0.00093822,0,0,0,0,34.3514,71.3195,0,3489890000,0,61063200,8404990,1073890000,278086000,0,153513000,0,70.7304,0,21.5534,21.557,0,49.3048,32,100,1024,0,0,0,64
nbody_kernel,1494,16384,256,256,1,32,0,1,0,0,2,0.000157877,0,25,0.808372,525168,16407,22.1255,16780800,0.000994586,0,0,0,0,33.0987,73.5919,0,3489940000,0,30654500,4210690,537018000,273416000,0,135494000,0,72.3195,0,22.1428,11.0751,0,44.7075,32,100,1024,0,0,0,64
nbody_kernel,1421,16384,256,256,1,32,0,1,0,0,4,0.000359581,0,54,0.80025,491708,16407,11.2132,8392190,0.00104922,0,0,0,0,34.9991,76.6324,0,3490040000,0,15450100,2113540,268583000,271139000,0,126488000,0,73.0918,0,22.4323,5.61183,0,42.2817,32,100,896,0,0,0,69
nbody_kernel,1207,16384,256,256,1,32,0,1,1,0,1,0.000447766,0,57,1.01386,532068,16407,0.231448,134656,20.4578,16777200,131072,0,0,32.2661,70.0847,0,3489890000,0,25411600,8388610,276972000,273940000,0,128545000,0,94.0258,0,28.8929,7.48158,0,55.3451,32,100,1024,4096,0,0,64
nbody_kernel,1208,16384,256,256,1,32,0,1,1,0,2,0.00014907,0,19,1.01119,531144,16407,0.118699,69120,20.4111,16777200,131072,0,0,32.2634,70.1594,0,3489940000,0,12828700,4194300,272777000,271368000,0,127204000,0,93.7697,0,28.8311,7.33887,0,54.6509,32,100,1024,8192,0,0,64
nbody_kernel,1189,16384,256,256,1,32,0,1,1,0,4,0.000692203,4,83,1.02202,528888,16407,0.0631911,36352,20.7647,16777800,168542,0,0,32.3699,70.4204,0,3490040000,0,6537220,2097150,270680000,270123000,0,126538000,0,94.8593,0,29.1741,7.36207,0,55.0108,32,100,1024,16384,0,0,64
nbody_kernel,1459,16384,256,256,1,32,1,0,0,0,1,0.000362794,16,40,0.824171,522404,16407,11.2487,8389630,0.00101919,0,0,0,0,33.8483,74.0803,0,3489890000,0,35815400,8404990,268501000,278086000,0,127556000,0,73.4411,0,22.541,5.6373,0,42.8451,32,100,1024,0,0,0,64
nbody_kernel,1208,16384,256,256,1,32,1,0,1,0,1,0.000259176,0,33,1.01885,534688,16407,0.0581294,33792,20.4515,16777200,131072,0,0,32.2653,70.1217,0,3489890000,0,22183900,8388610,273744000,273924000,0,128343000,0,93.8604,0,28.8688,7.38854,0,55.2113,32,100,1024,4096,0,0,61
nbody_kernel,1581,16384,256,256,1,32,1,1,0,0,1,0.00126937,130,83,0.761402,522204,16455,43.0308,33558000,0.000938802,0,0,0,0,34.3442,71.3512,0,3489890000,0,61063200,8404990,1073890000,278086000,0,153513000,0,70.7428,0,21.5572,21.5608,0,49.3135,32,100,1024,0,0,0,64
nbody_kernel,1484,16384,256,256,1,32,1,1,0,0,2,0.000202794,1,31,0.812107,525228,16455,22.1397,16780800,0.000999086,0,0,0,0,33.0991,73.9521,0,3489940000,0,30654500,4210690,537018000,273416000,0,135494000,0,72.2929,0,22.1346,11.071,0,44.691,32,100,1024,0,0,0,64
nbody_kernel,1423,16384,256,256,1,32,1,1,0,0,4,0.000219868,0,33,0.800351,492592,16407,11.2132,8392190,0.00104834,0,0,0,0,34.9848,76.5915,0,3490040000,0,15450100,2113540,268583000,271139000,0,126488000,0,73.0695,0,22.4254,5.61012,0,42.2688,32,100,896,0,0,0,69
nbody_kernel,1206,16384,256,256,1,32,1,1,1,0,1,0.000322129,0,41,1.01423,532116,16407,0.231377,134656,20.4637,16777200,131072,0,0,32.2692,70.1096,0,3489890000,0,25411600,8388610,276972000,273940000,0,128545000,0,94.0195,0,28.891,7.48107,0,55.3414,32,100,1024,4096,0,0,64
nbody_kernel,1209,16384,256,256,1,32,1,1,1,0,2,0.000149058,0,19,1.01136,531088,16407,0.118728,69120,20.4097,16777200,131072,0,0,32.2629,70.1709,0,3489940000,0,12828700,4194300,272777000,271368000,0,127204000,0,93.7482,0,28.8245,7.33719,0,54.6383,32,100,1024,8192,0,0,64
nbody_kernel,1188,16384,256,256,1,32,1,1,1,0,4,0.000199246,0,25,1.02313,528896,16407,0.0631675,36352,20.7852,16777700,168587,0,0,32.3663,70.504,0,3490040000,0,6537220,2097150,270680000,270123000,0,126538000,0,94.8401,0,29.1682,7.36058,0,54.9997,32,100,1024,16384,0,0,64
nbody_kernel,1489,8192,256,256,2,0,0,0,0,0,1,0.000238026,0,38,0.46406,276940,30343,6.08811,4195330,0.000248308,0,0,0,0,24.995,66.943,0,3489870000,0,69312500,16777200,134283000,269623000,0,124388000,0,79.0218,0,24.3089,3.04028,0,45.0577,32,100,1024,0,0,0,64
nbody_kernel,1218,8192,256,256,2,0,0,0,1,0,1,0.000171375,0,22,0.560934,270432,32791,0.0300226,17408,10.0905,8388610,65536,0,0,24.9962,69.1809,0,3489870000,0,36282400,16777200,136905000,270664000,0,125633000,0,94.0452,0,28.9304,3.68892,0,54.1605,32,100,1024,4096,0,0,63
nbody_kernel,1886,8192,256,256,2,0,0,1,0,0,1,0.000492541,46,52,0.367438,275096,30559,18.6457,16780800,0.000196169,0,0,0,0,24.9961,68.9277,0,3489870000,0,134889000,67108900,537018000,269099000,0,178377000,0,60.6231,0,18.6516,9.3285,0,49.5769,32,100,1024,0,0,0,46
nbody_kernel,1700,8192,256,256,2,0,0,1,0,0,2,0.000539453,0,97,0.407171,275828,31915,10.469,8392190,0.000433936,0,0,0,0,24.9959,67.8856,0,3489920000,0,369787000,16785400,268583000,285647000,0,138469000,0,73.3176,0,20.9458,5.23966,0,43.219,32,100,1024,0,0,0,64
nbody_kernel,1579,8192,256,256,2,0,0,1,0,0,4,0.000113226,0,19,0.42897,274672,24907,5.58661,4197890,0.000469659,0,0,0,0,24.9958,68.8997,0,3490020000,0,235307000,33562600,134365000,302334000,0,131117000,0,75.3954,0,22.3365,2.79547,0,43.6414,32,100,896,0,0,0,72
nbody_kernel,1225,8192,256,256,2,0,0,1,1,0,1,0.000301337,20,19,0.555133,268384,32791,0.118371,69120,10.0119,8388610,65536,0,0,24.9941,69.105,0,3489870000,0,37896200,16777200,138559000,270688000,0,125736000,0,93.4583,0,28.7366,3.70849,0,53.8417,32,100,1024,4096,0,0,63
nbody_kernel,1218,8192,256,256,2,0,0,1,1,0,2,0.000367393,4,43,0.557699,268384,32791,0.0625801,36352,10.1102,8388610,65536,0,0,24.9938,69.4235,0,3489920000,0,153240000,16777200,270680000,269681000,0,131268000,0,93.9384,0,28.8924,7.28373,0,56.5159,32,100,1024,8192,0,0,64
nbody_kernel,1288,8192,256,256,2,0,0,1,1,0,4,0.000139143,0,19,0.537663,275252,32791,0.0324688,19968,9.51629,8388610,65536,0,0,24.9972,69.2041,0,3490020000,0,101876000,33554400,135414000,269263000,0,125946000,0,88.698,0,27.2839,3.4413,0,51.2056,32,100,896,16384,0,0,72
nbody_kernel,5345,8192,256,256,2,0,1,0,0,0,1,0.0051541,148,2778,41.0512,325209,100717000,1.69908,4195330,6.89039E-05,0,0,201348000,100684000,24.999,66.444,0,3489870000,0,1881270000,268460000,2550530000,537559000,0,276952000,0,24.6425,0,6.79622,16.1436,0,28.0475,32,100,1024,0,80,0,29
nbody_kernel,4710,8192,256,256,2,0,1,0,1,0,1,0.0053751,178,2514,46.7874,286628,100717000,0.00811747,17408,5.16961,16777200,65536,201347000,100684000,24.9992,65.7769,0,3489870000,0,1749150000,268460000,2955800000,403874000,0,281311000,0,27.4082,0,7.8267,21.5455,0,32.8086,32,100,1024,4096,80,0,30
nbody_kernel,5079,8192,256,256,2,0,1,1,0,0,1,0.0049194,12,2642,43.1446,568146,100717000,7.29484,16780800,7.23299E-05,0,0,201338000,100676000,24.8392,64.7096,0,3489870000,0,2417790000,268460000,2953270000,403276000,0,302108000,0,31.1357,0,7.32536,20.148,0,32.9771,32,100,1024,0,80,0,28
nbody_kernel,4744,8192,256,256,2,0,1,1,0,0,2,0.01072,17,5427,46.697,1668650,100723000,4.59641,8392190,7.73434E-05,0,0,151019000,100690000,24.1889,54.1743,0,3489920000,0,1142150000,134242000,1476870000,403063000,0,209802000,0,34.5054,0,9.35642,12.8693,0,29.2511,32,100,1024,0,112,0,40
nbody_kernel,4558,8192,256,256,2,0,1,1,0,0,4,4.09069,100,1983110,50.099,4779310,100735000,2.37355,4197890,8.06231E-05,0,0,125871000,100702000,23.8246,54.197,0,3490020000,0,504242000,67133400,738673000,403038000,0,163651000,0,32.9067,0,9.74908,6.70688,0,23.7742,32,100,1024,0,160,0,63
nbody_kernel,4713,8192,256,256,2,0,1,1,1,0,1,0.00560322,240,2564,46.7241,284832,100717000,0.0321783,69120,5.16089,16777200,65536,201348000,100684000,24.9991,65.7567,0,3489870000,0,1750360000,268460000,2957460000,404333000,0,281415000,0,28.3586,0,7.8159,21.5278,0,32.7754,32,100,1024,4096,80,0,30
nbody_kernel,4419,8192,256,256,2,0,1,1,1,0,2,0.0119304,0,5637,49.7329,692088,100723000,0.0210635,36352,2.74667,8388610,65536,151022000,100690000,24.9989,56.0331,0,3489920000,0,875807000,134242000,1478970000,336216000,0,199455000,0,32.8402,0,9.72509,13.3954,0,28.9043,32,100,1024,8192,112,0,41
nbody_kernel,4671,8192,256,256,2,0,1,1,1,0,4,5.254,306,2602530,74.938,60451300,100735000,0.0100464,19968,2.6072,8388610,65536,125875000,100679000,24.9992,61.2556,0,3490020000,0,370811000,67133400,739721000,369861000,0,158477000,0,27.4544,0,8.44528,5.81818,0,19.9436,32,100,1024,16384,160,0,64
nbody_kernel,1496,8192,256,256,2,0,2,0,0,0,1,3.77458E-05,0,6,0.458859,277080,30395,6.07537,4195330,0.000245427,0,0,0,0,24.9949,66.2803,0,3489870000,0,69312500,16777200,134283000,269623000,0,124388000,0,78.8861,0,24.2671,3.03506,0,44.9803,32,100,1024,0,0,0,64
nbody_kernel,1217,8192,256,256,2,0,2,0,1,0,1,0.000132168,0,17,0.561624,270432,32791,0.030023,17408,10.1131,8388610,65536,0,0,24.9963,69.3263,0,3489870000,0,36282400,16777200,136905000,270664000,0,125633000,0,94.0575,0,28.9342,3.6894,0,54.1675,32,100,1024,4096,0,0,63
nbody_kernel,1887,8192,256,256,2,0,2,1,0,0,1,2.00464E-05,0,4,0.365921,274672,30355,18.6394,16780800,0.000195705,0,0,0,0,24.9961,68.7664,0,3489870000,0,134889000,67108900,537018000,269099000,0,178377000,0,60.6216,0,18.6511,9.32827,0,49.5757,32,100,1024,0,0,0,46
nbody_kernel,1701,8192,256,256,2,0,2,1,0,0,2,0.000105526,0,19,0.408033,274932,31867,10.4695,8392190,0.00043596,0,0,0,0,24.996,68.2214,0,3489920000,0,369787000,16785400,268583000,285647000,0,138469000,0,73.297,0,20.94,5.23818,0,43.2069,32,100,1024,0,0,0,64
nbody_kernel,1593,8192,256,256,2,0,2,1,0,0,4,0.000113226,0,19,0.428358,274676,24627,5.58504,4197890,0.000469603,0,0,0,0,24.9954,68.8954,0,3490020000,0,235307000,33562600,134365000,302334000,0,131117000,0,75.3911,0,22.3352,2.79531,0,43.6389,32,100,896,0,0,0,72
nbody_kernel,1227,8192,256,256,2,0,2,1,1,0,1,0.000857498,0,111,0.55384,268384,32791,0.118353,69120,10.0377,8388610,65536,0,0,24.9946,69.2725,0,3489870000,0,37896200,16777200,138559000,270688000,0,125736000,0,93.4722,0,28.7409,3.70904,0,53.8497,32,100,1024,4096,0,0,63
nbody_kernel,1219,8192,256,256,2,0,2,1,1,0,2,0.000194407,0,25,0.556549,268384,32791,0.0625794,36352,10.0775,8388610,65536,0,0,24.994,69.2005,0,3489920000,0,153240000,16777200,270680000,269681000,0,131268000,0,93.9361,0,28.8918,7.28356,0,56.5145,32,100,1024,8192,0,0,64
nbody_kernel,1293,8192,256,256,2,0,2,1,1,0,4,0.000109887,0,15,0.538221,275332,32839,0.0324594,19968,9.52544,8388610,65536,0,0,24.9971,69.265,0,3490020000,0,101876000,33554400,135414000,269263000,0,125946000,0,88.7053,0,27.2862,3.44158,0,51.2098,32,100,896,16384,0,0,72
nbody_kernel,2934,8192,256,256,2,1,0,0,0,0,1,0.000170435,0,53,0.243128,278104,32791,3.02316,4195330,0.000125748,0,0,0,0,24.9985,68.1255,0,3489870000,0,539075000,134218000,134283000,539107000,0,151159000,0,39.3237,0,12.0968,1.51294,0,27.2479,32,100,1024,0,0,0,42
nbody_kernel,1639,8192,256,256,2,1,0,0,1,0,1,0.000109043,0,19,0.416221,270432,32791,0.0224385,17408,14.7943,16777200,65536,0,0,24.996,68.7972,0,3489870000,0,271163000,134218000,539558000,270672000,0,163906000,0,69.6146,0,21.415,10.7612,0,52.3042,32,100,1024,4096,0,0,41
nbody_kernel,2051,8192,256,256,2,1,0,1,0,0,1,8.70223E-05,0,19,0.339462,274680,31751,17.1483,16780800,0.000180223,0,0,0,0,24.9968,68.9053,0,3489870000,0,269107000,134218000,537018000,269115000,0,180606000,0,55.7136,0,17.1411,8.57304,0,46.1313,32,100,1024,0,0,0,36
nbody_kernel,1758,8192,256,256,2,1,0,1,0,0,2,0.000118306,1,21,0.393862,274672,31383,10.019,8392190,0.000420987,0,0,0,0,24.9958,68.8388,0,3489920000,0,470450000,67117100,268583000,335962000,0,144760000,0,70.1448,0,20.0394,5.01291,0,43.2272,32,100,1024,0,0,0,56
nbody_kernel,1582,8192,256,256,2,1,0,1,0,0,4,0.000447089,8,67,0.42668,274668,23091,5.58772,4197890,0.000469416,0,0,0,0,24.9956,68.8388,0,3490020000,0,235307000,33562600,134365000,302334000,0,131117000,0,75.4231,0,22.3447,2.7965,0,43.6574,32,100,896,0,0,0,72
nbody_kernel,1612,8192,256,256,2,1,0,1,1,0,1,0.000462784,4,75,0.41996,268384,32791,0.0907302,69120,15.0422,16777200,65536,0,0,24.9984,67.998,0,3489870000,0,272777000,134218000,541213000,270688000,0,164009000,0,71.6462,0,22.0298,11.1041,0,53.8395,32,100,1024,4096,0,0,42
nbody_kernel,1389,8192,256,256,2,1,0,1,1,0,2,0.000129769,0,19,0.489064,268384,32791,0.0551786,36352,8.82957,8388610,65536,0,0,24.9949,68.7174,0,3489920000,0,203571000,67108900,270680000,269713000,0,134415000,0,82.8826,0,25.4921,6.4265,0,51.0597,32,100,1024,8192,0,0,56
nbody_kernel,1291,8192,256,256,2,1,0,1,1,0,4,0.000139959,0,19,0.538697,275852,32791,0.0324668,19968,9.53782,8388610,65536,0,0,24.9967,69.3635,0,3490020000,0,101876000,33554400,135414000,269263000,0,125946000,0,88.6944,0,27.2828,3.44116,0,51.2035,32,100,896,16384,0,0,72
nbody_kernel,5507,8192,256,256,2,1,1,0,0,0,1,0.0053442,304,2826,39.8915,325933,100717000,1.65449,4195330,6.69837E-05,0,0,201346000,100684000,24.999,66.3263,0,3489870000,0,1881270000,268460000,2550530000,537559000,0,276952000,0,23.9983,0,6.61856,15.7215,0,27.3143,32,100,1024,0,80,0,29
nbody_kernel,4725,8192,256,256,2,1,1,0,1,0,1,0.00491389,0,2467,46.6989,286416,100717000,0.00798072,17408,5.15997,16777200,65536,201347000,100684000,24.9993,66.792,0,3489870000,0,1749150000,268460000,2955800000,403874000,0,281311000,0,26.9413,0,7.69338,21.1785,0,32.2497,32,100,1024,4096,80,0,30
nbody_kernel,5105,8192,256,256,2,1,1,1,0,0,1,0.00493628,0,2712,42.7607,609311,100717000,7.1752,16780800,7.15734E-05,0,0,201352000,100685000,24.8407,65.1374,0,3489870000,0,2417790000,268460000,2953270000,403276000,0,302108000,0,30.6077,0,7.20114,19.8064,0,32.4179,32,100,1024,0,80,0,28
nbody_kernel,4768,8192,256,256,2,1,1,1,0,0,2,0.0111114,88,5554,46.4677,1640470,100723000,4.57961,8392190,7.70629E-05,0,0,151022000,100693000,24.223,54.1987,0,3489920000,0,1142150000,134242000,1476870000,403063000,0,209802000,0,34.3648,0,9.3183,12.8169,0,29.1319,32,100,1024,0,112,0,40
nbody_kernel,4560,8192,256,256,2,1,1,1,0,0,4,4.08422,908,1987500,49.996,4774380,100735000,2.37114,4197890,8.03815E-05,0,0,125888000,100693000,23.8602,54.1393,0,3490020000,0,504242000,67133400,738673000,403038000,0,163651000,0,32.8431,0,9.73024,6.69392,0,23.7282,32,100,1024,0,160,0,63
nbody_kernel,4720,8192,256,256,2,1,1,1,1,0,1,0.0053916,176,2518,46.5759,285516,100717000,0.0316848,69120,5.15301,16777200,65536,201347000,100684000,24.9991,66.7099,0,3489870000,0,1750360000,268460000,2957460000,404333000,0,281415000,0,27.9107,0,7.69246,21.1878,0,32.2578,32,100,1024,4096,80,0,30
nbody_kernel,4446,8192,256,256,2,1,1,1,1,0,2,0.0120902,168,5570,49.4388,695524,100723000,0.0210317,36352,2.73058,8388610,65536,151019000,100689000,24.999,55.7883,0,3489920000,0,875807000,134242000,1478970000,336216000,0,199455000,0,32.7911,0,9.71054,13.3753,0,28.861,32,100,1024,8192,112,0,41
nbody_kernel,4668,8192,256,256,2,1,1,1,1,0,4,5.26766,4,2629800,75.0777,60607100,100735000,0.0100209,19968,2.60763,8388610,65536,125893000,100701000,24.9991,61.4446,0,3490020000,0,370811000,67133400,739721000,369861000,0,158477000,0,27.3743,0,8.42066,5.80122,0,19.8855,32,100,1024,16384,160,0,64
nbody_kernel,2931,8192,256,256,2,1,2,0,0,0,1,0.00280995,812,66,0.243206,276968,32791,3.02159,4195330,0.000125698,0,0,0,0,24.9985,67.903,0,3489870000,0,539075000,134218000,134283000,539107000,0,151159000,0,39.4368,0,12.1316,1.51729,0,27.3262,32,100,1024,0,0,0,42
nbody_kernel,1641,8192,256,256,2,1,2,0,1,0,1,0.000108701,0,19,0.416864,270432,32791,0.0224447,17408,14.8276,16777200,65536,0,0,24.996,68.9215,0,3489870000,0,271163000,134218000,539558000,270672000,0,163906000,0,69.6454,0,21.4245,10.766,0,52.3274,32,100,1024,4096,0,0,41
nbody_kernel,2051,8192,256,256,2,1,2,1,0,0,1,0,0,0,0.339365,275572,31531,17.1501,16780800,0.000180317,0,0,0,0,24.9967,68.9478,0,3489870000,0,269107000,134218000,537018000,269115000,0,180606000,0,55.708,0,17.1394,8.57218,0,46.1267,32,100,1024,0,0,0,36
nbody_kernel,1757,8192,256,256,2,1,2,1,0,0,2,0.000123587,0,23,0.393526,276900,31231,10.0197,8392190,0.000420917,0,0,0,0,24.9958,68.8266,0,3489920000,0,470450000,67117100,268583000,335962000,0,144760000,0,70.1457,0,20.0396,5.01297,0,43.2278,32,100,1024,0,0,0,56
nbody_kernel,1576,8192,256,256,2,1,2,1,0,0,4,7.78376E-05,0,13,0.428019,274672,24967,5.58765,4197890,0.000468535,0,0,0,0,24.9957,68.7377,0,3490020000,0,235307000,33562600,134365000,302334000,0,131117000,0,75.3922,0,22.3355,2.79535,0,43.6395,32,100,896,0,0,0,72
nbody_kernel,1607,8192,256,256,2,1,2,1,1,0,1,9.99327E-05,0,17,0.423058,268400,32791,0.0902133,69120,15.1513,16777200,65536,0,0,24.9983,68.7164,0,3489870000,0,272777000,134218000,541213000,270688000,0,164009000,0,71.4113,0,21.9576,11.0677,0,53.663,32,100,1024,4096,0,0,42
nbody_kernel,1387,8192,256,256,2,1,2,1,1,0,2,0.000116514,0,17,0.490224,268496,32791,0.0552109,36352,8.85893,8388610,65536,0,0,24.9951,68.7999,0,3489920000,0,203571000,67108900,270680000,269713000,0,134415000,0,83.0584,0,25.5461,6.44013,0,51.168,32,100,1024,8192,0,0,56
nbody_kernel,1291,8192,256,256,2,1,2,1,1,0,4,0.000124541,0,17,0.539108,275228,32791,0.0324739,19968,9.53396,8388610,65536,0,0,24.9968,69.3587,0,3490020000,0,101876000,33554400,135414000,269263000,0,125946000,0,88.6646,0,27.2737,3.44001,0,51.1863,32,100,896,16384,0,0,72
nbody_kernel,2376,8192,256,256,2,2,0,0,0,0,1,0.000131021,16,17,0.296912,276972,32475,3.77374,4195330,0.000155291,0,0,0,0,24.997,67.4594,0,3489870000,0,270639000,67108900,134283000,337265000,0,134366000,0,49.0417,0,15.0863,1.88683,0,30.2064,32,100,1024,0,0,0,52
nbody_kernel,1390,8192,256,256,2,2,0,0,1,0,1,0.000332533,32,17,0.49359,270432,32791,0.0261842,17408,8.83997,8388610,65536,0,0,24.9976,67.6214,0,3489870000,0,136946000,67108900,271122000,270672000,0,140837000,0,84.2899,0,25.9295,6.54745,0,54.4172,32,100,1024,4096,0,0,50
nbody_kernel,1885,8192,256,256,2,2,0,1,0,0,1,8.50664E-05,0,17,0.366569,274672,30719,18.6447,16780800,0.000195845,0,0,0,0,24.996,68.8085,0,3489870000,0,134889000,67108900,537018000,269099000,0,178377000,0,60.628,0,18.6531,9.32925,0,49.5809,32,100,1024,0,0,0,46
nbody_kernel,1612,8192,256,256,2,2,0,1,0,0,2,0.000105277,1,17,0.427077,274676,30671,10.9523,8392190,0.000458636,0,0,0,0,24.9954,68.659,0,3489920000,0,235569000,33562600,268583000,302416000,0,135323000,0,73.8819,0,21.8887,5.47552,0,44.1384,32,100,1024,0,0,0,62
nbody_kernel,1481,8192,256,256,2,2,0,1,0,0,4,0.000147015,0,23,0.463926,274680,30591,5.94259,4197890,0.000500051,0,0,0,0,24.995,68.9826,0,3490020000,0,117866000,16785400,134365000,285557000,0,126398000,0,78.6933,0,23.7534,2.97279,0,44.7395,32,100,768,0,0,0,80
nbody_kernel,1432,8192,256,256,2,2,0,1,1,0,1,0.000111908,0,17,0.474402,268520,32791,0.100899,69120,8.55084,8388610,65536,0,0,24.998,69.1943,0,3489870000,0,138559000,67108900,272777000,270672000,0,140940000,0,79.7165,0,24.5112,6.22711,0,51.4782,32,100,1024,4096,0,0,49
nbody_kernel,1243,8192,256,256,2,2,0,1,1,0,2,0.000189742,0,25,0.545818,268384,32791,0.0612679,36352,9.88567,8388610,65536,0,0,24.9968,69.3298,0,3489920000,0,102908000,33554400,136462000,269689000,0,126025000,0,91.9765,0,28.2891,3.59548,0,53.1254,32,100,1024,8192,0,0,64
nbody_kernel,1200,8192,256,256,2,2,0,1,1,0,4,0.000197341,0,25,0.577776,274880,32791,0.0349459,19968,10.2585,8388610,65536,0,0,24.9942,69.3009,0,3490020000,0,51544100,16777200,135414000,269312000,0,123850000,0,95.4821,0,29.3708,3.70451,0,54.2051,32,100,768,16384,0,0,80
nbody_kernel,5215,8192,256,256,2,2,1,0,0,0,1,0.00550062,282,2770,42.0905,323472,100717000,1.70971,4195330,7.06678E-05,0,0,201347000,100684000,24.999,67.7383,0,3489870000,0,1478550000,201351000,2550530000,470516000,0,260175000,0,25.2173,0,6.83703,16.2405,0,26.5067,32,100,1024,0,80,0,32
nbody_kernel,4712,8192,256,256,2,2,1,0,1,0,1,0.00481422,28,2383,46.7849,286328,100717000,0.00823754,17408,5.17226,16777200,65536,201347000,100684000,24.9991,64.8773,0,3489870000,0,1412500000,201351000,2955800000,404980000,0,268728000,0,28.7906,0,7.93931,21.8554,0,31.7919,32,100,1024,4096,80,0,29
nbody_kernel,5014,8192,256,256,2,2,1,1,0,0,1,0.00489308,0,2646,43.4999,599383,100717000,7.43302,16780800,7.28198E-05,0,0,201350000,100688000,24.8181,63.8928,0,3489870000,0,1747180000,201351000,2953270000,402792000,0,279039000,0,29.4165,0,7.46926,20.5438,0,31.0574,32,100,1024,0,80,0,36
nbody_kernel,4707,8192,256,256,2,2,1,1,0,0,2,0.0110345,16,5514,46.9594,1660310,100723000,4.63315,8392190,7.79142E-05,0,0,151008000,100690000,24.2263,54.1817,0,3489920000,0,806502000,100688000,1476870000,403161000,0,198267000,0,33.2818,0,9.42419,12.9625,0,27.8432,32,100,1024,0,112,0,48
nbody_kernel,4662,8192,256,256,2,2,1,1,0,0,4,3.9668,646,1976410,48.8696,4697940,100736000,2.36051,4197890,7.85935E-05,0,0,125901000,100706000,23.6306,52.7961,0,3490020000,0,386802000,50356200,738673000,352690000,0,157883000,0,32.9296,0,9.75585,6.71154,0,22.9522,32,100,1024,0,160,0,64
nbody_kernel,4709,8192,256,256,2,2,1,1,1,0,1,0.00533539,36,2633,46.7254,285488,100717000,0.0326587,69120,5.16311,16777200,65536,201347000,100683000,24.9992,64.8404,0,3489870000,0,1414260000,201351000,2957460000,404890000,0,268832000,0,29.2671,0,7.92978,21.8414,0,31.7661,32,100,1024,4096,80,0,31
nbody_kernel,4367,8192,256,256,2,2,1,1,1,0,2,0.0115129,0,5377,50.327,676604,100723000,0.0212704,36352,2.7806,8388610,65536,151019000,100691000,24.9989,56.1881,0,3489920000,0,673858000,100688000,1478970000,370385000,0,193164000,0,33.4553,0,9.81807,13.5234,0,28.2602,32,100,1024,8192,112,0,42
nbody_kernel,4673,8192,256,256,2,2,1,1,1,0,4,4.99772,4,2480900,74.9458,60818500,100735000,0.0102999,19968,2.60282,8388610,65536,125867000,100751000,24.9991,59.6776,0,3490020000,0,320479000,50356200,739721000,336306000,0,155332000,0,28.6738,0,8.654,5.96197,0,20.0309,32,100,1024,16384,160,0,64
nbody_kernel,2360,8192,256,256,2,2,2,0,0,0,1,3.969E-05,0,10,0.296745,276928,32519,3.77825,4195330,0.000155244,0,0,0,0,24.9971,67.3192,0,3489870000,0,270639000,67108900,134283000,337265000,0,134366000,0,49.129,0,15.1132,1.89018,0,30.2601,32,100,1024,0,0,0,52
nbody_kernel,1391,8192,256,256,2,2,2,0,1,0,1,0.000129024,0,19,0.492376,270432,32791,0.0261896,17408,8.83687,8388610,65536,0,0,24.9979,67.5718,0,3489870000,0,136946000,67108900,271122000,270672000,0,140837000,0,84.3222,0,25.9394,6.54996,0,54.438,32,100,1024,4096,0,0,50
nbody_kernel,1886,8192,256,256,2,2,2,1,0,0,1,0.00205089,364,46,0.367058,274676,30675,18.644,16780800,0.000196182,0,0,0,0,24.996,68.941,0,3489870000,0,134889000,67108900,537018000,269099000,0,178377000,0,60.6154,0,18.6492,9.32732,0,49.5706,32,100,1024,0,0,0,46
nbody_kernel,1615,8192,256,256,2,2,2,1,0,0,2,0.000117159,1,19,0.426072,274680,30123,10.95,8392190,0.000458068,0,0,0,0,24.9955,68.5177,0,3489920000,0,235569000,33562600,268583000,302416000,0,135323000,0,73.9427,0,21.9067,5.48002,0,44.1747,32,100,1024,0,0,0,62
nbody_kernel,1481,8192,256,256,2,2,2,1,0,0,4,0.000121108,0,19,0.462315,274672,29691,5.94263,4197890,0.000499548,0,0,0,0,24.9951,68.9092,0,3490020000,0,117866000,16785400,134365000,285557000,0,126398000,0,78.6978,0,23.7547,2.97296,0,44.7421,32,100,768,0,0,0,80
nbody_kernel,1433,8192,256,256,2,2,2,1,1,0,1,0.000125931,0,19,0.47451,268384,32791,0.100926,69120,8.56486,8388610,65536,0,0,24.9977,69.3745,0,3489870000,0,138559000,67108900,272777000,270672000,0,140940000,0,79.6398,0,24.4876,6.22112,0,51.4287,32,100,1024,4096,0,0,49
nbody_kernel,1244,8192,256,256,2,2,2,1,1,0,2,0.000144597,0,19,0.545355,268384,32791,0.0612771,36352,9.86266,8388610,65536,0,0,24.9968,69.1836,0,3489920000,0,102908000,33554400,136462000,269689000,0,126025000,0,91.9563,0,28.2828,3.59469,0,53.1137,32,100,1024,8192,0,0,64
nbody_kernel,1201,8192,256,256,2,2,2,1,1,0,4,0.000149728,0,19,0.577791,274932,32791,0.0349496,19968,10.2587,8388610,65536,0,0,24.9943,69.2996,0,3490020000,0,51544100,16777200,135414000,269312000,0,123850000,0,95.4861,0,29.372,3.70467,0,54.2074,32,100,768,16384,0,0,80
nbody_kernel,1614,8192,256,256,2,4,0,0,0,0,1,8.82782E-05,0,15,0.430873,276968,30439,5.66148,4195330,0.00022994,0,0,0,0,24.9954,66.5165,0,3489870000,0,136421000,33554400,134283000,269623000,0,127009000,0,73.6457,0,22.6551,2.83344,0,42.8771,32,100,1024,0,0,0,59
nbody_kernel,1233,8192,256,256,2,4,0,0,1,0,1,0.000207297,0,27,0.555254,270432,32791,0.0296479,17408,9.99565,8388610,65536,0,0,24.9952,69.3588,0,3489870000,0,69836800,33554400,136905000,270672000,0,129303000,0,92.922,0,28.5849,3.64486,0,55.0769,32,100,1024,4096,0,0,63
nbody_kernel,1661,8192,256,256,2,4,0,1,0,0,1,0.000142174,0,25,0.413125,274672,29503,21.2303,16780800,0.000222683,0,0,0,0,24.9955,68.7433,0,3489870000,0,67780600,33554400,537018000,269107000,0,156357000,0,69.0014,0,21.2293,10.6177,0,49.4628,32,100,1024,0,0,0,60
nbody_kernel,1604,8192,256,256,2,4,0,1,0,0,2,0.000217461,6,31,0.430271,274912,31499,10.9825,8392190,0.000461234,0,0,0,0,24.9954,68.8296,0,3489920000,0,118129000,16785400,268583000,285655000,0,130605000,0,72.7441,0,21.9582,5.4929,0,42.7347,32,100,1024,0,0,0,64
nbody_kernel,1479,8192,256,256,2,4,0,1,0,0,4,0.000127468,0,20,0.466465,274680,30863,5.98058,4197890,0.000502238,0,0,0,0,24.9953,68.8276,0,3490020000,0,59146200,8396800,134365000,277193000,0,124040000,0,78.4681,0,23.9109,2.99251,0,44.196,32,100,640,0,0,0,86
nbody_kernel,1246,8192,256,256,2,4,0,1,1,0,1,8.36586E-05,0,11,0.544699,268384,32791,0.116361,69120,9.85818,8388610,65536,0,0,24.9968,69.1979,0,3489870000,0,71450600,33554400,138559000,270696000,0,129406000,0,91.8996,0,28.2573,3.64664,0,54.4892,32,100,1024,4096,0,0,62
nbody_kernel,1205,8192,256,256,2,4,0,1,1,0,2,0.000149397,0,19,0.562958,268384,32791,0.0632975,36352,10.1933,8388610,65536,0,0,24.9922,69.2035,0,3489920000,0,52576300,16777200,136462000,269672000,0,123928000,0,95.012,0,29.2227,3.71414,0,53.9652,32,100,1024,8192,0,0,64
nbody_kernel,1213,8192,256,256,2,4,0,1,1,0,4,0.000148343,0,19,0.57348,275308,32791,0.0345746,19968,10.1684,8388610,65536,0,0,24.9952,69.4045,0,3490020000,0,26378200,8388610,135414000,269386000,0,122804000,0,94.4595,0,29.0562,3.66816,0,53.1714,32,100,768,16384,0,0,80
nbody_kernel,5193,8192,256,256,2,4,1,0,0,0,1,0.00489693,60,2642,42.2984,322524,100717000,1.74034,4195330,7.09944E-05,0,0,201347000,100684000,24.9989,66.8361,0,3489870000,0,1276620000,167797000,2550530000,504144000,0,253867000,0,25.0193,0,6.96135,16.5358,0,26.3343,32,100,1024,0,80,0,31
nbody_kernel,4711,8192,256,256,2,4,1,0,1,0,1,0.00531459,226,2433,46.7955,286964,100717000,0.00826205,17408,5.17355,16777200,65536,201347000,100684000,24.9992,64.6951,0,3489870000,0,1211100000,167797000,2955800000,505717000,0,264534000,0,28.1317,0,7.96365,21.9225,0,31.3917,32,100,1024,4096,80,0,29
nbody_kernel,5008,8192,256,256,2,4,1,1,0,0,1,0.00499217,2,2673,43.673,591218,100717000,7.49843,16780800,7.3111E-05,0,0,201344000,100682000,24.8109,63.5892,0,3489870000,0,1377480000,167797000,2953270000,504054000,0,269602000,0,28.0226,0,7.53493,20.7244,0,30.2708,32,100,1024,0,80,0,36
nbody_kernel,4693,8192,256,256,2,4,1,1,0,0,2,0.011355,161,5516,47.1398,1625420,100723000,4.65305,8392190,7.8209E-05,0,0,151025000,100687000,24.2398,54.1715,0,3489920000,0,655499000,83910700,1476870000,419946000,0,193549000,0,32.5269,0,9.46162,13.014,0,27.2885,32,100,1024,0,112,0,48
nbody_kernel,4704,8192,256,256,2,4,1,1,0,0,4,3.87915,4,1951160,48.642,4909880,100735000,2.35361,4197890,7.81495E-05,0,0,125864000,100702000,23.4454,52.386,0,3490020000,0,328090000,41967600,738673000,344310000,0,155525000,0,32.6943,0,9.77667,6.72586,0,22.6576,32,100,1024,0,160,0,64
nbody_kernel,4714,8192,256,256,2,4,1,1,1,0,1,0.00532224,0,2662,46.6984,286644,100717000,0.0328155,69120,5.1596,16777200,65536,201347000,100684000,24.9992,64.495,0,3489870000,0,1246950000,167797000,2957460000,471540000,0,264637000,0,28.4036,0,7.96682,21.9435,0,31.4166,32,100,1024,4096,80,0,31
nbody_kernel,4333,8192,256,256,2,4,1,1,1,0,2,0.0119745,0,5548,50.7816,665900,100723000,0.0213873,36352,2.80511,8388610,65536,151023000,100690000,24.999,56.3694,0,3489920000,0,589963000,83910700,1478970000,403948000,0,191066000,0,33.3329,0,9.87276,13.5988,0,28.109,32,100,1024,8192,112,0,42
nbody_kernel,4679,8192,256,256,2,4,1,1,1,0,4,5.00843,34,2486020,75.007,60789800,100735000,0.01029,19968,2.60559,8388610,65536,125891000,100712000,24.9992,59.7616,0,3490020000,0,295322000,41967600,739721000,336429000,0,154287000,0,28.6501,0,8.64686,5.95811,0,19.8798,32,100,1024,16384,160,0,61
nbody_kernel,1605,8192,256,256,2,4,2,0,0,0,1,0.000800328,120,16,0.429736,276972,30639,5.6536,4195330,0.00022871,0,0,0,0,24.9955,66.1734,0,3489870000,0,136421000,33554400,134283000,269623000,0,127009000,0,73.6317,0,22.6507,2.8329,0,42.869,32,100,1024,0,0,0,59
nbody_kernel,1231,8192,256,256,2,4,2,0,1,0,1,0.000145764,0,19,0.555012,270432,32791,0.0296459,17408,9.99144,8388610,65536,0,0,24.9944,69.3296,0,3489870000,0,69836800,33554400,136905000,270672000,0,129303000,0,92.922,0,28.5849,3.64486,0,55.0769,32,100,1024,4096,0,0,63
nbody_kernel,1662,8192,256,256,2,4,2,1,0,0,1,3.41137E-05,0,6,0.411951,274916,28283,21.2212,16780800,0.00022286,0,0,0,0,24.9956,68.802,0,3489870000,0,67780600,33554400,537018000,269107000,0,156357000,0,68.9974,0,21.2281,10.6171,0,49.46,32,100,1024,0,0,0,60
nbody_kernel,1605,8192,256,256,2,4,2,1,0,0,2,0.000129387,1,21,0.430121,274676,31467,10.9802,8392190,0.000460976,0,0,0,0,24.9953,68.797,0,3489920000,0,118129000,16785400,268583000,285655000,0,130605000,0,72.7377,0,21.9563,5.49242,0,42.731,32,100,1024,0,0,0,64
nbody_kernel,1478,8192,256,256,2,4,2,1,0,0,4,0.000133795,0,21,0.467016,274680,31219,5.98138,4197890,0.000502305,0,0,0,0,24.9953,68.8302,0,3490020000,0,59146200,8396800,134365000,277193000,0,124040000,0,78.4757,0,23.9132,2.9928,0,44.2002,32,100,640,0,0,0,86
nbody_kernel,1245,8192,256,256,2,4,2,1,1,0,1,0.000114162,0,15,0.544504,268400,32791,0.116364,69120,9.85713,8388610,65536,0,0,24.9967,69.1898,0,3489870000,0,71450600,33554400,138559000,270696000,0,129406000,0,91.9005,0,28.2576,3.64668,0,54.4898,32,100,1024,4096,0,0,62
nbody_kernel,1205,8192,256,256,2,4,2,1,1,0,2,0.000164887,0,21,0.564007,268592,32791,0.0633075,36352,10.224,8388610,65536,0,0,24.9939,69.407,0,3489920000,0,52576300,16777200,136462000,269672000,0,123928000,0,95.0182,0,29.2246,3.71439,0,53.9688,32,100,1024,8192,0,0,64
nbody_kernel,1212,8192,256,256,2,4,2,1,1,0,4,0.00014855,0,19,0.572121,275332,32791,0.0345726,19968,10.1319,8388610,65536,0,0,24.9949,69.1532,0,3490020000,0,26378200,8388610,135414000,269386000,0,122804000,0,94.4624,0,29.0571,3.66827,0,53.173,32,100,768,16384,0,0,80
nbody_kernel,1430,8192,256,256,2,8,0,0,0,0,1,0.000962981,102,43,0.481193,277556,28099,6.18526,4195330,0.000259759,0,0,0,0,24.995,68.8004,0,3489870000,0,69312500,16785400,134283000,269607000,0,124388000,0,80.4343,0,24.7434,3.09462,0,45.8629,32,100,1024,0,0,0,63
nbody_kernel,1218,8192,256,256,2,8,0,0,1,0,1,0.000147749,0,19,0.562412,270432,32791,0.0300136,17408,10.1283,8388610,65536,0,0,24.9947,69.4298,0,3489870000,0,36282400,16777200,136905000,270664000,0,125633000,0,94.0585,0,28.9345,3.68944,0,54.1681,32,100,1024,4096,0,0,63
nbody_kernel,1665,8192,256,256,2,8,0,1,0,0,1,0.000107579,0,19,0.413534,275084,30031,21.4142,16780800,0.000443854,0,0,0,0,24.9954,67.9045,0,3489870000,0,34242600,16777200,537018000,269148000,0,145349000,0,69.6168,0,21.4186,10.7126,0,46.3905,32,100,1024,0,0,0,64
nbody_kernel,1455,8192,256,256,2,8,0,1,0,0,2,0.00035718,8,47,0.477401,274676,32379,12.1385,8392190,0.000510054,0,0,0,0,24.9945,68.8961,0,3489920000,0,59408400,8396800,268583000,277258000,0,128245000,0,79.6079,0,24.2589,6.06843,0,46.3594,32,100,896,0,0,0,70
nbody_kernel,1382,8192,256,256,2,8,0,1,0,0,4,0.000129599,0,19,0.499341,274672,30863,6.39145,4197890,0.00053788,0,0,0,0,24.9948,68.998,0,3490020000,0,29786100,4202500,134365000,272982000,0,122860000,0,83.43,0,25.5446,3.19697,0,46.7663,32,100,640,0,0,0,88
nbody_kernel,1212,8192,256,256,2,8,0,1,1,0,1,0.000211001,8,19,0.559238,268384,32791,0.119771,69120,10.1243,8388610,65536,0,0,24.9952,69.0589,0,3489870000,0,37896200,16777200,138559000,270688000,0,125736000,0,94.57,0,29.0784,3.7526,0,54.4821,32,100,1024,4096,0,0,62
nbody_kernel,1209,8192,256,256,2,8,0,1,1,0,2,0.000148813,0,19,0.560499,268384,32791,0.0630582,36352,10.1494,8388610,65536,0,0,24.993,69.1555,0,3489920000,0,27426800,8388610,136462000,269713000,0,122881000,0,94.6654,0,29.116,3.70081,0,53.3141,32,100,1024,8192,0,0,64
nbody_kernel,1196,8192,256,256,2,8,0,1,1,0,4,0.000150393,0,19,0.580314,275404,32791,0.0350345,19968,10.3007,8388610,65536,0,0,24.9956,69.3767,0,3490020000,0,13795300,4194300,135414000,269386000,0,122280000,0,95.7268,0,29.446,3.71737,0,53.6547,32,100,768,16384,0,0,80
nbody_kernel,5148,8192,256,256,2,8,1,0,0,0,1,0.0051772,140,2698,42.8192,353073,100717000,1.76341,4195330,7.18384E-05,0,0,201346000,100683000,24.999,66.7909,0,3489870000,0,1142420000,151020000,2550530000,554549000,0,250724000,0,24.7829,0,7.04887,16.7437,0,26.3353,32,100,1024,0,80,0,33
nbody_kernel,4711,8192,256,256,2,8,1,0,1,0,1,0.00552495,164,2591,46.7162,289024,100717000,0.00828216,17408,5.16865,16777200,65536,201347000,100684000,24.9993,64.4691,0,3489870000,0,1127210000,151020000,2955800000,539353000,0,262439000,0,27.9498,0,7.98399,21.9785,0,31.2227,32,100,1024,4096,80,0,31
nbody_kernel,5163,8192,256,256,2,8,1,1,0,0,1,0.00625116,656,2796,42.4487,888268,100717000,7.45146,16780800,7.08542E-05,0,0,201346000,100683000,24.5571,61.5314,0,3489870000,0,1192940000,151020000,2953270000,554467000,0,264886000,0,26.8863,0,7.54655,20.7564,0,29.7872,32,100,1024,0,80,0,38
nbody_kernel,4688,8192,256,256,2,8,1,1,0,0,2,0.0111278,9,5596,47.0723,1092060,100723000,4.71262,8392190,7.84134E-05,0,0,151019000,100689000,24.3489,53.6843,0,3489920000,0,596820000,75522000,1476870000,411599000,0,191192000,0,32.6088,0,9.57245,13.1664,0,27.2719,32,100,1024,0,112,0,50
nbody_kernel,4683,8192,256,256,2,8,1,1,0,0,4,3.32147,78,1652300,48.7679,4452570,100735000,2.3693,4197890,0.000157221,0,0,125892000,100704000,23.6121,52.7069,0,3490020000,0,298795000,37773300,738673000,340148000,0,154348000,0,32.5342,0,9.77444,6.7244,0,22.481,32,100,1024,0,160,0,64
nbody_kernel,4708,8192,256,256,2,8,1,1,1,0,1,0.00536219,0,2685,46.8325,287248,100717000,0.0328704,69120,5.17757,16777200,65536,201347000,100684000,24.9991,64.5982,0,3489870000,0,1128970000,151020000,2957460000,539263000,0,262543000,0,27.9537,0,7.98179,21.9847,0,31.2265,32,100,1024,4096,80,0,33
nbody_kernel,4385,8192,256,256,2,8,1,1,1,0,2,0.0122219,0,5696,50.1974,671440,100723000,0.0215355,36352,2.77457,8388610,65536,151022000,100690000,24.999,55.3739,0,3489920000,0,564838000,75522000,1478970000,403997000,0,190021000,0,33.5627,0,9.94081,13.6925,0,28.1479,32,100,1024,8192,112,0,44
nbody_kernel,4675,8192,256,256,2,8,1,1,1,0,4,4.11502,0,2051280,74.884,60736100,100735000,0.0103002,19968,2.60067,8388610,65536,125836000,100690000,24.9992,59.5906,0,3490020000,0,282804000,37773300,739721000,336478000,0,153766000,0,28.6773,0,8.65504,5.96381,0,19.8314,32,100,1024,16384,160,0,63
nbody_kernel,1430,8192,256,256,2,8,2,0,0,0,1,3.98495E-05,0,6,0.481451,276964,28455,6.17975,4195330,0.000259636,0,0,0,0,24.995,68.7483,0,3489870000,0,69312500,16785400,134283000,269607000,0,124388000,0,80.4573,0,24.7505,3.09551,0,45.876,32,100,1024,0,0,0,63
nbody_kernel,1217,8192,256,256,2,8,2,0,1,0,1,0.000178997,0,23,0.56237,270432,32839,0.0300166,17408,10.1249,8388610,65536,0,0,24.9953,69.4064,0,3489870000,0,36282400,16777200,136905000,270664000,0,125633000,0,94.0592,0,28.9347,3.68947,0,54.1685,32,100,1024,4096,0,0,63
nbody_kernel,1665,8192,256,256,2,8,2,1,0,0,1,0.00609431,934,142,0.413118,274664,29851,21.411,16780800,0.000443319,0,0,0,0,24.9953,67.8573,0,3489870000,0,34242600,16777200,537018000,269148000,0,145349000,0,69.5814,0,21.4077,10.7071,0,46.3669,32,100,1024,0,0,0,64
nbody_kernel,1454,8192,256,256,2,8,2,1,0,0,2,5.83778E-05,0,9,0.47648,274684,32159,12.1422,8392190,0.000511198,0,0,0,0,24.9945,69.0287,0,3489920000,0,59408400,8396800,268583000,277258000,0,128245000,0,79.6331,0,24.2666,6.07035,0,46.3741,32,100,896,0,0,0,70
nbody_kernel,1384,8192,256,256,2,8,2,1,0,0,4,0.000129901,0,19,0.49661,274684,30539,6.38999,4197890,0.000535736,0,0,0,0,24.9947,68.7181,0,3490020000,0,29786100,4202500,134365000,272982000,0,122860000,0,83.4359,0,25.5464,3.19719,0,46.7696,32,100,640,0,0,0,88
nbody_kernel,1213,8192,256,256,2,8,2,1,1,0,1,0.000149273,0,19,0.560013,268384,32791,0.119755,69120,10.1568,8388610,65536,0,0,24.9948,69.286,0,3489870000,0,37896200,16777200,138559000,270688000,0,125736000,0,94.5633,0,29.0763,3.75233,0,54.4783,32,100,1024,4096,0,0,62
nbody_kernel,1210,8192,256,256,2,8,2,1,1,0,2,0.000148577,0,19,0.562425,268384,32791,0.0630629,36352,10.1819,8388610,65536,0,0,24.9935,69.3857,0,3489920000,0,27426800,8388610,136462000,269713000,0,122881000,0,94.654,0,29.1125,3.70036,0,53.3076,32,100,1024,8192,0,0,64
nbody_kernel,1197,8192,256,256,2,8,2,1,1,0,4,0.000150505,0,19,0.578792,275048,32791,0.0350337,19968,10.2684,8388610,65536,0,0,24.9959,69.16,0,3490020000,0,13795300,4194300,135414000,269386000,0,122280000,0,95.7259,0,29.4457,3.71734,0,53.6541,32,100,768,16384,0,0,80
nbody_kernel,1318,8192,256,256,2,16,0,0,0,0,1,0.000137274,0,19,0.520826,276964,27923,6.69969,4195330,0.000563821,0,0,0,0,24.9939,68.9261,0,3489870000,0,35774500,8396800,134283000,269615000,0,123078000,0,87.1346,0,26.8045,3.35261,0,49.16,32,100,1024,0,0,0,63
nbody_kernel,1213,8192,256,256,2,16,0,0,1,0,1,0.000148414,0,19,0.564684,270432,32791,0.0301511,17408,10.1896,8388610,65536,0,0,24.9937,69.3873,0,3489870000,0,19521500,8388610,136905000,271221000,0,123816000,0,94.5029,0,29.0711,3.72106,0,53.6368,32,100,1024,4096,0,0,64
nbody_kernel,1514,8192,256,256,2,16,0,1,0,0,1,0.000143605,0,23,0.455973,274676,30991,23.4228,16780800,0.000490105,0,0,0,0,24.9953,68.5507,0,3489870000,0,59932700,8396800,537018000,277496000,0,136664000,0,76.8786,0,23.4276,11.7174,0,47.7098,32,100,1024,0,0,0,64
nbody_kernel,1358,8192,256,256,2,16,0,1,0,0,2,0.00015255,1,21,0.507215,274672,31147,12.9769,8392190,0.000546842,0,0,0,0,24.995,69.079,0,3489920000,0,30048300,4202500,268583000,273072000,0,127066000,0,84.7185,0,25.9398,6.4889,0,49.1157,32,100,896,0,0,0,69
nbody_kernel,1395,8192,256,256,2,16,0,1,0,0,4,0.000128919,0,19,0.492231,274672,29807,6.32382,4197890,0.000531917,0,0,0,0,24.9943,68.9099,0,3490020000,0,15106000,2105340,134365000,270877000,0,122269000,0,82.4132,0,25.2937,3.16557,0,46.0846,32,100,768,0,0,0,80
nbody_kernel,1213,8192,256,256,2,16,0,1,1,0,1,0.000149246,0,19,0.560237,268384,32791,0.119628,69120,10.1796,8388610,65536,0,0,24.9935,69.3752,0,3489870000,0,21135400,8388610,138559000,271237000,0,123918000,0,94.4702,0,29.0477,3.76282,0,53.6381,32,100,1024,4096,0,0,64
nbody_kernel,1205,8192,256,256,2,16,0,1,1,0,2,0.000149213,0,19,0.564343,268384,32791,0.0633304,36352,10.2399,8388610,65536,0,0,24.9921,69.4024,0,3489920000,0,14843900,4194300,136462000,269976000,0,122365000,0,95.0803,0,29.2436,3.72394,0,53.3228,32,100,1024,8192,0,0,64
nbody_kernel,1200,8192,256,256,2,16,0,1,1,0,4,0.000276697,0,35,0.577152,274992,32791,0.0349302,19968,10.2369,8388610,65536,0,0,24.9957,69.1208,0,3490020000,0,7503870,2097150,135414000,269386000,0,122018000,0,95.4861,0,29.372,3.70803,0,53.405,32,100,768,16384,0,0,80
nbody_kernel,5123,8192,256,256,2,16,1,0,0,0,1,0.00599597,492,2781,42.9693,353811,100717000,1.77546,4195330,7.21291E-05,0,0,201347000,100684000,24.9989,66.5446,0,3489870000,0,1108860000,142631000,2550530000,546161000,0,249151000,0,24.9197,0,7.10359,16.8737,0,26.3732,32,100,1024,0,80,0,33
nbody_kernel,4705,8192,256,256,2,16,1,0,1,0,1,0.00557324,96,2680,46.7991,288988,100717000,0.00829415,17408,5.17594,16777200,65536,201347000,100684000,24.9992,64.4775,0,3489870000,0,1102050000,142631000,2955800000,539353000,0,261390000,0,27.9856,0,7.99422,22.0066,0,31.1378,32,100,1024,4096,80,0,31
nbody_kernel,5146,8192,256,256,2,16,1,1,0,0,1,0.00493034,0,2736,42.5457,885774,100717000,7.48917,16780800,7.09996E-05,0,0,201342000,100681000,24.5575,61.3406,0,3489870000,0,1134220000,142631000,2953270000,546079000,0,262526000,0,26.7883,0,7.58556,20.8637,0,29.6745,32,100,1024,0,80,0,38
nbody_kernel,4700,8192,256,256,2,16,1,1,0,0,2,0.0120276,500,5549,47.0872,1089410,100723000,4.72126,8392190,7.84594E-05,0,0,151028000,100688000,24.3604,53.6331,0,3489920000,0,567460000,71327700,1476870000,407405000,0,190012000,0,32.5092,0,9.5872,13.1867,0,27.1455,32,100,1024,0,112,0,50
nbody_kernel,4690,8192,256,256,2,16,1,1,0,0,4,3.30342,0,1649700,48.671,4490360,100735000,2.36785,4197890,0.000156967,0,0,125851000,100708000,23.5771,52.6558,0,3490020000,0,284115000,35676200,738673000,338051000,0,153758000,0,32.437,0,9.76816,6.72008,0,22.3808,32,100,1024,0,160,0,64
nbody_kernel,4711,8192,256,256,2,16,1,1,1,0,1,0.00559146,16,2768,46.7228,287284,100717000,0.0329174,69120,5.16996,16777200,65536,201347000,100684000,24.9992,64.4083,0,3489870000,0,1103810000,142631000,2957460000,539263000,0,261494000,0,27.9949,0,7.99356,22.0171,0,31.1476,32,100,1024,4096,80,0,33
nbody_kernel,4375,8192,256,256,2,16,1,1,1,0,2,0.0125256,0,5848,50.2972,670188,100723000,0.0215472,36352,2.77832,8388610,65536,151022000,100690000,24.9991,55.4164,0,3489920000,0,552255000,71327700,1478970000,403997000,0,189496000,0,33.5823,0,9.94663,13.7005,0,28.0866,32,100,1024,8192,112,0,44
nbody_kernel,4676,8192,256,256,2,16,1,1,1,0,4,4.12392,0,2049030,74.8715,60734300,100735000,0.010302,19968,2.60266,8388610,65536,125854000,100707000,24.9991,59.6214,0,3490020000,0,276513000,35676200,739721000,336478000,0,153504000,0,28.6844,0,8.6572,5.9653,0,19.8026,32,100,1024,16384,160,0,63
nbody_kernel,1322,8192,256,256,2,16,2,0,0,0,1,2.86115E-05,0,4,0.522112,276960,28387,6.68847,4195330,0.000564259,0,0,0,0,24.9945,68.9762,0,3489870000,0,35774500,8396800,134283000,269615000,0,123078000,0,87.1389,0,26.8058,3.35277,0,49.1624,32,100,1024,0,0,0,63
nbody_kernel,1212,8192,256,256,2,16,2,0,1,0,1,0.000148556,0,19,0.564832,271248,32839,0.0301551,17408,10.1903,8388610,65536,0,0,24.9943,69.3965,0,3489870000,0,19521500,8388610,136905000,271221000,0,123816000,0,94.497,0,29.0693,3.72082,0,53.6334,32,100,1024,4096,0,0,64
nbody_kernel,1515,8192,256,256,2,16,2,1,0,0,1,0.000174941,16,12,0.454696,274672,30015,23.4147,16780800,0.000490064,0,0,0,0,24.9953,68.559,0,3489870000,0,59932700,8396800,537018000,277496000,0,136664000,0,76.8629,0,23.4228,11.715,0,47.7,32,100,1024,0,0,0,64
nbody_kernel,1362,8192,256,256,2,16,2,1,0,0,2,0.000152941,1,21,0.507379,274676,31099,12.973,8392190,0.000547155,0,0,0,0,24.9945,69.0969,0,3489920000,0,30048300,4202500,268583000,273072000,0,127066000,0,84.745,0,25.9479,6.49093,0,49.1311,32,100,896,0,0,0,69
nbody_kernel,1393,8192,256,256,2,16,2,1,0,0,4,0.000128649,0,19,0.492406,274684,29667,6.32452,4197890,0.000533035,0,0,0,0,24.9944,69.0764,0,3490020000,0,15106000,2105340,134365000,270877000,0,122269000,0,82.3873,0,25.2858,3.16458,0,46.0701,32,100,768,0,0,0,80
nbody_kernel,1213,8192,256,256,2,16,2,1,1,0,1,0.000148283,0,19,0.560765,268384,32791,0.119639,69120,10.186,8388610,65536,0,0,24.9943,69.4204,0,3489870000,0,21135400,8388610,138559000,271237000,0,123918000,0,94.4682,0,29.047,3.76274,0,53.637,32,100,1024,4096,0,0,64
nbody_kernel,1206,8192,256,256,2,16,2,1,1,0,2,0.000149391,0,19,0.563095,268384,32791,0.0633281,36352,10.2055,8388610,65536,0,0,24.9915,69.176,0,3489920000,0,14843900,4194300,136462000,269976000,0,122365000,0,95.0711,0,29.2408,3.72358,0,53.3177,32,100,1024,8192,0,0,64
nbody_kernel,1203,8192,256,256,2,16,2,1,1,0,4,0.000134851,0,17,0.577866,274884,32791,0.0349408,19968,10.2668,8388610,65536,0,0,24.9955,69.3638,0,3490020000,0,7503870,2097150,135414000,269386000,0,122018000,0,95.4293,0,29.3545,3.70582,0,53.3733,32,100,768,16384,0,0,80
nbody_kernel,1246,8192,256,256,2,32,0,0,0,0,1,0.000144148,0,19,0.549624,276956,26667,7.06617,4195330,0.000598078,0,0,0,0,24.9939,69.3239,0,3489870000,0,18997200,4202500,134283000,269615000,0,122422000,0,91.8984,0,28.2699,3.5359,0,51.5716,32,100,1024,0,0,0,64
nbody_kernel,1207,8192,256,256,2,32,0,0,1,0,1,0.000149165,0,19,0.565329,270432,32791,0.0302635,17408,10.1939,8388610,65536,0,0,24.9937,69.1676,0,3489870000,0,11132900,4194300,136905000,271221000,0,122898000,0,94.8432,0,29.1758,3.73445,0,53.431,32,100,1024,4096,0,0,64
nbody_kernel,1406,8192,256,256,2,32,0,1,0,0,1,4.02845E-05,0,6,0.488101,274668,28559,25.1692,16780800,0.000530198,0,0,0,0,24.9943,69.0017,0,3489870000,0,30572500,4202500,537018000,273302000,0,135485000,0,82.2308,0,25.1784,12.5931,0,50.8328,32,100,1024,0,0,0,64
nbody_kernel,1384,8192,256,256,2,32,0,1,0,0,2,0.000136783,1,19,0.487092,274672,25963,12.8642,8392190,0.000533151,0,0,0,0,24.9651,67.7383,0,3489920000,0,15368200,2105340,268583000,270975000,0,126476000,0,84.0307,0,25.7909,6.45165,0,48.6071,32,100,896,0,0,0,69
nbody_kernel,1515,8192,256,256,2,32,0,1,0,0,4,0.000144323,0,23,1.43286,947964,32651,5.86375,4197890,0.000491191,0,0,0,0,24.9945,68.582,0,3490020000,0,7766020,1056770,134365000,269828000,0,121975000,0,76.3754,0,23.4688,2.93718,0,42.6565,32,100,768,0,0,0,80
nbody_kernel,1207,8192,256,256,2,32,0,1,1,0,1,0.000368596,0,47,0.563487,268384,32839,0.120098,69120,10.2341,8388610,65536,0,0,24.9954,69.4098,0,3489870000,0,12746800,4194300,138559000,271237000,0,123001000,0,94.9288,0,29.1886,3.78108,0,53.4993,32,100,1024,4096,0,0,64
nbody_kernel,1218,8192,256,256,2,32,0,1,1,0,2,0.000132492,0,17,0.557688,268384,32791,0.0626971,36352,10.1074,8388610,65536,0,0,24.9933,69.1864,0,3489920000,0,8552450,2097150,136462000,269951000,0,122102000,0,94.1434,0,28.9554,3.68725,0,52.6843,32,100,1024,8192,0,0,64
nbody_kernel,1345,8192,256,256,2,32,0,1,1,0,4,9.20284E-05,0,13,1.60678,943296,32791,0.0315143,19968,9.14986,8388610,65536,0,0,24.9941,68.4619,0,3490020000,0,4358140,1048580,135414000,269386000,0,121887000,0,86.1681,0,26.5057,3.34618,0,48.1417,32,100,768,16384,0,0,80
nbody_kernel,5121,8192,256,256,2,32,1,0,0,0,1,0.00489086,32,2642,42.94,353254,100717000,1.77452,4195330,7.20811E-05,0,0,201347000,100684000,24.999,66.5486,0,3489870000,0,1092080000,138437000,2550530000,541966000,0,248365000,0,24.8739,0,7.09843,16.8614,0,26.2709,32,100,1024,0,80,0,33
nbody_kernel,4709,8192,256,256,2,32,1,0,1,0,1,0.00536509,160,2527,46.8319,288704,100717000,0.00828802,17408,5.17737,16777200,65536,201347000,100684000,24.9991,64.5241,0,3489870000,0,1089460000,138437000,2955800000,539353000,0,260866000,0,27.9731,0,7.99065,21.9968,0,31.0614,32,100,1024,4096,80,0,31
nbody_kernel,5167,8192,256,256,2,32,1,1,0,0,1,0.00578167,412,2796,42.4412,888697,100717000,7.49041,16780800,7.08352E-05,0,0,201349000,100685000,24.5706,61.2259,0,3489870000,0,1104860000,138437000,2953270000,541884000,0,261347000,0,26.6578,0,7.58218,20.8544,0,29.528,32,100,1024,0,80,0,38
nbody_kernel,4707,8192,256,256,2,32,1,1,0,0,2,0.0111033,0,5576,47.0397,1067390,100723000,4.71449,8392190,7.83707E-05,0,0,151028000,100689000,24.3485,53.6264,0,3489920000,0,552780000,69230600,1476870000,405307000,0,189423000,0,32.4017,0,9.57756,13.1735,0,27.034,32,100,1024,0,112,0,50
nbody_kernel,4701,8192,256,256,2,32,1,1,0,0,4,3.28492,20,1645840,48.5538,4470240,100735000,2.3629,4197890,0.000156493,0,0,125879000,100713000,23.5377,52.4986,0,3490020000,0,276775000,34627600,738673000,337002000,0,153463000,0,32.3977,0,9.76783,6.71985,0,22.3371,32,100,1024,0,160,0,64
nbody_kernel,4711,8192,256,256,2,32,1,1,1,0,1,0.00536042,0,2681,46.736,288572,100717000,0.0329047,69120,5.16275,16777200,65536,201347000,100684000,24.9991,64.3348,0,3489870000,0,1091220000,138437000,2957460000,539263000,0,260970000,0,27.9878,0,7.99152,22.0115,0,31.0773,32,100,1024,4096,80,0,33
nbody_kernel,4378,8192,256,256,2,32,1,1,1,0,2,0.0149915,1336,5689,50.2696,668980,100723000,0.0215333,36352,2.77808,8388610,65536,151021000,100691000,24.999,55.4221,0,3489920000,0,545964000,69230600,1478970000,403997000,0,189234000,0,33.576,0,9.94475,13.6979,0,28.0425,32,100,1024,8192,112,0,44
nbody_kernel,4677,8192,256,256,2,32,1,1,1,0,4,4.09114,0,2044410,74.9107,60747100,100735000,0.010296,19968,2.6017,8388610,65536,125870000,100678000,24.9991,59.6009,0,3490020000,0,273367000,34627600,739721000,336478000,0,153373000,0,28.6836,0,8.65695,5.96513,0,19.7851,32,100,1024,16384,160,0,63
nbody_kernel,1248,8192,256,256,2,32,2,0,0,0,1,0.00222205,260,33,0.549528,276956,26703,7.05619,4195330,0.00059788,0,0,0,0,24.9938,69.2945,0,3489870000,0,18997200,4202500,134283000,269615000,0,122422000,0,91.907,0,28.2726,3.53623,0,51.5764,32,100,1024,0,0,0,64
nbody_kernel,1207,8192,256,256,2,32,2,0,1,0,1,0.000133413,0,17,0.565541,270432,32791,0.0302583,17408,10.1894,8388610,65536,0,0,24.9939,69.1404,0,3489870000,0,11132900,4194300,136905000,271221000,0,122898000,0,94.839,0,29.1745,3.73429,0,53.4287,32,100,1024,4096,0,0,64
nbody_kernel,1406,8192,256,256,2,32,2,1,0,0,1,0.0001141,0,17,0.488376,274668,29859,25.149,16780800,0.000528235,0,0,0,0,24.9945,68.7169,0,3489870000,0,30572500,4202500,537018000,273302000,0,135485000,0,82.2659,0,25.1892,12.5984,0,50.8545,32,100,1024,0,0,0,64
nbody_kernel,1381,8192,256,256,2,32,2,1,0,0,2,0.000122136,1,17,0.489891,274676,25931,12.8713,8392190,0.000536808,0,0,0,0,24.9553,68.1233,0,3489920000,0,15368200,2105340,268583000,270975000,0,126476000,0,84.1289,0,25.821,6.4592,0,48.6639,32,100,896,0,0,0,69
nbody_kernel,1513,8192,256,256,2,32,2,1,0,0,4,0.00014367,0,23,1.42652,942592,32579,5.88675,4197890,0.000491269,0,0,0,0,24.9935,68.2576,0,3490020000,0,7766020,1056770,134365000,269828000,0,121975000,0,76.7506,0,23.5841,2.95161,0,42.866,32,100,768,0,0,0,80
nbody_kernel,1208,8192,256,256,2,32,2,1,1,0,1,0.000197405,0,25,0.562714,268384,32791,0.120092,69120,10.2274,8388610,65536,0,0,24.9953,69.3585,0,3489870000,0,12746800,4194300,138559000,271237000,0,123001000,0,94.9367,0,29.1911,3.7814,0,53.5037,32,100,1024,4096,0,0,64
nbody_kernel,1218,8192,256,256,2,32,2,1,1,0,2,0.000147799,0,19,0.558961,268384,32791,0.0627023,36352,10.14,8388610,65536,0,0,24.9936,69.4116,0,3489920000,0,8552450,2097150,136462000,269951000,0,122102000,0,94.1411,0,28.9547,3.68716,0,52.683,32,100,1024,8192,0,0,64
nbody_kernel,1337,8192,256,256,2,32,2,1,1,0,4,0.000120544,0,17,1.62473,949444,32791,0.031626,19968,9.19185,8388610,65536,0,0,24.9955,68.4683,0,3490020000,0,4358140,1048580,135414000,269386000,0,121887000,0,86.5555,0,26.6249,3.36122,0,48.3582,32,100,768,16384,0,0,80
nbody_kernel,3188,4096,256,256,4,0,0,0,0,0,1,4.97462E-05,0,17,0.134755,146712,32791,2.74266,2098180,0.00011515,0,0,0,0,24.9954,34.4515,0,3489870000,0,168358000,16781300,67174400,285569000,0,125876000,0,72.564,0,21.9047,1.37055,0,41.0866,32,100,1024,0,0,0,64
nbody_kernel,2620,4096,256,256,4,0,0,0,1,0,1,4.67935E-05,0,13,0.161999,146400,32791,0.0145839,9216,4.62909,8388610,32768,0,0,24.9968,34.7283,0,3489870000,0,152359000,16777200,269812000,269595000,0,131209000,0,86.2943,0,26.5483,6.67121,0,51.9066,32,100,1024,4096,0,0,64
nbody_kernel,3507,4096,256,256,4,0,0,1,0,0,1,6.7138E-05,0,25,0.122752,144008,32791,9.94965,8392190,0.000105054,0,0,0,0,24.9964,34.5925,0,3489870000,0,369705000,16781300,268583000,285573000,0,138462000,0,69.6642,0,19.9027,4.97855,0,41.0643,32,100,1024,0,0,0,64
nbody_kernel,3338,4096,256,256,4,0,0,1,0,0,2,4.80112E-05,0,17,0.128355,143992,32791,5.22579,4197890,0.00011042,0,0,0,0,24.9965,34.6406,0,3489910000,0,235225000,33558500,134365000,302240000,0,131108000,0,70.5104,0,20.8902,2.6143,0,40.8125,32,100,896,0,0,0,72
nbody_kernel,2657,4096,256,256,4,0,0,1,0,0,4,4.60756E-05,0,13,0.157939,143976,32791,3.30199,2100740,0.000138703,0,0,0,0,24.9956,34.4395,0,3490010000,0,117654000,16781300,67256300,285450000,0,124288000,0,87.4406,0,26.3942,1.65346,0,48.8834,32,100,512,0,0,0,128
nbody_kernel,2538,4096,256,256,4,0,0,1,1,0,1,4.83718E-05,0,13,0.163754,142796,32791,0.0594628,36352,4.78609,8388610,32768,0,0,24.9952,34.7393,0,3489870000,0,153174000,16777200,270680000,269627000,0,131262000,0,89.2122,0,27.4396,6.91748,0,53.6712,32,100,1024,4096,0,0,64
nbody_kernel,2857,4096,256,256,4,0,0,1,1,0,2,0.00037032,100,13,0.14821,144400,32791,0.0289634,19968,2.13205,4194300,32768,0,0,24.999,34.5518,0,3489910000,0,101794000,33554400,135414000,269275000,0,125940000,0,79.5163,0,24.4607,3.08792,0,45.9047,32,100,896,8192,0,0,72
nbody_kernel,2365,4096,256,256,4,0,0,1,1,0,4,5.19145E-05,0,13,0.173143,140704,32791,0.0206667,11776,2.57917,4194300,32768,0,0,24.9957,34.7277,0,3490010000,0,50937900,16777200,67780600,269038000,0,121707000,0,95.758,0,29.4584,1.86149,0,53.4253,32,100,512,16384,0,0,122
nbody_kernel,11172,4096,256,256,4,0,1,0,0,0,1,0.00150315,524,1275,19.8539,2320330,100717000,1.00466,2098180,1.63472E-05,0,0,201361000,100684000,24.3027,26.2508,0,3489870000,0,1141900000,268472000,2483420000,402997000,0,255934000,0,28.0622,0,8.16226,18.8783,0,31.1286,32,100,1024,0,160,0,26
nbody_kernel,10422,4096,256,256,4,0,1,0,1,0,1,0.000939084,0,1055,21.2036,1821430,100717000,0.00479977,9216,1.15313,8388610,32768,201350000,100684000,24.9996,26.2694,0,3489870000,0,1075580000,268472000,2686060000,336675000,0,258113000,0,29.516,0,8.74283,21.871,0,33.6267,32,100,1024,4096,160,0,28
nbody_kernel,11609,4096,256,256,4,0,1,1,0,0,1,0.000874354,0,1093,19.3938,4247050,100717000,3.86915,8392190,1.565E-05,0,0,201390000,100682000,23.1014,25.3538,0,3489870000,0,1410730000,268472000,2684830000,335626000,0,268516000,0,29.8386,0,8.09061,20.2301,0,32.3722,32,100,1024,0,160,0,27
nbody_kernel,7738,4096,256,256,4,0,1,1,0,0,2,0.00468218,569,3307,30.9197,9933690,100723000,2.59367,4197890,2.37033E-05,0,0,150973000,100694000,22.1656,28.1032,0,3489910000,0,671990000,134255000,1342650000,335774000,0,193003000,0,38.0055,0,11.0551,13.8238,0,31.7943,32,100,1024,0,208,0,39
nbody_kernel,6412,4096,256,256,4,0,1,1,0,0,4,0.539403,12,370861,47.238,40027200,100735000,1.40606,2100740,2.84636E-05,0,0,125860000,100691000,24.4443,32.964,0,3490010000,0,319476000,67145700,671564000,318992000,0,155249000,0,37.4938,0,11.3177,7.07863,0,26.1825,32,100,1024,0,304,0,61
nbody_kernel,10426,4096,256,256,4,0,1,1,1,0,1,0.00105972,0,1185,21.1768,1831060,100717000,0.019001,36352,1.15171,8388610,32768,201347000,100684000,24.9996,26.1513,0,3489870000,0,1143870000,268472000,2686930000,269304000,0,258169000,0,29.6215,0,8.77148,21.9498,0,33.7442,32,100,1024,4096,160,0,30
nbody_kernel,6746,4096,256,256,4,0,1,1,1,0,2,0.0056728,128,3959,34.1344,5747720,100723000,0.0140898,19968,0.897911,4194300,32768,151017000,100689000,24.9994,30.0944,0,3489910000,0,538821000,134255000,1343700000,302350000,0,187830000,0,38.8587,0,11.8388,14.8154,0,33.1357,32,100,1024,8192,208,0,40
nbody_kernel,7339,4096,256,256,4,0,1,1,1,0,4,0.849206,400,666721,64.062,116453000,100735000,0.00670171,11776,0.826494,4194300,32768,125897000,100620000,24.9996,34.3408,0,3490010000,0,252760000,67145700,672088000,302404000,0,152663000,0,31.046,0,9.55089,5.97823,0,21.7269,32,100,1024,16384,304,0,63
nbody_kernel,9658,4096,256,256,4,0,2,0,0,0,1,0.00113957,0,1177,22.9507,1660230,100717000,1.16629,2098180,1.89865E-05,0,0,201350000,100682000,24.1088,26.0526,0,3489870000,0,671842000,134230000,1275300000,470213000,0,197195000,0,31.6441,0,9.55223,11.3453,0,28.0687,32,100,1024,0,160,0,37
nbody_kernel,8788,4096,256,256,4,0,2,0,1,0,1,0.00134626,196,1071,25.0292,1292500,100717000,0.00592751,9216,1.36837,8388610,32768,201353000,100684000,24.9986,25.2659,0,3489870000,0,672633000,134230000,1477940000,336785000,0,199383000,0,35.7367,0,10.7868,14.8474,0,32.0482,32,100,1024,4096,160,0,37
nbody_kernel,9586,4096,256,256,4,0,2,1,0,0,1,0.00122316,154,1106,23.4224,3348670,100717000,4.57044,8392190,1.90443E-05,0,0,201373000,100687000,22.9135,25.9023,0,3489870000,0,940397000,134230000,1476710000,403014000,0,209780000,0,34.3336,0,9.63687,13.2535,0,30.1246,32,100,1024,0,160,0,37
nbody_kernel,6895,4096,256,256,4,0,2,1,0,0,2,0.00459072,16,3379,34.326,8950230,100723000,2.75979,4197890,2.65061E-05,0,0,151069000,100674000,21.8819,28.9486,0,3489910000,0,436785000,67121200,738509000,369361000,0,163628000,0,40.5073,0,12.0013,8.25439,0,29.2621,32,100,1024,0,208,0,46
nbody_kernel,5888,4096,256,256,4,0,2,1,0,0,4,0.559371,604,353096,51.4446,39447900,100735000,1.52116,2100740,3.10799E-05,0,0,125874000,100720000,24.1874,33.249,0,3490010000,0,218550000,33566700,570786000,318964000,0,146847000,0,40.5893,0,12.2521,6.51309,0,26.8101,32,100,1024,0,304,0,63
nbody_kernel,8814,4096,256,256,4,0,2,1,1,0,1,0.00116066,0,1095,24.9666,1289810,100717000,0.0233721,36352,1.36508,8388610,32768,201345000,100684000,24.9989,25.2065,0,3489870000,0,673792000,134230000,1478800000,336433000,0,199433000,0,35.7451,0,10.7862,14.8553,0,32.0544,32,100,1024,4096,160,0,38
nbody_kernel,6191,4096,256,256,4,0,2,1,1,0,2,0.00586084,0,3871,37.2163,5453840,100723000,0.0147162,19968,0.981289,4194300,32768,151017000,100693000,24.9986,31.4775,0,3489910000,0,303354000,67121200,739557000,336200000,0,158454000,0,40.2106,0,12.3697,8.51986,0,29.2068,32,100,1024,8192,208,0,48
nbody_kernel,6319,4096,256,256,4,0,2,1,1,0,4,1.01483,132,682047,74.7236,116656000,100735000,0.00776853,11776,0.963077,4194300,32768,125822000,100668000,24.9992,34.5363,0,3490010000,0,151835000,33566700,571310000,302383000,0,144260000,0,35.9717,0,11.0662,5.88809,0,23.7886,32,100,1024,16384,304,0,64
nbody_kernel,3189,4096,256,256,4,0,4,0,0,0,1,0.000501149,120,50,0.134772,146432,32791,2.74255,2098180,0.000115309,0,0,0,0,24.9954,34.4634,0,3489870000,0,168358000,16781300,67174400,285569000,0,125876000,0,72.6386,0,21.9272,1.37195,0,41.1288,32,100,1024,0,0,0,64
nbody_kernel,2621,4096,256,256,4,0,4,0,1,0,1,6.84044E-05,0,19,0.16209,146648,32791,0.014584,9216,4.62948,8388610,32768,0,0,24.9969,34.7328,0,3489870000,0,152359000,16777200,269812000,269595000,0,131209000,0,86.2903,0,26.5471,6.6709,0,51.9042,32,100,1024,4096,0,0,64
nbody_kernel,3505,4096,256,256,4,0,4,1,0,0,1,1.60032E-05,0,6,0.122908,144008,32791,9.95146,8392190,0.000105048,0,0,0,0,24.9966,34.5981,0,3489870000,0,369705000,16781300,268583000,285573000,0,138462000,0,69.6484,0,19.8982,4.97743,0,41.055,32,100,1024,0,0,0,64
nbody_kernel,3337,4096,256,256,4,0,4,1,0,0,2,5.32848E-05,0,19,0.128455,146952,32791,5.2259,4197890,0.000110402,0,0,0,0,24.9964,34.6316,0,3489910000,0,235225000,33558500,134365000,302240000,0,131108000,0,70.5175,0,20.8923,2.61457,0,40.8166,32,100,896,0,0,0,72
nbody_kernel,2670,4096,256,256,4,0,4,1,0,0,4,9.61429E-05,0,27,0.157712,143992,32791,3.30165,2100740,0.000138372,0,0,0,0,24.9955,34.3956,0,3490010000,0,117654000,16781300,67256300,285450000,0,124288000,0,87.3439,0,26.365,1.65163,0,48.8293,32,100,512,0,0,0,128
nbody_kernel,2537,4096,256,256,4,0,4,1,1,0,1,7.06859E-05,0,19,0.163734,143372,32791,0.0594625,36352,4.78581,8388610,32768,0,0,24.9952,34.7388,0,3489870000,0,153174000,16777200,270680000,269627000,0,131262000,0,89.2081,0,27.4384,6.91716,0,53.6687,32,100,1024,4096,0,0,64
nbody_kernel,2856,4096,256,256,4,0,4,1,1,0,2,0.000709651,156,59,0.148138,144400,32791,0.0289633,19968,2.13325,4194300,32768,0,0,24.999,34.5711,0,3489910000,0,101794000,33554400,135414000,269275000,0,125940000,0,79.5163,0,24.4607,3.08792,0,45.9047,32,100,896,8192,0,0,72
nbody_kernel,2364,4096,256,256,4,0,4,1,1,0,4,6.79209E-05,0,17,0.173151,140704,32791,0.0206654,11776,2.57947,4194300,32768,0,0,24.9957,34.7341,0,3490010000,0,50937900,16777200,67780600,269038000,0,121707000,0,95.7515,0,29.4564,1.86136,0,53.4217,32,100,512,16384,0,0,122
nbody_kernel,3967,4096,256,256,4,1,0,0,0,0,1,0.000546772,200,31,0.111043,146200,32791,2.2127,2098180,9.27355E-05,0,0,0,0,24.9972,34.4129,0,3489870000,0,269021000,67113000,67174400,335897000,0,132167000,0,58.5045,0,17.6606,1.105,0,34.7816,32,100,1024,0,0,0,63
nbody_kernel,3391,4096,256,256,4,1,0,0,1,0,1,5.23637E-05,0,19,0.128003,146456,32791,0.0112647,9216,3.56696,8388610,32768,0,0,24.997,34.6187,0,3489870000,0,202691000,67108900,269812000,269599000,0,134355000,0,66.7047,0,20.5216,5.15678,0,41.0853,32,100,1024,4096,0,0,63
nbody_kernel,3347,4096,256,256,4,1,0,1,0,0,1,0.000114533,16,25,0.12814,144048,32791,10.4205,8392190,0.000110034,0,0,0,0,24.9967,34.6095,0,3489870000,0,470368000,67113000,268583000,335901000,0,144753000,0,72.9307,0,20.8359,5.212,0,44.9431,32,100,1024,0,0,0,64
nbody_kernel,3337,4096,256,256,4,1,0,1,0,0,2,8.41363E-05,9,21,0.128423,143980,32791,5.22656,4197890,0.000110353,0,0,0,0,24.9967,34.6184,0,3489910000,0,235225000,33558500,134365000,302240000,0,131108000,0,70.5129,0,20.891,2.6144,0,40.814,32,100,896,0,0,0,72
nbody_kernel,2681,4096,256,256,4,1,0,1,0,0,4,0.000137059,16,23,0.158142,143968,32791,3.30054,2100740,0.000138787,0,0,0,0,24.9959,34.4723,0,3490010000,0,117654000,16781300,67256300,285450000,0,124288000,0,87.4108,0,26.3851,1.6529,0,48.8667,32,100,512,0,0,0,128
nbody_kernel,2613,4096,256,256,4,1,0,1,1,0,1,0.000408029,30,83,0.160072,142688,32863,0.0576912,36352,4.63883,8388610,32768,0,0,24.9961,34.6958,0,3489870000,0,203506000,67108900,270680000,269615000,0,134408000,0,86.5755,0,26.6287,6.71303,0,53.333,32,100,1024,4096,0,0,62
nbody_kernel,2857,4096,256,256,4,1,0,1,1,0,2,6.22667E-05,0,19,0.148211,144400,32791,0.0289617,19968,2.13218,4194300,32768,0,0,24.999,34.5515,0,3489910000,0,101794000,33554400,135414000,269275000,0,125940000,0,79.5218,0,24.4624,3.08813,0,45.9079,32,100,896,8192,0,0,72
nbody_kernel,2365,4096,256,256,4,1,0,1,1,0,4,7.53406E-05,0,19,0.173244,140736,32791,0.0206643,11776,2.57887,4194300,32768,0,0,24.9958,34.7238,0,3490010000,0,50937900,16777200,67780600,269038000,0,121707000,0,95.7577,0,29.4583,1.86148,0,53.4251,32,100,512,16384,0,0,122
nbody_kernel,11272,4096,256,256,4,1,1,0,0,0,1,0.00117959,216,1205,19.6797,2300970,100717000,0.987268,2098180,1.61851E-05,0,0,201326000,100685000,24.3115,26.4634,0,3489870000,0,1141900000,268472000,2483420000,402997000,0,255934000,0,27.5607,0,8.01639,18.5409,0,30.5723,32,100,1024,0,160,0,26
nbody_kernel,10631,4096,256,256,4,1,1,0,1,0,1,0.000991403,0,1135,20.7806,1844200,100717000,0.00469305,9216,1.12993,8388610,32768,201356000,100683000,24.9995,26.3464,0,3489870000,0,1075580000,268472000,2686060000,336675000,0,258113000,0,28.8376,0,8.54188,21.3683,0,32.8538,32,100,1024,4096,160,0,28
nbody_kernel,11777,4096,256,256,4,1,1,1,0,0,1,0.000848538,0,1073,19.1816,4273570,100717000,3.81433,8392190,1.55028E-05,0,0,201392000,100687000,23.1302,25.4983,0,3489870000,0,1410730000,268472000,2684830000,335626000,0,268516000,0,29.3905,0,7.9691,19.9263,0,31.886,32,100,1024,0,160,0,27
nbody_kernel,7801,4096,256,256,4,1,1,1,0,0,2,0.00423331,92,3425,30.8287,9976870,100723000,2.57737,4197890,2.36394E-05,0,0,150985000,100693000,22.1966,28.2734,0,3489910000,0,671990000,134255000,1342650000,335774000,0,193003000,0,37.6748,0,10.9589,13.7035,0,31.5177,32,100,1024,0,208,0,39
nbody_kernel,6422,4096,256,256,4,1,1,1,0,0,4,0.540989,0,372009,47.2412,40089900,100735000,1.40435,2100740,2.84237E-05,0,0,125910000,100668000,24.454,32.9886,0,3490010000,0,319476000,67145700,671564000,318992000,0,155249000,0,37.4135,0,11.2935,7.06346,0,26.1264,32,100,1024,0,304,0,61
nbody_kernel,10627,4096,256,256,4,1,1,1,1,0,1,0.00123968,276,1136,20.8377,1843800,100717000,0.018618,36352,1.13265,8388610,32768,201343000,100684000,24.9995,26.2539,0,3489870000,0,1143870000,268472000,2686930000,269304000,0,258169000,0,29.0175,0,8.59265,21.5022,0,33.0562,32,100,1024,4096,160,0,30
nbody_kernel,6835,4096,256,256,4,1,1,1,1,0,2,0.00539278,128,3803,33.8264,5807190,100723000,0.0139854,19968,0.889306,4194300,32768,150994000,100697000,24.9993,30.0312,0,3489910000,0,538821000,134255000,1343700000,302350000,0,187830000,0,38.5674,0,11.7501,14.7043,0,32.8872,32,100,1024,8192,208,0,40
nbody_kernel,7342,4096,256,256,4,1,1,1,1,0,4,0.858817,100,672456,63.9633,116500000,100735000,0.0066965,11776,0.825187,4194300,32768,125898000,100719000,24.9996,34.3165,0,3490010000,0,252760000,67145700,672088000,302404000,0,152663000,0,31.0189,0,9.54254,5.97301,0,21.7079,32,100,1024,16384,304,0,63
nbody_kernel,9834,4096,256,256,4,1,2,0,0,0,1,0.0023748,1258,1243,22.555,1676870,100717000,1.1408,2098180,1.8665E-05,0,0,201345000,100681000,24.1188,26.1337,0,3489870000,0,671842000,134230000,1275300000,470213000,0,197195000,0,31.0117,0,9.36133,11.1186,0,27.5078,32,100,1024,0,160,0,37
nbody_kernel,8970,4096,256,256,4,1,2,0,1,0,1,0.00124794,0,1199,24.4797,1309010,100717000,0.00584833,9216,1.33961,8388610,32768,201346000,100683000,24.9986,25.0655,0,3489870000,0,672633000,134230000,1477940000,336785000,0,199383000,0,35.2653,0,10.6445,14.6516,0,31.6254,32,100,1024,4096,160,0,37
nbody_kernel,9761,4096,256,256,4,1,2,1,0,0,1,0.000964315,0,1009,23.0108,3182080,100717000,4.51316,8392190,1.87676E-05,0,0,201269000,100685000,22.8854,25.7158,0,3489870000,0,940397000,134230000,1476710000,403014000,0,209780000,0,34.0801,0,9.56572,13.1557,0,29.9022,32,100,1024,0,160,0,37
nbody_kernel,6962,4096,256,256,4,1,2,1,0,0,2,0.00441165,1,3303,33.982,8962890,100723000,2.73533,4197890,2.62525E-05,0,0,151025000,100686000,21.845,28.8546,0,3489910000,0,436785000,67121200,738509000,369361000,0,163628000,0,40.2505,0,11.9252,8.20207,0,29.0766,32,100,1024,0,208,0,46
nbody_kernel,5899,4096,256,256,4,1,2,1,0,0,4,0.561995,88,355916,51.3216,39533200,100735000,1.51543,2100740,3.0996E-05,0,0,125857000,100698000,24.1974,33.3137,0,3490010000,0,218550000,33566700,570786000,318964000,0,146847000,0,40.4011,0,12.1953,6.48289,0,26.6857,32,100,1024,0,304,0,63
nbody_kernel,8987,4096,256,256,4,1,2,1,1,0,1,0.00132706,0,1279,24.5126,1309600,100717000,0.0229844,36352,1.33912,8388610,32768,201347000,100684000,24.9987,25.1305,0,3489870000,0,673792000,134230000,1478800000,336433000,0,199433000,0,35.1715,0,10.6131,14.6169,0,31.5401,32,100,1024,4096,160,0,38
nbody_kernel,6242,4096,256,256,4,1,2,1,1,0,2,0.00588527,48,3860,36.9472,5488960,100723000,0.0146155,19968,0.974195,4194300,32768,151028000,100694000,24.9985,31.4653,0,3489910000,0,303354000,67121200,739557000,336200000,0,158454000,0,39.9354,0,12.285,8.46155,0,29.0069,32,100,1024,8192,208,0,48
nbody_kernel,6372,4096,256,256,4,1,2,1,1,0,4,0.999304,312,679724,74.1437,116731000,100735000,0.00770828,11776,0.954508,4194300,32768,125843000,100682000,24.999,34.4871,0,3490010000,0,151835000,33566700,571310000,302383000,0,144260000,0,35.7025,0,10.9834,5.84403,0,23.6106,32,100,1024,16384,304,0,64
nbody_kernel,3968,4096,256,256,4,1,4,0,0,0,1,0.000841777,344,10,0.110668,145888,32791,2.21243,2098180,9.23549E-05,0,0,0,0,24.9972,34.2311,0,3489870000,0,269021000,67113000,67174400,335897000,0,132167000,0,58.5738,0,17.6815,1.10631,0,34.8228,32,100,1024,0,0,0,63
nbody_kernel,3392,4096,256,256,4,1,4,0,1,0,1,5.25041E-05,0,19,0.128067,146436,32791,0.0112603,9216,3.56801,8388610,32768,0,0,24.997,34.629,0,3489870000,0,202691000,67108900,269812000,269599000,0,134355000,0,66.7046,0,20.5216,5.15678,0,41.0853,32,100,1024,4096,0,0,63
nbody_kernel,3347,4096,256,256,4,1,4,1,0,0,1,0.000530968,184,6,0.12815,144048,32791,10.4195,8392190,0.000110034,0,0,0,0,24.9967,34.6147,0,3489870000,0,470368000,67113000,268583000,335901000,0,144753000,0,72.9195,0,20.8327,5.2112,0,44.9362,32,100,1024,0,0,0,64
nbody_kernel,3337,4096,256,256,4,1,4,1,0,0,2,3.65007E-05,0,13,0.128334,143980,32839,5.22467,4197890,0.000110018,0,0,0,0,24.9966,34.5184,0,3489910000,0,235225000,33558500,134365000,302240000,0,131108000,0,70.5025,0,20.8879,2.61401,0,40.8079,32,100,896,0,0,0,72
nbody_kernel,2654,4096,256,256,4,1,4,1,0,0,4,0.000145509,0,41,0.15755,143984,32839,3.30234,2100740,0.000138193,0,0,0,0,24.9953,34.3117,0,3490010000,0,117654000,16781300,67256300,285450000,0,124288000,0,87.4435,0,26.395,1.65352,0,48.885,32,100,512,0,0,0,128
nbody_kernel,2617,4096,256,256,4,1,4,1,1,0,1,0.00102853,116,169,0.1607,142688,32943,0.0576916,36352,4.63968,8388610,32768,0,0,24.9961,34.6937,0,3489870000,0,203506000,67108900,270680000,269615000,0,134408000,0,86.5967,0,26.6352,6.71468,0,53.3461,32,100,1024,4096,0,0,62
nbody_kernel,2857,4096,256,256,4,1,4,1,1,0,2,8.84842E-05,8,19,0.149044,144400,32791,0.0289632,19968,2.13212,4194300,32768,0,0,24.999,34.5501,0,3489910000,0,101794000,33554400,135414000,269275000,0,125940000,0,79.5224,0,24.4626,3.08815,0,45.9082,32,100,896,8192,0,0,72
nbody_kernel,2364,4096,256,256,4,1,4,1,1,0,4,7.53421E-05,0,19,0.173256,140704,32791,0.0206653,11776,2.57899,4194300,32768,0,0,24.9957,34.725,0,3490010000,0,50937900,16777200,67780600,269038000,0,121707000,0,95.7585,0,29.4585,1.8615,0,53.4256,32,100,512,16384,0,0,122
nbody_kernel,3893,4096,256,256,4,2,0,0,0,0,1,3.60045E-05,0,15,0.112881,145896,32791,2.2554,2098180,9.44376E-05,0,0,0,0,24.998,34.3105,0,3489870000,0,134803000,33558500,67174400,302350000,0,125876000,0,59.1925,0,18.0384,1.12864,0,33.8347,32,100,1024,0,0,0,64
nbody_kernel,2733,4096,256,256,4,2,0,0,1,0,1,9.25367E-05,0,27,0.150352,139360,32791,0.013978,9216,2.21976,4194300,32768,0,0,24.9954,34.5999,0,3489870000,0,102027000,33554400,135594000,269607000,0,125966000,0,82.7241,0,25.45,3.21396,0,47.7711,32,100,1024,4096,0,0,64
nbody_kernel,3032,4096,256,256,4,2,0,1,0,0,1,5.87397E-05,0,19,0.140044,144656,32791,11.5248,8392190,0.000121146,0,0,0,0,24.9951,34.4522,0,3489870000,0,235487000,33558500,268583000,302350000,0,135316000,0,77.7815,0,23.0447,5.76453,0,46.4669,32,100,1024,0,0,0,64
nbody_kernel,2871,4096,256,256,4,2,0,1,0,0,2,7.17521E-05,1,21,0.147041,143984,32791,6.08076,4197890,0.000127894,0,0,0,0,24.995,34.4893,0,3489910000,0,117785000,16781300,134365000,285463000,0,126389000,0,80.5083,0,24.3023,3.04131,0,45.7698,32,100,768,0,0,0,80
nbody_kernel,2554,4096,256,256,4,2,0,1,0,0,4,9.99268E-05,0,27,0.164239,144392,32791,3.43305,2100740,0.000144607,0,0,0,0,24.9941,34.5588,0,3490010000,0,58933200,8392700,67256300,277066000,0,121929000,0,89.9909,0,27.4227,1.71789,0,49.8242,32,100,512,0,0,0,128
nbody_kernel,2576,4096,256,256,4,2,0,1,1,0,1,0.000243668,48,19,0.161528,142688,32791,0.058555,36352,2.36765,4194300,32768,0,0,24.997,34.6723,0,3489870000,0,102842000,33554400,136462000,269873000,0,126027000,0,87.9017,0,27.0366,3.44279,0,50.7736,32,100,1024,4096,0,0,64
nbody_kernel,2519,4096,256,256,4,2,0,1,1,0,2,0.000220995,4,55,0.166311,144320,32791,0.0328589,19968,2.42067,4194300,32768,0,0,24.9949,34.7243,0,3489910000,0,51462100,16777200,68304900,269275000,0,121746000,0,89.8317,0,27.6339,1.76138,0,50.1327,32,100,768,8192,0,0,80
nbody_kernel,2347,4096,256,256,4,2,0,1,1,0,4,7.64535E-05,0,19,0.176146,142528,32791,0.0208286,11776,2.60067,4194300,32768,0,0,24.9956,34.7471,0,3490010000,0,25772000,8388610,67780600,269062000,0,120659000,0,96.5022,0,29.6873,1.87596,0,53.377,32,100,512,16384,0,0,126
nbody_kernel,11083,4096,256,256,4,2,1,0,0,0,1,0.0016556,694,1271,20.2683,2331570,100717000,1.0158,2098180,1.66714E-05,0,0,201340000,100684000,24.3053,26.471,0,3489870000,0,1141890000,234918000,2483420000,335897000,0,247537000,0,29.6681,0,8.25488,19.0925,0,30.449,32,100,1024,0,160,0,29
nbody_kernel,10051,4096,256,256,4,2,1,0,1,0,1,0.00114192,12,1220,22.0228,1693640,100717000,0.00498537,9216,1.1983,8388610,32768,201354000,100684000,24.9996,26.2991,0,3489870000,0,1075820000,234918000,2686060000,336429000,0,251822000,0,32.0554,0,9.07504,22.702,0,34.0536,32,100,1024,4096,160,0,29
nbody_kernel,11473,4096,256,256,4,2,1,1,0,0,1,0.00113378,332,1062,19.6759,4187380,100717000,3.93894,8392190,1.58961E-05,0,0,201396000,100683000,23.1089,25.3102,0,3489870000,0,1242680000,234918000,2684830000,335901000,0,256981000,0,30.615,0,8.23199,20.5836,0,31.523,32,100,1024,0,160,0,35
nbody_kernel,7671,4096,256,256,4,2,1,1,0,0,2,0.00447914,209,3470,31.2714,9859440,100723000,2.62045,4197890,2.3949E-05,0,0,151028000,100692000,22.1425,28.1138,0,3489910000,0,588042000,117477000,1342650000,335835000,0,187236000,0,38.3842,0,11.1655,13.9619,0,31.1523,32,100,1024,0,208,0,47
nbody_kernel,6940,4096,256,256,4,2,1,1,0,0,4,0.504839,1108,372417,43.7949,40024000,100735000,1.32723,2100740,2.64062E-05,0,0,125852000,100679000,23.8906,32.0388,0,3490010000,0,294310000,58757100,671564000,302207000,0,152366000,0,36.1258,0,10.8029,6.75662,0,24.5272,32,100,1024,0,304,0,64
nbody_kernel,10011,4096,256,256,4,2,1,1,1,0,1,0.00102433,0,1099,22.0421,1679210,100717000,0.0196696,36352,1.20036,8388610,32768,201333000,100684000,24.9996,26.3152,0,3489870000,0,1076490000,234918000,2686930000,336683000,0,251878000,0,32.3814,0,9.08509,22.7345,0,34.0989,32,100,1024,4096,160,0,30
nbody_kernel,6441,4096,256,256,4,2,1,1,1,0,2,0.0058901,0,4033,35.8348,5609480,100723000,0.014536,19968,0.944137,4194300,32768,151028000,100694000,24.9993,30.6828,0,3489910000,0,521720000,117477000,1343700000,319447000,0,184684000,0,41.2166,0,12.2096,15.2794,0,33.6011,32,100,1024,8192,208,0,41
nbody_kernel,6888,4096,256,256,4,2,1,1,1,0,4,0.902052,40,662926,68.6141,116582000,100735000,0.00717304,11776,0.883751,4194300,32768,125852000,100743000,24.9995,34.3128,0,3490010000,0,261149000,58757100,672088000,294015000,0,151090000,0,33.8627,0,10.2209,6.3976,0,23.0115,32,100,1024,16384,304,0,64
nbody_kernel,9483,4096,256,256,4,2,2,0,0,0,1,0.00148643,284,1223,23.4299,1650710,100717000,1.17007,2098180,1.93955E-05,0,0,201347000,100684000,24.1295,26.5364,0,3489870000,0,604701000,100676000,1275300000,403137000,0,188806000,0,32.6342,0,9.58006,11.3784,0,26.953,32,100,1024,0,160,0,37
nbody_kernel,8687,4096,256,256,4,2,2,0,1,0,1,0.00107091,0,998,25.3461,1279220,100717000,0.00596391,9216,1.38511,8388610,32768,201342000,100684000,24.9986,25.4012,0,3489870000,0,571933000,100676000,1477940000,370377000,0,193091000,0,36.6595,0,10.8606,14.9489,0,31.2491,32,100,1024,4096,160,0,37
nbody_kernel,9338,4096,256,256,4,2,2,1,0,0,1,0.00104154,0,1046,23.8222,3248860,100717000,4.71949,8392190,1.9412E-05,0,0,201367000,100687000,22.8973,25.5509,0,3489870000,0,705483000,100676000,1476710000,403046000,0,198246000,0,34.8551,0,9.95803,13.6952,0,29.417,32,100,1024,0,160,0,38
nbody_kernel,6777,4096,256,256,4,2,2,1,0,0,2,0.0050301,430,3229,34.8674,8860260,100723000,2.78709,4197890,2.69536E-05,0,0,150998000,100687000,21.8807,29.1311,0,3489910000,0,352899000,50343900,738509000,335806000,0,157860000,0,40.9332,0,12.1275,8.34119,0,28.5276,32,100,1024,0,208,0,54
nbody_kernel,6553,4096,256,256,4,2,2,1,0,0,4,0.522228,0,365912,45.9089,37865800,100735000,1.40939,2100740,2.80823E-05,0,0,125802000,100718000,23.4413,31.9971,0,3490010000,0,176607000,25178100,570786000,302191000,0,143963000,0,38.1094,0,11.5035,6.11516,0,24.6778,32,100,1024,0,304,0,64
nbody_kernel,8698,4096,256,256,4,2,2,1,1,0,1,0.00205069,846,1065,25.2622,1283020,100717000,0.0235649,36352,1.38129,8388610,32768,201346000,100684000,24.9986,25.2974,0,3489870000,0,572838000,100676000,1478800000,370278000,0,193142000,0,36.7164,0,10.8751,14.9777,0,31.2991,32,100,1024,4096,160,0,38
nbody_kernel,6157,4096,256,256,4,2,2,1,1,0,2,0.00593723,0,3902,37.3811,5411740,100723000,0.0147818,19968,0.985733,4194300,32768,151005000,100688000,24.9984,31.4908,0,3489910000,0,286577000,50343900,739557000,319422000,0,155309000,0,41.152,0,12.4205,8.55484,0,28.7446,32,100,1024,8192,208,0,48
nbody_kernel,6260,4096,256,256,4,2,2,1,1,0,4,1.01503,0,678907,75.387,116644000,100735000,0.00783772,11776,0.971278,4194300,32768,125901000,100651000,24.9991,34.5007,0,3490010000,0,143446000,25178100,571310000,294060000,0,142689000,0,36.6469,0,11.1666,5.94216,0,23.7429,32,100,1024,16384,304,0,64
nbody_kernel,3902,4096,256,256,4,2,4,0,0,0,1,4.33525E-05,8,10,0.112919,145916,32839,2.25423,2098180,9.42754E-05,0,0,0,0,24.998,34.2789,0,3489870000,0,134803000,33558500,67174400,302350000,0,125876000,0,59.1453,0,18.024,1.12774,0,33.8077,32,100,1024,0,0,0,64
nbody_kernel,2733,4096,256,256,4,2,4,0,1,0,1,0.000686888,164,35,0.150418,139360,32791,0.0139778,9216,2.22849,4194300,32768,0,0,24.9954,34.7358,0,3489870000,0,102027000,33554400,135594000,269607000,0,125966000,0,82.7246,0,25.4501,3.21398,0,47.7713,32,100,1024,4096,0,0,64
nbody_kernel,3031,4096,256,256,4,2,4,1,0,0,1,0.000222258,68,4,0.140081,144060,32791,11.5257,8392190,0.000121462,0,0,0,0,24.995,34.5393,0,3489870000,0,235487000,33558500,268583000,302350000,0,135316000,0,77.7879,0,23.0466,5.765,0,46.4707,32,100,1024,0,0,0,64
nbody_kernel,2873,4096,256,256,4,2,4,1,0,0,2,6.567E-05,1,19,0.147078,144116,32791,6.08138,4197890,0.000128311,0,0,0,0,24.9948,34.5928,0,3489910000,0,117785000,16781300,134365000,285463000,0,126389000,0,80.529,0,24.3086,3.04209,0,45.7816,32,100,768,0,0,0,80
nbody_kernel,2551,4096,256,256,4,2,4,1,0,0,4,6.99451E-05,0,19,0.164155,144752,32791,3.43385,2100740,0.000144548,0,0,0,0,24.9941,34.5465,0,3490010000,0,58933200,8392700,67256300,277066000,0,121929000,0,89.9864,0,27.4213,1.7178,0,49.8217,32,100,512,0,0,0,128
nbody_kernel,2575,4096,256,256,4,2,4,1,1,0,1,0.00011252,16,15,0.161255,142688,32791,0.0585647,36352,2.36347,4194300,32768,0,0,24.9969,34.6297,0,3489870000,0,102842000,33554400,136462000,269873000,0,126027000,0,87.8544,0,27.022,3.44094,0,50.7463,32,100,1024,4096,0,0,64
nbody_kernel,2521,4096,256,256,4,2,4,1,1,0,2,0.000278914,24,51,0.166801,144320,32799,0.0328586,19968,2.42029,4194300,32768,0,0,24.9949,34.7229,0,3489910000,0,51462100,16777200,68304900,269275000,0,121746000,0,89.8211,0,27.6307,1.76117,0,50.1268,32,100,768,8192,0,0,80
nbody_kernel,2347,4096,256,256,4,2,4,1,1,0,4,7.64495E-05,0,19,0.17609,142512,32839,0.0208313,11776,2.59942,4194300,32768,0,0,24.9955,34.711,0,3490010000,0,25772000,8388610,67780600,269062000,0,120659000,0,96.556,0,29.7038,1.877,0,53.4067,32,100,512,16384,0,0,126
nbody_kernel,3660,4096,256,256,4,4,0,0,0,0,1,0.000383878,34,115,0.120236,145916,32871,2.40469,2098180,0.000100676,0,0,0,0,24.9974,34.3063,0,3489870000,0,67694600,16781300,67174400,285569000,0,122730000,0,62.8098,0,19.2323,1.20334,0,35.1726,32,100,896,0,0,0,66
nbody_kernel,2516,4096,256,256,4,4,0,0,1,0,1,5.62914E-05,0,15,0.162745,139360,32839,0.0151926,9216,2.42828,4194300,32768,0,0,24.9944,34.7565,0,3489870000,0,51703800,16777200,68485100,269869000,0,121780000,0,89.9134,0,27.6617,1.77117,0,50.1972,32,100,896,4096,0,0,71
nbody_kernel,2841,4096,256,256,4,4,0,1,0,0,1,9.89375E-05,16,14,0.149162,144056,32791,12.3464,8392190,0.000129716,0,0,0,0,24.9948,34.432,0,3489870000,0,118047000,16781300,268583000,285565000,0,130597000,0,81.7898,0,24.6895,6.17594,0,48.0472,32,100,896,0,0,0,72
nbody_kernel,2977,4096,256,256,4,4,0,1,0,0,2,6.01814E-05,0,19,0.142556,143980,32839,5.86751,4197890,0.000123793,0,0,0,0,24.9953,34.6195,0,3489910000,0,59064300,8392700,134365000,277078000,0,124030000,0,76.9011,0,23.4345,2.93271,0,43.3116,32,100,768,0,0,0,80
nbody_kernel,2476,4096,256,256,4,4,0,1,0,0,4,7.24665E-05,0,19,0.169164,143980,32791,3.52942,2100740,0.000149091,0,0,0,0,24.994,34.6564,0,3490010000,0,29573100,4198400,67256300,272867000,0,120749000,0,92.0796,0,28.1933,1.76617,0,50.7288,32,100,512,0,0,0,128
nbody_kernel,2466,4096,256,256,4,4,0,1,1,0,1,7.21923E-05,0,19,0.169781,144384,32791,0.0611213,36352,2.47544,4194300,32768,0,0,24.9943,34.7358,0,3489870000,0,52510700,16777200,69353500,269877000,0,121833000,0,91.7352,0,28.2157,1.82946,0,51.2246,32,100,896,4096,0,0,72
nbody_kernel,2350,4096,256,256,4,4,0,1,1,0,2,0.000522466,8,123,0.175661,140896,32935,0.0352434,19968,2.59569,4194300,32768,0,0,24.996,34.7414,0,3489910000,0,26296300,8388610,68304900,269263000,0,120697000,0,96.2794,0,29.6174,1.8878,0,53.268,32,100,640,8192,0,0,94
nbody_kernel,2340,4096,256,256,4,4,0,1,1,0,4,7.67151E-05,0,19,0.178107,144464,32791,0.0208882,11776,2.60788,4194300,32768,0,0,24.9961,34.7508,0,3490010000,0,13189100,4194300,67780600,269033000,0,120134000,0,96.7597,0,29.7665,1.88096,0,53.2865,32,100,512,16384,0,0,124
nbody_kernel,10958,4096,256,256,4,4,1,0,0,0,1,0.0010924,0,1289,20.4597,2286220,100717000,1.03694,2098180,1.68294E-05,0,0,201339000,100684000,24.2906,26.1784,0,3489870000,0,1007610000,218141000,2483420000,386290000,0,244392000,0,29.6254,0,8.42629,19.4889,0,30.6863,32,100,1024,0,160,0,29
nbody_kernel,9912,4096,256,256,4,4,1,0,1,0,1,0.0012415,60,1257,22.3132,1682500,100717000,0.00500423,9216,1.2153,8388610,32768,201345000,100684000,24.9995,26.5606,0,3489870000,0,1008400000,218141000,2686060000,353518000,0,249725000,0,32.0427,0,9.11319,22.7975,0,33.912,32,100,1024,4096,160,0,29
nbody_kernel,11369,4096,256,256,4,4,1,1,0,0,1,0.000862583,0,1055,19.9213,4311700,100717000,3.97387,8392190,1.60726E-05,0,0,201331000,100699000,23.0796,25.3777,0,3489870000,0,1074870000,218141000,2684830000,369496000,0,252263000,0,29.7048,0,8.30126,20.7568,0,31.2046,32,100,1024,0,160,0,35
nbody_kernel,7598,4096,256,256,4,4,1,1,0,0,2,0.00420193,61,3339,31.5359,9828110,100723000,2.64861,4197890,2.41971E-05,0,0,151015000,100687000,22.1324,28.112,0,3489910000,0,529322000,109089000,1342650000,327447000,0,184877000,0,38.4319,0,11.2819,14.1074,0,31.0804,32,100,1024,0,208,0,47
nbody_kernel,6584,4096,256,256,4,4,1,1,0,0,4,0.528196,0,373009,46.0199,40036900,100735000,1.36899,2100740,5.54619E-05,0,0,125913000,100686000,24.4172,32.9255,0,3490010000,0,264962000,54562800,671564000,298025000,0,151187000,0,36.7441,0,11.0393,6.90454,0,24.8701,32,100,1024,0,304,0,64
nbody_kernel,9922,4096,256,256,4,4,1,1,1,0,1,0.00103828,0,1108,22.2724,1682960,100717000,0.0197699,36352,1.21283,8388610,32768,201374000,100684000,24.9996,26.4577,0,3489870000,0,1009340000,218141000,2686930000,353501000,0,249780000,0,32.1089,0,9.13006,22.8471,0,33.9824,32,100,1024,4096,160,0,30
nbody_kernel,6337,4096,256,256,4,4,1,1,1,0,2,0.00610683,82,4033,36.4428,5539070,100723000,0.0147293,19968,0.960498,4194300,32768,151028000,100705000,24.9994,30.8032,0,3489910000,0,496554000,109089000,1343700000,319451000,0,183636000,0,41.7668,0,12.3726,15.4834,0,33.8564,32,100,1024,8192,208,0,41
nbody_kernel,6887,4096,256,256,4,4,1,1,1,0,4,0.90174,0,660943,68.4332,116600000,100735000,0.00716509,11776,0.882338,4194300,32768,125861000,100675000,24.9996,34.2923,0,3490010000,0,248574000,54562800,672088000,294097000,0,150568000,0,33.8114,0,10.2054,6.38857,0,22.8973,32,100,1024,16384,304,0,61
nbody_kernel,9369,4096,256,256,4,4,2,0,0,0,1,0.00124423,16,1224,23.6446,1638010,100717000,1.19762,2098180,1.96015E-05,0,0,201342000,100686000,24.113,26.2015,0,3489870000,0,537592000,83898400,1275300000,386359000,0,185661000,0,33.2492,0,9.80558,11.6463,0,27.1278,32,100,1024,0,160,0,37
nbody_kernel,8502,4096,256,256,4,4,2,0,1,0,1,0.00143658,10,1299,25.9285,1258030,100717000,0.0060173,9216,1.41701,8388610,32768,201346000,100683000,24.9986,25.7646,0,3489870000,0,521601000,83898400,1477940000,370377000,0,190994000,0,36.9751,0,10.9541,15.0776,0,31.1758,32,100,1024,4096,160,0,37
nbody_kernel,9308,4096,256,256,4,4,2,1,0,0,1,0.00107205,0,1069,24.1247,3221670,100717000,4.76421,8392190,1.96401E-05,0,0,201442000,100682000,22.8256,25.5382,0,3489870000,0,588042000,83898400,1476710000,386269000,0,193527000,0,34.6522,0,10.08,13.863,0,29.0687,32,100,1024,0,160,0,40
nbody_kernel,6743,4096,256,256,4,4,2,1,0,0,2,0.00474485,0,3432,35.0052,8788670,100723000,2.80042,4197890,2.71019E-05,0,0,150980000,100695000,21.9139,29.2038,0,3489910000,0,294179000,41955300,738509000,327418000,0,155501000,0,40.6758,0,12.1638,8.3662,0,28.1855,32,100,1024,0,208,0,54
nbody_kernel,6194,4096,256,256,4,4,2,1,0,0,4,0.540347,88,359033,48.4222,38296500,100735000,1.46331,2100740,5.9053E-05,0,0,125894000,100678000,23.8611,32.6805,0,3490010000,0,147259000,20983800,570786000,297996000,0,142784000,0,39.0464,0,11.8422,6.29524,0,25.1962,32,100,1024,0,304,0,64
nbody_kernel,8513,4096,256,256,4,4,2,1,1,0,1,0.00137962,0,1258,25.8771,1256910,100717000,0.023722,36352,1.41502,8388610,32768,201351000,100684000,24.9986,25.7318,0,3489870000,0,522506000,83898400,1478800000,370278000,0,191045000,0,36.978,0,10.9526,15.0844,0,31.1799,32,100,1024,4096,160,0,38
nbody_kernel,6122,4096,256,256,4,4,2,1,1,0,2,0.00660519,398,3902,37.6589,5389980,100723000,0.0148481,19968,0.994063,4194300,32768,151021000,100687000,24.9985,31.6085,0,3489910000,0,261411000,41955300,739557000,319422000,0,154260000,0,41.3451,0,12.4788,8.595,0,28.6845,32,100,1024,8192,208,0,48
nbody_kernel,6276,4096,256,256,4,4,2,1,1,0,4,1.00488,426,673067,75.4127,116644000,100735000,0.0078286,11776,0.971815,4194300,32768,125803000,100737000,24.999,34.5643,0,3490010000,0,130875000,20983800,571310000,294064000,0,142166000,0,36.5986,0,11.1519,5.93438,0,23.6246,32,100,1024,16384,304,0,61
nbody_kernel,3655,4096,256,256,4,4,4,0,0,0,1,4.09205E-05,0,16,0.119425,145916,32791,2.40402,2098180,0.000100619,0,0,0,0,24.9975,34.2936,0,3489870000,0,67694600,16781300,67174400,285569000,0,122730000,0,62.7974,0,19.2285,1.2031,0,35.1656,32,100,896,0,0,0,66
nbody_kernel,2516,4096,256,256,4,4,4,0,1,0,1,5.5885E-05,0,15,0.162391,139360,32791,0.0151925,9216,2.42744,4194300,32768,0,0,24.9944,34.7444,0,3489870000,0,51703800,16777200,68485100,269869000,0,121780000,0,89.9137,0,27.6618,1.77118,0,50.1974,32,100,896,4096,0,0,71
nbody_kernel,2841,4096,256,256,4,4,4,1,0,0,1,0.000118741,0,36,0.148864,144360,32791,12.3422,8392190,0.000129857,0,0,0,0,24.9949,34.4749,0,3489870000,0,118047000,16781300,268583000,285565000,0,130597000,0,81.7768,0,24.6855,6.17497,0,48.0396,32,100,896,0,0,0,72
nbody_kernel,2977,4096,256,256,4,4,4,1,0,0,2,0.000487786,43,111,0.143117,144212,32895,5.86743,4197890,0.000123799,0,0,0,0,24.9954,34.6204,0,3489910000,0,59064300,8392700,134365000,277078000,0,124030000,0,76.9028,0,23.435,2.93277,0,43.3125,32,100,768,0,0,0,80
nbody_kernel,2474,4096,256,256,4,4,4,1,0,0,4,7.24778E-05,0,19,0.168928,143996,32791,3.5296,2100740,0.000149195,0,0,0,0,24.9941,34.6799,0,3490010000,0,29573100,4198400,67256300,272867000,0,120749000,0,92.0817,0,28.194,1.76621,0,50.73,32,100,512,0,0,0,128
nbody_kernel,2466,4096,256,256,4,4,4,1,1,0,1,7.27008E-05,0,19,0.169713,144392,32791,0.0611217,36352,2.47626,4194300,32768,0,0,24.9943,34.7464,0,3489870000,0,52510700,16777200,69353500,269877000,0,121833000,0,91.7379,0,28.2165,1.82951,0,51.2261,32,100,896,4096,0,0,72
nbody_kernel,2350,4096,256,256,4,4,4,1,1,0,2,9.23957E-05,4,19,0.174282,140896,32791,0.0352445,19968,2.59628,4194300,32768,0,0,24.996,34.749,0,3489910000,0,26296300,8388610,68304900,269263000,0,120697000,0,96.2804,0,29.6177,1.88782,0,53.2686,32,100,640,8192,0,0,94
nbody_kernel,2339,4096,256,256,4,4,4,1,1,0,4,0.000140617,0,35,0.178283,144924,32919,0.0208884,11776,2.6077,4194300,32768,0,0,24.9961,34.7485,0,3490010000,0,13189100,4194300,67780600,269033000,0,120134000,0,96.7593,0,29.7664,1.88095,0,53.2863,32,100,512,16384,0,0,124
nbody_kernel,2757,4096,256,256,4,8,0,0,0,0,1,5.82675E-05,0,17,0.153818,145904,32791,3.17222,2098180,0.000133315,0,0,0,0,24.9961,34.4353,0,3489870000,0,34140200,8392700,67174400,277180000,0,121157000,0,82.6627,0,25.372,1.58749,0,45.8063,32,100,896,0,0,0,72
nbody_kernel,2382,4096,256,256,4,8,0,0,1,0,1,7.47562E-05,0,19,0.170764,139360,32791,0.0160458,9216,2.56337,4194300,32768,0,0,24.9951,34.7371,0,3489870000,0,26538000,8388610,68485100,269873000,0,120732000,0,94.9685,0,29.2169,1.87075,0,52.563,32,100,768,4096,0,0,80
nbody_kernel,2773,4096,256,256,4,8,0,1,0,0,1,6.41953E-05,0,19,0.152088,144048,32791,12.5981,8392190,0.000132942,0,0,0,0,24.995,34.5932,0,3489870000,0,59326500,8392700,268583000,277176000,0,128238000,0,82.6463,0,25.1856,6.30005,0,48.1273,32,100,896,0,0,0,72
nbody_kernel,2529,4096,256,256,4,8,0,1,0,0,2,8.15787E-05,1,21,0.165448,143984,32791,6.89737,4197890,0.000145338,0,0,0,0,24.9944,34.5491,0,3489910000,0,29704200,4198400,134365000,272888000,0,122850000,0,90.038,0,27.569,3.45013,0,50.4685,32,100,640,0,0,0,96
nbody_kernel,2393,4096,256,256,4,8,0,1,0,0,4,5.86225E-05,0,15,0.173965,143976,32791,3.64286,2100740,0.000153934,0,0,0,0,24.9909,34.6666,0,3490010000,0,14893100,2101250,67256300,270770000,0,120160000,0,94.8154,0,29.1006,1.82301,0,52.1056,32,100,512,0,0,0,128
nbody_kernel,2514,4096,256,256,4,8,0,1,1,0,1,5.63309E-05,0,15,0.166785,144412,32791,0.0599757,36352,2.43001,4194300,32768,0,0,24.9943,34.7528,0,3489870000,0,27344900,8388610,69353500,269873000,0,120784000,0,90.0079,0,27.6844,1.79501,0,49.8274,32,100,896,4096,0,0,72
nbody_kernel,2358,4096,256,256,4,8,0,1,1,0,2,6.00801E-05,0,15,0.173777,140896,32791,0.0351392,19968,2.58837,4194300,32768,0,0,24.9966,34.7452,0,3489910000,0,13713400,4194300,68304900,269263000,0,120173000,0,95.9976,0,29.5307,1.88228,0,52.8814,32,100,640,8192,0,0,96
nbody_kernel,2342,4096,256,256,4,8,0,1,1,0,4,4.40434E-05,0,11,0.174836,140724,32791,0.0208637,11776,2.60488,4194300,32768,0,0,24.9958,34.7519,0,3490010000,0,6897660,2097150,67780600,269029000,0,119872000,0,96.6453,0,29.7313,1.87874,0,53.1073,32,100,512,16384,0,0,126
nbody_kernel,10893,4096,256,256,4,8,1,0,0,0,1,0.00182711,912,1229,20.4225,2266580,100717000,1.04981,2098180,1.67878E-05,0,0,201331000,100683000,24.2788,25.776,0,3489870000,0,974098000,209752000,2483420000,377934000,0,242821000,0,29.9469,0,8.53669,19.7443,0,30.8885,32,100,1024,0,160,0,31
nbody_kernel,9833,4096,256,256,4,8,1,0,1,0,1,0.00123039,64,1232,22.372,1666620,100717000,0.00502882,9216,1.21983,8388610,32768,201343000,100684000,24.9995,26.547,0,3489870000,0,966496000,209752000,2686060000,370332000,0,248678000,0,32.0357,0,9.15187,22.8942,0,33.9132,32,100,1024,4096,160,0,31
nbody_kernel,11323,4096,256,256,4,8,1,1,0,0,1,0.000899127,32,1057,20.0182,4275440,100717000,4.00779,8392190,1.61762E-05,0,0,201315000,100695000,23.0541,25.2756,0,3489870000,0,999387000,209752000,2684830000,377942000,0,249906000,0,29.6238,0,8.38854,20.9751,0,31.2381,32,100,1024,0,160,0,37
nbody_kernel,7575,4096,256,256,4,8,1,1,0,0,2,0.00414911,0,3353,31.5619,9833060,100723000,2.65336,4197890,2.4226E-05,0,0,151033000,100689000,22.1387,28.1018,0,3489910000,0,500003000,104894000,1342650000,323277000,0,183699000,0,38.315,0,11.2994,14.1293,0,30.9304,32,100,1024,0,208,0,49
nbody_kernel,7336,4096,256,256,4,8,1,1,0,0,4,0.453055,128,356265,41.358,39797800,100735000,1.26902,2100740,4.98681E-05,0,0,125854000,100705000,23.4645,31.4839,0,3490010000,0,250319000,52465700,671564000,295883000,0,150597000,0,34.4697,0,10.3804,6.49241,0,23.2943,32,100,1024,0,304,0,64
nbody_kernel,9827,4096,256,256,4,8,1,1,1,0,1,0.00184088,842,1105,22.4833,1657600,100717000,0.0198491,36352,1.22467,8388610,32768,201339000,100684000,24.9995,26.6311,0,3489870000,0,967406000,209752000,2686930000,370340000,0,248734000,0,32.0677,0,9.15911,22.9197,0,33.9477,32,100,1024,4096,160,0,32
nbody_kernel,6302,4096,256,256,4,8,1,1,1,0,2,0.00562376,0,3785,36.6153,5509780,100723000,0.0147789,19968,0.964221,4194300,32768,151021000,100695000,24.9994,30.8141,0,3489910000,0,484012000,104894000,1343700000,319484000,0,183114000,0,41.9139,0,12.4162,15.5379,0,33.8791,32,100,1024,8192,208,0,43
nbody_kernel,6874,4096,256,256,4,8,1,1,1,0,4,0.905731,528,663607,68.6434,116630000,100735000,0.00717161,11776,0.885514,4194300,32768,125875000,100731000,24.9992,34.3983,0,3490010000,0,242328000,52465700,672088000,294044000,0,150306000,0,33.8286,0,10.2106,6.39181,0,22.869,32,100,1024,16384,304,0,61
nbody_kernel,9318,4096,256,256,4,8,2,0,0,0,1,0.00144872,216,1222,23.7682,1627260,100717000,1.20892,2098180,1.97009E-05,0,0,201345000,100685000,24.1059,26.0784,0,3489870000,0,504062000,75509800,1275300000,377979000,0,184089000,0,33.4982,0,9.90184,11.7606,0,27.1622,32,100,1024,0,160,0,41
nbody_kernel,8472,4096,256,256,4,8,2,0,1,0,1,0.00137381,178,1068,25.9497,1256440,100717000,0.00601104,9216,1.41931,8388610,32768,201347000,100685000,24.9987,25.8351,0,3489870000,0,496460000,75509800,1477940000,370377000,0,189946000,0,36.934,0,10.9419,15.0609,0,30.9704,32,100,1024,4096,160,0,41
nbody_kernel,9153,4096,256,256,4,8,2,1,0,0,1,0.00130202,242,1051,24.2953,3258060,100717000,4.79766,8392190,1.97792E-05,0,0,201416000,100681000,22.8652,25.6177,0,3489870000,0,529347000,75509800,1476710000,377889000,0,191169000,0,34.4731,0,10.1199,13.9179,0,28.8281,32,100,1024,0,160,0,42
nbody_kernel,6722,4096,256,256,4,8,2,1,0,0,2,0.00471003,101,3288,35.2438,8760900,100723000,2.81036,4197890,2.72823E-05,0,0,151035000,100687000,21.9318,29.3303,0,3489910000,0,264843000,37761000,738509000,323236000,0,154323000,0,40.5796,0,12.192,8.38558,0,28.0367,32,100,1024,0,208,0,56
nbody_kernel,6975,4096,256,256,4,8,2,1,0,0,4,0.47152,0,352764,42.6785,36917500,100735000,1.33692,2100740,5.25883E-05,0,0,125837000,100710000,22.893,31.233,0,3490010000,0,132604000,18886700,570786000,295920000,0,142196000,0,36.2972,0,11.0346,5.8659,0,23.3811,32,100,1024,0,304,0,64
nbody_kernel,8427,4096,256,256,4,8,2,1,1,0,1,0.00126239,12,1134,26.0749,1246000,100717000,0.0237869,36352,1.42629,8388610,32768,201347000,100683000,24.999,25.867,0,3489870000,0,497365000,75509800,1478800000,370287000,0,189997000,0,37.0777,0,10.9821,15.1251,0,31.0925,32,100,1024,4096,160,0,41
nbody_kernel,6101,4096,256,256,4,8,2,1,1,0,2,0.00594097,0,3872,37.8066,5373770,100723000,0.0148886,19968,0.998989,4194300,32768,151028000,100686000,24.9983,31.6392,0,3489910000,0,248852000,37761000,739557000,319562000,0,153741000,0,41.4696,0,12.5163,8.62241,0,28.674,32,100,1024,8192,208,0,50
nbody_kernel,6253,4096,256,256,4,8,2,1,1,0,4,1.02235,4,682430,75.6506,116674000,100735000,0.00785071,11776,0.974731,4194300,32768,125828000,100682000,24.999,34.5657,0,3490010000,0,124609000,18886700,571310000,294085000,0,141905000,0,36.7069,0,11.1849,5.95194,0,23.651,32,100,1024,16384,304,0,63
nbody_kernel,2754,4096,256,256,4,8,4,0,0,0,1,0.00271279,754,44,0.154482,145904,32791,3.16874,2098180,0.000133838,0,0,0,0,24.9959,34.5781,0,3489870000,0,34140200,8392700,67174400,277180000,0,121157000,0,82.6447,0,25.3664,1.58714,0,45.7963,32,100,896,0,0,0,72
nbody_kernel,2383,4096,256,256,4,8,4,0,1,0,1,0.000138677,16,19,0.17062,139360,32791,0.0160473,9216,2.56334,4194300,32768,0,0,24.9952,34.7371,0,3489870000,0,26538000,8388610,68485100,269873000,0,120732000,0,94.9674,0,29.2166,1.87073,0,52.5624,32,100,768,4096,0,0,80
nbody_kernel,2774,4096,256,256,4,8,4,1,0,0,1,0.00318878,774,170,0.151822,144600,32791,12.593,8392190,0.000132704,0,0,0,0,24.9951,34.5267,0,3489870000,0,59326500,8392700,268583000,277176000,0,128238000,0,82.6571,0,25.1889,6.30087,0,48.1336,32,100,896,0,0,0,72
nbody_kernel,2530,4096,256,256,4,8,4,1,0,0,2,7.04136E-05,0,19,0.165591,144100,32791,6.89742,4197890,0.000145319,0,0,0,0,24.9946,34.5423,0,3489910000,0,29704200,4198400,134365000,272888000,0,122850000,0,90.044,0,27.5709,3.45035,0,50.4719,32,100,640,0,0,0,96
nbody_kernel,2407,4096,256,256,4,8,4,1,0,0,4,5.88013E-05,0,15,0.174252,143976,32791,3.64185,2100740,0.000153625,0,0,0,0,24.992,34.6077,0,3490010000,0,14893100,2101250,67256300,270770000,0,120160000,0,94.7862,0,29.0917,1.82245,0,52.0895,32,100,512,0,0,0,128
nbody_kernel,2514,4096,256,256,4,8,4,1,1,0,1,6.34234E-05,0,17,0.16685,144412,32791,0.0599757,36352,2.42026,4194300,32768,0,0,24.9943,34.6036,0,3489870000,0,27344900,8388610,69353500,269873000,0,120784000,0,90.0333,0,27.6922,1.79552,0,49.8415,32,100,896,4096,0,0,72
nbody_kernel,2358,4096,256,256,4,8,4,1,1,0,2,0.000164234,22,19,0.174205,141440,32839,0.0351395,19968,2.58842,4194300,32768,0,0,24.9966,34.7462,0,3489910000,0,13713400,4194300,68304900,269263000,0,120173000,0,95.9966,0,29.5304,1.88226,0,52.8808,32,100,640,8192,0,0,96
nbody_kernel,2341,4096,256,256,4,8,4,1,1,0,4,7.6082E-05,0,19,0.174825,141128,32791,0.0208626,11776,2.6049,4194300,32768,0,0,24.9958,34.7503,0,3490010000,0,6897660,2097150,67780600,269029000,0,119872000,0,96.6502,0,29.7328,1.87883,0,53.11,32,100,512,16384,0,0,126
nbody_kernel,2615,4096,256,256,4,16,0,0,0,0,1,6.09265E-05,0,17,0.162123,145884,32791,3.33207,2098180,0.000141057,0,0,0,0,24.9949,34.644,0,3489870000,0,17362900,4198400,67174400,272982000,0,120370000,0,86.8324,0,26.6838,1.66957,0,47.8619,32,100,896,0,0,0,72
nbody_kernel,2370,4096,256,256,4,16,0,0,1,0,1,5.18097E-05,0,13,0.171733,139360,32791,0.0161372,9216,2.57875,4194300,32768,0,0,24.9947,34.7509,0,3489870000,0,13955100,4194300,68485100,269861000,0,120207000,0,95.5004,0,29.3805,1.88123,0,52.6276,32,100,768,4096,0,0,80
nbody_kernel,2768,4096,256,256,4,16,0,1,0,0,1,6.42503E-05,0,19,0.15227,144048,32791,12.6255,8392190,0.000133083,0,0,0,0,24.9948,34.5349,0,3489870000,0,29966300,4198400,268583000,272994000,0,127059000,0,82.4786,0,25.2548,6.31735,0,47.8157,32,100,896,0,0,0,72
nbody_kernel,2495,4096,256,256,4,16,0,1,0,0,2,6.01523E-05,1,15,0.167584,143980,32791,6.99946,4197890,0.000147328,0,0,0,0,24.9938,34.5124,0,3489910000,0,15024100,2101250,134365000,270791000,0,122260000,0,91.1498,0,27.9764,3.5011,0,50.9683,32,100,640,0,0,0,96
nbody_kernel,2639,4096,256,256,4,16,0,1,0,0,4,6.80107E-05,0,19,1.22096,1431760,32791,3.35181,2100740,0.000139933,0,0,0,0,24.9971,34.2442,0,3490010000,0,7553020,1052670,67256300,269722000,0,119865000,0,87.1501,0,26.7801,1.67764,0,47.8329,32,100,512,0,0,0,128
nbody_kernel,2367,4096,256,256,4,16,0,1,1,0,1,0.00277651,676,25,0.176389,144296,32791,0.0637049,36352,2.58109,4194300,32768,0,0,24.9961,34.7393,0,3489870000,0,14762000,4194300,69353500,269869000,0,120260000,0,95.6413,0,29.4171,1.90736,0,52.7162,32,100,768,4096,0,0,80
nbody_kernel,2347,4096,256,256,4,16,0,1,1,0,2,7.6444E-05,0,19,0.176165,142608,32791,0.0353144,19968,2.60145,4194300,32768,0,0,24.996,34.7449,0,3489910000,0,7421950,2097150,68304900,269251000,0,119910000,0,96.4835,0,29.6802,1.89181,0,53.033,32,100,640,8192,0,0,96
nbody_kernel,2595,4096,256,256,4,16,0,1,1,0,4,8.3282E-05,0,23,1.24664,1439540,32791,0.0190417,11776,2.34486,4194300,32768,0,0,24.997,34.2514,0,3490010000,0,3751940,1048580,67780600,269021000,0,119740000,0,88.2693,0,27.1546,1.71591,0,48.4515,32,100,512,16384,0,0,128
nbody_kernel,9671,4096,256,256,4,16,1,0,0,0,1,0.00115997,100,1107,23.0086,2194850,100717000,1.04792,2098180,1.8923E-05,0,0,201344000,100684000,24.0194,28.9503,0,3489870000,0,957317000,205558000,2483420000,373744000,0,242035000,0,30.0211,0,8.56738,19.8152,0,30.8992,32,100,1024,0,160,0,31
nbody_kernel,9074,4096,256,256,4,16,1,0,1,0,1,0.0013068,0,1275,24.4554,1866010,100717000,0.00495383,9216,1.32802,8388610,32768,201349000,100684000,24.9995,29.3291,0,3489870000,0,953909000,205558000,2686060000,370336000,0,248154000,0,31.5685,0,9.01841,22.5604,0,33.3482,32,100,1024,4096,160,0,33
nbody_kernel,9774,4096,256,256,4,16,1,1,0,0,1,0.001459,442,1085,23.0153,3053860,100717000,4.17313,8392190,1.87955E-05,0,0,201327000,100680000,23.4404,28.4613,0,3489870000,0,970023000,205558000,2684830000,373752000,0,248726000,0,30.4325,0,8.65585,21.6435,0,32.0813,32,100,1024,0,160,0,37
nbody_kernel,7462,4096,256,256,4,16,1,1,0,0,2,0.00447435,0,3527,32.8678,11433500,100723000,2.57856,4197890,2.48425E-05,0,0,151093000,100679000,21.922,29.578,0,3489910000,0,485319000,102797000,1342650000,321184000,0,183109000,0,37.2432,0,11.0087,13.7658,0,30.0379,32,100,1024,0,208,0,49
nbody_kernel,7317,4096,256,256,4,16,1,1,0,0,4,0.242552,700,190857,40.8722,38129300,100735000,1.26615,2100740,4.98743E-05,0,0,125916000,100676000,23.5016,31.4641,0,3490010000,0,242975000,51417100,671564000,294838000,0,150302000,0,34.4552,0,10.3882,6.49732,0,23.2663,32,100,1024,0,304,0,64
nbody_kernel,9063,4096,256,256,4,16,1,1,1,0,1,0.00132615,118,1172,24.4539,1874160,100717000,0.0195435,36352,1.32799,8388610,32768,201343000,100683000,24.9996,29.3269,0,3489870000,0,954819000,205558000,2686930000,370344000,0,248210000,0,31.5768,0,9.01889,22.5689,0,33.3575,32,100,1024,4096,160,0,31
nbody_kernel,6721,4096,256,256,4,16,1,1,1,0,2,0.00530838,0,3792,34.945,7559240,100723000,0.0140744,19968,0.90414,4194300,32768,151029000,100684000,24.9993,30.3384,0,3489910000,0,477716000,102797000,1343700000,319488000,0,182852000,0,39.9184,0,11.8251,14.7982,0,32.22,32,100,1024,8192,208,0,43
nbody_kernel,6878,4096,256,256,4,16,1,1,1,0,4,0.469541,682,343006,68.4916,116465000,100735000,0.00717224,11776,0.883997,4194300,32768,125865000,100691000,24.9995,34.2873,0,3490010000,0,239182000,51417100,672088000,294117000,0,150177000,0,33.8799,0,10.2261,6.40152,0,22.8842,32,100,1024,16384,304,0,61
nbody_kernel,8968,4096,256,256,4,16,2,0,0,0,1,0.00113663,4,1079,24.8119,1942930,100717000,1.17987,2098180,2.04817E-05,0,0,201349000,100683000,23.3993,27.0077,0,3489870000,0,487281000,71315500,1275300000,373789000,0,183302000,0,33.5887,0,9.94007,11.806,0,27.1506,32,100,1024,0,160,0,41
nbody_kernel,8016,4096,256,256,4,16,2,0,1,0,1,0.00149796,104,1183,27.5653,1746330,100717000,0.00584176,9216,1.50073,8388610,32768,201347000,100683000,24.9988,28.0947,0,3489870000,0,483873000,71315500,1477940000,370381000,0,189422000,0,35.9116,0,10.639,14.6439,0,30.0299,32,100,1024,4096,160,0,41
nbody_kernel,8567,4096,256,256,4,16,2,1,0,0,1,0.00129874,128,1063,26.1496,2649390,100717000,4.91892,8392190,2.14303E-05,0,0,201361000,100685000,23.0252,26.9301,0,3489870000,0,499982000,71315500,1476710000,373699000,0,189989000,0,35.3675,0,10.4303,14.3448,0,29.529,32,100,1024,0,160,0,42
nbody_kernel,6759,4096,256,256,4,16,2,1,0,0,2,0.00527442,102,3683,35.6342,10245500,100723000,2.74579,4197890,2.72544E-05,0,0,151001000,100679000,21.5835,29.9257,0,3489910000,0,250159000,35663900,738509000,321143000,0,153733000,0,39.6382,0,11.9372,8.21033,0,27.3458,32,100,1024,0,208,0,56
nbody_kernel,7073,4096,256,256,4,16,2,1,0,0,4,0.233751,284,177453,41.2646,35448200,100735000,1.31984,2100740,5.14097E-05,0,0,125818000,100698000,22.8938,30.6717,0,3490010000,0,125264000,17838100,570786000,294871000,0,141901000,0,36.0902,0,10.9847,5.83938,0,23.2271,32,100,1024,0,304,0,64
nbody_kernel,8006,4096,256,256,4,16,2,1,1,0,1,0.0019717,586,1111,27.6528,1743420,100717000,0.0230755,36352,1.50558,8388610,32768,201350000,100684000,24.9987,28.147,0,3489870000,0,484778000,71315500,1478800000,370291000,0,189473000,0,35.9684,0,10.6536,14.6726,0,30.0791,32,100,1024,4096,160,0,41
nbody_kernel,6037,4096,256,256,4,16,2,1,1,0,2,0.00563504,0,3651,38.5108,7185880,100723000,0.0145339,19968,0.99968,4194300,32768,151035000,100691000,24.9983,32.4709,0,3489910000,0,242557000,35663900,739557000,319566000,0,153479000,0,40.4353,0,12.2042,8.40735,0,27.9112,32,100,1024,8192,208,0,50
nbody_kernel,6262,4096,256,256,4,16,2,1,1,0,4,0.536791,142,357855,75.5669,116529000,100735000,0.00785911,11776,0.974135,4194300,32768,125877000,100739000,24.999,34.4923,0,3490010000,0,121463000,17838100,571310000,294085000,0,141774000,0,36.7626,0,11.2018,5.96096,0,23.665,32,100,1024,16384,304,0,63
nbody_kernel,2615,4096,256,256,4,16,4,0,0,0,1,0.00017561,32,17,0.16222,145884,32791,3.33192,2098180,0.000141063,0,0,0,0,24.9949,34.6369,0,3489870000,0,17362900,4198400,67174400,272982000,0,120370000,0,86.8541,0,26.6904,1.66998,0,47.8738,32,100,896,0,0,0,72
nbody_kernel,2370,4096,256,256,4,16,4,0,1,0,1,5.18065E-05,0,13,0.17156,139640,32791,0.0161379,9216,2.57826,4194300,32768,0,0,24.9947,34.7434,0,3489870000,0,13955100,4194300,68485100,269861000,0,120207000,0,95.5027,0,29.3813,1.88127,0,52.6289,32,100,768,4096,0,0,80
nbody_kernel,2769,4096,256,256,4,16,4,1,0,0,1,4.39493E-05,0,13,0.152201,144048,32791,12.6267,8392190,0.000133022,0,0,0,0,24.9948,34.5221,0,3489870000,0,29966300,4198400,268583000,272994000,0,127059000,0,82.4715,0,25.2526,6.31681,0,47.8116,32,100,896,0,0,0,72
nbody_kernel,2494,4096,256,256,4,16,4,1,0,0,2,7.56937E-05,1,19,0.167611,144236,32791,6.99949,4197890,0.00014795,0,0,0,0,24.9939,34.658,0,3489910000,0,15024100,2101250,134365000,270791000,0,122260000,0,91.1499,0,27.9764,3.50111,0,50.9684,32,100,640,0,0,0,96
nbody_kernel,2633,4096,256,256,4,16,4,1,0,0,4,0.00125252,332,19,1.23223,1442040,32791,3.34539,2100740,0.000139919,0,0,0,0,24.9975,34.2979,0,3490010000,0,7553020,1052670,67256300,269722000,0,119865000,0,87.0053,0,26.7356,1.67485,0,47.7534,32,100,512,0,0,0,128
nbody_kernel,2367,4096,256,256,4,16,4,1,1,0,1,0.000122848,0,31,0.176296,144296,32791,0.0636892,36352,2.57085,4194300,32768,0,0,24.9961,34.6005,0,3489870000,0,14762000,4194300,69353500,269869000,0,120260000,0,95.6437,0,29.4178,1.9074,0,52.7175,32,100,768,4096,0,0,80
nbody_kernel,2346,4096,256,256,4,16,4,1,1,0,2,7.59465E-05,0,19,0.1763,142624,32791,0.0353151,19968,2.60119,4194300,32768,0,0,24.9957,34.7388,0,3489910000,0,7421950,2097150,68304900,269251000,0,119910000,0,96.4905,0,29.6823,1.89194,0,53.0368,32,100,640,8192,0,0,96
nbody_kernel,2590,4096,256,256,4,16,4,1,1,0,4,6.1949E-05,0,17,1.24993,1439340,32839,0.0190837,11776,2.35424,4194300,32768,0,0,24.9966,34.3084,0,3490010000,0,3751940,1048580,67780600,269021000,0,119740000,0,88.4751,0,27.2179,1.71991,0,48.5644,32,100,512,16384,0,0,128
nbody_kernel,2505,4096,256,256,4,32,0,0,0,0,1,6.36496E-05,0,17,0.168837,145888,32839,3.47797,2098180,0.000147341,0,0,0,0,24.9942,34.6923,0,3489870000,0,8974340,2101250,67174400,270889000,0,119977000,0,90.5196,0,27.8336,1.74151,0,49.7612,32,100,896,0,0,0,72
nbody_kernel,2384,4096,256,256,4,32,0,0,1,0,1,5.11346E-05,0,13,0.170658,139360,32791,0.0160393,9216,2.55219,4194300,32768,0,0,24.9948,34.6009,0,3489870000,0,7663620,2097150,68485100,269861000,0,119945000,0,94.9266,0,29.204,1.86992,0,52.1973,32,100,768,4096,0,0,80
nbody_kernel,2727,4096,256,256,4,32,0,1,0,0,1,0.000485167,116,25,0.154538,144052,32791,12.8179,8392190,0.00013487,0,0,0,0,24.9951,34.4679,0,3489870000,0,15286300,2101250,268583000,270889000,0,126469000,0,83.5485,0,25.6437,6.41464,0,48.3266,32,100,896,0,0,0,72
nbody_kernel,2756,4096,256,256,4,32,0,1,0,0,2,9.24516E-05,0,27,1.21572,1490760,32791,6.39715,4197890,0.000133887,0,0,0,0,24.9973,34.2862,0,3489910000,0,7684100,1052670,134365000,269742000,0,121966000,0,83.2804,0,25.5917,3.20268,0,46.5114,32,100,640,0,0,0,96
nbody_kernel,2942,4096,256,256,4,32,0,1,0,0,4,0.0019905,600,21,2.2382,2977300,32791,3.02992,2100740,0.000125318,0,0,0,0,24.9968,33.9308,0,3490010000,0,3883010,528384,67256300,269197000,0,119717000,0,78.7213,0,24.2046,1.51629,0,43.1794,32,100,512,0,0,0,128
nbody_kernel,2371,4096,256,256,4,32,0,1,1,0,1,0.000482243,96,25,0.175014,142688,32791,0.0636373,36352,2.57912,4194300,32768,0,0,24.9954,34.7398,0,3489870000,0,8470530,2097150,69353500,269869000,0,119998000,0,95.5669,0,29.3942,1.90587,0,52.5603,32,100,768,4096,0,0,80
nbody_kernel,2589,4096,256,256,4,32,0,1,1,0,2,0.000119588,8,25,1.25285,1441460,32791,0.0324451,19968,2.35611,4194300,32768,0,0,24.9972,34.237,0,3489910000,0,4276220,1048580,68304900,269251000,0,119779000,0,88.6803,0,27.2797,1.7388,0,48.6906,32,100,640,8192,0,0,96
nbody_kernel,2942,4096,256,256,4,32,0,1,1,0,4,5.43289E-05,0,17,2.23324,2970240,32791,0.0169707,11776,2.06988,4194300,32768,0,0,24.9968,33.9374,0,3490010000,0,2179070,524288,67780600,269025000,0,119675000,0,78.639,0,24.192,1.5287,0,43.1418,32,100,512,16384,0,0,128
nbody_kernel,9668,4096,256,256,4,32,1,0,0,0,1,0.00145115,400,1103,23.0219,2184010,100717000,1.04865,2098180,1.89347E-05,0,0,201347000,100684000,24.0179,28.9498,0,3489870000,0,948929000,203461000,2483420000,371646000,0,241641000,0,30.0233,0,8.5728,19.8278,0,30.8685,32,100,1024,0,160,0,31
nbody_kernel,9054,4096,256,256,4,32,1,0,1,0,1,0.00166476,308,1315,24.4627,1864290,100717000,0.00495699,9216,1.32856,8388610,32768,201343000,100683000,24.9995,29.3423,0,3489870000,0,947618000,203461000,2686060000,370336000,0,247892000,0,31.5672,0,9.01803,22.5594,0,33.3116,32,100,1024,4096,160,0,33
nbody_kernel,9770,4096,256,256,4,32,1,1,0,0,1,0.00182058,770,1125,23.0065,3053050,100717000,4.17419,8392190,1.87919E-05,0,0,201341000,100679000,23.4144,28.3937,0,3489870000,0,955343000,203461000,2684830000,371655000,0,248136000,0,30.4313,0,8.67479,21.6909,0,32.0753,32,100,1024,0,160,0,37
nbody_kernel,7460,4096,256,256,4,32,1,1,0,0,2,0.00466412,33,3642,32.8054,11415600,100723000,2.57295,4197890,2.4806E-05,0,0,151046000,100682000,21.9168,29.6304,0,3489910000,0,477979000,101749000,1342650000,320135000,0,182814000,0,37.0797,0,10.9731,13.7212,0,29.8924,32,100,1024,0,208,0,49
nbody_kernel,7397,4096,256,256,4,32,1,1,0,0,4,0.235696,8,188343,40.3639,38167700,100735000,1.25472,2100740,4.92691E-05,0,0,125865000,100719000,23.4868,31.3675,0,3490010000,0,239305000,50892800,671564000,294314000,0,150154000,0,34.1218,0,10.2938,6.43824,0,23.0321,32,100,1024,0,304,0,64
nbody_kernel,9049,4096,256,256,4,32,1,1,1,0,1,0.001241,0,1205,24.4933,1867980,100717000,0.0195405,36352,1.32986,8388610,32768,201345000,100684000,24.9995,29.3544,0,3489870000,0,948527000,203461000,2686930000,370344000,0,247948000,0,31.5915,0,9.02311,22.5794,0,33.3379,32,100,1024,4096,160,0,31
nbody_kernel,6718,4096,256,256,4,32,1,1,1,0,2,0.005457,108,3795,35.0482,7551010,100723000,0.0140714,19968,0.906438,4194300,32768,151024000,100691000,24.9993,30.411,0,3489910000,0,474571000,101749000,1343700000,319488000,0,182721000,0,39.9244,0,11.8269,14.8004,0,32.2017,32,100,1024,8192,208,0,43
nbody_kernel,6893,4096,256,256,4,32,1,1,1,0,4,0.466084,456,341935,68.5902,116457000,100735000,0.00717711,11776,0.884327,4194300,32768,125864000,100646000,24.9994,34.318,0,3490010000,0,237609000,50892800,672088000,294117000,0,150111000,0,33.8622,0,10.2207,6.39817,0,22.8622,32,100,1024,16384,304,0,61
nbody_kernel,8971,4096,256,256,4,32,2,0,0,0,1,0.00109025,0,1045,24.7965,1940740,100717000,1.17967,2098180,2.04488E-05,0,0,201346000,100684000,23.3931,26.968,0,3489870000,0,478892000,69218300,1275300000,371692000,0,182909000,0,33.5646,0,9.93867,11.8043,0,27.0886,32,100,1024,0,160,0,41
nbody_kernel,8032,4096,256,256,4,32,2,0,1,0,1,0.00216717,680,1186,27.613,1739840,100717000,0.00584169,9216,1.50183,8388610,32768,201345000,100682000,24.9988,28.1209,0,3489870000,0,477581000,69218300,1477940000,370381000,0,189160000,0,35.9046,0,10.637,14.6411,0,29.9825,32,100,1024,4096,160,0,41
nbody_kernel,8563,4096,256,256,4,32,2,1,0,0,1,0.00119357,0,1091,26.1993,2634450,100717000,4.91323,8392190,2.14488E-05,0,0,201415000,100681000,23.0055,26.9827,0,3489870000,0,485302000,69218300,1476710000,371601000,0,189399000,0,35.2478,0,10.419,14.3293,0,29.4055,32,100,1024,0,160,0,42
nbody_kernel,6786,4096,256,256,4,32,2,1,0,0,2,0.00578294,632,3554,35.5755,10239400,100723000,2.73691,4197890,2.718E-05,0,0,150987000,100686000,21.5654,29.94,0,3489910000,0,242819000,34615300,738509000,320094000,0,153438000,0,39.4647,0,11.8989,8.18401,0,27.2059,32,100,1024,0,208,0,56
nbody_kernel,7315,4096,256,256,4,32,2,1,0,0,4,0.229533,0,181197,44.9653,52476500,100735000,1.25491,2100740,4.96897E-05,0,0,125898000,100708000,22.9985,31.1605,0,3490010000,0,121594000,17313800,570786000,294347000,0,141753000,0,34.3151,0,10.4506,5.55547,0,22.0748,32,100,1024,0,304,0,64
nbody_kernel,8001,4096,256,256,4,32,2,1,1,0,1,0.00170724,248,1214,27.5976,1739710,100717000,0.0230654,36352,1.50254,8388610,32768,201345000,100682000,24.9988,28.0993,0,3489870000,0,478487000,69218300,1478800000,370291000,0,189211000,0,35.9568,0,10.6501,14.6679,0,30.0277,32,100,1024,4096,160,0,41
nbody_kernel,6057,4096,256,256,4,32,2,1,1,0,2,0.00568661,0,3689,38.4628,7155970,100723000,0.0145069,19968,0.998358,4194300,32768,151018000,100692000,24.9983,32.4268,0,3489910000,0,239411000,34615300,739557000,319566000,0,153348000,0,40.4368,0,12.2046,8.40767,0,27.8884,32,100,1024,8192,208,0,50
nbody_kernel,6274,4096,256,256,4,32,2,1,1,0,4,0.533375,256,356438,75.6886,118165000,100735000,0.00780328,11776,0.968889,4194300,32768,125839000,100753000,24.9989,34.5504,0,3490010000,0,119890000,17313800,571310000,294085000,0,141708000,0,36.5031,0,11.1227,5.91888,0,23.4871,32,100,1024,16384,304,0,63
nbody_kernel,2504,4096,256,256,4,32,4,0,0,0,1,6.41303E-05,0,17,0.168953,145884,32791,3.47774,2098180,0.000147435,0,0,0,0,24.9942,34.7147,0,3489870000,0,8974340,2101250,67174400,270889000,0,119977000,0,90.5191,0,27.8334,1.7415,0,49.7609,32,100,896,0,0,0,72
nbody_kernel,2385,4096,256,256,4,32,4,0,1,0,1,9.89967E-05,0,25,0.170495,139360,32791,0.016028,9216,2.56124,4194300,32768,0,0,24.9948,34.7229,0,3489870000,0,7663620,2097150,68485100,269861000,0,119945000,0,94.9283,0,29.2045,1.86996,0,52.1982,32,100,768,4096,0,0,80
nbody_kernel,2726,4096,256,256,4,32,4,1,0,0,1,0.000635805,160,25,0.154447,144048,32791,12.8233,8392190,0.00013482,0,0,0,0,24.995,34.4461,0,3489870000,0,15286300,2101250,268583000,270889000,0,126469000,0,83.5705,0,25.6504,6.41633,0,48.3393,32,100,896,0,0,0,72
nbody_kernel,2761,4096,256,256,4,32,4,1,0,0,2,0.00150801,427,17,1.21376,1490760,32791,6.38881,4197890,0.000133575,0,0,0,0,24.9971,34.255,0,3489910000,0,7684100,1052670,134365000,269742000,0,121966000,0,83.1621,0,25.5554,3.19813,0,46.4454,32,100,640,0,0,0,96
nbody_kernel,2946,4096,256,256,4,32,4,1,0,0,4,6.72536E-05,4,17,2.23561,2977080,32839,3.02667,2100740,0.000125159,0,0,0,0,24.9969,33.9308,0,3490010000,0,3883010,528384,67256300,269197000,0,119717000,0,78.6217,0,24.174,1.51438,0,43.1248,32,100,512,0,0,0,128
nbody_kernel,2369,4096,256,256,4,32,4,1,1,0,1,9.96167E-05,0,25,0.17461,142688,32791,0.0636471,36352,2.57849,4194300,32768,0,0,24.9954,34.7297,0,3489870000,0,8470530,2097150,69353500,269869000,0,119998000,0,95.5708,0,29.3954,1.90595,0,52.5625,32,100,768,4096,0,0,80
nbody_kernel,2580,4096,256,256,4,32,4,1,1,0,2,6.21578E-05,0,17,1.25698,1441440,32791,0.0325009,19968,2.36409,4194300,32768,0,0,24.9967,34.3104,0,3489910000,0,4276220,1048580,68304900,269251000,0,119779000,0,88.7906,0,27.3137,1.74097,0,48.7512,32,100,640,8192,0,0,96
nbody_kernel,2943,4096,256,256,4,32,4,1,1,0,4,5.41773E-05,0,17,2.23227,2970220,32791,0.0169725,11776,2.06953,4194300,32768,0,0,24.9971,33.9347,0,3490010000,0,2179070,524288,67780600,269025000,0,119675000,0,78.632,0,24.1898,1.52857,0,43.1379,32,100,512,16384,0,0,128
nbody_kernel,6998,2048,256,256,8,0,0,0,0,0,1,0.000451785,256,81,0.0488973,80760,32975,1.24666,1049600,2.61936E-05,0,0,0,0,24.9985,17.2321,0,3489860000,0,134511000,33556500,33620000,302191000,0,124809000,0,65.3781,0,19.9235,0.623902,0,37.0537,32,100,640,0,0,0,96
nbody_kernel,4773,2048,256,256,8,0,0,0,1,0,1,3.73546E-05,0,19,0.0647749,81864,32791,0.00887252,5120,1.26524,4194300,16384,0,0,24.997,17.3161,0,3489860000,0,101349000,33554400,134939000,269193000,0,125907000,0,94.5113,0,29.0775,3.65781,0,54.5543,32,100,512,4096,0,0,127
nbody_kernel,6357,2048,256,256,8,0,0,1,0,0,1,2.80543E-05,0,19,0.0509969,78604,32791,5.45347,4197890,2.88448E-05,0,0,0,0,24.9981,17.3529,0,3489860000,0,235184000,33556500,134365000,302189000,0,131103000,0,73.5369,0,21.7873,2.72649,0,42.5635,32,100,640,0,0,0,96
nbody_kernel,5588,2048,256,256,8,0,0,1,0,0,2,3.85455E-05,0,23,0.0562873,78704,32791,3.11043,2100740,3.27865E-05,0,0,0,0,24.9969,17.2982,0,3489910000,0,117613000,16779300,67256300,285368000,0,124281000,0,82.2988,0,24.843,1.55619,0,46.0077,32,100,512,0,0,0,128
nbody_kernel,4822,2048,256,256,8,0,0,1,0,0,4,3.68844E-05,0,19,0.0630277,78791,32791,1.80043,1052160,3.79793E-05,0,0,0,0,24.9321,17.3067,0,3490010000,0,58826800,8390660,33701900,277000000,0,120874000,0,94.3905,0,28.7636,0.902921,0,51.808,32,100,256,0,0,0,254
nbody_kernel,5812,2048,256,256,8,0,0,1,1,0,1,3.04951E-05,0,19,0.0537871,78180,32919,0.0282938,19968,1.03233,4194300,16384,0,0,24.9976,17.2071,0,3489860000,0,101753000,33554400,135414000,269199000,0,125935000,0,77.6102,0,23.8749,3.01392,0,44.8032,32,100,640,4096,0,0,96
nbody_kernel,5084,2048,256,256,8,0,0,1,1,0,2,3.51278E-05,0,19,0.0591398,75360,32791,0.0191153,11776,0.597281,2097150,16384,0,0,24.9967,17.386,0,3489910000,0,50896900,16777200,67780600,268917000,0,121698000,0,88.5321,0,27.2364,1.72103,0,49.3921,32,100,512,8192,0,0,128
nbody_kernel,4616,2048,256,256,8,0,0,1,1,0,4,3.87203E-05,0,19,0.0654851,78952,32791,0.0137444,7680,0.657926,2097150,16384,0,0,24.9962,17.3831,0,3490010000,0,25468900,8388610,33964000,268845000,0,119585000,0,97.5955,0,30.025,0.950709,0,53.5033,32,100,256,16384,0,0,248
nbody_kernel,22801,2048,256,256,8,0,1,0,0,0,1,0.000910557,356,1881,11.2114,18364600,100717000,0.428832,1049600,3.98483E-06,0,0,201349000,100684000,21.5207,14.1168,0,3489860000,0,973814000,268478000,2449870000,335741000,0,245426000,0,24.7456,0,7.39969,16.8833,0,27.0616,32,100,1024,0,320,0,26
nbody_kernel,22627,2048,256,256,8,0,1,0,1,0,1,0.00101255,52,2400,11.1286,16320200,100717000,0.00217878,5120,0.264981,4194300,16384,201346000,100683000,24.9996,14.7837,0,3489860000,0,940655000,268478000,2551190000,302580000,0,246515000,0,23.6551,0,7.13982,16.9641,0,26.2272,32,100,1024,4096,320,0,28
nbody_kernel,23608,2048,256,256,8,0,1,1,0,0,1,0.000984258,588,1929,11.1574,22909300,100717000,1.59207,4197890,3.81948E-06,0,0,201276000,100682000,21.2878,14.6051,0,3489860000,0,1108300000,268478000,2550610000,302055000,0,251720000,0,23.7828,0,6.85552,16.2849,0,25.7145,32,100,1024,0,320,0,27
nbody_kernel,18244,2048,256,256,8,0,1,1,0,0,2,0.00206834,108,3924,22.4014,88687900,100723000,0.954945,2100740,5.01879E-06,0,0,151067000,100753000,24.7377,17.1586,0,3489910000,0,537600000,134261000,1275540000,302129000,0,184604000,0,25.6408,0,7.66758,9.10865,0,21.0921,32,100,1024,0,416,0,39
nbody_kernel,14039,2048,256,256,8,0,1,1,0,0,4,0.0114435,48,17153,33.2566,114564000,100735000,0.623431,1052160,6.53223E-06,0,0,125884000,100623000,24.9417,17.2228,0,3490010000,0,260663000,67151900,638009000,293755000,0,151049000,0,32.6272,0,9.94254,5.9078,0,22.3787,32,100,1024,0,608,0,61
nbody_kernel,22669,2048,256,256,8,0,1,1,1,0,1,0.000921471,0,2231,11.1268,16370300,100717000,0.00849861,19968,0.264723,4194300,16384,201333000,100681000,24.9996,14.7762,0,3489860000,0,974864000,268478000,2551660000,268894000,0,246546000,0,23.6476,0,7.13646,16.9592,0,26.2182,32,100,1024,4096,320,0,30
nbody_kernel,18001,2048,256,256,8,0,1,1,1,0,2,0.00252417,80,4794,21.4956,78661500,100723000,0.00548767,11776,0.167674,2097150,16384,151037000,100684000,24.9996,17.0195,0,3489910000,0,471015000,134261000,1276070000,285417000,0,182017000,0,25.5367,0,7.81824,9.29146,0,21.2052,32,100,1024,8192,416,0,40
nbody_kernel,14223,2048,256,256,8,0,1,1,1,0,4,0.0121639,16,18546,34.4818,125368000,100735000,0.00448361,7680,0.213553,2097150,16384,125856000,100804000,24.9997,17.3092,0,3490010000,0,227305000,67151900,638271000,285460000,0,149755000,0,31.8285,0,9.79202,5.82076,0,21.8512,32,100,1024,16384,608,0,63
nbody_kernel,19835,2048,256,256,8,0,2,0,0,0,1,0.000863454,0,1841,12.6551,15676500,100717000,0.499231,1049600,4.60225E-06,0,0,201360000,100684000,20.8136,13.6164,0,3489860000,0,537334000,134236000,1241740000,369394000,0,186691000,0,29.0749,0,8.86028,10.2466,0,24.6485,32,100,1024,0,320,0,37
nbody_kernel,18620,2048,256,256,8,0,2,0,1,0,1,0.00136942,282,2445,13.2413,13735100,100717000,0.0026022,5120,0.322875,4194300,16384,201363000,100683000,24.9991,15.09,0,3489860000,0,537729000,134236000,1343060000,302680000,0,187784000,0,27.9696,0,8.52313,10.6609,0,23.8495,32,100,1024,4096,320,0,37
nbody_kernel,20931,2048,256,256,8,0,2,1,0,0,1,0.000997716,224,2034,12.3813,19957400,100717000,1.85673,4197890,4.3411E-06,0,0,201381000,100685000,20.7675,14.067,0,3489860000,0,671664000,134236000,1342490000,335749000,0,192984000,0,27.5577,0,8.08981,10.1146,0,23.2638,32,100,1024,0,320,0,37
nbody_kernel,16654,2048,256,256,8,0,2,1,0,0,2,0.00237452,1,4271,24.1449,86706800,100723000,1.0511,2100740,5.459E-06,0,0,150984000,100697000,24.6269,16.9561,0,3489910000,0,319187000,67127300,671400000,318931000,0,155229000,0,27.9586,0,8.43971,5.27728,0,19.5218,32,100,1024,0,416,0,46
nbody_kernel,12755,2048,256,256,8,0,2,1,0,0,4,0.0133993,892,17355,36.1987,113451000,100735000,0.683643,1052160,7.17583E-06,0,0,125811000,100961000,24.9693,17.2569,0,3490010000,0,159738000,33572900,537231000,293732000,0,142646000,0,35.7711,0,10.9006,5.45396,0,23.1702,32,100,1024,0,608,0,63
nbody_kernel,18653,2048,256,256,8,0,2,1,1,0,1,0.00138722,426,2337,13.2478,13733600,100717000,0.0101347,19968,0.322483,4194300,16384,201335000,100683000,24.999,15.0854,0,3489860000,0,538362000,134236000,1343540000,302459000,0,187811000,0,27.9482,0,8.51538,10.655,0,23.8312,32,100,1024,4096,320,0,38
nbody_kernel,16335,2048,256,256,8,0,2,1,1,0,2,0.00248677,0,4368,22.6552,71108700,100723000,0.00625066,11776,0.184487,2097150,16384,151149000,100669000,24.999,16.4097,0,3489910000,0,252471000,67127300,671924000,302350000,0,152642000,0,29.0004,0,8.92186,5.58312,0,20.2932,32,100,1024,8192,416,0,48
nbody_kernel,12623,2048,256,256,8,0,2,1,1,0,4,0.0139786,114,18810,38.7608,125250000,100735000,0.00502827,7680,0.240218,2097150,16384,125848000,100771000,24.9993,17.3559,0,3490010000,0,126380000,33572900,537494000,285442000,0,141353000,0,35.7066,0,10.9851,5.49895,0,23.1382,32,100,1024,16384,608,0,64
nbody_kernel,14181,2048,256,256,8,0,4,0,0,0,1,0.0017217,586,2050,17.831,16500700,100717000,0.640581,1049600,6.43616E-06,0,0,201305000,100692000,22.1499,15.3852,0,3489860000,0,335942000,67115000,637682000,369392000,0,157324000,0,35.9856,0,10.9664,6.51284,0,25.7087,32,100,1024,0,320,0,64
nbody_kernel,13698,2048,256,256,8,0,4,0,1,0,1,0.00162529,72,2311,18.1005,14394000,100717000,0.00325758,5120,0.438334,4194300,16384,201347000,100690000,24.9983,16.3584,0,3489860000,0,302780000,67115000,739000000,336230000,0,158417000,0,34.6932,0,10.6738,7.34624,0,25.1967,32,100,1024,4096,320,0,64
nbody_kernel,15087,2048,256,256,8,0,4,1,0,0,1,0.0013966,310,1919,17.6525,21241800,100717000,2.46625,4197890,6.1302E-06,0,0,201377000,100688000,22.0368,15.3669,0,3489860000,0,436634000,67115000,738427000,369293000,0,163616000,0,35.296,0,10.4575,7.19178,0,25.4961,32,100,1024,0,320,0,64
nbody_kernel,14327,2048,256,256,8,0,4,1,0,0,2,0.00289783,184,4284,27.8266,84575000,100723000,1.21663,2100740,6.36433E-06,0,0,150840000,100655000,24.7094,17.1094,0,3489910000,0,218399000,33560600,570679000,318896000,0,146833000,0,32.3032,0,9.7512,5.18265,0,21.3354,32,100,1024,0,416,0,62
nbody_kernel,13804,2048,256,256,8,0,4,1,0,0,4,0.0113847,8,16866,33.563,113825000,100735000,0.632596,1052160,6.63148E-06,0,0,125787000,100633000,24.9626,17.2267,0,3490010000,0,109281000,16783400,486842000,293698000,0,138444000,0,33.1155,0,10.0913,4.5755,0,20.8183,32,100,1024,0,608,0,64
nbody_kernel,13697,2048,256,256,8,0,4,1,1,0,1,0.00159942,74,2272,18.0986,14397700,100717000,0.0127008,19968,0.438978,4194300,16384,201336000,100679000,24.9983,16.3794,0,3489860000,0,303202000,67115000,739475000,336132000,0,158442000,0,34.7036,0,10.6758,7.35233,0,25.2053,32,100,1024,4096,320,0,64
nbody_kernel,14122,2048,256,256,8,0,4,1,1,0,2,0.00304345,86,4517,26.2653,71791500,100723000,0.00715968,11776,0.21312,2097150,16384,151043000,100661000,24.9986,16.5754,0,3489910000,0,151683000,33560600,571204000,302316000,0,144246000,0,33.1665,0,10.2036,5.42806,0,21.9319,32,100,1024,8192,416,0,62
nbody_kernel,13315,2048,256,256,8,0,4,1,1,0,4,0.0117631,8,16644,36.8324,125518000,100735000,0.00479969,7680,0.228165,2097150,16384,125868000,100850000,24.9985,17.2686,0,3490010000,0,75923500,16783400,487105000,285407000,0,137151000,0,34.0863,0,10.4866,4.7573,0,21.4317,32,100,1024,16384,608,0,64
nbody_kernel,7036,2048,256,256,8,0,8,0,0,0,1,0.000952413,668,49,0.0480015,80384,32791,1.2459,1049600,2.62149E-05,0,0,0,0,24.9984,17.2363,0,3489860000,0,134511000,33556500,33620000,302191000,0,124809000,0,65.4152,0,19.9348,0.624256,0,37.0747,32,100,640,0,0,0,96
nbody_kernel,4765,2048,256,256,8,0,8,0,1,0,1,3.73638E-05,0,19,0.0648579,81360,32791,0.00888119,5120,1.26699,4194300,16384,0,0,24.9972,17.3192,0,3489860000,0,101349000,33554400,134939000,269193000,0,125907000,0,94.625,0,29.1125,3.66222,0,54.62,32,100,512,4096,0,0,127
nbody_kernel,6367,2048,256,256,8,0,8,1,0,0,1,2.5098E-05,0,17,0.0509162,78624,32791,5.45401,4197890,2.88412E-05,0,0,0,0,24.9981,17.3503,0,3489860000,0,235184000,33556500,134365000,302189000,0,131103000,0,73.5387,0,21.7879,2.72656,0,42.5646,32,100,640,0,0,0,96
nbody_kernel,5588,2048,256,256,8,0,8,1,0,0,2,0.000120588,21,51,0.0561905,79120,32791,3.11113,2100740,3.27734E-05,0,0,0,0,24.9969,17.2897,0,3489910000,0,117613000,16779300,67256300,285368000,0,124281000,0,82.3063,0,24.8453,1.55634,0,46.0119,32,100,512,0,0,0,128
nbody_kernel,4833,2048,256,256,8,0,8,1,0,0,4,3.69123E-05,0,19,0.0629532,78750,32791,1.80026,1052160,3.79121E-05,0,0,0,0,24.9293,17.2643,0,3490010000,0,58826800,8390660,33701900,277000000,0,120874000,0,94.4549,0,28.7832,0.903537,0,51.8433,32,100,256,0,0,0,254
nbody_kernel,5826,2048,256,256,8,0,8,1,1,0,1,0.000152399,80,15,0.0536548,77920,32791,0.0282974,19968,1.03287,4194300,16384,0,0,24.9976,17.2312,0,3489860000,0,101753000,33554400,135414000,269199000,0,125935000,0,77.5421,0,23.854,3.01128,0,44.7639,32,100,640,4096,0,0,96
nbody_kernel,5088,2048,256,256,8,0,8,1,1,0,2,6.10138E-05,8,25,0.0595467,75376,32839,0.0191153,11776,0.597269,2097150,16384,0,0,24.9967,17.3856,0,3489910000,0,50896900,16777200,67780600,268917000,0,121698000,0,88.5324,0,27.2365,1.72104,0,49.3923,32,100,512,8192,0,0,128
nbody_kernel,4621,2048,256,256,8,0,8,1,1,0,4,0.000160999,16,63,0.0656832,78844,32847,0.0137433,7680,0.657847,2097150,16384,0,0,24.9967,17.3816,0,3490010000,0,25468900,8388610,33964000,268845000,0,119585000,0,97.5921,0,30.024,0.950676,0,53.5015,32,100,256,16384,0,0,248
nbody_kernel,7051,2048,256,256,8,1,0,0,0,0,1,0.000165031,108,15,0.0479866,81380,32791,1.24311,1049600,2.62152E-05,0,0,0,0,24.9984,17.2479,0,3489860000,0,134511000,33556500,33620000,302191000,0,124809000,0,65.3721,0,19.9217,0.623845,0,37.0503,32,100,640,0,0,0,96
nbody_kernel,4773,2048,256,256,8,1,0,0,1,0,1,0.00022212,58,55,0.0648291,81368,32791,0.00886778,5120,1.26634,4194300,16384,0,0,24.9971,17.3345,0,3489860000,0,101349000,33554400,134939000,269193000,0,125907000,0,94.4928,0,29.0718,3.6571,0,54.5436,32,100,512,4096,0,0,127
nbody_kernel,6370,2048,256,256,8,1,0,1,0,0,1,0.000157994,28,79,0.0512098,78612,32863,5.45379,4197890,2.88437E-05,0,0,0,0,24.9981,17.3448,0,3489860000,0,235184000,33556500,134365000,302189000,0,131103000,0,73.5687,0,21.7968,2.72767,0,42.582,32,100,640,0,0,0,96
nbody_kernel,5593,2048,256,256,8,1,0,1,0,0,2,2.50399E-05,0,15,0.056396,79148,32839,3.1096,2100740,3.28052E-05,0,0,0,0,24.9969,17.3123,0,3489910000,0,117613000,16779300,67256300,285368000,0,124281000,0,82.2785,0,24.8369,1.55581,0,45.9964,32,100,512,0,0,0,128
nbody_kernel,4835,2048,256,256,8,1,0,1,0,0,4,2.90596E-05,0,15,0.0629437,79542,32791,1.79908,1052160,3.78348E-05,0,0,0,0,24.9192,17.2558,0,3490010000,0,58826800,8390660,33701900,277000000,0,120874000,0,94.3089,0,28.7387,0.902141,0,51.7632,32,100,256,0,0,0,254
nbody_kernel,5833,2048,256,256,8,1,0,1,1,0,1,2.72272E-05,2,15,0.0540627,77044,32791,0.0283209,19968,1.04307,4194300,16384,0,0,24.9976,17.4141,0,3489860000,0,101753000,33554400,135414000,269199000,0,125935000,0,77.4854,0,23.8365,3.00907,0,44.7312,32,100,640,4096,0,0,96
nbody_kernel,5092,2048,256,256,8,1,0,1,1,0,2,2.77322E-05,0,15,0.0592641,76072,32839,0.0191152,11776,0.597267,2097150,16384,0,0,24.9967,17.3854,0,3489910000,0,50896900,16777200,67780600,268917000,0,121698000,0,88.533,0,27.2367,1.72105,0,49.3926,32,100,512,8192,0,0,128
nbody_kernel,4618,2048,256,256,8,1,0,1,1,0,4,0.00018547,76,15,0.0655028,78800,32791,0.0137422,7680,0.657936,2097150,16384,0,0,24.9961,17.3824,0,3490010000,0,25468900,8388610,33964000,268845000,0,119585000,0,97.6008,0,30.0267,0.950761,0,53.5063,32,100,256,16384,0,0,248
nbody_kernel,23029,2048,256,256,8,1,1,0,0,0,1,0.000959756,458,1894,11.0979,18397500,100717000,0.425317,1049600,3.94745E-06,0,0,201395000,100684000,21.5404,14.1019,0,3489860000,0,973814000,268478000,2449870000,335741000,0,245426000,0,24.5395,0,7.33804,16.7426,0,26.8362,32,100,1024,0,320,0,26
nbody_kernel,22801,2048,256,256,8,1,1,0,1,0,1,0.000947624,6,2312,11.0339,16371400,100717000,0.0021557,5120,0.26223,4194300,16384,201379000,100683000,24.9996,14.7787,0,3489860000,0,940655000,268478000,2551190000,302580000,0,246515000,0,23.4174,0,7.06806,16.7935,0,25.9636,32,100,1024,4096,320,0,28
nbody_kernel,23747,2048,256,256,8,1,1,1,0,0,1,0.000730022,0,1891,11.0782,23044400,100717000,1.58112,4197890,3.78533E-06,0,0,201428000,100684000,21.3176,14.5882,0,3489860000,0,1108300000,268478000,2550610000,302055000,0,251720000,0,23.5974,0,6.80207,16.1579,0,25.514,32,100,1024,0,320,0,27
nbody_kernel,18282,2048,256,256,8,1,1,1,0,0,2,0.00199077,1,3882,22.3694,88787800,100723000,0.954394,2100740,5.00504E-06,0,0,150971000,100729000,24.7487,17.1357,0,3489910000,0,537600000,134261000,1275540000,302129000,0,184604000,0,25.6046,0,7.65677,9.09582,0,21.0624,32,100,1024,0,416,0,39
nbody_kernel,14027,2048,256,256,8,1,1,1,0,0,4,0.0118808,530,17252,33.2157,114616000,100735000,0.623209,1052160,6.5384E-06,0,0,125946000,100753000,24.9452,17.2402,0,3490010000,0,260663000,67151900,638009000,293755000,0,151049000,0,32.6251,0,9.94189,5.90742,0,22.3773,32,100,1024,0,608,0,61
nbody_kernel,22803,2048,256,256,8,1,1,1,1,0,1,0.00109004,406,2259,11.0446,16414500,100717000,0.00841886,19968,0.262545,4194300,16384,201307000,100685000,24.9996,14.7778,0,3489860000,0,974864000,268478000,2551660000,268894000,0,246546000,0,23.4505,0,7.07699,16.8179,0,25.9997,32,100,1024,4096,320,0,30
nbody_kernel,18017,2048,256,256,8,1,1,1,1,0,2,0.00248235,4,4822,21.4288,78774000,100723000,0.00548038,11776,0.167007,2097150,16384,151061000,100699000,24.9997,16.9756,0,3489910000,0,471015000,134261000,1276070000,285417000,0,182017000,0,25.5009,0,7.80731,9.27846,0,21.1756,32,100,1024,8192,416,0,40
nbody_kernel,14233,2048,256,256,8,1,1,1,1,0,4,0.0120416,64,18198,34.2442,125352000,100735000,0.0044839,7680,0.212273,2097150,16384,125878000,100765000,24.9997,17.213,0,3490010000,0,227305000,67151900,638271000,285460000,0,149755000,0,31.8147,0,9.78777,5.81823,0,21.8417,32,100,1024,16384,608,0,63
nbody_kernel,19999,2048,256,256,8,1,2,0,0,0,1,0.00121239,600,2017,12.5388,15770400,100717000,0.494992,1049600,4.55896E-06,0,0,201292000,100682000,20.8177,13.6095,0,3489860000,0,537334000,134236000,1241740000,369394000,0,186691000,0,28.816,0,8.78138,10.1554,0,24.429,32,100,1024,0,320,0,37
nbody_kernel,18818,2048,256,256,8,1,2,0,1,0,1,0.00128318,82,2498,13.123,13830900,100717000,0.00257572,5120,0.319317,4194300,16384,201382000,100684000,24.9992,15.0676,0,3489860000,0,537729000,134236000,1343060000,302680000,0,187784000,0,27.7025,0,8.44176,10.5592,0,23.6218,32,100,1024,4096,320,0,37
nbody_kernel,21102,2048,256,256,8,1,2,1,0,0,1,0.00114403,630,1963,12.2932,20031200,100717000,1.84148,4197890,4.30825E-06,0,0,201293000,100685000,20.7706,14.0548,0,3489860000,0,671664000,134236000,1342490000,335749000,0,192984000,0,27.3728,0,8.03555,10.0468,0,23.1077,32,100,1024,0,320,0,37
nbody_kernel,16730,2048,256,256,8,1,2,1,0,0,2,0.00237729,81,4188,24.1115,86717900,100723000,1.04597,2100740,5.44271E-06,0,0,151099000,100707000,24.614,16.979,0,3489910000,0,319187000,67127300,671400000,318931000,0,155229000,0,27.8376,0,8.40318,5.25444,0,19.4373,32,100,1024,0,416,0,46
nbody_kernel,12776,2048,256,256,8,1,2,1,0,0,4,0.0122299,0,16680,36.1237,113373000,100735000,0.681459,1052160,7.16013E-06,0,0,125759000,100856000,24.9689,17.2665,0,3490010000,0,159738000,33572900,537231000,293732000,0,142646000,0,35.6729,0,10.8706,5.43899,0,23.1066,32,100,1024,0,608,0,63
nbody_kernel,18835,2048,256,256,8,1,2,1,1,0,1,0.00113878,8,2300,13.1004,13828900,100717000,0.0100253,19968,0.318643,4194300,16384,201307000,100686000,24.9992,15.0594,0,3489860000,0,538362000,134236000,1343540000,302459000,0,187811000,0,27.663,0,8.4285,10.5463,0,23.588,32,100,1024,4096,320,0,38
nbody_kernel,16412,2048,256,256,8,1,2,1,1,0,2,0.00256739,0,4510,22.5232,71152800,100723000,0.00622187,11776,0.18369,2097150,16384,150849000,100697000,24.9991,16.4308,0,3489910000,0,252471000,67127300,671924000,302350000,0,152642000,0,28.8382,0,8.87197,5.5519,0,20.1797,32,100,1024,8192,416,0,48
nbody_kernel,12655,2048,256,256,8,1,2,1,1,0,4,0.0134248,158,18033,38.6424,125231000,100735000,0.00501335,7680,0.238911,2097150,16384,125864000,100697000,24.9992,17.3119,0,3490010000,0,126380000,33572900,537494000,285442000,0,141353000,0,35.6024,0,10.953,5.48289,0,23.0707,32,100,1024,16384,608,0,64
nbody_kernel,14274,2048,256,256,8,1,4,0,0,0,1,0.00154518,432,1934,17.6528,16524900,100717000,0.636238,1049600,6.37992E-06,0,0,201349000,100686000,22.128,15.3244,0,3489860000,0,335942000,67115000,637682000,369392000,0,157324000,0,35.8127,0,10.9137,6.48153,0,25.5851,32,100,1024,0,320,0,64
nbody_kernel,13817,2048,256,256,8,1,4,0,1,0,1,0.00181338,220,2466,17.9805,14446100,100717000,0.00323771,5120,0.435166,4194300,16384,201354000,100685000,24.9984,16.3426,0,3489860000,0,302780000,67115000,739000000,336230000,0,158417000,0,34.4756,0,10.6069,7.30017,0,25.0386,32,100,1024,4096,320,0,64
nbody_kernel,15242,2048,256,256,8,1,4,1,0,0,1,0.00128622,200,1879,17.5153,21330100,100717000,2.44939,4197890,6.0804E-06,0,0,201383000,100669000,22.0448,15.3418,0,3489860000,0,436634000,67115000,738427000,369293000,0,163616000,0,35.0666,0,10.3895,7.14504,0,25.3304,32,100,1024,0,320,0,64
nbody_kernel,14409,2048,256,256,8,1,4,1,0,0,2,0.00273675,74,4150,27.6562,84809900,100723000,1.20918,2100740,6.32905E-06,0,0,151024000,100670000,24.7132,17.1076,0,3489910000,0,218399000,33560600,570679000,318896000,0,146833000,0,32.1275,0,9.69818,5.15447,0,21.2194,32,100,1024,0,416,0,62
nbody_kernel,13824,2048,256,256,8,1,4,1,0,0,4,0.0113677,8,16756,33.4906,113856000,100735000,0.631012,1052160,6.62307E-06,0,0,125814000,100749000,24.9581,17.2427,0,3490010000,0,109281000,16783400,486842000,293698000,0,138444000,0,33.0428,0,10.0692,4.56546,0,20.7726,32,100,1024,0,608,0,64
nbody_kernel,13808,2048,256,256,8,1,4,1,1,0,1,0.0018648,370,2388,17.9726,14431700,100717000,0.0126189,19968,0.435035,4194300,16384,201337000,100685000,24.9984,16.3347,0,3489860000,0,303202000,67115000,739475000,336132000,0,158442000,0,34.4858,0,10.6088,7.3062,0,25.0472,32,100,1024,4096,320,0,64
nbody_kernel,14167,2048,256,256,8,1,4,1,1,0,2,0.00316891,152,4675,26.1945,72014400,100723000,0.00712146,11776,0.212376,2097150,16384,151039000,100667000,24.9986,16.606,0,3489910000,0,151683000,33560600,571204000,302316000,0,144246000,0,32.9899,0,10.1492,5.39916,0,21.8152,32,100,1024,8192,416,0,62
nbody_kernel,13362,2048,256,256,8,1,4,1,1,0,4,0.0127685,376,17750,36.6891,125526000,100735000,0.00478322,7680,0.22705,2097150,16384,125872000,100715000,24.9985,17.2536,0,3490010000,0,75923500,16783400,487105000,285407000,0,137151000,0,33.9493,0,10.4445,4.73817,0,21.3455,32,100,1024,16384,608,0,64
nbody_kernel,7039,2048,256,256,8,1,8,0,0,0,1,0.00187025,1316,97,0.0479129,80384,32791,1.2444,1049600,2.61219E-05,0,0,0,0,24.9985,17.1792,0,3489860000,0,134511000,33556500,33620000,302191000,0,124809000,0,65.4001,0,19.9302,0.624112,0,37.0662,32,100,640,0,0,0,96
nbody_kernel,4774,2048,256,256,8,1,8,0,1,0,1,3.74166E-05,0,19,0.0649315,81376,32791,0.00889057,5120,1.26873,4194300,16384,0,0,24.9969,17.3673,0,3489860000,0,101349000,33554400,134939000,269193000,0,125907000,0,94.4923,0,29.0716,3.65708,0,54.5433,32,100,512,4096,0,0,127
nbody_kernel,6364,2048,256,256,8,1,8,1,0,0,1,0.000786863,504,29,0.0509173,78624,32791,5.45305,4197890,2.88446E-05,0,0,0,0,24.9981,17.3387,0,3489860000,0,235184000,33556500,134365000,302189000,0,131103000,0,73.5967,0,21.8051,2.72871,0,42.5982,32,100,640,0,0,0,96
nbody_kernel,5592,2048,256,256,8,1,8,1,0,0,2,3.36389E-05,1,19,0.0562614,78700,32791,3.11101,2100740,3.28672E-05,0,0,0,0,24.997,17.3441,0,3489910000,0,117613000,16779300,67256300,285368000,0,124281000,0,82.2832,0,24.8383,1.5559,0,45.9989,32,100,512,0,0,0,128
nbody_kernel,4848,2048,256,256,8,1,8,1,0,0,4,0.000398288,68,137,0.0637153,79633,32863,1.79673,1052160,3.79809E-05,0,0,0,0,24.9064,17.3045,0,3490010000,0,58826800,8390660,33701900,277000000,0,120874000,0,94.4061,0,28.7683,0.903071,0,51.8166,32,100,256,0,0,0,254
nbody_kernel,5824,2048,256,256,8,1,8,1,1,0,1,3.68339E-05,4,19,0.0535879,77068,32826,0.0282805,19968,1.03065,4194300,16384,0,0,24.9977,17.1652,0,3489860000,0,101753000,33554400,135414000,269199000,0,125935000,0,77.6734,0,23.8944,3.01637,0,44.8397,32,100,640,4096,0,0,96
nbody_kernel,5085,2048,256,256,8,1,8,1,1,0,2,6.4718E-05,16,19,0.05914,75360,32791,0.0191151,11776,0.597285,2097150,16384,0,0,24.9968,17.3863,0,3489910000,0,50896900,16777200,67780600,268917000,0,121698000,0,88.5312,0,27.2362,1.72101,0,49.3916,32,100,512,8192,0,0,128
nbody_kernel,4619,2048,256,256,8,1,8,1,1,0,4,6.72557E-05,0,33,0.0655388,78808,32839,0.0137437,7680,0.658013,2097150,16384,0,0,24.9969,17.3849,0,3490010000,0,25468900,8388610,33964000,268845000,0,119585000,0,97.5984,0,30.0259,0.950738,0,53.5049,32,100,256,16384,0,0,248
nbody_kernel,5779,2048,256,256,8,2,0,0,0,0,1,2.1154E-05,0,13,0.0554571,80388,32791,1.51664,1049600,3.17933E-05,0,0,0,0,24.9974,17.1893,0,3489860000,0,67401700,16779300,33620000,285415000,0,121663000,0,79.1737,0,24.2431,0.759168,0,43.9508,32,100,512,0,0,0,127
nbody_kernel,4626,2048,256,256,8,2,0,0,1,0,1,6.3006E-05,16,15,0.0665426,81356,32791,0.00914097,5120,0.657495,2097150,16384,0,0,24.9972,17.3843,0,3489860000,0,51017700,16777200,67829800,269197000,0,121713000,0,97.3438,0,29.949,1.89563,0,54.3176,32,100,512,4096,0,0,127
nbody_kernel,4979,2048,256,256,8,2,0,1,0,0,1,0.000217634,92,23,0.0617083,78726,32791,6.98674,4197890,3.69287E-05,0,0,0,0,24.9929,17.3331,0,3489860000,0,117744000,16779300,134365000,285409000,0,126384000,0,92.5086,0,27.9253,3.49461,0,52.5911,32,100,512,0,0,0,128
nbody_kernel,4853,2048,256,256,8,2,0,1,0,0,2,3.65151E-05,0,19,0.0630736,78840,32839,3.58221,2100740,3.78042E-05,0,0,0,0,24.995,17.3132,0,3489910000,0,58892300,8390660,67256300,276984000,0,121922000,0,93.9175,0,28.6202,1.7928,0,51.9968,32,100,384,0,0,0,162
nbody_kernel,4805,2048,256,256,8,2,0,1,0,0,4,0.000264391,12,123,0.0639593,78696,32959,1.8159,1052160,3.82654E-05,0,0,0,0,24.9954,17.3205,0,3490010000,0,29466600,4196350,33701900,272818000,0,119695000,0,94.5731,0,28.9571,0.908996,0,51.6477,32,100,256,0,0,0,247
nbody_kernel,4798,2048,256,256,8,2,0,1,1,0,1,6.06254E-05,16,15,0.0622748,76592,32791,0.0343754,19968,0.632122,2097150,16384,0,0,24.997,17.3251,0,3489860000,0,51421200,16777200,68304900,269191000,0,121740000,0,93.9181,0,28.8917,1.84149,0,52.4117,32,100,512,4096,0,0,128
nbody_kernel,4633,2048,256,256,8,2,0,1,1,0,2,3.04459E-05,0,15,0.0644874,77152,32791,0.0209827,11776,0.655547,2097150,16384,0,0,24.9969,17.3821,0,3489910000,0,25731100,8388610,34226200,268923000,0,119602000,0,97.1902,0,29.9001,0.954965,0,53.2881,32,100,384,8192,0,0,160
nbody_kernel,4608,2048,256,256,8,2,0,1,1,0,4,3.06384E-05,0,15,0.0648884,77448,32791,0.0137735,7680,0.659421,2097150,16384,0,0,24.9976,17.384,0,3490010000,0,12886000,4194300,33964000,268855000,0,119061000,0,97.8121,0,30.0917,0.95282,0,53.3872,32,100,256,16384,0,0,246
nbody_kernel,22665,2048,256,256,8,2,1,0,0,0,1,0.000851147,230,1850,11.2209,18473000,100717000,0.430198,1049600,3.99095E-06,0,0,201355000,100681000,21.532,14.0986,0,3489860000,0,1040920000,251701000,2449870000,302191000,0,241227000,0,26.3218,0,7.42062,16.931,0,26.6739,32,100,1024,0,320,0,29
nbody_kernel,21376,2048,256,256,8,2,1,0,1,0,1,0.00100025,0,2307,11.6772,15416500,100717000,0.00227298,5120,0.280124,4194300,16384,201364000,100683000,24.9995,14.9868,0,3489860000,0,1007890000,251701000,2551190000,302457000,0,243369000,0,26.1803,0,7.44554,17.6904,0,27.0012,32,100,1024,4096,320,0,29
nbody_kernel,23464,2048,256,256,8,2,1,1,0,0,1,0.000728159,12,1837,11.248,23006200,100717000,1.60411,4197890,3.84686E-06,0,0,201423000,100685000,21.2974,14.6024,0,3489860000,0,1091380000,251701000,2550610000,302193000,0,245952000,0,24.9279,0,6.90595,16.4047,0,25.3102,32,100,1024,0,320,0,35
nbody_kernel,18357,2048,256,256,8,2,1,1,0,0,2,0.00201266,229,3755,22.234,88652900,100723000,0.947941,2100740,4.97447E-06,0,0,151017000,100681000,24.7042,17.1152,0,3489910000,0,529164000,125872000,1275540000,302176000,0,181720000,0,25.9544,0,7.61911,9.05108,0,20.6314,32,100,1024,0,416,0,47
nbody_kernel,15672,2048,256,256,8,2,1,1,0,0,4,0.0105332,362,17252,30.1368,118267000,100735000,0.559061,1052160,5.83962E-06,0,0,125774000,100908000,24.9451,17.1531,0,3490010000,0,264858000,62957600,638009000,285362000,0,149607000,0,29.7046,0,8.92445,5.30286,0,19.8954,32,100,1024,0,608,0,64
nbody_kernel,21317,2048,256,256,8,2,1,1,1,0,1,0.00112035,190,2373,11.719,15397300,100717000,0.00887687,19968,0.281088,4194300,16384,201348000,100683000,24.9995,15.0053,0,3489860000,0,1008280000,251701000,2551660000,302584000,0,243401000,0,26.3573,0,7.46195,17.7327,0,27.0642,32,100,1024,4096,320,0,30
nbody_kernel,17385,2048,256,256,8,2,1,1,1,0,2,0.00251382,310,4363,22.0903,77459900,100723000,0.00568717,11776,0.173448,2097150,16384,150893000,100661000,24.9997,16.9937,0,3489910000,0,496003000,125872000,1276070000,293982000,0,180444000,0,27.3407,0,8.09979,9.62606,0,21.779,32,100,1024,8192,416,0,41
nbody_kernel,13480,2048,256,256,8,2,1,1,1,0,4,0.0128558,90,18467,36.2624,125386000,100735000,0.0047215,7680,0.224557,2097150,16384,125873000,100715000,24.9996,17.2856,0,3490010000,0,248277000,62957600,638271000,281266000,0,148969000,0,34.1587,0,10.3106,6.12904,0,22.8877,32,100,1024,16384,608,0,64
nbody_kernel,19615,2048,256,256,8,2,2,0,0,0,1,0.001095,264,2037,12.7808,15679000,100717000,0.503037,1049600,4.64718E-06,0,0,201326000,100683000,20.8526,13.6869,0,3489860000,0,537305000,117459000,1241740000,335868000,0,182496000,0,30.1809,0,8.90072,10.2934,0,24.2047,32,100,1024,0,320,0,37
nbody_kernel,18459,2048,256,256,8,2,2,0,1,0,1,0.00136128,274,2437,13.3254,13620600,100717000,0.00262465,5120,0.324586,4194300,16384,201343000,100681000,24.9992,15.0376,0,3489860000,0,520921000,117459000,1343060000,319488000,0,184639000,0,29.0216,0,8.59814,10.7548,0,23.6564,32,100,1024,4096,320,0,37
nbody_kernel,20586,2048,256,256,8,2,2,1,0,0,1,0.00111056,414,2043,12.5502,19845300,100717000,1.88209,4197890,4.41339E-06,0,0,201304000,100683000,20.6941,14.058,0,3489860000,0,587753000,117459000,1342490000,335774000,0,187217000,0,28.2916,0,8.22982,10.2897,0,22.9592,32,100,1024,0,320,0,38
nbody_kernel,16530,2048,256,256,8,2,2,1,0,0,2,0.002403,54,4212,24.3983,86879100,100723000,1.06017,2100740,5.50622E-06,0,0,151139000,100685000,24.6819,16.9689,0,3489910000,0,294021000,58738700,671400000,302154000,0,152345000,0,28.445,0,8.5063,5.31892,0,19.3104,32,100,1024,0,416,0,54
nbody_kernel,14603,2048,256,256,8,2,2,1,0,0,4,0.0115916,826,17371,32.234,117067000,100735000,0.599307,1052160,6.27786E-06,0,0,125806000,100804000,24.9499,17.1987,0,3490010000,0,147155000,29378600,537231000,285346000,0,141204000,0,31.5502,0,9.56876,4.78761,0,20.1338,32,100,1024,0,608,0,64
nbody_kernel,18490,2048,256,256,8,2,2,1,1,0,1,0.00138963,422,2325,13.3235,13692400,100717000,0.0102301,19968,0.324483,4194300,16384,201345000,100687000,24.9991,15.0235,0,3489860000,0,521431000,117459000,1343540000,319390000,0,184665000,0,29.0428,0,8.60354,10.7653,0,23.6746,32,100,1024,4096,320,0,38
nbody_kernel,16260,2048,256,256,8,2,2,1,1,0,2,0.00256009,0,4490,22.7033,71027200,100723000,0.00628198,11776,0.18519,2097150,16384,150901000,100726000,24.9991,16.4178,0,3489910000,0,260860000,58738700,671924000,293962000,0,151069000,0,29.6561,0,8.95148,5.60166,0,20.1508,32,100,1024,8192,416,0,48
nbody_kernel,12566,2048,256,256,8,2,2,1,1,0,4,0.0142858,634,18484,38.8591,125184000,100735000,0.00504788,7680,0.241167,2097150,16384,125879000,100696000,24.9991,17.3501,0,3490010000,0,130574000,29378600,537494000,281281000,0,140567000,0,36.1868,0,11.0268,5.52017,0,23.0971,32,100,1024,16384,608,0,64
nbody_kernel,14061,2048,256,256,8,2,4,0,0,0,1,0.00186446,880,1929,17.9211,16427300,100717000,0.644906,1049600,6.47809E-06,0,0,201329000,100688000,22.1802,15.3895,0,3489860000,0,302387000,50337800,637682000,335837000,0,153130000,0,36.7271,0,11.0347,6.55342,0,25.1792,32,100,1024,0,320,0,64
nbody_kernel,13635,2048,256,256,8,2,4,0,1,0,1,0.00163086,32,2343,18.1912,14359200,100717000,0.00327387,5120,0.440827,4194300,16384,201279000,100681000,24.9984,16.3722,0,3489860000,0,286003000,50337800,739000000,319453000,0,155272000,0,35.5314,0,10.7254,7.38178,0,24.8158,32,100,1024,4096,320,0,64
nbody_kernel,14746,2048,256,256,8,2,4,1,0,0,1,0.00124122,0,1953,17.8905,21223800,100717000,2.49048,4197890,6.21896E-06,0,0,201334000,100684000,22.0194,15.418,0,3489860000,0,352748000,50337800,738427000,335739000,0,157849000,0,35.6885,0,10.5738,7.27174,0,24.8709,32,100,1024,0,320,0,64
nbody_kernel,14213,2048,256,256,8,2,4,1,0,0,2,0.00301345,184,4433,28.1752,84986700,100723000,1.22727,2100740,6.43232E-06,0,0,150955000,100725000,24.7534,17.1371,0,3489910000,0,176456000,25172000,570679000,302119000,0,143949000,0,32.5955,0,9.83944,5.22955,0,21.1057,32,100,1024,0,416,0,62
nbody_kernel,15069,2048,256,256,8,2,4,1,0,0,4,0.0110148,76,17601,31.1401,116599000,100735000,0.581359,1052160,6.08275E-06,0,0,125829000,100861000,24.9472,17.1763,0,3490010000,0,88309800,12589100,486842000,285309000,0,137003000,0,30.4645,0,9.28348,4.20921,0,18.9523,32,100,896,0,608,0,69
nbody_kernel,13619,2048,256,256,8,2,4,1,1,0,1,0.00153962,0,2243,18.2138,14338700,100717000,0.0127669,19968,0.441149,4194300,16384,201373000,100679000,24.9984,16.3775,0,3489860000,0,286425000,50337800,739475000,319355000,0,155297000,0,35.5499,0,10.7298,7.38955,0,24.83,32,100,1024,4096,320,0,64
nbody_kernel,14032,2048,256,256,8,2,4,1,1,0,2,0.00292121,0,4393,26.3845,71493900,100723000,0.00720535,11776,0.214384,2097150,16384,150908000,100728000,24.9986,16.5576,0,3489910000,0,143294000,25172000,571204000,293927000,0,142673000,0,33.7203,0,10.2751,5.46614,0,21.845,32,100,1024,8192,416,0,62
nbody_kernel,13652,2048,256,256,8,2,4,1,1,0,4,0.0123061,20,17922,35.8666,125408000,100735000,0.00467203,7680,0.222101,2097150,16384,125853000,100595000,24.9986,17.2712,0,3490010000,0,71733200,12589100,487105000,281217000,0,136365000,0,33.3339,0,10.2061,4.63004,0,20.7388,32,100,1024,16384,608,0,64
nbody_kernel,5780,2048,256,256,8,2,8,0,0,0,1,5.04465E-05,12,19,0.0555851,81516,32791,1.51678,1049600,3.17955E-05,0,0,0,0,24.9974,17.1881,0,3489860000,0,67401700,16779300,33620000,285415000,0,121663000,0,79.185,0,24.2465,0.759276,0,43.9571,32,100,512,0,0,0,127
nbody_kernel,4624,2048,256,256,8,2,8,0,1,0,1,3.86208E-05,0,19,0.0669239,81732,32839,0.00914048,5120,0.657578,2097150,16384,0,0,24.9973,17.3849,0,3489860000,0,51017700,16777200,67829800,269197000,0,121713000,0,97.3526,0,29.9516,1.8958,0,54.3225,32,100,512,4096,0,0,127
nbody_kernel,4970,2048,256,256,8,2,8,1,0,0,1,3.02806E-05,0,16,0.0617561,78712,32839,6.98651,4197890,3.69396E-05,0,0,0,0,24.9933,17.3363,0,3489860000,0,117744000,16779300,134365000,285409000,0,126384000,0,92.5185,0,27.9283,3.49498,0,52.5968,32,100,512,0,0,0,128
nbody_kernel,4860,2048,256,256,8,2,8,1,0,0,2,3.87486E-05,1,19,0.0628316,78708,32791,3.58379,2100740,3.78467E-05,0,0,0,0,24.9953,17.3303,0,3489910000,0,58892300,8390660,67256300,276984000,0,121922000,0,93.9303,0,28.6241,1.79305,0,52.0039,32,100,384,0,0,0,162
nbody_kernel,4801,2048,256,256,8,2,8,1,0,0,4,6.83204E-05,16,19,0.0635499,78716,32791,1.81542,1052160,3.81635E-05,0,0,0,0,24.9951,17.2723,0,3490010000,0,29466600,4196350,33701900,272818000,0,119695000,0,94.5848,0,28.9607,0.909108,0,51.6541,32,100,256,0,0,0,247
nbody_kernel,4794,2048,256,256,8,2,8,1,1,0,1,0.000272229,80,59,0.0618408,75360,32791,0.0343867,19968,0.632929,2097150,16384,0,0,24.9969,17.3696,0,3489860000,0,51421200,16777200,68304900,269191000,0,121740000,0,93.7971,0,28.8544,1.83912,0,52.3442,32,100,512,4096,0,0,128
nbody_kernel,4633,2048,256,256,8,2,8,1,1,0,2,0.000269954,8,125,0.0651166,77864,32911,0.0209834,11776,0.655622,2097150,16384,0,0,24.9968,17.3839,0,3489910000,0,25731100,8388610,34226200,268923000,0,119602000,0,97.1913,0,29.9004,0.954976,0,53.2888,32,100,384,8192,0,0,160
nbody_kernel,4603,2048,256,256,8,2,8,1,1,0,4,8.37515E-05,16,25,0.064964,77008,32919,0.0137731,7680,0.65948,2097150,16384,0,0,24.9974,17.3862,0,3490010000,0,12886000,4194300,33964000,268855000,0,119061000,0,97.8087,0,30.0906,0.952786,0,53.3853,32,100,256,16384,0,0,246
nbody_kernel,5054,2048,256,256,8,4,0,0,0,0,1,4.27903E-05,0,23,0.0615698,80624,32791,1.72386,1049600,3.63453E-05,0,0,0,0,24.9956,17.2878,0,3489860000,0,33847300,8390660,33620000,277029000,0,120090000,0,89.7785,0,27.5562,0.862918,0,49.3114,32,100,512,0,0,0,127
nbody_kernel,4659,2048,256,256,8,4,0,0,1,0,1,0.000276661,120,17,0.0635897,76539,32791,0.00907822,5120,0.653113,2097150,16384,0,0,24.9974,17.3837,0,3489860000,0,25851900,8388610,34275300,269201000,0,119616000,0,96.6986,0,29.7505,0.953364,0,53.028,32,100,512,4096,0,0,127
nbody_kernel,5004,2048,256,256,8,4,0,1,0,0,1,7.70549E-05,24,17,0.0613596,78718,32791,6.93924,4197890,3.67314E-05,0,0,0,0,24.9941,17.3558,0,3489860000,0,59023400,8390660,134365000,277025000,0,124025000,0,91.0268,0,27.7397,3.47138,0,51.2664,32,100,512,0,0,0,128
nbody_kernel,4810,2048,256,256,8,4,0,1,0,0,2,3.32161E-05,0,17,0.0635398,79144,32791,3.60823,2100740,3.81689E-05,0,0,0,0,24.9965,17.3575,0,3489910000,0,29532200,4196350,67256300,272787000,0,120742000,0,94.131,0,28.8225,1.80548,0,51.8577,32,100,384,0,0,0,168
nbody_kernel,4693,2048,256,256,8,4,0,1,0,0,4,6.59937E-05,16,17,0.0648262,78716,32791,1.85855,1052160,3.92372E-05,0,0,0,0,24.9167,17.3563,0,3490010000,0,14786600,2099200,33701900,270717000,0,119105000,0,96.5434,0,29.6313,0.930159,0,52.5897,32,100,256,0,0,0,247
nbody_kernel,4638,2048,256,256,8,4,0,1,1,0,1,0.000756247,348,25,0.0643706,76984,32791,0.0355491,19968,0.655797,2097150,16384,0,0,24.9973,17.3836,0,3489860000,0,26255400,8388610,34750500,269197000,0,119643000,0,97.1077,0,29.8728,0.970505,0,53.2582,32,100,512,4096,0,0,128
nbody_kernel,4631,2048,256,256,8,4,0,1,1,0,2,3.8571E-05,0,19,0.0646435,77208,32839,0.0209868,11776,0.655743,2097150,16384,0,0,24.9965,17.385,0,3489910000,0,13148200,4194300,34226200,268919000,0,119077000,0,97.2031,0,29.904,0.955091,0,53.0615,32,100,384,8192,0,0,161
nbody_kernel,4603,2048,256,256,8,4,0,1,1,0,4,0.000300223,56,91,0.0659735,77044,32943,0.0137686,7680,0.659337,2097150,16384,0,0,24.9974,17.386,0,3490010000,0,6594560,2097150,33964000,268855000,0,118799000,0,97.7888,0,30.0845,0.952592,0,53.2569,32,100,256,16384,0,0,250
nbody_kernel,22615,2048,256,256,8,4,1,0,0,0,1,0.000864766,248,1884,11.1965,18455500,100717000,0.430835,1049600,3.97833E-06,0,0,201322000,100689000,21.5202,14.0273,0,3489860000,0,973765000,243313000,2449870000,327404000,0,239654000,0,26.0812,0,7.43475,16.9633,0,26.5505,32,100,1024,0,320,0,29
nbody_kernel,21174,2048,256,256,8,4,1,0,1,0,1,0.00121054,274,2473,11.7996,15316800,100717000,0.00228743,5120,0.283233,4194300,16384,201344000,100684000,24.9996,15.0515,0,3489860000,0,974160000,243313000,2551190000,311017000,0,242321000,0,26.2962,0,7.4958,17.8099,0,27.0663,32,100,1024,4096,320,0,29
nbody_kernel,23339,2048,256,256,8,4,1,1,0,0,1,0.00113021,954,1911,11.2818,22926800,100717000,1.60964,4197890,3.86453E-06,0,0,201435000,100684000,21.2921,14.6066,0,3489860000,0,1007470000,243313000,2550610000,318999000,0,243593000,0,24.5472,0,6.93565,16.4753,0,25.1752,32,100,1024,0,320,0,35
nbody_kernel,18076,2048,256,256,8,4,1,1,0,0,2,0.00195296,1,3773,22.5506,88403900,100723000,0.965025,2100740,5.05174E-06,0,0,150882000,100701000,24.7345,17.1014,0,3489910000,0,499804000,121678000,1275540000,297982000,0,180541000,0,26.2579,0,7.74372,9.19911,0,20.8327,32,100,1024,0,416,0,47
nbody_kernel,14453,2048,256,256,8,4,1,1,0,0,4,0.010856,0,16755,32.2696,114566000,100735000,0.605584,1052160,1.27115E-05,0,0,125887000,100828000,24.9457,17.24,0,3490010000,0,250184000,60860400,638009000,283271000,0,149017000,0,32.0918,0,9.66433,5.74251,0,21.46,32,100,1024,0,608,0,64
nbody_kernel,21179,2048,256,256,8,4,1,1,1,0,1,0.00108112,124,2335,11.7712,15427300,100717000,0.00891326,19968,0.282423,4194300,16384,201330000,100686000,24.9996,15.0331,0,3489860000,0,974701000,243313000,2551660000,311001000,0,242352000,0,26.2561,0,7.48354,17.784,0,27.0255,32,100,1024,4096,320,0,30
nbody_kernel,17181,2048,256,256,8,4,1,1,1,0,2,0.00243501,60,4422,22.342,77751500,100723000,0.00575831,11776,0.175583,2097150,16384,151041000,100697000,24.9996,16.9815,0,3489910000,0,483420000,121678000,1276070000,293984000,0,179920000,0,27.6972,0,8.20541,9.75157,0,21.9989,32,100,1024,8192,416,0,41
nbody_kernel,13511,2048,256,256,8,4,1,1,1,0,4,0.0126056,40,18110,36.2144,125386000,100735000,0.00472399,7680,0.224581,2097150,16384,125862000,100613000,24.9997,17.2598,0,3490010000,0,241990000,60860400,638271000,281307000,0,148708000,0,34.1958,0,10.3218,6.13603,0,22.8724,32,100,1024,16384,608,0,61
nbody_kernel,19425,2048,256,256,8,4,2,0,0,0,1,0.00109371,274,2000,12.8899,15620800,100717000,0.507785,1049600,4.69111E-06,0,0,201341000,100687000,20.8485,13.7129,0,3489860000,0,503751000,109070000,1241740000,327479000,0,180923000,0,30.3383,0,8.96783,10.371,0,24.177,32,100,1024,0,320,0,37
nbody_kernel,18384,2048,256,256,8,4,2,0,1,0,1,0.00128668,76,2454,13.3949,13558000,100717000,0.00264938,5120,0.326568,4194300,16384,201337000,100681000,24.9992,14.9715,0,3489860000,0,495755000,109070000,1343060000,319488000,0,183590000,0,29.3277,0,8.68885,10.8682,0,23.7702,32,100,1024,4096,320,0,37
nbody_kernel,20416,2048,256,256,8,4,2,1,0,0,1,0.00102982,350,1915,12.6425,19761800,100717000,1.8943,4197890,4.43652E-06,0,0,201409000,100689000,20.7241,14.0928,0,3489860000,0,529033000,109070000,1342490000,327385000,0,184858000,0,28.1116,0,8.25247,10.318,0,22.7322,32,100,1024,0,320,0,40
nbody_kernel,16520,2048,256,256,8,4,2,1,0,0,2,0.0023456,58,4095,24.4186,87075700,100723000,1.06108,2100740,5.51379E-06,0,0,151009000,100700000,24.7038,16.979,0,3489910000,0,264661000,54544400,671400000,297959000,0,151165000,0,28.334,0,8.5129,5.32305,0,19.1757,32,100,1024,0,416,0,54
nbody_kernel,13516,2048,256,256,8,4,2,1,0,0,4,0.0115261,0,16592,34.4568,114325000,100735000,0.647064,1052160,1.35802E-05,0,0,125995000,100798000,24.963,17.2438,0,3490010000,0,132481000,27281400,537231000,283249000,0,140615000,0,33.9547,0,10.3225,5.16473,0,21.6289,32,100,1024,0,608,0,64
nbody_kernel,18395,2048,256,256,8,4,2,1,1,0,1,0.00119874,6,2355,13.3767,13590800,100717000,0.0103219,19968,0.326685,4194300,16384,201306000,100681000,24.9992,14.9982,0,3489860000,0,496265000,109070000,1343540000,319390000,0,183616000,0,29.2892,0,8.67653,10.8567,0,23.7399,32,100,1024,4096,320,0,38
nbody_kernel,16211,2048,256,256,8,4,2,1,1,0,2,0.00254583,16,4401,22.8168,70770500,100723000,0.00630709,11776,0.185899,2097150,16384,151284000,100615000,24.9991,16.394,0,3489910000,0,248277000,54544400,671924000,293962000,0,150545000,0,29.8128,0,8.99878,5.63126,0,20.187,32,100,1024,8192,416,0,48
nbody_kernel,12587,2048,256,256,8,4,2,1,1,0,4,0.0139448,354,18337,38.833,125203000,100735000,0.00504255,7680,0.240835,2097150,16384,125845000,100596000,24.9992,17.3425,0,3490010000,0,124289000,27281400,537494000,281283000,0,140306000,0,36.1518,0,11.0162,5.51484,0,23.0317,32,100,1024,16384,608,0,61
nbody_kernel,14027,2048,256,256,8,4,4,0,0,0,1,0.00139443,72,2023,17.9653,16396100,100717000,0.647379,1049600,6.49566E-06,0,0,201349000,100675000,22.1866,15.3853,0,3489860000,0,268833000,41949200,637682000,327449000,0,151557000,0,36.7503,0,11.0677,6.57298,0,24.995,32,100,1024,0,320,0,64
nbody_kernel,13571,2048,256,256,8,4,4,0,1,0,1,0.00157392,30,2257,18.2475,14314400,100717000,0.00328234,5120,0.442171,4194300,16384,201355000,100684000,24.9984,16.3789,0,3489860000,0,260837000,41949200,739000000,319453000,0,154223000,0,35.6251,0,10.7537,7.40125,0,24.7132,32,100,1024,4096,320,0,64
nbody_kernel,14684,2048,256,256,8,4,4,1,0,0,1,0.00127304,0,2000,17.9844,21099500,100717000,2.50357,4197890,6.2539E-06,0,0,201272000,100688000,22.0202,15.435,0,3489860000,0,294027000,41949200,738427000,327350000,0,155489000,0,35.5176,0,10.6215,7.30456,0,24.6097,32,100,1024,0,320,0,64
nbody_kernel,14105,2048,256,256,8,4,4,1,0,0,2,0.00315703,363,4428,28.3643,84945800,100723000,1.23625,2100740,6.4765E-06,0,0,150913000,100697000,24.7682,17.1249,0,3489910000,0,147096000,20977700,570679000,297925000,0,142769000,0,32.6878,0,9.91408,5.26922,0,21.0916,32,100,1024,0,416,0,62
nbody_kernel,14645,2048,256,256,8,4,4,1,0,0,4,0.0112149,200,17295,32.3153,117730000,100735000,0.59923,1052160,6.26731E-06,0,0,125885000,100700000,24.9476,17.1729,0,3490010000,0,73629700,10491900,486842000,283212000,0,136413000,0,31.3201,0,9.567,4.33777,0,19.447,32,100,1024,0,608,0,64
nbody_kernel,13579,2048,256,256,8,4,4,1,1,0,1,0.00165832,114,2301,18.2661,14294300,100717000,0.0127974,19968,0.442229,4194300,16384,201343000,100685000,24.9984,16.378,0,3489860000,0,261259000,41949200,739475000,319355000,0,154248000,0,35.6358,0,10.7558,7.40742,0,24.722,32,100,1024,4096,320,0,64
nbody_kernel,14008,2048,256,256,8,4,4,1,1,0,2,0.00290654,0,4360,26.4471,71692700,100723000,0.00722351,11776,0.215015,2097150,16384,150918000,100654000,24.9986,16.5777,0,3489910000,0,130712000,20977700,571204000,293927000,0,142149000,0,33.7784,0,10.2929,5.47556,0,21.8022,32,100,1024,8192,416,0,62
nbody_kernel,13446,2048,256,256,8,4,4,1,1,0,4,0.012455,364,17486,36.3855,125328000,100735000,0.00473467,7680,0.22551,2097150,16384,125863000,100782000,24.9986,17.2998,0,3490010000,0,65443800,10491900,487105000,281248000,0,136104000,0,33.7732,0,10.3406,4.69138,0,20.9719,32,100,1024,16384,608,0,64
nbody_kernel,5058,2048,256,256,8,4,8,0,0,0,1,1.11612E-05,0,6,0.0615736,81252,32791,1.72385,1049600,3.63506E-05,0,0,0,0,24.9957,17.2878,0,3489860000,0,33847300,8390660,33620000,277029000,0,120090000,0,89.7912,0,27.5601,0.863041,0,49.3184,32,100,512,0,0,0,127
nbody_kernel,4662,2048,256,256,8,4,8,0,1,0,1,3.83667E-05,0,19,0.0635715,76217,32791,0.00907791,5120,0.65312,2097150,16384,0,0,24.9975,17.3859,0,3489860000,0,25851900,8388610,34275300,269201000,0,119616000,0,96.6869,0,29.7468,0.953248,0,53.0215,32,100,512,4096,0,0,127
nbody_kernel,5008,2048,256,256,8,4,8,1,0,0,1,3.19462E-05,0,17,0.061309,78715,32791,6.93835,4197890,3.6695E-05,0,0,0,0,24.9949,17.3389,0,3489860000,0,59023400,8390660,134365000,277025000,0,124025000,0,91.0255,0,27.7393,3.47133,0,51.2657,32,100,512,0,0,0,128
nbody_kernel,4815,2048,256,256,8,4,8,1,0,0,2,3.71153E-05,0,19,0.0632601,79200,32791,3.60859,2100740,3.81668E-05,0,0,0,0,24.9955,17.3561,0,3489910000,0,29532200,4196350,67256300,272787000,0,120742000,0,94.1336,0,28.8233,1.80553,0,51.8591,32,100,384,0,0,0,168
nbody_kernel,4688,2048,256,256,8,4,8,1,0,0,4,3.81554E-05,0,19,0.0647103,79036,32839,1.85726,1052160,3.91558E-05,0,0,0,0,24.9068,17.324,0,3490010000,0,14786600,2099200,33701900,270717000,0,119105000,0,96.5228,0,29.6249,0.92996,0,52.5784,32,100,256,0,0,0,247
nbody_kernel,4640,2048,256,256,8,4,8,1,1,0,1,0.00127119,602,25,0.0648185,77524,32791,0.0355519,19968,0.654899,2097150,16384,0,0,24.9974,17.3607,0,3489860000,0,26255400,8388610,34750500,269197000,0,119643000,0,97.1024,0,29.8712,0.970453,0,53.2554,32,100,512,4096,0,0,128
nbody_kernel,4633,2048,256,256,8,4,8,1,1,0,2,5.88713E-05,16,13,0.0645047,77152,32791,0.0209868,11776,0.655739,2097150,16384,0,0,24.9965,17.3858,0,3489910000,0,13148200,4194300,34226200,268919000,0,119077000,0,97.1982,0,29.9025,0.955044,0,53.0589,32,100,384,8192,0,0,161
nbody_kernel,4610,2048,256,256,8,4,8,1,1,0,4,2.65492E-05,0,13,0.0647705,77756,32791,0.0137694,7680,0.659314,2097150,16384,0,0,24.9974,17.3857,0,3490010000,0,6594560,2097150,33964000,268855000,0,118799000,0,97.7869,0,30.0839,0.952574,0,53.2558,32,100,256,16384,0,0,250
nbody_kernel,4770,2048,256,256,8,8,0,0,0,0,1,8.09074E-05,24,17,0.0646695,80368,32839,1.82259,1049600,3.85573E-05,0,0,0,0,24.9948,17.3455,0,3489860000,0,17070100,4196350,33620000,272828000,0,119303000,0,94.8115,0,29.1359,0.912388,0,51.7969,32,100,512,0,0,0,127
nbody_kernel,4686,2048,256,256,8,8,0,0,1,0,1,0.000186754,80,13,0.0633506,75648,32791,0.00902661,5120,0.649441,2097150,16384,0,0,24.997,17.3854,0,3489860000,0,13269000,4194300,34275300,269199000,0,119092000,0,96.1453,0,29.5802,0.947908,0,52.4934,32,100,512,4096,0,0,127
nbody_kernel,4901,2048,256,256,8,8,0,1,0,0,1,6.34175E-05,16,17,0.0624183,78712,32791,7.09485,4197890,3.75327E-05,0,0,0,0,24.9961,17.3465,0,3489860000,0,29663200,4196350,134365000,272833000,0,122845000,0,92.6195,0,28.3601,3.54902,0,51.9144,32,100,512,0,0,0,128
nbody_kernel,4704,2048,256,256,8,8,0,1,0,0,2,0.000101927,6,45,0.0645784,79176,32831,3.69,2100740,3.89509E-05,0,0,0,0,24.9889,17.3237,0,3489910000,0,14852100,2099200,67256300,270696000,0,120153000,0,96.0169,0,29.4705,1.84606,0,52.7645,32,100,384,0,0,0,166
nbody_kernel,5212,2048,256,256,8,8,0,1,0,0,4,0.000312545,148,25,1.11864,2625440,32839,1.69575,1052160,3.52978E-05,0,0,0,0,24.9983,17.1082,0,3490010000,0,7446530,1050620,33701900,269664000,0,118810000,0,88.0048,0,27.043,0.84891,0,47.8771,32,100,256,0,0,0,254
nbody_kernel,4669,2048,256,256,8,8,0,1,1,0,1,0.000674867,304,31,0.0641144,77488,32791,0.0353194,19968,0.651595,2097150,16384,0,0,24.997,17.3858,0,3489860000,0,13672400,4194300,34750500,269193000,0,119119000,0,96.4733,0,29.6777,0.964165,0,52.6784,32,100,512,4096,0,0,128
nbody_kernel,4621,2048,256,256,8,8,0,1,1,0,2,3.44622E-05,0,17,0.0647585,77152,32791,0.0210598,11776,0.655379,2097150,16384,0,0,24.9978,17.3148,0,3489910000,0,6856700,2097150,34226200,268925000,0,118815000,0,97.5429,0,30.0086,0.95843,0,53.1298,32,100,384,8192,0,0,164
nbody_kernel,5056,2048,256,256,8,8,0,1,1,0,4,0.00063421,324,17,1.14083,2599710,32791,0.0127237,7680,0.600919,2097150,16384,0,0,24.9967,17.1425,0,3490010000,0,3448830,1048580,33964000,268890000,0,118669000,0,90.3905,0,27.8084,0.880523,0,49.1739,32,100,256,16384,0,0,252
nbody_kernel,22719,2048,256,256,8,8,1,0,0,0,1,0.00118252,936,1943,11.3705,18440100,100717000,0.432402,1049600,4.03984E-06,0,0,201375000,100681000,21.5276,14.2199,0,3489860000,0,957024000,239118000,2449870000,323242000,0,238870000,0,26.0966,0,7.44745,16.9922,0,26.5088,32,100,1024,0,320,0,31
nbody_kernel,21138,2048,256,256,8,8,1,0,1,0,1,0.00102915,4,2339,11.825,15299000,100717000,0.00229376,5120,0.283829,4194300,16384,201357000,100682000,24.9996,15.0509,0,3489860000,0,953223000,239118000,2551190000,319441000,0,241799000,0,26.294,0,7.51189,17.8481,0,27.066,32,100,1024,4096,320,0,31
nbody_kernel,23351,2048,256,256,8,8,1,1,0,0,1,0.00100588,696,1851,11.3465,22993900,100717000,1.61411,4197890,3.88445E-06,0,0,201289000,100686000,21.2871,14.6568,0,3489860000,0,969734000,239118000,2550610000,323246000,0,242416000,0,24.4262,0,6.94752,16.5035,0,25.0964,32,100,1024,0,320,0,37
nbody_kernel,18104,2048,256,256,8,8,1,1,0,0,2,0.00222357,357,3929,22.5807,88418300,100723000,0.965927,2100740,5.06596E-06,0,0,151035000,100721000,24.7481,17.1413,0,3489910000,0,485161000,119581000,1275540000,295913000,0,179953000,0,26.21,0,7.74743,9.20351,0,20.7748,32,100,1024,0,416,0,49
nbody_kernel,16781,2048,256,256,8,8,1,1,0,0,4,0.00983924,586,17060,28.5493,120739000,100735000,0.522907,1052160,1.09256E-05,0,0,125826000,100622000,24.9449,17.1491,0,3490010000,0,242878000,59811800,638009000,282184000,0,148722000,0,27.6967,0,8.35058,4.96189,0,18.506,32,100,1024,0,608,0,64
nbody_kernel,21144,2048,256,256,8,8,1,1,1,0,1,0.00103082,98,2239,11.8325,15359300,100717000,0.00894472,19968,0.284024,4194300,16384,201331000,100686000,24.9995,15.0491,0,3489860000,0,953743000,239118000,2551660000,319445000,0,241830000,0,26.3179,0,7.51793,17.8658,0,27.0913,32,100,1024,4096,320,0,32
nbody_kernel,17108,2048,256,256,8,8,1,1,1,0,2,0.00243435,26,4425,22.472,77629600,100723000,0.00578419,11776,0.176578,2097150,16384,151089000,100711000,24.9996,16.996,0,3489910000,0,477166000,119581000,1276070000,294017000,0,179660000,0,27.8304,0,8.24486,9.79846,0,22.0727,32,100,1024,8192,416,0,43
nbody_kernel,13488,2048,256,256,8,8,1,1,1,0,4,0.0129815,154,18535,36.3019,125387000,100735000,0.00472613,7680,0.224929,2097150,16384,125856000,100777000,24.9992,17.2875,0,3490010000,0,238883000,59811800,638271000,281264000,0,148577000,0,34.1941,0,10.3213,6.13573,0,22.8511,32,100,1024,16384,608,0,61
nbody_kernel,19333,2048,256,256,8,8,2,0,0,0,1,0.00102464,176,1948,12.9325,15677500,100717000,0.509099,1049600,4.70743E-06,0,0,201347000,100684000,20.8492,13.7234,0,3489860000,0,486994000,104876000,1241740000,323293000,0,180138000,0,30.3853,0,8.99209,10.399,0,24.1372,32,100,1024,0,320,0,41
nbody_kernel,18318,2048,256,256,8,8,2,0,1,0,1,0.00134059,204,2441,13.4495,13551500,100717000,0.00265078,5120,0.327987,4194300,16384,201334000,100683000,24.9992,15.0393,0,3489860000,0,483193000,104876000,1343060000,319492000,0,183066000,0,29.3225,0,8.68729,10.8663,0,23.6981,32,100,1024,4096,320,0,41
nbody_kernel,20360,2048,256,256,8,8,2,1,0,0,1,0.000991209,228,1941,12.6792,19877500,100717000,1.89747,4197890,4.44941E-06,0,0,201350000,100680000,20.7547,14.1243,0,3489860000,0,499694000,104876000,1342490000,323199000,0,183679000,0,28.0013,0,8.25799,10.3249,0,22.6024,32,100,1024,0,320,0,42
nbody_kernel,16487,2048,256,256,8,8,2,1,0,0,2,0.00244183,240,4071,24.5083,87326000,100723000,1.06402,2100740,5.53342E-06,0,0,151150000,100695000,24.704,16.9921,0,3489910000,0,250001000,52447200,671400000,295873000,0,150577000,0,28.3463,0,8.53663,5.33789,0,19.1542,32,100,1024,0,416,0,56
nbody_kernel,16095,2048,256,256,8,8,2,1,0,0,4,0.0101044,40,17232,29.7752,120390000,100735000,0.54897,1052160,1.14165E-05,0,0,125844000,100936000,24.9477,17.1034,0,3490010000,0,125161000,26232800,537231000,282218000,0,140321000,0,28.745,0,8.74908,4.37751,0,18.2939,32,100,1024,0,608,0,64
nbody_kernel,18253,2048,256,256,8,8,2,1,1,0,1,0.00138587,376,2334,13.4789,13548200,100717000,0.0103711,19968,0.328599,4194300,16384,201381000,100684000,24.9993,15.0222,0,3489860000,0,483703000,104876000,1343540000,319398000,0,183093000,0,29.4136,0,8.71338,10.9028,0,23.7728,32,100,1024,4096,320,0,41
nbody_kernel,16175,2048,256,256,8,8,2,1,1,0,2,0.00261794,136,4394,22.846,70943100,100723000,0.00632371,11776,0.186689,2097150,16384,151321000,100679000,24.9991,16.4551,0,3489910000,0,242006000,52447200,671924000,294035000,0,150286000,0,29.7996,0,8.99478,5.6293,0,20.1432,32,100,1024,8192,416,0,50
nbody_kernel,12567,2048,256,256,8,8,2,1,1,0,4,0.0138014,32,18523,38.9189,125182000,100735000,0.00505122,7680,0.241355,2097150,16384,125866000,100758000,24.9992,17.3511,0,3490010000,0,121164000,26232800,537494000,281301000,0,140176000,0,36.2117,0,11.0344,5.52399,0,23.0486,32,100,1024,16384,608,0,63
nbody_kernel,14005,2048,256,256,8,8,4,0,0,0,1,0.00138207,32,2045,17.9748,16432300,100717000,0.647884,1049600,6.50141E-06,0,0,201326000,100686000,22.1895,15.3901,0,3489860000,0,252068000,37754900,637682000,323262000,0,150771000,0,36.7282,0,11.0741,6.57677,0,24.8797,32,100,1024,0,320,0,64
nbody_kernel,13548,2048,256,256,8,8,4,0,1,0,1,0.00172948,220,2287,18.2689,14284900,100717000,0.00328574,5120,0.44281,4194300,16384,201350000,100678000,24.9983,16.3804,0,3489860000,0,248267000,37754900,739000000,319461000,0,153700000,0,35.6735,0,10.7683,7.4113,0,24.6628,32,100,1024,4096,320,0,64
nbody_kernel,14661,2048,256,256,8,8,4,1,0,0,1,0.00134122,168,1932,18.0336,21107500,100717000,2.50984,4197890,6.27404E-06,0,0,201287000,100689000,22.0539,15.4417,0,3489860000,0,264679000,37754900,738427000,323164000,0,154310000,0,35.45,0,10.651,7.32488,0,24.491,32,100,1024,0,320,0,64
nbody_kernel,14153,2048,256,256,8,8,4,1,0,0,2,0.00293214,1,4429,28.2704,84885500,100723000,1.23361,2100740,6.45824E-06,0,0,150985000,100681000,24.7643,17.1144,0,3489910000,0,132428000,18880500,570679000,295836000,0,142180000,0,32.5384,0,9.89219,5.25759,0,20.9581,32,100,896,0,416,0,65
nbody_kernel,13799,2048,256,256,8,8,4,1,0,0,4,0.011456,80,16849,33.7177,113821000,100735000,0.633979,1052160,1.33205E-05,0,0,125906000,100686000,24.9639,17.2601,0,3490010000,0,66308100,9443330,486842000,282173000,0,136119000,0,33.0764,0,10.1155,4.58649,0,20.5177,32,100,768,0,608,0,80
nbody_kernel,13552,2048,256,256,8,8,4,1,1,0,1,0.00161579,124,2239,18.2617,14295300,100717000,0.0128129,19968,0.442587,4194300,16384,201345000,100686000,24.9984,16.3742,0,3489860000,0,248689000,37754900,739475000,319363000,0,153724000,0,35.6728,0,10.7669,7.41511,0,24.6636,32,100,1024,4096,320,0,64
nbody_kernel,14013,2048,256,256,8,8,4,1,1,0,2,0.00313248,28,4681,26.4621,71736600,100723000,0.00720514,11776,0.215081,2097150,16384,150979000,100717000,24.9987,16.6297,0,3489910000,0,124436000,18880500,571204000,293939000,0,141888000,0,33.6821,0,10.2635,5.45997,0,21.7001,32,100,896,8192,416,0,65
nbody_kernel,13865,2048,256,256,8,8,4,1,1,0,4,0.011984,148,17563,35.3145,125297000,100735000,0.00460404,7680,0.218896,2097150,16384,125872000,100643000,24.9986,17.2776,0,3490010000,0,62310400,9443330,487105000,281256000,0,135973000,0,32.8248,0,10.0502,4.55964,0,20.3634,32,100,896,16384,608,0,70
nbody_kernel,4767,2048,256,256,8,8,8,0,0,0,1,0.000128257,48,17,0.0646368,80356,32791,1.82257,1049600,3.85522E-05,0,0,0,0,24.9946,17.3451,0,3489860000,0,17070100,4196350,33620000,272828000,0,119303000,0,94.8011,0,29.1327,0.912288,0,51.7912,32,100,512,0,0,0,127
nbody_kernel,4687,2048,256,256,8,8,8,0,1,0,1,0.000506077,134,118,0.0647165,75279,32959,0.00902654,5120,0.64937,2097150,16384,0,0,24.9971,17.3827,0,3489860000,0,13269000,4194300,34275300,269199000,0,119092000,0,96.1497,0,29.5816,0.947952,0,52.4958,32,100,512,4096,0,0,127
nbody_kernel,4897,2048,256,256,8,8,8,1,0,0,1,0.00019786,0,103,0.0623998,78716,32791,7.09612,4197890,3.75184E-05,0,0,0,0,24.9961,17.3389,0,3489860000,0,29663200,4196350,134365000,272833000,0,122845000,0,92.625,0,28.3618,3.54923,0,51.9175,32,100,512,0,0,0,128
nbody_kernel,4703,2048,256,256,8,8,8,1,0,0,2,0.000217423,26,83,0.0646208,79076,32876,3.68992,2100740,3.89579E-05,0,0,0,0,24.9883,17.3276,0,3489910000,0,14852100,2099200,67256300,270696000,0,120153000,0,96.0125,0,29.4691,1.84598,0,52.7621,32,100,384,0,0,0,166
nbody_kernel,5208,2048,256,256,8,8,8,1,0,0,4,0.000215122,96,23,1.10991,2602890,32839,1.69447,1052160,3.53288E-05,0,0,0,0,24.9984,17.1327,0,3490010000,0,7446530,1050620,33701900,269664000,0,118810000,0,87.9557,0,27.0279,0.848437,0,47.8504,32,100,256,0,0,0,254
nbody_kernel,4671,2048,256,256,8,8,8,1,1,0,1,0.000387039,156,37,0.0641383,77152,32791,0.0353176,19968,0.650778,2097150,16384,0,0,24.9971,17.3619,0,3489860000,0,13672400,4194300,34750500,269193000,0,119119000,0,96.4846,0,29.6812,0.964278,0,52.6845,32,100,512,4096,0,0,128
nbody_kernel,4618,2048,256,256,8,8,8,1,1,0,2,2.6484E-05,0,13,0.0647176,77152,32839,0.0210599,11776,0.658069,2097150,16384,0,0,24.9977,17.3857,0,3489910000,0,6856700,2097150,34226200,268925000,0,118815000,0,97.5442,0,30.009,0.958443,0,53.1305,32,100,384,8192,0,0,164
nbody_kernel,5084,2048,256,256,8,8,8,1,1,0,4,2.40974E-05,0,13,1.13569,2599680,32791,0.0126886,7680,0.598172,2097150,16384,0,0,24.9966,17.1115,0,3490010000,0,3448830,1048580,33964000,268890000,0,118669000,0,90.1399,0,27.7313,0.878083,0,49.0375,32,100,256,16384,0,0,252
nbody_kernel,4740,2048,256,256,8,16,0,0,0,0,1,0.00113535,556,17,0.0647746,80792,32791,1.8304,1049600,3.87419E-05,0,0,0,0,24.9265,17.3391,0,3489860000,0,8681470,2099200,33620000,270731000,0,118910000,0,95.2436,0,29.2863,0.917096,0,51.8926,32,100,512,0,0,0,127
nbody_kernel,4653,2048,256,256,8,16,0,0,1,0,1,0.000297349,116,31,0.0627724,73824,32791,0.00909238,5120,0.654224,2097150,16384,0,0,24.9979,17.3842,0,3489860000,0,6977540,2097150,34275300,269195000,0,118829000,0,96.8599,0,29.8001,0.954954,0,52.7671,32,100,512,4096,0,0,127
nbody_kernel,4724,2048,256,256,8,16,0,1,0,0,1,4.96837E-05,0,25,0.0641299,79432,32791,7.3324,4197890,3.88289E-05,0,0,0,0,24.9721,17.3539,0,3489860000,0,14983200,2099200,134365000,270733000,0,122256000,0,95.5483,0,29.3271,3.67002,0,53.4267,32,100,512,0,0,0,128
nbody_kernel,5232,2048,256,256,8,16,0,1,0,0,2,4.3204E-05,1,23,1.13541,2673810,32839,3.36718,2100740,3.52035E-05,0,0,0,0,24.9981,17.1531,0,3489910000,0,7512060,1050620,67256300,269644000,0,119858000,0,87.5369,0,26.9,1.68505,0,48.044,32,100,384,0,0,0,168
nbody_kernel,5792,2048,256,256,8,16,0,1,0,0,4,2.76514E-05,0,17,2.15347,5684420,32791,1.54014,1052160,3.17827E-05,0,0,0,0,24.9971,16.9617,0,3490010000,0,3776510,526336,33701900,269146000,0,118662000,0,79.877,0,24.5601,0.770971,0,43.4275,32,100,256,0,0,0,247
nbody_kernel,4653,2048,256,256,8,16,0,1,1,0,1,0.00108675,512,25,0.0651598,78904,32791,0.0354756,19968,0.654554,2097150,16384,0,0,24.9978,17.3854,0,3489860000,0,7380990,2097150,34750500,269199000,0,118857000,0,96.9133,0,29.8131,0.968563,0,52.8023,32,100,512,4096,0,0,128
nbody_kernel,5121,2048,256,256,8,16,0,1,1,0,2,0.00127213,602,92,1.12836,2599640,32911,0.019253,11776,0.592948,2097150,16384,0,0,24.9975,17.1303,0,3489910000,0,3710980,1048580,34226200,268929000,0,118684000,0,89.2017,0,27.4424,0.876471,0,48.533,32,100,384,8192,0,0,166
nbody_kernel,5762,2048,256,256,8,16,0,1,1,0,4,0.000901402,536,17,2.16415,5682330,32791,0.0112771,7680,0.526813,2097150,16384,0,0,24.9977,16.9633,0,3490010000,0,1875970,524288,33964000,268859000,0,118602000,0,80.0804,0,24.6366,0.78009,0,43.5406,32,100,256,16384,0,0,252
nbody_kernel,24125,2048,256,256,8,16,1,0,0,0,1,0.000877558,24,2256,10.5376,17093700,100717000,0.436368,1049600,3.78371E-06,0,0,201357000,100686000,21.691,13.2168,0,3489860000,0,948634000,237021000,2449870000,321147000,0,238477000,0,26.2825,0,7.50467,17.1228,0,26.6685,32,100,1024,0,320,0,31
nbody_kernel,22864,2048,256,256,8,16,1,0,1,0,1,0.000991113,284,2155,10.7554,13904100,100717000,0.00232516,5120,0.261461,4194300,16384,201295000,100683000,24.9995,13.6745,0,3489860000,0,946930000,237021000,2551190000,319443000,0,241537000,0,26.6597,0,7.61638,18.0964,0,27.4127,32,100,1024,4096,320,0,33
nbody_kernel,24864,2048,256,256,8,16,1,1,0,0,1,0.000852267,210,2065,10.6883,22943500,100717000,1.61097,4197890,3.66168E-06,0,0,201370000,100687000,21.6944,13.8001,0,3489860000,0,955052000,237021000,2550610000,321151000,0,241826000,0,24.4005,0,6.95567,16.5228,0,25.0647,32,100,1024,0,320,0,37
nbody_kernel,18083,2048,256,256,8,16,1,1,0,0,2,0.00220453,1,4275,22.4631,88521200,100723000,0.965772,2100740,5.0341E-06,0,0,151147000,100654000,24.7399,17.0421,0,3489910000,0,477819000,118532000,1275540000,294867000,0,179658000,0,26.1665,0,7.74351,9.19886,0,20.7303,32,100,1024,0,416,0,49
nbody_kernel,16880,2048,256,256,8,16,1,1,0,0,4,0.00969807,0,17603,28.5002,121651000,100735000,0.520184,1052160,1.08663E-05,0,0,125841000,100777000,24.9536,17.1582,0,3490010000,0,239206000,59287600,638009000,281661000,0,148575000,0,27.5155,0,8.30083,4.93232,0,18.3775,32,100,1024,0,608,0,64
nbody_kernel,22928,2048,256,256,8,16,1,1,1,0,1,0.00105212,284,2298,10.7499,13909200,100717000,0.00906664,19968,0.261011,4194300,16384,201420000,100685000,24.9997,13.6534,0,3489860000,0,947450000,237021000,2551660000,319447000,0,241568000,0,26.6578,0,7.61503,18.0965,0,27.4114,32,100,1024,4096,320,0,31
nbody_kernel,17186,2048,256,256,8,16,1,1,1,0,2,0.00257713,24,4703,22.1109,75719600,100723000,0.00584679,11776,0.175589,2097150,16384,151106000,100698000,24.9995,16.724,0,3489910000,0,474018000,118532000,1276070000,294019000,0,179529000,0,28.1244,0,8.33197,9.90199,0,22.2897,32,100,1024,8192,416,0,43
nbody_kernel,13478,2048,256,256,8,16,1,1,1,0,4,0.0130284,32,18724,36.3166,125310000,100735000,0.00472802,7680,0.225067,2097150,16384,125869000,100698000,24.9994,17.2889,0,3490010000,0,237310000,59287600,638271000,281334000,0,148513000,0,34.2123,0,10.3268,6.13899,0,22.8535,32,100,1024,16384,608,0,61
nbody_kernel,20198,2048,256,256,8,16,2,0,0,0,1,0.00110346,108,2296,12.3548,14692700,100717000,0.510137,1049600,4.54276E-06,0,0,201266000,100688000,21.123,13.1946,0,3489860000,0,478603000,102779000,1241740000,321198000,0,179745000,0,30.4801,0,9.02536,10.4375,0,24.1736,32,100,1024,0,320,0,41
nbody_kernel,19343,2048,256,256,8,16,2,0,1,0,1,0.00128902,212,2459,12.6367,12622100,100717000,0.00268056,5120,0.310513,4194300,16384,201347000,100684000,24.9992,14.0898,0,3489860000,0,476899000,102779000,1343060000,319494000,0,182804000,0,29.631,0,8.7787,10.9806,0,23.9132,32,100,1024,4096,320,0,41
nbody_kernel,21885,2048,256,256,8,16,2,1,0,0,1,0.00111104,492,2119,11.8819,20044900,100717000,1.8664,4197890,4.1749E-06,0,0,201214000,100681000,21.0928,13.3183,0,3489860000,0,485011000,102779000,1342490000,321104000,0,183089000,0,27.7997,0,8.21745,10.2742,0,22.4192,32,100,1024,0,320,0,42
nbody_kernel,16588,2048,256,256,8,16,2,1,0,0,2,0.0025057,266,4172,24.2071,85127100,100723000,1.06306,2100740,5.51442E-06,0,0,150909000,100638000,24.4702,16.9308,0,3489910000,0,242659000,51398700,671400000,294826000,0,150282000,0,28.3179,0,8.53811,5.33881,0,19.12,32,100,1024,0,416,0,56
nbody_kernel,16511,2048,256,256,8,16,2,1,0,0,4,0.00961109,20,17009,29.0329,121408000,100735000,0.533126,1052160,1.10741E-05,0,0,125876000,100684000,24.9639,17.1155,0,3490010000,0,121491000,25708500,537231000,281694000,0,140174000,0,27.8464,0,8.48061,4.24318,0,17.7139,32,100,1024,0,608,0,64
nbody_kernel,19332,2048,256,256,8,16,2,1,1,0,1,0.00114113,12,2367,12.6039,12626300,100717000,0.0104474,19968,0.309723,4194300,16384,201314000,100682000,24.9992,14.0388,0,3489860000,0,477409000,102779000,1343540000,319400000,0,182831000,0,29.6662,0,8.7882,10.9964,0,23.9425,32,100,1024,4096,320,0,41
nbody_kernel,16120,2048,256,256,8,16,2,1,1,0,2,0.00254022,0,4420,22.7225,69582700,100723000,0.00635671,11776,0.187172,2097150,16384,151068000,100702000,24.9991,16.3902,0,3489910000,0,238858000,51398700,671924000,294038000,0,150155000,0,29.9948,0,9.05371,5.66618,0,20.2575,32,100,1024,8192,416,0,50
nbody_kernel,12561,2048,256,256,8,16,2,1,1,0,4,0.0140834,156,18663,38.9047,125066000,100735000,0.0050538,7680,0.241592,2097150,16384,125869000,100722000,24.9991,17.3571,0,3490010000,0,119591000,25708500,537494000,281301000,0,140110000,0,36.2348,0,11.0415,5.52751,0,23.0525,32,100,1024,16384,608,0,63
nbody_kernel,14694,2048,256,256,8,16,4,0,0,0,1,0.00192973,968,2078,17.1242,16390500,100717000,0.648568,1049600,6.19496E-06,0,0,201325000,100684000,22.4039,14.6893,0,3489860000,0,243677000,35657700,637682000,321167000,0,150378000,0,36.645,0,11.0555,6.56574,0,24.7732,32,100,1024,0,320,0,64
nbody_kernel,14223,2048,256,256,8,16,4,0,1,0,1,0.00158209,24,2387,17.4092,14616800,100717000,0.00328589,5120,0.420582,4194300,16384,201348000,100688000,24.9983,15.5573,0,3489860000,0,241973000,35657700,739000000,319463000,0,153437000,0,35.6752,0,10.7689,7.41166,0,24.6219,32,100,1024,4096,320,0,64
nbody_kernel,15269,2048,256,256,8,16,4,1,0,0,1,0.00126698,176,1895,17.3529,22353600,100717000,2.49209,4197890,5.97943E-06,0,0,201454000,100686000,22.4628,14.8577,0,3489860000,0,249997000,35657700,738427000,321069000,0,153720000,0,35.0309,0,10.5499,7.25532,0,24.1657,32,100,1024,0,320,0,64
nbody_kernel,14542,2048,256,256,8,16,4,1,0,0,2,0.00246137,33,3772,27.4113,83891000,100723000,1.20748,2100740,6.30008E-06,0,0,150972000,100712000,24.6434,17.0625,0,3489910000,0,125086000,17831900,570679000,294789000,0,141885000,0,31.8003,0,9.67929,5.14443,0,20.4645,32,100,896,0,416,0,65
nbody_kernel,13853,2048,256,256,8,16,4,1,0,0,4,0.0115786,1052,16326,34.0786,119058000,100735000,0.628028,1052160,1.31377E-05,0,0,125885000,100552000,24.9493,17.1538,0,3490010000,0,62638100,8919040,486842000,281649000,0,135971000,0,32.805,0,10.0385,4.55158,0,20.3394,32,100,768,0,608,0,80
nbody_kernel,14242,2048,256,256,8,16,4,1,1,0,1,0.00173507,232,2418,17.4089,14658900,100717000,0.0128037,19968,0.421284,4194300,16384,201302000,100680000,24.9984,15.5939,0,3489860000,0,242395000,35657700,739475000,319365000,0,153462000,0,35.655,0,10.7616,7.4114,0,24.6092,32,100,1024,4096,320,0,64
nbody_kernel,13972,2048,256,256,8,16,4,1,1,0,2,0.00305317,320,4285,26.3823,70757800,100723000,0.00715912,11776,0.215333,2097150,16384,151053000,100745000,24.9987,16.7429,0,3489910000,0,121289000,17831900,571204000,293941000,0,141756000,0,33.4937,0,10.2061,5.42943,0,21.5588,32,100,896,8192,416,0,65
nbody_kernel,14015,2048,256,256,8,16,4,1,1,0,4,0.0120949,44,17963,35.2981,127365000,100735000,0.00457088,7680,0.216788,2097150,16384,125839000,100675000,24.9986,17.2188,0,3490010000,0,60737500,8919040,487105000,281256000,0,135908000,0,32.6196,0,9.98739,4.53114,0,20.2264,32,100,896,16384,608,0,70
nbody_kernel,4741,2048,256,256,8,16,8,0,0,0,1,0.000891802,432,17,0.0648263,80740,32791,1.83167,1049600,3.87869E-05,0,0,0,0,24.9308,17.3509,0,3489860000,0,8681470,2099200,33620000,270731000,0,118910000,0,95.289,0,29.3003,0.917533,0,51.9173,32,100,512,0,0,0,127
nbody_kernel,4652,2048,256,256,8,16,8,0,1,0,1,5.057E-05,0,25,0.0627761,73824,32791,0.00909229,5120,0.65427,2097150,16384,0,0,24.9979,17.3855,0,3489860000,0,6977540,2097150,34275300,269195000,0,118829000,0,96.8598,0,29.8001,0.954954,0,52.7671,32,100,512,4096,0,0,127
nbody_kernel,4733,2048,256,256,8,16,8,1,0,0,1,4.96554E-05,0,25,0.0641447,79152,32791,7.33166,4197890,3.88368E-05,0,0,0,0,24.9671,17.3479,0,3489860000,0,14983200,2099200,134365000,270733000,0,122256000,0,95.6009,0,29.3432,3.67204,0,53.4561,32,100,512,0,0,0,128
nbody_kernel,5252,2048,256,256,8,16,8,1,0,0,2,0.000683884,364,17,1.13058,2673680,32791,3.3597,2100740,3.50534E-05,0,0,0,0,24.9982,17.119,0,3489910000,0,7512060,1050620,67256300,269644000,0,119858000,0,87.3376,0,26.8387,1.68121,0,47.9346,32,100,384,0,0,0,168
nbody_kernel,5798,2048,256,256,8,16,8,1,0,0,4,2.76027E-05,0,17,2.15431,5695520,32839,1.53863,1052160,3.17304E-05,0,0,0,0,24.9968,16.9506,0,3490010000,0,3776510,526336,33701900,269146000,0,118662000,0,79.7978,0,24.5358,0.770206,0,43.3845,32,100,256,0,0,0,247
nbody_kernel,4655,2048,256,256,8,16,8,1,1,0,1,0.000399669,174,25,0.0651869,78908,32791,0.0354765,19968,0.653733,2097150,16384,0,0,24.9977,17.364,0,3489860000,0,7380990,2097150,34750500,269199000,0,118857000,0,96.9109,0,29.8123,0.968538,0,52.801,32,100,512,4096,0,0,128
nbody_kernel,5139,2048,256,256,8,16,8,1,1,0,2,0.000148526,68,13,1.12514,2603340,32791,0.0192558,11776,0.592255,2097150,16384,0,0,24.9974,17.1103,0,3489910000,0,3710980,1048580,34226200,268929000,0,118684000,0,89.2015,0,27.4424,0.87647,0,48.5329,32,100,384,8192,0,0,166
nbody_kernel,5757,2048,256,256,8,16,8,1,1,0,4,0.000613518,340,36,2.16548,5683150,32807,0.0112916,7680,0.526903,2097150,16384,0,0,24.9975,16.9432,0,3490010000,0,1875970,524288,33964000,268859000,0,118602000,0,80.1892,0,24.67,0.781149,0,43.5998,32,100,256,16384,0,0,252
nbody_kernel,5248,2048,256,256,8,32,0,0,0,0,1,0.000760397,356,71,1.10495,2610260,32847,1.67668,1049600,3.49647E-05,0,0,0,0,24.9985,17.0941,0,3489860000,0,4487170,1050620,33620000,269685000,0,118714000,0,87.1634,0,26.8098,0.839545,0,47.4259,32,100,512,0,0,0,127
nbody_kernel,5129,2048,256,256,8,32,0,0,1,0,1,0.00137587,640,109,1.12536,2597280,32943,0.00837443,5120,0.59404,2097150,16384,0,0,24.9982,17.1338,0,3489860000,0,3831810,1048580,34275300,269195000,0,118698000,0,89.2348,0,27.4541,0.879777,0,48.5595,32,100,512,4096,0,0,127
nbody_kernel,5337,2048,256,256,8,32,0,1,0,0,1,0.00037404,184,28,1.15233,2771470,32847,6.60479,4197890,3.44509E-05,0,0,0,0,24.9977,17.1021,0,3489860000,0,7643140,1050620,134365000,269683000,0,121961000,0,85.9201,0,26.4035,3.30417,0,47.9847,32,100,512,0,0,0,128
nbody_kernel,5834,2048,256,256,8,32,0,1,0,0,2,0.001343,819,19,2.16094,5744850,32791,3.0444,2100740,3.14946E-05,0,0,0,0,24.9983,16.9736,0,3489910000,0,3842050,526336,67256300,269124000,0,119710000,0,79.0953,0,24.3205,1.52346,0,43.3835,32,100,384,0,0,0,168
nbody_kernel,6080,2048,256,256,8,32,0,1,0,0,4,3.63941,348,2351230,5.63656,6659330,9126170,1.45455,1052160,3.02504E-05,0,0,9148970,9095320,24.997,16.9693,0,3490010000,0,2041860,264192,179685000,269650000,0,123178000,0,75.9691,0,23.3656,3.9102,0,42.8875,32,100,256,0,1056,0,255
nbody_kernel,5137,2048,256,256,8,32,0,1,1,0,1,4.58747E-05,0,25,1.12958,2611720,32791,0.0326776,19968,0.593265,2097150,16384,0,0,24.9979,17.1037,0,3489860000,0,4235260,1048580,34750500,269189000,0,118726000,0,89.2857,0,27.4666,0.892332,0,48.5927,32,100,512,4096,0,0,128
nbody_kernel,5769,2048,256,256,8,32,0,1,1,0,2,2.12121E-05,0,13,2.16481,5695210,32791,0.0172949,11776,0.52716,2097150,16384,0,0,24.9984,16.9634,0,3489910000,0,2138110,524288,34226200,268935000,0,118619000,0,80.0849,0,24.6377,0.786892,0,43.5487,32,100,384,8192,0,0,168
nbody_kernel,5784,2048,256,256,8,32,0,1,1,0,4,0.00118989,8,724,2.8337,5719380,1818900,0.0112431,7680,0.524845,2097150,16384,1814530,1786420,24.9969,16.9489,0,3490010000,0,1189890,262144,62769200,272790000,0,119596000,0,79.8465,0,24.5646,1.43685,0,43.777,32,100,256,16384,216,0,255
nbody_kernel,24093,2048,256,256,8,32,1,0,0,0,1,0.00097193,172,2347,10.5231,17044400,100717000,0.435254,1049600,3.78236E-06,0,0,201307000,100683000,21.6434,13.2256,0,3489860000,0,944439000,235973000,2449870000,320098000,0,238280000,0,26.2483,0,7.49701,17.1053,0,26.6193,32,100,1024,0,320,0,31
nbody_kernel,22891,2048,256,256,8,32,1,0,1,0,1,0.000979792,132,2271,10.7915,13840100,100717000,0.00232314,5120,0.262298,4194300,16384,201306000,100682000,24.9996,13.7095,0,3489860000,0,943784000,235973000,2551190000,319443000,0,241405000,0,26.6768,0,7.62126,18.1079,0,27.4154,32,100,1024,4096,320,0,33
nbody_kernel,24909,2048,256,256,8,32,1,1,0,0,1,0.000761994,28,2020,10.7114,22995200,100717000,1.61122,4197890,3.66381E-06,0,0,201391000,100689000,21.7102,13.8135,0,3489860000,0,947712000,235973000,2550610000,320102000,0,241531000,0,24.3639,0,6.95296,16.5164,0,25.0244,32,100,1024,0,320,0,37
nbody_kernel,18072,2048,256,256,8,32,1,1,0,0,2,0.00249867,668,4200,22.4896,88403300,100723000,0.966162,2100740,5.04159E-06,0,0,150927000,100722000,24.7592,17.0762,0,3489910000,0,474149000,118008000,1275540000,294343000,0,179511000,0,26.138,0,7.73955,9.19416,0,20.7027,32,100,1024,0,416,0,49
nbody_kernel,17074,2048,256,256,8,32,1,1,0,0,4,0.00988115,674,17362,28.4358,121992000,100735000,0.517206,1052160,1.08271E-05,0,0,125849000,100803000,24.9536,17.3194,0,3490010000,0,237371000,59025400,638009000,281399000,0,148501000,0,27.153,0,8.19389,4.86878,0,18.1318,32,100,1024,0,608,0,64
nbody_kernel,22889,2048,256,256,8,32,1,1,1,0,1,0.00122311,680,2322,10.7675,13931600,100717000,0.00906274,19968,0.261604,4194300,16384,201340000,100685000,24.9997,13.6951,0,3489860000,0,944304000,235973000,2551660000,319447000,0,241437000,0,26.637,0,7.60909,18.0824,0,27.3752,32,100,1024,4096,320,0,31
nbody_kernel,17180,2048,256,256,8,32,1,1,1,0,2,0.00284367,512,4717,22.1865,75844800,100723000,0.00584818,11776,0.175844,2097150,16384,151204000,100652000,24.9995,16.744,0,3489910000,0,472445000,118008000,1276070000,294019000,0,179464000,0,28.1318,0,8.33414,9.90457,0,22.2874,32,100,1024,8192,416,0,43
nbody_kernel,13468,2048,256,256,8,32,1,1,1,0,4,0.0133254,176,18996,36.1838,125322000,100735000,0.00472722,7680,0.224436,2097150,16384,125862000,100709000,24.9994,17.2416,0,3490010000,0,236524000,59025400,638271000,281334000,0,148481000,0,34.2099,0,10.3261,6.13856,0,22.8469,32,100,1024,16384,608,0,61
nbody_kernel,20059,2048,256,256,8,32,2,0,0,0,1,0.0010459,0,2255,12.2802,14680500,100717000,0.507698,1049600,4.51157E-06,0,0,201322000,100684000,21.0463,13.1281,0,3489860000,0,474409000,101730000,1241740000,320150000,0,179548000,0,30.4153,0,9.00877,10.4183,0,24.1028,32,100,1024,0,320,0,41
nbody_kernel,19392,2048,256,256,8,32,2,0,1,0,1,0.00145471,612,2405,12.6137,12619000,100717000,0.00267561,5120,0.309883,4194300,16384,201334000,100684000,24.9991,14.0841,0,3489860000,0,473754000,101730000,1343060000,319494000,0,182673000,0,29.5829,0,8.76444,10.9628,0,23.8572,32,100,1024,4096,320,0,41
nbody_kernel,21931,2048,256,256,8,32,2,1,0,0,1,0.00105484,432,2051,11.8755,20082600,100717000,1.86553,4197890,4.15775E-06,0,0,201440000,100682000,21.0697,13.258,0,3489860000,0,477671000,101730000,1342490000,320055000,0,182794000,0,27.7794,0,8.22094,10.2786,0,22.3926,32,100,1024,0,320,0,42
nbody_kernel,16913,2048,256,256,8,32,2,1,0,0,2,0.00234526,117,4145,23.5922,84782000,100723000,1.04212,2100740,5.3927E-06,0,0,151148000,100711000,24.4484,16.9518,0,3489910000,0,238989000,50874400,671400000,294302000,0,150134000,0,27.6423,0,8.33931,5.2145,0,18.6565,32,100,1024,0,416,0,56
nbody_kernel,16735,2048,256,256,8,32,2,1,0,0,4,0.010346,848,17437,29.5522,126221000,100735000,0.525339,1052160,1.09205E-05,0,0,125882000,100196000,24.9585,16.9506,0,3490010000,0,119656000,25446400,537231000,281432000,0,140100000,0,27.7192,0,8.44437,4.22505,0,17.629,32,100,1024,0,608,0,64
nbody_kernel,19353,2048,256,256,8,32,2,1,1,0,1,0.00182413,1420,2364,12.5976,12626300,100717000,0.0104459,19968,0.309615,4194300,16384,201341000,100685000,24.9991,14.0503,0,3489860000,0,474264000,101730000,1343540000,319400000,0,182700000,0,29.6314,0,8.77789,10.9835,0,23.8973,32,100,1024,4096,320,0,41
nbody_kernel,16110,2048,256,256,8,32,2,1,1,0,2,0.00320302,1142,4381,22.7171,69491600,100723000,0.00634495,11776,0.187219,2097150,16384,151223000,100688000,24.9991,16.4125,0,3489910000,0,237285000,50874400,671924000,294038000,0,150089000,0,29.9616,0,9.0437,5.65992,0,20.2263,32,100,1024,8192,416,0,50
nbody_kernel,12641,2048,256,256,8,32,2,1,1,0,4,0.014147,208,18844,38.9126,126619000,100735000,0.00503306,7680,0.239972,2097150,16384,125820000,100653000,24.9991,17.3122,0,3490010000,0,118804000,25446400,537494000,281301000,0,140077000,0,36.0852,0,10.9959,5.50469,0,22.9519,32,100,1024,16384,608,0,63
nbody_kernel,14809,2048,256,256,8,32,4,0,0,0,1,0.00156318,308,2174,16.9722,16295700,100717000,0.647746,1049600,6.14338E-06,0,0,201307000,100675000,22.4034,14.6112,0,3489860000,0,239483000,34609200,637682000,320119000,0,150181000,0,36.5233,0,11.022,6.54587,0,24.6659,32,100,1024,0,320,0,64
nbody_kernel,14251,2048,256,256,8,32,4,0,1,0,1,0.00188462,502,2401,17.3846,14519100,100717000,0.00328243,5120,0.420276,4194300,16384,201372000,100684000,24.9983,15.5577,0,3489860000,0,238828000,34609200,739000000,319463000,0,153306000,0,35.6485,0,10.7608,7.4061,0,24.5824,32,100,1024,4096,320,0,64
nbody_kernel,15398,2048,256,256,8,32,4,1,0,0,1,0.00141033,276,2043,17.2054,22250500,100717000,2.48534,4197890,5.92971E-06,0,0,201392000,100683000,22.4554,14.7918,0,3489860000,0,242657000,34609200,738427000,320020000,0,153425000,0,34.8533,0,10.5088,7.22704,0,24.0254,32,100,1024,0,320,0,64
nbody_kernel,14896,2048,256,256,8,32,4,1,0,0,2,0.00257834,89,4014,28.753,98103600,100723000,1.18454,2100740,6.13841E-06,0,0,151157000,100672000,24.6469,17.0353,0,3489910000,0,121416000,17307600,570679000,294265000,0,141738000,0,31.0152,0,9.44595,5.02042,0,19.9505,32,100,896,0,416,0,65
nbody_kernel,14138,2048,256,256,8,32,4,1,0,0,4,0.0110689,88,16631,34.2377,122644000,100735000,0.62551,1052160,1.30641E-05,0,0,125814000,100758000,24.9339,17.1554,0,3490010000,0,60803100,8656900,486842000,281387000,0,135898000,0,32.6084,0,9.98135,4.52565,0,20.2126,32,100,768,0,608,0,80
nbody_kernel,14286,2048,256,256,8,32,4,1,1,0,1,0.0020092,808,2274,17.3377,14561800,100717000,0.0128036,19968,0.419165,4194300,16384,201358000,100684000,24.9983,15.5192,0,3489860000,0,239249000,34609200,739475000,319365000,0,153331000,0,35.6464,0,10.759,7.40962,0,24.5823,32,100,1024,4096,320,0,64
nbody_kernel,14086,2048,256,256,8,32,4,1,1,0,2,0.00334922,624,4435,27.3217,78427100,100723000,0.00708528,11776,0.213457,2097150,16384,150968000,100703000,24.9987,16.7945,0,3489910000,0,119716000,17307600,571204000,293941000,0,141691000,0,33.0999,0,10.0861,5.36559,0,21.2954,32,100,896,8192,416,0,65
nbody_kernel,14074,2048,256,256,8,32,4,1,1,0,4,0.0118634,1176,16585,35.2672,128387000,100735000,0.00455554,7680,0.215642,2097150,16384,125869000,100843000,24.9986,17.1919,0,3490010000,0,59951100,8656900,487105000,281256000,0,135875000,0,32.498,0,9.95015,4.51424,0,20.1461,32,100,896,16384,608,0,70
nbody_kernel,5230,2048,256,256,8,32,8,0,0,0,1,4.14215E-05,0,23,1.10505,2601060,32839,1.68239,1049600,3.51944E-05,0,0,0,0,24.9988,17.1461,0,3489860000,0,4487170,1050620,33620000,269685000,0,118714000,0,87.47,0,26.9041,0.842498,0,47.5927,32,100,512,0,0,0,127
nbody_kernel,5154,2048,256,256,8,32,8,0,1,0,1,0.000306595,138,31,1.12092,2598220,32799,0.00834224,5120,0.590263,2097150,16384,0,0,24.9981,17.0941,0,3489860000,0,3831810,1048580,34275300,269195000,0,118698000,0,88.8734,0,27.3429,0.876215,0,48.3628,32,100,512,4096,0,0,127
nbody_kernel,5360,2048,256,256,8,32,8,1,0,0,1,0.00020749,110,8,1.14844,2772140,32839,6.57871,4197890,3.43562E-05,0,0,0,0,24.9977,17.1199,0,3489860000,0,7643140,1050620,134365000,269683000,0,121961000,0,85.5949,0,26.3036,3.29166,0,47.803,32,100,512,0,0,0,128
nbody_kernel,5830,2048,256,256,8,32,8,1,0,0,2,0.000349579,84,133,2.16131,5744680,32975,3.04967,2100740,3.14884E-05,0,0,0,0,24.998,16.9448,0,3489910000,0,3842050,526336,67256300,269124000,0,119710000,0,79.2142,0,24.357,1.52575,0,43.4487,32,100,384,0,0,0,168
nbody_kernel,6080,2048,256,256,8,32,8,1,0,0,4,3.69437,72,2385410,5.64085,6663520,9126170,1.45631,1052160,3.02594E-05,0,0,9156100,9095970,24.9977,16.972,0,3490010000,0,2041860,264192,179685000,269650000,0,123178000,0,75.9797,0,23.3689,3.91075,0,42.8934,32,100,256,0,1056,0,255
nbody_kernel,5132,2048,256,256,8,32,8,1,1,0,1,4.5901E-05,0,25,1.13085,2612130,32791,0.0326895,19968,0.593837,2097150,16384,0,0,24.9977,17.1137,0,3489860000,0,4235260,1048580,34750500,269189000,0,118726000,0,89.3197,0,27.4771,0.892671,0,48.6112,32,100,512,4096,0,0,128
nbody_kernel,5769,2048,256,256,8,32,8,1,1,0,2,0.000399617,152,93,2.16439,5695180,32871,0.0172957,11776,0.527012,2097150,16384,0,0,24.9983,16.9555,0,3489910000,0,2138110,524288,34226200,268935000,0,118619000,0,80.0998,0,24.6423,0.787039,0,43.5569,32,100,384,8192,0,0,168
nbody_kernel,5787,2048,256,256,8,32,8,1,1,0,4,0.00115962,0,714,2.83168,5720820,1818900,0.0112321,7680,0.52434,2097150,16384,1814590,1786860,24.9968,16.9452,0,3490010000,0,1189890,262144,62769200,272790000,0,119596000,0,79.7875,0,24.5464,1.43579,0,43.7446,32,100,256,16384,216,0,255
nbody_kernel,1419,16384,512,512,1,0,0,0,0,0,1,0.000220586,16,17,0.467635,276976,16407,13.2425,8389630,0.000523283,0,0,0,0,49.5839,64.556,0,3489890000,0,69353500,16777200,268501000,270729000,0,128619000,0,86.3449,0,26.5613,6.64235,0,50.9077,32,100,1024,0,0,0,63
nbody_kernel,1255,16384,512,512,1,0,0,0,1,0,1,0.0029388,0,387,0.5323,276960,16407,0.0292759,17408,19.6841,16777200,65536,0,0,49.9949,69.3757,0,3489890000,0,136987000,67108900,271122000,270746000,0,140842000,0,91.8622,0,28.2585,7.13578,0,59.3075,32,100,1024,8192,0,0,42
nbody_kernel,1547,16384,512,512,1,0,0,1,0,0,1,0.000116582,0,19,0.427871,274684,16407,46.0393,33558000,0.000481074,0,0,0,0,49.7265,68.2902,0,3489890000,0,134971000,67108900,1073890000,269156000,0,195160000,0,75.0302,0,23.0836,23.0871,0,67.131,32,100,1024,0,0,0,39
nbody_kernel,1455,16384,512,512,1,0,0,1,0,0,2,0.000156037,1,23,0.453651,274676,16407,25.2963,16780800,0.000511895,0,0,0,0,49.9904,66.3443,0,3489940000,0,134709000,67108900,537018000,268960000,0,178337000,0,82.1799,0,25.2829,12.6453,0,67.189,32,100,1024,0,0,0,42
nbody_kernel,1413,16384,512,512,1,0,0,1,0,0,4,0.000127115,0,19,0.466647,274676,16407,13.1813,8392190,0.000526946,0,0,0,0,49.7367,65.3578,0,3490040000,0,33914900,16777200,268583000,268927000,0,131690000,0,85.8755,0,26.4191,6.60881,0,51.8446,32,100,1024,0,0,0,64
nbody_kernel,1246,16384,512,512,1,0,0,1,1,0,1,0.00554429,316,413,0.528585,275292,16407,0.116313,69120,19.7038,16777200,65536,0,0,49.9948,69.4028,0,3489890000,0,138641000,67108900,272777000,270762000,0,140946000,0,91.9618,0,28.2758,7.18371,0,59.3879,32,100,1024,8192,0,0,42
nbody_kernel,1183,16384,512,512,1,0,0,1,1,0,2,0.00429364,0,536,0.55689,274680,16407,0.0645496,36352,20.7945,16777200,65536,0,0,49.9941,69.4383,0,3489940000,0,35881000,16777200,270680000,269779000,0,129735000,0,96.9806,0,29.8274,7.51967,0,57.6639,32,100,1024,16384,0,0,64
nbody_kernel,1188,16384,512,512,1,0,0,1,1,0,4,0.00815881,608,414,0.556401,275864,16407,0.0353218,19968,20.6882,16777200,65536,0,0,49.9934,69.335,0,3490040000,0,34832400,16777200,269631000,269320000,0,129637000,0,96.6199,0,29.7201,7.46359,0,57.4134,32,100,1024,32768,0,0,63
nbody_kernel,1418,16384,512,512,1,0,1,0,0,0,1,0.000286847,24,19,0.469297,276980,16447,13.2423,8389630,0.000525987,0,0,0,0,49.5874,64.9396,0,3489890000,0,69353500,16777200,268501000,270729000,0,128619000,0,86.2784,0,26.5409,6.63724,0,50.8685,32,100,1024,0,0,0,63
nbody_kernel,1248,16384,512,512,1,0,1,0,1,0,1,0.000235417,0,31,0.532334,276960,16407,0.0293108,17408,19.7022,16777200,65536,0,0,49.9946,69.4434,0,3489890000,0,136987000,67108900,271122000,270746000,0,140842000,0,91.857,0,28.2569,7.13537,0,59.3041,32,100,1024,8192,0,0,42
nbody_kernel,1547,16384,512,512,1,0,1,1,0,0,1,9.20605E-05,0,15,0.427255,274688,16407,46.0802,33558000,0.000480637,0,0,0,0,49.7298,68.2158,0,3489890000,0,134971000,67108900,1073890000,269156000,0,195160000,0,75.0438,0,23.0878,23.0913,0,67.1431,32,100,1024,0,0,0,39
nbody_kernel,1456,16384,512,512,1,0,1,1,0,0,2,0.000168809,0,26,0.45359,274676,16407,25.2866,16780800,0.000511911,0,0,0,0,49.9898,66.3363,0,3489940000,0,134709000,67108900,537018000,268960000,0,178337000,0,82.1924,0,25.2868,12.6472,0,67.1993,32,100,1024,0,0,0,42
nbody_kernel,1414,16384,512,512,1,0,1,1,0,0,4,7.36599E-05,0,11,0.466393,274676,16407,13.1902,8392190,0.000526746,0,0,0,0,49.7451,65.3606,0,3490040000,0,33914900,16777200,268583000,268927000,0,131690000,0,85.8391,0,26.4079,6.60602,0,51.8226,32,100,1024,0,0,0,64
nbody_kernel,1246,16384,512,512,1,0,1,1,1,0,1,0.000539926,16,55,0.52998,274680,16423,0.116479,69120,19.7035,16777200,65536,0,0,49.9943,69.4019,0,3489890000,0,138641000,67108900,272777000,270762000,0,140946000,0,91.9614,0,28.2756,7.18368,0,59.3877,32,100,1024,8192,0,0,42
nbody_kernel,1184,16384,512,512,1,0,1,1,1,0,2,0.00020039,0,25,0.556718,274644,16407,0.0646144,36352,20.7892,16777200,65536,0,0,49.9938,69.4186,0,3489940000,0,35881000,16777200,270680000,269779000,0,129735000,0,96.9838,0,29.8284,7.51991,0,57.6658,32,100,1024,16384,0,0,64
nbody_kernel,1188,16384,512,512,1,0,1,1,1,0,4,0.00114939,26,118,0.557692,275784,16503,0.035365,19968,20.6964,16777200,65536,0,0,49.994,69.375,0,3490040000,0,34832400,16777200,269631000,269320000,0,129637000,0,96.6023,0,29.7147,7.46223,0,57.4029,32,100,1024,32768,0,0,63
nbody_kernel,2477,16384,512,512,1,1,0,0,0,0,1,0.000795871,78,132,0.272437,276932,16535,7.21123,8389630,0.000297753,0,0,0,0,49.997,67.6511,0,3489890000,0,1075990000,268435000,268501000,807600000,0,184718000,0,46.8834,0,14.4222,3.60665,0,39.6978,32,100,1024,0,0,0,28
nbody_kernel,1477,16384,512,512,1,1,0,0,1,0,1,0.000198942,0,31,0.451598,276992,16407,0.024769,17408,33.1987,33554400,65536,0,0,49.9939,69.3833,0,3489890000,0,539640000,268435000,1076430000,270746000,0,210048000,0,77.6146,0,23.8757,23.9358,0,74.7308,32,100,1024,8192,0,0,25
nbody_kernel,1740,16384,512,512,1,1,0,1,0,0,1,0.00115366,44,167,0.38199,274676,16607,40.8146,33558000,0.000427909,0,0,0,0,49.9956,68.7023,0,3489890000,0,537625000,268435000,1073890000,269189000,0,243527000,0,66.338,0,20.4094,20.4125,0,74.063,32,100,1024,0,0,0,25
nbody_kernel,1524,16384,512,512,1,1,0,1,0,0,2,0.000149011,1,23,0.433798,274684,16407,23.7821,16780800,0.000488791,0,0,0,0,49.9951,67.3452,0,3489940000,0,268927000,134218000,537018000,268943000,0,180499000,0,77.3045,0,23.783,11.8951,0,63.9693,32,100,1024,0,0,0,31
nbody_kernel,1457,16384,512,512,1,1,0,1,0,0,4,0.000240725,0,37,0.453722,275316,16407,12.6755,8392190,0.000511954,0,0,0,0,49.9938,66.1812,0,3490040000,0,134578000,67108900,268583000,268943000,0,148992000,0,82.3943,0,25.3482,6.34091,0,56.2782,32,100,1024,0,0,0,50
nbody_kernel,1473,16384,512,512,1,1,0,1,1,0,1,0.000199693,0,31,0.449719,274688,16407,0.0986863,69120,33.3222,33554400,65536,0,0,49.9952,69.4027,0,3489890000,0,541295000,268435000,1078080000,270778000,0,210152000,0,77.9184,0,23.9578,24.055,0,75.0255,32,100,1024,8192,0,0,27
nbody_kernel,1326,16384,512,512,1,1,0,1,1,0,2,0.000135599,0,19,0.496922,274680,16407,0.057484,36352,18.492,16777200,65536,0,0,49.9941,69.4106,0,3489940000,0,270762000,134218000,539116000,269763000,0,163813000,0,86.2766,0,26.5353,13.3235,0,64.7742,32,100,1024,16384,0,0,34
nbody_kernel,1226,16384,512,512,1,1,0,1,1,0,4,0.00019308,0,25,0.538431,275804,16407,0.0341953,19968,20.0028,16777200,65536,0,0,49.9942,69.3201,0,3490040000,0,135496000,67108900,269631000,269353000,0,140648000,0,93.439,0,28.7417,7.21787,0,60.2386,32,100,1024,32768,0,0,47
nbody_kernel,2477,16384,512,512,1,1,1,0,0,0,1,0.000735148,68,126,0.272526,276952,16535,7.21073,8389630,0.000298058,0,0,0,0,49.9968,67.7193,0,3489890000,0,1075990000,268435000,268501000,807600000,0,184718000,0,46.8841,0,14.4224,3.60671,0,39.6984,32,100,1024,0,0,0,28
nbody_kernel,1475,16384,512,512,1,1,1,0,1,0,1,0.000198955,0,31,0.451481,276956,16407,0.02477,17408,33.195,33554400,65536,0,0,49.9946,69.3655,0,3489890000,0,539640000,268435000,1076430000,270746000,0,210048000,0,77.6257,0,23.8791,23.9392,0,74.7415,32,100,1024,8192,0,0,25
nbody_kernel,1737,16384,512,512,1,1,1,1,0,0,1,0.000224164,8,33,0.380951,274668,16407,40.8111,33558000,0.000427875,0,0,0,0,49.9957,68.7042,0,3489890000,0,537625000,268435000,1073890000,269189000,0,243527000,0,66.3309,0,20.4072,20.4103,0,74.0551,32,100,1024,0,0,0,25
nbody_kernel,1521,16384,512,512,1,1,1,1,0,0,2,0.00016752,0,27,0.433132,274672,16407,23.779,16780800,0.00048795,0,0,0,0,49.9949,67.2513,0,3489940000,0,268927000,134218000,537018000,268943000,0,180499000,0,77.2792,0,23.7752,11.8912,0,63.9483,32,100,1024,0,0,0,31
nbody_kernel,1453,16384,512,512,1,1,1,1,0,0,4,0.000123603,0,19,0.453828,274672,16407,12.6757,8392190,0.000512091,0,0,0,0,49.9937,66.1927,0,3490040000,0,134578000,67108900,268583000,268943000,0,148992000,0,82.4019,0,25.3505,6.3415,0,56.2834,32,100,1024,0,0,0,50
nbody_kernel,1471,16384,512,512,1,1,1,1,1,0,1,0.000199713,0,31,0.449667,274672,16407,0.098678,69120,33.3218,33554400,65536,0,0,49.9955,69.4101,0,3489890000,0,541295000,268435000,1078080000,270778000,0,210152000,0,77.9092,0,23.955,24.0522,0,75.0166,32,100,1024,8192,0,0,27
nbody_kernel,1326,16384,512,512,1,1,1,1,1,0,2,0.000135604,0,19,0.49681,274944,16407,0.0574858,36352,18.4883,16777200,65536,0,0,49.9944,69.3932,0,3489940000,0,270762000,134218000,539116000,269763000,0,163813000,0,86.2811,0,26.5367,13.3242,0,64.7776,32,100,1024,16384,0,0,34
nbody_kernel,1227,16384,512,512,1,1,1,1,1,0,4,0.000224,0,29,0.538313,275732,16455,0.0342004,19968,20.0022,16777200,65536,0,0,49.994,69.318,0,3490040000,0,135496000,67108900,269631000,269353000,0,140648000,0,93.4389,0,28.7417,7.21787,0,60.2386,32,100,1024,32768,0,0,47
nbody_kernel,1904,16384,512,512,1,2,0,0,0,0,1,0.000927335,78,110,0.34971,276992,16407,9.44555,8389630,0.000387463,0,0,0,0,49.9961,67.2002,0,3489890000,0,539116000,134218000,268501000,269681000,0,146936000,0,61.4181,0,18.8934,4.72478,0,41.3681,32,100,1024,0,0,0,36
nbody_kernel,1331,16384,512,512,1,2,0,0,1,0,1,0.000420188,0,59,0.498343,277008,16407,0.0274276,17408,18.3809,16777200,65536,0,0,49.994,69.2324,0,3489890000,0,271204000,134218000,539558000,270713000,0,163910000,0,85.9579,0,26.4422,13.2877,0,64.5847,32,100,1024,8192,0,0,31
nbody_kernel,1714,16384,512,512,1,2,0,1,0,0,1,0.000655042,80,39,0.386838,274676,16407,41.2642,33558000,0.000434216,0,0,0,0,49.9938,68.9368,0,3489890000,0,269189000,134218000,1073890000,269189000,0,239201000,0,67.0868,0,20.6398,20.6429,0,73.569,32,100,1024,0,0,0,32
nbody_kernel,1454,16384,512,512,1,2,0,1,0,0,2,0.000149446,0,23,0.453724,274692,16455,25.2809,16780800,0.000511664,0,0,0,0,49.9907,66.3141,0,3489940000,0,134709000,67108900,537018000,268960000,0,178337000,0,82.1801,0,25.283,12.6454,0,67.1892,32,100,1024,0,0,0,42
nbody_kernel,1428,16384,512,512,1,2,0,1,0,0,4,0.000125816,0,19,0.461699,274664,16407,12.9745,8392190,0.000521198,0,0,0,0,49.9263,65.7757,0,3490040000,0,67469300,33554400,268583000,268927000,0,147910000,0,84.3992,0,25.965,6.4952,0,57.2286,32,100,1024,0,0,0,61
nbody_kernel,1333,16384,512,512,1,2,0,1,1,0,1,0.000220263,0,31,0.495097,275000,16407,0.108905,69120,18.4237,16777200,65536,0,0,49.9945,69.3939,0,3489890000,0,272859000,134218000,541213000,270729000,0,164014000,0,85.998,0,26.442,13.3283,0,64.6256,32,100,1024,8192,0,0,30
nbody_kernel,1248,16384,512,512,1,2,0,1,1,0,2,0.000175298,0,23,0.528787,274672,16407,0.0614313,36352,19.7089,16777200,65536,0,0,49.994,69.2186,0,3489940000,0,136544000,67108900,270680000,269795000,0,140745000,0,92.2096,0,28.3601,7.14974,0,59.4802,32,100,1024,16384,0,0,44
nbody_kernel,1205,16384,512,512,1,2,0,1,1,0,4,0.00018094,0,23,0.548556,275880,16407,0.0348529,19968,20.3971,16777200,65536,0,0,49.9942,69.3729,0,3490040000,0,68386800,33554400,269631000,269369000,0,133309000,0,95.2081,0,29.2859,7.35453,0,58.1767,32,100,1024,32768,0,0,62
nbody_kernel,1906,16384,512,512,1,2,1,0,0,0,1,0.000202248,22,19,0.350485,276972,16407,9.44351,8389630,0.000388732,0,0,0,0,49.9962,67.4276,0,3489890000,0,539116000,134218000,268501000,269681000,0,146936000,0,61.4115,0,18.8913,4.72428,0,41.3637,32,100,1024,0,0,0,36
nbody_kernel,1331,16384,512,512,1,2,1,0,1,0,1,0.000235007,0,33,0.498227,276944,16407,0.0274279,17408,18.3779,16777200,65536,0,0,49.9938,69.2206,0,3489890000,0,271204000,134218000,539558000,270713000,0,163910000,0,85.9585,0,26.4424,13.2878,0,64.5851,32,100,1024,8192,0,0,31
nbody_kernel,1714,16384,512,512,1,2,1,1,0,0,1,0.000919895,148,19,0.386688,274680,16407,41.2589,33558000,0.000434071,0,0,0,0,49.9948,68.9187,0,3489890000,0,269189000,134218000,1073890000,269189000,0,239201000,0,67.0819,0,20.6383,20.6414,0,73.5637,32,100,1024,0,0,0,32
nbody_kernel,1454,16384,512,512,1,2,1,1,0,0,2,0.000169071,1,25,0.45402,274684,16407,25.2883,16780800,0.000512352,0,0,0,0,49.9885,66.3957,0,3489940000,0,134709000,67108900,537018000,268960000,0,178337000,0,82.1896,0,25.2859,12.6468,0,67.197,32,100,1024,0,0,0,42
nbody_kernel,1429,16384,512,512,1,2,1,1,0,0,4,0.000125769,0,19,0.461901,275556,16407,12.9765,8392190,0.000521502,0,0,0,0,49.9304,65.8022,0,3490040000,0,67469300,33554400,268583000,268927000,0,147910000,0,84.4144,0,25.9696,6.49637,0,57.239,32,100,1024,0,0,0,61
nbody_kernel,1331,16384,512,512,1,2,1,1,1,0,1,0.000419652,16,43,0.495622,274680,16423,0.108908,69120,18.4243,16777200,65536,0,0,49.9941,69.3991,0,3489890000,0,272859000,134218000,541213000,270729000,0,164014000,0,85.9943,0,26.4409,13.3278,0,64.6229,32,100,1024,8192,0,0,30
nbody_kernel,1247,16384,512,512,1,2,1,1,1,0,2,0.000190278,0,25,0.529209,274656,16407,0.0614551,36352,19.7265,16777200,65536,0,0,49.9941,69.2695,0,3489940000,0,136544000,67108900,270680000,269795000,0,140745000,0,92.2241,0,28.3645,7.15086,0,59.4895,32,100,1024,16384,0,0,44
nbody_kernel,1204,16384,512,512,1,2,1,1,1,0,4,0.00018091,0,23,0.548856,275880,16407,0.0348498,19968,20.405,16777200,65536,0,0,49.9941,69.4063,0,3490040000,0,68386800,33554400,269631000,269369000,0,133309000,0,95.1996,0,29.2832,7.35387,0,58.1715,32,100,1024,32768,0,0,62
nbody_kernel,1548,16384,512,512,1,4,0,0,0,0,1,0.000494091,58,23,0.430285,276984,16407,11.9274,8389630,0.000480875,0,0,0,0,49.9949,66.0577,0,3489890000,0,270680000,67108900,268501000,269697000,0,136451000,0,77.5436,0,23.8539,5.96529,0,48.5025,32,100,1024,0,0,0,44
nbody_kernel,1247,16384,512,512,1,4,0,0,1,0,1,0.000220589,0,29,0.531918,276980,16407,0.0293105,17408,19.635,16777200,65536,0,0,49.9947,69.2032,0,3489890000,0,136987000,67108900,271122000,270746000,0,140842000,0,91.8613,0,28.2582,7.13571,0,59.3069,32,100,1024,8192,0,0,42
nbody_kernel,1545,16384,512,512,1,4,0,1,0,0,1,0.000140856,8,15,0.428299,274684,16407,46.0786,33558000,0.000482765,0,0,0,0,49.728,68.5178,0,3489890000,0,134971000,67108900,1073890000,269156000,0,195160000,0,75.0438,0,23.0878,23.0913,0,67.1431,32,100,1024,0,0,0,39
nbody_kernel,1421,16384,512,512,1,4,0,1,0,0,2,0.000166062,0,25,0.463765,275344,16407,26.0814,16780800,0.000523128,0,0,0,0,49.4406,65.5665,0,3489940000,0,67600400,33554400,537018000,269025000,0,156319000,0,84.9795,0,26.1442,13.0761,0,60.8997,32,100,1024,0,0,0,55
nbody_kernel,1412,16384,512,512,1,4,0,1,0,0,4,0.000127004,0,19,0.465827,274676,16407,13.2427,8392190,0.00105214,0,0,0,0,49.7889,65.002,0,3490040000,0,33931300,16777200,268583000,268960000,0,136902000,0,86.2024,0,26.5196,6.63435,0,54.1008,32,100,1024,0,0,0,64
nbody_kernel,1245,16384,512,512,1,4,0,1,1,0,1,0.000418293,0,55,0.528518,274668,16407,0.116478,69120,19.6997,16777200,65536,0,0,49.9947,69.3859,0,3489890000,0,138641000,67108900,272777000,270762000,0,140946000,0,91.9652,0,28.2768,7.18397,0,59.3901,32,100,1024,8192,0,0,42
nbody_kernel,1194,16384,512,512,1,4,0,1,1,0,2,0.000150628,0,19,0.550966,274680,16407,0.0639456,36352,20.5706,16777200,65536,0,0,49.9938,69.4217,0,3489940000,0,69435400,33554400,270680000,269746000,0,133404000,0,95.9595,0,29.5134,7.4405,0,58.6699,32,100,1024,16384,0,0,59
nbody_kernel,1185,16384,512,512,1,4,0,1,1,0,4,0.000904948,84,29,0.5586,275728,16407,0.0354937,19968,20.7632,16777200,65536,0,0,49.9939,69.3371,0,3490040000,0,34832400,16777200,269631000,269320000,0,129637000,0,96.9674,0,29.827,7.49043,0,57.6199,32,100,1024,32768,0,0,64
nbody_kernel,1549,16384,512,512,1,4,1,0,0,0,1,0.00132231,190,27,0.429777,277208,16407,11.9224,8389630,0.000480268,0,0,0,0,49.995,65.9887,0,3489890000,0,270680000,67108900,268501000,269697000,0,136451000,0,77.5267,0,23.8487,5.96399,0,48.4919,32,100,1024,0,0,0,44
nbody_kernel,1246,16384,512,512,1,4,1,0,1,0,1,0.000220606,0,29,0.531124,276960,16407,0.0293108,17408,19.636,16777200,65536,0,0,49.9946,69.2085,0,3489890000,0,136987000,67108900,271122000,270746000,0,140842000,0,91.8588,0,28.2575,7.13552,0,59.3053,32,100,1024,8192,0,0,42
nbody_kernel,1544,16384,512,512,1,4,1,1,0,0,1,0.000116451,8,11,0.428214,274684,16407,46.0765,33558000,0.00048266,0,0,0,0,49.7305,68.5342,0,3489890000,0,134971000,67108900,1073890000,269156000,0,195160000,0,75.0094,0,23.0772,23.0807,0,67.1124,32,100,1024,0,0,0,39
nbody_kernel,1423,16384,512,512,1,4,1,1,0,0,2,0.000278445,1,41,0.463672,275604,16407,26.0835,16780800,0.000522817,0,0,0,0,49.4349,65.55,0,3489940000,0,67600400,33554400,537018000,269025000,0,156319000,0,84.9504,0,26.1353,13.0716,0,60.8789,32,100,1024,0,0,0,55
nbody_kernel,1414,16384,512,512,1,4,1,1,0,0,4,0.000126974,0,19,0.465797,274668,16407,13.2431,8392190,0.00105208,0,0,0,0,49.7641,64.9728,0,3490040000,0,33931300,16777200,268583000,268960000,0,136902000,0,86.2363,0,26.53,6.63696,0,54.1221,32,100,1024,0,0,0,64
nbody_kernel,1245,16384,512,512,1,4,1,1,1,0,1,0.00023583,0,31,0.52868,274664,16407,0.116462,69120,19.7059,16777200,65536,0,0,49.9947,69.4049,0,3489890000,0,138641000,67108900,272777000,270762000,0,140946000,0,91.9687,0,28.2779,7.18425,0,59.3924,32,100,1024,8192,0,0,42
nbody_kernel,1196,16384,512,512,1,4,1,1,1,0,2,0.000150622,0,19,0.550981,274664,16407,0.0639354,36352,20.5686,16777200,65536,0,0,49.9934,69.4143,0,3489940000,0,69435400,33554400,270680000,269746000,0,133404000,0,95.9603,0,29.5136,7.44056,0,58.6704,32,100,1024,16384,0,0,59
nbody_kernel,1182,16384,512,512,1,4,1,1,1,0,4,0.000184223,0,23,0.558471,275896,16407,0.0354948,19968,20.7658,16777200,65536,0,0,49.9937,69.3447,0,3490040000,0,34832400,16777200,269631000,269320000,0,129637000,0,96.9689,0,29.8275,7.49055,0,57.6208,32,100,1024,32768,0,0,64
nbody_kernel,1441,16384,512,512,1,8,0,0,0,0,1,0.000177241,0,27,0.487416,292976,16407,13.0936,8389630,0.000513314,0,0,0,0,48.8487,64.1789,0,3489890000,0,136462000,33554400,268501000,269697000,0,131208000,0,85.1978,0,26.2084,6.5541,0,51.2425,32,100,1024,0,0,0,60
nbody_kernel,1195,16384,512,512,1,8,0,0,1,0,1,0.000245601,0,31,0.554985,277024,16407,0.0305946,17408,20.5644,16777200,65536,0,0,49.9945,69.4368,0,3489890000,0,69877800,33554400,271122000,270729000,0,133501000,0,95.8857,0,29.4962,7.44832,0,58.6787,32,100,1024,8192,0,0,58
nbody_kernel,1464,16384,512,512,1,8,0,1,0,0,1,0.000123136,0,19,0.451353,274724,16407,48.8588,33558000,0.000508898,0,0,0,0,49.3986,68.164,0,3489890000,0,67862500,33554400,1073890000,269189000,0,173141000,0,79.5166,0,24.4639,24.4676,0,63.1178,32,100,1024,0,0,0,64
nbody_kernel,1416,16384,512,512,1,8,0,1,0,0,2,0.000153254,0,23,0.464809,274900,16407,25.598,16780800,0.000524915,0,0,0,0,49.7967,67.114,0,3489940000,0,34046000,16777200,537018000,268993000,0,145308000,0,83.3038,0,25.6287,12.8182,0,55.4941,32,100,1024,0,0,0,64
nbody_kernel,1415,16384,512,512,1,8,0,1,0,0,4,0.000127139,0,19,0.466843,274684,16455,13.2144,8392190,0.00105384,0,0,0,0,49.5887,65.2225,0,3490040000,0,17154000,8388610,268583000,268976000,0,131397000,0,86.0496,0,26.4726,6.62259,0,51.8341,32,100,1024,0,0,0,64
nbody_kernel,1211,16384,512,512,1,8,0,1,1,0,1,0.000954251,0,122,0.543819,274676,16407,0.119911,69120,20.2866,16777200,65536,0,0,49.9943,69.406,0,3489890000,0,71532500,33554400,272777000,270762000,0,133606000,0,94.6773,0,29.1107,7.39583,0,57.9576,32,100,1024,8192,0,0,58
nbody_kernel,1187,16384,512,512,1,8,0,1,1,0,2,0.000407334,0,51,0.554743,274708,16535,0.0643604,36352,20.6963,16777200,65536,0,0,49.9941,69.3867,0,3489940000,0,35881000,16777200,270680000,269779000,0,129735000,0,96.5947,0,29.7087,7.48975,0,57.4345,32,100,1024,16384,0,0,64
nbody_kernel,1188,16384,512,512,1,8,0,1,1,0,4,0.000215722,0,27,0.556944,275868,16407,0.0353819,19968,20.7052,16777200,65536,0,0,49.9939,69.3775,0,3490040000,0,18055200,8388610,269631000,269320000,0,127802000,0,96.6398,0,29.7263,7.46513,0,56.6119,32,100,1024,32768,0,0,64
nbody_kernel,1437,16384,512,512,1,8,1,0,0,0,1,0.00012428,0,19,0.487883,296468,16407,13.0987,8389630,0.000515847,0,0,0,0,48.8594,64.4953,0,3489890000,0,136462000,33554400,268501000,269697000,0,131208000,0,85.1981,0,26.2085,6.55413,0,51.2427,32,100,1024,0,0,0,60
nbody_kernel,1197,16384,512,512,1,8,1,0,1,0,1,0.000261914,0,33,0.553585,276976,16407,0.0305951,17408,20.4846,16777200,65536,0,0,49.9944,69.1616,0,3489890000,0,69877800,33554400,271122000,270729000,0,133501000,0,95.8936,0,29.4987,7.44893,0,58.6836,32,100,1024,8192,0,0,58
nbody_kernel,1464,16384,512,512,1,8,1,1,0,0,1,0.000187167,0,29,0.451368,274716,16455,48.833,33558000,0.000509175,0,0,0,0,49.3779,68.2175,0,3489890000,0,67862500,33554400,1073890000,269189000,0,173141000,0,79.4974,0,24.458,24.4617,0,63.1026,32,100,1024,0,0,0,64
nbody_kernel,1417,16384,512,512,1,8,1,1,0,0,2,0.000841418,101,25,0.464461,274684,16407,25.61,16780800,0.000524485,0,0,0,0,49.8146,67.0803,0,3489940000,0,34046000,16777200,537018000,268993000,0,145308000,0,83.2772,0,25.6205,12.8142,0,55.4765,32,100,1024,0,0,0,64
nbody_kernel,1417,16384,512,512,1,8,1,1,0,0,4,0.000127074,0,19,0.466058,274672,16407,13.221,8392190,0.00105265,0,0,0,0,49.616,65.1569,0,3490040000,0,17154000,8388610,268583000,268976000,0,131397000,0,86.0389,0,26.4693,6.62176,0,51.8276,32,100,1024,0,0,0,64
nbody_kernel,1211,16384,512,512,1,8,1,1,1,0,1,0.00024244,0,31,0.544056,274684,16407,0.119909,69120,20.292,16777200,65536,0,0,49.9943,69.4219,0,3489890000,0,71532500,33554400,272777000,270762000,0,133606000,0,94.681,0,29.1118,7.39612,0,57.9598,32,100,1024,8192,0,0,58
nbody_kernel,1189,16384,512,512,1,8,1,1,1,0,2,0.000391024,0,49,0.554339,275528,16407,0.0643534,36352,20.6884,16777200,65536,0,0,49.9939,69.3593,0,3489940000,0,35881000,16777200,270680000,269779000,0,129735000,0,96.5957,0,29.7091,7.48982,0,57.4351,32,100,1024,16384,0,0,64
nbody_kernel,1187,16384,512,512,1,8,1,1,1,0,4,0.000215771,0,27,0.557195,275808,16455,0.0353859,19968,20.7074,16777200,65536,0,0,49.994,69.3681,0,3490040000,0,18055200,8388610,269631000,269320000,0,127802000,0,96.6634,0,29.7335,7.46695,0,56.6257,32,100,1024,32768,0,0,64
nbody_kernel,1419,16384,512,512,1,16,0,0,0,0,1,0.000126865,0,19,0.468805,277212,16407,13.2297,8389630,0.000525581,0,0,0,0,49.4465,64.9872,0,3489890000,0,68304900,16793600,268501000,285901000,0,129061000,0,86.55,0,26.501,6.62727,0,50.9666,32,100,1024,0,0,0,64
nbody_kernel,1197,16384,512,512,1,16,0,0,1,0,1,0.000261436,0,33,0.554644,276944,16407,0.0305796,17408,20.5498,16777200,65536,0,0,49.9947,69.4241,0,3489890000,0,36323300,16777200,271122000,270762000,0,129832000,0,95.8352,0,29.4807,7.4444,0,57.0361,32,100,1024,8192,0,0,64
nbody_kernel,1552,16384,512,512,1,16,0,1,0,0,1,6.71187E-05,0,11,0.425958,274656,16407,45.7906,33558000,0.000958346,0,0,0,0,49.5949,68.4465,0,3489890000,0,118735000,16793600,1073890000,285966000,0,155807000,0,75.9971,0,22.9399,22.9437,0,53.2606,32,100,1024,0,0,0,64
nbody_kernel,1421,16384,512,512,1,16,0,1,0,0,2,0.000153479,0,23,0.464794,274668,16407,26.2297,16780800,0.00105004,0,0,0,0,49.617,65.4261,0,3489940000,0,59490300,8404990,537018000,277365000,0,136641000,0,86.2921,0,26.2951,13.152,0,53.5408,32,100,1024,0,0,0,64
nbody_kernel,1429,16384,512,512,1,16,0,1,0,0,4,0.000138944,0,21,0.460704,274660,16407,13.1206,8392190,0.00104022,0,0,0,0,49.7887,64.8956,0,3490040000,0,29868000,4210690,268583000,273105000,0,127062000,0,85.7762,0,26.2622,6.56997,0,49.725,32,100,896,0,0,0,69
nbody_kernel,1200,16384,512,512,1,16,0,1,1,0,1,0.000339784,0,43,0.549116,275596,16407,0.121119,69120,20.5002,16777200,65536,0,0,49.9944,69.4306,0,3489890000,0,37978100,16777200,272777000,270746000,0,129935000,0,95.6401,0,29.4067,7.47104,0,56.9386,32,100,1024,8192,0,0,62
nbody_kernel,1190,16384,512,512,1,16,0,1,1,0,2,0.000119674,0,15,0.553903,274680,16407,0.0643039,36352,20.6681,16777200,65536,0,0,49.9941,69.3451,0,3489940000,0,19120100,8388610,270680000,269812000,0,127901000,0,96.5185,0,29.6852,7.48426,0,56.5779,32,100,1024,16384,0,0,64
nbody_kernel,1194,16384,512,512,1,16,0,1,1,0,4,0.000184049,0,23,0.557953,275760,16407,0.0354448,19968,20.747,16777200,65536,0,0,49.9933,69.3574,0,3490040000,0,9682940,4194300,269631000,269468000,0,126890000,0,96.8401,0,29.7877,7.48421,0,56.3241,32,100,1024,32768,0,0,64
nbody_kernel,1418,16384,512,512,1,16,1,0,0,0,1,0.000126967,0,19,0.46866,276972,16407,13.2271,8389630,0.000525232,0,0,0,0,49.4563,64.9243,0,3489890000,0,68304900,16793600,268501000,285901000,0,129061000,0,86.5763,0,26.509,6.62928,0,50.982,32,100,1024,0,0,0,64
nbody_kernel,1197,16384,512,512,1,16,1,0,1,0,1,0.000245936,0,31,0.553584,276960,16407,0.0305776,17408,20.4801,16777200,65536,0,0,49.9947,69.1882,0,3489890000,0,36323300,16777200,271122000,270762000,0,129832000,0,95.8359,0,29.4809,7.44445,0,57.0365,32,100,1024,8192,0,0,64
nbody_kernel,1556,16384,512,512,1,16,1,1,0,0,1,0.00206387,270,69,0.42609,275216,16407,45.7612,33558000,0.00096044,0,0,0,0,49.5593,68.5765,0,3489890000,0,118735000,16793600,1073890000,285966000,0,155807000,0,76.0187,0,22.9464,22.9503,0,53.2758,32,100,1024,0,0,0,64
nbody_kernel,1419,16384,512,512,1,16,1,1,0,0,2,0.000179907,0,27,0.46495,274676,16407,26.2458,16780800,0.00105021,0,0,0,0,49.6377,65.4347,0,3489940000,0,59490300,8404990,537018000,277365000,0,136641000,0,86.2944,0,26.2958,13.1523,0,53.5422,32,100,1024,0,0,0,64
nbody_kernel,1433,16384,512,512,1,16,1,1,0,0,4,0.0001787,0,27,0.462023,274688,16455,13.1231,8392190,0.00104257,0,0,0,0,49.7775,65.0186,0,3490040000,0,29868000,4210690,268583000,273105000,0,127062000,0,85.8071,0,26.2717,6.57233,0,49.7428,32,100,896,0,0,0,69
nbody_kernel,1200,16384,512,512,1,16,1,1,1,0,1,0.000829755,22,83,0.549952,274676,16463,0.12112,69120,20.4972,16777200,65536,0,0,49.9944,69.4247,0,3489890000,0,37978100,16777200,272777000,270746000,0,129935000,0,95.6347,0,29.4051,7.47062,0,56.9354,32,100,1024,8192,0,0,62
nbody_kernel,1190,16384,512,512,1,16,1,1,1,0,2,0.000901087,60,53,0.554107,275212,16407,0.0643037,36352,20.6798,16777200,65536,0,0,49.9941,69.3882,0,3489940000,0,19120100,8388610,270680000,269812000,0,127901000,0,96.513,0,29.6835,7.48383,0,56.5746,32,100,1024,16384,0,0,64
nbody_kernel,1185,16384,512,512,1,16,1,1,1,0,4,0.000184076,0,23,0.55761,275752,16455,0.0354392,19968,20.7437,16777200,65536,0,0,49.9926,69.3572,0,3490040000,0,9682940,4194300,269631000,269468000,0,126890000,0,96.8252,0,29.7831,7.48305,0,56.3154,32,100,1024,32768,0,0,64
nbody_kernel,1424,16384,512,512,1,32,0,0,0,0,1,0.00215016,310,14,0.466175,276988,16407,13.0318,8389630,0.0010449,0,0,0,0,49.8722,65.5742,0,3489890000,0,34766800,8404990,268501000,277561000,0,127490000,0,85.0606,0,26.1073,6.52921,0,49.5983,32,100,1024,0,0,0,64
nbody_kernel,1196,16384,512,512,1,32,0,0,1,0,1,0.000294026,0,37,0.556051,276960,16407,0.0306592,17408,20.6124,16777200,65536,0,0,49.9941,69.3895,0,3489890000,0,19562500,8388610,271122000,271303000,0,128015000,0,96.0822,0,29.5565,7.47798,0,56.3822,32,100,1024,8192,0,0,61
nbody_kernel,1526,16384,512,512,1,32,0,1,0,0,1,7.42916E-05,0,12,0.431596,274672,16407,46.4091,33558000,0.000971592,0,0,0,0,49.7481,68.3913,0,3489890000,0,60014600,8404990,1073890000,277561000,0,153447000,0,76.3823,0,23.2757,23.2796,0,53.2218,32,100,1024,0,0,0,64
nbody_kernel,1422,16384,512,512,1,32,0,1,0,0,2,0.000160103,1,23,0.464441,274676,16407,26.4586,16780800,0.00104927,0,0,0,0,49.3605,64.8542,0,3489940000,0,30130200,4210690,537018000,273154000,0,135461000,0,86.5747,0,26.5075,13.2582,0,53.507,32,100,1024,0,0,0,64
nbody_kernel,1432,16384,512,512,1,32,0,1,0,0,4,0.000125412,0,19,0.460543,274792,16407,13.1507,8392190,0.00104016,0,0,0,0,49.7969,64.7735,0,3490040000,0,15188000,2113540,268583000,271008000,0,126472000,0,85.7267,0,26.31,6.58192,0,49.5842,32,100,896,0,0,0,69
nbody_kernel,1190,16384,512,512,1,32,0,1,1,0,1,0.000143325,0,18,0.553259,274688,16407,0.122068,69120,20.6586,16777200,65536,0,0,49.9941,69.3521,0,3489890000,0,21217300,8388610,272777000,271319000,0,128119000,0,96.3951,0,29.6388,7.54446,0,56.5855,32,100,1024,8192,0,0,64
nbody_kernel,1190,16384,512,512,1,32,0,1,1,0,2,0.000199233,0,25,0.553798,274680,16407,0.0642199,36352,20.6545,16777200,65536,0,0,49.9923,69.3695,0,3489940000,0,10731500,4194300,270680000,270057000,0,126991000,0,96.3768,0,29.6416,7.48006,0,56.0931,32,100,1024,16384,0,0,64
nbody_kernel,1189,16384,512,512,1,32,0,1,1,0,4,7.94923E-05,0,10,0.553845,275780,16407,0.0353726,19968,20.6006,16777200,65536,0,0,49.9939,68.9493,0,3490040000,0,5488640,2097150,269631000,269468000,0,126431000,0,96.7258,0,29.7526,7.47537,0,56.0542,32,100,1024,32768,0,0,64
nbody_kernel,1427,16384,512,512,1,32,1,0,0,0,1,0.00257632,0,388,0.465688,276976,16455,13.0129,8389630,0.00104348,0,0,0,0,49.8786,65.504,0,3489890000,0,34766800,8404990,268501000,277561000,0,127490000,0,85.036,0,26.0997,6.52733,0,49.5839,32,100,1024,0,0,0,64
nbody_kernel,1194,16384,512,512,1,32,1,0,1,0,1,0.000277974,0,35,0.55607,276984,16407,0.030658,17408,20.6109,16777200,65536,0,0,49.9942,69.3846,0,3489890000,0,19562500,8388610,271122000,271303000,0,128015000,0,96.0818,0,29.5564,7.47795,0,56.382,32,100,1024,8192,0,0,61
nbody_kernel,1534,16384,512,512,1,32,1,1,0,0,1,0.000142306,0,23,0.43207,274660,16407,46.3505,33558000,0.000972954,0,0,0,0,49.7162,68.4815,0,3489890000,0,60014600,8404990,1073890000,277561000,0,153447000,0,76.3886,0,23.2776,23.2815,0,53.2262,32,100,1024,0,0,0,64
nbody_kernel,1418,16384,512,512,1,32,1,1,0,0,2,0.000193746,0,29,0.465312,274668,16407,26.4429,16780800,0.00105102,0,0,0,0,49.3324,64.9642,0,3489940000,0,30130200,4210690,537018000,273154000,0,135461000,0,86.5724,0,26.5067,13.2578,0,53.5055,32,100,1024,0,0,0,64
nbody_kernel,1435,16384,512,512,1,32,1,1,0,0,4,0.000521361,0,79,0.460451,274664,16407,13.1453,8392190,0.00103998,0,0,0,0,49.7959,64.7548,0,3490040000,0,15188000,2113540,268583000,271008000,0,126472000,0,85.7371,0,26.3132,6.58271,0,49.5902,32,100,896,0,0,0,69
nbody_kernel,1191,16384,512,512,1,32,1,1,1,0,1,0.000111482,0,14,0.552981,274688,16407,0.122072,69120,20.6584,16777200,65536,0,0,49.9941,69.3503,0,3489890000,0,21217300,8388610,272777000,271319000,0,128119000,0,96.3967,0,29.6392,7.54458,0,56.5864,32,100,1024,8192,0,0,64
nbody_kernel,1191,16384,512,512,1,32,1,1,1,0,2,0.000167319,0,21,0.553253,274648,16407,0.0642157,36352,20.6585,16777200,65536,0,0,49.992,69.3825,0,3489940000,0,10731500,4194300,270680000,270057000,0,126991000,0,96.3773,0,29.6418,7.48009,0,56.0933,32,100,1024,16384,0,0,64
nbody_kernel,1192,16384,512,512,1,32,1,1,1,0,4,0.000406254,24,27,0.554771,275668,16407,0.0353723,19968,20.6478,16777200,65536,0,0,49.9938,69.1764,0,3490040000,0,5488640,2097150,269631000,269468000,0,126431000,0,96.6293,0,29.7229,7.46791,0,55.9983,32,100,1024,32768,0,0,64
nbody_kernel,2419,8192,512,512,2,0,0,0,0,0,1,0.000193814,0,50,0.172326,146656,30255,7.22487,4195330,0.00015196,0,0,0,0,49.9859,34.4637,0,3489870000,0,68263900,16777200,134283000,269099000,0,124330000,0,93.928,0,28.8965,3.61405,0,53.5364,32,100,1024,0,0,0,64
nbody_kernel,2332,8192,512,512,2,0,0,0,1,0,1,7.69481E-05,0,19,0.174393,139360,32791,0.0163993,9216,5.20867,8388610,32768,0,0,49.9907,34.7469,0,3489870000,0,34971600,16777200,135594000,269615000,0,125477000,0,97.058,0,29.8594,3.77093,0,55.8304,32,100,1024,8192,0,0,63
nbody_kernel,2525,8192,512,512,2,0,0,1,0,0,1,7.4793E-06,0,2,0.160761,144152,27003,27.6015,16780800,0.000146057,0,0,0,0,49.7876,34.6588,0,3489870000,0,134627000,67108900,537018000,268837000,0,178328000,0,89.7656,0,27.6177,13.8129,0,73.389,32,100,1024,0,0,0,46
nbody_kernel,2732,8192,512,512,2,0,0,1,0,0,2,0.000683309,173,25,0.153051,144376,31371,12.7592,8392190,0.00026988,0,0,0,0,49.9842,34.6617,0,3489920000,0,369525000,16785400,268583000,285516000,0,138452000,0,89.3062,0,25.5136,6.38229,0,52.6376,32,100,1024,0,0,0,64
nbody_kernel,2516,8192,512,512,2,0,0,1,0,0,4,7.12682E-05,0,19,0.164473,144064,30639,6.92472,4197890,0.000293306,0,0,0,0,49.9843,34.7263,0,3490020000,0,235176000,33562600,134365000,302268000,0,131109000,0,93.4203,0,27.6765,3.46379,0,54.0714,32,100,896,0,0,0,72
nbody_kernel,2342,8192,512,512,2,0,0,1,1,0,1,0.000332488,0,83,0.174008,140160,32843,0.0644397,36352,5.18889,8388610,32768,0,0,49.9888,34.7477,0,3489870000,0,35799000,16777200,136462000,269640000,0,125531000,0,96.71,0,29.7453,3.78057,0,55.6409,32,100,1024,8192,0,0,63
nbody_kernel,2325,8192,512,512,2,0,0,1,1,0,2,0.000467153,88,27,0.175957,140896,32639,0.0356482,19968,5.22481,8388610,32768,0,0,49.9876,34.7436,0,3489920000,0,152191000,16777200,269631000,269156000,0,131182000,0,97.3836,0,29.9566,7.52274,0,58.5589,32,100,1024,16384,0,0,64
nbody_kernel,2337,8192,512,512,2,0,0,1,1,0,4,0.000453632,10,103,0.176493,141008,32831,0.0209229,11776,5.19915,8388610,32768,0,0,49.9901,34.739,0,3490020000,0,101351000,33554400,134889000,269001000,0,125903000,0,96.914,0,29.8135,3.74579,0,55.9337,32,100,896,32768,0,0,72
nbody_kernel,7923,8192,512,512,2,0,1,0,0,0,1,0.00106313,0,895,28.9677,5090570,100717000,2.37949,4195330,4.64585E-05,0,0,201332000,100687000,46.1054,30.9682,0,3489870000,0,1880480000,268460000,2550530000,537297000,0,276911000,0,35.6465,0,9.83173,23.354,0,40.5688,32,100,1024,0,80,0,29
nbody_kernel,8437,8192,512,512,2,0,1,0,1,0,1,0.000983897,0,888,26.9264,3958350,100717000,0.00478625,9216,2.86068,16777200,32768,201351000,100684000,49.9977,32.7566,0,3489870000,0,1747310000,268460000,2954490000,403350000,0,281188000,0,30.5141,0,8.71546,23.9814,0,36.5181,32,100,1024,8192,80,0,30
nbody_kernel,8665,8192,512,512,2,0,1,1,0,0,1,0.00121801,212,915,27.9964,10879100,100717000,8.38111,16780800,4.24595E-05,0,0,201400000,100698000,46.1773,32.4178,0,3489870000,0,2417260000,268460000,2953270000,403014000,0,302075000,0,36.4839,0,8.58364,23.6089,0,38.6374,32,100,1024,0,80,0,28
nbody_kernel,5950,8192,512,512,2,0,1,1,0,0,2,0.00548767,254,3252,44.3529,21488100,100723000,6.00105,8392190,6.159E-05,0,0,151006000,100687000,46.6566,33.3332,0,3489920000,0,1141880000,134242000,1476870000,402932000,0,209785000,0,44.6572,0,12.1091,16.6555,0,37.854,32,100,1024,0,112,0,40
nbody_kernel,5687,8192,512,512,2,0,1,1,0,0,4,0.336638,64,204794,56.0783,46293600,100735000,3.09443,4197890,6.46232E-05,0,0,125860000,100694000,49.2367,34.1254,0,3490020000,0,504111000,67133400,738673000,402973000,0,163643000,0,41.8901,0,12.4105,8.53782,0,30.2628,32,100,1024,0,160,0,63
nbody_kernel,8440,8192,512,512,2,0,1,1,1,0,1,0.00194422,792,961,26.9243,3957510,100717000,0.018881,36352,2.86452,16777200,32768,201341000,100683000,49.9978,32.8093,0,3489870000,0,1748000000,268460000,2955360000,403546000,0,281243000,0,31.6012,0,8.71313,23.982,0,36.5155,32,100,1024,8192,80,0,30
nbody_kernel,5611,8192,512,512,2,0,1,1,1,0,2,0.0058376,2,3496,43.7473,12496300,100723000,0.0156116,19968,2.15645,8388610,32768,151015000,100688000,49.9966,32.758,0,3489920000,0,874496000,134242000,1477920000,335954000,0,199369000,0,44.2728,0,13.1135,18.0498,0,38.9583,32,100,1024,16384,112,0,41
nbody_kernel,6260,8192,512,512,2,0,1,1,1,0,4,0.419062,0,279612,76.226,118242000,100735000,0.00786666,11776,1.94353,8388610,32768,125864000,100696000,49.9972,34.5511,0,3490020000,0,370287000,67133400,739197000,369598000,0,158434000,0,36.4254,0,11.2057,7.71445,0,26.4553,32,100,1024,32768,160,0,64
nbody_kernel,2420,8192,512,512,2,0,2,0,0,0,1,0.000224856,44,14,0.172054,146372,30003,7.21957,4195330,0.000151718,0,0,0,0,49.986,34.4271,0,3489870000,0,68263900,16777200,134283000,269099000,0,124330000,0,93.8787,0,28.8813,3.61215,0,53.5083,32,100,1024,0,0,0,64
nbody_kernel,2332,8192,512,512,2,0,2,0,1,0,1,0.000253444,20,43,0.175256,140368,32823,0.0163994,9216,5.18888,8388610,32768,0,0,49.9908,34.6149,0,3489870000,0,34971600,16777200,135594000,269615000,0,125477000,0,97.0579,0,29.8594,3.77093,0,55.8303,32,100,1024,8192,0,0,63
nbody_kernel,2524,8192,512,512,2,0,2,1,0,0,1,1.48443E-05,0,4,0.160397,144072,26487,27.6033,16780800,0.000146069,0,0,0,0,49.7949,34.6609,0,3489870000,0,134627000,67108900,537018000,268837000,0,178328000,0,89.7676,0,27.6183,13.8132,0,73.3906,32,100,1024,0,0,0,46
nbody_kernel,2734,8192,512,512,2,0,2,1,0,0,2,0.000517892,1,149,0.152933,144616,31375,12.7582,8392190,0.000269847,0,0,0,0,49.9834,34.6559,0,3489920000,0,369525000,16785400,268583000,285516000,0,138452000,0,89.3104,0,25.5147,6.38258,0,52.6401,32,100,1024,0,0,0,64
nbody_kernel,2517,8192,512,512,2,0,2,1,0,0,4,7.81511E-05,0,21,0.16463,144064,30667,6.92448,4197890,0.000293119,0,0,0,0,49.9848,34.6987,0,3490020000,0,235176000,33562600,134365000,302268000,0,131109000,0,93.4352,0,27.6809,3.46434,0,54.08,32,100,896,0,0,0,72
nbody_kernel,2341,8192,512,512,2,0,2,1,1,0,1,7.61187E-05,0,19,0.173445,139152,32791,0.0644403,36352,5.18799,8388610,32768,0,0,49.9885,34.7421,0,3489870000,0,35799000,16777200,136462000,269640000,0,125531000,0,96.7088,0,29.745,3.78053,0,55.6402,32,100,1024,8192,0,0,63
nbody_kernel,2325,8192,512,512,2,0,2,1,1,0,2,7.66438E-05,0,19,0.176101,140896,32647,0.0356478,19968,5.22551,8388610,32768,0,0,49.9874,34.7486,0,3489920000,0,152191000,16777200,269631000,269156000,0,131182000,0,97.3827,0,29.9563,7.52268,0,58.5584,32,100,1024,16384,0,0,64
nbody_kernel,2337,8192,512,512,2,0,2,1,1,0,4,7.6272E-05,0,19,0.175371,140880,32791,0.0209243,11776,5.19859,8388610,32768,0,0,49.9895,34.7366,0,3490020000,0,101351000,33554400,134889000,269001000,0,125903000,0,96.9102,0,29.8123,3.74564,0,55.9315,32,100,896,32768,0,0,72
nbody_kernel,3262,8192,512,512,2,1,0,0,0,0,1,5.49736E-05,0,19,0.132433,146396,32579,5.41435,4195330,0.000112875,0,0,0,0,49.9901,34.1445,0,3489870000,0,538026000,134218000,134283000,538059000,0,151086000,0,70.4219,0,21.665,2.70961,0,48.776,32,100,1024,0,0,0,42
nbody_kernel,2616,8192,512,512,2,1,0,0,1,0,1,6.85408E-05,0,19,0.156518,139800,32791,0.0146078,9216,9.25942,16777200,32768,0,0,49.9885,34.7271,0,3489870000,0,269853000,134218000,538247000,269623000,0,163750000,0,86.4937,0,26.6094,13.339,0,64.9293,32,100,1024,8192,0,0,41
nbody_kernel,2723,8192,512,512,2,1,0,1,0,0,1,7.91352E-05,0,23,0.149139,144088,25751,25.5639,16780800,0.000135457,0,0,0,0,49.7233,34.7098,0,3489870000,0,268845000,134218000,537018000,268853000,0,180491000,0,83.1287,0,25.5758,12.7916,0,68.7873,32,100,1024,0,0,0,36
nbody_kernel,2719,8192,512,512,2,1,0,1,0,0,2,7.63488E-05,1,21,0.153252,144064,30743,12.8311,8392190,0.000271411,0,0,0,0,49.9878,34.666,0,3489920000,0,470188000,67117100,268583000,335831000,0,144743000,0,89.8017,0,25.6551,6.41769,0,55.3346,32,100,1024,0,0,0,56
nbody_kernel,2517,8192,512,512,2,1,0,1,0,0,4,5.58413E-05,0,15,0.164831,144376,30979,6.9245,4197890,0.000293181,0,0,0,0,49.9856,34.7091,0,3490020000,0,235176000,33562600,134365000,302268000,0,131109000,0,93.4269,0,27.6785,3.46403,0,54.0752,32,100,896,0,0,0,72
nbody_kernel,2610,8192,512,512,2,1,0,1,1,0,1,5.38803E-05,0,15,0.157978,140544,32791,0.057777,36352,9.28248,16777200,32768,0,0,49.9913,34.7429,0,3489870000,0,270680000,134218000,539116000,269640000,0,163804000,0,86.6903,0,26.6635,13.3877,0,65.0828,32,100,1024,8192,0,0,42
nbody_kernel,2336,8192,512,512,2,1,0,1,1,0,2,0.000480464,0,119,0.173903,139488,32763,0.0354724,19968,5.19351,8388610,32768,0,0,49.9872,34.6979,0,3489920000,0,202523000,67108900,269631000,269189000,0,134329000,0,96.9278,0,29.8164,7.48754,0,59.6828,32,100,1024,16384,0,0,56
nbody_kernel,2350,8192,512,512,2,1,0,1,1,0,4,7.62751E-05,0,19,0.175398,140880,32791,0.0209241,11776,5.19899,8388610,32768,0,0,49.9901,34.7383,0,3490020000,0,101351000,33554400,134889000,269001000,0,125903000,0,96.9129,0,29.8131,3.74575,0,55.9331,32,100,896,32768,0,0,72
nbody_kernel,7967,8192,512,512,2,1,1,0,0,0,1,0.00101806,0,869,28.7272,4925700,100717000,2.36733,4195330,4.60972E-05,0,0,201350000,100686000,46.1141,30.8719,0,3489870000,0,1880480000,268460000,2550530000,537297000,0,276911000,0,35.4796,0,9.78567,23.2446,0,40.3788,32,100,1024,0,80,0,29
nbody_kernel,8532,8192,512,512,2,1,1,0,1,0,1,0.00102392,0,934,26.5992,3954780,100717000,0.00476371,9216,2.8298,16777200,32768,201344000,100686000,49.9977,32.5624,0,3489870000,0,1747310000,268460000,2954490000,403350000,0,281188000,0,30.3648,0,8.6728,23.864,0,36.3394,32,100,1024,8192,80,0,30
nbody_kernel,8733,8192,512,512,2,1,1,1,0,0,1,0.00117002,272,817,27.7145,10974000,100717000,8.33869,16780800,4.20743E-05,0,0,201395000,100692000,46.007,32.2422,0,3489870000,0,2417260000,268460000,2953270000,403014000,0,302075000,0,36.3498,0,8.5521,23.5221,0,38.4955,32,100,1024,0,80,0,28
nbody_kernel,5973,8192,512,512,2,1,1,1,0,0,2,0.00515624,192,3106,44.2746,21388600,100723000,5.98597,8392190,6.13943E-05,0,0,151036000,100701000,46.5974,33.299,0,3489920000,0,1141880000,134242000,1476870000,402932000,0,209785000,0,44.561,0,12.0831,16.6197,0,37.7724,32,100,1024,0,112,0,40
nbody_kernel,5680,8192,512,512,2,1,1,1,0,0,4,0.335531,100,204512,56.0117,46221200,100735000,3.09348,4197890,6.46248E-05,0,0,125863000,100713000,49.2605,34.133,0,3490020000,0,504111000,67133400,738673000,402973000,0,163643000,0,41.8818,0,12.4081,8.53614,0,30.2568,32,100,1024,0,160,0,63
nbody_kernel,8535,8192,512,512,2,1,1,1,1,0,1,0.00123873,104,1027,26.5935,3956980,100717000,0.0187905,36352,2.82504,16777200,32768,201340000,100682000,49.9978,32.4989,0,3489870000,0,1748000000,268460000,2955360000,403546000,0,281243000,0,31.4634,0,8.67511,23.8774,0,36.3562,32,100,1024,8192,80,0,30
nbody_kernel,5650,8192,512,512,2,1,1,1,1,0,2,0.0056637,0,3423,43.422,12455200,100723000,0.015518,19968,2.14065,8388610,32768,151025000,100699000,49.9967,32.695,0,3489920000,0,874496000,134242000,1477920000,335954000,0,199369000,0,44.0331,0,13.0425,17.952,0,38.7473,32,100,1024,16384,112,0,41
nbody_kernel,6252,8192,512,512,2,1,1,1,1,0,4,0.418674,320,279209,76.2068,118268000,100735000,0.00785198,11776,1.94062,8388610,32768,125865000,100712000,49.9972,34.5353,0,3490020000,0,370287000,67133400,739197000,369598000,0,158434000,0,36.3874,0,11.194,7.70639,0,26.4277,32,100,1024,32768,160,0,64
nbody_kernel,3261,8192,512,512,2,1,2,0,0,0,1,0.00188292,640,16,0.132315,146368,31823,5.41426,4195330,0.000113117,0,0,0,0,49.99,34.2287,0,3489870000,0,538026000,134218000,134283000,538059000,0,151086000,0,70.3993,0,21.658,2.70874,0,48.7603,32,100,1024,0,0,0,42
nbody_kernel,2616,8192,512,512,2,1,2,0,1,0,1,6.85332E-05,0,19,0.156599,139360,32791,0.0146106,9216,9.26471,16777200,32768,0,0,49.9884,34.7523,0,3489870000,0,269853000,134218000,538247000,269623000,0,163750000,0,86.4802,0,26.6052,13.3369,0,64.9192,32,100,1024,8192,0,0,41
nbody_kernel,2721,8192,512,512,2,1,2,1,0,0,1,7.62114E-05,0,22,0.1497,144128,26651,25.5499,16780800,0.000135362,0,0,0,0,49.7174,34.6847,0,3489870000,0,268845000,134218000,537018000,268853000,0,180491000,0,83.1304,0,25.5763,12.7919,0,68.7887,32,100,1024,0,0,0,36
nbody_kernel,2718,8192,512,512,2,1,2,1,0,0,2,0.000215278,29,33,0.153679,144332,31123,12.8319,8392190,0.000271442,0,0,0,0,49.9877,34.6748,0,3489920000,0,470188000,67117100,268583000,335831000,0,144743000,0,89.7892,0,25.6515,6.4168,0,55.3269,32,100,1024,0,0,0,56
nbody_kernel,2518,8192,512,512,2,1,2,1,0,0,4,0.000588466,112,45,0.164556,144064,30807,6.92475,4197890,0.000293197,0,0,0,0,49.9855,34.7094,0,3490020000,0,235176000,33562600,134365000,302268000,0,131109000,0,93.4313,0,27.6798,3.46419,0,54.0777,32,100,896,0,0,0,72
nbody_kernel,2610,8192,512,512,2,1,2,1,1,0,1,6.10548E-05,0,17,0.157974,140552,32791,0.0577742,36352,9.28422,16777200,32768,0,0,49.9912,34.7425,0,3489870000,0,270680000,134218000,539116000,269640000,0,163804000,0,86.7076,0,26.6689,13.3904,0,65.0957,32,100,1024,8192,0,0,42
nbody_kernel,2338,8192,512,512,2,1,2,1,1,0,2,8.4101E-05,0,21,0.173955,139488,32739,0.0354775,19968,5.19606,8388610,32768,0,0,49.9874,34.7153,0,3489920000,0,202523000,67108900,269631000,269189000,0,134329000,0,96.9269,0,29.8161,7.48747,0,59.6822,32,100,1024,16384,0,0,56
nbody_kernel,2336,8192,512,512,2,1,2,1,1,0,4,7.62618E-05,0,19,0.175342,140880,32791,0.0209237,11776,5.19791,8388610,32768,0,0,49.9903,34.7336,0,3490020000,0,101351000,33554400,134889000,269001000,0,125903000,0,96.906,0,29.811,3.74548,0,55.9291,32,100,896,32768,0,0,72
nbody_kernel,2774,8192,512,512,2,2,0,0,0,0,1,6.4262E-05,0,19,0.152941,146700,31715,6.36606,4195330,0.000132835,0,0,0,0,49.9886,34.1953,0,3489870000,0,269591000,67108900,134283000,336478000,0,134300000,0,82.7513,0,25.458,3.184,0,50.9481,32,100,1024,0,0,0,52
nbody_kernel,2476,8192,512,512,2,2,0,0,1,0,1,7.24255E-05,0,19,0.166224,139360,32791,0.0155416,9216,4.93711,8388610,32768,0,0,49.9888,34.7257,0,3489870000,0,135635000,67108900,269812000,269623000,0,140682000,0,92.0538,0,28.3199,7.11649,0,59.3682,32,100,1024,8192,0,0,50
nbody_kernel,2526,8192,512,512,2,2,0,1,0,0,1,5.60513E-05,0,15,0.160613,144068,26711,27.6051,16780800,0.000146181,0,0,0,0,49.7917,34.682,0,3489870000,0,134627000,67108900,537018000,268837000,0,178328000,0,89.7817,0,27.6227,13.8153,0,73.4022,32,100,1024,0,0,0,46
nbody_kernel,2512,8192,512,512,2,2,0,1,0,0,2,5.25912E-05,0,14,0.164924,144084,30747,13.8748,8392190,0.000293784,0,0,0,0,49.9818,34.6946,0,3489920000,0,235307000,33562600,268583000,302285000,0,135306000,0,93.6559,0,27.7471,6.941,0,55.9449,32,100,1024,0,0,0,62
nbody_kernel,2451,8192,512,512,2,2,0,1,0,0,4,6.87882E-05,0,18,0.168962,144064,31235,7.11844,4197890,0.000300774,0,0,0,0,49.9863,34.6232,0,3490020000,0,117735000,16785400,134365000,285491000,0,126390000,0,94.3053,0,28.4658,3.56257,0,53.6119,32,100,768,0,0,0,80
nbody_kernel,2461,8192,512,512,2,2,0,1,1,0,1,7.23062E-05,0,19,0.16678,142016,32759,0.061371,36352,4.93567,8388610,32768,0,0,49.9883,34.7129,0,3489870000,0,136462000,67108900,270680000,269623000,0,140735000,0,92.0829,0,28.3222,7.13996,0,59.3953,32,100,1024,8192,0,0,49
nbody_kernel,2303,8192,512,512,2,2,0,1,1,0,2,7.73579E-05,0,19,0.177717,140880,32791,0.03598,19968,5.27399,8388610,32768,0,0,49.9906,34.7454,0,3489920000,0,101859000,33554400,135414000,269165000,0,125939000,0,98.2952,0,30.237,3.81354,0,56.7447,32,100,1024,16384,0,0,64
nbody_kernel,2320,8192,512,512,2,2,0,1,1,0,4,0.000337848,0,83,0.175349,139104,32815,0.0210728,11776,5.23747,8388610,32768,0,0,49.9872,34.745,0,3490020000,0,51019800,16777200,134889000,269050000,0,123807000,0,97.6113,0,30.028,3.77274,0,55.3987,32,100,768,32768,0,0,80
nbody_kernel,7771,8192,512,512,2,2,1,0,0,0,1,0.00150914,338,917,29.5142,5119140,100717000,2.40289,4195330,4.72923E-05,0,0,201337000,100681000,46.2632,31.2921,0,3489870000,0,1477760000,201351000,2550530000,470254000,0,260134000,0,36.5291,0,9.90456,23.527,0,38.3932,32,100,1024,0,80,0,32
nbody_kernel,8305,8192,512,512,2,2,1,0,1,0,1,0.00111372,0,989,27.3524,3938470,100717000,0.00482557,9216,2.9067,16777200,32768,201347000,100684000,49.9977,33.0231,0,3489870000,0,1411190000,201351000,2954490000,403931000,0,268605000,0,31.8502,0,8.78419,24.1705,0,35.1591,32,100,1024,8192,80,0,29
nbody_kernel,8471,8192,512,512,2,2,1,1,0,0,1,0.000990622,40,858,28.6349,10962200,100717000,8.52708,16780800,4.34743E-05,0,0,201322000,100682000,46.3404,32.7,0,3489870000,0,1746400000,201351000,2953270000,402792000,0,279006000,0,34.3124,0,8.71294,23.9645,0,36.2243,32,100,1024,0,80,0,36
nbody_kernel,5926,8192,512,512,2,2,1,1,0,0,2,0.00548423,269,3208,44.7588,21414900,100723000,6.03065,8392190,6.21671E-05,0,0,150978000,100703000,46.8503,33.4875,0,3489920000,0,806240000,100688000,1476870000,403030000,0,198251000,0,42.9656,0,12.1663,16.7341,0,35.9415,32,100,1024,0,112,0,48
nbody_kernel,5767,8192,512,512,2,2,1,1,0,0,4,0.329841,0,203584,55.7719,47596400,100735000,3.05806,4197890,6.37161E-05,0,0,125865000,100708000,48.2133,33.9946,0,3490020000,0,386671000,50356200,738673000,352625000,0,157875000,0,41.461,0,12.2834,8.45038,0,28.8972,32,100,1024,0,160,0,64
nbody_kernel,8325,8192,512,512,2,2,1,1,1,0,1,0.00119506,66,997,27.286,3933020,100717000,0.0190151,36352,2.90365,16777200,32768,201342000,100680000,49.9978,33.0197,0,3489870000,0,1412160000,201351000,2955360000,403841000,0,268660000,0,32.3771,0,8.77589,24.1548,0,35.1331,32,100,1024,8192,80,0,31
nbody_kernel,5558,8192,512,512,2,2,1,1,1,0,2,0.00607265,0,3597,44.1477,12453700,100723000,0.0157336,19968,2.17623,8388610,32768,151048000,100682000,49.9967,32.7876,0,3489920000,0,672809000,100688000,1477920000,369861000,0,193078000,0,45.0473,0,13.2218,18.1989,0,38.0405,32,100,1024,16384,112,0,42
nbody_kernel,6176,8192,512,512,2,2,1,1,1,0,4,0.433611,240,284440,76.666,117083000,100735000,0.00795195,11776,1.96344,8388610,32768,125853000,100728000,49.9971,34.5185,0,3490020000,0,319955000,50356200,739197000,336044000,0,155289000,0,37.5416,0,11.3312,7.80086,0,26.2205,32,100,1024,32768,160,0,64
nbody_kernel,2777,8192,512,512,2,2,2,0,0,0,1,0.000222813,44,22,0.153628,146396,31991,6.3676,4195330,0.000132939,0,0,0,0,49.9885,34.2059,0,3489870000,0,269591000,67108900,134283000,336478000,0,134300000,0,82.7909,0,25.4702,3.18553,0,50.9725,32,100,1024,0,0,0,52
nbody_kernel,2460,8192,512,512,2,2,2,0,1,0,1,0.000132948,16,19,0.16466,139360,32791,0.0155288,9216,4.90184,8388610,32768,0,0,49.9888,34.4963,0,3489870000,0,135635000,67108900,269812000,269623000,0,140682000,0,92.0042,0,28.3047,7.11266,0,59.3362,32,100,1024,8192,0,0,50
nbody_kernel,2524,8192,512,512,2,2,2,1,0,0,1,0.00322171,734,134,0.160511,144668,26475,27.6016,16780800,0.000146176,0,0,0,0,49.7903,34.685,0,3489870000,0,134627000,67108900,537018000,268837000,0,178328000,0,89.7712,0,27.6194,13.8137,0,73.3936,32,100,1024,0,0,0,46
nbody_kernel,2512,8192,512,512,2,2,2,1,0,0,2,7.09087E-05,0,19,0.164455,144076,30135,13.8746,8392190,0.000293886,0,0,0,0,49.9812,34.7131,0,3489920000,0,235307000,33562600,268583000,302285000,0,135306000,0,93.6382,0,27.7418,6.93969,0,55.9343,32,100,1024,0,0,0,62
nbody_kernel,2454,8192,512,512,2,2,2,1,0,0,4,7.25891E-05,0,19,0.169108,144064,31187,7.11976,4197890,0.000301116,0,0,0,0,49.9863,34.6752,0,3490020000,0,117735000,16785400,134365000,285491000,0,126390000,0,94.271,0,28.4554,3.56127,0,53.5924,32,100,768,0,0,0,80
nbody_kernel,2459,8192,512,512,2,2,2,1,1,0,1,7.29186E-05,0,19,0.166663,140480,32763,0.0613787,36352,4.93592,8388610,32768,0,0,49.9884,34.7191,0,3489870000,0,136462000,67108900,270680000,269623000,0,140735000,0,92.071,0,28.3185,7.13904,0,59.3876,32,100,1024,8192,0,0,49
nbody_kernel,2303,8192,512,512,2,2,2,1,1,0,2,7.78864E-05,0,19,0.177615,140984,32791,0.0359811,19968,5.27394,8388610,32768,0,0,49.9901,34.7458,0,3489920000,0,101859000,33554400,135414000,269165000,0,125939000,0,98.2934,0,30.2364,3.81347,0,56.7437,32,100,1024,16384,0,0,64
nbody_kernel,2319,8192,512,512,2,2,2,1,1,0,4,7.7362E-05,0,19,0.17479,139232,32771,0.0210732,11776,5.23769,8388610,32768,0,0,49.9872,34.7458,0,3490020000,0,51019800,16777200,134889000,269050000,0,123807000,0,97.6131,0,30.0285,3.77281,0,55.3997,32,100,768,32768,0,0,80
nbody_kernel,2374,8192,512,512,2,4,0,0,0,0,1,1.99E-05,0,5,0.174955,145880,30155,7.34791,4195330,0.00015559,0,0,0,0,49.9859,34.6924,0,3489870000,0,135373000,33554400,134283000,269099000,0,126952000,0,95.5379,0,29.3918,3.67599,0,55.602,32,100,1024,0,0,0,59
nbody_kernel,2387,8192,512,512,2,4,0,0,1,0,1,7.46157E-05,0,19,0.170479,139360,32791,0.0160155,9216,5.08568,8388610,32768,0,0,49.99,34.7399,0,3489870000,0,68526100,33554400,135594000,269623000,0,129147000,0,94.7853,0,29.1603,3.68263,0,56.1179,32,100,1024,8192,0,0,63
nbody_kernel,2407,8192,512,512,2,4,0,1,0,0,1,0.000152038,16,23,0.166965,144048,25179,28.9506,16780800,0.000153397,0,0,0,0,49.8153,34.7058,0,3489870000,0,67518500,33554400,537018000,268845000,0,156308000,0,94.1492,0,28.9664,14.4874,0,67.4684,32,100,1024,0,0,0,60
nbody_kernel,2518,8192,512,512,2,4,0,1,0,0,2,8.56324E-05,0,23,0.165563,144068,31867,13.8652,8392190,0.000293157,0,0,0,0,49.987,34.6487,0,3489920000,0,117866000,16785400,268583000,285524000,0,130588000,0,91.8468,0,27.7245,6.93534,0,53.9501,32,100,1024,0,0,0,64
nbody_kernel,2380,8192,512,512,2,4,0,1,0,0,4,7.48883E-05,0,19,0.173797,144060,31147,7.33406,4197890,0.000310277,0,0,0,0,49.9861,34.6809,0,3490020000,0,59015200,8396800,134365000,277127000,0,124031000,0,96.2067,0,29.3163,3.66901,0,54.1833,32,100,640,0,0,0,86
nbody_kernel,2362,8192,512,512,2,4,0,1,1,0,1,7.54524E-05,0,19,0.174565,141856,32791,0.0638805,36352,5.14375,8388610,32768,0,0,49.9898,34.7475,0,3489870000,0,69353500,33554400,136462000,269648000,0,129201000,0,95.8693,0,29.4867,3.74771,0,56.7699,32,100,1024,8192,0,0,62
nbody_kernel,2315,8192,512,512,2,4,0,1,1,0,2,7.7488E-05,0,19,0.175076,139120,32791,0.0357913,19968,5.24573,8388610,32768,0,0,49.9879,34.7459,0,3489920000,0,51527700,16777200,135414000,269148000,0,123842000,0,97.7673,0,30.0746,3.79306,0,55.4999,32,100,1024,16384,0,0,64
nbody_kernel,2330,8192,512,512,2,4,0,1,1,0,4,0.000141936,16,19,0.175551,140880,32487,0.0209858,11776,5.218,8388610,32768,0,0,49.9868,34.7521,0,3490020000,0,25854000,8388610,134889000,269058000,0,122759000,0,97.2078,0,29.9039,3.75874,0,54.7024,32,100,768,32768,0,0,80
nbody_kernel,7705,8192,512,512,2,4,1,0,0,0,1,0.00179912,444,1031,29.8005,5192990,100717000,2.41907,4195330,4.76927E-05,0,0,201386000,100682000,46.2782,31.3712,0,3489870000,0,1276100000,167797000,2550530000,503882000,0,253834000,0,35.8083,0,9.96325,23.6665,0,37.6855,32,100,1024,0,80,0,31
nbody_kernel,8271,8192,512,512,2,4,1,0,1,0,1,0.00108687,0,960,27.4912,3936640,100717000,0.00483465,9216,2.92549,16777200,32768,201347000,100683000,49.9977,33.1683,0,3489870000,0,1209790000,167797000,2954490000,504668000,0,264411000,0,31.0899,0,8.80228,24.2203,0,34.6813,32,100,1024,8192,80,0,29
nbody_kernel,8389,8192,512,512,2,4,1,1,0,0,1,0.000972029,0,871,28.9173,11066700,100717000,8.59095,16780800,4.38346E-05,0,0,201293000,100681000,46.4264,32.7587,0,3489870000,0,1376960000,167797000,2953270000,503792000,0,269569000,0,32.6137,0,8.7694,24.1198,0,35.2259,32,100,1024,0,80,0,36
nbody_kernel,5885,8192,512,512,2,4,1,1,0,0,2,0.00501552,13,3132,44.9071,21376300,100723000,6.05155,8392190,6.23857E-05,0,0,151034000,100711000,46.9669,33.5031,0,3489920000,0,655237000,83910700,1476870000,419815000,0,193532000,0,41.9525,0,12.2034,16.7851,0,35.1931,32,100,1024,0,112,0,48
nbody_kernel,5791,8192,512,512,2,4,1,1,0,0,4,0.325359,0,202615,55.481,48104900,100735000,3.04497,4197890,6.32611E-05,0,0,125782000,100691000,47.7181,33.8849,0,3490020000,0,327959000,41967600,738673000,344244000,0,155516000,0,40.9159,0,12.2352,8.4172,0,28.3537,32,100,1024,0,160,0,64
nbody_kernel,8245,8192,512,512,2,4,1,1,1,0,1,0.00114643,72,935,27.4636,3946540,100717000,0.0190841,36352,2.92344,16777200,32768,201353000,100680000,49.9977,33.1216,0,3489870000,0,1244590000,167797000,2955360000,470753000,0,264465000,0,31.3936,0,8.80851,24.2446,0,34.7131,32,100,1024,8192,80,0,31
nbody_kernel,5508,8192,512,512,2,4,1,1,1,0,2,0.00606635,0,3563,44.5698,12477600,100723000,0.0158541,19968,2.1969,8388610,32768,151014000,100684000,49.9966,32.8511,0,3489920000,0,588915000,83910700,1477920000,403423000,0,190980000,0,44.9706,0,13.3216,18.3362,0,37.9112,32,100,1024,16384,112,0,42
nbody_kernel,6175,8192,512,512,2,4,1,1,1,0,4,0.437285,674,286820,76.7933,117129000,100735000,0.00794814,11776,1.96842,8388610,32768,125860000,100739000,49.9971,34.6163,0,3490020000,0,294797000,41967600,739197000,336101000,0,154242000,0,37.5214,0,11.3251,7.79735,0,26.0297,32,100,1024,32768,160,0,61
nbody_kernel,2372,8192,512,512,2,4,2,0,0,0,1,3.97793E-05,0,10,0.175076,145884,30415,7.34355,4195330,0.000155484,0,0,0,0,49.9858,34.672,0,3489870000,0,135373000,33554400,134283000,269099000,0,126952000,0,95.5296,0,29.3892,3.67567,0,55.5971,32,100,1024,0,0,0,59
nbody_kernel,2388,8192,512,512,2,4,2,0,1,0,1,8.64189E-05,8,14,0.170659,139360,32839,0.016016,9216,5.08572,8388610,32768,0,0,49.99,34.7395,0,3489870000,0,68526100,33554400,135594000,269623000,0,129147000,0,94.7873,0,29.1609,3.68271,0,56.1191,32,100,1024,8192,0,0,63
nbody_kernel,2405,8192,512,512,2,4,2,1,0,0,1,0.0011178,168,117,0.168439,144056,26407,28.9436,16780800,0.000153363,0,0,0,0,49.8131,34.6955,0,3489870000,0,67518500,33554400,537018000,268845000,0,156308000,0,94.1561,0,28.9685,14.4885,0,67.4733,32,100,1024,0,0,0,60
nbody_kernel,2517,8192,512,512,2,4,2,1,0,0,2,8.61678E-05,0,23,0.165257,145932,31695,13.8618,8392190,0.000293106,0,0,0,0,49.9871,34.6394,0,3489920000,0,117866000,16785400,268583000,285524000,0,130588000,0,91.8554,0,27.727,6.93599,0,53.9551,32,100,1024,0,0,0,64
nbody_kernel,2379,8192,512,512,2,4,2,1,0,0,4,7.54486E-05,0,19,0.174079,144064,31487,7.33286,4197890,0.000310428,0,0,0,0,49.986,34.7061,0,3490020000,0,59015200,8396800,134365000,277127000,0,124031000,0,96.1839,0,29.3093,3.66813,0,54.1704,32,100,640,0,0,0,86
nbody_kernel,2361,8192,512,512,2,4,2,1,1,0,1,0.000504376,36,91,0.174804,141856,32791,0.0638811,36352,5.14309,8388610,32768,0,0,49.9894,34.7423,0,3489870000,0,69353500,33554400,136462000,269648000,0,129201000,0,95.8714,0,29.4874,3.74779,0,56.7711,32,100,1024,8192,0,0,62
nbody_kernel,2316,8192,512,512,2,4,2,1,1,0,2,6.93053E-05,0,17,0.175505,139120,32791,0.0357892,19968,5.24589,8388610,32768,0,0,49.9877,34.7465,0,3489920000,0,51527700,16777200,135414000,269148000,0,123842000,0,97.7685,0,30.075,3.7931,0,55.5006,32,100,1024,16384,0,0,64
nbody_kernel,2328,8192,512,512,2,4,2,1,1,0,4,9.26196E-05,4,19,0.175711,140880,32563,0.0209856,11776,5.21682,8388610,32768,0,0,49.9869,34.7442,0,3490020000,0,25854000,8388610,134889000,269058000,0,122759000,0,97.208,0,29.9039,3.75875,0,54.7024,32,100,768,32768,0,0,80
nbody_kernel,2406,8192,512,512,2,8,0,0,0,0,1,0.000160984,22,19,0.173957,145880,31103,7.25487,4195330,0.000153449,0,0,0,0,49.9858,34.6547,0,3489870000,0,68263900,16785400,134283000,269083000,0,124330000,0,94.3257,0,29.0189,3.62935,0,53.7628,32,100,1024,0,0,0,63
nbody_kernel,2332,8192,512,512,2,8,0,0,1,0,1,0.00025342,0,63,0.174151,139360,32799,0.0164004,9216,5.18875,8388610,32768,0,0,49.99,34.612,0,3489870000,0,34971600,16777200,135594000,269615000,0,125477000,0,97.0636,0,29.8612,3.77115,0,55.8336,32,100,1024,8192,0,0,63
nbody_kernel,2366,8192,512,512,2,8,0,1,0,0,1,7.53459E-05,0,19,0.166708,144332,22167,29.4449,16780800,0.000311222,0,0,0,0,49.5648,34.6062,0,3489870000,0,33980400,16777200,537018000,268886000,0,145300000,0,95.7834,0,29.4691,14.7391,0,63.8053,32,100,1024,0,0,0,64
nbody_kernel,2417,8192,512,512,2,8,0,1,0,0,2,7.82173E-05,1,19,0.169185,144068,28755,14.4368,8392190,0.000305693,0,0,0,0,49.958,34.6903,0,3489920000,0,59146200,8396800,268583000,277127000,0,128229000,0,94.7572,0,28.8754,7.22325,0,55.1744,32,100,896,0,0,0,70
nbody_kernel,2339,8192,512,512,2,8,0,1,0,0,4,7.61562E-05,0,19,0.171982,144348,25535,7.44887,4197890,0.000315708,0,0,0,0,49.6786,34.7418,0,3490020000,0,29655000,4202500,134365000,272916000,0,122851000,0,97.254,0,29.7772,3.72669,0,54.5115,32,100,640,0,0,0,88
nbody_kernel,2330,8192,512,512,2,8,0,1,1,0,1,6.88876E-05,0,17,0.174067,139152,32755,0.0647454,36352,5.21304,8388610,32768,0,0,49.9891,34.7449,0,3489870000,0,35799000,16777200,136462000,269640000,0,125531000,0,97.168,0,29.8862,3.79848,0,55.9044,32,100,1024,8192,0,0,62
nbody_kernel,2339,8192,512,512,2,8,0,1,1,0,2,0.000100211,0,25,0.173975,139120,32823,0.0354201,19968,5.19235,8388610,32768,0,0,49.9877,34.749,0,3489920000,0,26378200,8388610,135414000,269189000,0,122795000,0,96.7611,0,29.765,3.75424,0,54.4643,32,100,1024,16384,0,0,64
nbody_kernel,2331,8192,512,512,2,8,0,1,1,0,4,7.64551E-05,0,19,0.174089,139120,32747,0.0209677,11776,5.21279,8388610,32768,0,0,49.9875,34.7478,0,3490020000,0,13271000,4194300,134889000,269058000,0,122235000,0,97.1228,0,29.8777,3.75546,0,54.4211,32,100,768,32768,0,0,80
nbody_kernel,7851,8192,512,512,2,8,1,0,0,0,1,0.00125657,208,851,29.9144,7917260,100717000,2.3969,4195330,4.66859E-05,0,0,201357000,100694000,45.9464,31.2474,0,3489870000,0,1141890000,151020000,2550530000,554287000,0,250691000,0,34.4257,0,9.79154,23.2586,0,36.5773,32,100,1024,0,80,0,33
nbody_kernel,8543,8192,512,512,2,8,1,0,1,0,1,0.0010814,106,877,27.3926,6878970,100717000,0.00476942,9216,2.83522,16777200,32768,201338000,100691000,49.9978,32.5746,0,3489870000,0,1125900000,151020000,2954490000,538305000,0,262316000,0,30.4057,0,8.68615,23.9008,0,33.9527,32,100,1024,8192,80,0,31
nbody_kernel,8596,8192,512,512,2,8,1,1,0,0,1,0.00202985,1024,839,28.7404,12962500,100717000,8.57618,16780800,4.28674E-05,0,0,201352000,100682000,46.2215,32.2348,0,3489870000,0,1192410000,151020000,2953270000,554205000,0,264853000,0,31.0502,0,8.71528,23.9709,0,34.396,32,100,1024,0,80,0,38
nbody_kernel,5762,8192,512,512,2,8,1,1,0,0,2,0.00486804,0,3016,44.3229,17728600,100723000,6.13016,8392190,6.3425E-05,0,0,150987000,100695000,47.5527,33.6375,0,3489920000,0,596558000,75522000,1476870000,411468000,0,191176000,0,42.0947,0,12.3571,16.9966,0,35.2024,32,100,1024,0,112,0,50
nbody_kernel,5788,8192,512,512,2,8,1,1,0,0,4,0.191618,36,118157,56.0301,48247400,100735000,3.0405,4197890,0.000127475,0,0,125830000,100691000,47.6439,34.188,0,3490020000,0,298664000,37773300,738673000,340083000,0,154340000,0,40.6677,0,12.218,8.40548,0,28.0996,32,100,1024,0,160,0,64
nbody_kernel,8564,8192,512,512,2,8,1,1,1,0,1,0.00113564,56,975,27.1784,6849360,100717000,0.0188082,36352,2.81301,16777200,32768,201364000,100687000,49.9978,32.3327,0,3489870000,0,1126880000,151020000,2955360000,538214000,0,262371000,0,30.3996,0,8.6826,23.898,0,33.9459,32,100,1024,8192,80,0,33
nbody_kernel,5310,8192,512,512,2,8,1,1,1,0,2,0.00637486,208,3413,44.7867,8947310,100723000,0.0160296,19968,2.27735,8388610,32768,151010000,100688000,49.9966,33.687,0,3489920000,0,563790000,75522000,1477920000,403472000,0,189935000,0,45.4609,0,13.4668,18.5361,0,38.1147,32,100,1024,16384,112,0,44
nbody_kernel,6184,8192,512,512,2,8,1,1,1,0,4,0.231997,0,151806,76.6925,117102000,100735000,0.00795094,11776,1.96715,8388610,32768,125878000,100698000,49.9969,34.5885,0,3490020000,0,282280000,37773300,739197000,336151000,0,153721000,0,37.5262,0,11.3265,7.7984,0,25.9451,32,100,1024,32768,160,0,63
nbody_kernel,2407,8192,512,512,2,8,2,0,0,0,1,0.000824103,200,10,0.17366,145896,31187,7.25117,4195330,0.000153489,0,0,0,0,49.9858,34.659,0,3489870000,0,68263900,16785400,134283000,269083000,0,124330000,0,94.3389,0,29.0229,3.62986,0,53.7703,32,100,1024,0,0,0,63
nbody_kernel,2332,8192,512,512,2,8,2,0,1,0,1,7.64204E-05,0,19,0.1741,139360,32791,0.0164002,9216,5.18947,8388610,32768,0,0,49.9901,34.6167,0,3489870000,0,34971600,16777200,135594000,269615000,0,125477000,0,97.064,0,29.8613,3.77116,0,55.8338,32,100,1024,8192,0,0,63
nbody_kernel,2367,8192,512,512,2,8,2,1,0,0,1,2.39437E-05,0,6,0.166091,144737,21687,29.4375,16780800,0.000311933,0,0,0,0,49.5688,34.6896,0,3489870000,0,33980400,16777200,537018000,268886000,0,145300000,0,95.7712,0,29.4654,14.7372,0,63.7972,32,100,1024,0,0,0,64
nbody_kernel,2418,8192,512,512,2,8,2,1,0,0,2,0.000710114,1,182,0.170524,144064,29667,14.4351,8392190,0.000305442,0,0,0,0,49.9604,34.6696,0,3489920000,0,59146200,8396800,268583000,277127000,0,128229000,0,94.736,0,28.8689,7.22163,0,55.1621,32,100,896,0,0,0,70
nbody_kernel,2339,8192,512,512,2,8,2,1,0,0,4,0.00010823,4,23,0.172405,144312,25847,7.44875,4197890,0.000315634,0,0,0,0,49.6685,34.7353,0,3490020000,0,29655000,4202500,134365000,272916000,0,122851000,0,97.2493,0,29.7757,3.72651,0,54.5088,32,100,640,0,0,0,88
nbody_kernel,2329,8192,512,512,2,8,2,1,1,0,1,6.88997E-05,0,17,0.174094,139280,32791,0.0647451,36352,5.21346,8388610,32768,0,0,49.9884,34.7468,0,3489870000,0,35799000,16777200,136462000,269640000,0,125531000,0,97.1704,0,29.8869,3.79857,0,55.9058,32,100,1024,8192,0,0,62
nbody_kernel,2339,8192,512,512,2,8,2,1,1,0,2,0.00042386,88,17,0.173426,139120,32791,0.0354202,19968,5.19285,8388610,32768,0,0,49.9884,34.7529,0,3489920000,0,26378200,8388610,135414000,269189000,0,122795000,0,96.7594,0,29.7645,3.75417,0,54.4633,32,100,1024,16384,0,0,64
nbody_kernel,2331,8192,512,512,2,8,2,1,1,0,4,6.88797E-05,0,17,0.174167,139120,32811,0.0209684,11776,5.2127,8388610,32768,0,0,49.9873,34.7469,0,3490020000,0,13271000,4194300,134889000,269058000,0,122235000,0,97.1239,0,29.878,3.7555,0,54.4217,32,100,768,32768,0,0,80
nbody_kernel,2343,8192,512,512,2,16,0,0,0,0,1,0.0006727,150,17,0.175139,145904,28071,7.43945,4195330,0.000315076,0,0,0,0,49.9486,34.675,0,3489870000,0,34725900,8396800,134283000,269091000,0,123020000,0,96.783,0,29.7748,3.72412,0,54.582,32,100,1024,0,0,0,63
nbody_kernel,2334,8192,512,512,2,16,0,0,1,0,1,6.87656E-05,0,17,0.174131,140016,32791,0.0163857,9216,5.20947,8388610,32768,0,0,49.9895,34.7486,0,3489870000,0,18210800,8388610,135594000,269910000,0,123652000,0,96.9742,0,29.8336,3.77495,0,54.9706,32,100,1024,8192,0,0,64
nbody_kernel,2428,8192,512,512,2,16,0,1,0,0,1,0.000189238,16,33,0.163866,144304,22875,28.7167,16780800,0.000304067,0,0,0,0,49.5433,34.6742,0,3489870000,0,59408400,8396800,537018000,277234000,0,136632000,0,94.2955,0,28.7351,14.3719,0,58.5043,32,100,1024,0,0,0,64
nbody_kernel,2380,8192,512,512,2,16,0,1,0,0,2,8.27579E-05,0,21,0.165868,144184,22299,14.64,8392190,0.000310396,0,0,0,0,49.3805,34.7407,0,3489920000,0,29786100,4202500,268583000,272941000,0,127049000,0,95.618,0,29.2771,7.32374,0,55.4275,32,100,896,0,0,0,69
nbody_kernel,2352,8192,512,512,2,16,0,1,0,0,4,0.00046653,96,21,0.172881,144316,27895,7.40878,4197890,0.000312854,0,0,0,0,49.4958,34.6109,0,3490020000,0,14975000,2105340,134365000,270811000,0,122261000,0,96.5081,0,29.6196,3.70697,0,53.9626,32,100,768,0,0,0,80
nbody_kernel,2337,8192,512,512,2,16,0,1,1,0,1,0.000109183,2,25,0.173789,140336,32487,0.0645232,36352,5.20546,8388610,32768,0,0,49.9875,34.7604,0,3489870000,0,19038200,8388610,136462000,269926000,0,123705000,0,96.8894,0,29.8004,3.79485,0,54.9333,32,100,1024,8192,0,0,64
nbody_kernel,2324,8192,512,512,2,16,0,1,1,0,2,5.64872E-05,0,14,0.17482,139368,32791,0.0356497,19968,5.22869,8388610,32768,0,0,49.9876,34.7495,0,3489920000,0,13795300,4194300,135414000,269320000,0,122275000,0,97.3923,0,29.9592,3.78216,0,54.5874,32,100,1024,16384,0,0,64
nbody_kernel,2338,8192,512,512,2,16,0,1,1,0,4,6.46122E-05,0,16,0.173926,139120,32791,0.0209065,11776,5.19672,8388610,32768,0,0,49.9894,34.7395,0,3490020000,0,6979580,2097150,134889000,269058000,0,121973000,0,96.8467,0,29.7928,3.74478,0,54.15,32,100,768,32768,0,0,80
nbody_kernel,7834,8192,512,512,2,16,1,0,0,0,1,0.0020754,956,777,29.9536,7935760,100717000,2.40328,4195330,4.67352E-05,0,0,201327000,100672000,45.9908,31.2407,0,3489870000,0,1108340000,142631000,2550530000,545898000,0,249118000,0,34.3929,0,9.804,23.2882,0,36.3941,32,100,1024,0,80,0,33
nbody_kernel,8466,8192,512,512,2,16,1,0,1,0,1,0.00105965,0,956,27.4218,6868430,100717000,0.00477403,9216,2.84074,16777200,32768,201317000,100687000,49.9978,32.6142,0,3489870000,0,1100730000,142631000,2954490000,538305000,0,261267000,0,30.428,0,8.69251,23.9183,0,33.8417,32,100,1024,8192,80,0,31
nbody_kernel,8561,8192,512,512,2,16,1,1,0,0,1,0.000978656,28,867,28.8178,13007200,100717000,8.58699,16780800,4.29148E-05,0,0,201307000,100663000,46.2198,32.2212,0,3489870000,0,1133690000,142631000,2953270000,545817000,0,262494000,0,30.825,0,8.72863,24.0076,0,34.1418,32,100,1024,0,80,0,38
nbody_kernel,5760,8192,512,512,2,16,1,1,0,0,2,0.00543756,216,3129,44.2617,17769600,100723000,6.13341,8392190,6.34367E-05,0,0,150999000,100705000,47.5747,33.6265,0,3489920000,0,567198000,71327700,1476870000,407273000,0,189996000,0,41.9231,0,12.3634,17.0052,0,35.003,32,100,1024,0,112,0,50
nbody_kernel,5797,8192,512,512,2,16,1,1,0,0,4,0.193048,322,118804,56.0932,48589100,100735000,3.03656,4197890,0.000127469,0,0,125868000,100703000,47.5575,34.2629,0,3490020000,0,283984000,35676200,738673000,337986000,0,153750000,0,40.4816,0,12.1907,8.3867,0,27.9297,32,100,1024,0,160,0,64
nbody_kernel,8474,8192,512,512,2,16,1,1,1,0,1,0.00125713,180,972,27.3763,6890100,100717000,0.0188218,36352,2.83395,16777200,32768,201336000,100689000,49.9978,32.5637,0,3489870000,0,1101710000,142631000,2955360000,538214000,0,261322000,0,30.4085,0,8.68516,23.9051,0,33.8202,32,100,1024,8192,80,0,33
nbody_kernel,5301,8192,512,512,2,16,1,1,1,0,2,0.00591827,0,3363,44.7646,8960780,100723000,0.0160431,19968,2.27803,8388610,32768,151021000,100691000,49.9965,33.6575,0,3489920000,0,551207000,71327700,1477920000,403472000,0,189410000,0,45.5141,0,13.4826,18.5578,0,38.054,32,100,1024,16384,112,0,44
nbody_kernel,6196,8192,512,512,2,16,1,1,1,0,4,0.233109,0,153146,76.7855,117120000,100735000,0.00794813,11776,1.96834,8388610,32768,125883000,100704000,49.997,34.6133,0,3490020000,0,275988000,35676200,739197000,336151000,0,153459000,0,37.522,0,11.3253,7.79755,0,25.898,32,100,1024,32768,160,0,63
nbody_kernel,2344,8192,512,512,2,16,2,0,0,0,1,0.000455996,76,38,0.175136,145908,27571,7.43457,4195330,0.000315199,0,0,0,0,49.951,34.7039,0,3489870000,0,34725900,8396800,134283000,269091000,0,123020000,0,96.7402,0,29.7616,3.72247,0,54.5579,32,100,1024,0,0,0,63
nbody_kernel,2335,8192,512,512,2,16,2,0,1,0,1,7.63442E-05,0,19,0.174123,139360,32791,0.016386,9216,5.20955,8388610,32768,0,0,49.9896,34.7484,0,3489870000,0,18210800,8388610,135594000,269910000,0,123652000,0,96.9761,0,29.8342,3.77502,0,54.9717,32,100,1024,8192,0,0,64
nbody_kernel,2427,8192,512,512,2,16,2,1,0,0,1,4.6376E-05,0,12,0.16414,144340,23547,28.7113,16780800,0.000304309,0,0,0,0,49.548,34.7042,0,3489870000,0,59408400,8396800,537018000,277234000,0,136632000,0,94.2892,0,28.7332,14.371,0,58.5004,32,100,1024,0,0,0,64
nbody_kernel,2379,8192,512,512,2,16,2,1,0,0,2,9.53189E-05,1,23,0.165979,144812,22527,14.6391,8392190,0.00031041,0,0,0,0,49.3821,34.7394,0,3489920000,0,29786100,4202500,268583000,272941000,0,127049000,0,95.6259,0,29.2795,7.32434,0,55.4321,32,100,896,0,0,0,69
nbody_kernel,2352,8192,512,512,2,16,2,1,0,0,4,9.96492E-05,0,25,0.171603,144292,26487,7.40875,4197890,0.000313937,0,0,0,0,49.498,34.7324,0,3490020000,0,14975000,2105340,134365000,270811000,0,122261000,0,96.5031,0,29.6181,3.70678,0,53.9599,32,100,768,0,0,0,80
nbody_kernel,2336,8192,512,512,2,16,2,1,1,0,1,8.42824E-05,0,21,0.173871,139560,32507,0.0645607,36352,5.20349,8388610,32768,0,0,49.9875,34.7462,0,3489870000,0,19038200,8388610,136462000,269926000,0,123705000,0,96.8922,0,29.8013,3.79497,0,54.935,32,100,1024,8192,0,0,64
nbody_kernel,2325,8192,512,512,2,16,2,1,1,0,2,0.000133143,0,33,0.174771,139368,32791,0.0356513,19968,5.20857,8388610,32768,0,0,49.9873,34.6163,0,3489920000,0,13795300,4194300,135414000,269320000,0,122275000,0,97.391,0,29.9588,3.78211,0,54.5866,32,100,1024,16384,0,0,64
nbody_kernel,2339,8192,512,512,2,16,2,1,1,0,4,7.67952E-05,0,19,0.173522,139240,32791,0.0209074,11776,5.19665,8388610,32768,0,0,49.9896,34.741,0,3490020000,0,6979580,2097150,134889000,269058000,0,121973000,0,96.8412,0,29.7911,3.74457,0,54.1469,32,100,768,32768,0,0,80
nbody_kernel,2333,8192,512,512,2,32,0,0,0,0,1,0.00118974,0,296,0.168636,146016,20283,7.45617,4195330,0.000316512,0,0,0,0,49.4472,34.7462,0,3489870000,0,17948700,4202500,134283000,269091000,0,122365000,0,97.025,0,29.8492,3.73343,0,54.427,32,100,1024,0,0,0,64
nbody_kernel,2332,8192,512,512,2,32,0,0,1,0,1,0.00131502,300,27,0.174627,139360,32791,0.0163986,9216,5.19442,8388610,32768,0,0,49.9895,34.6176,0,3489870000,0,9822210,4194300,135594000,269910000,0,122734000,0,97.06,0,29.86,3.77829,0,54.611,32,100,1024,8192,0,0,64
nbody_kernel,2400,8192,512,512,2,32,0,1,0,0,1,6.64681E-05,0,17,0.165301,144348,23131,29.0255,16780800,0.000306795,0,0,0,0,49.3314,34.6138,0,3489870000,0,30048300,4202500,537018000,273039000,0,135452000,0,94.8539,0,29.0435,14.5262,0,58.6217,32,100,1024,0,0,0,64
nbody_kernel,2387,8192,512,512,2,32,0,1,0,0,2,7.51415E-05,0,19,0.165376,144144,22599,14.5932,8392190,0.000309072,0,0,0,0,49.2063,34.7002,0,3489920000,0,15106000,2105340,268583000,270844000,0,126460000,0,95.093,0,29.1862,7.30099,0,54.9989,32,100,896,0,0,0,69
nbody_kernel,2380,8192,512,512,2,32,0,1,0,0,4,7.49321E-05,0,19,4.66201,5249690,28015,7.34736,4197890,0.000307188,0,0,0,0,49.0938,34.2986,0,3490020000,0,7634940,1056770,134365000,269763000,0,121966000,0,95.5083,0,29.348,3.67298,0,53.3388,32,100,768,0,0,0,80
nbody_kernel,2334,8192,512,512,2,32,0,1,1,0,1,0.000101215,0,25,0.175036,141224,32603,0.0646045,36352,5.21119,8388610,32768,0,0,49.9874,34.7586,0,3489870000,0,10649600,4194300,136462000,269926000,0,122788000,0,97.0011,0,29.8348,3.79923,0,54.5888,32,100,1024,8192,0,0,64
nbody_kernel,2338,8192,512,512,2,32,0,1,1,0,2,7.67357E-05,0,19,0.173416,139104,32691,0.0354464,19968,5.19838,8388610,32768,0,0,49.9886,34.7447,0,3489920000,0,7503870,2097150,135414000,269296000,0,122012000,0,96.8413,0,29.7897,3.76076,0,54.1621,32,100,1024,16384,0,0,64
nbody_kernel,2373,8192,512,512,2,32,0,1,1,0,4,0.00107725,244,27,4.16575,4175540,32791,0.0206572,11776,5.118,8388610,32768,0,0,49.9893,34.5995,0,3490020000,0,3833860,1048580,134889000,269058000,0,121842000,0,95.7656,0,29.4602,3.70297,0,53.488,32,100,768,32768,0,0,80
nbody_kernel,7830,8192,512,512,2,32,1,0,0,0,1,0.0017532,622,844,30.0067,7962880,100717000,2.4032,4195330,4.68453E-05,0,0,201355000,100678000,45.9912,31.3114,0,3489870000,0,1091560000,138437000,2550530000,541704000,0,248332000,0,34.3578,0,9.80491,23.2903,0,36.2826,32,100,1024,0,80,0,33
nbody_kernel,8496,8192,512,512,2,32,1,0,1,0,1,0.00105738,0,960,27.4674,6844150,100717000,0.00477344,9216,2.83988,16777200,32768,201351000,100670000,49.9979,32.6138,0,3489870000,0,1088150000,138437000,2954490000,538305000,0,260743000,0,30.419,0,8.68996,23.9113,0,33.7639,32,100,1024,8192,80,0,31
nbody_kernel,8553,8192,512,512,2,32,1,1,0,0,1,0.000872227,0,801,28.8343,12984400,100717000,8.59236,16780800,4.30008E-05,0,0,201320000,100687000,46.2458,32.2561,0,3489870000,0,1104330000,138437000,2953270000,541622000,0,261314000,0,30.7167,0,8.73663,24.0297,0,34.0196,32,100,1024,0,80,0,38
nbody_kernel,5771,8192,512,512,2,32,1,1,0,0,2,0.00489999,1,3023,44.2995,17704200,100723000,6.12016,8392190,6.34766E-05,0,0,151003000,100689000,47.4794,33.6815,0,3489920000,0,552518000,69230600,1476870000,405176000,0,189406000,0,41.7846,0,12.351,16.9882,0,34.8594,32,100,1024,0,112,0,50
nbody_kernel,5799,8192,512,512,2,32,1,1,0,0,4,0.19289,0,119024,55.8912,48737600,100735000,3.02852,4197890,0.000126864,0,0,125848000,100699000,47.5112,34.1656,0,3490020000,0,276644000,34627600,738673000,336937000,0,153455000,0,40.3567,0,12.1674,8.37069,0,27.8229,32,100,1024,0,160,0,64
nbody_kernel,8458,8192,512,512,2,32,1,1,1,0,1,0.00103797,0,945,27.4326,6889660,100717000,0.0188192,36352,2.83985,16777200,32768,201330000,100668000,49.9978,32.62,0,3489870000,0,1089130000,138437000,2955360000,538214000,0,260798000,0,30.4193,0,8.68822,23.9135,0,33.7643,32,100,1024,8192,80,0,33
nbody_kernel,5315,8192,512,512,2,32,1,1,1,0,2,0.00585376,0,3330,44.7124,8895570,100723000,0.0160251,19968,2.27669,8388610,32768,151024000,100689000,49.9965,33.6868,0,3489920000,0,544915000,69230600,1477920000,403472000,0,189148000,0,45.4479,0,13.463,18.5308,0,37.946,32,100,1024,16384,112,0,44
nbody_kernel,6191,8192,512,512,2,32,1,1,1,0,4,0.233535,0,153746,76.8123,117104000,100735000,0.00794851,11776,1.96739,8388610,32768,125895000,100771000,49.997,34.5943,0,3490020000,0,272843000,34627600,739197000,336151000,0,153328000,0,37.5245,0,11.326,7.79806,0,25.8776,32,100,1024,32768,160,0,63
nbody_kernel,2333,8192,512,512,2,32,2,0,0,0,1,0.000691308,0,172,0.168917,146148,20611,7.45658,4195330,0.000316507,0,0,0,0,49.4528,34.7461,0,3489870000,0,17948700,4202500,134283000,269091000,0,122365000,0,97.0238,0,29.8489,3.73338,0,54.4263,32,100,1024,0,0,0,64
nbody_kernel,2332,8192,512,512,2,32,2,0,1,0,1,0.000967625,216,23,0.174916,139360,32791,0.0163992,9216,5.2134,8388610,32768,0,0,49.9895,34.7442,0,3489870000,0,9822210,4194300,135594000,269910000,0,122734000,0,97.0595,0,29.8598,3.77827,0,54.6108,32,100,1024,8192,0,0,64
nbody_kernel,2399,8192,512,512,2,32,2,1,0,0,1,9.82962E-05,0,25,0.166145,144156,24211,29.024,16780800,0.000307631,0,0,0,0,49.3329,34.7076,0,3489870000,0,30048300,4202500,537018000,273039000,0,135452000,0,94.8553,0,29.044,14.5264,0,58.6226,32,100,1024,0,0,0,64
nbody_kernel,2385,8192,512,512,2,32,2,1,0,0,2,7.45535E-05,0,19,0.165809,144148,22931,14.5887,8392190,0.000308335,0,0,0,0,49.2079,34.6207,0,3489920000,0,15106000,2105340,268583000,270844000,0,126460000,0,95.0843,0,29.1835,7.30032,0,54.9938,32,100,896,0,0,0,69
nbody_kernel,2372,8192,512,512,2,32,2,1,0,0,4,0.00164558,392,25,3.91009,4167080,27999,7.33001,4197890,0.000308801,0,0,0,0,49.0384,34.4029,0,3490020000,0,7634940,1056770,134365000,269763000,0,121966000,0,95.7185,0,29.4126,3.68106,0,53.4561,32,100,768,0,0,0,80
nbody_kernel,2334,8192,512,512,2,32,2,1,1,0,1,0.00112897,252,29,0.176033,140600,32651,0.0645927,36352,5.20892,8388610,32768,0,0,49.9877,34.7439,0,3489870000,0,10649600,4194300,136462000,269926000,0,122788000,0,97,0,29.8345,3.79919,0,54.5882,32,100,1024,8192,0,0,64
nbody_kernel,2338,8192,512,512,2,32,2,1,1,0,2,5.21727E-05,0,13,0.173552,139352,32691,0.0354455,19968,5.17937,8388610,32768,0,0,49.989,34.6158,0,3489920000,0,7503870,2097150,135414000,269296000,0,122012000,0,96.8462,0,29.7912,3.76095,0,54.1648,32,100,1024,16384,0,0,64
nbody_kernel,2371,8192,512,512,2,32,2,1,1,0,4,8.36354E-05,0,21,3.58102,4304060,32791,0.0206756,11776,5.12174,8388610,32768,0,0,49.9898,34.6343,0,3490020000,0,3833860,1048580,134889000,269058000,0,121842000,0,95.7393,0,29.4521,3.70196,0,53.4733,32,100,768,32768,0,0,80
nbody_kernel,5047,4096,512,512,4,0,0,0,0,0,1,0.0012404,556,109,0.0621209,80356,32847,3.45217,2098180,7.2937E-05,0,0,0,0,49.9874,17.3118,0,3489870000,0,168096000,16781300,67174400,285438000,0,125859000,0,91.4683,0,27.6112,1.7276,0,51.7837,32,100,1024,0,0,0,64
nbody_kernel,4738,4096,512,512,4,0,0,0,1,0,1,3.77511E-05,0,19,0.0653873,81320,32919,0.00893177,5120,2.54935,8388610,16384,0,0,49.99,17.3853,0,3489870000,0,151704000,16777200,269156000,269070000,0,131147000,0,95.1315,0,29.2682,7.3368,0,57.1976,32,100,1024,8192,0,0,64
nbody_kernel,5440,4096,512,512,4,0,0,1,0,0,1,0.00144236,812,25,0.0576339,79120,32791,12.7606,8392190,6.73975E-05,0,0,0,0,49.6692,17.3157,0,3489870000,0,369443000,16781300,268583000,285442000,0,138445000,0,89.2855,0,25.5084,6.38079,0,52.624,32,100,1024,0,0,0,64
nbody_kernel,5150,4096,512,512,4,0,0,1,0,0,2,3.99821E-05,1,21,0.0600681,79013,32791,6.73153,4197890,7.11212E-05,0,0,0,0,49.7307,17.3219,0,3489910000,0,235094000,33558500,134365000,302174000,0,131099000,0,90.8227,0,26.9082,3.36742,0,52.5663,32,100,896,0,0,0,72
nbody_kernel,4757,4096,512,512,4,0,0,1,0,0,4,0.000306357,36,119,0.0645123,80309,32943,3.64609,2100740,7.72359E-05,0,0,0,0,49.7758,17.3818,0,3490010000,0,117588000,16781300,67256300,285417000,0,124284000,0,96.4739,0,29.1209,1.82428,0,53.9316,32,100,512,0,0,0,128
nbody_kernel,4698,4096,512,512,4,0,0,1,1,0,1,3.80787E-05,0,19,0.0638052,77048,32791,0.0351352,19968,2.57173,8388610,16384,0,0,49.9898,17.386,0,3489870000,0,152125000,16777200,269631000,269103000,0,131176000,0,95.973,0,29.5235,7.41399,0,57.7093,32,100,1024,8192,0,0,64
nbody_kernel,4802,4096,512,512,4,0,0,1,1,0,2,4.50912E-05,0,23,0.0635047,79776,32791,0.0202773,11776,1.26048,4194300,16384,0,0,49.9879,17.3684,0,3489910000,0,101270000,33554400,134889000,268947000,0,125895000,0,93.9386,0,28.8995,3.63239,0,54.2153,32,100,896,16384,0,0,72
nbody_kernel,4584,4096,512,512,4,0,0,1,1,0,4,0.000691426,314,23,0.0642878,76200,32791,0.0138337,7680,1.31913,4194300,16384,0,0,49.989,17.3858,0,3490010000,0,50675700,16777200,67518500,268874000,0,121684000,0,98.237,0,30.2221,1.90145,0,54.8002,32,100,512,32768,0,0,122
nbody_kernel,15669,4096,512,512,4,0,1,0,0,0,1,0.0011976,196,1809,18.8729,36089100,100717000,1.13523,2098180,1.16856E-05,0,0,201376000,100683000,42.645,16.5996,0,3489870000,0,1141630000,268472000,2483420000,402866000,0,255914000,0,31.722,0,9.22707,21.341,0,35.1867,32,100,1024,0,160,0,26
nbody_kernel,16056,4096,512,512,4,0,1,0,1,0,1,0.00138565,24,2358,17.7891,32064500,100717000,0.00269751,5120,0.746439,8388610,16384,201341000,100674000,49.9985,16.8575,0,3489870000,0,1074920000,268472000,2685400000,336151000,0,258052000,0,29.8339,0,8.83796,22.1036,0,33.9844,32,100,1024,8192,160,0,28
nbody_kernel,16332,4096,512,512,4,0,1,1,0,0,1,0.00110447,200,1747,19.27,46720400,100717000,4.30249,8392190,1.10803E-05,0,0,201329000,100673000,43.586,16.6031,0,3489870000,0,1410330000,268472000,2684830000,335626000,0,268499000,0,32.2592,0,8.74725,21.872,0,34.9974,32,100,1024,0,160,0,27
nbody_kernel,12249,4096,512,512,4,0,1,1,0,0,2,0.00355613,153,4521,32.9379,86560400,100723000,2.83741,4197890,1.49069E-05,0,0,151092000,100675000,49.1706,17.1738,0,3489910000,0,671859000,134255000,1342650000,335708000,0,192995000,0,39.1124,0,11.3771,14.2264,0,32.7189,32,100,1024,0,208,0,39
nbody_kernel,12174,4096,512,512,4,0,1,1,0,0,4,0.565561,692,731914,36.7785,106163000,100735000,1.42556,2100740,1.50713E-05,0,0,125836000,100759000,49.8349,17.3472,0,3490010000,0,319410000,67145700,671564000,318960000,0,155245000,0,37.7253,0,11.3876,7.12232,0,26.3434,32,100,1024,0,304,0,61
nbody_kernel,16041,4096,512,512,4,0,1,1,1,0,1,0.00129208,4,2234,17.7882,32088100,100717000,0.0105191,19968,0.745359,8388610,16384,201345000,100677000,49.9985,16.8308,0,3489870000,0,1142690000,268472000,2685880000,268911000,0,258083000,0,29.8425,0,8.83916,22.1105,0,33.9932,32,100,1024,8192,160,0,30
nbody_kernel,11651,4096,512,512,4,0,1,1,1,0,2,0.00395563,340,4603,31.5736,70262100,100723000,0.00840477,11776,0.515044,4194300,16384,151023000,100686000,49.9978,17.1366,0,3489910000,0,538165000,134255000,1343180000,302219000,0,187787000,0,39.2986,0,11.9742,14.9789,0,33.5068,32,100,1024,16384,208,0,40
nbody_kernel,12420,4096,512,512,4,0,1,1,1,0,4,0.656656,156,867894,39.337,124889000,100735000,0.00510569,7680,0.486434,4194300,16384,125870000,100702000,49.9981,17.3733,0,3490010000,0,252498000,67145700,671826000,302273000,0,152641000,0,36.2599,0,11.1553,6.97976,0,25.3731,32,100,1024,32768,304,0,63
nbody_kernel,14331,4096,512,512,4,0,2,0,0,0,1,0.00178328,754,1971,19.6099,29380300,100717000,1.26228,2098180,1.27834E-05,0,0,201390000,100687000,41.66,16.0468,0,3489870000,0,671580000,134230000,1275300000,470082000,0,197179000,0,34.5904,0,10.4416,12.4017,0,30.6795,32,100,1024,0,160,0,37
nbody_kernel,14002,4096,512,512,4,0,2,0,1,0,1,0.00139913,26,2071,19.281,24660800,100717000,0.00317804,5120,0.85586,8388610,16384,201329000,100692000,49.9968,16.3991,0,3489870000,0,671977000,134230000,1477280000,336261000,0,199321000,0,34.5095,0,10.4168,14.3317,0,30.9391,32,100,1024,8192,160,0,37
nbody_kernel,14891,4096,512,512,4,0,2,1,0,0,1,0.00113975,104,1710,20.4557,40445000,100717000,4.84244,8392190,1.22818E-05,0,0,201351000,100676000,42.1374,16.0765,0,3489870000,0,940134000,134230000,1476710000,402883000,0,209763000,0,35.675,0,10.0134,13.7713,0,31.2991,32,100,1024,0,160,0,37
nbody_kernel,12339,4096,512,512,4,0,2,1,0,0,2,0.00338694,208,4250,32.3318,83756400,100723000,2.81889,4197890,1.48759E-05,0,0,150998000,100701000,48.9676,17.271,0,3489910000,0,436654000,67121200,738509000,369295000,0,163619000,0,38.1051,0,11.2896,7.76488,0,27.5254,32,100,1024,0,208,0,46
nbody_kernel,12228,4096,512,512,4,0,2,1,0,0,4,0.550505,264,717437,36.2895,104715000,100735000,1.41671,2100740,1.49801E-05,0,0,125856000,100804000,49.8746,17.3455,0,3490010000,0,218485000,33566700,570786000,318931000,0,146843000,0,37.5008,0,11.3198,6.0175,0,24.7693,32,100,1024,0,304,0,63
nbody_kernel,14051,4096,512,512,4,0,2,1,1,0,1,0.00220466,736,2582,19.2783,24653800,100717000,0.0123746,19968,0.856416,8388610,16384,201324000,100681000,49.9968,16.4275,0,3489870000,0,672612000,134230000,1477750000,336040000,0,199347000,0,34.4771,0,10.4055,14.3208,0,30.9097,32,100,1024,8192,160,0,38
nbody_kernel,11508,4096,512,512,4,0,2,1,1,0,2,0.00368508,148,4377,31.136,65277600,100723000,0.0084875,11776,0.523133,4194300,16384,151052000,100690000,49.9963,17.2325,0,3489910000,0,302830000,67121200,739033000,335938000,0,158411000,0,39.3135,0,12.0946,8.32451,0,28.5496,32,100,1024,16384,208,0,48
nbody_kernel,12397,4096,512,512,4,0,2,1,1,0,4,0.648981,468,861796,39.3577,124833000,100735000,0.0051192,7680,0.486004,4194300,16384,125864000,100689000,49.9966,17.3127,0,3490010000,0,151572000,33566700,571048000,302252000,0,144239000,0,36.3546,0,11.1844,5.94826,0,24.0391,32,100,1024,32768,304,0,64
nbody_kernel,5039,4096,512,512,4,0,4,0,0,0,1,0.000130639,56,14,0.0616928,80356,32791,3.45184,2098180,7.28952E-05,0,0,0,0,49.9879,17.3002,0,3489870000,0,168096000,16781300,67174400,285438000,0,125859000,0,91.4773,0,27.614,1.72777,0,51.7888,32,100,1024,0,0,0,64
nbody_kernel,4733,4096,512,512,4,0,4,0,1,0,1,3.77481E-05,0,19,0.0653067,81280,32791,0.00893162,5120,2.54932,8388610,16384,0,0,49.9899,17.3844,0,3489870000,0,151704000,16777200,269156000,269070000,0,131147000,0,95.1358,0,29.2695,7.33714,0,57.2002,32,100,1024,8192,0,0,64
nbody_kernel,5434,4096,512,512,4,0,4,1,0,0,1,0.00026644,92,62,0.0576817,79098,32791,12.7582,8392190,6.76359E-05,0,0,0,0,49.6675,17.3729,0,3489870000,0,369443000,16781300,268583000,285442000,0,138445000,0,89.3066,0,25.5144,6.38231,0,52.6364,32,100,1024,0,0,0,64
nbody_kernel,5150,4096,512,512,4,0,4,1,0,0,2,3.65159E-05,1,19,0.0600888,79045,32791,6.7317,4197890,7.13491E-05,0,0,0,0,49.7294,17.3789,0,3489910000,0,235094000,33558500,134365000,302174000,0,131099000,0,90.8149,0,26.9058,3.36713,0,52.5617,32,100,896,0,0,0,72
nbody_kernel,4757,4096,512,512,4,0,4,1,0,0,4,3.75491E-05,0,19,0.0642029,78977,32839,3.64638,2100740,7.72419E-05,0,0,0,0,49.7779,17.3815,0,3490010000,0,117588000,16781300,67256300,285417000,0,124284000,0,96.4832,0,29.1237,1.82445,0,53.9368,32,100,512,0,0,0,128
nbody_kernel,4696,4096,512,512,4,0,4,1,1,0,1,0.000134271,0,67,0.0638232,77044,32791,0.0351366,19968,2.56865,8388610,16384,0,0,49.9894,17.3648,0,3489870000,0,152125000,16777200,269631000,269103000,0,131176000,0,95.9748,0,29.5241,7.41414,0,57.7104,32,100,1024,8192,0,0,64
nbody_kernel,4796,4096,512,512,4,0,4,1,1,0,2,0.000578286,58,237,0.064533,80168,33039,0.020282,11776,1.26101,4194300,16384,0,0,49.9881,17.3736,0,3489910000,0,101270000,33554400,134889000,268947000,0,125895000,0,93.9511,0,28.9033,3.63287,0,54.2225,32,100,896,16384,0,0,72
nbody_kernel,4584,4096,512,512,4,0,4,1,1,0,4,3.05414E-05,0,15,0.0643626,75688,32791,0.0138336,7680,1.31764,4194300,16384,0,0,49.9895,17.3665,0,3490010000,0,50675700,16777200,67518500,268874000,0,121684000,0,98.2359,0,30.2218,1.90143,0,54.7996,32,100,512,32768,0,0,122
nbody_kernel,5742,4096,512,512,4,1,0,0,0,0,1,2.45221E-05,0,15,0.0558075,81528,32839,3.04284,2098180,6.3828E-05,0,0,0,0,49.9894,17.1905,0,3489870000,0,268759000,67113000,67174400,335766000,0,132151000,0,80.6097,0,24.3334,1.52251,0,47.9174,32,100,1024,0,0,0,63
nbody_kernel,4758,4096,512,512,4,1,0,0,1,0,1,0.000258665,112,19,0.064938,81688,32791,0.00887739,5120,2.53202,8388610,16384,0,0,49.9902,17.3685,0,3489870000,0,202035000,67108900,269156000,269074000,0,134293000,0,94.5764,0,29.0974,7.29399,0,58.2278,32,100,1024,8192,0,0,63
nbody_kernel,5392,4096,512,512,4,1,0,1,0,0,1,6.93634E-05,20,20,0.0580035,79376,32791,12.8402,8392190,6.7825E-05,0,0,0,0,49.5169,17.3147,0,3489870000,0,470106000,67113000,268583000,335770000,0,144737000,0,89.8571,0,25.6717,6.42164,0,55.3676,32,100,1024,0,0,0,64
nbody_kernel,5150,4096,512,512,4,1,0,1,0,0,2,4.93029E-05,8,19,0.0604224,80287,32791,6.73199,4197890,7.13733E-05,0,0,0,0,49.727,17.3843,0,3489910000,0,235094000,33558500,134365000,302174000,0,131099000,0,90.8172,0,26.9065,3.36722,0,52.563,32,100,896,0,0,0,72
nbody_kernel,4759,4096,512,512,4,1,0,1,0,0,4,4.15073E-05,0,21,0.0639695,78957,32791,3.64643,2100740,7.72333E-05,0,0,0,0,49.7688,17.3803,0,3490010000,0,117588000,16781300,67256300,285417000,0,124284000,0,96.4791,0,29.1225,1.82437,0,53.9345,32,100,512,0,0,0,128
nbody_kernel,4680,4096,512,512,4,1,0,1,1,0,1,6.21465E-05,12,19,0.0643098,78032,32839,0.0353911,19968,2.5867,8388610,16384,0,0,49.9882,17.3601,0,3489870000,0,202457000,67108900,269631000,269091000,0,134322000,0,96.6757,0,29.7397,7.46828,0,59.5258,32,100,1024,8192,0,0,62
nbody_kernel,4791,4096,512,512,4,1,0,1,1,0,2,3.72767E-05,0,19,0.0635616,79344,32839,0.0202812,11776,1.26095,4194300,16384,0,0,49.9891,17.3694,0,3489910000,0,101270000,33554400,134889000,268947000,0,125895000,0,93.9689,0,28.9088,3.63356,0,54.2328,32,100,896,16384,0,0,72
nbody_kernel,4586,4096,512,512,4,1,0,1,1,0,4,0.000235948,36,79,0.0643624,75232,32831,0.0138342,7680,1.31916,4194300,16384,0,0,49.9893,17.3858,0,3490010000,0,50675700,16777200,67518500,268874000,0,121684000,0,98.2398,0,30.223,1.9015,0,54.8018,32,100,512,32768,0,0,122
nbody_kernel,15786,4096,512,512,4,1,1,0,0,0,1,0.00121331,186,1859,18.7131,36145500,100717000,1.12867,2098180,1.15896E-05,0,0,201434000,100688000,42.6129,16.5633,0,3489870000,0,1141630000,268472000,2483420000,402866000,0,255914000,0,31.5302,0,9.1713,21.212,0,34.974,32,100,1024,0,160,0,26
nbody_kernel,16142,4096,512,512,4,1,1,0,1,0,1,0.00122614,2,2136,17.7063,32064800,100717000,0.00267837,5120,0.742095,8388610,16384,201320000,100676000,49.9986,16.8825,0,3489870000,0,1074920000,268472000,2685400000,336151000,0,258052000,0,29.6163,0,8.7735,21.9424,0,33.7366,32,100,1024,8192,160,0,28
nbody_kernel,16492,4096,512,512,4,1,1,1,0,0,1,0.00105296,106,1763,19.1533,46953000,100717000,4.27382,8392190,1.09991E-05,0,0,201405000,100700000,43.5368,16.5774,0,3489870000,0,1410330000,268472000,2684830000,335626000,0,268499000,0,32.0725,0,8.69662,21.7454,0,34.7948,32,100,1024,0,160,0,27
nbody_kernel,12254,4096,512,512,4,1,1,1,0,0,2,0.00397551,717,4509,32.957,86553500,100723000,2.83833,4197890,1.49144E-05,0,0,151135000,100700000,49.1825,17.1935,0,3489910000,0,671859000,134255000,1342650000,335708000,0,192995000,0,39.0874,0,11.3698,14.2173,0,32.698,32,100,1024,0,208,0,39
nbody_kernel,12177,4096,512,512,4,1,1,1,0,0,4,0.563572,1640,729394,36.7938,106185000,100735000,1.42492,2100740,1.50765E-05,0,0,125868000,100695000,49.8328,17.3572,0,3490010000,0,319410000,67145700,671564000,318960000,0,155245000,0,37.7164,0,11.3849,7.12065,0,26.3372,32,100,1024,0,304,0,61
nbody_kernel,16167,4096,512,512,4,1,1,1,1,0,1,0.00184788,952,2242,17.6882,32081300,100717000,0.0104488,19968,0.741175,8388610,16384,201321000,100685000,49.9985,16.8465,0,3489870000,0,1142690000,268472000,2685880000,268911000,0,258083000,0,29.6473,0,8.78135,21.9659,0,33.7709,32,100,1024,8192,160,0,30
nbody_kernel,11724,4096,512,512,4,1,1,1,1,0,2,0.00350864,0,4404,31.3652,70300300,100723000,0.00837597,11776,0.511982,4194300,16384,150976000,100673000,49.9978,17.0909,0,3489910000,0,538165000,134255000,1343180000,302219000,0,187787000,0,39.1694,0,11.9348,14.9297,0,33.3967,32,100,1024,16384,208,0,40
nbody_kernel,12429,4096,512,512,4,1,1,1,1,0,4,0.654801,96,865472,39.2814,124894000,100735000,0.00510604,7680,0.486102,4194300,16384,125867000,100710000,49.998,17.3661,0,3490010000,0,252498000,67145700,671826000,302273000,0,152641000,0,36.2502,0,11.1523,6.97789,0,25.3663,32,100,1024,32768,304,0,63
nbody_kernel,14381,4096,512,512,4,1,2,0,0,0,1,0.00127347,186,1779,19.5554,29472400,100717000,1.25733,2098180,1.27507E-05,0,0,201330000,100683000,41.6684,16.1139,0,3489870000,0,671580000,134230000,1275300000,470082000,0,197179000,0,34.3583,0,10.3716,12.3185,0,30.4737,32,100,1024,0,160,0,37
nbody_kernel,14124,4096,512,512,4,1,2,0,1,0,1,0.00130774,0,1972,19.1415,24673100,100717000,0.00315762,5120,0.850353,8388610,16384,201327000,100664000,49.9969,16.3978,0,3489870000,0,671977000,134230000,1477280000,336261000,0,199321000,0,34.29,0,10.3505,14.2405,0,30.7424,32,100,1024,8192,160,0,37
nbody_kernel,15017,4096,512,512,4,1,2,1,0,0,1,0.00184498,896,2062,20.3688,40718000,100717000,4.81386,8392190,1.21983E-05,0,0,201309000,100670000,42.0861,16.0745,0,3489870000,0,940134000,134230000,1476710000,402883000,0,209763000,0,35.4368,0,9.94652,13.6794,0,31.0901,32,100,1024,0,160,0,37
nbody_kernel,12343,4096,512,512,4,1,2,1,0,0,2,0.00328991,96,4259,32.3301,83726300,100723000,2.81723,4197890,1.48649E-05,0,0,151077000,100630000,48.9535,17.2601,0,3489910000,0,436654000,67121200,738509000,369295000,0,163619000,0,38.1009,0,11.2883,7.76404,0,27.5224,32,100,1024,0,208,0,46
nbody_kernel,12241,4096,512,512,4,1,2,1,0,0,4,0.542954,0,713638,36.3167,104708000,100735000,1.4176,2100740,1.49971E-05,0,0,125823000,100721000,49.8876,17.3564,0,3490010000,0,218485000,33566700,570786000,318931000,0,146843000,0,37.5196,0,11.3255,6.02052,0,24.7817,32,100,1024,0,304,0,63
nbody_kernel,14113,4096,512,512,4,1,2,1,1,0,1,0.00126897,0,1929,19.1234,24696000,100717000,0.0123047,19968,0.848335,8388610,16384,201351000,100687000,49.9969,16.3803,0,3489870000,0,672612000,134230000,1477750000,336040000,0,199347000,0,34.2502,0,10.337,14.2265,0,30.7063,32,100,1024,8192,160,0,38
nbody_kernel,11533,4096,512,512,4,1,2,1,1,0,2,0.00362262,96,4365,31.0813,65311600,100723000,0.00847474,11776,0.522683,4194300,16384,151023000,100680000,49.9964,17.2516,0,3489910000,0,302830000,67121200,739033000,335938000,0,158411000,0,39.2362,0,12.0708,8.30814,0,28.4935,32,100,1024,16384,208,0,48
nbody_kernel,12404,4096,512,512,4,1,2,1,1,0,4,0.66249,232,874280,39.3512,124848000,100735000,0.00511711,7680,0.487077,4194300,16384,125880000,100675000,49.9967,17.3603,0,3490010000,0,151572000,33566700,571048000,302252000,0,144239000,0,36.3351,0,11.1784,5.94506,0,24.0261,32,100,1024,32768,304,0,64
nbody_kernel,5756,4096,512,512,4,1,4,0,0,0,1,0.000559166,328,14,0.0556578,80364,32791,3.04206,2098180,6.38793E-05,0,0,0,0,49.989,17.202,0,3489870000,0,268759000,67113000,67174400,335766000,0,132151000,0,80.6206,0,24.3367,1.52271,0,47.9239,32,100,1024,0,0,0,63
nbody_kernel,4766,4096,512,512,4,1,4,0,1,0,1,3.75085E-05,0,19,0.0649652,81292,32791,0.00888092,5120,2.53286,8388610,16384,0,0,49.9907,17.3732,0,3489870000,0,202035000,67108900,269156000,269074000,0,134293000,0,94.5825,0,29.0993,7.29447,0,58.2316,32,100,1024,8192,0,0,63
nbody_kernel,5400,4096,512,512,4,1,4,1,0,0,1,0,0,0,0.0581015,79400,32791,12.8402,8392190,6.80933E-05,0,0,0,0,49.5177,17.3824,0,3489870000,0,470106000,67113000,268583000,335770000,0,144737000,0,89.8611,0,25.6728,6.42193,0,55.3701,32,100,1024,0,0,0,64
nbody_kernel,5155,4096,512,512,4,1,4,1,0,0,2,3.10417E-05,0,17,0.0600921,78983,32791,6.7318,4197890,7.13436E-05,0,0,0,0,49.737,17.3781,0,3489910000,0,235094000,33558500,134365000,302174000,0,131099000,0,90.8119,0,26.9049,3.36702,0,52.56,32,100,896,0,0,0,72
nbody_kernel,4763,4096,512,512,4,1,4,1,0,0,4,8.5007E-05,24,19,0.0639619,78948,32791,3.64619,2100740,7.72325E-05,0,0,0,0,49.7731,17.3794,0,3490010000,0,117588000,16781300,67256300,285417000,0,124284000,0,96.4828,0,29.1236,1.82444,0,53.9365,32,100,512,0,0,0,128
nbody_kernel,4659,4096,512,512,4,1,4,1,1,0,1,3.8345E-05,0,19,0.0642083,78800,32791,0.0354079,19968,2.58985,8388610,16384,0,0,49.9885,17.3733,0,3489870000,0,202457000,67108900,269631000,269091000,0,134322000,0,96.7199,0,29.7533,7.47169,0,59.553,32,100,1024,8192,0,0,62
nbody_kernel,4791,4096,512,512,4,1,4,1,1,0,2,3.69717E-05,0,19,0.0637364,80176,32791,0.020277,11776,1.25982,4194300,16384,0,0,49.9885,17.3668,0,3489910000,0,101270000,33554400,134889000,268947000,0,125895000,0,93.8987,0,28.8872,3.63084,0,54.1923,32,100,896,16384,0,0,72
nbody_kernel,4588,4096,512,512,4,1,4,1,1,0,4,0.00021543,40,65,0.0649858,75280,32895,0.0138338,7680,1.31911,4194300,16384,0,0,49.9895,17.3852,0,3490010000,0,50675700,16777200,67518500,268874000,0,121684000,0,98.2393,0,30.2228,1.90149,0,54.8015,32,100,512,32768,0,0,122
nbody_kernel,5583,4096,512,512,4,2,0,0,0,0,1,0.000106221,30,33,0.0573721,80368,32967,3.14018,2098180,6.58616E-05,0,0,0,0,49.9887,17.1839,0,3489870000,0,134541000,33558500,67174400,302219000,0,125859000,0,82.4252,0,25.1184,1.57162,0,47.1085,32,100,1024,0,0,0,64
nbody_kernel,4744,4096,512,512,4,2,0,0,1,0,1,3.76894E-05,0,19,0.0634733,76328,32839,0.00892183,5120,1.27511,4194300,16384,0,0,49.9889,17.3751,0,3489870000,0,101372000,33554400,134939000,269083000,0,125905000,0,95.0273,0,29.2361,3.67425,0,54.8511,32,100,1024,8192,0,0,64
nbody_kernel,5032,4096,512,512,4,2,0,1,0,0,1,4.6402E-05,0,25,0.0614504,79962,32791,13.7796,8392190,7.29645E-05,0,0,0,0,49.7528,17.3548,0,3489870000,0,235225000,33558500,268583000,302219000,0,135300000,0,92.9985,0,27.5532,6.89228,0,55.5508,32,100,1024,0,0,0,64
nbody_kernel,4833,4096,512,512,4,2,0,1,0,0,2,4.26679E-05,1,21,0.0632933,78969,32791,7.17437,4197890,7.5918E-05,0,0,0,0,49.7532,17.347,0,3489910000,0,117654000,16781300,134365000,285397000,0,126381000,0,95.0152,0,28.6813,3.58933,0,54.0136,32,100,768,0,0,0,80
nbody_kernel,4672,4096,512,512,4,2,0,1,0,0,4,5.02885E-05,0,25,0.0648409,79386,32791,3.71917,2100740,7.86716E-05,0,0,0,0,49.9526,17.3544,0,3490010000,0,58867700,8392700,67256300,277033000,0,121925000,0,97.4939,0,29.709,1.86112,0,53.9764,32,100,512,0,0,0,128
nbody_kernel,4658,4096,512,512,4,2,0,1,1,0,1,3.83706E-05,0,19,0.0642814,77152,32791,0.0354331,19968,1.30061,4194300,16384,0,0,49.9915,17.3839,0,3489870000,0,101794000,33554400,135414000,269218000,0,125937000,0,96.7961,0,29.7767,3.75901,0,55.8795,32,100,1024,8192,0,0,64
nbody_kernel,4654,4096,512,512,4,2,0,1,1,0,2,3.84288E-05,0,19,0.0651204,78880,32791,0.0209168,11776,1.30086,4194300,16384,0,0,49.9879,17.3812,0,3489910000,0,50937900,16777200,67780600,268947000,0,121701000,0,96.8772,0,29.8035,1.8833,0,54.0486,32,100,768,16384,0,0,80
nbody_kernel,4577,4096,512,512,4,2,0,1,1,0,4,4.30312E-05,2,19,0.0647622,76432,32791,0.0138623,7680,1.31781,4194300,16384,0,0,49.9869,17.3325,0,3490010000,0,25509900,8388610,67518500,268898000,0,120637000,0,98.4409,0,30.2848,1.9054,0,54.4411,32,100,512,32768,0,0,126
nbody_kernel,15564,4096,512,512,4,2,1,0,0,0,1,0.00182188,1152,1879,18.9684,36271800,100717000,1.14205,2098180,1.17468E-05,0,0,201350000,100683000,42.6667,16.6077,0,3489870000,0,1141630000,234918000,2483420000,335766000,0,247521000,0,33.3196,0,9.27085,21.4423,0,34.1942,32,100,1024,0,160,0,29
nbody_kernel,15729,4096,512,512,4,2,1,0,1,0,1,0.00129424,0,2199,18.0858,31527700,100717000,0.00274349,5120,0.761082,8388610,16384,201321000,100678000,49.9985,16.9038,0,3489870000,0,1075040000,234918000,2685400000,336036000,0,251760000,0,31.7398,0,8.98662,22.4754,0,33.7136,32,100,1024,8192,160,0,29
nbody_kernel,16245,4096,512,512,4,2,1,1,0,0,1,0.00109195,164,1757,19.4733,46786100,100717000,4.34196,8392190,1.11961E-05,0,0,201275000,100682000,43.6128,16.6218,0,3489870000,0,1242420000,234918000,2684830000,335770000,0,256965000,0,32.8343,0,8.82872,22.0757,0,33.8059,32,100,1024,0,160,0,35
nbody_kernel,12239,4096,512,512,4,2,1,1,0,0,2,0.00417174,908,4569,32.9342,86484100,100723000,2.8403,4197890,1.49078E-05,0,0,150997000,100687000,49.1559,17.1618,0,3489910000,0,587911000,117477000,1342650000,335770000,0,187228000,0,39.1412,0,11.3857,14.2372,0,31.7652,32,100,1024,0,208,0,47
nbody_kernel,12510,4096,512,512,4,2,1,1,0,0,4,0.571554,94,760394,36.614,110899000,100735000,1.38813,2100740,1.46709E-05,0,0,125902000,100741000,49.79,17.3361,0,3490010000,0,294244000,58757100,671564000,302174000,0,152361000,0,37.093,0,11.0921,6.93751,0,25.1831,32,100,1024,0,304,0,64
nbody_kernel,15699,4096,512,512,4,2,1,1,1,0,1,0.00131286,0,2207,18.1441,31559500,100717000,0.010717,19968,0.7631,8388610,16384,201389000,100664000,49.9985,16.9244,0,3489870000,0,1075440000,234918000,2685880000,336159000,0,251792000,0,32.0696,0,8.99946,22.5115,0,33.766,32,100,1024,8192,160,0,30
nbody_kernel,11327,4096,512,512,4,2,1,1,1,0,2,0.00362958,0,4412,32.4775,70785700,100723000,0.00860225,11776,0.528622,4194300,16384,151074000,100693000,49.9979,17.1835,0,3489910000,0,521196000,117477000,1343180000,319185000,0,184641000,0,41.3713,0,12.2564,15.3319,0,33.7219,32,100,1024,16384,208,0,41
nbody_kernel,12395,4096,512,512,4,2,1,1,1,0,4,0.660309,176,876839,39.3873,124713000,100735000,0.00511958,7680,0.487477,4194300,16384,125860000,100699000,49.998,17.3695,0,3490010000,0,260887000,58757100,671826000,293884000,0,151068000,0,37.0445,0,11.1817,6.99627,0,25.171,32,100,1024,32768,304,0,64
nbody_kernel,14145,4096,512,512,4,2,2,0,0,0,1,0.00112136,8,1705,19.7054,29277300,100717000,1.26964,2098180,1.28417E-05,0,0,201307000,100699000,41.7778,16.0689,0,3489870000,0,604439000,100676000,1275300000,403005000,0,188790000,0,35.6823,0,10.4749,12.4412,0,29.4679,32,100,1024,0,160,0,37
nbody_kernel,13937,4096,512,512,4,2,2,0,1,0,1,0.00133822,4,2002,19.3627,24628600,100717000,0.00318992,5120,0.859793,8388610,16384,201339000,100681000,49.9968,16.4168,0,3489870000,0,571277000,100676000,1477280000,369852000,0,193030000,0,35.2836,0,10.4534,14.382,0,30.0678,32,100,1024,8192,160,0,37
nbody_kernel,14711,4096,512,512,4,2,2,1,0,0,1,0.00111419,0,1749,20.6719,40455900,100717000,4.88926,8392190,1.24262E-05,0,0,201312000,100676000,42.2059,16.1227,0,3489870000,0,705221000,100676000,1476710000,402915000,0,198229000,0,35.3595,0,10.1021,13.8934,0,29.8402,32,100,1024,0,160,0,38
nbody_kernel,12314,4096,512,512,4,2,2,1,0,0,2,0.00350616,237,4388,32.3956,83732100,100723000,2.82564,4197890,1.48597E-05,0,0,151021000,100676000,49.0649,17.2058,0,3489910000,0,352768000,50343900,738509000,335741000,0,157852000,0,38.2079,0,11.32,7.78583,0,26.6268,32,100,1024,0,208,0,54
nbody_kernel,12282,4096,512,512,4,2,2,1,0,0,4,0.563491,898,734695,37.1547,109752000,100735000,1.41442,2100740,1.49716E-05,0,0,125834000,100722000,49.8375,17.3658,0,3490010000,0,176542000,25178100,570786000,302158000,0,143959000,0,37.4356,0,11.3001,6.00704,0,24.2407,32,100,1024,0,304,0,64
nbody_kernel,13923,4096,512,512,4,2,2,1,1,0,1,0.00148772,144,2077,19.3266,24637300,100717000,0.0124359,19968,0.858833,8388610,16384,201367000,100690000,49.9968,16.4006,0,3489870000,0,571789000,100676000,1477750000,369754000,0,193056000,0,35.2826,0,10.452,14.3847,0,30.0678,32,100,1024,8192,160,0,38
nbody_kernel,11485,4096,512,512,4,2,2,1,1,0,2,0.00366475,100,4392,31.2162,65406700,100723000,0.00850134,11776,0.52424,4194300,16384,151023000,100690000,49.9965,17.2469,0,3489910000,0,286052000,50343900,739033000,319160000,0,155266000,0,40.1206,0,12.1101,8.33513,0,28.0184,32,100,1024,16384,208,0,48
nbody_kernel,12386,4096,512,512,4,2,2,1,1,0,4,0.659485,386,867656,39.4561,124779000,100735000,0.00512634,7680,0.48827,4194300,16384,125860000,100680000,49.9968,17.3652,0,3490010000,0,143184000,25178100,571048000,293896000,0,142667000,0,36.755,0,11.1999,5.95684,0,23.81,32,100,1024,32768,304,0,64
nbody_kernel,5579,4096,512,512,4,2,4,0,0,0,1,3.87612E-05,0,23,0.0570349,80348,32791,3.1406,2098180,6.58795E-05,0,0,0,0,49.9893,17.1848,0,3489870000,0,134541000,33558500,67174400,302219000,0,125859000,0,82.4431,0,25.1238,1.57196,0,47.1187,32,100,1024,0,0,0,64
nbody_kernel,4745,4096,512,512,4,2,4,0,1,0,1,6.94564E-05,16,19,0.0631613,76480,32791,0.0089208,5120,1.27531,4194300,16384,0,0,49.9888,17.3744,0,3489870000,0,101372000,33554400,134939000,269083000,0,125905000,0,95.0462,0,29.2419,3.67499,0,54.862,32,100,1024,8192,0,0,64
nbody_kernel,5033,4096,512,512,4,2,4,1,0,0,1,6.73214E-05,0,36,0.0612322,79035,32791,13.7799,8392190,7.30662E-05,0,0,0,0,49.757,17.3816,0,3489870000,0,235225000,33558500,268583000,302219000,0,135300000,0,92.9849,0,27.5491,6.89128,0,55.5427,32,100,1024,0,0,0,64
nbody_kernel,4833,4096,512,512,4,2,4,1,0,0,2,0.00013425,50,19,0.0631616,78951,32791,7.17493,4197890,7.60049E-05,0,0,0,0,49.7523,17.367,0,3489910000,0,117654000,16781300,134365000,285397000,0,126381000,0,95.0145,0,28.6812,3.5893,0,54.0132,32,100,768,0,0,0,80
nbody_kernel,4672,4096,512,512,4,2,4,1,0,0,4,0.000446095,148,75,0.0647837,78620,32839,3.71925,2100740,7.84371E-05,0,0,0,0,49.951,17.3052,0,3490010000,0,58867700,8392700,67256300,277033000,0,121925000,0,97.4798,0,29.7047,1.86085,0,53.9686,32,100,512,0,0,0,128
nbody_kernel,4657,4096,512,512,4,2,4,1,1,0,1,3.0315E-05,0,15,0.0642669,77152,32791,0.0354373,19968,1.30027,4194300,16384,0,0,49.9914,17.3807,0,3489870000,0,101794000,33554400,135414000,269218000,0,125937000,0,96.789,0,29.7746,3.75873,0,55.8755,32,100,1024,8192,0,0,64
nbody_kernel,4653,4096,512,512,4,2,4,1,1,0,2,6.26903E-05,14,17,0.0651166,78856,32791,0.0209127,11776,1.30096,4194300,16384,0,0,49.9882,17.3843,0,3489910000,0,50937900,16777200,67780600,268947000,0,121701000,0,96.8672,0,29.8004,1.8831,0,54.043,32,100,768,16384,0,0,80
nbody_kernel,4580,4096,512,512,4,2,4,1,1,0,4,3.90627E-05,0,19,0.0648464,77440,32791,0.0138614,7680,1.32188,4194300,16384,0,0,49.9871,17.3863,0,3490010000,0,25509900,8388610,67518500,268898000,0,120637000,0,98.4393,0,30.2843,1.90536,0,54.4403,32,100,512,32768,0,0,126
nbody_kernel,5246,4096,512,512,4,4,0,0,0,0,1,6.2802E-05,16,19,0.0598371,80784,32791,3.33918,2098180,7.01205E-05,0,0,0,0,49.9891,17.2076,0,3489870000,0,67432400,16781300,67174400,285438000,0,122713000,0,87.2168,0,26.7057,1.67094,0,48.8336,32,100,896,0,0,0,66
nbody_kernel,4647,4096,512,512,4,4,0,0,1,0,1,3.83157E-05,0,19,0.0636528,75424,32791,0.00910584,5120,1.29937,4194300,16384,0,0,49.9904,17.3308,0,3489870000,0,51048400,16777200,67829800,269214000,0,121715000,0,96.9894,0,29.8397,1.88877,0,54.1204,32,100,896,8192,0,0,71
nbody_kernel,4833,4096,512,512,4,4,0,1,0,0,1,3.70048E-05,0,19,0.0633455,79887,32791,14.3556,8392190,7.61233E-05,0,0,0,0,49.7244,17.376,0,3489870000,0,117785000,16781300,268583000,285434000,0,130581000,0,95.112,0,28.711,7.18191,0,55.8663,32,100,896,0,0,0,72
nbody_kernel,4813,4096,512,512,4,4,0,1,0,0,2,0.000273815,111,29,0.0633037,78579,32791,7.21983,4197890,7.63345E-05,0,0,0,0,49.9193,17.3318,0,3489910000,0,58933200,8392700,134365000,277012000,0,124022000,0,94.7182,0,28.864,3.61218,0,53.3428,32,100,768,0,0,0,80
nbody_kernel,4647,4096,512,512,4,4,0,1,0,0,4,0.000321869,64,95,0.0652555,79124,32791,3.73381,2100740,7.91036E-05,0,0,0,0,49.3625,17.3837,0,3490010000,0,29507600,4198400,67256300,272835000,0,120745000,0,97.3978,0,29.8217,1.86818,0,53.6569,32,100,512,0,0,0,128
nbody_kernel,4656,4096,512,512,4,4,0,1,1,0,1,3.83964E-05,0,19,0.0652701,78900,32791,0.0354345,19968,1.30053,4194300,16384,0,0,49.9878,17.386,0,3489870000,0,51462100,16777200,68304900,269222000,0,121743000,0,96.7787,0,29.7714,1.89762,0,54.0089,32,100,896,8192,0,0,72
nbody_kernel,4579,4096,512,512,4,4,0,1,1,0,2,3.90623E-05,0,19,0.0645443,75392,32839,0.0212542,11776,1.32214,4194300,16384,0,0,49.9922,17.3859,0,3489910000,0,25772000,8388610,67780600,268935000,0,120652000,0,98.4356,0,30.2829,1.91359,0,54.4447,32,100,640,16384,0,0,94
nbody_kernel,4596,4096,512,512,4,4,0,1,1,0,4,7.98971E-05,0,39,0.0657587,80560,32791,0.0138132,7680,1.31551,4194300,16384,0,0,49.9909,17.3633,0,3490010000,0,12927000,4194300,67518500,268870000,0,120111000,0,98.0946,0,30.1783,1.89869,0,54.0135,32,100,512,32768,0,0,124
nbody_kernel,15501,4096,512,512,4,4,1,0,0,0,1,0.00131728,216,1967,19.0457,36090900,100717000,1.14725,2098180,1.18016E-05,0,0,201338000,100694000,42.7086,16.6146,0,3489870000,0,1007350000,218141000,2483420000,386159000,0,244375000,0,32.7332,0,9.31022,21.5333,0,33.903,32,100,1024,0,160,0,29
nbody_kernel,15641,4096,512,512,4,4,1,0,1,0,1,0.00126841,0,2136,18.188,31479300,100717000,0.00275412,5120,0.765334,8388610,16384,201360000,100694000,49.9985,16.9145,0,3489870000,0,1007750000,218141000,2685400000,352993000,0,249663000,0,31.753,0,9.03112,22.5867,0,33.5983,32,100,1024,8192,160,0,29
nbody_kernel,16160,4096,512,512,4,4,1,1,0,0,1,0.00155904,882,1829,19.5231,46656700,100717000,4.36656,8392190,1.12285E-05,0,0,201321000,100676000,43.6465,16.5859,0,3489870000,0,1074610000,218141000,2684830000,369365000,0,252246000,0,31.7524,0,8.87347,22.1876,0,33.3533,32,100,1024,0,160,0,35
nbody_kernel,12161,4096,512,512,4,4,1,1,0,0,2,0.00343871,0,4492,32.9996,86388900,100723000,2.85354,4197890,1.49705E-05,0,0,150983000,100691000,49.1618,17.1518,0,3489910000,0,529191000,109089000,1342650000,327381000,0,184869000,0,38.9713,0,11.4403,14.3054,0,31.5153,32,100,1024,0,208,0,47
nbody_kernel,12192,4096,512,512,4,4,1,1,0,0,4,0.556925,10,722589,36.6936,105837000,100735000,1.42406,2100740,3.01459E-05,0,0,125846000,100716000,49.758,17.367,0,3490010000,0,264897000,54562800,671564000,297992000,0,151183000,0,37.8641,0,11.3758,7.11501,0,25.6275,32,100,1024,0,304,0,64
nbody_kernel,15656,4096,512,512,4,4,1,1,1,0,1,0.00131751,2,2208,18.1644,31563100,100717000,0.0107381,19968,0.765134,8388610,16384,201313000,100691000,49.9984,16.9205,0,3489870000,0,1008290000,218141000,2685880000,352977000,0,249694000,0,31.7369,0,9.02554,22.5767,0,33.5818,32,100,1024,8192,160,0,30
nbody_kernel,11281,4096,512,512,4,4,1,1,1,0,2,0.00398393,404,4422,32.6835,70760300,100723000,0.00863996,11776,0.531803,4194300,16384,151038000,100662000,49.9977,17.205,0,3489910000,0,496030000,109089000,1343180000,319189000,0,183593000,0,41.5681,0,12.3147,15.4048,0,33.6899,32,100,1024,16384,208,0,41
nbody_kernel,12396,4096,512,512,4,4,1,1,1,0,4,0.670966,120,884547,39.3966,124706000,100735000,0.00512034,7680,0.487695,4194300,16384,125857000,100716000,49.998,17.3654,0,3490010000,0,248312000,54562800,671826000,293933000,0,150546000,0,37.0598,0,11.1863,6.99953,0,25.0943,32,100,1024,32768,304,0,61
nbody_kernel,14147,4096,512,512,4,4,2,0,0,0,1,0.00130724,252,1718,19.8959,29478100,100717000,1.27602,2098180,1.29546E-05,0,0,201333000,100685000,41.908,16.1438,0,3489870000,0,537330000,83898400,1275300000,386228000,0,185644000,0,35.6646,0,10.5179,12.4923,0,29.0959,32,100,1024,0,160,0,37
nbody_kernel,13818,4096,512,512,4,4,2,0,1,0,1,0.00143659,90,2041,19.5248,24624600,100717000,0.00321089,5120,0.867817,8388610,16384,201363000,100687000,49.9968,16.4606,0,3489870000,0,520946000,83898400,1477280000,369852000,0,190932000,0,35.5181,0,10.5228,14.4776,0,29.9387,32,100,1024,8192,160,0,37
nbody_kernel,14629,4096,512,512,4,4,2,1,0,0,1,0.00115694,74,1736,20.7043,40512600,100717000,4.90739,8392190,1.24222E-05,0,0,201411000,100685000,42.2337,16.0585,0,3489870000,0,587780000,83898400,1476710000,386138000,0,193511000,0,34.8556,0,10.1392,13.9444,0,29.2368,32,100,1024,0,160,0,40
nbody_kernel,12318,4096,512,512,4,4,2,1,0,0,2,0.00331126,92,4241,32.4915,83817700,100723000,2.82938,4197890,1.49448E-05,0,0,150977000,100637000,49.1132,17.2847,0,3489910000,0,294048000,41955300,738509000,327352000,0,155493000,0,37.897,0,11.3328,7.79466,0,26.2586,32,100,1024,0,208,0,54
nbody_kernel,12128,4096,512,512,4,4,2,1,0,0,4,0.531494,12,686369,36.6875,105015000,100735000,1.43076,2100740,3.02654E-05,0,0,125821000,100735000,49.7913,17.3474,0,3490010000,0,147194000,20983800,570786000,297964000,0,142780000,0,37.6999,0,11.4338,6.07814,0,24.3265,32,100,1024,0,304,0,64
nbody_kernel,13854,4096,512,512,4,4,2,1,1,0,1,0.00140706,188,1899,19.5175,24531700,100717000,0.0125193,19968,0.866821,8388610,16384,201335000,100685000,49.9968,16.4553,0,3489870000,0,521458000,83898400,1477750000,369754000,0,190959000,0,35.4924,0,10.5141,14.4702,0,29.9181,32,100,1024,8192,160,0,38
nbody_kernel,11464,4096,512,512,4,4,2,1,1,0,2,0.0037387,74,4503,31.2497,65374700,100723000,0.00851141,11776,0.525206,4194300,16384,151040000,100675000,49.9964,17.2508,0,3489910000,0,260887000,41955300,739033000,319160000,0,154217000,0,40.1853,0,12.1296,8.34859,0,27.8741,32,100,1024,16384,208,0,48
nbody_kernel,12409,4096,512,512,4,4,2,1,1,0,4,0.637639,30,841831,39.4063,125003000,100735000,0.00511651,7680,0.487548,4194300,16384,125869000,100688000,49.9966,17.3732,0,3490010000,0,130613000,20983800,571048000,293900000,0,142143000,0,36.6825,0,11.1778,5.94514,0,23.6758,32,100,1024,32768,304,0,61
nbody_kernel,5247,4096,512,512,4,4,4,0,0,0,1,1.79395E-05,0,10,0.0598207,80924,32791,3.33882,2098180,7.01073E-05,0,0,0,0,49.989,17.2025,0,3489870000,0,67432400,16781300,67174400,285438000,0,122713000,0,87.2263,0,26.7086,1.67112,0,48.8389,32,100,896,0,0,0,66
nbody_kernel,4649,4096,512,512,4,4,4,0,1,0,1,0.00031158,20,135,0.0639529,75424,32935,0.00910532,5120,1.30165,4194300,16384,0,0,49.9896,17.361,0,3489870000,0,51048400,16777200,67829800,269214000,0,121715000,0,96.9898,0,29.8399,1.88878,0,54.1207,32,100,896,8192,0,0,71
nbody_kernel,4834,4096,512,512,4,4,4,1,0,0,1,3.11649E-05,0,16,0.0633637,79466,32791,14.3599,8392190,7.61362E-05,0,0,0,0,49.7345,17.3801,0,3489870000,0,117785000,16781300,268583000,285434000,0,130581000,0,95.1054,0,28.709,7.18141,0,55.8624,32,100,896,0,0,0,72
nbody_kernel,4814,4096,512,512,4,4,4,1,0,0,2,0.000109576,37,19,0.0632943,78620,32791,7.22101,4197890,7.64428E-05,0,0,0,0,49.9241,17.3551,0,3489910000,0,58933200,8392700,134365000,277012000,0,124022000,0,94.7252,0,28.8661,3.61245,0,53.3468,32,100,768,0,0,0,80
nbody_kernel,4652,4096,512,512,4,4,4,1,0,0,4,5.04212E-05,0,25,0.0651796,79956,32791,3.73401,2100740,7.88312E-05,0,0,0,0,49.3637,17.322,0,3490010000,0,29507600,4198400,67256300,272835000,0,120745000,0,97.4084,0,29.825,1.86838,0,53.6627,32,100,512,0,0,0,128
nbody_kernel,4659,4096,512,512,4,4,4,1,1,0,1,3.8396E-05,0,19,0.0650848,79208,32791,0.0354342,19968,1.30047,4194300,16384,0,0,49.9877,17.3841,0,3489870000,0,51462100,16777200,68304900,269222000,0,121743000,0,96.7843,0,29.7731,1.89773,0,54.012,32,100,896,8192,0,0,72
nbody_kernel,4582,4096,512,512,4,4,4,1,1,0,2,0.00010485,16,35,0.0643049,75360,32791,0.021254,11776,1.32204,4194300,16384,0,0,49.9923,17.3845,0,3489910000,0,25772000,8388610,67780600,268935000,0,120652000,0,98.4357,0,30.283,1.91359,0,54.4447,32,100,640,16384,0,0,94
nbody_kernel,4596,4096,512,512,4,4,4,1,1,0,4,3.89261E-05,0,19,0.065727,78752,32791,0.0138128,7680,1.31722,4194300,16384,0,0,49.9909,17.3864,0,3490010000,0,12927000,4194300,67518500,268870000,0,120111000,0,98.0917,0,30.1774,1.89864,0,54.0119,32,100,512,32768,0,0,124
nbody_kernel,4687,4096,512,512,4,8,0,0,0,0,1,0.000196888,24,74,0.0659023,80424,32871,3.70598,2098180,7.84912E-05,0,0,0,0,49.9219,17.3531,0,3489870000,0,33878000,8392700,67174400,277049000,0,121141000,0,96.5782,0,29.6431,1.85473,0,53.5101,32,100,896,0,0,0,72
nbody_kernel,4613,4096,512,512,4,8,0,0,1,0,1,7.14518E-05,16,19,0.0644125,76160,32791,0.00917569,5120,1.31363,4194300,16384,0,0,49.9895,17.3866,0,3489870000,0,25882600,8388610,67829800,269218000,0,120666000,0,97.7389,0,30.0703,1.90337,0,54.069,32,100,768,8192,0,0,80
nbody_kernel,4741,4096,512,512,4,8,0,1,0,0,1,3.77128E-05,0,19,0.0644823,80497,32791,14.6349,8392190,7.75891E-05,0,0,0,0,49.5584,17.3801,0,3489870000,0,59064300,8392700,268583000,277045000,0,128222000,0,96.0063,0,29.2569,7.31847,0,55.9,32,100,896,0,0,0,72
nbody_kernel,4656,4096,512,512,4,8,0,1,0,0,2,4.628E-05,0,23,0.0651787,79148,32791,7.45173,4197890,7.87371E-05,0,0,0,0,49.3844,17.3253,0,3489910000,0,29573100,4198400,134365000,272822000,0,122842000,0,97.2709,0,29.7837,3.72728,0,54.5191,32,100,640,0,0,0,96
nbody_kernel,4624,4096,512,512,4,8,0,1,0,0,4,5.06868E-05,0,25,0.0653341,78780,32791,3.75619,2100740,7.92967E-05,0,0,0,0,49.2621,17.3177,0,3490010000,0,14827500,2101250,67256300,270737000,0,120156000,0,97.7733,0,30.0085,1.87988,0,53.7291,32,100,512,0,0,0,128
nbody_kernel,4655,4096,512,512,4,8,0,1,1,0,1,3.84454E-05,0,19,0.0651436,79444,32791,0.0354722,19968,1.30184,4194300,16384,0,0,49.9876,17.3828,0,3489870000,0,26296300,8388610,68304900,269218000,0,120694000,0,96.8938,0,29.8068,1.89988,0,53.6073,32,100,896,8192,0,0,72
nbody_kernel,4596,4096,512,512,4,8,0,1,1,0,2,5.124E-05,0,25,0.0641573,75360,32791,0.0211897,11776,1.31815,4194300,16384,0,0,49.9911,17.3857,0,3489910000,0,13189100,4194300,67780600,268935000,0,120128000,0,98.1396,0,30.1919,1.90784,0,54.0451,32,100,640,16384,0,0,96
nbody_kernel,4614,4096,512,512,4,8,0,1,1,0,4,3.87879E-05,0,19,0.0638829,75248,32791,0.0137644,7680,1.31262,4194300,16384,0,0,49.9883,17.3858,0,3490010000,0,6635520,2097150,67518500,268866000,0,119849000,0,97.7525,0,30.0731,1.89207,0,53.7075,32,100,512,32768,0,0,126
nbody_kernel,15473,4096,512,512,4,8,1,0,0,0,1,0.00110366,0,1828,19.1179,36124700,100717000,1.14848,2098180,1.18251E-05,0,0,201275000,100680000,42.7098,16.6463,0,3489870000,0,973836000,209752000,2483420000,377803000,0,242805000,0,32.6631,0,9.31099,21.5351,0,33.6879,32,100,1024,0,160,0,31
nbody_kernel,15570,4096,512,512,4,8,1,0,1,0,1,0.00152576,274,2278,18.2007,31518200,100717000,0.00276151,5120,0.766079,8388610,16384,201310000,100696000,49.9984,16.9085,0,3489870000,0,965841000,209752000,2685400000,369807000,0,248617000,0,31.654,0,9.04314,22.6167,0,33.502,32,100,1024,8192,160,0,31
nbody_kernel,16134,4096,512,512,4,8,1,1,0,0,1,0.00109035,128,1762,19.6051,46570000,100717000,4.37818,8392190,1.12978E-05,0,0,201300000,100682000,43.6628,16.6437,0,3489870000,0,999125000,209752000,2684830000,377811000,0,249889000,0,31.42,0,8.89717,22.2469,0,33.13,32,100,1024,0,160,0,37
nbody_kernel,12189,4096,512,512,4,8,1,1,0,0,2,0.00342934,9,4497,32.9889,86314200,100723000,2.84975,4197890,1.49592E-05,0,0,151034000,100669000,49.1457,17.1544,0,3489910000,0,499872000,104894000,1342650000,323211000,0,183691000,0,38.7575,0,11.4299,14.2925,0,31.2862,32,100,1024,0,208,0,49
nbody_kernel,12590,4096,512,512,4,8,1,1,0,0,4,0.633887,144,854362,36.9502,114229000,100735000,1.37959,2100740,2.91532E-05,0,0,125884000,100690000,49.8238,17.3413,0,3490010000,0,250253000,52465700,671564000,295850000,0,150593000,0,36.5854,0,11.0175,6.8909,0,24.7234,32,100,1024,0,304,0,64
nbody_kernel,15589,4096,512,512,4,8,1,1,1,0,1,0.00137901,84,2231,18.2509,31539700,100717000,0.0107653,19968,0.76765,8388610,16384,201362000,100685000,49.9984,16.9435,0,3489870000,0,966357000,209752000,2685880000,369816000,0,248648000,0,31.6566,0,9.04294,22.6202,0,33.5055,32,100,1024,8192,160,0,32
nbody_kernel,11268,4096,512,512,4,8,1,1,1,0,2,0.00373129,0,4513,32.6689,70695900,100723000,0.00865277,11776,0.531578,4194300,16384,151009000,100676000,49.9978,17.1766,0,3489910000,0,483488000,104894000,1343180000,319222000,0,183071000,0,41.6192,0,12.3298,15.4238,0,33.6353,32,100,1024,16384,208,0,43
nbody_kernel,12392,4096,512,512,4,8,1,1,1,0,4,0.672177,356,885938,39.3932,124699000,100735000,0.00511995,7680,0.487953,4194300,16384,125881000,100691000,49.9978,17.3768,0,3490010000,0,242065000,52465700,671826000,293880000,0,150283000,0,37.0551,0,11.1849,6.99864,0,25.0474,32,100,1024,32768,304,0,61
nbody_kernel,14092,4096,512,512,4,8,2,0,0,0,1,0.00181065,974,1762,19.8573,29285400,100717000,1.27728,2098180,1.29386E-05,0,0,201309000,100677000,41.9046,16.099,0,3489870000,0,503800000,75509800,1275300000,377848000,0,184072000,0,35.6372,0,10.5341,12.5116,0,28.8941,32,100,1024,0,160,0,41
nbody_kernel,13823,4096,512,512,4,8,2,0,1,0,1,0.0014607,120,2042,19.5375,24563100,100717000,0.00321275,5120,0.86811,8388610,16384,201341000,100671000,49.9969,16.4588,0,3489870000,0,495804000,75509800,1477280000,369852000,0,189885000,0,35.5341,0,10.5275,14.4841,0,29.7878,32,100,1024,8192,160,0,41
nbody_kernel,14571,4096,512,512,4,8,2,1,0,0,1,0.00115966,32,1780,20.8994,40439000,100717000,4.91949,8392190,1.25542E-05,0,0,201403000,100696000,42.2493,16.1962,0,3489870000,0,529084000,75509800,1476710000,377758000,0,191152000,0,34.609,0,10.1598,13.9727,0,28.9392,32,100,1024,0,160,0,42
nbody_kernel,12293,4096,512,512,4,8,2,1,0,0,2,0.00327746,42,4273,32.506,83708800,100723000,2.83077,4197890,1.49472E-05,0,0,150934000,100687000,49.1202,17.267,0,3489910000,0,264712000,37761000,738509000,323170000,0,154314000,0,37.7646,0,11.3463,7.80388,0,26.0904,32,100,1024,0,208,0,56
nbody_kernel,12296,4096,512,512,4,8,2,1,0,0,4,0.634139,658,828492,37.5659,112550000,100735000,1.41299,2100740,2.98884E-05,0,0,125820000,100745000,49.8603,17.3493,0,3490010000,0,132538000,18886700,570786000,295887000,0,142192000,0,37.1381,0,11.2902,6.0018,0,23.922,32,100,1024,0,304,0,64
nbody_kernel,13763,4096,512,512,4,8,2,1,1,0,1,0.00143607,78,2039,19.5696,24545800,100717000,0.0125401,19968,0.87025,8388610,16384,201309000,100685000,49.9968,16.4749,0,3489870000,0,496316000,75509800,1477750000,369762000,0,189911000,0,35.5904,0,10.5431,14.5102,0,29.8361,32,100,1024,8192,160,0,41
nbody_kernel,11459,4096,512,512,4,8,2,1,1,0,2,0.00365671,160,4312,31.2879,65356600,100723000,0.00851799,11776,0.525456,4194300,16384,151045000,100713000,49.9963,17.2438,0,3489910000,0,248328000,37761000,739033000,319234000,0,153696000,0,40.2014,0,12.1345,8.35267,0,27.791,32,100,1024,16384,208,0,50
nbody_kernel,12379,4096,512,512,4,8,2,1,1,0,4,0.643894,32,853428,39.4163,124804000,100735000,0.00512631,7680,0.486909,4194300,16384,125865000,100693000,49.9966,17.3142,0,3490010000,0,124346000,18886700,571048000,293921000,0,141882000,0,36.7593,0,11.2012,5.95758,0,23.6819,32,100,1024,32768,304,0,63
nbody_kernel,4683,4096,512,512,4,8,4,0,0,0,1,2.0085E-05,0,10,0.0655816,80424,32791,3.70587,2098180,7.83785E-05,0,0,0,0,49.9241,17.3299,0,3489870000,0,33878000,8392700,67174400,277049000,0,121141000,0,96.5686,0,29.6401,1.85454,0,53.5047,32,100,896,0,0,0,72
nbody_kernel,4610,4096,512,512,4,8,4,0,1,0,1,3.86033E-05,0,19,0.0643155,76316,32791,0.00917591,5120,1.30897,4194300,16384,0,0,49.9894,17.3248,0,3489870000,0,25882600,8388610,67829800,269218000,0,120666000,0,97.7392,0,30.0704,1.90337,0,54.0691,32,100,768,8192,0,0,80
nbody_kernel,4741,4096,512,512,4,8,4,1,0,0,1,4.36785E-05,0,22,0.0646813,80552,32791,14.632,8392190,7.75911E-05,0,0,0,0,49.5494,17.3797,0,3489870000,0,59064300,8392700,268583000,277045000,0,128222000,0,96.0108,0,29.2583,7.31881,0,55.9026,32,100,896,0,0,0,72
nbody_kernel,4655,4096,512,512,4,8,4,1,0,0,2,4.02563E-05,1,19,0.0651131,80324,32791,7.45077,4197890,7.86726E-05,0,0,0,0,49.3755,17.3099,0,3489910000,0,29573100,4198400,134365000,272822000,0,122842000,0,97.2777,0,29.7858,3.72754,0,54.5229,32,100,640,0,0,0,96
nbody_kernel,4618,4096,512,512,4,8,4,1,0,0,4,5.09159E-05,0,25,0.0655899,79692,32791,3.75752,2100740,7.95999E-05,0,0,0,0,49.2782,17.3785,0,3490010000,0,14827500,2101250,67256300,270737000,0,120156000,0,97.8042,0,30.018,1.88047,0,53.7462,32,100,512,0,0,0,128
nbody_kernel,4652,4096,512,512,4,8,4,1,1,0,1,0.000453185,196,28,0.0658687,78896,32895,0.0354689,19968,1.30149,4194300,16384,0,0,49.9883,17.3784,0,3489870000,0,26296300,8388610,68304900,269218000,0,120694000,0,96.8925,0,29.8064,1.89985,0,53.6066,32,100,896,8192,0,0,72
nbody_kernel,4587,4096,512,512,4,8,4,1,1,0,2,3.47048E-05,0,17,0.0642057,75872,32791,0.021189,11776,1.31383,4194300,16384,0,0,49.9914,17.3288,0,3489910000,0,13189100,4194300,67780600,268935000,0,120128000,0,98.1392,0,30.1917,1.90783,0,54.0448,32,100,640,16384,0,0,96
nbody_kernel,4612,4096,512,512,4,8,4,1,1,0,4,3.8656E-05,0,19,0.0639769,75248,32791,0.013765,7680,1.30757,4194300,16384,0,0,49.9883,17.3193,0,3490010000,0,6635520,2097150,67518500,268866000,0,119849000,0,97.7508,0,30.0725,1.89204,0,53.7066,32,100,512,32768,0,0,126
nbody_kernel,4663,4096,512,512,4,16,0,0,0,0,1,6.25614E-05,0,31,0.0657076,80412,32791,3.71671,2098180,7.88525E-05,0,0,0,0,49.375,17.3805,0,3489870000,0,17100800,4198400,67174400,272851000,0,120354000,0,96.7535,0,29.7326,1.86033,0,53.3231,32,100,896,0,0,0,72
nbody_kernel,4598,4096,512,512,4,16,0,0,1,0,1,0.000137172,32,35,0.0646417,76026,32839,0.00920306,5120,1.31739,4194300,16384,0,0,49.9911,17.385,0,3489870000,0,13299700,4194300,67829800,269206000,0,120142000,0,98.0274,0,30.1591,1.90899,0,53.9927,32,100,768,8192,0,0,80
nbody_kernel,4709,4096,512,512,4,16,0,1,0,0,1,4.99863E-05,0,25,0.0647839,79436,32791,14.7348,8392190,7.8138E-05,0,0,0,0,49.5199,17.382,0,3489870000,0,29704200,4198400,268583000,272863000,0,127042000,0,96.2146,0,29.4607,7.36944,0,55.7716,32,100,896,0,0,0,72
nbody_kernel,4655,4096,512,512,4,16,0,1,0,0,2,0.000630432,281,33,0.0650659,79244,32791,7.45422,4197890,7.87998E-05,0,0,0,0,49.2389,17.3282,0,3489910000,0,14893100,2101250,134365000,270725000,0,122252000,0,97.0995,0,29.8025,3.72963,0,54.2916,32,100,640,0,0,0,96
nbody_kernel,4669,4096,512,512,4,16,0,1,0,0,4,4.61841E-05,0,23,3.38568,7333680,32791,3.71928,2100740,7.84596E-05,0,0,0,0,49.0446,17.3074,0,3490010000,0,7487490,1052670,67256300,269689000,0,119861000,0,96.6831,0,29.7095,1.86115,0,53.0633,32,100,512,0,0,0,128
nbody_kernel,4615,4096,512,512,4,16,0,1,1,0,1,5.50429E-05,0,27,0.0655208,79708,32791,0.0357399,19968,1.31198,4194300,16384,0,0,49.9912,17.3853,0,3489870000,0,13713400,4194300,68304900,269214000,0,120170000,0,97.6349,0,30.0348,1.91441,0,53.7826,32,100,768,8192,0,0,80
nbody_kernel,4599,4096,512,512,4,16,0,1,1,0,2,3.89012E-05,0,19,0.0651406,77376,32791,0.0211701,11776,1.3169,4194300,16384,0,0,49.9883,17.3841,0,3489910000,0,6897660,2097150,67780600,268923000,0,119865000,0,98.0552,0,30.1659,1.9062,0,53.8806,32,100,640,16384,0,0,96
nbody_kernel,4638,4096,512,512,4,16,0,1,1,0,4,0.000163569,64,17,2.7243,5946570,32839,0.0136676,7680,1.29839,4194300,16384,0,0,49.9884,17.3368,0,3490010000,0,3489790,1048580,67518500,268857000,0,119718000,0,96.9664,0,29.8312,1.87686,0,53.2172,32,100,512,32768,0,0,128
nbody_kernel,15462,4096,512,512,4,16,1,0,0,0,1,0.00132257,336,1856,18.8954,34269900,100717000,1.17075,2098180,1.18467E-05,0,0,201283000,100707000,43.7974,16.1675,0,3489870000,0,957055000,205558000,2483420000,373613000,0,242018000,0,33.6544,0,9.60425,22.2134,0,34.6364,32,100,1024,0,160,0,31
nbody_kernel,15445,4096,512,512,4,16,1,0,1,0,1,0.00132214,88,2110,18.2653,30225900,100717000,0.00282123,5120,0.776301,8388610,16384,201341000,100690000,49.9983,16.7644,0,3489870000,0,953254000,205558000,2685400000,369811000,0,248093000,0,32.3519,0,9.24252,23.1154,0,34.1685,32,100,1024,8192,160,0,33
nbody_kernel,16071,4096,512,512,4,16,1,1,0,0,1,0.00158142,938,1775,19.7264,46374800,100717000,4.45019,8392190,1.13715E-05,0,0,201349000,100695000,44.9723,16.472,0,3489870000,0,969761000,205558000,2684830000,373621000,0,248710000,0,31.8134,0,9.04862,22.6256,0,33.5348,32,100,1024,0,160,0,37
nbody_kernel,12103,4096,512,512,4,16,1,1,0,0,2,0.00449842,1238,4591,32.874,83759000,100723000,2.86979,4197890,1.50965E-05,0,0,151101000,100657000,49.3083,17.1857,0,3489910000,0,485188000,102797000,1342650000,321118000,0,183101000,0,38.9518,0,11.5138,14.3973,0,31.4145,32,100,1024,0,208,0,49
nbody_kernel,12599,4096,512,512,4,16,1,1,0,0,4,0.971199,498,1303350,37.037,114967000,100735000,1.3795,2100740,2.91239E-05,0,0,125900000,100729000,49.838,17.3223,0,3490010000,0,242909000,51417100,671564000,294806000,0,150298000,0,36.5458,0,11.0186,6.89155,0,24.6773,32,100,1024,0,304,0,64
nbody_kernel,15446,4096,512,512,4,16,1,1,1,0,1,0.00145043,164,2235,18.3205,30204500,100717000,0.0109987,19968,0.777438,8388610,16384,201346000,100679000,49.9984,16.7934,0,3489870000,0,953770000,205558000,2685880000,369820000,0,248124000,0,32.3469,0,9.24013,23.1135,0,34.1639,32,100,1024,8192,160,0,31
nbody_kernel,11208,4096,512,512,4,16,1,1,1,0,2,0.00393867,188,4510,32.935,69498700,100723000,0.00873097,11776,0.539808,4194300,16384,151009000,100679000,49.9978,17.2921,0,3489910000,0,477192000,102797000,1343180000,319226000,0,182809000,0,41.9814,0,12.4371,15.558,0,33.8795,32,100,1024,16384,208,0,43
nbody_kernel,12391,4096,512,512,4,16,1,1,1,0,4,0.965521,0,1280800,39.3461,124642000,100735000,0.00512041,7680,0.486101,4194300,16384,125869000,100697000,49.9979,17.3081,0,3490010000,0,238920000,51417100,671826000,293954000,0,150154000,0,37.061,0,11.1866,6.99975,0,25.0299,32,100,1024,32768,304,0,61
nbody_kernel,13694,4096,512,512,4,16,2,0,0,0,1,0.00188163,770,2008,20.5379,30060900,100717000,1.31858,2098180,1.33156E-05,0,0,201333000,100664000,43.3657,15.9588,0,3489870000,0,487018000,71315500,1275300000,373658000,0,183286000,0,36.9554,0,10.9364,12.9893,0,29.8692,32,100,1024,0,160,0,41
nbody_kernel,13353,4096,512,512,4,16,2,0,1,0,1,0.00142621,4,2034,20.4082,25398200,100717000,0.00332877,5120,0.899732,8388610,16384,201337000,100683000,49.9968,16.4641,0,3489870000,0,483217000,71315500,1477280000,369857000,0,189360000,0,36.8165,0,10.9075,15.0069,0,30.7777,32,100,1024,8192,160,0,41
nbody_kernel,14125,4096,512,512,4,16,2,1,0,0,1,0.00152769,668,1637,21.7101,41587300,100717000,5.05145,8392190,1.29393E-05,0,0,201299000,100679000,43.8465,16.3126,0,3489870000,0,499720000,71315500,1476710000,373567000,0,189973000,0,35.2536,0,10.3967,14.2986,0,29.4313,32,100,1024,0,160,0,42
nbody_kernel,12230,4096,512,512,4,16,2,1,0,0,2,0.00354069,211,4404,32.369,82548900,100723000,2.84507,4197890,1.49882E-05,0,0,151117000,100683000,49.2657,17.2431,0,3489910000,0,250028000,35663900,738509000,321077000,0,153725000,0,37.8317,0,11.3932,7.83614,0,26.0981,32,100,1024,0,208,0,56
nbody_kernel,12302,4096,512,512,4,16,2,1,0,0,4,0.949916,0,1252390,37.6864,113419000,100735000,1.41251,2100740,2.9789E-05,0,0,125846000,100752000,49.8855,17.3,0,3490010000,0,125198000,17838100,570786000,294838000,0,141897000,0,37.0757,0,11.2846,5.99884,0,23.8606,32,100,1024,0,304,0,64
nbody_kernel,13340,4096,512,512,4,16,2,1,1,0,1,0.00220595,1236,1912,20.3714,25416500,100717000,0.0129862,19968,0.898739,8388610,16384,201340000,100684000,49.9966,16.4333,0,3489870000,0,483729000,71315500,1477750000,369766000,0,189387000,0,36.8487,0,10.9159,15.0232,0,30.8057,32,100,1024,8192,160,0,41
nbody_kernel,11380,4096,512,512,4,16,2,1,1,0,2,0.00377805,56,4535,31.3086,64439200,100723000,0.00857003,11776,0.529527,4194300,16384,151036000,100708000,49.9962,17.2649,0,3489910000,0,242033000,35663900,739033000,319238000,0,153434000,0,40.4633,0,12.2135,8.40709,0,27.9243,32,100,1024,16384,208,0,50
nbody_kernel,12389,4096,512,512,4,16,2,1,1,0,4,0.926171,506,1227500,39.4033,124739000,100735000,0.00512712,7680,0.488078,4194300,16384,125863000,100708000,49.9966,17.3587,0,3490010000,0,121201000,17838100,571048000,293921000,0,141751000,0,36.7532,0,11.1994,5.95658,0,23.656,32,100,1024,32768,304,0,63
nbody_kernel,4664,4096,512,512,4,16,4,0,0,0,1,4.2195E-05,0,21,0.0656511,80380,32791,3.71662,2098180,7.8575E-05,0,0,0,0,49.3763,17.3202,0,3489870000,0,17100800,4198400,67174400,272851000,0,120354000,0,96.749,0,29.7312,1.86024,0,53.3206,32,100,896,0,0,0,72
nbody_kernel,4596,4096,512,512,4,16,4,0,1,0,1,2.66152E-05,0,13,0.0643391,76316,32791,0.00920293,5120,1.31747,4194300,16384,0,0,49.9911,17.3868,0,3489870000,0,13299700,4194300,67829800,269206000,0,120142000,0,98.0234,0,30.1579,1.90891,0,53.9905,32,100,768,8192,0,0,80
nbody_kernel,4706,4096,512,512,4,16,4,1,0,0,1,0.00131568,624,34,0.0647849,79972,32791,14.7365,8392190,7.8141E-05,0,0,0,0,49.5296,17.3837,0,3489870000,0,29704200,4198400,268583000,272863000,0,127042000,0,96.2091,0,29.459,7.36902,0,55.7684,32,100,896,0,0,0,72
nbody_kernel,4652,4096,512,512,4,16,4,1,0,0,2,5.0496E-05,16,9,0.0650239,78780,32791,7.45224,4197890,7.893E-05,0,0,0,0,49.2396,17.3609,0,3489910000,0,14893100,2101250,134365000,270725000,0,122252000,0,97.0767,0,29.7955,3.72876,0,54.2788,32,100,640,0,0,0,96
nbody_kernel,4681,4096,512,512,4,16,4,1,0,0,4,9.0291E-05,0,45,3.4379,7328720,32791,3.71686,2100740,7.85482E-05,0,0,0,0,49.0052,17.3404,0,3490010000,0,7487490,1052670,67256300,269689000,0,119861000,0,96.6079,0,29.6864,1.8597,0,53.022,32,100,512,0,0,0,128
nbody_kernel,4614,4096,512,512,4,16,4,1,1,0,1,0.000152911,2,73,0.0658053,78840,32967,0.0357419,19968,1.31198,4194300,16384,0,0,49.9913,17.3853,0,3489870000,0,13713400,4194300,68304900,269214000,0,120170000,0,97.6349,0,30.0348,1.91441,0,53.7826,32,100,768,8192,0,0,80
nbody_kernel,4595,4096,512,512,4,16,4,1,1,0,2,5.93758E-05,12,17,0.0654106,77120,32839,0.0211692,11776,1.3169,4194300,16384,0,0,49.9877,17.3855,0,3489910000,0,6897660,2097150,67780600,268923000,0,119865000,0,98.0476,0,30.1636,1.90605,0,53.8764,32,100,640,16384,0,0,96
nbody_kernel,4636,4096,512,512,4,16,4,1,1,0,4,0.000385393,160,31,2.80867,6023400,32791,0.0136406,7680,1.2928,4194300,16384,0,0,49.9895,17.2437,0,3490010000,0,3489790,1048580,67518500,268857000,0,119718000,0,97.0704,0,29.8632,1.87887,0,53.2743,32,100,512,32768,0,0,128
nbody_kernel,4642,4096,512,512,4,32,0,0,0,0,1,0.00108457,516,19,0.0659373,80416,32791,3.73246,2098180,7.90627E-05,0,0,0,0,49.2473,17.3505,0,3489870000,0,8712190,2101250,67174400,270758000,0,119961000,0,97.1211,0,29.8634,1.86852,0,53.3829,32,100,896,0,0,0,72
nbody_kernel,4605,4096,512,512,4,32,0,0,1,0,1,5.10706E-05,0,25,0.0642472,77008,32791,0.00917969,5120,1.31455,4194300,16384,0,0,49.9896,17.3854,0,3489870000,0,7008260,2097150,67829800,269206000,0,119880000,0,97.814,0,30.0934,1.90483,0,53.7576,32,100,768,8192,0,0,80
nbody_kernel,4693,4096,512,512,4,32,0,1,0,0,1,5.01153E-05,0,25,0.0646986,78988,32791,14.7711,8392190,7.83277E-05,0,0,0,0,49.3627,17.3734,0,3489870000,0,15024100,2101250,268583000,270758000,0,126452000,0,96.2652,0,29.5469,7.391,0,55.675,32,100,896,0,0,0,72
nbody_kernel,4694,4096,512,512,4,32,0,1,0,0,2,0.000813366,389,19,3.51298,7515000,32791,7.36215,4197890,7.78276E-05,0,0,0,0,48.9852,17.3105,0,3489910000,0,7553020,1052670,134365000,269677000,0,121957000,0,95.884,0,29.4648,3.68737,0,53.5468,32,100,640,0,0,0,96
nbody_kernel,4828,4096,512,512,4,32,0,1,0,0,4,0.000191225,82,17,7.28189,16405400,32839,3.59938,2100740,7.58679E-05,0,0,0,0,48.4946,17.2784,0,3490010000,0,3817470,528384,67256300,269165000,0,119713000,0,93.5901,0,28.7763,1.80269,0,51.3334,32,100,512,0,0,0,128
nbody_kernel,4615,4096,512,512,4,32,0,1,1,0,1,0.000352557,144,29,0.0649103,77592,32791,0.0357275,19968,1.31153,4194300,16384,0,0,49.9897,17.3843,0,3489870000,0,7421950,2097150,68304900,269214000,0,119908000,0,97.607,0,30.0262,1.91386,0,53.65,32,100,768,8192,0,0,80
nbody_kernel,4609,4096,512,512,4,32,0,1,1,0,2,0.000242211,70,49,2.20187,4233430,32791,0.0210602,11776,1.30601,4194300,16384,0,0,49.988,17.3334,0,3489910000,0,3751940,1048580,67780600,268923000,0,119734000,0,97.5286,0,30.0039,1.89596,0,53.5326,32,100,640,16384,0,0,96
nbody_kernel,4771,4096,512,512,4,32,0,1,1,0,4,0.000538777,260,17,5.64762,12956800,32839,0.0132708,7680,1.25451,4194300,16384,0,0,49.9897,17.2497,0,3490010000,0,1916930,524288,67518500,268861000,0,119652000,0,94.1624,0,28.9686,1.82258,0,51.6501,32,100,512,32768,0,0,128
nbody_kernel,15453,4096,512,512,4,32,1,0,0,0,1,0.00195225,1320,1910,18.8131,34337500,100717000,1.17152,2098180,1.18062E-05,0,0,201408000,100687000,43.8096,16.1047,0,3489870000,0,948666000,203461000,2483420000,371515000,0,241625000,0,33.6514,0,9.60876,22.2238,0,34.5964,32,100,1024,0,160,0,31
nbody_kernel,15454,4096,512,512,4,32,1,0,1,0,1,0.00127869,0,2111,18.2665,30199800,100717000,0.00281977,5120,0.776495,8388610,16384,201328000,100688000,49.9983,16.7692,0,3489870000,0,946962000,203461000,2685400000,369811000,0,247831000,0,32.3508,0,9.24222,23.1146,0,34.1313,32,100,1024,8192,160,0,33
nbody_kernel,16050,4096,512,512,4,32,1,1,0,0,1,0.00132852,500,1784,19.6897,46268400,100717000,4.44672,8392190,1.13546E-05,0,0,201383000,100691000,44.9643,16.4649,0,3489870000,0,955081000,203461000,2684830000,371524000,0,248120000,0,31.7092,0,9.03905,22.6017,0,33.4199,32,100,1024,0,160,0,37
nbody_kernel,12299,4096,512,512,4,32,1,1,0,0,2,0.00370528,392,4471,32.403,83820300,100723000,2.83049,4197890,1.48978E-05,0,0,150993000,100664000,49.2827,17.1811,0,3489910000,0,477848000,101749000,1342650000,320070000,0,182806000,0,38.4052,0,11.3653,14.2117,0,30.9595,32,100,1024,0,208,0,49
nbody_kernel,12621,4096,512,512,4,32,1,1,0,0,4,0.99519,408,1333710,37.061,115502000,100735000,1.37853,2100740,2.90976E-05,0,0,125825000,100703000,49.8434,17.3147,0,3490010000,0,239239000,50892800,671564000,294281000,0,150150000,0,36.5073,0,11.0134,6.88835,0,24.6416,32,100,1024,0,304,0,64
nbody_kernel,15434,4096,512,512,4,32,1,1,1,0,1,0.0016098,588,2072,18.2732,30224700,100717000,0.0109995,19968,0.776482,8388610,16384,201355000,100692000,49.9984,16.7749,0,3489870000,0,947479000,203461000,2685880000,369820000,0,247862000,0,32.3425,0,9.23889,23.1104,0,34.1233,32,100,1024,8192,160,0,31
nbody_kernel,11260,4096,512,512,4,32,1,1,1,0,2,0.00376495,64,4445,32.6893,69404400,100723000,0.00868977,11776,0.536493,4194300,16384,151022000,100655000,49.9978,17.2564,0,3489910000,0,474046000,101749000,1343180000,319226000,0,182678000,0,41.8098,0,12.3863,15.4944,0,33.7168,32,100,1024,16384,208,0,43
nbody_kernel,12392,4096,512,512,4,32,1,1,1,0,4,0.981456,536,1293640,39.3554,124647000,100735000,0.00511925,7680,0.487725,4194300,16384,125864000,100691000,49.9977,17.3666,0,3490010000,0,237347000,50892800,671826000,293954000,0,150089000,0,37.0595,0,11.1862,6.99947,0,25.018,32,100,1024,32768,304,0,61
nbody_kernel,13737,4096,512,512,4,32,2,0,0,0,1,0.00124945,40,1793,20.5136,30092500,100717000,1.32096,2098180,1.33175E-05,0,0,201338000,100683000,43.4414,15.9741,0,3489870000,0,478630000,69218300,1275300000,371560000,0,182893000,0,36.9037,0,10.9274,12.9787,0,29.7807,32,100,1024,0,160,0,41
nbody_kernel,13372,4096,512,512,4,32,2,0,1,0,1,0.00156116,164,2069,20.3884,25333100,100717000,0.00332676,5120,0.898667,8388610,16384,201354000,100685000,49.9968,16.4499,0,3489870000,0,476926000,69218300,1477280000,369857000,0,189098000,0,36.8047,0,10.904,15.002,0,30.7252,32,100,1024,8192,160,0,41
nbody_kernel,14174,4096,512,512,4,32,2,1,0,0,1,0.00112338,0,1699,21.6362,41315900,100717000,5.03394,8392190,1.29264E-05,0,0,201375000,100687000,43.7882,16.3198,0,3489870000,0,485040000,69218300,1476710000,371470000,0,189383000,0,35.1219,0,10.3818,14.2781,0,29.2978,32,100,1024,0,160,0,42
nbody_kernel,12232,4096,512,512,4,32,2,1,0,0,2,0.00328192,239,4040,32.3273,82442600,100723000,2.84577,4197890,1.49822E-05,0,0,150918000,100684000,49.2091,17.2382,0,3489910000,0,242688000,34615300,738509000,320029000,0,153430000,0,37.7828,0,11.3918,7.83524,0,26.0451,32,100,1024,0,208,0,56
nbody_kernel,12374,4096,512,512,4,32,2,1,0,0,4,0.967101,0,1275930,40.1137,128910000,100735000,1.40425,2100740,2.95551E-05,0,0,125904000,100678000,49.8514,17.262,0,3490010000,0,121528000,17313800,570786000,294314000,0,141749000,0,36.8437,0,11.2207,5.96485,0,23.7008,32,100,1024,0,304,0,64
nbody_kernel,13357,4096,512,512,4,32,2,1,1,0,1,0.00136148,72,1873,20.3164,25352400,100717000,0.0129788,19968,0.897866,8388610,16384,201347000,100676000,49.9967,16.4229,0,3489870000,0,477438000,69218300,1477750000,369766000,0,189125000,0,36.8361,0,10.9122,15.0181,0,30.7525,32,100,1024,8192,160,0,41
nbody_kernel,11384,4096,512,512,4,32,2,1,1,0,2,0.00368976,0,4525,31.185,63927900,100723000,0.0085613,11776,0.528519,4194300,16384,151008000,100671000,49.9961,17.2555,0,3489910000,0,238887000,34615300,739033000,319238000,0,153303000,0,40.4083,0,12.1969,8.39565,0,27.8626,32,100,1024,16384,208,0,50
nbody_kernel,12383,4096,512,512,4,32,2,1,1,0,4,0.931877,894,1227140,39.7118,126427000,100735000,0.00512571,7680,0.488033,4194300,16384,125855000,100727000,49.9966,17.3577,0,3490010000,0,119628000,17313800,571048000,293921000,0,141686000,0,36.752,0,11.199,5.95639,0,23.6443,32,100,1024,32768,304,0,63
nbody_kernel,4642,4096,512,512,4,32,4,0,0,0,1,0.000548938,140,131,0.0662718,80376,32847,3.73173,2098180,7.92147E-05,0,0,0,0,49.2456,17.3842,0,3489870000,0,8712190,2101250,67174400,270758000,0,119961000,0,97.1192,0,29.8629,1.86848,0,53.3818,32,100,896,0,0,0,72
nbody_kernel,4603,4096,512,512,4,32,4,0,1,0,1,5.10698E-05,0,25,0.0642999,76170,32791,0.00918093,5120,1.31276,4194300,16384,0,0,49.989,17.3619,0,3489870000,0,7008260,2097150,67829800,269206000,0,119880000,0,97.8126,0,30.093,1.9048,0,53.7568,32,100,768,8192,0,0,80
nbody_kernel,4697,4096,512,512,4,32,4,1,0,0,1,3.40945E-05,0,17,0.0647441,78980,32791,14.7721,8392190,7.82725E-05,0,0,0,0,49.3629,17.3636,0,3489870000,0,15024100,2101250,268583000,270758000,0,126452000,0,96.2516,0,29.5427,7.38995,0,55.6671,32,100,896,0,0,0,72
nbody_kernel,4705,4096,512,512,4,32,4,1,0,0,2,0.000522103,229,33,3.46756,7063150,32807,7.37195,4197890,7.79618E-05,0,0,0,0,49.0257,17.3125,0,3489910000,0,7553020,1052670,134365000,269677000,0,121957000,0,96.0382,0,29.5122,3.6933,0,53.6329,32,100,640,0,0,0,96
nbody_kernel,4830,4096,512,512,4,32,4,1,0,0,4,4.80959E-05,0,25,7.21815,16501600,32791,3.58425,2100740,7.54626E-05,0,0,0,0,48.4124,17.1867,0,3490010000,0,3817470,528384,67256300,269165000,0,119713000,0,93.5867,0,28.7753,1.80263,0,51.3315,32,100,512,0,0,0,128
nbody_kernel,4614,4096,512,512,4,32,4,1,1,0,1,9.17075E-05,0,45,0.0649206,77592,32791,0.0357248,19968,1.31155,4194300,16384,0,0,49.9899,17.3849,0,3489870000,0,7421950,2097150,68304900,269214000,0,119908000,0,97.6051,0,30.0256,1.91383,0,53.649,32,100,768,8192,0,0,80
nbody_kernel,4625,4096,512,512,4,32,4,1,1,0,2,0.00157415,704,73,2.16419,4451420,32791,0.0210474,11776,1.30453,4194300,16384,0,0,49.9891,17.3346,0,3489910000,0,3751940,1048580,67780600,268923000,0,119734000,0,97.4116,0,29.9679,1.89369,0,53.4684,32,100,640,16384,0,0,96
nbody_kernel,4797,4096,512,512,4,32,4,1,1,0,4,0.000118912,0,61,5.64431,13048500,32967,0.0132056,7680,1.25575,4194300,16384,0,0,49.9893,17.2464,0,3490010000,0,1916930,524288,67518500,268861000,0,119652000,0,94.2734,0,29.0027,1.82473,0,51.711,32,100,512,32768,0,0,128
nbody_kernel,10778,2048,512,512,8,0,0,0,0,0,1,1.39262E-05,0,16,0.0303347,53800,32791,1.6119,1049600,1.70046E-05,0,0,0,0,49.9929,8.64741,0,3489860000,0,134380000,33556500,33620000,302125000,0,124800000,0,84.578,0,25.7746,0.807127,0,47.9323,32,100,640,0,0,0,96
nbody_kernel,9135,2048,512,512,8,0,0,0,1,0,1,0.000228745,106,117,0.0351346,59626,32935,0.00553599,3072,0.658651,4194300,8192,0,0,49.993,8.68726,0,3489860000,0,101022000,33554400,134611000,268866000,0,125874000,0,98.3239,0,30.2511,3.79436,0,56.7413,32,100,512,8192,0,0,127
nbody_kernel,10254,2048,512,512,8,0,0,1,0,0,1,0.00014348,138,19,0.029804,47216,32839,6.73532,4197890,1.78478E-05,0,0,0,0,49.5424,8.68617,0,3489860000,0,235053000,33556500,134365000,302123000,0,131095000,0,90.9005,0,26.9318,3.37027,0,52.6104,32,100,640,0,0,0,96
nbody_kernel,9645,2048,512,512,8,0,0,1,0,0,2,0.00030816,276,41,0.0315421,47940,32839,3.58646,2100740,1.89993E-05,0,0,0,0,49.4314,8.69399,0,3489910000,0,117547000,16779300,67256300,285336000,0,124277000,0,94.8896,0,28.6437,1.79427,0,53.0446,32,100,512,0,0,0,128
nbody_kernel,9669,2048,512,512,8,0,0,1,1,0,1,1.84724E-05,0,19,0.0304145,44864,32839,0.0200946,11776,0.623818,4194300,8192,0,0,49.9939,8.69162,0,3489860000,0,101229000,33554400,134889000,268872000,0,125890000,0,93.0829,0,28.6369,3.59933,0,53.7202,32,100,640,8192,0,0,96
nbody_kernel,9372,2048,512,512,8,0,0,1,1,0,2,1.60266E-05,0,16,0.0308796,45552,32791,0.013505,7680,0.322055,2097150,8192,0,0,49.9932,8.69356,0,3489910000,0,50634800,16777200,67518500,268753000,0,121676000,0,95.8986,0,29.5038,1.8562,0,53.4939,32,100,512,16384,0,0,128
nbody_kernel,36240,2048,512,512,8,0,1,0,0,0,1,0.00022325,16,849,15.3349,155744000,100717000,0.480113,1049600,2.53016E-06,0,0,201322000,100657000,49.5384,8.62448,0,3489860000,0,973683000,268478000,2449870000,335675000,0,245415000,0,25.7176,0,7.69049,17.5468,0,28.124,32,100,1024,0,320,0,26
nbody_kernel,36176,2048,512,512,8,0,1,0,1,0,1,0.000329677,44,1230,15.1854,153852000,100717000,0.00140755,3072,0.166163,4194300,8192,201351000,100624000,49.9991,8.62891,0,3489860000,0,940327000,268478000,2550860000,302318000,0,246484000,0,25.4667,0,7.68703,18.2619,0,28.2338,32,100,1024,8192,320,0,28
nbody_kernel,36558,2048,512,512,8,0,1,1,0,0,1,0.000308812,202,1005,15.3939,160343000,100717000,1.90108,4197890,2.50112E-06,0,0,201311000,100628000,49.6121,8.61369,0,3489860000,0,1108100000,268478000,2550610000,302055000,0,251711000,0,26.4059,0,7.61176,18.0813,0,28.5502,32,100,1024,0,320,0,27
nbody_kernel,26506,2048,512,512,8,0,1,1,0,0,2,0.000752656,0,2127,19.6524,140486000,100723000,1.30719,2100740,3.45497E-06,0,0,151046000,100669000,49.7603,8.66976,0,3489910000,0,537534000,134261000,1275540000,302096000,0,184600000,0,34.9341,0,10.4466,12.41,0,28.7362,32,100,1024,0,416,0,39
nbody_kernel,24775,2048,512,512,8,0,1,1,0,0,4,0.00439872,106,11504,19.4039,121454000,100735000,0.700486,1052160,3.69788E-06,0,0,125898000,100720000,49.8184,8.67666,0,3490010000,0,260631000,67151900,638009000,293738000,0,151047000,0,36.6626,0,11.1722,6.63848,0,25.1462,32,100,1024,0,608,0,61
nbody_kernel,36097,2048,512,512,8,0,1,1,1,0,1,0.000307966,69,1119,15.2514,153984000,100717000,0.00540577,11776,0.166578,4194300,8192,201329000,100705000,49.9991,8.63511,0,3489860000,0,974275000,268478000,2551140000,268698000,0,246503000,0,25.514,0,7.7007,18.2964,0,28.2862,32,100,1024,8192,320,0,30
nbody_kernel,26166,2048,512,512,8,0,1,1,1,0,2,0.000886404,224,2252,19.7019,138395000,100723000,0.00484105,7680,0.114972,2097150,8192,150995000,100726000,49.9986,8.662,0,3489910000,0,470688000,134261000,1275810000,285352000,0,181996000,0,34.5433,0,10.5763,12.5666,0,28.6824,32,100,1024,16384,416,0,40
nbody_kernel,24813,2048,512,512,8,0,1,1,1,0,4,0.00461812,210,11990,19.7621,125984000,100735000,0.003746,5632,0.121652,2097150,8192,125862000,100705000,49.9986,8.6883,0,3490010000,0,227174000,67151900,638140000,285395000,0,149744000,0,36.2652,0,11.1572,6.6309,0,24.8958,32,100,1024,32768,608,0,63
nbody_kernel,33642,2048,512,512,8,0,2,0,0,0,1,0.000512462,848,988,16.49,155589000,100717000,0.518791,1049600,2.72445E-06,0,0,201586000,100679000,49.7113,8.6013,0,3489860000,0,537203000,134236000,1241740000,369328000,0,186682000,0,27.2474,0,8.30339,9.60258,0,23.0983,32,100,1024,0,320,0,37
nbody_kernel,33569,2048,512,512,8,0,2,0,1,0,1,0.000326754,128,1046,16.298,151965000,100717000,0.00152671,3072,0.179558,4194300,8192,201624000,100685000,49.9983,8.59295,0,3489860000,0,537401000,134236000,1342730000,302418000,0,187754000,0,27.3728,0,8.34144,10.4311,0,23.3373,32,100,1024,8192,320,0,37
nbody_kernel,33999,2048,512,512,8,0,2,1,0,0,1,0.000436277,432,1148,16.4858,158639000,100717000,2.04898,4197890,2.69907E-06,0,0,201059000,100804000,49.767,8.63148,0,3489860000,0,671533000,134236000,1342490000,335684000,0,192976000,0,27.9237,0,8.19727,10.249,0,23.5718,32,100,1024,0,320,0,37
nbody_kernel,26266,2048,512,512,8,0,2,1,0,0,2,0.000894634,152,2353,19.607,137524000,100723000,1.32104,2100740,3.49004E-06,0,0,151045000,100730000,49.9231,8.66728,0,3489910000,0,319121000,67127300,671400000,318898000,0,155225000,0,34.9683,0,10.5557,6.6004,0,24.4157,32,100,1024,0,416,0,46
nbody_kernel,24827,2048,512,512,8,0,2,1,0,0,4,0.00419479,226,10873,19.2196,120006000,100735000,0.698692,1052160,3.68732E-06,0,0,125856000,100707000,49.8009,8.67375,0,3490010000,0,159705000,33572900,537231000,293716000,0,142644000,0,36.5702,0,11.1441,5.5758,0,23.6874,32,100,1024,0,608,0,63
nbody_kernel,33568,2048,512,512,8,0,2,1,1,0,1,0.000307566,48,1051,16.3035,152161000,100717000,0.00585226,11776,0.179506,4194300,8192,201679000,100708000,49.9983,8.59376,0,3489860000,0,537772000,134236000,1343010000,302262000,0,187768000,0,27.3643,0,8.33825,10.4293,0,23.3301,32,100,1024,8192,320,0,38
nbody_kernel,25853,2048,512,512,8,0,2,1,1,0,2,0.000958831,40,2599,19.8242,136259000,100723000,0.00490764,7680,0.116726,2097150,8192,151041000,100635000,49.9978,8.67436,0,3489910000,0,252209000,67127300,671662000,302219000,0,152620000,0,34.8514,0,10.7223,6.70719,0,24.385,32,100,1024,16384,416,0,48
nbody_kernel,24786,2048,512,512,8,0,2,1,1,0,4,0.00434306,276,11193,19.7763,125959000,100735000,0.0037482,5632,0.121752,2097150,8192,125871000,100708000,49.9976,8.68841,0,3490010000,0,126249000,33572900,537362000,285377000,0,141342000,0,36.2947,0,11.1663,5.58826,0,23.518,32,100,1024,32768,608,0,64
nbody_kernel,28836,2048,512,512,8,0,4,0,0,0,1,0.00038291,160,1017,18.4595,145535000,100717000,0.602833,1049600,3.17939E-06,0,0,201461000,100616000,49.9189,8.64457,0,3489860000,0,335811000,67115000,637682000,369326000,0,157316000,0,31.6377,0,9.6414,5.72592,0,22.6013,32,100,1024,0,320,0,64
nbody_kernel,28767,2048,512,512,8,0,4,0,1,0,1,0.000412273,220,1042,18.4302,144164000,100717000,0.00177337,3072,0.20925,4194300,8192,201409000,100758000,49.9967,8.62486,0,3489860000,0,302453000,67115000,738673000,335968000,0,158387000,0,31.4783,0,9.68487,6.66265,0,22.8577,32,100,1024,8192,320,0,64
nbody_kernel,29584,2048,512,512,8,0,4,1,0,0,1,0.000634014,580,1418,18.2329,148612000,100717000,2.35079,4197890,3.09669E-06,0,0,201403000,100683000,49.9075,8.63526,0,3489860000,0,436503000,67115000,738427000,369228000,0,163607000,0,31.7293,0,9.40073,6.46503,0,22.9185,32,100,1024,0,320,0,64
nbody_kernel,25911,2048,512,512,8,0,4,1,0,0,2,0.000924379,312,2237,19.5651,133631000,100723000,1.34084,2100740,3.53544E-06,0,0,151036000,100791000,49.9354,8.65438,0,3489910000,0,218333000,33560600,570679000,318863000,0,146828000,0,35.476,0,10.709,5.69169,0,23.4303,32,100,1024,0,416,0,62
nbody_kernel,24768,2048,512,512,8,0,4,1,0,0,4,0.00421422,176,10939,19.1997,119289000,100735000,0.700934,1052160,3.69876E-06,0,0,125888000,100708000,49.7378,8.66895,0,3490010000,0,109249000,16783400,486842000,293681000,0,138442000,0,36.7039,0,11.1848,5.07131,0,23.0738,32,100,1024,0,608,0,64
nbody_kernel,28769,2048,512,512,8,0,4,1,1,0,1,0.0006779,861,1215,18.4172,144239000,100717000,0.00679769,11776,0.209485,4194300,8192,201369000,100714000,49.9968,8.63647,0,3489860000,0,302678000,67115000,738951000,335870000,0,158399000,0,31.473,0,9.68269,6.66366,0,22.8544,32,100,1024,8192,320,0,64
nbody_kernel,25487,2048,512,512,8,0,4,1,1,0,2,0.000871471,12,2355,19.757,131933000,100723000,0.0049817,7680,0.118317,2097150,8192,150956000,100694000,49.9966,8.66338,0,3489910000,0,151421000,33560600,570941000,302184000,0,144224000,0,35.371,0,10.8822,5.78641,0,23.3871,32,100,1024,16384,416,0,62
nbody_kernel,24859,2048,512,512,8,0,4,1,1,0,4,0.00424596,152,11083,19.7359,125945000,100735000,0.00373904,5632,0.12132,2097150,8192,125866000,100706000,49.9963,8.67986,0,3490010000,0,75792400,16783400,486973000,285342000,0,137140000,0,36.2013,0,11.1375,5.05122,0,22.7601,32,100,1024,32768,608,0,64
nbody_kernel,10776,2048,512,512,8,0,8,0,0,0,1,0.000241959,140,138,0.0305306,54207,32855,1.61162,1049600,1.69984E-05,0,0,0,0,49.9931,8.64452,0,3489860000,0,134380000,33556500,33620000,302125000,0,124800000,0,84.5753,0,25.7737,0.807101,0,47.9308,32,100,640,0,0,0,96
nbody_kernel,9135,2048,512,512,8,0,8,0,1,0,1,0.000356174,316,31,0.0348363,59659,32791,0.00553842,3072,0.658722,4194300,8192,0,0,49.9934,8.6905,0,3489860000,0,101022000,33554400,134611000,268866000,0,125874000,0,98.2978,0,30.243,3.79336,0,56.7263,32,100,512,8192,0,0,127
nbody_kernel,10273,2048,512,512,8,0,8,1,0,0,1,0,0,0,0.0297563,47094,32791,6.73199,4197890,1.78424E-05,0,0,0,0,49.5246,8.6858,0,3489860000,0,235053000,33556500,134365000,302123000,0,131095000,0,90.8773,0,26.9249,3.36941,0,52.597,32,100,640,0,0,0,96
nbody_kernel,9644,2048,512,512,8,0,8,1,0,0,2,2.02601E-05,0,21,0.0310611,48848,32791,3.58612,2100740,1.89481E-05,0,0,0,0,49.4252,8.67016,0,3489910000,0,117547000,16779300,67256300,285336000,0,124277000,0,94.8939,0,28.645,1.79436,0,53.047,32,100,512,0,0,0,128
nbody_kernel,9633,2048,512,512,8,0,8,1,1,0,1,6.31166E-05,36,29,0.0303601,45360,32791,0.0201074,11776,0.623271,4194300,8192,0,0,49.9936,8.69033,0,3489860000,0,101229000,33554400,134889000,268872000,0,125890000,0,93.015,0,28.616,3.5967,0,53.681,32,100,640,8192,0,0,96
nbody_kernel,9365,2048,512,512,8,0,8,1,1,0,2,5.1079E-05,4,47,0.0310319,46628,32826,0.013504,7680,0.322087,2097150,8192,0,0,49.9937,8.69543,0,3489910000,0,50634800,16777200,67518500,268753000,0,121676000,0,95.8876,0,29.5004,1.85599,0,53.4878,32,100,512,16384,0,0,128
nbody_kernel,10781,2048,512,512,8,1,0,0,0,0,1,1.65345E-05,0,19,0.0304407,53743,32791,1.61194,1049600,1.70038E-05,0,0,0,0,49.993,8.64517,0,3489860000,0,134380000,33556500,33620000,302125000,0,124800000,0,84.5958,0,25.78,0.807297,0,47.9424,32,100,640,0,0,0,96
nbody_kernel,9127,2048,512,512,8,1,0,0,1,0,1,9.13656E-05,28,61,0.0350304,59525,32847,0.00553786,3072,0.659099,4194300,8192,0,0,49.9934,8.69519,0,3489860000,0,101022000,33554400,134611000,268866000,0,125874000,0,98.3009,0,30.244,3.79348,0,56.7281,32,100,512,8192,0,0,127
nbody_kernel,10256,2048,512,512,8,1,0,1,0,0,1,2.73498E-05,10,20,0.029795,46680,32791,6.73605,4197890,1.78083E-05,0,0,0,0,49.5318,8.66724,0,3489860000,0,235053000,33556500,134365000,302123000,0,131095000,0,90.8974,0,26.9309,3.37016,0,52.6086,32,100,640,0,0,0,96
nbody_kernel,9646,2048,512,512,8,1,0,1,0,0,2,0.000210964,196,21,0.0310495,49355,32791,3.58622,2100740,1.89927E-05,0,0,0,0,49.4276,8.69005,0,3489910000,0,117547000,16779300,67256300,285336000,0,124277000,0,94.8993,0,28.6466,1.79446,0,53.05,32,100,512,0,0,0,128
nbody_kernel,9635,2048,512,512,8,1,0,1,1,0,1,3.98309E-05,22,19,0.0306155,44864,32791,0.0201118,11776,0.623776,4194300,8192,0,0,49.9942,8.69374,0,3489860000,0,101229000,33554400,134889000,268872000,0,125890000,0,93.0538,0,28.6279,3.5982,0,53.7034,32,100,640,8192,0,0,96
nbody_kernel,9355,2048,512,512,8,1,0,1,1,0,2,5.70893E-05,0,57,0.0309165,45300,32839,0.0135057,7680,0.322047,2097150,8192,0,0,49.9933,8.69346,0,3489910000,0,50634800,16777200,67518500,268753000,0,121676000,0,95.8974,0,29.5035,1.85618,0,53.4932,32,100,512,16384,0,0,128
nbody_kernel,36384,2048,512,512,8,1,1,0,0,0,1,0.000456306,812,961,15.2211,155815000,100717000,0.478522,1049600,2.5166E-06,0,0,201360000,100717000,49.5404,8.602,0,3489860000,0,973683000,268478000,2449870000,335675000,0,245415000,0,25.6467,0,7.66927,17.4984,0,28.0464,32,100,1024,0,320,0,26
nbody_kernel,36144,2048,512,512,8,1,1,0,1,0,1,0.000334677,50,1242,15.1754,153934000,100717000,0.00140765,3072,0.165977,4194300,8192,201363000,100706000,49.9991,8.62135,0,3489860000,0,940327000,268478000,2550860000,302318000,0,246484000,0,25.4605,0,7.68516,18.2574,0,28.2269,32,100,1024,8192,320,0,28
nbody_kernel,36621,2048,512,512,8,1,1,1,0,0,1,0.000284825,40,1079,15.4018,160530000,100717000,1.89608,4197890,2.49806E-06,0,0,201343000,100788000,49.6045,8.6289,0,3489860000,0,1108100000,268478000,2550610000,302055000,0,251711000,0,26.3271,0,7.58905,18.0274,0,28.465,32,100,1024,0,320,0,27
nbody_kernel,26499,2048,512,512,8,1,1,1,0,0,2,0.000832604,50,2316,19.6373,140538000,100723000,1.30643,2100740,3.44708E-06,0,0,151020000,100664000,49.7549,8.66004,0,3489910000,0,537534000,134261000,1275540000,302096000,0,184600000,0,34.8935,0,10.4345,12.3956,0,28.7028,32,100,1024,0,416,0,39
nbody_kernel,24786,2048,512,512,8,1,1,1,0,0,4,0.00452419,706,11233,19.3872,121481000,100735000,0.700456,1052160,3.70157E-06,0,0,125850000,100708000,49.8206,8.68573,0,3490010000,0,260631000,67151900,638009000,293738000,0,151047000,0,36.6608,0,11.1717,6.63815,0,25.1449,32,100,1024,0,608,0,61
nbody_kernel,36149,2048,512,512,8,1,1,1,1,0,1,0.00029354,16,1117,15.1921,153994000,100717000,0.00539939,11776,0.166099,4194300,8192,201323000,100684000,49.9992,8.61896,0,3489860000,0,974275000,268478000,2551140000,268698000,0,246503000,0,25.4883,0,7.69295,18.2779,0,28.2577,32,100,1024,8192,320,0,30
nbody_kernel,26236,2048,512,512,8,1,1,1,1,0,2,0.000786258,146,2052,19.6911,138487000,100723000,0.00483625,7680,0.114893,2097150,8192,151017000,100689000,49.9986,8.66846,0,3489910000,0,470688000,134261000,1275810000,285352000,0,181996000,0,34.4936,0,10.5611,12.5485,0,28.6411,32,100,1024,16384,416,0,40
nbody_kernel,24818,2048,512,512,8,1,1,1,1,0,4,0.00429436,46,11301,19.76,125984000,100735000,0.00374518,5632,0.121636,2097150,8192,125867000,100694000,49.9986,8.68677,0,3490010000,0,227174000,67151900,638140000,285395000,0,149744000,0,36.2669,0,11.1577,6.63121,0,24.897,32,100,1024,32768,608,0,63
nbody_kernel,33804,2048,512,512,8,1,2,0,0,0,1,0.000488818,576,1182,16.4247,155589000,100717000,0.517149,1049600,2.71702E-06,0,0,201473000,100646000,49.6834,8.61733,0,3489860000,0,537203000,134236000,1241740000,369328000,0,186682000,0,27.1225,0,8.26532,9.55855,0,22.9924,32,100,1024,0,320,0,37
nbody_kernel,33708,2048,512,512,8,1,2,0,1,0,1,0.000390514,321,1080,16.2291,151836000,100717000,0.00152104,3072,0.178853,4194300,8192,201398000,100506000,49.9983,8.58899,0,3489860000,0,537401000,134236000,1342730000,302418000,0,187754000,0,27.278,0,8.31253,10.395,0,23.2564,32,100,1024,8192,320,0,37
nbody_kernel,34121,2048,512,512,8,1,2,1,0,0,1,0.000634407,968,1336,16.4553,158313000,100717000,2.04195,4197890,2.68655E-06,0,0,201380000,100764000,49.7625,8.63051,0,3489860000,0,671533000,134236000,1342490000,335684000,0,192976000,0,27.7973,0,8.16014,10.2026,0,23.465,32,100,1024,0,320,0,37
nbody_kernel,26279,2048,512,512,8,1,2,1,0,0,2,0.000780431,0,2185,19.6013,137594000,100723000,1.32101,2100740,3.48972E-06,0,0,151016000,100668000,49.9306,8.66987,0,3489910000,0,319121000,67127300,671400000,318898000,0,155225000,0,34.9546,0,10.5516,6.59782,0,24.4061,32,100,1024,0,416,0,46
nbody_kernel,24876,2048,512,512,8,1,2,1,0,0,4,0.00425423,350,10985,19.1819,120023000,100735000,0.698612,1052160,3.67567E-06,0,0,125873000,100680000,49.8139,8.65234,0,3490010000,0,159705000,33572900,537231000,293716000,0,142644000,0,36.5449,0,11.1364,5.57194,0,23.6711,32,100,1024,0,608,0,63
nbody_kernel,33748,2048,512,512,8,1,2,1,1,0,1,0.000584744,936,1163,16.2118,152037000,100717000,0.00582657,11776,0.178749,4194300,8192,200792000,100642000,49.9984,8.59894,0,3489860000,0,537772000,134236000,1343010000,302262000,0,187768000,0,27.2324,0,8.29808,10.3791,0,23.2177,32,100,1024,8192,320,0,38
nbody_kernel,25879,2048,512,512,8,1,2,1,1,0,2,0.000926077,108,2443,19.8224,136371000,100723000,0.0049046,7680,0.11664,2097150,8192,151057000,100685000,49.9978,8.67365,0,3489910000,0,252209000,67127300,671662000,302219000,0,152620000,0,34.8285,0,10.7153,6.70278,0,24.3689,32,100,1024,16384,416,0,48
nbody_kernel,24801,2048,512,512,8,1,2,1,1,0,4,0.00442841,12,11736,19.74,125956000,100735000,0.00374747,5632,0.121262,2097150,8192,125866000,100691000,49.9977,8.65509,0,3490010000,0,126249000,33572900,537362000,285377000,0,141342000,0,36.2877,0,11.1641,5.58717,0,23.5134,32,100,1024,32768,608,0,64
nbody_kernel,28888,2048,512,512,8,1,4,0,0,0,1,0.000753843,1288,1030,18.458,145626000,100717000,0.60257,1049600,3.17809E-06,0,0,201408000,100690000,49.9233,8.6479,0,3489860000,0,335811000,67115000,637682000,369326000,0,157316000,0,31.6126,0,9.63376,5.72139,0,22.5834,32,100,1024,0,320,0,64
nbody_kernel,28838,2048,512,512,8,1,4,0,1,0,1,0.000371376,98,1046,18.4026,144273000,100717000,0.00177074,3072,0.209252,4194300,8192,201410000,100672000,49.9968,8.63806,0,3489860000,0,302453000,67115000,738673000,335968000,0,158387000,0,31.4303,0,9.67013,6.65251,0,22.8229,32,100,1024,8192,320,0,64
nbody_kernel,29622,2048,512,512,8,1,4,1,0,0,1,0.000394642,130,1124,18.216,148635000,100717000,2.34844,4197890,3.09274E-06,0,0,201348000,100704000,49.9183,8.63654,0,3489860000,0,436503000,67115000,738427000,369228000,0,163607000,0,31.6842,0,9.38736,6.45583,0,22.8859,32,100,1024,0,320,0,64
nbody_kernel,25933,2048,512,512,8,1,4,1,0,0,2,0.000926516,256,2301,19.5755,133713000,100723000,1.34008,2100740,3.5364E-06,0,0,151024000,100749000,49.9295,8.6591,0,3489910000,0,218333000,33560600,570679000,318863000,0,146828000,0,35.4663,0,10.706,5.69013,0,23.4239,32,100,1024,0,416,0,62
nbody_kernel,24779,2048,512,512,8,1,4,1,0,0,4,0.00419822,194,10882,19.2211,119266000,100735000,0.700905,1052160,3.69969E-06,0,0,125871000,100727000,49.7512,8.67494,0,3490010000,0,109249000,16783400,486842000,293681000,0,138442000,0,36.6878,0,11.1799,5.06908,0,23.0637,32,100,1024,0,608,0,64
nbody_kernel,28799,2048,512,512,8,1,4,1,1,0,1,0.000570023,624,1125,18.4047,144318000,100717000,0.00678658,11776,0.208848,4194300,8192,201389000,100691000,49.9969,8.62265,0,3489860000,0,302678000,67115000,738951000,335870000,0,158399000,0,31.4275,0,9.6687,6.65404,0,22.8214,32,100,1024,8192,320,0,64
nbody_kernel,25496,2048,512,512,8,1,4,1,1,0,2,0.000854087,20,2298,19.7447,132014000,100723000,0.00498,7680,0.118408,2097150,8192,151064000,100699000,49.9966,8.67228,0,3489910000,0,151421000,33560600,570941000,302184000,0,144224000,0,35.3621,0,10.8794,5.78494,0,23.3811,32,100,1024,16384,416,0,62
nbody_kernel,24851,2048,512,512,8,1,4,1,1,0,4,0.00459018,610,11594,19.7355,125943000,100735000,0.00373881,5632,0.12131,2097150,8192,125867000,100699000,49.9964,8.67924,0,3490010000,0,75792400,16783400,486973000,285342000,0,137140000,0,36.201,0,11.1374,5.05118,0,22.76,32,100,1024,32768,608,0,64
nbody_kernel,10771,2048,512,512,8,1,8,0,0,0,1,0.000203649,144,90,0.030492,54848,32863,1.61154,1049600,1.70016E-05,0,0,0,0,49.9933,8.64576,0,3489860000,0,134380000,33556500,33620000,302125000,0,124800000,0,84.579,0,25.7749,0.807136,0,47.9329,32,100,640,0,0,0,96
nbody_kernel,9127,2048,512,512,8,1,8,0,1,0,1,2.25865E-05,1,21,0.0348251,60632,32791,0.00553735,3072,0.659073,4194300,8192,0,0,49.9931,8.69258,0,3489860000,0,101022000,33554400,134611000,268866000,0,125874000,0,98.3267,0,30.2519,3.79447,0,56.7429,32,100,512,8192,0,0,127
nbody_kernel,10266,2048,512,512,8,1,8,1,0,0,1,0.0010689,1016,154,0.0296765,47213,32919,6.7355,4197890,1.78237E-05,0,0,0,0,49.5479,8.67367,0,3489860000,0,235053000,33556500,134365000,302123000,0,131095000,0,90.9086,0,26.9342,3.37058,0,52.6151,32,100,640,0,0,0,96
nbody_kernel,9655,2048,512,512,8,1,8,1,0,0,2,1.84731E-05,0,19,0.0310438,48373,32791,3.58627,2100740,1.8996E-05,0,0,0,0,49.4298,8.69172,0,3489910000,0,117547000,16779300,67256300,285336000,0,124277000,0,94.8979,0,28.6462,1.79443,0,53.0492,32,100,512,0,0,0,128
nbody_kernel,9650,2048,512,512,8,1,8,1,1,0,1,1.84234E-05,0,19,0.0303449,45176,32791,0.0200913,11776,0.623069,4194300,8192,0,0,49.9936,8.68093,0,3489860000,0,101229000,33554400,134889000,268872000,0,125890000,0,93.0855,0,28.6377,3.59943,0,53.7217,32,100,640,8192,0,0,96
nbody_kernel,9363,2048,512,512,8,1,8,1,1,0,2,1.90313E-05,0,19,0.0309869,44848,32839,0.0135036,7680,0.321994,2097150,8192,0,0,49.9936,8.69164,0,3489910000,0,50634800,16777200,67518500,268753000,0,121676000,0,95.9016,0,29.5047,1.85626,0,53.4955,32,100,512,16384,0,0,128
nbody_kernel,9493,2048,512,512,8,2,0,0,0,0,1,0.000109647,78,33,0.0327684,54800,32791,1.82584,1049600,1.93028E-05,0,0,0,0,49.9919,8.6685,0,3489860000,0,67270700,16779300,33620000,285350000,0,121655000,0,95.3192,0,29.1869,0.913982,0,52.9099,32,100,512,0,0,0,127
nbody_kernel,9127,2048,512,512,8,2,0,0,1,0,1,0.000163422,32,127,0.0338648,55575,32911,0.00554277,3072,0.330657,2097150,8192,0,0,49.9929,8.6941,0,3489860000,0,50690000,16777200,67502100,268870000,0,121680000,0,98.3966,0,30.2734,1.90508,0,54.8913,32,100,512,8192,0,0,127
nbody_kernel,9476,2048,512,512,8,2,0,1,0,0,1,0.000266315,236,33,0.0316448,47696,32839,7.29599,4197890,1.93427E-05,0,0,0,0,49.3892,8.69364,0,3489860000,0,117613000,16779300,134365000,285344000,0,126376000,0,96.6069,0,29.1625,3.64943,0,54.9175,32,100,512,0,0,0,128
nbody_kernel,9100,2048,512,512,8,2,0,1,1,0,1,1.73951E-05,0,17,0.0314345,44824,32919,0.0213185,11776,0.330945,2097150,8192,0,0,49.9933,8.67275,0,3489860000,0,50896900,16777200,67780600,268863000,0,121695000,0,98.7308,0,30.3744,1.91932,0,55.0812,32,100,512,8192,0,0,128
nbody_kernel,36317,2048,512,512,8,2,1,0,0,0,1,0.000526617,1044,1002,15.1917,155645000,100717000,0.478903,1049600,2.51483E-06,0,0,201261000,100689000,49.4748,8.58918,0,3489860000,0,1040790000,251701000,2449870000,302125000,0,241219000,0,27.2252,0,7.67532,17.5121,0,27.5885,32,100,1024,0,320,0,29
nbody_kernel,34691,2048,512,512,8,2,1,0,1,0,1,0.000351271,114,1182,15.936,154506000,100717000,0.00147341,3072,0.17392,4194300,8192,201296000,100698000,49.9991,8.62742,0,3489860000,0,1007490000,251701000,2550860000,302260000,0,243339000,0,28.2946,0,8.04724,19.1176,0,29.1796,32,100,1024,8192,320,0,29
nbody_kernel,36655,2048,512,512,8,2,1,1,0,0,1,0.000386839,294,1222,15.3444,160411000,100717000,1.89528,4197890,2.49169E-06,0,0,201343000,100662000,49.5433,8.60396,0,3489860000,0,1091250000,251701000,2550610000,302127000,0,245944000,0,27.4031,0,7.59165,18.0335,0,27.8223,32,100,1024,0,320,0,35
nbody_kernel,26531,2048,512,512,8,2,1,1,0,0,2,0.00090157,160,2393,19.6641,140621000,100723000,1.30699,2100740,3.4549E-06,0,0,151037000,100584000,49.747,8.67533,0,3489910000,0,529099000,125872000,1275540000,302143000,0,181716000,0,35.5628,0,10.4397,12.4018,0,28.2686,32,100,1024,0,416,0,47
nbody_kernel,25297,2048,512,512,8,2,1,1,0,0,4,0.00437557,446,11350,19.2878,124811000,100735000,0.686162,1052160,3.62159E-06,0,0,125866000,100660000,49.8104,8.67478,0,3490010000,0,264825000,62957600,638009000,285346000,0,149605000,0,36.427,0,10.9441,6.50294,0,24.3976,32,100,1024,0,608,0,64
nbody_kernel,34646,2048,512,512,8,2,1,1,1,0,1,0.00029513,28,1065,15.9486,154560000,100717000,0.00564988,11776,0.173998,4194300,8192,201368000,100649000,49.9991,8.63014,0,3489860000,0,1007760000,251701000,2551140000,302322000,0,243358000,0,28.4255,0,8.04832,19.1223,0,29.1858,32,100,1024,8192,320,0,30
nbody_kernel,25739,2048,512,512,8,2,1,1,1,0,2,0.000781988,190,1961,20.0937,139063000,100723000,0.00491726,7680,0.116967,2097150,8192,151030000,100708000,49.9987,8.67972,0,3489910000,0,495741000,125872000,1275810000,293851000,0,180423000,0,36.2439,0,10.7378,12.7585,0,28.8687,32,100,1024,16384,416,0,41
nbody_kernel,24805,2048,512,512,8,2,1,1,1,0,4,0.00455159,145,11871,19.7717,125979000,100735000,0.00374659,5632,0.121608,2097150,8192,125863000,100681000,49.9984,8.68282,0,3490010000,0,248146000,62957600,638140000,281201000,0,148958000,0,36.9725,0,11.1602,6.63268,0,24.7717,32,100,1024,32768,608,0,64
nbody_kernel,33586,2048,512,512,8,2,2,0,0,0,1,0.000360828,170,1120,16.5087,155377000,100717000,0.520129,1049600,2.73296E-06,0,0,201508000,100699000,49.6851,8.61263,0,3489860000,0,537174000,117459000,1241740000,335802000,0,182488000,0,28.2061,0,8.31834,9.61988,0,22.62,32,100,1024,0,320,0,37
nbody_kernel,33398,2048,512,512,8,2,2,0,1,0,1,0.000353507,214,1048,16.3766,151933000,100717000,0.0015351,3072,0.180566,4194300,8192,201085000,100654000,49.9983,8.59973,0,3489860000,0,520593000,117459000,1342730000,319226000,0,184608000,0,28.2904,0,8.38169,10.4815,0,23.057,32,100,1024,8192,320,0,37
nbody_kernel,33691,2048,512,512,8,2,2,1,0,0,1,0.000699274,1228,1280,16.6281,158214000,100717000,2.06858,4197890,2.72296E-06,0,0,201332000,100755000,49.7564,8.63793,0,3489860000,0,587622000,117459000,1342490000,335708000,0,187209000,0,28.4079,0,8.26364,10.332,0,23.0525,32,100,1024,0,320,0,38
nbody_kernel,26281,2048,512,512,8,2,2,1,0,0,2,0.000970721,428,2289,19.6037,137543000,100723000,1.3215,2100740,3.49108E-06,0,0,150989000,100673000,49.9275,8.6689,0,3489910000,0,293956000,58738700,671400000,302121000,0,152341000,0,35.3022,0,10.5569,6.60114,0,23.9648,32,100,1024,0,416,0,54
nbody_kernel,24977,2048,512,512,8,2,2,1,0,0,4,0.00429735,822,10594,19.4766,123964000,100735000,0.695891,1052160,3.67671E-06,0,0,125887000,100606000,49.8389,8.68289,0,3490010000,0,147122000,29378600,537231000,285329000,0,141202000,0,36.6,0,11.1003,5.5539,0,23.3559,32,100,1024,0,608,0,64
nbody_kernel,33400,2048,512,512,8,2,2,1,1,0,1,0.000349076,64,1177,16.3689,151836000,100717000,0.00588581,11776,0.180457,4194300,8192,201355000,100653000,49.9983,8.59561,0,3489860000,0,520907000,117459000,1343010000,319128000,0,184622000,0,28.2884,0,8.38065,10.4823,0,23.0559,32,100,1024,8192,320,0,38
nbody_kernel,25849,2048,512,512,8,2,2,1,1,0,2,0.000883277,10,2420,19.8347,136223000,100723000,0.00491206,7680,0.116818,2097150,8192,151073000,100647000,49.9978,8.67512,0,3489910000,0,260598000,58738700,671662000,293831000,0,151048000,0,35.5464,0,10.7298,6.71188,0,24.1505,32,100,1024,16384,416,0,48
nbody_kernel,24776,2048,512,512,8,2,2,1,1,0,4,0.00452051,241,11743,19.7979,125957000,100735000,0.00375044,5632,0.121704,2097150,8192,125865000,100708000,49.9977,8.67578,0,3490010000,0,130443000,29378600,537362000,281199000,0,140556000,0,36.6735,0,11.1753,5.59298,0,23.4062,32,100,1024,32768,608,0,64
nbody_kernel,28844,2048,512,512,8,2,4,0,0,0,1,0.000800812,1292,1166,18.4533,145395000,100717000,0.603404,1049600,3.18163E-06,0,0,201446000,100658000,49.9214,8.64346,0,3489860000,0,302256000,50337800,637682000,335772000,0,153121000,0,32.1163,0,9.64943,5.73069,0,22.017,32,100,1024,0,320,0,64
nbody_kernel,28681,2048,512,512,8,2,4,0,1,0,1,0.000494777,360,1150,18.4723,144009000,100717000,0.00177885,3072,0.209934,4194300,8192,201351000,100741000,49.9967,8.62624,0,3489860000,0,285676000,50337800,738673000,319191000,0,155241000,0,32.1832,0,9.71496,6.68335,0,22.4734,32,100,1024,8192,320,0,64
nbody_kernel,29480,2048,512,512,8,2,4,1,0,0,1,0.000525289,624,1026,18.2619,148265000,100717000,2.36006,4197890,3.10634E-06,0,0,201290000,100721000,49.9161,8.63218,0,3489860000,0,352616000,50337800,738427000,335673000,0,157840000,0,31.8395,0,9.4334,6.4875,0,22.1874,32,100,1024,0,320,0,64
nbody_kernel,25917,2048,512,512,8,2,4,1,0,0,2,0.00119873,876,2430,19.5576,133524000,100723000,1.34061,2100740,3.53849E-06,0,0,151000000,100796000,49.9202,8.66038,0,3489910000,0,176390000,25172000,570679000,302086000,0,143945000,0,35.482,0,10.7108,5.69266,0,22.9741,32,100,1024,0,416,0,62
nbody_kernel,25023,2048,512,512,8,2,4,1,0,0,4,0.00408498,0,10886,19.2881,122549000,100735000,0.69399,1052160,3.66469E-06,0,0,125862000,100707000,49.8434,8.67853,0,3490010000,0,88277000,12589100,486842000,285293000,0,137001000,0,36.3257,0,11.0696,5.01905,0,22.5982,32,100,896,0,608,0,69
nbody_kernel,28663,2048,512,512,8,2,4,1,1,0,1,0.000354115,48,1033,18.4735,143986000,100717000,0.00681945,11776,0.209963,4194300,8192,201341000,100697000,49.9968,8.62724,0,3489860000,0,285901000,50337800,738951000,319093000,0,155254000,0,32.1858,0,9.71518,6.68602,0,22.4757,32,100,1024,8192,320,0,64
nbody_kernel,25491,2048,512,512,8,2,4,1,1,0,2,0.00105271,432,2440,19.7418,131899000,100723000,0.00498153,7680,0.118455,2097150,8192,151023000,100675000,49.9966,8.67318,0,3489910000,0,143032000,25172000,570941000,293796000,0,142652000,0,35.7123,0,10.8825,5.7866,0,23.1328,32,100,1024,16384,416,0,62
nbody_kernel,24906,2048,512,512,8,2,4,1,1,0,4,0.00429291,0,11380,19.6976,125940000,100735000,0.00373297,5632,0.121083,2097150,8192,125868000,100689000,49.9964,8.6758,0,3490010000,0,71602200,12589100,486973000,281151000,0,136354000,0,36.3203,0,11.1207,5.04359,0,22.5954,32,100,1024,32768,608,0,64
nbody_kernel,9501,2048,512,512,8,2,8,0,0,0,1,6.12435E-05,48,14,0.0331144,54268,32839,1.8249,1049600,1.92979E-05,0,0,0,0,49.9922,8.6632,0,3489860000,0,67270700,16779300,33620000,285350000,0,121655000,0,95.3531,0,29.1972,0.914307,0,52.9288,32,100,512,0,0,0,127
nbody_kernel,9132,2048,512,512,8,2,8,0,1,0,1,1.9528E-05,0,19,0.0336776,54420,32839,0.00554321,3072,0.330663,2097150,8192,0,0,49.9932,8.69412,0,3489860000,0,50690000,16777200,67502100,268870000,0,121680000,0,98.3983,0,30.274,1.90511,0,54.8923,32,100,512,8192,0,0,127
nbody_kernel,9476,2048,512,512,8,2,8,1,0,0,1,0.000227687,96,134,0.0317201,47908,32839,7.29583,4197890,1.93428E-05,0,0,0,0,49.39,8.6936,0,3489860000,0,117613000,16779300,134365000,285344000,0,126376000,0,96.608,0,29.1628,3.64947,0,54.9181,32,100,512,0,0,0,128
nbody_kernel,9104,2048,512,512,8,2,8,1,1,0,1,0.000172212,104,63,0.0314583,45376,32791,0.0213185,11776,0.331776,2097150,8192,0,0,49.9933,8.69472,0,3489860000,0,50896900,16777200,67780600,268863000,0,121695000,0,98.7285,0,30.3737,1.91927,0,55.0799,32,100,512,8192,0,0,128
nbody_kernel,9206,2048,512,512,8,4,0,0,0,0,1,1.93545E-05,0,19,0.0335469,55643,32791,1.87761,1049600,1.9906E-05,0,0,0,0,49.8526,8.69206,0,3489860000,0,33716200,8390660,33620000,276963000,0,120082000,0,97.7969,0,30.0173,0.939988,0,53.7119,32,100,512,0,0,0,127
nbody_kernel,9142,2048,512,512,8,4,0,0,1,0,1,3.56845E-05,16,19,0.0328847,51220,32839,0.00554154,3072,0.329727,2097150,8192,0,0,49.9946,8.67235,0,3489860000,0,25524200,8388610,33947600,268874000,0,119583000,0,98.366,0,30.264,0.958738,0,53.9285,32,100,512,8192,0,0,127
nbody_kernel,9316,2048,512,512,8,4,0,1,0,0,1,2.50136E-05,0,25,0.0317221,48264,32791,7.43057,4197890,1.96537E-05,0,0,0,0,49.3927,8.67336,0,3489860000,0,58892300,8390660,134365000,276959000,0,124017000,0,97.4616,0,29.7007,3.71677,0,54.8868,32,100,512,0,0,0,128
nbody_kernel,9154,2048,512,512,8,4,0,1,1,0,1,2.23873E-05,1,21,0.031302,45428,32791,0.0212014,11776,0.329136,2097150,8192,0,0,49.9938,8.67314,0,3489860000,0,25731100,8388610,34226200,268870000,0,119598000,0,98.1866,0,30.207,0.964769,0,53.8337,32,100,512,8192,0,0,128
nbody_kernel,36317,2048,512,512,8,4,1,0,0,0,1,0.000269365,64,981,15.2103,155521000,100717000,0.479704,1049600,2.51754E-06,0,0,201382000,100721000,49.4601,8.58395,0,3489860000,0,973634000,243313000,2449870000,327338000,0,239646000,0,26.9705,0,7.68828,17.5417,0,27.4549,32,100,1024,0,320,0,29
nbody_kernel,34607,2048,512,512,8,4,1,0,1,0,1,0.000394903,328,1126,15.9737,154481000,100717000,0.00147647,3072,0.174081,4194300,8192,201274000,100655000,49.9991,8.62066,0,3489860000,0,973832000,243313000,2550860000,310755000,0,242290000,0,28.2787,0,8.06103,19.1504,0,29.1036,32,100,1024,8192,320,0,29
nbody_kernel,36716,2048,512,512,8,4,1,1,0,0,1,0.000388259,402,1119,15.3343,160402000,100717000,1.89524,4197890,2.49162E-06,0,0,201331000,100709000,49.5088,8.6024,0,3489860000,0,1007340000,243313000,2550610000,318933000,0,243585000,0,26.873,0,7.5928,18.0363,0,27.5596,32,100,1024,0,320,0,35
nbody_kernel,26455,2048,512,512,8,4,1,1,0,0,2,0.00092892,408,2213,19.6803,140416000,100723000,1.31013,2100740,3.4619E-06,0,0,151082000,100728000,49.7499,8.66971,0,3489910000,0,499739000,121678000,1275540000,297949000,0,180537000,0,35.4945,0,10.4677,12.435,0,28.1603,32,100,1024,0,416,0,47
nbody_kernel,24832,2048,512,512,8,4,1,1,0,0,4,0.00422068,8,11145,19.3552,121248000,100735000,0.699877,1052160,7.39804E-06,0,0,125865000,100725000,49.7761,8.68642,0,3490010000,0,250151000,60860400,638009000,283255000,0,149015000,0,37.0688,0,11.1631,6.63309,0,24.7877,32,100,1024,0,608,0,64
nbody_kernel,34613,2048,512,512,8,4,1,1,1,0,1,0.000592356,766,1416,15.9839,154582000,100717000,0.00566078,11776,0.174053,4194300,8192,201433000,100681000,49.999,8.61888,0,3489860000,0,974176000,243313000,2551140000,310739000,0,242309000,0,28.2815,0,8.06139,19.1533,0,29.1072,32,100,1024,8192,320,0,30
nbody_kernel,25708,2048,512,512,8,4,1,1,1,0,2,0.00084356,32,2282,20.1846,138973000,100723000,0.00492514,7680,0.117328,2097150,8192,151043000,100733000,49.9986,8.6884,0,3489910000,0,483158000,121678000,1275810000,293853000,0,179899000,0,36.3194,0,10.7601,12.7851,0,28.8448,32,100,1024,16384,416,0,41
nbody_kernel,24805,2048,512,512,8,4,1,1,1,0,4,0.00474904,720,11821,19.7802,125976000,100735000,0.00374665,5632,0.121797,2097150,8192,125869000,100699000,49.9986,8.692,0,3490010000,0,241859000,60860400,638140000,281225000,0,148697000,0,36.9809,0,11.1627,6.63437,0,24.7338,32,100,1024,32768,608,0,61
nbody_kernel,33475,2048,512,512,8,4,2,0,0,0,1,0.000370506,246,1072,16.561,155385000,100717000,0.522077,1049600,2.74469E-06,0,0,201453000,100658000,49.7417,8.6079,0,3489860000,0,503620000,109070000,1241740000,327414000,0,180915000,0,28.2775,0,8.35864,9.66648,0,22.5337,32,100,1024,0,320,0,37
nbody_kernel,33351,2048,512,512,8,4,2,0,1,0,1,0.000363848,146,1154,16.3681,151622000,100717000,0.00153818,3072,0.18021,4194300,8192,201294000,100780000,49.9983,8.56193,0,3489860000,0,495428000,109070000,1342730000,319226000,0,183559000,0,28.3593,0,8.40207,10.507,0,22.9818,32,100,1024,8192,320,0,37
nbody_kernel,33695,2048,512,512,8,4,2,1,0,0,1,0.000574156,996,1062,16.6455,158479000,100717000,2.06906,4197890,2.72604E-06,0,0,201181000,100489000,49.7837,8.63295,0,3489860000,0,528902000,109070000,1342490000,327320000,0,184849000,0,28.1977,0,8.27775,10.3496,0,22.8009,32,100,1024,0,320,0,40
nbody_kernel,26302,2048,512,512,8,4,2,1,0,0,2,0.000899602,128,2391,19.6089,137616000,100723000,1.32099,2100740,3.49173E-06,0,0,151026000,100689000,49.9178,8.67395,0,3489910000,0,264595000,54544400,671400000,297927000,0,151161000,0,35.1233,0,10.5527,6.59852,0,23.7698,32,100,1024,0,416,0,54
nbody_kernel,24731,2048,512,512,8,4,2,1,0,0,4,0.00426505,408,10822,19.3245,120244000,100735000,0.702198,1052160,7.41965E-06,0,0,125874000,100675000,49.7919,8.68341,0,3490010000,0,132448000,27281400,537231000,283232000,0,140613000,0,36.84,0,11.1996,5.60361,0,23.4665,32,100,1024,0,608,0,64
nbody_kernel,33415,2048,512,512,8,4,2,1,1,0,1,0.000319834,86,1051,16.3754,151859000,100717000,0.00588701,11776,0.18018,4194300,8192,201191000,100645000,49.9983,8.57785,0,3489860000,0,495741000,109070000,1343010000,319128000,0,183573000,0,28.3033,0,8.38508,10.4879,0,22.9371,32,100,1024,8192,320,0,38
nbody_kernel,25843,2048,512,512,8,4,2,1,1,0,2,0.000895362,58,2404,19.8425,136144000,100723000,0.00491521,7680,0.116891,2097150,8192,151062000,100643000,49.9978,8.67397,0,3489910000,0,248015000,54544400,671662000,293831000,0,150523000,0,35.5734,0,10.738,6.71698,0,24.085,32,100,1024,16384,416,0,48
nbody_kernel,24857,2048,512,512,8,4,2,1,1,0,4,0.00451168,335,11596,19.7455,125963000,100735000,0.00374226,5632,0.121594,2097150,8192,125865000,100712000,49.9978,8.69065,0,3490010000,0,124158000,27281400,537362000,281201000,0,140294000,0,36.5766,0,11.1458,5.57821,0,23.3009,32,100,1024,32768,608,0,61
nbody_kernel,28881,2048,512,512,8,4,4,0,0,0,1,0.000656067,894,1122,18.4479,145301000,100717000,0.603145,1049600,3.1753E-06,0,0,201425000,100776000,49.9243,8.63118,0,3489860000,0,268702000,41949200,637682000,327383000,0,151548000,0,32.0228,0,9.64395,5.72744,0,21.7785,32,100,1024,0,320,0,64
nbody_kernel,28665,2048,512,512,8,4,4,0,1,0,1,0.000385539,104,1072,18.4676,143921000,100717000,0.00177987,3072,0.210319,4194300,8192,201351000,100715000,49.9968,8.63717,0,3489860000,0,260510000,41949200,738673000,319191000,0,154192000,0,32.2015,0,9.72047,6.68715,0,22.3342,32,100,1024,8192,320,0,64
nbody_kernel,29502,2048,512,512,8,4,4,1,0,0,1,0.000480294,472,1037,18.2711,148381000,100717000,2.35854,4197890,3.10978E-06,0,0,201355000,100686000,49.9069,8.64227,0,3489860000,0,293896000,41949200,738427000,327285000,0,155481000,0,31.5428,0,9.43281,6.48709,0,21.8544,32,100,1024,0,320,0,64
nbody_kernel,25928,2048,512,512,8,4,4,1,0,0,2,0.000917075,340,2191,19.5568,133708000,100723000,1.34029,2100740,3.53976E-06,0,0,151022000,100695000,49.9098,8.66679,0,3489910000,0,147030000,20977700,570679000,297892000,0,142765000,0,35.3012,0,10.7067,5.69048,0,22.7771,32,100,1024,0,416,0,62
nbody_kernel,24978,2048,512,512,8,4,4,1,0,0,4,0.00474195,1490,11120,19.4343,123688000,100735000,0.695261,1052160,3.67393E-06,0,0,125884000,100789000,49.8492,8.68157,0,3490010000,0,73596900,10491900,486842000,283195000,0,136411000,0,36.3179,0,11.0936,5.02995,0,22.5498,32,100,1024,0,608,0,64
nbody_kernel,28673,2048,512,512,8,4,4,1,1,0,1,0.000435223,164,1164,18.4658,143879000,100717000,0.00682333,11776,0.210271,4194300,8192,201310000,100717000,49.9967,8.6344,0,3489860000,0,260735000,41949200,738951000,319093000,0,154205000,0,32.2062,0,9.72134,6.69026,0,22.3381,32,100,1024,8192,320,0,64
nbody_kernel,25491,2048,512,512,8,4,4,1,1,0,2,0.000891813,52,2367,19.7549,131814000,100723000,0.00498226,7680,0.11833,2097150,8192,150995000,100660000,49.9968,8.66314,0,3489910000,0,130449000,20977700,570941000,293796000,0,142127000,0,35.7162,0,10.8837,5.78724,0,23.0503,32,100,1024,16384,416,0,62
nbody_kernel,24897,2048,512,512,8,4,4,1,1,0,4,0.00436953,152,11426,19.7102,125941000,100735000,0.00373529,5632,0.121153,2097150,8192,125872000,100723000,49.9964,8.67488,0,3490010000,0,65312800,10491900,486973000,281166000,0,136093000,0,36.3363,0,11.1256,5.04599,0,22.562,32,100,1024,32768,608,0,64
nbody_kernel,9218,2048,512,512,8,4,8,0,0,0,1,0.00162171,1480,112,0.0336333,54694,32791,1.87738,1049600,1.99012E-05,0,0,0,0,49.8622,8.69003,0,3489860000,0,33716200,8390660,33620000,276963000,0,120082000,0,97.7962,0,30.0171,0.939981,0,53.7115,32,100,512,0,0,0,127
nbody_kernel,9129,2048,512,512,8,4,8,0,1,0,1,1.95226E-05,0,19,0.0328082,53273,32791,0.00554159,3072,0.330559,2097150,8192,0,0,49.9943,8.69406,0,3489860000,0,25524200,8388610,33947600,268874000,0,119583000,0,98.3681,0,30.2646,0.958758,0,53.9297,32,100,512,8192,0,0,127
nbody_kernel,9313,2048,512,512,8,4,8,1,0,0,1,1.4116E-05,8,6,0.031762,47860,32791,7.42974,4197890,1.96948E-05,0,0,0,0,49.3929,8.69224,0,3489860000,0,58892300,8390660,134365000,276959000,0,124017000,0,97.4535,0,29.6982,3.71647,0,54.8823,32,100,512,0,0,0,128
nbody_kernel,9153,2048,512,512,8,4,8,1,1,0,1,2.55941E-05,12,13,0.0312749,46408,32791,0.0212012,11776,0.329551,2097150,8192,0,0,49.9932,8.68407,0,3489860000,0,25731100,8388610,34226200,268870000,0,119598000,0,98.1866,0,30.207,0.964769,0,53.8337,32,100,512,8192,0,0,128
nbody_kernel,9152,2048,512,512,8,8,0,0,0,0,1,0.000177634,28,145,0.0344471,55279,33015,1.89193,1049600,2.00597E-05,0,0,0,0,49.3894,8.69335,0,3489860000,0,16939000,4196350,33620000,272763000,0,119295000,0,98.419,0,30.2445,0.947103,0,53.7639,32,100,512,0,0,0,127
nbody_kernel,9155,2048,512,512,8,8,0,0,1,0,1,0.000212423,160,47,0.0328272,52067,32791,0.00553417,3072,0.330125,2097150,8192,0,0,49.9946,8.69413,0,3489860000,0,12941300,4194300,33947600,268872000,0,119059000,0,98.2381,0,30.2247,0.957492,0,53.6223,32,100,512,8192,0,0,127
nbody_kernel,9263,2048,512,512,8,8,0,1,0,0,1,3.14309E-05,0,31,0.0318628,51744,32839,7.4723,4197890,1.98119E-05,0,0,0,0,49.3991,8.69371,0,3489860000,0,29532200,4196350,134365000,272767000,0,122837000,0,97.5494,0,29.8697,3.73792,0,54.6741,32,100,512,0,0,0,128
nbody_kernel,9132,2048,512,512,8,8,0,1,1,0,1,0.000176943,145,27,0.0316558,45120,32839,0.0212671,11776,0.330971,2097150,8192,0,0,49.9937,8.69432,0,3489860000,0,13148200,4194300,34226200,268866000,0,119074000,0,98.4933,0,30.3014,0.967782,0,53.7651,32,100,512,8192,0,0,128
nbody_kernel,36438,2048,512,512,8,8,1,0,0,0,1,0.000387772,434,1074,15.1708,155508000,100717000,0.478451,1049600,2.51066E-06,0,0,201393000,100631000,49.4559,8.58535,0,3489860000,0,956893000,239118000,2449870000,323176000,0,238862000,0,26.8625,0,7.66603,17.4909,0,27.2859,32,100,1024,0,320,0,31
nbody_kernel,34667,2048,512,512,8,8,1,0,1,0,1,0.000356894,126,1198,15.9335,154500000,100717000,0.00147505,3072,0.173627,4194300,8192,201206000,100648000,49.999,8.60832,0,3489860000,0,952895000,239118000,2550860000,319179000,0,241768000,0,28.1824,0,8.05152,19.1278,0,29.0066,32,100,1024,8192,320,0,31
nbody_kernel,36839,2048,512,512,8,8,1,1,0,0,1,0.00033788,128,1201,15.2979,160436000,100717000,1.88952,4197890,2.48448E-06,0,0,201441000,100649000,49.5072,8.60124,0,3489860000,0,969603000,239118000,2550610000,323181000,0,242407000,0,26.622,0,7.57207,17.987,0,27.3515,32,100,1024,0,320,0,37
nbody_kernel,26515,2048,512,512,8,8,1,1,0,0,2,0.000801475,0,2280,19.6927,140416000,100723000,1.30826,2100740,3.45858E-06,0,0,151017000,100729000,49.7397,8.67249,0,3489910000,0,485095000,119581000,1275540000,295881000,0,179949000,0,35.3674,0,10.4543,12.4191,0,28.0326,32,100,1024,0,416,0,49
nbody_kernel,25385,2048,512,512,8,8,1,1,0,0,4,0.00438133,768,11062,19.3375,125952000,100735000,0.684791,1052160,7.22324E-06,0,0,125881000,100710000,49.8328,8.66969,0,3490010000,0,242846000,59811800,638009000,282167000,0,148720000,0,36.2201,0,10.9204,6.48885,0,24.2007,32,100,1024,0,608,0,64
nbody_kernel,34669,2048,512,512,8,8,1,1,1,0,1,0.000502191,688,1164,15.9393,154572000,100717000,0.00565164,11776,0.173878,4194300,8192,201400000,100660000,49.9989,8.62111,0,3489860000,0,953219000,239118000,2551140000,319183000,0,241787000,0,28.1828,0,8.05123,19.1292,0,29.0078,32,100,1024,8192,320,0,32
nbody_kernel,25710,2048,512,512,8,8,1,1,1,0,2,0.000866277,368,2007,20.1223,138977000,100723000,0.00492724,7680,0.117176,2097150,8192,151023000,100757000,49.9987,8.6729,0,3489910000,0,476903000,119581000,1275810000,293886000,0,179639000,0,36.3373,0,10.7655,12.7914,0,28.8173,32,100,1024,16384,416,0,43
nbody_kernel,24807,2048,512,512,8,8,1,1,1,0,4,0.00443285,29,11725,19.7798,125983000,100735000,0.00374722,5632,0.121797,2097150,8192,125869000,100701000,49.9986,8.69224,0,3490010000,0,238752000,59811800,638140000,281182000,0,148566000,0,36.9798,0,11.1624,6.63418,0,24.7113,32,100,1024,32768,608,0,61
nbody_kernel,33489,2048,512,512,8,8,2,0,0,0,1,0.000460104,422,1216,16.5435,155524000,100717000,0.522217,1049600,2.73755E-06,0,0,200971000,100725000,49.6955,8.59688,0,3489860000,0,486863000,104876000,1241740000,323228000,0,180130000,0,28.2074,0,8.34758,9.65368,0,22.4061,32,100,1024,0,320,0,41
nbody_kernel,33427,2048,512,512,8,8,2,0,1,0,1,0.000410231,288,1170,16.3564,151514000,100717000,0.00153554,3072,0.18034,4194300,8192,201338000,100671000,49.9983,8.58627,0,3489860000,0,482865000,104876000,1342730000,319230000,0,183036000,0,28.2994,0,8.38433,10.4848,0,22.8678,32,100,1024,8192,320,0,41
nbody_kernel,33772,2048,512,512,8,8,2,1,0,0,1,0.000413889,434,1067,16.5938,158480000,100717000,2.06259,4197890,2.71097E-06,0,0,201214000,100807000,49.7811,8.62029,0,3489860000,0,499562000,104876000,1342490000,323133000,0,183671000,0,27.9542,0,8.24408,10.3075,0,22.5633,32,100,1024,0,320,0,42
nbody_kernel,26276,2048,512,512,8,8,2,1,0,0,2,0.00111519,692,2429,19.5988,137486000,100723000,1.32111,2100740,3.48915E-06,0,0,151002000,100620000,49.92,8.66548,0,3489910000,0,249936000,52447200,671400000,295840000,0,150572000,0,35.0491,0,10.5552,6.60008,0,23.6828,32,100,1024,0,416,0,56
nbody_kernel,24948,2048,512,512,8,8,2,1,0,0,4,0.00421575,252,10946,19.6166,125483000,100735000,0.695874,1052160,7.34487E-06,0,0,125878000,100690000,49.8746,8.67373,0,3490010000,0,125129000,26232800,537231000,282202000,0,140319000,0,36.466,0,11.0991,5.55332,0,23.2073,32,100,1024,0,608,0,64
nbody_kernel,33331,2048,512,512,8,8,2,1,1,0,1,0.000458014,472,1153,16.4136,152040000,100717000,0.00589714,11776,0.180838,4194300,8192,201711000,100676000,49.9982,8.58887,0,3489860000,0,483178000,104876000,1343010000,319136000,0,183050000,0,28.3704,0,8.40494,10.5127,0,22.9258,32,100,1024,8192,320,0,41
nbody_kernel,25817,2048,512,512,8,8,2,1,1,0,2,0.000880144,0,2423,19.8584,136128000,100723000,0.00491772,7680,0.116862,2097150,8192,151081000,100589000,49.9978,8.6634,0,3489910000,0,241744000,52447200,671662000,293872000,0,150263000,0,35.5905,0,10.7431,6.72054,0,24.0549,32,100,1024,16384,416,0,50
nbody_kernel,24755,2048,512,512,8,8,2,1,1,0,4,0.00460656,816,11336,19.7944,125956000,100735000,0.00375078,5632,0.121898,2097150,8192,125871000,100672000,49.9976,8.69,0,3490010000,0,121033000,26232800,537362000,281219000,0,140164000,0,36.6707,0,11.1745,5.59257,0,23.3392,32,100,1024,32768,608,0,63
nbody_kernel,28856,2048,512,512,8,8,4,0,0,0,1,0.000584906,708,1090,18.4353,145351000,100717000,0.60314,1049600,3.17877E-06,0,0,201341000,100570000,49.9191,8.64197,0,3489860000,0,251937000,37754900,637682000,323197000,0,150763000,0,31.9801,0,9.64243,5.72654,0,21.6621,32,100,1024,0,320,0,64
nbody_kernel,28622,2048,512,512,8,8,4,0,1,0,1,0.000388965,16,1170,18.4735,143868000,100717000,0.00178079,3072,0.210431,4194300,8192,201330000,100707000,49.9967,8.63983,0,3489860000,0,247939000,37754900,738673000,319199000,0,153669000,0,32.2087,0,9.72266,6.68865,0,22.2634,32,100,1024,8192,320,0,64
nbody_kernel,29503,2048,512,512,8,8,4,1,0,0,1,0.000323061,16,999,18.2608,148422000,100717000,2.35769,4197890,3.10918E-06,0,0,201412000,100732000,49.9036,8.64426,0,3489860000,0,264548000,37754900,738427000,323099000,0,154302000,0,31.3821,0,9.42882,6.48434,0,21.6795,32,100,1024,0,320,0,64
nbody_kernel,25925,2048,512,512,8,8,4,1,0,0,2,0.000874239,144,2268,19.5641,133660000,100723000,1.33984,2100740,3.54047E-06,0,0,151063000,100701000,49.9014,8.67083,0,3489910000,0,132362000,18880500,570679000,295803000,0,142176000,0,35.2082,0,10.7039,5.68898,0,22.6771,32,100,896,0,416,0,65
nbody_kernel,24734,2048,512,512,8,8,4,1,0,0,4,0.00412034,98,10840,19.2342,119116000,100735000,0.701984,1052160,7.40897E-06,0,0,125853000,100698000,49.7247,8.67317,0,3490010000,0,66275300,9443330,486842000,282157000,0,136117000,0,36.6117,0,11.1967,5.07671,0,22.7103,32,100,768,0,608,0,80
nbody_kernel,28641,2048,512,512,8,8,4,1,1,0,1,0.00034962,60,1006,18.4715,143913000,100717000,0.00682355,11776,0.20998,4194300,8192,201296000,100696000,49.9968,8.62156,0,3489860000,0,248164000,37754900,738951000,319101000,0,153681000,0,32.2095,0,9.72235,6.69096,0,22.2645,32,100,1024,8192,320,0,64
nbody_kernel,25467,2048,512,512,8,8,4,1,1,0,2,0.00090135,36,2409,19.7471,131838000,100723000,0.00498256,7680,0.118446,2097150,8192,151009000,100629000,49.9969,8.67151,0,3489910000,0,124174000,18880500,570941000,293808000,0,141866000,0,35.7156,0,10.8836,5.78716,0,23.0075,32,100,896,16384,416,0,65
nbody_kernel,24447,2048,512,512,8,8,4,1,1,0,4,0.00425663,1,11167,19.3427,117962000,100735000,0.00379942,5632,0.123269,2097150,8192,125888000,100675000,49.9964,8.67535,0,3490010000,0,62179300,9443330,486973000,281174000,0,135962000,0,36.9689,0,11.3193,5.13383,0,22.9328,32,100,896,32768,608,0,70
nbody_kernel,9131,2048,512,512,8,8,8,0,0,0,1,1.74554E-05,0,17,0.0337744,55231,32791,1.89151,1049600,2.00628E-05,0,0,0,0,49.3886,8.69443,0,3489860000,0,16939000,4196350,33620000,272763000,0,119295000,0,98.4219,0,30.2454,0.947131,0,53.7655,32,100,512,0,0,0,127
nbody_kernel,9135,2048,512,512,8,8,8,0,1,0,1,1.33401E-05,0,13,0.0329168,51857,32839,0.00553412,3072,0.330121,2097150,8192,0,0,49.9948,8.69353,0,3489860000,0,12941300,4194300,33947600,268872000,0,119059000,0,98.2435,0,30.2263,0.957544,0,53.6252,32,100,512,8192,0,0,127
nbody_kernel,9249,2048,512,512,8,8,8,1,0,0,1,2.12318E-05,4,17,0.0319955,48116,32791,7.47206,4197890,1.97884E-05,0,0,0,0,49.402,8.68449,0,3489860000,0,29532200,4196350,134365000,272767000,0,122837000,0,97.5374,0,29.866,3.73746,0,54.6674,32,100,512,0,0,0,128
nbody_kernel,9119,2048,512,512,8,8,8,1,1,0,1,2.57196E-05,12,13,0.0316562,45120,32839,0.0212677,11776,0.330975,2097150,8192,0,0,49.9941,8.69433,0,3489860000,0,13148200,4194300,34226200,268866000,0,119074000,0,98.4944,0,30.3017,0.967793,0,53.7656,32,100,512,8192,0,0,128
nbody_kernel,9131,2048,512,512,8,16,0,0,0,0,1,0.000288658,70,211,0.0346338,54686,33215,1.89292,1049600,2.00656E-05,0,0,0,0,49.2534,8.68968,0,3489860000,0,8550400,2099200,33620000,270666000,0,118902000,0,98.4306,0,30.2663,0.947783,0,53.6252,32,100,512,0,0,0,127
nbody_kernel,9134,2048,512,512,8,16,0,0,1,0,1,2.77406E-05,2,25,0.0330375,54516,32791,0.00554032,3072,0.330545,2097150,8192,0,0,49.9949,8.6937,0,3489860000,0,6649860,2097150,33947600,268868000,0,118797000,0,98.3677,0,30.2645,0.958755,0,53.5748,32,100,512,8192,0,0,127
nbody_kernel,9231,2048,512,512,8,16,0,1,0,0,1,0.000308016,262,41,0.0322369,48220,32807,7.4919,4197890,1.98629E-05,0,0,0,0,49.2915,8.69385,0,3489860000,0,14852100,2099200,134365000,270668000,0,122247000,0,97.5653,0,29.9462,3.7475,0,54.5509,32,100,512,0,0,0,128
nbody_kernel,9128,2048,512,512,8,16,0,1,1,0,1,3.589E-05,10,25,0.0318534,46936,32791,0.0212316,11776,0.330175,2097150,8192,0,0,49.9941,8.68761,0,3489860000,0,6856700,2097150,34226200,268872000,0,118812000,0,98.3326,0,30.2519,0.966203,0,53.5593,32,100,512,8192,0,0,128
nbody_kernel,36710,2048,512,512,8,16,1,0,0,0,1,0.000378663,466,1017,15.1872,157429000,100717000,0.474441,1049600,2.49527E-06,0,0,201350000,100678000,49.5197,8.59607,0,3489860000,0,948503000,237021000,2449870000,321081000,0,238469000,0,26.6497,0,7.60953,17.362,0,27.0402,32,100,1024,0,320,0,31
nbody_kernel,34740,2048,512,512,8,16,1,0,1,0,1,0.000744772,1508,1242,16.0149,156148000,100717000,0.00147137,3072,0.173283,4194300,8192,201388000,100704000,49.999,8.60792,0,3489860000,0,946602000,237021000,2550860000,319181000,0,241506000,0,28.128,0,8.03597,19.0908,0,28.9192,32,100,1024,8192,320,0,33
nbody_kernel,37092,2048,512,512,8,16,1,1,0,0,1,0.000313047,56,1181,15.2953,161702000,100717000,1.87783,4197890,2.47215E-06,0,0,201351000,100668000,49.5466,8.60942,0,3489860000,0,954921000,237021000,2550610000,321085000,0,241818000,0,26.4059,0,7.52732,17.8807,0,27.1237,32,100,1024,0,320,0,37
nbody_kernel,26505,2048,512,512,8,16,1,1,0,0,2,0.000838138,8,2361,19.6802,140473000,100723000,1.30741,2100740,3.45669E-06,0,0,150985000,100630000,49.7505,8.67215,0,3489910000,0,477753000,118532000,1275540000,294834000,0,179654000,0,35.3086,0,10.449,12.4128,0,27.9725,32,100,1024,0,416,0,49
nbody_kernel,25349,2048,512,512,8,16,1,1,0,0,4,0.00434955,190,11541,19.3613,126169000,100735000,0.686142,1052160,7.24032E-06,0,0,125837000,100722000,49.853,8.67583,0,3490010000,0,239174000,59287600,638009000,281645000,0,148573000,0,36.2587,0,10.9385,6.49959,0,24.2167,32,100,1024,0,608,0,64
nbody_kernel,34756,2048,512,512,8,16,1,1,1,0,1,0.000790414,1528,1394,16.0113,156262000,100717000,0.00563821,11776,0.173359,4194300,8192,201381000,100702000,49.9991,8.61313,0,3489860000,0,946926000,237021000,2551140000,319185000,0,241525000,0,28.1247,0,8.03461,19.0897,0,28.9166,32,100,1024,8192,320,0,31
nbody_kernel,25698,2048,512,512,8,16,1,1,1,0,2,0.00121292,926,2392,20.1633,138951000,100723000,0.00492928,7680,0.117423,2097150,8192,151050000,100697000,49.9988,8.6878,0,3489910000,0,473756000,118532000,1275810000,293888000,0,179508000,0,36.3515,0,10.7697,12.7964,0,28.8075,32,100,1024,16384,416,0,43
nbody_kernel,24810,2048,512,512,8,16,1,1,1,0,4,0.00463364,503,11757,19.7851,125964000,100735000,0.00374717,5632,0.121626,2097150,8192,125864000,100706000,49.9986,8.67996,0,3490010000,0,237179000,59287600,638140000,281252000,0,148502000,0,36.9801,0,11.1625,6.63424,0,24.701,32,100,1024,32768,608,0,61
nbody_kernel,33482,2048,512,512,8,16,2,0,0,0,1,0.000436161,500,1053,16.6679,157125000,100717000,0.520306,1049600,2.7431E-06,0,0,201291000,100661000,49.8725,8.64231,0,3489860000,0,478472000,102779000,1241740000,321133000,0,179736000,0,28.0998,0,8.32055,9.62243,0,22.2848,32,100,1024,0,320,0,41
nbody_kernel,33391,2048,512,512,8,16,2,0,1,0,1,0.000373656,156,1174,16.5201,154026000,100717000,0.00153013,3072,0.180389,4194300,8192,200924000,100785000,49.9984,8.61816,0,3489860000,0,476572000,102779000,1342730000,319232000,0,182774000,0,28.2022,0,8.35553,10.4488,0,22.7567,32,100,1024,8192,320,0,41
nbody_kernel,33771,2048,512,512,8,16,2,1,0,0,1,0.00057043,1084,969,16.6624,159633000,100717000,2.06055,4197890,2.71481E-06,0,0,201243000,100646000,49.8913,8.63846,0,3489860000,0,484880000,102779000,1342490000,321038000,0,183081000,0,27.8705,0,8.23839,10.3004,0,22.4753,32,100,1024,0,320,0,42
nbody_kernel,26382,2048,512,512,8,16,2,1,0,0,2,0.000886598,246,2244,19.561,137527000,100723000,1.31684,2100740,3.47587E-06,0,0,151061000,100762000,49.9202,8.66388,0,3489910000,0,242594000,51398700,671400000,294793000,0,150278000,0,34.8811,0,10.517,6.57617,0,23.5508,32,100,1024,0,416,0,56
nbody_kernel,24917,2048,512,512,8,16,2,1,0,0,4,0.00412648,116,10832,19.6595,125752000,100735000,0.696844,1052160,7.36563E-06,0,0,125866000,100570000,49.8801,8.68212,0,3490010000,0,121459000,25708500,537231000,281678000,0,140172000,0,36.512,0,11.1197,5.56364,0,23.226,32,100,1024,0,608,0,64
nbody_kernel,33347,2048,512,512,8,16,2,1,1,0,1,0.000621899,852,1354,16.5505,154096000,100717000,0.00587366,11776,0.180867,4194300,8192,201318000,100774000,49.9983,8.62473,0,3489860000,0,476885000,102779000,1343010000,319138000,0,182788000,0,28.2568,0,8.37131,10.4707,0,22.8014,32,100,1024,8192,320,0,41
nbody_kernel,25804,2048,512,512,8,16,2,1,1,0,2,0.000818392,48,2199,19.8778,136104000,100723000,0.00491684,7680,0.117018,2097150,8192,150982000,100699000,49.9977,8.67569,0,3489910000,0,238596000,51398700,671662000,293874000,0,150132000,0,35.5877,0,10.7423,6.72,0,24.032,32,100,1024,16384,416,0,50
nbody_kernel,24775,2048,512,512,8,16,2,1,1,0,4,0.00437658,0,11545,19.799,125935000,100735000,0.00375054,5632,0.121747,2097150,8192,125863000,100700000,49.9977,8.6817,0,3490010000,0,119460000,25708500,537362000,281219000,0,140099000,0,36.6603,0,11.1713,5.59099,0,23.3217,32,100,1024,32768,608,0,63
nbody_kernel,28870,2048,512,512,8,16,4,0,0,0,1,0.000643083,904,1073,18.5455,146764000,100717000,0.601255,1049600,3.17853E-06,0,0,201338000,100678000,49.9397,8.66573,0,3489860000,0,243546000,35657700,637682000,321102000,0,150369000,0,31.8712,0,9.61526,5.7104,0,21.5447,32,100,1024,0,320,0,64
nbody_kernel,28592,2048,512,512,8,16,4,0,1,0,1,0.000382697,28,1138,18.6166,145464000,100717000,0.00177681,3072,0.210333,4194300,8192,201292000,100753000,49.9967,8.65223,0,3489860000,0,241646000,35657700,738673000,319201000,0,153407000,0,32.1476,0,9.70419,6.67594,0,22.1832,32,100,1024,8192,320,0,64
nbody_kernel,29544,2048,512,512,8,16,4,1,0,0,1,0.000397352,294,956,18.3347,149674000,100717000,2.35093,4197890,3.10015E-06,0,0,201239000,100638000,49.9187,8.64949,0,3489860000,0,249866000,35657700,738427000,321004000,0,153712000,0,31.1987,0,9.39576,6.46161,0,21.5209,32,100,1024,0,320,0,64
nbody_kernel,25923,2048,512,512,8,16,4,1,0,0,2,0.000833329,28,2272,19.5546,133408000,100723000,1.33866,2100740,3.54063E-06,0,0,151077000,100799000,49.9128,8.68141,0,3489910000,0,125020000,17831900,570679000,294756000,0,141881000,0,35.1251,0,10.6913,5.68229,0,22.6035,32,100,896,0,416,0,65
nbody_kernel,24753,2048,512,512,8,16,4,1,0,0,4,0.00391202,90,10290,20.6802,136551000,100735000,0.700974,1052160,7.40668E-06,0,0,125889000,100718000,49.7516,8.68412,0,3490010000,0,62605300,8919040,486842000,281633000,0,135969000,0,36.5324,0,11.1791,5.06874,0,22.6501,32,100,768,0,608,0,80
nbody_kernel,28603,2048,512,512,8,16,4,1,1,0,1,0.000424605,104,1196,18.6168,145525000,100717000,0.00681092,11776,0.210595,4194300,8192,201425000,100636000,49.9967,8.66369,0,3489860000,0,241871000,35657700,738951000,319103000,0,153419000,0,32.1468,0,9.70342,6.67793,0,22.1833,32,100,1024,8192,320,0,64
nbody_kernel,25462,2048,512,512,8,16,4,1,1,0,2,0.00083005,0,2251,19.742,131725000,100723000,0.00497918,7680,0.118534,2097150,8192,150952000,100705000,49.997,8.68106,0,3489910000,0,121027000,17831900,570941000,293810000,0,141735000,0,35.7028,0,10.8797,5.78509,0,22.9781,32,100,896,16384,416,0,65
nbody_kernel,24471,2048,512,512,8,16,4,1,1,0,4,0.00419001,78,10837,19.705,122427000,100735000,0.00379789,5632,0.123396,2097150,8192,125869000,100716000,49.9963,8.68855,0,3490010000,0,60606500,8919040,486973000,281174000,0,135897000,0,36.9509,0,11.3138,5.13134,0,22.9106,32,100,896,32768,608,0,70
nbody_kernel,9136,2048,512,512,8,16,8,0,0,0,1,1.7465E-05,0,17,0.0336103,55402,32791,1.89243,1049600,2.00414E-05,0,0,0,0,49.2438,8.6822,0,3489860000,0,8550400,2099200,33620000,270666000,0,118902000,0,98.3967,0,30.2558,0.947457,0,53.6068,32,100,512,0,0,0,127
nbody_kernel,9125,2048,512,512,8,16,8,0,1,0,1,0.000588746,548,25,0.0328613,51707,32791,0.00554028,3072,0.329728,2097150,8192,0,0,49.9945,8.67188,0,3489860000,0,6649860,2097150,33947600,268868000,0,118797000,0,98.3717,0,30.2658,0.958794,0,53.5769,32,100,512,8192,0,0,127
nbody_kernel,9227,2048,512,512,8,16,8,1,0,0,1,0.000297846,212,81,0.0321649,48532,32839,7.49215,4197890,1.98634E-05,0,0,0,0,49.2945,8.69315,0,3489860000,0,14852100,2099200,134365000,270668000,0,122247000,0,97.5756,0,29.9493,3.74789,0,54.5566,32,100,512,0,0,0,128
nbody_kernel,9131,2048,512,512,8,16,8,1,1,0,1,1.33501E-05,0,13,0.0318315,47528,32791,0.0212328,11776,0.330374,2097150,8192,0,0,49.9937,8.69307,0,3489860000,0,6856700,2097150,34226200,268872000,0,118812000,0,98.33,0,30.2511,0.966177,0,53.5579,32,100,512,8192,0,0,128
nbody_kernel,9254,2048,512,512,8,32,0,0,0,0,1,0.000326322,292,29,1.79785,7538150,32791,1.87182,1049600,1.98141E-05,0,0,0,0,49.0691,8.67009,0,3489860000,0,4356100,1050620,33620000,269619000,0,118706000,0,97.3871,0,29.9544,0.938017,0,52.9849,32,100,512,0,0,0,127
nbody_kernel,9169,2048,512,512,8,32,0,0,1,0,1,1.94318E-05,0,19,1.07098,4355380,32791,0.00551561,3072,0.328687,2097150,8192,0,0,49.9956,8.68742,0,3489860000,0,3504130,1048580,33947600,268868000,0,118666000,0,97.8855,0,30.1162,0.954055,0,53.2533,32,100,512,8192,0,0,127
nbody_kernel,9340,2048,512,512,8,32,0,1,0,0,1,0.000768892,656,115,1.98303,8580880,32871,7.39351,4197890,1.95531E-05,0,0,0,0,49.0099,8.65962,0,3489860000,0,7512060,1050620,134365000,269617000,0,121952000,0,96.3077,0,29.5956,3.70363,0,53.7823,32,100,512,0,0,0,128
nbody_kernel,9193,2048,512,512,8,32,0,1,1,0,1,0.000281366,205,73,1.05196,4507380,32839,0.0211184,11776,0.327778,2097150,8192,0,0,49.9932,8.6645,0,3489860000,0,3710980,1048580,34226200,268861000,0,118681000,0,97.8788,0,30.1123,0.961744,0,53.2531,32,100,512,8192,0,0,128
nbody_kernel,36805,2048,512,512,8,32,1,0,0,0,1,0.000378068,256,1228,15.153,157405000,100717000,0.47357,1049600,2.48462E-06,0,0,201426000,100679000,49.5258,8.57884,0,3489860000,0,944308000,235973000,2449870000,320033000,0,238272000,0,26.5818,0,7.59226,17.3226,0,26.9566,32,100,1024,0,320,0,31
nbody_kernel,34720,2048,512,512,8,32,1,0,1,0,1,0.000418046,312,1233,16.0115,156226000,100717000,0.00147136,3072,0.173646,4194300,8192,201313000,100608000,49.9989,8.62512,0,3489860000,0,943456000,235973000,2550860000,319181000,0,241375000,0,28.1307,0,8.03675,19.0927,0,28.9063,32,100,1024,8192,320,0,33
nbody_kernel,37204,2048,512,512,8,32,1,1,0,0,1,0.00066358,1372,1261,15.2262,161725000,100717000,1.86962,4197890,2.46081E-06,0,0,201297000,100722000,49.5499,8.61132,0,3489860000,0,947581000,235973000,2550610000,320037000,0,241523000,0,26.2497,0,7.49115,17.7948,0,26.9604,32,100,1024,0,320,0,37
nbody_kernel,26921,2048,512,512,8,32,1,1,0,0,2,0.00107205,680,2391,19.3671,140421000,100723000,1.29087,2100740,3.40724E-06,0,0,151002000,100696000,49.7922,8.6674,0,3489910000,0,474083000,118008000,1275540000,294310000,0,179507000,0,34.8024,0,10.3051,12.2419,0,27.5648,32,100,1024,0,416,0,49
nbody_kernel,25292,2048,512,512,8,32,1,1,0,0,4,0.00415155,56,11127,19.3851,126256000,100735000,0.68668,1052160,7.23395E-06,0,0,125859000,100799000,49.8718,8.659,0,3490010000,0,237339000,59025400,638009000,281383000,0,148499000,0,36.2865,0,10.9501,6.5065,0,24.2304,32,100,1024,0,608,0,64
nbody_kernel,34734,2048,512,512,8,32,1,1,1,0,1,0.000608879,1016,1235,16.0166,156250000,100717000,0.00564067,11776,0.17362,4194300,8192,201298000,100719000,49.999,8.62782,0,3489860000,0,943780000,235973000,2551140000,319185000,0,241394000,0,28.119,0,8.033,19.0859,0,28.8951,32,100,1024,8192,320,0,31
nbody_kernel,25662,2048,512,512,8,32,1,1,1,0,2,0.000961318,160,2471,20.195,138964000,100723000,0.00493163,7680,0.11747,2097150,8192,151035000,100575000,49.9987,8.68998,0,3489910000,0,472183000,118008000,1275810000,293888000,0,179442000,0,36.3568,0,10.7712,12.7982,0,28.8012,32,100,1024,16384,416,0,43
nbody_kernel,24778,2048,512,512,8,32,1,1,1,0,4,0.00475829,1022,11634,19.7838,125964000,100735000,0.00374673,5632,0.121629,2097150,8192,125868000,100674000,49.9984,8.68245,0,3490010000,0,236392000,59025400,638140000,281252000,0,148469000,0,36.9704,0,11.1596,6.6325,0,24.6891,32,100,1024,32768,608,0,61
nbody_kernel,33971,2048,512,512,8,32,2,0,0,0,1,0.000636658,1030,1277,16.4202,157158000,100717000,0.513139,1049600,2.7003E-06,0,0,201441000,100726000,49.9055,8.61902,0,3489860000,0,474278000,101730000,1241740000,320084000,0,179540000,0,27.7281,0,8.21285,9.49787,0,21.9723,32,100,1024,0,320,0,41
nbody_kernel,33360,2048,512,512,8,32,2,0,1,0,1,0.000413487,198,1270,16.5199,153973000,100717000,0.00153001,3072,0.180418,4194300,8192,200948000,100691000,49.9983,8.61139,0,3489860000,0,473426000,101730000,1342730000,319232000,0,182643000,0,28.2289,0,8.36344,10.4587,0,22.7619,32,100,1024,8192,320,0,41
nbody_kernel,34356,2048,512,512,8,32,2,1,0,0,1,0.00041835,344,1189,16.346,159446000,100717000,2.02442,4197890,2.66349E-06,0,0,201299000,100686000,49.9087,8.62994,0,3489860000,0,477540000,101730000,1342490000,319990000,0,182786000,0,27.3392,0,8.09066,10.1157,0,22.0367,32,100,1024,0,320,0,42
nbody_kernel,26625,2048,512,512,8,32,2,1,0,0,2,0.00121679,856,2629,19.3027,137672000,100723000,1.30122,2100740,3.42944E-06,0,0,151012000,100654000,49.9362,8.64437,0,3489910000,0,238924000,50874400,671400000,294269000,0,150130000,0,34.4725,0,10.3999,6.50297,0,23.2658,32,100,1024,0,416,0,56
nbody_kernel,25130,2048,512,512,8,32,2,1,0,0,4,0.00402573,396,10349,20.6839,138392000,100735000,0.694206,1052160,7.3344E-06,0,0,125858000,100653000,49.8659,8.67813,0,3490010000,0,119624000,25446400,537231000,281416000,0,140098000,0,36.3631,0,11.0777,5.5426,0,23.126,32,100,1024,0,608,0,64
nbody_kernel,33352,2048,512,512,8,32,2,1,1,0,1,0.000313192,10,1110,16.5322,154179000,100717000,0.00587355,11776,0.180294,4194300,8192,201490000,100748000,49.9984,8.60858,0,3489860000,0,473739000,101730000,1343010000,319138000,0,182657000,0,28.2202,0,8.36045,10.4571,0,22.7555,32,100,1024,8192,320,0,41
nbody_kernel,25804,2048,512,512,8,32,2,1,1,0,2,0.000827578,0,2273,19.8631,136062000,100723000,0.00491679,7680,0.117134,2097150,8192,150977000,100716000,49.9978,8.68337,0,3489910000,0,237023000,50874400,671662000,293874000,0,150066000,0,35.5913,0,10.7434,6.72068,0,24.024,32,100,1024,16384,416,0,50
nbody_kernel,24790,2048,512,512,8,32,2,1,1,0,4,0.00438319,225,11338,19.8882,126989000,100735000,0.00374909,5632,0.121725,2097150,8192,125869000,100713000,49.9977,8.68091,0,3490010000,0,118673000,25446400,537362000,281219000,0,140066000,0,36.6572,0,11.1704,5.59051,0,23.3142,32,100,1024,32768,608,0,63
nbody_kernel,28928,2048,512,512,8,32,4,0,0,0,1,0.000434854,264,1083,18.5056,146776000,100717000,0.600023,1049600,3.16679E-06,0,0,201309000,100676000,49.9316,8.65175,0,3489860000,0,239352000,34609200,637682000,320053000,0,150173000,0,31.7954,0,9.59522,5.6985,0,21.4717,32,100,1024,0,320,0,64
nbody_kernel,28602,2048,512,512,8,32,4,0,1,0,1,0.000416995,88,1182,18.6212,145453000,100717000,0.00177733,3072,0.210318,4194300,8192,201357000,100633000,49.9967,8.64835,0,3489860000,0,238500000,34609200,738673000,319201000,0,153276000,0,32.1597,0,9.70786,6.67846,0,22.1726,32,100,1024,8192,320,0,64
nbody_kernel,29691,2048,512,512,8,32,4,1,0,0,1,0.000865341,1590,1161,18.278,149851000,100717000,2.34054,4197890,3.08789E-06,0,0,201505000,100698000,49.9228,8.65059,0,3489860000,0,242526000,34609200,738427000,319955000,0,153417000,0,31.0348,0,9.35742,6.43524,0,21.392,32,100,1024,0,320,0,64
nbody_kernel,25943,2048,512,512,8,32,4,1,0,0,2,0.0012315,1120,2309,20.7089,147514000,100723000,1.33752,2100740,3.52988E-06,0,0,151050000,100736000,49.9061,8.66335,0,3489910000,0,121350000,17307600,570679000,294232000,0,141734000,0,35.0706,0,10.681,5.67685,0,22.5584,32,100,896,0,416,0,65
nbody_kernel,24877,2048,512,512,8,32,4,1,0,0,4,0.00462966,1532,10750,22.0762,153738000,100735000,0.698209,1052160,7.35931E-06,0,0,125884000,100759000,49.6847,8.66169,0,3490010000,0,60770300,8656900,486842000,281371000,0,135896000,0,36.3818,0,11.1364,5.04936,0,22.5512,32,100,768,0,608,0,80
nbody_kernel,28616,2048,512,512,8,32,4,1,1,0,1,0.000569228,436,1298,18.6223,145485000,100717000,0.00681207,11776,0.2104,4194300,8192,201413000,100676000,49.9966,8.65262,0,3489860000,0,238725000,34609200,738951000,319103000,0,153288000,0,32.1582,0,9.70686,6.68029,0,22.1722,32,100,1024,8192,320,0,64
nbody_kernel,25480,2048,512,512,8,32,4,1,1,0,2,0.000926512,194,2319,19.9187,133778000,100723000,0.00497955,7680,0.118403,2097150,8192,151002000,100655000,49.9969,8.6734,0,3489910000,0,119454000,17307600,570941000,293810000,0,141669000,0,35.6949,0,10.8772,5.7838,0,22.9623,32,100,896,16384,416,0,65
nbody_kernel,24478,2048,512,512,8,32,4,1,1,0,4,0.00445611,646,10963,19.6968,122191000,100735000,0.00379864,5632,0.123423,2097150,8192,125869000,100707000,49.9965,8.68903,0,3490010000,0,59820000,8656900,486973000,281174000,0,135864000,0,36.9568,0,11.3156,5.13215,0,22.9087,32,100,896,32768,608,0,70
nbody_kernel,9248,2048,512,512,8,32,8,0,0,0,1,0.000477112,452,18,1.83919,7609330,32791,1.87093,1049600,1.98465E-05,0,0,0,0,49.0494,8.67774,0,3489860000,0,4356100,1050620,33620000,269619000,0,118706000,0,97.4606,0,29.977,0.938725,0,53.025,32,100,512,0,0,0,127
nbody_kernel,9174,2048,512,512,8,32,8,0,1,0,1,0.000389488,280,101,1.05238,4408420,32938,0.0055169,3072,0.329014,2097150,8192,0,0,49.9956,8.69648,0,3489860000,0,3504130,1048580,33947600,268868000,0,118666000,0,97.8811,0,30.1148,0.954012,0,53.2509,32,100,512,8192,0,0,127
nbody_kernel,9361,2048,512,512,8,32,8,1,0,0,1,0.000688974,632,57,1.92404,8439440,32839,7.39497,4197890,1.95413E-05,0,0,0,0,49.0677,8.66501,0,3489860000,0,7512060,1050620,134365000,269617000,0,121952000,0,96.1894,0,29.5593,3.69908,0,53.7162,32,100,512,0,0,0,128
nbody_kernel,9198,2048,512,512,8,32,8,1,1,0,1,0.000254041,160,89,1.07703,4496160,32863,0.0211201,11776,0.327763,2097150,8192,0,0,49.9937,8.66616,0,3489860000,0,3710980,1048580,34226200,268861000,0,118681000,0,97.8557,0,30.1052,0.961518,0,53.2406,32,100,512,8192,0,0,128
