Kernel name,Computation duration (us),Global size,Local size,WORK_GROUP_SIZE_X,OUTER_UNROLL_FACTOR,INNER_UNROLL_FACTOR1,INNER_UNROLL_FACTOR2,USE_SOA,LOCAL_MEM,USE_CONSTANT_MEMORY,VECTOR_TYPE,dram_utilization,dram_read_transactions,dram_write_transactions,l2_utilization,l2_read_transactions,l2_write_transactions,tex_utilization,tex_cache_transactions,local_memory_overhead,shared_utilization,shared_efficiency,shared_load_transactions,shared_store_transactions,local_load_transactions,local_store_transactions,achieved_occupancy,sm_efficiency,inst_fp_32,inst_fp_64,inst_integer,inst_control,inst_compute_ld_st,inst_misc,inst_bit_convert,inst_executed,single_precision_fu_utilization,flop_sp_efficiency,double_precision_fu_utilization,flop_dp_efficiency,special_fu_utilization,cf_fu_utilization,ldst_fu_utilization,tex_fu_utilization,issue_slot_utilization,warp_execution_efficiency,warp_nonpred_execution_efficiency,Maximum work-group size,Local memory size,Private memory size,Constant memory size,Registers count
nbody_kernel,14053,16384,64,64,1,0,0,0,0,0,1,1,267928,6221,1,8664719,16386,10,134234112,0,0,0,0,0,0,0,0.999405,99.9885,3758325760,0,92553216,16777216,268500992,205733888,0,135816192,5,28.1086,0,0,2,1,1,3,46.468,100,99.9027,1024,0,0,0,32
nbody_kernel,6373,16384,64,64,1,0,0,0,1,0,1,0,0,0,1,2113560,16386,1,2113536,0,6,9.09091,16777216,524288,0,0,0.716511,99.4643,3758325760,0,29638656,4194304,289472512,8601600,0,127820800,10,62.2228,0,0,3,1,2,1,94.61,100,99.9992,1024,1024,0,0,40
nbody_kernel,14083,16384,64,64,1,0,0,1,0,0,1,1,227716,76,2,33828250,16386,10,134232064,0,0,0,0,0,0,0,0.992783,99.8757,3758325760,0,826753024,67108864,1073889280,541294592,0,195987456,6,28.0011,0,0,2,1,1,10,59.5343,100,99.9326,1024,0,0,0,32
nbody_kernel,14491,16384,64,64,1,0,0,1,0,0,2,1,259458,0,1,17051154,16386,10,134232064,0,0,0,0,0,0,0,0.687909,96.9633,3758374912,0,816267264,67108864,537018368,203751424,0,168270336,6,27.2673,0,0,2,1,1,6,51.7349,100,99.9604,1024,0,0,0,40
nbody_kernel,14500,16384,64,64,1,0,0,1,0,0,4,1,259458,16,1,8662426,16386,10,134232064,0,0,0,0,0,0,0,0.52271,97.7184,3758473216,0,181878784,16777216,268582912,85475328,0,134758400,5,27.2666,0,0,2,1,1,3,45.3419,100,99.9749,1024,0,0,0,56
nbody_kernel,6372,16384,64,64,1,0,0,1,1,0,1,0,0,0,1,2111608,16386,1,2111488,0,6,9.09091,16777216,524288,0,0,0.71047,97.6602,3758325760,0,59195392,4194304,302137344,12812288,0,129271808,10,60.3412,0,0,3,1,2,1,95.8083,100,99.9992,1024,1024,0,0,40
nbody_kernel,6561,16384,64,64,1,0,0,1,1,0,2,1,2,16,1,2241248,16386,1,2111488,0,6,9.09091,16777216,524288,0,0,0.579517,99.6989,3758374912,0,29835264,2097152,285360128,6619136,0,127572480,10,61.9821,0,0,3,1,2,1,93.8139,100,99.9992,1024,2048,0,0,48
nbody_kernel,6405,16384,64,64,1,0,0,1,1,0,4,1,88,0,1,2111680,16386,1,2111488,0,6,9.09091,16777216,524288,0,0,0.488717,99.952,3758473216,0,115818496,16777216,276971520,8929280,0,130564096,10,61.8971,0,0,3,1,2,1,95.3887,100,99.9741,1024,4096,0,0,57
nbody_kernel,14068,16384,64,64,1,0,1,0,0,0,1,1,259468,120,1,8664474,16386,10,134234112,0,0,0,0,0,0,0,0.999708,99.9895,3758325760,0,92553216,16777216,268500992,205733888,0,135816192,5,28.1173,0,0,2,1,1,3,46.4819,100,99.9027,1024,0,0,0,32
nbody_kernel,6361,16384,64,64,1,0,1,0,1,0,1,1,259458,0,1,2373018,16386,1,2113536,0,6,9.09091,16777216,524288,0,0,0.71739,99.6229,3758325760,0,29638656,4194304,289472512,8601600,0,127820800,10,62.4866,0,0,3,1,2,1,94.86,100,99.9992,1024,1024,0,0,40
nbody_kernel,14084,16384,64,64,1,0,1,1,0,0,1,1,129732,16,2,33828250,16386,10,134232064,0,0,0,0,0,0,0,0.993331,99.9289,3758325760,0,826753024,67108864,1073889280,541294592,0,195987456,6,28.017,0,0,2,1,1,10,59.5363,100,99.9326,1024,0,0,0,32
nbody_kernel,14494,16384,64,64,1,0,1,1,0,0,2,1,259458,0,1,17180770,16386,10,134232064,0,0,0,0,0,0,0,0.683062,97.7204,3758374912,0,816267264,67108864,537018368,203751424,0,168270336,5,27.2672,0,0,2,1,1,5,51.3339,100,99.9604,1024,0,0,0,40
nbody_kernel,14501,16384,64,64,1,0,1,1,0,0,4,1,153374,16,1,8556408,16386,10,134232064,0,0,0,0,0,0,0,0.523196,97.7183,3758473216,0,181878784,16777216,268582912,85475328,0,134758400,5,27.2665,0,0,2,1,1,3,45.3418,100,99.9749,1024,0,0,0,56
nbody_kernel,6376,16384,64,64,1,0,1,1,1,0,1,1,259458,0,1,2371098,16386,1,2111488,0,6,9.09091,16777216,524288,0,0,0.70645,97.751,3758325760,0,59195392,4194304,302137344,12812288,0,129271808,10,60.3678,0,0,3,1,2,1,95.7615,100,99.9992,1024,1024,0,0,40
nbody_kernel,6574,16384,64,64,1,0,1,1,1,0,2,1,2,16,1,2241248,16386,1,2111488,0,6,9.09091,16777216,524288,0,0,0.577708,97.0011,3758374912,0,29835264,2097152,285360128,6619136,0,127572480,10,60.1629,0,0,3,1,2,1,93.593,100,99.9992,1024,2048,0,0,48
nbody_kernel,6401,16384,64,64,1,0,1,1,1,0,4,1,259458,0,1,2370970,16386,1,2111488,0,6,9.09091,16777216,524288,0,0,0.489224,99.7837,3758473216,0,115818496,16777216,276971520,8929280,0,130564096,10,61.8886,0,0,3,1,2,1,95.5365,100,99.9741,1024,4096,0,0,57
nbody_kernel,14079,16384,64,64,1,1,0,0,0,0,1,1,129780,32,1,8664570,16386,10,134234112,0,0,0,0,0,0,0,0.999143,99.9853,3758325760,0,1099186176,268435456,268500992,4407296,0,168846336,6,28.1038,0,0,2,1,1,3,56.6106,100,99.9218,1024,0,0,0,23
nbody_kernel,14000,16384,64,64,1,1,0,0,1,0,1,1,259458,0,1,2373018,16386,1,2113536,0,6,4.61538,33554432,524288,0,0,0.891651,97.1264,3758325760,0,1640251392,268435456,1094778880,29589504,0,212362752,7,28.2637,0,0,2,1,3,1,65.6807,100,99.9378,1024,1024,0,0,27
nbody_kernel,19861,16384,64,64,1,1,0,1,0,0,1,1,259476,32,1,33828346,16386,8,134232064,0,0,0,0,0,0,0,0.93131,99.4181,3758325760,0,2739355648,268435456,1073889280,272859136,0,253659136,6,19.7485,0,0,1,1,1,8,60.1127,100,99.9479,1024,0,0,0,28
nbody_kernel,14516,16384,64,64,1,1,0,1,0,0,2,1,259458,0,1,17051034,16386,10,134232064,0,0,0,0,0,0,0,0.683306,97.7388,3758374912,0,1369915392,134217728,537018368,1210384384,0,219126272,7,27.2532,0,0,2,1,1,5,76.2749,100,99.9696,1024,0,0,0,38
nbody_kernel,14062,16384,64,64,1,1,0,1,0,0,4,1,259458,16,1,8662426,16386,10,134232064,0,0,0,0,0,0,0,0.520784,97.72,3758473216,0,685195264,67108864,268582912,471351296,0,164118528,6,27.2672,0,0,2,1,1,3,55.2236,100,99.9794,1024,0,0,0,56
nbody_kernel,14623,16384,64,64,1,1,0,1,1,0,1,1,129730,0,1,2371050,16386,1,2111488,0,5,4.61538,33554432,524288,0,0,0.896578,97.1036,3758325760,0,1669808128,268435456,1107443712,302219264,0,222201856,7,26.4074,0,0,2,1,3,1,64.7828,100,99.9406,1024,1024,0,0,28
nbody_kernel,9756,16384,64,64,1,1,0,1,1,0,2,1,259459,16,1,2370970,16386,1,2111488,0,4,9.09091,16777216,524288,0,0,0.874372,99.7558,3758374912,0,835141632,134217728,553795584,17104896,0,165648896,8,40.4887,0,0,2,1,2,1,77.6642,100,99.9598,1024,2048,0,0,32
nbody_kernel,7367,16384,64,64,1,1,0,1,1,0,4,1,259458,0,1,2370970,16386,1,2111488,0,5,9.09091,16777216,524288,0,0,0.479484,99.5037,3758473216,0,417808384,67108864,276971520,8929280,0,141574144,9,53.7543,0,0,3,1,2,1,87.7145,100,99.9761,1024,4096,0,0,48
nbody_kernel,14080,16384,64,64,1,1,1,0,0,0,1,1,129978,220,1,8534888,16386,10,134234112,0,0,0,0,0,0,0,0.999202,99.9849,3758325760,0,1099186176,268435456,268500992,4407296,0,168846336,6,28.1055,0,0,2,1,1,3,56.6143,100,99.9218,1024,0,0,0,23
nbody_kernel,13934,16384,64,64,1,1,1,0,1,0,1,1,152224,0,1,2288368,16386,1,2113536,0,6,4.61538,33554432,524288,0,0,0.8848,97.6835,3758325760,0,1640251392,268435456,1094778880,29589504,0,212362752,7,28.2504,0,0,2,1,3,1,65.2754,100,99.9378,1024,1024,0,0,27
nbody_kernel,20061,16384,64,64,1,1,1,1,0,0,1,1,259644,62,1,33828738,16386,7,134232064,0,0,0,0,0,0,0,0.931681,98.6002,3758325760,0,2739355648,268435456,1073889280,272859136,0,253659136,6,19.6173,0,0,1,1,1,8,60.2088,100,99.9479,1024,0,0,0,28
nbody_kernel,14519,16384,64,64,1,1,1,1,0,0,2,1,255294,0,1,17046878,16386,10,134232064,0,0,0,0,0,0,0,0.686353,97.0113,3758374912,0,1369915392,134217728,537018368,1210384384,0,219126272,7,27.2498,0,0,2,1,1,5,76.8371,100,99.9696,1024,0,0,0,38
nbody_kernel,14941,16384,64,64,1,1,1,1,0,0,4,1,241486,16,1,8662426,16386,10,134232064,0,0,0,0,0,0,0,0.520304,97.7203,3758473216,0,685195264,67108864,268582912,471351296,0,164118528,6,27.2675,0,0,2,1,1,3,55.224,100,99.9794,1024,0,0,0,56
nbody_kernel,14946,16384,64,64,1,1,1,1,1,0,1,1,259458,0,1,2370970,16386,1,2111488,0,5,4.61538,33554432,524288,0,0,0.897182,99.8516,3758325760,0,1669808128,268435456,1107443712,302219264,0,222201856,7,27.1834,0,0,2,1,3,1,64.8513,100,99.9406,1024,1024,0,0,28
nbody_kernel,10045,16384,64,64,1,1,1,1,1,0,2,1,259458,16,1,2370970,16386,1,2111488,0,4,9.09091,16777216,524288,0,0,0.874093,99.8392,3758374912,0,835141632,134217728,553795584,17104896,0,165648896,8,40.55,0,0,2,1,2,1,77.7168,100,99.9598,1024,2048,0,0,32
nbody_kernel,7311,16384,64,64,1,1,1,1,1,0,4,1,259458,0,1,2370970,16386,1,2111488,0,5,9.09091,16777216,524288,0,0,0.480032,99.5091,3758473216,0,417808384,67108864,276971520,8929280,0,141574144,9,53.7635,0,0,3,1,2,1,87.7247,100,99.9761,1024,4096,0,0,48
nbody_kernel,14073,16384,64,64,1,2,0,0,0,0,1,1,259524,80,1,8664554,16386,10,134234112,0,0,0,0,0,0,0,0.99986,99.9872,3758325760,0,562315264,134217728,268500992,4407296,0,147874816,5,28.1154,0,0,2,1,1,3,48.8227,100,99.9107,1024,0,0,0,30
nbody_kernel,10078,16384,64,64,1,2,0,0,1,0,1,0,0,0,1,2113560,16386,1,2113536,0,4,9.09091,16777216,524288,0,0,0.881669,99.4272,3758325760,0,834945024,134217728,557907968,29573120,0,166224896,8,39.2486,0,0,2,1,2,1,75.9403,100,99.9205,1024,1024,0,0,32
nbody_kernel,14147,16384,64,64,1,2,0,1,0,0,1,1,259588,72,2,33828250,16386,10,134232064,0,0,0,0,0,0,0,0.973667,99.1939,3758325760,0,1632059392,134217728,1073889280,272859136,0,214861824,6,27.7027,0,0,2,1,1,10,63.9589,100,99.9385,1024,0,0,0,32
nbody_kernel,14497,16384,64,64,1,2,0,1,0,0,2,1,129728,0,1,16921312,16386,10,134232064,0,0,0,0,0,0,0,0.684021,97.718,3758374912,0,816267264,67108864,537018368,203751424,0,168270336,5,27.2666,0,0,2,1,1,5,51.3339,100,99.9604,1024,0,0,0,40
nbody_kernel,14065,16384,64,64,1,2,0,1,0,0,4,1,259458,16,1,8662426,16386,10,134232064,0,0,0,0,0,0,0,0.519808,97.7208,3758473216,0,408371200,33554432,268582912,135806976,0,143933440,5,27.2675,0,0,2,1,1,3,47.3767,100,99.9765,1024,0,0,0,56
nbody_kernel,9971,16384,64,64,1,2,0,1,1,0,1,1,129730,0,1,2370970,16386,1,2111488,0,4,9.09091,16777216,524288,0,0,0.88192,99.7356,3758325760,0,864501760,134217728,570572800,33783808,0,167675904,8,39.7639,0,0,2,1,2,1,77.2567,100,99.9212,1024,1024,0,0,30
nbody_kernel,8029,16384,64,64,1,2,0,1,1,0,2,1,129729,16,1,2241248,16386,1,2111488,0,5,9.09091,16777216,524288,0,0,0.713671,98.9879,3758374912,0,432488448,67108864,285360128,17104896,0,142580224,9,49.7909,0,0,3,1,2,1,85.0278,100,99.9533,1024,2048,0,0,40
nbody_kernel,6588,16384,64,64,1,2,0,1,1,0,4,0,0,0,1,2111512,16386,1,2111488,0,6,9.09091,16777216,524288,0,0,0.487252,99.9435,3758473216,0,216481792,33554432,276971520,8929280,0,134234112,10,60.5189,0,0,3,1,2,1,95.7954,100,99.9748,1024,4096,0,0,55
nbody_kernel,14072,16384,64,64,1,2,1,0,0,0,1,1,216848,8,1,8664474,16386,10,134234112,0,0,0,0,0,0,0,0.99987,99.9903,3758325760,0,562315264,134217728,268500992,4407296,0,147874816,5,28.1164,0,0,2,1,1,3,48.8229,100,99.9107,1024,0,0,0,30
nbody_kernel,10017,16384,64,64,1,2,1,0,1,0,1,1,245638,0,1,2359384,16386,1,2113536,0,4,9.09091,16777216,524288,0,0,0.880205,99.5858,3758325760,0,834945024,134217728,557907968,29573120,0,166224896,8,39.2354,0,0,2,1,2,1,75.7939,100,99.9205,1024,1024,0,0,32
nbody_kernel,14142,16384,64,64,1,2,1,1,0,0,1,1,129732,16,2,33828250,16386,10,134232064,0,0,0,0,0,0,0,0.973655,99.8384,3758325760,0,1632059392,134217728,1073889280,272859136,0,214861824,6,27.9001,0,0,2,1,1,10,63.9989,100,99.9385,1024,0,0,0,32
nbody_kernel,14494,16384,64,64,1,2,1,1,0,0,2,1,259458,0,1,17051034,16386,10,134232064,0,0,0,0,0,0,0,0.685006,97.7178,3758374912,0,816267264,67108864,537018368,203751424,0,168270336,5,27.2668,0,0,2,1,1,5,51.3345,100,99.9604,1024,0,0,0,40
nbody_kernel,14063,16384,64,64,1,2,1,1,0,0,4,1,259458,16,1,8662538,16386,10,134232064,0,0,0,0,0,0,0,0.523376,96.962,3758473216,0,408371200,33554432,268582912,135806976,0,143933440,5,27.2671,0,0,2,1,1,3,47.7467,100,99.9765,1024,0,0,0,56
nbody_kernel,9959,16384,64,64,1,2,1,1,1,0,1,1,2648,0,1,2116786,16386,1,2111488,0,4,9.09091,16777216,524288,0,0,0.883593,99.8037,3758325760,0,864501760,134217728,570572800,33783808,0,167675904,8,39.7553,0,0,2,1,2,1,77.1872,100,99.9212,1024,1024,0,0,30
nbody_kernel,7808,16384,64,64,1,2,1,1,1,0,2,1,1,16,1,2121920,16386,1,2111488,0,5,9.09091,16777216,524288,0,0,0.710382,99.8888,3758374912,0,432488448,67108864,285360128,17104896,0,142580224,9,49.876,0,0,3,1,2,1,84.4051,100,99.9533,1024,2048,0,0,40
nbody_kernel,6588,16384,64,64,1,2,1,1,1,0,4,1,259458,0,1,2371210,16386,1,2111488,0,6,9.09091,16777216,524288,0,0,0.483396,99.8302,3758473216,0,216481792,33554432,276971520,8929280,0,134234112,10,60.2962,0,0,3,1,2,1,95.5511,100,99.9748,1024,4096,0,0,55
nbody_kernel,14071,16384,64,64,1,4,0,0,0,0,1,1,259460,16,1,8664474,16386,10,134234112,0,0,0,0,0,0,0,0.99989,99.9865,3758325760,0,293879808,67108864,268500992,205733888,0,143680512,5,28.1155,0,0,2,1,1,3,48.823,100,99.9081,1024,0,0,0,32
nbody_kernel,7499,16384,64,64,1,4,0,0,1,0,1,1,8,0,1,2243296,16386,1,2113536,0,5,9.09091,16777216,524288,0,0,0.732975,99.7387,3758325760,0,432291840,67108864,289472512,29573120,0,143156224,9,53.2418,0,0,3,1,2,1,90.8325,100,99.9077,1024,1024,0,0,40
nbody_kernel,14087,16384,64,64,1,4,0,1,0,0,1,1,259460,0,2,33828250,16386,10,134232064,0,0,0,0,0,0,0,0.993066,99.9182,3758325760,0,826753024,67108864,1073889280,541294592,0,195987456,6,28.0021,0,0,2,1,1,10,59.5111,100,99.9326,1024,0,0,0,32
nbody_kernel,14798,16384,64,64,1,4,0,1,0,0,2,1,259458,0,1,17051282,16386,10,134232064,0,0,0,0,0,0,0,0.571625,98.6782,3758374912,0,413614080,33554432,537018368,203751424,0,154638848,5,26.4385,0,0,2,1,1,5,47.4302,100,99.957,1024,0,0,0,46
nbody_kernel,14072,16384,64,64,1,4,0,1,0,0,4,1,259458,16,1,8666218,16386,10,134232064,0,0,0,0,0,0,0,0.499953,99.9909,3758473216,0,207093760,16777216,268582912,169377792,0,138168320,5,28.1164,0,0,2,1,1,3,45.4002,100,99.9755,1024,0,0,0,64
nbody_kernel,8427,16384,64,64,1,4,0,1,1,0,1,1,129730,0,1,2370970,16386,1,2111488,0,5,9.09091,16777216,524288,0,0,0.732946,99.8348,3758325760,0,461848576,67108864,302137344,33783808,0,144607232,9,49.3887,0,0,3,1,2,1,86.2427,100,99.9087,1024,1024,0,0,40
nbody_kernel,6791,16384,64,64,1,4,0,1,1,0,2,1,0,16,1,2140636,16386,1,2111488,0,6,9.09091,16777216,524288,0,0,0.581586,97.8252,3758374912,0,231161856,33554432,285360128,17104896,0,135240192,10,58.5163,0,0,3,1,2,1,94.5219,100,99.9508,1024,2048,0,0,48
nbody_kernel,6383,16384,64,64,1,4,0,1,1,0,4,0,0,0,1,2111512,16386,1,2111488,0,6,9.09091,16777216,524288,0,0,0.488779,99.7474,3758473216,0,115818496,16777216,276971520,8929280,0,130564096,10,61.861,0,0,3,1,2,1,95.5286,100,99.9741,1024,4096,0,0,57
nbody_kernel,14076,16384,64,64,1,4,1,0,0,0,1,1,259460,8,1,8664474,16386,10,134234112,0,0,0,0,0,0,0,0.999883,99.9877,3758325760,0,293879808,67108864,268500992,205733888,0,143680512,5,28.1155,0,0,2,1,1,3,48.8225,100,99.9081,1024,0,0,0,32
nbody_kernel,7430,16384,64,64,1,4,1,0,1,0,1,1,129730,0,1,2373018,16386,1,2113536,0,5,9.09091,16777216,524288,0,0,0.732918,99.9128,3758325760,0,432291840,67108864,289472512,29573120,0,143156224,9,53.3323,0,0,3,1,2,1,90.8284,100,99.9077,1024,1024,0,0,40
nbody_kernel,14098,16384,64,64,1,4,1,1,0,0,1,1,129732,8,2,33828250,16386,10,134232064,0,0,0,0,0,0,0,0.993014,99.8162,3758325760,0,826753024,67108864,1073889280,541294592,0,195987456,6,27.984,0,0,2,1,1,10,59.5333,100,99.9326,1024,0,0,0,32
nbody_kernel,14789,16384,64,64,1,4,1,1,0,0,2,1,259466,8,1,17051034,16386,10,134232064,0,0,0,0,0,0,0,0.572928,99.9,3758374912,0,413614080,33554432,537018368,203751424,0,154638848,5,26.8494,0,0,2,1,1,5,47.5782,100,99.957,1024,0,0,0,46
nbody_kernel,14070,16384,64,64,1,4,1,1,0,0,4,1,259458,16,1,8662658,16386,10,134232064,0,0,0,0,0,0,0,0.499947,99.9902,3758473216,0,207093760,16777216,268582912,169377792,0,138168320,5,28.1165,0,0,2,1,1,3,45.4006,100,99.9755,1024,0,0,0,64
nbody_kernel,8027,16384,64,64,1,4,1,1,1,0,1,1,32,0,1,2241384,16386,1,2111488,0,5,9.09091,16777216,524288,0,0,0.727924,99.9186,3758325760,0,461848576,67108864,302137344,33783808,0,144607232,9,49.473,0,0,3,1,2,1,86.3174,100,99.9087,1024,1024,0,0,40
nbody_kernel,6771,16384,64,64,1,4,1,1,1,0,2,1,0,16,1,2241248,16386,1,2111488,0,6,9.09091,16777216,524288,0,0,0.580891,97.781,3758374912,0,231161856,33554432,285360128,17104896,0,135240192,10,58.4837,0,0,3,1,2,1,94.5121,100,99.9508,1024,2048,0,0,48
nbody_kernel,6404,16384,64,64,1,4,1,1,1,0,4,0,0,0,1,2111888,16386,1,2111488,0,6,9.09091,16777216,524288,0,0,0.48852,99.885,3758473216,0,115818496,16777216,276971520,8929280,0,130564096,10,61.918,0,0,3,1,2,1,95.4848,100,99.9741,1024,4096,0,0,57
nbody_kernel,14068,16384,64,64,1,8,0,0,0,0,1,1,129732,8,1,8664474,16386,10,134234112,0,0,0,0,0,0,0,0.999858,99.9891,3758325760,0,159662080,33554432,268500992,138625024,0,136340480,5,28.1173,0,0,2,1,1,3,45.7009,100,99.9031,1024,0,0,0,32
nbody_kernel,6668,16384,64,64,1,8,0,0,1,0,1,1,259458,0,1,2373018,16386,1,2113536,0,6,9.09091,16777216,524288,0,0,0.593386,99.7431,3758325760,0,230965248,33554432,289472512,29573120,0,135816192,10,59.4934,0,0,3,1,2,1,94.8661,100,99.9027,1024,1024,0,0,46
nbody_kernel,14961,16384,64,64,1,8,0,1,0,0,1,1,129754,32,2,33698528,16386,10,134232064,0,0,0,0,0,0,0,0.686522,94.172,3758325760,0,424099840,33554432,1073889280,541294592,0,182355968,5,26.4332,0,0,2,1,1,10,54.1471,100,99.9276,1024,0,0,0,40
nbody_kernel,14504,16384,64,64,1,8,0,1,0,0,2,1,259458,0,1,17051146,16386,10,134232064,0,0,0,0,0,0,0,0.521099,97.7185,3758374912,0,212287488,16777216,537018368,354746368,0,152541696,5,27.2657,0,0,2,1,1,5,47.0696,100,99.9564,1024,0,0,0,54
nbody_kernel,14942,16384,64,64,1,8,0,1,0,0,4,1,150942,16,1,8575088,16386,10,134232064,0,0,0,0,0,0,0,0.415471,94.9457,3758473216,0,106430464,8388608,268582912,152600576,0,134236160,5,26.4652,0,0,2,1,1,3,44.2305,100,99.9748,896,0,0,0,68
nbody_kernel,6751,16384,64,64,1,8,0,1,1,0,1,0,0,0,1,2111512,16386,1,2111488,0,6,9.09091,16777216,524288,0,0,0.591439,99.8365,3758325760,0,260521984,33554432,302137344,33783808,0,137267200,10,58.6951,0,0,3,1,2,1,95.1434,100,99.9038,1024,1024,0,0,47
nbody_kernel,6532,16384,64,64,1,8,0,1,1,0,2,1,259458,16,1,2370970,16386,1,2111488,0,6,9.09091,16777216,524288,0,0,0.586351,96.8823,3758374912,0,130498560,16777216,285360128,17104896,0,131570176,10,60.4944,0,0,3,1,2,1,96.9339,100,99.9494,1024,2048,0,0,48
nbody_kernel,6172,16384,64,64,1,8,0,1,1,0,4,1,259458,0,1,2370970,16386,1,2111488,0,6,9.09091,16777216,524288,0,0,0.491338,99.9309,3758473216,0,65486848,8388608,276971520,8929280,0,128729088,10,64.3133,0,0,3,1,2,1,96.2284,100,99.9737,1024,4096,0,0,57
nbody_kernel,14073,16384,64,64,1,8,1,0,0,0,1,1,259676,192,1,8664922,16386,10,134234112,0,0,0,0,0,0,0,0.999868,99.9896,3758325760,0,159662080,33554432,268500992,138625024,0,136340480,5,28.1174,0,0,2,1,1,3,45.7009,100,99.9031,1024,0,0,0,32
nbody_kernel,6869,16384,64,64,1,8,1,0,1,0,1,1,259458,0,1,2373018,16386,1,2113536,0,6,9.09091,16777216,524288,0,0,0.594065,96.7706,3758325760,0,230965248,33554432,289472512,29573120,0,135816192,10,57.6463,0,0,3,1,2,1,94.7444,100,99.9027,1024,1024,0,0,46
nbody_kernel,14525,16384,64,64,1,8,1,1,0,0,1,1,259644,150,2,33828698,16386,10,134232064,0,0,0,0,0,0,0,0.688012,96.9286,3758325760,0,424099840,33554432,1073889280,541294592,0,182355968,5,27.2241,0,0,2,1,1,10,54.1812,100,99.9276,1024,0,0,0,40
nbody_kernel,14504,16384,64,64,1,8,1,1,0,0,2,1,259458,0,1,17051034,16386,10,134232064,0,0,0,0,0,0,0,0.520115,97.7182,3758374912,0,212287488,16777216,537018368,354746368,0,152541696,5,27.266,0,0,2,1,1,5,47.0703,100,99.9564,1024,0,0,0,54
nbody_kernel,14941,16384,64,64,1,8,1,1,0,0,4,1,259459,16,1,8792162,16386,10,134232064,0,0,0,0,0,0,0,0.421169,94.3115,3758473216,0,106430464,8388608,268582912,152600576,0,134236160,5,26.4642,0,0,2,1,1,3,44.5262,100,99.9748,896,0,0,0,68
nbody_kernel,6758,16384,64,64,1,8,1,1,1,0,1,1,259458,0,1,2370970,16386,1,2111488,0,6,9.09091,16777216,524288,0,0,0.589879,99.9508,3758325760,0,260521984,33554432,302137344,33783808,0,137267200,10,58.7272,0,0,3,1,2,1,95.0866,100,99.9038,1024,1024,0,0,47
nbody_kernel,6349,16384,64,64,1,8,1,1,1,0,2,1,0,16,1,2241248,16386,1,2111488,0,6,9.09091,16777216,524288,0,0,0.583615,96.863,3758374912,0,130498560,16777216,285360128,17104896,0,131570176,10,60.5406,0,0,3,1,2,1,97.0274,100,99.9494,1024,2048,0,0,48
nbody_kernel,6173,16384,64,64,1,8,1,1,1,0,4,0,0,0,1,2227864,16386,1,2111488,0,6,9.09091,16777216,524288,0,0,0.491037,99.722,3758473216,0,65486848,8388608,276971520,8929280,0,128729088,10,64.2203,0,0,3,1,2,1,96.2906,100,99.9737,1024,4096,0,0,57
nbody_kernel,14506,16384,64,64,1,16,0,0,0,0,1,1,129730,0,1,8534752,16386,10,134234112,0,0,0,0,0,0,0,0.682902,97.719,3758325760,0,109330432,16793600,268500992,222461952,0,136863744,5,27.265,0,0,2,1,1,3,46.8949,100,99.9035,1024,0,0,0,36
nbody_kernel,6676,16384,64,64,1,16,0,0,1,0,1,0,0,0,1,2113560,16386,1,2113536,0,6,9.09091,16777216,524288,0,0,0.589992,96.9314,3758325760,0,130301952,16777216,289472512,33767424,0,132277248,10,59.2784,0,0,3,1,2,1,95.6732,100,99.9001,1024,1024,0,0,47
nbody_kernel,14076,16384,64,64,1,16,0,1,0,0,1,1,129884,120,2,33828250,16386,10,134232064,0,0,0,0,0,0,0,0.998247,99.9509,3758325760,0,227016704,16793600,1073889280,692273152,0,180391424,5,28.0816,0,0,2,1,1,10,53.0766,100,99.9268,1024,0,0,0,32
nbody_kernel,14503,16384,64,64,1,16,0,1,0,0,2,1,259458,0,1,17051034,16386,10,134232064,0,0,0,0,0,0,0,0.683383,97.7205,3758374912,0,113770496,8404992,537018368,170131456,0,143432192,5,27.2662,0,0,2,1,1,5,46.3183,100,99.9536,1024,0,0,0,40
nbody_kernel,14065,16384,64,64,1,16,0,1,0,0,4,1,259480,16,1,8662426,16386,10,134232064,0,0,0,0,0,0,0,0.499956,99.9889,3758473216,0,57147392,4210688,268582912,114655232,0,131379712,5,28.1171,0,0,2,1,1,3,43.6059,100,99.9743,1024,0,0,0,64
nbody_kernel,6714,16384,64,64,1,16,0,1,1,0,1,1,259458,0,1,2371058,16386,1,2111488,0,6,9.09091,16777216,524288,0,0,0.580163,97.6786,3758325760,0,159858688,16777216,302137344,33783808,0,133597184,10,59.0101,0,0,3,1,2,1,96.0893,100,99.9011,1024,1024,0,0,47
nbody_kernel,6428,16384,64,64,1,16,0,1,1,0,2,1,1,16,1,2111512,16386,1,2111488,0,6,9.09091,16777216,524288,0,0,0.521262,95.51,3758374912,0,80216064,8388608,285360128,17137664,0,129737728,10,59.9562,0,0,3,1,2,1,94.8378,100,99.9487,1024,2048,0,0,49
nbody_kernel,6412,16384,64,64,1,16,0,1,1,0,4,1,259458,0,1,2371034,16386,1,2111488,0,6,9.09091,16777216,524288,0,0,0.481658,99.5454,3758473216,0,40370176,4194304,276971520,9977856,0,127845888,10,61.9571,0,0,3,1,2,1,93.1712,100,99.9736,1024,4096,0,0,56
nbody_kernel,14507,16384,64,64,1,16,1,0,0,0,1,1,259460,64,1,8664474,16386,10,134234112,0,0,0,0,0,0,0,0.690217,99.988,3758325760,0,109330432,16793600,268500992,222461952,0,136863744,5,28.1164,0,0,2,1,1,3,47.2619,100,99.9035,1024,0,0,0,36
nbody_kernel,6690,16384,64,64,1,16,1,0,1,0,1,1,48924,0,1,2211380,16386,1,2113536,0,6,9.09091,16777216,524288,0,0,0.581991,97.9259,3758325760,0,130301952,16777216,289472512,33767424,0,132277248,10,59.4185,0,0,3,1,2,1,94.9253,100,99.9001,1024,1024,0,0,47
nbody_kernel,14081,16384,64,64,1,16,1,1,0,0,1,1,259460,8,2,33828250,16386,10,134232064,0,0,0,0,0,0,0,0.998503,99.9648,3758325760,0,227016704,16793600,1073889280,692273152,0,180391424,5,28.0914,0,0,2,1,1,10,53.0877,100,99.9268,1024,0,0,0,32
nbody_kernel,14504,16384,64,64,1,16,1,1,0,0,2,1,214939,0,1,17051410,16386,10,134232064,0,0,0,0,0,0,0,0.688202,96.9633,3758374912,0,113770496,8404992,537018368,170131456,0,143432192,5,27.2659,0,0,2,1,1,6,46.6794,100,99.9536,1024,0,0,0,40
nbody_kernel,14066,16384,64,64,1,16,1,1,0,0,4,1,129730,16,1,8532776,16386,10,134232064,0,0,0,0,0,0,0,0.499957,99.9899,3758473216,0,57147392,4210688,268582912,114655232,0,131379712,5,28.1172,0,0,2,1,1,3,43.6058,100,99.9743,1024,0,0,0,64
nbody_kernel,6513,16384,64,64,1,16,1,1,1,0,1,0,0,0,1,2111512,16386,1,2111488,0,6,9.09091,16777216,524288,0,0,0.581401,97.5932,3758325760,0,159858688,16777216,302137344,33783808,0,133597184,10,58.99,0,0,3,1,2,1,96.1406,100,99.9011,1024,1024,0,0,47
nbody_kernel,6446,16384,64,64,1,16,1,1,1,0,2,1,2,16,1,2111664,16386,1,2111488,0,6,9.09091,16777216,524288,0,0,0.520052,95.6245,3758374912,0,80216064,8388608,285360128,17137664,0,129737728,10,59.9999,0,0,3,1,2,1,94.7933,100,99.9487,1024,2048,0,0,49
nbody_kernel,6399,16384,64,64,1,16,1,1,1,0,4,1,259458,0,1,2370970,16386,1,2111488,0,6,9.09091,16777216,524288,0,0,0.479144,99.6225,3758473216,0,40370176,4194304,276971520,9977856,0,127845888,10,61.7035,0,0,3,1,2,1,92.718,100,99.9736,1024,4096,0,0,56
nbody_kernel,14067,16384,64,64,1,32,0,0,0,0,1,1,259564,72,1,8664570,16386,10,134234112,0,0,0,0,0,0,0,0.999544,99.9879,3758325760,0,59080704,8404992,268500992,256049152,0,136080896,5,28.117,0,0,2,1,1,3,46.4828,100,99.9029,1024,0,0,0,32
nbody_kernel,6275,16384,64,64,1,32,0,0,1,0,1,1,259458,0,1,2373018,16386,1,2113536,0,6,9.09091,16777216,524288,0,0,0.586504,99.8912,3758325760,0,80052224,8388608,289472512,37978112,0,130576384,10,63.1913,0,0,3,1,2,1,96.3327,100,99.8988,1024,1024,0,0,48
nbody_kernel,14084,16384,64,64,1,32,0,1,0,0,1,1,129940,168,2,33828698,16386,10,134232064,0,0,0,0,0,0,0,0.998653,99.944,3758325760,0,117964800,8404992,1073889280,658718720,0,175672832,5,28.0844,0,0,2,1,1,10,52.1099,100,99.9248,1024,0,0,0,32
nbody_kernel,14508,16384,64,64,1,32,0,1,0,0,2,1,259458,0,1,17051034,16386,10,134232064,0,0,0,0,0,0,0,0.683799,97.7191,3758374912,0,59244544,4210688,537018368,153354240,0,141072896,5,27.2631,0,0,2,1,1,5,45.6841,100,99.9528,1024,0,0,0,40
nbody_kernel,14064,16384,64,64,1,32,0,1,0,0,4,1,259468,16,1,8662586,16386,10,134232064,0,0,0,0,0,0,0,0.499941,99.9863,3758473216,0,29884416,2113536,268582912,125140992,0,130789888,5,28.1157,0,0,2,1,1,3,42.9215,100,99.9742,1024,0,0,0,64
nbody_kernel,6306,16384,64,64,1,32,0,1,1,0,1,1,64,0,1,2241248,16386,1,2111488,0,6,9.09091,16777216,524288,0,0,0.582207,97.7805,3758325760,0,109576192,8388608,302137344,37994496,0,131895296,10,61.0125,0,0,3,1,2,1,95.3485,100,99.8998,1024,1024,0,0,48
nbody_kernel,6417,16384,64,64,1,32,0,1,1,0,2,1,18,16,1,2241336,16386,1,2111488,0,6,9.09091,16777216,524288,0,0,0.519408,95.8781,3758374912,0,55050240,4194304,285360128,19218432,0,128885248,10,60.0812,0,0,3,1,2,1,93.474,100,99.9484,1024,2048,0,0,50
nbody_kernel,6493,16384,64,64,1,32,0,1,1,0,4,1,12,0,1,2229780,16386,1,2111488,0,6,9.09091,16777216,524288,0,0,0.482451,99.6235,3758473216,0,27787264,2097152,276971520,9977856,0,127387136,9,60.9474,0,0,3,1,2,1,90.9438,100,99.9735,1024,4096,0,0,56
nbody_kernel,14064,16384,64,64,1,32,1,0,0,0,1,1,259692,136,1,8664954,16386,10,134234112,0,0,0,0,0,0,0,0.999528,99.9868,3758325760,0,59080704,8404992,268500992,256049152,0,136080896,5,28.1164,0,0,2,1,1,3,46.4824,100,99.9029,1024,0,0,0,32
nbody_kernel,6456,16384,64,64,1,32,1,0,1,0,1,0,0,0,1,2113600,16386,1,2113536,0,6,9.09091,16777216,524288,0,0,0.59019,97.0004,3758325760,0,80052224,8388608,289472512,37978112,0,130576384,10,61.2663,0,0,3,1,2,1,96.1814,100,99.8988,1024,1024,0,0,48
nbody_kernel,14082,16384,64,64,1,32,1,1,0,0,1,1,129732,8,2,33828250,16386,10,134232064,0,0,0,0,0,0,0,0.99891,99.9799,3758325760,0,117964800,8404992,1073889280,658718720,0,175672832,5,28.1013,0,0,2,1,1,10,52.1226,100,99.9248,1024,0,0,0,32
nbody_kernel,14504,16384,64,64,1,32,1,1,0,0,2,1,259458,0,1,17051034,16386,10,134232064,0,0,0,0,0,0,0,0.683281,94.8461,3758374912,0,59244544,4210688,537018368,153354240,0,141072896,5,26.4605,0,0,2,1,1,5,45.6823,100,99.9528,1024,0,0,0,40
nbody_kernel,14063,16384,64,64,1,32,1,1,0,0,4,1,259460,16,1,8662530,16386,10,134232064,0,0,0,0,0,0,0,0.499957,99.9906,3758473216,0,29884416,2113536,268582912,125140992,0,130789888,5,28.1176,0,0,2,1,1,3,42.9226,100,99.9742,1024,0,0,0,64
nbody_kernel,6498,16384,64,64,1,32,1,1,1,0,1,0,0,0,1,2111512,16386,1,2111488,0,6,9.09091,16777216,524288,0,0,0.583549,97.7269,3758325760,0,109576192,8388608,302137344,37994496,0,131895296,10,60.9711,0,0,3,1,2,1,95.336,100,99.8998,1024,1024,0,0,48
nbody_kernel,6415,16384,64,64,1,32,1,1,1,0,2,1,42,16,1,2111600,16386,1,2111488,0,6,9.09091,16777216,524288,0,0,0.519623,95.3684,3758374912,0,55050240,4194304,285360128,19218432,0,128885248,10,59.934,0,0,3,1,2,1,93.7434,100,99.9484,1024,2048,0,0,50
nbody_kernel,6545,16384,64,64,1,32,1,1,1,0,4,0,0,0,1,2111512,16386,1,2111488,0,6,9.09091,16777216,524288,0,0,0.483021,99.629,3758473216,0,27787264,2097152,276971520,9977856,0,127387136,9,60.9457,0,0,3,1,2,1,90.9363,100,99.9735,1024,4096,0,0,56
nbody_kernel,7497,8192,64,64,2,0,0,0,0,0,1,1,259572,148,1,4486722,32770,10,67125248,0,0,0,0,0,0,0,0.501662,95.692,3758309376,0,79896576,16777216,134283264,119701504,0,128471296,9,52.8341,0,0,3,1,1,3,86.6604,100,99.9486,1024,0,0,0,50
nbody_kernel,6692,8192,64,64,2,0,0,0,1,0,1,0,0,0,1,1081424,32770,1,1064960,0,3,9.09091,8388608,262144,0,0,0.4964,94.2755,3758309376,0,14884864,2097152,144769024,4366336,0,122638848,10,59.4733,0,0,3,1,1,1,94.0331,100,99.9996,1024,1024,0,0,56
nbody_kernel,8331,8192,64,64,2,0,0,1,0,0,1,1,259460,0,2,17065370,32770,9,67123200,0,0,0,0,0,0,0,0.523917,95.5269,3758309376,0,816095232,67108864,537018368,203603968,0,168257792,9,45.2697,0,0,3,1,1,9,88.4926,100,99.9607,1024,0,0,0,47
nbody_kernel,8938,8192,64,64,2,0,0,1,0,0,2,1,129746,0,1,8676762,32770,8,67123200,0,0,0,0,0,0,0,0.526588,95.6113,3758358528,0,774184960,16785408,268582912,135454720,0,154825984,9,44.2963,0,0,3,1,1,5,88.8869,100,99.9785,1024,0,0,0,48
nbody_kernel,7663,8192,64,64,2,0,0,1,0,0,4,1,259458,16,1,4482458,32770,10,67123200,0,0,0,0,0,0,0,0.496628,99.9703,3758456832,0,437592064,33562624,134365184,67928064,0,138513920,9,51.788,0,0,3,1,1,3,89.9938,100,99.9878,1024,0,0,0,64
nbody_kernel,6281,8192,64,64,2,0,0,1,1,0,1,1,130511,0,1,1209456,32770,1,1062912,0,3,9.09091,8388608,262144,0,0,0.490204,95.6911,3758309376,0,29663232,2097152,151142400,6463488,0,123365376,10,59.6095,0,0,3,1,1,1,93.7219,100,99.9996,1024,1024,0,0,56
nbody_kernel,6372,8192,64,64,2,0,0,1,1,0,2,1,259540,16,1,1336730,32770,1,1062912,0,3,9.09091,8388608,262144,0,0,0.498094,99.9263,3758358528,0,165978112,16777216,276971520,4472832,0,131988224,10,62.2398,0,0,3,1,2,1,96.6865,100,99.9748,1024,2048,0,0,55
nbody_kernel,6914,8192,64,64,2,0,0,1,1,0,4,1,259458,0,1,1336730,32770,1,1062912,0,3,9.09091,8388608,262144,0,0,0.492679,99.859,3758456832,0,108339200,33554432,138559488,2580480,0,126313472,9,57.1249,0,0,3,1,1,1,90.0973,100,99.9866,1024,4096,0,0,64
nbody_kernel,38627,8192,64,64,2,0,1,0,0,0,1,1,519846,12368,5,206093540,100716546,8,268472320,98.6092,0,0,0,0,402694144,100683776,0.986933,99.9807,3758309376,0,1883799552,268460032,2550530048,673366016,0,289713152,3,10.2338,0,0,1,1,1,9,33.5887,100,98.5292,1024,0,80,0,25
nbody_kernel,37608,8192,64,64,2,0,1,0,1,0,1,1,747235,11787,5,203143708,100716546,6,202412032,99.6325,1,4.61538,16777216,262144,402694144,100683776,0.984456,99.8931,3758309376,0,1491632128,268460032,2963668992,945995776,0,298888192,3,10.5034,0,0,1,1,1,9,32.861,100,98.5743,1024,1024,80,0,25
nbody_kernel,43093,8192,64,64,2,0,1,1,0,0,1,1,648984,12470,4,218931358,100716546,7,268470272,94.7193,0,0,0,0,402694144,100683776,0.985566,99.9697,3758309376,0,2823487488,268460032,2953265152,673415168,0,331665408,3,9.16769,0,0,1,1,1,9,33.1503,100,98.7152,1024,0,80,0,26
nbody_kernel,37958,8192,64,64,2,0,1,1,0,0,2,1,521160,23141,4,160087524,100722690,7,218144768,96.752,0,0,0,0,302043136,100689920,0.996087,99.993,3758358528,0,1412104192,134242304,1476870144,336822272,0,224581120,3,10.413,0,0,1,1,1,8,26.635,100,99.051,1024,0,112,0,32
nbody_kernel,35122,8192,64,64,2,0,1,1,0,0,4,1,524340,14674,4,130744408,100735002,6,192991232,98.1563,0,0,0,0,251736064,100702208,0.501935,95.4965,3758456832,0,706420736,67133440,738672640,369827840,0,177332224,2,10.5912,0,0,1,1,1,8,22.1958,100,99.3987,1024,0,160,0,56
nbody_kernel,37640,8192,64,64,2,0,1,1,1,0,1,1,603080,12212,5,202943460,100716546,6,202409984,99.6338,1,4.61538,16777216,262144,402694144,100683776,0.984805,99.9217,3758309376,0,1506476032,268460032,2970042368,948142080,0,299618304,3,10.4981,0,0,1,1,1,9,32.9091,100,98.5778,1024,1024,80,0,29
nbody_kernel,35103,8192,64,64,2,0,1,1,1,0,2,1,521350,23403,4,152618460,100722690,5,152084480,99.5609,1,9.09091,8388608,262144,302043136,100689920,0.998878,99.9593,3758358528,0,753598464,134242304,1485258752,205733888,0,200168448,3,11.2581,0,0,1,1,1,8,24.5245,100,98.9353,1024,2048,112,0,32
nbody_kernel,33671,8192,64,64,2,0,1,1,1,0,4,1,519524,12798,4,127594140,100734978,4,126930944,99.5125,1,9.09091,8388608,262144,251736064,100702208,0.499657,99.9776,3758456832,0,377167872,67133440,742866944,237182976,0,163028992,2,11.7354,0,0,1,1,1,8,21.2601,100,99.346,1024,4096,160,0,56
nbody_kernel,7079,8192,64,64,2,0,2,0,0,0,1,1,2,8,1,4334536,32770,10,67125248,0,0,0,0,0,0,0,0.509327,94.2498,3758309376,0,79896576,16777216,134283264,119701504,0,128471296,9,52.8399,0,0,3,1,1,3,87.9962,100,99.9486,1024,0,0,0,50
nbody_kernel,6690,8192,64,64,2,0,2,0,1,0,1,1,0,24,1,1195256,32770,1,1064960,0,3,9.09091,8388608,262144,0,0,0.495401,94.0789,3758309376,0,14884864,2097152,144769024,4366336,0,122638848,10,59.4444,0,0,3,1,1,1,94.184,100,99.9996,1024,1024,0,0,56
nbody_kernel,8762,8192,64,64,2,0,2,1,0,0,1,1,129844,96,2,17065610,32770,9,67123200,0,0,0,0,0,0,0,0.525277,99.9317,3758309376,0,816095232,67108864,537018368,203603968,0,168257792,9,47.5537,0,0,3,1,1,9,88.8601,100,99.9607,1024,0,0,0,47
nbody_kernel,8942,8192,64,64,2,0,2,1,0,0,2,1,259458,0,1,8676762,32770,8,67123200,0,0,0,0,0,0,0,0.529386,95.5296,3758358528,0,774184960,16785408,268582912,135454720,0,154825984,9,44.2878,0,0,3,1,1,5,88.9458,100,99.9785,1024,0,0,0,48
nbody_kernel,7660,8192,64,64,2,0,2,1,0,0,4,1,129729,16,1,4352816,32770,10,67123200,0,0,0,0,0,0,0,0.495849,99.9192,3758456832,0,437592064,33562624,134365184,67928064,0,138513920,9,51.6655,0,0,3,1,1,3,89.8269,100,99.9878,1024,0,0,0,64
nbody_kernel,6274,8192,64,64,2,0,2,1,1,0,1,1,259458,0,1,1336730,32770,1,1062912,0,3,9.09091,8388608,262144,0,0,0.49769,93.9821,3758309376,0,29663232,2097152,151142400,6463488,0,123365376,10,59.3519,0,0,3,1,1,1,95.0138,100,99.9996,1024,1024,0,0,56
nbody_kernel,6362,8192,64,64,2,0,2,1,1,0,2,1,259460,16,1,1336730,32770,1,1062912,0,3,9.09091,8388608,262144,0,0,0.491079,95.564,3758358528,0,165978112,16777216,276971520,4472832,0,131988224,10,58.5483,0,0,3,1,2,1,95.1037,100,99.9748,1024,2048,0,0,55
nbody_kernel,6919,8192,64,64,2,0,2,1,1,0,4,0,0,0,1,1077272,32770,1,1062912,0,3,9.09091,8388608,262144,0,0,0.49185,99.6779,3758456832,0,108339200,33554432,138559488,2580480,0,126313472,9,57.0569,0,0,3,1,1,1,90.1535,100,99.9866,1024,4096,0,0,64
nbody_kernel,11870,8192,64,64,2,1,0,0,0,0,1,1,129828,56,1,4486642,32770,6,67125248,0,0,0,0,0,0,0,0.559268,99.8451,3758309376,0,549658624,134217728,134283264,2260992,0,143151360,6,33.4691,0,0,2,1,1,2,59.8297,100,99.9539,1024,0,0,0,39
nbody_kernel,8178,8192,64,64,2,1,0,0,1,0,1,1,259458,0,1,1340874,32770,1,1064960,0,5,4.61538,16777216,262144,0,0,0.530695,99.9563,3758309376,0,820191232,134217728,547422208,14852096,0,164909568,9,48.382,0,0,3,1,3,1,89.5849,100,99.9599,1024,1024,0,0,44
nbody_kernel,11832,8192,64,64,2,1,0,1,0,0,1,1,199089,25,1,17005014,32770,6,67123200,0,0,0,0,0,0,0,0.520507,99.9082,3758309376,0,1369743360,134217728,537018368,270712832,0,189753600,7,33.433,0,0,2,1,1,6,82.2397,100,99.9652,1024,0,0,0,43
nbody_kernel,9319,8192,64,64,2,1,0,1,0,0,2,0,0,0,1,8417400,32770,8,67123200,0,0,0,0,0,0,0,0.527348,99.9252,3758358528,0,874848256,67117056,268582912,135471104,0,159545088,9,44.5374,0,0,2,1,1,4,86.7503,100,99.9791,1024,0,0,0,48
nbody_kernel,7648,8192,64,64,2,1,0,1,0,0,4,1,0,16,1,4223000,32770,10,67123200,0,0,0,0,0,0,0,0.495679,99.9336,3758456832,0,437592064,33562624,134365184,67928064,0,138513920,9,51.6652,0,0,3,1,1,3,89.8133,100,99.9878,1024,0,0,0,64
nbody_kernel,9942,8192,64,64,2,1,0,1,1,0,1,1,259458,0,1,1336730,32770,1,1062912,0,4,4.61538,16777216,262144,0,0,0.617911,99.8043,3758309376,0,834969600,134217728,553795584,16957440,0,165636352,8,39.935,0,0,2,1,2,1,76.5594,100,99.9601,1024,1024,0,0,40
nbody_kernel,7662,8192,64,64,2,1,0,1,1,0,2,1,0,16,1,1077272,32770,1,1062912,0,3,9.09091,8388608,262144,0,0,0.532298,99.9263,3758358528,0,216309760,67108864,276971520,4481024,0,135134208,8,51.6845,0,0,3,1,2,1,82.4447,100,99.9754,1024,2048,0,0,47
nbody_kernel,6940,8192,64,64,2,1,0,1,1,0,4,1,110791,0,1,1207160,32770,1,1062912,0,3,9.09091,8388608,262144,0,0,0.491789,99.9083,3758456832,0,108339200,33554432,138559488,2580480,0,126313472,9,57.0447,0,0,3,1,1,1,89.9262,100,99.9866,1024,4096,0,0,64
nbody_kernel,38638,8192,64,64,2,1,1,0,0,0,1,1,519650,12019,5,206093204,100716546,8,268472320,98.6092,0,0,0,0,402694144,100683776,0.986674,99.9918,3758309376,0,1883799552,268460032,2550530048,673366016,0,289713152,3,10.2299,0,0,1,1,1,9,33.5722,100,98.5292,1024,0,80,0,25
nbody_kernel,37611,8192,64,64,2,1,1,0,1,0,1,1,519408,12275,5,202947404,100716546,6,202412032,99.6325,1,4.61538,16777216,262144,402694144,100683776,0.984953,99.9339,3758309376,0,1491632128,268460032,2963668992,1080213504,0,303082496,3,10.5123,0,0,1,1,1,9,33.4598,100,98.5941,1024,1024,80,0,25
nbody_kernel,43097,8192,64,64,2,1,1,1,0,0,1,1,778772,12519,4,218931622,100716546,7,268470272,94.7193,0,0,0,0,402694144,100683776,0.985886,99.9835,3758309376,0,2823487488,268460032,2953265152,673415168,0,331665408,3,9.16604,0,0,1,1,1,9,33.1398,100,98.7152,1024,0,80,0,26
nbody_kernel,37951,8192,64,64,2,1,1,1,0,0,2,1,570838,23289,4,160137202,100722690,7,218144768,96.752,0,0,0,0,302043136,100689920,0.995891,99.9847,3758358528,0,1412104192,134242304,1476870144,336822272,0,224581120,3,10.4114,0,0,1,1,1,8,26.6331,100,99.051,1024,0,112,0,32
nbody_kernel,37300,8192,64,64,2,1,1,1,0,0,4,1,519674,14685,4,130609948,100734978,6,192991232,98.1563,0,0,0,0,251736064,100702208,0.511269,99.9876,3758456832,0,706420736,67133440,738672640,369827840,0,177332224,3,11.2489,0,0,1,1,1,8,22.5153,100,99.3987,1024,0,160,0,56
nbody_kernel,37654,8192,64,64,2,1,1,1,1,0,1,1,648960,12097,5,202943388,100716546,6,202409984,99.6338,1,4.61538,16777216,262144,402694144,100683776,0.985382,99.8953,3758309376,0,1506476032,268460032,2970042368,1082359808,0,303812608,3,10.498,0,0,1,1,1,9,33.501,100,98.5975,1024,1024,80,0,29
nbody_kernel,35099,8192,64,64,2,1,1,1,1,0,2,1,595666,22460,4,152617876,100722690,5,152084480,99.5609,1,9.09091,8388608,262144,302043136,100689920,0.998743,99.9422,3758358528,0,753598464,134242304,1485258752,272842752,0,202265600,3,11.2549,0,0,1,1,1,8,24.8347,100,98.9463,1024,2048,112,0,32
nbody_kernel,33661,8192,64,64,2,1,1,1,1,0,4,1,519884,13101,4,127464588,100734978,4,126930944,99.5125,1,9.09091,8388608,262144,251736064,100702208,0.499688,99.9681,3758456832,0,377167872,67133440,742866944,270737408,0,164077568,2,11.7344,0,0,1,1,1,8,21.4233,100,99.3502,1024,4096,160,0,56
nbody_kernel,11852,8192,64,64,2,1,2,0,0,0,1,1,129780,40,1,4486762,32770,6,67125248,0,0,0,0,0,0,0,0.559931,99.82,3758309376,0,549658624,134217728,134283264,2260992,0,143151360,6,33.486,0,0,2,1,1,2,59.875,100,99.9539,1024,0,0,0,39
nbody_kernel,8177,8192,64,64,2,1,2,0,1,0,1,1,129730,0,1,1340826,32770,1,1064960,0,5,4.61538,16777216,262144,0,0,0.531262,99.9506,3758309376,0,820191232,134217728,547422208,14852096,0,164909568,9,48.4274,0,0,3,1,3,1,89.6741,100,99.9599,1024,1024,0,0,44
nbody_kernel,11764,8192,64,64,2,1,2,1,0,0,1,1,129850,104,1,16843468,32770,6,67123200,0,0,0,0,0,0,0,0.523256,99.5473,3758309376,0,1369743360,134217728,537018368,270712832,0,189753600,7,33.4671,0,0,2,1,1,6,82.6221,100,99.9652,1024,0,0,0,43
nbody_kernel,9345,8192,64,64,2,1,2,1,0,0,2,1,8396,0,1,8547040,32770,8,67123200,0,0,0,0,0,0,0,0.524122,96.3936,3758358528,0,874848256,67117056,268582912,135471104,0,159545088,8,42.4849,0,0,2,1,1,4,85.7842,100,99.9791,1024,0,0,0,48
nbody_kernel,7665,8192,64,64,2,1,2,1,0,0,4,1,259458,16,1,4482770,32770,10,67123200,0,0,0,0,0,0,0,0.496224,99.9592,3758456832,0,437592064,33562624,134365184,67928064,0,138513920,9,51.7415,0,0,3,1,1,3,89.9229,100,99.9878,1024,0,0,0,64
nbody_kernel,9948,8192,64,64,2,1,2,1,1,0,1,1,259458,0,1,1336842,32770,1,1062912,0,4,4.61538,16777216,262144,0,0,0.614847,99.9763,3758309376,0,834969600,134217728,553795584,16957440,0,165636352,8,39.8037,0,0,2,1,2,1,76.1764,100,99.9601,1024,1024,0,0,40
nbody_kernel,7670,8192,64,64,2,1,2,1,1,0,2,1,129730,16,1,1336730,32770,1,1062912,0,3,9.09091,8388608,262144,0,0,0.524016,96.0678,3758358528,0,216309760,67108864,276971520,4481024,0,135134208,8,48.9277,0,0,3,1,2,1,81.1817,100,99.9754,1024,2048,0,0,47
nbody_kernel,6919,8192,64,64,2,1,2,1,1,0,4,0,0,0,1,1207024,32770,1,1062912,0,3,9.09091,8388608,262144,0,0,0.492524,99.7803,3758456832,0,108339200,33554432,138559488,2580480,0,126313472,9,57.0561,0,0,3,1,1,1,90.0597,100,99.9866,1024,4096,0,0,64
nbody_kernel,7830,8192,64,64,2,2,0,0,0,0,1,1,259460,8,1,4486554,32770,9,67125248,0,0,0,0,0,0,0,0.524232,99.8467,3758309376,0,281223168,67108864,134283264,69369856,0,134762752,8,50.5136,0,0,3,1,1,3,83.271,100,99.951,1024,0,0,0,46
nbody_kernel,7721,8192,64,64,2,2,0,0,1,0,1,0,0,0,1,1081368,32770,1,1064960,0,3,9.09091,8388608,262144,0,0,0.531048,99.9413,3758309376,0,417538048,67108864,278986752,14860288,0,141841152,9,51.3193,0,0,3,1,2,1,86.4803,100,99.9534,1024,1024,0,0,47
nbody_kernel,8743,8192,64,64,2,2,0,1,0,0,1,1,17061,30,2,16935648,32770,9,67123200,0,0,0,0,0,0,0,0.527439,99.8894,3758309376,0,816095232,67108864,537018368,203603968,0,168257792,9,47.6056,0,0,3,1,1,9,88.9948,100,99.9607,1024,0,0,0,47
nbody_kernel,7509,8192,64,64,2,2,0,1,0,0,2,1,259458,0,1,8677306,32770,10,67123200,0,0,0,0,0,0,0,0.502537,99.9354,3758358528,0,438640640,33562624,268582912,101900288,0,143815936,10,55.9874,0,0,3,1,1,5,94.2589,100,99.9769,1024,0,0,0,56
nbody_kernel,7156,8192,64,64,2,2,0,1,0,0,4,1,0,16,1,4223000,32770,10,67123200,0,0,0,0,0,0,0,0.342961,99.9353,3758456832,0,219488256,16785408,134365184,51159040,0,130649856,9,55.361,0,0,3,1,1,3,88.9274,100,99.9871,768,0,0,0,79
nbody_kernel,7362,8192,64,64,2,2,0,1,1,0,1,0,0,0,1,1077272,32770,1,1062912,0,3,9.09091,8388608,262144,0,0,0.529384,99.7285,3758309376,0,432316416,67108864,285360128,16965632,0,142567936,9,53.7976,0,0,3,1,2,1,92.7256,100,99.9537,1024,1024,0,0,48
nbody_kernel,6517,8192,64,64,2,2,0,1,1,0,2,1,0,16,1,1207008,32770,1,1062912,0,3,9.09091,8388608,262144,0,0,0.49283,95.236,3758358528,0,115646464,33554432,142753792,4481024,0,126745600,9,57.102,0,0,3,1,1,1,92.2413,100,99.9737,1024,2048,0,0,55
nbody_kernel,6706,8192,64,64,2,2,0,1,1,0,4,0,0,0,1,1077272,32770,1,1062912,0,3,9.09091,8388608,262144,0,0,0.383828,97.4769,3758456832,0,58007552,16777216,138559488,2588672,0,124216576,9,59.0266,0,0,3,1,1,1,91.5877,100,99.9864,896,4096,0,0,72
nbody_kernel,38659,8192,64,64,2,2,1,0,0,0,1,1,519466,12441,5,206093132,100716546,8,268472320,98.6092,0,0,0,0,402694144,100683776,0.985829,99.9503,3758309376,0,1749581824,201351168,2550530048,740474880,0,285518848,3,10.2193,0,0,1,1,1,9,33.8353,100,98.5076,1024,0,80,0,27
nbody_kernel,37555,8192,64,64,2,2,1,0,1,0,1,1,519480,12121,5,202947356,100716546,6,202412032,99.6325,1,4.61538,16777216,262144,402694144,100683776,0.986681,99.9054,3758309376,0,1558740992,201351168,2963668992,811778048,0,294693888,3,10.5254,0,0,1,1,1,9,35.267,100,98.5541,1024,1024,80,0,27
nbody_kernel,43075,8192,64,64,2,2,1,1,0,0,1,1,519354,12628,4,218744548,100716546,7,268470272,94.7193,0,0,0,0,402694144,100683776,0.986231,99.9737,3758309376,0,2219507712,201351168,2953265152,740524032,0,312791040,3,9.17128,0,0,1,1,1,9,32.6523,100,98.6377,1024,0,80,0,32
nbody_kernel,40188,8192,64,64,2,2,1,1,0,0,2,1,778810,9483,4,160217470,100722690,6,218144768,96.752,0,0,0,0,302043136,100689920,0.617433,95.7868,3758358528,0,1110114304,100687872,1476870144,370360320,0,215143424,3,9.83055,0,0,1,1,1,8,25.6791,100,99.0094,1024,0,112,0,40
nbody_kernel,35159,8192,64,64,2,2,1,1,0,0,4,1,519282,10184,4,130739828,100734978,6,192991232,98.1563,0,0,0,0,251736064,100702208,0.499519,99.9882,3758456832,0,555425792,50356224,738672640,151724032,0,165273600,2,11.2367,0,0,1,1,1,8,22.2566,100,99.3549,1024,0,160,0,64
nbody_kernel,37602,8192,64,64,2,2,1,1,1,0,1,1,649404,12303,5,202943708,100716546,6,202409984,99.6338,1,4.61538,16777216,262144,402694144,100683776,0.986487,99.8888,3758309376,0,1573584896,201351168,2970042368,813924352,0,295424000,3,10.5104,0,0,1,1,1,9,35.2963,100,98.5576,1024,1024,80,0,27
nbody_kernel,35148,8192,64,64,2,2,1,1,1,0,2,1,519210,9595,4,152617812,100722690,5,152084480,99.5609,1,9.09091,8388608,262144,302043136,100689920,0.626485,99.9406,3758358528,0,787152896,100687872,1485258752,407060480,0,206459904,3,11.2391,0,0,1,1,1,8,26.9865,100,98.9677,1024,2048,112,0,39
nbody_kernel,33686,8192,64,64,2,2,1,1,1,0,4,1,519536,12329,4,127593956,100734978,4,126930944,99.5125,1,9.09091,8388608,262144,251736064,100702208,0.49967,99.9838,3758456832,0,393945088,50356224,742866944,270737408,0,164077568,2,11.7301,0,0,1,1,1,8,21.9009,100,99.3502,1024,4096,160,0,56
nbody_kernel,7846,8192,64,64,2,2,2,0,0,0,1,1,259572,40,1,4486770,32770,9,67125248,0,0,0,0,0,0,0,0.522307,99.9453,3758309376,0,281223168,67108864,134283264,69369856,0,134762752,8,50.5421,0,0,3,1,1,3,83.2357,100,99.951,1024,0,0,0,46
nbody_kernel,7716,8192,64,64,2,2,2,0,1,0,1,0,0,0,1,1117876,32770,1,1064960,0,3,9.09091,8388608,262144,0,0,0.530952,99.9756,3758309376,0,417538048,67108864,278986752,14860288,0,141841152,9,51.3025,0,0,3,1,2,1,86.4222,100,99.9534,1024,1024,0,0,47
nbody_kernel,8770,8192,64,64,2,2,2,1,0,0,1,1,217808,16,2,17023730,32770,9,67123200,0,0,0,0,0,0,0,0.525066,95.5121,3758309376,0,816095232,67108864,537018368,203603968,0,168257792,9,45.2327,0,0,3,1,1,9,88.4341,100,99.9607,1024,0,0,0,47
nbody_kernel,7075,8192,64,64,2,2,2,1,0,0,2,1,259506,8,1,8676762,32770,10,67123200,0,0,0,0,0,0,0,0.495161,95.6124,3758358528,0,438640640,33562624,268582912,101900288,0,143815936,9,52.7642,0,0,3,1,1,5,92.8489,100,99.9769,1024,0,0,0,56
nbody_kernel,7501,8192,64,64,2,2,2,1,0,0,4,1,0,16,1,4248316,32770,10,67123200,0,0,0,0,0,0,0,0.333855,97.6234,3758456832,0,219488256,16785408,134365184,51159040,0,130649856,9,52.8184,0,0,3,1,1,3,86.8525,100,99.9871,768,0,0,0,79
nbody_kernel,7354,8192,64,64,2,2,2,1,1,0,1,1,259458,0,1,1336730,32770,1,1062912,0,3,9.09091,8388608,262144,0,0,0.528362,99.8863,3758309376,0,432316416,67108864,285360128,16965632,0,142567936,9,53.8058,0,0,3,1,2,1,92.5932,100,99.9537,1024,1024,0,0,48
nbody_kernel,6921,8192,64,64,2,2,2,1,1,0,2,1,0,16,1,1077272,32770,1,1062912,0,3,9.09091,8388608,262144,0,0,0.50053,99.9542,3758358528,0,115646464,33554432,142753792,4481024,0,126745600,10,60.9126,0,0,3,1,1,1,93.7521,100,99.9737,1024,2048,0,0,55
nbody_kernel,6713,8192,64,64,2,2,2,1,1,0,4,0,0,0,1,1077272,32770,1,1062912,0,3,9.09091,8388608,262144,0,0,0.387356,99.9689,3758456832,0,58007552,16777216,138559488,2588672,0,124216576,9,61.0921,0,0,3,1,1,1,92.4297,100,99.9864,896,4096,0,0,72
nbody_kernel,7374,8192,64,64,2,4,0,0,0,0,1,1,2,8,1,4227096,32770,10,67125248,0,0,0,0,0,0,0,0.521737,99.8984,3758309376,0,147005440,33554432,134283264,69369856,0,129519872,9,53.7177,0,0,3,1,1,3,85.52,100,99.949,1024,0,0,0,48
nbody_kernel,6695,8192,64,64,2,4,0,0,1,0,1,1,259458,0,1,1340826,32770,1,1064960,0,3,9.09091,8388608,262144,0,0,0.491607,95.4368,3758309376,0,216211456,33554432,144769024,14852096,0,130306560,9,55.7857,0,0,3,1,1,1,91.9493,100,99.9493,1024,1024,0,0,55
nbody_kernel,8422,8192,64,64,2,4,0,1,0,0,1,1,2,16,2,16805912,32770,9,67123200,0,0,0,0,0,0,0,0.515939,97.5055,3758309376,0,413442048,33554432,537018368,203612160,0,154626560,8,47.0634,0,0,3,1,1,9,82.088,100,99.9573,1024,0,0,0,48
nbody_kernel,7133,8192,64,64,2,4,0,1,0,0,2,0,0,0,1,8417312,32770,10,67123200,0,0,0,0,0,0,0,0.497364,99.8278,3758358528,0,220536832,16785408,268582912,135462912,0,137524736,9,55.4371,0,0,3,1,1,5,90.3485,100,99.9758,1024,0,0,0,62
nbody_kernel,7963,8192,64,64,2,4,0,1,0,0,4,1,0,16,1,4223000,32770,9,67123200,0,0,0,0,0,0,0,0.27302,98.6851,3758456832,0,110436352,8396800,134365184,84705280,0,128028160,8,49.7675,0,0,3,1,1,3,78.8546,100,99.9868,640,0,0,0,87
nbody_kernel,6532,8192,64,64,2,4,0,1,1,0,1,0,0,0,1,1207008,32770,1,1062912,0,3,9.09091,8388608,262144,0,0,0.499084,99.9659,3758309376,0,230989824,33554432,151142400,16957440,0,131033344,10,60.7273,0,0,3,1,1,1,95.9844,100,99.9496,1024,1024,0,0,55
nbody_kernel,6087,8192,64,64,2,4,0,1,1,0,2,1,259522,28,1,1336730,32770,1,1062912,0,3,9.09091,8388608,262144,0,0,0.494609,99.9547,3758358528,0,65314816,16777216,142753792,4472832,0,124648192,10,65.1289,0,0,3,1,1,1,97.5264,100,99.9733,1024,2048,0,0,64
nbody_kernel,6626,8192,64,64,2,4,0,1,1,0,4,1,259458,0,1,1336730,32770,1,1062912,0,3,9.09091,8388608,262144,0,0,0.384333,97.5049,3758456832,0,32841728,8388608,138559488,3104768,0,123184128,9,59.7987,0,0,3,1,1,1,91.6941,100,99.9863,896,4096,0,0,72
nbody_kernel,38630,8192,64,64,2,4,1,0,0,0,1,1,519486,12228,5,206093284,100716546,8,268472320,98.6092,0,0,0,0,402694144,100683776,0.987253,99.9826,3758309376,0,1548255232,167796736,2550530048,673366016,0,276081664,3,10.2301,0,0,1,1,1,9,32.7234,100,98.4566,1024,0,80,0,27
nbody_kernel,37571,8192,64,64,2,4,1,0,1,0,1,1,519552,12245,5,203077292,100716546,6,202412032,99.6325,1,4.61538,16777216,262144,402694144,100683776,0.985988,99.8831,3758309376,0,1458077696,167796736,2963668992,811778048,0,290499584,3,10.5205,0,0,1,1,1,9,34.6731,100,98.5332,1024,1024,80,0,27
nbody_kernel,43080,8192,64,64,2,4,1,1,0,0,1,1,649246,12314,4,218802340,100716546,7,268470272,94.7193,0,0,0,0,402694144,100683776,0.985907,99.9919,3758309376,0,1783300096,167796736,2953265152,706969600,0,297062400,3,9.17396,0,0,1,1,1,9,31.1269,100,98.5656,1024,0,80,0,32
nbody_kernel,38091,8192,64,64,2,4,1,1,0,0,2,1,519340,9176,4,159957820,100722690,6,218144768,96.752,0,0,0,0,302043136,100689920,0.623371,99.916,3758358528,0,892010496,83910656,1476870144,303251456,0,205706240,2,10.364,0,0,1,1,1,8,24.9454,100,98.964,1024,0,112,0,40
nbody_kernel,35217,8192,64,64,2,4,1,1,0,0,4,1,519342,10166,4,130610188,100734978,6,192991232,98.1563,0,0,0,0,251736064,100702208,0.499432,99.9765,3758456832,0,446414848,41967616,738672640,210452480,0,163440128,2,11.2175,0,0,1,1,1,8,22.1044,100,99.3476,1024,0,160,0,64
nbody_kernel,37594,8192,64,64,2,4,1,1,1,0,1,1,519304,12229,5,202943260,100716546,6,202409984,99.6338,1,4.61538,16777216,262144,402694144,100683776,0.986076,99.8872,3758309376,0,1472921600,167796736,2970042368,813924352,0,291229696,3,10.5077,0,0,1,1,1,9,34.7036,100,98.5369,1024,1024,80,0,27
nbody_kernel,35145,8192,64,64,2,4,1,1,1,0,2,1,519362,9576,4,152617756,100722690,5,152084480,99.5609,1,9.09091,8388608,262144,302043136,100689920,0.626456,99.9608,3758358528,0,736821248,83910656,1485258752,407060480,0,204362752,3,11.241,0,0,1,1,1,8,26.517,100,98.9571,1024,2048,112,0,39
nbody_kernel,33765,8192,64,64,2,4,1,1,1,0,4,1,519616,11866,4,127464564,100734978,4,126930944,99.5125,1,9.09091,8388608,262144,251736064,100702208,0.499504,99.9382,3758456832,0,368820224,41967616,742866944,204177408,0,160950272,2,11.6966,0,0,1,1,1,8,22.745,100,99.3375,1024,4096,160,0,56
nbody_kernel,7371,8192,64,64,2,4,2,0,0,0,1,1,2,16,1,4227096,32770,10,67125248,0,0,0,0,0,0,0,0.521922,99.9048,3758309376,0,147005440,33554432,134283264,69369856,0,129519872,9,53.7111,0,0,3,1,1,3,85.5039,100,99.949,1024,0,0,0,48
nbody_kernel,6699,8192,64,64,2,4,2,0,1,0,1,0,0,0,1,1136492,32770,1,1064960,0,3,9.09091,8388608,262144,0,0,0.500564,99.9583,3758309376,0,216211456,33554432,144769024,14852096,0,130306560,10,59.4841,0,0,3,1,1,1,93.6104,100,99.9493,1024,1024,0,0,55
nbody_kernel,8466,8192,64,64,2,4,2,1,0,0,1,1,50,64,2,16805912,32770,9,67123200,0,0,0,0,0,0,0,0.515675,97.5857,3758309376,0,413442048,33554432,537018368,203612160,0,154626560,8,46.9944,0,0,3,1,1,9,81.9002,100,99.9573,1024,0,0,0,48
nbody_kernel,7137,8192,64,64,2,4,2,1,0,0,2,0,0,0,1,8517966,32770,10,67123200,0,0,0,0,0,0,0,0.497609,99.9414,3758358528,0,220536832,16785408,268582912,135462912,0,137524736,9,55.5265,0,0,3,1,1,5,90.3914,100,99.9758,1024,0,0,0,62
nbody_kernel,7958,8192,64,64,2,4,2,1,0,0,4,1,259458,16,1,4482458,32770,9,67123200,0,0,0,0,0,0,0,0.271328,99.1198,3758456832,0,110436352,8396800,134365184,84705280,0,128028160,8,49.7242,0,0,3,1,1,3,78.4404,100,99.9868,640,0,0,0,87
nbody_kernel,6531,8192,64,64,2,4,2,1,1,0,1,0,0,0,1,1077272,32770,1,1062912,0,3,9.09091,8388608,262144,0,0,0.504394,99.9675,3758309376,0,230989824,33554432,151142400,16957440,0,131033344,10,60.7419,0,0,3,1,1,1,96.006,100,99.9496,1024,1024,0,0,55
nbody_kernel,6085,8192,64,64,2,4,2,1,1,0,2,1,259467,16,1,1336730,32770,1,1062912,0,3,9.09091,8388608,262144,0,0,0.494916,99.9148,3758358528,0,65314816,16777216,142753792,4472832,0,124648192,10,65.1249,0,0,3,1,1,1,97.5593,100,99.9733,1024,2048,0,0,64
nbody_kernel,6627,8192,64,64,2,4,2,1,1,0,4,0,0,0,1,1077272,32770,1,1062912,0,3,9.09091,8388608,262144,0,0,0.383257,97.7061,3758456832,0,32841728,8388608,138559488,3104768,0,123184128,9,59.7325,0,0,3,1,1,1,91.404,100,99.9863,896,4096,0,0,72
nbody_kernel,7501,8192,64,64,2,8,0,0,0,0,1,1,2,8,1,4227096,32770,10,67125248,0,0,0,0,0,0,0,0.506074,99.9628,3758309376,0,79896576,16785408,134283264,119652352,0,128470016,9,55.9042,0,0,3,1,1,3,88.1657,100,99.9486,1024,0,0,0,51
nbody_kernel,6331,8192,64,64,2,8,0,0,1,0,1,0,0,0,1,1211104,32770,1,1064960,0,3,9.09091,8388608,262144,0,0,0.493551,99.9737,3758309376,0,115548160,16777216,144769024,14852096,0,126636544,10,62.5863,0,0,3,1,1,1,97.173,100,99.9478,1024,1024,0,0,61
nbody_kernel,8316,8192,64,64,2,8,0,1,0,0,1,1,259508,48,2,17065370,32770,9,67123200,0,0,0,0,0,0,0,0.522628,99.7073,3758309376,0,212148224,16777216,537018368,371400704,0,153055232,8,47.5471,0,0,3,1,1,9,82.4253,100,99.9568,1024,0,0,0,48
nbody_kernel,7159,8192,64,64,2,8,0,1,0,0,2,1,259458,0,1,8676762,32770,10,67123200,0,0,0,0,0,0,0,0.497509,99.9249,3758358528,0,111484928,8396800,268582912,135462912,0,133854720,9,55.3858,0,0,3,1,1,5,88.6378,100,99.9751,1024,0,0,0,63
nbody_kernel,8304,8192,64,64,2,8,0,1,0,0,4,1,129730,16,1,4352736,32770,9,67123200,0,0,0,0,0,0,0,0.264523,98.6568,3758456832,0,55910400,4202496,134365184,63733760,0,125537792,8,47.6534,0,0,3,1,1,3,74.2681,100,99.9865,640,0,0,0,84
nbody_kernel,6256,8192,64,64,2,8,0,1,1,0,1,0,0,0,1,1077272,32770,1,1062912,0,3,9.09091,8388608,262144,0,0,0.496759,99.8747,3758309376,0,130326528,16777216,151142400,16949248,0,127363072,10,63.3935,0,0,3,1,1,1,97.2039,100,99.9481,1024,1024,0,0,62
nbody_kernel,6053,8192,64,64,2,8,0,1,1,0,2,1,8,16,1,1207008,32770,1,1062912,0,4,9.09091,8388608,262144,0,0,0.495587,99.9689,3758358528,0,40181760,8388608,142753792,4489216,0,123601152,10,65.7041,0,0,3,1,1,1,97.2334,100,99.9731,1024,2048,0,0,64
nbody_kernel,6690,8192,64,64,2,8,0,1,1,0,4,1,352,0,1,1077952,32770,1,1062912,0,3,9.09091,8388608,262144,0,0,0.380431,98.4596,3758456832,0,20258816,4194304,138559488,3104768,0,122659840,9,59.2218,0,0,3,1,1,1,89.3025,100,99.9862,896,4096,0,0,71
nbody_kernel,38633,8192,64,64,2,8,1,0,0,0,1,1,519570,12321,5,206093084,100716546,8,268472320,98.6092,0,0,0,0,402694144,100683776,0.986915,99.9864,3758309376,0,1447591936,151019520,2550530048,706920448,0,273460224,3,10.2308,0,0,1,1,1,9,32.156,100,98.4418,1024,0,80,0,27
nbody_kernel,37557,8192,64,64,2,8,1,0,1,0,1,1,519472,12031,5,203003392,100716546,6,202412032,99.6325,1,4.61538,16777216,262144,402694144,100683776,0.984426,99.8993,3758309376,0,1407746048,151019520,2963668992,912441344,0,291548160,3,10.5165,0,0,1,1,1,9,34.362,100,98.5385,1024,1024,80,0,27
nbody_kernel,43078,8192,64,64,2,8,1,1,0,0,1,1,778888,12348,4,218931806,100716546,7,268470272,94.7193,0,0,0,0,402694144,100683776,0.985617,99.9812,3758309376,0,1565196288,151019520,2953265152,656637952,0,288149504,3,9.17294,0,0,1,1,1,9,30.3623,100,98.5212,1024,0,80,0,32
nbody_kernel,40283,8192,64,64,2,8,1,1,0,0,2,1,519448,9295,4,159958252,100722690,6,218144768,96.752,0,0,0,0,302043136,100689920,0.61073,97.2433,3758358528,0,782958592,75522048,1476870144,320028672,0,202560512,2,9.83425,0,0,1,1,1,8,23.8293,100,98.9479,1024,0,112,0,40
nbody_kernel,35229,8192,64,64,2,8,1,1,0,0,4,1,519282,9888,4,130609948,100734978,6,192991232,98.1563,0,0,0,0,251736064,100702208,0.499413,99.9904,3758456832,0,391897088,37773312,738672640,172711936,0,160425984,2,11.2177,0,0,1,1,1,8,21.8877,100,99.3354,1024,0,160,0,63
nbody_kernel,37592,8192,64,64,2,8,1,1,1,0,1,1,519308,12257,5,202943668,100716546,6,202409984,99.6338,1,4.61538,16777216,262144,402694144,100683776,0.98565,99.8548,3758309376,0,1422589952,151019520,2970042368,813924352,0,289132544,3,10.5055,0,0,1,1,1,9,34.4155,100,98.5262,1024,1024,80,0,27
nbody_kernel,37333,8192,64,64,2,8,1,1,1,0,2,1,519406,9260,4,152624900,100722690,5,152084480,99.5609,1,9.09091,8388608,262144,302043136,100689920,0.617618,95.7259,3758358528,0,711655424,75522048,1485258752,407060480,0,203314176,2,10.6137,0,0,1,1,1,8,25.914,100,98.9518,1024,2048,112,0,39
nbody_kernel,33762,8192,64,64,2,8,1,1,1,0,4,1,621185,13723,4,127464324,100734978,4,126930944,99.5125,1,9.09091,8388608,262144,251736064,100702208,0.499599,99.9687,3758456832,0,356245504,37773312,742866944,204169216,0,160425984,2,11.7017,0,0,1,1,1,8,22.7048,100,99.3354,1024,4096,160,0,56
nbody_kernel,7503,8192,64,64,2,8,2,0,0,0,1,1,259660,64,1,4486554,32770,10,67125248,0,0,0,0,0,0,0,0.496571,95.8487,3758309376,0,79896576,16785408,134283264,119652352,0,128470016,9,52.8415,0,0,3,1,1,3,86.9125,100,99.9486,1024,0,0,0,51
nbody_kernel,6333,8192,64,64,2,8,2,0,1,0,1,1,259458,0,1,1340826,32770,1,1064960,0,3,9.09091,8388608,262144,0,0,0.493762,99.8888,3758309376,0,115548160,16777216,144769024,14852096,0,126636544,10,62.5826,0,0,3,1,1,1,97.2499,100,99.9478,1024,1024,0,0,61
nbody_kernel,8338,8192,64,64,2,8,2,1,0,0,1,1,259492,120,2,17065450,32770,9,67123200,0,0,0,0,0,0,0,0.522648,99.7704,3758309376,0,212148224,16777216,537018368,371400704,0,153055232,8,47.5545,0,0,3,1,1,9,82.386,100,99.9568,1024,0,0,0,48
nbody_kernel,7154,8192,64,64,2,8,2,1,0,0,2,1,259458,0,1,8676762,32770,10,67123200,0,0,0,0,0,0,0,0.497352,99.9323,3758358528,0,111484928,8396800,268582912,135462912,0,133854720,9,55.3667,0,0,3,1,1,5,88.6008,100,99.9751,1024,0,0,0,63
nbody_kernel,8314,8192,64,64,2,8,2,1,0,0,4,1,259520,16,1,4482458,32770,9,67123200,0,0,0,0,0,0,0,0.278342,95.0741,3758456832,0,55910400,4202496,134365184,63733760,0,125537792,8,48.3386,0,0,3,1,1,3,78.1751,100,99.9865,640,0,0,0,84
nbody_kernel,6246,8192,64,64,2,8,2,1,1,0,1,0,0,0,1,1077272,32770,1,1062912,0,3,9.09091,8388608,262144,0,0,0.495363,99.9095,3758309376,0,130326528,16777216,151142400,16949248,0,127363072,10,63.3619,0,0,3,1,1,1,97.1217,100,99.9481,1024,1024,0,0,62
nbody_kernel,6048,8192,64,64,2,8,2,1,1,0,2,1,259458,8,1,1336930,32770,1,1062912,0,4,9.09091,8388608,262144,0,0,0.495587,99.9686,3758358528,0,40181760,8388608,142753792,4489216,0,123601152,10,65.6977,0,0,3,1,1,1,97.2242,100,99.9731,1024,2048,0,0,64
nbody_kernel,6703,8192,64,64,2,8,2,1,1,0,4,1,259458,0,1,1336730,32770,1,1062912,0,3,9.09091,8388608,262144,0,0,0.371538,97.0743,3758456832,0,20258816,4194304,138559488,3104768,0,122659840,9,57.0374,0,0,3,1,1,1,87.236,100,99.9862,896,4096,0,0,71
nbody_kernel,7661,8192,64,64,2,16,0,0,0,0,1,1,259460,8,1,4486554,32770,10,67125248,0,0,0,0,0,0,0,0.514144,97.2771,3758309376,0,54779904,8396800,134283264,128057344,0,127685632,8,51.5232,0,0,3,1,1,3,84.237,100,99.9483,1024,0,0,0,48
nbody_kernel,6706,8192,64,64,2,16,0,0,1,0,1,1,259458,0,1,1340826,32770,1,1064960,0,3,9.09091,8388608,262144,0,0,0.497933,99.9609,3758309376,0,65265664,8388608,144769024,16949248,0,124868608,10,62.8364,0,0,3,1,1,1,96.7019,100,99.9471,1024,1024,0,0,55
nbody_kernel,8426,8192,64,64,2,16,0,1,0,0,1,1,259500,104,2,17065370,32770,9,67123200,0,0,0,0,0,0,0,0.527611,95.0164,3758309376,0,113582080,8396800,537018368,304242688,0,147614464,8,47.0194,0,0,3,1,1,9,83.3438,100,99.9553,1024,0,0,0,48
nbody_kernel,7497,8192,64,64,2,16,0,1,0,0,2,0,0,0,1,8417304,32770,10,67123200,0,0,0,0,0,0,0,0.493615,99.9268,3758358528,0,56958976,4202496,268582912,122880000,0,131626496,8,52.7693,0,0,3,1,1,5,83.6238,100,99.9747,1024,0,0,0,64
nbody_kernel,8257,8192,64,64,2,16,0,1,0,0,4,1,2,16,1,4223000,32770,9,67123200,0,0,0,0,0,0,0,0.280021,95.645,3758456832,0,28647424,2105344,134365184,70025216,0,124816896,8,48.0887,0,0,3,1,1,3,77.0885,100,99.9865,640,0,0,0,84
nbody_kernel,6345,8192,64,64,2,16,0,1,1,0,1,0,0,0,1,1207008,32770,1,1062912,0,3,9.09091,8388608,262144,0,0,0.498254,99.9601,3758309376,0,80027648,8388608,151142400,19062784,0,125595136,10,62.4396,0,0,3,1,1,1,96.5288,100,99.9474,1024,1024,0,0,55
nbody_kernel,6067,8192,64,64,2,16,0,1,1,0,2,1,2,16,1,1077272,32770,1,1062912,0,3,9.09091,8388608,262144,0,0,0.491863,99.8505,3758358528,0,27598848,4194304,142753792,5529600,0,123109376,10,65.2561,0,0,3,1,1,1,96.6852,100,99.973,1024,2048,0,0,64
nbody_kernel,6903,8192,64,64,2,16,0,1,1,0,4,0,0,0,1,1207008,32770,1,1062912,0,3,9.09091,8388608,262144,0,0,0.342667,95.2625,3758456832,0,13967360,2097152,138559488,3104768,0,122397696,9,57.3897,0,0,3,1,1,1,90.0722,100,99.9862,768,4096,0,0,74
nbody_kernel,38618,8192,64,64,2,16,1,0,0,0,1,1,519534,12332,5,206223036,100716546,8,268472320,98.6092,0,0,0,0,402694144,100683776,0.988487,99.9835,3758309376,0,1397260288,142630912,2550530048,740474880,0,272673792,3,10.2366,0,0,1,1,1,9,31.8908,100,98.4373,1024,0,80,0,27
nbody_kernel,37580,8192,64,64,2,16,1,0,1,0,1,1,519652,12106,5,203077132,100716546,6,202412032,99.6325,1,4.61538,16777216,262144,402694144,100683776,0.9842,99.8861,3758309376,0,1382580224,142630912,2963668992,929218560,0,291023872,3,10.5129,0,0,1,1,1,9,34.2086,100,98.5358,1024,1024,80,0,27
nbody_kernel,43076,8192,64,64,2,16,1,1,0,0,1,1,778664,12603,4,218931358,100716546,7,268470272,94.7193,0,0,0,0,402694144,100683776,0.985653,99.9789,3758309376,0,1456144384,142630912,2953265152,665026560,0,284741632,2,9.1738,0,0,1,1,1,9,29.9836,100,98.5035,1024,0,80,0,32
nbody_kernel,40181,8192,64,64,2,16,1,1,0,0,2,1,678350,9370,4,160116918,100722690,6,218144768,96.752,0,0,0,0,302043136,100689920,0.614118,96.4343,3758358528,0,728432640,71327744,1476870144,328417280,0,200987648,2,9.80981,0,0,1,1,1,8,23.7223,100,98.9396,1024,0,112,0,40
nbody_kernel,35239,8192,64,64,2,16,1,1,0,0,4,1,649142,9610,4,130609948,100734978,6,192991232,98.1563,0,0,0,0,251736064,100702208,0.499225,99.9685,3758456832,0,364634112,35676160,738672640,170614784,0,159442944,2,11.2121,0,0,1,1,1,8,21.7744,100,99.3313,1024,0,160,0,63
nbody_kernel,37604,8192,64,64,2,16,1,1,1,0,1,1,519180,12249,5,203073116,100716546,6,202409984,99.6338,1,4.61538,16777216,262144,402694144,100683776,0.986113,99.8885,3758309376,0,1397424128,142630912,2970042368,813924352,0,288083968,3,10.5104,0,0,1,1,1,9,34.2736,100,98.5209,1024,1024,80,0,27
nbody_kernel,35147,8192,64,64,2,16,1,1,1,0,2,1,519450,9295,4,152747932,100722690,5,152084480,99.5609,1,9.09091,8388608,262144,302043136,100689920,0.619626,95.6674,3758358528,0,699072512,71327744,1485258752,407060480,0,202789888,2,10.6094,0,0,1,1,1,8,25.8038,100,98.9491,1024,2048,112,0,39
nbody_kernel,33748,8192,64,64,2,16,1,1,1,0,4,1,519524,12489,4,127464220,100734978,4,126930944,99.5125,1,9.09091,8388608,262144,251736064,100702208,0.499653,99.984,3758456832,0,349954048,35676160,742866944,204169216,0,160163840,2,11.7079,0,0,1,1,1,8,22.693,100,99.3343,1024,4096,160,0,56
nbody_kernel,7299,8192,64,64,2,16,2,0,0,0,1,1,106483,16,1,4356832,32770,10,67125248,0,0,0,0,0,0,0,0.528866,99.9722,3758309376,0,54779904,8396800,134283264,128057344,0,127685632,8,54.4476,0,0,3,1,1,3,86.6184,100,99.9483,1024,0,0,0,48
nbody_kernel,6311,8192,64,64,2,16,2,0,1,0,1,1,64,0,1,1211216,32770,1,1064960,0,3,9.09091,8388608,262144,0,0,0.489098,95.6275,3758309376,0,65265664,8388608,144769024,16949248,0,124868608,10,59.1776,0,0,3,1,1,1,95.198,100,99.9471,1024,1024,0,0,55
nbody_kernel,8421,8192,64,64,2,16,2,1,0,0,1,1,129730,16,2,16935648,32770,9,67123200,0,0,0,0,0,0,0,0.520799,96.3126,3758309376,0,113582080,8396800,537018368,304242688,0,147614464,8,47.0215,0,0,3,1,1,9,82.2259,100,99.9553,1024,0,0,0,48
nbody_kernel,7499,8192,64,64,2,16,2,1,0,0,2,1,233216,0,1,8650534,32770,10,67123200,0,0,0,0,0,0,0,0.49405,99.8309,3758358528,0,56958976,4202496,268582912,122880000,0,131626496,8,52.764,0,0,3,1,1,5,83.6958,100,99.9747,1024,0,0,0,64
nbody_kernel,8253,8192,64,64,2,16,2,1,0,0,4,1,129732,16,1,4482458,32770,9,67123200,0,0,0,0,0,0,0,0.267187,99.1564,3758456832,0,28647424,2105344,134365184,70025216,0,124816896,7,47.5083,0,0,3,1,1,3,73.4611,100,99.9865,640,0,0,0,84
nbody_kernel,6346,8192,64,64,2,16,2,1,1,0,1,1,259458,0,1,1336730,32770,1,1062912,0,3,9.09091,8388608,262144,0,0,0.497789,99.9304,3758309376,0,80027648,8388608,151142400,19062784,0,125595136,10,62.3791,0,0,3,1,1,1,96.4638,100,99.9474,1024,1024,0,0,55
nbody_kernel,6078,8192,64,64,2,16,2,1,1,0,2,1,259524,16,1,1336906,32770,1,1062912,0,3,9.09091,8388608,262144,0,0,0.492242,99.7867,3758358528,0,27598848,4194304,142753792,5529600,0,123109376,10,65.3397,0,0,3,1,1,1,96.8709,100,99.973,1024,2048,0,0,64
nbody_kernel,6911,8192,64,64,2,16,2,1,1,0,4,0,0,0,1,1077272,32770,1,1062912,0,3,9.09091,8388608,262144,0,0,0.339951,96.3099,3758456832,0,13967360,2097152,138559488,3104768,0,122397696,9,57.2107,0,0,3,1,1,1,88.8149,100,99.9862,768,4096,0,0,74
nbody_kernel,7606,8192,64,64,2,32,0,0,0,0,1,1,259460,16,1,4486554,32770,10,67125248,0,0,0,0,0,0,0,0.530917,99.7769,3758309376,0,29614080,4202496,134283264,128057344,0,126768128,8,52.1794,0,0,3,1,1,3,82.9,100,99.9479,1024,0,0,0,48
nbody_kernel,6650,8192,64,64,2,32,0,0,1,0,1,1,220275,4,1,1302162,32770,1,1064960,0,3,9.09091,8388608,262144,0,0,0.496859,99.6909,3758309376,0,40099840,4194304,144769024,19046400,0,124016640,10,63.0499,0,0,3,1,1,1,96.1405,100,99.9467,1024,1024,0,0,56
nbody_kernel,8344,8192,64,64,2,32,0,1,0,0,1,1,129778,32,2,16935736,32770,9,67123200,0,0,0,0,0,0,0,0.525564,99.7445,3758309376,0,59056128,4202496,537018368,341991424,0,146959104,7,47.4442,0,0,3,1,1,9,79.9453,100,99.9551,1024,0,0,0,48
nbody_kernel,7976,8192,64,64,2,32,0,1,0,0,2,1,7876,0,1,8433032,32770,9,67123200,0,0,0,0,0,0,0,0.493461,99.6833,3758358528,0,29696000,2105344,268582912,148037632,0,131495168,8,49.6196,0,0,3,1,1,5,79.8608,100,99.9747,1024,0,0,0,64
nbody_kernel,9894,8192,64,64,2,32,0,1,0,0,4,1,259460,16,1,5141010,32770,8,67123200,0,0,0,0,0,0,0,0.249732,99.984,3758456832,0,15015936,1056768,134365184,68976640,0,124325376,6,39.945,0,0,2,1,1,2,61.2204,100,99.9864,640,0,0,0,85
nbody_kernel,6314,8192,64,64,2,32,0,1,1,0,1,0,0,0,1,1207056,32770,1,1062912,0,3,9.09091,8388608,262144,0,0,0.497758,99.9619,3758309376,0,54861824,4194304,151142400,19062784,0,124677632,10,62.7912,0,0,3,1,1,1,95.8706,100,99.947,1024,1024,0,0,56
nbody_kernel,6341,8192,64,64,2,32,0,1,1,0,2,1,2,16,1,1077272,32770,1,1062912,0,3,9.09091,8388608,262144,0,0,0.491714,99.5728,3758358528,0,21307392,2097152,142753792,5529600,0,122847232,10,62.5707,0,0,3,1,1,1,92.7468,100,99.9729,1024,2048,0,0,64
nbody_kernel,7684,8192,64,64,2,32,0,1,1,0,4,1,259458,0,1,2362930,32770,1,1062912,0,3,9.09091,8388608,262144,0,0,0.339228,97.2474,3758456832,0,10821632,1048576,138559488,3096576,0,122266368,8,53.6033,0,0,3,1,1,1,82.5075,100,99.9862,768,4096,0,0,76
nbody_kernel,38642,8192,64,64,2,32,1,0,0,0,1,1,779316,12196,5,206352598,100716546,8,268472320,98.6092,0,0,0,0,402694144,100683776,0.988991,99.9751,3758309376,0,1372094464,138436608,2550530048,740474880,0,271756288,3,10.2302,0,0,1,1,1,9,31.7316,100,98.432,1024,0,80,0,27
nbody_kernel,37607,8192,64,64,2,32,1,0,1,0,1,1,519502,12165,5,203077092,100716570,6,202412032,99.6325,1,4.61538,16777216,262144,402694144,100683776,0.983648,99.9262,3758309376,0,1369997312,138436608,2963668992,937607168,0,290761728,3,10.5079,0,0,1,1,1,9,34.1057,100,98.5345,1024,1024,80,0,27
nbody_kernel,43096,8192,64,64,2,32,1,1,0,0,1,1,778708,12207,4,218931470,100716546,7,268470272,94.7193,0,0,0,0,402694144,100683776,0.985274,99.9709,3758309376,0,1401618432,138436608,2953265152,669220864,0,283037696,2,9.16612,0,0,1,1,1,9,29.7699,100,98.4945,1024,0,80,0,32
nbody_kernel,40187,8192,64,64,2,32,1,1,0,0,2,1,778702,9428,4,160217342,100722690,6,218144768,96.752,0,0,0,0,302043136,100689920,0.621397,99.9225,3758358528,0,701169664,69230592,1476870144,332611584,0,200201216,2,10.2894,0,0,1,1,1,8,23.8882,100,98.9355,1024,0,112,0,40
nbody_kernel,35212,8192,64,64,2,32,1,1,0,0,4,1,519370,10061,4,130739708,100734978,6,192991232,98.1563,0,0,0,0,251736064,100702208,0.498918,99.9808,3758456832,0,351002624,34627584,738672640,169566208,0,158951424,2,11.2197,0,0,1,1,1,8,21.733,100,99.3292,1024,0,160,0,63
nbody_kernel,37612,8192,64,64,2,32,1,1,1,0,1,1,519156,12094,5,202943340,100716546,6,202409984,99.6338,1,4.61538,16777216,262144,402694144,100683776,0.986284,99.8841,3758309376,0,1384841216,138436608,2970042368,813924352,0,287559680,3,10.5051,0,0,1,1,1,9,34.1849,100,98.5182,1024,1024,80,0,27
nbody_kernel,37217,8192,64,64,2,32,1,1,1,0,2,1,519318,9272,4,152747700,100722690,5,152084480,99.5609,1,9.09091,8388608,262144,302043136,100689920,0.629942,99.9676,3758358528,0,692781056,69230592,1485258752,407060480,0,202527744,3,11.2474,0,0,1,1,1,8,26.1203,100,98.9477,1024,2048,112,0,39
nbody_kernel,33737,8192,64,64,2,32,1,1,1,0,4,1,519448,13717,4,127593956,100734978,4,126930944,99.5125,1,9.09091,8388608,262144,251736064,100702208,0.499453,99.9632,3758456832,0,346808320,34627584,742866944,204169216,0,160032768,2,11.7128,0,0,1,1,1,8,22.697,100,99.3337,1024,4096,160,0,56
nbody_kernel,7606,8192,64,64,2,32,2,0,0,0,1,1,2,16,1,4227096,32770,10,67125248,0,0,0,0,0,0,0,0.530618,99.8872,3758309376,0,29614080,4202496,134283264,128057344,0,126768128,8,52.1189,0,0,3,1,1,3,82.7125,100,99.9479,1024,0,0,0,48
nbody_kernel,6273,8192,64,64,2,32,2,0,1,0,1,0,0,0,1,1081368,32770,1,1064960,0,3,9.09091,8388608,262144,0,0,0.491131,95.62,3758309376,0,40099840,4194304,144769024,19046400,0,124016640,10,59.6046,0,0,3,1,1,1,94.7563,100,99.9467,1024,1024,0,0,56
nbody_kernel,8340,8192,64,64,2,32,2,1,0,0,1,1,259460,172,2,17065370,32770,8,67123200,0,0,0,0,0,0,0,0.51913,95.9394,3758309376,0,59056128,4202496,537018368,341991424,0,146959104,7,44.9571,0,0,3,1,1,9,78.7589,100,99.9551,1024,0,0,0,48
nbody_kernel,7985,8192,64,64,2,32,2,1,0,0,2,1,48356,0,1,8547040,32770,9,67123200,0,0,0,0,0,0,0,0.49415,99.8468,3758358528,0,29696000,2105344,268582912,148037632,0,131495168,8,49.7722,0,0,3,1,1,5,79.9753,100,99.9747,1024,0,0,0,64
nbody_kernel,9895,8192,64,64,2,32,2,1,0,0,4,1,129744,16,1,5138146,32770,8,67123200,0,0,0,0,0,0,0,0.249692,99.9866,3758456832,0,15015936,1056768,134365184,68976640,0,124325376,6,39.8794,0,0,2,1,1,2,61.1183,100,99.9864,640,0,0,0,85
nbody_kernel,6321,8192,64,64,2,32,2,1,1,0,1,1,257403,0,1,1336730,32770,1,1062912,0,3,9.09091,8388608,262144,0,0,0.498607,94.0897,3758309376,0,54861824,4194304,151142400,19062784,0,124677632,10,59.0556,0,0,3,1,1,1,95.7943,100,99.947,1024,1024,0,0,56
nbody_kernel,6327,8192,64,64,2,32,2,1,1,0,2,1,2,16,1,1077272,32770,1,1062912,0,3,9.09091,8388608,262144,0,0,0.491403,99.3374,3758358528,0,21307392,2097152,142753792,5529600,0,122847232,10,62.4288,0,0,3,1,1,1,92.7557,100,99.9729,1024,2048,0,0,64
nbody_kernel,7637,8192,64,64,2,32,2,1,1,0,4,0,0,0,1,2047752,32770,1,1062912,0,3,9.09091,8388608,262144,0,0,0.323273,99.7928,3758456832,0,10821632,1048576,138559488,3096576,0,122266368,8,52.913,0,0,3,1,1,1,79.3675,100,99.9862,768,4096,0,0,76
nbody_kernel,7389,4096,64,64,4,0,0,0,0,0,1,1,170,140,1,2259776,32770,5,33570816,0,0,0,0,0,0,0,0.496057,99.965,3758301184,0,304214016,16781312,67174400,51486720,0,131219200,9,53.6188,0,0,3,1,1,2,88.7483,100,99.9748,1024,0,0,0,63
nbody_kernel,6876,4096,64,64,4,0,0,0,1,0,1,1,259458,0,1,816538,32770,1,540672,0,3,4.61538,8388608,131072,0,0,0.494045,99.9783,3758301184,0,158437376,16777216,273743872,3284992,0,131612544,9,57.6434,0,0,3,1,2,1,93.6955,100,99.9749,1024,1024,0,0,63
nbody_kernel,9698,4096,64,64,4,0,0,1,0,0,1,1,2,0,1,8445976,32770,4,33568768,0,0,0,0,0,0,0,0.497153,99.9322,3758301184,0,774017024,16781312,268582912,135368704,0,154815872,8,40.7919,0,0,2,1,1,4,81.1466,100,99.9787,1024,0,0,0,56
nbody_kernel,10953,4096,64,64,4,0,0,1,0,0,2,1,129728,0,1,4382152,32770,4,33568768,0,0,0,0,0,0,0,0.296398,99.8554,3758350336,0,437424128,33558528,134365184,67788800,0,138500608,6,36.1236,0,0,2,1,1,2,63.3438,100,99.988,896,0,0,0,71
nbody_kernel,6585,4096,64,64,4,0,0,1,0,0,4,1,259458,0,1,2413978,32770,6,33568768,0,0,0,0,0,0,0,0.248837,99.8928,3758448640,0,218796032,16781312,67256320,34074624,0,127988352,10,59.9997,0,0,3,1,1,2,94.3043,100,99.9934,512,0,0,0,123
nbody_kernel,6762,4096,64,64,4,0,0,1,1,0,1,0,0,0,1,581656,32770,1,538624,0,3,4.61538,8388608,131072,0,0,0.495303,99.9577,3758301184,0,165842944,16777216,276971520,4345856,0,131977984,9,58.6093,0,0,3,1,2,1,95.0837,100,99.975,1024,1024,0,0,64
nbody_kernel,9668,4096,64,64,4,0,0,1,1,0,2,1,253182,8,1,834850,32770,1,538624,0,1,9.09091,4194304,131072,0,0,0.310435,99.9728,3758350336,0,108171264,33554432,138559488,2879488,0,126313984,7,40.9276,0,0,2,1,1,1,65.6077,100,99.9868,896,2048,0,0,71
nbody_kernel,6031,4096,64,64,4,0,0,1,1,0,4,0,0,0,1,581656,32770,1,538624,0,2,9.09091,4194304,131072,0,0,0.248086,99.9127,3758448640,0,54169600,16777216,69353472,1757184,0,121899264,10,65.6241,0,0,3,1,1,1,97.3409,100,99.9931,512,4096,0,0,123
nbody_kernel,37881,4096,64,64,4,0,1,0,0,0,1,1,519888,10617,5,204126012,100716546,7,234917888,99.289,0,0,0,0,402694144,100683776,0.499783,99.9378,3758301184,0,1478983680,268472320,2483421184,470933504,0,266509056,3,10.4318,0,0,1,1,1,9,31.0454,100,99.2006,1024,0,160,0,25
nbody_kernel,37296,4096,64,64,4,0,1,0,1,0,1,1,779350,10556,5,202682678,100716546,6,201887744,99.8051,1,4.61538,8388608,131072,402694144,100683776,0.499851,99.9359,3758301184,0,1282899968,268472320,2689990656,741466112,0,275290880,3,10.5956,0,0,1,1,1,9,30.7054,100,99.2261,1024,1024,160,0,27
nbody_kernel,39988,4096,64,64,4,0,1,1,0,0,1,1,519386,10426,5,210311964,100716546,7,234915840,97.2694,0,0,0,0,402694144,100683776,0.499741,99.9567,3758301184,0,1948909568,268472320,2684829696,470982656,0,287489792,3,9.88518,0,0,1,1,1,9,31.0621,100,99.2589,1024,0,160,0,26
nbody_kernel,36376,4096,64,64,4,0,1,1,0,0,2,1,650392,22203,4,155792508,100722690,6,184590336,98.3264,0,0,0,0,302043136,100689920,0.499691,99.9876,3758350336,0,974782464,134254592,1342652416,235577344,0,202491136,3,10.8605,0,0,1,1,1,8,25.056,100,99.4738,1024,0,208,0,32
nbody_kernel,34305,4096,64,64,4,0,1,1,0,0,4,1,530535,5291172,4,128542052,100734978,5,159436800,99.0439,0,0,0,0,251736064,100702208,0.49951,99.9913,3758448640,0,487723008,67145728,671563776,319180800,0,166285056,2,11.5175,0,0,1,1,1,8,21.6067,100,99.6794,1024,0,304,0,56
nbody_kernel,37329,4096,64,64,4,0,1,1,1,0,1,1,519544,10469,5,202447644,100716546,6,201885696,99.797,1,4.61538,8388608,131072,402694144,100683776,0.499814,99.933,3758301184,0,1290403840,268472320,2693218304,742563840,0,275660544,3,10.5863,0,0,1,1,1,9,30.7167,100,99.2271,1024,1024,160,0,28
nbody_kernel,35007,4096,64,64,4,0,1,1,1,0,2,1,520602,22871,4,152122356,100722690,5,151560192,99.7565,1,9.09091,4194304,131072,302043136,100689920,0.499809,99.9835,3758350336,0,645529600,134254592,1346846720,102916096,0,188187392,2,11.2863,0,0,1,1,1,8,23.2666,100,99.4338,1024,2048,208,0,32
nbody_kernel,33597,4096,64,64,4,0,1,1,1,0,4,1,530269,5220347,4,126968604,100734978,4,126406656,99.7296,1,9.09091,4194304,131072,251736064,100702208,0.499619,99.9714,3758448640,0,323096576,67145728,673660928,185749504,0,157036288,2,11.755,0,0,1,1,1,8,20.6125,100,99.6605,1024,4096,304,0,56
nbody_kernel,40507,4096,64,64,4,0,2,0,0,0,1,1,520006,10070,4,203996268,100716546,7,234917888,99.289,0,0,0,0,402694144,100683776,0.499609,99.9914,3758301184,0,941928448,134230016,1275314176,605233152,0,211974528,2,9.75315,0,0,1,1,1,9,24.1323,100,98.9949,1024,0,160,0,40
nbody_kernel,39859,4096,64,64,4,0,2,0,1,0,1,1,519716,10250,4,202423628,100716546,6,201887744,99.8051,1,4.61538,8388608,131072,402694144,100683776,0.499758,99.9691,3758301184,0,745844736,134230016,1481883648,607338496,0,212368000,2,9.91162,0,0,1,1,1,8,23.7554,100,98.9968,1024,1024,160,0,40
nbody_kernel,42872,4096,64,64,4,0,2,1,0,0,1,1,649264,10244,4,210571422,100716546,6,234915840,97.2694,0,0,0,0,402694144,100683776,0.499658,99.9927,3758301184,0,1411764224,134230016,1476771840,605184000,0,232950912,2,9.2167,0,0,1,1,1,9,24.0852,100,99.0854,1024,0,160,0,40
nbody_kernel,37568,4096,64,64,4,0,2,1,0,0,2,1,650172,21561,4,155792356,100722690,6,184590336,98.3264,0,0,0,0,302043136,100689920,0.49957,99.9915,3758350336,0,706072576,67121152,738557952,302669824,0,175214720,2,10.5203,0,0,1,1,1,8,21.6385,100,99.3918,1024,0,208,0,40
nbody_kernel,34097,4096,64,64,4,0,2,1,0,0,4,1,529467,4703607,4,128541644,100734978,5,159436800,99.0439,0,0,0,0,251736064,100702208,0.499516,99.986,3758448640,0,353226752,33566720,570834944,218529792,0,154739584,2,11.5869,0,0,1,1,1,8,20.932,100,99.6555,1024,0,304,0,56
nbody_kernel,39904,4096,64,64,4,0,2,1,1,0,1,1,519596,9774,4,202448108,100716546,6,201885696,99.797,1,4.61538,8388608,131072,402694144,100683776,0.499659,99.9762,3758301184,0,753258496,134230016,1485160448,608321536,0,212732800,2,9.90187,0,0,1,1,1,8,23.7651,100,98.9985,1024,1024,160,0,40
nbody_kernel,36042,4096,64,64,4,0,2,1,1,0,2,1,628356,21782,4,152359854,100722690,5,151560192,99.7565,1,9.09091,4194304,131072,302043136,100689920,0.499674,99.9862,3758350336,0,376819712,67121152,742752256,304242688,0,165105792,2,10.9617,0,0,1,1,1,8,20.768,100,99.3546,1024,2048,208,0,40
nbody_kernel,33373,4096,64,64,4,0,2,1,1,0,4,1,530105,3978264,4,126968988,100734978,4,126406656,99.7296,1,9.09091,4194304,131072,251736064,100702208,0.499578,99.9924,3758448640,0,188600320,33566720,572932096,252878848,0,150733952,2,11.8419,0,0,1,1,1,8,21.0881,100,99.6463,1024,4096,304,0,60
nbody_kernel,7401,4096,64,64,4,0,4,0,0,0,1,1,2,16,1,2259680,32770,5,33570816,0,0,0,0,0,0,0,0.496183,99.9622,3758301184,0,304214016,16781312,67174400,51486720,0,131219200,9,53.6284,0,0,3,1,1,2,88.7668,100,99.9748,1024,0,0,0,63
nbody_kernel,6872,4096,64,64,4,0,4,0,1,0,1,1,259458,0,1,816538,32770,1,540672,0,3,4.61538,8388608,131072,0,0,0.495199,99.9459,3758301184,0,158437376,16777216,273743872,3284992,0,131612544,9,57.7251,0,0,3,1,2,1,93.8587,100,99.9749,1024,1024,0,0,63
nbody_kernel,9700,4096,64,64,4,0,4,1,0,0,1,1,259460,8,1,8705434,32770,4,33568768,0,0,0,0,0,0,0,0.497615,99.935,3758301184,0,774017024,16781312,268582912,135368704,0,154815872,8,40.8296,0,0,2,1,1,4,81.2194,100,99.9787,1024,0,0,0,56
nbody_kernel,11099,4096,64,64,4,0,4,1,0,0,2,1,259458,0,1,4511130,32770,4,33568768,0,0,0,0,0,0,0,0.295188,99.005,3758350336,0,437424128,33558528,134365184,67788800,0,138500608,6,35.6728,0,0,2,1,1,2,63.0907,100,99.988,896,0,0,0,71
nbody_kernel,6588,4096,64,64,4,0,4,1,0,0,4,1,253166,8,1,2413978,32770,6,33568768,0,0,0,0,0,0,0,0.249165,99.8804,3758448640,0,218796032,16781312,67256320,34074624,0,127988352,10,60.0778,0,0,3,1,1,2,94.4388,100,99.9934,512,0,0,0,123
nbody_kernel,6763,4096,64,64,4,0,4,1,1,0,1,1,259458,0,1,841114,32770,1,538624,0,3,4.61538,8388608,131072,0,0,0.495776,99.9213,3758301184,0,165842944,16777216,276971520,4345856,0,131977984,9,58.6191,0,0,3,1,2,1,95.1341,100,99.975,1024,1024,0,0,64
nbody_kernel,9672,4096,64,64,4,0,4,1,1,0,2,1,129730,16,1,841234,32770,1,538624,0,1,9.09091,4194304,131072,0,0,0.308894,98.5707,3758350336,0,108171264,33554432,138559488,2879488,0,126313984,7,40.1518,0,0,2,1,1,1,65.2796,100,99.9868,896,2048,0,0,71
nbody_kernel,6045,4096,64,64,4,0,4,1,1,0,4,0,0,0,1,581656,32770,1,538624,0,2,9.09091,4194304,131072,0,0,0.248784,99.9718,3758448640,0,54169600,16777216,69353472,1757184,0,121899264,10,65.7082,0,0,3,1,1,1,97.4081,100,99.9931,512,4096,0,0,123
nbody_kernel,9042,4096,64,64,4,1,0,0,0,0,1,1,1,8,1,2129944,32770,4,33570816,0,0,0,0,0,0,0,0.498287,99.9186,3758301184,0,404877312,67112960,67174400,68263936,0,136462080,8,43.7769,0,0,2,1,1,1,77.968,100,99.9758,1024,0,0,0,54
nbody_kernel,7397,4096,64,64,4,1,0,0,1,0,1,1,48,0,1,686816,32770,1,540672,0,3,4.61538,8388608,131072,0,0,0.493781,99.9612,3758301184,0,208769024,67108864,273743872,3284992,0,134758272,9,53.5297,0,0,3,1,2,1,88.1393,100,99.9755,1024,1024,0,0,62
nbody_kernel,10231,4096,64,64,4,1,0,1,0,0,1,1,129757,33,1,8522352,32770,4,33568768,0,0,0,0,0,0,0,0.496974,99.9664,3758301184,0,874680320,67112960,268582912,135368704,0,159534464,8,38.7335,0,0,2,1,1,4,77.5638,100,99.9793,1024,0,0,0,56
nbody_kernel,11092,4096,64,64,4,1,0,1,0,0,2,1,259458,0,1,4511130,32770,4,33568768,0,0,0,0,0,0,0,0.295274,98.8802,3758350336,0,437424128,33558528,134365184,67788800,0,138500608,6,35.6325,0,0,2,1,1,2,63.0989,100,99.988,896,0,0,0,71
nbody_kernel,6585,4096,64,64,4,1,0,1,0,0,4,1,0,16,1,2154520,32770,6,33568768,0,0,0,0,0,0,0,0.249211,99.857,3758448640,0,218796032,16781312,67256320,34074624,0,127988352,10,60.0752,0,0,3,1,1,2,94.4568,100,99.9934,512,0,0,0,123
nbody_kernel,8295,4096,64,64,4,1,0,1,1,0,1,1,259458,0,1,841186,32770,1,538624,0,3,4.61538,8388608,131072,0,0,0.495598,99.9673,3758301184,0,216174592,67108864,276971520,71458816,0,137220992,8,47.7403,0,0,3,1,2,1,84.0756,100,99.9759,1024,1024,0,0,56
nbody_kernel,9669,4096,64,64,4,1,0,1,1,0,2,1,129728,0,1,711392,32770,1,538624,0,1,9.09091,4194304,131072,0,0,0.337814,90.3078,3758350336,0,108171264,33554432,138559488,2879488,0,126313984,7,40.1525,0,0,2,1,1,1,71.2538,100,99.9868,896,2048,0,0,71
nbody_kernel,6045,4096,64,64,4,1,0,1,1,0,4,1,259458,0,1,841162,32770,1,538624,0,2,9.09091,4194304,131072,0,0,0.247793,99.9023,3758448640,0,54169600,16777216,69353472,1757184,0,121899264,10,65.5595,0,0,3,1,1,1,97.2551,100,99.9931,512,4096,0,0,123
nbody_kernel,37875,4096,64,64,4,1,1,0,0,0,1,1,519782,10349,5,203995988,100716546,7,234917888,99.289,0,0,0,0,402694144,100683776,0.499804,99.9454,3758301184,0,1478983680,268472320,2483421184,470933504,0,266509056,3,10.4378,0,0,1,1,1,9,31.0608,100,99.2006,1024,0,160,0,25
nbody_kernel,37311,4096,64,64,4,1,1,0,1,0,1,1,519804,10414,5,202552804,100716546,6,201887744,99.8051,1,4.61538,8388608,131072,402694144,100683776,0.499871,99.9191,3758301184,0,1282899968,268472320,2689990656,808574976,0,277388032,3,10.5924,0,0,1,1,1,9,30.9957,100,99.2319,1024,1024,160,0,27
nbody_kernel,40006,4096,64,64,4,1,1,1,0,0,1,1,779036,10559,5,210571838,100716546,7,234915840,97.2694,0,0,0,0,402694144,100683776,0.499713,99.9422,3758301184,0,1948909568,268472320,2684829696,470982656,0,287489792,3,9.87786,0,0,1,1,1,9,31.0436,100,99.2589,1024,0,160,0,26
nbody_kernel,36380,4096,64,64,4,1,1,1,0,0,2,1,650484,22221,4,155792156,100722690,6,184590336,98.3264,0,0,0,0,302043136,100689920,0.499692,99.9862,3758350336,0,974782464,134254592,1342652416,235577344,0,202491136,3,10.8613,0,0,1,1,1,8,25.0581,100,99.4738,1024,0,208,0,32
nbody_kernel,34307,4096,64,64,4,1,1,1,0,0,4,1,530095,5287795,4,128541468,100734978,5,159436800,99.0439,0,0,0,0,251736064,100702208,0.499507,99.9926,3758448640,0,487723008,67145728,671563776,319180800,0,166285056,2,11.5181,0,0,1,1,1,8,21.6077,100,99.6794,1024,0,304,0,56
nbody_kernel,37338,4096,64,64,4,1,1,1,1,0,1,1,769496,10557,5,202688314,100716546,6,201885696,99.797,1,4.61538,8388608,131072,402694144,100683776,0.499881,99.9177,3758301184,0,1290403840,268472320,2693218304,809672704,0,277757696,3,10.5852,0,0,1,1,1,9,31.0126,100,99.2329,1024,1024,160,0,28
nbody_kernel,35009,4096,64,64,4,1,1,1,1,0,2,1,594702,22576,4,152270580,100722690,5,151560192,99.7565,1,9.09091,4194304,131072,302043136,100689920,0.499796,99.9791,3758350336,0,645529600,134254592,1346846720,136470528,0,189235968,2,11.2879,0,0,1,1,1,8,23.4277,100,99.4369,1024,2048,208,0,32
nbody_kernel,33607,4096,64,64,4,1,1,1,1,0,4,1,530801,5210611,4,126968636,100734978,4,126406656,99.7296,1,9.09091,4194304,131072,251736064,100702208,0.499716,99.9827,3758448640,0,323096576,67145728,673660928,202526720,0,157560576,2,11.7572,0,0,1,1,1,8,20.6957,100,99.6616,1024,4096,304,0,56
nbody_kernel,40517,4096,64,64,4,1,2,0,0,0,1,1,779278,10514,4,204255726,100716546,7,234917888,99.289,0,0,0,0,402694144,100683776,0.499613,99.9896,3758301184,0,941928448,134230016,1275314176,605233152,0,211974528,2,9.75343,0,0,1,1,1,9,24.1335,100,98.9949,1024,0,160,0,40
nbody_kernel,39874,4096,64,64,4,1,2,0,1,0,1,1,519660,10524,4,202552900,100716546,6,201887744,99.8051,1,4.61538,8388608,131072,402694144,100683776,0.499781,99.9515,3758301184,0,745844736,134230016,1481883648,674447360,0,214465152,2,9.91005,0,0,1,1,1,8,24.0312,100,99.0066,1024,1024,160,0,40
nbody_kernel,42865,4096,64,64,4,1,2,1,0,0,1,1,779060,10430,4,210571982,100716546,6,234915840,97.2694,0,0,0,0,402694144,100683776,0.499629,99.9839,3758301184,0,1411764224,134230016,1476771840,605184000,0,232950912,2,9.21708,0,0,1,1,1,9,24.0883,100,99.0854,1024,0,160,0,40
nbody_kernel,37568,4096,64,64,4,1,2,1,0,0,2,1,520564,21350,4,155792564,100722690,6,184590336,98.3264,0,0,0,0,302043136,100689920,0.499562,99.9852,3758350336,0,706072576,67121152,738557952,302669824,0,175214720,2,10.5187,0,0,1,1,1,8,21.6364,100,99.3918,1024,0,208,0,40
nbody_kernel,34104,4096,64,64,4,1,2,1,0,0,4,1,529439,4720508,4,128541468,100734978,5,159436800,99.0439,0,0,0,0,251736064,100702208,0.499513,99.9846,3758448640,0,353226752,33566720,570834944,218529792,0,154739584,2,11.5867,0,0,1,1,1,8,20.9319,100,99.6555,1024,0,304,0,56
nbody_kernel,39914,4096,64,64,4,1,2,1,1,0,1,1,778990,10000,4,202707518,100716546,6,201885696,99.797,1,4.61538,8388608,131072,402694144,100683776,0.499743,99.9562,3758301184,0,753258496,134230016,1485160448,675430400,0,214829952,2,9.9006,0,0,1,1,1,8,24.042,100,99.0083,1024,1024,160,0,40
nbody_kernel,36047,4096,64,64,4,1,2,1,1,0,2,1,558648,21783,4,152290126,100722690,5,151560192,99.7565,1,9.09091,4194304,131072,302043136,100689920,0.499683,99.9748,3758350336,0,376819712,67121152,742752256,337797120,0,166154368,2,10.961,0,0,1,1,1,8,20.9214,100,99.3587,1024,2048,208,0,40
nbody_kernel,33369,4096,64,64,4,1,2,1,1,0,4,1,529737,3961232,4,126968604,100734978,4,126406656,99.7296,1,9.09091,4194304,131072,251736064,100702208,0.499561,99.9874,3758448640,0,188600320,33566720,572932096,269656064,0,151258240,2,11.8416,0,0,1,1,1,8,21.1707,100,99.6475,1024,4096,304,0,60
nbody_kernel,9046,4096,64,64,4,1,4,0,0,0,1,1,26189,24,1,2182287,32770,4,33570816,0,0,0,0,0,0,0,0.498309,99.7998,3758301184,0,404877312,67112960,67174400,68263936,0,136462080,8,43.7246,0,0,2,1,1,1,77.9675,100,99.9758,1024,0,0,0,54
nbody_kernel,7399,4096,64,64,4,1,4,0,1,0,1,0,0,0,1,557080,32770,1,540672,0,3,4.61538,8388608,131072,0,0,0.493142,99.9589,3758301184,0,208769024,67108864,273743872,3284992,0,134758272,9,53.4635,0,0,3,1,2,1,88.0323,100,99.9755,1024,1024,0,0,62
nbody_kernel,10222,4096,64,64,4,1,4,1,0,0,1,1,259459,80,1,8705434,32770,4,33568768,0,0,0,0,0,0,0,0.496813,99.9727,3758301184,0,874680320,67112960,268582912,135368704,0,159534464,7,38.7217,0,0,2,1,1,4,77.5353,100,99.9793,1024,0,0,0,56
nbody_kernel,10961,4096,64,64,4,1,4,1,0,0,2,1,129728,0,1,4381408,32770,4,33568768,0,0,0,0,0,0,0,0.296414,99.873,3758350336,0,437424128,33558528,134365184,67788800,0,138500608,6,36.1312,0,0,2,1,1,2,63.3461,100,99.988,896,0,0,0,71
nbody_kernel,6587,4096,64,64,4,1,4,1,0,0,4,1,0,16,1,2154520,32770,6,33568768,0,0,0,0,0,0,0,0.249145,99.7924,3758448640,0,218796032,16781312,67256320,34074624,0,127988352,10,59.9843,0,0,3,1,1,2,94.3749,100,99.9934,512,0,0,0,123
nbody_kernel,8285,4096,64,64,4,1,4,1,1,0,1,0,0,0,1,581656,32770,1,538624,0,3,4.61538,8388608,131072,0,0,0.495682,99.9483,3758301184,0,216174592,67108864,276971520,71458816,0,137220992,8,47.7379,0,0,3,1,2,1,84.0872,100,99.9759,1024,1024,0,0,56
nbody_kernel,9853,4096,64,64,4,1,4,1,1,0,2,0,0,0,1,581656,32770,1,538624,0,1,9.09091,4194304,131072,0,0,0.310475,99.9767,3758350336,0,108171264,33554432,138559488,2879488,0,126313984,7,40.93,0,0,2,1,1,1,65.609,100,99.9868,896,2048,0,0,71
nbody_kernel,6056,4096,64,64,4,1,4,1,1,0,4,0,0,0,1,581656,32770,1,538624,0,2,9.09091,4194304,131072,0,0,0.248605,99.9485,3758448640,0,54169600,16777216,69353472,1757184,0,121899264,10,65.6327,0,0,3,1,1,1,97.3188,100,99.9931,512,4096,0,0,123
nbody_kernel,7013,4096,64,64,4,2,0,0,0,0,1,1,129763,48,1,2389458,32770,6,33570816,0,0,0,0,0,0,0,0.496797,99.9373,3758301184,0,203550720,33558528,67174400,34709504,0,128073472,9,56.5,0,0,3,1,1,2,89.6174,100,99.9742,1024,0,0,0,62
nbody_kernel,7036,4096,64,64,4,2,0,0,1,0,1,0,0,0,1,686816,32770,1,540672,0,2,9.09091,4194304,131072,0,0,0.495058,99.9537,3758301184,0,108105728,33554432,139526144,3284992,0,126369664,9,56.2605,0,0,3,1,1,1,90.2974,100,99.9739,1024,1024,0,0,64
nbody_kernel,7448,4096,64,64,4,2,0,1,0,0,1,1,8298,8,1,8462544,32770,5,33568768,0,0,0,0,0,0,0,0.496703,99.9269,3758301184,0,438472704,33558528,268582912,101822464,0,143806080,9,53.2553,0,0,3,1,1,5,90.4026,100,99.977,1024,0,0,0,64
nbody_kernel,8477,4096,64,64,4,2,0,1,0,0,2,1,259498,0,1,4511210,32770,5,33568768,0,0,0,0,0,0,0,0.279405,97.6948,3758350336,0,219320320,16781312,134365184,51011584,0,130636288,8,46.7223,0,0,3,1,1,3,77.0992,100,99.9873,768,0,0,0,80
nbody_kernel,6295,4096,64,64,4,2,0,1,0,0,4,1,0,16,1,2154616,32770,6,33568768,0,0,0,0,0,0,0,0.249029,99.9586,3758448640,0,109744128,8392704,67256320,34070528,0,124318208,10,62.9467,0,0,3,1,1,2,95.5915,100,99.9932,512,0,0,0,124
nbody_kernel,6717,4096,64,64,4,2,0,1,1,0,1,1,259634,0,1,841594,32770,1,538624,0,2,9.09091,4194304,131072,0,0,0.495803,99.9585,3758301184,0,115511296,33554432,142753792,5402624,0,126768128,9,58.9841,0,0,3,1,1,1,92.4138,100,99.9739,1024,1024,0,0,62
nbody_kernel,7817,4096,64,64,4,2,0,1,1,0,2,1,129728,0,1,711392,32770,1,538624,0,2,9.09091,4194304,131072,0,0,0.289636,99.9803,3758350336,0,57839616,16777216,71450624,2883584,0,122119808,8,52.6063,0,0,3,1,1,1,81.3996,100,99.9864,768,2048,0,0,80
nbody_kernel,5958,4096,64,64,4,2,0,1,1,0,4,0,0,0,1,710832,32770,1,538624,0,2,9.09091,4194304,131072,0,0,0.247609,99.9699,3758448640,0,29003776,8388608,69353472,1761280,0,120850816,10,66.5987,0,0,3,1,1,1,98.0363,100,99.993,512,4096,0,0,125
nbody_kernel,37931,4096,64,64,4,2,1,0,0,0,1,1,519750,10836,5,203995932,100716546,7,234917888,99.289,0,0,0,0,402694144,100683776,0.499734,99.971,3758301184,0,1546092544,234917888,2483421184,571596800,0,270703360,3,10.4249,0,0,1,1,1,9,32.6078,100,99.213,1024,0,160,0,27
nbody_kernel,37332,4096,64,64,4,2,1,0,1,0,1,1,779250,9917,5,202682526,100716546,6,201887744,99.8051,1,4.61538,8388608,131072,402694144,100683776,0.499771,99.9458,3758301184,0,1450672128,234917888,2689990656,741466112,0,279485184,3,10.5873,0,0,1,1,1,9,33.3264,100,99.2377,1024,1024,160,0,27
nbody_kernel,40023,4096,64,64,4,2,1,1,0,0,1,1,628782,10693,5,210442076,100716546,7,234915840,97.2694,0,0,0,0,402694144,100683776,0.499687,99.967,3758301184,0,1781137408,234917888,2684829696,571645952,0,284344064,3,9.87445,0,0,1,1,1,9,32.1226,100,99.2507,1024,0,160,0,32
nbody_kernel,36410,4096,64,64,4,2,1,1,0,0,2,1,520416,22271,4,155792156,100722690,6,184590336,98.3264,0,0,0,0,302043136,100689920,0.499703,99.9917,3758350336,0,890896384,117477376,1342652416,285892608,0,200917760,2,10.8526,0,0,1,1,1,8,25.4889,100,99.4696,1024,0,208,0,40
nbody_kernel,34365,4096,64,64,4,2,1,1,0,0,4,1,530303,4518024,4,128671356,100734978,5,159436800,99.0439,0,0,0,0,251736064,100702208,0.499579,99.9902,3758448640,0,445779968,58757120,671563776,109465600,0,158158592,2,11.4956,0,0,1,1,1,8,21.6856,100,99.6629,1024,0,304,0,64
nbody_kernel,37407,4096,64,64,4,2,1,1,1,0,1,1,519436,10409,5,202447700,100716546,6,201885696,99.797,1,4.61538,8388608,131072,402694144,100683776,0.499722,99.9123,3758301184,0,1458176000,234917888,2693218304,742547456,0,279854336,3,10.565,0,0,1,1,1,9,33.3049,100,99.2387,1024,1024,160,0,28
nbody_kernel,35076,4096,64,64,4,2,1,1,1,0,2,1,650356,22542,4,152381878,100722690,5,151560192,99.7565,1,9.09091,4194304,131072,302043136,100689920,0.499774,99.98,3758350336,0,729415680,117477376,1346846720,304242688,0,196576000,2,11.2661,0,0,1,1,1,8,25.8861,100,99.4579,1024,2048,208,0,39
nbody_kernel,33623,4096,64,64,4,2,1,1,1,0,4,1,530353,4942377,4,126969372,100734978,4,126406656,99.7296,1,9.09091,4194304,131072,251736064,100702208,0.4997,99.989,3758448640,0,365039616,58757120,673660928,219303936,0,159133440,2,11.7508,0,0,1,1,1,8,21.3361,100,99.665,1024,4096,304,0,56
nbody_kernel,40520,4096,64,64,4,2,2,0,0,0,1,1,779460,10319,4,204255838,100716546,7,234917888,99.289,0,0,0,0,402694144,100683776,0.499545,99.9763,3758301184,0,874819584,100675584,1275314176,638787584,0,209877376,2,9.7501,0,0,1,1,1,9,24.8056,100,98.9849,1024,0,160,0,40
nbody_kernel,39854,4096,64,64,4,2,2,0,1,0,1,1,519812,10471,4,202549716,100716546,6,201887744,99.8051,1,4.61538,8388608,131072,402694144,100683776,0.499775,99.9762,3758301184,0,779399168,100675584,1481883648,540229632,0,210270848,2,9.91458,0,0,1,1,1,8,24.3117,100,98.9868,1024,1024,160,0,40
nbody_kernel,42850,4096,64,64,4,2,2,1,0,0,1,1,779092,10153,4,210571942,100716546,6,234915840,97.2694,0,0,0,0,402694144,100683776,0.499692,99.9905,3758301184,0,1109774336,100675584,1476771840,437411840,0,217222272,2,9.22195,0,0,1,1,1,9,23.459,100,99.0192,1024,0,160,0,40
nbody_kernel,37610,4096,64,64,4,2,2,1,0,0,2,1,717864,21179,4,155927764,100722690,6,184590336,98.3264,0,0,0,0,302043136,100689920,0.499645,99.988,3758350336,0,555077632,50343936,738557952,285892608,0,169447552,2,10.5051,0,0,1,1,1,8,20.9514,100,99.3711,1024,0,208,0,48
nbody_kernel,36518,4096,64,64,4,2,2,1,0,0,4,1,524221,968220,3,128541491,100734978,4,159436800,99.0439,0,0,0,0,251736064,100702208,0.384142,82.6459,3758448640,0,277729280,25178112,570834944,210141184,0,151856000,2,9.29947,0,0,1,1,1,8,20.051,100,99.6489,896,0,304,0,67
nbody_kernel,39897,4096,64,64,4,2,2,1,1,0,1,1,778866,9680,4,202707126,100716546,6,201885696,99.797,1,4.61538,8388608,131072,402694144,100683776,0.499805,99.9615,3758301184,0,786812928,100675584,1485160448,608321536,0,212732800,2,9.90278,0,0,1,1,1,8,24.8715,100,98.9985,1024,1024,160,0,40
nbody_kernel,36065,4096,64,64,4,2,2,1,1,0,2,1,650280,21997,4,152381974,100722690,5,151560192,99.7565,1,9.09091,4194304,131072,302043136,100689920,0.49972,99.9814,3758350336,0,393596928,50343936,742752256,304242688,0,165105792,2,10.9563,0,0,1,1,1,8,21.2153,100,99.3546,1024,2048,208,0,40
nbody_kernel,33358,4096,64,64,4,2,2,1,1,0,4,1,529617,3986120,4,126968844,100734978,4,126406656,99.7296,1,9.09091,4194304,131072,251736064,100702208,0.499569,99.9901,3758448640,0,197009408,25178112,572932096,202547200,0,149161728,2,11.845,0,0,1,1,1,8,21.0119,100,99.6426,1024,4096,304,0,60
nbody_kernel,7018,4096,64,64,4,2,4,0,0,0,1,1,50,36,1,2259776,32770,6,33570816,0,0,0,0,0,0,0,0.49677,99.9592,3758301184,0,203550720,33558528,67174400,34709504,0,128073472,9,56.5123,0,0,3,1,1,2,89.6171,100,99.9742,1024,0,0,0,62
nbody_kernel,7044,4096,64,64,4,2,4,0,1,0,1,1,114680,0,1,786416,32770,1,540672,0,2,9.09091,4194304,131072,0,0,0.495145,99.9597,3758301184,0,108105728,33554432,139526144,3284992,0,126369664,9,56.2708,0,0,3,1,1,1,90.3086,100,99.9739,1024,1024,0,0,64
nbody_kernel,7443,4096,64,64,4,2,4,1,0,0,1,1,2,0,1,8445976,32770,5,33568768,0,0,0,0,0,0,0,0.496282,99.939,3758301184,0,438472704,33558528,268582912,101822464,0,143806080,9,53.2072,0,0,3,1,1,5,90.3099,100,99.977,1024,0,0,0,64
nbody_kernel,8196,4096,64,64,4,2,4,1,0,0,2,1,239237,0,1,4511130,32770,5,33568768,0,0,0,0,0,0,0,0.282967,96.9667,3758350336,0,219320320,16781312,134365184,51011584,0,130636288,8,46.7569,0,0,3,1,1,3,77.7355,100,99.9873,768,0,0,0,80
nbody_kernel,6294,4096,64,64,4,2,4,1,0,0,4,1,1,16,1,2154520,32770,6,33568768,0,0,0,0,0,0,0,0.249321,99.9491,3758448640,0,109744128,8392704,67256320,34070528,0,124318208,10,62.9629,0,0,3,1,1,2,95.6252,100,99.9932,512,0,0,0,124
nbody_kernel,6720,4096,64,64,4,2,4,1,1,0,1,1,72097,0,1,725828,32770,1,538624,0,2,9.09091,4194304,131072,0,0,0.495633,99.9379,3758301184,0,115511296,33554432,142753792,5402624,0,126768128,9,58.9557,0,0,3,1,1,1,92.3882,100,99.9739,1024,1024,0,0,62
nbody_kernel,7529,4096,64,64,4,2,4,1,1,0,2,1,0,16,1,581656,32770,1,538624,0,2,9.09091,4194304,131072,0,0,0.288402,99.9302,3758350336,0,57839616,16777216,71450624,2883584,0,122119808,8,52.595,0,0,3,1,1,1,81.423,100,99.9864,768,2048,0,0,80
nbody_kernel,5956,4096,64,64,4,2,4,1,1,0,4,1,259458,0,1,841114,32770,1,538624,0,2,9.09091,4194304,131072,0,0,0.24721,99.8663,3758448640,0,29003776,8388608,69353472,1761280,0,120850816,10,66.3579,0,0,3,1,1,1,97.7832,100,99.993,512,4096,0,0,125
nbody_kernel,6998,4096,64,64,4,4,0,0,0,0,1,1,114,156,1,2259680,32770,6,33570816,0,0,0,0,0,0,0,0.495896,99.9738,3758301184,0,102887424,16781312,67174400,51486720,0,124927744,9,56.6073,0,0,3,1,1,2,90.148,100,99.9736,1024,0,0,0,64
nbody_kernel,7508,4096,64,64,4,4,0,0,1,0,1,0,0,0,1,557080,32770,1,540672,0,2,9.09091,4194304,131072,0,0,0.33741,99.9768,3758301184,0,57798656,16777216,72417280,4341760,0,122209152,8,52.7418,0,0,3,1,1,1,80.6015,100,99.973,896,1024,0,0,70
nbody_kernel,7609,4096,64,64,4,4,0,1,0,0,1,1,2,0,1,8445976,32770,5,33568768,0,0,0,0,0,0,0,0.496272,99.936,3758301184,0,220368896,16781312,268582912,101822464,0,136466048,8,52.0369,0,0,3,1,1,5,85.7951,100,99.9758,1024,0,0,0,64
nbody_kernel,8907,4096,64,64,4,4,0,1,0,0,2,0,0,0,1,4251864,32770,4,33568768,0,0,0,0,0,0,0,0.274242,98.4159,3758350336,0,110268416,8392704,134365184,42627072,0,126704256,7,44.4803,0,0,3,1,1,3,71.7632,100,99.9869,768,0,0,0,80
nbody_kernel,6312,4096,64,64,4,4,0,1,0,0,4,1,2,16,1,2154520,32770,6,33568768,0,0,0,0,0,0,0,0.248734,99.8477,3758448640,0,55218176,4198400,67256320,46657536,0,122876544,10,62.7139,0,0,3,1,1,2,95.1256,100,99.9931,512,0,0,0,128
nbody_kernel,7502,4096,64,64,4,4,0,1,1,0,1,0,0,0,1,581656,32770,1,538624,0,2,9.09091,4194304,131072,0,0,0.330657,98.4364,3758301184,0,65179648,16777216,75644928,5390336,0,122573440,8,51.1491,0,0,3,1,1,1,78.8509,100,99.9731,896,1024,0,0,70
nbody_kernel,5956,4096,64,64,4,4,0,1,1,0,2,1,259458,16,1,841114,32770,1,538624,0,2,9.09091,4194304,131072,0,0,0.269011,99.9366,3758350336,0,32673792,8388608,71450624,2875392,0,121070976,10,66.5912,0,0,3,1,1,1,97.7633,100,99.9863,640,2048,0,0,95
nbody_kernel,5989,4096,64,64,4,4,0,1,1,0,4,0,0,0,1,711392,32770,1,538624,0,2,9.09091,4194304,131072,0,0,0.247614,99.8129,3758448640,0,16420864,4194304,69353472,1761280,0,120326528,10,66.4079,0,0,3,1,1,1,97.3315,100,99.993,512,4096,0,0,126
nbody_kernel,37911,4096,64,64,4,4,1,0,0,0,1,1,520004,10660,5,203996380,100716546,7,234917888,99.289,0,0,0,0,402694144,100683776,0.499732,99.9702,3758301184,0,1445429248,218140672,2483421184,504487936,0,264936192,3,10.4283,0,0,1,1,1,9,32.039,100,99.1958,1024,0,160,0,27
nbody_kernel,37360,4096,64,64,4,4,1,0,1,0,1,1,649576,10318,5,202423252,100716546,6,201887744,99.8051,1,4.61538,8388608,131072,402694144,100683776,0.499781,99.9274,3758301184,0,1400340480,218140672,2689990656,741466112,0,277388032,3,10.5783,0,0,1,1,1,9,33.01,100,99.2319,1024,1024,160,0,27
nbody_kernel,40017,4096,64,64,4,4,1,1,0,0,1,1,519474,10430,5,210312300,100716546,7,234915840,97.2694,0,0,0,0,402694144,100683776,0.499685,99.9826,3758301184,0,1563033600,218140672,2684829696,521314304,0,275431168,3,9.87681,0,0,1,1,1,9,31.3021,100,99.2265,1024,0,160,0,32
nbody_kernel,36386,4096,64,64,4,4,1,1,0,0,2,1,520596,21876,4,155921980,100722690,6,184590336,98.3264,0,0,0,0,302043136,100689920,0.499639,99.9895,3758350336,0,781844480,109088768,1342652416,218783744,0,195150592,2,10.8558,0,0,1,1,1,8,24.8938,100,99.454,1024,0,208,0,40
nbody_kernel,34346,4096,64,64,4,4,1,1,0,0,4,1,596757,4762294,4,128541468,100734978,5,159436800,99.0439,0,0,0,0,251736064,100702208,0.499559,99.9831,3758448640,0,391254016,54562816,671563776,130437120,0,156978944,2,11.5003,0,0,1,1,1,8,21.4365,100,99.6604,1024,0,304,0,64
nbody_kernel,37367,4096,64,64,4,4,1,1,1,0,1,1,779118,10271,5,202707102,100716546,6,201885696,99.797,1,4.61538,8388608,131072,402694144,100683776,0.499772,99.9278,3758301184,0,1407844352,218140672,2693218304,675438592,0,275660032,3,10.5727,0,0,1,1,1,9,33.0301,100,99.2271,1024,1024,160,0,29
nbody_kernel,35079,4096,64,64,4,4,1,1,1,0,2,1,520574,22753,4,152122140,100722690,5,151560192,99.7565,1,9.09091,4194304,131072,302043136,100689920,0.499759,99.9774,3758350336,0,704249856,109088768,1346846720,304242688,0,195527424,2,11.2663,0,0,1,1,1,8,25.5741,100,99.455,1024,2048,208,0,39
nbody_kernel,33654,4096,64,64,4,4,1,1,1,0,4,1,530253,4187387,4,126968892,100734978,4,126406656,99.7296,1,9.09091,4194304,131072,251736064,100702208,0.499698,99.9818,3758448640,0,352473088,54562816,673660928,219574272,0,158618112,2,11.7418,0,0,1,1,1,8,22.3815,100,99.6639,1024,4096,304,0,56
nbody_kernel,40524,4096,64,64,4,4,2,0,0,0,1,1,561558,10596,4,204125948,100716546,7,234917888,99.289,0,0,0,0,402694144,100683776,0.499645,99.9862,3758301184,0,774156288,83898368,1275314176,571678720,0,204110208,2,9.75169,0,0,1,1,1,9,23.7236,100,98.9562,1024,0,160,0,40
nbody_kernel,39847,4096,64,64,4,4,2,0,1,0,1,1,519732,10135,4,202552804,100716546,6,201887744,99.8051,1,4.61538,8388608,131072,402694144,100683776,0.499777,99.9681,3758301184,0,729067520,83898368,1481883648,540229632,0,208173696,2,9.91364,0,0,1,1,1,8,24.3114,100,98.9765,1024,1024,160,0,40
nbody_kernel,42892,4096,64,64,4,4,2,1,0,0,1,1,683476,10434,4,210476294,100716546,6,234915840,97.2694,0,0,0,0,402694144,100683776,0.499678,99.9915,3758301184,0,891670528,83898368,1476771840,487743488,0,211455104,2,9.21108,0,0,1,1,1,9,22.9835,100,98.9924,1024,0,160,0,40
nbody_kernel,37603,4096,64,64,4,4,2,1,0,0,2,1,520372,21206,4,155792316,100722690,6,184590336,98.3264,0,0,0,0,302043136,100689920,0.499544,99.9919,3758350336,0,446025728,41955328,738557952,285892608,0,165777536,2,10.508,0,0,1,1,1,8,20.5184,100,99.3572,1024,0,208,0,48
nbody_kernel,34103,4096,64,64,4,4,2,1,0,0,4,1,659937,4465868,4,128801126,100734978,5,159436800,99.0439,0,0,0,0,251736064,100702208,0.499433,99.9916,3758448640,0,223207424,20983808,570834944,193359872,0,149496704,2,11.5837,0,0,1,1,1,8,20.1808,100,99.6434,1024,0,304,0,64
nbody_kernel,39893,4096,64,64,4,4,2,1,1,0,1,1,779010,10004,4,202707150,100716546,6,201885696,99.797,1,4.61538,8388608,131072,402694144,100683776,0.499732,99.9593,3758301184,0,736481280,83898368,1485160448,608321536,0,210635648,2,9.90221,0,0,1,1,1,8,24.5954,100,98.9885,1024,1024,160,0,40
nbody_kernel,36065,4096,64,64,4,4,2,1,1,0,2,1,520690,22375,4,152251876,100722690,5,151560192,99.7565,1,9.09091,4194304,131072,302043136,100689920,0.499683,99.9818,3758350336,0,368431104,41955328,742752256,304242688,0,164057216,2,10.9564,0,0,1,1,1,8,21.2155,100,99.3505,1024,2048,208,0,40
nbody_kernel,33464,4096,64,64,4,4,2,1,1,0,4,1,531357,3963747,4,126968892,100734978,4,126406656,99.7296,1,9.09091,4194304,131072,251736064,100702208,0.499585,99.9864,3758448640,0,184430592,20983808,572932096,194416640,0,148383488,2,11.8415,0,0,1,1,1,8,20.3486,100,99.6407,1024,4096,304,0,59
nbody_kernel,6994,4096,64,64,4,4,4,0,0,0,1,1,2,0,1,2129944,32770,6,33570816,0,0,0,0,0,0,0,0.496134,99.9362,3758301184,0,102887424,16781312,67174400,51486720,0,124927744,9,56.6118,0,0,3,1,1,2,90.1891,100,99.9736,1024,0,0,0,64
nbody_kernel,7755,4096,64,64,4,4,4,0,1,0,1,0,0,0,1,557080,32770,1,540672,0,2,9.09091,4194304,131072,0,0,0.335131,97.6179,3758301184,0,57798656,16777216,72417280,4341760,0,122209152,8,51.0992,0,0,3,1,1,1,79.9784,100,99.973,896,1024,0,0,70
nbody_kernel,7615,4096,64,64,4,4,4,1,0,0,1,1,2,0,1,8445976,32770,5,33568768,0,0,0,0,0,0,0,0.496259,99.9502,3758301184,0,220368896,16781312,268582912,101822464,0,136466048,8,52.0454,0,0,3,1,1,5,85.7969,100,99.9758,1024,0,0,0,64
nbody_kernel,8903,4096,64,64,4,4,4,1,0,0,2,1,129730,0,1,4511130,32770,4,33568768,0,0,0,0,0,0,0,0.273819,98.2287,3758350336,0,110268416,8392704,134365184,42627072,0,126704256,7,44.3858,0,0,3,1,1,3,71.7472,100,99.9869,768,0,0,0,80
nbody_kernel,6319,4096,64,64,4,4,4,1,0,0,4,1,2,16,1,2154520,32770,6,33568768,0,0,0,0,0,0,0,0.247435,99.5124,3758448640,0,55218176,4198400,67256320,46657536,0,122876544,10,62.1432,0,0,3,1,1,2,94.5777,100,99.9931,512,0,0,0,128
nbody_kernel,7497,4096,64,64,4,4,4,1,1,0,1,1,129728,0,1,711392,32770,1,538624,0,2,9.09091,4194304,131072,0,0,0.334239,97.702,3758301184,0,65179648,16777216,75644928,5390336,0,122573440,8,51.1716,0,0,3,1,1,1,79.4786,100,99.9731,896,1024,0,0,70
nbody_kernel,5953,4096,64,64,4,4,4,1,1,0,2,1,0,8,1,711568,32770,1,538624,0,2,9.09091,4194304,131072,0,0,0.261131,91.9653,3758350336,0,32673792,8388608,71450624,2875392,0,121070976,10,59.5117,0,0,3,1,1,1,94.9427,100,99.9863,640,2048,0,0,95
nbody_kernel,5967,4096,64,64,4,4,4,1,1,0,4,1,259458,0,1,841114,32770,1,538624,0,2,9.09091,4194304,131072,0,0,0.247473,99.0867,3758448640,0,16420864,4194304,69353472,1761280,0,120326528,10,65.9928,0,0,3,1,1,1,97.432,100,99.993,512,4096,0,0,126
nbody_kernel,7988,4096,64,64,4,8,0,0,0,0,1,1,21089,64,1,2259776,32770,5,33570816,0,0,0,0,0,0,0,0.333388,99.9457,3758301184,0,52555776,8392704,67174400,59871232,0,123354752,8,51.1345,0,0,3,1,1,2,77.9025,100,99.9732,896,0,0,0,72
nbody_kernel,6816,4096,64,64,4,8,0,0,1,0,1,1,48,0,1,557080,32770,1,540672,0,2,9.09091,4194304,131072,0,0,0.298183,94.0212,3758301184,0,32632832,8388608,72417280,4341760,0,121160576,10,58.0743,0,0,3,1,1,1,91.3703,100,99.9727,768,1024,0,0,79
nbody_kernel,7909,4096,64,64,4,8,0,1,0,0,1,1,14082,8,1,8575712,32770,5,33568768,0,0,0,0,0,0,0,0.496119,99.9255,3758301184,0,111316992,8392704,268582912,118599680,0,133320320,8,50.1016,0,0,3,1,1,5,81.3944,100,99.9752,1024,0,0,0,64
nbody_kernel,6569,4096,64,64,4,8,0,1,0,0,2,1,4,0,1,4251672,32770,5,33568768,0,0,0,0,0,0,0,0.262598,93.0925,3758350336,0,55742464,4198400,134365184,84561920,0,126179712,9,55.2229,0,0,3,1,1,3,90.174,100,99.9868,640,0,0,0,96
nbody_kernel,8291,4096,64,64,4,8,0,1,0,0,4,1,259460,16,1,2413978,32770,5,33568768,0,0,0,0,0,0,0,0.169286,97.0734,3758448640,0,27955200,2101248,67256320,29876224,0,121434624,8,48.574,0,0,3,1,1,2,74.5241,100,99.993,384,0,0,0,132
nbody_kernel,7791,4096,64,64,4,8,0,1,1,0,1,1,132,0,1,581656,32770,1,538624,0,2,9.09091,4194304,131072,0,0,0.336204,99.9732,3758301184,0,40013824,8388608,75644928,5394432,0,121524992,8,52.4669,0,0,3,1,1,1,79.8214,100,99.9728,896,1024,0,0,72
nbody_kernel,6755,4096,64,64,4,8,0,1,1,0,2,1,2,16,1,581704,32770,1,538624,0,2,9.09091,4194304,131072,0,0,0.260791,90.9707,3758350336,0,20090880,4194304,71450624,2871296,0,120546560,10,58.5414,0,0,3,1,1,1,94.5271,100,99.9862,640,2048,0,0,95
nbody_kernel,6258,4096,64,64,4,8,0,1,1,0,4,0,0,0,1,581656,32770,1,538624,0,2,9.09091,4194304,131072,0,0,0.24892,98.8612,3758448640,0,10129408,2097152,69353472,1757184,0,120064256,10,63.4539,0,0,3,1,1,1,93.7302,100,99.993,512,4096,0,0,128
nbody_kernel,37921,4096,64,64,4,8,1,0,0,0,1,1,519864,10200,5,203995932,100716546,7,234917888,99.289,0,0,0,0,402694144,100683776,0.499712,99.9634,3758301184,0,1395097600,209752064,2483421184,538042368,0,264149760,3,10.4231,0,0,1,1,1,9,31.7356,100,99.1934,1024,0,160,0,27
nbody_kernel,37383,4096,64,64,4,8,1,0,1,0,1,1,519906,10356,5,202423220,100716546,6,201887744,99.8051,1,4.61538,8388608,131072,402694144,100683776,0.49979,99.9271,3758301184,0,1375174656,209752064,2689990656,741466112,0,276339456,3,10.5717,0,0,1,1,1,9,32.8425,100,99.229,1024,1024,160,0,27
nbody_kernel,40018,4096,64,64,4,8,1,1,0,0,1,1,519574,10684,5,210312260,100716546,7,234915840,97.2694,0,0,0,0,402694144,100683776,0.499639,99.9748,3758301184,0,1453981696,209752064,2684829696,496148480,0,270974720,3,9.87622,0,0,1,1,1,9,30.8911,100,99.2137,1024,0,160,0,32
nbody_kernel,36383,4096,64,64,4,8,1,1,0,0,2,1,520368,21799,4,155792212,100722690,6,184590336,98.3264,0,0,0,0,302043136,100689920,0.499718,99.9864,3758350336,0,727318528,104894464,1342652416,227172352,0,193577728,2,10.8572,0,0,1,1,1,8,24.5962,100,99.4495,1024,0,208,0,40
nbody_kernel,34374,4096,64,64,4,8,1,1,0,0,4,1,530271,4495302,4,128671380,100734978,5,159436800,99.0439,0,0,0,0,251736064,100702208,0.4996,99.9773,3758448640,0,364007424,52465664,671563776,182874112,0,157700608,2,11.493,0,0,1,1,1,8,21.6138,100,99.6619,1024,0,304,0,64
nbody_kernel,37361,4096,64,64,4,8,1,1,1,0,1,1,519388,10279,5,202447708,100716546,6,201885696,99.797,1,4.61538,8388608,131072,402694144,100683776,0.499785,99.9375,3758301184,0,1382678528,209752064,2693218304,641884160,0,273562880,3,10.5756,0,0,1,1,1,9,32.8888,100,99.2212,1024,1024,160,0,29
nbody_kernel,35072,4096,64,64,4,8,1,1,1,0,2,1,520406,22278,4,152122140,100722690,5,151560192,99.7565,1,9.09091,4194304,131072,302043136,100689920,0.49973,99.9842,3758350336,0,691666944,104894464,1346846720,304242688,0,195003136,2,11.2664,0,0,1,1,1,8,25.4162,100,99.4535,1024,2048,208,0,39
nbody_kernel,33703,4096,64,64,4,8,1,1,1,0,4,1,530233,4308562,4,126968660,100734978,4,126406656,99.7296,1,9.09091,4194304,131072,251736064,100702208,0.499648,99.9915,3758448640,0,346185728,52465664,673660928,152477696,0,156259328,2,11.7231,0,0,1,1,1,8,22.2621,100,99.6588,1024,4096,304,0,56
nbody_kernel,40533,4096,64,64,4,8,2,0,0,0,1,1,779368,10284,4,204255670,100716546,7,234917888,99.289,0,0,0,0,402694144,100683776,0.499643,99.9928,3758301184,0,723824640,75509760,1275314176,521347072,0,200702336,2,9.74877,0,0,1,1,1,9,23.1734,100,98.9384,1024,0,160,0,40
nbody_kernel,39854,4096,64,64,4,8,2,0,1,0,1,1,519916,9978,4,202423588,100716546,6,201887744,99.8051,1,4.61538,8388608,131072,402694144,100683776,0.499798,99.9516,3758301184,0,703901696,75509760,1481883648,540229632,0,207125120,2,9.91219,0,0,1,1,1,8,24.3119,100,98.9714,1024,1024,160,0,40
nbody_kernel,42900,4096,64,64,4,8,2,1,0,0,1,1,649536,9791,4,210571758,100716546,6,234915840,97.2694,0,0,0,0,402694144,100683776,0.499649,99.9942,3758301184,0,782618624,75509760,1476771840,512909312,0,208571520,2,9.21077,0,0,1,1,1,9,22.3745,100,98.9785,1024,0,160,0,40
nbody_kernel,37593,4096,64,64,4,8,2,1,0,0,2,1,520404,21526,4,155922100,100722690,6,184590336,98.3264,0,0,0,0,302043136,100689920,0.499571,99.9906,3758350336,0,391499776,37761024,738557952,294281216,0,164204672,2,10.5088,0,0,1,1,1,8,20.3378,100,99.3511,1024,0,208,0,48
nbody_kernel,38306,4096,64,64,4,8,2,1,0,0,4,1,523039,983088,4,128671204,100734978,5,159436800,99.0439,0,0,0,0,251736064,100702208,0.38084,93.0565,3758448640,0,195964928,18886656,570834944,195465216,0,148645632,2,10.3108,0,0,1,1,1,7,19.004,100,99.6413,896,0,304,0,66
nbody_kernel,39894,4096,64,64,4,8,2,1,1,0,1,1,519588,9799,4,202534438,100716546,6,201885696,99.797,1,4.61538,8388608,131072,402694144,100683776,0.499743,99.9583,3758301184,0,711315456,75509760,1485160448,608321536,0,209587072,2,9.90266,0,0,1,1,1,8,24.4592,100,98.9834,1024,1024,160,0,40
nbody_kernel,36054,4096,64,64,4,8,2,1,1,0,2,1,650268,21788,4,152381902,100722690,5,151560192,99.7565,1,9.09091,4194304,131072,302043136,100689920,0.499695,99.9798,3758350336,0,355868672,37761024,742752256,295862272,0,163271680,2,10.9555,0,0,1,1,1,8,21.1382,100,99.3473,1024,2048,208,0,40
nbody_kernel,33358,4096,64,64,4,8,2,1,1,0,4,1,530005,3876037,4,126968804,100734978,4,126406656,99.7296,1,9.09091,4194304,131072,251736064,100702208,0.499473,99.9821,3758448640,0,178139136,18886656,572932096,190222336,0,147990272,2,11.8425,0,0,1,1,1,8,20.3922,100,99.6398,1024,4096,304,0,59
nbody_kernel,7748,4096,64,64,4,8,4,0,0,0,1,1,26,44,1,2129944,32770,5,33570816,0,0,0,0,0,0,0,0.352241,91.8134,3758301184,0,52555776,8392704,67174400,59871232,0,123354752,8,49.5876,0,0,3,1,1,2,82.2373,100,99.9732,896,0,0,0,72
nbody_kernel,6814,4096,64,64,4,8,4,0,1,0,1,1,144,0,1,557408,32770,1,540672,0,2,9.09091,4194304,131072,0,0,0.30269,93.2899,3758301184,0,32632832,8388608,72417280,4341760,0,121160576,10,58.1452,0,0,3,1,1,1,92.199,100,99.9727,768,1024,0,0,79
nbody_kernel,7896,4096,64,64,4,8,4,1,0,0,1,1,259460,56,1,8705434,32770,5,33568768,0,0,0,0,0,0,0,0.496323,99.9639,3758301184,0,111316992,8392704,268582912,118599680,0,133320320,8,50.1385,0,0,3,1,1,5,81.423,100,99.9752,1024,0,0,0,64
nbody_kernel,6579,4096,64,64,4,8,4,1,0,0,2,1,129728,0,1,4381408,32770,5,33568768,0,0,0,0,0,0,0,0.260994,93.1884,3758350336,0,55742464,4198400,134365184,84561920,0,126179712,9,55.4501,0,0,3,1,1,3,90.4516,100,99.9868,640,0,0,0,96
nbody_kernel,8282,4096,64,64,4,8,4,1,0,0,4,1,2,16,1,2154520,32770,5,33568768,0,0,0,0,0,0,0,0.169327,98.5191,3758448640,0,27955200,2101248,67256320,29876224,0,121434624,8,48.3264,0,0,3,1,1,2,73.0562,100,99.993,384,0,0,0,132
nbody_kernel,7782,4096,64,64,4,8,4,1,1,0,1,1,168,0,1,582024,32770,1,538624,0,2,9.09091,4194304,131072,0,0,0.336994,99.9353,3758301184,0,40013824,8388608,75644928,5394432,0,121524992,8,52.501,0,0,3,1,1,1,79.9036,100,99.9728,896,1024,0,0,72
nbody_kernel,6747,4096,64,64,4,8,4,1,1,0,2,1,2,16,1,711392,32770,1,538624,0,2,9.09091,4194304,131072,0,0,0.265504,91.221,3758350336,0,20090880,4194304,71450624,2871296,0,120546560,10,58.6202,0,0,3,1,1,1,94.3946,100,99.9862,640,2048,0,0,95
nbody_kernel,6346,4096,64,64,4,8,4,1,1,0,4,1,32,0,1,581768,32770,1,538624,0,2,9.09091,4194304,131072,0,0,0.248184,98.4067,3758448640,0,10129408,2097152,69353472,1757184,0,120064256,10,63.181,0,0,3,1,1,1,93.7581,100,99.993,512,4096,0,0,128
nbody_kernel,8544,4096,64,64,4,16,0,0,0,0,1,1,259460,120,1,2389402,32770,5,33570816,0,0,0,0,0,0,0,0.322391,99.2322,3758301184,0,27389952,4198400,67174400,64061440,0,122568192,8,47.7825,0,0,3,1,1,2,73.7371,100,99.9731,896,0,0,0,72
nbody_kernel,6895,4096,64,64,4,16,0,0,1,0,1,1,32,0,1,557160,32770,1,540672,0,2,9.09091,4194304,131072,0,0,0.293749,97.2338,3758301184,0,20049920,4194304,72417280,4341760,0,120636288,9,57.6602,0,0,3,1,1,1,87.3097,100,99.9726,768,1024,0,0,79
nbody_kernel,8088,4096,64,64,4,16,0,1,0,0,1,1,259460,8,1,8705458,32770,5,33568768,0,0,0,0,0,0,0,0.496512,99.8659,3758301184,0,56791040,4198400,268582912,131178496,0,131878400,8,49.0159,0,0,3,1,1,5,78.6558,100,99.975,1024,0,0,0,64
nbody_kernel,8163,4096,64,64,4,16,0,1,0,0,2,1,259458,0,1,4511130,32770,5,33568768,0,0,0,0,0,0,0,0.257499,86.4445,3758350336,0,28479488,2101248,134365184,84566016,0,125262336,9,48.1464,0,0,3,1,1,3,84.2781,100,99.9867,640,0,0,0,96
nbody_kernel,14431,4096,64,64,4,16,0,1,0,0,4,1,259460,16,1,3393902,32770,3,33568768,0,0,0,0,0,0,0,0.166643,99.9906,3758448640,0,14323712,1052672,67256320,31977472,0,121041536,4,27.2926,0,0,2,1,1,1,40.4148,100,99.993,384,0,0,0,132
nbody_kernel,6972,4096,64,64,4,16,0,1,1,0,1,1,259458,0,1,841114,32770,1,538624,0,2,9.09091,4194304,131072,0,0,0.28848,98.284,3758301184,0,27430912,4194304,75644928,5386240,0,121000448,9,56.8444,0,0,3,1,1,1,85.7583,100,99.9727,768,1024,0,0,80
nbody_kernel,6985,4096,64,64,4,16,0,1,1,0,2,1,2,16,1,581656,32770,1,538624,0,2,9.09091,4194304,131072,0,0,0.256558,93.9112,3758350336,0,13799424,2097152,71450624,2871296,0,120284416,9,57.0015,0,0,3,1,1,1,88.8427,100,99.9862,640,2048,0,0,95
nbody_kernel,9534,4096,64,64,4,16,0,1,1,0,4,1,129728,0,1,1344416,32770,1,538624,0,1,9.09091,4194304,131072,0,0,0.250159,99.985,3758448640,0,6983680,1048576,69353472,1757184,0,119933184,6,41.3494,0,0,2,1,1,1,60.1231,100,99.993,512,4096,0,0,125
nbody_kernel,37896,4096,64,64,4,16,1,0,0,0,1,1,755891,10291,5,204208426,100716546,7,234917888,99.289,0,0,0,0,402694144,100683776,0.499722,99.9705,3758301184,0,1369931776,205557760,2483421184,571596800,0,264280832,3,10.4283,0,0,1,1,1,9,31.6045,100,99.1938,1024,0,160,0,27
nbody_kernel,37399,4096,64,64,4,16,1,0,1,0,1,1,744027,10505,5,202682694,100716546,6,201887744,99.8051,1,4.61538,8388608,131072,402694144,100683776,0.499786,99.9172,3758301184,0,1362591744,205557760,2689990656,724688896,0,275290880,3,10.564,0,0,1,1,1,9,32.7484,100,99.2261,1024,1024,160,0,27
nbody_kernel,40009,4096,64,64,4,16,1,1,0,0,1,1,519446,10554,5,210441700,100716546,7,234915840,97.2694,0,0,0,0,402694144,100683776,0.499679,99.9679,3758301184,0,1399455744,205557760,2684829696,466788352,0,268222208,3,9.87548,0,0,1,1,1,9,30.6851,100,99.2057,1024,0,160,0,32
nbody_kernel,36390,4096,64,64,4,16,1,1,0,0,2,1,520608,22228,4,155792196,100722690,6,184590336,98.3264,0,0,0,0,302043136,100689920,0.499642,99.9896,3758350336,0,700055552,102797312,1342652416,231366656,0,192791296,2,10.8572,0,0,1,1,1,8,24.4445,100,99.4473,1024,0,208,0,40
nbody_kernel,34367,4096,64,64,4,16,1,1,0,0,4,1,530427,2801210,4,128541868,100734978,5,159436800,99.0439,0,0,0,0,251736064,100702208,0.499379,99.9835,3758448640,0,350375936,51417088,671563776,183922688,0,157274624,2,11.4957,0,0,1,1,1,8,21.6325,100,99.661,1024,0,304,0,64
nbody_kernel,37364,4096,64,64,4,16,1,1,1,0,1,1,519572,10473,5,202447644,100716546,6,201885696,99.797,1,4.61538,8388608,131072,402694144,100683776,0.499868,99.9447,3758301184,0,1370095616,205557760,2693218304,625106944,0,272514304,3,10.576,0,0,1,1,1,9,32.8142,100,99.2182,1024,1024,160,0,29
nbody_kernel,35070,4096,64,64,4,16,1,1,1,0,2,1,520574,22240,4,152251900,100722690,5,151560192,99.7565,1,9.09091,4194304,131072,302043136,100689920,0.499732,99.9702,3758350336,0,685375488,102797312,1346846720,304242688,0,194740992,2,11.2654,0,0,1,1,1,8,25.3392,100,99.4528,1024,2048,208,0,39
nbody_kernel,33695,4096,64,64,4,16,1,1,1,0,4,1,530289,2511280,4,127098340,100734978,4,126406656,99.7296,1,9.09091,4194304,131072,251736064,100702208,0.499491,99.9703,3758448640,0,343044096,51417088,673660928,152473600,0,156128256,2,11.7233,0,0,1,1,1,8,22.2673,100,99.6585,1024,4096,304,0,56
nbody_kernel,40541,4096,64,64,4,16,2,0,0,0,1,1,779584,10273,4,204256022,100716546,7,234917888,99.289,0,0,0,0,402694144,100683776,0.4996,99.9909,3758301184,0,698658816,71315456,1275314176,508764160,0,199391616,2,9.74826,0,0,1,1,1,9,23.0203,100,98.9315,1024,0,160,0,40
nbody_kernel,39851,4096,64,64,4,16,2,0,1,0,1,1,779244,10091,4,202682582,100716546,6,201887744,99.8051,1,4.61538,8388608,131072,402694144,100683776,0.499711,99.9596,3758301184,0,691318784,71315456,1481883648,540229632,0,206600832,2,9.91297,0,0,1,1,1,8,24.3118,100,98.9688,1024,1024,160,0,40
nbody_kernel,42895,4096,64,64,4,16,2,1,0,0,1,1,745280,10085,4,210537742,100716546,6,234915840,97.2694,0,0,0,0,402694144,100683776,0.49955,99.9816,3758301184,0,728092672,71315456,1476771840,525492224,0,207129728,2,9.20919,0,0,1,1,1,9,22.1976,100,98.9714,1024,0,160,0,40
nbody_kernel,37597,4096,64,64,4,16,2,1,0,0,2,1,520808,21035,4,155921988,100722690,6,184590336,98.3264,0,0,0,0,302043136,100689920,0.499421,99.9857,3758350336,0,364236800,35663872,738557952,298475520,0,163418240,2,10.5097,0,0,1,1,1,8,20.2493,100,99.3479,1024,0,208,0,48
nbody_kernel,38464,4096,64,64,4,16,2,1,0,0,4,1,782489,267718,4,128801006,100734978,5,159436800,99.0439,0,0,0,0,251736064,100702208,0.37965,93.0053,3758448640,0,182337536,17838080,570834944,198606848,0,148285184,2,10.3045,0,0,1,1,1,7,18.9306,100,99.6405,896,0,304,0,66
nbody_kernel,39891,4096,64,64,4,16,2,1,1,0,1,1,519528,9872,4,202447644,100716546,6,201885696,99.797,1,4.61538,8388608,131072,402694144,100683776,0.499694,99.9762,3758301184,0,698732544,71315456,1485160448,608321536,0,209062784,2,9.90448,0,0,1,1,1,8,24.3905,100,98.9809,1024,1024,160,0,40
nbody_kernel,36061,4096,64,64,4,16,2,1,1,0,2,1,650346,21398,4,152122260,100722690,5,151560192,99.7565,1,9.09091,4194304,131072,302043136,100689920,0.499712,99.9768,3758350336,0,349577216,35663872,742752256,300056576,0,163140608,2,10.9567,0,0,1,1,1,8,21.103,100,99.3468,1024,2048,208,0,40
nbody_kernel,33359,4096,64,64,4,16,2,1,1,0,4,1,529617,2354893,4,126968660,100734978,4,126406656,99.7296,1,9.09091,4194304,131072,251736064,100702208,0.499414,99.9828,3758448640,0,174997504,17838080,572932096,188121088,0,147793664,2,11.8425,0,0,1,1,1,8,20.4127,100,99.6393,1024,4096,304,0,59
nbody_kernel,8501,4096,64,64,4,16,4,0,0,0,1,1,259564,16,1,2389402,32770,5,33570816,0,0,0,0,0,0,0,0.321729,99.0642,3758301184,0,27389952,4198400,67174400,64061440,0,122568192,7,47.5775,0,0,3,1,1,2,73.5452,100,99.9731,896,0,0,0,72
nbody_kernel,6867,4096,64,64,4,16,4,0,1,0,1,0,0,0,1,557080,32770,1,540672,0,2,9.09091,4194304,131072,0,0,0.292798,96.953,3758301184,0,20049920,4194304,72417280,4341760,0,120636288,9,57.4018,0,0,3,1,1,1,87.1701,100,99.9726,768,1024,0,0,79
nbody_kernel,8102,4096,64,64,4,16,4,1,0,0,1,1,129730,88,1,8575712,32770,5,33568768,0,0,0,0,0,0,0,0.496033,99.8685,3758301184,0,56791040,4198400,268582912,131178496,0,131878400,8,48.9424,0,0,3,1,1,5,78.5358,100,99.975,1024,0,0,0,64
nbody_kernel,7611,4096,64,64,4,16,4,1,0,0,2,1,129728,0,1,4381408,32770,5,33568768,0,0,0,0,0,0,0,0.267634,92.4347,3758350336,0,28479488,2101248,134365184,84566016,0,125262336,9,52.6549,0,0,3,1,1,3,86.197,100,99.9867,640,0,0,0,96
nbody_kernel,14452,4096,64,64,4,16,4,1,0,0,4,1,259500,16,1,3373026,32770,3,33568768,0,0,0,0,0,0,0,0.166967,99.9818,3758448640,0,14323712,1052672,67256320,31977472,0,121041536,4,27.2913,0,0,2,1,1,1,40.4164,100,99.993,384,0,0,0,132
nbody_kernel,6972,4096,64,64,4,16,4,1,1,0,1,1,213884,0,1,841114,32770,1,538624,0,2,9.09091,4194304,131072,0,0,0.297284,99.3292,3758301184,0,27430912,4194304,75644928,5386240,0,121000448,9,59.8126,0,0,3,1,1,1,89.2868,100,99.9727,768,1024,0,0,80
nbody_kernel,7673,4096,64,64,4,16,4,1,1,0,2,1,259584,16,1,841114,32770,1,538624,0,2,9.09091,4194304,131072,0,0,0.258179,93.3876,3758350336,0,13799424,2097152,71450624,2871296,0,120284416,9,57.1171,0,0,3,1,1,1,89.522,100,99.9862,640,2048,0,0,95
nbody_kernel,9312,4096,64,64,4,16,4,1,1,0,4,1,259458,0,1,1473202,32770,1,538624,0,1,9.09091,4194304,131072,0,0,0.249986,99.9844,3758448640,0,6983680,1048576,69353472,1757184,0,119933184,6,41.2772,0,0,2,1,1,1,60.0184,100,99.993,512,4096,0,0,125
nbody_kernel,8599,4096,64,64,4,32,0,0,0,0,1,1,259460,96,1,2389402,32770,5,33570816,0,0,0,0,0,0,0,0.324403,97.4083,3758301184,0,14807040,2101248,67174400,66158592,0,122174976,7,45.5677,0,0,3,1,1,2,71.3517,100,99.973,896,0,0,0,72
nbody_kernel,7103,4096,64,64,4,32,0,0,1,0,1,1,78968,0,1,686816,32770,1,540672,0,2,9.09091,4194304,131072,0,0,0.289689,95.8547,3758301184,0,13758464,2097152,72417280,4337664,0,120374016,9,55.5561,0,0,3,1,1,1,84.9565,100,99.9726,768,1024,0,0,79
nbody_kernel,8530,4096,64,64,4,32,0,1,0,0,1,1,66,64,1,8575824,32770,5,33568768,0,0,0,0,0,0,0,0.495584,99.8959,3758301184,0,29528064,2101248,268582912,133275648,0,131026432,7,46.6023,0,0,3,1,1,5,74.4363,100,99.9748,1024,0,0,0,64
nbody_kernel,9408,4096,64,64,4,32,0,1,0,0,2,1,129730,0,1,5170834,32770,4,33568768,0,0,0,0,0,0,0,0.248756,99.9857,3758350336,0,14848000,1052672,134365184,89808896,0,124967424,6,39.7122,0,0,2,1,1,2,60.1515,100,99.9867,640,0,0,0,96
nbody_kernel,9579,4096,64,64,4,32,0,1,0,0,4,1,129732,16,1,3047026,32770,4,33568768,0,0,0,0,0,0,0,0.249817,99.9855,3758448640,0,7507968,528384,67256320,35643392,0,120926720,6,41.3021,0,0,2,1,1,1,61.701,100,99.993,512,0,0,0,128
nbody_kernel,7231,4096,64,64,4,32,0,1,1,0,1,1,259458,0,1,841114,32770,1,538624,0,2,9.09091,4194304,131072,0,0,0.283896,98.3966,3758301184,0,21139456,2097152,75644928,5386240,0,120738304,9,55.5574,0,0,3,1,1,1,83.5738,100,99.9726,768,1024,0,0,80
nbody_kernel,8842,4096,64,64,4,32,0,1,1,0,2,1,219221,16,1,1435034,32770,1,538624,0,1,9.09091,4194304,131072,0,0,0.249627,99.9794,3758350336,0,10653696,1048576,71450624,2867200,0,120153216,6,41.3916,0,0,2,1,1,1,60.7055,100,99.9862,640,2048,0,0,95
nbody_kernel,9502,4096,64,64,4,32,0,1,1,0,4,1,112,0,1,1210568,32770,1,538624,0,1,9.09091,4194304,131072,0,0,0.249901,99.9848,3758448640,0,5410816,524288,69353472,1757184,0,119867648,7,41.5213,0,0,2,1,1,1,60.4273,100,99.993,512,4096,0,0,128
nbody_kernel,37901,4096,64,64,4,32,1,0,0,0,1,1,779578,10590,5,204255582,100716546,7,234917888,99.289,0,0,0,0,402694144,100683776,0.499564,99.9591,3758301184,0,1357348864,203460608,2483421184,571596800,0,263822080,3,10.4252,0,0,1,1,1,9,31.5261,100,99.1924,1024,0,160,0,27
nbody_kernel,37418,4096,64,64,4,32,1,0,1,0,1,1,779272,10526,5,202682798,100716546,6,201887744,99.8051,1,4.61538,8388608,131072,402694144,100683776,0.499719,99.8991,3758301184,0,1356300288,203460608,2689990656,733077504,0,275290880,3,10.5602,0,0,1,1,1,9,32.7061,100,99.2261,1024,1024,160,0,27
nbody_kernel,40024,4096,64,64,4,32,1,1,0,0,1,1,615206,10703,5,210441892,100716546,7,234915840,97.2694,0,0,0,0,402694144,100683776,0.499466,99.9525,3758301184,0,1372192768,203460608,2684829696,468885504,0,267370240,3,9.86949,0,0,1,1,1,9,30.5684,100,99.2031,1024,0,160,0,32
nbody_kernel,36410,4096,64,64,4,32,1,1,0,0,2,1,520776,22141,4,155921892,100722690,6,184590336,98.3264,0,0,0,0,302043136,100689920,0.499299,99.9312,3758350336,0,686424064,101748736,1342652416,233463808,0,192398080,2,10.8473,0,0,1,1,1,8,24.3612,100,99.4461,1024,0,208,0,40
nbody_kernel,34365,4096,64,64,4,32,1,1,0,0,4,1,530083,2775048,4,128541468,100734978,5,159436800,99.0439,0,0,0,0,251736064,100702208,0.498808,99.9815,3758448640,0,343560192,50892800,671563776,184446976,0,157061632,2,11.4961,0,0,1,1,1,8,21.6412,100,99.6606,1024,0,304,0,64
nbody_kernel,37358,4096,64,64,4,32,1,1,1,0,1,1,778946,10360,5,202707190,100716546,6,201885696,99.797,1,4.61538,8388608,131072,402694144,100683776,0.499837,99.9561,3758301184,0,1363804160,203460608,2693218304,616718336,0,271990016,3,10.5763,0,0,1,1,1,9,32.7747,100,99.2167,1024,1024,160,0,29
nbody_kernel,35066,4096,64,64,4,32,1,1,1,0,2,1,520738,21806,4,152122236,100722690,5,151560192,99.7565,1,9.09091,4194304,131072,302043136,100689920,0.499462,99.9669,3758350336,0,682229760,101748736,1346846720,304242688,0,194609920,2,11.2677,0,0,1,1,1,8,25.3061,100,99.4524,1024,2048,208,0,39
nbody_kernel,33686,4096,64,64,4,32,1,1,1,0,4,1,530089,2597221,4,126968604,100734978,4,126406656,99.7296,1,9.09091,4194304,131072,251736064,100702208,0.499171,99.9861,3758448640,0,341471232,50892800,673660928,152473600,0,156062720,2,11.7335,0,0,1,1,1,8,22.2832,100,99.6584,1024,4096,304,0,56
nbody_kernel,40528,4096,64,64,4,32,2,0,0,0,1,1,779772,9876,4,204255390,100716546,7,234917888,99.289,0,0,0,0,402694144,100683776,0.499416,99.9913,3758301184,0,686075904,69218304,1275314176,506667008,0,198867328,2,9.74999,0,0,1,1,1,9,22.965,100,98.9287,1024,0,160,0,40
nbody_kernel,39839,4096,64,64,4,32,2,0,1,0,1,1,779398,10299,4,202682526,100716546,6,201887744,99.8051,1,4.61538,8388608,131072,402694144,100683776,0.499594,99.9648,3758301184,0,685027328,69218304,1481883648,540229632,0,206338688,2,9.91505,0,0,1,1,1,8,24.3157,100,98.9674,1024,1024,160,0,40
nbody_kernel,42875,4096,64,64,4,32,2,1,0,0,1,1,519606,10015,4,210312188,100716546,6,234915840,97.2694,0,0,0,0,402694144,100683776,0.499413,99.9944,3758301184,0,700829696,69218304,1476771840,531783680,0,206408832,2,9.21422,0,0,1,1,1,9,22.1189,100,98.9678,1024,0,160,0,40
nbody_kernel,37581,4096,64,64,4,32,2,1,0,0,2,1,650290,20926,4,156051694,100722690,6,184590336,98.3264,0,0,0,0,302043136,100689920,0.499146,99.9751,3758350336,0,350605312,34615296,738557952,300572672,0,163025024,2,10.51,0,0,1,1,1,8,20.2065,100,99.3464,1024,0,208,0,48
nbody_kernel,38605,4096,64,64,4,32,2,1,0,0,4,1,577569,233062,4,139251432,100734978,5,159436800,99.0439,0,0,0,0,251736064,100702208,0.381325,91.6855,3758448640,0,175521792,17313792,570834944,200179712,0,148104960,2,10.2103,0,0,1,1,1,7,18.9915,100,99.64,896,0,304,0,66
nbody_kernel,39879,4096,64,64,4,32,2,1,1,0,1,1,778914,10024,4,202707326,100716546,6,201885696,99.797,1,4.61538,8388608,131072,402694144,100683776,0.4996,99.9712,3758301184,0,692441088,69218304,1485160448,608321536,0,208800640,2,9.90692,0,0,1,1,1,8,24.3634,100,98.9796,1024,1024,160,0,40
nbody_kernel,36058,4096,64,64,4,32,2,1,1,0,2,1,650502,21022,4,152122700,100722690,5,151560192,99.7565,1,9.09091,4194304,131072,302043136,100689920,0.499494,99.9837,3758350336,0,346431488,34615296,742752256,302153728,0,163075072,2,10.9572,0,0,1,1,1,8,21.0836,100,99.3466,1024,2048,208,0,40
nbody_kernel,33464,4096,64,64,4,32,2,1,1,0,4,1,532013,1928829,4,138816372,100734978,4,126406656,99.7296,1,9.09091,4194304,131072,251736064,100702208,0.497854,99.9327,3758448640,0,173424640,17313792,572932096,187072512,0,147695360,2,11.8033,0,0,1,1,1,8,20.3655,100,99.639,1024,4096,304,0,59
nbody_kernel,8680,4096,64,64,4,32,4,0,0,0,1,1,129804,16,1,2389458,32770,5,33570816,0,0,0,0,0,0,0,0.324796,97.3223,3758301184,0,14807040,2101248,67174400,66158592,0,122174976,7,45.6513,0,0,3,1,1,2,71.5458,100,99.973,896,0,0,0,72
nbody_kernel,7019,4096,64,64,4,32,4,0,1,0,1,1,259458,0,1,816538,32770,1,540672,0,2,9.09091,4194304,131072,0,0,0.284642,91.1344,3758301184,0,13758464,2097152,72417280,4337664,0,120374016,9,51.5677,0,0,3,1,1,1,82.9418,100,99.9726,768,1024,0,0,79
nbody_kernel,8510,4096,64,64,4,32,4,1,0,0,1,1,259596,128,1,8705434,32770,5,33568768,0,0,0,0,0,0,0,0.495638,99.5608,3758301184,0,29528064,2101248,268582912,133275648,0,131026432,7,46.4087,0,0,3,1,1,5,74.3764,100,99.9748,1024,0,0,0,64
nbody_kernel,9419,4096,64,64,4,32,4,1,0,0,2,1,129818,0,1,5172242,32770,4,33568768,0,0,0,0,0,0,0,0.249281,99.9859,3758350336,0,14848000,1052672,134365184,89808896,0,124967424,6,39.8006,0,0,2,1,1,2,60.2853,100,99.9867,640,0,0,0,96
nbody_kernel,9566,4096,64,64,4,32,4,1,0,0,4,1,2,16,1,2787792,32770,4,33568768,0,0,0,0,0,0,0,0.249943,99.9853,3758448640,0,7507968,528384,67256320,35643392,0,120926720,6,41.2649,0,0,2,1,1,1,61.6456,100,99.993,512,0,0,0,128
nbody_kernel,7168,4096,64,64,4,32,4,1,1,0,1,0,0,0,1,711392,32770,1,538624,0,2,9.09091,4194304,131072,0,0,0.286329,97.2139,3758301184,0,21139456,2097152,75644928,5386240,0,120738304,9,54.6404,0,0,3,1,1,1,83.1943,100,99.9726,768,1024,0,0,80
nbody_kernel,8841,4096,64,64,4,32,4,1,1,0,2,1,129732,16,1,1477130,32770,1,538624,0,1,9.09091,4194304,131072,0,0,0.249025,99.9856,3758350336,0,10653696,1048576,71450624,2867200,0,120153216,6,41.2957,0,0,2,1,1,1,60.5609,100,99.9862,640,2048,0,0,95
nbody_kernel,9505,4096,64,64,4,32,4,1,1,0,4,1,259458,0,1,1469610,32770,1,538624,0,1,9.09091,4194304,131072,0,0,0.24998,99.9848,3758448640,0,5410816,524288,69353472,1757184,0,119867648,7,41.4864,0,0,2,1,1,1,60.3765,100,99.993,512,4096,0,0,128
nbody_kernel,10936,2048,64,64,8,0,0,0,0,0,1,1,115506,16,1,1081368,32770,2,16793600,0,0,0,0,0,0,0,0.249721,99.7753,3758297088,0,202438656,33556480,33619968,610304,0,125907840,6,36.1734,0,0,2,1,1,1,59.9542,100,99.9869,640,0,0,0,94
nbody_kernel,8491,2048,64,64,8,0,0,0,1,0,1,0,0,0,1,384476,32770,1,278528,0,2,4.61538,4194304,65536,0,0,0.249706,99.9727,3758297088,0,104396800,33554432,136904704,2232320,0,126122304,7,46.6127,0,0,3,1,1,1,75.9305,100,99.9869,640,1024,0,0,96
nbody_kernel,10669,2048,64,64,8,0,0,1,0,0,1,1,259460,16,1,4568474,32770,2,16791552,0,0,0,0,0,0,0,0.249697,99.7716,3758297088,0,437340160,33556480,134365184,67729408,0,138494272,7,37.0795,0,0,2,1,1,2,66.1047,100,99.9881,640,0,0,0,96
nbody_kernel,7709,2048,64,64,8,0,0,1,0,0,2,1,129728,0,1,2341600,32770,3,16791552,0,0,0,0,0,0,0,0.249633,99.8991,3758346240,0,218712064,16779264,67256320,33955840,0,127978624,8,51.383,0,0,3,1,1,2,85.0378,100,99.9935,512,0,0,0,128
nbody_kernel,7083,2048,64,64,8,0,0,1,0,0,4,1,259476,16,1,1422746,32770,3,16791552,0,0,0,0,0,0,0,0.124784,99.7148,3758444544,0,109398016,8390656,33701888,17145856,0,122725504,9,56.0238,0,0,3,1,1,1,84.6872,100,99.9966,256,0,0,0,243
nbody_kernel,8509,2048,64,64,8,0,0,1,1,0,1,1,129914,0,1,636714,32770,1,276480,0,2,4.61538,4194304,65536,0,0,0.249729,99.9712,3758297088,0,108087296,33554432,138559488,2764800,0,126305984,7,46.4987,0,0,3,1,1,1,75.8384,100,99.9869,640,1024,0,0,96
nbody_kernel,6856,2048,64,64,8,0,0,1,1,0,2,1,77176,0,1,531124,32770,1,276480,0,1,9.09091,2097152,65536,0,0,0.249845,99.9723,3758346240,0,54085632,16777216,69353472,1550336,0,121886848,9,57.7521,0,0,3,1,1,1,89.216,100,99.9932,512,2048,0,0,128
nbody_kernel,6098,2048,64,64,8,0,0,1,1,0,4,0,0,0,1,376856,32770,1,276480,0,1,9.09091,2097152,65536,0,0,0.124651,99.9707,3758444544,0,27084800,8388608,34750464,1091584,0,119684224,10,64.925,0,0,3,1,1,1,94.8081,100,99.9965,256,4096,0,0,245
nbody_kernel,39890,2048,64,64,8,0,1,0,0,0,1,1,531335,9074,4,203077092,100716546,6,218140672,99.6325,0,0,0,0,402694144,100683776,0.249456,99.2238,3758297088,0,1276575744,268478464,2449866752,369717248,0,254907008,3,9.90603,0,0,1,1,1,9,28.1588,100,99.5821,1024,0,320,0,25
nbody_kernel,39744,2048,64,64,8,0,1,0,1,0,1,1,778662,8921,4,202420382,100716546,6,201625600,99.8916,1,4.61538,4194304,65536,402694144,100683776,0.249358,99.0733,3758297088,0,1178533888,268478464,2553151488,639201280,0,263492224,2,9.91599,0,0,1,1,1,9,27.839,100,99.5957,1024,1024,320,0,27
nbody_kernel,40626,2048,64,64,8,0,1,1,0,0,1,1,778716,9230,4,206434798,100716546,6,218138624,98.5828,0,0,0,0,402694144,100683776,0.249562,99.4063,3758297088,0,1511620608,268478464,2550611968,369766400,0,265401984,3,9.72392,0,0,1,1,1,9,28.4063,100,99.5986,1024,0,320,0,26
nbody_kernel,37161,2048,64,64,8,0,1,1,0,0,2,1,521017,20602,4,153752348,100722690,5,167813120,99.1161,0,0,0,0,302043136,100689920,0.249729,99.5628,3758346240,0,756121600,134260736,1275543552,184954880,0,191446144,2,10.6248,0,0,1,1,1,8,23.278,100,99.7217,1024,0,416,0,32
nbody_kernel,33874,2048,64,64,8,0,1,1,0,0,4,1,646827,7464799,4,127785620,100734978,5,142659584,99.4749,0,0,0,0,251736064,100702208,0.24988,99.9842,3758444544,0,378374144,67151872,638009344,293857280,0,160761472,2,11.6545,0,0,1,1,1,8,21.1341,100,99.8342,1024,0,608,0,56
nbody_kernel,39965,2048,64,64,8,0,1,1,1,0,1,1,519180,9414,4,202372580,100716546,6,201623552,99.8646,1,4.61538,4194304,65536,402694144,100683776,0.249608,99.1685,3758297088,0,1182367744,268478464,2554806272,639774720,0,263681664,2,9.88282,0,0,1,1,1,8,27.7374,100,99.596,1024,1024,320,0,28
nbody_kernel,47517,2048,64,64,8,0,1,1,1,0,2,1,780625,21301,3,152307046,100722690,4,151298048,99.8375,1,9.09091,2097152,65536,302043136,100689920,0.249548,99.4432,3758346240,0,591495168,134260736,1277640704,51507200,0,182196864,2,8.30894,0,0,1,1,1,6,16.7357,100,99.7076,1024,2048,416,0,32
nbody_kernel,33526,2048,64,64,8,0,1,1,1,0,4,1,529081,7393205,4,126764188,100734978,4,126144512,99.8195,1,9.09091,2097152,65536,251736064,100702208,0.24994,99.9797,3758444544,0,296060928,67151872,639057920,160032768,0,154039936,2,11.7777,0,0,1,1,1,8,20.3079,100,99.827,1024,4096,608,0,56
nbody_kernel,40350,2048,64,64,8,0,2,0,0,0,1,1,778706,8493,4,203206814,100716570,6,218140672,99.6325,0,0,0,0,402694144,100683776,0.249872,99.7164,3758297088,0,739522560,134236160,1241759744,504000512,0,200372032,2,9.79458,0,0,1,1,1,8,22.7923,100,99.4683,1024,0,320,0,40
nbody_kernel,40585,2048,64,64,8,0,2,0,1,0,1,1,778582,8925,4,202420382,100716546,6,201625600,99.8916,1,4.61538,4194304,65536,402694144,100683776,0.249394,99.3895,3758297088,0,641480704,134236160,1345044480,505057280,0,200568896,2,9.7366,0,0,1,1,1,8,22.3493,100,99.4689,1024,1024,320,0,40
nbody_kernel,41304,2048,64,64,8,0,2,1,0,0,1,1,648850,8932,4,206304740,100716546,6,218138624,98.5828,0,0,0,0,402694144,100683776,0.24984,99.8782,3758297088,0,974473216,134236160,1342554112,503959552,0,210862784,2,9.56169,0,0,1,1,1,9,22.6136,100,99.4948,1024,0,320,0,40
nbody_kernel,36749,2048,64,64,8,0,2,1,0,0,2,1,780335,20954,4,154012214,100722690,5,167813120,99.1161,0,0,0,0,302043136,100689920,0.249882,99.9801,3758346240,0,487409664,67127296,671449088,252039168,0,164169408,2,10.7488,0,0,1,1,1,8,20.7622,100,99.6755,1024,0,416,0,40
nbody_kernel,33684,2048,64,64,8,0,2,1,0,0,4,1,528011,7023804,4,127550532,100734978,5,142659584,99.4749,0,0,0,0,251736064,100702208,0.249872,99.9892,3758444544,0,243877888,33572864,537280512,193196032,0,149215680,2,11.7273,0,0,1,1,1,8,20.4491,100,99.8214,1024,0,608,0,56
nbody_kernel,40469,2048,64,64,8,0,2,1,1,0,1,1,519264,8788,4,202243228,100716546,6,201623552,99.8646,1,4.61538,4194304,65536,402694144,100683776,0.249506,99.5632,3758297088,0,645220352,134236160,1346748416,505524224,0,200753600,2,9.76564,0,0,1,1,1,8,22.3943,100,99.4694,1024,1024,320,0,40
nbody_kernel,36016,2048,64,64,8,0,2,1,1,0,2,1,520899,20528,4,151917340,100722690,5,151298048,99.8375,1,9.09091,2097152,65536,302043136,100689920,0.249924,99.9886,3758346240,0,322783232,67127296,673546240,252825600,0,159114944,2,10.9668,0,0,1,1,1,8,20.139,100,99.6651,1024,2048,416,0,40
nbody_kernel,33351,2048,64,64,8,0,2,1,1,0,4,1,528069,6484314,4,126893540,100734978,4,126144512,99.8195,1,9.09091,2097152,65536,251736064,100702208,0.249888,99.9628,3758444544,0,161564672,33572864,538329088,227151872,0,147737280,2,11.8495,0,0,1,1,1,8,20.7628,100,99.8196,1024,4096,608,0,60
nbody_kernel,41308,2048,64,64,8,0,4,0,0,0,1,1,778976,8693,4,203207166,100716546,6,218140672,99.6325,0,0,0,0,402694144,100683776,0.249888,99.9811,3758297088,0,470943744,67115008,637710336,369803264,0,166811200,2,9.56181,0,0,1,1,1,8,18.4724,100,99.3614,1024,0,320,0,46
nbody_kernel,41052,2048,64,64,8,0,4,0,1,0,1,1,519188,8501,4,202161268,100716546,6,201625600,99.8916,1,4.61538,4194304,65536,402694144,100683776,0.249936,99.9828,3758297088,0,372901888,67115008,740995072,303738880,0,164910528,2,9.62142,0,0,1,1,1,8,18.4787,100,99.354,1024,1024,320,0,46
nbody_kernel,42674,2048,64,64,8,0,4,1,0,0,1,1,648934,8267,4,206304948,100716546,6,218138624,98.5828,0,0,0,0,402694144,100683776,0.249928,99.987,3758297088,0,705865728,67115008,738529280,369721344,0,177300544,2,9.25448,0,0,1,1,1,8,20.0633,100,99.3992,1024,0,320,0,41
nbody_kernel,36649,2048,64,64,8,0,4,1,0,0,2,1,688143,20198,4,154011806,100722690,5,167813120,99.1161,0,0,0,0,302043136,100689920,0.249892,99.9193,3758346240,0,353028096,33560576,570753024,218460160,0,154724928,2,10.7853,0,0,1,1,1,8,19.6454,100,99.6556,1024,0,416,0,53
nbody_kernel,33552,2048,64,64,8,0,4,1,0,0,4,1,527855,6439816,4,127550356,100734978,5,142659584,99.4749,0,0,0,0,251736064,100702208,0.249845,99.9866,3758444544,0,176605184,16783360,486916096,142839808,0,143441216,2,11.7704,0,0,1,1,1,8,19.0527,100,99.8142,896,0,608,0,72
nbody_kernel,41079,2048,64,64,8,0,4,1,1,0,1,1,648806,8299,4,202502382,100716546,6,201623552,99.8646,1,4.61538,4194304,65536,402694144,100683776,0.24993,99.9787,3758297088,0,376612864,67115008,742723584,304181248,0,165094336,2,9.6151,0,0,1,1,1,8,18.4844,100,99.3547,1024,1024,320,0,41
nbody_kernel,35788,2048,64,64,8,0,4,1,1,0,2,1,650587,20117,4,151917420,100722690,5,151298048,99.8375,1,9.09091,2097152,65536,302043136,100689920,0.249909,99.9921,3758346240,0,188401664,33560576,572850176,152141824,0,147573440,2,11.0382,0,0,1,1,1,8,18.7356,100,99.639,1024,2048,416,0,48
nbody_kernel,33164,2048,64,64,8,0,4,1,1,0,4,1,528153,6488062,4,126763852,100734978,4,126144512,99.8195,1,9.09091,2097152,65536,251736064,100702208,0.249898,99.9868,3758444544,0,94291968,16783360,487964672,126455808,0,140389696,2,11.9096,0,0,1,1,1,8,18.712,100,99.8101,896,4096,608,0,72
nbody_kernel,10941,2048,64,64,8,0,8,0,0,0,1,1,129842,104,1,1211104,32770,2,16793600,0,0,0,0,0,0,0,0.249714,99.7728,3758297088,0,202438656,33556480,33619968,610304,0,125907840,6,36.173,0,0,2,1,1,1,59.955,100,99.9869,640,0,0,0,94
nbody_kernel,8492,2048,64,64,8,0,8,0,1,0,1,1,259458,0,1,554394,32770,1,278528,0,2,4.61538,4194304,65536,0,0,0.249675,99.9704,3758297088,0,104396800,33554432,136904704,2232320,0,126122304,7,46.6049,0,0,3,1,1,1,75.9196,100,99.9869,640,1024,0,0,96
nbody_kernel,10672,2048,64,64,8,0,8,1,0,0,1,1,67358,0,1,4309016,32770,2,16791552,0,0,0,0,0,0,0,0.249699,99.7807,3758297088,0,437340160,33556480,134365184,67729408,0,138494272,7,37.0831,0,0,2,1,1,2,66.1052,100,99.9881,640,0,0,0,96
nbody_kernel,7709,2048,64,64,8,0,8,1,0,0,2,1,259490,0,1,2471322,32770,3,16791552,0,0,0,0,0,0,0,0.249637,99.8433,3758346240,0,218712064,16779264,67256320,33955840,0,127978624,8,51.3514,0,0,3,1,1,2,85.0329,100,99.9935,512,0,0,0,128
nbody_kernel,7254,2048,64,64,8,0,8,1,0,0,4,1,129728,8,1,1293024,32770,3,16791552,0,0,0,0,0,0,0,0.124802,99.8515,3758444544,0,109398016,8390656,33701888,17147904,0,122725568,9,54.6245,0,0,3,1,1,1,82.459,100,99.9966,256,0,0,0,243
nbody_kernel,8514,2048,64,64,8,0,8,1,1,0,1,1,129728,0,1,506592,32770,1,276480,0,2,4.61538,4194304,65536,0,0,0.249804,99.9788,3758297088,0,108087296,33554432,138559488,2764800,0,126305984,7,46.5114,0,0,3,1,1,1,75.8533,100,99.9869,640,1024,0,0,96
nbody_kernel,6859,2048,64,64,8,0,8,1,1,0,2,0,0,0,1,506592,32770,1,276480,0,1,9.09091,2097152,65536,0,0,0.249864,99.9627,3758346240,0,54085632,16777216,69353472,1550336,0,121886848,9,57.7443,0,0,3,1,1,1,89.2125,100,99.9932,512,2048,0,0,128
nbody_kernel,6087,2048,64,64,8,0,8,1,1,0,4,0,0,0,1,377016,32770,1,276480,0,1,9.09091,2097152,65536,0,0,0.12432,99.9519,3758444544,0,27084800,8388608,34750464,1091584,0,119684224,10,65.0605,0,0,3,1,1,1,95.0239,100,99.9965,256,4096,0,0,245
nbody_kernel,10939,2048,64,64,8,1,0,0,0,0,1,1,127850,56,1,1081472,32770,2,16793600,0,0,0,0,0,0,0,0.249744,99.7849,3758297088,0,202438656,33556480,33619968,610304,0,125907840,6,36.181,0,0,2,1,1,1,59.961,100,99.9869,640,0,0,0,94
nbody_kernel,8491,2048,64,64,8,1,0,0,1,0,1,1,259458,0,1,554394,32770,1,278528,0,2,4.61538,4194304,65536,0,0,0.249712,99.9762,3758297088,0,104396800,33554432,136904704,2232320,0,126122304,7,46.6127,0,0,3,1,1,1,75.9278,100,99.9869,640,1024,0,0,96
nbody_kernel,10671,2048,64,64,8,1,0,1,0,0,1,1,259563,142,1,4568474,32770,2,16791552,0,0,0,0,0,0,0,0.249699,99.7435,3758297088,0,437340160,33556480,134365184,67729408,0,138494272,7,37.0692,0,0,2,1,1,2,66.105,100,99.9881,640,0,0,0,96
nbody_kernel,7708,2048,64,64,8,1,0,1,0,0,2,1,129728,0,1,2341600,32770,3,16791552,0,0,0,0,0,0,0,0.249632,99.9051,3758346240,0,218712064,16779264,67256320,33955840,0,127978624,8,51.3825,0,0,3,1,1,2,85.032,100,99.9935,512,0,0,0,128
nbody_kernel,7073,2048,64,64,8,1,0,1,0,0,4,1,2,16,1,1163288,32770,3,16791552,0,0,0,0,0,0,0,0.124797,99.7159,3758444544,0,109398016,8390656,33701888,17145856,0,122725504,9,56.034,0,0,3,1,1,1,84.7016,100,99.9966,256,0,0,0,243
nbody_kernel,8513,2048,64,64,8,1,0,1,1,0,1,1,172610,0,1,636466,32770,1,276480,0,2,4.61538,4194304,65536,0,0,0.249768,99.9681,3758297088,0,108087296,33554432,138559488,2764800,0,126305984,7,46.5068,0,0,3,1,1,1,75.8541,100,99.9869,640,1024,0,0,96
nbody_kernel,6861,2048,64,64,8,1,0,1,1,0,2,1,259458,0,1,636314,32770,1,276480,0,1,9.09091,2097152,65536,0,0,0.24984,99.9659,3758346240,0,54085632,16777216,69353472,1550336,0,121886848,9,57.7438,0,0,3,1,1,1,89.2088,100,99.9932,512,2048,0,0,128
nbody_kernel,6091,2048,64,64,8,1,0,1,1,0,4,0,0,0,1,376856,32770,1,276480,0,1,9.09091,2097152,65536,0,0,0.12459,99.9668,3758444544,0,27084800,8388608,34750464,1091584,0,119684224,10,64.9265,0,0,3,1,1,1,94.8139,100,99.9965,256,4096,0,0,245
nbody_kernel,40051,2048,64,64,8,1,1,0,0,0,1,1,585360,9239,4,203079004,100716546,6,218140672,99.6325,0,0,0,0,402694144,100683776,0.24963,99.2024,3758297088,0,1276575744,268478464,2449866752,369717248,0,254907008,3,9.86441,0,0,1,1,1,9,28.0466,100,99.5821,1024,0,320,0,25
nbody_kernel,40048,2048,64,64,8,1,1,0,1,0,1,1,519252,8874,4,202161036,100716546,6,201625600,99.8916,1,4.61538,4194304,65536,402694144,100683776,0.249634,99.1484,3758297088,0,1178533888,268478464,2553151488,672755712,0,264540800,2,9.87559,0,0,1,1,1,8,27.8429,100,99.5973,1024,1024,320,0,27
nbody_kernel,40793,2048,64,64,8,1,1,1,0,0,1,1,778688,9250,4,206434462,100716546,6,218138624,98.5828,0,0,0,0,402694144,100683776,0.249742,99.3682,3758297088,0,1511620608,268478464,2550611968,369766400,0,265401984,3,9.68498,0,0,1,1,1,9,28.3034,100,99.5986,1024,0,320,0,26
nbody_kernel,37137,2048,64,64,8,1,1,1,0,0,2,1,520973,20766,4,153752348,100722690,5,167813120,99.1161,0,0,0,0,302043136,100689920,0.249732,99.5904,3758346240,0,756121600,134260736,1275543552,184954880,0,191446144,2,10.6406,0,0,1,1,1,8,23.3062,100,99.7217,1024,0,416,0,32
nbody_kernel,33886,2048,64,64,8,1,1,1,0,0,4,1,529123,7451800,4,127680572,100734978,5,142659584,99.4749,0,0,0,0,251736064,100702208,0.249895,99.9916,3758444544,0,378374144,67151872,638009344,293857280,0,160761472,2,11.6562,0,0,1,1,1,8,21.1356,100,99.8342,1024,0,608,0,56
nbody_kernel,39860,2048,64,64,8,1,1,1,1,0,1,1,519180,9114,4,202242940,100716546,6,201623552,99.8646,1,4.61538,4194304,65536,402694144,100683776,0.249509,99.1449,3758297088,0,1182367744,268478464,2554806272,673329152,0,264730240,2,9.91146,0,0,1,1,1,9,27.9632,100,99.5976,1024,1024,320,0,28
nbody_kernel,47609,2048,64,64,8,1,1,1,1,0,2,1,780485,21326,3,152177190,100722690,4,151298048,99.8375,1,9.09091,2097152,65536,302043136,100689920,0.24954,99.4457,3758346240,0,591495168,134260736,1277640704,68284416,0,182721152,2,8.2949,0,0,1,1,1,6,16.7649,100,99.7084,1024,2048,416,0,32
nbody_kernel,33530,2048,64,64,8,1,1,1,1,0,4,1,529189,7393231,4,126894236,100734978,4,126144512,99.8195,1,9.09091,2097152,65536,251736064,100702208,0.249942,99.992,3758444544,0,296060928,67151872,639057920,168421376,0,154302080,2,11.7785,0,0,1,1,1,8,20.3476,100,99.8272,1024,4096,608,0,56
nbody_kernel,40375,2048,64,64,8,1,2,0,0,0,1,1,519450,8370,4,202947876,100716546,6,218140672,99.6325,0,0,0,0,402694144,100683776,0.24987,99.7003,3758297088,0,739522560,134236160,1241759744,504000512,0,200372032,2,9.79155,0,0,1,1,1,8,22.7889,100,99.4683,1024,0,320,0,40
nbody_kernel,40588,2048,64,64,8,1,2,0,1,0,1,1,648986,8609,4,202420766,100716546,6,201625600,99.8916,1,4.61538,4194304,65536,402694144,100683776,0.24934,99.4251,3758297088,0,641480704,134236160,1345044480,538611712,0,201617472,2,9.7331,0,0,1,1,1,8,22.4692,100,99.4716,1024,1024,320,0,40
nbody_kernel,41379,2048,64,64,8,1,2,1,0,0,1,1,778528,8876,4,206434582,100716546,6,218138624,98.5828,0,0,0,0,402694144,100683776,0.249792,99.8406,3758297088,0,974473216,134236160,1342554112,503959552,0,210862784,2,9.55026,0,0,1,1,1,9,22.5951,100,99.4948,1024,0,320,0,40
nbody_kernel,36750,2048,64,64,8,1,2,1,0,0,2,1,650595,21074,4,154011894,100722690,5,167813120,99.1161,0,0,0,0,302043136,100689920,0.249883,99.99,3758346240,0,487409664,67127296,671449088,252039168,0,164169408,2,10.75,0,0,1,1,1,8,20.7624,100,99.6755,1024,0,416,0,40
nbody_kernel,33693,2048,64,64,8,1,2,1,0,0,4,1,528071,7001801,4,127550396,100734978,5,142659584,99.4749,0,0,0,0,251736064,100702208,0.24987,99.9829,3758444544,0,243877888,33572864,537280512,193196032,0,149215680,2,11.7265,0,0,1,1,1,8,20.4489,100,99.8214,1024,0,608,0,56
nbody_kernel,40478,2048,64,64,8,1,2,1,1,0,1,1,519228,8666,4,202243260,100716546,6,201623552,99.8646,1,4.61538,4194304,65536,402694144,100683776,0.249448,99.5275,3758297088,0,645220352,134236160,1346748416,539078656,0,201802176,2,9.76346,0,0,1,1,1,8,22.5335,100,99.4721,1024,1024,320,0,40
nbody_kernel,36020,2048,64,64,8,1,2,1,1,0,2,1,650787,20430,4,151917572,100722690,5,151298048,99.8375,1,9.09091,2097152,65536,302043136,100689920,0.249944,99.9853,3758346240,0,322783232,67127296,673546240,269602816,0,159639232,2,10.9663,0,0,1,1,1,8,20.215,100,99.6662,1024,2048,416,0,40
nbody_kernel,33342,2048,64,64,8,1,2,1,1,0,4,1,527945,6505091,4,126763884,100734978,4,126144512,99.8195,1,9.09091,2097152,65536,251736064,100702208,0.249879,99.9431,3758444544,0,161564672,33572864,538329088,235540480,0,147999424,2,11.8467,0,0,1,1,1,8,20.803,100,99.8199,1024,4096,608,0,60
nbody_kernel,41312,2048,64,64,8,1,4,0,0,0,1,1,649264,8666,4,203206926,100716546,6,218140672,99.6325,0,0,0,0,402694144,100683776,0.249882,99.9869,3758297088,0,470943744,67115008,637710336,369803264,0,166811200,2,9.56241,0,0,1,1,1,8,18.4725,100,99.3614,1024,0,320,0,46
nbody_kernel,41054,2048,64,64,8,1,4,0,1,0,1,1,649060,8177,4,202291156,100716546,6,201625600,99.8916,1,4.61538,4194304,65536,402694144,100683776,0.249938,99.9867,3758297088,0,372901888,67115008,740995072,337293312,0,165959104,2,9.6224,0,0,1,1,1,8,18.6135,100,99.3581,1024,1024,320,0,46
nbody_kernel,42687,2048,64,64,8,1,4,1,0,0,1,1,519174,8540,4,206175084,100716546,6,218138624,98.5828,0,0,0,0,402694144,100683776,0.249911,99.9889,3758297088,0,705865728,67115008,738529280,369721344,0,177300544,2,9.25468,0,0,1,1,1,8,20.0634,100,99.3992,1024,0,320,0,41
nbody_kernel,36634,2048,64,64,8,1,4,1,0,0,2,1,650551,20339,4,154011958,100722690,5,167813120,99.1161,0,0,0,0,302043136,100689920,0.249917,99.9207,3758346240,0,353028096,33560576,570753024,218460160,0,154724928,2,10.7869,0,0,1,1,1,8,19.6481,100,99.6556,1024,0,416,0,53
nbody_kernel,33561,2048,64,64,8,1,4,1,0,0,4,1,528059,6470782,4,127680164,100734978,5,142659584,99.4749,0,0,0,0,251736064,100702208,0.249857,99.988,3758444544,0,176605184,16783360,486916096,142839808,0,143441216,2,11.7699,0,0,1,1,1,8,19.0516,100,99.8142,896,0,608,0,72
nbody_kernel,41076,2048,64,64,8,1,4,1,1,0,1,1,778654,8372,4,202502302,100716546,6,201623552,99.8646,1,4.61538,4194304,65536,402694144,100683776,0.249945,99.9843,3758297088,0,376612864,67115008,742723584,337735680,0,166142912,2,9.61604,0,0,1,1,1,8,18.6187,100,99.3588,1024,1024,320,0,41
nbody_kernel,35789,2048,64,64,8,1,4,1,1,0,2,1,520887,19380,4,151917340,100722690,5,151298048,99.8375,1,9.09091,2097152,65536,302043136,100689920,0.249904,99.9774,3758346240,0,188401664,33560576,572850176,168919040,0,148097728,2,11.0367,0,0,1,1,1,8,18.8125,100,99.6402,1024,2048,416,0,48
nbody_kernel,33162,2048,64,64,8,1,4,1,1,0,4,1,527765,6468824,4,126763924,100734978,4,126144512,99.8195,1,9.09091,2097152,65536,251736064,100702208,0.249892,99.9901,3758444544,0,94291968,16783360,487964672,134844416,0,140651840,2,11.9105,0,0,1,1,1,8,18.754,100,99.8105,896,4096,608,0,72
nbody_kernel,10942,2048,64,64,8,1,8,0,0,0,1,1,45132,120,1,1081368,32770,2,16793600,0,0,0,0,0,0,0,0.249747,99.7882,3758297088,0,202438656,33556480,33619968,610304,0,125907840,6,36.1824,0,0,2,1,1,1,59.9614,100,99.9869,640,0,0,0,94
nbody_kernel,8495,2048,64,64,8,1,8,0,1,0,1,1,129728,16,1,424672,32770,1,278528,0,2,4.61538,4194304,65536,0,0,0.249762,99.9688,3758297088,0,104396800,33554432,136904704,2232320,0,126122304,7,46.6106,0,0,3,1,1,1,75.93,100,99.9869,640,1024,0,0,96
nbody_kernel,10673,2048,64,64,8,1,8,1,0,0,1,1,259507,24,1,4568474,32770,2,16791552,0,0,0,0,0,0,0,0.249699,99.7517,3758297088,0,437340160,33556480,134365184,67729408,0,138494272,7,37.0731,0,0,2,1,1,2,66.1066,100,99.9881,640,0,0,0,96
nbody_kernel,7708,2048,64,64,8,1,8,1,0,0,2,1,129728,0,1,2341600,32770,3,16791552,0,0,0,0,0,0,0,0.24964,99.8949,3758346240,0,218712064,16779264,67256320,33955840,0,127978624,8,51.3812,0,0,3,1,1,2,85.0383,100,99.9935,512,0,0,0,128
nbody_kernel,7072,2048,64,64,8,1,8,1,0,0,4,1,0,8,1,1163288,32770,3,16791552,0,0,0,0,0,0,0,0.124839,99.6809,3758444544,0,109398016,8390656,33701888,17147904,0,122725568,9,56.0283,0,0,3,1,1,1,84.7228,100,99.9966,256,0,0,0,243
nbody_kernel,8511,2048,64,64,8,1,8,1,1,0,1,1,12,0,1,376944,32770,1,276480,0,2,4.61538,4194304,65536,0,0,0.249774,99.9733,3758297088,0,108087296,33554432,138559488,2764800,0,126305984,7,46.513,0,0,3,1,1,1,75.8601,100,99.9869,640,1024,0,0,96
nbody_kernel,6858,2048,64,64,8,1,8,1,1,0,2,1,16,4,1,376936,32770,1,276480,0,1,9.09091,2097152,65536,0,0,0.249826,99.9627,3758346240,0,54085632,16777216,69353472,1550336,0,121886848,9,57.7434,0,0,3,1,1,1,89.2111,100,99.9932,512,2048,0,0,128
nbody_kernel,6099,2048,64,64,8,1,8,1,1,0,4,1,259458,0,1,636314,32770,1,276480,0,1,9.09091,2097152,65536,0,0,0.124591,99.8954,3758444544,0,27084800,8388608,34750464,1091584,0,119684224,10,64.9936,0,0,3,1,1,1,94.9798,100,99.9965,256,4096,0,0,245
nbody_kernel,6406,2048,64,64,8,2,0,0,0,0,1,1,259460,16,1,1340826,32770,3,16793600,0,0,0,0,0,0,0,0.249727,99.9708,3758297088,0,101775360,16779264,33619968,17387520,0,122762112,10,61.9038,0,0,3,1,1,1,94.2294,100,99.9865,512,0,0,0,122
nbody_kernel,5936,2048,64,64,8,2,0,0,1,0,1,1,259458,0,1,554394,32770,1,278528,0,1,9.09091,2097152,65536,0,0,0.248356,99.9702,3758297088,0,54065152,16777216,69795840,2230272,0,121927936,10,66.7748,0,0,3,1,1,1,98.5727,100,99.9865,512,1024,0,0,124
nbody_kernel,6464,2048,64,64,8,2,0,1,0,0,1,1,259527,68,1,4568698,32770,3,16791552,0,0,0,0,0,0,0,0.249453,99.9476,3758297088,0,219236352,16779264,134365184,50941952,0,130629632,10,61.3286,0,0,3,1,1,3,95.5083,100,99.9874,512,0,0,0,123
nbody_kernel,7245,2048,64,64,8,2,0,1,0,0,2,0,0,0,1,2211864,32770,3,16791552,0,0,0,0,0,0,0,0.143036,99.8883,3758346240,0,109660160,8390656,67256320,25563136,0,124046336,9,54.6908,0,0,3,1,1,2,81.7774,100,99.9933,384,0,0,0,160
nbody_kernel,8655,2048,64,64,8,2,0,1,0,0,4,1,106,16,1,1163288,32770,3,16791552,0,0,0,0,0,0,0,0.125001,97.7427,3758444544,0,54872064,4196352,33701888,17147904,0,120890560,7,45.7548,0,0,3,1,1,1,69.1783,100,99.9965,256,0,0,0,248
nbody_kernel,5976,2048,64,64,8,2,0,1,1,0,1,1,64,0,1,437660,32770,1,276480,0,1,9.09091,2097152,65536,0,0,0.249875,99.9712,3758297088,0,57755648,16777216,71450624,2758656,0,122111488,10,66.3281,0,0,3,1,1,1,98.0295,100,99.9865,512,1024,0,0,123
nbody_kernel,7544,2048,64,64,8,2,0,1,1,0,2,1,259458,8,1,636314,32770,1,276480,0,1,9.09091,2097152,65536,0,0,0.150013,99.9667,3758346240,0,28919808,8388608,35799040,1550336,0,119789696,10,62.0977,0,0,3,1,1,1,90.7584,100,99.9931,384,2048,0,0,160
nbody_kernel,7733,2048,64,64,8,2,0,1,1,0,4,1,259506,0,1,636418,32770,1,276480,0,1,9.09091,2097152,65536,0,0,0.125015,97.0446,3758444544,0,14501888,4194304,34750464,1091584,0,119159936,8,51.192,0,0,3,1,1,1,76.6418,100,99.9965,256,4096,0,0,247
nbody_kernel,39607,2048,64,64,8,2,1,0,0,0,1,1,779143,9275,5,203207502,100716546,6,218140672,99.6325,0,0,0,0,402694144,100683776,0.249528,99.1976,3758297088,0,1444347904,251701248,2449866752,487157760,0,263295616,3,9.9681,0,0,1,1,1,9,30.5058,100,99.5954,1024,0,320,0,27
nbody_kernel,39758,2048,64,64,8,2,1,0,1,0,1,1,519204,8905,4,202160924,100716546,6,201625600,99.8916,1,4.61538,4194304,65536,402694144,100683776,0.249352,99.0439,3758297088,0,1396637696,251701248,2553151488,639201280,0,269783680,3,9.92879,0,0,1,1,1,9,30.5284,100,99.6051,1024,1024,320,0,27
nbody_kernel,40385,2048,64,64,8,2,1,1,0,0,1,1,519310,9247,4,206175068,100716546,6,218138624,98.5828,0,0,0,0,402694144,100683776,0.249608,99.3809,3758297088,0,1561952256,251701248,2550611968,487206912,0,270120576,3,9.79257,0,0,1,1,1,9,30.53,100,99.6056,1024,0,320,0,32
nbody_kernel,35769,2048,64,64,8,2,1,1,0,0,2,1,520889,21298,4,153752348,100722690,5,167813120,99.1161,0,0,0,0,302043136,100689920,0.249877,99.9206,3758346240,0,781287424,125872128,1275543552,243658752,0,193804928,2,11.0441,0,0,1,1,1,8,25.1078,100,99.7251,1024,0,416,0,40
nbody_kernel,33902,2048,64,64,8,2,1,1,0,0,4,1,528195,6138457,4,127550436,100734978,5,142659584,99.4749,0,0,0,0,251736064,100702208,0.249792,99.9816,3758444544,0,390957056,62957568,638009344,88336384,0,154601088,2,11.6494,0,0,1,1,1,8,21.5097,100,99.8276,1024,0,608,0,64
nbody_kernel,39657,2048,64,64,8,2,1,1,1,0,1,1,778498,9052,4,202502302,100716546,6,201623552,99.8646,1,4.61538,4194304,65536,402694144,100683776,0.249329,99.0449,3758297088,0,1400471552,251701248,2554806272,639758336,0,269972608,3,9.95781,0,0,1,1,1,9,30.6356,100,99.6054,1024,1024,320,0,28
nbody_kernel,34915,2048,64,64,8,2,1,1,1,0,2,1,521075,20958,4,151917340,100722690,5,151298048,99.8375,1,9.09091,2097152,65536,302043136,100689920,0.249887,99.9694,3758346240,0,700547072,125872128,1277640704,252833792,0,191634048,2,11.3137,0,0,1,1,1,8,25.4182,100,99.722,1024,2048,416,0,39
nbody_kernel,33537,2048,64,64,8,2,1,1,1,0,4,1,528553,7383347,4,126893540,100734978,4,126144512,99.8195,1,9.09091,2097152,65536,251736064,100702208,0.249949,99.9905,3758444544,0,350586880,62957568,639057920,193587200,0,156661376,2,11.7743,0,0,1,1,1,8,21.0766,100,99.8298,1024,4096,608,0,56
nbody_kernel,40303,2048,64,64,8,2,2,0,0,0,1,1,519442,9091,4,203050528,100716546,6,218140672,99.6325,0,0,0,0,402694144,100683776,0.249739,99.7489,3758297088,0,773076992,117458944,1241759744,554332160,0,202469184,2,9.80088,0,0,1,1,1,8,24.0959,100,99.4739,1024,0,320,0,40
nbody_kernel,41381,2048,64,64,8,2,2,0,1,0,1,1,648902,8867,4,202420462,100716546,6,201625600,99.8916,1,4.61538,4194304,65536,402694144,100683776,0.249525,99.3587,3758297088,0,725366784,117458944,1345044480,437948416,0,200568896,2,9.54992,0,0,1,1,1,8,22.595,100,99.4689,1024,1024,320,0,40
nbody_kernel,42894,2048,64,64,8,2,2,1,0,0,1,1,778476,8617,4,206434462,100716546,6,218138624,98.5828,0,0,0,0,402694144,100683776,0.249729,99.4639,3758297088,0,890587136,117458944,1342554112,352964608,0,202998464,2,9.21329,0,0,1,1,1,8,22.0734,100,99.4752,1024,0,320,0,40
nbody_kernel,36748,2048,64,64,8,2,2,1,0,0,2,1,520657,20616,4,153752348,100722690,5,167813120,99.1161,0,0,0,0,302043136,100689920,0.249845,99.9839,3758346240,0,445466624,58738688,671449088,243650560,0,162334400,2,10.7503,0,0,1,1,1,8,20.5777,100,99.6718,1024,0,416,0,48
nbody_kernel,33682,2048,64,64,8,2,2,1,0,0,4,1,528307,6599013,4,127550348,100734978,5,142659584,99.4749,0,0,0,0,251736064,100702208,0.249821,99.9782,3758444544,0,222906368,29378560,537280512,189001728,0,148298176,2,11.7299,0,0,1,1,1,8,20.4355,100,99.8203,896,0,608,0,67
nbody_kernel,40348,2048,64,64,8,2,2,1,1,0,1,1,678334,8867,4,202502302,100716546,6,201623552,99.8646,1,4.61538,4194304,65536,402694144,100683776,0.249497,99.5746,3758297088,0,729106432,117458944,1346748416,505524224,0,202850752,2,9.7971,0,0,1,1,1,8,23.6936,100,99.4748,1024,1024,320,0,40
nbody_kernel,35998,2048,64,64,8,2,2,1,1,0,2,1,650559,20721,4,151917420,100722690,5,151298048,99.8375,1,9.09091,2097152,65536,302043136,100689920,0.249926,99.9773,3758346240,0,364726272,58738688,673546240,252825600,0,160163520,2,10.9731,0,0,1,1,1,8,20.6865,100,99.6673,1024,2048,416,0,40
nbody_kernel,33307,2048,64,64,8,2,2,1,1,0,4,1,527621,6481365,4,126763860,100734978,4,126144512,99.8195,1,9.09091,2097152,65536,251736064,100702208,0.249944,99.9822,3758444544,0,182546432,29378560,538329088,176816128,0,146688896,2,11.8648,0,0,1,1,1,8,20.7443,100,99.8183,1024,4096,608,0,60
nbody_kernel,41352,2048,64,64,8,2,4,0,0,0,1,1,553782,8374,4,203015676,100716546,6,218140672,99.6325,0,0,0,0,402694144,100683776,0.249882,99.9924,3758297088,0,370280448,50337792,637710336,285917184,0,160519744,2,9.55286,0,0,1,1,1,8,18.6521,100,99.3364,1024,0,320,0,46
nbody_kernel,41022,2048,64,64,8,2,4,0,1,0,1,1,519200,8863,4,202173944,100716546,6,201625600,99.8916,1,4.61538,4194304,65536,402694144,100683776,0.249917,99.9899,3758297088,0,322570240,50337792,740995072,303738880,0,162813376,2,9.62963,0,0,1,1,1,8,18.6269,100,99.3457,1024,1024,320,0,46
nbody_kernel,42629,2048,64,64,8,2,4,1,0,0,1,1,649048,8332,4,206434550,100716546,6,218138624,98.5828,0,0,0,0,402694144,100683776,0.249827,99.9539,3758297088,0,487759872,50337792,738529280,319373312,0,168387072,2,9.2653,0,0,1,1,1,8,18.6128,100,99.3674,1024,0,320,0,51
nbody_kernel,36582,2048,64,64,8,2,4,1,0,0,2,1,520893,19804,4,153794400,100722690,5,167813120,99.1161,0,0,0,0,302043136,100689920,0.249896,99.9808,3758346240,0,277530624,25171968,570753024,193290240,0,151316928,2,10.8009,0,0,1,1,1,8,19.2493,100,99.6479,1024,0,416,0,64
nbody_kernel,33559,2048,64,64,8,2,4,1,0,0,4,1,527751,6096275,4,127578476,100734978,5,142659584,99.4749,0,0,0,0,251736064,100702208,0.249841,99.9847,3758444544,0,138856448,12589056,486916096,155422720,0,142523712,2,11.7699,0,0,1,1,1,8,19.4813,100,99.813,896,0,608,0,72
nbody_kernel,41385,2048,64,64,8,2,4,1,1,0,1,1,519212,8478,4,202243036,100716546,6,201623552,99.8646,1,4.61538,4194304,65536,402694144,100683776,0.249824,99.8602,3758297088,0,326281216,50337792,742723584,304181248,0,162997184,2,9.54705,0,0,1,1,1,8,18.5082,100,99.3464,1024,1024,320,0,41
nbody_kernel,35777,2048,64,64,8,2,4,1,1,0,2,1,520883,20022,4,151917620,100722690,5,151298048,99.8375,1,9.09091,2097152,65536,302043136,100689920,0.249892,99.9783,3758346240,0,196790272,25171968,572850176,236032000,0,150195008,2,11.0402,0,0,1,1,1,8,19.3551,100,99.6453,1024,2048,416,0,56
nbody_kernel,33172,2048,64,64,8,2,4,1,1,0,4,1,528093,5857564,4,126893540,100734978,4,126144512,99.8195,1,9.09091,2097152,65536,251736064,100702208,0.249906,99.9888,3758444544,0,98486272,12589056,487964672,151621632,0,141176128,2,11.9078,0,0,1,1,1,8,19.2875,100,99.8112,896,4096,608,0,72
nbody_kernel,6408,2048,64,64,8,2,8,0,0,0,1,1,2,8,1,1081368,32770,3,16793600,0,0,0,0,0,0,0,0.249678,99.9058,3758297088,0,101775360,16779264,33619968,17387520,0,122762112,10,61.8462,0,0,3,1,1,1,94.2031,100,99.9865,512,0,0,0,122
nbody_kernel,5936,2048,64,64,8,2,8,0,1,0,1,0,0,0,1,294936,32770,1,278528,0,1,9.09091,2097152,65536,0,0,0.248617,99.9762,3758297088,0,54065152,16777216,69795840,2230272,0,121927936,10,66.7827,0,0,3,1,1,1,98.5783,100,99.9865,512,1024,0,0,124
nbody_kernel,6468,2048,64,64,8,2,8,1,0,0,1,1,259459,8,1,4568474,32770,3,16791552,0,0,0,0,0,0,0,0.249239,99.9535,3758297088,0,219236352,16779264,134365184,50941952,0,130629632,10,61.2955,0,0,3,1,1,3,95.4512,100,99.9874,512,0,0,0,123
nbody_kernel,7243,2048,64,64,8,2,8,1,0,0,2,1,16,0,1,2341720,32770,3,16791552,0,0,0,0,0,0,0,0.143018,99.9121,3758346240,0,109660160,8390656,67256320,25563136,0,124046336,9,54.6944,0,0,3,1,1,2,81.7633,100,99.9933,384,0,0,0,160
nbody_kernel,8730,2048,64,64,8,2,8,1,0,0,4,1,129732,16,1,1422746,32770,3,16791552,0,0,0,0,0,0,0,0.12497,97.5868,3758444544,0,54872064,4196352,33701888,17149952,0,120890624,7,45.332,0,0,3,1,1,1,68.6485,100,99.9965,256,0,0,0,248
nbody_kernel,5978,2048,64,64,8,2,8,1,1,0,1,1,102687,0,1,506592,32770,1,276480,0,1,9.09091,2097152,65536,0,0,0.249878,99.9273,3758297088,0,57755648,16777216,71450624,2758656,0,122111488,10,66.3065,0,0,3,1,1,1,98.0407,100,99.9865,512,1024,0,0,123
nbody_kernel,6381,2048,64,64,8,2,8,1,1,0,2,1,259458,8,1,636314,32770,1,276480,0,1,9.09091,2097152,65536,0,0,0.155643,99.9736,3758346240,0,28919808,8388608,35799040,1550336,0,119789696,10,62.1021,0,0,3,1,1,1,90.7585,100,99.9931,384,2048,0,0,160
nbody_kernel,7673,2048,64,64,8,2,8,1,1,0,4,0,0,0,1,506592,32770,1,276480,0,1,9.09091,2097152,65536,0,0,0.125011,97.1727,3758444544,0,14501888,4194304,34750464,1091584,0,119159936,8,51.6257,0,0,3,1,1,1,77.1892,100,99.9965,256,4096,0,0,247
nbody_kernel,6244,2048,64,64,8,4,0,0,0,0,1,1,2,16,1,1085584,32770,3,16793600,0,0,0,0,0,0,0,0.249302,99.9526,3758297088,0,51443712,8390656,33619968,25776128,0,121189248,10,63.5353,0,0,3,1,1,1,94.5236,100,99.9864,512,0,0,0,122
nbody_kernel,5959,2048,64,64,8,4,0,0,1,0,1,1,11864,0,1,318638,32770,1,278528,0,1,9.09091,2097152,65536,0,0,0.249735,99.969,3758297088,0,28899328,8388608,36241408,2230272,0,119830784,10,66.4793,0,0,3,1,1,1,97.6758,100,99.9862,512,1024,0,0,126
nbody_kernel,6257,2048,64,64,8,4,0,1,0,0,1,1,2,16,1,4309016,32770,3,16791552,0,0,0,0,0,0,0,0.249183,99.9519,3758297088,0,110184448,8390656,134365184,50950144,0,126959872,10,63.35,0,0,3,1,1,3,97.3316,100,99.987,512,0,0,0,125
nbody_kernel,9796,2048,64,64,8,4,0,1,0,0,2,1,12,0,1,2211960,32770,2,16791552,0,0,0,0,0,0,0,0.142011,85.0075,3758346240,0,55134208,4196352,67256320,38146048,0,122604544,7,40.3277,0,0,3,1,1,2,70.2802,100,99.9932,384,0,0,0,160
nbody_kernel,8224,2048,64,64,8,4,0,1,0,0,4,1,2,16,1,1163288,32770,3,16791552,0,0,0,0,0,0,0,0.124967,96.9855,3758444544,0,27609088,2099200,33701888,15046656,0,119907392,8,48.136,0,0,3,1,1,1,72.7436,100,99.9965,256,0,0,0,247
nbody_kernel,5958,2048,64,64,8,4,0,1,1,0,1,0,0,0,1,376856,32770,1,276480,0,1,9.09091,2097152,65536,0,0,0.248364,99.9694,3758297088,0,32589824,8388608,37896192,2760704,0,120014400,10,66.5244,0,0,3,1,1,1,97.8737,100,99.9862,512,1024,0,0,124
nbody_kernel,8900,2048,64,64,8,4,0,1,1,0,2,1,129732,16,1,636314,32770,1,276480,0,1,9.09091,2097152,65536,0,0,0.14371,85.3091,3758346240,0,16336896,4194304,35799040,1544192,0,119265216,8,44.4681,0,0,3,1,1,1,76.0682,100,99.993,384,2048,0,0,162
nbody_kernel,7793,2048,64,64,8,4,0,1,1,0,4,1,12872,0,1,402576,32770,1,276480,0,1,9.09091,2097152,65536,0,0,0.124982,96.8233,3758444544,0,8210432,2097152,34750464,1089536,0,118897728,8,50.8283,0,0,3,1,1,1,76.089,100,99.9964,256,4096,0,0,250
nbody_kernel,39549,2048,64,64,8,4,1,0,0,0,1,1,778781,8965,5,203206814,100716546,6,218140672,99.6325,0,0,0,0,402694144,100683776,0.24943,99.1608,3758297088,0,1394016256,243312640,2449866752,420048896,0,259363456,3,9.99423,0,0,1,1,1,9,30.3172,100,99.5893,1024,0,320,0,27
nbody_kernel,39747,2048,64,64,8,4,1,0,1,0,1,1,778638,9022,4,202420622,100716546,6,201625600,99.8916,1,4.61538,4194304,65536,402694144,100683776,0.249346,98.9584,3758297088,0,1371471872,243312640,2553151488,639201280,0,268735104,3,9.93919,0,0,1,1,1,9,30.4473,100,99.6036,1024,1024,320,0,27
nbody_kernel,40219,2048,64,64,8,4,1,1,0,0,1,1,778908,9363,4,206434910,100716546,6,218138624,98.5828,0,0,0,0,402694144,100683776,0.249542,99.3331,3758297088,0,1452900352,243312640,2550611968,428486656,0,264615552,3,9.81728,0,0,1,1,1,9,30.21,100,99.5974,1024,0,320,0,32
nbody_kernel,36349,2048,64,64,8,4,1,1,0,0,2,1,520941,20768,4,153752348,100722690,5,167813120,99.1161,0,0,0,0,302043136,100689920,0.249867,99.8132,3758346240,0,726761472,121677824,1275543552,176549888,0,189872768,2,10.8757,0,0,1,1,1,8,24.3732,100,99.7194,1024,0,416,0,40
nbody_kernel,33889,2048,64,64,8,4,1,1,0,0,4,1,542034,6458534,4,127693558,100734978,5,142659584,99.4749,0,0,0,0,251736064,100702208,0.249782,99.991,3758444544,0,363694080,60860416,638009344,107210752,0,154273408,2,11.6554,0,0,1,1,1,8,21.3872,100,99.8272,1024,0,608,0,64
nbody_kernel,39716,2048,64,64,8,4,1,1,1,0,1,1,519168,9034,4,202243068,100716546,6,201623552,99.8646,1,4.61538,4194304,65536,402694144,100683776,0.249429,98.9922,3758297088,0,1375305728,243312640,2554806272,572649472,0,266826880,3,9.9642,0,0,1,1,1,9,30.5317,100,99.6008,1024,1024,320,0,29
nbody_kernel,34922,2048,64,64,8,4,1,1,1,0,2,1,520835,21081,4,151917460,100722690,5,151298048,99.8375,1,9.09091,2097152,65536,302043136,100689920,0.249926,99.9668,3758346240,0,687964160,121677824,1277640704,252833792,0,191109760,2,11.3128,0,0,1,1,1,8,25.1812,100,99.7212,1024,2048,416,0,39
nbody_kernel,33549,2048,64,64,8,4,1,1,1,0,4,1,528785,6433557,4,126764268,100734978,4,126144512,99.8195,1,9.09091,2097152,65536,251736064,100702208,0.249873,99.9876,3758444544,0,344303616,60860416,639057920,193722368,0,156403712,2,11.7737,0,0,1,1,1,8,22.1799,100,99.8296,1024,4096,608,0,56
nbody_kernel,40597,2048,64,64,8,4,2,0,0,0,1,1,519466,8784,4,202947580,100716546,6,218140672,99.6325,0,0,0,0,402694144,100683776,0.249562,99.5645,3758297088,0,722745344,109070336,1241759744,487223296,0,198537024,2,9.73185,0,0,1,1,1,8,23.156,100,99.4634,1024,0,320,0,40
nbody_kernel,41275,2048,64,64,8,4,2,0,1,0,1,1,648928,8915,4,202290892,100716546,6,201625600,99.8916,1,4.61538,4194304,65536,402694144,100683776,0.2494,99.2422,3758297088,0,700200960,109070336,1345044480,437948416,0,199520320,2,9.57619,0,0,1,1,1,8,22.8178,100,99.4661,1024,1024,320,0,40
nbody_kernel,41440,2048,64,64,8,4,2,1,0,0,1,1,519841,9293,4,206175475,100716546,6,218138624,98.5828,0,0,0,0,402694144,100683776,0.249718,99.7904,3758297088,0,781535232,109070336,1342554112,394907648,0,200639168,2,9.53148,0,0,1,1,1,9,22.728,100,99.4691,1024,0,320,0,40
nbody_kernel,36747,2048,64,64,8,4,2,1,0,0,2,1,520749,20903,4,153752388,100722690,5,167813120,99.1161,0,0,0,0,302043136,100689920,0.249849,99.9866,3758346240,0,390940672,54544384,671449088,243650560,0,160499392,2,10.7517,0,0,1,1,1,8,20.3931,100,99.668,1024,0,416,0,48
nbody_kernel,33687,2048,64,64,8,4,2,1,0,0,4,1,528255,6483945,4,127550316,100734978,5,142659584,99.4749,0,0,0,0,251736064,100702208,0.249835,99.9758,3758444544,0,195645440,27281408,537280512,172222464,0,146856384,2,11.7256,0,0,1,1,1,8,20.0925,100,99.8185,1024,0,608,0,64
nbody_kernel,40530,2048,64,64,8,4,2,1,1,0,1,1,519104,8644,4,202243060,100716546,6,201623552,99.8646,1,4.61538,4194304,65536,402694144,100683776,0.249472,99.4523,3758297088,0,703940608,109070336,1346748416,505524224,0,201802176,2,9.75173,0,0,1,1,1,8,23.4767,100,99.4721,1024,1024,320,0,40
nbody_kernel,35988,2048,64,64,8,4,2,1,1,0,2,1,520811,20254,4,152047076,100722690,5,151298048,99.8375,1,9.09091,2097152,65536,302043136,100689920,0.249923,99.994,3758346240,0,352143360,54544384,673546240,252825600,0,159639232,2,10.9798,0,0,1,1,1,8,20.7718,100,99.6662,1024,2048,416,0,40
nbody_kernel,33315,2048,64,64,8,4,2,1,1,0,4,1,528249,6454022,4,126763804,100734978,4,126144512,99.8195,1,9.09091,2097152,65536,251736064,100702208,0.24991,99.9901,3758444544,0,176257024,27281408,538329088,168556544,0,146168704,2,11.8595,0,0,1,1,1,8,20.1159,100,99.8176,1024,4096,608,0,59
nbody_kernel,41354,2048,64,64,8,4,4,0,0,0,1,1,519302,8182,4,202947388,100716546,6,218140672,99.6325,0,0,0,0,402694144,100683776,0.249883,99.9888,3758297088,0,319948800,41949184,637710336,285913088,0,158684608,2,9.55333,0,0,1,1,1,8,18.3884,100,99.3287,1024,0,320,0,48
nbody_kernel,41128,2048,64,64,8,4,4,0,1,0,1,1,649812,8843,4,202291076,100716546,6,201625600,99.8916,1,4.61538,4194304,65536,402694144,100683776,0.249919,99.982,3758297088,0,297404416,41949184,740995072,303738880,0,161764800,2,9.62811,0,0,1,1,1,8,18.6254,100,99.3415,1024,1024,320,0,46
nbody_kernel,42650,2048,64,64,8,4,4,1,0,0,1,1,519350,8679,4,206175212,100716546,6,218138624,98.5828,0,0,0,0,402694144,100683776,0.249819,99.9498,3758297088,0,378710016,41949184,738529280,327761920,0,164979264,2,9.26284,0,0,1,1,1,8,18.2547,100,99.3543,1024,0,320,0,51
nbody_kernel,36572,2048,64,64,8,4,4,1,0,0,2,1,520925,19893,4,153882460,100722690,5,167813120,99.1161,0,0,0,0,302043136,100689920,0.24982,99.977,3758346240,0,223004672,20977664,570753024,197484544,0,149612992,2,10.8022,0,0,1,1,1,8,18.9335,100,99.6439,1024,0,416,0,64
nbody_kernel,33578,2048,64,64,8,4,4,1,0,0,4,1,527915,5823227,4,127550260,100734978,5,142659584,99.4749,0,0,0,0,251736064,100702208,0.249746,99.9859,3758444544,0,111593472,10491904,486916096,136548352,0,141016384,2,11.765,0,0,1,1,1,8,18.993,100,99.811,768,0,608,0,80
nbody_kernel,41410,2048,64,64,8,4,4,1,1,0,1,1,519364,8701,4,202365656,100716546,6,201623552,99.8646,1,4.61538,4194304,65536,402694144,100683776,0.249865,99.8697,3758297088,0,301115392,41949184,742723584,304168960,0,161948224,2,9.54112,0,0,1,1,1,8,18.4285,100,99.3422,1024,1024,320,0,41
nbody_kernel,35792,2048,64,64,8,4,4,1,1,0,2,1,520883,20125,4,151917340,100722690,5,151298048,99.8375,1,9.09091,2097152,65536,302043136,100689920,0.249909,99.9937,3758346240,0,184207360,20977664,572850176,227639296,0,149408448,2,11.0413,0,0,1,1,1,8,19.009,100,99.6434,1024,2048,416,0,56
nbody_kernel,33174,2048,64,64,8,4,4,1,1,0,4,1,527973,6021137,4,126763804,100734978,4,126144512,99.8195,1,9.09091,2097152,65536,251736064,100702208,0.249863,99.9865,3758444544,0,92194816,10491904,487964672,130781184,0,140262720,2,11.9079,0,0,1,1,1,8,19.0814,100,99.81,896,4096,608,0,72
nbody_kernel,6243,2048,64,64,8,4,8,0,0,0,1,1,259460,16,1,1340826,32770,3,16793600,0,0,0,0,0,0,0,0.24923,99.9639,3758297088,0,51443712,8390656,33619968,25776128,0,121189248,10,63.5414,0,0,3,1,1,1,94.522,100,99.9864,512,0,0,0,122
nbody_kernel,5964,2048,64,64,8,4,8,0,1,0,1,1,0,4,1,424672,32770,1,278528,0,1,9.09091,2097152,65536,0,0,0.249835,99.9348,3758297088,0,28899328,8388608,36241408,2230272,0,119830784,10,66.465,0,0,3,1,1,1,97.6881,100,99.9862,512,1024,0,0,126
nbody_kernel,6256,2048,64,64,8,4,8,1,0,0,1,1,2,16,1,4432244,32770,3,16791552,0,0,0,0,0,0,0,0.249179,99.9465,3758297088,0,110184448,8390656,134365184,50950144,0,126959872,10,63.3279,0,0,3,1,1,3,97.303,100,99.987,512,0,0,0,125
nbody_kernel,9802,2048,64,64,8,4,8,1,0,0,2,1,259458,0,1,2471322,32770,2,16791552,0,0,0,0,0,0,0,0.164307,73.7535,3758346240,0,55134208,4196352,67256320,38146048,0,122604544,9,40.3506,0,0,3,1,1,2,81.0502,100,99.9932,384,0,0,0,160
nbody_kernel,8223,2048,64,64,8,4,8,1,0,0,4,1,2,16,1,1163288,32770,3,16791552,0,0,0,0,0,0,0,0.124964,97.0903,3758444544,0,27609088,2099200,33701888,15048704,0,119907456,8,48.1645,0,0,3,1,1,1,72.7081,100,99.9965,256,0,0,0,247
nbody_kernel,5957,2048,64,64,8,4,8,1,1,0,1,1,259458,0,1,636314,32770,1,276480,0,1,9.09091,2097152,65536,0,0,0.248022,99.9642,3758297088,0,32589824,8388608,37896192,2760704,0,120014400,10,66.5247,0,0,3,1,1,1,97.8793,100,99.9862,512,1024,0,0,124
nbody_kernel,9040,2048,64,64,8,4,8,1,1,0,2,1,259460,16,1,636314,32770,1,276480,0,1,9.09091,2097152,65536,0,0,0.173037,77.4668,3758346240,0,16336896,4194304,35799040,1544192,0,119265216,10,48.409,0,0,3,1,1,1,91.1926,100,99.993,384,2048,0,0,162
nbody_kernel,7797,2048,64,64,8,4,8,1,1,0,4,1,129728,0,1,506592,32770,1,276480,0,1,9.09091,2097152,65536,0,0,0.124986,96.7811,3758444544,0,8210432,2097152,34750464,1087488,0,118897664,8,50.8166,0,0,3,1,1,1,76.1045,100,99.9964,256,4096,0,0,250
nbody_kernel,6198,2048,64,64,8,8,0,0,0,0,1,1,2,16,1,1081368,32770,3,16793600,0,0,0,0,0,0,0,0.248565,99.656,3758297088,0,26277888,4196352,33619968,29970432,0,120402816,10,63.8844,0,0,3,1,1,1,94.8808,100,99.9863,512,0,0,0,122
nbody_kernel,5978,2048,64,64,8,8,0,0,1,0,1,1,259458,0,1,554450,32770,1,278528,0,1,9.09091,2097152,65536,0,0,0.248026,99.4117,3758297088,0,16316416,4194304,36241408,2232320,0,119306560,10,65.9703,0,0,3,1,1,1,97.1257,100,99.9862,512,1024,0,0,125
nbody_kernel,6204,2048,64,64,8,8,0,1,0,0,1,1,100537,152,1,4510124,32770,3,16791552,0,0,0,0,0,0,0,0.249101,99.8367,3758297088,0,55658496,4196352,134365184,71911424,0,125779904,10,63.8306,0,0,3,1,1,3,95.8524,100,99.9869,512,0,0,0,126
nbody_kernel,8938,2048,64,64,8,8,0,1,0,0,2,1,259558,0,1,2471434,32770,2,16791552,0,0,0,0,0,0,0,0.143244,85.1841,3758346240,0,27871232,2099200,67256320,40249344,0,121752768,7,40.357,0,0,3,1,1,2,69.6098,100,99.9932,384,0,0,0,161
nbody_kernel,18946,2048,64,64,8,8,0,1,0,0,4,1,389202,16,1,2944236,32770,1,16791552,0,0,0,0,0,0,0,0.124962,99.9922,3758444544,0,13977600,1050624,33701888,17141760,0,119514112,4,20.7538,0,0,1,1,1,1,30.3212,100,99.9965,256,0,0,0,248
nbody_kernel,6045,2048,64,64,8,8,0,1,1,0,1,1,259458,0,1,636314,32770,1,276480,0,1,9.09091,2097152,65536,0,0,0.248605,99.8318,3758297088,0,20006912,4194304,37896192,2758656,0,119490048,10,65.57,0,0,3,1,1,1,96.4885,100,99.9862,512,1024,0,0,126
nbody_kernel,9534,2048,64,64,8,8,0,1,1,0,2,1,2,16,1,376856,32770,1,276480,0,1,9.09091,2097152,65536,0,0,0.141737,83.7608,3758346240,0,10045440,2097152,35799040,1542144,0,119003008,8,41.5955,0,0,3,1,1,1,72.1677,100,99.993,384,2048,0,0,164
nbody_kernel,18882,2048,64,64,8,8,0,1,1,0,4,1,389200,0,1,2150508,32770,1,276480,0,1,9.09091,2097152,65536,0,0,0.12496,99.9925,3758444544,0,5064704,1048576,34750464,1089536,0,118766656,4,20.8186,0,0,1,1,1,1,30.1411,100,99.9964,256,4096,0,0,249
nbody_kernel,39510,2048,64,64,8,8,1,0,0,0,1,1,778722,9554,5,203206974,100716546,6,218140672,99.6325,0,0,0,0,402694144,100683776,0.249815,99.214,3758297088,0,1368850432,239118336,2449866752,453603328,0,259494528,3,10.0205,0,0,1,1,1,9,30.2403,100,99.5895,1024,0,320,0,27
nbody_kernel,39713,2048,64,64,8,8,1,0,1,0,1,1,778870,9400,4,202420886,100716546,6,201625600,99.8916,1,4.61538,4194304,65536,402694144,100683776,0.249555,98.92,3758297088,0,1358888960,239118336,2553151488,639201280,0,268210816,3,9.95968,0,0,1,1,1,9,30.452,100,99.6028,1024,1024,320,0,27
nbody_kernel,40116,2048,64,64,8,8,1,1,0,0,1,1,778504,9902,5,206434462,100716546,6,218138624,98.5828,0,0,0,0,402694144,100683776,0.249466,99.3759,3758297088,0,1398374400,239118336,2550611968,399126528,0,261863040,3,9.85167,0,0,1,1,1,9,30.0963,100,99.5932,1024,0,320,0,32
nbody_kernel,36620,2048,64,64,8,8,1,1,0,0,2,1,650901,20862,4,153752668,100722690,5,167813120,99.1161,0,0,0,0,302043136,100689920,0.249672,99.7003,3758346240,0,699498496,119580672,1275543552,180744192,0,189086336,2,10.7906,0,0,1,1,1,8,24.0219,100,99.7182,1024,0,416,0,40
nbody_kernel,33905,2048,64,64,8,8,1,1,0,0,4,1,529155,6486536,4,127610948,100734978,5,142659584,99.4749,0,0,0,0,251736064,100702208,0.249817,99.9817,3758444544,0,350070784,59811840,638009344,158595072,0,155420672,2,11.6513,0,0,1,1,1,8,21.6396,100,99.8285,1024,0,608,0,64
nbody_kernel,39670,2048,64,64,8,8,1,1,1,0,1,1,778502,9576,5,202502302,100716546,6,201623552,99.8646,1,4.61538,4194304,65536,402694144,100683776,0.249561,99.0114,3758297088,0,1362722816,239118336,2554806272,539095040,0,265254016,3,9.985,0,0,1,1,1,9,30.5195,100,99.5984,1024,1024,320,0,29
nbody_kernel,34914,2048,64,64,8,8,1,1,1,0,2,1,521191,21558,4,151917756,100722690,5,151298048,99.8375,1,9.09091,2097152,65536,302043136,100689920,0.249877,99.9397,3758346240,0,681672704,119580672,1277640704,252833792,0,190847616,2,11.3088,0,0,1,1,1,8,25.0611,100,99.7208,1024,2048,416,0,39
nbody_kernel,33593,2048,64,64,8,8,1,1,1,0,4,1,529029,6649497,4,126763924,100734978,4,126144512,99.8195,1,9.09091,2097152,65536,251736064,100702208,0.249873,99.9928,3758444544,0,341159936,59811840,639057920,126627840,0,154176000,2,11.7611,0,0,1,1,1,8,22.0938,100,99.8271,1024,4096,608,0,56
nbody_kernel,40202,2048,64,64,8,8,2,0,0,0,1,1,519284,9218,4,202947356,100716546,6,218140672,99.6325,0,0,0,0,402694144,100683776,0.249836,99.8395,3758297088,0,697579520,104876032,1241759744,436891648,0,196046656,2,9.8317,0,0,1,1,1,8,22.9188,100,99.4566,1024,0,320,0,40
nbody_kernel,41160,2048,64,64,8,8,2,0,1,0,1,1,648960,9288,4,202291076,100716546,6,201625600,99.8916,1,4.61538,4194304,65536,402694144,100683776,0.249246,99.2152,3758297088,0,687618048,104876032,1345044480,437948416,0,198996032,2,9.59512,0,0,1,1,1,8,22.9363,100,99.4647,1024,1024,320,0,40
nbody_kernel,41388,2048,64,64,8,8,2,1,0,0,1,1,648860,9178,4,206434614,100716546,6,218138624,98.5828,0,0,0,0,402694144,100683776,0.249753,99.8407,3758297088,0,727009280,104876032,1342554112,415879168,0,199459520,2,9.54283,0,0,1,1,1,9,22.3288,100,99.4659,1024,0,320,0,40
nbody_kernel,36739,2048,64,64,8,8,2,1,0,0,2,1,520937,20940,4,153864700,100722690,5,167813120,99.1161,0,0,0,0,302043136,100689920,0.249836,99.9799,3758346240,0,363677696,52447232,671449088,247844864,0,159712960,2,10.7502,0,0,1,1,1,8,20.3169,100,99.6664,1024,0,416,0,48
nbody_kernel,33692,2048,64,64,8,8,2,1,0,0,4,1,528367,6567544,4,127550356,100734978,5,142659584,99.4749,0,0,0,0,251736064,100702208,0.249767,99.9883,3758444544,0,182024192,26232832,537280512,171177984,0,146365312,2,11.7269,0,0,1,1,1,8,19.843,100,99.8179,896,0,608,0,66
nbody_kernel,40629,2048,64,64,8,8,2,1,1,0,1,1,519108,9045,4,202242844,100716546,6,201623552,99.8646,1,4.61538,4194304,65536,402694144,100683776,0.249459,99.516,3758297088,0,691357696,104876032,1346748416,505524224,0,201277888,2,9.73014,0,0,1,1,1,8,23.3418,100,99.4707,1024,1024,320,0,40
nbody_kernel,36011,2048,64,64,8,8,2,1,1,0,2,1,520859,20911,4,151917396,100722690,5,151298048,99.8375,1,9.09091,2097152,65536,302043136,100689920,0.249933,99.9883,3758346240,0,345862144,52447232,673546240,244441088,0,159115392,2,10.9735,0,0,1,1,1,8,20.7229,100,99.6651,1024,2048,416,0,40
nbody_kernel,33317,2048,64,64,8,8,2,1,1,0,4,1,528597,6605255,4,126763900,100734978,4,126144512,99.8195,1,9.09091,2097152,65536,251736064,100702208,0.249951,99.9849,3758444544,0,173111296,26232832,538329088,164362240,0,145906560,2,11.8577,0,0,1,1,1,8,20.1755,100,99.8173,1024,4096,608,0,59
nbody_kernel,41455,2048,64,64,8,8,4,0,0,0,1,1,779624,8583,4,203207102,100716546,6,218140672,99.6325,0,0,0,0,402694144,100683776,0.249853,99.9877,3758297088,0,294782976,37754880,637710336,290103296,0,157898048,2,9.55599,0,0,1,1,1,8,18.211,100,99.3253,1024,0,320,0,51
nbody_kernel,41036,2048,64,64,8,8,4,0,1,0,1,1,519180,7930,4,202160924,100716546,6,201625600,99.8916,1,4.61538,4194304,65536,402694144,100683776,0.249909,99.9905,3758297088,0,284821504,37754880,740995072,303738880,0,161240512,2,9.62862,0,0,1,1,1,8,18.6248,100,99.3393,1024,1024,320,0,46
nbody_kernel,42655,2048,64,64,8,8,4,1,0,0,1,1,649096,8546,4,206434806,100716546,6,218138624,98.5828,0,0,0,0,402694144,100683776,0.249786,99.943,3758297088,0,324184064,37754880,738529280,331956224,0,163275328,2,9.2623,0,0,1,1,1,8,18.0779,100,99.3476,1024,0,320,0,51
nbody_kernel,36593,2048,64,64,8,8,4,1,0,0,2,1,780227,20162,4,154011806,100722690,5,167813120,99.1161,0,0,0,0,302043136,100689920,0.249807,99.9661,3758346240,0,195741696,18880512,570753024,199581696,0,148761024,2,10.7976,0,0,1,1,1,8,18.7681,100,99.6418,1024,0,416,0,64
nbody_kernel,33582,2048,64,64,8,8,4,1,0,0,4,1,527955,5972846,4,127550332,100734978,5,142659584,99.4749,0,0,0,0,251736064,100702208,0.249627,99.9854,3758444544,0,97961984,9443328,486916096,139694080,0,140655936,2,11.7639,0,0,1,1,1,8,18.9556,100,99.8105,768,0,608,0,80
nbody_kernel,41430,2048,64,64,8,8,4,1,1,0,1,1,778862,9098,4,202502678,100716546,6,201623552,99.8646,1,4.61538,4194304,65536,402694144,100683776,0.249789,99.8563,3758297088,0,288532480,37754880,742723584,304168960,0,161423936,2,9.53299,0,0,1,1,1,8,18.349,100,99.3401,1024,1024,320,0,41
nbody_kernel,35786,2048,64,64,8,8,4,1,1,0,2,1,625304,19973,4,151917340,100722690,5,151298048,99.8375,1,9.09091,2097152,65536,302043136,100689920,0.249904,99.9918,3758346240,0,177915904,18880512,572850176,269848576,0,150465344,2,11.0387,0,0,1,1,1,8,19.3499,100,99.6459,1024,2048,416,0,53
nbody_kernel,33166,2048,64,64,8,8,4,1,1,0,4,1,527901,6127720,4,126763804,100734978,4,126144512,99.8195,1,9.09091,2097152,65536,251736064,100702208,0.249823,99.9873,3758444544,0,89049088,9443328,487964672,124489728,0,139935040,2,11.9085,0,0,1,1,1,8,19.0202,100,99.8095,896,4096,608,0,72
nbody_kernel,6196,2048,64,64,8,8,8,0,0,0,1,1,2,16,1,1081432,32770,3,16793600,0,0,0,0,0,0,0,0.248762,99.7268,3758297088,0,26277888,4196352,33619968,29970432,0,120402816,10,63.9794,0,0,3,1,1,1,94.9544,100,99.9863,512,0,0,0,122
nbody_kernel,5983,2048,64,64,8,8,8,0,1,0,1,0,0,0,1,424672,32770,1,278528,0,1,9.09091,2097152,65536,0,0,0.248633,99.7763,3758297088,0,16316416,4194304,36241408,2232320,0,119306560,10,66.382,0,0,3,1,1,1,97.3746,100,99.9862,512,1024,0,0,125
nbody_kernel,6212,2048,64,64,8,8,8,1,0,0,1,1,259460,8,1,4568474,32770,3,16791552,0,0,0,0,0,0,0,0.249191,99.9285,3758297088,0,55658496,4196352,134365184,71911424,0,125779904,10,63.9842,0,0,3,1,1,3,95.9948,100,99.9869,512,0,0,0,126
nbody_kernel,9873,2048,64,64,8,8,8,1,0,0,2,0,0,0,1,2211960,32770,2,16791552,0,0,0,0,0,0,0,0.143543,84.8891,3758346240,0,27871232,2099200,67256320,40249344,0,121752768,7,40.1867,0,0,3,1,1,2,69.5569,100,99.9932,384,0,0,0,161
nbody_kernel,18927,2048,64,64,8,8,8,1,0,0,4,1,259460,16,1,2814450,32770,1,16791552,0,0,0,0,0,0,0,0.124996,99.9919,3758444544,0,13977600,1050624,33701888,17149952,0,119514368,4,20.7809,0,0,1,1,1,1,30.3609,100,99.9965,256,0,0,0,248
nbody_kernel,6054,2048,64,64,8,8,8,1,1,0,1,1,259458,0,1,636314,32770,1,276480,0,1,9.09091,2097152,65536,0,0,0.249431,99.8335,3758297088,0,20006912,4194304,37896192,2758656,0,119490048,10,65.726,0,0,3,1,1,1,96.7163,100,99.9862,512,1024,0,0,126
nbody_kernel,9499,2048,64,64,8,8,8,1,1,0,2,1,129732,16,1,636378,32770,1,276480,0,1,9.09091,2097152,65536,0,0,0.141829,83.8116,3758346240,0,10045440,2097152,35799040,1542144,0,119003008,8,41.6483,0,0,3,1,1,1,72.2155,100,99.993,384,2048,0,0,164
nbody_kernel,18813,2048,64,64,8,8,8,1,1,0,4,1,259482,0,1,1892194,32770,1,276480,0,1,9.09091,2097152,65536,0,0,0.124999,99.9923,3758444544,0,5064704,1048576,34750464,1087488,0,118766592,4,20.8972,0,0,1,1,1,1,30.255,100,99.9964,256,4096,0,0,249
nbody_kernel,6584,2048,64,64,8,16,0,0,0,0,1,1,2,16,1,1211104,32770,3,16793600,0,0,0,0,0,0,0,0.244934,98.6866,3758297088,0,13694976,2099200,33619968,32067584,0,120009600,9,59.8681,0,0,3,1,1,1,89.3152,100,99.9862,512,0,0,0,125
nbody_kernel,6322,2048,64,64,8,16,0,0,1,0,1,0,0,0,1,294936,32770,1,278528,0,1,9.09091,2097152,65536,0,0,0.246037,98.7597,3758297088,0,10024960,2097152,36241408,2232320,0,119044416,10,63.462,0,0,3,1,1,1,93.6592,100,99.9861,512,1024,0,0,125
nbody_kernel,6695,2048,64,64,8,16,0,1,0,0,1,1,2,8,1,4309016,32770,3,16791552,0,0,0,0,0,0,0,0.248454,98.6028,3758297088,0,28395520,2099200,134365184,84492288,0,125255552,9,60.0467,0,0,3,1,1,3,90.5586,100,99.9868,512,0,0,0,126
nbody_kernel,19216,2048,64,64,8,16,0,1,0,0,2,1,389348,0,1,4009364,32770,1,16791552,0,0,0,0,0,0,0,0.125174,99.9837,3758346240,0,14239744,1050624,67256320,45490176,0,121457792,3,20.5124,0,0,1,1,1,1,30.1347,100,99.9931,384,0,0,0,162
nbody_kernel,18834,2048,64,64,8,16,0,1,0,0,4,1,259460,16,1,2672642,32770,1,16791552,0,0,0,0,0,0,0,0.124998,99.992,3758444544,0,7161856,526336,33701888,16097280,0,119252096,4,20.9039,0,0,1,1,1,1,30.4135,100,99.9965,256,0,0,0,247
nbody_kernel,6263,2048,64,64,8,16,0,1,1,0,1,1,259498,0,1,636402,32770,1,276480,0,1,9.09091,2097152,65536,0,0,0.244683,98.785,3758297088,0,13715456,2097152,37896192,2760704,0,119227968,10,62.5502,0,0,3,1,1,1,92.6768,100,99.9862,512,1024,0,0,125
nbody_kernel,18861,2048,64,64,8,16,0,1,1,0,2,1,389190,16,1,2153388,32770,1,276480,0,1,9.09091,2097152,65536,0,0,0.142903,87.5092,3758346240,0,6899712,1048576,35799040,1552384,0,118872256,4,20.9206,0,0,2,1,1,1,34.68,100,99.993,384,2048,0,0,163
nbody_kernel,18795,2048,64,64,8,16,0,1,1,0,4,1,259474,0,1,2012810,32770,1,276480,0,1,9.09091,2097152,65536,0,0,0.124992,99.9922,3758444544,0,3491840,524288,34750464,1095680,0,118701312,4,20.9275,0,0,1,1,1,1,30.2899,100,99.9964,256,4096,0,0,253
nbody_kernel,38745,2048,64,64,8,16,1,0,0,0,1,1,519480,9272,5,203077588,100716546,6,218140672,99.6325,0,0,0,0,402694144,100683776,0.249815,99.4194,3758297088,0,1356267520,237021184,2449866752,487157760,0,260084352,3,10.188,0,0,1,1,1,9,30.6112,100,99.5904,1024,0,320,0,27
nbody_kernel,38809,2048,64,64,8,16,1,0,1,0,1,1,778756,9268,5,202420382,100716546,6,201625600,99.8916,1,4.61538,4194304,65536,402694144,100683776,0.24982,99.3364,3758297088,0,1352597504,237021184,2553151488,622424064,0,267424384,3,10.1737,0,0,1,1,1,9,30.9404,100,99.6017,1024,1024,320,0,27
nbody_kernel,39546,2048,64,64,8,16,1,1,0,0,1,1,653887,9188,5,206434646,100716546,6,218138624,98.5828,0,0,0,0,402694144,100683776,0.249928,99.5902,3758297088,0,1371111424,237021184,2550611968,367669248,0,259962496,3,9.99132,0,0,1,1,1,9,30.3527,100,99.5902,1024,0,320,0,32
nbody_kernel,36789,2048,64,64,8,16,1,1,0,0,2,1,520981,21031,4,153882084,100722690,5,167813120,99.1161,0,0,0,0,302043136,100689920,0.249834,99.5912,3758346240,0,685867008,118532096,1275543552,182841344,0,188693120,2,10.7385,0,0,1,1,1,8,23.8386,100,99.7176,1024,0,416,0,40
nbody_kernel,33922,2048,64,64,8,16,1,1,0,0,4,2,529015,8160998,4,127550620,100734978,5,142659584,99.4749,0,0,0,0,251736064,100702208,0.249548,99.9775,3758444544,0,343255040,59287552,638009344,159119360,0,155207680,2,11.6449,0,0,1,1,1,8,21.6767,100,99.8283,1024,0,608,0,64
nbody_kernel,38760,2048,64,64,8,16,1,1,1,0,1,1,778734,9432,5,202502542,100716546,6,201623552,99.8646,1,4.61538,4194304,65536,402694144,100683776,0.249604,99.3688,3758297088,0,1356431360,237021184,2554806272,522317824,0,264467584,3,10.1895,0,0,1,1,1,9,30.997,100,99.5972,1024,1024,320,0,29
nbody_kernel,34923,2048,64,64,8,16,1,1,1,0,2,1,520879,20331,4,151917396,100722690,5,151298048,99.8375,1,9.09091,2097152,65536,302043136,100689920,0.249879,99.9607,3758346240,0,678526976,118532096,1277640704,252833792,0,190716544,2,11.3124,0,0,1,1,1,8,25.005,100,99.7206,1024,2048,416,0,39
nbody_kernel,33592,2048,64,64,8,16,1,1,1,0,4,2,529377,8330630,4,126764260,100734978,4,126144512,99.8195,1,9.09091,2097152,65536,251736064,100702208,0.249758,99.9943,3758444544,0,339589120,59287552,639057920,126625792,0,154110464,2,11.7605,0,0,1,1,1,8,22.1025,100,99.827,1024,4096,608,0,56
nbody_kernel,40052,2048,64,64,8,16,2,0,0,0,1,1,734272,9025,4,203162298,100716546,6,218140672,99.6325,0,0,0,0,402694144,100683776,0.249915,99.9411,3758297088,0,684996608,102778880,1241759744,426405888,0,195260224,2,9.86227,0,0,1,1,1,9,22.8896,100,99.4544,1024,0,320,0,40
nbody_kernel,40647,2048,64,64,8,16,2,0,1,0,1,1,612944,9010,4,202290748,100716546,6,201625600,99.8916,1,4.61538,4194304,65536,402694144,100683776,0.249447,99.4992,3758297088,0,681326592,102778880,1345044480,437948416,0,198733888,2,9.71843,0,0,1,1,1,8,23.1986,100,99.464,1024,1024,320,0,40
nbody_kernel,41292,2048,64,64,8,16,2,1,0,0,1,1,649076,8894,4,206434462,100716546,6,218138624,98.5828,0,0,0,0,402694144,100683776,0.249806,99.9551,3758297088,0,699746304,102778880,1342554112,426364928,0,198869696,2,9.56677,0,0,1,1,1,9,22.2844,100,99.4643,1024,0,320,0,40
nbody_kernel,36748,2048,64,64,8,16,2,1,0,0,2,1,780483,20394,4,154011806,100722690,5,167813120,99.1161,0,0,0,0,302043136,100689920,0.249788,99.9834,3758346240,0,350046208,51398656,671449088,249942016,0,159319744,2,10.751,0,0,1,1,1,8,20.2804,100,99.6656,1024,0,416,0,48
nbody_kernel,33716,2048,64,64,8,16,2,1,0,0,4,2,528867,8340233,4,127550236,100734978,5,142659584,99.4749,0,0,0,0,251736064,100702208,0.249634,99.9688,3758444544,0,175210496,25708544,537280512,173797376,0,146217856,2,11.7214,0,0,1,1,1,8,19.7942,100,99.8177,896,0,608,0,66
nbody_kernel,40457,2048,64,64,8,16,2,1,1,0,1,1,648916,8894,4,202372732,100716546,6,201623552,99.8646,1,4.61538,4194304,65536,402694144,100683776,0.249487,99.5473,3758297088,0,685066240,102778880,1346748416,505524224,0,201015744,2,9.76231,0,0,1,1,1,8,23.3776,100,99.4701,1024,1024,320,0,40
nbody_kernel,36005,2048,64,64,8,16,2,1,1,0,2,1,521071,20554,4,152047404,100722690,5,151298048,99.8375,1,9.09091,2097152,65536,302043136,100689920,0.249938,99.9835,3758346240,0,342716416,51398656,673546240,248635392,0,159115392,2,10.9719,0,0,1,1,1,8,20.7019,100,99.6651,1024,2048,416,0,40
nbody_kernel,33318,2048,64,64,8,16,2,1,1,0,4,2,528789,8311759,4,126893988,100734978,4,126144512,99.8195,1,9.09091,2097152,65536,251736064,100702208,0.249913,99.9918,3758444544,0,171540480,25708544,538329088,162263040,0,145775488,2,11.858,0,0,1,1,1,8,20.2056,100,99.8171,1024,4096,608,0,59
nbody_kernel,41350,2048,64,64,8,16,4,0,0,0,1,1,649308,7818,4,203206814,100716546,6,218140672,99.6325,0,0,0,0,402694144,100683776,0.249843,99.9897,3758297088,0,282198016,35657728,637710336,290111488,0,157439488,2,9.55654,0,0,1,1,1,8,18.1619,100,99.3234,1024,0,320,0,52
nbody_kernel,41029,2048,64,64,8,16,4,0,1,0,1,1,778942,7822,4,202420806,100716546,6,201625600,99.8916,1,4.61538,4194304,65536,402694144,100683776,0.249897,99.9849,3758297088,0,278528000,35657728,740995072,303742976,0,160978432,2,9.62891,0,0,1,1,1,8,18.6599,100,99.3382,1024,1024,320,0,46
nbody_kernel,42598,2048,64,64,8,16,4,1,0,0,1,1,778584,8248,4,206434614,100716546,6,218138624,98.5828,0,0,0,0,402694144,100683776,0.249803,99.9733,3758297088,0,296919040,35657728,738529280,321474560,0,162030208,2,9.27427,0,0,1,1,1,8,17.8302,100,99.3425,1024,0,320,0,52
nbody_kernel,36591,2048,64,64,8,16,4,1,0,0,2,1,650421,19786,4,153752348,100722690,5,167813120,99.1161,0,0,0,0,302043136,100689920,0.249728,99.9936,3758346240,0,182108160,17831936,570753024,206921728,0,148531584,2,10.8,0,0,1,1,1,8,18.6218,100,99.6413,1024,0,416,0,64
nbody_kernel,33638,2048,64,64,8,16,4,1,0,0,4,1,530691,7175166,4,135141932,100734978,5,142659584,99.4749,0,0,0,0,251736064,100702208,0.249275,99.9192,3758444544,0,91144192,8919040,486916096,132874240,0,140213376,2,11.7428,0,0,1,1,1,8,19.0029,100,99.8099,768,0,608,0,80
nbody_kernel,41345,2048,64,64,8,16,4,1,1,0,1,1,519284,7935,4,202243244,100716546,6,201623552,99.8646,1,4.61538,4194304,65536,402694144,100683776,0.249815,99.8982,3758297088,0,282238976,35657728,742723584,308367360,0,161292928,2,9.55421,0,0,1,1,1,8,18.4486,100,99.3395,1024,1024,320,0,41
nbody_kernel,35790,2048,64,64,8,16,4,1,1,0,2,1,555947,19833,4,151987508,100722690,5,151298048,99.8375,1,9.09091,2097152,65536,302043136,100689920,0.24982,99.9755,3758346240,0,174768128,17831936,572850176,280326144,0,150661632,2,11.0382,0,0,1,1,1,8,19.0934,100,99.6464,1024,2048,416,0,53
nbody_kernel,33234,2048,64,64,8,16,4,1,1,0,4,1,530409,7299835,4,132744788,100734978,4,126144512,99.8195,1,9.09091,2097152,65536,251736064,100702208,0.249625,99.9646,3758444544,0,87474176,8919040,487964672,138117120,0,140295296,2,11.891,0,0,1,1,1,8,18.9508,100,99.81,896,4096,608,0,72
nbody_kernel,6614,2048,64,64,8,16,8,0,0,0,1,1,129794,16,1,1211104,32770,3,16793600,0,0,0,0,0,0,0,0.246171,97.2425,3758297088,0,13694976,2099200,33619968,32067584,0,120009600,9,59.2899,0,0,3,1,1,1,89.7662,100,99.9862,512,0,0,0,125
nbody_kernel,6230,2048,64,64,8,16,8,0,1,0,1,0,0,0,1,424672,32770,1,278528,0,1,9.09091,2097152,65536,0,0,0.248378,99.2139,3758297088,0,10024960,2097152,36241408,2232320,0,119044416,10,63.9457,0,0,3,1,1,1,93.9411,100,99.9861,512,1024,0,0,125
nbody_kernel,6688,2048,64,64,8,16,8,1,0,0,1,1,2,8,1,4309016,32770,3,16791552,0,0,0,0,0,0,0,0.247217,98.7275,3758297088,0,28395520,2099200,134365184,84492288,0,125255552,9,59.9707,0,0,3,1,1,3,90.3298,100,99.9868,512,0,0,0,126
nbody_kernel,19208,2048,64,64,8,16,8,1,0,0,2,1,389234,0,1,3749674,32770,1,16791552,0,0,0,0,0,0,0,0.125263,99.9838,3758346240,0,14239744,1050624,67256320,45490176,0,121457792,3,20.5242,0,0,1,1,1,1,30.1521,100,99.9931,384,0,0,0,162
nbody_kernel,18811,2048,64,64,8,16,8,1,0,0,4,1,259556,16,1,2799646,32770,1,16791552,0,0,0,0,0,0,0,0.124997,99.9923,3758444544,0,7161856,526336,33701888,16099328,0,119252160,4,20.9216,0,0,1,1,1,1,30.4393,100,99.9965,256,0,0,0,247
nbody_kernel,6328,2048,64,64,8,16,8,1,1,0,1,0,0,0,1,506592,32770,1,276480,0,1,9.09091,2097152,65536,0,0,0.245775,98.6831,3758297088,0,13715456,2097152,37896192,2760704,0,119227968,10,62.7927,0,0,3,1,1,1,93.1322,100,99.9862,512,1024,0,0,125
nbody_kernel,18888,2048,64,64,8,16,8,1,1,0,2,1,259516,16,1,2022218,32770,1,276480,0,1,9.09091,2097152,65536,0,0,0.166633,74.9668,3758346240,0,6899712,1048576,35799040,1552384,0,118872256,5,20.8509,0,0,2,1,1,1,40.3473,100,99.993,384,2048,0,0,163
nbody_kernel,18777,2048,64,64,8,16,8,1,1,0,4,1,389332,0,1,2139468,32770,1,276480,0,1,9.09091,2097152,65536,0,0,0.12497,99.9919,3758444544,0,3491840,524288,34750464,1093632,0,118701248,4,20.945,0,0,1,1,1,1,30.3153,100,99.9964,256,4096,0,0,253
nbody_kernel,9368,2048,64,64,8,32,0,0,0,0,1,1,259460,20,1,1975802,32770,2,16793600,0,0,0,0,0,0,0,0.249979,99.9835,3758297088,0,7403520,1050624,33619968,33120256,0,119813120,7,41.6368,0,0,2,1,1,1,61.1301,100,99.9862,512,0,0,0,125
nbody_kernel,9435,2048,64,64,8,32,0,0,1,0,1,1,179962,0,1,1182362,32770,1,278528,0,1,9.09091,2097152,65536,0,0,0.249836,99.9814,3758297088,0,6879232,1048576,36241408,2232320,0,118913344,7,41.783,0,0,2,1,1,1,61.0381,100,99.9861,512,1024,0,0,125
nbody_kernel,9967,2048,64,64,8,32,0,1,0,0,1,1,2,16,1,4968568,32770,2,16791552,0,0,0,0,0,0,0,0.249989,99.9835,3758297088,0,14764032,1050624,134365184,91834368,0,125026240,6,39.5519,0,0,2,1,1,2,59.1522,100,99.9868,512,0,0,0,126
nbody_kernel,19167,2048,64,64,8,32,0,1,0,0,2,1,389204,0,1,4000892,32770,1,16791552,0,0,0,0,0,0,0,0.142949,87.5114,3758346240,0,7424000,526336,67256320,46012416,0,121244736,4,20.5987,0,0,2,1,1,1,34.503,100,99.9931,384,0,0,0,164
nbody_kernel,19060,2048,64,64,8,32,0,1,0,0,4,1,259460,141923,1,5088498,2334978,2,19142656,79.5527,0,0,0,0,4702208,2302208,0.12499,99.9925,3758444544,0,4149248,264192,70928384,23310336,0,120538496,3,20.6517,0,0,1,1,1,1,30.296,100,99.9965,256,0,296,0,255
nbody_kernel,9254,2048,64,64,8,32,0,1,1,0,1,1,129776,8,1,1133480,32770,1,276480,0,1,9.09091,2097152,65536,0,0,0.250159,99.9808,3758297088,0,10569728,1048576,37896192,2758656,0,119096832,7,41.7029,0,0,2,1,1,1,61.0675,100,99.9861,512,1024,0,0,125
nbody_kernel,18739,2048,64,64,8,32,0,1,1,0,2,1,259460,16,1,1883786,32770,1,276480,0,1,9.09091,2097152,65536,0,0,0.124759,99.9925,3758346240,0,5326848,524288,35799040,1548288,0,118806592,4,21.052,0,0,1,1,1,1,30.5228,100,99.993,384,2048,0,0,163
nbody_kernel,21076,2048,64,64,8,32,0,1,1,0,4,1,259490,10808,1,2593834,745730,1,989184,77.6817,1,9.09091,2097152,65536,1425408,712960,0.124994,99.9907,3758444544,0,3100672,262144,46155776,3584000,0,119115072,4,20.8844,0,0,1,1,1,1,30.3787,100,99.9965,256,4096,216,0,255
nbody_kernel,38766,2048,64,64,8,32,1,0,0,0,1,1,519570,9114,5,202947356,100716546,6,218140672,99.6325,0,0,0,0,402694144,100683776,0.250195,99.4251,3758297088,0,1349976064,235972608,2449866752,487157760,0,259854976,3,10.193,0,0,1,1,1,9,30.589,100,99.59,1024,0,320,0,27
nbody_kernel,38823,2048,64,64,8,32,1,0,1,0,1,1,519563,8968,5,202160924,100716546,6,201625600,99.8916,1,4.61538,4194304,65536,402694144,100683776,0.250075,99.3146,3758297088,0,1349451776,235972608,2553151488,630812672,0,267555456,3,10.1776,0,0,1,1,1,9,30.9413,100,99.6018,1024,1024,320,0,27
nbody_kernel,40108,2048,64,64,8,32,1,1,0,0,1,1,519414,9642,4,206175596,100716546,6,218138624,98.5828,0,0,0,0,402694144,100683776,0.249173,98.1741,3758297088,0,1357479936,235972608,2550611968,368717824,0,259536512,3,9.78989,0,0,1,1,1,9,30.1178,100,99.5895,1024,0,320,0,32
nbody_kernel,37466,2048,64,64,8,32,1,1,0,0,2,1,520973,21203,4,153752348,100722690,5,167813120,99.1161,0,0,0,0,302043136,100689920,0.249115,99.1775,3758346240,0,679051264,118007808,1275543552,183889920,0,188496512,2,10.3994,0,0,1,1,1,8,23.1364,100,99.7173,1024,0,416,0,40
nbody_kernel,33964,2048,64,64,8,32,1,1,0,0,4,2,529307,8036743,4,127550236,100734978,5,142659584,99.4749,0,0,0,0,251736064,100702208,0.249218,99.9078,3758444544,0,339847168,59025408,638009344,159381504,0,155101184,2,11.6221,0,0,1,1,1,8,21.6733,100,99.8281,1024,0,608,0,64
nbody_kernel,38748,2048,64,64,8,32,1,1,1,0,1,1,519128,9306,5,202242932,100716546,6,201623552,99.8646,1,4.61538,4194304,65536,402694144,100683776,0.249866,99.3227,3758297088,0,1353285632,235972608,2554806272,513929216,0,264074368,3,10.1948,0,0,1,1,1,9,31.0098,100,99.5966,1024,1024,320,0,29
nbody_kernel,34921,2048,64,64,8,32,1,1,1,0,2,1,616541,20816,4,152142574,100722690,5,151298048,99.8375,1,9.09091,2097152,65536,302043136,100689920,0.250005,99.9405,3758346240,0,676954112,118007808,1277640704,252833792,0,190651008,2,11.3118,0,0,1,1,1,8,24.9792,100,99.7205,1024,2048,416,0,39
nbody_kernel,33601,2048,64,64,8,32,1,1,1,0,4,2,528817,8331783,4,126763804,100734978,4,126144512,99.8195,1,9.09091,2097152,65536,251736064,100702208,0.249783,99.9753,3758444544,0,338802688,59025408,639057920,126625792,0,154077696,2,11.7592,0,0,1,1,1,8,22.1094,100,99.827,1024,4096,608,0,56
nbody_kernel,40056,2048,64,64,8,32,2,0,0,0,1,1,519666,8823,4,203065340,100716546,6,218140672,99.6325,0,0,0,0,402694144,100683776,0.250362,99.8252,3758297088,0,678705152,101730304,1241759744,423260160,0,194932544,2,9.84894,0,0,1,1,1,9,22.8552,100,99.4535,1024,0,320,0,40
nbody_kernel,41733,2048,64,64,8,32,2,0,1,0,1,1,649122,8990,4,202290660,100716546,6,201625600,99.8916,1,4.61538,4194304,65536,402694144,100683776,0.250053,99.1447,3758297088,0,678180864,101730304,1345044480,437948416,0,198602816,2,9.49418,0,0,1,1,1,8,22.761,100,99.4636,1024,1024,320,0,40
nbody_kernel,41324,2048,64,64,8,32,2,1,0,0,1,1,519150,8579,4,206175004,100716546,6,218138624,98.5828,0,0,0,0,402694144,100683776,0.249763,99.9212,3758297088,0,686114816,101730304,1342554112,431607808,0,198574784,2,9.56226,0,0,1,1,1,9,22.244,100,99.4635,1024,0,320,0,40
nbody_kernel,36754,2048,64,64,8,32,2,1,0,0,2,1,520909,20029,4,153752388,100722690,5,167813120,99.1161,0,0,0,0,302043136,100689920,0.249616,99.9723,3758346240,0,343230464,50874368,671449088,250990592,0,159123136,2,10.7474,0,0,1,1,1,8,20.2573,100,99.6652,1024,0,416,0,48
nbody_kernel,33852,2048,64,64,8,32,2,1,0,0,4,1,530483,7834025,4,132566628,100734978,5,142659584,99.4749,0,0,0,0,251736064,100702208,0.24906,99.8087,3758444544,0,171802624,25446400,537280512,175108096,0,146144128,2,11.6632,0,0,1,1,1,8,19.7061,100,99.8176,896,0,608,0,66
nbody_kernel,42002,2048,64,64,8,32,2,1,1,0,1,1,519340,8417,4,202319000,100716546,6,201623552,99.8646,1,4.61538,4194304,65536,402694144,100683776,0.249797,98.9229,3758297088,0,681920512,101730304,1346748416,505524224,0,200884672,2,9.49052,0,0,1,1,1,8,22.8536,100,99.4697,1024,1024,320,0,40
nbody_kernel,36004,2048,64,64,8,32,2,1,1,0,2,1,520903,20663,4,151917476,100722690,5,151298048,99.8375,1,9.09091,2097152,65536,302043136,100689920,0.249951,99.9898,3758346240,0,341143552,50874368,673546240,250732544,0,159115392,2,10.9713,0,0,1,1,1,8,20.6899,100,99.6651,1024,2048,416,0,40
nbody_kernel,33315,2048,64,64,8,32,2,1,1,0,4,2,531993,8342901,4,127093732,100734978,4,126144512,99.8195,1,9.09091,2097152,65536,251736064,100702208,0.24996,99.9845,3758444544,0,170754048,25446400,538329088,161214464,0,145709952,2,11.8568,0,0,1,1,1,8,20.2205,100,99.8171,1024,4096,608,0,59
nbody_kernel,41347,2048,64,64,8,32,4,0,0,0,1,1,519650,7722,4,202947452,100716546,6,218140672,99.6325,0,0,0,0,402694144,100683776,0.249753,99.9819,3758297088,0,275906560,34609152,637710336,288014336,0,157144576,2,9.55511,0,0,1,1,1,8,18.144,100,99.3221,1024,0,320,0,52
nbody_kernel,41009,2048,64,64,8,32,4,0,1,0,1,1,779074,7983,4,202420870,100716546,6,201625600,99.8916,1,4.61538,4194304,65536,402694144,100683776,0.249862,99.9821,3758297088,0,275382272,34609152,740995072,305831936,0,160912640,2,9.6337,0,0,1,1,1,8,18.6445,100,99.338,1024,1024,320,0,51
nbody_kernel,42589,2048,64,64,8,32,4,1,0,0,1,1,519206,8050,4,206175084,100716546,6,218138624,98.5828,0,0,0,0,402694144,100683776,0.249734,99.9891,3758297088,0,283287552,34609152,738529280,328814592,0,161800832,2,9.27409,0,0,1,1,1,8,17.8069,100,99.3416,1024,0,320,0,52
nbody_kernel,36666,2048,64,64,8,32,4,1,0,0,2,1,521961,20218,4,161607044,100722690,5,167813120,99.1161,0,0,0,0,302043136,100689920,0.249268,99.9506,3758346240,0,175292416,17307648,570753024,204300288,0,148220288,2,10.7805,0,0,1,1,1,8,18.5518,100,99.6405,1024,0,416,0,64
nbody_kernel,38170,2048,64,64,8,32,4,1,0,0,4,1,532475,6565316,4,140819084,100734978,5,142659584,99.4749,0,0,0,0,251736064,100702208,0.248363,99.8177,3758444544,0,87736320,8656896,486916096,133660672,0,140123264,2,11.6688,0,0,1,1,1,8,18.891,100,99.8098,768,0,608,0,80
nbody_kernel,46369,2048,64,64,8,32,4,1,1,0,1,1,648916,7954,4,202372884,100716546,6,201623552,99.8646,1,4.61538,4194304,65536,402694144,100683776,0.249825,99.9893,3758297088,0,279093248,34609152,742723584,306266112,0,161096192,2,9.62833,0,0,1,1,1,8,18.6499,100,99.3387,1024,1024,320,0,51
nbody_kernel,40450,2048,64,64,8,32,4,1,1,0,2,1,652127,19634,4,158359532,100722690,5,151298048,99.8375,1,9.09091,2097152,65536,302043136,100689920,0.24969,99.982,3758346240,0,173195264,17307648,572850176,283471872,0,150694400,2,11.0384,0,0,1,1,1,8,19.0686,100,99.6464,1024,2048,416,0,53
nbody_kernel,37947,2048,64,64,8,32,4,1,1,0,4,1,532357,7342946,4,133590620,100734978,4,126144512,99.8195,1,9.09091,2097152,65536,251736064,100702208,0.249697,99.9292,3758444544,0,86687744,8656896,487964672,136544256,0,140213376,2,11.8269,0,0,1,1,1,8,18.8476,100,99.8099,896,4096,608,0,72
nbody_kernel,10558,2048,64,64,8,32,8,0,0,0,1,1,129796,16,1,1975778,32770,2,16793600,0,0,0,0,0,0,0,0.249831,99.9826,3758297088,0,7403520,1050624,33619968,33120256,0,119813120,7,41.6507,0,0,2,1,1,1,61.1512,100,99.9862,512,0,0,0,125
nbody_kernel,10570,2048,64,64,8,32,8,0,1,0,1,1,129728,0,1,1052504,32770,1,278528,0,1,9.09091,2097152,65536,0,0,0.250108,99.9828,3758297088,0,6879232,1048576,36241408,2232320,0,118913344,7,41.8466,0,0,2,1,1,1,61.1301,100,99.9861,512,1024,0,0,125
nbody_kernel,11173,2048,64,64,8,32,8,1,0,0,1,1,129804,76,1,5228234,32770,2,16791552,0,0,0,0,0,0,0,0.2498,99.9825,3758297088,0,14764032,1050624,134365184,91834368,0,125026240,6,39.5968,0,0,2,1,1,2,59.2199,100,99.9868,512,0,0,0,126
nbody_kernel,21441,2048,64,64,8,32,8,1,0,0,2,1,259618,0,1,3871138,32770,1,16791552,0,0,0,0,0,0,0,0.166432,75.0198,3758346240,0,7424000,526336,67256320,46012416,0,121244736,4,20.5677,0,0,2,1,1,1,40.1875,100,99.9931,384,0,0,0,164
nbody_kernel,19083,2048,64,64,8,32,8,1,0,0,4,1,389236,118668,1,5034730,2334978,2,19142656,79.5527,0,0,0,0,4702208,2302208,0.125043,99.9923,3758444544,0,4149248,264192,70928384,23310336,0,120538496,3,20.6306,0,0,1,1,1,1,30.265,100,99.9965,256,0,296,0,255
nbody_kernel,9416,2048,64,64,8,32,8,1,1,0,1,1,129802,0,1,1263098,32770,1,276480,0,1,9.09091,2097152,65536,0,0,0.249821,99.9809,3758297088,0,10569728,1048576,37896192,2758656,0,119096832,7,41.6794,0,0,2,1,1,1,61.033,100,99.9861,512,1024,0,0,125
nbody_kernel,18718,2048,64,64,8,32,8,1,1,0,2,1,259460,16,1,2013522,32770,1,276480,0,1,9.09091,2097152,65536,0,0,0.143098,87.5145,3758346240,0,5326848,524288,35799040,1548288,0,118806592,4,21.085,0,0,2,1,1,1,34.9295,100,99.993,384,2048,0,0,163
nbody_kernel,21087,2048,64,64,8,32,8,1,1,0,4,1,259530,10532,1,2594786,745730,1,989184,77.6817,1,9.09091,2097152,65536,1425408,712960,0.124994,99.9915,3758444544,0,3100672,262144,46155776,3584000,0,119115072,4,20.8725,0,0,1,1,1,1,30.361,100,99.9965,256,4096,216,0,255
nbody_kernel,14065,16384,128,128,1,0,0,0,0,0,1,1,259540,68,1,8664818,16386,10,134234112,0,0,0,0,0,0,0,0.999692,99.9868,3758325760,0,79970304,16777216,268500992,203636736,0,135291904,5,28.1159,0,0,2,1,1,3,46.2855,100,99.9508,1024,0,0,0,32
nbody_kernel,6433,16384,128,128,1,0,0,0,1,0,1,1,259498,8,1,1324530,16386,1,1064960,0,6,7.69231,16777216,262144,0,0,0.723071,97.3619,3758325760,0,14958592,2097152,278986752,4407296,0,126837760,10,60.4266,0,0,3,1,2,1,92.6239,100,99.9992,1024,2048,0,0,40
nbody_kernel,14081,16384,128,128,1,0,0,1,0,0,1,1,259460,0,2,33828250,16386,10,134232064,0,0,0,0,0,0,0,0.992937,99.9241,3758325760,0,816267264,67108864,1073889280,539197440,0,195528704,5,28.0158,0,0,2,1,1,10,59.3664,100,99.966,1024,0,0,0,32
nbody_kernel,14489,16384,128,128,1,0,0,1,0,0,2,1,259458,0,1,17051034,16386,10,134232064,0,0,0,0,0,0,0,0.68741,96.962,3758374912,0,811024384,67108864,537018368,202702848,0,168040960,6,27.2672,0,0,2,1,1,6,51.6501,100,99.9799,1024,0,0,0,40
nbody_kernel,14497,16384,128,128,1,0,0,1,0,0,4,1,259458,0,1,8662426,16386,10,134232064,0,0,0,0,0,0,0,0.52436,96.9617,3758473216,0,175063040,16777216,268582912,84951040,0,134512640,5,27.2667,0,0,2,1,1,3,45.6045,100,99.9871,1024,0,0,0,56
nbody_kernel,6625,16384,128,128,1,0,0,1,1,0,1,1,56,0,1,1174948,16386,1,1062912,0,6,7.69231,16777216,262144,0,0,0.716179,96.9801,3758325760,0,29835264,2097152,285360128,6520832,0,127567872,9,59.8243,0,0,3,1,2,1,94.8506,100,99.9992,1024,2048,0,0,40
nbody_kernel,6277,16384,128,128,1,0,0,1,1,0,2,1,2,16,1,1062936,16386,1,1062912,0,6,7.69231,16777216,262144,0,0,0.583525,99.9638,3758374912,0,115818496,16777216,276971520,8716288,0,130554368,10,63.064,0,0,3,1,2,1,97.1698,100,99.9741,1024,4096,0,0,48
nbody_kernel,6373,16384,128,128,1,0,0,1,1,0,4,0,0,0,1,1062936,16386,1,1062912,0,6,7.69231,16777216,262144,0,0,0.492208,99.8527,3758473216,0,108478464,16777216,272777216,4734976,0,130056192,10,62.4255,0,0,3,1,2,1,95.9188,100,99.9866,1024,8192,0,0,57
nbody_kernel,14066,16384,128,128,1,0,1,0,0,0,1,1,259508,40,1,8664570,16386,10,134234112,0,0,0,0,0,0,0,0.999712,99.9887,3758325760,0,79970304,16777216,268500992,203636736,0,135291904,5,28.1169,0,0,2,1,1,3,46.2863,100,99.9508,1024,0,0,0,32
nbody_kernel,6444,16384,128,128,1,0,1,0,1,0,1,0,0,0,1,1064984,16386,1,1064960,0,6,7.69231,16777216,262144,0,0,0.716491,99.741,3758325760,0,14958592,2097152,278986752,4407296,0,126837760,9,61.7154,0,0,3,1,2,1,92.3429,100,99.9992,1024,2048,0,0,40
nbody_kernel,14083,16384,128,128,1,0,1,1,0,0,1,1,129828,76,2,33828250,16386,10,134232064,0,0,0,0,0,0,0,0.994146,99.9667,3758325760,0,816267264,67108864,1073889280,539197440,0,195528704,6,28.0429,0,0,2,1,1,10,59.3985,100,99.966,1024,0,0,0,32
nbody_kernel,14492,16384,128,128,1,0,1,1,0,0,2,1,129728,0,1,16921520,16386,10,134232064,0,0,0,0,0,0,0,0.68741,99.9897,3758374912,0,811024384,67108864,537018368,202702848,0,168040960,6,28.1185,0,0,2,1,1,6,51.6497,100,99.9799,1024,0,0,0,40
nbody_kernel,14501,16384,128,128,1,0,1,1,0,0,4,1,259490,0,1,8662586,16386,10,134232064,0,0,0,0,0,0,0,0.524336,96.9632,3758473216,0,175063040,16777216,268582912,84951040,0,134512640,5,27.2666,0,0,2,1,1,3,45.6035,100,99.9871,1024,0,0,0,56
nbody_kernel,6438,16384,128,128,1,0,1,1,1,0,1,0,0,0,1,1062936,16386,1,1062912,0,6,7.69231,16777216,262144,0,0,0.71486,97.0865,3758325760,0,29835264,2097152,285360128,6520832,0,127567872,9,59.8185,0,0,3,1,2,1,94.7375,100,99.9992,1024,2048,0,0,40
nbody_kernel,6478,16384,128,128,1,0,1,1,1,0,2,1,2,16,1,1069492,16386,1,1062912,0,6,7.69231,16777216,262144,0,0,0.58198,99.9476,3758374912,0,115818496,16777216,276971520,8716288,0,130554368,10,63.0654,0,0,3,1,2,1,97.1876,100,99.9741,1024,4096,0,0,48
nbody_kernel,6383,16384,128,128,1,0,1,1,1,0,4,0,0,0,1,1062936,16386,1,1062912,0,6,7.69231,16777216,262144,0,0,0.489856,99.9231,3758473216,0,108478464,16777216,272777216,4734976,0,130056192,10,62.243,0,0,3,1,2,1,95.571,100,99.9866,1024,8192,0,0,57
nbody_kernel,14078,16384,128,128,1,1,0,0,0,0,1,1,259460,0,1,8664474,16386,10,134234112,0,0,0,0,0,0,0,0.999225,99.9802,3758325760,0,1086603264,268435456,268500992,2310144,0,168322048,6,28.1039,0,0,2,1,1,3,56.4186,100,99.9605,1024,0,0,0,23
nbody_kernel,13473,16384,128,128,1,1,0,0,1,0,1,1,259458,0,1,1324498,16386,1,1064960,0,6,3.87597,33554432,262144,0,0,0.890555,96.815,3758325760,0,1625571328,268435456,1084293120,14909440,0,211052032,7,28.4995,0,0,2,1,3,1,65.9308,100,99.9685,1024,2048,0,0,27
nbody_kernel,19972,16384,128,128,1,1,0,1,0,0,1,1,259460,32,1,33957986,16386,8,134232064,0,0,0,0,0,0,0,0.939843,99.7252,3758325760,0,2712092672,268435456,1073889280,270761984,0,252676096,6,20.0274,0,0,1,1,1,8,60.5126,100,99.9737,1024,0,0,0,28
nbody_kernel,14081,16384,128,128,1,1,0,1,0,0,2,1,129730,0,1,17051202,16386,10,134232064,0,0,0,0,0,0,0,0.687356,96.9832,3758374912,0,1356283904,134217728,537018368,1209335808,0,218634752,7,27.2477,0,0,2,1,1,5,76.6708,100,99.9845,1024,0,0,0,38
nbody_kernel,14500,16384,128,128,1,1,0,1,0,0,4,1,259458,16,1,8662426,16386,10,134232064,0,0,0,0,0,0,0,0.526329,96.9629,3758473216,0,678379520,67108864,268582912,470827008,0,163872768,6,27.2674,0,0,2,1,1,3,55.5636,100,99.9894,1024,0,0,0,56
nbody_kernel,14483,16384,128,128,1,1,0,1,1,0,1,1,259458,0,1,1409590,16386,1,1062912,0,5,3.87597,33554432,262144,0,0,0.899302,99.6896,3758325760,0,1640448000,268435456,1090666496,285442048,0,220170240,7,27.3031,0,0,2,1,3,1,64.5773,100,99.9698,1024,2048,0,0,28
nbody_kernel,9991,16384,128,128,1,1,0,1,1,0,2,1,129731,16,1,1322458,16386,1,1062912,0,4,7.69231,16777216,262144,0,0,0.872494,96.9492,3758374912,0,820461568,134217728,545406976,8716288,0,164633088,8,39.6118,0,0,2,1,2,1,77.6854,100,99.9795,1024,4096,0,0,32
nbody_kernel,7231,16384,128,128,1,1,0,1,1,0,4,1,259458,0,1,1322394,16386,1,1062912,0,5,7.69231,16777216,262144,0,0,0.491619,99.7214,3758473216,0,410468352,67108864,272777216,4734976,0,141066240,9,54.5332,0,0,3,1,2,1,88.459,100,99.9877,1024,8192,0,0,48
nbody_kernel,14073,16384,128,128,1,1,1,0,0,0,1,1,259460,120,1,8664474,16386,10,134234112,0,0,0,0,0,0,0,0.999259,99.9867,3758325760,0,1086603264,268435456,268500992,2310144,0,168322048,6,28.1067,0,0,2,1,1,3,56.4204,100,99.9605,1024,0,0,0,23
nbody_kernel,13913,16384,128,128,1,1,1,0,1,0,1,1,129728,0,1,1194720,16386,1,1064960,0,6,3.87597,33554432,262144,0,0,0.892749,96.3131,3758325760,0,1625571328,268435456,1084293120,14909440,0,211052032,7,28.3136,0,0,2,1,3,1,65.8421,100,99.9685,1024,2048,0,0,27
nbody_kernel,19920,16384,128,128,1,1,1,1,0,0,1,1,389302,100,1,34087708,16386,8,134232064,0,0,0,0,0,0,0,0.937434,98.8237,3758325760,0,2712092672,268435456,1073889280,270761984,0,252676096,6,19.776,0,0,1,1,1,8,60.298,100,99.9737,1024,0,0,0,28
nbody_kernel,14082,16384,128,128,1,1,1,1,0,0,2,1,249346,0,1,17051034,16386,10,134232064,0,0,0,0,0,0,0,0.687396,99.9882,3758374912,0,1356283904,134217728,537018368,1209335808,0,218634752,7,28.0893,0,0,2,1,1,5,76.6633,100,99.9845,1024,0,0,0,38
nbody_kernel,14503,16384,128,128,1,1,1,1,0,0,4,1,259458,16,1,8792162,16386,10,134232064,0,0,0,0,0,0,0,0.520062,94.7147,3758473216,0,678379520,67108864,268582912,470827008,0,163872768,6,26.4658,0,0,2,1,1,3,55.2103,100,99.9894,1024,0,0,0,56
nbody_kernel,14446,16384,128,128,1,1,1,1,1,0,1,1,259458,0,1,1322394,16386,1,1062912,0,5,3.87597,33554432,262144,0,0,0.896074,96.7113,3758325760,0,1640448000,268435456,1090666496,285442048,0,220170240,7,26.6015,0,0,2,1,3,1,64.8555,100,99.9698,1024,2048,0,0,28
nbody_kernel,9795,16384,128,128,1,1,1,1,1,0,2,1,0,16,1,1062936,16386,1,1062912,0,4,7.69231,16777216,262144,0,0,0.876234,99.7787,3758374912,0,820461568,134217728,545406976,8716288,0,164633088,8,40.8525,0,0,2,1,2,1,77.8466,100,99.9795,1024,4096,0,0,32
nbody_kernel,7230,16384,128,128,1,1,1,1,1,0,4,0,0,0,1,1062936,16386,1,1062912,0,5,7.69231,16777216,262144,0,0,0.492618,99.6492,3758473216,0,410468352,67108864,272777216,4734976,0,141066240,9,54.352,0,0,3,1,2,1,88.2289,100,99.9877,1024,8192,0,0,48
nbody_kernel,14071,16384,128,128,1,2,0,0,0,0,1,1,233424,52,1,8664570,16386,10,134234112,0,0,0,0,0,0,0,0.999893,99.9903,3758325760,0,549732352,134217728,268500992,2310144,0,147350528,5,28.1154,0,0,2,1,1,3,48.6258,100,99.9548,1024,0,0,0,30
nbody_kernel,9917,16384,128,128,1,2,0,0,1,0,1,1,129730,0,1,1324442,16386,1,1064960,0,4,7.69231,16777216,262144,0,0,0.884557,99.9617,3758325760,0,820264960,134217728,547422208,14893056,0,164914176,8,39.9783,0,0,2,1,2,1,76.2444,100,99.9596,1024,2048,0,0,32
nbody_kernel,14136,16384,128,128,1,2,0,1,0,0,1,1,259532,56,2,33828250,16386,10,134232064,0,0,0,0,0,0,0,0.97431,99.8788,3758325760,0,1621573632,134217728,1073889280,270761984,0,214403072,6,27.924,0,0,2,1,1,10,63.858,100,99.969,1024,0,0,0,32
nbody_kernel,14494,16384,128,128,1,2,0,1,0,0,2,1,234245,0,1,17130436,16386,10,134232064,0,0,0,0,0,0,0,0.688382,96.9618,3758374912,0,811024384,67108864,537018368,202702848,0,168040960,6,27.2669,0,0,2,1,1,6,51.6495,100,99.9799,1024,0,0,0,40
nbody_kernel,14064,16384,128,128,1,2,0,1,0,0,4,1,259458,16,1,8678206,16386,10,134232064,0,0,0,0,0,0,0,0.524324,96.9634,3758473216,0,405749760,33554432,268582912,135282688,0,143818752,5,27.2667,0,0,2,1,1,3,47.7027,100,99.9879,1024,0,0,0,56
nbody_kernel,10108,16384,128,128,1,2,0,1,1,0,1,1,259458,0,1,1322394,16386,1,1062912,0,4,7.69231,16777216,262144,0,0,0.881623,99.8628,3758325760,0,835141632,134217728,553795584,17006592,0,165644288,8,40.3866,0,0,2,1,2,1,77.3837,100,99.9598,1024,2048,0,0,30
nbody_kernel,7654,16384,128,128,1,2,0,1,1,0,2,1,129731,16,1,1322394,16386,1,1062912,0,5,7.69231,16777216,262144,0,0,0.727717,96.4927,3758374912,0,417808384,67108864,276971520,8716288,0,141564416,9,49.5033,0,0,3,1,2,1,86.1216,100,99.9761,1024,4096,0,0,40
nbody_kernel,6552,16384,128,128,1,2,0,1,1,0,4,1,258866,0,1,1322394,16386,1,1062912,0,6,7.69231,16777216,262144,0,0,0.491328,99.9698,3758473216,0,209141760,33554432,272777216,4734976,0,133726208,10,60.6276,0,0,3,1,2,1,95.5738,100,99.987,1024,8192,0,0,55
nbody_kernel,14073,16384,128,128,1,2,1,0,0,0,1,1,259555,104,1,8664474,16386,10,134234112,0,0,0,0,0,0,0,0.9999,99.9889,3758325760,0,549732352,134217728,268500992,2310144,0,147350528,5,28.1153,0,0,2,1,1,3,48.6264,100,99.9548,1024,0,0,0,30
nbody_kernel,9922,16384,128,128,1,2,1,0,1,0,1,1,129730,0,1,1324442,16386,1,1064960,0,4,7.69231,16777216,262144,0,0,0.881421,99.8216,3758325760,0,820264960,134217728,547422208,14893056,0,164914176,8,39.8288,0,0,2,1,2,1,76.0658,100,99.9596,1024,2048,0,0,32
nbody_kernel,14156,16384,128,128,1,2,1,1,0,0,1,1,259460,40,2,33828250,16386,10,134232064,0,0,0,0,0,0,0,0.972118,99.6961,3758325760,0,1621573632,134217728,1073889280,270761984,0,214403072,6,27.8736,0,0,2,1,1,10,63.8595,100,99.969,1024,0,0,0,32
nbody_kernel,14494,16384,128,128,1,2,1,1,0,0,2,1,129728,0,1,16921312,16386,10,134232064,0,0,0,0,0,0,0,0.691285,96.9611,3758374912,0,811024384,67108864,537018368,202702848,0,168040960,6,27.2667,0,0,2,1,1,6,51.6494,100,99.9799,1024,0,0,0,40
nbody_kernel,14942,16384,128,128,1,2,1,1,0,0,4,1,259458,16,1,8662514,16386,10,134232064,0,0,0,0,0,0,0,0.524333,96.9602,3758473216,0,405749760,33554432,268582912,135282688,0,143818752,5,27.2662,0,0,2,1,1,3,47.7035,100,99.9879,1024,0,0,0,56
nbody_kernel,9818,16384,128,128,1,2,1,1,1,0,1,1,259458,0,1,1322482,16386,1,1062912,0,4,7.69231,16777216,262144,0,0,0.879383,99.6212,3758325760,0,835141632,134217728,553795584,17006592,0,165644288,8,40.2242,0,0,2,1,2,1,77.2596,100,99.9598,1024,2048,0,0,30
nbody_kernel,7641,16384,128,128,1,2,1,1,1,0,2,1,76073,16,1,1215044,16386,1,1062912,0,5,7.69231,16777216,262144,0,0,0.736765,99.8284,3758374912,0,417808384,67108864,276971520,8716288,0,141564416,9,51.8279,0,0,3,1,2,1,87.153,100,99.9761,1024,4096,0,0,40
nbody_kernel,6551,16384,128,128,1,2,1,1,1,0,4,0,0,0,1,1063344,16386,1,1062912,0,6,7.69231,16777216,262144,0,0,0.488795,99.9267,3758473216,0,209141760,33554432,272777216,4734976,0,133726208,10,60.3537,0,0,3,1,2,1,95.1831,100,99.987,1024,8192,0,0,55
nbody_kernel,14071,16384,128,128,1,4,0,0,0,0,1,1,129729,8,1,8534752,16386,10,134234112,0,0,0,0,0,0,0,0.999886,99.9889,3758325760,0,281296896,67108864,268500992,203636736,0,143156224,5,28.1158,0,0,2,1,1,3,48.6272,100,99.9535,1024,0,0,0,32
nbody_kernel,7615,16384,128,128,1,4,0,0,1,0,1,0,0,0,1,1065032,16386,1,1064960,0,5,7.69231,16777216,262144,0,0,0.718967,99.599,3758325760,0,417611776,67108864,278986752,14893056,0,141845504,9,52.944,0,0,3,1,2,1,89.5285,100,99.9531,1024,2048,0,0,40
nbody_kernel,14088,16384,128,128,1,4,0,1,0,0,1,1,259460,16,2,33828250,16386,10,134232064,0,0,0,0,0,0,0,0.993359,99.9473,3758325760,0,816267264,67108864,1073889280,539197440,0,195528704,6,28.0279,0,0,2,1,1,10,59.3782,100,99.966,1024,0,0,0,32
nbody_kernel,14960,16384,128,128,1,4,0,1,0,0,2,1,259458,0,1,17051034,16386,10,134232064,0,0,0,0,0,0,0,0.572816,99.6351,3758374912,0,408371200,33554432,537018368,202702848,0,154409472,5,26.7741,0,0,2,1,1,5,47.4893,100,99.9781,1024,0,0,0,46
nbody_kernel,14072,16384,128,128,1,4,0,1,0,0,4,1,129730,16,1,8662426,16386,10,134232064,0,0,0,0,0,0,0,0.49995,99.9904,3758473216,0,204472320,16777216,268582912,168853504,0,138053632,5,28.1158,0,0,2,1,1,3,45.3567,100,99.9874,1024,0,0,0,64
nbody_kernel,8656,16384,128,128,1,4,0,1,1,0,1,1,53523,0,1,1192672,16386,1,1062912,0,5,7.69231,16777216,262144,0,0,0.692513,99.9482,3758325760,0,432488448,67108864,285360128,17006592,0,142575616,8,48.2108,0,0,3,1,2,1,82.918,100,99.9533,1024,2048,0,0,40
nbody_kernel,6513,16384,128,128,1,4,0,1,1,0,2,1,0,16,1,1085556,16386,1,1062912,0,6,7.69231,16777216,262144,0,0,0.585206,99.9709,3758374912,0,216481792,33554432,276971520,8716288,0,134224384,10,60.8268,0,0,3,1,2,1,95.406,100,99.9748,1024,4096,0,0,48
nbody_kernel,6376,16384,128,128,1,4,0,1,1,0,4,0,0,0,1,1192672,16386,1,1062912,0,6,7.69231,16777216,262144,0,0,0.4894,99.8315,3758473216,0,108478464,16777216,272777216,4734976,0,130056192,10,62.2376,0,0,3,1,2,1,95.6504,100,99.9866,1024,8192,0,0,57
nbody_kernel,14074,16384,128,128,1,4,1,0,0,0,1,1,259460,238,1,8664474,16386,10,134234112,0,0,0,0,0,0,0,0.999886,99.9877,3758325760,0,281296896,67108864,268500992,203636736,0,143156224,5,28.1153,0,0,2,1,1,3,48.6271,100,99.9535,1024,0,0,0,32
nbody_kernel,7498,16384,128,128,1,4,1,0,1,0,1,1,259458,0,1,1324442,16386,1,1064960,0,5,7.69231,16777216,262144,0,0,0.714139,99.2002,3758325760,0,417611776,67108864,278986752,14893056,0,141845504,9,52.3622,0,0,3,1,2,1,88.9005,100,99.9531,1024,2048,0,0,40
nbody_kernel,14092,16384,128,128,1,4,1,1,0,0,1,1,259460,20,2,33828250,16386,10,134232064,0,0,0,0,0,0,0,0.993215,99.9336,3758325760,0,816267264,67108864,1073889280,539197440,0,195528704,6,28.0213,0,0,2,1,1,10,59.3723,100,99.966,1024,0,0,0,32
nbody_kernel,14957,16384,128,128,1,4,1,1,0,0,2,1,259458,0,1,17051034,16386,10,134232064,0,0,0,0,0,0,0,0.572426,98.6271,3758374912,0,408371200,33554432,537018368,202702848,0,154409472,5,26.4436,0,0,2,1,1,5,47.3824,100,99.9781,1024,0,0,0,46
nbody_kernel,14072,16384,128,128,1,4,1,1,0,0,4,1,259522,16,1,8662426,16386,10,134232064,0,0,0,0,0,0,0,0.499948,99.991,3758473216,0,204472320,16777216,268582912,168853504,0,138053632,5,28.1158,0,0,2,1,1,3,45.3564,100,99.9874,1024,0,0,0,64
nbody_kernel,8245,16384,128,128,1,4,1,1,1,0,1,1,129730,0,1,1322466,16386,1,1062912,0,5,7.69231,16777216,262144,0,0,0.689861,97.0236,3758325760,0,432488448,67108864,285360128,17006592,0,142575616,8,47.0166,0,0,3,1,2,1,83.3015,100,99.9533,1024,2048,0,0,40
nbody_kernel,6521,16384,128,128,1,4,1,1,1,0,2,1,0,16,1,1062936,16386,1,1062912,0,6,7.69231,16777216,262144,0,0,0.590009,99.9553,3758374912,0,216481792,33554432,276971520,8716288,0,134224384,10,60.8041,0,0,3,1,2,1,95.3854,100,99.9748,1024,4096,0,0,48
nbody_kernel,6373,16384,128,128,1,4,1,1,1,0,4,1,259458,0,1,1322570,16386,1,1062912,0,6,7.69231,16777216,262144,0,0,0.491018,99.893,3758473216,0,108478464,16777216,272777216,4734976,0,130056192,10,62.3412,0,0,3,1,2,1,95.7506,100,99.9866,1024,8192,0,0,57
nbody_kernel,14072,16384,128,128,1,8,0,0,0,0,1,1,259588,172,1,8664554,16386,10,134234112,0,0,0,0,0,0,0,0.999848,99.9901,3758325760,0,147079168,33554432,268500992,136527872,0,135816192,5,28.1177,0,0,2,1,1,3,45.5059,100,99.951,1024,0,0,0,32
nbody_kernel,6757,16384,128,128,1,8,0,0,1,0,1,0,0,0,1,1064984,16386,1,1064960,0,6,7.69231,16777216,262144,0,0,0.592611,97.0337,3758325760,0,216285184,33554432,278986752,14893056,0,134505472,10,58.6765,0,0,3,1,2,1,95.1263,100,99.9505,1024,2048,0,0,46
nbody_kernel,14099,16384,128,128,1,8,0,1,0,0,1,1,141527,104,2,33828562,16386,10,134232064,0,0,0,0,0,0,0,0.687146,94.1093,3758325760,0,413614080,33554432,1073889280,539197440,0,181897216,5,26.4262,0,0,2,1,1,10,53.9982,100,99.9634,1024,0,0,0,40
nbody_kernel,14509,16384,128,128,1,8,0,1,0,0,2,1,259458,0,1,17051194,16386,10,134232064,0,0,0,0,0,0,0,0.525059,96.9621,3758374912,0,207044608,16777216,537018368,353697792,0,152312320,5,27.2664,0,0,2,1,1,6,47.3525,100,99.9778,1024,0,0,0,54
nbody_kernel,14944,16384,128,128,1,8,0,1,0,0,4,1,259458,16,1,8792162,16386,10,134232064,0,0,0,0,0,0,0,0.421686,94.1871,3758473216,0,103809024,8388608,268582912,152076288,0,134121472,5,26.4652,0,0,2,1,1,3,44.544,100,99.987,896,0,0,0,68
nbody_kernel,6833,16384,128,128,1,8,0,1,1,0,1,1,259458,0,1,1322394,16386,1,1062912,0,6,7.69231,16777216,262144,0,0,0.590161,97.0418,3758325760,0,231161856,33554432,285360128,17006592,0,135235584,10,58.0467,0,0,3,1,2,1,95.3484,100,99.9508,1024,2048,0,0,47
nbody_kernel,6284,16384,128,128,1,8,0,1,1,0,2,1,0,16,1,1062936,16386,1,1062912,0,6,7.69231,16777216,262144,0,0,0.586916,96.9954,3758374912,0,115818496,16777216,276971520,8716288,0,130554368,10,61.2774,0,0,3,1,2,1,97.3064,100,99.9741,1024,4096,0,0,48
nbody_kernel,6143,16384,128,128,1,8,0,1,1,0,4,1,97664,0,1,1258240,16386,1,1062912,0,6,7.69231,16777216,262144,0,0,0.490103,99.9208,3758473216,0,58146816,8388608,272777216,4734976,0,128221184,10,64.4901,0,0,3,1,2,1,96.1105,100,99.9864,1024,8192,0,0,57
nbody_kernel,14074,16384,128,128,1,8,1,0,0,0,1,1,259460,8,1,8664474,16386,10,134234112,0,0,0,0,0,0,0,0.999825,99.9903,3758325760,0,147079168,33554432,268500992,136527872,0,135816192,5,28.1175,0,0,2,1,1,3,45.5055,100,99.951,1024,0,0,0,32
nbody_kernel,6760,16384,128,128,1,8,1,0,1,0,1,1,259458,0,1,1324530,16386,1,1064960,0,6,7.69231,16777216,262144,0,0,0.595091,99.7727,3758325760,0,216285184,33554432,278986752,14893056,0,134505472,10,60.4085,0,0,3,1,2,1,95.2458,100,99.9505,1024,2048,0,0,46
nbody_kernel,14969,16384,128,128,1,8,1,1,0,0,1,1,259460,40,2,33828250,16386,10,134232064,0,0,0,0,0,0,0,0.687895,96.9393,3758325760,0,413614080,33554432,1073889280,539197440,0,181897216,5,27.2178,0,0,2,1,1,10,53.9922,100,99.9634,1024,0,0,0,40
nbody_kernel,14508,16384,128,128,1,8,1,1,0,0,2,1,259458,0,1,17051034,16386,10,134232064,0,0,0,0,0,0,0,0.524089,96.9616,3758374912,0,207044608,16777216,537018368,353697792,0,152312320,5,27.2655,0,0,2,1,1,6,47.3511,100,99.9778,1024,0,0,0,54
nbody_kernel,14944,16384,128,128,1,8,1,1,0,0,4,1,129728,16,1,8532704,16386,10,134232064,0,0,0,0,0,0,0,0.417458,94.752,3758473216,0,103809024,8388608,268582912,152076288,0,134121472,5,26.466,0,0,2,1,1,3,44.2798,100,99.987,896,0,0,0,68
nbody_kernel,6634,16384,128,128,1,8,1,1,1,0,1,0,0,0,1,1062936,16386,1,1062912,0,6,7.69231,16777216,262144,0,0,0.588361,96.9712,3758325760,0,231161856,33554432,285360128,17006592,0,135235584,10,58.0257,0,0,3,1,2,1,95.3833,100,99.9508,1024,2048,0,0,47
nbody_kernel,6484,16384,128,128,1,8,1,1,1,0,2,1,12,16,1,1192768,16386,1,1062912,0,6,7.69231,16777216,262144,0,0,0.587795,96.9873,3758374912,0,115818496,16777216,276971520,8716288,0,130554368,10,61.2457,0,0,3,1,2,1,97.2643,100,99.9741,1024,4096,0,0,48
nbody_kernel,6125,16384,128,128,1,8,1,1,1,0,4,0,0,0,1,1062984,16386,1,1062912,0,6,7.69231,16777216,262144,0,0,0.490117,99.9089,3758473216,0,58146816,8388608,272777216,4734976,0,128221184,10,64.5771,0,0,3,1,2,1,96.2516,100,99.9864,1024,8192,0,0,57
nbody_kernel,14505,16384,128,128,1,16,0,0,0,0,1,1,259460,8,1,8664474,16386,10,134234112,0,0,0,0,0,0,0,0.690185,94.1145,3758325760,0,105136128,16793600,268500992,220364800,0,136601600,5,26.4648,0,0,2,1,1,3,47.1642,100,99.9513,1024,0,0,0,36
nbody_kernel,6400,16384,128,128,1,16,0,0,1,0,1,1,259458,0,1,1324482,16386,1,1064960,0,6,7.69231,16777216,262144,0,0,0.5872,96.9294,3758325760,0,115621888,16777216,278986752,16990208,0,130900992,10,60.0446,0,0,3,1,2,1,95.7827,100,99.9492,1024,2048,0,0,47
nbody_kernel,14082,16384,128,128,1,16,0,1,0,0,1,1,249589,116,2,33938204,16386,10,134232064,0,0,0,0,0,0,0,0.998251,99.9471,3758325760,0,222822400,16793600,1073889280,690176000,0,180129280,5,28.0809,0,0,2,1,1,10,52.9797,100,99.963,1024,0,0,0,32
nbody_kernel,14505,16384,128,128,1,16,0,1,0,0,2,1,259458,0,1,17051034,16386,10,134232064,0,0,0,0,0,0,0,0.68915,99.9865,3758374912,0,111673344,8404992,537018368,169082880,0,143301120,5,28.1158,0,0,2,1,1,6,46.6304,100,99.9764,1024,0,0,0,40
nbody_kernel,14064,16384,128,128,1,16,0,1,0,0,4,1,259472,16,1,8662642,16386,10,134232064,0,0,0,0,0,0,0,0.499954,99.9879,3758473216,0,56098816,4210688,268582912,114130944,0,131314176,5,28.1161,0,0,2,1,1,3,43.5806,100,99.9867,1024,0,0,0,64
nbody_kernel,6600,16384,128,128,1,16,0,1,1,0,1,1,259458,0,1,1322394,16386,1,1062912,0,6,7.69231,16777216,262144,0,0,0.582447,99.9534,3758325760,0,130498560,16777216,285360128,17006592,0,131565568,10,61.9537,0,0,3,1,2,1,97.0802,100,99.9494,1024,2048,0,0,47
nbody_kernel,6371,16384,128,128,1,16,0,1,1,0,2,1,129728,16,1,1192672,16386,1,1062912,0,6,7.69231,16777216,262144,0,0,0.524712,97.5434,3758374912,0,65536000,8388608,276971520,8749056,0,128721920,10,62.2456,0,0,3,1,2,1,95.6312,100,99.9737,1024,4096,0,0,49
nbody_kernel,6382,16384,128,128,1,16,0,1,1,0,4,1,259458,0,1,1322394,16386,1,1062912,0,6,7.69231,16777216,262144,0,0,0.48805,99.8675,3758473216,0,33030144,4194304,272777216,5259264,0,127321600,10,62.543,0,0,3,1,2,1,93.3684,100,99.9863,1024,8192,0,0,56
nbody_kernel,14504,16384,128,128,1,16,1,0,0,0,1,1,129786,40,1,8534752,16386,10,134234112,0,0,0,0,0,0,0,0.689195,96.9647,3758325760,0,105136128,16793600,268500992,220364800,0,136601600,5,27.2656,0,0,2,1,1,3,47.1631,100,99.9513,1024,0,0,0,36
nbody_kernel,6591,16384,128,128,1,16,1,0,1,0,1,0,0,0,1,1194720,16386,1,1064960,0,6,7.69231,16777216,262144,0,0,0.587953,99.9374,3758325760,0,115621888,16777216,278986752,16990208,0,130900992,10,61.9385,0,0,3,1,2,1,95.8298,100,99.9492,1024,2048,0,0,47
nbody_kernel,14082,16384,128,128,1,16,1,1,0,0,1,1,259460,16,2,33828250,16386,10,134232064,0,0,0,0,0,0,0,0.998428,99.9653,3758325760,0,222822400,16793600,1073889280,690176000,0,180129280,5,28.0884,0,0,2,1,1,10,52.9842,100,99.963,1024,0,0,0,32
nbody_kernel,14503,16384,128,128,1,16,1,1,0,0,2,1,259466,0,1,17051034,16386,10,134232064,0,0,0,0,0,0,0,0.689144,96.9607,3758374912,0,111673344,8404992,537018368,169082880,0,143301120,5,27.2652,0,0,2,1,1,6,46.6308,100,99.9764,1024,0,0,0,40
nbody_kernel,14064,16384,128,128,1,16,1,1,0,0,4,1,259484,16,1,8662634,16386,10,134232064,0,0,0,0,0,0,0,0.499939,99.9908,3758473216,0,56098816,4210688,268582912,114130944,0,131314176,5,28.1165,0,0,2,1,1,3,43.5799,100,99.9867,1024,0,0,0,64
nbody_kernel,6601,16384,128,128,1,16,1,1,1,0,1,1,44,0,1,1062936,16386,1,1062912,0,6,7.69231,16777216,262144,0,0,0.583758,97.083,3758325760,0,130498560,16777216,285360128,17006592,0,131565568,10,60.1254,0,0,3,1,2,1,97.0009,100,99.9494,1024,2048,0,0,47
nbody_kernel,6372,16384,128,128,1,16,1,1,1,0,2,1,0,16,1,1062936,16386,1,1062912,0,6,7.69231,16777216,262144,0,0,0.524133,99.9204,3758374912,0,65536000,8388608,276971520,8749056,0,128721920,10,63.711,0,0,3,1,2,1,95.554,100,99.9737,1024,4096,0,0,49
nbody_kernel,6386,16384,128,128,1,16,1,1,1,0,4,1,259458,20,1,1322394,16386,1,1062912,0,6,7.69231,16777216,262144,0,0,0.487901,99.7096,3758473216,0,33030144,4194304,272777216,5259264,0,127321600,10,62.3536,0,0,3,1,2,1,93.2332,100,99.9863,1024,8192,0,0,56
nbody_kernel,14068,16384,128,128,1,32,0,0,0,0,1,1,259508,96,1,8664474,16386,10,134234112,0,0,0,0,0,0,0,0.999526,99.9893,3758325760,0,54886400,8404992,268500992,253952000,0,135818752,5,28.117,0,0,2,1,1,3,46.3847,100,99.951,1024,0,0,0,32
nbody_kernel,6368,16384,128,128,1,32,0,0,1,0,1,0,0,0,1,1064984,16386,1,1064960,0,6,7.69231,16777216,262144,0,0,0.585737,99.8345,3758325760,0,65372160,8388608,278986752,19103744,0,129134592,10,64.002,0,0,3,1,2,1,96.4555,100,99.9485,1024,2048,0,0,48
nbody_kernel,14085,16384,128,128,1,32,0,1,0,0,1,1,259556,96,2,33828330,16386,10,134232064,0,0,0,0,0,0,0,0.998841,99.9683,3758325760,0,113770496,8404992,1073889280,656621568,0,175410688,5,28.0948,0,0,2,1,1,10,52.0189,100,99.9621,1024,0,0,0,32
nbody_kernel,14506,16384,128,128,1,32,0,1,0,0,2,1,129738,0,1,17051314,16386,10,134232064,0,0,0,0,0,0,0,0.688046,96.974,3758374912,0,57147392,4210688,537018368,152305664,0,140941824,5,27.2626,0,0,2,1,1,5,45.9854,100,99.976,1024,0,0,0,40
nbody_kernel,14063,16384,128,128,1,32,0,1,0,0,4,1,259528,16,1,8662730,16386,10,134232064,0,0,0,0,0,0,0,0.499949,99.9882,3758473216,0,28835840,2113536,268582912,124616704,0,130724352,5,28.1159,0,0,2,1,1,3,42.8967,100,99.9867,1024,0,0,0,64
nbody_kernel,6384,16384,128,128,1,32,0,1,1,0,1,1,96,0,1,1062936,16386,1,1062912,0,6,7.69231,16777216,262144,0,0,0.587051,96.9718,3758325760,0,80216064,8388608,285360128,19120128,0,129798144,10,62.0804,0,0,3,1,2,1,96.2705,100,99.9487,1024,2048,0,0,48
nbody_kernel,6321,16384,128,128,1,32,0,1,1,0,2,1,259460,16,1,1322394,16386,1,1062912,0,6,7.69231,16777216,262144,0,0,0.521613,96.1033,3758374912,0,40370176,4194304,276971520,9781248,0,127836672,10,61.0431,0,0,3,1,2,1,93.9761,100,99.9736,1024,4096,0,0,50
nbody_kernel,6417,16384,128,128,1,32,0,1,1,0,4,0,0,0,1,1062936,16386,1,1062912,0,6,7.69231,16777216,262144,0,0,0.48814,99.726,3758473216,0,20447232,2097152,272777216,5259264,0,126862848,10,61.8942,0,0,3,1,2,1,91.8846,100,99.9863,1024,8192,0,0,56
nbody_kernel,14067,16384,128,128,1,32,1,0,0,0,1,1,259460,16,1,8664474,16386,10,134234112,0,0,0,0,0,0,0,0.999507,99.9868,3758325760,0,54886400,8404992,268500992,253952000,0,135818752,5,28.1161,0,0,2,1,1,3,46.3844,100,99.951,1024,0,0,0,32
nbody_kernel,6370,16384,128,128,1,32,1,0,1,0,1,0,0,0,1,1064984,16386,1,1064960,0,6,7.69231,16777216,262144,0,0,0.587667,99.9358,3758325760,0,65372160,8388608,278986752,19103744,0,129134592,10,64.1384,0,0,3,1,2,1,96.5629,100,99.9485,1024,2048,0,0,48
nbody_kernel,14083,16384,128,128,1,32,1,1,0,0,1,1,165241,16,2,33828250,16386,10,134232064,0,0,0,0,0,0,0,0.998779,99.9399,3758325760,0,113770496,8404992,1073889280,656621568,0,175410688,5,28.086,0,0,2,1,1,10,52.0176,100,99.9621,1024,0,0,0,32
nbody_kernel,15381,16384,128,128,1,32,1,1,0,0,2,1,165402,0,1,17051202,16386,10,134232064,0,0,0,0,0,0,0,0.688124,96.9581,3758374912,0,57147392,4210688,537018368,152305664,0,140941824,5,27.2598,0,0,2,1,1,6,45.9883,100,99.976,1024,0,0,0,40
nbody_kernel,14062,16384,128,128,1,32,1,1,0,0,4,1,259536,16,1,8662978,16386,10,134232064,0,0,0,0,0,0,0,0.499951,99.9905,3758473216,0,28835840,2113536,268582912,124616704,0,130724352,5,28.1167,0,0,2,1,1,3,42.8969,100,99.9867,1024,0,0,0,64
nbody_kernel,6190,16384,128,128,1,32,1,1,1,0,1,1,259458,0,1,1322394,16386,1,1062912,0,6,7.69231,16777216,262144,0,0,0.587592,96.9043,3758325760,0,80216064,8388608,285360128,19120128,0,129798144,10,62.0423,0,0,3,1,2,1,96.2785,100,99.9487,1024,2048,0,0,48
nbody_kernel,6498,16384,128,128,1,32,1,1,1,0,2,1,2,16,1,1192672,16386,1,1062912,0,6,7.69231,16777216,262144,0,0,0.520803,98.1051,3758374912,0,40370176,4194304,276971520,9781248,0,127836672,10,62.6537,0,0,3,1,2,1,94.4876,100,99.9736,1024,4096,0,0,50
nbody_kernel,6422,16384,128,128,1,32,1,1,1,0,4,0,0,0,1,1062936,16386,1,1062912,0,6,7.69231,16777216,262144,0,0,0.489294,99.4065,3758473216,0,20447232,2097152,272777216,5259264,0,126862848,10,61.9105,0,0,3,1,2,1,92.2042,100,99.9863,1024,8192,0,0,56
nbody_kernel,7493,8192,128,128,2,0,0,0,0,0,1,1,240632,24,1,4486554,32770,10,67125248,0,0,0,0,0,0,0,0.507259,94.2027,3758309376,0,73605120,16777216,134283264,118652928,0,128209152,9,52.8423,0,0,3,1,1,3,87.8494,100,99.974,1024,0,0,0,50
nbody_kernel,6191,8192,128,128,2,0,0,0,1,0,1,0,0,0,1,557080,32770,1,540672,0,3,7.69231,8388608,131072,0,0,0.493669,99.8503,3758309376,0,108208128,16777216,139526144,7512064,0,125981184,10,63.9192,0,0,3,1,1,1,97.0314,100,99.9736,1024,2048,0,0,61
nbody_kernel,8309,8192,128,128,2,0,0,1,0,0,1,1,259460,98,2,17065370,32770,9,67123200,0,0,0,0,0,0,0,0.525066,99.9141,3758309376,0,810852352,67108864,537018368,202555392,0,168028416,9,47.6259,0,0,3,1,1,9,88.8657,100,99.9802,1024,0,0,0,47
nbody_kernel,8927,8192,128,128,2,0,0,1,0,0,2,0,0,0,1,8417304,32770,8,67123200,0,0,0,0,0,0,0,0.520604,95.5142,3758358528,0,773136384,16785408,268582912,134930432,0,154760448,9,43.9983,0,0,3,1,1,5,88.3387,100,99.9891,1024,0,0,0,48
nbody_kernel,7658,8192,128,128,2,0,0,1,0,0,4,1,18962,16,1,4352736,32770,10,67123200,0,0,0,0,0,0,0,0.496341,99.9314,3758456832,0,437067776,33562624,134365184,67665920,0,138481152,9,51.785,0,0,3,1,1,3,90.0011,100,99.9937,1024,0,0,0,64
nbody_kernel,6240,8192,128,128,2,0,0,1,1,0,1,0,0,0,1,552984,32770,1,538624,0,3,7.69231,8388608,131072,0,0,0.49538,99.8892,3758309376,0,115646464,16777216,142753792,8560640,0,126347264,10,63.4397,0,0,3,1,1,1,97.3708,100,99.9737,1024,2048,0,0,62
nbody_kernel,6339,8192,128,128,2,0,0,1,1,0,2,1,259458,16,1,812442,32770,1,538624,0,3,7.69231,8388608,131072,0,0,0.496806,99.9632,3758358528,0,158638080,16777216,272777216,2375680,0,131545856,10,62.5124,0,0,3,1,2,1,96.7485,100,99.9872,1024,4096,0,0,55
nbody_kernel,6902,8192,128,128,2,0,0,1,1,0,4,0,0,0,1,553016,32770,1,538624,0,3,7.69231,8388608,131072,0,0,0.494774,99.8373,3758456832,0,104669184,33554432,136462336,1531904,0,126092288,9,57.5046,0,0,3,1,1,1,90.5659,100,99.9931,1024,8192,0,0,64
nbody_kernel,38625,8192,128,128,2,0,1,0,0,0,1,1,519354,12204,5,206093084,100716546,8,268472320,98.6092,0,0,0,0,402694144,100683776,0.987033,99.9837,3758309376,0,1881702400,268460032,2550530048,672317440,0,289582080,3,10.2332,0,0,1,1,1,9,33.5679,100,98.5398,1024,0,80,0,25
nbody_kernel,37371,8192,128,128,2,0,1,0,1,0,1,1,519448,11930,5,202423284,100716546,6,201887744,99.8051,1,3.87597,16777216,131072,402694144,100683776,0.985971,99.9323,3758309376,0,1484292096,268460032,2958426112,942850048,0,298363904,3,10.5688,0,0,1,1,1,9,32.9792,100,98.5828,1024,2048,80,0,25
nbody_kernel,43097,8192,128,128,2,0,1,1,0,0,1,1,778776,12134,4,218931774,100716546,7,268470272,94.7193,0,0,0,0,402694144,100683776,0.985597,99.9737,3758309376,0,2821390336,268460032,2953265152,672366592,0,331534336,3,9.16793,0,0,1,1,1,9,33.1339,100,98.7246,1024,0,80,0,26
nbody_kernel,37947,8192,128,128,2,0,1,1,0,0,2,1,753684,21962,4,160163684,100722690,7,218144768,96.752,0,0,0,0,302043136,100689920,0.995954,99.9898,3758358528,0,1411055616,134242304,1476870144,336297984,0,224515584,3,10.4118,0,0,1,1,1,8,26.6237,100,99.0581,1024,0,112,0,32
nbody_kernel,37309,8192,128,128,2,0,1,1,0,0,4,1,519782,14688,4,130609948,100734978,6,192991232,98.1563,0,0,0,0,251736064,100702208,0.50934,94.1247,3758456832,0,705896448,67133440,738672640,369565696,0,177299456,3,10.5898,0,0,1,1,1,8,22.5115,100,99.4032,1024,0,160,0,56
nbody_kernel,37388,8192,128,128,2,0,1,1,1,0,1,1,519156,11726,5,202418972,100716546,6,201885696,99.8064,1,3.87597,16777216,131072,402694144,100683776,0.986309,99.9529,3758309376,0,1491795968,268460032,2961653760,943947776,0,298733568,3,10.5681,0,0,1,1,1,9,33.008,100,98.5846,1024,2048,80,0,29
nbody_kernel,34969,8192,128,128,2,0,1,1,1,0,2,1,521102,22570,4,152093468,100722690,5,151560192,99.7678,1,7.69231,8388608,131072,302043136,100689920,0.999215,99.9769,3758358528,0,746258432,134242304,1481064448,203636736,0,199726080,3,11.2995,0,0,1,1,1,8,24.5516,100,98.9411,1024,4096,112,0,32
nbody_kernel,33570,8192,128,128,2,0,1,1,1,0,4,1,519544,10330,4,126940268,100734978,4,126406656,99.7421,1,7.69231,8388608,131072,251736064,100702208,0.499871,99.9802,3758456832,0,373497856,67133440,740769792,236134400,0,162807808,2,11.7668,0,0,1,1,1,8,21.2859,100,99.3501,1024,8192,160,0,56
nbody_kernel,7078,8192,128,128,2,0,2,0,0,0,1,1,122,28,1,4227328,32770,10,67125248,0,0,0,0,0,0,0,0.506731,94.3436,3758309376,0,73605120,16777216,134283264,118652928,0,128209152,9,52.8532,0,0,3,1,1,3,87.7363,100,99.974,1024,0,0,0,50
nbody_kernel,6184,8192,128,128,2,0,2,0,1,0,1,0,0,0,1,557080,32770,1,540672,0,3,7.69231,8388608,131072,0,0,0.49547,99.9289,3758309376,0,108208128,16777216,139526144,7512064,0,125981184,10,64.1358,0,0,3,1,1,1,97.2836,100,99.9736,1024,2048,0,0,61
nbody_kernel,8315,8192,128,128,2,0,2,1,0,0,1,1,259460,0,2,17065370,32770,9,67123200,0,0,0,0,0,0,0,0.52293,95.4462,3758309376,0,810852352,67108864,537018368,202555392,0,168028416,9,45.3313,0,0,3,1,1,9,88.5437,100,99.9802,1024,0,0,0,47
nbody_kernel,8921,8192,128,128,2,0,2,1,0,0,2,0,0,0,1,8417304,32770,8,67123200,0,0,0,0,0,0,0,0.527169,95.5496,3758358528,0,773136384,16785408,268582912,134930432,0,154760448,9,44.3247,0,0,3,1,1,5,88.9609,100,99.9891,1024,0,0,0,48
nbody_kernel,7666,8192,128,128,2,0,2,1,0,0,4,1,2,16,1,4223160,32770,10,67123200,0,0,0,0,0,0,0,0.495417,99.918,3758456832,0,437067776,33562624,134365184,67665920,0,138481152,9,51.684,0,0,3,1,1,3,89.8377,100,99.9937,1024,0,0,0,64
nbody_kernel,6247,8192,128,128,2,0,2,1,1,0,1,1,259478,0,1,812442,32770,1,538624,0,3,7.69231,8388608,131072,0,0,0.493926,99.8631,3758309376,0,115646464,16777216,142753792,8560640,0,126347264,10,63.2165,0,0,3,1,1,1,97.0537,100,99.9737,1024,2048,0,0,62
nbody_kernel,6341,8192,128,128,2,0,2,1,1,0,2,1,0,16,1,553104,32770,1,538624,0,3,7.69231,8388608,131072,0,0,0.498214,99.9704,3758358528,0,158638080,16777216,272777216,2375680,0,131545856,10,62.4905,0,0,3,1,2,1,96.7076,100,99.9872,1024,4096,0,0,55
nbody_kernel,6893,8192,128,128,2,0,2,1,1,0,4,1,259458,0,1,812442,32770,1,538624,0,3,7.69231,8388608,131072,0,0,0.494531,99.9182,3758456832,0,104669184,33554432,136462336,1531904,0,126092288,9,57.5631,0,0,3,1,1,1,90.5845,100,99.9931,1024,8192,0,0,64
nbody_kernel,11833,8192,128,128,2,1,0,0,0,0,1,1,129729,8,1,4268164,32770,6,67125248,0,0,0,0,0,0,0,0.559415,99.7286,3758309376,0,543367168,134217728,134283264,1212416,0,142889216,6,33.4788,0,0,2,1,1,2,59.8004,100,99.9767,1024,0,0,0,39
nbody_kernel,8116,8192,128,128,2,1,0,0,1,0,1,0,0,0,1,684260,32770,1,540672,0,5,3.87597,16777216,131072,0,0,0.530217,99.4244,3758309376,0,812851200,134217728,542179328,7512064,0,164254208,9,48.4683,0,0,3,1,3,1,89.8017,100,99.9797,1024,2048,0,0,44
nbody_kernel,11720,8192,128,128,2,1,0,1,0,0,1,1,129760,44,1,17065426,32770,6,67123200,0,0,0,0,0,0,0,0.524235,99.8839,3758309376,0,1356111872,134217728,537018368,269664256,0,189262080,7,33.7369,0,0,2,1,1,7,82.7876,100,99.9824,1024,0,0,0,43
nbody_kernel,9330,8192,128,128,2,1,0,1,0,0,2,1,129728,0,1,8547040,32770,8,67123200,0,0,0,0,0,0,0,0.526242,99.7514,3758358528,0,873799680,67117056,268582912,134946816,0,159479552,9,44.5912,0,0,2,1,1,4,86.9677,100,99.9894,1024,0,0,0,48
nbody_kernel,7645,8192,128,128,2,1,0,1,0,0,4,1,0,16,1,4223384,32770,10,67123200,0,0,0,0,0,0,0,0.496714,99.9429,3758456832,0,437067776,33562624,134365184,67665920,0,138481152,9,51.789,0,0,3,1,1,3,89.9976,100,99.9937,1024,0,0,0,64
nbody_kernel,9874,8192,128,128,2,1,0,1,1,0,1,1,259458,0,1,812442,32770,1,538624,0,4,3.87597,16777216,131072,0,0,0.616025,99.9374,3758309376,0,820289536,134217728,545406976,8568832,0,164620544,8,40.0639,0,0,2,1,2,1,76.217,100,99.9798,1024,2048,0,0,40
nbody_kernel,7663,8192,128,128,2,1,0,1,1,0,2,1,129730,16,1,812442,32770,1,538624,0,3,7.69231,8388608,131072,0,0,0.531183,94.764,3758358528,0,208969728,67108864,272777216,2383872,0,134691840,8,49.1155,0,0,3,1,2,1,82.3447,100,99.9875,1024,4096,0,0,47
nbody_kernel,6894,8192,128,128,2,1,0,1,1,0,4,1,259458,0,1,812442,32770,1,538624,0,3,7.69231,8388608,131072,0,0,0.495261,99.9208,3758456832,0,104669184,33554432,136462336,1531904,0,126092288,9,57.6015,0,0,3,1,1,1,90.6426,100,99.9931,1024,8192,0,0,64
nbody_kernel,38634,8192,128,128,2,1,1,0,0,0,1,1,687856,12135,5,206292790,100716546,8,268472320,98.6092,0,0,0,0,402694144,100683776,0.986693,99.9625,3758309376,0,1881702400,268460032,2550530048,672317440,0,289582080,3,10.2272,0,0,1,1,1,9,33.5555,100,98.5398,1024,0,80,0,25
nbody_kernel,37359,8192,128,128,2,1,1,0,1,0,1,1,519412,11833,5,202423068,100716546,6,201887744,99.8051,1,3.87597,16777216,131072,402694144,100683776,0.986888,99.9322,3758309376,0,1484292096,268460032,2958426112,1077067776,0,302558208,3,10.5752,0,0,1,1,1,9,33.5872,100,98.6025,1024,2048,80,0,25
nbody_kernel,43112,8192,128,128,2,1,1,1,0,0,1,1,648976,12056,4,218931694,100716546,7,268470272,94.7193,0,0,0,0,402694144,100683776,0.986132,99.9793,3758309376,0,2821390336,268460032,2953265152,672366592,0,331534336,3,9.1678,0,0,1,1,1,9,33.1316,100,98.7246,1024,0,80,0,26
nbody_kernel,37945,8192,128,128,2,1,1,1,0,0,2,1,521072,22299,4,159957972,100722690,7,218144768,96.752,0,0,0,0,302043136,100689920,0.995073,99.9696,3758358528,0,1411055616,134242304,1476870144,336297984,0,224515584,3,10.4014,0,0,1,1,1,8,26.6025,100,99.0581,1024,0,112,0,32
nbody_kernel,37314,8192,128,128,2,1,1,1,0,0,4,1,519666,14451,4,130609948,100734978,6,192991232,98.1563,0,0,0,0,251736064,100702208,0.509344,94.1056,3758456832,0,705896448,67133440,738672640,369565696,0,177299456,3,10.5878,0,0,1,1,1,8,22.5116,100,99.4032,1024,0,160,0,56
nbody_kernel,37402,8192,128,128,2,1,1,1,1,0,1,1,560636,11577,5,202419420,100716546,6,201885696,99.8064,1,3.87597,16777216,131072,402694144,100683776,0.986232,99.9386,3758309376,0,1491795968,268460032,2961653760,1078165504,0,302927872,3,10.567,0,0,1,1,1,9,33.5965,100,98.6042,1024,2048,80,0,29
nbody_kernel,34977,8192,128,128,2,1,1,1,1,0,2,1,521178,22592,4,152093708,100722690,5,151560192,99.7678,1,7.69231,8388608,131072,302043136,100689920,0.999039,99.9805,3758358528,0,746258432,134242304,1481064448,270745600,0,201823232,3,11.2984,0,0,1,1,1,8,24.8623,100,98.9521,1024,4096,112,0,32
nbody_kernel,33572,8192,128,128,2,1,1,1,1,0,4,1,519448,9860,4,126940412,100734978,4,126406656,99.7421,1,7.69231,8388608,131072,251736064,100702208,0.499834,99.9873,3758456832,0,373497856,67133440,740769792,269688832,0,163856384,2,11.7672,0,0,1,1,1,8,21.4484,100,99.3543,1024,8192,160,0,56
nbody_kernel,11852,8192,128,128,2,1,2,0,0,0,1,1,259460,16,1,4486554,32770,6,67125248,0,0,0,0,0,0,0,0.55945,99.8236,3758309376,0,543367168,134217728,134283264,1212416,0,142889216,6,33.5266,0,0,2,1,1,2,59.8288,100,99.9767,1024,0,0,0,39
nbody_kernel,8126,8192,128,128,2,1,2,0,1,0,1,1,259458,0,1,816538,32770,1,540672,0,5,3.87597,16777216,131072,0,0,0.530412,99.452,3758309376,0,812851200,134217728,542179328,7512064,0,164254208,9,48.4568,0,0,3,1,3,1,89.7556,100,99.9797,1024,2048,0,0,44
nbody_kernel,11809,8192,128,128,2,1,2,1,0,0,1,1,129730,136,1,16935712,32770,6,67123200,0,0,0,0,0,0,0,0.522093,99.6799,3758309376,0,1356111872,134217728,537018368,269664256,0,189262080,7,33.5283,0,0,2,1,1,6,82.444,100,99.9824,1024,0,0,0,43
nbody_kernel,8886,8192,128,128,2,1,2,1,0,0,2,1,259458,12,1,8676842,32770,8,67123200,0,0,0,0,0,0,0,0.526316,99.5689,3758358528,0,873799680,67117056,268582912,134946816,0,159479552,9,44.5192,0,0,2,1,1,4,86.9864,100,99.9894,1024,0,0,0,48
nbody_kernel,7666,8192,128,128,2,1,2,1,0,0,4,1,129728,16,1,4352784,32770,10,67123200,0,0,0,0,0,0,0,0.495553,99.9526,3758456832,0,437067776,33562624,134365184,67665920,0,138481152,9,51.711,0,0,3,1,1,3,89.8534,100,99.9937,1024,0,0,0,64
nbody_kernel,9846,8192,128,128,2,1,2,1,1,0,1,1,129730,0,1,812610,32770,1,538624,0,4,3.87597,16777216,131072,0,0,0.616415,99.9576,3758309376,0,820289536,134217728,545406976,8568832,0,164620544,8,40.094,0,0,2,1,2,1,76.2589,100,99.9798,1024,2048,0,0,40
nbody_kernel,7660,8192,128,128,2,1,2,1,1,0,2,1,0,16,1,552984,32770,1,538624,0,3,7.69231,8388608,131072,0,0,0.532422,99.9552,3758358528,0,208969728,67108864,272777216,2383872,0,134691840,8,51.9338,0,0,3,1,2,1,82.5477,100,99.9875,1024,4096,0,0,47
nbody_kernel,6912,8192,128,128,2,1,2,1,1,0,4,1,129730,0,1,812626,32770,1,538624,0,3,7.69231,8388608,131072,0,0,0.493554,99.9097,3758456832,0,104669184,33554432,136462336,1531904,0,126092288,9,57.4073,0,0,3,1,1,1,90.347,100,99.9931,1024,8192,0,0,64
nbody_kernel,7818,8192,128,128,2,2,0,0,0,0,1,1,259460,12,1,4486554,32770,10,67125248,0,0,0,0,0,0,0,0.522812,99.9002,3758309376,0,274931712,67108864,134283264,68321280,0,134500608,8,50.6575,0,0,3,1,1,3,83.2874,100,99.9753,1024,0,0,0,46
nbody_kernel,7654,8192,128,128,2,2,0,0,1,0,1,1,259458,0,1,816538,32770,1,540672,0,3,7.69231,8388608,131072,0,0,0.530513,99.8633,3758309376,0,410198016,67108864,273743872,7520256,0,141185792,9,51.6485,0,0,3,1,2,1,86.654,100,99.9764,1024,2048,0,0,47
nbody_kernel,8733,8192,128,128,2,2,0,1,0,0,1,1,129730,16,2,16935648,32770,9,67123200,0,0,0,0,0,0,0,0.523729,95.5314,3758309376,0,810852352,67108864,537018368,202555392,0,168028416,9,45.4064,0,0,3,1,1,9,88.6113,100,99.9802,1024,0,0,0,47
nbody_kernel,7512,8192,128,128,2,2,0,1,0,0,2,0,0,0,1,8417304,32770,10,67123200,0,0,0,0,0,0,0,0.505032,99.9602,3758358528,0,437592064,33562624,268582912,101376000,0,143750400,10,56.002,0,0,3,1,1,5,94.2114,100,99.9882,1024,0,0,0,56
nbody_kernel,7502,8192,128,128,2,2,0,1,0,0,4,1,259458,16,1,4482458,32770,10,67123200,0,0,0,0,0,0,0,0.340539,95.6649,3758456832,0,218963968,16785408,134365184,50896896,0,130617088,9,52.8062,0,0,3,1,1,3,88.586,100,99.9933,768,0,0,0,79
nbody_kernel,7292,8192,128,128,2,2,0,1,1,0,1,1,259458,0,1,812442,32770,1,538624,0,3,7.69231,8388608,131072,0,0,0.530143,99.6295,3758309376,0,417636352,67108864,276971520,8577024,0,141552128,9,54.3116,0,0,3,1,2,1,93.042,100,99.9765,1024,2048,0,0,48
nbody_kernel,6476,8192,128,128,2,2,0,1,1,0,2,1,129730,16,1,812442,32770,1,538624,0,3,7.69231,8388608,131072,0,0,0.499536,93.8455,3758358528,0,108306432,33554432,138559488,2383872,0,126303232,10,57.386,0,0,3,1,1,1,93.7552,100,99.9866,1024,4096,0,0,55
nbody_kernel,6686,8192,128,128,2,2,0,1,1,0,4,0,0,0,1,553080,32770,1,538624,0,3,7.69231,8388608,131072,0,0,0.389219,99.9448,3758456832,0,54337536,16777216,136462336,1540096,0,123995392,9,61.2423,0,0,3,1,1,1,92.5197,100,99.993,896,8192,0,0,72
nbody_kernel,38668,8192,128,128,2,2,1,0,0,0,1,1,519678,12036,5,206093300,100716546,8,268472320,98.6092,0,0,0,0,402694144,100683776,0.985872,99.9879,3758309376,0,1747484672,201351168,2550530048,739426304,0,285387776,3,10.2251,0,0,1,1,1,9,33.8242,100,98.5184,1024,0,80,0,27
nbody_kernel,37331,8192,128,128,2,2,1,0,1,0,1,1,778770,11893,5,202682526,100716546,6,201887744,99.8051,1,3.87597,16777216,131072,402694144,100683776,0.987468,99.9698,3758309376,0,1551400960,201351168,2958426112,808632320,0,294169600,3,10.5883,0,0,1,1,1,9,35.3812,100,98.5626,1024,2048,80,0,27
nbody_kernel,43080,8192,128,128,2,2,1,1,0,0,1,1,648864,11966,4,218931454,100716546,7,268470272,94.7193,0,0,0,0,402694144,100683776,0.986226,99.9663,3758309376,0,2217410560,201351168,2953265152,739475456,0,312659968,3,9.17136,0,0,1,1,1,9,32.6391,100,98.6476,1024,0,80,0,32
nbody_kernel,40288,8192,128,128,2,2,1,1,0,0,2,1,519308,9396,4,159957876,100722690,7,218144768,96.752,0,0,0,0,302043136,100689920,0.62463,99.9742,3758358528,0,1109065728,100687872,1476870144,369836032,0,215077888,3,10.3999,0,0,1,1,1,8,26.0196,100,99.0167,1024,0,112,0,40
nbody_kernel,35163,8192,128,128,2,2,1,1,0,0,4,1,519270,10576,4,130739804,100734978,6,192991232,98.1563,0,0,0,0,251736064,100702208,0.49951,99.9843,3758456832,0,554901504,50356224,738672640,151461888,0,165240832,2,11.236,0,0,1,1,1,8,22.2512,100,99.3597,1024,0,160,0,64
nbody_kernel,37348,8192,128,128,2,2,1,1,1,0,1,1,519140,11879,5,202548708,100716546,6,201885696,99.8064,1,3.87597,16777216,131072,402694144,100683776,0.987115,99.9596,3758309376,0,1558904832,201351168,2961653760,809730048,0,294539264,3,10.5803,0,0,1,1,1,9,35.3958,100,98.5644,1024,2048,80,0,27
nbody_kernel,35038,8192,128,128,2,2,1,1,1,0,2,1,519278,9396,4,152109448,100722690,5,151560192,99.7678,1,7.69231,8388608,131072,302043136,100689920,0.626692,99.9858,3758358528,0,779812864,100687872,1481064448,404963328,0,206017536,3,11.279,0,0,1,1,1,8,27.0113,100,98.9735,1024,4096,112,0,39
nbody_kernel,33589,8192,128,128,2,2,1,1,1,0,4,1,519532,9752,4,126939988,100734978,4,126406656,99.7421,1,7.69231,8388608,131072,251736064,100702208,0.499802,99.9853,3758456832,0,390275072,50356224,740769792,269688832,0,163856384,2,11.7599,0,0,1,1,1,8,21.9256,100,99.3543,1024,8192,160,0,56
nbody_kernel,7818,8192,128,128,2,2,2,0,0,0,1,1,259588,16,1,4486794,32770,9,67125248,0,0,0,0,0,0,0,0.521319,96.319,3758309376,0,274931712,67108864,134283264,68321280,0,134500608,8,48.7083,0,0,3,1,1,3,83.0602,100,99.9753,1024,0,0,0,46
nbody_kernel,7677,8192,128,128,2,2,2,0,1,0,1,1,72,36,1,557384,32770,1,540672,0,3,7.69231,8388608,131072,0,0,0.531543,99.8984,3758309376,0,410198016,67108864,273743872,7520256,0,141185792,9,51.7025,0,0,3,1,2,1,86.7142,100,99.9764,1024,2048,0,0,47
nbody_kernel,8727,8192,128,128,2,2,2,1,0,0,1,1,129730,16,2,16935712,32770,9,67123200,0,0,0,0,0,0,0,0.523335,95.5653,3758309376,0,810852352,67108864,537018368,202555392,0,168028416,9,45.4143,0,0,3,1,1,9,88.5953,100,99.9802,1024,0,0,0,47
nbody_kernel,7072,8192,128,128,2,2,2,1,0,0,2,0,0,0,1,8547104,32770,10,67123200,0,0,0,0,0,0,0,0.502428,99.9457,3758358528,0,437592064,33562624,268582912,101376000,0,143750400,10,55.9684,0,0,3,1,1,5,94.1685,100,99.9882,1024,0,0,0,56
nbody_kernel,7155,8192,128,128,2,2,2,1,0,0,4,1,0,16,1,4223008,32770,10,67123200,0,0,0,0,0,0,0,0.342873,95.6288,3758456832,0,218963968,16785408,134365184,50896896,0,130617088,9,52.7859,0,0,3,1,1,3,88.5855,100,99.9933,768,0,0,0,79
nbody_kernel,7241,8192,128,128,2,2,2,1,1,0,1,0,0,0,1,552984,32770,1,538624,0,3,7.69231,8388608,131072,0,0,0.528285,99.8663,3758309376,0,417636352,67108864,276971520,8577024,0,141552128,9,54.3635,0,0,3,1,2,1,92.9101,100,99.9765,1024,2048,0,0,48
nbody_kernel,6888,8192,128,128,2,2,2,1,1,0,2,1,0,16,1,552984,32770,1,538624,0,3,7.69231,8388608,131072,0,0,0.499418,94.1574,3758358528,0,108306432,33554432,138559488,2383872,0,126303232,10,57.5072,0,0,3,1,1,1,93.6419,100,99.9866,1024,4096,0,0,55
nbody_kernel,6689,8192,128,128,2,2,2,1,1,0,4,1,258817,0,1,812442,32770,1,538624,0,3,7.69231,8388608,131072,0,0,0.387165,96.879,3758456832,0,54337536,16777216,136462336,1540096,0,123995392,9,59.2076,0,0,3,1,1,1,92.2765,100,99.993,896,8192,0,0,72
nbody_kernel,7361,8192,128,128,2,4,0,0,0,0,1,1,282,212,1,4227096,32770,10,67125248,0,0,0,0,0,0,0,0.521277,99.9248,3758309376,0,140713984,33554432,134283264,68321280,0,129257728,9,53.781,0,0,3,1,1,3,85.4112,100,99.9743,1024,0,0,0,48
nbody_kernel,7035,8192,128,128,2,4,0,0,1,0,1,1,259458,0,1,816650,32770,1,540672,0,3,7.69231,8388608,131072,0,0,0.499663,99.9763,3758309376,0,208871424,33554432,139526144,7512064,0,129651200,10,59.6028,0,0,3,1,1,1,93.2628,100,99.9743,1024,2048,0,0,55
nbody_kernel,8145,8192,128,128,2,4,0,1,0,0,1,1,2,0,2,16888512,32770,9,67123200,0,0,0,0,0,0,0,0.51927,96.7937,3758309376,0,408199168,33554432,537018368,202563584,0,154397184,8,47.0233,0,0,3,1,1,9,82.4735,100,99.9784,1024,0,0,0,48
nbody_kernel,7129,8192,128,128,2,4,0,1,0,0,2,1,114776,0,1,8646832,32770,10,67123200,0,0,0,0,0,0,0,0.497358,99.902,3758358528,0,219488256,16785408,268582912,134938624,0,137459200,9,55.5204,0,0,3,1,1,5,90.3688,100,99.9877,1024,0,0,0,62
nbody_kernel,7964,8192,128,128,2,4,0,1,0,0,4,1,259458,16,1,4482458,32770,9,67123200,0,0,0,0,0,0,0,0.283847,94.9204,3758456832,0,109912064,8396800,134365184,84443136,0,127995392,8,49.7233,0,0,3,1,1,3,81.8865,100,99.9932,640,0,0,0,87
nbody_kernel,6474,8192,128,128,2,4,0,1,1,0,1,1,28,0,1,552984,32770,1,538624,0,3,7.69231,8388608,131072,0,0,0.501669,99.9749,3758309376,0,216309760,33554432,142753792,8568832,0,130017536,10,61.3372,0,0,3,1,1,1,96.1942,100,99.9744,1024,2048,0,0,55
nbody_kernel,6057,8192,128,128,2,4,0,1,1,0,2,1,0,16,1,682720,32770,1,538624,0,3,7.69231,8388608,131072,0,0,0.495191,99.8909,3758358528,0,57974784,16777216,138559488,2375680,0,124205824,10,65.4008,0,0,3,1,1,1,97.655,100,99.9864,1024,4096,0,0,64
nbody_kernel,6600,8192,128,128,2,4,0,1,1,0,4,1,259458,0,1,812442,32770,1,538624,0,3,7.69231,8388608,131072,0,0,0.387069,99.9553,3758456832,0,29171712,8388608,136462336,1794048,0,122954752,10,62.0738,0,0,3,1,1,1,92.6875,100,99.9929,896,8192,0,0,72
nbody_kernel,38630,8192,128,128,2,4,1,0,0,0,1,1,519642,11982,5,206181652,100716546,8,268472320,98.6092,0,0,0,0,402694144,100683776,0.987133,99.9872,3758309376,0,1546158080,167796736,2550530048,672317440,0,275950592,3,10.2309,0,0,1,1,1,9,32.7068,100,98.4677,1024,0,80,0,27
nbody_kernel,37315,8192,128,128,2,4,1,0,1,0,1,1,519648,12091,5,202423556,100716546,6,201887744,99.8051,1,3.87597,16777216,131072,402694144,100683776,0.987451,99.953,3758309376,0,1450737664,167796736,2958426112,808632320,0,289975296,3,10.5877,0,0,1,1,1,9,34.7969,100,98.5418,1024,2048,80,0,27
nbody_kernel,43076,8192,128,128,2,4,1,1,0,0,1,1,519234,11906,4,218672132,100716546,7,268470272,94.7193,0,0,0,0,402694144,100683776,0.986101,99.9864,3758309376,0,1781202944,167796736,2953265152,705921024,0,296931328,3,9.17344,0,0,1,1,1,9,31.111,100,98.576,1024,0,80,0,32
nbody_kernel,38089,8192,128,128,2,4,1,1,0,0,2,1,778722,9338,4,160217398,100722690,6,218144768,96.752,0,0,0,0,302043136,100689920,0.622896,95.0454,3758358528,0,890961920,83910656,1476870144,302727168,0,205640704,2,9.80864,0,0,1,1,1,8,24.8096,100,98.9716,1024,0,112,0,40
nbody_kernel,35219,8192,128,128,2,4,1,1,0,0,4,1,519302,9947,4,130734112,100734978,6,192991232,98.1563,0,0,0,0,251736064,100702208,0.499417,99.9826,3758456832,0,445890560,41967616,738672640,210190336,0,163407360,2,11.2174,0,0,1,1,1,8,22.0981,100,99.3525,1024,0,160,0,64
nbody_kernel,37345,8192,128,128,2,4,1,1,1,0,1,1,519144,11944,5,202419028,100716546,6,201885696,99.8064,1,3.87597,16777216,131072,402694144,100683776,0.987438,99.938,3758309376,0,1458241536,167796736,2961653760,809730048,0,290344960,3,10.5813,0,0,1,1,1,9,34.8186,100,98.5437,1024,2048,80,0,27
nbody_kernel,35037,8192,128,128,2,4,1,1,1,0,2,1,649154,9345,4,152093668,100722690,5,151560192,99.7678,1,7.69231,8388608,131072,302043136,100689920,0.6265,99.988,3758358528,0,729481216,83910656,1481064448,404963328,0,203920384,3,11.2788,0,0,1,1,1,8,26.5404,100,98.9629,1024,4096,112,0,39
nbody_kernel,33676,8192,128,128,2,4,1,1,1,0,4,1,519280,9645,4,126939932,100734978,4,126406656,99.7421,1,7.69231,8388608,131072,251736064,100702208,0.499827,99.9931,3758456832,0,365150208,41967616,740769792,202866688,0,160720896,2,11.7325,0,0,1,1,1,8,22.7705,100,99.3417,1024,8192,160,0,56
nbody_kernel,7351,8192,128,128,2,4,2,0,0,0,1,1,114,8,1,4227096,32770,10,67125248,0,0,0,0,0,0,0,0.521179,99.971,3758309376,0,140713984,33554432,134283264,68321280,0,129257728,9,53.8135,0,0,3,1,1,3,85.4234,100,99.9743,1024,0,0,0,48
nbody_kernel,6648,8192,128,128,2,4,2,0,1,0,1,1,4,0,1,557080,32770,1,540672,0,3,7.69231,8388608,131072,0,0,0.497497,94.1591,3758309376,0,208871424,33554432,139526144,7512064,0,129651200,10,56.2038,0,0,3,1,1,1,93.3775,100,99.9743,1024,2048,0,0,55
nbody_kernel,8151,8192,128,128,2,4,2,1,0,0,1,1,259460,16,2,17065370,32770,9,67123200,0,0,0,0,0,0,0,0.520496,99.8525,3758309376,0,408199168,33554432,537018368,202563584,0,154397184,8,48.6126,0,0,3,1,1,9,82.6493,100,99.9784,1024,0,0,0,48
nbody_kernel,7133,8192,128,128,2,4,2,1,0,0,2,1,129728,0,1,8547208,32770,10,67123200,0,0,0,0,0,0,0,0.497812,99.9579,3758358528,0,219488256,16785408,268582912,134938624,0,137459200,9,55.5941,0,0,3,1,1,5,90.4381,100,99.9877,1024,0,0,0,62
nbody_kernel,7957,8192,128,128,2,4,2,1,0,0,4,1,259458,16,1,4482458,32770,9,67123200,0,0,0,0,0,0,0,0.283637,94.9111,3758456832,0,109912064,8396800,134365184,84443136,0,127995392,8,49.7299,0,0,3,1,1,3,81.9055,100,99.9932,640,0,0,0,87
nbody_kernel,6473,8192,128,128,2,4,2,1,1,0,1,0,0,0,1,552984,32770,1,538624,0,3,7.69231,8388608,131072,0,0,0.501347,94.2331,3758309376,0,216309760,33554432,142753792,8568832,0,130017536,10,57.7322,0,0,3,1,1,1,96.0573,100,99.9744,1024,2048,0,0,55
nbody_kernel,6059,8192,128,128,2,4,2,1,1,0,2,1,259458,16,1,812442,32770,1,538624,0,3,7.69231,8388608,131072,0,0,0.494875,99.9203,3758358528,0,57974784,16777216,138559488,2375680,0,124205824,10,65.3608,0,0,3,1,1,1,97.5667,100,99.9864,1024,4096,0,0,64
nbody_kernel,6386,8192,128,128,2,4,2,1,1,0,4,1,143546,0,1,696594,32770,1,538624,0,3,7.69231,8388608,131072,0,0,0.385884,96.8446,3758456832,0,29171712,8388608,136462336,1794048,0,122954752,10,59.9354,0,0,3,1,1,1,92.3691,100,99.9929,896,8192,0,0,72
nbody_kernel,7502,8192,128,128,2,8,0,0,0,0,1,1,202,232,1,4227456,32770,10,67125248,0,0,0,0,0,0,0,0.508494,99.9551,3758309376,0,73605120,16785408,134283264,118603776,0,128207872,9,55.9434,0,0,3,1,1,3,88.0401,100,99.974,1024,0,0,0,51
nbody_kernel,6283,8192,128,128,2,8,0,0,1,0,1,1,48,16,1,557080,32770,1,540672,0,3,7.69231,8388608,131072,0,0,0.4959,99.896,3758309376,0,108208128,16777216,139526144,7512064,0,125981184,10,63.0516,0,0,3,1,1,1,97.4237,100,99.9736,1024,2048,0,0,61
nbody_kernel,8316,8192,128,128,2,8,0,1,0,0,1,1,129812,56,2,17065370,32770,9,67123200,0,0,0,0,0,0,0,0.522255,99.7567,3758309376,0,206905344,16777216,537018368,370352128,0,152825856,8,47.6421,0,0,3,1,1,9,82.404,100,99.9782,1024,0,0,0,48
nbody_kernel,7157,8192,128,128,2,8,0,1,0,0,2,1,129730,0,1,8676762,32770,10,67123200,0,0,0,0,0,0,0,0.497402,99.9209,3758358528,0,110436352,8396800,268582912,134938624,0,133789184,9,55.4019,0,0,3,1,1,5,88.619,100,99.9874,1024,0,0,0,63
nbody_kernel,8185,8192,128,128,2,8,0,1,0,0,4,1,226693,8,1,4482458,32770,9,67123200,0,0,0,0,0,0,0,0.278383,95.2266,3758456832,0,55386112,4202496,134365184,63471616,0,125505024,8,48.4569,0,0,3,1,1,3,78.2188,100,99.9931,640,0,0,0,84
nbody_kernel,6207,8192,128,128,2,8,0,1,1,0,1,0,0,0,1,552984,32770,1,538624,0,3,7.69231,8388608,131072,0,0,0.496543,99.8001,3758309376,0,115646464,16777216,142753792,8560640,0,126347264,10,63.9072,0,0,3,1,1,1,97.2868,100,99.9737,1024,2048,0,0,62
nbody_kernel,6012,8192,128,128,2,8,0,1,1,0,2,1,244262,16,1,797258,32770,1,538624,0,3,7.69231,8388608,131072,0,0,0.495016,99.9438,3758358528,0,32841728,8388608,138559488,2392064,0,123158784,10,65.909,0,0,3,1,1,1,97.2177,100,99.9863,1024,4096,0,0,64
nbody_kernel,6655,8192,128,128,2,8,0,1,1,0,4,1,259458,0,1,812442,32770,1,538624,0,3,7.69231,8388608,131072,0,0,0.380313,98.4588,3758456832,0,16588800,4194304,136462336,1794048,0,122430464,9,59.4412,0,0,3,1,1,1,89.4768,100,99.9929,896,8192,0,0,71
nbody_kernel,38635,8192,128,128,2,8,1,0,0,0,1,1,519786,12090,5,206093492,100716546,8,268472320,98.6092,0,0,0,0,402694144,100683776,0.986715,99.9719,3758309376,0,1445494784,151019520,2550530048,705871872,0,273329152,3,10.2292,0,0,1,1,1,9,32.1379,100,98.453,1024,0,80,0,27
nbody_kernel,37333,8192,128,128,2,8,1,0,1,0,1,1,519496,12053,5,202423068,100716546,6,201887744,99.8051,1,3.87597,16777216,131072,402694144,100683776,0.985769,99.967,3758309376,0,1400406016,151019520,2958426112,909295616,0,291023872,3,10.5838,0,0,1,1,1,9,34.4851,100,98.5471,1024,2048,80,0,27
nbody_kernel,43074,8192,128,128,2,8,1,1,0,0,1,1,649230,12056,4,218801812,100716546,7,268470272,94.7193,0,0,0,0,402694144,100683776,0.985939,99.9826,3758309376,0,1563099136,151019520,2953265152,655589376,0,288018432,3,9.17464,0,0,1,1,1,9,30.3516,100,98.5319,1024,0,80,0,32
nbody_kernel,38113,8192,128,128,2,8,1,1,0,0,2,1,519496,9248,4,159957940,100722690,6,218144768,96.752,0,0,0,0,302043136,100689920,0.626171,99.9646,3758358528,0,781910016,75522048,1476870144,319504384,0,202494976,2,10.3687,0,0,1,1,1,8,24.4313,100,98.9556,1024,0,112,0,40
nbody_kernel,35215,8192,128,128,2,8,1,1,0,0,4,1,599552,10077,4,130819998,100734978,6,192991232,98.1563,0,0,0,0,251736064,100702208,0.499496,99.9907,3758456832,0,391372800,37773312,738672640,172449792,0,160393216,2,11.2182,0,0,1,1,1,8,21.8836,100,99.3403,1024,0,160,0,63
nbody_kernel,37339,8192,128,128,2,8,1,1,1,0,1,1,519188,11703,5,202548764,100716546,6,201885696,99.8064,1,3.87597,16777216,131072,402694144,100683776,0.987091,99.9692,3758309376,0,1407909888,151019520,2961653760,809730048,0,288247808,3,10.5832,0,0,1,1,1,9,34.5198,100,98.5331,1024,2048,80,0,27
nbody_kernel,37223,8192,128,128,2,8,1,1,1,0,2,1,519354,9205,4,152223356,100722690,5,151560192,99.7678,1,7.69231,8388608,131072,302043136,100689920,0.626519,99.9836,3758358528,0,704315392,75522048,1481064448,404963328,0,202871808,3,11.2786,0,0,1,1,1,8,26.306,100,98.9576,1024,4096,112,0,39
nbody_kernel,33671,8192,128,128,2,8,1,1,1,0,4,1,519424,9550,4,126940220,100734978,4,126406656,99.7421,1,7.69231,8388608,131072,251736064,100702208,0.49984,99.9907,3758456832,0,352575488,37773312,740769792,202858496,0,160196608,2,11.7326,0,0,1,1,1,8,22.7292,100,99.3395,1024,8192,160,0,56
nbody_kernel,7501,8192,128,128,2,8,2,0,0,0,1,1,194,48,1,4227096,32770,10,67125248,0,0,0,0,0,0,0,0.503942,94.3977,3758309376,0,73605120,16785408,134283264,118603776,0,128207872,9,52.8315,0,0,3,1,1,3,88.0375,100,99.974,1024,0,0,0,51
nbody_kernel,6293,8192,128,128,2,8,2,0,1,0,1,0,0,0,1,557232,32770,1,540672,0,3,7.69231,8388608,131072,0,0,0.496339,99.9486,3758309376,0,108208128,16777216,139526144,7512064,0,125981184,10,63.0207,0,0,3,1,1,1,97.3247,100,99.9736,1024,2048,0,0,61
nbody_kernel,8321,8192,128,128,2,8,2,1,0,0,1,1,129812,48,2,17065370,32770,9,67123200,0,0,0,0,0,0,0,0.522636,99.8438,3758309376,0,206905344,16777216,537018368,370352128,0,152825856,8,47.6845,0,0,3,1,1,9,82.4054,100,99.9782,1024,0,0,0,48
nbody_kernel,7166,8192,128,128,2,8,2,1,0,0,2,1,259458,0,1,8676762,32770,10,67123200,0,0,0,0,0,0,0,0.497042,99.9539,3758358528,0,110436352,8396800,268582912,134938624,0,133789184,9,55.4061,0,0,3,1,1,5,88.5965,100,99.9874,1024,0,0,0,63
nbody_kernel,8181,8192,128,128,2,8,2,1,0,0,4,1,129730,16,1,4352736,32770,9,67123200,0,0,0,0,0,0,0,0.292703,90.7149,3758456832,0,55386112,4202496,134365184,63471616,0,125505024,8,48.5563,0,0,3,1,1,3,82.2774,100,99.9931,640,0,0,0,84
nbody_kernel,6196,8192,128,128,2,8,2,1,1,0,1,1,259458,0,1,812442,32770,1,538624,0,3,7.69231,8388608,131072,0,0,0.495792,99.9193,3758309376,0,115646464,16777216,142753792,8560640,0,126347264,10,63.996,0,0,3,1,1,1,97.3057,100,99.9737,1024,2048,0,0,62
nbody_kernel,6014,8192,128,128,2,8,2,1,1,0,2,1,4,16,1,552984,32770,1,538624,0,3,7.69231,8388608,131072,0,0,0.49501,99.8827,3758358528,0,32841728,8388608,138559488,2392064,0,123158784,10,65.7432,0,0,3,1,1,1,97.0324,100,99.9863,1024,4096,0,0,64
nbody_kernel,6516,8192,128,128,2,8,2,1,1,0,4,1,56,0,1,552984,32770,1,538624,0,3,7.69231,8388608,131072,0,0,0.378698,99.126,3758456832,0,16588800,4194304,136462336,1794048,0,122430464,9,59.4335,0,0,3,1,1,1,88.8632,100,99.9929,896,8192,0,0,71
nbody_kernel,7266,8192,128,128,2,16,0,0,0,0,1,1,259460,8,1,4486554,32770,10,67125248,0,0,0,0,0,0,0,0.528046,95.374,3758309376,0,52682752,8396800,134283264,127008768,0,127554560,8,52.005,0,0,3,1,1,3,86.6266,100,99.9739,1024,0,0,0,48
nbody_kernel,6285,8192,128,128,2,16,0,0,1,0,1,1,259458,0,1,816538,32770,1,540672,0,3,7.69231,8388608,131072,0,0,0.496664,99.9343,3758309376,0,57925632,8388608,139526144,8560640,0,124180480,10,63.2077,0,0,3,1,1,1,96.7502,100,99.9732,1024,2048,0,0,55
nbody_kernel,8002,8192,128,128,2,16,0,1,0,0,1,1,153990,0,2,16959910,32770,9,67123200,0,0,0,0,0,0,0,0.530095,95.0636,3758309376,0,111484928,8396800,537018368,303194112,0,147483392,8,47.1518,0,0,3,1,1,9,83.4509,100,99.9774,1024,0,0,0,48
nbody_kernel,7496,8192,128,128,2,16,0,1,0,0,2,1,8,0,1,8417368,32770,10,67123200,0,0,0,0,0,0,0,0.493984,99.7284,3758358528,0,55910400,4202496,268582912,122355712,0,131560960,8,52.8034,0,0,3,1,1,5,83.7983,100,99.9872,1024,0,0,0,64
nbody_kernel,8240,8192,128,128,2,16,0,1,0,0,4,1,184408,16,1,4407418,32770,9,67123200,0,0,0,0,0,0,0,0.279651,95.6317,3758456832,0,28123136,2105344,134365184,69763072,0,124784128,8,48.0868,0,0,3,1,1,3,77.0744,100,99.993,640,0,0,0,84
nbody_kernel,6307,8192,128,128,2,16,0,1,1,0,1,1,259538,0,1,812610,32770,1,538624,0,3,7.69231,8388608,131072,0,0,0.494553,94.1163,3758309376,0,65347584,8388608,142753792,9625600,0,124546560,10,59.2905,0,0,3,1,1,1,96.5861,100,99.9733,1024,2048,0,0,55
nbody_kernel,6062,8192,128,128,2,16,0,1,1,0,2,1,30786,16,1,682720,32770,1,538624,0,3,7.69231,8388608,131072,0,0,0.493106,99.8653,3758358528,0,20258816,4194304,138559488,2908160,0,122650624,10,65.7985,0,0,3,1,1,1,97.1312,100,99.9862,1024,4096,0,0,64
nbody_kernel,6864,8192,128,128,2,16,0,1,1,0,4,1,33596,0,1,620090,32770,1,538624,0,3,7.69231,8388608,131072,0,0,0.344937,96.0526,3758456832,0,10297344,2097152,136462336,1794048,0,122168320,9,57.8153,0,0,3,1,1,1,89.837,100,99.9929,768,8192,0,0,74
nbody_kernel,38614,8192,128,128,2,16,1,0,0,0,1,1,519410,11982,5,206093252,100716546,8,268472320,98.6092,0,0,0,0,402694144,100683776,0.988376,99.978,3758309376,0,1395163136,142630912,2550530048,739426304,0,272542720,3,10.2353,0,0,1,1,1,9,31.8708,100,98.4486,1024,0,80,0,27
nbody_kernel,37337,8192,128,128,2,16,1,0,1,0,1,1,519368,11864,5,202423124,100716546,6,201887744,99.8051,1,3.87597,16777216,131072,402694144,100683776,0.985743,99.9549,3758309376,0,1375240192,142630912,2958426112,926072832,0,290499584,3,10.5807,0,0,1,1,1,9,34.332,100,98.5445,1024,2048,80,0,27
nbody_kernel,43086,8192,128,128,2,16,1,1,0,0,1,1,778852,12038,4,218931358,100716546,7,268470272,94.7193,0,0,0,0,402694144,100683776,0.985708,99.9902,3758309376,0,1454047232,142630912,2953265152,663977984,0,284610560,2,9.17392,0,0,1,1,1,9,29.9647,100,98.5143,1024,0,80,0,32
nbody_kernel,38111,8192,128,128,2,16,1,1,0,0,2,1,778758,9247,4,160217326,100722690,6,218144768,96.752,0,0,0,0,302043136,100689920,0.622127,95.2193,3758358528,0,727384064,71327744,1476870144,327892992,0,200922112,2,9.81068,0,0,1,1,1,8,24.0182,100,98.9474,1024,0,112,0,40
nbody_kernel,35232,8192,128,128,2,16,1,1,0,0,4,1,519286,9880,4,130609948,100734978,6,192991232,98.1563,0,0,0,0,251736064,100702208,0.499231,99.979,3758456832,0,364109824,35676160,738672640,170352640,0,159410176,2,11.2137,0,0,1,1,1,8,21.7703,100,99.3363,1024,0,160,0,63
nbody_kernel,37349,8192,128,128,2,16,1,1,1,0,1,1,519276,11799,5,202418972,100716546,6,201885696,99.8064,1,3.87597,16777216,131072,402694144,100683776,0.987371,99.9718,3758309376,0,1382744064,142630912,2961653760,809730048,0,287199232,3,10.5842,0,0,1,1,1,9,34.3754,100,98.5277,1024,2048,80,0,27
nbody_kernel,35028,8192,128,128,2,16,1,1,1,0,2,1,519462,9164,4,152093468,100722690,5,151560192,99.7678,1,7.69231,8388608,131072,302043136,100689920,0.628486,99.9781,3758358528,0,691732480,71327744,1481064448,404963328,0,202347520,3,11.279,0,0,1,1,1,8,26.1909,100,98.9549,1024,4096,112,0,39
nbody_kernel,33666,8192,128,128,2,16,1,1,1,0,4,1,519408,10105,4,126940028,100734978,4,126406656,99.7421,1,7.69231,8388608,131072,251736064,100702208,0.499809,99.984,3758456832,0,346284032,35676160,740769792,202858496,0,159934464,2,11.7338,0,0,1,1,1,8,22.7127,100,99.3384,1024,8192,160,0,56
nbody_kernel,7280,8192,128,128,2,16,2,0,0,0,1,1,58,8,1,4227200,32770,10,67125248,0,0,0,0,0,0,0,0.526551,94.7335,3758309376,0,52682752,8396800,134283264,127008768,0,127554560,9,51.6926,0,0,3,1,1,3,86.6884,100,99.9739,1024,0,0,0,48
nbody_kernel,6653,8192,128,128,2,16,2,0,1,0,1,1,129728,0,1,686816,32770,1,540672,0,3,7.69231,8388608,131072,0,0,0.499206,99.9556,3758309376,0,57925632,8388608,139526144,8560640,0,124180480,10,63.2576,0,0,3,1,1,1,96.806,100,99.9732,1024,2048,0,0,55
nbody_kernel,8484,8192,128,128,2,16,2,1,0,0,1,1,259460,0,2,17065370,32770,9,67123200,0,0,0,0,0,0,0,0.527332,99.9437,3758309376,0,111484928,8396800,537018368,303194112,0,147483392,8,49.5249,0,0,3,1,1,9,83.3712,100,99.9774,1024,0,0,0,48
nbody_kernel,7489,8192,128,128,2,16,2,1,0,0,2,1,129776,0,1,8547040,32770,10,67123200,0,0,0,0,0,0,0,0.494119,99.8726,3758358528,0,55910400,4202496,268582912,122355712,0,131560960,8,52.8962,0,0,3,1,1,5,83.8243,100,99.9872,1024,0,0,0,64
nbody_kernel,8260,8192,128,128,2,16,2,1,0,0,4,1,129732,16,1,4482458,32770,9,67123200,0,0,0,0,0,0,0,0.292282,89.7516,3758456832,0,28123136,2105344,134365184,69763072,0,124784128,8,47.0085,0,0,3,1,1,3,80.2823,100,99.993,640,0,0,0,84
nbody_kernel,6313,8192,128,128,2,16,2,1,1,0,1,1,129730,0,1,812442,32770,1,538624,0,3,7.69231,8388608,131072,0,0,0.496063,99.9418,3758309376,0,65347584,8388608,142753792,9625600,0,124546560,10,62.8125,0,0,3,1,1,1,96.3594,100,99.9733,1024,2048,0,0,55
nbody_kernel,6061,8192,128,128,2,16,2,1,1,0,2,1,2,16,1,552984,32770,1,538624,0,3,7.69231,8388608,131072,0,0,0.49511,99.7402,3758358528,0,20258816,4194304,138559488,2908160,0,122650624,10,65.7409,0,0,3,1,1,1,97.1679,100,99.9862,1024,4096,0,0,64
nbody_kernel,6581,8192,128,128,2,16,2,1,1,0,4,1,129730,0,1,812442,32770,1,538624,0,3,7.69231,8388608,131072,0,0,0.341842,95.82,3758456832,0,10297344,2097152,136462336,1794048,0,122168320,9,57.755,0,0,3,1,1,1,89.9612,100,99.9929,768,8192,0,0,74
nbody_kernel,7580,8192,128,128,2,32,0,0,0,0,1,1,129772,48,1,4486610,32770,10,67125248,0,0,0,0,0,0,0,0.529226,99.8881,3758309376,0,27516928,4202496,134283264,127008768,0,126637056,8,52.2098,0,0,3,1,1,3,82.7653,100,99.9737,1024,0,0,0,48
nbody_kernel,6588,8192,128,128,2,32,0,0,1,0,1,1,259458,0,1,816538,32770,1,540672,0,3,7.69231,8388608,131072,0,0,0.500094,99.9183,3758309376,0,32759808,4194304,139526144,9609216,0,123295744,10,63.8823,0,0,3,1,1,1,96.6054,100,99.973,1024,2048,0,0,56
nbody_kernel,8779,8192,128,128,2,32,0,1,0,0,1,1,259460,16,2,17065370,32770,9,67123200,0,0,0,0,0,0,0,0.528089,94.7499,3758309376,0,56958976,4202496,537018368,340942848,0,146828032,8,45.2026,0,0,3,1,1,9,80.1003,100,99.9773,1024,0,0,0,48
nbody_kernel,7941,8192,128,128,2,32,0,1,0,0,2,1,16,0,1,8417544,32770,9,67123200,0,0,0,0,0,0,0,0.494261,99.8336,3758358528,0,28647424,2105344,268582912,147513344,0,131429632,8,49.8122,0,0,3,1,1,5,80.0068,100,99.9871,1024,0,0,0,64
nbody_kernel,9900,8192,128,128,2,32,0,1,0,0,4,1,6,16,1,4881760,32770,8,67123200,0,0,0,0,0,0,0,0.266322,93.7105,3758456832,0,14491648,1056768,134365184,68714496,0,124292608,7,39.9193,0,0,2,1,1,2,65.2584,100,99.993,640,0,0,0,85
nbody_kernel,6599,8192,128,128,2,32,0,1,1,0,1,1,129728,0,1,682720,32770,1,538624,0,3,7.69231,8388608,131072,0,0,0.499652,94.221,3758309376,0,40181760,4194304,142753792,9625600,0,123629056,10,60.0204,0,0,3,1,1,1,96.4496,100,99.9731,1024,2048,0,0,56
nbody_kernel,6260,8192,128,128,2,32,0,1,1,0,2,1,14,16,1,682816,32770,1,538624,0,3,7.69231,8388608,131072,0,0,0.492657,99.8436,3758358528,0,13967360,2097152,138559488,2908160,0,122388480,10,63.4673,0,0,3,1,1,1,93.4896,100,99.9862,1024,4096,0,0,64
nbody_kernel,7249,8192,128,128,2,32,0,1,1,0,4,0,0,0,1,1769056,32770,1,538624,0,3,7.69231,8388608,131072,0,0,0.332877,93.5566,3758456832,0,7151616,1048576,136462336,1785856,0,122036992,8,51.199,0,0,3,1,1,1,81.7732,100,99.9929,768,8192,0,0,76
nbody_kernel,38617,8192,128,128,2,32,1,0,0,0,1,1,519850,12047,5,206093700,100716546,8,268472320,98.6092,0,0,0,0,402694144,100683776,0.988871,99.9571,3758309376,0,1369997312,138436608,2550530048,739426304,0,271625216,3,10.2293,0,0,1,1,1,9,31.7167,100,98.4433,1024,0,80,0,27
nbody_kernel,37372,8192,128,128,2,32,1,0,1,0,1,1,649472,11862,5,202423228,100716546,6,201887744,99.8051,1,3.87597,16777216,131072,402694144,100683776,0.985069,99.9853,3758309376,0,1362657280,138436608,2958426112,934461440,0,290237440,3,10.5786,0,0,1,1,1,9,34.2413,100,98.5431,1024,2048,80,0,27
nbody_kernel,43100,8192,128,128,2,32,1,1,0,0,1,1,778676,12023,4,218931358,100716546,7,268470272,94.7193,0,0,0,0,402694144,100683776,0.985549,99.9783,3758309376,0,1399521280,138436608,2953265152,668172288,0,282906624,2,9.16914,0,0,1,1,1,9,29.7615,100,98.5054,1024,0,80,0,32
nbody_kernel,40309,8192,128,128,2,32,1,1,0,0,2,1,778798,9251,4,160217302,100722690,6,218144768,96.752,0,0,0,0,302043136,100689920,0.622311,99.9498,3758358528,0,700121088,69230592,1476870144,332087296,0,200135680,2,10.2958,0,0,1,1,1,8,23.8876,100,98.9433,1024,0,112,0,40
nbody_kernel,35221,8192,128,128,2,32,1,1,0,0,4,1,649054,10418,4,130609948,100734978,6,192991232,98.1563,0,0,0,0,251736064,100702208,0.498759,99.9786,3758456832,0,350478336,34627584,738672640,169304064,0,158918656,2,11.2212,0,0,1,1,1,8,21.7313,100,99.3342,1024,0,160,0,63
nbody_kernel,37358,8192,128,128,2,32,1,1,1,0,1,1,519164,11976,5,202419092,100716546,6,201885696,99.8064,1,3.87597,16777216,131072,402694144,100683776,0.987934,99.9571,3758309376,0,1370161152,138436608,2961653760,809730048,0,286674944,3,10.5795,0,0,1,1,1,9,34.2914,100,98.525,1024,2048,80,0,27
nbody_kernel,37235,8192,128,128,2,32,1,1,1,0,2,1,519606,9145,4,152223660,100722690,5,151560192,99.7678,1,7.69231,8388608,131072,302043136,100689920,0.62809,88.8263,3758358528,0,685441024,69230592,1481064448,404963328,0,202085376,3,10.0239,0,0,1,1,1,8,26.1399,100,98.9535,1024,4096,112,0,39
nbody_kernel,33655,8192,128,128,2,32,1,1,1,0,4,1,519512,10007,4,127069668,100734978,4,126406656,99.7421,1,7.69231,8388608,131072,251736064,100702208,0.499663,99.9828,3758456832,0,343138304,34627584,740769792,202858496,0,159803392,2,11.7394,0,0,1,1,1,8,22.7136,100,99.3379,1024,8192,160,0,56
nbody_kernel,7585,8192,128,128,2,32,2,0,0,0,1,1,129812,20,1,4486554,32770,10,67125248,0,0,0,0,0,0,0,0.531107,99.8966,3758309376,0,27516928,4202496,134283264,127008768,0,126637056,8,52.3816,0,0,3,1,1,3,83.0306,100,99.9737,1024,0,0,0,48
nbody_kernel,6205,8192,128,128,2,32,2,0,1,0,1,1,0,4,1,557080,32770,1,540672,0,3,7.69231,8388608,131072,0,0,0.497637,99.9356,3758309376,0,32759808,4194304,139526144,9609216,0,123295744,10,63.9186,0,0,3,1,1,1,96.6434,100,99.973,1024,2048,0,0,56
nbody_kernel,8752,8192,128,128,2,32,2,1,0,0,1,1,155704,16,2,16961624,32770,9,67123200,0,0,0,0,0,0,0,0.530363,99.851,3758309376,0,56958976,4202496,537018368,340942848,0,146828032,8,47.7335,0,0,3,1,1,9,80.264,100,99.9773,1024,0,0,0,48
nbody_kernel,7983,8192,128,128,2,32,2,1,0,0,2,0,0,0,1,8417304,32770,9,67123200,0,0,0,0,0,0,0,0.49304,99.4823,3758358528,0,28647424,2105344,268582912,147513344,0,131429632,8,49.5419,0,0,3,1,1,5,79.8536,100,99.9871,1024,0,0,0,64
nbody_kernel,9887,8192,128,128,2,32,2,1,0,0,4,1,129732,16,1,5140986,32770,8,67123200,0,0,0,0,0,0,0,0.266201,93.7107,3758456832,0,14491648,1056768,134365184,68714496,0,124292608,7,39.9776,0,0,2,1,1,2,65.3536,100,99.993,640,0,0,0,85
nbody_kernel,6606,8192,128,128,2,32,2,1,1,0,1,1,259458,0,1,812570,32770,1,538624,0,3,7.69231,8388608,131072,0,0,0.497896,94.1566,3758309376,0,40181760,4194304,142753792,9625600,0,123629056,10,59.9497,0,0,3,1,1,1,96.4019,100,99.9731,1024,2048,0,0,56
nbody_kernel,6231,8192,128,128,2,32,2,1,1,0,2,1,2,16,1,552984,32770,1,538624,0,3,7.69231,8388608,131072,0,0,0.493829,99.6198,3758358528,0,13967360,2097152,138559488,2908160,0,122388480,10,63.4643,0,0,3,1,1,1,93.6951,100,99.9862,1024,4096,0,0,64
nbody_kernel,7293,8192,128,128,2,32,2,1,1,0,4,0,0,0,1,1532040,32770,1,538624,0,3,7.69231,8388608,131072,0,0,0.344584,97.6933,3758456832,0,7151616,1048576,136462336,1785856,0,122036992,9,54.5428,0,0,3,1,1,1,83.425,100,99.9929,768,8192,0,0,76
nbody_kernel,7385,4096,128,128,4,0,0,0,0,0,1,1,2,0,1,2259680,32770,5,33570816,0,0,0,0,0,0,0,0.49532,99.96,3758301184,0,303165440,16781312,67174400,50962432,0,131153664,9,53.5863,0,0,3,1,1,2,88.6523,100,99.9873,1024,0,0,0,63
nbody_kernel,6850,4096,128,128,4,0,0,0,1,0,1,1,259578,64,1,554570,32770,1,278528,0,3,3.87597,8388608,65536,0,0,0.494673,99.9455,3758301184,0,154767360,16777216,271122432,1712128,0,131350400,9,57.8041,0,0,3,1,2,1,93.7865,100,99.9873,1024,2048,0,0,63
nbody_kernel,9691,4096,128,128,4,0,0,1,0,0,1,1,170,152,1,8446320,32770,4,33568768,0,0,0,0,0,0,0,0.497423,99.9404,3758301184,0,772968448,16781312,268582912,134844416,0,154750336,8,40.8448,0,0,2,1,1,4,81.2097,100,99.9892,1024,0,0,0,56
nbody_kernel,10952,4096,128,128,4,0,0,1,0,0,2,1,259546,0,1,4511226,32770,4,33568768,0,0,0,0,0,0,0,0.296626,99.8535,3758350336,0,436899840,33558528,134365184,67526656,0,138467840,6,36.1372,0,0,2,1,1,2,63.3532,100,99.9939,896,0,0,0,71
nbody_kernel,6588,4096,128,128,4,0,0,1,0,0,4,1,259458,16,1,2413978,32770,6,33568768,0,0,0,0,0,0,0,0.248863,99.8836,3758448640,0,218533888,16781312,67256320,33943552,0,127971968,10,59.9846,0,0,3,1,1,2,94.2763,100,99.9966,512,0,0,0,123
nbody_kernel,6731,4096,128,128,4,0,0,1,1,0,1,1,259458,0,1,578970,32770,1,276480,0,3,3.87597,8388608,65536,0,0,0.496146,99.9397,3758301184,0,158502912,16777216,272777216,2248704,0,131535616,9,58.8852,0,0,3,1,2,1,95.2416,100,99.9873,1024,2048,0,0,64
nbody_kernel,9822,4096,128,128,4,0,0,1,1,0,2,1,21168,16,1,319512,32770,1,276480,0,1,7.69231,4194304,65536,0,0,0.310449,99.972,3758350336,0,104501248,33554432,136462336,1568768,0,126084608,7,41.0141,0,0,2,1,1,1,65.6402,100,99.9933,896,4096,0,0,71
nbody_kernel,6043,4096,128,128,4,0,0,1,1,0,4,1,259458,0,1,578970,32770,1,276480,0,2,7.69231,4194304,65536,0,0,0.248553,99.9538,3758448640,0,52334592,16777216,68304896,1101824,0,121784576,10,65.685,0,0,3,1,1,1,97.3055,100,99.9964,512,8192,0,0,123
nbody_kernel,37895,4096,128,128,4,0,1,0,0,0,1,1,519930,10088,5,203996148,100716546,7,234917888,99.289,0,0,0,0,402694144,100683776,0.499774,99.9141,3758301184,0,1477935104,268472320,2483421184,470409216,0,266443520,3,10.4299,0,0,1,1,1,9,31.0381,100,99.2065,1024,0,160,0,25
nbody_kernel,37227,4096,128,128,4,0,1,0,1,0,1,1,519800,10258,5,202160980,100716546,6,201625600,99.8916,1,3.87597,8388608,65536,402694144,100683776,0.499863,99.9329,3758301184,0,1279229952,268472320,2687369216,739893248,0,275028736,3,10.6163,0,0,1,1,1,9,30.7293,100,99.2313,1024,2048,160,0,27
nbody_kernel,39976,4096,128,128,4,0,1,1,0,0,1,1,519406,9982,5,210312084,100716546,7,234915840,97.2694,0,0,0,0,402694144,100683776,0.499677,99.9537,3758301184,0,1947860992,268472320,2684829696,470458368,0,287424256,3,9.88419,0,0,1,1,1,9,31.0513,100,99.2644,1024,0,160,0,26
nbody_kernel,36379,4096,128,128,4,0,1,1,0,0,2,1,520516,22472,4,155921892,100722690,6,184590336,98.3264,0,0,0,0,302043136,100689920,0.499718,99.9888,3758350336,0,974258176,134254592,1342652416,235315200,0,202458368,3,10.8609,0,0,1,1,1,8,25.0518,100,99.4777,1024,0,208,0,32
nbody_kernel,34299,4096,128,128,4,0,1,1,0,0,4,1,530379,5289906,4,128541468,100734978,5,159436800,99.0439,0,0,0,0,251736064,100702208,0.4995,99.9713,3758448640,0,487460864,67145728,671563776,319049728,0,166268672,2,11.5142,0,0,1,1,1,8,21.6024,100,99.6818,1024,0,304,0,56
nbody_kernel,37246,4096,128,128,4,0,1,1,1,0,1,1,779162,10321,5,202445134,100716546,6,201623552,99.8835,1,3.87597,8388608,65536,402694144,100683776,0.499841,99.9304,3758301184,0,1283063808,268472320,2689024000,740466688,0,275218176,3,10.6098,0,0,1,1,1,9,30.7305,100,99.2318,1024,2048,160,0,28
nbody_kernel,34947,4096,128,128,4,0,1,1,1,0,2,1,520734,23131,4,151860420,100722690,5,151298048,99.8603,1,7.69231,4194304,65536,302043136,100689920,0.499873,99.9858,3758350336,0,641859584,134254592,1344749568,101867520,0,187966208,2,11.305,0,0,1,1,1,8,23.275,100,99.4374,1024,4096,208,0,32
nbody_kernel,33557,4096,128,128,4,0,1,1,1,0,4,1,530809,5248243,4,126706668,100734978,4,126144512,99.8448,1,7.69231,4194304,65536,251736064,100702208,0.499786,99.9876,3758448640,0,321261568,67145728,672612352,185225216,0,156925696,2,11.773,0,0,1,1,1,8,20.6255,100,99.6629,1024,8192,304,0,56
nbody_kernel,40515,4096,128,128,4,0,2,0,0,0,1,1,519698,10183,4,203996220,100716546,7,234917888,99.289,0,0,0,0,402694144,100683776,0.499542,99.9846,3758301184,0,940879872,134230016,1275314176,604708864,0,211908992,2,9.75165,0,0,1,1,1,9,24.1218,100,99.0023,1024,0,160,0,40
nbody_kernel,39780,4096,128,128,4,0,2,0,1,0,1,1,519676,9991,4,202161148,100716546,6,201625600,99.8916,1,3.87597,8388608,65536,402694144,100683776,0.4999,99.9887,3758301184,0,742174720,134230016,1479262208,605765632,0,212105856,2,9.93179,0,0,1,1,1,8,23.7646,100,99.0032,1024,2048,160,0,40
nbody_kernel,42861,4096,128,128,4,0,2,1,0,0,1,1,519654,9926,4,210312340,100716546,6,234915840,97.2694,0,0,0,0,402694144,100683776,0.499592,99.9837,3758301184,0,1410715648,134230016,1476771840,604659712,0,232885376,2,9.21568,0,0,1,1,1,9,24.0767,100,99.0922,1024,0,160,0,40
nbody_kernel,37557,4096,128,128,4,0,2,1,0,0,2,1,520532,21943,4,155792308,100722690,6,184590336,98.3264,0,0,0,0,302043136,100689920,0.499624,99.9836,3758350336,0,705548288,67121152,738557952,302407680,0,175181952,2,10.5204,0,0,1,1,1,8,21.6358,100,99.3964,1024,0,208,0,40
nbody_kernel,34103,4096,128,128,4,0,2,1,0,0,4,1,529987,4704947,4,128541468,100734978,5,159436800,99.0439,0,0,0,0,251736064,100702208,0.499515,99.9895,3758448640,0,352964608,33566720,570834944,218398720,0,154723200,2,11.5872,0,0,1,1,1,8,20.9293,100,99.6581,1024,0,304,0,56
nbody_kernel,39810,4096,128,128,4,0,2,1,1,0,1,1,645688,10281,4,202438008,100716546,6,201623552,99.8835,1,3.87597,8388608,65536,402694144,100683776,0.49979,99.9913,3758301184,0,745918464,134230016,1480966144,606224384,0,212290432,2,9.92513,0,0,1,1,1,8,23.7657,100,99.0041,1024,2048,160,0,40
nbody_kernel,35970,4096,128,128,4,0,2,1,1,0,2,1,650158,21176,4,151859996,100722690,5,151298048,99.8603,1,7.69231,4194304,65536,302043136,100689920,0.499796,99.9857,3758350336,0,373149696,67121152,740655104,303194112,0,164884608,2,10.9816,0,0,1,1,1,8,20.7772,100,99.3587,1024,4096,208,0,40
nbody_kernel,33334,4096,128,128,4,0,2,1,1,0,4,1,524429,4103556,4,126793612,100734978,4,126144512,99.8448,1,7.69231,4194304,65536,251736064,100702208,0.499719,99.9791,3758448640,0,186765312,33566720,571883520,252354560,0,150623360,2,11.8541,0,0,1,1,1,8,21.0971,100,99.6488,1024,8192,304,0,60
nbody_kernel,7393,4096,128,128,4,0,4,0,0,0,1,1,129732,16,1,2389402,32770,5,33570816,0,0,0,0,0,0,0,0.495954,99.9231,3758301184,0,303165440,16781312,67174400,50962432,0,131153664,9,53.6213,0,0,3,1,1,2,88.7431,100,99.9873,1024,0,0,0,63
nbody_kernel,6857,4096,128,128,4,0,4,0,1,0,1,0,0,0,1,294936,32770,1,278528,0,3,3.87597,8388608,65536,0,0,0.494207,99.9706,3758301184,0,154767360,16777216,271122432,1712128,0,131350400,9,57.8129,0,0,3,1,2,1,93.7773,100,99.9873,1024,2048,0,0,63
nbody_kernel,9698,4096,128,128,4,0,4,1,0,0,1,1,259460,0,1,8705434,32770,4,33568768,0,0,0,0,0,0,0,0.497553,99.9585,3758301184,0,772968448,16781312,268582912,134844416,0,154750336,8,40.8603,0,0,2,1,1,4,81.2258,100,99.9892,1024,0,0,0,56
nbody_kernel,10954,4096,128,128,4,0,4,1,0,0,2,1,259458,0,1,4511130,32770,4,33568768,0,0,0,0,0,0,0,0.326617,89.7257,3758350336,0,436899840,33558528,134365184,67526656,0,138467840,7,35.7003,0,0,2,1,1,2,69.6517,100,99.9939,896,0,0,0,71
nbody_kernel,6599,4096,128,128,4,0,4,1,0,0,4,1,129730,16,1,2413978,32770,6,33568768,0,0,0,0,0,0,0,0.249232,99.7314,3758448640,0,218533888,16781312,67256320,33943552,0,127971968,10,59.9749,0,0,3,1,1,2,94.4049,100,99.9966,512,0,0,0,123
nbody_kernel,6724,4096,128,128,4,0,4,1,1,0,1,0,0,0,1,319512,32770,1,276480,0,3,3.87597,8388608,65536,0,0,0.496482,99.9508,3758301184,0,158502912,16777216,272777216,2248704,0,131535616,9,58.9285,0,0,3,1,2,1,95.3011,100,99.9873,1024,2048,0,0,64
nbody_kernel,9648,4096,128,128,4,0,4,1,1,0,2,1,129730,16,1,578970,32770,1,276480,0,1,7.69231,4194304,65536,0,0,0.310572,99.9599,3758350336,0,104501248,33554432,136462336,1568768,0,126084608,7,41.0192,0,0,2,1,1,1,65.6562,100,99.9933,896,4096,0,0,71
nbody_kernel,6027,4096,128,128,4,0,4,1,1,0,4,0,0,0,1,449248,32770,1,276480,0,2,7.69231,4194304,65536,0,0,0.248639,99.9688,3758448640,0,52334592,16777216,68304896,1101824,0,121784576,10,65.7307,0,0,3,1,1,1,97.3587,100,99.9964,512,8192,0,0,123
nbody_kernel,9044,4096,128,128,4,1,0,0,0,0,1,1,259555,78,1,2389530,32770,4,33570816,0,0,0,0,0,0,0,0.498288,99.9222,3758301184,0,403828736,67112960,67174400,67739648,0,136396544,8,43.8141,0,0,2,1,1,1,77.9934,100,99.9878,1024,0,0,0,54
nbody_kernel,7387,4096,128,128,4,1,0,0,1,0,1,1,124800,0,1,544516,32770,1,278528,0,3,3.87597,8388608,65536,0,0,0.493739,99.9236,3758301184,0,205099008,67108864,271122432,1712128,0,134496128,9,53.6674,0,0,3,1,2,1,88.2127,100,99.9876,1024,2048,0,0,62
nbody_kernel,10211,4096,128,128,4,1,0,1,0,0,1,1,129731,0,1,8705434,32770,4,33568768,0,0,0,0,0,0,0,0.496953,99.947,3758301184,0,873631744,67112960,268582912,134844416,0,159468928,8,38.752,0,0,2,1,1,4,77.5822,100,99.9896,1024,0,0,0,56
nbody_kernel,11088,4096,128,128,4,1,0,1,0,0,2,1,259458,0,1,4511130,32770,4,33568768,0,0,0,0,0,0,0,0.325985,89.4625,3758350336,0,436899840,33558528,134365184,67526656,0,138467840,7,35.5845,0,0,2,1,1,2,69.6302,100,99.9939,896,0,0,0,71
nbody_kernel,6605,4096,128,128,4,1,0,1,0,0,4,1,225384,16,1,2414098,32770,6,33568768,0,0,0,0,0,0,0,0.248178,98.5809,3758448640,0,218533888,16781312,67256320,33943552,0,127971968,10,59.0451,0,0,3,1,1,2,94.0259,100,99.9966,512,0,0,0,123
nbody_kernel,8275,4096,128,128,4,1,0,1,1,0,1,1,259458,0,1,578970,32770,1,276480,0,3,3.87597,8388608,65536,0,0,0.496029,99.9591,3758301184,0,208834560,67108864,272777216,69361664,0,136778624,8,47.9394,0,0,3,1,2,1,84.1833,100,99.9878,1024,2048,0,0,56
nbody_kernel,9648,4096,128,128,4,1,0,1,1,0,2,1,129728,0,1,427168,32770,1,276480,0,1,7.69231,4194304,65536,0,0,0.337993,90.379,3758350336,0,104501248,33554432,136462336,1568768,0,126084608,7,40.2867,0,0,2,1,1,1,71.3196,100,99.9933,896,4096,0,0,71
nbody_kernel,6026,4096,128,128,4,1,0,1,1,0,4,0,0,0,1,449248,32770,1,276480,0,2,7.69231,4194304,65536,0,0,0.248646,99.7718,3758448640,0,52334592,16777216,68304896,1101824,0,121784576,10,65.5551,0,0,3,1,1,1,97.2903,100,99.9964,512,8192,0,0,123
nbody_kernel,37874,4096,128,128,4,1,1,0,0,0,1,1,520016,10412,5,203996100,100716546,7,234917888,99.289,0,0,0,0,402694144,100683776,0.499736,99.9364,3758301184,0,1477935104,268472320,2483421184,470409216,0,266443520,3,10.4362,0,0,1,1,1,9,31.0498,100,99.2065,1024,0,160,0,25
nbody_kernel,37245,4096,128,128,4,1,1,0,1,0,1,1,649606,10431,5,202420382,100716546,6,201625600,99.8916,1,3.87597,8388608,65536,402694144,100683776,0.499864,99.9241,3758301184,0,1279229952,268472320,2687369216,807002112,0,277125888,3,10.6135,0,0,1,1,1,9,31.019,100,99.2371,1024,2048,160,0,27
nbody_kernel,40008,4096,128,128,4,1,1,1,0,0,1,1,649396,10606,5,210442236,100716570,7,234915840,97.2694,0,0,0,0,402694144,100683776,0.499733,99.9578,3758301184,0,1947860992,268472320,2684829696,470458368,0,287424256,3,9.87984,0,0,1,1,1,9,31.0364,100,99.2644,1024,0,160,0,26
nbody_kernel,36382,4096,128,128,4,1,1,1,0,0,2,1,520488,22444,4,155792156,100722690,6,184590336,98.3264,0,0,0,0,302043136,100689920,0.499652,99.9892,3758350336,0,974258176,134254592,1342652416,235315200,0,202458368,3,10.8609,0,0,1,1,1,8,25.0517,100,99.4777,1024,0,208,0,32
nbody_kernel,34300,4096,128,128,4,1,1,1,0,0,4,1,660091,5292542,4,128541468,100734978,5,159436800,99.0439,0,0,0,0,251736064,100702208,0.49959,99.9925,3758448640,0,487460864,67145728,671563776,319049728,0,166268672,2,11.5182,0,0,1,1,1,8,21.6053,100,99.6818,1024,0,304,0,56
nbody_kernel,37257,4096,128,128,4,1,1,1,1,0,1,1,696632,10192,5,202445334,100716546,6,201623552,99.8835,1,3.87597,8388608,65536,402694144,100683776,0.499844,99.9173,3758301184,0,1283063808,268472320,2689024000,807575552,0,277315328,3,10.608,0,0,1,1,1,9,31.0242,100,99.2376,1024,2048,160,0,28
nbody_kernel,34953,4096,128,128,4,1,1,1,1,0,2,1,520578,23060,4,151860132,100722690,5,151298048,99.8603,1,7.69231,4194304,65536,302043136,100689920,0.499881,99.9795,3758350336,0,641859584,134254592,1344749568,135421952,0,189014784,2,11.3063,0,0,1,1,1,8,23.4363,100,99.4406,1024,4096,208,0,32
nbody_kernel,33556,4096,128,128,4,1,1,1,1,0,4,1,530401,5255249,4,126706660,100734978,4,126144512,99.8448,1,7.69231,4194304,65536,251736064,100702208,0.499775,99.9813,3758448640,0,321261568,67145728,672612352,202002432,0,157449984,2,11.7719,0,0,1,1,1,8,20.7066,100,99.664,1024,8192,304,0,56
nbody_kernel,40518,4096,128,128,4,1,2,0,0,0,1,1,575146,10008,4,204125852,100716546,7,234917888,99.289,0,0,0,0,402694144,100683776,0.499559,99.9802,3758301184,0,940879872,134230016,1275314176,604708864,0,211908992,2,9.75213,0,0,1,1,1,9,24.124,100,99.0023,1024,0,160,0,40
nbody_kernel,39790,4096,128,128,4,1,2,0,1,0,1,1,519692,9773,4,202290660,100716546,6,201625600,99.8916,1,3.87597,8388608,65536,402694144,100683776,0.499841,99.9848,3758301184,0,742174720,134230016,1479262208,672874496,0,214203008,2,9.93071,0,0,1,1,1,8,24.0388,100,99.013,1024,2048,160,0,40
nbody_kernel,42871,4096,128,128,4,1,2,1,0,0,1,1,779168,10020,4,210571798,100716546,6,234915840,97.2694,0,0,0,0,402694144,100683776,0.499628,99.9909,3758301184,0,1410715648,134230016,1476771840,604659712,0,232885376,2,9.21823,0,0,1,1,1,9,24.0816,100,99.0922,1024,0,160,0,40
nbody_kernel,37562,4096,128,128,4,1,2,1,0,0,2,1,520664,21414,4,155792732,100722690,6,184590336,98.3264,0,0,0,0,302043136,100689920,0.49957,99.985,3758350336,0,705548288,67121152,738557952,302407680,0,175181952,2,10.5188,0,0,1,1,1,8,21.6323,100,99.3964,1024,0,208,0,40
nbody_kernel,34097,4096,128,128,4,1,2,1,0,0,4,1,529779,4736395,4,128541468,100734978,5,159436800,99.0439,0,0,0,0,251736064,100702208,0.499531,99.9834,3758448640,0,352964608,33566720,570834944,218398720,0,154723200,2,11.5875,0,0,1,1,1,8,20.9311,100,99.6581,1024,0,304,0,56
nbody_kernel,39813,4096,128,128,4,1,2,1,1,0,1,1,519512,9811,4,202185580,100716546,6,201623552,99.8835,1,3.87597,8388608,65536,402694144,100683776,0.499841,99.9782,3758301184,0,745918464,134230016,1480966144,673333248,0,214387584,2,9.92424,0,0,1,1,1,8,24.0424,100,99.0139,1024,2048,160,0,40
nbody_kernel,35979,4096,128,128,4,1,2,1,1,0,2,1,650324,21906,4,152119454,100722690,5,151298048,99.8603,1,7.69231,4194304,65536,302043136,100689920,0.499826,99.9796,3758350336,0,373149696,67121152,740655104,336748544,0,165933184,2,10.981,0,0,1,1,1,8,20.9298,100,99.3628,1024,4096,208,0,40
nbody_kernel,33378,4096,128,128,4,1,2,1,1,0,4,1,530097,4117736,4,126706556,100734978,4,126144512,99.8448,1,7.69231,4194304,65536,251736064,100702208,0.499786,99.9897,3758448640,0,186765312,33566720,571883520,269131776,0,151147648,2,11.8563,0,0,1,1,1,8,21.1811,100,99.65,1024,8192,304,0,60
nbody_kernel,9041,4096,128,128,4,1,4,0,0,0,1,1,259460,8,1,2389450,32770,4,33570816,0,0,0,0,0,0,0,0.49808,99.9336,3758301184,0,403828736,67112960,67174400,67739648,0,136396544,8,43.7975,0,0,2,1,1,1,77.9549,100,99.9878,1024,0,0,0,54
nbody_kernel,7389,4096,128,128,4,1,4,0,1,0,1,1,129728,0,1,424672,32770,1,278528,0,3,3.87597,8388608,65536,0,0,0.49293,99.9246,3758301184,0,205099008,67108864,271122432,1712128,0,134496128,9,53.5387,0,0,3,1,2,1,88.0005,100,99.9876,1024,2048,0,0,62
nbody_kernel,10214,4096,128,128,4,1,4,1,0,0,1,1,129730,0,1,8575712,32770,4,33568768,0,0,0,0,0,0,0,0.496804,99.9707,3758301184,0,873631744,67112960,268582912,134844416,0,159468928,8,38.7499,0,0,2,1,1,4,77.5596,100,99.9896,1024,0,0,0,56
nbody_kernel,11118,4096,128,128,4,1,4,1,0,0,2,1,129730,0,1,4511130,32770,4,33568768,0,0,0,0,0,0,0,0.29616,99.8723,3758350336,0,436899840,33558528,134365184,67526656,0,138467840,6,36.1428,0,0,2,1,1,2,63.3512,100,99.9939,896,0,0,0,71
nbody_kernel,6588,4096,128,128,4,1,4,1,0,0,4,1,0,16,1,2154720,32770,6,33568768,0,0,0,0,0,0,0,0.249209,99.9234,3758448640,0,218533888,16781312,67256320,33943552,0,127971968,10,60.1576,0,0,3,1,1,2,94.5104,100,99.9966,512,0,0,0,123
nbody_kernel,8270,4096,128,128,4,1,4,1,1,0,1,1,129728,0,1,449248,32770,1,276480,0,3,3.87597,8388608,65536,0,0,0.496111,99.9724,3758301184,0,208834560,67108864,272777216,69361664,0,136778624,8,47.9487,0,0,3,1,2,1,84.1883,100,99.9878,1024,2048,0,0,56
nbody_kernel,9820,4096,128,128,4,1,4,1,1,0,2,1,129730,0,1,578970,32770,1,276480,0,1,7.69231,4194304,65536,0,0,0.310561,99.9642,3758350336,0,104501248,33554432,136462336,1568768,0,126084608,7,41.0191,0,0,2,1,1,1,65.6533,100,99.9933,896,4096,0,0,71
nbody_kernel,6028,4096,128,128,4,1,4,1,1,0,4,0,0,0,1,319512,32770,1,276480,0,2,7.69231,4194304,65536,0,0,0.249012,99.9646,3758448640,0,52334592,16777216,68304896,1101824,0,121784576,10,65.7803,0,0,3,1,1,1,97.4362,100,99.9964,512,8192,0,0,123
nbody_kernel,7005,4096,128,128,4,2,0,0,0,0,1,1,129730,8,1,2259680,32770,6,33570816,0,0,0,0,0,0,0,0.496866,99.9389,3758301184,0,202502144,33558528,67174400,34185216,0,128007936,9,56.5669,0,0,3,1,1,2,89.6729,100,99.987,1024,0,0,0,62
nbody_kernel,7018,4096,128,128,4,2,0,0,1,0,1,1,259458,0,1,554466,32770,1,278528,0,2,7.69231,4194304,65536,0,0,0.494801,99.9539,3758301184,0,104435712,33554432,136904704,1712128,0,126107520,9,56.4002,0,0,3,1,1,1,90.3256,100,99.9868,1024,2048,0,0,64
nbody_kernel,7430,4096,128,128,4,2,0,1,0,0,1,1,129729,0,1,8575712,32770,5,33568768,0,0,0,0,0,0,0,0.496518,99.9574,3758301184,0,437424128,33558528,268582912,101298176,0,143740544,9,53.2853,0,0,3,1,1,5,90.3797,100,99.9884,1024,0,0,0,64
nbody_kernel,8474,4096,128,128,4,2,0,1,0,0,2,1,129730,0,1,4511178,32770,5,33568768,0,0,0,0,0,0,0,0.282302,99.941,3758350336,0,218796032,16781312,134365184,50749440,0,130603520,8,48.317,0,0,3,1,1,3,77.9178,100,99.9935,768,0,0,0,80
nbody_kernel,6299,4096,128,128,4,2,0,1,0,0,4,1,259458,16,1,2413978,32770,6,33568768,0,0,0,0,0,0,0,0.248929,99.9657,3758448640,0,109481984,8392704,67256320,33939456,0,124301824,10,62.9502,0,0,3,1,1,2,95.5763,100,99.9965,512,0,0,0,124
nbody_kernel,6688,4096,128,128,4,2,0,1,1,0,1,0,0,0,1,449248,32770,1,276480,0,2,7.69231,4194304,65536,0,0,0.496027,99.9602,3758301184,0,108171264,33554432,138559488,2781184,0,126309376,9,59.2418,0,0,3,1,1,1,92.5072,100,99.9868,1024,2048,0,0,62
nbody_kernel,7503,4096,128,128,4,2,0,1,1,0,2,1,0,16,1,443628,32770,1,276480,0,2,7.69231,4194304,65536,0,0,0.288453,99.7843,3758350336,0,54169600,16777216,69353472,1572864,0,121890432,8,52.6791,0,0,3,1,1,1,81.535,100,99.9931,768,4096,0,0,80
nbody_kernel,5946,4096,128,128,4,2,0,1,1,0,4,0,0,0,1,449248,32770,1,276480,0,2,7.69231,4194304,65536,0,0,0.248661,99.9711,3758448640,0,27168768,8388608,68304896,1105920,0,120736128,10,66.4811,0,0,3,1,1,1,97.7755,100,99.9964,512,8192,0,0,125
nbody_kernel,37915,4096,128,128,4,2,1,0,0,0,1,1,520080,10414,5,203996084,100716546,7,234917888,99.289,0,0,0,0,402694144,100683776,0.499749,99.971,3758301184,0,1545043968,234917888,2483421184,571072512,0,270637824,3,10.4236,0,0,1,1,1,9,32.5945,100,99.2188,1024,0,160,0,27
nbody_kernel,37245,4096,128,128,4,2,1,0,1,0,1,1,779262,10217,5,202420382,100716546,6,201625600,99.8916,1,3.87597,8388608,65536,402694144,100683776,0.499899,99.942,3758301184,0,1447002112,234917888,2687369216,739893248,0,279223040,3,10.6095,0,0,1,1,1,9,33.3607,100,99.2428,1024,2048,160,0,27
nbody_kernel,40120,4096,128,128,4,2,1,1,0,0,1,1,632322,10855,5,210442180,100716546,7,234915840,97.2694,0,0,0,0,402694144,100683776,0.49969,99.9725,3758301184,0,1780088832,234917888,2684829696,571121664,0,284278528,3,9.87449,0,0,1,1,1,9,32.1124,100,99.2563,1024,0,160,0,32
nbody_kernel,36411,4096,128,128,4,2,1,1,0,0,2,1,520436,22206,4,155835548,100722690,6,184590336,98.3264,0,0,0,0,302043136,100689920,0.499636,99.9865,3758350336,0,890372096,117477376,1342652416,285630464,0,200884992,2,10.8516,0,0,1,1,1,8,25.483,100,99.4736,1024,0,208,0,40
nbody_kernel,34371,4096,128,128,4,2,1,1,0,0,4,1,530351,4538126,4,128541468,100734978,5,159436800,99.0439,0,0,0,0,251736064,100702208,0.499511,99.9845,3758448640,0,445517824,58757120,671563776,109334528,0,158142208,2,11.4952,0,0,1,1,1,8,21.6836,100,99.6655,1024,0,304,0,64
nbody_kernel,37316,4096,128,128,4,2,1,1,1,0,1,1,523098,10546,5,202319078,100716546,6,201623552,99.8835,1,3.87597,8388608,65536,402694144,100683776,0.49984,99.9192,3758301184,0,1450835968,234917888,2689024000,740450304,0,279411968,3,10.5893,0,0,1,1,1,9,33.3239,100,99.2433,1024,2048,160,0,28
nbody_kernel,35023,4096,128,128,4,2,1,1,1,0,2,1,520414,22201,4,151989732,100722690,5,151298048,99.8603,1,7.69231,4194304,65536,302043136,100689920,0.499833,99.9804,3758350336,0,725745664,117477376,1344749568,303194112,0,196354816,3,11.2822,0,0,1,1,1,8,25.8935,100,99.4615,1024,4096,208,0,39
nbody_kernel,33580,4096,128,128,4,2,1,1,1,0,4,1,530309,5035911,4,126706708,100734978,4,126144512,99.8448,1,7.69231,4194304,65536,251736064,100702208,0.499823,99.9869,3758448640,0,363204608,58757120,672612352,218779648,0,159022848,2,11.7659,0,0,1,1,1,8,21.3485,100,99.6673,1024,8192,304,0,56
nbody_kernel,40521,4096,128,128,4,2,2,0,0,0,1,1,519966,9902,4,203996132,100716546,7,234917888,99.289,0,0,0,0,402694144,100683776,0.499589,99.9779,3758301184,0,873771008,100675584,1275314176,638263296,0,209811840,2,9.75186,0,0,1,1,1,9,24.8012,100,98.9923,1024,0,160,0,40
nbody_kernel,39778,4096,128,128,4,2,2,0,1,0,1,1,779282,10332,4,202420414,100716546,6,201625600,99.8916,1,3.87597,8388608,65536,402694144,100683776,0.49986,99.9951,3758301184,0,775729152,100675584,1479262208,538656768,0,210008704,2,9.93429,0,0,1,1,1,8,24.321,100,98.9933,1024,2048,160,0,40
nbody_kernel,42851,4096,128,128,4,2,2,1,0,0,1,1,649074,9767,4,210338476,100716546,6,234915840,97.2694,0,0,0,0,402694144,100683776,0.499676,99.9855,3758301184,0,1108725760,100675584,1476771840,436887552,0,217156736,2,9.22155,0,0,1,1,1,9,23.4512,100,99.0264,1024,0,160,0,40
nbody_kernel,37611,4096,128,128,4,2,2,1,0,0,2,1,520452,21786,4,155920316,100722690,6,184590336,98.3264,0,0,0,0,302043136,100689920,0.49957,99.9938,3758350336,0,554553344,50343936,738557952,285630464,0,169414784,2,10.506,0,0,1,1,1,8,20.9473,100,99.3758,1024,0,208,0,48
nbody_kernel,38462,4096,128,128,4,2,2,1,0,0,4,1,652857,970730,3,128800926,100734978,4,159436800,99.0439,0,0,0,0,251736064,100702208,0.39155,81.3853,3758448640,0,277467136,25178112,570834944,210010112,0,151839616,2,9.27008,0,0,1,1,1,8,20.2947,100,99.6516,896,0,304,0,67
nbody_kernel,39803,4096,128,128,4,2,2,1,1,0,1,1,519544,10240,4,202185652,100716546,6,201623552,99.8835,1,3.87597,8388608,65536,402694144,100683776,0.49981,99.9873,3758301184,0,779472896,100675584,1480966144,606224384,0,212290432,2,9.92594,0,0,1,1,1,8,24.8715,100,99.0041,1024,2048,160,0,40
nbody_kernel,35992,4096,128,128,4,2,2,1,1,0,2,1,520378,22119,4,151860132,100722690,5,151298048,99.8603,1,7.69231,4194304,65536,302043136,100689920,0.499803,99.9866,3758350336,0,389926912,50343936,740655104,303194112,0,164884608,2,10.9761,0,0,1,1,1,8,21.2239,100,99.3587,1024,4096,208,0,40
nbody_kernel,33316,4096,128,128,4,2,2,1,1,0,4,1,529565,4118487,4,126706580,100734978,4,126144512,99.8448,1,7.69231,4194304,65536,251736064,100702208,0.499674,99.9875,3758448640,0,195174400,25178112,571883520,202022912,0,149051136,2,11.8575,0,0,1,1,1,8,21.0191,100,99.6451,1024,8192,304,0,60
nbody_kernel,7008,4096,128,128,4,2,4,0,0,0,1,1,130772,8,1,2260730,32770,6,33570816,0,0,0,0,0,0,0,0.496425,99.9686,3758301184,0,202502144,33558528,67174400,34185216,0,128007936,9,56.5216,0,0,3,1,1,2,89.5745,100,99.987,1024,0,0,0,62
nbody_kernel,7029,4096,128,128,4,2,4,0,1,0,1,0,0,0,1,294936,32770,1,278528,0,2,7.69231,4194304,65536,0,0,0.494711,99.9578,3758301184,0,104435712,33554432,136904704,1712128,0,126107520,9,56.3908,0,0,3,1,1,1,90.307,100,99.9868,1024,2048,0,0,64
nbody_kernel,7432,4096,128,128,4,2,4,1,0,0,1,1,259459,8,1,8705434,32770,5,33568768,0,0,0,0,0,0,0,0.496139,99.9598,3758301184,0,437424128,33558528,268582912,101298176,0,143740544,9,53.2526,0,0,3,1,1,5,90.322,100,99.9884,1024,0,0,0,64
nbody_kernel,8195,4096,128,128,4,2,4,1,0,0,2,0,0,0,1,4251832,32770,5,33568768,0,0,0,0,0,0,0,0.282946,96.8456,3758350336,0,218796032,16781312,134365184,50749440,0,130603520,8,46.7246,0,0,3,1,1,3,77.7581,100,99.9935,768,0,0,0,80
nbody_kernel,6295,4096,128,128,4,2,4,1,0,0,4,1,129730,16,1,2413978,32770,6,33568768,0,0,0,0,0,0,0,0.248355,99.9521,3758448640,0,109481984,8392704,67256320,33939456,0,124301824,10,62.9555,0,0,3,1,1,2,95.5973,100,99.9965,512,0,0,0,124
nbody_kernel,6693,4096,128,128,4,2,4,1,1,0,1,1,48,0,1,319624,32770,1,276480,0,2,7.69231,4194304,65536,0,0,0.495867,99.9372,3758301184,0,108171264,33554432,138559488,2781184,0,126309376,9,59.2023,0,0,3,1,1,1,92.4669,100,99.9868,1024,2048,0,0,62
nbody_kernel,7502,4096,128,128,4,2,4,1,1,0,2,1,259470,8,1,579058,32770,1,276480,0,2,7.69231,4194304,65536,0,0,0.288629,99.9725,3758350336,0,54169600,16777216,69353472,1572864,0,121890432,8,52.8116,0,0,3,1,1,1,81.5862,100,99.9931,768,4096,0,0,80
nbody_kernel,5963,4096,128,128,4,2,4,1,1,0,4,0,0,0,1,319512,32770,1,276480,0,2,7.69231,4194304,65536,0,0,0.248556,99.8559,3758448640,0,27168768,8388608,68304896,1105920,0,120736128,10,66.5091,0,0,3,1,1,1,97.9295,100,99.9964,512,8192,0,0,125
nbody_kernel,6994,4096,128,128,4,4,0,0,0,0,1,1,259492,128,1,2389458,32770,6,33570816,0,0,0,0,0,0,0,0.496851,99.9591,3758301184,0,101838848,16781312,67174400,50962432,0,124862208,9,56.755,0,0,3,1,1,2,90.3472,100,99.9867,1024,0,0,0,64
nbody_kernel,7441,4096,128,128,4,4,0,0,1,0,1,0,0,0,1,294936,32770,1,278528,0,2,7.69231,4194304,65536,0,0,0.338184,99.967,3758301184,0,54128640,16777216,69795840,2244608,0,121930624,8,53.1302,0,0,3,1,1,1,81.0186,100,99.9864,896,2048,0,0,70
nbody_kernel,7605,4096,128,128,4,4,0,1,0,0,1,1,166708,0,1,8705434,32770,5,33568768,0,0,0,0,0,0,0,0.496587,99.9502,3758301184,0,219320320,16781312,268582912,101298176,0,136400512,9,52.1166,0,0,3,1,1,5,85.8691,100,99.9878,1024,0,0,0,64
nbody_kernel,8905,4096,128,128,4,4,0,1,0,0,2,1,175655,0,1,4427506,32770,4,33568768,0,0,0,0,0,0,0,0.277834,97.9768,3758350336,0,109744128,8392704,134365184,42364928,0,126671488,7,44.4864,0,0,3,1,1,3,72.075,100,99.9933,768,0,0,0,80
nbody_kernel,6357,4096,128,128,4,4,0,1,0,0,4,1,2,16,1,2284264,32770,6,33568768,0,0,0,0,0,0,0,0.248792,99.8758,3758448640,0,54956032,4198400,67256320,46526464,0,122860160,10,62.7887,0,0,3,1,1,2,95.1987,100,99.9965,512,0,0,0,128
nbody_kernel,7441,4096,128,128,4,4,0,1,1,0,1,1,129774,0,1,578970,32770,1,276480,0,2,7.69231,4194304,65536,0,0,0.337328,99.9762,3758301184,0,57839616,16777216,71450624,2768896,0,122114688,8,53.2413,0,0,3,1,1,1,80.5348,100,99.9864,896,2048,0,0,70
nbody_kernel,5938,4096,128,128,4,4,0,1,1,0,2,1,0,8,1,319512,32770,1,276480,0,2,7.69231,4194304,65536,0,0,0.269067,89.4979,3758350336,0,29003776,8388608,69353472,1564672,0,120841600,10,59.6369,0,0,3,1,1,1,97.5919,100,99.993,640,4096,0,0,95
nbody_kernel,5959,4096,128,128,4,4,0,1,1,0,4,0,0,0,1,319512,32770,1,276480,0,2,7.69231,4194304,65536,0,0,0.247378,97.8392,3758448640,0,14585856,4194304,68304896,1105920,0,120211840,10,65.0881,0,0,3,1,1,1,97.235,100,99.9964,512,8192,0,0,126
nbody_kernel,37912,4096,128,128,4,4,1,0,0,0,1,1,519848,10550,5,203995932,100716546,7,234917888,99.289,0,0,0,0,402694144,100683776,0.499719,99.9514,3758301184,0,1444380672,218140672,2483421184,503963648,0,264870656,3,10.4261,0,0,1,1,1,9,32.0293,100,99.2018,1024,0,160,0,27
nbody_kernel,37277,4096,128,128,4,4,1,0,1,0,1,1,519804,10309,5,202160924,100716546,6,201625600,99.8916,1,3.87597,8388608,65536,402694144,100683776,0.499851,99.9359,3758301184,0,1396670464,218140672,2687369216,739893248,0,277125888,3,10.6011,0,0,1,1,1,9,33.0415,100,99.2371,1024,2048,160,0,27
nbody_kernel,40015,4096,128,128,4,4,1,1,0,0,1,1,649580,10324,5,210571422,100716546,7,234915840,97.2694,0,0,0,0,402694144,100683776,0.499674,99.9763,3758301184,0,1561985024,218140672,2684829696,520790016,0,275365632,3,9.87582,0,0,1,1,1,9,31.2924,100,99.2322,1024,0,160,0,32
nbody_kernel,36397,4096,128,128,4,4,1,1,0,0,2,1,520508,21716,4,155922108,100722690,6,184590336,98.3264,0,0,0,0,302043136,100689920,0.499722,99.9944,3758350336,0,781320192,109088768,1342652416,218521600,0,195117824,2,10.858,0,0,1,1,1,8,24.893,100,99.4581,1024,0,208,0,40
nbody_kernel,34341,4096,128,128,4,4,1,1,0,0,4,1,530143,4778972,4,128541580,100734978,5,159436800,99.0439,0,0,0,0,251736064,100702208,0.499567,99.9877,3758448640,0,390991872,54562816,671563776,130306048,0,156962560,2,11.5014,0,0,1,1,1,8,21.435,100,99.663,1024,0,304,0,64
nbody_kernel,37280,4096,128,128,4,4,1,1,1,0,1,1,778910,10708,5,202445094,100716546,6,201623552,99.8835,1,3.87597,8388608,65536,402694144,100683776,0.499875,99.9501,3758301184,0,1400504320,218140672,2689024000,673341440,0,275217664,3,10.6,0,0,1,1,1,9,33.0526,100,99.2318,1024,2048,160,0,29
nbody_kernel,35012,4096,128,128,4,4,1,1,1,0,2,1,520430,21939,4,151860052,100722690,5,151298048,99.8603,1,7.69231,4194304,65536,302043136,100689920,0.499866,99.9855,3758350336,0,700579840,109088768,1344749568,303194112,0,195306240,2,11.2835,0,0,1,1,1,8,25.5816,100,99.4586,1024,4096,208,0,39
nbody_kernel,33597,4096,128,128,4,4,1,1,1,0,4,1,530733,4259869,4,126836276,100734978,4,126144512,99.8448,1,7.69231,4194304,65536,251736064,100702208,0.499817,99.9876,3758448640,0,350638080,54562816,672612352,218918912,0,158503424,2,11.7567,0,0,1,1,1,8,22.3932,100,99.6662,1024,8192,304,0,56
nbody_kernel,40514,4096,128,128,4,4,2,0,0,0,1,1,580698,10078,4,204117528,100716546,7,234917888,99.289,0,0,0,0,402694144,100683776,0.499643,99.9914,3758301184,0,773107712,83898368,1275314176,571154432,0,204044672,2,9.75215,0,0,1,1,1,9,23.715,100,98.9639,1024,0,160,0,40
nbody_kernel,39768,4096,128,128,4,4,2,0,1,0,1,1,649676,10437,4,202290988,100716546,6,201625600,99.8916,1,3.87597,8388608,65536,402694144,100683776,0.499834,99.9856,3758301184,0,725397504,83898368,1479262208,538656768,0,207911552,2,9.93192,0,0,1,1,1,8,24.3175,100,98.9831,1024,2048,160,0,40
nbody_kernel,42882,4096,128,128,4,4,2,1,0,0,1,1,779084,10098,4,210571422,100716546,6,234915840,97.2694,0,0,0,0,402694144,100683776,0.499641,99.9934,3758301184,0,890621952,83898368,1476771840,487219200,0,211389568,2,9.21079,0,0,1,1,1,9,22.9744,100,98.9999,1024,0,160,0,40
nbody_kernel,37596,4096,128,128,4,4,2,1,0,0,2,1,520561,21883,4,155792612,100722714,6,184590336,98.3264,0,0,0,0,302043136,100689920,0.499585,99.9889,3758350336,0,445501440,41955328,738557952,285630464,0,165744768,2,10.5083,0,0,1,1,1,8,20.5151,100,99.362,1024,0,208,0,48
nbody_kernel,34108,4096,128,128,4,4,2,1,0,0,4,1,529827,4472483,4,128541580,100734978,5,159436800,99.0439,0,0,0,0,251736064,100702208,0.499478,99.991,3758448640,0,222945280,20983808,570834944,193228800,0,149480320,2,11.5857,0,0,1,1,1,8,20.1821,100,99.6461,1024,0,304,0,64
nbody_kernel,39801,4096,128,128,4,4,2,1,1,0,1,1,519412,10205,4,202185500,100716546,6,201623552,99.8835,1,3.87597,8388608,65536,402694144,100683776,0.499818,99.9882,3758301184,0,729141248,83898368,1480966144,606224384,0,210193280,2,9.9263,0,0,1,1,1,8,24.5964,100,98.9942,1024,2048,160,0,40
nbody_kernel,35987,4096,128,128,4,4,2,1,1,0,2,1,520366,21528,4,151860052,100722690,5,151298048,99.8603,1,7.69231,4194304,65536,302043136,100689920,0.499809,99.9916,3758350336,0,364761088,41955328,740655104,303194112,0,163836032,2,10.9774,0,0,1,1,1,8,21.2256,100,99.3546,1024,4096,208,0,40
nbody_kernel,33310,4096,128,128,4,4,2,1,1,0,4,1,529821,4094801,4,126706956,100734978,4,126144512,99.8448,1,7.69231,4194304,65536,251736064,100702208,0.499815,99.9921,3758448640,0,182595584,20983808,571883520,193761280,0,148268800,2,11.857,0,0,1,1,1,8,20.3587,100,99.6432,1024,8192,304,0,59
nbody_kernel,6989,4096,128,128,4,4,4,0,0,0,1,1,129924,136,1,2389402,32770,6,33570816,0,0,0,0,0,0,0,0.495655,99.9564,3758301184,0,101838848,16781312,67174400,50962432,0,124862208,9,56.6148,0,0,3,1,1,2,90.1264,100,99.9867,1024,0,0,0,64
nbody_kernel,7700,4096,128,128,4,4,4,0,1,0,1,1,0,8,1,294936,32770,1,278528,0,2,7.69231,4194304,65536,0,0,0.33887,99.955,3758301184,0,54128640,16777216,69795840,2244608,0,121930624,8,53.2149,0,0,3,1,1,1,81.1575,100,99.9864,896,2048,0,0,70
nbody_kernel,7605,4096,128,128,4,4,4,1,0,0,1,1,173431,144,1,8705738,32770,5,33568768,0,0,0,0,0,0,0,0.496376,99.9652,3758301184,0,219320320,16781312,268582912,101298176,0,136400512,9,52.1061,0,0,3,1,1,5,85.8388,100,99.9878,1024,0,0,0,64
nbody_kernel,8823,4096,128,128,4,4,4,1,0,0,2,1,129730,0,1,4511378,32770,5,33568768,0,0,0,0,0,0,0,0.275975,99.8373,3758350336,0,109744128,8392704,134365184,42364928,0,126671488,7,45.3745,0,0,3,1,1,3,72.1439,100,99.9933,768,0,0,0,80
nbody_kernel,6332,4096,128,128,4,4,4,1,0,0,4,1,2,16,1,2154520,32770,6,33568768,0,0,0,0,0,0,0,0.248861,99.7709,3758448640,0,54956032,4198400,67256320,46526464,0,122860160,10,62.733,0,0,3,1,1,2,95.2143,100,99.9965,512,0,0,0,128
nbody_kernel,7438,4096,128,128,4,4,4,1,1,0,1,1,259546,0,1,578970,32770,1,276480,0,2,7.69231,4194304,65536,0,0,0.337169,99.9741,3758301184,0,57839616,16777216,71450624,2768896,0,122114688,8,53.2085,0,0,3,1,1,1,80.4869,100,99.9864,896,2048,0,0,70
nbody_kernel,6643,4096,128,128,4,4,4,1,1,0,2,1,0,16,1,449248,32770,1,276480,0,2,7.69231,4194304,65536,0,0,0.268511,89.5091,3758350336,0,29003776,8388608,69353472,1564672,0,120841600,10,59.6493,0,0,3,1,1,1,97.6001,100,99.993,640,4096,0,0,95
nbody_kernel,5962,4096,128,128,4,4,4,1,1,0,4,1,129766,0,1,578970,32770,1,276480,0,2,7.69231,4194304,65536,0,0,0.248985,99.855,3758448640,0,14585856,4194304,68304896,1105920,0,120211840,10,66.8944,0,0,3,1,1,1,97.9159,100,99.9964,512,8192,0,0,126
nbody_kernel,7744,4096,128,128,4,8,0,0,0,0,1,1,259460,8,1,2389570,32770,5,33570816,0,0,0,0,0,0,0,0.333286,99.9396,3758301184,0,51507200,8392704,67174400,59346944,0,123289216,8,51.1728,0,0,3,1,1,2,77.9212,100,99.9865,896,0,0,0,72
nbody_kernel,6162,4096,128,128,4,8,0,0,1,0,1,0,0,0,1,294936,32770,1,278528,0,2,7.69231,4194304,65536,0,0,0.311101,99.9358,3758301184,0,28962816,8388608,69795840,2244608,0,120882048,10,64.2782,0,0,3,1,1,1,94.9224,100,99.9862,768,2048,0,0,79
nbody_kernel,7891,4096,128,128,4,8,0,1,0,0,1,1,2,8,1,8445976,32770,5,33568768,0,0,0,0,0,0,0,0.496697,99.9431,3758301184,0,110268416,8392704,268582912,118075392,0,133254784,8,50.2036,0,0,3,1,1,5,81.5022,100,99.9875,1024,0,0,0,64
nbody_kernel,7161,4096,128,128,4,8,0,1,0,0,2,1,129728,0,1,4381456,32770,6,33568768,0,0,0,0,0,0,0,0.271656,99.8266,3758350336,0,55218176,4198400,134365184,84299776,0,126146944,9,60.2627,0,0,3,1,1,3,91.7392,100,99.9933,640,0,0,0,96
nbody_kernel,8265,4096,128,128,4,8,0,1,0,0,4,1,129732,16,1,2414026,32770,5,33568768,0,0,0,0,0,0,0,0.182379,90.2908,3758448640,0,27693056,2101248,67256320,29745152,0,121418240,8,47.846,0,0,3,1,1,2,78.91,100,99.9964,384,0,0,0,132
nbody_kernel,7479,4096,128,128,4,8,0,1,1,0,1,0,0,0,1,319512,32770,1,276480,0,2,7.69231,4194304,65536,0,0,0.336796,99.9601,3758301184,0,32673792,8388608,71450624,2772992,0,121066240,8,52.9238,0,0,3,1,1,1,80.2513,100,99.9863,896,2048,0,0,72
nbody_kernel,6054,4096,128,128,4,8,0,1,1,0,2,1,2,16,1,319512,32770,1,276480,0,2,7.69231,4194304,65536,0,0,0.261594,90.7894,3758350336,0,16420864,4194304,69353472,1560576,0,120317184,10,58.8054,0,0,3,1,1,1,94.9744,100,99.993,640,4096,0,0,95
nbody_kernel,6220,4096,128,128,4,8,0,1,1,0,4,1,259458,0,1,578970,32770,1,276480,0,2,7.69231,4194304,65536,0,0,0.245293,96.3469,3758448640,0,8294400,2097152,68304896,1101824,0,119949568,10,61.8772,0,0,3,1,1,1,93.7029,100,99.9964,512,8192,0,0,128
nbody_kernel,37919,4096,128,128,4,8,1,0,0,0,1,1,520032,10387,5,203996300,100716546,7,234917888,99.289,0,0,0,0,402694144,100683776,0.499716,99.9661,3758301184,0,1394049024,209752064,2483421184,537518080,0,264084224,3,10.4227,0,0,1,1,1,9,31.7247,100,99.1994,1024,0,160,0,27
nbody_kernel,37310,4096,128,128,4,8,1,0,1,0,1,1,519944,10482,5,202192236,100716546,6,201625600,99.8916,1,3.87597,8388608,65536,402694144,100683776,0.499794,99.9296,3758301184,0,1371504640,209752064,2687369216,739893248,0,276077312,3,10.5919,0,0,1,1,1,9,32.8678,100,99.2342,1024,2048,160,0,27
nbody_kernel,40022,4096,128,128,4,8,1,1,0,0,1,1,649366,10935,5,210442164,100716546,7,234915840,97.2694,0,0,0,0,402694144,100683776,0.499675,99.9681,3758301184,0,1452933120,209752064,2684829696,495624192,0,270909184,3,9.87611,0,0,1,1,1,9,30.8842,100,99.2196,1024,0,160,0,32
nbody_kernel,36383,4096,128,128,4,8,1,1,0,0,2,1,520624,22186,4,155792156,100722690,6,184590336,98.3264,0,0,0,0,302043136,100689920,0.49972,99.9889,3758350336,0,726794240,104894464,1342652416,226910208,0,193544960,2,10.8574,0,0,1,1,1,8,24.5913,100,99.4537,1024,0,208,0,40
nbody_kernel,34363,4096,128,128,4,8,1,1,0,0,4,1,530595,4500165,4,128541860,100734978,5,159436800,99.0439,0,0,0,0,251736064,100702208,0.499587,99.9833,3758448640,0,363745280,52465664,671563776,182743040,0,157684224,2,11.4939,0,0,1,1,1,8,21.6117,100,99.6645,1024,0,304,0,64
nbody_kernel,37270,4096,128,128,4,8,1,1,1,0,1,1,519568,10445,5,202185604,100716546,6,201623552,99.8835,1,3.87597,8388608,65536,402694144,100683776,0.499845,99.9485,3758301184,0,1375338496,209752064,2689024000,639787008,0,273120512,3,10.6008,0,0,1,1,1,9,32.9083,100,99.2259,1024,2048,160,0,29
nbody_kernel,35015,4096,128,128,4,8,1,1,1,0,2,1,650226,22403,4,151859996,100722690,5,151298048,99.8603,1,7.69231,4194304,65536,302043136,100689920,0.499836,99.9907,3758350336,0,687996928,104894464,1344749568,303194112,0,194781952,2,11.2848,0,0,1,1,1,8,25.4266,100,99.4571,1024,4096,208,0,39
nbody_kernel,33660,4096,128,128,4,8,1,1,1,0,4,1,530261,4440938,4,126706460,100734978,4,126144512,99.8448,1,7.69231,4194304,65536,251736064,100702208,0.499724,99.9895,3758448640,0,344350720,52465664,672612352,151822336,0,156144640,2,11.7367,0,0,1,1,1,8,22.2731,100,99.6612,1024,8192,304,0,56
nbody_kernel,40539,4096,128,128,4,8,2,0,0,0,1,1,649616,10303,4,204255990,100716546,7,234917888,99.289,0,0,0,0,402694144,100683776,0.499624,99.9918,3758301184,0,722776064,75509760,1275314176,520822784,0,200636800,2,9.74931,0,0,1,1,1,9,23.1664,100,98.9463,1024,0,160,0,40
nbody_kernel,39772,4096,128,128,4,8,2,0,1,0,1,1,519740,10403,4,202176632,100716546,6,201625600,99.8916,1,3.87597,8388608,65536,402694144,100683776,0.499817,99.9912,3758301184,0,700231680,75509760,1479262208,538656768,0,206862976,2,9.93285,0,0,1,1,1,8,24.3184,100,98.978,1024,2048,160,0,40
nbody_kernel,42891,4096,128,128,4,8,2,1,0,0,1,1,779024,9827,4,210571814,100716546,6,234915840,97.2694,0,0,0,0,402694144,100683776,0.499667,99.9921,3758301184,0,781570048,75509760,1476771840,512385024,0,208505984,2,9.2109,0,0,1,1,1,9,22.3673,100,98.986,1024,0,160,0,40
nbody_kernel,37593,4096,128,128,4,8,2,1,0,0,2,1,520432,20872,4,155792260,100722690,6,184590336,98.3264,0,0,0,0,302043136,100689920,0.499605,99.9786,3758350336,0,390975488,37761024,738557952,294019072,0,164171904,2,10.5078,0,0,1,1,1,8,20.3337,100,99.3559,1024,0,208,0,48
nbody_kernel,38451,4096,128,128,4,8,2,1,0,0,4,1,641549,983851,3,128777792,100734978,4,159436800,99.0439,0,0,0,0,251736064,100702208,0.390282,81.2026,3758448640,0,195702784,18886656,570834944,195334144,0,148629248,2,9.2708,0,0,1,1,1,8,19.5791,100,99.6441,896,0,304,0,66
nbody_kernel,39794,4096,128,128,4,8,2,1,1,0,1,1,649346,9760,4,202445070,100716546,6,201623552,99.8835,1,3.87597,8388608,65536,402694144,100683776,0.499868,99.991,3758301184,0,703975424,75509760,1480966144,606224384,0,209144704,2,9.92739,0,0,1,1,1,8,24.4606,100,98.9891,1024,2048,160,0,40
nbody_kernel,35998,4096,128,128,4,8,2,1,1,0,2,1,520562,21828,4,151860212,100722690,5,151298048,99.8603,1,7.69231,4194304,65536,302043136,100689920,0.499787,99.9907,3758350336,0,352198656,37761024,740655104,294813696,0,163050496,2,10.9762,0,0,1,1,1,8,21.1473,100,99.3515,1024,4096,208,0,40
nbody_kernel,33317,4096,128,128,4,8,2,1,1,0,4,1,529917,3929960,4,126706804,100734978,4,126144512,99.8448,1,7.69231,4194304,65536,251736064,100702208,0.499707,99.9893,3758448640,0,176304128,18886656,571883520,189566976,0,147875584,2,11.8561,0,0,1,1,1,8,20.3988,100,99.6423,1024,8192,304,0,59
nbody_kernel,7746,4096,128,128,4,8,4,0,0,0,1,1,259540,72,1,2389514,32770,5,33570816,0,0,0,0,0,0,0,0.333246,99.9372,3758301184,0,51507200,8392704,67174400,59346944,0,123289216,8,51.1711,0,0,3,1,1,2,77.9204,100,99.9865,896,0,0,0,72
nbody_kernel,6806,4096,128,128,4,8,4,0,1,0,1,1,129730,0,1,554394,32770,1,278528,0,2,7.69231,4194304,65536,0,0,0.308736,91.6052,3758301184,0,28962816,8388608,69795840,2244608,0,120882048,10,58.3993,0,0,3,1,1,1,94.0837,100,99.9862,768,2048,0,0,79
nbody_kernel,7894,4096,128,128,4,8,4,1,0,0,1,1,50,56,1,8445976,32770,5,33568768,0,0,0,0,0,0,0,0.496532,99.9184,3758301184,0,110268416,8392704,268582912,118075392,0,133254784,8,50.1784,0,0,3,1,1,5,81.4815,100,99.9875,1024,0,0,0,64
nbody_kernel,6577,4096,128,128,4,8,4,1,0,0,2,1,116220,0,1,4484088,32770,5,33568768,0,0,0,0,0,0,0,0.262982,93.2476,3758350336,0,55218176,4198400,134365184,84299776,0,126146944,9,55.4415,0,0,3,1,1,3,90.3545,100,99.9933,640,0,0,0,96
nbody_kernel,8114,4096,128,128,4,8,4,1,0,0,4,1,259484,16,1,2414218,32770,5,33568768,0,0,0,0,0,0,0,0.165255,98.2448,3758448640,0,27693056,2101248,67256320,29745152,0,121418240,8,48.0523,0,0,3,1,1,2,72.8342,100,99.9964,384,0,0,0,132
nbody_kernel,7729,4096,128,128,4,8,4,1,1,0,1,1,129728,0,1,449248,32770,1,276480,0,2,7.69231,4194304,65536,0,0,0.337914,99.9762,3758301184,0,32673792,8388608,71450624,2772992,0,121066240,8,52.9678,0,0,3,1,1,1,80.3051,100,99.9863,896,2048,0,0,72
nbody_kernel,6060,4096,128,128,4,8,4,1,1,0,2,1,129786,16,1,449376,32770,1,276480,0,2,7.69231,4194304,65536,0,0,0.264548,99.749,3758350336,0,16420864,4194304,69353472,1560576,0,120317184,10,65.3867,0,0,3,1,1,1,96.118,100,99.993,640,4096,0,0,95
nbody_kernel,6168,4096,128,128,4,8,4,1,1,0,4,0,0,0,1,319512,32770,1,276480,0,2,7.69231,4194304,65536,0,0,0.247652,98.6535,3758448640,0,8294400,2097152,68304896,1101824,0,119949568,10,64.0669,0,0,3,1,1,1,94.7504,100,99.9964,512,8192,0,0,128
nbody_kernel,8206,4096,128,128,4,16,0,0,0,0,1,1,129770,48,1,2259680,32770,5,33570816,0,0,0,0,0,0,0,0.322089,99.1895,3758301184,0,26341376,4198400,67174400,63537152,0,122502656,8,47.8263,0,0,3,1,1,2,73.7947,100,99.9864,896,0,0,0,72
nbody_kernel,6834,4096,128,128,4,16,0,0,1,0,1,1,129788,8,1,424672,32770,1,278528,0,2,7.69231,4194304,65536,0,0,0.29438,97.0734,3758301184,0,16379904,4194304,69795840,2244608,0,120357760,9,58.057,0,0,3,1,1,1,87.8481,100,99.9862,768,2048,0,0,79
nbody_kernel,8074,4096,128,128,4,16,0,1,0,0,1,1,259460,8,1,8705434,32770,5,33568768,0,0,0,0,0,0,0,0.496325,99.9096,3758301184,0,55742464,4198400,268582912,130654208,0,131812864,8,49.051,0,0,3,1,1,5,78.635,100,99.9874,1024,0,0,0,64
nbody_kernel,7568,4096,128,128,4,16,0,1,0,0,2,1,259458,0,1,4511130,32770,5,33568768,0,0,0,0,0,0,0,0.273161,86.0056,3758350336,0,27955200,2101248,134365184,84303872,0,125229568,9,48.5815,0,0,3,1,1,3,85.4491,100,99.9933,640,0,0,0,96
nbody_kernel,14422,4096,128,128,4,16,0,1,0,0,4,1,259524,16,1,3375634,32770,3,33568768,0,0,0,0,0,0,0,0.166644,99.9905,3758448640,0,14061568,1052672,67256320,31846400,0,121025152,4,27.2909,0,0,2,1,1,1,40.4065,100,99.9964,384,0,0,0,132
nbody_kernel,6563,4096,128,128,4,16,0,1,1,0,1,1,72,0,1,319720,32770,1,276480,0,2,7.69231,4194304,65536,0,0,0.291214,97.0984,3758301184,0,20090880,4194304,71450624,2764800,0,120541696,9,57.5907,0,0,3,1,1,1,87.6363,100,99.9862,768,2048,0,0,80
nbody_kernel,6941,4096,128,128,4,16,0,1,1,0,2,1,2,16,1,319512,32770,1,276480,0,2,7.69231,4194304,65536,0,0,0.272608,91.0199,3758350336,0,10129408,2097152,69353472,1560576,0,120055040,10,57.1824,0,0,3,1,1,1,91.7922,100,99.993,640,4096,0,0,95
nbody_kernel,9480,4096,128,128,4,16,0,1,1,0,4,1,259458,0,1,1210458,32770,1,276480,0,1,7.69231,4194304,65536,0,0,0.249943,99.9855,3758448640,0,5148672,1048576,68304896,1101824,0,119818496,7,41.5401,0,0,2,1,1,1,60.3461,100,99.9964,512,8192,0,0,125
nbody_kernel,37902,4096,128,128,4,16,1,0,0,0,1,1,520028,10176,5,203996332,100716546,7,234917888,99.289,0,0,0,0,402694144,100683776,0.499792,99.9646,3758301184,0,1368883200,205557760,2483421184,571072512,0,264215296,3,10.4289,0,0,1,1,1,9,31.5991,100,99.1998,1024,0,160,0,27
nbody_kernel,37328,4096,128,128,4,16,1,0,1,0,1,1,519932,10616,5,202291276,100716546,6,201625600,99.8916,1,3.87597,8388608,65536,402694144,100683776,0.49977,99.9173,3758301184,0,1358921728,205557760,2687369216,723116032,0,275028736,3,10.5846,0,0,1,1,1,9,32.7756,100,99.2313,1024,2048,160,0,27
nbody_kernel,40001,4096,128,128,4,16,1,1,0,0,1,1,519718,10598,5,210441820,100716546,7,234915840,97.2694,0,0,0,0,402694144,100683776,0.499721,99.973,3758301184,0,1398407168,205557760,2684829696,466264064,0,268156672,3,9.87688,0,0,1,1,1,9,30.6793,100,99.2116,1024,0,160,0,32
nbody_kernel,36389,4096,128,128,4,16,1,1,0,0,2,1,520632,22105,4,155792156,100722690,6,184590336,98.3264,0,0,0,0,302043136,100689920,0.499615,99.9877,3758350336,0,699531264,102797312,1342652416,231104512,0,192758528,2,10.8571,0,0,1,1,1,8,24.44,100,99.4514,1024,0,208,0,40
nbody_kernel,34381,4096,128,128,4,16,1,1,0,0,4,1,531559,2806201,4,128541964,100734978,5,159436800,99.0439,0,0,0,0,251736064,100702208,0.499343,99.9851,3758448640,0,350113792,51417088,671563776,183791616,0,157258240,2,11.4955,0,0,1,1,1,8,21.6293,100,99.6636,1024,0,304,0,64
nbody_kernel,37288,4096,128,128,4,16,1,1,1,0,1,1,519324,10243,5,202315236,100716546,6,201623552,99.8835,1,3.87597,8388608,65536,402694144,100683776,0.499879,99.9475,3758301184,0,1362755584,205557760,2689024000,623009792,0,272071936,3,10.6002,0,0,1,1,1,9,32.8333,100,99.2229,1024,2048,160,0,29
nbody_kernel,35021,4096,128,128,4,16,1,1,1,0,2,1,520802,22215,4,151990012,100722690,5,151298048,99.8603,1,7.69231,4194304,65536,302043136,100689920,0.499825,99.9853,3758350336,0,681705472,102797312,1344749568,303194112,0,194519808,2,11.2839,0,0,1,1,1,8,25.3474,100,99.4564,1024,4096,208,0,39
nbody_kernel,33665,4096,128,128,4,16,1,1,1,0,4,1,530465,2681222,4,126706460,100734978,4,126144512,99.8448,1,7.69231,4194304,65536,251736064,100702208,0.499686,99.9937,3758448640,0,341209088,51417088,672612352,151818240,0,156013568,2,11.7389,0,0,1,1,1,8,22.2764,100,99.6609,1024,8192,304,0,56
nbody_kernel,40544,4096,128,128,4,16,2,0,0,0,1,1,520182,10291,4,203996012,100716546,7,234917888,99.289,0,0,0,0,402694144,100683776,0.499576,99.9926,3758301184,0,697610240,71315456,1275314176,508239872,0,199326080,2,9.74831,0,0,1,1,1,9,23.0115,100,98.9393,1024,0,160,0,40
nbody_kernel,39777,4096,128,128,4,16,2,0,1,0,1,1,779450,10147,4,202420494,100716546,6,201625600,99.8916,1,3.87597,8388608,65536,402694144,100683776,0.499806,99.9894,3758301184,0,687648768,71315456,1479262208,538656768,0,206338688,2,9.93316,0,0,1,1,1,8,24.3196,100,98.9754,1024,2048,160,0,40
nbody_kernel,42901,4096,128,128,4,16,2,1,0,0,1,1,649272,9714,4,210571422,100716546,6,234915840,97.2694,0,0,0,0,402694144,100683776,0.499561,99.9823,3758301184,0,727044096,71315456,1476771840,524967936,0,207064192,2,9.20983,0,0,1,1,1,9,22.191,100,98.979,1024,0,160,0,40
nbody_kernel,37591,4096,128,128,4,16,2,1,0,0,2,1,520592,20924,4,155792364,100722690,6,184590336,98.3264,0,0,0,0,302043136,100689920,0.499537,99.9895,3758350336,0,363712512,35663872,738557952,298213376,0,163385472,2,10.5105,0,0,1,1,1,8,20.2455,100,99.3528,1024,0,208,0,48
nbody_kernel,46868,4096,128,128,4,16,2,1,0,0,4,1,523371,272345,4,128541868,100734978,5,159436800,99.0439,0,0,0,0,251736064,100702208,0.39053,91.5195,3758448640,0,182075392,17838080,570834944,198475776,0,148268800,2,10.2821,0,0,1,1,1,7,19.1938,100,99.6432,896,0,304,0,66
nbody_kernel,39795,4096,128,128,4,16,2,1,1,0,1,1,778866,9835,4,202445014,100716546,6,201623552,99.8835,1,3.87597,8388608,65536,402694144,100683776,0.499828,99.9832,3758301184,0,691392512,71315456,1480966144,606224384,0,208620416,2,9.92679,0,0,1,1,1,8,24.392,100,98.9866,1024,2048,160,0,40
nbody_kernel,36000,4096,128,128,4,16,2,1,1,0,2,1,520646,21024,4,151859996,100722690,5,151298048,99.8603,1,7.69231,4194304,65536,302043136,100689920,0.499738,99.9931,3758350336,0,345907200,35663872,740655104,299008000,0,162919424,2,10.9767,0,0,1,1,1,8,21.1096,100,99.351,1024,4096,208,0,40
nbody_kernel,33324,4096,128,128,4,16,2,1,1,0,4,1,529881,2363782,4,126706876,100734978,4,126144512,99.8448,1,7.69231,4194304,65536,251736064,100702208,0.499701,99.9904,3758448640,0,173162496,17838080,571883520,187465728,0,147678976,2,11.8576,0,0,1,1,1,8,20.4217,100,99.6418,1024,8192,304,0,59
nbody_kernel,8320,4096,128,128,4,16,4,0,0,0,1,1,98,16,1,2129944,32770,5,33570816,0,0,0,0,0,0,0,0.321152,99.1035,3758301184,0,26341376,4198400,67174400,63537152,0,122502656,7,47.6074,0,0,3,1,1,2,73.5207,100,99.9864,896,0,0,0,72
nbody_kernel,6500,4096,128,128,4,16,4,0,1,0,1,0,0,0,1,424672,32770,1,278528,0,2,7.69231,4194304,65536,0,0,0.302013,99.3148,3758301184,0,16379904,4194304,69795840,2244608,0,120357760,9,60.9123,0,0,3,1,1,1,90.0885,100,99.9862,768,2048,0,0,79
nbody_kernel,8072,4096,128,128,4,16,4,1,0,0,1,1,129732,8,1,8705434,32770,5,33568768,0,0,0,0,0,0,0,0.496198,99.8028,3758301184,0,55742464,4198400,268582912,130654208,0,131812864,8,48.9476,0,0,3,1,1,5,78.5534,100,99.9874,1024,0,0,0,64
nbody_kernel,7458,4096,128,128,4,16,4,1,0,0,2,1,44,0,1,4251672,32770,5,33568768,0,0,0,0,0,0,0,0.263094,88.3608,3758350336,0,27955200,2101248,134365184,84303872,0,125229568,9,48.8837,0,0,3,1,1,3,83.689,100,99.9933,640,0,0,0,96
nbody_kernel,14457,4096,128,128,4,16,4,1,0,0,4,1,259460,16,1,3372786,32770,3,33568768,0,0,0,0,0,0,0,0.166654,99.9906,3758448640,0,14061568,1052672,67256320,31846400,0,121025152,4,27.2438,0,0,2,1,1,1,40.3366,100,99.9964,384,0,0,0,132
nbody_kernel,6877,4096,128,128,4,16,4,1,1,0,1,1,129728,0,1,449248,32770,1,276480,0,2,7.69231,4194304,65536,0,0,0.29882,96.7165,3758301184,0,20090880,4194304,71450624,2764800,0,120541696,9,57.5744,0,0,3,1,1,1,87.9574,100,99.9862,768,2048,0,0,80
nbody_kernel,6982,4096,128,128,4,16,4,1,1,0,2,1,129730,16,1,449248,32770,1,276480,0,2,7.69231,4194304,65536,0,0,0.265292,89.8402,3758350336,0,10129408,2097152,69353472,1560576,0,120055040,10,56.2295,0,0,3,1,1,1,91.4478,100,99.993,640,4096,0,0,95
nbody_kernel,9345,4096,128,128,4,16,4,1,1,0,4,1,105992,0,1,951824,32770,1,276480,0,1,7.69231,4194304,65536,0,0,0.250137,99.9845,3758448640,0,5148672,1048576,68304896,1101824,0,119818496,7,41.6755,0,0,2,1,1,1,60.5432,100,99.9964,512,8192,0,0,125
nbody_kernel,8768,4096,128,128,4,32,0,0,0,0,1,1,129730,64,1,2259680,32770,5,33570816,0,0,0,0,0,0,0,0.350617,92.0284,3758301184,0,13758464,2101248,67174400,65634304,0,122109440,8,46.6659,0,0,3,1,1,2,77.2989,100,99.9864,896,0,0,0,72
nbody_kernel,7158,4096,128,128,4,32,0,0,1,0,1,0,0,0,1,294936,32770,1,278528,0,2,7.69231,4194304,65536,0,0,0.293012,95.3172,3758301184,0,10088448,2097152,69795840,2240512,0,120095488,9,55.5279,0,0,3,1,1,1,85.1772,100,99.9861,768,2048,0,0,79
nbody_kernel,8515,4096,128,128,4,32,0,1,0,0,1,1,129796,68,1,8705530,32770,5,33568768,0,0,0,0,0,0,0,0.496082,99.8086,3758301184,0,28479488,2101248,268582912,132751360,0,130960896,7,46.6577,0,0,3,1,1,5,74.5494,100,99.9873,1024,0,0,0,64
nbody_kernel,9418,4096,128,128,4,32,0,1,0,0,2,1,131394,0,1,5043322,32770,4,33568768,0,0,0,0,0,0,0,0.250857,99.9732,3758350336,0,14323712,1052672,134365184,89546752,0,124934656,6,39.9949,0,0,2,1,1,2,60.5699,100,99.9932,640,0,0,0,96
nbody_kernel,9566,4096,128,128,4,32,0,1,0,0,4,1,129732,16,1,3047026,32770,4,33568768,0,0,0,0,0,0,0,0.249865,99.9858,3758448640,0,7245824,528384,67256320,35512320,0,120910336,6,41.2477,0,0,2,1,1,1,61.6106,100,99.9964,512,0,0,0,128
nbody_kernel,7140,4096,128,128,4,32,0,1,1,0,1,0,0,0,1,319560,32770,1,276480,0,2,7.69231,4194304,65536,0,0,0.308999,99.1159,3758301184,0,13799424,2097152,71450624,2764800,0,120279552,9,59.4968,0,0,3,1,1,1,88.5377,100,99.9862,768,2048,0,0,80
nbody_kernel,8779,4096,128,128,4,32,0,1,1,0,2,1,254535,8,1,1213426,32770,1,276480,0,1,7.69231,4194304,65536,0,0,0.249694,99.9857,3758350336,0,6983680,1048576,69353472,1556480,0,119923840,7,41.6432,0,0,2,1,1,1,60.9621,100,99.993,640,4096,0,0,95
nbody_kernel,9449,4096,128,128,4,32,0,1,1,0,4,1,148682,0,1,1206722,32770,1,276480,0,1,7.69231,4194304,65536,0,0,0.249802,99.9849,3758448640,0,3575808,524288,68304896,1101824,0,119752960,7,41.7359,0,0,2,1,1,1,60.6852,100,99.9964,512,8192,0,0,128
nbody_kernel,37904,4096,128,128,4,32,1,0,0,0,1,1,520020,10382,5,203996156,100716546,7,234917888,99.289,0,0,0,0,402694144,100683776,0.499598,99.9515,3758301184,0,1356300288,203460608,2483421184,571072512,0,263756544,3,10.4249,0,0,1,1,1,9,31.5187,100,99.1984,1024,0,160,0,27
nbody_kernel,37337,4096,128,128,4,32,1,0,1,0,1,1,519960,10341,5,202290660,100716546,6,201625600,99.8916,1,3.87597,8388608,65536,402694144,100683776,0.499879,99.903,3758301184,0,1352630272,203460608,2687369216,731504640,0,275028736,3,10.5817,0,0,1,1,1,9,32.7344,100,99.2313,1024,2048,160,0,27
nbody_kernel,40027,4096,128,128,4,32,1,1,0,0,1,1,649416,10648,5,210571422,100716546,7,234915840,97.2694,0,0,0,0,402694144,100683776,0.499497,99.9741,3758301184,0,1371144192,203460608,2684829696,468361216,0,267304704,3,9.87167,0,0,1,1,1,9,30.56,100,99.2091,1024,0,160,0,32
nbody_kernel,36408,4096,128,128,4,32,1,1,0,0,2,1,520744,22114,4,155792292,100722690,6,184590336,98.3264,0,0,0,0,302043136,100689920,0.499359,99.9637,3758350336,0,685899776,101748736,1342652416,233201664,0,192365312,2,10.8522,0,0,1,1,1,8,24.3595,100,99.4503,1024,0,208,0,40
nbody_kernel,34374,4096,128,128,4,32,1,1,0,0,4,1,530607,2790186,4,128541644,100734978,5,159436800,99.0439,0,0,0,0,251736064,100702208,0.498671,99.9789,3758448640,0,343298048,50892800,671563776,184315904,0,157045248,2,11.4965,0,0,1,1,1,8,21.6401,100,99.6631,1024,0,304,0,64
nbody_kernel,37285,4096,128,128,4,32,1,1,1,0,1,1,519736,10079,5,202185836,100716546,6,201623552,99.8835,1,3.87597,8388608,65536,402694144,100683776,0.499864,99.9456,3758301184,0,1356464128,203460608,2689024000,614621184,0,271547648,3,10.5997,0,0,1,1,1,9,32.7953,100,99.2214,1024,2048,160,0,29
nbody_kernel,35008,4096,128,128,4,32,1,1,1,0,2,1,520522,21879,4,151860116,100722690,5,151298048,99.8603,1,7.69231,4194304,65536,302043136,100689920,0.499667,99.9879,3758350336,0,678559744,101748736,1344749568,303194112,0,194388736,2,11.2844,0,0,1,1,1,8,25.3088,100,99.456,1024,4096,208,0,39
nbody_kernel,33651,4096,128,128,4,32,1,1,1,0,4,1,530621,2619003,4,126706460,100734978,4,126144512,99.8448,1,7.69231,4194304,65536,251736064,100702208,0.499318,99.9783,3758448640,0,339636224,50892800,672612352,151818240,0,155948032,2,11.7414,0,0,1,1,1,8,22.2846,100,99.6608,1024,8192,304,0,56
nbody_kernel,40530,4096,128,128,4,32,2,0,0,0,1,1,519944,10194,4,203996028,100716546,7,234917888,99.289,0,0,0,0,402694144,100683776,0.499424,99.9843,3758301184,0,685027328,69218304,1275314176,506142720,0,198801792,2,9.74899,0,0,1,1,1,9,22.9558,100,98.9365,1024,0,160,0,40
nbody_kernel,39773,4096,128,128,4,32,2,0,1,0,1,1,520052,9836,4,202290660,100716546,6,201625600,99.8916,1,3.87597,8388608,65536,402694144,100683776,0.499828,99.9907,3758301184,0,681357312,69218304,1479262208,538656768,0,206076544,2,9.93384,0,0,1,1,1,8,24.3209,100,98.9741,1024,2048,160,0,40
nbody_kernel,42889,4096,128,128,4,32,2,1,0,0,1,1,519598,9526,4,210312236,100716546,6,234915840,97.2694,0,0,0,0,402694144,100683776,0.499402,99.9813,3758301184,0,699781120,69218304,1476771840,531259392,0,206343296,2,9.21201,0,0,1,1,1,9,22.1085,100,98.9754,1024,0,160,0,40
nbody_kernel,37591,4096,128,128,4,32,2,1,0,0,2,1,520848,21657,4,155922004,100722690,6,184590336,98.3264,0,0,0,0,302043136,100689920,0.499124,99.9734,3758350336,0,350081024,34615296,738557952,300310528,0,162992256,2,10.5091,0,0,1,1,1,8,20.2005,100,99.3513,1024,0,208,0,48
nbody_kernel,38545,4096,128,128,4,32,2,1,0,0,4,1,654515,236355,4,138759636,100734978,5,159436800,99.0439,0,0,0,0,251736064,100702208,0.401004,88.6684,3758448640,0,175259648,17313792,570834944,200048640,0,148088576,2,10.221,0,0,1,1,1,8,19.6557,100,99.6428,896,0,304,0,66
nbody_kernel,39792,4096,128,128,4,32,2,1,1,0,1,1,519400,9684,4,202206568,100716546,6,201623552,99.8835,1,3.87597,8388608,65536,402694144,100683776,0.499688,99.9887,3758301184,0,685101056,69218304,1480966144,606224384,0,208358272,2,9.92695,0,0,1,1,1,8,24.3566,100,98.9853,1024,2048,160,0,40
nbody_kernel,35983,4096,128,128,4,32,2,1,1,0,2,1,780080,21116,4,152119654,100722690,5,151298048,99.8603,1,7.69231,4194304,65536,302043136,100689920,0.499659,99.9826,3758350336,0,342761472,34615296,740655104,301105152,0,162853888,2,10.9748,0,0,1,1,1,8,21.089,100,99.3507,1024,4096,208,0,40
nbody_kernel,33406,4096,128,128,4,32,2,1,1,0,4,1,532477,1881628,4,138322764,100734978,4,126144512,99.8448,1,7.69231,4194304,65536,251736064,100702208,0.499211,99.9774,3758448640,0,171589632,17313792,571883520,186417152,0,147580672,2,11.8303,0,0,1,1,1,8,20.3876,100,99.6415,1024,8192,304,0,59
nbody_kernel,8871,4096,128,128,4,32,4,0,0,0,1,1,129730,16,1,2259680,32770,5,33570816,0,0,0,0,0,0,0,0.352225,92.4041,3758301184,0,13758464,2101248,67174400,65634304,0,122109440,8,46.9889,0,0,3,1,1,2,77.5176,100,99.9864,896,0,0,0,72
nbody_kernel,7132,4096,128,128,4,32,4,0,1,0,1,0,0,0,1,294936,32770,1,278528,0,2,7.69231,4194304,65536,0,0,0.286872,95.4154,3758301184,0,10088448,2097152,69795840,2240512,0,120095488,9,55.4158,0,0,3,1,1,1,84.9178,100,99.9861,768,2048,0,0,79
nbody_kernel,8503,4096,128,128,4,32,4,1,0,0,1,1,129730,8,1,8575712,32770,5,33568768,0,0,0,0,0,0,0,0.495654,99.8084,3758301184,0,28479488,2101248,268582912,132751360,0,130960896,7,46.5747,0,0,3,1,1,5,74.4169,100,99.9873,1024,0,0,0,64
nbody_kernel,9867,4096,128,128,4,32,4,1,0,0,2,1,259458,0,1,5171450,32770,4,33568768,0,0,0,0,0,0,0,0.248896,99.9861,3758350336,0,14323712,1052672,134365184,89546752,0,124934656,6,39.7939,0,0,2,1,1,2,60.2577,100,99.9932,640,0,0,0,96
nbody_kernel,9592,4096,128,128,4,32,4,1,0,0,4,1,129730,16,1,2870644,32770,4,33568768,0,0,0,0,0,0,0,0.250122,99.9857,3758448640,0,7245824,528384,67256320,35512320,0,120910336,6,41.2675,0,0,2,1,1,1,61.6402,100,99.9964,512,0,0,0,128
nbody_kernel,7067,4096,128,128,4,32,4,1,1,0,1,1,32,0,1,319512,32770,1,276480,0,2,7.69231,4194304,65536,0,0,0.311119,99.0952,3758301184,0,13799424,2097152,71450624,2764800,0,120279552,9,59.5908,0,0,3,1,1,1,88.6961,100,99.9862,768,2048,0,0,80
nbody_kernel,8836,4096,128,128,4,32,4,1,1,0,2,1,259460,16,1,1213418,32770,1,276480,0,1,7.69231,4194304,65536,0,0,0.249618,99.9857,3758350336,0,6983680,1048576,69353472,1556480,0,119923840,7,41.6358,0,0,2,1,1,1,60.9513,100,99.993,640,4096,0,0,95
nbody_kernel,9443,4096,128,128,4,32,4,1,1,0,4,1,259570,0,1,1206714,32770,1,276480,0,1,7.69231,4194304,65536,0,0,0.249969,99.9851,3758448640,0,3575808,524288,68304896,1101824,0,119752960,7,41.7353,0,0,2,1,1,1,60.6842,100,99.9964,512,8192,0,0,128
nbody_kernel,10936,2048,128,128,8,0,0,0,0,0,1,1,259596,104,1,1341154,32770,2,16793600,0,0,0,0,0,0,0,0.249736,99.7832,3758297088,0,201914368,33556480,33619968,348160,0,125875072,6,36.1914,0,0,2,1,1,1,59.9636,100,99.9934,640,0,0,0,94
nbody_kernel,8464,2048,128,128,8,0,0,0,1,0,1,1,0,4,1,163864,32770,1,147456,0,2,3.87597,4194304,32768,0,0,0.249776,99.9762,3758297088,0,102561792,33554432,135593984,1183744,0,125983040,7,46.8013,0,0,3,1,1,1,76.1537,100,99.9934,640,2048,0,0,96
nbody_kernel,10664,2048,128,128,8,0,0,1,0,0,1,1,259459,0,1,4568474,32770,2,16791552,0,0,0,0,0,0,0,0.249713,99.7772,3758297088,0,436815872,33556480,134365184,67467264,0,138461504,7,37.0957,0,0,2,1,1,2,66.1138,100,99.994,640,0,0,0,96
nbody_kernel,7708,2048,128,128,8,0,0,1,0,0,2,1,259458,0,1,2471322,32770,3,16791552,0,0,0,0,0,0,0,0.249635,99.9036,3758346240,0,218449920,16779264,67256320,33824768,0,127962240,8,51.4019,0,0,3,1,1,2,85.0541,100,99.9967,512,0,0,0,128
nbody_kernel,7071,2048,128,128,8,0,0,1,0,0,4,1,259458,8,1,1422746,32770,3,16791552,0,0,0,0,0,0,0,0.12481,99.6709,3758444544,0,109266944,8390656,33701888,17080320,0,122717312,9,56.0238,0,0,3,1,1,1,84.7183,100,99.9982,256,0,0,0,243
nbody_kernel,8480,2048,128,128,8,0,0,1,1,0,1,0,0,0,1,245784,32770,1,145408,0,2,3.87597,4194304,32768,0,0,0.24977,99.9693,3758297088,0,104417280,33554432,136462336,1454080,0,126076608,7,46.6877,0,0,3,1,1,1,76.0214,100,99.9934,640,2048,0,0,96
nbody_kernel,6847,2048,128,128,8,0,0,1,1,0,2,1,129730,0,1,505322,32770,1,145408,0,1,7.69231,2097152,32768,0,0,0.2498,99.9435,3758346240,0,52250624,16777216,68304896,894976,0,121772160,9,57.8692,0,0,3,1,1,1,89.3473,100,99.9965,512,4096,0,0,128
nbody_kernel,6077,2048,128,128,8,0,0,1,1,0,4,1,259458,0,1,505290,32770,1,145408,0,1,7.69231,2097152,32768,0,0,0.124717,99.8277,3758444544,0,26167296,8388608,34226176,763904,0,119626880,10,65.0608,0,0,3,1,1,1,95.1001,100,99.9982,256,8192,0,0,245
nbody_kernel,39855,2048,128,128,8,0,1,0,0,0,1,1,778856,8990,4,203207246,100716546,6,218140672,99.6325,0,0,0,0,402694144,100683776,0.249447,99.265,3758297088,0,1276051456,268478464,2449866752,369455104,0,254874240,3,9.91697,0,0,1,1,1,9,28.1739,100,99.5853,1024,0,320,0,25
nbody_kernel,39649,2048,128,128,8,0,1,0,1,0,1,1,735005,9302,4,202289670,100716546,6,201494528,99.9349,1,3.87597,4194304,32768,402694144,100683776,0.24994,99.2244,3758297088,0,1176698880,268478464,2551840768,638414848,0,263361152,2,9.96504,0,0,1,1,1,9,27.9167,100,99.5986,1024,2048,320,0,27
nbody_kernel,40611,2048,128,128,8,0,1,1,0,0,1,1,778760,9220,4,206434798,100716546,6,218138624,98.5828,0,0,0,0,402694144,100683776,0.249689,99.3542,3758297088,0,1511096320,268478464,2550611968,369504256,0,265369216,3,9.72133,0,0,1,1,1,9,28.4094,100,99.6017,1024,0,320,0,26
nbody_kernel,37169,2048,128,128,8,0,1,1,0,0,2,1,520973,21020,4,153882332,100722690,5,167813120,99.1161,0,0,0,0,302043136,100689920,0.249725,99.5566,3758346240,0,755859456,134260736,1275543552,184823808,0,191429760,2,10.6289,0,0,1,1,1,8,23.2861,100,99.7238,1024,0,416,0,32
nbody_kernel,33879,2048,128,128,8,0,1,1,0,0,4,1,528435,7443302,4,127550428,100734978,5,142659584,99.4749,0,0,0,0,251736064,100702208,0.249875,99.9907,3758444544,0,378243072,67151872,638009344,293791744,0,160753280,2,11.6551,0,0,1,1,1,8,21.1326,100,99.8355,1024,0,608,0,56
nbody_kernel,39870,2048,128,128,8,0,1,1,1,0,1,1,569428,9196,4,202212420,100716546,6,201492480,99.9079,1,3.87597,4194304,32768,402694144,100683776,0.249775,99.2128,3758297088,0,1178697728,268478464,2552709120,638726144,0,263460480,2,9.90495,0,0,1,1,1,8,27.7611,100,99.5988,1024,2048,320,0,28
nbody_kernel,47500,2048,128,128,8,0,1,1,1,0,2,1,780349,21302,3,152175670,100722690,4,151166976,99.8895,1,7.69231,2097152,32768,302043136,100689920,0.24995,99.4467,3758346240,0,589660160,134260736,1276592128,50982912,0,182086272,2,8.31655,0,0,1,1,1,6,16.7395,100,99.7096,1024,4096,416,0,32
nbody_kernel,33502,2048,128,128,8,0,1,1,1,0,4,1,529013,7398861,4,126632828,100734978,4,126013440,99.8772,1,7.69231,2097152,32768,251736064,100702208,0.249955,99.984,3758444544,0,295143424,67151872,638533632,159770624,0,153984640,2,11.7873,0,0,1,1,1,8,20.3159,100,99.8282,1024,8192,608,0,56
nbody_kernel,40339,2048,128,128,8,0,2,0,0,0,1,1,519232,8950,4,202947420,100716546,6,218140672,99.6325,0,0,0,0,402694144,100683776,0.249711,99.7145,3758297088,0,738998272,134236160,1241759744,503738368,0,200339264,2,9.79255,0,0,1,1,1,8,22.7838,100,99.4724,1024,0,320,0,40
nbody_kernel,40362,2048,128,128,8,0,2,0,1,0,1,1,649052,9140,4,202159588,100716546,6,201494528,99.9349,1,3.87597,4194304,32768,402694144,100683776,0.2498,99.4799,3758297088,0,639645696,134236160,1343733760,504270848,0,200437824,2,9.77891,0,0,1,1,1,8,22.4089,100,99.4726,1024,2048,320,0,40
nbody_kernel,41312,2048,128,128,8,0,2,1,0,0,1,1,519310,8899,4,206175196,100716546,6,218138624,98.5828,0,0,0,0,402694144,100683776,0.249743,99.8715,3758297088,0,973948928,134236160,1342554112,503697408,0,210830016,2,9.55963,0,0,1,1,1,9,22.6061,100,99.4986,1024,0,320,0,40
nbody_kernel,36743,2048,128,128,8,0,2,1,0,0,2,1,520949,20194,4,153752796,100722690,5,167813120,99.1161,0,0,0,0,302043136,100689920,0.249907,99.9898,3758346240,0,487147520,67127296,671449088,251908096,0,164153024,2,10.75,0,0,1,1,1,8,20.7601,100,99.6779,1024,0,416,0,40
nbody_kernel,33688,2048,128,128,8,0,2,1,0,0,4,1,527963,7017320,4,127550236,100734978,5,142659584,99.4749,0,0,0,0,251736064,100702208,0.249872,99.9892,3758444544,0,243746816,33572864,537280512,193130496,0,149207488,2,11.7275,0,0,1,1,1,8,20.4481,100,99.8227,1024,0,608,0,56
nbody_kernel,40292,2048,128,128,8,0,2,1,1,0,1,1,778582,8805,4,202371230,100716546,6,201492480,99.9079,1,3.87597,4194304,32768,402694144,100683776,0.249947,99.6453,3758297088,0,641550336,134236160,1344651264,504475648,0,200532416,2,9.80992,0,0,1,1,1,8,22.4516,100,99.4729,1024,2048,320,0,40
nbody_kernel,35980,2048,128,128,8,0,2,1,1,0,2,1,650723,20121,4,151786388,100722690,5,151166976,99.8895,1,7.69231,2097152,32768,302043136,100689920,0.249965,99.9899,3758346240,0,320948224,67127296,672497664,252301312,0,159004352,2,10.9773,0,0,1,1,1,8,20.1438,100,99.6675,1024,4096,416,0,40
nbody_kernel,33361,2048,128,128,8,0,2,1,1,0,4,1,527925,6501385,4,126762516,100734978,4,126013440,99.8772,1,7.69231,2097152,32768,251736064,100702208,0.249944,99.9296,3758444544,0,160647168,33572864,537804800,226889728,0,147681984,2,11.8479,0,0,1,1,1,8,20.7592,100,99.8209,1024,8192,608,0,60
nbody_kernel,41312,2048,128,128,8,0,4,0,0,0,1,1,648968,8706,4,203207022,100716546,6,218140672,99.6325,0,0,0,0,402694144,100683776,0.249895,99.987,3758297088,0,470419456,67115008,637710336,369541120,0,166778432,2,9.56256,0,0,1,1,1,8,18.4687,100,99.3662,1024,0,320,0,46
nbody_kernel,40990,2048,128,128,8,0,4,0,1,0,1,1,778666,8321,4,202289462,100716546,6,201494528,99.9349,1,3.87597,4194304,32768,402694144,100683776,0.249959,99.9944,3758297088,0,371066880,67115008,739684352,302952448,0,164779456,2,9.63655,0,0,1,1,1,8,18.4889,100,99.3585,1024,2048,320,0,46
nbody_kernel,42688,2048,128,128,8,0,4,1,0,0,1,1,649024,8323,4,206434462,100716546,6,218138624,98.5828,0,0,0,0,402694144,100683776,0.249921,99.9799,3758297088,0,705341440,67115008,738529280,369459200,0,177267776,2,9.25413,0,0,1,1,1,8,20.06,100,99.4037,1024,0,320,0,41
nbody_kernel,36630,2048,128,128,8,0,4,1,0,0,2,1,520877,20751,4,153752348,100722690,5,167813120,99.1161,0,0,0,0,302043136,100689920,0.249876,99.8997,3758346240,0,352765952,33560576,570753024,218329088,0,154708544,2,10.7835,0,0,1,1,1,8,19.6438,100,99.6583,1024,0,416,0,53
nbody_kernel,33558,2048,128,128,8,0,4,1,0,0,4,1,528083,6455504,4,127550236,100734978,5,142659584,99.4749,0,0,0,0,251736064,100702208,0.249817,99.994,3758444544,0,176474112,16783360,486916096,142774272,0,143433024,2,11.7696,0,0,1,1,1,8,19.0487,100,99.8156,896,0,608,0,72
nbody_kernel,41011,2048,128,128,8,0,4,1,1,0,1,1,778662,8034,4,202371430,100716546,6,201492480,99.9079,1,3.87597,4194304,32768,402694144,100683776,0.249968,99.9851,3758297088,0,372942848,67115008,740626432,303132672,0,164873152,2,9.63202,0,0,1,1,1,8,18.4907,100,99.3588,1024,2048,320,0,41
nbody_kernel,35758,2048,128,128,8,0,4,1,1,0,2,1,520911,20707,4,151786316,100722690,5,151166976,99.8895,1,7.69231,2097152,32768,302043136,100689920,0.249939,99.9864,3758346240,0,186566656,33560576,571801600,151617536,0,147462848,2,11.0459,0,0,1,1,1,8,18.7355,100,99.6415,1024,4096,416,0,48
nbody_kernel,33151,2048,128,128,8,0,4,1,1,0,4,1,527345,6478858,4,126632732,100734978,4,126013440,99.8772,1,7.69231,2097152,32768,251736064,100702208,0.249916,99.9882,3758444544,0,93374464,16783360,487440384,126193664,0,140334400,2,11.9162,0,0,1,1,1,8,18.7143,100,99.8115,896,8192,608,0,72
nbody_kernel,10939,2048,128,128,8,0,8,0,0,0,1,1,129730,8,1,1211152,32770,2,16793600,0,0,0,0,0,0,0,0.249732,99.7862,3758297088,0,201914368,33556480,33619968,348160,0,125875072,6,36.1908,0,0,2,1,1,1,59.9607,100,99.9934,640,0,0,0,94
nbody_kernel,8459,2048,128,128,8,0,8,0,1,0,1,1,129728,0,1,293600,32770,1,147456,0,2,3.87597,4194304,32768,0,0,0.249796,99.9605,3758297088,0,102561792,33554432,135593984,1183744,0,125983040,7,46.7985,0,0,3,1,1,1,76.1612,100,99.9934,640,2048,0,0,96
nbody_kernel,10672,2048,128,128,8,0,8,1,0,0,1,1,166440,0,1,4560700,32770,2,16791552,0,0,0,0,0,0,0,0.249698,99.7468,3758297088,0,436815872,33556480,134365184,67467264,0,138461504,7,37.0828,0,0,2,1,1,2,66.1109,100,99.994,640,0,0,0,96
nbody_kernel,7705,2048,128,128,8,0,8,1,0,0,2,1,129728,0,1,2341600,32770,3,16791552,0,0,0,0,0,0,0,0.249594,99.8998,3758346240,0,218449920,16779264,67256320,33824768,0,127962240,8,51.3855,0,0,3,1,1,2,85.0301,100,99.9967,512,0,0,0,128
nbody_kernel,7069,2048,128,128,8,0,8,1,0,0,4,1,129728,8,1,1293112,32770,3,16791552,0,0,0,0,0,0,0,0.124857,99.6911,3758444544,0,109266944,8390656,33701888,17082368,0,122717376,9,56.0525,0,0,3,1,1,1,84.7446,100,99.9982,256,0,0,0,243
nbody_kernel,8482,2048,128,128,8,0,8,1,1,0,1,0,0,0,1,245784,32770,1,145408,0,2,3.87597,4194304,32768,0,0,0.249802,99.9604,3758297088,0,104417280,33554432,136462336,1454080,0,126076608,7,46.6845,0,0,3,1,1,1,76.023,100,99.9934,640,2048,0,0,96
nbody_kernel,6844,2048,128,128,8,0,8,1,1,0,2,1,259458,8,1,505402,32770,1,145408,0,1,7.69231,2097152,32768,0,0,0.249843,99.9703,3758346240,0,52250624,16777216,68304896,894976,0,121772160,9,57.8855,0,0,3,1,1,1,89.3485,100,99.9965,512,4096,0,0,128
nbody_kernel,6080,2048,128,128,8,0,8,1,1,0,4,1,259458,0,1,505434,32770,1,145408,0,1,7.69231,2097152,32768,0,0,0.124802,99.9701,3758444544,0,26167296,8388608,34226176,763904,0,119626880,10,65.2007,0,0,3,1,1,1,95.1689,100,99.9982,256,8192,0,0,245
nbody_kernel,10938,2048,128,128,8,1,0,0,0,0,1,1,129732,16,1,1340826,32770,2,16793600,0,0,0,0,0,0,0,0.249687,99.7852,3758297088,0,201914368,33556480,33619968,348160,0,125875072,6,36.1863,0,0,2,1,1,1,59.954,100,99.9934,640,0,0,0,94
nbody_kernel,8460,2048,128,128,8,1,0,0,1,0,1,1,129730,0,1,423322,32770,1,147456,0,2,3.87597,4194304,32768,0,0,0.249738,99.9805,3758297088,0,102561792,33554432,135593984,1183744,0,125983040,7,46.7942,0,0,3,1,1,1,76.139,100,99.9934,640,2048,0,0,96
nbody_kernel,10668,2048,128,128,8,1,0,1,0,0,1,1,129731,48,1,4568474,32770,2,16791552,0,0,0,0,0,0,0,0.249644,99.7741,3758297088,0,436815872,33556480,134365184,67467264,0,138461504,7,37.0866,0,0,2,1,1,2,66.0997,100,99.994,640,0,0,0,96
nbody_kernel,7705,2048,128,128,8,1,0,1,0,0,2,1,129728,0,1,2341600,32770,3,16791552,0,0,0,0,0,0,0,0.249648,99.9064,3758346240,0,218449920,16779264,67256320,33824768,0,127962240,8,51.4041,0,0,3,1,1,2,85.0554,100,99.9967,512,0,0,0,128
nbody_kernel,7070,2048,128,128,8,1,0,1,0,0,4,1,129730,8,1,1422746,32770,3,16791552,0,0,0,0,0,0,0,0.124812,99.6519,3758444544,0,109266944,8390656,33701888,17080320,0,122717312,9,56.0156,0,0,3,1,1,1,84.7221,100,99.9982,256,0,0,0,243
nbody_kernel,8481,2048,128,128,8,1,0,1,1,0,1,0,0,0,1,245784,32770,1,145408,0,2,3.87597,4194304,32768,0,0,0.249794,99.9556,3758297088,0,104417280,33554432,136462336,1454080,0,126076608,7,46.6843,0,0,3,1,1,1,76.0264,100,99.9934,640,2048,0,0,96
nbody_kernel,6845,2048,128,128,8,1,0,1,1,0,2,0,0,0,1,245784,32770,1,145408,0,1,7.69231,2097152,32768,0,0,0.249793,99.9633,3758346240,0,52250624,16777216,68304896,894976,0,121772160,9,57.879,0,0,3,1,1,1,89.3448,100,99.9965,512,4096,0,0,128
nbody_kernel,6097,2048,128,128,8,1,0,1,1,0,4,0,0,0,1,245784,32770,1,145408,0,1,7.69231,2097152,32768,0,0,0.124283,99.9666,3758444544,0,26167296,8388608,34226176,763904,0,119626880,10,65.1853,0,0,3,1,1,1,95.1497,100,99.9982,256,8192,0,0,245
nbody_kernel,40024,2048,128,128,8,1,1,0,0,0,1,1,519886,9093,4,202947804,100716546,6,218140672,99.6325,0,0,0,0,402694144,100683776,0.249673,99.2911,3758297088,0,1276051456,268478464,2449866752,369455104,0,254874240,3,9.88159,0,0,1,1,1,9,28.066,100,99.5853,1024,0,320,0,25
nbody_kernel,39908,2048,128,128,8,1,1,0,1,0,1,1,519468,9433,4,202159764,100716546,6,201494528,99.9349,1,3.87597,4194304,32768,402694144,100683776,0.249804,99.2284,3758297088,0,1176698880,268478464,2551840768,671969280,0,264409728,2,9.89659,0,0,1,1,1,8,27.8623,100,99.6002,1024,2048,320,0,27
nbody_kernel,40862,2048,128,128,8,1,1,1,0,0,1,1,648870,8847,4,206304908,100716546,6,218138624,98.5828,0,0,0,0,402694144,100683776,0.249575,99.3094,3758297088,0,1511096320,268478464,2550611968,369504256,0,265369216,3,9.67595,0,0,1,1,1,9,28.2895,100,99.6017,1024,0,320,0,26
nbody_kernel,37135,2048,128,128,8,1,1,1,0,0,2,1,520829,20783,4,153752348,100722690,5,167813120,99.1161,0,0,0,0,302043136,100689920,0.249776,99.5825,3758346240,0,755859456,134260736,1275543552,184823808,0,191429760,2,10.6422,0,0,1,1,1,8,23.3093,100,99.7238,1024,0,416,0,32
nbody_kernel,33890,2048,128,128,8,1,1,1,0,0,4,1,567683,7474464,4,127550332,100734978,5,142659584,99.4749,0,0,0,0,251736064,100702208,0.249894,99.9862,3758444544,0,378243072,67151872,638009344,293791744,0,160753280,2,11.6555,0,0,1,1,1,8,21.1341,100,99.8355,1024,0,608,0,56
nbody_kernel,39742,2048,128,128,8,1,1,1,1,0,1,1,648894,9146,4,202371326,100716546,6,201492480,99.9079,1,3.87597,4194304,32768,402694144,100683776,0.249977,99.2405,3758297088,0,1178697728,268478464,2552709120,672280576,0,264509056,2,9.94415,0,0,1,1,1,9,28.0023,100,99.6004,1024,2048,320,0,28
nbody_kernel,47592,2048,128,128,8,1,1,1,1,0,2,1,780345,21326,3,152045806,100722690,4,151166976,99.8895,1,7.69231,2097152,32768,302043136,100689920,0.249963,99.4153,3758346240,0,589660160,134260736,1276592128,67760128,0,182610560,2,8.30025,0,0,1,1,1,6,16.77,100,99.7105,1024,4096,416,0,32
nbody_kernel,33510,2048,128,128,8,1,1,1,1,0,4,1,529497,7406291,4,126632956,100734978,4,126013440,99.8772,1,7.69231,2097152,32768,251736064,100702208,0.24996,99.9892,3758444544,0,295143424,67151872,638533632,168159232,0,154246784,2,11.7875,0,0,1,1,1,8,20.356,100,99.8285,1024,8192,608,0,56
nbody_kernel,40358,2048,128,128,8,1,2,0,0,0,1,1,519238,9005,4,202947356,100716546,6,218140672,99.6325,0,0,0,0,402694144,100683776,0.249932,99.7008,3758297088,0,738998272,134236160,1241759744,503738368,0,200339264,2,9.79456,0,0,1,1,1,8,22.7916,100,99.4724,1024,0,320,0,40
nbody_kernel,40374,2048,128,128,8,1,2,0,1,0,1,1,519312,8765,4,202030300,100716546,6,201494528,99.9349,1,3.87597,4194304,32768,402694144,100683776,0.249977,99.565,3758297088,0,639645696,134236160,1343733760,537825280,0,201486400,2,9.79072,0,0,1,1,1,8,22.5534,100,99.4754,1024,2048,320,0,40
nbody_kernel,41359,2048,128,128,8,1,2,1,0,0,1,1,720848,9110,4,206376714,100716546,6,218138624,98.5828,0,0,0,0,402694144,100683776,0.249793,99.8574,3758297088,0,973948928,134236160,1342554112,503697408,0,210830016,2,9.55033,0,0,1,1,1,9,22.5873,100,99.4986,1024,0,320,0,40
nbody_kernel,36760,2048,128,128,8,1,2,1,0,0,2,1,520829,20971,4,153752388,100722690,5,167813120,99.1161,0,0,0,0,302043136,100689920,0.249887,99.9923,3758346240,0,487147520,67127296,671449088,251908096,0,164153024,2,10.7504,0,0,1,1,1,8,20.7604,100,99.6779,1024,0,416,0,40
nbody_kernel,33692,2048,128,128,8,1,2,1,0,0,4,1,527859,6980951,4,127550316,100734978,5,142659584,99.4749,0,0,0,0,251736064,100702208,0.249859,99.9837,3758444544,0,243746816,33572864,537280512,193130496,0,149207488,2,11.7262,0,0,1,1,1,8,20.4469,100,99.8227,1024,0,608,0,56
nbody_kernel,40284,2048,128,128,8,1,2,1,1,0,1,1,648866,8714,4,202371230,100716546,6,201492480,99.9079,1,3.87597,4194304,32768,402694144,100683776,0.249673,99.6322,3758297088,0,641550336,134236160,1344651264,538030080,0,201580992,2,9.80508,0,0,1,1,1,8,22.5802,100,99.4756,1024,2048,320,0,40
nbody_kernel,35990,2048,128,128,8,1,2,1,1,0,2,1,520867,20097,4,151786404,100722690,5,151166976,99.8895,1,7.69231,2097152,32768,302043136,100689920,0.249952,99.9856,3758346240,0,320948224,67127296,672497664,269078528,0,159528640,2,10.9766,0,0,1,1,1,8,20.2195,100,99.6686,1024,4096,416,0,40
nbody_kernel,33343,2048,128,128,8,1,2,1,1,0,4,1,528029,6494424,4,126632732,100734978,4,126013440,99.8772,1,7.69231,2097152,32768,251736064,100702208,0.249911,99.9543,3758444544,0,160647168,33572864,537804800,235278336,0,147944128,2,11.85,0,0,1,1,1,8,20.7989,100,99.8212,1024,8192,608,0,60
nbody_kernel,41324,2048,128,128,8,1,4,0,0,0,1,1,778976,8804,4,203207014,100716546,6,218140672,99.6325,0,0,0,0,402694144,100683776,0.249875,99.9884,3758297088,0,470419456,67115008,637710336,369541120,0,166778432,2,9.56237,0,0,1,1,1,8,18.4681,100,99.3662,1024,0,320,0,46
nbody_kernel,40994,2048,128,128,8,1,4,0,1,0,1,1,519172,7902,4,202079524,100716546,6,201494528,99.9349,1,3.87597,4194304,32768,402694144,100683776,0.249963,99.9888,3758297088,0,371066880,67115008,739684352,336506880,0,165828032,2,9.63631,0,0,1,1,1,8,18.6233,100,99.3625,1024,2048,320,0,46
nbody_kernel,42686,2048,128,128,8,1,4,1,0,0,1,1,778632,8405,4,206434742,100716546,6,218138624,98.5828,0,0,0,0,402694144,100683776,0.249918,99.9783,3758297088,0,705341440,67115008,738529280,369459200,0,177267776,2,9.25384,0,0,1,1,1,8,20.0596,100,99.4037,1024,0,320,0,41
nbody_kernel,36649,2048,128,128,8,1,4,1,0,0,2,1,663313,20605,4,153777700,100722690,5,167813120,99.1161,0,0,0,0,302043136,100689920,0.249875,99.9224,3758346240,0,352765952,33560576,570753024,218329088,0,154708544,2,10.7848,0,0,1,1,1,8,19.6416,100,99.6583,1024,0,416,0,53
nbody_kernel,33565,2048,128,128,8,1,4,1,0,0,4,1,586389,6473815,4,127730372,100734978,5,142659584,99.4749,0,0,0,0,251736064,100702208,0.249831,99.9868,3758444544,0,176474112,16783360,486916096,142774272,0,143433024,2,11.7687,0,0,1,1,1,8,19.0486,100,99.8156,896,0,608,0,72
nbody_kernel,41007,2048,128,128,8,1,4,1,1,0,1,1,648964,8270,4,202241956,100716546,6,201492480,99.9079,1,3.87597,4194304,32768,402694144,100683776,0.249975,99.9901,3758297088,0,372942848,67115008,740626432,336687104,0,165921728,2,9.63251,0,0,1,1,1,8,18.6245,100,99.3629,1024,2048,320,0,41
nbody_kernel,35761,2048,128,128,8,1,4,1,1,0,2,1,520655,19913,4,151786348,100722690,5,151166976,99.8895,1,7.69231,2097152,32768,302043136,100689920,0.249901,99.989,3758346240,0,186566656,33560576,571801600,168394752,0,147987136,2,11.0457,0,0,1,1,1,8,18.8113,100,99.6427,1024,4096,416,0,48
nbody_kernel,33145,2048,128,128,8,1,4,1,1,0,4,1,527725,6477180,4,126632764,100734978,4,126013440,99.8772,1,7.69231,2097152,32768,251736064,100702208,0.249933,99.9932,3758444544,0,93374464,16783360,487440384,134582272,0,140596544,2,11.9175,0,0,1,1,1,8,18.7568,100,99.8119,896,8192,608,0,72
nbody_kernel,10936,2048,128,128,8,1,8,0,0,0,1,1,129780,64,1,1340826,32770,2,16793600,0,0,0,0,0,0,0,0.249701,99.7843,3758297088,0,201914368,33556480,33619968,348160,0,125875072,6,36.1886,0,0,2,1,1,1,59.9583,100,99.9934,640,0,0,0,94
nbody_kernel,8462,2048,128,128,8,1,8,0,1,0,1,1,129730,8,1,423322,32770,1,147456,0,2,3.87597,4194304,32768,0,0,0.249759,99.9677,3758297088,0,102561792,33554432,135593984,1183744,0,125983040,7,46.7979,0,0,3,1,1,1,76.1547,100,99.9934,640,2048,0,0,96
nbody_kernel,10669,2048,128,128,8,1,8,1,0,0,1,1,179975,165,1,4569010,32770,2,16791552,0,0,0,0,0,0,0,0.249682,99.7422,3758297088,0,436815872,33556480,134365184,67467264,0,138461504,7,37.0796,0,0,2,1,1,2,66.1084,100,99.994,640,0,0,0,96
nbody_kernel,7707,2048,128,128,8,1,8,1,0,0,2,0,0,0,1,2211864,32770,3,16791552,0,0,0,0,0,0,0,0.249632,99.907,3758346240,0,218449920,16779264,67256320,33824768,0,127962240,8,51.3982,0,0,3,1,1,2,85.045,100,99.9967,512,0,0,0,128
nbody_kernel,7070,2048,128,128,8,1,8,1,0,0,4,1,24,8,1,1293024,32770,3,16791552,0,0,0,0,0,0,0,0.124835,99.6849,3758444544,0,109266944,8390656,33701888,17082368,0,122717376,9,56.0495,0,0,3,1,1,1,84.7454,100,99.9982,256,0,0,0,243
nbody_kernel,8481,2048,128,128,8,1,8,1,1,0,1,1,129728,0,1,307908,32770,1,145408,0,2,3.87597,4194304,32768,0,0,0.249767,99.9481,3758297088,0,104417280,33554432,136462336,1454080,0,126076608,7,46.6763,0,0,3,1,1,1,76.0191,100,99.9934,640,2048,0,0,96
nbody_kernel,6846,2048,128,128,8,1,8,1,1,0,2,1,259458,8,1,505242,32770,1,145408,0,1,7.69231,2097152,32768,0,0,0.249808,99.9604,3758346240,0,52250624,16777216,68304896,894976,0,121772160,9,57.8748,0,0,3,1,1,1,89.3408,100,99.9965,512,4096,0,0,128
nbody_kernel,6085,2048,128,128,8,1,8,1,1,0,4,0,0,0,1,375520,32770,1,145408,0,1,7.69231,2097152,32768,0,0,0.124387,99.9619,3758444544,0,26167296,8388608,34226176,763904,0,119626880,10,65.0483,0,0,3,1,1,1,94.9543,100,99.9982,256,8192,0,0,245
nbody_kernel,6406,2048,128,128,8,2,0,0,0,0,1,1,2,16,1,1211104,32770,3,16793600,0,0,0,0,0,0,0,0.249616,99.9121,3758297088,0,101251072,16779264,33619968,17125376,0,122729344,10,61.8685,0,0,3,1,1,1,94.2043,100,99.9932,512,0,0,0,122
nbody_kernel,5927,2048,128,128,8,2,0,0,1,0,1,1,135408,0,1,299282,32770,1,147456,0,1,7.69231,2097152,32768,0,0,0.248819,99.9524,3758297088,0,52230144,16777216,68485120,1181696,0,121788672,10,66.9284,0,0,3,1,1,1,98.7008,100,99.9932,512,2048,0,0,124
nbody_kernel,6463,2048,128,128,8,2,0,1,0,0,1,1,259523,70,1,4568618,32770,3,16791552,0,0,0,0,0,0,0,0.249333,99.9393,3758297088,0,218712064,16779264,134365184,50679808,0,130596864,10,61.3105,0,0,3,1,1,3,95.4613,100,99.9936,512,0,0,0,123
nbody_kernel,7242,2048,128,128,8,2,0,1,0,0,2,1,259458,0,1,2471322,32770,3,16791552,0,0,0,0,0,0,0,0.143045,99.9164,3758346240,0,109398016,8390656,67256320,25432064,0,124029952,9,54.7235,0,0,3,1,1,2,81.7915,100,99.9966,384,0,0,0,160
nbody_kernel,8698,2048,128,128,8,2,0,1,0,0,4,1,129730,16,1,1293024,32770,3,16791552,0,0,0,0,0,0,0,0.124999,97.6085,3758444544,0,54740992,4196352,33701888,17082368,0,120882368,7,45.5006,0,0,3,1,1,1,68.8835,100,99.9982,256,0,0,0,248
nbody_kernel,5963,2048,128,128,8,2,0,1,1,0,1,0,0,0,1,245784,32770,1,145408,0,1,7.69231,2097152,32768,0,0,0.248962,99.9222,3758297088,0,54085632,16777216,69353472,1447936,0,121882112,10,66.3998,0,0,3,1,1,1,98.0106,100,99.9932,512,2048,0,0,123
nbody_kernel,6353,2048,128,128,8,2,0,1,1,0,2,1,0,8,1,245784,32770,1,145408,0,1,7.69231,2097152,32768,0,0,0.150478,99.9682,3758346240,0,27084800,8388608,34750464,894976,0,119675008,10,62.3853,0,0,3,1,1,1,91.096,100,99.9965,384,4096,0,0,160
nbody_kernel,7600,2048,128,128,8,2,0,1,1,0,4,1,259458,0,1,505242,32770,1,145408,0,1,7.69231,2097152,32768,0,0,0.124996,97.1068,3758444544,0,13584384,4194304,34226176,763904,0,119102592,8,52.1117,0,0,3,1,1,1,77.9338,100,99.9982,256,8192,0,0,247
nbody_kernel,39607,2048,128,128,8,2,1,0,0,0,1,1,519381,9275,5,202947356,100716546,6,218140672,99.6325,0,0,0,0,402694144,100683776,0.249661,99.2097,3758297088,0,1443823616,251701248,2449866752,486895616,0,263262848,3,9.98331,0,0,1,1,1,9,30.5443,100,99.5985,1024,0,320,0,27
nbody_kernel,39681,2048,128,128,8,2,1,0,1,0,1,1,643314,9223,5,202278012,100716546,6,201494528,99.9349,1,3.87597,4194304,32768,402694144,100683776,0.24996,99.1781,3758297088,0,1394802688,251701248,2551840768,638414848,0,269652608,3,9.97221,0,0,1,1,1,9,30.603,100,99.608,1024,2048,320,0,27
nbody_kernel,40396,2048,128,128,8,2,1,1,0,0,1,1,519046,8968,4,206175004,100716546,6,218138624,98.5828,0,0,0,0,402694144,100683776,0.249718,99.3253,3758297088,0,1561427968,251701248,2550611968,486944768,0,270087808,3,9.78742,0,0,1,1,1,9,30.5268,100,99.6086,1024,0,320,0,32
nbody_kernel,35779,2048,128,128,8,2,1,1,0,0,2,1,521153,21687,4,153832450,100722690,5,167813120,99.1161,0,0,0,0,302043136,100689920,0.249835,99.9127,3758346240,0,781025280,125872128,1275543552,243527680,0,193788544,2,11.0423,0,0,1,1,1,8,25.1031,100,99.7272,1024,0,416,0,40
nbody_kernel,33898,2048,128,128,8,2,1,1,0,0,4,1,528419,6095107,4,127550284,100734978,5,142659584,99.4749,0,0,0,0,251736064,100702208,0.249847,99.9864,3758444544,0,390825984,62957568,638009344,88270848,0,154592896,2,11.6518,0,0,1,1,1,8,21.5117,100,99.8289,1024,0,608,0,64
nbody_kernel,39538,2048,128,128,8,2,1,1,1,0,1,1,519252,9638,5,202111772,100716546,6,201492480,99.9079,1,3.87597,4194304,32768,402694144,100683776,0.250029,99.1068,3758297088,0,1396801536,251701248,2552709120,638709760,0,269751424,3,9.99178,0,0,1,1,1,9,30.6946,100,99.6081,1024,2048,320,0,28
nbody_kernel,34898,2048,128,128,8,2,1,1,1,0,2,1,582471,21131,4,151786492,100722690,5,151166976,99.8895,1,7.69231,2097152,32768,302043136,100689920,0.249947,99.9793,3758346240,0,698712064,125872128,1276592128,252309504,0,191523456,2,11.3206,0,0,1,1,1,8,25.4165,100,99.7239,1024,4096,416,0,39
nbody_kernel,33522,2048,128,128,8,2,1,1,1,0,4,1,528909,7369514,4,126632884,100734978,4,126013440,99.8772,1,7.69231,2097152,32768,251736064,100702208,0.249957,99.9847,3758444544,0,349669376,62957568,638533632,193325056,0,156606080,2,11.7828,0,0,1,1,1,8,21.0854,100,99.8311,1024,8192,608,0,56
nbody_kernel,40270,2048,128,128,8,2,2,0,0,0,1,1,649306,8810,4,203206990,100716546,6,218140672,99.6325,0,0,0,0,402694144,100683776,0.249771,99.7693,3758297088,0,772552704,117458944,1241759744,554070016,0,202436416,2,9.80715,0,0,1,1,1,8,24.1021,100,99.4778,1024,0,320,0,40
nbody_kernel,41315,2048,128,128,8,2,2,0,1,0,1,1,519232,8882,4,202029932,100716546,6,201494528,99.9349,1,3.87597,4194304,32768,402694144,100683776,0.249785,99.3696,3758297088,0,723531776,117458944,1343733760,437161984,0,200437824,2,9.56463,0,0,1,1,1,8,22.6106,100,99.4726,1024,2048,320,0,40
nbody_kernel,42919,2048,128,128,8,2,2,1,0,0,1,1,649092,8945,4,206434982,100716546,6,218138624,98.5828,0,0,0,0,402694144,100683776,0.249669,99.4943,3758297088,0,890062848,117458944,1342554112,352702464,0,202965696,2,9.21541,0,0,1,1,1,8,22.0677,100,99.4792,1024,0,320,0,40
nbody_kernel,36756,2048,128,128,8,2,2,1,0,0,2,1,520805,20710,4,153752532,100722690,5,167813120,99.1161,0,0,0,0,302043136,100689920,0.24982,99.9897,3758346240,0,445204480,58738688,671449088,243519488,0,162318016,2,10.7499,0,0,1,1,1,8,20.5734,100,99.6743,1024,0,416,0,48
nbody_kernel,33690,2048,128,128,8,2,2,1,0,0,4,1,528155,6579453,4,127550436,100734978,5,142659584,99.4749,0,0,0,0,251736064,100702208,0.249818,99.9762,3758444544,0,222775296,29378560,537280512,188936192,0,148289984,2,11.7298,0,0,1,1,1,8,20.4344,100,99.8216,896,0,608,0,67
nbody_kernel,40117,2048,128,128,8,2,2,1,1,0,1,1,648918,8746,4,202371454,100716546,6,201492480,99.9079,1,3.87597,4194304,32768,402694144,100683776,0.24991,99.6905,3758297088,0,725436416,117458944,1344651264,504475648,0,202629568,2,9.84276,0,0,1,1,1,8,23.7507,100,99.4783,1024,2048,320,0,40
nbody_kernel,35956,2048,128,128,8,2,2,1,1,0,2,1,521075,20806,4,151786468,100722690,5,151166976,99.8895,1,7.69231,2097152,32768,302043136,100689920,0.249948,99.9757,3758346240,0,362891264,58738688,672497664,252301312,0,160052928,2,10.986,0,0,1,1,1,8,20.6967,100,99.6697,1024,4096,416,0,40
nbody_kernel,33294,2048,128,128,8,2,2,1,1,0,4,1,528333,6444208,4,126633204,100734978,4,126013440,99.8772,1,7.69231,2097152,32768,251736064,100702208,0.249875,99.9695,3758444544,0,181628928,29378560,537804800,176553984,0,146633600,2,11.8667,0,0,1,1,1,8,20.7425,100,99.8196,1024,8192,608,0,60
nbody_kernel,41355,2048,128,128,8,2,4,0,0,0,1,1,779092,8161,4,203207110,100716546,6,218140672,99.6325,0,0,0,0,402694144,100683776,0.249834,99.9879,3758297088,0,369756160,50337792,637710336,285655040,0,160486976,2,9.55115,0,0,1,1,1,8,18.6454,100,99.3413,1024,0,320,0,46
nbody_kernel,40977,2048,128,128,8,2,4,0,1,0,1,1,778694,8030,4,202289678,100716546,6,201494528,99.9349,1,3.87597,4194304,32768,402694144,100683776,0.249923,99.9849,3758297088,0,320735232,50337792,739684352,302952448,0,162682304,2,9.64119,0,0,1,1,1,8,18.6335,100,99.3502,1024,2048,320,0,46
nbody_kernel,42641,2048,128,128,8,2,4,1,0,0,1,1,778560,7972,4,206434462,100716546,6,218138624,98.5828,0,0,0,0,402694144,100683776,0.249823,99.9607,3758297088,0,487235584,50337792,738529280,319111168,0,168354304,2,9.26572,0,0,1,1,1,8,18.6084,100,99.3721,1024,0,320,0,51
nbody_kernel,36587,2048,128,128,8,2,4,1,0,0,2,1,520793,20011,4,153752444,100722690,5,167813120,99.1161,0,0,0,0,302043136,100689920,0.249844,99.9756,3758346240,0,277268480,25171968,570753024,193159168,0,151300544,2,10.8005,0,0,1,1,1,8,19.2473,100,99.6506,1024,0,416,0,64
nbody_kernel,33563,2048,128,128,8,2,4,1,0,0,4,1,577351,6100198,4,127550396,100734978,5,142659584,99.4749,0,0,0,0,251736064,100702208,0.249846,99.9899,3758444544,0,138725376,12589056,486916096,155357184,0,142515520,2,11.7699,0,0,1,1,1,8,19.479,100,99.8144,896,0,608,0,72
nbody_kernel,41277,2048,128,128,8,2,4,1,1,0,1,1,778670,8055,4,202371382,100716546,6,201492480,99.9079,1,3.87597,4194304,32768,402694144,100683776,0.249901,99.8792,3758297088,0,322611200,50337792,740626432,303132672,0,162776000,2,9.57113,0,0,1,1,1,8,18.5263,100,99.3506,1024,2048,320,0,41
nbody_kernel,35758,2048,128,128,8,2,4,1,1,0,2,1,520979,20820,4,151786612,100722690,5,151166976,99.8895,1,7.69231,2097152,32768,302043136,100689920,0.249972,99.9859,3758346240,0,194955264,25171968,571801600,235507712,0,150084416,2,11.0486,0,0,1,1,1,8,19.354,100,99.6477,1024,4096,416,0,56
nbody_kernel,33157,2048,128,128,8,2,4,1,1,0,4,1,528221,5857038,4,126762548,100734978,4,126013440,99.8772,1,7.69231,2097152,32768,251736064,100702208,0.249936,99.9862,3758444544,0,97568768,12589056,487440384,151359488,0,141120832,2,11.9135,0,0,1,1,1,8,19.2896,100,99.8126,896,8192,608,0,72
nbody_kernel,6410,2048,128,128,8,2,8,0,0,0,1,1,106,112,1,1081736,32770,3,16793600,0,0,0,0,0,0,0,0.249588,99.9643,3758297088,0,101251072,16779264,33619968,17125376,0,122729344,10,61.909,0,0,3,1,1,1,94.2167,100,99.9932,512,0,0,0,122
nbody_kernel,5923,2048,128,128,8,2,8,0,1,0,1,0,0,0,1,163912,32770,1,147456,0,1,7.69231,2097152,32768,0,0,0.248492,99.9653,3758297088,0,52230144,16777216,68485120,1181696,0,121788672,10,66.8848,0,0,3,1,1,1,98.6237,100,99.9932,512,2048,0,0,124
nbody_kernel,6462,2048,128,128,8,2,8,1,0,0,1,1,129,112,1,4335392,32770,3,16791552,0,0,0,0,0,0,0,0.249265,99.9581,3758297088,0,218712064,16779264,134365184,50679808,0,130596864,10,61.3177,0,0,3,1,1,3,95.4546,100,99.9936,512,0,0,0,123
nbody_kernel,7239,2048,128,128,8,2,8,1,0,0,2,1,259458,0,1,2471322,32770,3,16791552,0,0,0,0,0,0,0,0.151704,83.68,3758346240,0,109398016,8390656,67256320,25432064,0,124029952,9,48.6114,0,0,3,1,1,2,86.7536,100,99.9966,384,0,0,0,160
nbody_kernel,8731,2048,128,128,8,2,8,1,0,0,4,1,2,16,1,1163288,32770,3,16791552,0,0,0,0,0,0,0,0.124957,97.5696,3758444544,0,54740992,4196352,33701888,17084416,0,120882432,7,45.3404,0,0,3,1,1,1,68.6683,100,99.9982,256,0,0,0,248
nbody_kernel,5966,2048,128,128,8,2,8,1,1,0,1,1,259458,0,1,505242,32770,1,145408,0,1,7.69231,2097152,32768,0,0,0.248918,99.834,3758297088,0,54085632,16777216,69353472,1447936,0,121882112,10,66.3547,0,0,3,1,1,1,98.0305,100,99.9932,512,2048,0,0,123
nbody_kernel,6353,2048,128,128,8,2,8,1,1,0,2,1,129728,0,1,375520,32770,1,145408,0,1,7.69231,2097152,32768,0,0,0.15042,99.9105,3758346240,0,27084800,8388608,34750464,894976,0,119675008,10,62.3679,0,0,3,1,1,1,91.1233,100,99.9965,384,4096,0,0,160
nbody_kernel,7636,2048,128,128,8,2,8,1,1,0,4,1,259458,0,1,505242,32770,1,145408,0,1,7.69231,2097152,32768,0,0,0.125018,97.167,3758444544,0,13584384,4194304,34226176,763904,0,119102592,8,51.86,0,0,3,1,1,1,77.5094,100,99.9982,256,8192,0,0,247
nbody_kernel,6241,2048,128,128,8,4,0,0,0,0,1,1,2,16,1,1081368,32770,3,16793600,0,0,0,0,0,0,0,0.249276,99.9522,3758297088,0,50919424,8390656,33619968,25513984,0,121156480,10,63.5517,0,0,3,1,1,1,94.5208,100,99.9931,512,0,0,0,122
nbody_kernel,5951,2048,128,128,8,4,0,0,1,0,1,0,0,0,1,163864,32770,1,147456,0,1,7.69231,2097152,32768,0,0,0.248947,99.9532,3758297088,0,27064320,8388608,34930688,1181696,0,119691520,10,66.5871,0,0,3,1,1,1,97.7339,100,99.993,512,2048,0,0,126
nbody_kernel,6256,2048,128,128,8,4,0,1,0,0,1,1,259460,64,1,4568474,32770,3,16791552,0,0,0,0,0,0,0,0.24922,99.9589,3758297088,0,109660160,8390656,134365184,50688000,0,126927104,10,63.374,0,0,3,1,1,3,97.3342,100,99.9934,512,0,0,0,125
nbody_kernel,9808,2048,128,128,8,4,0,1,0,0,2,1,259458,0,1,2471322,32770,2,16791552,0,0,0,0,0,0,0,0.143415,85.1612,3758346240,0,54872064,4196352,67256320,38014976,0,122588160,7,40.419,0,0,3,1,1,2,70.3017,100,99.9966,384,0,0,0,160
nbody_kernel,8230,2048,128,128,8,4,0,1,0,0,4,1,129732,16,1,1422746,32770,3,16791552,0,0,0,0,0,0,0,0.124961,96.9939,3758444544,0,27478016,2099200,33701888,14981120,0,119899200,8,48.1437,0,0,3,1,1,1,72.7436,100,99.9982,256,0,0,0,247
nbody_kernel,5941,2048,128,128,8,4,0,1,1,0,1,0,0,0,1,245784,32770,1,145408,0,1,7.69231,2097152,32768,0,0,0.248473,99.9667,3758297088,0,28919808,8388608,35799040,1449984,0,119785024,10,66.7278,0,0,3,1,1,1,97.9946,100,99.9931,512,2048,0,0,124
nbody_kernel,8157,2048,128,128,8,4,0,1,1,0,2,1,2,16,1,245784,32770,1,145408,0,1,7.69231,2097152,32768,0,0,0.14344,85.1323,3758346240,0,14501888,4194304,34750464,888832,0,119150528,8,44.3229,0,0,3,1,1,1,75.9094,100,99.9965,384,4096,0,0,162
nbody_kernel,7772,2048,128,128,8,4,0,1,1,0,4,1,259458,0,1,505242,32770,1,145408,0,1,7.69231,2097152,32768,0,0,0.124977,96.7685,3758444544,0,7292928,2097152,34226176,761856,0,118840384,8,50.9761,0,0,3,1,1,1,76.3192,100,99.9982,256,8192,0,0,250
nbody_kernel,39479,2048,128,128,8,4,1,0,0,0,1,1,519368,9168,5,202947524,100716546,6,218140672,99.6325,0,0,0,0,402694144,100683776,0.24948,99.1454,3758297088,0,1393491968,243312640,2449866752,419786752,0,259330688,3,9.99055,0,0,1,1,1,9,30.3064,100,99.5924,1024,0,320,0,27
nbody_kernel,39618,2048,128,128,8,4,1,0,1,0,1,1,664602,9168,5,202289462,100716546,6,201494528,99.9349,1,3.87597,4194304,32768,402694144,100683776,0.249959,99.1125,3758297088,0,1369636864,243312640,2551840768,638414848,0,268604032,3,9.99007,0,0,1,1,1,9,30.5381,100,99.6065,1024,2048,320,0,27
nbody_kernel,40214,2048,128,128,8,4,1,1,0,0,1,1,519358,9054,4,206175572,100716546,6,218138624,98.5828,0,0,0,0,402694144,100683776,0.249639,99.3805,3758297088,0,1452376064,243312640,2550611968,428224512,0,264582784,3,9.83169,0,0,1,1,1,9,30.2356,100,99.6005,1024,0,320,0,32
nbody_kernel,36345,2048,128,128,8,4,1,1,0,0,2,1,521069,21279,4,153881724,100722690,5,167813120,99.1161,0,0,0,0,302043136,100689920,0.249737,99.8279,3758346240,0,726499328,121677824,1275543552,176418816,0,189856384,2,10.8736,0,0,1,1,1,8,24.3624,100,99.7215,1024,0,416,0,40
nbody_kernel,33897,2048,128,128,8,4,1,1,0,0,4,1,528211,6436594,4,127680180,100734978,5,142659584,99.4749,0,0,0,0,251736064,100702208,0.249769,99.9744,3758444544,0,363563008,60860416,638009344,107145216,0,154265216,2,11.6531,0,0,1,1,1,8,21.3853,100,99.8285,1024,0,608,0,64
nbody_kernel,39533,2048,128,128,8,4,1,1,1,0,1,1,519228,8987,5,202112076,100716546,6,201492480,99.9079,1,3.87597,4194304,32768,402694144,100683776,0.249905,99.0847,3758297088,0,1371635712,243312640,2552709120,571600896,0,266605696,3,9.99975,0,0,1,1,1,9,30.5858,100,99.6035,1024,2048,320,0,29
nbody_kernel,34905,2048,128,128,8,4,1,1,1,0,2,1,521175,21350,4,151916476,100722690,5,151166976,99.8895,1,7.69231,2097152,32768,302043136,100689920,0.249946,99.9573,3758346240,0,686129152,121677824,1276592128,252309504,0,190999168,2,11.318,0,0,1,1,1,8,25.1804,100,99.7232,1024,4096,416,0,39
nbody_kernel,33532,2048,128,128,8,4,1,1,1,0,4,1,529101,6421571,4,126632732,100734978,4,126013440,99.8772,1,7.69231,2097152,32768,251736064,100702208,0.249907,99.9953,3758444544,0,343386112,60860416,638533632,193394688,0,156346368,2,11.7819,0,0,1,1,1,8,22.1861,100,99.8308,1024,8192,608,0,56
nbody_kernel,40597,2048,128,128,8,4,2,0,0,0,1,1,519238,9264,4,202947356,100716546,6,218140672,99.6325,0,0,0,0,402694144,100683776,0.249658,99.5924,3758297088,0,722221056,109070336,1241759744,486961152,0,198504256,2,9.7381,0,0,1,1,1,8,23.1601,100,99.4675,1024,0,320,0,40
nbody_kernel,41128,2048,128,128,8,4,2,0,1,0,1,1,519312,8883,4,202029908,100716546,6,201494528,99.9349,1,3.87597,4194304,32768,402694144,100683776,0.249769,99.3332,3758297088,0,698365952,109070336,1343733760,437161984,0,199389248,2,9.60215,0,0,1,1,1,8,22.8419,100,99.4698,1024,2048,320,0,40
nbody_kernel,41433,2048,128,128,8,4,2,1,0,0,1,1,778740,8914,4,206434854,100716546,6,218138624,98.5828,0,0,0,0,402694144,100683776,0.249735,99.8196,3758297088,0,781010944,109070336,1342554112,394645504,0,200606400,2,9.53536,0,0,1,1,1,9,22.7265,100,99.4731,1024,0,320,0,40
nbody_kernel,36754,2048,128,128,8,4,2,1,0,0,2,1,520945,20910,4,153752452,100722690,5,167813120,99.1161,0,0,0,0,302043136,100689920,0.249828,99.9901,3758346240,0,390678528,54544384,671449088,243519488,0,160483008,2,10.7511,0,0,1,1,1,8,20.3888,100,99.6706,1024,0,416,0,48
nbody_kernel,33691,2048,128,128,8,4,2,1,0,0,4,1,528091,6464474,4,127550236,100734978,5,142659584,99.4749,0,0,0,0,251736064,100702208,0.249835,99.993,3758444544,0,195514368,27281408,537280512,172156928,0,146848192,2,11.7279,0,0,1,1,1,8,20.0917,100,99.8199,1024,0,608,0,64
nbody_kernel,40381,2048,128,128,8,4,2,1,1,0,1,1,519340,8894,4,202241636,100716546,6,201492480,99.9079,1,3.87597,4194304,32768,402694144,100683776,0.249733,99.5533,3758297088,0,700270592,109070336,1344651264,504475648,0,201580992,2,9.78429,0,0,1,1,1,8,23.5056,100,99.4756,1024,2048,320,0,40
nbody_kernel,35947,2048,128,128,8,4,2,1,1,0,2,1,521159,21189,4,151786268,100722690,5,151166976,99.8895,1,7.69231,2097152,32768,302043136,100689920,0.249938,99.992,3758346240,0,350308352,54544384,672497664,252301312,0,159528640,2,10.9911,0,0,1,1,1,8,20.7794,100,99.6686,1024,4096,416,0,40
nbody_kernel,33294,2048,128,128,8,4,2,1,1,0,4,1,528993,6452173,4,126633012,100734978,4,126013440,99.8772,1,7.69231,2097152,32768,251736064,100702208,0.249967,99.9892,3758444544,0,175339520,27281408,537804800,168228864,0,146111360,2,11.8657,0,0,1,1,1,8,20.1188,100,99.819,1024,8192,608,0,59
nbody_kernel,41364,2048,128,128,8,4,4,0,0,0,1,1,780073,9016,4,203207470,100716546,6,218140672,99.6325,0,0,0,0,402694144,100683776,0.249865,99.9638,3758297088,0,319424512,41949184,637710336,285650944,0,158651840,2,9.55082,0,0,1,1,1,8,18.384,100,99.3337,1024,0,320,0,48
nbody_kernel,40979,2048,128,128,8,4,4,0,1,0,1,1,648918,7953,4,202289366,100716546,6,201494528,99.9349,1,3.87597,4194304,32768,402694144,100683776,0.249945,99.9931,3758297088,0,295569408,41949184,739684352,302952448,0,161633728,2,9.64248,0,0,1,1,1,8,18.6344,100,99.346,1024,2048,320,0,46
nbody_kernel,42650,2048,128,128,8,4,4,1,0,0,1,1,648936,8426,4,206434518,100716546,6,218138624,98.5828,0,0,0,0,402694144,100683776,0.249766,99.9388,3758297088,0,378185728,41949184,738529280,327499776,0,164946496,2,9.26118,0,0,1,1,1,8,18.2494,100,99.3591,1024,0,320,0,51
nbody_kernel,36578,2048,128,128,8,4,4,1,0,0,2,1,520889,20293,4,153752444,100722690,5,167813120,99.1161,0,0,0,0,302043136,100689920,0.249841,99.9845,3758346240,0,222742528,20977664,570753024,197353472,0,149596608,2,10.8027,0,0,1,1,1,8,18.9306,100,99.6466,1024,0,416,0,64
nbody_kernel,33584,2048,128,128,8,4,4,1,0,0,4,1,528095,5809582,4,127550236,100734978,5,142659584,99.4749,0,0,0,0,251736064,100702208,0.249749,99.9876,3758444544,0,111462400,10491904,486916096,136482816,0,141008192,2,11.7659,0,0,1,1,1,8,18.9929,100,99.8124,768,0,608,0,80
nbody_kernel,41313,2048,128,128,8,4,4,1,1,0,1,1,519180,8370,4,202111932,100716546,6,201492480,99.9079,1,3.87597,4194304,32768,402694144,100683776,0.249907,99.8739,3758297088,0,297445376,41949184,740626432,303120384,0,161727040,2,9.56344,0,0,1,1,1,8,18.4459,100,99.3464,1024,2048,320,0,41
nbody_kernel,35756,2048,128,128,8,4,4,1,1,0,2,1,650621,19958,4,152045878,100722690,5,151166976,99.8895,1,7.69231,2097152,32768,302043136,100689920,0.249916,99.9859,3758346240,0,182372352,20977664,571801600,227115008,0,149297856,2,11.048,0,0,1,1,1,8,19.0077,100,99.6459,1024,4096,416,0,56
nbody_kernel,33159,2048,128,128,8,4,4,1,1,0,4,1,528261,6079720,4,126632884,100734978,4,126013440,99.8772,1,7.69231,2097152,32768,251736064,100702208,0.249907,99.9883,3758444544,0,91277312,10491904,487440384,130453504,0,140205376,2,11.9143,0,0,1,1,1,8,19.0836,100,99.8113,896,8192,608,0,72
nbody_kernel,6242,2048,128,128,8,4,8,0,0,0,1,1,259508,192,1,1340922,32770,3,16793600,0,0,0,0,0,0,0,0.249159,99.9619,3758297088,0,50919424,8390656,33619968,25513984,0,121156480,10,63.5347,0,0,3,1,1,1,94.4864,100,99.9931,512,0,0,0,122
nbody_kernel,5952,2048,128,128,8,4,8,0,1,0,1,0,0,0,1,163976,32770,1,147456,0,1,7.69231,2097152,32768,0,0,0.249282,99.9415,3758297088,0,27064320,8388608,34930688,1181696,0,119691520,10,66.5593,0,0,3,1,1,1,97.7046,100,99.993,512,2048,0,0,126
nbody_kernel,6259,2048,128,128,8,4,8,1,0,0,1,1,259460,264,1,4568474,32770,3,16791552,0,0,0,0,0,0,0,0.249257,99.9502,3758297088,0,109660160,8390656,134365184,50688000,0,126927104,10,63.3483,0,0,3,1,1,3,97.3032,100,99.9934,512,0,0,0,125
nbody_kernel,9122,2048,128,128,8,4,8,1,0,0,2,1,259470,0,1,2471418,32770,2,16791552,0,0,0,0,0,0,0,0.143113,85.1851,3758346240,0,54872064,4196352,67256320,38014976,0,122588160,7,40.2715,0,0,3,1,1,2,70.0257,100,99.9966,384,0,0,0,160
nbody_kernel,8225,2048,128,128,8,4,8,1,0,0,4,1,129730,16,1,1293080,32770,3,16791552,0,0,0,0,0,0,0,0.125029,97.0665,3758444544,0,27478016,2099200,33701888,14983168,0,119899264,8,48.182,0,0,3,1,1,1,72.747,100,99.9982,256,0,0,0,247
nbody_kernel,5944,2048,128,128,8,4,8,1,1,0,1,1,144,42,1,245816,32770,1,145408,0,1,7.69231,2097152,32768,0,0,0.248318,99.7604,3758297088,0,28919808,8388608,35799040,1449984,0,119785024,10,66.5608,0,0,3,1,1,1,97.9515,100,99.9931,512,2048,0,0,124
nbody_kernel,9026,2048,128,128,8,4,8,1,1,0,2,1,56490,16,1,268560,32770,1,145408,0,1,7.69231,2097152,32768,0,0,0.169493,77.2282,3758346240,0,14501888,4194304,34750464,888832,0,119150528,10,48.6855,0,0,3,1,1,1,91.9147,100,99.9965,384,4096,0,0,162
nbody_kernel,7761,2048,128,128,8,4,8,1,1,0,4,1,259458,0,1,505242,32770,1,145408,0,1,7.69231,2097152,32768,0,0,0.125002,96.7699,3758444544,0,7292928,2097152,34226176,759808,0,118840320,8,51.0316,0,0,3,1,1,1,76.4011,100,99.9982,256,8192,0,0,250
nbody_kernel,6194,2048,128,128,8,8,0,0,0,0,1,1,74,76,1,1081616,32770,3,16793600,0,0,0,0,0,0,0,0.248823,99.8022,3758297088,0,25753600,4196352,33619968,29708288,0,120370048,10,64.0019,0,0,3,1,1,1,94.8882,100,99.9931,512,0,0,0,122
nbody_kernel,5946,2048,128,128,8,8,0,0,1,0,1,1,259458,0,1,423322,32770,1,147456,0,1,7.69231,2097152,32768,0,0,0.248547,99.8614,3758297088,0,14481408,4194304,34930688,1183744,0,119167296,10,66.5684,0,0,3,1,1,1,97.4492,100,99.993,512,2048,0,0,125
nbody_kernel,6214,2048,128,128,8,8,0,1,0,0,1,1,129730,8,1,4438752,32770,3,16791552,0,0,0,0,0,0,0,0.249063,99.8097,3758297088,0,55134208,4196352,134365184,71649280,0,125747136,10,63.8826,0,0,3,1,1,3,95.9287,100,99.9934,512,0,0,0,126
nbody_kernel,9867,2048,128,128,8,8,0,1,0,0,2,1,259458,0,1,2471378,32770,2,16791552,0,0,0,0,0,0,0,0.143707,85.1173,3758346240,0,27609088,2099200,67256320,40118272,0,121736384,7,40.3771,0,0,3,1,1,2,69.6888,100,99.9965,384,0,0,0,161
nbody_kernel,18917,2048,128,128,8,8,0,1,0,0,4,1,259460,16,1,2684818,32770,1,16791552,0,0,0,0,0,0,0,0.12499,99.9923,3758444544,0,13846528,1050624,33701888,17076224,0,119505920,4,20.7952,0,0,1,1,1,1,30.3793,100,99.9982,256,0,0,0,248
nbody_kernel,6009,2048,128,128,8,8,0,1,1,0,1,0,0,0,1,265592,32770,1,145408,0,1,7.69231,2097152,32768,0,0,0.249391,99.88,3758297088,0,16336896,4194304,35799040,1447936,0,119260672,10,65.9474,0,0,3,1,1,1,96.8179,100,99.993,512,2048,0,0,126
nbody_kernel,9451,2048,128,128,8,8,0,1,1,0,2,1,129732,16,1,505242,32770,1,145408,0,1,7.69231,2097152,32768,0,0,0.141941,83.758,3758346240,0,8210432,2097152,34750464,886784,0,118888320,8,41.8366,0,0,3,1,1,1,72.5234,100,99.9964,384,4096,0,0,164
nbody_kernel,18814,2048,128,128,8,8,0,1,1,0,4,1,259470,0,1,1760050,32770,1,145408,0,1,7.69231,2097152,32768,0,0,0.124995,99.992,3758444544,0,4147200,1048576,34226176,761856,0,118709312,4,20.9011,0,0,1,1,1,1,30.2471,100,99.9982,256,8192,0,0,249
nbody_kernel,39448,2048,128,128,8,8,1,0,0,0,1,1,778953,8911,5,203206854,100716546,6,218140672,99.6325,0,0,0,0,402694144,100683776,0.24918,99.1256,3758297088,0,1368326144,239118336,2449866752,453341184,0,259461760,3,9.99556,0,0,1,1,1,9,30.1876,100,99.5926,1024,0,320,0,27
nbody_kernel,39486,2048,128,128,8,8,1,0,1,0,1,1,519436,9159,5,202089688,100716546,6,201494528,99.9349,1,3.87597,4194304,32768,402694144,100683776,0.250179,99.1063,3758297088,0,1357053952,239118336,2551840768,638414848,0,268079744,3,10.0065,0,0,1,1,1,9,30.5201,100,99.6057,1024,2048,320,0,27
nbody_kernel,40139,2048,128,128,8,8,1,1,0,0,1,1,778800,8804,5,206435022,100716546,6,218138624,98.5828,0,0,0,0,402694144,100683776,0.249629,99.2997,3758297088,0,1397850112,239118336,2550611968,398864384,0,261830272,3,9.84033,0,0,1,1,1,9,30.0804,100,99.5963,1024,0,320,0,32
nbody_kernel,36620,2048,128,128,8,8,1,1,0,0,2,1,520969,21106,4,153752596,100722690,5,167813120,99.1161,0,0,0,0,302043136,100689920,0.249758,99.6867,3758346240,0,699236352,119580672,1275543552,180613120,0,189069952,2,10.7922,0,0,1,1,1,8,24.0265,100,99.7204,1024,0,416,0,40
nbody_kernel,33910,2048,128,128,8,8,1,1,0,0,4,1,528311,6460964,4,127550484,100734978,5,142659584,99.4749,0,0,0,0,251736064,100702208,0.249769,99.9747,3758444544,0,349939712,59811840,638009344,158529536,0,155412480,2,11.6499,0,0,1,1,1,8,21.6372,100,99.8298,1024,0,608,0,64
nbody_kernel,39444,2048,128,128,8,8,1,1,1,0,1,1,778610,9398,5,202371230,100716546,6,201492480,99.9079,1,3.87597,4194304,32768,402694144,100683776,0.249884,99.1376,3758297088,0,1359052800,239118336,2552709120,538046464,0,265032832,3,10.0227,0,0,1,1,1,9,30.5695,100,99.6011,1024,2048,320,0,29
nbody_kernel,34900,2048,128,128,8,8,1,1,1,0,2,1,520903,21323,4,151786316,100722690,5,151166976,99.8895,1,7.69231,2097152,32768,302043136,100689920,0.250029,99.9692,3758346240,0,679837696,119580672,1276592128,252309504,0,190737024,2,11.3221,0,0,1,1,1,8,25.0685,100,99.7228,1024,4096,416,0,39
nbody_kernel,33563,2048,128,128,8,8,1,1,1,0,4,1,546663,6682375,4,126780358,100734978,4,126013440,99.8772,1,7.69231,2097152,32768,251736064,100702208,0.24989,99.9925,3758444544,0,340242432,59811840,638533632,126300160,0,154118656,2,11.7672,0,0,1,1,1,8,22.0976,100,99.8284,1024,8192,608,0,56
nbody_kernel,40201,2048,128,128,8,8,2,0,0,0,1,1,519350,8644,4,202947356,100716546,6,218140672,99.6325,0,0,0,0,402694144,100683776,0.249756,99.8266,3758297088,0,697055232,104876032,1241759744,436629504,0,196013888,2,9.8298,0,0,1,1,1,8,22.9131,100,99.4607,1024,0,320,0,40
nbody_kernel,41017,2048,128,128,8,8,2,0,1,0,1,1,778810,8909,4,202289486,100716546,6,201494528,99.9349,1,3.87597,4194304,32768,402694144,100683776,0.249826,99.2882,3758297088,0,685783040,104876032,1343733760,437161984,0,198864960,2,9.63005,0,0,1,1,1,8,22.986,100,99.4684,1024,2048,320,0,40
nbody_kernel,41389,2048,128,128,8,8,2,1,0,0,1,1,778872,8877,4,206434462,100716546,6,218138624,98.5828,0,0,0,0,402694144,100683776,0.249724,99.8509,3758297088,0,726484992,104876032,1342554112,415617024,0,199426752,2,9.54376,0,0,1,1,1,9,22.3245,100,99.4699,1024,0,320,0,40
nbody_kernel,36746,2048,128,128,8,8,2,1,0,0,2,1,520981,20266,4,153752924,100722690,5,167813120,99.1161,0,0,0,0,302043136,100689920,0.249783,99.9886,3758346240,0,363415552,52447232,671449088,247713792,0,159696576,2,10.7501,0,0,1,1,1,8,20.3127,100,99.6689,1024,0,416,0,48
nbody_kernel,33692,2048,128,128,8,8,2,1,0,0,4,1,528387,6562952,4,127550236,100734978,5,142659584,99.4749,0,0,0,0,251736064,100702208,0.249686,99.9885,3758444544,0,181893120,26232832,537280512,171112448,0,146357120,2,11.7235,0,0,1,1,1,8,19.8359,100,99.8193,896,0,608,0,66
nbody_kernel,40507,2048,128,128,8,8,2,1,1,0,1,1,519180,9021,4,202111772,100716546,6,201492480,99.9079,1,3.87597,4194304,32768,402694144,100683776,0.249884,99.5539,3758297088,0,687687680,104876032,1344651264,504475648,0,201056704,2,9.76114,0,0,1,1,1,8,23.3818,100,99.4742,1024,2048,320,0,40
nbody_kernel,35976,2048,128,128,8,8,2,1,1,0,2,1,521323,20182,4,151786692,100722690,5,151166976,99.8895,1,7.69231,2097152,32768,302043136,100689920,0.249927,99.9894,3758346240,0,344027136,52447232,672497664,243916800,0,159004800,2,10.982,0,0,1,1,1,8,20.7245,100,99.6675,1024,4096,416,0,40
nbody_kernel,33293,2048,128,128,8,8,2,1,1,0,4,1,515173,6644596,4,126632852,100734978,4,126013440,99.8772,1,7.69231,2097152,32768,251736064,100702208,0.249975,99.9865,3758444544,0,172193792,26232832,537804800,164034560,0,145849216,2,11.8643,0,0,1,1,1,8,20.1787,100,99.8186,1024,8192,608,0,59
nbody_kernel,41349,2048,128,128,8,8,4,0,0,0,1,1,519522,8112,4,202947708,100716546,6,218140672,99.6325,0,0,0,0,402694144,100683776,0.249841,99.9687,3758297088,0,294258688,37754880,637710336,289841152,0,157865280,2,9.55363,0,0,1,1,1,8,18.2058,100,99.3304,1024,0,320,0,51
nbody_kernel,40970,2048,128,128,8,8,4,0,1,0,1,1,778810,8284,4,202290014,100716546,6,201494528,99.9349,1,3.87597,4194304,32768,402694144,100683776,0.249965,99.9827,3758297088,0,282986496,37754880,739684352,302952448,0,161109440,2,9.64067,0,0,1,1,1,8,18.6329,100,99.3439,1024,2048,320,0,46
nbody_kernel,42646,2048,128,128,8,8,4,1,0,0,1,1,778536,8226,4,206434462,100716546,6,218138624,98.5828,0,0,0,0,402694144,100683776,0.249815,99.9448,3758297088,0,323659776,37754880,738529280,331694080,0,163242560,2,9.26249,0,0,1,1,1,8,18.0739,100,99.3524,1024,0,320,0,51
nbody_kernel,36596,2048,128,128,8,8,4,1,0,0,2,1,611226,19820,4,153752444,100722690,5,167813120,99.1161,0,0,0,0,302043136,100689920,0.249803,99.9682,3758346240,0,195479552,18880512,570753024,199450624,0,148744640,2,10.796,0,0,1,1,1,8,18.7627,100,99.6446,1024,0,416,0,64
nbody_kernel,33584,2048,128,128,8,8,4,1,0,0,4,1,528255,5989062,4,127550364,100734978,5,142659584,99.4749,0,0,0,0,251736064,100702208,0.249674,99.9883,3758444544,0,97830912,9443328,486916096,139628544,0,140647744,2,11.7639,0,0,1,1,1,8,18.9537,100,99.8119,768,0,608,0,80
nbody_kernel,41324,2048,128,128,8,8,4,1,1,0,1,1,648940,8238,4,202241508,100716546,6,201492480,99.9079,1,3.87597,4194304,32768,402694144,100683776,0.249905,99.8718,3758297088,0,284862464,37754880,740626432,303120384,0,161202752,2,9.55964,0,0,1,1,1,8,18.3725,100,99.3442,1024,2048,320,0,41
nbody_kernel,35771,2048,128,128,8,8,4,1,1,0,2,1,520975,20481,4,151916004,100722690,5,151166976,99.8895,1,7.69231,2097152,32768,302043136,100689920,0.249942,99.9888,3758346240,0,176080896,18880512,571801600,269193216,0,150350656,2,11.0462,0,0,1,1,1,8,19.3492,100,99.6484,1024,4096,416,0,53
nbody_kernel,33165,2048,128,128,8,8,4,1,1,0,4,1,527837,6091437,4,126762468,100734978,4,126013440,99.8772,1,7.69231,2097152,32768,251736064,100702208,0.249897,99.987,3758444544,0,88131584,9443328,487440384,124162048,0,139877696,2,11.9128,0,0,1,1,1,8,19.0194,100,99.8109,896,8192,608,0,72
nbody_kernel,6189,2048,128,128,8,8,8,0,0,0,1,1,129786,16,1,1211224,32770,3,16793600,0,0,0,0,0,0,0,0.248979,99.8771,3758297088,0,25753600,4196352,33619968,29708288,0,120370048,10,64.1153,0,0,3,1,1,1,94.9849,100,99.9931,512,0,0,0,122
nbody_kernel,5955,2048,128,128,8,8,8,0,1,0,1,1,108784,0,1,381408,32770,1,147456,0,1,7.69231,2097152,32768,0,0,0.248392,99.8483,3758297088,0,14481408,4194304,34930688,1183744,0,119167296,10,66.5704,0,0,3,1,1,1,97.465,100,99.993,512,2048,0,0,125
nbody_kernel,6207,2048,128,128,8,8,8,1,0,0,1,1,259508,56,1,4568474,32770,3,16791552,0,0,0,0,0,0,0,0.248988,99.6768,3758297088,0,55134208,4196352,134365184,71649280,0,125747136,10,63.7756,0,0,3,1,1,3,95.8956,100,99.9934,512,0,0,0,126
nbody_kernel,10052,2048,128,128,8,8,8,1,0,0,2,1,129728,0,1,2341600,32770,2,16791552,0,0,0,0,0,0,0,0.143935,85.3328,3758346240,0,27609088,2099200,67256320,40118272,0,121736384,7,40.5476,0,0,3,1,1,2,69.8063,100,99.9965,384,0,0,0,161
nbody_kernel,18949,2048,128,128,8,8,8,1,0,0,4,1,259460,16,1,2814370,32770,1,16791552,0,0,0,0,0,0,0,0.125,99.9916,3758444544,0,13846528,1050624,33701888,17084416,0,119506176,4,20.7611,0,0,1,1,1,1,30.3298,100,99.9982,256,0,0,0,248
nbody_kernel,6004,2048,128,128,8,8,8,1,1,0,1,1,259498,0,1,505330,32770,1,145408,0,1,7.69231,2097152,32768,0,0,0.249621,99.9097,3758297088,0,16336896,4194304,35799040,1447936,0,119260672,10,65.9966,0,0,3,1,1,1,96.8614,100,99.993,512,2048,0,0,126
nbody_kernel,9481,2048,128,128,8,8,8,1,1,0,2,1,129730,16,1,375632,32770,1,145408,0,1,7.69231,2097152,32768,0,0,0.142093,83.8791,3758346240,0,8210432,2097152,34750464,886784,0,118888320,8,41.8519,0,0,3,1,1,1,72.4452,100,99.9964,384,4096,0,0,164
nbody_kernel,18819,2048,128,128,8,8,8,1,1,0,4,1,259458,0,1,1821510,32770,1,145408,0,1,7.69231,2097152,32768,0,0,0.125,99.9926,3758444544,0,4147200,1048576,34226176,759808,0,118709248,4,20.9008,0,0,1,1,1,1,30.2465,100,99.9982,256,8192,0,0,249
nbody_kernel,6584,2048,128,128,8,16,0,0,0,0,1,1,129730,16,1,1211104,32770,3,16793600,0,0,0,0,0,0,0,0.24545,97.6584,3758297088,0,13170688,2099200,33619968,31805440,0,119976832,9,59.4137,0,0,3,1,1,1,89.5443,100,99.9931,512,0,0,0,125
nbody_kernel,6181,2048,128,128,8,16,0,0,1,0,1,1,259458,0,1,423322,32770,1,147456,0,1,7.69231,2097152,32768,0,0,0.247341,98.526,3758297088,0,8189952,2097152,34930688,1183744,0,118905152,10,63.8626,0,0,3,1,1,1,94.3614,100,99.993,512,2048,0,0,125
nbody_kernel,6774,2048,128,128,8,16,0,1,0,0,1,1,259460,8,1,4568474,32770,3,16791552,0,0,0,0,0,0,0,0.248469,97.4694,3758297088,0,27871232,2099200,134365184,84230144,0,125222784,9,59.3995,0,0,3,1,1,3,90.5977,100,99.9934,512,0,0,0,126
nbody_kernel,19242,2048,128,128,8,16,0,1,0,0,2,1,259490,28,1,3882330,32770,1,16791552,0,0,0,0,0,0,0,0.142867,87.4869,3758346240,0,13977600,1050624,67256320,45359104,0,121441408,4,20.481,0,0,2,1,1,1,34.3815,100,99.9965,384,0,0,0,162
nbody_kernel,18836,2048,128,128,8,16,0,1,0,0,4,1,389188,16,1,2672570,32770,1,16791552,0,0,0,0,0,0,0,0.125037,99.9924,3758444544,0,7030784,526336,33701888,16031744,0,119243904,4,20.8866,0,0,1,1,1,1,30.386,100,99.9982,256,0,0,0,247
nbody_kernel,6356,2048,128,128,8,16,0,1,1,0,1,1,129730,0,1,505242,32770,1,145408,0,1,7.69231,2097152,32768,0,0,0.246268,99.1785,3758297088,0,10045440,2097152,35799040,1449984,0,118998592,10,63.6101,0,0,3,1,1,1,93.7062,100,99.993,512,2048,0,0,125
nbody_kernel,18785,2048,128,128,8,16,0,1,1,0,2,1,259460,16,1,1760538,32770,1,145408,0,1,7.69231,2097152,32768,0,0,0.124959,99.9924,3758346240,0,5064704,1048576,34750464,897024,0,118757568,4,20.9704,0,0,1,1,1,1,30.3956,100,99.9964,384,4096,0,0,163
nbody_kernel,18728,2048,128,128,8,16,0,1,1,0,4,1,389188,44,1,2010716,32770,1,145408,0,1,7.69231,2097152,32768,0,0,0.124961,99.9925,3758444544,0,2574336,524288,34226176,768000,0,118643968,4,20.9951,0,0,1,1,1,1,30.374,100,99.9982,256,8192,0,0,253
nbody_kernel,38805,2048,128,128,8,16,1,0,0,0,1,1,649008,8829,5,203206926,100716546,6,218140672,99.6325,0,0,0,0,402694144,100683776,0.249795,99.4243,3758297088,0,1355743232,237021184,2449866752,486895616,0,260051584,3,10.189,0,0,1,1,1,9,30.6083,100,99.5935,1024,0,320,0,27
nbody_kernel,38787,2048,128,128,8,16,1,0,1,0,1,1,778747,8864,5,202289406,100716546,6,201494528,99.9349,1,3.87597,4194304,32768,402694144,100683776,0.249896,99.35,3758297088,0,1350762496,237021184,2551840768,621637632,0,267293312,3,10.1944,0,0,1,1,1,9,30.9814,100,99.6045,1024,2048,320,0,27
nbody_kernel,39534,2048,128,128,8,16,1,1,0,0,1,1,519146,8966,5,206175308,100716546,6,218138624,98.5828,0,0,0,0,402694144,100683776,0.249879,99.5972,3758297088,0,1370587136,237021184,2550611968,367407104,0,259929728,3,9.99231,0,0,1,1,1,9,30.3492,100,99.5933,1024,0,320,0,32
nbody_kernel,36745,2048,128,128,8,16,1,1,0,0,2,1,778167,20967,4,154011918,100722690,5,167813120,99.1161,0,0,0,0,302043136,100689920,0.249606,99.6037,3758346240,0,685604864,118532096,1275543552,182710272,0,188676736,2,10.7406,0,0,1,1,1,8,23.8378,100,99.7198,1024,0,416,0,40
nbody_kernel,33921,2048,128,128,8,16,1,1,0,0,4,2,551127,8210492,4,127594604,100734978,5,142659584,99.4749,0,0,0,0,251736064,100702208,0.249634,99.9814,3758444544,0,343123968,59287552,638009344,159053824,0,155199488,2,11.649,0,0,1,1,1,8,21.6822,100,99.8296,1024,0,608,0,64
nbody_kernel,38695,2048,128,128,8,16,1,1,1,0,1,1,519212,9049,5,202241508,100716546,6,201492480,99.9079,1,3.87597,4194304,32768,402694144,100683776,0.249979,99.3759,3758297088,0,1352761344,237021184,2552709120,521269248,0,264246400,3,10.2077,0,0,1,1,1,9,31.0234,100,99.6,1024,2048,320,0,29
nbody_kernel,34913,2048,128,128,8,16,1,1,1,0,2,1,650725,20558,4,152045958,100722690,5,151166976,99.8895,1,7.69231,2097152,32768,302043136,100689920,0.249876,99.9423,3758346240,0,676691968,118532096,1276592128,252309504,0,190605952,2,11.3123,0,0,1,1,1,8,24.9946,100,99.7226,1024,4096,416,0,39
nbody_kernel,33569,2048,128,128,8,16,1,1,1,0,4,2,529025,8448719,4,126632732,100734978,4,126013440,99.8772,1,7.69231,2097152,32768,251736064,100702208,0.249906,99.9849,3758444544,0,338671616,59287552,638533632,126298112,0,154053120,2,11.7664,0,0,1,1,1,8,22.1081,100,99.8283,1024,8192,608,0,56
nbody_kernel,40089,2048,128,128,8,16,2,0,0,0,1,1,649208,8700,4,203207014,100716546,6,218140672,99.6325,0,0,0,0,402694144,100683776,0.249892,99.8864,3758297088,0,684472320,102778880,1241759744,426143744,0,195227456,2,9.85639,0,0,1,1,1,9,22.8842,100,99.4585,1024,0,320,0,40
nbody_kernel,40536,2048,128,128,8,16,2,0,1,0,1,1,519356,8338,4,202030148,100716546,6,201494528,99.9349,1,3.87597,4194304,32768,402694144,100683776,0.2498,99.4786,3758297088,0,679491584,102778880,1343733760,437161984,0,198602816,2,9.74414,0,0,1,1,1,8,23.2478,100,99.4677,1024,2048,320,0,40
nbody_kernel,41307,2048,128,128,8,16,2,1,0,0,1,1,778632,8740,4,206434462,100716546,6,218138624,98.5828,0,0,0,0,402694144,100683776,0.249841,99.9358,3758297088,0,699222016,102778880,1342554112,426102784,0,198836928,2,9.56602,0,0,1,1,1,9,22.2828,100,99.4684,1024,0,320,0,40
nbody_kernel,36754,2048,128,128,8,16,2,1,0,0,2,1,520897,20469,4,153882084,100722690,5,167813120,99.1161,0,0,0,0,302043136,100689920,0.249762,99.9842,3758346240,0,349784064,51398656,671449088,249810944,0,159303360,2,10.7494,0,0,1,1,1,8,20.2749,100,99.6681,1024,0,416,0,48
nbody_kernel,33729,2048,128,128,8,16,2,1,0,0,4,2,528519,8336192,4,127679972,100734978,5,142659584,99.4749,0,0,0,0,251736064,100702208,0.249601,99.9762,3758444544,0,175079424,25708544,537280512,173731840,0,146209664,2,11.7234,0,0,1,1,1,8,19.7949,100,99.8191,896,0,608,0,66
nbody_kernel,40350,2048,128,128,8,16,2,1,1,0,1,1,519192,8450,4,202111980,100716546,6,201492480,99.9079,1,3.87597,4194304,32768,402694144,100683776,0.249813,99.5683,3758297088,0,681396224,102778880,1344651264,504475648,0,200794560,2,9.79563,0,0,1,1,1,8,23.4269,100,99.4735,1024,2048,320,0,40
nbody_kernel,35971,2048,128,128,8,16,2,1,1,0,2,1,520859,20035,4,151916004,100722690,5,151166976,99.8895,1,7.69231,2097152,32768,302043136,100689920,0.249954,99.9854,3758346240,0,340881408,51398656,672497664,248111104,0,159004800,2,10.981,0,0,1,1,1,8,20.7044,100,99.6675,1024,4096,416,0,40
nbody_kernel,33301,2048,128,128,8,16,2,1,1,0,4,2,529247,8334246,4,126632732,100735002,4,126013440,99.8772,1,7.69231,2097152,32768,251736064,100702208,0.249946,99.9889,3758444544,0,170622976,25708544,537804800,161935360,0,145718144,2,11.8638,0,0,1,1,1,8,20.2083,100,99.8185,1024,8192,608,0,59
nbody_kernel,41343,2048,128,128,8,16,4,0,0,0,1,1,649300,7890,4,203207374,100716546,6,218140672,99.6325,0,0,0,0,402694144,100683776,0.249832,99.9693,3758297088,0,281673728,35657728,637710336,289849344,0,157406720,2,9.55432,0,0,1,1,1,8,18.1572,100,99.3284,1024,0,320,0,52
nbody_kernel,40978,2048,128,128,8,16,4,0,1,0,1,1,535897,8326,4,202129012,100716546,6,201494528,99.9349,1,3.87597,4194304,32768,402694144,100683776,0.249958,99.989,3758297088,0,276692992,35657728,739684352,302956544,0,160847360,2,9.64139,0,0,1,1,1,8,18.6666,100,99.3428,1024,2048,320,0,46
nbody_kernel,42595,2048,128,128,8,16,4,1,0,0,1,1,778736,8287,4,206434550,100716546,6,218138624,98.5828,0,0,0,0,402694144,100683776,0.249845,99.9773,3758297088,0,296394752,35657728,738529280,321212416,0,161997440,2,9.27583,0,0,1,1,1,8,17.8284,100,99.3475,1024,0,320,0,52
nbody_kernel,36600,2048,128,128,8,16,4,1,0,0,2,1,520953,19259,4,153752732,100722690,5,167813120,99.1161,0,0,0,0,302043136,100689920,0.249704,99.9884,3758346240,0,181846016,17831936,570753024,206790656,0,148515200,2,10.8004,0,0,1,1,1,8,18.6212,100,99.644,1024,0,416,0,64
nbody_kernel,33630,2048,128,128,8,16,4,1,0,0,4,1,529567,7187701,4,134641572,100734978,5,142659584,99.4749,0,0,0,0,251736064,100702208,0.249129,99.983,3758444544,0,91013120,8919040,486916096,132808704,0,140205184,2,11.7421,0,0,1,1,1,8,18.9885,100,99.8113,768,0,608,0,80
nbody_kernel,41215,2048,128,128,8,16,4,1,1,0,1,1,648838,8117,4,202371462,100716546,6,201492480,99.9079,1,3.87597,4194304,32768,402694144,100683776,0.249909,99.9126,3758297088,0,278568960,35657728,740626432,307318784,0,161071744,2,9.58367,0,0,1,1,1,8,18.4778,100,99.3437,1024,2048,320,0,41
nbody_kernel,35768,2048,128,128,8,16,4,1,1,0,2,1,520883,19962,4,151916004,100722690,5,151166976,99.8895,1,7.69231,2097152,32768,302043136,100689920,0.249901,99.9864,3758346240,0,172933120,17831936,571801600,279670784,0,150546944,2,11.0437,0,0,1,1,1,8,19.0864,100,99.6488,1024,4096,416,0,53
nbody_kernel,33227,2048,128,128,8,16,4,1,1,0,4,1,529669,6950730,4,131795324,100734978,4,126013440,99.8772,1,7.69231,2097152,32768,251736064,100702208,0.249784,99.9471,3758444544,0,86556672,8919040,487440384,137789440,0,140237952,2,11.8858,0,0,1,1,1,8,18.9378,100,99.8114,896,8192,608,0,72
nbody_kernel,6657,2048,128,128,8,16,8,0,0,0,1,1,34,16,1,1081448,32770,3,16793600,0,0,0,0,0,0,0,0.246512,98.066,3758297088,0,13170688,2099200,33619968,31805440,0,119976832,9,59.5011,0,0,3,1,1,1,89.3032,100,99.9931,512,0,0,0,125
nbody_kernel,6253,2048,128,128,8,16,8,0,1,0,1,1,259458,0,1,423322,32770,1,147456,0,1,7.69231,2097152,32768,0,0,0.24668,98.9936,3758297088,0,8189952,2097152,34930688,1183744,0,118905152,10,63.8705,0,0,3,1,1,1,93.9274,100,99.993,512,2048,0,0,125
nbody_kernel,6695,2048,128,128,8,16,8,1,0,0,1,1,177164,56,1,4486254,32770,3,16791552,0,0,0,0,0,0,0,0.246029,98.421,3758297088,0,27871232,2099200,134365184,84230144,0,125222784,9,59.6046,0,0,3,1,1,3,90.0316,100,99.9934,512,0,0,0,126
nbody_kernel,19169,2048,128,128,8,16,8,1,0,0,2,1,259458,0,1,3879826,32770,1,16791552,0,0,0,0,0,0,0,0.142833,87.4778,3758346240,0,13977600,1050624,67256320,45359104,0,121441408,4,20.5096,0,0,2,1,1,1,34.4331,100,99.9965,384,0,0,0,162
nbody_kernel,18827,2048,128,128,8,16,8,1,0,0,4,1,389412,16,1,2676650,32770,1,16791552,0,0,0,0,0,0,0,0.125036,99.9921,3758444544,0,7030784,526336,33701888,16033792,0,119243968,4,20.9042,0,0,1,1,1,1,30.4116,100,99.9982,256,0,0,0,247
nbody_kernel,6286,2048,128,128,8,16,8,1,1,0,1,1,187678,0,1,505242,32770,1,145408,0,1,7.69231,2097152,32768,0,0,0.246034,98.8587,3758297088,0,10045440,2097152,35799040,1449984,0,118998592,10,63.421,0,0,3,1,1,1,93.7299,100,99.993,512,2048,0,0,125
nbody_kernel,18727,2048,128,128,8,16,8,1,1,0,2,1,259844,16,1,1891290,32770,1,145408,0,1,7.69231,2097152,32768,0,0,0.143072,87.4955,3758346240,0,5064704,1048576,34750464,897024,0,118757568,4,20.9736,0,0,2,1,1,1,34.7422,100,99.9964,384,4096,0,0,163
nbody_kernel,18743,2048,128,128,8,16,8,1,1,0,4,1,350226,0,1,1751322,32770,1,145408,0,1,7.69231,2097152,32768,0,0,0.125026,99.992,3758444544,0,2574336,524288,34226176,765952,0,118643904,4,20.9871,0,0,1,1,1,1,30.3625,100,99.9982,256,8192,0,0,253
nbody_kernel,9461,2048,128,128,8,32,0,0,0,0,1,1,129730,16,1,1712288,32770,2,16793600,0,0,0,0,0,0,0,0.25017,99.9819,3758297088,0,6879232,1050624,33619968,32858112,0,119780352,7,41.6138,0,0,2,1,1,1,61.0792,100,99.9931,512,0,0,0,125
nbody_kernel,9375,2048,128,128,8,32,0,0,1,0,1,1,129778,0,1,1050834,32770,1,147456,0,1,7.69231,2097152,32768,0,0,0.249795,99.9836,3758297088,0,5044224,1048576,34930688,1183744,0,118774080,7,41.9922,0,0,2,1,1,1,61.2695,100,99.993,512,2048,0,0,125
nbody_kernel,9946,2048,128,128,8,32,0,1,0,0,1,1,259460,8,1,5228026,32770,2,16791552,0,0,0,0,0,0,0,0.249952,99.984,3758297088,0,14239744,1050624,134365184,91572224,0,124993472,6,39.6114,0,0,2,1,1,2,59.2235,100,99.9933,512,0,0,0,126
nbody_kernel,19163,2048,128,128,8,32,0,1,0,0,2,1,259458,0,1,3741578,32770,1,16791552,0,0,0,0,0,0,0,0.166455,74.9722,3758346240,0,7161856,526336,67256320,45881344,0,121228352,4,20.5706,0,0,2,1,1,1,40.2127,100,99.9965,384,0,0,0,164
nbody_kernel,19050,2048,128,128,8,32,0,1,0,0,4,1,289294,116302,1,5185600,2318594,2,19134464,79.4664,0,0,0,0,4685824,2285824,0.124986,99.9921,3758444544,0,3821568,264192,70731776,23179264,0,120515968,3,20.6656,0,0,1,1,1,1,30.3109,100,99.9982,256,0,296,0,255
nbody_kernel,10490,2048,128,128,8,32,0,1,1,0,1,1,129730,0,1,1129970,32770,1,145408,0,1,7.69231,2097152,32768,0,0,0.249824,99.9838,3758297088,0,6899712,1048576,35799040,1447936,0,118867456,7,41.9329,0,0,2,1,1,1,61.2933,100,99.993,512,2048,0,0,125
nbody_kernel,18698,2048,128,128,8,32,0,1,1,0,2,1,315448,16,1,1751674,32770,1,145408,0,1,7.69231,2097152,32768,0,0,0.166851,75.0197,3758346240,0,3491840,524288,34750464,892928,0,118691904,5,21.0916,0,0,2,1,1,1,40.7234,100,99.9964,384,4096,0,0,163
nbody_kernel,18762,2048,128,128,8,32,0,1,1,0,4,1,259546,6668,1,2454362,737538,1,849920,83.4976,1,7.69231,2097152,32768,1409024,704768,0.125006,99.9917,3758444544,0,1986560,262144,45500416,3190784,0,119045440,4,20.964,0,0,1,1,1,1,30.4782,100,99.9982,256,8192,216,0,255
nbody_kernel,38763,2048,128,128,8,32,1,0,0,0,1,1,519485,8910,5,202947564,100716546,6,218140672,99.6325,0,0,0,0,402694144,100683776,0.249945,99.3908,3758297088,0,1349451776,235972608,2449866752,486895616,0,259822208,3,10.1936,0,0,1,1,1,9,30.5967,100,99.5931,1024,0,320,0,27
nbody_kernel,38727,2048,128,128,8,32,1,0,1,0,1,1,776888,8722,5,202289710,100716546,6,201494528,99.9349,1,3.87597,4194304,32768,402694144,100683776,0.250003,99.3483,3758297088,0,1347616768,235972608,2551840768,630026240,0,267424384,3,10.1988,0,0,1,1,1,9,30.9775,100,99.6047,1024,2048,320,0,27
nbody_kernel,39958,2048,128,128,8,32,1,1,0,0,1,1,519222,9238,5,206175204,100716546,6,218138624,98.5828,0,0,0,0,402694144,100683776,0.249007,98.8406,3758297088,0,1356955648,235972608,2550611968,368455680,0,259503744,3,9.85063,0,0,1,1,1,9,30.096,100,99.5927,1024,0,320,0,32
nbody_kernel,37835,2048,128,128,8,32,1,1,0,0,2,1,521445,20438,4,153882204,100722690,5,167813120,99.1161,0,0,0,0,302043136,100689920,0.248231,99.6145,3758346240,0,678789120,118007808,1275543552,183758848,0,188480128,2,10.4526,0,0,1,1,1,8,23.1505,100,99.7195,1024,0,416,0,40
nbody_kernel,33973,2048,128,128,8,32,1,1,0,0,4,2,528383,8099390,4,127550236,100734978,5,142659584,99.4749,0,0,0,0,251736064,100702208,0.249132,99.9377,3758444544,0,339716096,59025408,638009344,159315968,0,155092992,2,11.6209,0,0,1,1,1,8,21.6633,100,99.8294,1024,0,608,0,64
nbody_kernel,38682,2048,128,128,8,32,1,1,1,0,1,1,579484,8671,5,202232608,100716546,6,201492480,99.9079,1,3.87597,4194304,32768,402694144,100683776,0.249969,99.3666,3758297088,0,1349615616,235972608,2552709120,512880640,0,263853184,3,10.2136,0,0,1,1,1,9,31.0262,100,99.5994,1024,2048,320,0,29
nbody_kernel,34919,2048,128,128,8,32,1,1,1,0,2,1,521279,20329,4,151786268,100722690,5,151166976,99.8895,1,7.69231,2097152,32768,302043136,100689920,0.249931,99.9596,3758346240,0,675119104,118007808,1276592128,252309504,0,190540416,2,11.3149,0,0,1,1,1,8,24.9665,100,99.7225,1024,4096,416,0,39
nbody_kernel,33575,2048,128,128,8,32,1,1,1,0,4,2,529449,8411722,4,126633092,100734978,4,126013440,99.8772,1,7.69231,2097152,32768,251736064,100702208,0.249911,99.9832,3758444544,0,337885184,59025408,638533632,126298112,0,154020352,2,11.766,0,0,1,1,1,8,22.1127,100,99.8283,1024,8192,608,0,56
nbody_kernel,40322,2048,128,128,8,32,2,0,0,0,1,1,649138,8613,4,203077468,100716546,6,218140672,99.6325,0,0,0,0,402694144,100683776,0.24997,99.9462,3758297088,0,678180864,101730304,1241759744,422998016,0,194899776,2,9.86615,0,0,1,1,1,9,22.8632,100,99.4576,1024,0,320,0,40
nbody_kernel,40489,2048,128,128,8,32,2,0,1,0,1,1,519316,8315,4,202029852,100716546,6,201494528,99.9349,1,3.87597,4194304,32768,402694144,100683776,0.249845,99.4742,3758297088,0,676345856,101730304,1343733760,437161984,0,198471744,2,9.75541,0,0,1,1,1,8,23.2927,100,99.4674,1024,2048,320,0,40
nbody_kernel,41322,2048,128,128,8,32,2,1,0,0,1,1,648914,8434,4,206305036,100716546,6,218138624,98.5828,0,0,0,0,402694144,100683776,0.249626,99.9353,3758297088,0,685590528,101730304,1342554112,431345664,0,198542016,2,9.5586,0,0,1,1,1,9,22.2283,100,99.4676,1024,0,320,0,40
nbody_kernel,36775,2048,128,128,8,32,2,1,0,0,2,1,617177,20658,4,153752540,100722690,5,167813120,99.1161,0,0,0,0,302043136,100689920,0.249626,99.9907,3758346240,0,342968320,50874368,671449088,250859520,0,159106752,2,10.7506,0,0,1,1,1,8,20.2571,100,99.6677,1024,0,416,0,48
nbody_kernel,33818,2048,128,128,8,32,2,1,0,0,4,2,530971,7949271,4,132006276,100734978,5,142659584,99.4749,0,0,0,0,251736064,100702208,0.249003,99.9373,3758444544,0,171671552,25446400,537280512,175042560,0,146135936,2,11.6844,0,0,1,1,1,8,19.7152,100,99.819,896,0,608,0,66
nbody_kernel,40368,2048,128,128,8,32,2,1,1,0,1,1,635036,8074,4,202343788,100716546,6,201492480,99.9079,1,3.87597,4194304,32768,402694144,100683776,0.249842,99.5566,3758297088,0,678250496,101730304,1344651264,504475648,0,200663488,2,9.78867,0,0,1,1,1,8,23.3959,100,99.4732,1024,2048,320,0,40
nbody_kernel,35974,2048,128,128,8,32,2,1,1,0,2,1,521091,20338,4,151916084,100722690,5,151166976,99.8895,1,7.69231,2097152,32768,302043136,100689920,0.24997,99.9835,3758346240,0,339308544,50874368,672497664,250208256,0,159004800,2,10.9803,0,0,1,1,1,8,20.694,100,99.6675,1024,4096,416,0,40
nbody_kernel,33300,2048,128,128,8,32,2,1,1,0,4,2,532381,8373407,4,126832852,100734978,4,126013440,99.8772,1,7.69231,2097152,32768,251736064,100702208,0.249951,99.9892,3758444544,0,169836544,25446400,537804800,160886784,0,145652608,2,11.8631,0,0,1,1,1,8,20.2226,100,99.8184,1024,8192,608,0,59
nbody_kernel,41356,2048,128,128,8,32,4,0,0,0,1,1,778892,8100,4,203206918,100716546,6,218140672,99.6325,0,0,0,0,402694144,100683776,0.249776,99.9698,3758297088,0,275382272,34609152,637710336,287752192,0,157111808,2,9.5542,0,0,1,1,1,8,18.1403,100,99.3272,1024,0,320,0,52
nbody_kernel,40970,2048,128,128,8,32,4,0,1,0,1,1,649228,8112,4,202289310,100716546,6,201494528,99.9349,1,3.87597,4194304,32768,402694144,100683776,0.249935,99.9819,3758297088,0,273547264,34609152,739684352,305045504,0,160781568,2,9.64414,0,0,1,1,1,8,18.648,100,99.3425,1024,2048,320,0,51
nbody_kernel,42601,2048,128,128,8,32,4,1,0,0,1,1,519158,8334,4,206175124,100716546,6,218138624,98.5828,0,0,0,0,402694144,100683776,0.249735,99.9894,3758297088,0,282763264,34609152,738529280,328552448,0,161768064,2,9.27418,0,0,1,1,1,8,17.803,100,99.3465,1024,0,320,0,52
nbody_kernel,36656,2048,128,128,8,32,4,1,0,0,2,1,780799,19814,4,161358278,100722690,5,167813120,99.1161,0,0,0,0,302043136,100689920,0.249444,99.9194,3758346240,0,175030272,17307648,570753024,204169216,0,148203904,2,10.7795,0,0,1,1,1,8,18.5534,100,99.6433,1024,0,416,0,64
nbody_kernel,38278,2048,128,128,8,32,4,1,0,0,4,1,532707,6618564,4,140632740,100734978,5,142659584,99.4749,0,0,0,0,251736064,100702208,0.248279,99.8615,3758444544,0,87605248,8656896,486916096,133595136,0,140115072,2,11.6706,0,0,1,1,1,8,18.8844,100,99.8112,768,0,608,0,80
nbody_kernel,40979,2048,128,128,8,32,4,1,1,0,1,1,778678,8094,4,202371414,100716546,6,201492480,99.9079,1,3.87597,4194304,32768,402694144,100683776,0.249939,99.989,3758297088,0,275423232,34609152,740626432,305217536,0,160875008,2,9.64072,0,0,1,1,1,8,18.6488,100,99.3429,1024,2048,320,0,51
nbody_kernel,35785,2048,128,128,8,32,4,1,1,0,2,1,522155,19732,4,152799068,100722690,5,151166976,99.8895,1,7.69231,2097152,32768,302043136,100689920,0.249896,99.9648,3758346240,0,171360256,17307648,571801600,282816512,0,150579712,2,11.0411,0,0,1,1,1,8,19.062,100,99.6489,1024,4096,416,0,53
nbody_kernel,33449,2048,128,128,8,32,4,1,1,0,4,1,532673,6046049,4,135022396,100734978,4,126013440,99.8772,1,7.69231,2097152,32768,251736064,100702208,0.250166,99.4353,3758444544,0,85770240,8656896,487440384,136216576,0,140156032,2,11.7161,0,0,1,1,1,8,18.7559,100,99.8113,896,8192,608,0,72
nbody_kernel,9367,2048,128,128,8,32,8,0,0,0,1,1,129890,64,1,1831428,32770,2,16793600,0,0,0,0,0,0,0,0.25016,99.9853,3758297088,0,6879232,1050624,33619968,32858112,0,119780352,7,41.6278,0,0,2,1,1,1,61.0977,100,99.9931,512,0,0,0,125
nbody_kernel,9272,2048,128,128,8,32,8,0,1,0,1,1,59264,0,1,907088,32770,1,147456,0,1,7.69231,2097152,32768,0,0,0.249917,99.9836,3758297088,0,5044224,1048576,34930688,1183744,0,118774080,7,42.0324,0,0,2,1,1,1,61.3281,100,99.993,512,2048,0,0,125
nbody_kernel,9944,2048,128,128,8,32,8,1,0,0,1,1,129732,8,1,5228090,32770,2,16791552,0,0,0,0,0,0,0,0.249808,99.9852,3758297088,0,14239744,1050624,134365184,91572224,0,124993472,6,39.651,0,0,2,1,1,2,59.2821,100,99.9933,512,0,0,0,126
nbody_kernel,19102,2048,128,128,8,32,8,1,0,0,2,1,259506,0,1,3743234,32770,1,16791552,0,0,0,0,0,0,0,0.143077,87.4918,3758346240,0,7161856,526336,67256320,45881344,0,121228352,4,20.5752,0,0,2,1,1,1,34.4663,100,99.9965,384,0,0,0,164
nbody_kernel,19042,2048,128,128,8,32,8,1,0,0,4,1,259564,135919,1,5154378,2318594,2,19134464,79.4664,0,0,0,0,4685824,2285824,0.124992,99.9919,3758444544,0,3821568,264192,70731776,23179264,0,120515968,3,20.682,0,0,1,1,1,1,30.335,100,99.9982,256,0,296,0,255
nbody_kernel,9366,2048,128,128,8,32,8,1,1,0,1,1,129730,0,1,1133050,32770,1,145408,0,1,7.69231,2097152,32768,0,0,0.249815,99.9844,3758297088,0,6899712,1048576,35799040,1447936,0,118867456,7,41.8357,0,0,2,1,1,1,61.1508,100,99.993,512,2048,0,0,125
nbody_kernel,18656,2048,128,128,8,32,8,1,1,0,2,1,259460,16,1,1747994,32770,1,145408,0,1,7.69231,2097152,32768,0,0,0.125027,99.9924,3758346240,0,3491840,524288,34750464,892928,0,118691904,4,21.1174,0,0,1,1,1,1,30.5902,100,99.9964,384,4096,0,0,163
nbody_kernel,18779,2048,128,128,8,32,8,1,1,0,4,1,259474,3748,1,2454338,737538,1,849920,83.4976,1,7.69231,2097152,32768,1409024,704768,0.124973,99.9919,3758444544,0,1986560,262144,45500416,3190784,0,119045440,4,20.9458,0,0,1,1,1,1,30.4517,100,99.9982,256,8192,216,0,255
nbody_kernel,15897,16384,256,256,1,0,0,0,0,0,1,1,259460,12,1,8664474,16386,10,134234112,0,0,0,0,0,0,0,0.9997,99.9895,3758325760,0,73678848,16777216,268500992,202588160,0,135029760,5,28.1171,0,0,2,1,1,3,46.1887,100,99.975,1024,0,0,0,32
nbody_kernel,7308,16384,256,256,1,0,0,0,1,0,1,1,129776,8,1,670432,16386,1,540672,0,5,6.97674,16777216,131072,0,0,0.703448,99.9286,3758325760,0,410271744,67108864,273743872,7553024,0,141190144,9,54.3666,0,0,3,1,2,1,91.1585,100,99.9761,1024,4096,0,0,40
nbody_kernel,14083,16384,256,256,1,0,0,1,0,0,1,1,259484,172,2,33958074,16386,10,134232064,0,0,0,0,0,0,0,0.991357,99.9608,3758325760,0,811024384,67108864,1073889280,538148864,0,195299328,5,28.0072,0,0,2,1,1,10,59.2413,100,99.9827,1024,0,0,0,32
nbody_kernel,14052,16384,256,256,1,0,0,1,0,0,2,1,229798,0,1,17051034,16386,10,134232064,0,0,0,0,0,0,0,0.691263,94.1041,3758374912,0,808402944,67108864,537018368,202178560,0,167926272,6,26.4627,0,0,2,1,1,6,51.6058,100,99.9896,1024,0,0,0,40
nbody_kernel,14064,16384,256,256,1,0,0,1,0,0,4,1,259458,16,1,8662426,16386,10,134232064,0,0,0,0,0,0,0,0.499945,99.9898,3758473216,0,171655168,16777216,268582912,84688896,0,134389760,5,28.1177,0,0,2,1,1,3,45.5577,100,99.9931,1024,0,0,0,56
nbody_kernel,7818,16384,256,256,1,0,0,1,1,0,1,1,129730,0,1,798106,16386,1,538624,0,5,6.97674,16777216,131072,0,0,0.712677,99.8939,3758325760,0,417808384,67108864,276971520,8617984,0,141559808,9,50.6283,0,0,3,1,2,1,86.5075,100,99.9761,1024,4096,0,0,40
nbody_kernel,6648,16384,256,256,1,0,0,1,1,0,2,1,259458,16,1,798106,16386,1,538624,0,6,6.97674,16777216,131072,0,0,0.582983,99.9764,3758374912,0,108478464,16777216,272777216,4521984,0,130046464,10,63.298,0,0,3,1,2,1,97.1332,100,99.9866,1024,8192,0,0,48
nbody_kernel,6335,16384,256,256,1,0,0,1,1,0,4,0,0,0,1,538648,16386,1,538624,0,6,6.97674,16777216,131072,0,0,0.487621,99.9301,3758473216,0,104808448,16777216,270680064,2637824,0,129802240,10,62.5158,0,0,3,1,2,1,95.7931,100,99.9929,1024,16384,0,0,57
nbody_kernel,14068,16384,256,256,1,0,1,0,0,0,1,1,259460,8,1,8664474,16386,10,134234112,0,0,0,0,0,0,0,0.99971,99.9886,3758325760,0,73678848,16777216,268500992,202588160,0,135029760,5,28.1164,0,0,2,1,1,3,46.1879,100,99.975,1024,0,0,0,32
nbody_kernel,7306,16384,256,256,1,0,1,0,1,0,1,1,258974,0,1,800154,16386,1,540672,0,5,6.97674,16777216,131072,0,0,0.707166,99.9699,3758325760,0,410271744,67108864,273743872,7553024,0,141190144,9,54.4335,0,0,3,1,2,1,91.233,100,99.9761,1024,4096,0,0,40
nbody_kernel,14088,16384,256,256,1,0,1,1,0,0,1,1,259460,0,2,33828250,16386,10,134232064,0,0,0,0,0,0,0,0.991805,99.9608,3758325760,0,811024384,67108864,1073889280,538148864,0,195299328,5,28.0037,0,0,2,1,1,10,59.2338,100,99.9827,1024,0,0,0,32
nbody_kernel,14929,16384,256,256,1,0,1,1,0,0,2,1,259466,0,1,17051034,16386,10,134232064,0,0,0,0,0,0,0,0.691266,99.9897,3758374912,0,808402944,67108864,537018368,202178560,0,167926272,6,28.1182,0,0,2,1,1,6,51.6064,100,99.9896,1024,0,0,0,40
nbody_kernel,14065,16384,256,256,1,0,1,1,0,0,4,1,259458,16,1,8662426,16386,10,134232064,0,0,0,0,0,0,0,0.4999,99.9917,3758473216,0,171655168,16777216,268582912,84688896,0,134389760,5,28.1179,0,0,2,1,1,3,45.5572,100,99.9931,1024,0,0,0,56
nbody_kernel,7820,16384,256,256,1,0,1,1,1,0,1,0,0,0,1,538912,16386,1,538624,0,5,6.97674,16777216,131072,0,0,0.712689,99.8343,3758325760,0,417808384,67108864,276971520,8617984,0,141559808,9,50.5563,0,0,3,1,2,1,86.4359,100,99.9761,1024,4096,0,0,40
nbody_kernel,6255,16384,256,256,1,0,1,1,1,0,2,1,259458,16,1,798106,16386,1,538624,0,6,6.97674,16777216,131072,0,0,0.58269,99.9296,3758374912,0,108478464,16777216,272777216,4521984,0,130046464,10,63.3004,0,0,3,1,2,1,97.1825,100,99.9866,1024,8192,0,0,48
nbody_kernel,6333,16384,256,256,1,0,1,1,1,0,4,1,129736,0,1,668736,16386,1,538624,0,6,6.97674,16777216,131072,0,0,0.488892,99.9472,3758473216,0,104808448,16777216,270680064,2637824,0,129802240,10,62.5885,0,0,3,1,2,1,95.888,100,99.9929,1024,16384,0,0,57
nbody_kernel,14077,16384,256,256,1,1,0,0,0,0,1,1,259460,8,1,8664666,16386,10,134234112,0,0,0,0,0,0,0,0.999278,99.9857,3758325760,0,1080311808,268435456,268500992,1261568,0,168059904,6,28.1091,0,0,2,1,1,3,56.3282,100,99.9799,1024,0,0,0,23
nbody_kernel,13463,16384,256,256,1,1,0,0,1,0,1,1,259458,0,1,800154,16386,1,540672,0,6,3.50195,33554432,131072,0,0,0.897325,99.3102,3758325760,0,1618231296,268435456,1079050240,7569408,0,210396672,7,29.3589,0,0,2,1,3,1,65.9559,100,99.9839,1024,4096,0,0,27
nbody_kernel,19881,16384,256,256,1,1,0,1,0,0,1,1,259516,40,1,33958138,16386,8,134232064,0,0,0,0,0,0,0,0.906006,99.7217,3758325760,0,2698461184,268435456,1073889280,269713408,0,252184576,6,19.9206,0,0,1,1,1,8,60.0619,100,99.9866,1024,0,0,0,28
nbody_kernel,14077,16384,256,256,1,1,0,1,0,0,2,1,259458,0,1,17051042,16386,10,134232064,0,0,0,0,0,0,0,0.686554,99.9873,3758374912,0,1349468160,134217728,537018368,1208811520,0,218388992,7,28.0945,0,0,2,1,1,5,76.5868,100,99.992,1024,0,0,0,38
nbody_kernel,14062,16384,256,256,1,1,0,1,0,0,4,1,259458,16,1,8662538,16386,10,134232064,0,0,0,0,0,0,0,0.499923,99.991,3758473216,0,674971648,67108864,268582912,470564864,0,163749888,6,28.1186,0,0,2,1,1,3,55.5171,100,99.9944,1024,0,0,0,56
nbody_kernel,15255,16384,256,256,1,1,0,1,1,0,1,1,175503,0,1,798130,16386,1,538624,0,5,3.50195,33554432,131072,0,0,0.896911,99.9338,3758325760,0,1625767936,268435456,1082277888,277053440,0,219154432,7,27.5479,0,0,2,1,3,1,64.6619,100,99.9846,1024,4096,0,0,28
nbody_kernel,9736,16384,256,256,1,1,0,1,1,0,2,1,52821,16,1,644264,16386,1,538624,0,4,6.97674,16777216,131072,0,0,0.885445,93.7795,3758374912,0,813121536,134217728,541212672,4521984,0,164125184,8,38.4953,0,0,2,1,2,1,77.798,100,99.9894,1024,8192,0,0,32
nbody_kernel,7254,16384,256,256,1,1,0,1,1,0,4,0,0,0,1,538648,16386,1,538624,0,5,6.97674,16777216,131072,0,0,0.485877,99.9647,3758473216,0,406798336,67108864,270680064,2637824,0,140812288,9,54.7957,0,0,3,1,2,1,88.5019,100,99.9935,1024,16384,0,0,48
nbody_kernel,14074,16384,256,256,1,1,1,0,0,0,1,1,165270,96,1,8605892,16386,10,134234112,0,0,0,0,0,0,0,0.999243,99.9852,3758325760,0,1080311808,268435456,268500992,1261568,0,168059904,6,28.1078,0,0,2,1,1,3,56.326,100,99.9799,1024,0,0,0,23
nbody_kernel,13407,16384,256,256,1,1,1,0,1,0,1,1,129728,0,1,670432,16386,1,540672,0,6,3.50195,33554432,131072,0,0,0.88389,99.4136,3758325760,0,1618231296,268435456,1079050240,7569408,0,210396672,7,29.2676,0,0,2,1,3,1,65.6824,100,99.9839,1024,4096,0,0,27
nbody_kernel,19901,16384,256,256,1,1,1,1,0,0,1,1,389222,40,1,34087708,16386,8,134232064,0,0,0,0,0,0,0,0.90102,99.4398,3758325760,0,2698461184,268435456,1073889280,269713408,0,252184576,6,19.8506,0,0,1,1,1,8,60.0206,100,99.9866,1024,0,0,0,28
nbody_kernel,14079,16384,256,256,1,1,1,1,0,0,2,1,257926,0,1,17051138,16386,10,134232064,0,0,0,0,0,0,0,0.686027,99.9852,3758374912,0,1349468160,134217728,537018368,1208811520,0,218388992,7,28.0719,0,0,2,1,1,5,76.527,100,99.992,1024,0,0,0,38
nbody_kernel,14062,16384,256,256,1,1,1,1,0,0,4,1,259458,16,1,8662426,16386,10,134232064,0,0,0,0,0,0,0,0.499888,99.9888,3758473216,0,674971648,67108864,268582912,470564864,0,163749888,6,28.1178,0,0,2,1,1,3,55.5168,100,99.9944,1024,0,0,0,56
nbody_kernel,14369,16384,256,256,1,1,1,1,1,0,1,1,259458,0,1,798106,16386,1,538624,0,5,3.50195,33554432,131072,0,0,0.899891,99.7579,3758325760,0,1625767936,268435456,1082277888,277053440,0,219154432,7,27.4984,0,0,2,1,3,1,64.6596,100,99.9846,1024,4096,0,0,28
nbody_kernel,9710,16384,256,256,1,1,1,1,1,0,2,1,259458,16,1,798106,16386,1,538624,0,4,6.97674,16777216,131072,0,0,0.885075,94.2556,3758374912,0,813121536,134217728,541212672,4521984,0,164125184,8,38.5822,0,0,2,1,2,1,77.5799,100,99.9894,1024,8192,0,0,32
nbody_kernel,7239,16384,256,256,1,1,1,1,1,0,4,1,129728,0,1,668384,16386,1,538624,0,5,6.97674,16777216,131072,0,0,0.485246,99.8786,3758473216,0,406798336,67108864,270680064,2637824,0,140812288,9,54.7523,0,0,3,1,2,1,88.508,100,99.9935,1024,16384,0,0,48
nbody_kernel,14068,16384,256,256,1,2,0,0,0,0,1,1,134668,8,1,8664474,16386,10,134234112,0,0,0,0,0,0,0,0.999899,99.9895,3758325760,0,543440896,134217728,268500992,1261568,0,147088384,5,28.1148,0,0,2,1,1,3,48.5277,100,99.977,1024,0,0,0,30
nbody_kernel,9861,16384,256,256,1,2,0,0,1,0,1,1,129730,0,1,800154,16386,1,540672,0,4,6.97674,16777216,131072,0,0,0.888584,99.715,3758325760,0,812924928,134217728,542179328,7553024,0,164258816,8,40.1325,0,0,2,1,2,1,76.3786,100,99.9794,1024,4096,0,0,32
nbody_kernel,14194,16384,256,256,1,2,0,1,0,0,1,1,259500,24,2,33937862,16386,10,134232064,0,0,0,0,0,0,0,0.951265,99.8093,3758325760,0,1616330752,134217728,1073889280,269713408,0,214173696,6,27.8075,0,0,2,1,1,10,63.5511,100,99.9842,1024,0,0,0,32
nbody_kernel,14933,16384,256,256,1,2,0,1,0,0,2,1,259458,0,1,17051034,16386,10,134232064,0,0,0,0,0,0,0,0.699055,94.1056,3758374912,0,808402944,67108864,537018368,202178560,0,167926272,6,26.4623,0,0,2,1,1,6,51.6041,100,99.9896,1024,0,0,0,40
nbody_kernel,14065,16384,256,256,1,2,0,1,0,0,4,1,129728,16,1,8533368,16386,10,134232064,0,0,0,0,0,0,0,0.499907,99.9909,3758473216,0,404439040,33554432,268582912,135020544,0,143761408,5,28.1185,0,0,2,1,1,3,47.6821,100,99.9936,1024,0,0,0,56
nbody_kernel,10309,16384,256,256,1,2,0,1,1,0,1,1,259458,0,1,798106,16386,1,538624,0,4,6.97674,16777216,131072,0,0,0.89245,99.344,3758325760,0,820461568,134217728,545406976,8617984,0,164628480,8,40.3986,0,0,2,1,2,1,77.3168,100,99.9795,1024,4096,0,0,30
nbody_kernel,7610,16384,256,256,1,2,0,1,1,0,2,1,129731,16,1,798106,16386,1,538624,0,5,6.97674,16777216,131072,0,0,0.701302,99.904,3758374912,0,410468352,67108864,272777216,4521984,0,141056512,9,51.9695,0,0,3,1,2,1,87.0201,100,99.9877,1024,8192,0,0,40
nbody_kernel,6512,16384,256,256,1,2,0,1,1,0,4,1,259458,0,1,798106,16386,1,538624,0,6,6.97674,16777216,131072,0,0,0.486951,99.9373,3758473216,0,205471744,33554432,270680064,2637824,0,133472256,10,60.7915,0,0,3,1,2,1,95.6785,100,99.9931,1024,16384,0,0,55
nbody_kernel,14075,16384,256,256,1,2,1,0,0,0,1,1,259458,4,1,8771070,16386,10,134234112,0,0,0,0,0,0,0,0.999894,99.989,3758325760,0,543440896,134217728,268500992,1261568,0,147088384,5,28.1145,0,0,2,1,1,3,48.5274,100,99.977,1024,0,0,0,30
nbody_kernel,9868,16384,256,256,1,2,1,0,1,0,1,1,129730,0,1,800154,16386,1,540672,0,4,6.97674,16777216,131072,0,0,0.890527,94.418,3758325760,0,812924928,134217728,542179328,7553024,0,164258816,8,38.0135,0,0,2,1,2,1,76.4044,100,99.9794,1024,4096,0,0,32
nbody_kernel,14212,16384,256,256,1,2,1,1,0,0,1,1,259460,24,2,33828250,16386,10,134232064,0,0,0,0,0,0,0,0.948578,99.7344,3758325760,0,1616330752,134217728,1073889280,269713408,0,214173696,6,27.8552,0,0,2,1,1,10,63.7081,100,99.9842,1024,0,0,0,32
nbody_kernel,14055,16384,256,256,1,2,1,1,0,0,2,1,259458,0,1,17051034,16386,10,134232064,0,0,0,0,0,0,0,0.68737,94.1099,3758374912,0,808402944,67108864,537018368,202178560,0,167926272,6,26.464,0,0,2,1,1,6,51.6051,100,99.9896,1024,0,0,0,40
nbody_kernel,14064,16384,256,256,1,2,1,1,0,0,4,1,259458,16,1,8662426,16386,10,134232064,0,0,0,0,0,0,0,0.49992,99.9888,3758473216,0,404439040,33554432,268582912,135020544,0,143761408,5,28.118,0,0,2,1,1,3,47.6823,100,99.9936,1024,0,0,0,56
nbody_kernel,9737,16384,256,256,1,2,1,1,1,0,1,1,129728,0,1,668384,16386,1,538624,0,4,6.97674,16777216,131072,0,0,0.890349,93.8401,3758325760,0,820461568,134217728,545406976,8617984,0,164628480,8,38.207,0,0,2,1,2,1,77.4111,100,99.9795,1024,4096,0,0,30
nbody_kernel,7610,16384,256,256,1,2,1,1,1,0,2,1,259458,16,1,798106,16386,1,538624,0,5,6.97674,16777216,131072,0,0,0.701916,99.9554,3758374912,0,410468352,67108864,272777216,4521984,0,141056512,9,52.0543,0,0,3,1,2,1,87.1173,100,99.9877,1024,8192,0,0,40
nbody_kernel,6519,16384,256,256,1,2,1,1,1,0,4,1,129728,0,1,668384,16386,1,538624,0,6,6.97674,16777216,131072,0,0,0.48573,99.9391,3758473216,0,205471744,33554432,270680064,2637824,0,133472256,10,60.793,0,0,3,1,2,1,95.6792,100,99.9931,1024,16384,0,0,55
nbody_kernel,14072,16384,256,256,1,4,0,0,0,0,1,1,259543,96,1,8664562,16386,10,134234112,0,0,0,0,0,0,0,0.999895,99.9885,3758325760,0,275005440,67108864,268500992,202588160,0,142894080,5,28.1153,0,0,2,1,1,3,48.529,100,99.9764,1024,0,0,0,32
nbody_kernel,7311,16384,256,256,1,4,0,0,1,0,1,1,129728,0,1,670528,16386,1,540672,0,5,6.97674,16777216,131072,0,0,0.701823,99.7427,3758325760,0,410271744,67108864,273743872,7553024,0,141190144,9,54.2031,0,0,3,1,2,1,91.0538,100,99.9761,1024,4096,0,0,40
nbody_kernel,14083,16384,256,256,1,4,0,1,0,0,1,1,259492,96,2,33828250,16386,10,134232064,0,0,0,0,0,0,0,0.99082,99.8192,3758325760,0,811024384,67108864,1073889280,538148864,0,195299328,5,27.9469,0,0,2,1,1,10,59.1975,100,99.9827,1024,0,0,0,32
nbody_kernel,14716,16384,256,256,1,4,0,1,0,0,2,1,259458,0,1,17051034,16386,10,134232064,0,0,0,0,0,0,0,0.574368,99.9055,3758374912,0,405749760,33554432,537018368,202178560,0,154294784,5,26.8806,0,0,2,1,1,5,47.5083,100,99.9887,1024,0,0,0,46
nbody_kernel,14075,16384,256,256,1,4,0,1,0,0,4,1,258176,16,1,8789576,16386,10,134232064,0,0,0,0,0,0,0,0.499943,99.9906,3758473216,0,203161600,16777216,268582912,168591360,0,137996288,5,28.1149,0,0,2,1,1,3,45.3338,100,99.9933,1024,0,0,0,64
nbody_kernel,7822,16384,256,256,1,4,0,1,1,0,1,1,259458,0,1,798106,16386,1,538624,0,5,6.97674,16777216,131072,0,0,0.714991,99.6472,3758325760,0,417808384,67108864,276971520,8617984,0,141559808,9,50.6656,0,0,3,1,2,1,86.7854,100,99.9761,1024,4096,0,0,40
nbody_kernel,6489,16384,256,256,1,4,0,1,1,0,2,1,0,16,1,538648,16386,1,538624,0,6,6.97674,16777216,131072,0,0,0.585574,99.9168,3758374912,0,209141760,33554432,272777216,4521984,0,133716480,10,61.0971,0,0,3,1,2,1,95.5103,100,99.987,1024,8192,0,0,48
nbody_kernel,6333,16384,256,256,1,4,0,1,1,0,4,0,0,0,1,668776,16386,1,538624,0,6,6.97674,16777216,131072,0,0,0.484773,99.9624,3758473216,0,104808448,16777216,270680064,2637824,0,129802240,10,62.4891,0,0,3,1,2,1,95.7212,100,99.9929,1024,16384,0,0,57
nbody_kernel,14073,16384,256,256,1,4,1,0,0,0,1,1,259492,40,1,8664570,16386,10,134234112,0,0,0,0,0,0,0,0.999881,99.9898,3758325760,0,275005440,67108864,268500992,202588160,0,142894080,5,28.1153,0,0,2,1,1,3,48.5284,100,99.9764,1024,0,0,0,32
nbody_kernel,7282,16384,256,256,1,4,1,0,1,0,1,0,0,0,1,540696,16386,1,540672,0,5,6.97674,16777216,131072,0,0,0.699746,99.8528,3758325760,0,410271744,67108864,273743872,7553024,0,141190144,9,54.2083,0,0,3,1,2,1,90.9622,100,99.9761,1024,4096,0,0,40
nbody_kernel,14089,16384,256,256,1,4,1,1,0,0,1,1,259508,96,2,33828474,16386,10,134232064,0,0,0,0,0,0,0,0.990148,99.8335,3758325760,0,811024384,67108864,1073889280,538148864,0,195299328,5,27.9307,0,0,2,1,1,10,59.1547,100,99.9827,1024,0,0,0,32
nbody_kernel,14954,16384,256,256,1,4,1,1,0,0,2,1,259458,0,1,17180770,16386,10,134232064,0,0,0,0,0,0,0,0.593045,96.2351,3758374912,0,405749760,33554432,537018368,202178560,0,154294784,5,26.4532,0,0,2,1,1,5,48.5361,100,99.9887,1024,0,0,0,46
nbody_kernel,14072,16384,256,256,1,4,1,1,0,0,4,1,259458,16,1,8662426,16386,10,134232064,0,0,0,0,0,0,0,0.499943,99.9898,3758473216,0,203161600,16777216,268582912,168591360,0,137996288,5,28.1148,0,0,2,1,1,3,45.3341,100,99.9933,1024,0,0,0,64
nbody_kernel,7816,16384,256,256,1,4,1,1,1,0,1,1,259458,0,1,798106,16386,1,538624,0,5,6.97674,16777216,131072,0,0,0.714514,99.9314,3758325760,0,417808384,67108864,276971520,8617984,0,141559808,9,50.7105,0,0,3,1,2,1,86.6153,100,99.9761,1024,4096,0,0,40
nbody_kernel,6880,16384,256,256,1,4,1,1,1,0,2,1,129728,16,1,668384,16386,1,538624,0,6,6.97674,16777216,131072,0,0,0.584654,94.1702,3758374912,0,209141760,33554432,272777216,4521984,0,133716480,10,57.5673,0,0,3,1,2,1,95.484,100,99.987,1024,8192,0,0,48
nbody_kernel,6325,16384,256,256,1,4,1,1,1,0,4,0,0,0,1,668384,16386,1,538624,0,6,6.97674,16777216,131072,0,0,0.487255,99.9463,3758473216,0,104808448,16777216,270680064,2637824,0,129802240,10,62.6466,0,0,3,1,2,1,95.9779,100,99.9929,1024,16384,0,0,57
nbody_kernel,14072,16384,256,256,1,8,0,0,0,0,1,1,259460,0,1,8752130,16386,10,134234112,0,0,0,0,0,0,0,0.999828,99.9899,3758325760,0,140787712,33554432,268500992,135479296,0,135554048,5,28.117,0,0,2,1,1,3,45.4072,100,99.9751,1024,0,0,0,32
nbody_kernel,6505,16384,256,256,1,8,0,0,1,0,1,1,129728,0,1,670432,16386,1,540672,0,6,6.97674,16777216,131072,0,0,0.585409,99.8412,3758325760,0,208945152,33554432,273743872,7553024,0,133850112,10,60.8178,0,0,3,1,2,1,95.2965,100,99.9748,1024,4096,0,0,46
nbody_kernel,14961,16384,256,256,1,8,0,1,0,0,1,1,259460,8,2,33828250,16386,10,134232064,0,0,0,0,0,0,0,0.686129,94.1324,3758325760,0,408371200,33554432,1073889280,538148864,0,181667840,5,26.4388,0,0,2,1,1,10,53.9254,100,99.9814,1024,0,0,0,40
nbody_kernel,14069,16384,256,256,1,8,0,1,0,0,2,1,259458,0,1,17051226,16386,10,134232064,0,0,0,0,0,0,0,0.499625,99.9862,3758374912,0,204423168,16777216,537018368,353173504,0,152197632,5,28.1139,0,0,2,1,1,6,47.3049,100,99.9886,1024,0,0,0,54
nbody_kernel,14944,16384,256,256,1,8,0,1,0,0,4,1,259459,16,1,8662554,16386,9,134232064,0,0,0,0,0,0,0,0.370811,88.9701,3758473216,0,102498304,8388608,268582912,151814144,0,134064128,5,24.9943,0,0,2,1,1,3,44.5138,100,99.9931,896,0,0,0,68
nbody_kernel,6560,16384,256,256,1,8,0,1,1,0,1,1,100,0,1,539048,16386,1,538624,0,6,6.97674,16777216,131072,0,0,0.584731,94.2033,3758325760,0,216481792,33554432,276971520,8617984,0,134219776,10,56.9435,0,0,3,1,2,1,95.6201,100,99.9748,1024,4096,0,0,47
nbody_kernel,6263,16384,256,256,1,8,0,1,1,0,2,1,259458,16,1,798106,16386,1,538624,0,6,6.97674,16777216,131072,0,0,0.584823,99.9704,3758374912,0,108478464,16777216,272777216,4521984,0,130046464,10,63.4271,0,0,3,1,2,1,97.3372,100,99.9866,1024,8192,0,0,48
nbody_kernel,6102,16384,256,256,1,8,0,1,1,0,4,1,129730,0,1,798106,16386,1,538624,0,6,6.97674,16777216,131072,0,0,0.489536,99.9152,3758473216,0,54476800,8388608,270680064,2637824,0,127967232,10,65.0272,0,0,3,1,2,1,96.7187,100,99.9928,1024,16384,0,0,57
nbody_kernel,14074,16384,256,256,1,8,1,0,0,0,1,1,129730,0,1,8534752,16386,10,134234112,0,0,0,0,0,0,0,0.999858,99.9875,3758325760,0,140787712,33554432,268500992,135479296,0,135554048,5,28.1163,0,0,2,1,1,3,45.4072,100,99.9751,1024,0,0,0,32
nbody_kernel,6908,16384,256,256,1,8,1,0,1,0,1,0,0,0,1,540696,16386,1,540672,0,6,6.97674,16777216,131072,0,0,0.587632,99.9629,3758325760,0,208945152,33554432,273743872,7553024,0,133850112,10,60.9253,0,0,3,1,2,1,95.3488,100,99.9748,1024,4096,0,0,46
nbody_kernel,14966,16384,256,256,1,8,1,1,0,0,1,1,259460,132,2,33828250,16386,10,134232064,0,0,0,0,0,0,0,0.682201,94.0766,3758325760,0,408371200,33554432,1073889280,538148864,0,181667840,5,26.4278,0,0,2,1,1,10,53.9349,100,99.9814,1024,0,0,0,40
nbody_kernel,14070,16384,256,256,1,8,1,1,0,0,2,1,259458,0,1,17051034,16386,10,134232064,0,0,0,0,0,0,0,0.499641,99.9887,3758374912,0,204423168,16777216,537018368,353173504,0,152197632,5,28.1145,0,0,2,1,1,6,47.3048,100,99.9886,1024,0,0,0,54
nbody_kernel,14945,16384,256,256,1,8,1,1,0,0,4,1,259459,16,1,8662482,16386,10,134232064,0,0,0,0,0,0,0,0.371127,94.1114,3758473216,0,102498304,8388608,268582912,151814144,0,134064128,5,26.4625,0,0,2,1,1,3,44.554,100,99.9931,896,0,0,0,68
nbody_kernel,6959,16384,256,256,1,8,1,1,1,0,1,1,181757,40,1,720418,16386,1,538624,0,6,6.97674,16777216,131072,0,0,0.582312,94.1933,3758325760,0,216481792,33554432,276971520,8617984,0,134219776,10,56.9105,0,0,3,1,2,1,95.5748,100,99.9748,1024,4096,0,0,47
nbody_kernel,6255,16384,256,256,1,8,1,1,1,0,2,1,259458,16,1,798106,16386,1,538624,0,6,6.97674,16777216,131072,0,0,0.583964,99.9326,3758374912,0,108478464,16777216,272777216,4521984,0,130046464,10,63.3843,0,0,3,1,2,1,97.3084,100,99.9866,1024,8192,0,0,48
nbody_kernel,6105,16384,256,256,1,8,1,1,1,0,4,1,132872,0,1,671532,16386,1,538624,0,6,6.97674,16777216,131072,0,0,0.489925,99.8754,3758473216,0,54476800,8388608,270680064,2637824,0,127967232,10,64.9674,0,0,3,1,2,1,96.6682,100,99.9928,1024,16384,0,0,57
nbody_kernel,14946,16384,256,256,1,16,0,0,0,0,1,1,259524,64,1,8664474,16386,10,134234112,0,0,0,0,0,0,0,0.691122,94.1139,3758325760,0,103038976,16793600,268500992,219316224,0,136470528,5,26.4647,0,0,2,1,1,3,47.1156,100,99.9752,1024,0,0,0,36
nbody_kernel,6338,16384,256,256,1,16,0,0,1,0,1,1,129730,0,1,800154,16386,1,540672,0,6,6.97674,16777216,131072,0,0,0.585098,99.9111,3758325760,0,108281856,16777216,273743872,8601600,0,130212864,10,62.5417,0,0,3,1,2,1,96.2181,100,99.974,1024,4096,0,0,47
nbody_kernel,14086,16384,256,256,1,16,0,1,0,0,1,1,259524,32,2,33828250,16386,10,134232064,0,0,0,0,0,0,0,0.997583,99.9733,3758325760,0,220725248,16793600,1073889280,689127424,0,179998208,5,28.073,0,0,2,1,1,10,52.9021,100,99.9812,1024,0,0,0,32
nbody_kernel,14067,16384,256,256,1,16,0,1,0,0,2,1,259458,0,1,17051034,16386,10,134232064,0,0,0,0,0,0,0,0.691015,99.9899,3758374912,0,110624768,8404992,537018368,168558592,0,143235584,5,28.1163,0,0,2,1,1,6,46.6053,100,99.9878,1024,0,0,0,40
nbody_kernel,14064,16384,256,256,1,16,0,1,0,0,4,1,259460,16,1,8792162,16386,10,134232064,0,0,0,0,0,0,0,0.499937,99.9906,3758473216,0,55574528,4210688,268582912,113868800,0,131281408,5,28.1161,0,0,2,1,1,3,43.5671,100,99.993,1024,0,0,0,64
nbody_kernel,6345,16384,256,256,1,16,0,1,1,0,1,0,0,0,1,538648,16386,1,538624,0,6,6.97674,16777216,131072,0,0,0.582165,99.9641,3758325760,0,115818496,16777216,276971520,8617984,0,130549760,10,62.4954,0,0,3,1,2,1,97.1589,100,99.9741,1024,4096,0,0,47
nbody_kernel,6147,16384,256,256,1,16,0,1,1,0,2,1,2,16,1,538648,16386,1,538624,0,6,6.97674,16777216,131072,0,0,0.489428,99.975,3758374912,0,58195968,8388608,272777216,4554752,0,128214016,10,64.5428,0,0,3,1,2,1,96.3565,100,99.9864,1024,8192,0,0,49
nbody_kernel,6289,16384,256,256,1,16,0,1,1,0,4,0,0,0,1,538648,16386,1,538624,0,6,6.97674,16777216,131072,0,0,0.487236,99.5531,3758473216,0,29360128,4194304,270680064,2899968,0,127059456,10,62.8376,0,0,3,1,2,1,93.9127,100,99.9927,1024,16384,0,0,56
nbody_kernel,14069,16384,256,256,1,16,1,0,0,0,1,1,259460,56,1,8794290,16386,10,134234112,0,0,0,0,0,0,0,0.691108,94.11,3758325760,0,103038976,16793600,268500992,219316224,0,136470528,5,26.4637,0,0,2,1,1,3,47.1158,100,99.9752,1024,0,0,0,36
nbody_kernel,6337,16384,256,256,1,16,1,0,1,0,1,0,0,0,1,540864,16386,1,540672,0,6,6.97674,16777216,131072,0,0,0.584857,99.9568,3758325760,0,108281856,16777216,273743872,8601600,0,130212864,10,62.5225,0,0,3,1,2,1,96.1446,100,99.974,1024,4096,0,0,47
nbody_kernel,14132,16384,256,256,1,16,1,1,0,0,1,1,259540,64,2,33828250,16386,10,134232064,0,0,0,0,0,0,0,0.99791,99.9602,3758325760,0,220725248,16793600,1073889280,689127424,0,179998208,5,28.0801,0,0,2,1,1,10,52.9225,100,99.9812,1024,0,0,0,32
nbody_kernel,14068,16384,256,256,1,16,1,1,0,0,2,1,259458,0,1,17051034,16386,10,134232064,0,0,0,0,0,0,0,0.691035,99.9903,3758374912,0,110624768,8404992,537018368,168558592,0,143235584,5,28.1168,0,0,2,1,1,6,46.6058,100,99.9878,1024,0,0,0,40
nbody_kernel,14066,16384,256,256,1,16,1,1,0,0,4,1,259492,16,1,8662634,16386,10,134232064,0,0,0,0,0,0,0,0.499938,99.9891,3758473216,0,55574528,4210688,268582912,113868800,0,131281408,5,28.1155,0,0,2,1,1,3,43.5668,100,99.993,1024,0,0,0,64
nbody_kernel,6346,16384,256,256,1,16,1,1,1,0,1,0,0,0,1,538648,16386,1,538624,0,6,6.97674,16777216,131072,0,0,0.580606,99.9739,3758325760,0,115818496,16777216,276971520,8617984,0,130549760,10,62.5149,0,0,3,1,2,1,97.1796,100,99.9741,1024,4096,0,0,47
nbody_kernel,6141,16384,256,256,1,16,1,1,1,0,2,1,117146,8,1,772912,16386,1,538624,0,6,6.97674,16777216,131072,0,0,0.489663,99.9241,3758374912,0,58195968,8388608,272777216,4554752,0,128214016,10,64.5442,0,0,3,1,2,1,96.4077,100,99.9864,1024,8192,0,0,49
nbody_kernel,6308,16384,256,256,1,16,1,1,1,0,4,0,0,0,1,538648,16386,1,538624,0,6,6.97674,16777216,131072,0,0,0.488004,99.666,3758473216,0,29360128,4194304,270680064,2899968,0,127059456,10,62.8874,0,0,3,1,2,1,93.8808,100,99.9927,1024,16384,0,0,56
nbody_kernel,14072,16384,256,256,1,32,0,0,0,0,1,1,129900,132,1,8664754,16386,10,134234112,0,0,0,0,0,0,0,0.999497,99.9874,3758325760,0,52789248,8404992,268500992,252903424,0,135687680,5,28.1159,0,0,2,1,1,3,46.3349,100,99.9751,1024,0,0,0,32
nbody_kernel,6135,16384,256,256,1,32,0,0,1,0,1,1,259470,0,1,800266,16386,1,540672,0,6,6.97674,16777216,131072,0,0,0.584463,99.9106,3758325760,0,58032128,8388608,273743872,9666560,0,128413696,10,64.5522,0,0,3,1,2,1,96.6216,100,99.9737,1024,4096,0,0,48
nbody_kernel,14085,16384,256,256,1,32,0,1,0,0,1,1,259460,80,2,33828250,16386,10,134232064,0,0,0,0,0,0,0,0.998403,99.9874,3758325760,0,111673344,8404992,1073889280,655572992,0,175279616,5,28.0946,0,0,2,1,1,10,51.9599,100,99.9807,1024,0,0,0,32
nbody_kernel,14945,16384,256,256,1,32,0,1,0,0,2,1,133236,12,1,16924898,16386,10,134232064,0,0,0,0,0,0,0,0.702121,94.2383,3758374912,0,56098816,4210688,537018368,151781376,0,140876288,5,26.46,0,0,2,1,1,5,45.9029,100,99.9876,1024,0,0,0,40
nbody_kernel,14066,16384,256,256,1,32,0,1,0,0,4,1,259476,16,1,8662514,16386,10,134232064,0,0,0,0,0,0,0,0.499948,99.9901,3758473216,0,28311552,2113536,268582912,124354560,0,130691584,5,28.1161,0,0,2,1,1,3,42.8839,100,99.9929,1024,0,0,0,64
nbody_kernel,6142,16384,256,256,1,32,0,1,1,0,1,1,129728,0,1,668384,16386,1,538624,0,6,6.97674,16777216,131072,0,0,0.585424,99.9695,3758325760,0,65536000,8388608,276971520,9682944,0,128749568,10,64.571,0,0,3,1,2,1,96.3453,100,99.9738,1024,4096,0,0,48
nbody_kernel,6121,16384,256,256,1,32,0,1,1,0,2,1,2,16,1,668448,16386,1,538624,0,6,6.97674,16777216,131072,0,0,0.488303,99.7851,3758374912,0,33030144,4194304,272777216,5062656,0,127312384,10,64.833,0,0,3,1,2,1,95.7332,100,99.9863,1024,8192,0,0,50
nbody_kernel,6328,16384,256,256,1,32,0,1,1,0,4,0,0,0,1,538648,16386,1,538624,0,6,6.97674,16777216,131072,0,0,0.48926,99.747,3758473216,0,16777216,2097152,270680064,2899968,0,126600704,10,62.5435,0,0,3,1,2,1,92.6384,100,99.9927,1024,16384,0,0,56
nbody_kernel,14070,16384,256,256,1,32,1,0,0,0,1,1,259660,144,1,8664474,16386,10,134234112,0,0,0,0,0,0,0,0.999516,99.989,3758325760,0,52789248,8404992,268500992,252903424,0,135687680,5,28.1169,0,0,2,1,1,3,46.3357,100,99.9751,1024,0,0,0,32
nbody_kernel,6136,16384,256,256,1,32,1,0,1,0,1,0,0,0,1,540696,16386,1,540672,0,6,6.97674,16777216,131072,0,0,0.58681,99.9511,3758325760,0,58032128,8388608,273743872,9666560,0,128413696,10,64.5946,0,0,3,1,2,1,96.6459,100,99.9737,1024,4096,0,0,48
nbody_kernel,14087,16384,256,256,1,32,1,1,0,0,1,1,129730,0,2,33698528,16386,10,134232064,0,0,0,0,0,0,0,0.998465,99.9835,3758325760,0,111673344,8404992,1073889280,655572992,0,175279616,5,28.0951,0,0,2,1,1,10,51.9629,100,99.9807,1024,0,0,0,32
nbody_kernel,14944,16384,256,256,1,32,1,1,0,0,2,1,259490,0,1,17051298,16386,10,134232064,0,0,0,0,0,0,0,0.698825,94.1231,3758374912,0,56098816,4210688,537018368,151781376,0,140876288,5,26.4634,0,0,2,1,1,6,45.965,100,99.9876,1024,0,0,0,40
nbody_kernel,14064,16384,256,256,1,32,1,1,0,0,4,1,129732,16,1,8662426,16386,10,134232064,0,0,0,0,0,0,0,0.499933,99.9877,3758473216,0,28311552,2113536,268582912,124354560,0,130691584,5,28.1151,0,0,2,1,1,3,42.8835,100,99.9929,1024,0,0,0,64
nbody_kernel,6138,16384,256,256,1,32,1,1,1,0,1,1,129762,0,1,798106,16386,1,538624,0,6,6.97674,16777216,131072,0,0,0.584291,99.9489,3758325760,0,65536000,8388608,276971520,9682944,0,128749568,10,64.5683,0,0,3,1,2,1,96.3611,100,99.9738,1024,4096,0,0,48
nbody_kernel,6109,16384,256,256,1,32,1,1,1,0,2,1,2,16,1,538648,16386,1,538624,0,6,6.97674,16777216,131072,0,0,0.488471,99.878,3758374912,0,33030144,4194304,272777216,5062656,0,127312384,10,64.905,0,0,3,1,2,1,95.7505,100,99.9863,1024,8192,0,0,50
nbody_kernel,6350,16384,256,256,1,32,1,1,1,0,4,1,259554,0,1,798450,16386,1,538624,0,6,6.97674,16777216,131072,0,0,0.488602,99.6948,3758473216,0,16777216,2097152,270680064,2899968,0,126600704,10,62.3877,0,0,3,1,2,1,92.4561,100,99.9927,1024,16384,0,0,56
nbody_kernel,7058,8192,256,256,2,0,0,0,0,0,1,1,50,32,1,4227096,32770,10,67125248,0,0,0,0,0,0,0,0.49899,99.9593,3758309376,0,70459392,16777216,134283264,118128640,0,128078080,9,56.1138,0,0,3,1,1,3,87.8183,100,99.9868,1024,0,0,0,50
nbody_kernel,6151,8192,256,256,2,0,0,0,1,0,1,1,259458,0,1,554394,32770,1,278528,0,3,6.97674,8388608,65536,0,0,0.487349,99.9024,3758309376,0,104538112,16777216,136904704,3842048,0,125653504,10,64.4477,0,0,3,1,1,1,97.5028,100,99.9866,1024,4096,0,0,61
nbody_kernel,8267,8192,256,256,2,0,0,1,0,0,1,1,259460,32,2,17065370,32770,9,67123200,0,0,0,0,0,0,0,0.518465,99.9397,3758309376,0,808230912,67108864,537018368,202031104,0,167913728,9,47.9033,0,0,3,1,1,9,89.2877,100,99.9899,1024,0,0,0,47
nbody_kernel,8442,8192,256,256,2,0,0,1,0,0,2,1,129728,0,1,8502900,32770,9,67123200,0,0,0,0,0,0,0,0.519945,99.947,3758358528,0,772612096,16785408,268582912,134668288,0,154727680,9,46.8843,0,0,3,1,1,5,89.9378,100,99.9944,1024,0,0,0,48
nbody_kernel,7666,8192,256,256,2,0,0,1,0,0,4,1,2,16,1,4223000,32770,10,67123200,0,0,0,0,0,0,0,0.490757,99.9253,3758456832,0,436805632,33562624,134365184,67534848,0,138464768,9,51.6495,0,0,3,1,1,3,89.7598,100,99.9967,1024,0,0,0,64
nbody_kernel,6223,8192,256,256,2,0,0,1,1,0,1,1,259458,0,1,550298,32770,1,276480,0,3,6.97674,8388608,65536,0,0,0.489297,99.9744,3758309376,0,108306432,16777216,138559488,4366336,0,125839360,10,63.7032,0,0,3,1,1,1,97.3048,100,99.9866,1024,4096,0,0,62
nbody_kernel,6342,8192,256,256,2,0,0,1,1,0,2,1,0,16,1,290840,32770,1,276480,0,3,6.97674,8388608,65536,0,0,0.489462,99.891,3758358528,0,154968064,16777216,270680064,1327104,0,131324672,10,62.4725,0,0,3,1,2,1,96.5936,100,99.9934,1024,8192,0,0,55
nbody_kernel,6899,8192,256,256,2,0,0,1,1,0,4,1,129730,0,1,550298,32770,1,276480,0,3,6.97674,8388608,65536,0,0,0.49085,99.5663,3758456832,0,102834176,33554432,135413760,1007616,0,125981696,9,57.3958,0,0,3,1,1,1,90.5655,100,99.9963,1024,16384,0,0,64
nbody_kernel,38756,8192,256,256,2,0,1,0,0,0,1,1,519558,12404,5,206093172,100716546,8,268472320,98.6092,0,0,0,0,402694144,100683776,0.970798,99.98,3758309376,0,1880653824,268460032,2550530048,671793152,0,289516544,3,10.1996,0,0,1,1,1,9,33.4503,100,98.5452,1024,0,80,0,25
nbody_kernel,37378,8192,256,256,2,0,1,0,1,0,1,1,519388,11738,5,202160924,100716546,6,201625600,99.8916,1,3.50195,16777216,65536,402694144,100683776,0.971435,99.9497,3758309376,0,1480622080,268460032,2955804672,941277184,0,298101760,3,10.5724,0,0,1,1,1,9,32.948,100,98.5871,1024,4096,80,0,25
nbody_kernel,43222,8192,256,256,2,0,1,1,0,0,1,1,519214,12453,4,218671988,100716546,7,268470272,94.7193,0,0,0,0,402694144,100683776,0.967817,99.9789,3758309376,0,2820341760,268460032,2953265152,671842304,0,331468800,3,9.14223,0,0,1,1,1,9,33.0314,100,98.7293,1024,0,80,0,26
nbody_kernel,37971,8192,256,256,2,0,1,1,0,0,2,1,780554,22788,4,160217246,100722690,7,218144768,96.752,0,0,0,0,302043136,100689920,0.991088,99.9837,3758358528,0,1410531328,134242304,1476870144,336035840,0,224482816,3,10.403,0,0,1,1,1,8,26.5984,100,99.0616,1024,0,112,0,32
nbody_kernel,35122,8192,256,256,2,0,1,1,0,0,4,1,519478,12557,4,130610156,100734978,6,192991232,98.1563,0,0,0,0,251736064,100702208,0.499487,99.9819,3758456832,0,705634304,67133440,738672640,369434624,0,177283072,3,11.2493,0,0,1,1,1,8,22.5099,100,99.4055,1024,0,160,0,56
nbody_kernel,37360,8192,256,256,2,0,1,1,1,0,1,1,557566,12049,5,202297726,100716546,6,201623552,99.893,1,3.50195,16777216,65536,402694144,100683776,0.972369,99.9552,3758309376,0,1484455936,268460032,2957459456,941850624,0,298291200,3,10.573,0,0,1,1,1,9,32.9672,100,98.588,1024,4096,80,0,29
nbody_kernel,34932,8192,256,256,2,0,1,1,1,0,2,1,521130,22423,4,151961212,100722690,5,151298048,99.8716,1,6.97674,8388608,65536,302043136,100689920,0.998593,99.9745,3758358528,0,742588416,134242304,1478967296,202588160,0,199504896,3,11.3084,0,0,1,1,1,8,24.542,100,98.9441,1024,8192,112,0,32
nbody_kernel,33556,8192,256,256,2,0,1,1,1,0,4,1,519256,10563,4,126677788,100734978,4,126144512,99.8574,1,6.97674,8388608,65536,251736064,100702208,0.499896,99.9857,3758456832,0,371662848,67133440,739721216,235610112,0,162697216,2,11.7761,0,0,1,1,1,8,21.2861,100,99.3522,1024,16384,160,0,56
nbody_kernel,7066,8192,256,256,2,0,2,0,0,0,1,1,129732,16,1,4486602,32770,10,67125248,0,0,0,0,0,0,0,0.499026,99.9687,3758309376,0,70459392,16777216,134283264,118128640,0,128078080,9,56.1192,0,0,3,1,1,3,87.8186,100,99.9868,1024,0,0,0,50
nbody_kernel,6146,8192,256,256,2,0,2,0,1,0,1,0,0,0,1,294936,32770,1,278528,0,3,6.97674,8388608,65536,0,0,0.487236,99.8504,3758309376,0,104538112,16777216,136904704,3842048,0,125653504,10,64.4089,0,0,3,1,1,1,97.4948,100,99.9866,1024,4096,0,0,61
nbody_kernel,8263,8192,256,256,2,0,2,1,0,0,1,1,129828,56,2,17065370,32770,9,67123200,0,0,0,0,0,0,0,0.519699,99.9437,3758309376,0,808230912,67108864,537018368,202031104,0,167913728,9,48.0236,0,0,3,1,1,9,89.5084,100,99.9899,1024,0,0,0,47
nbody_kernel,8452,8192,256,256,2,0,2,1,0,0,2,1,129728,0,1,8547040,32770,9,67123200,0,0,0,0,0,0,0,0.518592,99.9521,3758358528,0,772612096,16785408,268582912,134668288,0,154727680,9,46.7535,0,0,3,1,1,5,89.6823,100,99.9944,1024,0,0,0,48
nbody_kernel,7666,8192,256,256,2,0,2,1,0,0,4,1,186258,8,1,4482458,32770,10,67123200,0,0,0,0,0,0,0,0.491734,99.9588,3758456832,0,436805632,33562624,134365184,67534848,0,138464768,9,51.6885,0,0,3,1,1,3,89.7976,100,99.9967,1024,0,0,0,64
nbody_kernel,6223,8192,256,256,2,0,2,1,1,0,1,0,0,0,1,420576,32770,1,276480,0,3,6.97674,8388608,65536,0,0,0.489386,99.9538,3758309376,0,108306432,16777216,138559488,4366336,0,125839360,10,63.6964,0,0,3,1,1,1,97.3146,100,99.9866,1024,4096,0,0,62
nbody_kernel,6340,8192,256,256,2,0,2,1,1,0,2,1,0,16,1,290880,32770,1,276480,0,3,6.97674,8388608,65536,0,0,0.48872,99.9756,3758358528,0,154968064,16777216,270680064,1327104,0,131324672,10,62.5321,0,0,3,1,2,1,96.604,100,99.9934,1024,8192,0,0,55
nbody_kernel,6902,8192,256,256,2,0,2,1,1,0,4,1,129728,0,1,420576,32770,1,276480,0,3,6.97674,8388608,65536,0,0,0.488563,99.7992,3758456832,0,102834176,33554432,135413760,1007616,0,125981696,9,57.5151,0,0,3,1,1,1,90.542,100,99.9963,1024,16384,0,0,64
nbody_kernel,11822,8192,256,256,2,1,0,0,0,0,1,1,259460,56,1,4486554,32770,6,67125248,0,0,0,0,0,0,0,0.557129,99.8118,3758309376,0,540221440,134217728,134283264,688128,0,142758144,6,33.4853,0,0,2,1,1,2,59.704,100,99.9882,1024,0,0,0,39
nbody_kernel,9082,8192,256,256,2,1,0,0,1,0,1,1,129730,0,1,554394,32770,1,278528,0,4,3.50195,16777216,65536,0,0,0.520583,90.9887,3758309376,0,809181184,134217728,539557888,3842048,0,163926528,9,43.9147,0,0,3,1,3,1,88.6988,100,99.9897,1024,4096,0,0,44
nbody_kernel,11645,8192,256,256,2,1,0,1,0,0,1,1,259492,32,1,17065370,32770,7,67123200,0,0,0,0,0,0,0,0.519576,99.9036,3758309376,0,1349296128,134217728,537018368,269139968,0,189016320,7,33.8299,0,0,2,1,1,7,82.8891,100,99.9911,1024,0,0,0,43
nbody_kernel,8808,8192,256,256,2,1,0,1,0,0,2,1,129728,0,1,8547112,32770,9,67123200,0,0,0,0,0,0,0,0.522419,99.9297,3758358528,0,873275392,67117056,268582912,134684672,0,159446784,9,45.0702,0,0,3,1,1,5,87.7256,100,99.9945,1024,0,0,0,48
nbody_kernel,7667,8192,256,256,2,1,0,1,0,0,4,1,259458,16,1,4482458,32770,10,67123200,0,0,0,0,0,0,0,0.491083,99.9356,3758456832,0,436805632,33562624,134365184,67534848,0,138464768,9,51.6866,0,0,3,1,1,3,89.815,100,99.9967,1024,0,0,0,64
nbody_kernel,9942,8192,256,256,2,1,0,1,1,0,1,0,0,0,1,290840,32770,1,276480,0,4,3.50195,16777216,65536,0,0,0.620615,99.8888,3758309376,0,812949504,134217728,541212672,4374528,0,164112640,8,39.7903,0,0,2,1,2,1,75.4913,100,99.9897,1024,4096,0,0,40
nbody_kernel,7557,8192,256,256,2,1,0,1,1,0,2,1,129728,16,1,420576,32770,1,276480,0,3,6.97674,8388608,65536,0,0,0.533324,99.9131,3758358528,0,205299712,67108864,270680064,1335296,0,134470656,9,52.3751,0,0,3,1,2,1,83.1477,100,99.9935,1024,8192,0,0,47
nbody_kernel,6872,8192,256,256,2,1,0,1,1,0,4,1,129730,0,1,550298,32770,1,276480,0,3,6.97674,8388608,65536,0,0,0.491056,99.9712,3758456832,0,102834176,33554432,135413760,1007616,0,125981696,9,57.6716,0,0,3,1,1,1,90.632,100,99.9963,1024,16384,0,0,64
nbody_kernel,38798,8192,256,256,2,1,1,0,0,0,1,1,649156,12258,5,206352542,100716546,8,268472320,98.6092,0,0,0,0,402694144,100683776,0.969795,99.9828,3758309376,0,1880653824,268460032,2550530048,671793152,0,289516544,3,10.1908,0,0,1,1,1,9,33.4205,100,98.5452,1024,0,80,0,25
nbody_kernel,37372,8192,256,256,2,1,1,0,1,0,1,1,519504,11857,5,202291084,100716546,6,201625600,99.8916,1,3.50195,16777216,65536,402694144,100683776,0.972041,99.9643,3758309376,0,1480622080,268460032,2955804672,1075494912,0,302296064,3,10.5771,0,0,1,1,1,9,33.5458,100,98.6067,1024,4096,80,0,25
nbody_kernel,43238,8192,256,256,2,1,1,1,0,0,1,1,649072,12064,4,218931550,100716546,7,268470272,94.7193,0,0,0,0,402694144,100683776,0.970357,99.9943,3758309376,0,2820341760,268460032,2953265152,671842304,0,331468800,3,9.14272,0,0,1,1,1,9,33.0281,100,98.7293,1024,0,80,0,26
nbody_kernel,37981,8192,256,256,2,1,1,1,0,0,2,1,703215,22674,4,160140318,100722690,7,218144768,96.752,0,0,0,0,302043136,100689920,0.990861,99.9842,3758358528,0,1410531328,134242304,1476870144,336035840,0,224482816,3,10.4033,0,0,1,1,1,8,26.5989,100,99.0616,1024,0,112,0,32
nbody_kernel,35131,8192,256,256,2,1,1,1,0,0,4,1,519694,13019,4,130739684,100734978,6,192991232,98.1563,0,0,0,0,251736064,100702208,0.49949,99.9811,3758456832,0,705634304,67133440,738672640,369434624,0,177283072,3,11.2481,0,0,1,1,1,8,22.5078,100,99.4055,1024,0,160,0,56
nbody_kernel,37381,8192,256,256,2,1,1,1,1,0,1,1,519272,11882,5,202156828,100716546,6,201623552,99.893,1,3.50195,16777216,65536,402694144,100683776,0.972185,99.9318,3758309376,0,1484455936,268460032,2957459456,1076068352,0,302485504,3,10.5705,0,0,1,1,1,9,33.5548,100,98.6075,1024,4096,80,0,29
nbody_kernel,34942,8192,256,256,2,1,1,1,1,0,2,1,521078,22967,4,151961060,100722690,5,151298048,99.8716,1,6.97674,8388608,65536,302043136,100689920,0.998421,99.9656,3758358528,0,742588416,134242304,1478967296,269697024,0,201602048,3,11.3071,0,0,1,1,1,8,24.8557,100,98.9551,1024,8192,112,0,32
nbody_kernel,33557,8192,256,256,2,1,1,1,1,0,4,1,519244,10731,4,126677788,100734978,4,126144512,99.8574,1,6.97674,8388608,65536,251736064,100702208,0.499871,99.9835,3758456832,0,371662848,67133440,739721216,269164544,0,163745792,2,11.7751,0,0,1,1,1,8,21.4485,100,99.3563,1024,16384,160,0,56
nbody_kernel,11868,8192,256,256,2,1,2,0,0,0,1,1,129892,56,1,4486642,32770,6,67125248,0,0,0,0,0,0,0,0.557704,99.7676,3758309376,0,540221440,134217728,134283264,688128,0,142758144,6,33.5069,0,0,2,1,1,2,59.7689,100,99.9882,1024,0,0,0,39
nbody_kernel,8090,8192,256,256,2,1,2,0,1,0,1,1,259458,0,1,554394,32770,1,278528,0,4,3.50195,16777216,65536,0,0,0.526719,89.6458,3758309376,0,809181184,134217728,539557888,3842048,0,163926528,9,43.5788,0,0,3,1,3,1,89.339,100,99.9897,1024,4096,0,0,44
nbody_kernel,11652,8192,256,256,2,1,2,1,0,0,1,1,129732,16,1,17065370,32770,7,67123200,0,0,0,0,0,0,0,0.521671,99.7557,3758309376,0,1349296128,134217728,537018368,269139968,0,189016320,7,33.8995,0,0,2,1,1,7,83.1828,100,99.9911,1024,0,0,0,43
nbody_kernel,8806,8192,256,256,2,1,2,1,0,0,2,1,129728,0,1,8417424,32770,9,67123200,0,0,0,0,0,0,0,0.521812,99.932,3758358528,0,873275392,67117056,268582912,134684672,0,159446784,9,45.0686,0,0,3,1,1,5,87.7204,100,99.9945,1024,0,0,0,48
nbody_kernel,7666,8192,256,256,2,1,2,1,0,0,4,1,129728,16,1,4352736,32770,10,67123200,0,0,0,0,0,0,0,0.490894,99.9473,3758456832,0,436805632,33562624,134365184,67534848,0,138464768,9,51.6559,0,0,3,1,1,3,89.7512,100,99.9967,1024,0,0,0,64
nbody_kernel,9943,8192,256,256,2,1,2,1,1,0,1,1,154341,0,1,445190,32770,1,276480,0,4,3.50195,16777216,65536,0,0,0.62374,99.372,3758309376,0,812949504,134217728,541212672,4374528,0,164112640,8,39.8051,0,0,2,1,2,1,75.9121,100,99.9897,1024,4096,0,0,40
nbody_kernel,7573,8192,256,256,2,1,2,1,1,0,2,1,259458,16,1,550298,32770,1,276480,0,3,6.97674,8388608,65536,0,0,0.533495,99.9297,3758358528,0,205299712,67108864,270680064,1335296,0,134470656,9,52.4064,0,0,3,1,2,1,83.1837,100,99.9935,1024,8192,0,0,47
nbody_kernel,6894,8192,256,256,2,1,2,1,1,0,4,1,129728,0,1,420576,32770,1,276480,0,3,6.97674,8388608,65536,0,0,0.490892,99.9566,3758456832,0,102834176,33554432,135413760,1007616,0,125981696,9,57.6673,0,0,3,1,1,1,90.6385,100,99.9963,1024,16384,0,0,64
nbody_kernel,7789,8192,256,256,2,2,0,0,0,0,1,1,15330,84,1,4227120,32770,10,67125248,0,0,0,0,0,0,0,0.518097,99.9084,3758309376,0,271785984,67108864,134283264,67796992,0,134369536,8,50.8899,0,0,3,1,1,3,83.5742,100,99.9874,1024,0,0,0,46
nbody_kernel,7614,8192,256,256,2,2,0,0,1,0,1,1,259458,0,1,554482,32770,1,278528,0,3,6.97674,8388608,65536,0,0,0.531481,99.8444,3758309376,0,406528000,67108864,271122432,3850240,0,140858112,9,52.071,0,0,3,1,2,1,87.1531,100,99.988,1024,4096,0,0,47
nbody_kernel,8253,8192,256,256,2,2,0,1,0,0,1,1,2,0,2,16805912,32770,9,67123200,0,0,0,0,0,0,0,0.519093,99.8837,3758309376,0,808230912,67108864,537018368,202031104,0,167913728,9,47.9494,0,0,3,1,1,9,89.4238,100,99.9899,1024,0,0,0,47
nbody_kernel,7056,8192,256,256,2,2,0,1,0,0,2,0,0,0,1,8518928,32770,10,67123200,0,0,0,0,0,0,0,0.499329,99.9767,3758358528,0,437067776,33562624,268582912,101113856,0,143717632,10,56.1542,0,0,3,1,1,5,94.4275,100,99.9939,1024,0,0,0,56
nbody_kernel,7936,8192,256,256,2,2,0,1,0,0,4,1,129730,16,1,4482610,32770,10,67123200,0,0,0,0,0,0,0,0.350381,99.9554,3758456832,0,218701824,16785408,134365184,50765824,0,130600704,9,55.4009,0,0,3,1,1,3,88.9375,100,99.9965,768,0,0,0,79
nbody_kernel,7204,8192,256,256,2,2,0,1,1,0,1,0,0,0,1,290840,32770,1,276480,0,3,6.97674,8388608,65536,0,0,0.532239,99.8148,3758309376,0,410296320,67108864,272777216,4382720,0,141044224,9,54.8337,0,0,3,1,2,1,93.4284,100,99.988,1024,4096,0,0,48
nbody_kernel,6501,8192,256,256,2,2,0,1,1,0,2,1,0,16,1,302060,32770,1,276480,0,3,6.97674,8388608,65536,0,0,0.487514,99.9715,3758358528,0,104636416,33554432,136462336,1335296,0,126082048,10,60.976,0,0,3,1,1,1,93.357,100,99.9931,1024,8192,0,0,55
nbody_kernel,6957,8192,256,256,2,2,0,1,1,0,4,0,0,0,1,290840,32770,1,276480,0,3,6.97674,8388608,65536,0,0,0.344026,88.9963,3758456832,0,52502528,16777216,135413760,1015808,0,123884800,10,56.9394,0,0,3,1,1,1,96.5181,100,99.9963,896,16384,0,0,72
nbody_kernel,38892,8192,256,256,2,2,1,0,0,0,1,1,520446,12251,5,206222956,100716546,8,268472320,98.6092,0,0,0,0,402694144,100683776,0.969785,99.981,3758309376,0,1746436096,201351168,2550530048,738902016,0,285322240,3,10.1925,0,0,1,1,1,9,33.7099,100,98.5238,1024,0,80,0,27
nbody_kernel,37294,8192,256,256,2,2,1,0,1,0,1,1,778850,11972,5,202420382,100716546,6,201625600,99.8916,1,3.50195,16777216,65536,402694144,100683776,0.975851,99.9502,3758309376,0,1547730944,201351168,2955804672,807059456,0,293907456,3,10.5968,0,0,1,1,1,9,35.3799,100,98.5669,1024,4096,80,0,27
nbody_kernel,43213,8192,256,256,2,2,1,1,0,0,1,1,648982,12072,4,218801636,100716546,7,268470272,94.7193,0,0,0,0,402694144,100683776,0.970578,99.9864,3758309376,0,2216361984,201351168,2953265152,738951168,0,312594432,3,9.14966,0,0,1,1,1,9,32.5474,100,98.6526,1024,0,80,0,32
nbody_kernel,42654,8192,256,256,2,2,1,1,0,0,2,1,649038,9812,4,160217534,100722690,6,218144768,96.752,0,0,0,0,302043136,100689920,0.633798,91.3479,3758358528,0,1108541440,100687872,1476870144,369573888,0,215045120,2,9.26157,0,0,1,1,1,8,25.3553,100,99.0204,1024,0,112,0,40
nbody_kernel,35167,8192,256,256,2,2,1,1,0,0,4,1,616530,9925,4,130713000,100734978,6,192991232,98.1563,0,0,0,0,251736064,100702208,0.49938,99.9902,3758456832,0,554639360,50356224,738672640,151330816,0,165224448,2,11.2369,0,0,1,1,1,8,22.2492,100,99.3621,1024,0,160,0,64
nbody_kernel,37293,8192,256,256,2,2,1,1,1,0,1,1,519344,11716,5,202286876,100716546,6,201623552,99.893,1,3.50195,16777216,65536,402694144,100683776,0.975993,99.9735,3758309376,0,1551564800,201351168,2957459456,807632896,0,294096896,3,10.5967,0,0,1,1,1,9,35.3906,100,98.5678,1024,4096,80,0,27
nbody_kernel,35021,8192,256,256,2,2,1,1,1,0,2,1,591882,9902,4,151831380,100722690,5,151298048,99.8716,1,6.97674,8388608,65536,302043136,100689920,0.626373,99.9866,3758358528,0,776142848,100687872,1478967296,403914752,0,205796352,3,11.2838,0,0,1,1,1,8,26.9933,100,98.9764,1024,8192,112,0,39
nbody_kernel,33571,8192,256,256,2,2,1,1,1,0,4,1,519312,10263,4,126807524,100734978,4,126144512,99.8574,1,6.97674,8388608,65536,251736064,100702208,0.499953,99.9927,3758456832,0,388440064,50356224,739721216,269164544,0,163745792,2,11.7695,0,0,1,1,1,8,21.9266,100,99.3563,1024,16384,160,0,56
nbody_kernel,8560,8192,256,256,2,2,2,0,0,0,1,1,129908,24,1,4486650,32770,10,67125248,0,0,0,0,0,0,0,0.517626,99.9235,3758309376,0,271785984,67108864,134283264,67796992,0,134369536,8,50.8806,0,0,3,1,1,3,83.5464,100,99.9874,1024,0,0,0,46
nbody_kernel,7602,8192,256,256,2,2,2,0,1,0,1,1,259458,0,1,554394,32770,1,278528,0,3,6.97674,8388608,65536,0,0,0.532684,99.7805,3758309376,0,406528000,67108864,271122432,3850240,0,140858112,9,52.0028,0,0,3,1,2,1,87.0946,100,99.988,1024,4096,0,0,47
nbody_kernel,8270,8192,256,256,2,2,2,1,0,0,1,1,17129,16,2,16805912,32770,9,67123200,0,0,0,0,0,0,0,0.518642,99.914,3758309376,0,808230912,67108864,537018368,202031104,0,167913728,9,47.9129,0,0,3,1,1,9,89.3286,100,99.9899,1024,0,0,0,47
nbody_kernel,7060,8192,256,256,2,2,2,1,0,0,2,0,0,0,1,8417368,32770,10,67123200,0,0,0,0,0,0,0,0.499381,99.9694,3758358528,0,437067776,33562624,268582912,101113856,0,143717632,10,56.1459,0,0,3,1,1,5,94.4205,100,99.9939,1024,0,0,0,56
nbody_kernel,7935,8192,256,256,2,2,2,1,0,0,4,1,0,16,1,4223224,32770,9,67123200,0,0,0,0,0,0,0,0.346649,91.0587,3758456832,0,218701824,16785408,134365184,50765824,0,130600704,9,49.9241,0,0,3,1,1,3,87.9759,100,99.9965,768,0,0,0,79
nbody_kernel,7207,8192,256,256,2,2,2,1,1,0,1,0,0,0,1,290840,32770,1,276480,0,3,6.97674,8388608,65536,0,0,0.53289,99.9678,3758309376,0,410296320,67108864,272777216,4382720,0,141044224,9,54.9979,0,0,3,1,2,1,93.5647,100,99.988,1024,4096,0,0,48
nbody_kernel,6501,8192,256,256,2,2,2,1,1,0,2,1,0,16,1,420576,32770,1,276480,0,3,6.97674,8388608,65536,0,0,0.488059,99.9176,3758358528,0,104636416,33554432,136462336,1335296,0,126082048,10,61.0003,0,0,3,1,1,1,93.4446,100,99.9931,1024,8192,0,0,55
nbody_kernel,6959,8192,256,256,2,2,2,1,1,0,4,1,259458,0,1,550394,32770,1,276480,0,3,6.97674,8388608,65536,0,0,0.349289,89.9124,3758456832,0,52502528,16777216,135413760,1015808,0,123884800,10,56.9577,0,0,3,1,1,1,95.5655,100,99.9963,896,16384,0,0,72
nbody_kernel,8028,8192,256,256,2,4,0,0,0,0,1,1,129806,88,1,4356920,32770,9,67125248,0,0,0,0,0,0,0,0.514611,91.7972,3758309376,0,137568256,33554432,134283264,67796992,0,129126656,9,49.365,0,0,3,1,1,3,85.246,100,99.9869,1024,0,0,0,48
nbody_kernel,6586,8192,256,256,2,4,0,0,1,0,1,1,129730,0,1,554562,32770,1,278528,0,3,6.97674,8388608,65536,0,0,0.487494,99.9696,3758309376,0,205201408,33554432,136904704,3842048,0,129323520,10,60.0003,0,0,3,1,1,1,93.6306,100,99.9869,1024,4096,0,0,55
nbody_kernel,8158,8192,256,256,2,4,0,1,0,0,1,1,129732,0,2,17065370,32770,9,67123200,0,0,0,0,0,0,0,0.514918,99.879,3758309376,0,405577728,33554432,537018368,202039296,0,154282496,8,48.6429,0,0,3,1,1,9,82.6049,100,99.989,1024,0,0,0,48
nbody_kernel,7152,8192,256,256,2,4,0,1,0,0,2,1,129728,0,1,8547040,32770,10,67123200,0,0,0,0,0,0,0,0.49143,99.9397,3758358528,0,218963968,16785408,268582912,134676480,0,137426432,9,55.397,0,0,3,1,1,5,90.1099,100,99.9937,1024,0,0,0,62
nbody_kernel,7229,8192,256,256,2,4,0,1,0,0,4,1,0,16,1,4223056,32770,10,67123200,0,0,0,0,0,0,0,0.249313,99.9167,3758456832,0,109649920,8396800,134365184,84312064,0,127979008,9,54.8937,0,0,3,1,1,3,85.8689,100,99.9964,640,0,0,0,87
nbody_kernel,6470,8192,256,256,2,4,0,1,1,0,1,1,259458,0,1,550298,32770,1,276480,0,3,6.97674,8388608,65536,0,0,0.488901,99.9669,3758309376,0,208969728,33554432,138559488,4374528,0,129509632,10,61.2541,0,0,3,1,1,1,95.6993,100,99.987,1024,4096,0,0,55
nbody_kernel,6050,8192,256,256,2,4,0,1,1,0,2,1,129728,16,1,420576,32770,1,276480,0,3,6.97674,8388608,65536,0,0,0.487436,99.9401,3758358528,0,54304768,16777216,136462336,1327104,0,123984640,10,65.4672,0,0,3,1,1,1,97.5355,100,99.993,1024,8192,0,0,64
nbody_kernel,6871,8192,256,256,2,4,0,1,1,0,4,1,1,638,1,290840,32794,1,276480,0,3,6.97674,8388608,65536,0,0,0.343337,99.9223,3758456832,0,27336704,8388608,135413760,1138688,0,122840064,10,64.5882,0,0,3,1,1,1,96.3897,100,99.9962,896,16384,0,0,72
nbody_kernel,38737,8192,256,256,2,4,1,0,0,0,1,1,689180,12192,5,206262882,100716546,8,268472320,98.6092,0,0,0,0,402694144,100683776,0.972325,99.9818,3758309376,0,1545109504,167796736,2550530048,671793152,0,275885056,3,10.2037,0,0,1,1,1,9,32.6127,100,98.4733,1024,0,80,0,27
nbody_kernel,37285,8192,256,256,2,4,1,0,1,0,1,1,778942,11617,5,202420462,100716546,6,201625600,99.8916,1,3.50195,16777216,65536,402694144,100683776,0.976147,99.9585,3758309376,0,1447067648,167796736,2955804672,807059456,0,289713152,3,10.5996,0,0,1,1,1,9,34.7972,100,98.5462,1024,4096,80,0,27
nbody_kernel,43187,8192,256,256,2,4,1,1,0,0,1,1,778976,12146,4,218931830,100716546,7,268470272,94.7193,0,0,0,0,402694144,100683776,0.97006,99.9783,3758309376,0,1780154368,167796736,2953265152,705396736,0,296865792,3,9.15056,0,0,1,1,1,9,31.028,100,98.5812,1024,0,80,0,32
nbody_kernel,42633,8192,256,256,2,4,1,1,0,0,2,1,778770,9619,4,160217526,100722690,6,218144768,96.752,0,0,0,0,302043136,100689920,0.630086,92.101,3758358528,0,890437632,83910656,1476870144,302465024,0,205607936,2,9.26688,0,0,1,1,1,8,24.1842,100,98.9754,1024,0,112,0,40
nbody_kernel,35221,8192,256,256,2,4,1,1,0,0,4,1,519234,10132,4,130609948,100734978,6,192991232,98.1563,0,0,0,0,251736064,100702208,0.499367,99.9895,3758456832,0,445628416,41967616,738672640,210059264,0,163390976,2,11.2187,0,0,1,1,1,8,22.0966,100,99.355,1024,0,160,0,64
nbody_kernel,37292,8192,256,256,2,4,1,1,1,0,1,1,519144,11852,5,202156828,100716546,6,201623552,99.893,1,3.50195,16777216,65536,402694144,100683776,0.97633,99.9576,3758309376,0,1450901504,167796736,2957459456,807632896,0,289902592,3,10.5972,0,0,1,1,1,9,34.8089,100,98.5471,1024,4096,80,0,27
nbody_kernel,35022,8192,256,256,2,4,1,1,1,0,2,1,519334,9668,4,151831420,100722690,5,151298048,99.8716,1,6.97674,8388608,65536,302043136,100689920,0.626068,99.9875,3758358528,0,725811200,83910656,1478967296,403914752,0,203699200,3,11.2841,0,0,1,1,1,8,26.5235,100,98.9658,1024,8192,112,0,39
nbody_kernel,33652,8192,256,256,2,4,1,1,1,0,4,1,519584,10284,4,126677868,100734978,4,126144512,99.8574,1,6.97674,8388608,65536,251736064,100702208,0.499886,99.9875,3758456832,0,363315200,41967616,739721216,202211328,0,160606208,2,11.7402,0,0,1,1,1,8,22.7708,100,99.3438,1024,16384,160,0,56
nbody_kernel,8047,8192,256,256,2,4,2,0,0,0,1,1,259460,16,1,4486554,32770,10,67125248,0,0,0,0,0,0,0,0.518524,99.8944,3758309376,0,137568256,33554432,134283264,67796992,0,129126656,9,54.165,0,0,3,1,1,3,85.9532,100,99.9869,1024,0,0,0,48
nbody_kernel,6592,8192,256,256,2,4,2,0,1,0,1,0,0,0,1,349258,32770,1,278528,0,3,6.97674,8388608,65536,0,0,0.489341,99.7974,3758309376,0,205201408,33554432,136904704,3842048,0,129323520,10,59.9997,0,0,3,1,1,1,93.7912,100,99.9869,1024,4096,0,0,55
nbody_kernel,8163,8192,256,256,2,4,2,1,0,0,1,1,129731,8,2,17065370,32770,9,67123200,0,0,0,0,0,0,0,0.51508,99.7344,3758309376,0,405577728,33554432,537018368,202039296,0,154282496,8,48.5676,0,0,3,1,1,9,82.5966,100,99.989,1024,0,0,0,48
nbody_kernel,7150,8192,256,256,2,4,2,1,0,0,2,0,0,0,1,8417304,32770,10,67123200,0,0,0,0,0,0,0,0.491239,99.9427,3758358528,0,218963968,16785408,268582912,134676480,0,137426432,9,55.386,0,0,3,1,1,5,90.0893,100,99.9937,1024,0,0,0,62
nbody_kernel,7220,8192,256,256,2,4,2,1,0,0,4,1,259459,16,1,4482930,32770,10,67123200,0,0,0,0,0,0,0,0.249236,99.855,3758456832,0,109649920,8396800,134365184,84312064,0,127979008,9,54.8281,0,0,3,1,1,3,85.8192,100,99.9964,640,0,0,0,87
nbody_kernel,6460,8192,256,256,2,4,2,1,1,0,1,0,0,0,1,290840,32770,1,276480,0,3,6.97674,8388608,65536,0,0,0.489127,99.9516,3758309376,0,208969728,33554432,138559488,4374528,0,129509632,10,61.4225,0,0,3,1,1,1,95.977,100,99.987,1024,4096,0,0,55
nbody_kernel,6045,8192,256,256,2,4,2,1,1,0,2,1,63904,0,1,418616,32770,1,276480,0,3,6.97674,8388608,65536,0,0,0.48788,99.8428,3758358528,0,54304768,16777216,136462336,1327104,0,123984640,10,65.453,0,0,3,1,1,1,97.6095,100,99.993,1024,8192,0,0,64
nbody_kernel,6869,8192,256,256,2,4,2,1,1,0,4,1,259458,0,1,550298,32770,1,276480,0,3,6.97674,8388608,65536,0,0,0.349418,89.8237,3758456832,0,27336704,8388608,135413760,1138688,0,122840064,10,57.6725,0,0,3,1,1,1,95.7454,100,99.9962,896,16384,0,0,72
nbody_kernel,7069,8192,256,256,2,8,0,0,0,0,1,1,129772,112,1,4486554,32770,10,67125248,0,0,0,0,0,0,0,0.497985,99.943,3758309376,0,70459392,16785408,134283264,118079488,0,128076800,9,56.0509,0,0,3,1,1,3,88.1225,100,99.9868,1024,0,0,0,51
nbody_kernel,6253,8192,256,256,2,8,0,0,1,0,1,1,259458,0,1,554506,32770,1,278528,0,3,6.97674,8388608,65536,0,0,0.490178,99.9704,3758309376,0,104538112,16777216,136904704,3842048,0,125653504,10,63.353,0,0,3,1,1,1,97.5416,100,99.9866,1024,4096,0,0,61
nbody_kernel,9008,8192,256,256,2,8,0,1,0,0,1,1,129730,8,2,16935648,32770,9,67123200,0,0,0,0,0,0,0,0.517505,99.8268,3758309376,0,204283904,16777216,537018368,369827840,0,152711168,8,48.0193,0,0,3,1,1,9,82.925,100,99.9889,1024,0,0,0,48
nbody_kernel,7187,8192,256,256,2,8,0,1,0,0,2,0,0,0,1,8417304,32770,10,67123200,0,0,0,0,0,0,0,0.489868,99.9621,3758358528,0,109912064,8396800,268582912,134676480,0,133756416,9,55.1038,0,0,3,1,1,5,88.082,100,99.9935,1024,0,0,0,63
nbody_kernel,7407,8192,256,256,2,8,0,1,0,0,4,1,129732,16,1,4482458,32770,10,67123200,0,0,0,0,0,0,0,0.249316,99.7105,3758456832,0,55123968,4202496,134365184,63340544,0,125488640,8,53.5085,0,0,3,1,1,3,82.4771,100,99.9963,640,0,0,0,84
nbody_kernel,6168,8192,256,256,2,8,0,1,1,0,1,0,0,0,1,290840,32770,1,276480,0,3,6.97674,8388608,65536,0,0,0.489489,99.971,3758309376,0,108306432,16777216,138559488,4366336,0,125839360,10,64.2724,0,0,3,1,1,1,97.2848,100,99.9866,1024,4096,0,0,62
nbody_kernel,5992,8192,256,256,2,8,0,1,1,0,2,1,129730,16,1,550586,32770,1,276480,0,3,6.97674,8388608,65536,0,0,0.490146,99.9165,3758358528,0,29171712,8388608,136462336,1343488,0,122937600,10,66.1268,0,0,3,1,1,1,97.3933,100,99.9929,1024,8192,0,0,64
nbody_kernel,6873,8192,256,256,2,8,0,1,1,0,4,1,129730,0,1,550298,32770,1,276480,0,3,6.97674,8388608,65536,0,0,0.344092,91.5858,3758456832,0,14753792,4194304,135413760,1138688,0,122315776,10,57.6521,0,0,3,1,1,1,93.2144,100,99.9962,896,16384,0,0,71
nbody_kernel,38747,8192,256,256,2,8,1,0,0,0,1,1,778988,11955,5,206352766,100716546,8,268472320,98.6092,0,0,0,0,402694144,100683776,0.971638,99.979,3758309376,0,1444446208,151019520,2550530048,705347584,0,273263616,3,10.2013,0,0,1,1,1,9,32.0391,100,98.4586,1024,0,80,0,27
nbody_kernel,37319,8192,256,256,2,8,1,0,1,0,1,1,519376,12001,5,202160980,100716546,6,201625600,99.8916,1,3.50195,16777216,65536,402694144,100683776,0.972262,99.9863,3758309376,0,1396736000,151019520,2955804672,907722752,0,290761728,3,10.5905,0,0,1,1,1,9,34.4633,100,98.5514,1024,4096,80,0,27
nbody_kernel,43186,8192,256,256,2,8,1,1,0,0,1,1,778692,12051,4,218931358,100716546,7,268470272,94.7193,0,0,0,0,402694144,100683776,0.969809,99.9882,3758309376,0,1562050560,151019520,2953265152,655065088,0,287952896,3,9.15224,0,0,1,1,1,9,30.2678,100,98.5373,1024,0,80,0,32
nbody_kernel,42645,8192,256,256,2,8,1,1,0,0,2,1,519228,9513,4,159957844,100722690,6,218144768,96.752,0,0,0,0,302043136,100689920,0.620461,92.4046,3758358528,0,781385728,75522048,1476870144,319242240,0,202462208,2,9.26557,0,0,1,1,1,8,23.614,100,98.9595,1024,0,112,0,40
nbody_kernel,35219,8192,256,256,2,8,1,1,0,0,4,1,519338,10255,4,130609948,100734978,6,192991232,98.1563,0,0,0,0,251736064,100702208,0.49939,99.9828,3758456832,0,391110656,37773312,738672640,172318720,0,160376832,2,11.2164,0,0,1,1,1,8,21.8794,100,99.3428,1024,0,160,0,63
nbody_kernel,37277,8192,256,256,2,8,1,1,1,0,1,1,519424,11871,5,202157332,100716546,6,201623552,99.893,1,3.50195,16777216,65536,402694144,100683776,0.975932,99.9546,3758309376,0,1400569856,151019520,2957459456,807632896,0,287805440,3,10.5952,0,0,1,1,1,9,34.5089,100,98.5365,1024,4096,80,0,27
nbody_kernel,35019,8192,256,256,2,8,1,1,1,0,2,1,519410,9526,4,151831692,100722690,5,151298048,99.8716,1,6.97674,8388608,65536,302043136,100689920,0.634526,99.9813,3758358528,0,700645376,75522048,1478967296,403914752,0,202650624,3,11.2844,0,0,1,1,1,8,26.2908,100,98.9605,1024,8192,112,0,39
nbody_kernel,33655,8192,256,256,2,8,1,1,1,0,4,1,519408,10417,4,126677900,100734978,4,126144512,99.8574,1,6.97674,8388608,65536,251736064,100702208,0.499942,99.9895,3758456832,0,350740480,37773312,739721216,202203136,0,160081920,2,11.741,0,0,1,1,1,8,22.7304,100,99.3416,1024,16384,160,0,56
nbody_kernel,7076,8192,256,256,2,8,2,0,0,0,1,1,129732,16,1,4486554,32770,10,67125248,0,0,0,0,0,0,0,0.49792,99.9449,3758309376,0,70459392,16785408,134283264,118079488,0,128076800,9,56.053,0,0,3,1,1,3,88.1241,100,99.9868,1024,0,0,0,51
nbody_kernel,6256,8192,256,256,2,8,2,0,1,0,1,1,129740,0,1,424768,32770,1,278528,0,3,6.97674,8388608,65536,0,0,0.489463,99.955,3758309376,0,104538112,16777216,136904704,3842048,0,125653504,10,63.382,0,0,3,1,1,1,97.6012,100,99.9866,1024,4096,0,0,61
nbody_kernel,8255,8192,256,256,2,8,2,1,0,0,1,1,248596,16,2,17054618,32770,9,67123200,0,0,0,0,0,0,0,0.517092,99.7691,3758309376,0,204283904,16777216,537018368,369827840,0,152711168,8,47.9673,0,0,3,1,1,9,82.883,100,99.9889,1024,0,0,0,48
nbody_kernel,7197,8192,256,256,2,8,2,1,0,0,2,1,129728,0,1,8547040,32770,10,67123200,0,0,0,0,0,0,0,0.489646,99.9459,3758358528,0,109912064,8396800,268582912,134676480,0,133756416,9,55.0984,0,0,3,1,1,5,88.0875,100,99.9935,1024,0,0,0,63
nbody_kernel,7412,8192,256,256,2,8,2,1,0,0,4,1,2,16,1,4223000,32770,10,67123200,0,0,0,0,0,0,0,0.249127,99.7453,3758456832,0,55123968,4202496,134365184,63340544,0,125488640,8,53.5043,0,0,3,1,1,3,82.442,100,99.9963,640,0,0,0,84
nbody_kernel,6170,8192,256,256,2,8,2,1,1,0,1,0,0,0,1,290928,32770,1,276480,0,3,6.97674,8388608,65536,0,0,0.486849,99.9709,3758309376,0,108306432,16777216,138559488,4366336,0,125839360,10,64.2647,0,0,3,1,1,1,97.2732,100,99.9866,1024,4096,0,0,62
nbody_kernel,5992,8192,256,256,2,8,2,1,1,0,2,1,259458,16,1,550298,32770,1,276480,0,3,6.97674,8388608,65536,0,0,0.487952,99.962,3758358528,0,29171712,8388608,136462336,1343488,0,122937600,10,66.1493,0,0,3,1,1,1,97.3821,100,99.9929,1024,8192,0,0,64
nbody_kernel,6871,8192,256,256,2,8,2,1,1,0,4,0,0,0,1,290840,32770,1,276480,0,3,6.97674,8388608,65536,0,0,0.339017,90.6412,3758456832,0,14753792,4194304,135413760,1138688,0,122315776,10,57.6652,0,0,3,1,1,1,94.2071,100,99.9962,896,16384,0,0,71
nbody_kernel,7194,8192,256,256,2,16,0,0,0,0,1,1,2,16,1,4227096,32770,10,67125248,0,0,0,0,0,0,0,0.520119,99.9216,3758309376,0,51634176,8396800,134283264,126484480,0,127489024,9,54.9512,0,0,3,1,1,3,87.3205,100,99.9867,1024,0,0,0,48
nbody_kernel,6253,8192,256,256,2,16,0,0,1,0,1,1,154422,0,1,449362,32770,1,278528,0,3,6.97674,8388608,65536,0,0,0.490148,99.9545,3758309376,0,54255616,8388608,136904704,4366336,0,123836416,10,63.3547,0,0,3,1,1,1,96.6805,100,99.9864,1024,4096,0,0,55
nbody_kernel,7931,8192,256,256,2,16,0,1,0,0,1,1,2,48,2,16805912,32770,9,67123200,0,0,0,0,0,0,0,0.523806,99.9532,3758309376,0,110436352,8396800,537018368,302669824,0,147417856,8,50.0527,0,0,3,1,1,9,84.2081,100,99.9885,1024,0,0,0,48
nbody_kernel,7545,8192,256,256,2,16,0,1,0,0,2,1,156,0,1,8417304,32770,10,67123200,0,0,0,0,0,0,0,0.485073,99.7775,3758358528,0,55386112,4202496,268582912,122093568,0,131528192,8,52.5268,0,0,3,1,1,5,83.2956,100,99.9934,1024,0,0,0,64
nbody_kernel,7277,8192,256,256,2,16,0,1,0,0,4,1,89036,16,1,4321684,32770,10,67123200,0,0,0,0,0,0,0,0.248936,99.4543,3758456832,0,27860992,2105344,134365184,69632000,0,124767744,8,54.2122,0,0,3,1,1,3,83.5406,100,99.9963,640,0,0,0,84
nbody_kernel,6279,8192,256,256,2,16,0,1,1,0,1,1,259506,0,1,550458,32770,1,276480,0,3,6.97674,8388608,65536,0,0,0.489107,99.9696,3758309376,0,58007552,8388608,138559488,4907008,0,124022272,10,63.1288,0,0,3,1,1,1,96.4339,100,99.9864,1024,4096,0,0,55
nbody_kernel,6019,8192,256,256,2,16,0,1,1,0,2,1,2,16,1,290840,32770,1,276480,0,3,6.97674,8388608,65536,0,0,0.485334,99.9283,3758358528,0,16588800,4194304,136462336,1597440,0,122421248,10,65.7705,0,0,3,1,1,1,96.8573,100,99.9929,1024,8192,0,0,64
nbody_kernel,7094,8192,256,256,2,16,0,1,1,0,4,1,259498,0,1,550298,32770,1,276480,0,3,6.97674,8388608,65536,0,0,0.346108,90.7878,3758456832,0,8462336,2097152,135413760,1138688,0,122053632,9,55.5664,0,0,3,1,1,1,91.2699,100,99.9962,768,16384,0,0,74
nbody_kernel,38699,8192,256,256,2,16,1,0,0,0,1,1,649218,11864,5,206222988,100716546,8,268472320,98.6092,0,0,0,0,402694144,100683776,0.975369,99.984,3758309376,0,1394114560,142630912,2550530048,738902016,0,272477184,3,10.2131,0,0,1,1,1,9,31.7908,100,98.4542,1024,0,80,0,27
nbody_kernel,37312,8192,256,256,2,16,1,0,1,0,1,1,778774,11855,5,202420382,100716546,6,201625600,99.8916,1,3.50195,16777216,65536,402694144,100683776,0.971918,99.9746,3758309376,0,1371570176,142630912,2955804672,924499968,0,290237440,3,10.5891,0,0,1,1,1,9,34.3159,100,98.5488,1024,4096,80,0,27
nbody_kernel,43176,8192,256,256,2,16,1,1,0,0,1,1,649066,12026,4,218801788,100716546,7,268470272,94.7193,0,0,0,0,402694144,100683776,0.969883,99.9882,3758309376,0,1452998656,142630912,2953265152,663453696,0,284545024,2,9.15333,0,0,1,1,1,9,29.8901,100,98.5198,1024,0,80,0,32
nbody_kernel,42652,8192,256,256,2,16,1,1,0,0,2,1,778634,9634,4,160217246,100722690,6,218144768,96.752,0,0,0,0,302043136,100689920,0.619942,92.5072,3758358528,0,726859776,71327744,1476870144,327630848,0,200889344,2,9.26461,0,0,1,1,1,8,23.3419,100,98.9514,1024,0,112,0,40
nbody_kernel,35239,8192,256,256,2,16,1,1,0,0,4,1,649200,10577,4,130869718,100734978,6,192991232,98.1563,0,0,0,0,251736064,100702208,0.499178,99.9883,3758456832,0,363847680,35676160,738672640,170221568,0,159393792,2,11.2158,0,0,1,1,1,8,21.77,100,99.3388,1024,0,160,0,63
nbody_kernel,37290,8192,256,256,2,16,1,1,1,0,1,1,778662,11562,5,202416406,100716546,6,201623552,99.893,1,3.50195,16777216,65536,402694144,100683776,0.976358,99.9794,3758309376,0,1375404032,142630912,2957459456,807632896,0,286756864,3,10.6001,0,0,1,1,1,9,34.3689,100,98.5312,1024,4096,80,0,27
nbody_kernel,39397,8192,256,256,2,16,1,1,1,0,2,1,519290,9465,4,151831324,100722690,5,151298048,99.8716,1,6.97674,8388608,65536,302043136,100689920,0.631412,89.2787,3758358528,0,688062464,71327744,1478967296,403914752,0,202126336,3,10.0283,0,0,1,1,1,8,26.0481,100,98.9578,1024,8192,112,0,39
nbody_kernel,33646,8192,256,256,2,16,1,1,1,0,4,1,519280,9893,4,126807524,100734978,4,126144512,99.8574,1,6.97674,8388608,65536,251736064,100702208,0.499905,99.9889,3758456832,0,344449024,35676160,739721216,202203136,0,159819776,2,11.7432,0,0,1,1,1,8,22.7144,100,99.3405,1024,16384,160,0,56
nbody_kernel,7210,8192,256,256,2,16,2,0,0,0,1,1,129778,28,1,4356832,32770,10,67125248,0,0,0,0,0,0,0,0.521772,99.9596,3758309376,0,51634176,8396800,134283264,126484480,0,127489024,9,55.0933,0,0,3,1,1,3,87.5131,100,99.9867,1024,0,0,0,48
nbody_kernel,6253,8192,256,256,2,16,2,0,1,0,1,0,0,0,1,424672,32770,1,278528,0,3,6.97674,8388608,65536,0,0,0.489982,99.9742,3758309376,0,54255616,8388608,136904704,4366336,0,123836416,10,63.3715,0,0,3,1,1,1,96.6871,100,99.9864,1024,4096,0,0,55
nbody_kernel,7928,8192,256,256,2,16,2,1,0,0,1,1,129732,8,2,17065370,32770,9,67123200,0,0,0,0,0,0,0,0.523897,99.878,3758309376,0,110436352,8396800,537018368,302669824,0,147417856,8,49.971,0,0,3,1,1,9,84.134,100,99.9885,1024,0,0,0,48
nbody_kernel,7538,8192,256,256,2,16,2,1,0,0,2,1,129728,0,1,8547040,32770,10,67123200,0,0,0,0,0,0,0,0.485007,99.9176,3758358528,0,55386112,4202496,268582912,122093568,0,131528192,8,52.5961,0,0,3,1,1,5,83.2886,100,99.9934,1024,0,0,0,64
nbody_kernel,7278,8192,256,256,2,16,2,1,0,0,4,1,129732,16,1,4482458,32770,10,67123200,0,0,0,0,0,0,0,0.249123,99.7027,3758456832,0,27860992,2105344,134365184,69632000,0,124767744,8,54.3719,0,0,3,1,1,3,83.5779,100,99.9963,640,0,0,0,84
nbody_kernel,6276,8192,256,256,2,16,2,1,1,0,1,1,259498,0,1,550386,32770,1,276480,0,3,6.97674,8388608,65536,0,0,0.489217,99.9396,3758309376,0,58007552,8388608,138559488,4907008,0,124022272,10,63.1238,0,0,3,1,1,1,96.4552,100,99.9864,1024,4096,0,0,55
nbody_kernel,6021,8192,256,256,2,16,2,1,1,0,2,1,2,16,1,290840,32770,1,276480,0,3,6.97674,8388608,65536,0,0,0.486122,99.7688,3758358528,0,16588800,4194304,136462336,1597440,0,122421248,10,65.7667,0,0,3,1,1,1,97.0065,100,99.9929,1024,8192,0,0,64
nbody_kernel,7122,8192,256,256,2,16,2,1,1,0,4,1,259458,0,1,550298,32770,1,276480,0,3,6.97674,8388608,65536,0,0,0.348886,90.8644,3758456832,0,8462336,2097152,135413760,1138688,0,122053632,9,55.8862,0,0,3,1,1,1,91.7178,100,99.9962,768,16384,0,0,74
nbody_kernel,7549,8192,256,256,2,32,0,0,0,0,1,1,2,16,1,4227096,32770,10,67125248,0,0,0,0,0,0,0,0.521973,99.786,3758309376,0,26468352,4202496,134283264,126484480,0,126571520,8,52.4549,0,0,3,1,1,3,83.1933,100,99.9867,1024,0,0,0,48
nbody_kernel,6205,8192,256,256,2,32,0,0,1,0,1,0,0,0,1,294936,32770,1,278528,0,3,6.97674,8388608,65536,0,0,0.490562,99.8146,3758309376,0,29089792,4194304,136904704,4890624,0,122935296,10,63.8261,0,0,3,1,1,1,96.3292,100,99.9863,1024,4096,0,0,56
nbody_kernel,8229,8192,256,256,2,32,0,1,0,0,1,1,129780,52,2,17065482,32770,9,67123200,0,0,0,0,0,0,0,0.52201,99.8121,3758309376,0,55910400,4202496,537018368,340418560,0,146762496,8,48.208,0,0,3,1,1,9,81.0515,100,99.9885,1024,0,0,0,48
nbody_kernel,8043,8192,256,256,2,32,0,1,0,0,2,1,129782,0,1,8676762,32770,9,67123200,0,0,0,0,0,0,0,0.481307,99.7085,3758358528,0,28123136,2105344,268582912,147251200,0,131396864,8,49.1662,0,0,3,1,1,5,79.0469,100,99.9934,1024,0,0,0,64
nbody_kernel,9904,8192,256,256,2,32,0,1,0,0,4,1,129730,16,1,5008320,32770,8,67123200,0,0,0,0,0,0,0,0.250208,99.9864,3758456832,0,14229504,1056768,134365184,68583424,0,124276224,6,39.8878,0,0,2,1,1,2,61.1054,100,99.9963,640,0,0,0,85
nbody_kernel,6219,8192,256,256,2,32,0,1,1,0,1,1,129730,0,1,550362,32770,1,276480,0,3,6.97674,8388608,65536,0,0,0.488861,99.8593,3758309376,0,32841728,4194304,138559488,4907008,0,123104768,10,63.6646,0,0,3,1,1,1,96.1419,100,99.9863,1024,4096,0,0,56
nbody_kernel,6231,8192,256,256,2,32,0,1,1,0,2,1,214308,8,1,550298,32770,1,276480,0,3,6.97674,8388608,65536,0,0,0.488184,99.6231,3758358528,0,10297344,2097152,136462336,1597440,0,122159104,10,63.7308,0,0,3,1,1,1,93.9189,100,99.9929,1024,8192,0,0,64
nbody_kernel,7262,8192,256,256,2,32,0,1,1,0,4,0,0,0,1,903040,32770,1,276480,0,3,6.97674,8388608,65536,0,0,0.36885,89.2103,3758456832,0,5316608,1048576,135413760,1130496,0,121922304,9,54.9499,0,0,3,1,1,1,91.9596,100,99.9962,768,16384,0,0,76
nbody_kernel,38721,8192,256,256,2,32,1,0,0,0,1,1,519778,12223,5,206106208,100716546,8,268472320,98.6092,0,0,0,0,402694144,100683776,0.976885,99.9603,3758309376,0,1368948736,138436608,2550530048,738902016,0,271559680,3,10.2081,0,0,1,1,1,9,31.641,100,98.449,1024,0,80,0,27
nbody_kernel,37328,8192,256,256,2,32,1,0,1,0,1,1,560844,11743,5,202290940,100716546,6,201625600,99.8916,1,3.50195,16777216,65536,402694144,100683776,0.972511,99.9422,3758309376,0,1358987264,138436608,2955804672,932888576,0,289975296,3,10.58,0,0,1,1,1,9,34.2239,100,98.5475,1024,4096,80,0,27
nbody_kernel,43208,8192,256,256,2,32,1,1,0,0,1,1,778916,11799,4,218931526,100716546,7,268470272,94.7193,0,0,0,0,402694144,100683776,0.969237,99.9712,3758309376,0,1398472704,138436608,2953265152,667648000,0,282841088,2,9.1482,0,0,1,1,1,9,29.6877,100,98.5108,1024,0,80,0,32
nbody_kernel,42655,8192,256,256,2,32,1,1,0,0,2,1,778758,9599,4,160217246,100722690,6,218144768,96.752,0,0,0,0,302043136,100689920,0.630617,90.9356,3758358528,0,699596800,69230592,1476870144,331825152,0,200102912,2,9.26604,0,0,1,1,1,8,23.6252,100,98.9472,1024,0,112,0,40
nbody_kernel,35220,8192,256,256,2,32,1,1,0,0,4,1,519462,10062,4,130610148,100734978,6,192991232,98.1563,0,0,0,0,251736064,100702208,0.498539,99.9828,3758456832,0,350216192,34627584,738672640,169172992,0,158902272,2,11.2203,0,0,1,1,1,8,21.7262,100,99.3367,1024,0,160,0,63
nbody_kernel,37305,8192,256,256,2,32,1,1,1,0,1,1,559545,11488,5,202237584,100716546,6,201623552,99.893,1,3.50195,16777216,65536,402694144,100683776,0.978663,99.9488,3758309376,0,1362821120,138436608,2957459456,807632896,0,286232576,3,10.5965,0,0,1,1,1,9,34.2942,100,98.5285,1024,4096,80,0,27
nbody_kernel,39395,8192,256,256,2,32,1,1,1,0,2,1,519182,9352,4,151831324,100722690,5,151298048,99.8716,1,6.97674,8388608,65536,302043136,100689920,0.625996,99.9724,3758358528,0,681771008,69230592,1478967296,403914752,0,201864192,3,11.2899,0,0,1,1,1,8,26.1294,100,98.9564,1024,8192,112,0,39
nbody_kernel,33632,8192,256,256,2,32,1,1,1,0,4,1,519276,9895,4,126677908,100734978,4,126144512,99.8574,1,6.97674,8388608,65536,251736064,100702208,0.499891,99.9842,3758456832,0,341303296,34627584,739721216,202203136,0,159688704,2,11.749,0,0,1,1,1,8,22.7165,100,99.34,1024,16384,160,0,56
nbody_kernel,7554,8192,256,256,2,32,2,0,0,0,1,1,129732,16,1,4486554,32770,10,67125248,0,0,0,0,0,0,0,0.521866,99.9551,3758309376,0,26468352,4202496,134283264,126484480,0,126571520,8,52.5849,0,0,3,1,1,3,83.2584,100,99.9867,1024,0,0,0,48
nbody_kernel,6209,8192,256,256,2,32,2,0,1,0,1,1,115376,0,1,525668,32770,1,278528,0,3,6.97674,8388608,65536,0,0,0.488793,99.8652,3758309376,0,29089792,4194304,136904704,4890624,0,122935296,10,63.8277,0,0,3,1,1,1,96.2828,100,99.9863,1024,4096,0,0,56
nbody_kernel,8205,8192,256,256,2,32,2,1,0,0,1,1,129852,160,2,17065370,32770,9,67123200,0,0,0,0,0,0,0,0.521412,99.8879,3758309376,0,55910400,4202496,537018368,340418560,0,146762496,8,48.2618,0,0,3,1,1,9,81.0803,100,99.9885,1024,0,0,0,48
nbody_kernel,8071,8192,256,256,2,32,2,1,0,0,2,1,129778,0,1,8676762,32770,9,67123200,0,0,0,0,0,0,0,0.480494,99.613,3758358528,0,28123136,2105344,268582912,147251200,0,131396864,8,49.1284,0,0,3,1,1,5,79.0618,100,99.9934,1024,0,0,0,64
nbody_kernel,9863,8192,256,256,2,32,2,1,0,0,4,1,259508,16,1,5138242,32770,8,67123200,0,0,0,0,0,0,0,0.24996,99.9864,3758456832,0,14229504,1056768,134365184,68583424,0,124276224,6,40.001,0,0,2,1,1,2,61.2787,100,99.9963,640,0,0,0,85
nbody_kernel,6229,8192,256,256,2,32,2,1,1,0,1,0,0,0,1,290896,32770,1,276480,0,3,6.97674,8388608,65536,0,0,0.489777,99.8992,3758309376,0,32841728,4194304,138559488,4907008,0,123104768,10,63.6677,0,0,3,1,1,1,96.1082,100,99.9863,1024,4096,0,0,56
nbody_kernel,6211,8192,256,256,2,32,2,1,1,0,2,1,2,16,1,290840,32770,1,276480,0,3,6.97674,8388608,65536,0,0,0.486435,99.7791,3758358528,0,10297344,2097152,136462336,1597440,0,122159104,10,63.7078,0,0,3,1,1,1,93.7383,100,99.9929,1024,8192,0,0,64
nbody_kernel,7092,8192,256,256,2,32,2,1,1,0,4,0,0,0,1,847232,32770,1,276480,0,3,6.97674,8388608,65536,0,0,0.351283,93.2221,3758456832,0,5316608,1048576,135413760,1130496,0,121922304,9,54.6226,0,0,3,1,1,1,87.478,100,99.9962,768,16384,0,0,76
nbody_kernel,7457,4096,256,256,4,0,0,0,0,0,1,1,2,16,1,2129944,32770,5,33570816,0,0,0,0,0,0,0,0.484326,99.9503,3758301184,0,302641152,16781312,67174400,50700288,0,131120896,9,53.1283,0,0,3,1,1,2,87.8802,100,99.9936,1024,0,0,0,63
nbody_kernel,6847,4096,256,256,4,0,0,0,1,0,1,1,185282,0,1,423442,32770,1,147456,0,3,3.50195,8388608,32768,0,0,0.490293,99.9409,3758301184,0,152932352,16777216,269811712,925696,0,131219328,9,57.894,0,0,3,1,2,1,93.8363,100,99.9936,1024,4096,0,0,63
nbody_kernel,9797,4096,256,256,4,0,0,1,0,0,1,1,52590,0,1,8445976,32770,4,33568768,0,0,0,0,0,0,0,0.489328,99.9589,3758301184,0,772444160,16781312,268582912,134582272,0,154717568,8,40.4218,0,0,2,1,1,4,80.3363,100,99.9945,1024,0,0,0,56
nbody_kernel,10659,4096,256,256,4,0,0,1,0,0,2,1,129730,0,1,4511130,32770,4,33568768,0,0,0,0,0,0,0,0.3006,86.9092,3758350336,0,436637696,33558528,134365184,67395584,0,138451456,7,37.1997,0,0,2,1,1,2,74.9198,100,99.9969,896,0,0,0,71
nbody_kernel,6543,4096,256,256,4,0,0,1,0,0,4,1,48160,8,1,2284256,32770,6,33568768,0,0,0,0,0,0,0,0.249168,99.873,3758448640,0,218402816,16781312,67256320,33878016,0,127963776,10,60.5792,0,0,3,1,1,2,95.2143,100,99.9982,512,0,0,0,123
nbody_kernel,6725,4096,256,256,4,0,0,1,1,0,1,0,0,0,1,188440,32770,1,145408,0,3,3.50195,8388608,32768,0,0,0.489175,99.9642,3758301184,0,154832896,16777216,270680064,1200128,0,131314432,9,58.9379,0,0,3,1,2,1,95.1499,100,99.9936,1024,4096,0,0,64
nbody_kernel,8782,4096,256,256,4,0,0,1,1,0,2,1,129747,16,1,448298,32770,1,145408,0,1,6.97674,4194304,32768,0,0,0.332073,79.2818,3758350336,0,102666240,33554432,135413760,913408,0,125969920,8,42.1562,0,0,3,1,1,1,85.0059,100,99.9965,896,8192,0,0,71
nbody_kernel,5978,4096,256,256,4,0,0,1,1,0,4,1,129728,0,1,318176,32770,1,145408,0,2,6.97674,4194304,32768,0,0,0.249665,99.959,3758448640,0,51417088,16777216,67780608,774144,0,121727232,10,66.2872,0,0,3,1,1,1,98.1495,100,99.9981,512,16384,0,0,123
nbody_kernel,37890,4096,256,256,4,0,1,0,0,0,1,1,627930,10427,5,204211944,100716546,7,234917888,99.289,0,0,0,0,402694144,100683776,0.499659,99.9344,3758301184,0,1477410816,268472320,2483421184,470147072,0,266410752,3,10.4294,0,0,1,1,1,9,31.0258,100,99.2095,1024,0,160,0,25
nbody_kernel,37225,4096,256,256,4,0,1,0,1,0,1,1,519876,10483,5,202029852,100716546,6,201494528,99.9349,1,3.50195,8388608,32768,402694144,100683776,0.499818,99.9396,3758301184,0,1277394944,268472320,2686058496,739106816,0,274897664,3,10.6206,0,0,1,1,1,9,30.7211,100,99.2339,1024,4096,160,0,27
nbody_kernel,39983,4096,256,256,4,0,1,1,0,0,1,1,649298,10793,5,210441796,100716546,7,234915840,97.2694,0,0,0,0,402694144,100683776,0.499471,99.9769,3758301184,0,1947336704,268472320,2684829696,470196224,0,287391488,3,9.88432,0,0,1,1,1,9,31.0402,100,99.2672,1024,0,160,0,26
nbody_kernel,36387,4096,256,256,4,0,1,1,0,0,2,1,520600,22123,4,155792156,100722690,6,184590336,98.3264,0,0,0,0,302043136,100689920,0.499701,99.9941,3758350336,0,973996032,134254592,1342652416,235184128,0,202441984,3,10.8613,0,0,1,1,1,8,25.049,100,99.4797,1024,0,208,0,32
nbody_kernel,34303,4096,256,256,4,0,1,1,0,0,4,1,530423,5301462,4,128671620,100734978,5,159436800,99.0439,0,0,0,0,251736064,100702208,0.499591,99.9855,3758448640,0,487329792,67145728,671563776,318984192,0,166260480,2,11.5173,0,0,1,1,1,8,21.6039,100,99.683,1024,0,304,0,56
nbody_kernel,37231,4096,256,256,4,0,1,1,1,0,1,1,519596,10515,5,202184388,100716546,6,201492480,99.9268,1,3.50195,8388608,32768,402694144,100683776,0.499806,99.9151,3758301184,0,1279393792,268472320,2686926848,739418112,0,274996992,3,10.6144,0,0,1,1,1,9,30.721,100,99.2342,1024,4096,160,0,28
nbody_kernel,34945,4096,256,256,4,0,1,1,1,0,2,1,520522,22780,4,151728924,100722690,5,151166976,99.9122,1,6.97674,4194304,32768,302043136,100689920,0.499907,99.9852,3758350336,0,640024576,134254592,1343700992,101343232,0,187855616,2,11.3071,0,0,1,1,1,8,23.2649,100,99.4393,1024,8192,208,0,32
nbody_kernel,33544,4096,256,256,4,0,1,1,1,0,4,1,530693,5305112,4,126575668,100734978,4,126013440,99.9025,1,6.97674,4194304,32768,251736064,100702208,0.499891,99.9878,3758448640,0,320344064,67145728,672088064,184963072,0,156870400,2,11.778,0,0,1,1,1,8,20.6265,100,99.6641,1024,16384,304,0,56
nbody_kernel,40519,4096,256,256,4,0,2,0,0,0,1,1,519834,10017,4,203995932,100716546,7,234917888,99.289,0,0,0,0,402694144,100683776,0.499643,99.9836,3758301184,0,940355584,134230016,1275314176,604446720,0,211876224,2,9.7533,0,0,1,1,1,9,24.1219,100,99.006,1024,0,160,0,40
nbody_kernel,39777,4096,256,256,4,0,2,0,1,0,1,1,519764,10051,4,202029908,100716546,6,201494528,99.9349,1,3.50195,8388608,32768,402694144,100683776,0.499962,99.9825,3758301184,0,740339712,134230016,1477951488,604979200,0,211974784,2,9.93304,0,0,1,1,1,8,23.7518,100,99.0065,1024,4096,160,0,40
nbody_kernel,42870,4096,256,256,4,0,2,1,0,0,1,1,649240,10188,4,210571526,100716546,6,234915840,97.2694,0,0,0,0,402694144,100683776,0.499558,99.9765,3758301184,0,1410191360,134230016,1476771840,604397568,0,232852608,2,9.21463,0,0,1,1,1,9,24.0717,100,99.0956,1024,0,160,0,40
nbody_kernel,37563,4096,256,256,4,0,2,1,0,0,2,1,520400,20944,4,155792204,100722690,6,184590336,98.3264,0,0,0,0,302043136,100689920,0.499474,99.9853,3758350336,0,705286144,67121152,738557952,302276608,0,175165568,2,10.5179,0,0,1,1,1,8,21.628,100,99.3987,1024,0,208,0,40
nbody_kernel,34091,4096,256,256,4,0,2,1,0,0,4,1,529563,4701146,4,128541564,100734978,5,159436800,99.0439,0,0,0,0,251736064,100702208,0.499495,99.9895,3758448640,0,352833536,33566720,570834944,218333184,0,154715008,2,11.5874,0,0,1,1,1,8,20.9283,100,99.6594,1024,0,304,0,56
nbody_kernel,39795,4096,256,256,4,0,2,1,1,0,1,1,519460,9787,4,202054580,100716546,6,201492480,99.9268,1,3.50195,8388608,32768,402694144,100683776,0.499837,99.9712,3758301184,0,742248448,134230016,1478868992,605175808,0,212069248,2,9.92848,0,0,1,1,1,8,23.7526,100,99.0069,1024,4096,160,0,40
nbody_kernel,35952,4096,256,256,4,0,2,1,1,0,2,1,520530,22309,4,151728924,100722690,5,151166976,99.9122,1,6.97674,4194304,32768,302043136,100689920,0.499875,99.9928,3758350336,0,371314688,67121152,739606528,302669824,0,164774016,2,10.9879,0,0,1,1,1,8,20.7734,100,99.3608,1024,8192,208,0,40
nbody_kernel,33314,4096,256,256,4,0,2,1,1,0,4,1,529989,4179027,4,126680284,100734978,4,126013440,99.9025,1,6.97674,4194304,32768,251736064,100702208,0.499926,99.9901,3758448640,0,185847808,33566720,571359232,252092416,0,150568064,2,11.8612,0,0,1,1,1,8,21.0997,100,99.65,1024,16384,304,0,60
nbody_kernel,7444,4096,256,256,4,0,4,0,0,0,1,1,129730,8,1,2259680,32770,5,33570816,0,0,0,0,0,0,0,0.484882,99.9381,3758301184,0,302641152,16781312,67174400,50700288,0,131120896,9,53.1881,0,0,3,1,1,2,87.9898,100,99.9936,1024,0,0,0,63
nbody_kernel,6845,4096,256,256,4,0,4,0,1,0,1,0,0,0,1,163864,32770,1,147456,0,3,3.50195,8388608,32768,0,0,0.490372,99.962,3758301184,0,152932352,16777216,269811712,925696,0,131219328,9,57.9574,0,0,3,1,2,1,93.9192,100,99.9936,1024,4096,0,0,63
nbody_kernel,9791,4096,256,256,4,0,4,1,0,0,1,1,259540,80,1,8705586,32770,4,33568768,0,0,0,0,0,0,0,0.489381,99.9442,3758301184,0,772444160,16781312,268582912,134582272,0,154717568,8,40.4258,0,0,2,1,1,4,80.356,100,99.9945,1024,0,0,0,56
nbody_kernel,11812,4096,256,256,4,0,4,1,0,0,2,1,129730,0,1,4511130,32770,4,33568768,0,0,0,0,0,0,0,0.300426,86.7397,3758350336,0,436637696,33558528,134365184,67395584,0,138451456,7,37.1012,0,0,2,1,1,2,74.8675,100,99.9969,896,0,0,0,71
nbody_kernel,6557,4096,256,256,4,0,4,1,0,0,4,1,259458,8,1,2413978,32770,6,33568768,0,0,0,0,0,0,0,0.248806,99.8799,3758448640,0,218402816,16781312,67256320,33878016,0,127963776,10,60.5207,0,0,3,1,1,2,95.1157,100,99.9982,512,0,0,0,123
nbody_kernel,6718,4096,256,256,4,0,4,1,1,0,1,1,259458,0,1,447898,32770,1,145408,0,3,3.50195,8388608,32768,0,0,0.489514,99.9753,3758301184,0,154832896,16777216,270680064,1200128,0,131314432,9,58.9614,0,0,3,1,2,1,95.1773,100,99.9936,1024,4096,0,0,64
nbody_kernel,8789,4096,256,256,4,0,4,1,1,0,2,1,129730,16,1,448114,32770,1,145408,0,1,6.97674,4194304,32768,0,0,0.309409,86.4191,3758350336,0,102666240,33554432,135413760,913408,0,125969920,8,42.1766,0,0,3,1,1,1,78.0231,100,99.9965,896,8192,0,0,71
nbody_kernel,5978,4096,256,256,4,0,4,1,1,0,4,0,0,0,1,188440,32770,1,145408,0,2,6.97674,4194304,32768,0,0,0.24979,99.9687,3758448640,0,51417088,16777216,67780608,774144,0,121727232,10,66.2804,0,0,3,1,1,1,98.1299,100,99.9981,512,16384,0,0,123
nbody_kernel,9082,4096,256,256,4,1,0,0,0,0,1,1,129795,156,1,2389402,32770,4,33570816,0,0,0,0,0,0,0,0.495773,99.8988,3758301184,0,403304448,67112960,67174400,67477504,0,136363776,8,43.6198,0,0,2,1,1,1,77.6468,100,99.9938,1024,0,0,0,54
nbody_kernel,7382,4096,256,256,4,1,0,0,1,0,1,1,129728,0,1,293600,32770,1,147456,0,3,3.50195,8388608,32768,0,0,0.487212,99.9485,3758301184,0,203264000,67108864,269811712,925696,0,134365056,9,53.6512,0,0,3,1,2,1,88.071,100,99.9937,1024,4096,0,0,62
nbody_kernel,10312,4096,256,256,4,1,0,1,0,0,1,1,259460,20,1,8705434,32770,4,33568768,0,0,0,0,0,0,0,0.489416,99.9403,3758301184,0,873107456,67112960,268582912,134582272,0,159436160,7,38.3971,0,0,2,1,1,4,76.8603,100,99.9947,1024,0,0,0,56
nbody_kernel,10663,4096,256,256,4,1,0,1,0,0,2,1,259458,0,1,4511130,32770,4,33568768,0,0,0,0,0,0,0,0.300481,86.9498,3758350336,0,436637696,33558528,134365184,67395584,0,138451456,7,37.2016,0,0,2,1,1,2,74.8886,100,99.9969,896,0,0,0,71
nbody_kernel,6540,4096,256,256,4,1,0,1,0,0,4,1,0,8,1,2154520,32770,6,33568768,0,0,0,0,0,0,0,0.248373,99.9263,3758448640,0,218402816,16781312,67256320,33878016,0,127963776,10,60.5308,0,0,3,1,1,2,95.0875,100,99.9982,512,0,0,0,123
nbody_kernel,8276,4096,256,256,4,1,0,1,1,0,1,1,259458,0,1,447898,32770,1,145408,0,3,3.50195,8388608,32768,0,0,0.491311,99.9654,3758301184,0,205164544,67108864,270680064,68313088,0,136557440,8,47.8594,0,0,3,1,2,1,83.9129,100,99.9938,1024,4096,0,0,56
nbody_kernel,9392,4096,256,256,4,1,0,1,1,0,2,0,0,0,1,188440,32770,1,145408,0,2,6.97674,4194304,32768,0,0,0.281594,99.9287,3758350336,0,102666240,33554432,135413760,913408,0,125969920,7,45.0748,0,0,3,1,1,1,72.1116,100,99.9965,896,8192,0,0,71
nbody_kernel,5980,4096,256,256,4,1,0,1,1,0,4,1,129738,0,1,448026,32770,1,145408,0,2,6.97674,4194304,32768,0,0,0.249759,99.9515,3758448640,0,51417088,16777216,67780608,774144,0,121727232,10,66.269,0,0,3,1,1,1,98.1298,100,99.9981,512,16384,0,0,123
nbody_kernel,37870,4096,256,256,4,1,1,0,0,0,1,1,519940,10475,5,203995932,100716546,7,234917888,99.289,0,0,0,0,402694144,100683776,0.49977,99.9498,3758301184,0,1477410816,268472320,2483421184,470147072,0,266410752,3,10.4376,0,0,1,1,1,9,31.0454,100,99.2095,1024,0,160,0,25
nbody_kernel,37223,4096,256,256,4,1,1,0,1,0,1,1,779394,10736,5,202289310,100716546,6,201494528,99.9349,1,3.50195,8388608,32768,402694144,100683776,0.499792,99.9184,3758301184,0,1277394944,268472320,2686058496,806215680,0,276994816,3,10.6155,0,0,1,1,1,9,31.0083,100,99.2397,1024,4096,160,0,27
nbody_kernel,40010,4096,256,256,4,1,1,1,0,0,1,1,649374,10752,5,210442068,100716546,7,234915840,97.2694,0,0,0,0,402694144,100683776,0.499537,99.9527,3758301184,0,1947336704,268472320,2684829696,470196224,0,287391488,3,9.87722,0,0,1,1,1,9,31.0254,100,99.2672,1024,0,160,0,26
nbody_kernel,36369,4096,256,256,4,1,1,1,0,0,2,1,520384,22688,4,155921892,100722690,6,184590336,98.3264,0,0,0,0,302043136,100689920,0.499764,99.9949,3758350336,0,973996032,134254592,1342652416,235184128,0,202441984,3,10.8636,0,0,1,1,1,8,25.0541,100,99.4797,1024,0,208,0,32
nbody_kernel,34304,4096,256,256,4,1,1,1,0,0,4,1,659657,5286637,4,128800926,100734978,5,159436800,99.0439,0,0,0,0,251736064,100702208,0.49948,99.9876,3758448640,0,487329792,67145728,671563776,318984192,0,166260480,2,11.5161,0,0,1,1,1,8,21.6011,100,99.683,1024,0,304,0,56
nbody_kernel,37240,4096,256,256,4,1,1,1,1,0,1,1,519484,10881,5,202054580,100716546,6,201492480,99.9268,1,3.50195,8388608,32768,402694144,100683776,0.49984,99.9175,3758301184,0,1279393792,268472320,2686926848,806526976,0,277094144,3,10.6145,0,0,1,1,1,9,31.0155,100,99.24,1024,4096,160,0,28
nbody_kernel,34930,4096,256,256,4,1,1,1,1,0,2,1,520414,22830,4,151728980,100722690,5,151166976,99.9122,1,6.97674,4194304,32768,302043136,100689920,0.499941,99.9856,3758350336,0,640024576,134254592,1343700992,134897664,0,188904192,2,11.3098,0,0,1,1,1,8,23.4275,100,99.4424,1024,8192,208,0,32
nbody_kernel,33548,4096,256,256,4,1,1,1,1,0,4,1,530785,5309034,4,126575388,100734978,4,126013440,99.9025,1,6.97674,4194304,32768,251736064,100702208,0.499902,99.9905,3758448640,0,320344064,67145728,672088064,201740288,0,157394688,2,11.7773,0,0,1,1,1,8,20.7065,100,99.6652,1024,16384,304,0,56
nbody_kernel,40524,4096,256,256,4,1,2,0,0,0,1,1,779656,9962,4,204255486,100716546,7,234917888,99.289,0,0,0,0,402694144,100683776,0.499593,99.9923,3758301184,0,940355584,134230016,1275314176,604446720,0,211876224,2,9.75395,0,0,1,1,1,9,24.1214,100,99.006,1024,0,160,0,40
nbody_kernel,39780,4096,256,256,4,1,2,0,1,0,1,1,653030,10021,4,202163218,100716546,6,201494528,99.9349,1,3.50195,8388608,32768,402694144,100683776,0.499954,99.9933,3758301184,0,740339712,134230016,1477951488,672088064,0,214071936,2,9.93502,0,0,1,1,1,8,24.03,100,99.0162,1024,4096,160,0,40
nbody_kernel,42878,4096,256,256,4,1,2,1,0,0,1,1,649416,10288,4,210571718,100716546,6,234915840,97.2694,0,0,0,0,402694144,100683776,0.499617,99.9783,3758301184,0,1410191360,134230016,1476771840,604397568,0,232852608,2,9.2163,0,0,1,1,1,9,24.0756,100,99.0956,1024,0,160,0,40
nbody_kernel,37565,4096,256,256,4,1,2,1,0,0,2,1,520392,21506,4,155792492,100722690,6,184590336,98.3264,0,0,0,0,302043136,100689920,0.499596,99.9841,3758350336,0,705286144,67121152,738557952,302276608,0,175165568,2,10.5188,0,0,1,1,1,8,21.6302,100,99.3987,1024,0,208,0,40
nbody_kernel,34101,4096,256,256,4,1,2,1,0,0,4,1,529827,4709678,4,128541468,100734978,5,159436800,99.0439,0,0,0,0,251736064,100702208,0.499502,99.9872,3758448640,0,352833536,33566720,570834944,218333184,0,154715008,2,11.587,0,0,1,1,1,8,20.9281,100,99.6594,1024,0,304,0,56
nbody_kernel,39787,4096,256,256,4,1,2,1,1,0,1,1,778882,9513,4,202313990,100716546,6,201492480,99.9268,1,3.50195,8388608,32768,402694144,100683776,0.499863,99.9897,3758301184,0,742248448,134230016,1478868992,672284672,0,214166400,2,9.93006,0,0,1,1,1,8,24.0278,100,99.0167,1024,4096,160,0,40
nbody_kernel,35955,4096,256,256,4,1,2,1,1,0,2,1,650440,21712,4,151989006,100722690,5,151166976,99.9122,1,6.97674,4194304,32768,302043136,100689920,0.499899,99.9831,3758350336,0,371314688,67121152,739606528,336224256,0,165822592,2,10.9863,0,0,1,1,1,8,20.9249,100,99.3648,1024,8192,208,0,40
nbody_kernel,33312,4096,256,256,4,1,2,1,1,0,4,1,529525,4178458,4,126575588,100734978,4,126013440,99.9025,1,6.97674,4194304,32768,251736064,100702208,0.499841,99.9836,3758448640,0,185847808,33566720,571359232,268869632,0,151092352,2,11.8597,0,0,1,1,1,8,21.1807,100,99.6512,1024,16384,304,0,60
nbody_kernel,9085,4096,256,256,4,1,4,0,0,0,1,1,129756,8,1,2389490,32770,4,33570816,0,0,0,0,0,0,0,0.49552,99.9553,3758301184,0,403304448,67112960,67174400,67477504,0,136363776,8,43.6242,0,0,2,1,1,1,77.6107,100,99.9938,1024,0,0,0,54
nbody_kernel,7384,4096,256,256,4,1,4,0,1,0,1,1,129728,0,1,293600,32770,1,147456,0,3,3.50195,8388608,32768,0,0,0.48724,99.9663,3758301184,0,203264000,67108864,269811712,925696,0,134365056,9,53.6535,0,0,3,1,2,1,88.0591,100,99.9937,1024,4096,0,0,62
nbody_kernel,10317,4096,256,256,4,1,4,1,0,0,1,1,259532,48,1,8705626,32770,4,33568768,0,0,0,0,0,0,0,0.489286,99.9461,3758301184,0,873107456,67112960,268582912,134582272,0,159436160,7,38.3852,0,0,2,1,1,4,76.8319,100,99.9947,1024,0,0,0,56
nbody_kernel,10650,4096,256,256,4,1,4,1,0,0,2,1,129752,0,1,4251752,32770,4,33568768,0,0,0,0,0,0,0,0.335852,77.7582,3758350336,0,436637696,33558528,134365184,67395584,0,138451456,8,37.1849,0,0,3,1,1,3,83.7035,100,99.9969,896,0,0,0,71
nbody_kernel,6541,4096,256,256,4,1,4,1,0,0,4,1,0,8,1,2154520,32770,6,33568768,0,0,0,0,0,0,0,0.248948,99.8318,3758448640,0,218402816,16781312,67256320,33878016,0,127963776,10,60.5483,0,0,3,1,1,2,95.2049,100,99.9982,512,0,0,0,123
nbody_kernel,8280,4096,256,256,4,1,4,1,1,0,1,1,16,0,1,188440,32770,1,145408,0,3,3.50195,8388608,32768,0,0,0.491016,99.9415,3758301184,0,205164544,67108864,270680064,68313088,0,136557440,8,47.8077,0,0,3,1,2,1,83.8423,100,99.9938,1024,4096,0,0,56
nbody_kernel,9399,4096,256,256,4,1,4,1,1,0,2,1,259458,0,1,447898,32770,1,145408,0,2,6.97674,4194304,32768,0,0,0.281511,99.9791,3758350336,0,102666240,33554432,135413760,913408,0,125969920,7,45.0829,0,0,3,1,1,1,72.0881,100,99.9965,896,8192,0,0,71
nbody_kernel,5983,4096,256,256,4,1,4,1,1,0,4,1,129728,0,1,318176,32770,1,145408,0,2,6.97674,4194304,32768,0,0,0.249782,99.9467,3758448640,0,51417088,16777216,67780608,774144,0,121727232,10,66.2763,0,0,3,1,1,1,98.1454,100,99.9981,512,16384,0,0,123
nbody_kernel,7073,4096,256,256,4,2,0,0,0,0,1,1,129729,8,1,2259680,32770,5,33570816,0,0,0,0,0,0,0,0.48783,99.9401,3758301184,0,201977856,33558528,67174400,33923072,0,127975168,9,56.0553,0,0,3,1,1,2,88.8364,100,99.9934,1024,0,0,0,62
nbody_kernel,7038,4096,256,256,4,2,0,0,1,0,1,0,0,0,1,163864,32770,1,147456,0,2,6.97674,4194304,32768,0,0,0.48864,99.9631,3758301184,0,102600704,33554432,135593984,925696,0,125976448,9,56.3021,0,0,3,1,1,1,90.0624,100,99.9933,1024,4096,0,0,64
nbody_kernel,7506,4096,256,256,4,2,0,1,0,0,1,1,129731,0,1,8705434,32770,5,33568768,0,0,0,0,0,0,0,0.486436,99.9646,3758301184,0,436899840,33558528,268582912,101036032,0,143707776,9,52.8121,0,0,3,1,1,5,89.5476,100,99.9941,1024,0,0,0,64
nbody_kernel,8824,4096,256,256,4,2,0,1,0,0,2,1,129754,0,1,4511290,32770,4,33568768,0,0,0,0,0,0,0,0.335061,79.1033,3758350336,0,218533888,16781312,134365184,50618368,0,130587136,9,44.898,0,0,3,1,1,3,91.4648,100,99.9967,768,0,0,0,80
nbody_kernel,6276,4096,256,256,4,2,0,1,0,0,4,1,129728,16,1,2284256,32770,6,33568768,0,0,0,0,0,0,0,0.248955,99.894,3758448640,0,109350912,8392704,67256320,33873920,0,124293632,10,63.1123,0,0,3,1,1,2,95.8845,100,99.9981,512,0,0,0,124
nbody_kernel,6690,4096,256,256,4,2,0,1,1,0,1,1,129730,0,1,447898,32770,1,145408,0,2,6.97674,4194304,32768,0,0,0.488485,99.9446,3758301184,0,104501248,33554432,136462336,1470464,0,126080000,9,59.2183,0,0,3,1,1,1,92.3307,100,99.9933,1024,4096,0,0,62
nbody_kernel,8284,4096,256,256,4,2,0,1,1,0,2,1,0,8,1,188472,32770,1,145408,0,2,6.97674,4194304,32768,0,0,0.291296,99.9606,3758350336,0,52334592,16777216,68304896,917504,0,121775744,8,53.8075,0,0,3,1,1,1,83.0645,100,99.9964,768,8192,0,0,80
nbody_kernel,5925,4096,256,256,4,2,0,1,1,0,4,0,0,0,1,188440,32770,1,145408,0,2,6.97674,4194304,32768,0,0,0.249496,99.9646,3758448640,0,26251264,8388608,67780608,778240,0,120678784,10,66.9006,0,0,3,1,1,1,98.3553,100,99.9981,512,16384,0,0,125
nbody_kernel,37923,4096,256,256,4,2,1,0,0,0,1,1,779406,10625,5,204255662,100716546,7,234917888,99.289,0,0,0,0,402694144,100683776,0.499615,99.9598,3758301184,0,1544519680,234917888,2483421184,570810368,0,270605056,3,10.4212,0,0,1,1,1,9,32.5862,100,99.2217,1024,0,160,0,27
nbody_kernel,37226,4096,256,256,4,2,1,0,1,0,1,1,519812,10690,5,202030340,100716546,6,201494528,99.9349,1,3.50195,8388608,32768,402694144,100683776,0.499899,99.9509,3758301184,0,1445167104,234917888,2686058496,739106816,0,279091968,3,10.6133,0,0,1,1,1,9,33.3512,100,99.2454,1024,4096,160,0,27
nbody_kernel,40018,4096,256,256,4,2,1,1,0,0,1,1,519590,10715,5,210311964,100716546,7,234915840,97.2694,0,0,0,0,402694144,100683776,0.49962,99.9607,3758301184,0,1779564544,234917888,2684829696,570859520,0,284245760,3,9.87222,0,0,1,1,1,9,32.1045,100,99.2591,1024,0,160,0,32
nbody_kernel,36404,4096,256,256,4,2,1,1,0,0,2,1,520496,22800,4,155792268,100722690,6,184590336,98.3264,0,0,0,0,302043136,100689920,0.499693,99.9868,3758350336,0,890109952,117477376,1342652416,285499392,0,200868608,2,10.8523,0,0,1,1,1,8,25.4823,100,99.4756,1024,0,208,0,40
nbody_kernel,34363,4096,256,256,4,2,1,1,0,0,4,1,530575,4543127,4,128541468,100734978,5,159436800,99.0439,0,0,0,0,251736064,100702208,0.499559,99.9837,3758448640,0,445386752,58757120,671563776,109268992,0,158134016,2,11.4953,0,0,1,1,1,8,21.6828,100,99.6668,1024,0,304,0,64
nbody_kernel,37300,4096,256,256,4,2,1,1,1,0,1,1,519596,10614,5,202070728,100716546,6,201492480,99.9268,1,3.50195,8388608,32768,402694144,100683776,0.499772,99.9244,3758301184,0,1447165952,234917888,2686926848,739401728,0,279190784,3,10.5943,0,0,1,1,1,9,33.3104,100,99.2457,1024,4096,160,0,28
nbody_kernel,35001,4096,256,256,4,2,1,1,1,0,2,1,650424,22521,4,151988382,100722690,5,151166976,99.9122,1,6.97674,4194304,32768,302043136,100689920,0.499912,99.9911,3758350336,0,723910656,117477376,1343700992,302669824,0,196244224,3,11.2881,0,0,1,1,1,8,25.8896,100,99.4633,1024,8192,208,0,39
nbody_kernel,33560,4096,256,256,4,2,1,1,1,0,4,1,589447,5074336,4,126575684,100734978,4,126013440,99.9025,1,6.97674,4194304,32768,251736064,100702208,0.499939,99.9909,3758448640,0,362287104,58757120,672088064,218517504,0,158967552,2,11.77,0,0,1,1,1,8,21.3475,100,99.6685,1024,16384,304,0,56
nbody_kernel,40513,4096,256,256,4,2,2,0,0,0,1,1,649628,9905,4,204255670,100716546,7,234917888,99.289,0,0,0,0,402694144,100683776,0.499668,99.9911,3758301184,0,873246720,100675584,1275314176,638001152,0,209779072,2,9.75397,0,0,1,1,1,9,24.7991,100,98.9961,1024,0,160,0,40
nbody_kernel,39777,4096,256,256,4,2,2,0,1,0,1,1,519792,9889,4,202030020,100716546,6,201494528,99.9349,1,3.50195,8388608,32768,402694144,100683776,0.499951,99.9808,3758301184,0,773894144,100675584,1477951488,537870336,0,209877632,2,9.93502,0,0,1,1,1,8,24.309,100,98.9966,1024,4096,160,0,40
nbody_kernel,42850,4096,256,256,4,2,2,1,0,0,1,1,649464,10317,4,210571966,100716546,6,234915840,97.2694,0,0,0,0,402694144,100683776,0.499733,99.9925,3758301184,0,1108201472,100675584,1476771840,436625408,0,217123968,2,9.22256,0,0,1,1,1,9,23.4481,100,99.0301,1024,0,160,0,40
nbody_kernel,37611,4096,256,256,4,2,2,1,0,0,2,1,520408,21544,4,155792156,100722690,6,184590336,98.3264,0,0,0,0,302043136,100689920,0.499512,99.9876,3758350336,0,554291200,50343936,738557952,285499392,0,169398400,2,10.504,0,0,1,1,1,8,20.9424,100,99.3782,1024,0,208,0,48
nbody_kernel,51104,4096,256,256,4,2,2,1,0,0,4,1,650181,30180,3,128800926,100734978,4,159436800,99.0439,0,0,0,0,251736064,100702208,0.343138,66.7335,3758448640,0,277336064,25178112,570834944,209944576,0,151831424,2,7.7284,0,0,1,1,1,8,20.6331,100,99.6529,896,0,304,0,67
nbody_kernel,39782,4096,256,256,4,2,2,1,1,0,1,1,649424,9715,4,202184340,100716546,6,201492480,99.9268,1,3.50195,8388608,32768,402694144,100683776,0.499946,99.9894,3758301184,0,775802880,100675584,1478868992,605175808,0,212069248,2,9.93087,0,0,1,1,1,8,24.8575,100,99.0069,1024,4096,160,0,40
nbody_kernel,35976,4096,256,256,4,2,2,1,1,0,2,1,520526,21233,4,151729044,100722690,5,151166976,99.9122,1,6.97674,4194304,32768,302043136,100689920,0.499855,99.989,3758350336,0,388091904,50343936,739606528,302669824,0,164774016,2,10.9815,0,0,1,1,1,8,21.2196,100,99.3608,1024,8192,208,0,40
nbody_kernel,33295,4096,256,256,4,2,2,1,1,0,4,1,529745,4187958,4,126705572,100734978,4,126013440,99.9025,1,6.97674,4194304,32768,251736064,100702208,0.499843,99.9905,3758448640,0,194256896,25178112,571359232,201760768,0,148995840,2,11.862,0,0,1,1,1,8,21.0188,100,99.6463,1024,16384,304,0,60
nbody_kernel,7066,4096,256,256,4,2,4,0,0,0,1,1,129732,16,1,2389402,32770,5,33570816,0,0,0,0,0,0,0,0.488002,99.9208,3758301184,0,201977856,33558528,67174400,33923072,0,127975168,9,56.0468,0,0,3,1,1,2,88.8402,100,99.9934,1024,0,0,0,62
nbody_kernel,7037,4096,256,256,4,2,4,0,1,0,1,1,129728,0,1,293768,32770,1,147456,0,2,6.97674,4194304,32768,0,0,0.488458,99.9665,3758301184,0,102600704,33554432,135593984,925696,0,125976448,9,56.3037,0,0,3,1,1,1,90.0619,100,99.9933,1024,4096,0,0,64
nbody_kernel,7500,4096,256,256,4,2,4,1,0,0,1,1,129809,97,1,8575824,32770,5,33568768,0,0,0,0,0,0,0,0.48636,99.9755,3758301184,0,436899840,33558528,268582912,101036032,0,143707776,9,52.8062,0,0,3,1,1,5,89.5279,100,99.9941,1024,0,0,0,64
nbody_kernel,8819,4096,256,256,4,2,4,1,0,0,2,1,259458,0,1,4511306,32770,4,33568768,0,0,0,0,0,0,0,0.308366,86.1951,3758350336,0,218533888,16781312,134365184,50618368,0,130587136,8,44.8649,0,0,3,1,1,3,83.8775,100,99.9967,768,0,0,0,80
nbody_kernel,6278,4096,256,256,4,2,4,1,0,0,4,1,0,16,1,2154520,32770,6,33568768,0,0,0,0,0,0,0,0.248765,99.8062,3758448640,0,109350912,8392704,67256320,33873920,0,124293632,10,62.9977,0,0,3,1,1,2,95.7945,100,99.9981,512,0,0,0,124
nbody_kernel,6694,4096,256,256,4,2,4,1,1,0,1,0,0,0,1,188440,32770,1,145408,0,2,6.97674,4194304,32768,0,0,0.488789,99.9534,3758301184,0,104501248,33554432,136462336,1470464,0,126080000,9,59.241,0,0,3,1,1,1,92.3579,100,99.9933,1024,4096,0,0,62
nbody_kernel,7362,4096,256,256,4,2,4,1,1,0,2,1,129730,16,1,447898,32770,1,145408,0,2,6.97674,4194304,32768,0,0,0.291363,99.9691,3758350336,0,52334592,16777216,68304896,917504,0,121775744,8,53.8085,0,0,3,1,1,1,83.059,100,99.9964,768,8192,0,0,80
nbody_kernel,5924,4096,256,256,4,2,4,1,1,0,4,0,0,0,1,188440,32770,1,145408,0,2,6.97674,4194304,32768,0,0,0.249243,99.9576,3758448640,0,26251264,8388608,67780608,778240,0,120678784,10,66.8998,0,0,3,1,1,1,98.361,100,99.9981,512,16384,0,0,125
nbody_kernel,7046,4096,256,256,4,4,0,0,0,0,1,1,2,72,1,2138644,32770,5,33570816,0,0,0,0,0,0,0,0.486513,99.9084,3758301184,0,101314560,16781312,67174400,50700288,0,124829440,9,56.2196,0,0,3,1,1,2,89.5159,100,99.9932,1024,0,0,0,64
nbody_kernel,6875,4096,256,256,4,4,0,0,1,0,1,1,129728,0,1,293600,32770,1,147456,0,2,6.97674,4194304,32768,0,0,0.306875,99.9715,3758301184,0,52293632,16777216,68485120,1196032,0,121791360,9,58.0012,0,0,3,1,1,1,88.3417,100,99.9931,896,4096,0,0,70
nbody_kernel,7675,4096,256,256,4,4,0,1,0,0,1,1,259460,0,1,8705434,32770,5,33568768,0,0,0,0,0,0,0,0.486685,99.9515,3758301184,0,218796032,16781312,268582912,101036032,0,136367744,8,51.6377,0,0,3,1,1,5,85.0565,100,99.9938,1024,0,0,0,64
nbody_kernel,8714,4096,256,256,4,4,0,1,0,0,2,1,129744,0,1,4378396,32770,4,33568768,0,0,0,0,0,0,0,0.304552,86.4861,3758350336,0,109481984,8392704,134365184,42233856,0,126655104,8,43.0168,0,0,3,1,1,3,78.943,100,99.9966,768,0,0,0,80
nbody_kernel,6418,4096,256,256,4,4,0,1,0,0,4,1,129730,16,1,2284256,32770,6,33568768,0,0,0,0,0,0,0,0.24912,99.8141,3758448640,0,54824960,4198400,67256320,46460928,0,122851968,10,61.7915,0,0,3,1,1,2,93.7379,100,99.9981,512,0,0,0,128
nbody_kernel,7877,4096,256,256,4,4,0,1,1,0,1,1,129730,0,1,447898,32770,1,145408,0,2,6.97674,4194304,32768,0,0,0.328681,83.0878,3758301184,0,54169600,16777216,69353472,1458176,0,121885312,9,50.276,0,0,3,1,1,1,91.3495,100,99.9931,896,4096,0,0,70
nbody_kernel,5891,4096,256,256,4,4,0,1,1,0,2,1,20276,16,1,318176,32770,1,145408,0,2,6.97674,4194304,32768,0,0,0.248413,99.9652,3758350336,0,27168768,8388608,68304896,909312,0,120726912,10,67.3032,0,0,3,1,1,1,98.5174,100,99.9964,640,8192,0,0,95
nbody_kernel,5959,4096,256,256,4,4,0,1,1,0,4,1,259482,0,1,448050,32770,1,145408,0,2,6.97674,4194304,32768,0,0,0.249029,99.8673,3758448640,0,13668352,4194304,67780608,778240,0,120154496,10,66.5575,0,0,3,1,1,1,97.3675,100,99.9981,512,16384,0,0,126
nbody_kernel,37909,4096,256,256,4,4,1,0,0,0,1,1,519850,10757,5,204125748,100716546,7,234917888,99.289,0,0,0,0,402694144,100683776,0.499701,99.9615,3758301184,0,1443856384,218140672,2483421184,503701504,0,264837888,3,10.4266,0,0,1,1,1,9,32.0231,100,99.2048,1024,0,160,0,27
nbody_kernel,37256,4096,256,256,4,4,1,0,1,0,1,1,519872,10567,5,202029916,100716546,6,201494528,99.9349,1,3.50195,8388608,32768,402694144,100683776,0.499863,99.9406,3758301184,0,1394835456,218140672,2686058496,739106816,0,276994816,3,10.6035,0,0,1,1,1,9,33.029,100,99.2397,1024,4096,160,0,27
nbody_kernel,40025,4096,256,256,4,4,1,1,0,0,1,1,519574,11004,5,210311964,100716546,7,234915840,97.2694,0,0,0,0,402694144,100683776,0.499681,99.9803,3758301184,0,1561460736,218140672,2684829696,520527872,0,275332864,3,9.87648,0,0,1,1,1,9,31.2889,100,99.2351,1024,0,160,0,32
nbody_kernel,36400,4096,256,256,4,4,1,1,0,0,2,1,520596,22247,4,155792612,100722690,6,184590336,98.3264,0,0,0,0,302043136,100689920,0.49967,99.9885,3758350336,0,781058048,109088768,1342652416,218390528,0,195101440,2,10.8556,0,0,1,1,1,8,24.8865,100,99.4601,1024,0,208,0,40
nbody_kernel,34351,4096,256,256,4,4,1,1,0,0,4,1,530411,4768290,4,128541916,100734978,5,159436800,99.0439,0,0,0,0,251736064,100702208,0.499603,99.9863,3758448640,0,390860800,54562816,671563776,130240512,0,156954368,2,11.5013,0,0,1,1,1,8,21.4339,100,99.6642,1024,0,304,0,64
nbody_kernel,37275,4096,256,256,4,4,1,1,1,0,1,1,519376,10521,5,202054428,100716546,6,201492480,99.9268,1,3.50195,8388608,32768,402694144,100683776,0.499897,99.9366,3758301184,0,1396834304,218140672,2686926848,672292864,0,274996480,3,10.6035,0,0,1,1,1,9,33.0404,100,99.2342,1024,4096,160,0,29
nbody_kernel,34997,4096,256,256,4,4,1,1,1,0,2,1,650294,23028,4,151729028,100722690,5,151166976,99.9122,1,6.97674,4194304,32768,302043136,100689920,0.499912,99.9901,3758350336,0,698744832,109088768,1343700992,302669824,0,195195648,2,11.2881,0,0,1,1,1,8,25.5763,100,99.4604,1024,8192,208,0,39
nbody_kernel,33593,4096,256,256,4,4,1,1,1,0,4,1,531509,4315453,4,126575964,100734978,4,126013440,99.9025,1,6.97674,4194304,32768,251736064,100702208,0.499898,99.9913,3758448640,0,349720576,54562816,672088064,218591232,0,158446080,2,11.7612,0,0,1,1,1,8,22.3933,100,99.6674,1024,16384,304,0,56
nbody_kernel,40526,4096,256,256,4,4,2,0,0,0,1,1,649566,10157,4,204125868,100716546,7,234917888,99.289,0,0,0,0,402694144,100683776,0.499616,99.9759,3758301184,0,772583424,83898368,1275314176,570892288,0,204011904,2,9.74992,0,0,1,1,1,9,23.709,100,98.9677,1024,0,160,0,40
nbody_kernel,39754,4096,256,256,4,4,2,0,1,0,1,1,519796,10340,4,202030116,100716546,6,201494528,99.9349,1,3.50195,8388608,32768,402694144,100683776,0.499938,99.9903,3758301184,0,723562496,83898368,1477951488,537870336,0,207780480,2,9.93581,0,0,1,1,1,8,24.3086,100,98.9864,1024,4096,160,0,40
nbody_kernel,42892,4096,256,256,4,4,2,1,0,0,1,1,649414,10214,4,210442372,100716546,6,234915840,97.2694,0,0,0,0,402694144,100683776,0.499561,99.9831,3758301184,0,890097664,83898368,1476771840,486957056,0,211356800,2,9.20919,0,0,1,1,1,9,22.9687,100,99.0036,1024,0,160,0,40
nbody_kernel,37601,4096,256,256,4,4,2,1,0,0,2,1,520480,21416,4,155792316,100722690,6,184590336,98.3264,0,0,0,0,302043136,100689920,0.499551,99.9878,3758350336,0,445239296,41955328,738557952,285499392,0,165728384,2,10.5071,0,0,1,1,1,8,20.5106,100,99.3644,1024,0,208,0,48
nbody_kernel,34104,4096,256,256,4,4,2,1,0,0,4,1,529211,4474387,4,128542084,100734978,5,159436800,99.0439,0,0,0,0,251736064,100702208,0.499489,99.9904,3758448640,0,222814208,20983808,570834944,193163264,0,149472128,2,11.5855,0,0,1,1,1,8,20.1805,100,99.6474,1024,0,304,0,64
nbody_kernel,39786,4096,256,256,4,4,2,1,1,0,1,1,778962,9583,4,202314086,100716546,6,201492480,99.9268,1,3.50195,8388608,32768,402694144,100683776,0.499936,99.9844,3758301184,0,725471232,83898368,1478868992,605175808,0,209972096,2,9.93173,0,0,1,1,1,8,24.585,100,98.997,1024,4096,160,0,40
nbody_kernel,35983,4096,256,256,4,4,2,1,1,0,2,1,520458,21673,4,151858660,100722690,5,151166976,99.9122,1,6.97674,4194304,32768,302043136,100689920,0.499854,99.988,3758350336,0,362926080,41955328,739606528,302669824,0,163725440,2,10.9813,0,0,1,1,1,8,21.2195,100,99.3567,1024,8192,208,0,40
nbody_kernel,33305,4096,256,256,4,4,2,1,1,0,4,1,529441,4144709,4,126575388,100734978,4,126013440,99.9025,1,6.97674,4194304,32768,251736064,100702208,0.499829,99.9914,3758448640,0,181678080,20983808,571359232,193433600,0,148211456,2,11.8604,0,0,1,1,1,8,20.3568,100,99.6444,1024,16384,304,0,59
nbody_kernel,7044,4096,256,256,4,4,4,0,0,0,1,1,129732,16,1,2389402,32770,5,33570816,0,0,0,0,0,0,0,0.486186,99.9085,3758301184,0,101314560,16781312,67174400,50700288,0,124829440,9,56.1943,0,0,3,1,1,2,89.4754,100,99.9932,1024,0,0,0,64
nbody_kernel,7909,4096,256,256,4,4,4,0,1,0,1,1,129730,36,1,423322,32770,1,147456,0,2,6.97674,4194304,32768,0,0,0.316738,99.9526,3758301184,0,52293632,16777216,68485120,1196032,0,121791360,9,57.9979,0,0,3,1,1,1,88.3533,100,99.9931,896,4096,0,0,70
nbody_kernel,7683,4096,256,256,4,4,4,1,0,0,1,1,2,8,1,8445976,32770,5,33568768,0,0,0,0,0,0,0,0.486545,99.9484,3758301184,0,218796032,16781312,268582912,101036032,0,136367744,8,51.6235,0,0,3,1,1,5,85.0357,100,99.9938,1024,0,0,0,64
nbody_kernel,9202,4096,256,256,4,4,4,1,0,0,2,1,129730,0,1,4511130,32770,5,33568768,0,0,0,0,0,0,0,0.278724,99.7805,3758350336,0,109481984,8392704,134365184,42233856,0,126655104,7,45.4185,0,0,3,1,1,3,72.2451,100,99.9966,768,0,0,0,80
nbody_kernel,6410,4096,256,256,4,4,4,1,0,0,4,1,129732,16,1,2413978,32770,6,33568768,0,0,0,0,0,0,0,0.249093,99.9487,3758448640,0,54824960,4198400,67256320,46460928,0,122851968,10,61.8943,0,0,3,1,1,2,93.7674,100,99.9981,512,0,0,0,128
nbody_kernel,7876,4096,256,256,4,4,4,1,1,0,1,1,81820,0,1,188440,32770,1,145408,0,2,6.97674,4194304,32768,0,0,0.305825,99.9263,3758301184,0,54169600,16777216,69353472,1458176,0,121885312,9,58.0237,0,0,3,1,1,1,87.6613,100,99.9931,896,4096,0,0,70
nbody_kernel,5893,4096,256,256,4,4,4,1,1,0,2,1,0,16,1,188440,32770,1,145408,0,2,6.97674,4194304,32768,0,0,0.249139,99.9711,3758350336,0,27168768,8388608,68304896,909312,0,120726912,10,67.3109,0,0,3,1,1,1,98.5228,100,99.9964,640,8192,0,0,95
nbody_kernel,5947,4096,256,256,4,4,4,1,1,0,4,1,129730,0,1,447898,32770,1,145408,0,2,6.97674,4194304,32768,0,0,0.249604,99.8908,3758448640,0,13668352,4194304,67780608,778240,0,120154496,10,66.6172,0,0,3,1,1,1,97.4319,100,99.9981,512,16384,0,0,126
nbody_kernel,8107,4096,256,256,4,8,0,0,0,0,1,1,2,8,1,2129944,32770,5,33570816,0,0,0,0,0,0,0,0.342479,79.614,3758301184,0,50982912,8392704,67174400,59084800,0,123256448,10,48.888,0,0,3,1,1,2,93.4207,100,99.9931,896,0,0,0,72
nbody_kernel,7486,4096,256,256,4,8,0,0,1,0,1,1,108373,0,1,169392,32770,1,147456,0,2,6.97674,4194304,32768,0,0,0.325287,81.0903,3758301184,0,27127808,8388608,68485120,1196032,0,120742784,10,52.9135,0,0,3,1,1,1,96.1861,100,99.993,768,4096,0,0,79
nbody_kernel,7988,4096,256,256,4,8,0,1,0,0,1,1,259516,88,1,8705602,32770,5,33568768,0,0,0,0,0,0,0,0.485575,99.9234,3758301184,0,109744128,8392704,268582912,117813248,0,133222016,8,49.5718,0,0,3,1,1,5,80.4708,100,99.9937,1024,0,0,0,64
nbody_kernel,6506,4096,256,256,4,8,0,1,0,0,2,1,259458,0,1,4511130,32770,6,33568768,0,0,0,0,0,0,0,0.249013,99.8599,3758350336,0,54956032,4198400,134365184,84168704,0,126130560,9,60.8974,0,0,3,1,1,3,92.6613,100,99.9965,640,0,0,0,96
nbody_kernel,9634,4096,256,256,4,8,0,1,0,0,4,1,129730,16,1,2154520,32770,4,33568768,0,0,0,0,0,0,0,0.125006,98.8311,3758448640,0,27561984,2101248,67256320,29679616,0,121410048,7,41.0837,0,0,2,1,1,1,61.8976,100,99.9981,384,0,0,0,132
nbody_kernel,7889,4096,256,256,4,8,0,1,1,0,1,1,259458,0,1,447898,32770,1,145408,0,2,6.97674,4194304,32768,0,0,0.305094,99.9537,3758301184,0,29003776,8388608,69353472,1462272,0,120836864,9,57.7238,0,0,3,1,1,1,87.385,100,99.993,896,4096,0,0,72
nbody_kernel,6018,4096,256,256,4,8,0,1,1,0,2,1,129732,16,1,447898,32770,1,145408,0,2,6.97674,4194304,32768,0,0,0.249198,99.8368,3758350336,0,14585856,4194304,68304896,905216,0,120202496,10,65.6982,0,0,3,1,1,1,96.4053,100,99.9964,640,8192,0,0,95
nbody_kernel,6211,4096,256,256,4,8,0,1,1,0,4,1,259466,0,1,448122,32770,1,145408,0,2,6.97674,4194304,32768,0,0,0.249219,99.7293,3758448640,0,7376896,2097152,67780608,774144,0,119892224,10,63.9417,0,0,3,1,1,1,93.5035,100,99.9981,512,16384,0,0,128
nbody_kernel,37925,4096,256,256,4,8,1,0,0,0,1,1,649900,10717,5,204126180,100716546,7,234917888,99.289,0,0,0,0,402694144,100683776,0.49967,99.9575,3758301184,0,1393524736,209752064,2483421184,537255936,0,264051456,3,10.4218,0,0,1,1,1,9,31.7199,100,99.2024,1024,0,160,0,27
nbody_kernel,37288,4096,256,256,4,8,1,0,1,0,1,1,779142,10876,5,202289278,100716546,6,201494528,99.9349,1,3.50195,8388608,32768,402694144,100683776,0.499839,99.9331,3758301184,0,1369669632,209752064,2686058496,739106816,0,275946240,3,10.5955,0,0,1,1,1,9,32.8592,100,99.2368,1024,4096,160,0,27
nbody_kernel,40007,4096,256,256,4,8,1,1,0,0,1,1,519798,10968,5,210312596,100716546,7,234915840,97.2694,0,0,0,0,402694144,100683776,0.49962,99.9695,3758301184,0,1452408832,209752064,2684829696,495362048,0,270876416,3,9.87592,0,0,1,1,1,9,30.879,100,99.2225,1024,0,160,0,32
nbody_kernel,36388,4096,256,256,4,8,1,1,0,0,2,1,779890,22558,4,156051614,100722690,6,184590336,98.3264,0,0,0,0,302043136,100689920,0.499665,99.9601,3758350336,0,726532096,104894464,1342652416,226779136,0,193528576,2,10.8535,0,0,1,1,1,8,24.5871,100,99.4557,1024,0,208,0,40
nbody_kernel,34366,4096,256,256,4,8,1,1,0,0,4,1,530639,4498372,4,128671340,100734978,5,159436800,99.0439,0,0,0,0,251736064,100702208,0.499578,99.9862,3758448640,0,363614208,52465664,671563776,182677504,0,157676032,2,11.4942,0,0,1,1,1,8,21.6104,100,99.6658,1024,0,304,0,64
nbody_kernel,37254,4096,256,256,4,8,1,1,1,0,1,1,519576,10740,5,202054516,100716546,6,201492480,99.9268,1,3.50195,8388608,32768,402694144,100683776,0.4999,99.9454,3758301184,0,1371668480,209752064,2686926848,638738432,0,272899328,3,10.6051,0,0,1,1,1,9,32.8951,100,99.2283,1024,4096,160,0,29
nbody_kernel,34996,4096,256,256,4,8,1,1,1,0,2,1,520502,22578,4,151728924,100722690,5,151166976,99.9122,1,6.97674,4194304,32768,302043136,100689920,0.499832,99.9877,3758350336,0,686161920,104894464,1343700992,302669824,0,194671360,2,11.2877,0,0,1,1,1,8,25.4192,100,99.4589,1024,8192,208,0,39
nbody_kernel,33652,4096,256,256,4,8,1,1,1,0,4,1,530989,4541437,4,126575540,100734978,4,126013440,99.9025,1,6.97674,4194304,32768,251736064,100702208,0.499877,99.9911,3758448640,0,343433216,52465664,672088064,151494656,0,156087296,2,11.7418,0,0,1,1,1,8,22.2748,100,99.6624,1024,16384,304,0,56
nbody_kernel,40525,4096,256,256,4,8,2,0,0,0,1,1,649656,10074,4,204255718,100716546,7,234917888,99.289,0,0,0,0,402694144,100683776,0.49957,99.9719,3758301184,0,722251776,75509760,1275314176,520560640,0,200604032,2,9.74603,0,0,1,1,1,9,23.159,100,98.9502,1024,0,160,0,40
nbody_kernel,39759,4096,256,256,4,8,2,0,1,0,1,1,779214,9792,4,202289310,100716546,6,201494528,99.9349,1,3.50195,8388608,32768,402694144,100683776,0.499913,99.9917,3758301184,0,698396672,75509760,1477951488,537870336,0,206731904,2,9.93604,0,0,1,1,1,8,24.3088,100,98.9813,1024,4096,160,0,40
nbody_kernel,42894,4096,256,256,4,8,2,1,0,0,1,1,563078,10262,4,210312460,100716546,6,234915840,97.2694,0,0,0,0,402694144,100683776,0.4996,99.9887,3758301184,0,781045760,75509760,1476771840,512122880,0,208473216,2,9.2099,0,0,1,1,1,9,22.3616,100,98.9898,1024,0,160,0,40
nbody_kernel,37595,4096,256,256,4,8,2,1,0,0,2,1,758816,21354,4,156052014,100722690,6,184590336,98.3264,0,0,0,0,302043136,100689920,0.499582,99.9932,3758350336,0,390713344,37761024,738557952,293888000,0,164155520,2,10.5096,0,0,1,1,1,8,20.332,100,99.3583,1024,0,208,0,48
nbody_kernel,51115,4096,256,256,4,8,2,1,0,0,4,1,650445,29548,3,128801126,100734978,4,159436800,99.0439,0,0,0,0,251736064,100702208,0.343472,79.9986,3758448640,0,195571712,18886656,570834944,195268608,0,148621056,2,9.27321,0,0,1,1,1,8,19.8776,100,99.6454,896,0,304,0,66
nbody_kernel,39768,4096,256,256,4,8,2,1,1,0,1,1,731325,9941,4,202266462,100716546,6,201492480,99.9268,1,3.50195,8388608,32768,402694144,100683776,0.499903,99.9804,3758301184,0,700305408,75509760,1478868992,605175808,0,208923520,2,9.93083,0,0,1,1,1,8,24.4458,100,98.992,1024,4096,160,0,40
nbody_kernel,35974,4096,256,256,4,8,2,1,1,0,2,1,520518,21682,4,151729316,100722690,5,151166976,99.9122,1,6.97674,4194304,32768,302043136,100689920,0.499858,99.9894,3758350336,0,350363648,37761024,739606528,294289408,0,162939904,2,10.9806,0,0,1,1,1,8,21.1416,100,99.3536,1024,8192,208,0,40
nbody_kernel,33307,4096,256,256,4,8,2,1,1,0,4,1,530061,4031579,4,126575564,100734978,4,126013440,99.9025,1,6.97674,4194304,32768,251736064,100702208,0.499859,99.9845,3758448640,0,175386624,18886656,571359232,189239296,0,147818240,2,11.8611,0,0,1,1,1,8,20.4006,100,99.6435,1024,16384,304,0,59
nbody_kernel,8102,4096,256,256,4,8,4,0,0,0,1,1,129964,204,1,2389402,32770,5,33570816,0,0,0,0,0,0,0,0.333655,79.5992,3758301184,0,50982912,8392704,67174400,59084800,0,123256448,9,48.878,0,0,3,1,1,2,93.419,100,99.9931,896,0,0,0,72
nbody_kernel,7484,4096,256,256,4,8,4,0,1,0,1,1,129778,0,1,423426,32770,1,147456,0,2,6.97674,4194304,32768,0,0,0.311496,81.0979,3758301184,0,27127808,8388608,68485120,1196032,0,120742784,10,52.9077,0,0,3,1,1,1,96.1666,100,99.993,768,4096,0,0,79
nbody_kernel,7987,4096,256,256,4,8,4,1,0,0,1,1,259460,8,1,8705434,32770,5,33568768,0,0,0,0,0,0,0,0.485633,99.9644,3758301184,0,109744128,8392704,268582912,117813248,0,133222016,8,49.5893,0,0,3,1,1,5,80.4662,100,99.9937,1024,0,0,0,64
nbody_kernel,6505,4096,256,256,4,8,4,1,0,0,2,0,0,0,1,4251672,32770,6,33568768,0,0,0,0,0,0,0,0.248633,99.8323,3758350336,0,54956032,4198400,134365184,84168704,0,126130560,9,60.8901,0,0,3,1,1,3,92.6756,100,99.9965,640,0,0,0,96
nbody_kernel,9584,4096,256,256,4,8,4,1,0,0,4,1,129730,16,1,2154520,32770,4,33568768,0,0,0,0,0,0,0,0.124996,98.7523,3758448640,0,27561984,2101248,67256320,29679616,0,121410048,7,41.2772,0,0,2,1,1,1,62.2387,100,99.9981,384,0,0,0,132
nbody_kernel,6867,4096,256,256,4,8,4,1,1,0,1,1,129792,0,1,297280,32770,1,145408,0,2,6.97674,4194304,32768,0,0,0.31842,83.3463,3758301184,0,29003776,8388608,69353472,1462272,0,120836864,9,50.2299,0,0,3,1,1,1,91.192,100,99.993,896,4096,0,0,72
nbody_kernel,6023,4096,256,256,4,8,4,1,1,0,2,1,129938,16,1,318656,32770,1,145408,0,2,6.97674,4194304,32768,0,0,0.249341,99.9345,3758350336,0,14585856,4194304,68304896,905216,0,120202496,10,65.9083,0,0,3,1,1,1,96.6191,100,99.9964,640,8192,0,0,95
nbody_kernel,6216,4096,256,256,4,8,4,1,1,0,4,0,0,0,1,188440,32770,1,145408,0,2,6.97674,4194304,32768,0,0,0.247898,99.7918,3758448640,0,7376896,2097152,67780608,774144,0,119892224,10,63.9566,0,0,3,1,1,1,93.4666,100,99.9981,512,16384,0,0,128
nbody_kernel,8209,4096,256,256,4,16,0,0,0,0,1,1,129858,168,1,2259960,32770,5,33570816,0,0,0,0,0,0,0,0.315391,84.4532,3758301184,0,25817088,4198400,67174400,63275008,0,122469888,9,48.23,0,0,3,1,1,2,87.3779,100,99.9931,896,0,0,0,72
nbody_kernel,7495,4096,256,256,4,16,0,0,1,0,1,1,12,0,1,164096,32770,1,147456,0,2,6.97674,4194304,32768,0,0,0.32028,82.7706,3758301184,0,14544896,4194304,68485120,1196032,0,120218496,10,52.8084,0,0,3,1,1,1,93.6033,100,99.993,768,4096,0,0,79
nbody_kernel,8161,4096,256,256,4,16,0,1,0,0,1,1,129970,288,1,8446064,32770,5,33568768,0,0,0,0,0,0,0,0.487308,99.8196,3758301184,0,55218176,4198400,268582912,130392064,0,131780096,8,48.5139,0,0,3,1,1,5,77.8231,100,99.9936,1024,0,0,0,64
nbody_kernel,6733,4096,256,256,4,16,0,1,0,0,2,0,0,0,1,4251672,32770,6,33568768,0,0,0,0,0,0,0,0.247531,99.5128,3758350336,0,27693056,2101248,134365184,84172800,0,125213184,9,58.5643,0,0,3,1,1,3,89.0134,100,99.9965,640,0,0,0,96
nbody_kernel,19214,4096,256,256,4,16,0,1,0,0,4,1,259460,16,1,3692434,32770,2,33568768,0,0,0,0,0,0,0,0.124988,99.9919,3758448640,0,13930496,1052672,67256320,31780864,0,121016960,3,20.4768,0,0,1,1,1,1,30.3149,100,99.9981,384,0,0,0,132
nbody_kernel,6529,4096,256,256,4,16,0,1,1,0,1,1,129730,0,1,447898,32770,1,145408,0,2,6.97674,4194304,32768,0,0,0.320233,82.9542,3758301184,0,16420864,4194304,69353472,1454080,0,120312320,10,52.459,0,0,3,1,1,1,93.2737,100,99.993,768,4096,0,0,80
nbody_kernel,6234,4096,256,256,4,16,0,1,1,0,2,1,259460,16,1,447898,32770,1,145408,0,2,6.97674,4194304,32768,0,0,0.248302,99.37,3758350336,0,8294400,2097152,68304896,905216,0,119940352,10,63.2592,0,0,3,1,1,1,92.9311,100,99.9964,640,8192,0,0,95
nbody_kernel,9436,4096,256,256,4,16,0,1,1,0,4,1,50015,0,1,820000,32770,1,145408,0,1,6.97674,4194304,32768,0,0,0.25007,99.9857,3758448640,0,4231168,1048576,67780608,774144,0,119761152,7,41.7983,0,0,2,1,1,1,60.6938,100,99.9981,512,16384,0,0,125
nbody_kernel,37905,4096,256,256,4,16,1,0,0,0,1,1,519902,10372,5,204125868,100716546,7,234917888,99.289,0,0,0,0,402694144,100683776,0.499686,99.9667,3758301184,0,1368358912,205557760,2483421184,570810368,0,264182528,3,10.4276,0,0,1,1,1,9,31.59,100,99.2028,1024,0,160,0,27
nbody_kernel,37324,4096,256,256,4,16,1,0,1,0,1,1,519980,10402,5,202030044,100716546,6,201494528,99.9349,1,3.50195,8388608,32768,402694144,100683776,0.499767,99.9114,3758301184,0,1357086720,205557760,2686058496,722329600,0,274897664,3,10.5854,0,0,1,1,1,9,32.7615,100,99.2339,1024,4096,160,0,27
nbody_kernel,40006,4096,256,256,4,16,1,1,0,0,1,1,519618,10583,5,210312452,100716546,7,234915840,97.2694,0,0,0,0,402694144,100683776,0.499582,99.9598,3758301184,0,1397882880,205557760,2684829696,466001920,0,268123904,3,9.87385,0,0,1,1,1,9,30.6697,100,99.2145,1024,0,160,0,32
nbody_kernel,36401,4096,256,256,4,16,1,1,0,0,2,1,520340,21996,4,155792156,100722690,6,184590336,98.3264,0,0,0,0,302043136,100689920,0.499673,99.9896,3758350336,0,699269120,102797312,1342652416,230973440,0,192742144,2,10.8581,0,0,1,1,1,8,24.4395,100,99.4535,1024,0,208,0,40
nbody_kernel,34373,4096,256,256,4,16,1,1,0,0,4,1,529743,2813174,4,128671244,100734978,5,159436800,99.0439,0,0,0,0,251736064,100702208,0.499337,99.9672,3758448640,0,349982720,51417088,671563776,183726080,0,157250048,2,11.4932,0,0,1,1,1,8,21.6276,100,99.6649,1024,0,304,0,64
nbody_kernel,37259,4096,256,256,4,16,1,1,1,0,1,1,519628,10304,5,202184364,100716546,6,201492480,99.9268,1,3.50195,8388608,32768,402694144,100683776,0.499854,99.944,3758301184,0,1359085568,205557760,2686926848,621961216,0,271850752,3,10.6048,0,0,1,1,1,9,32.821,100,99.2253,1024,4096,160,0,29
nbody_kernel,34993,4096,256,256,4,16,1,1,1,0,2,1,520602,22296,4,151728988,100722690,5,151166976,99.9122,1,6.97674,4194304,32768,302043136,100689920,0.499896,99.9862,3758350336,0,679870464,102797312,1343700992,302669824,0,194409216,2,11.2877,0,0,1,1,1,8,25.3411,100,99.4582,1024,8192,208,0,39
nbody_kernel,33650,4096,256,256,4,16,1,1,1,0,4,1,530541,2756279,4,126705348,100734978,4,126013440,99.9025,1,6.97674,4194304,32768,251736064,100702208,0.499832,99.9863,3758448640,0,340291584,51417088,672088064,151490560,0,155956224,2,11.7421,0,0,1,1,1,8,22.2765,100,99.6621,1024,16384,304,0,56
nbody_kernel,40530,4096,256,256,4,16,2,0,0,0,1,1,519978,10404,4,203995932,100716546,7,234917888,99.289,0,0,0,0,402694144,100683776,0.499568,99.9908,3758301184,0,697085952,71315456,1275314176,507977728,0,199293312,2,9.74776,0,0,1,1,1,9,23.0064,100,98.9433,1024,0,160,0,40
nbody_kernel,39755,4096,256,256,4,16,2,0,1,0,1,1,519908,9944,4,202029892,100716546,6,201494528,99.9349,1,3.50195,8388608,32768,402694144,100683776,0.499919,99.9937,3758301184,0,685813760,71315456,1477951488,537870336,0,206207616,2,9.93691,0,0,1,1,1,8,24.3105,100,98.9787,1024,4096,160,0,40
nbody_kernel,42904,4096,256,256,4,16,2,1,0,0,1,1,649296,9881,4,210571422,100716546,6,234915840,97.2694,0,0,0,0,402694144,100683776,0.499557,99.988,3758301184,0,726519808,71315456,1476771840,524705792,0,207031424,2,9.20995,0,0,1,1,1,9,22.186,100,98.9828,1024,0,160,0,40
nbody_kernel,37600,4096,256,256,4,16,2,1,0,0,2,1,779890,20735,4,156051614,100722690,6,184590336,98.3264,0,0,0,0,302043136,100689920,0.499445,99.9878,3758350336,0,363450368,35663872,738557952,298082304,0,163369088,2,10.51,0,0,1,1,1,8,20.2428,100,99.3553,1024,0,208,0,48
nbody_kernel,42613,4096,256,256,4,16,2,1,0,0,4,1,650173,29033,3,128800926,100734978,4,159436800,99.0439,0,0,0,0,251736064,100702208,0.343248,80.0095,3758448640,0,181944320,17838080,570834944,198410240,0,148260608,2,9.27314,0,0,1,1,1,8,19.7993,100,99.6446,896,0,304,0,66
nbody_kernel,39782,4096,256,256,4,16,2,1,1,0,1,1,779078,9477,4,202313886,100716546,6,201492480,99.9268,1,3.50195,8388608,32768,402694144,100683776,0.499951,99.9886,3758301184,0,687722496,71315456,1478868992,605175808,0,208399232,2,9.93216,0,0,1,1,1,8,24.3781,100,98.9894,1024,4096,160,0,40
nbody_kernel,35975,4096,256,256,4,16,2,1,1,0,2,1,520546,21519,4,151729076,100722690,5,151166976,99.9122,1,6.97674,4194304,32768,302043136,100689920,0.499854,99.9916,3758350336,0,344072192,35663872,739606528,298483712,0,162808832,2,10.9825,0,0,1,1,1,8,21.1067,100,99.353,1024,8192,208,0,40
nbody_kernel,33302,4096,256,256,4,16,2,1,1,0,4,1,529525,2425007,4,126575388,100734978,4,126013440,99.9025,1,6.97674,4194304,32768,251736064,100702208,0.499774,99.9906,3758448640,0,172244992,17838080,571359232,187138048,0,147621632,2,11.8622,0,0,1,1,1,8,20.422,100,99.643,1024,16384,304,0,59
nbody_kernel,8211,4096,256,256,4,16,4,0,0,0,1,1,259460,16,1,2389402,32770,5,33570816,0,0,0,0,0,0,0,0.314956,84.6019,3758301184,0,25817088,4198400,67174400,63275008,0,122469888,9,48.2528,0,0,3,1,1,2,87.2655,100,99.9931,896,0,0,0,72
nbody_kernel,7506,4096,256,256,4,16,4,0,1,0,1,1,120,8,1,163864,32770,1,147456,0,2,6.97674,4194304,32768,0,0,0.32065,82.8768,3758301184,0,14544896,4194304,68485120,1196032,0,120218496,10,52.7918,0,0,3,1,1,1,93.454,100,99.993,768,4096,0,0,79
nbody_kernel,8154,4096,256,256,4,16,4,1,0,0,1,1,129804,80,1,8705650,32770,5,33568768,0,0,0,0,0,0,0,0.486765,99.9096,3758301184,0,55218176,4198400,268582912,130392064,0,131780096,8,48.5389,0,0,3,1,1,5,77.7931,100,99.9936,1024,0,0,0,64
nbody_kernel,6805,4096,256,256,4,16,4,1,0,0,2,1,259458,0,1,4511178,32770,6,33568768,0,0,0,0,0,0,0,0.246988,99.3884,3758350336,0,27693056,2101248,134365184,84172800,0,125213184,9,58.429,0,0,3,1,1,3,88.919,100,99.9965,640,0,0,0,96
nbody_kernel,19151,4096,256,256,4,16,4,1,0,0,4,1,259488,16,1,3692730,32770,2,33568768,0,0,0,0,0,0,0,0.125006,99.9913,3758448640,0,13930496,1052672,67256320,31780864,0,121016960,3,20.5481,0,0,1,1,1,1,30.4207,100,99.9981,384,0,0,0,132
nbody_kernel,7548,4096,256,256,4,16,4,1,1,0,1,1,259458,0,1,447898,32770,1,145408,0,2,6.97674,4194304,32768,0,0,0.309979,82.9558,3758301184,0,16420864,4194304,69353472,1454080,0,120312320,10,52.4841,0,0,3,1,1,1,93.3165,100,99.993,768,4096,0,0,80
nbody_kernel,6261,4096,256,256,4,16,4,1,1,0,2,1,259460,16,1,447898,32770,1,145408,0,2,6.97674,4194304,32768,0,0,0.248681,99.5025,3758350336,0,8294400,2097152,68304896,905216,0,119940352,10,63.2883,0,0,3,1,1,1,92.8499,100,99.9964,640,8192,0,0,95
nbody_kernel,9435,4096,256,256,4,16,4,1,1,0,4,1,129730,0,1,1079370,32770,1,145408,0,1,6.97674,4194304,32768,0,0,0.249802,99.9854,3758448640,0,4231168,1048576,67780608,774144,0,119761152,7,41.7741,0,0,2,1,1,1,60.6588,100,99.9981,512,16384,0,0,125
nbody_kernel,8463,4096,256,256,4,32,0,0,0,0,1,1,259508,128,1,2389402,32770,5,33570816,0,0,0,0,0,0,0,0.341227,79.4627,3758301184,0,13234176,2101248,67174400,65372160,0,122076672,9,46.7658,0,0,3,1,1,2,89.6886,100,99.9931,896,0,0,0,72
nbody_kernel,7615,4096,256,256,4,32,0,0,1,0,1,1,259470,0,1,423426,32770,1,147456,0,2,6.97674,4194304,32768,0,0,0.30999,99.2017,3758301184,0,8253440,2097152,68485120,1191936,0,119956224,9,60.3442,0,0,3,1,1,1,88.8285,100,99.993,768,4096,0,0,79
nbody_kernel,8584,4096,256,256,4,32,0,1,0,0,1,1,164686,4,1,8705434,32770,5,33568768,0,0,0,0,0,0,0,0.484213,99.8805,3758301184,0,27955200,2101248,268582912,132489216,0,130928128,7,46.0717,0,0,3,1,1,5,73.5401,100,99.9935,1024,0,0,0,64
nbody_kernel,10051,4096,256,256,4,32,0,1,0,0,2,1,191864,0,1,5112604,32770,4,33568768,0,0,0,0,0,0,0,0.24992,99.9861,3758350336,0,14061568,1052672,134365184,89415680,0,124918272,6,39.4439,0,0,2,1,1,2,59.7192,100,99.9965,640,0,0,0,96
nbody_kernel,9612,4096,256,256,4,32,0,1,0,0,4,1,129852,48,1,3049034,32770,4,33568768,0,0,0,0,0,0,0,0.249786,99.9833,3758448640,0,7114752,528384,67256320,35446784,0,120902144,6,41.2315,0,0,2,1,1,1,61.5835,100,99.9981,512,0,0,0,128
nbody_kernel,6636,4096,256,256,4,32,0,1,1,0,1,1,129728,0,1,318176,32770,1,145408,0,2,6.97674,4194304,32768,0,0,0.332609,82.6468,3758301184,0,10129408,2097152,69353472,1454080,0,120050176,10,51.4488,0,0,3,1,1,1,91.6556,100,99.993,768,4096,0,0,80
nbody_kernel,9468,4096,256,256,4,32,0,1,1,0,2,1,129732,16,1,1079338,32770,1,145408,0,1,6.97674,4194304,32768,0,0,0.249815,99.9857,3758350336,0,5148672,1048576,68304896,901120,0,119809152,7,41.6344,0,0,2,1,1,1,60.895,100,99.9964,640,8192,0,0,95
nbody_kernel,9423,4096,256,256,4,32,0,1,1,0,4,1,129728,0,1,815816,32770,1,145408,0,1,6.97674,4194304,32768,0,0,0.250148,99.9854,3758448640,0,2658304,524288,67780608,774144,0,119695616,7,41.8869,0,0,2,1,1,1,60.877,100,99.9981,512,16384,0,0,128
nbody_kernel,37911,4096,256,256,4,32,1,0,0,0,1,1,779582,10863,5,204255486,100716546,7,234917888,99.289,0,0,0,0,402694144,100683776,0.499551,99.9661,3758301184,0,1355776000,203460608,2483421184,570810368,0,263723776,3,10.4252,0,0,1,1,1,9,31.5104,100,99.2014,1024,0,160,0,27
nbody_kernel,37345,4096,256,256,4,32,1,0,1,0,1,1,520150,10270,5,202029852,100716546,6,201494528,99.9349,1,3.50195,8388608,32768,402694144,100683776,0.499794,99.913,3758301184,0,1350795264,203460608,2686058496,730718208,0,274897664,3,10.5843,0,0,1,1,1,9,32.7209,100,99.2339,1024,4096,160,0,27
nbody_kernel,40037,4096,256,256,4,32,1,1,0,0,1,1,519474,10483,5,210312044,100716546,7,234915840,97.2694,0,0,0,0,402694144,100683776,0.499397,99.9481,3758301184,0,1370619904,203460608,2684829696,468099072,0,267271936,3,9.86784,0,0,1,1,1,9,30.5518,100,99.212,1024,0,160,0,32
nbody_kernel,36414,4096,256,256,4,32,1,1,0,0,2,1,520564,21936,4,155792356,100722690,6,184590336,98.3264,0,0,0,0,302043136,100689920,0.499257,99.979,3758350336,0,685637632,101748736,1342652416,233070592,0,192348928,2,10.853,0,0,1,1,1,8,24.3552,100,99.4524,1024,0,208,0,40
nbody_kernel,34372,4096,256,256,4,32,1,1,0,0,4,1,530291,2792070,4,128541932,100734978,5,159436800,99.0439,0,0,0,0,251736064,100702208,0.498631,99.9841,3758448640,0,343166976,50892800,671563776,184250368,0,157037056,2,11.4948,0,0,1,1,1,8,21.6344,100,99.6644,1024,0,304,0,64
nbody_kernel,37263,4096,256,256,4,32,1,1,1,0,1,1,778926,10566,5,202314182,100716546,6,201492480,99.9268,1,3.50195,8388608,32768,402694144,100683776,0.499854,99.9327,3758301184,0,1352794112,203460608,2686926848,613572608,0,271326464,3,10.6036,0,0,1,1,1,9,32.7841,100,99.2238,1024,4096,160,0,29
nbody_kernel,35004,4096,256,256,4,32,1,1,1,0,2,1,520806,22697,4,151728924,100722690,5,151166976,99.9122,1,6.97674,4194304,32768,302043136,100689920,0.499965,99.9903,3758350336,0,676724736,101748736,1343700992,302669824,0,194278144,2,11.2888,0,0,1,1,1,8,25.3035,100,99.4578,1024,8192,208,0,39
nbody_kernel,33656,4096,256,256,4,32,1,1,1,0,4,1,530417,2728092,4,126690200,100734978,4,126013440,99.9025,1,6.97674,4194304,32768,251736064,100702208,0.499565,99.9815,3758448640,0,338718720,50892800,672088064,151490560,0,155890688,2,11.742,0,0,1,1,1,8,22.2773,100,99.662,1024,16384,304,0,56
nbody_kernel,40525,4096,256,256,4,32,2,0,0,0,1,1,649862,10026,4,204255894,100716546,7,234917888,99.289,0,0,0,0,402694144,100683776,0.499438,99.9853,3758301184,0,684503040,69218304,1275314176,505880576,0,198769024,2,9.74904,0,0,1,1,1,9,22.9515,100,98.9405,1024,0,160,0,40
nbody_kernel,39762,4096,256,256,4,32,2,0,1,0,1,1,649846,9761,4,202159988,100716546,6,201494528,99.9349,1,3.50195,8388608,32768,402694144,100683776,0.499826,99.9898,3758301184,0,679522304,69218304,1477951488,537870336,0,205945472,2,9.93643,0,0,1,1,1,8,24.3102,100,98.9774,1024,4096,160,0,40
nbody_kernel,42893,4096,256,256,4,32,2,1,0,0,1,1,649362,9675,4,210312364,100716546,6,234915840,97.2694,0,0,0,0,402694144,100683776,0.499431,99.9844,3758301184,0,699256832,69218304,1476771840,530997248,0,206310528,2,9.21312,0,0,1,1,1,9,22.1064,100,98.9792,1024,0,160,0,40
nbody_kernel,37604,4096,256,256,4,32,2,1,0,0,2,1,520556,20716,4,155792412,100722690,6,184590336,98.3264,0,0,0,0,302043136,100689920,0.499199,99.9759,3758350336,0,349818880,34615296,738557952,300179456,0,162975872,2,10.5098,0,0,1,1,1,8,20.1991,100,99.3537,1024,0,208,0,48
nbody_kernel,42661,4096,256,256,4,32,2,1,0,0,4,1,650869,28756,3,137904126,100734978,4,159436800,99.0439,0,0,0,0,251736064,100702208,0.342345,80.0393,3758448640,0,175128576,17313792,570834944,199983104,0,148080384,2,9.26133,0,0,1,1,1,8,19.7291,100,99.6441,896,0,304,0,66
nbody_kernel,39784,4096,256,256,4,32,2,1,1,0,1,1,519548,9804,4,202054428,100716546,6,201492480,99.9268,1,3.50195,8388608,32768,402694144,100683776,0.499945,99.9782,3758301184,0,681431040,69218304,1478868992,605175808,0,208137088,2,9.93187,0,0,1,1,1,8,24.3454,100,98.9882,1024,4096,160,0,40
nbody_kernel,35979,4096,256,256,4,32,2,1,1,0,2,1,520374,20674,4,151729076,100722690,5,151166976,99.9122,1,6.97674,4194304,32768,302043136,100689920,0.499655,99.9898,3758350336,0,340926464,34615296,739606528,300580864,0,162743296,2,10.9805,0,0,1,1,1,8,21.0842,100,99.3528,1024,8192,208,0,40
nbody_kernel,33377,4096,256,256,4,32,2,1,1,0,4,1,532405,1980838,4,137655468,100734978,4,126013440,99.9025,1,6.97674,4194304,32768,251736064,100702208,0.499379,99.9403,3758448640,0,170672128,17313792,571359232,186089472,0,147523328,2,11.8319,0,0,1,1,1,8,20.3903,100,99.6428,1024,16384,304,0,59
nbody_kernel,10018,4096,256,256,4,32,4,0,0,0,1,1,129812,16,1,2389690,32770,5,33570816,0,0,0,0,0,0,0,0.340752,79.431,3758301184,0,13234176,2101248,67174400,65372160,0,122076672,9,46.6685,0,0,3,1,1,2,89.5376,100,99.9931,896,0,0,0,72
nbody_kernel,6592,4096,256,256,4,32,4,0,1,0,1,1,129730,0,1,423322,32770,1,147456,0,2,6.97674,4194304,32768,0,0,0.320233,82.7972,3758301184,0,8253440,2097152,68485120,1191936,0,119956224,10,52.017,0,0,3,1,1,1,91.7414,100,99.993,768,4096,0,0,79
nbody_kernel,8569,4096,256,256,4,32,4,1,0,0,1,1,129732,8,1,8705434,32770,5,33568768,0,0,0,0,0,0,0,0.485153,99.7731,3758301184,0,27955200,2101248,268582912,132489216,0,130928128,7,46.0937,0,0,3,1,1,5,73.6544,100,99.9935,1024,0,0,0,64
nbody_kernel,10033,4096,256,256,4,32,4,1,0,0,2,1,129728,0,1,5040992,32770,4,33568768,0,0,0,0,0,0,0,0.250113,99.9848,3758350336,0,14061568,1052672,134365184,89415680,0,124918272,6,39.4727,0,0,2,1,1,2,59.7636,100,99.9965,640,0,0,0,96
nbody_kernel,9597,4096,256,256,4,32,4,1,0,0,4,1,129852,16,1,3049034,32770,4,33568768,0,0,0,0,0,0,0,0.24982,99.9857,3758448640,0,7114752,528384,67256320,35446784,0,120902144,6,41.2194,0,0,2,1,1,1,61.5639,100,99.9981,512,0,0,0,128
nbody_kernel,6656,4096,256,256,4,32,4,1,1,0,1,1,259458,0,1,447898,32770,1,145408,0,2,6.97674,4194304,32768,0,0,0.321341,82.6934,3758301184,0,10129408,2097152,69353472,1454080,0,120050176,10,51.4302,0,0,3,1,1,1,91.5709,100,99.993,768,4096,0,0,80
nbody_kernel,9465,4096,256,256,4,32,4,1,1,0,2,1,129800,16,1,1079338,32770,1,145408,0,1,6.97674,4194304,32768,0,0,0.249804,99.9846,3758350336,0,5148672,1048576,68304896,901120,0,119809152,7,41.6483,0,0,2,1,1,1,60.9161,100,99.9964,640,8192,0,0,95
nbody_kernel,9420,4096,256,256,4,32,4,1,1,0,4,0,0,0,1,815816,32770,1,145408,0,1,6.97674,4194304,32768,0,0,0.250011,99.9855,3758448640,0,2658304,524288,67780608,774144,0,119695616,7,41.8905,0,0,2,1,1,1,60.8822,100,99.9981,512,16384,0,0,128
nbody_kernel,10903,2048,256,256,8,0,0,0,0,0,1,1,259532,124,1,1340938,32770,2,16793600,0,0,0,0,0,0,0,0.249751,99.7715,3758297088,0,201652224,33556480,33619968,217088,0,125858688,6,36.3171,0,0,2,1,1,1,60.1711,100,99.9966,640,0,0,0,94
nbody_kernel,8515,2048,256,256,8,0,0,0,1,0,1,1,56,0,1,98328,32770,1,81920,0,2,3.50195,4194304,16384,0,0,0.249914,99.9554,3758297088,0,101644288,33554432,134938624,659456,0,125913408,7,46.4797,0,0,3,1,1,1,75.6058,100,99.9966,640,4096,0,0,96
nbody_kernel,10632,2048,256,256,8,0,0,1,0,0,1,1,145477,126,1,4340400,32770,2,16791552,0,0,0,0,0,0,0,0.249757,99.7576,3758297088,0,436553728,33556480,134365184,67336192,0,138445120,7,37.1934,0,0,2,1,1,2,66.2928,100,99.9969,640,0,0,0,96
nbody_kernel,7692,2048,256,256,8,0,0,1,0,0,2,1,129730,0,1,2471322,32770,3,16791552,0,0,0,0,0,0,0,0.249477,99.8766,3758346240,0,218318848,16779264,67256320,33759232,0,127954048,8,51.4461,0,0,3,1,1,2,85.1446,100,99.9983,512,0,0,0,128
nbody_kernel,7449,2048,256,256,8,0,0,1,0,0,4,1,129730,16,1,1293024,32770,3,16791552,0,0,0,0,0,0,0,0.124878,99.8136,3758444544,0,109201408,8390656,33701888,17047552,0,122713216,8,53.1526,0,0,3,1,1,1,80.2588,100,99.9991,256,0,0,0,243
nbody_kernel,8552,2048,256,256,8,0,0,1,1,0,1,1,259530,0,1,439954,32770,1,79872,0,2,3.50195,4194304,16384,0,0,0.249898,99.9063,3758297088,0,102582272,33554432,135413760,798720,0,125961920,7,46.3138,0,0,3,1,1,1,75.3973,100,99.9966,640,4096,0,0,96
nbody_kernel,6987,2048,256,256,8,0,0,1,1,0,2,1,2,16,1,180248,32770,1,79872,0,1,6.97674,2097152,16384,0,0,0.249342,99.8859,3758346240,0,51333120,16777216,67780608,567296,0,121714816,9,56.9033,0,0,3,1,1,1,87.8696,100,99.9982,512,8192,0,0,128
nbody_kernel,6181,2048,256,256,8,0,0,1,1,0,4,1,129744,0,1,309984,32770,1,79872,0,1,6.97674,2097152,16384,0,0,0.124976,99.9571,3758444544,0,25708544,8388608,33964032,600064,0,119598208,10,64.1006,0,0,3,1,1,1,93.5544,100,99.999,256,16384,0,0,245
nbody_kernel,39838,2048,256,256,8,0,1,0,0,0,1,1,649192,9019,4,203207006,100716546,6,218140672,99.6325,0,0,0,0,402694144,100683776,0.24961,99.2056,3758297088,0,1275789312,268478464,2449866752,369324032,0,254857856,3,9.9165,0,0,1,1,1,9,28.1873,100,99.5868,1024,0,320,0,25
nbody_kernel,39492,2048,256,256,8,0,1,0,1,0,1,1,778878,8943,5,202224454,100716546,6,201428992,99.9566,1,3.50195,4194304,16384,402694144,100683776,0.249859,99.2802,3758297088,0,1175781376,268478464,2551185408,638021632,0,263295616,2,9.9982,0,0,1,1,1,9,27.9851,100,99.6001,1024,4096,320,0,27
nbody_kernel,40627,2048,256,256,8,0,1,1,0,0,1,1,649054,8936,4,206305116,100716546,6,218138624,98.5828,0,0,0,0,402694144,100683776,0.249485,99.3786,3758297088,0,1510834176,268478464,2550611968,369373184,0,265352832,3,9.72849,0,0,1,1,1,9,28.4212,100,99.6032,1024,0,320,0,26
nbody_kernel,37139,2048,256,256,8,0,1,1,0,0,2,1,521033,20953,4,153752652,100722690,5,167813120,99.1161,0,0,0,0,302043136,100689920,0.249668,99.5521,3758346240,0,755728384,134260736,1275543552,184758272,0,191421568,2,10.6323,0,0,1,1,1,8,23.2935,100,99.7249,1024,0,416,0,32
nbody_kernel,33883,2048,256,256,8,0,1,1,0,0,4,1,528563,7468784,4,127680308,100734978,5,142659584,99.4749,0,0,0,0,251736064,100702208,0.249876,99.9891,3758444544,0,378177536,67151872,638009344,293758976,0,160749184,2,11.6547,0,0,1,1,1,8,21.1315,100,99.8361,1024,0,608,0,56
nbody_kernel,39762,2048,256,256,8,0,1,1,1,0,1,1,519172,8750,4,202046388,100716546,6,201426944,99.9295,1,3.50195,4194304,16384,402694144,100683776,0.249929,99.2673,3758297088,0,1176862720,268478464,2551660544,638201856,0,263349888,2,9.9427,0,0,1,1,1,9,27.8385,100,99.6002,1024,4096,320,0,28
nbody_kernel,47500,2048,256,256,8,0,1,1,1,0,2,1,780397,21022,3,151980270,100722690,4,151101440,99.9155,1,6.97674,2097152,16384,302043136,100689920,0.249992,99.4444,3758346240,0,588742656,134260736,1276067840,50720768,0,182030976,2,8.31796,0,0,1,1,1,6,16.7373,100,99.7107,1024,8192,416,0,32
nbody_kernel,33504,2048,256,256,8,0,1,1,1,0,4,1,529409,7418186,4,126567324,100734978,4,125947904,99.9061,1,6.97674,2097152,16384,251736064,100702208,0.249954,99.9863,3758444544,0,294684672,67151872,638271488,159639552,0,153956992,2,11.7878,0,0,1,1,1,8,20.3124,100,99.8289,1024,16384,608,0,56
nbody_kernel,40372,2048,256,256,8,0,2,0,0,0,1,1,778768,8938,4,203206966,100716546,6,218140672,99.6325,0,0,0,0,402694144,100683776,0.249738,99.7228,3758297088,0,738736128,134236160,1241759744,503607296,0,200322880,2,9.79585,0,0,1,1,1,8,22.7874,100,99.4744,1024,0,320,0,40
nbody_kernel,40298,2048,256,256,8,0,2,0,1,0,1,1,519204,8728,4,201964492,100716546,6,201428992,99.9566,1,3.50195,4194304,16384,402694144,100683776,0.249865,99.5625,3758297088,0,638728192,134236160,1343078400,503877632,0,200372288,2,9.80983,0,0,1,1,1,8,22.4526,100,99.4745,1024,4096,320,0,40
nbody_kernel,41321,2048,256,256,8,0,2,1,0,0,1,1,739420,8902,4,206395322,100716546,6,218138624,98.5828,0,0,0,0,402694144,100683776,0.249838,99.8674,3758297088,0,973686784,134236160,1342554112,503566336,0,210813632,2,9.56087,0,0,1,1,1,9,22.6079,100,99.5005,1024,0,320,0,40
nbody_kernel,36750,2048,256,256,8,0,2,1,0,0,2,1,520741,20518,4,153752748,100722690,5,167813120,99.1161,0,0,0,0,302043136,100689920,0.249896,99.9881,3758346240,0,487016448,67127296,671449088,251842560,0,164144832,2,10.7501,0,0,1,1,1,8,20.7595,100,99.6792,1024,0,416,0,40
nbody_kernel,33685,2048,256,256,8,0,2,1,0,0,4,1,528199,6998328,4,127550532,100734978,5,142659584,99.4749,0,0,0,0,251736064,100702208,0.249854,99.9844,3758444544,0,243681280,33572864,537280512,193097728,0,149203392,2,11.7256,0,0,1,1,1,8,20.4452,100,99.8234,1024,0,608,0,56
nbody_kernel,40177,2048,256,256,8,0,2,1,1,0,1,1,533306,8832,4,202074462,100716546,6,201426944,99.9295,1,3.50195,4194304,16384,402694144,100683776,0.249858,99.6677,3758297088,0,639715328,134236160,1343602688,503951360,0,200421824,2,9.82847,0,0,1,1,1,8,22.4762,100,99.4746,1024,4096,320,0,40
nbody_kernel,35993,2048,256,256,8,0,2,1,1,0,2,1,521247,20919,4,151720956,100722690,5,151101440,99.9155,1,6.97674,2097152,16384,302043136,100689920,0.249981,99.987,3758346240,0,320030720,67127296,671973376,252039168,0,158949056,2,10.9767,0,0,1,1,1,8,20.1361,100,99.6687,1024,8192,416,0,40
nbody_kernel,33352,2048,256,256,8,0,2,1,1,0,4,1,528793,6520405,4,126567596,100734978,4,125947904,99.9061,1,6.97674,2097152,16384,251736064,100702208,0.249954,99.9764,3758444544,0,160188416,33572864,537542656,226758656,0,147654336,2,11.8507,0,0,1,1,1,8,20.7504,100,99.8216,1024,16384,608,0,60
nbody_kernel,41317,2048,256,256,8,0,4,0,0,0,1,1,649204,8457,4,203206814,100716546,6,218140672,99.6325,0,0,0,0,402694144,100683776,0.249877,99.9882,3758297088,0,470157312,67115008,637710336,369410048,0,166762048,2,9.56232,0,0,1,1,1,8,18.4659,100,99.3686,1024,0,320,0,46
nbody_kernel,40992,2048,256,256,8,0,4,0,1,0,1,1,777562,8391,4,202222982,100716546,6,201428992,99.9566,1,3.50195,4194304,16384,402694144,100683776,0.249982,99.9799,3758297088,0,370149376,67115008,739028992,302559232,0,164713920,2,9.63564,0,0,1,1,1,8,18.4815,100,99.3607,1024,4096,320,0,46
nbody_kernel,42693,2048,256,256,8,0,4,1,0,0,1,1,649168,8626,4,206434958,100716546,6,218138624,98.5828,0,0,0,0,402694144,100683776,0.249926,99.9846,3758297088,0,705079296,67115008,738529280,369328128,0,177251392,2,9.25441,0,0,1,1,1,8,20.0576,100,99.4059,1024,0,320,0,41
nbody_kernel,36631,2048,256,256,8,0,4,1,0,0,2,1,520757,20339,4,153752348,100722690,5,167813120,99.1161,0,0,0,0,302043136,100689920,0.249817,99.9474,3758346240,0,352634880,33560576,570753024,218263552,0,154700352,2,10.7884,0,0,1,1,1,8,19.642,100,99.6596,1024,0,416,0,53
nbody_kernel,33562,2048,256,256,8,0,4,1,0,0,4,1,528091,6464410,4,127680124,100734978,5,142659584,99.4749,0,0,0,0,251736064,100702208,0.24983,99.9866,3758444544,0,176408576,16783360,486916096,142741504,0,143428928,2,11.77,0,0,1,1,1,8,19.0502,100,99.8163,896,0,608,0,72
nbody_kernel,41000,2048,256,256,8,0,4,1,1,0,1,1,739286,8033,4,202305758,100716546,6,201426944,99.9295,1,3.50195,4194304,16384,402694144,100683776,0.250009,99.9771,3758297088,0,371107840,67115008,739577856,302608384,0,164762560,2,9.63283,0,0,1,1,1,8,18.4811,100,99.3609,1024,4096,320,0,41
nbody_kernel,35770,2048,256,256,8,0,4,1,1,0,2,1,521043,20243,4,151720884,100722690,5,151101440,99.9155,1,6.97674,2097152,16384,302043136,100689920,0.249985,99.9722,3758346240,0,185649152,33560576,571277312,151355392,0,147407552,2,11.0441,0,0,1,1,1,8,18.7278,100,99.6427,1024,8192,416,0,48
nbody_kernel,33146,2048,256,256,8,0,4,1,1,0,4,1,528045,6510601,4,126567196,100734978,4,125947904,99.9061,1,6.97674,2097152,16384,251736064,100702208,0.249954,99.982,3758444544,0,92915712,16783360,487178240,126062592,0,140306752,2,11.9162,0,0,1,1,1,8,18.7116,100,99.8122,896,16384,608,0,72
nbody_kernel,10902,2048,256,256,8,0,8,0,0,0,1,1,259460,224,1,1340826,32770,2,16793600,0,0,0,0,0,0,0,0.249722,99.7811,3758297088,0,201652224,33556480,33619968,217088,0,125858688,6,36.317,0,0,2,1,1,1,60.1651,100,99.9966,640,0,0,0,94
nbody_kernel,8524,2048,256,256,8,0,8,0,1,0,1,1,129728,0,1,228088,32770,1,81920,0,2,3.50195,4194304,16384,0,0,0.249817,99.8801,3758297088,0,101644288,33554432,134938624,659456,0,125913408,7,46.4312,0,0,3,1,1,1,75.5839,100,99.9966,640,4096,0,0,96
nbody_kernel,10644,2048,256,256,8,0,8,1,0,0,1,1,259507,54,1,4568474,32770,2,16791552,0,0,0,0,0,0,0,0.249679,99.7491,3758297088,0,436553728,33556480,134365184,67336192,0,138445120,7,37.1823,0,0,2,1,1,2,66.2788,100,99.9969,640,0,0,0,96
nbody_kernel,7701,2048,256,256,8,0,8,1,0,0,2,0,0,0,1,2211864,32770,3,16791552,0,0,0,0,0,0,0,0.249541,99.8478,3758346240,0,218318848,16779264,67256320,33759232,0,127954048,8,51.4434,0,0,3,1,1,2,85.1646,100,99.9983,512,0,0,0,128
nbody_kernel,7453,2048,256,256,8,0,8,1,0,0,4,1,259458,0,1,1422746,32770,3,16791552,0,0,0,0,0,0,0,0.124947,99.7824,3758444544,0,109201408,8390656,33701888,17049600,0,122713280,8,53.1405,0,0,3,1,1,1,80.2656,100,99.9991,256,0,0,0,243
nbody_kernel,8555,2048,256,256,8,0,8,1,1,0,1,1,129730,0,1,439706,32770,1,79872,0,2,3.50195,4194304,16384,0,0,0.249774,99.9449,3758297088,0,102582272,33554432,135413760,798720,0,125961920,7,46.3266,0,0,3,1,1,1,75.389,100,99.9966,640,4096,0,0,96
nbody_kernel,6968,2048,256,256,8,0,8,1,1,0,2,0,0,0,1,180248,32770,1,79872,0,1,6.97674,2097152,16384,0,0,0.249084,99.8127,3758346240,0,51333120,16777216,67780608,567296,0,121714816,9,56.8807,0,0,3,1,1,1,87.8991,100,99.9982,512,8192,0,0,128
nbody_kernel,6181,2048,256,256,8,0,8,1,1,0,4,1,129728,0,1,310064,32770,1,79872,0,1,6.97674,2097152,16384,0,0,0.124999,99.9524,3758444544,0,25708544,8388608,33964032,600064,0,119598208,10,64.1016,0,0,3,1,1,1,93.5603,100,99.999,256,16384,0,0,245
nbody_kernel,10902,2048,256,256,8,1,0,0,0,0,1,1,129730,16,1,1211104,32770,2,16793600,0,0,0,0,0,0,0,0.249729,99.7728,3758297088,0,201652224,33556480,33619968,217088,0,125858688,6,36.3109,0,0,2,1,1,1,60.16,100,99.9966,640,0,0,0,94
nbody_kernel,8520,2048,256,256,8,1,0,0,1,0,1,1,259458,0,1,357946,32770,1,81920,0,2,3.50195,4194304,16384,0,0,0.249897,99.9543,3758297088,0,101644288,33554432,134938624,659456,0,125913408,7,46.4638,0,0,3,1,1,1,75.5809,100,99.9966,640,4096,0,0,96
nbody_kernel,10637,2048,256,256,8,1,0,1,0,0,1,1,259559,114,1,4568794,32770,2,16791552,0,0,0,0,0,0,0,0.249709,99.7863,3758297088,0,436553728,33556480,134365184,67336192,0,138445120,7,37.1974,0,0,2,1,1,2,66.281,100,99.9969,640,0,0,0,96
nbody_kernel,7694,2048,256,256,8,1,0,1,0,0,2,1,129728,0,1,2341696,32770,3,16791552,0,0,0,0,0,0,0,0.2496,99.8941,3758346240,0,218318848,16779264,67256320,33759232,0,127954048,8,51.4653,0,0,3,1,1,2,85.1614,100,99.9983,512,0,0,0,128
nbody_kernel,7453,2048,256,256,8,1,0,1,0,0,4,1,0,8,1,1163288,32770,3,16791552,0,0,0,0,0,0,0,0.124878,99.8318,3758444544,0,109201408,8390656,33701888,17047552,0,122713216,8,53.1599,0,0,3,1,1,1,80.2552,100,99.9991,256,0,0,0,243
nbody_kernel,8548,2048,256,256,8,1,0,1,1,0,1,1,129728,0,1,180248,32770,1,79872,0,2,3.50195,4194304,16384,0,0,0.249808,99.9212,3758297088,0,102582272,33554432,135413760,798720,0,125961920,7,46.3153,0,0,3,1,1,1,75.3885,100,99.9966,640,4096,0,0,96
nbody_kernel,6988,2048,256,256,8,1,0,1,1,0,2,1,129730,0,1,439786,32770,1,79872,0,1,6.97674,2097152,16384,0,0,0.249497,99.9065,3758346240,0,51333120,16777216,67780608,567296,0,121714816,9,56.9253,0,0,3,1,1,1,87.8855,100,99.9982,512,8192,0,0,128
nbody_kernel,6182,2048,256,256,8,1,0,1,1,0,4,0,0,0,1,180248,32770,1,79872,0,1,6.97674,2097152,16384,0,0,0.125,99.9548,3758444544,0,25708544,8388608,33964032,600064,0,119598208,10,64.1062,0,0,3,1,1,1,93.5647,100,99.999,256,16384,0,0,245
nbody_kernel,40055,2048,256,256,8,1,1,0,0,0,1,1,519488,9104,4,202947412,100716546,6,218140672,99.6325,0,0,0,0,402694144,100683776,0.249673,99.2839,3758297088,0,1275789312,268478464,2449866752,369324032,0,254857856,3,9.88472,0,0,1,1,1,9,28.0748,100,99.5868,1024,0,320,0,25
nbody_kernel,39780,2048,256,256,8,1,1,0,1,0,1,1,519265,8674,4,201964524,100716546,6,201428992,99.9566,1,3.50195,4194304,16384,402694144,100683776,0.249903,99.2716,3758297088,0,1175781376,268478464,2551185408,671576064,0,264344192,2,9.93528,0,0,1,1,1,9,27.9504,100,99.6017,1024,4096,320,0,27
nbody_kernel,40823,2048,256,256,8,1,1,1,0,0,1,1,778728,9066,4,206434582,100716546,6,218138624,98.5828,0,0,0,0,402694144,100683776,0.249458,99.3225,3758297088,0,1510834176,268478464,2550611968,369373184,0,265352832,3,9.67779,0,0,1,1,1,9,28.2891,100,99.6032,1024,0,320,0,26
nbody_kernel,37113,2048,256,256,8,1,1,1,0,0,2,1,702811,21596,4,153934326,100722690,5,167813120,99.1161,0,0,0,0,302043136,100689920,0.249711,99.5455,3758346240,0,755728384,134260736,1275543552,184758272,0,191421568,2,10.6422,0,0,1,1,1,8,23.3168,100,99.7249,1024,0,416,0,32
nbody_kernel,33888,2048,256,256,8,1,1,1,0,0,4,1,623053,7482824,4,127774634,100734978,5,142659584,99.4749,0,0,0,0,251736064,100702208,0.249868,99.9892,3758444544,0,378177536,67151872,638009344,293758976,0,160749184,2,11.6549,0,0,1,1,1,8,21.1319,100,99.8361,1024,0,608,0,56
nbody_kernel,39622,2048,256,256,8,1,1,1,1,0,1,1,519112,8930,4,202046332,100716546,6,201426944,99.9295,1,3.50195,4194304,16384,402694144,100683776,0.249981,99.2555,3758297088,0,1176862720,268478464,2551660544,671756288,0,264398464,2,9.97513,0,0,1,1,1,9,28.0722,100,99.6017,1024,4096,320,0,28
nbody_kernel,47607,2048,256,256,8,1,1,1,1,0,2,1,780437,21166,3,151980422,100722690,4,151101440,99.9155,1,6.97674,2097152,16384,302043136,100689920,0.250009,99.4498,3758346240,0,588742656,134260736,1276067840,67497984,0,182555264,2,8.30479,0,0,1,1,1,6,16.7679,100,99.7115,1024,8192,416,0,32
nbody_kernel,33505,2048,256,256,8,1,1,1,1,0,4,1,573059,7416362,4,126682196,100734978,4,125947904,99.9061,1,6.97674,2097152,16384,251736064,100702208,0.249971,99.9892,3758444544,0,294684672,67151872,638271488,168028160,0,154219136,2,11.7872,0,0,1,1,1,8,20.3516,100,99.8291,1024,16384,608,0,56
nbody_kernel,40362,2048,256,256,8,1,2,0,0,0,1,1,649118,9022,4,203077516,100716546,6,218140672,99.6325,0,0,0,0,402694144,100683776,0.249702,99.6811,3758297088,0,738736128,134236160,1241759744,503607296,0,200322880,2,9.79025,0,0,1,1,1,8,22.7839,100,99.4744,1024,0,320,0,40
nbody_kernel,40256,2048,256,256,8,1,2,0,1,0,1,1,519468,8990,4,201965164,100716546,6,201428992,99.9566,1,3.50195,4194304,16384,402694144,100683776,0.249957,99.5814,3758297088,0,638728192,134236160,1343078400,537432064,0,201420864,2,9.81334,0,0,1,1,1,8,22.5932,100,99.4772,1024,4096,320,0,40
nbody_kernel,41373,2048,256,256,8,1,2,1,0,0,1,1,648936,8898,4,206434798,100716546,6,218138624,98.5828,0,0,0,0,402694144,100683776,0.24985,99.871,3758297088,0,973686784,134236160,1342554112,503566336,0,210813632,2,9.55418,0,0,1,1,1,9,22.5913,100,99.5005,1024,0,320,0,40
nbody_kernel,36759,2048,256,256,8,1,2,1,0,0,2,1,521005,20354,4,153752924,100722690,5,167813120,99.1161,0,0,0,0,302043136,100689920,0.249854,99.9798,3758346240,0,487016448,67127296,671449088,251842560,0,164144832,2,10.7479,0,0,1,1,1,8,20.7571,100,99.6792,1024,0,416,0,40
nbody_kernel,33687,2048,256,256,8,1,2,1,0,0,4,1,528227,7021330,4,127550660,100734978,5,142659584,99.4749,0,0,0,0,251736064,100702208,0.249852,99.9751,3758444544,0,243681280,33572864,537280512,193097728,0,149203392,2,11.7252,0,0,1,1,1,8,20.4464,100,99.8234,1024,0,608,0,56
nbody_kernel,40201,2048,256,256,8,1,2,1,1,0,1,1,648990,8853,4,202305694,100716546,6,201426944,99.9295,1,3.50195,4194304,16384,402694144,100683776,0.249965,99.6762,3758297088,0,639715328,134236160,1343602688,537505792,0,201470400,2,9.83792,0,0,1,1,1,8,22.633,100,99.4773,1024,4096,320,0,40
nbody_kernel,35999,2048,256,256,8,1,2,1,1,0,2,1,521315,20398,4,151720732,100722690,5,151101440,99.9155,1,6.97674,2097152,16384,302043136,100689920,0.249966,99.9908,3758346240,0,320030720,67127296,671973376,268816384,0,159473344,2,10.9763,0,0,1,1,1,8,20.2108,100,99.6698,1024,8192,416,0,40
nbody_kernel,33369,2048,256,256,8,1,2,1,1,0,4,1,528673,6535468,4,126690732,100734978,4,125947904,99.9061,1,6.97674,2097152,16384,251736064,100702208,0.249939,99.9769,3758444544,0,160188416,33572864,537542656,235147264,0,147916480,2,11.8534,0,0,1,1,1,8,20.7962,100,99.8219,1024,16384,608,0,60
nbody_kernel,41325,2048,256,256,8,1,4,0,0,0,1,1,649114,8291,4,203077588,100716546,6,218140672,99.6325,0,0,0,0,402694144,100683776,0.249873,99.9913,3758297088,0,470157312,67115008,637710336,369410048,0,166762048,2,9.56235,0,0,1,1,1,8,18.4654,100,99.3686,1024,0,320,0,46
nbody_kernel,41005,2048,256,256,8,1,4,0,1,0,1,1,649032,8707,4,202094052,100716546,6,201428992,99.9566,1,3.50195,4194304,16384,402694144,100683776,0.249954,99.9848,3758297088,0,370149376,67115008,739028992,336113664,0,165762496,2,9.63519,0,0,1,1,1,8,18.6135,100,99.3648,1024,4096,320,0,46
nbody_kernel,42682,2048,256,256,8,1,4,1,0,0,1,1,648952,8478,4,206434614,100716546,6,218138624,98.5828,0,0,0,0,402694144,100683776,0.249913,99.9858,3758297088,0,705079296,67115008,738529280,369328128,0,177251392,2,9.2543,0,0,1,1,1,8,20.0571,100,99.4059,1024,0,320,0,41
nbody_kernel,36639,2048,256,256,8,1,4,1,0,0,2,1,520933,20214,4,153882364,100722690,5,167813120,99.1161,0,0,0,0,302043136,100689920,0.249856,99.9246,3758346240,0,352634880,33560576,570753024,218263552,0,154700352,2,10.7858,0,0,1,1,1,8,19.6418,100,99.6596,1024,0,416,0,53
nbody_kernel,33564,2048,256,256,8,1,4,1,0,0,4,1,546703,6440927,4,127550236,100734978,5,142659584,99.4749,0,0,0,0,251736064,100702208,0.249842,99.9835,3758444544,0,176408576,16783360,486916096,142741504,0,143428928,2,11.7693,0,0,1,1,1,8,19.0496,100,99.8163,896,0,608,0,72
nbody_kernel,41008,2048,256,256,8,1,4,1,1,0,1,1,519140,8018,4,202046420,100716546,6,201426944,99.9295,1,3.50195,4194304,16384,402694144,100683776,0.249957,99.9892,3758297088,0,371107840,67115008,739577856,336162816,0,165811136,2,9.63455,0,0,1,1,1,8,18.616,100,99.3649,1024,4096,320,0,41
nbody_kernel,35763,2048,256,256,8,1,4,1,1,0,2,1,520569,19632,4,151720732,100722714,5,151101440,99.9155,1,6.97674,2097152,16384,302043136,100689920,0.249922,99.972,3758346240,0,185649152,33560576,571277312,168132608,0,147931840,2,11.0432,0,0,1,1,1,8,18.8031,100,99.644,1024,8192,416,0,48
nbody_kernel,33153,2048,256,256,8,1,4,1,1,0,4,1,527513,6519658,4,126567196,100734978,4,125947904,99.9061,1,6.97674,2097152,16384,251736064,100702208,0.249954,99.9842,3758444544,0,92915712,16783360,487178240,134451200,0,140568896,2,11.9161,0,0,1,1,1,8,18.7524,100,99.8126,896,16384,608,0,72
nbody_kernel,10902,2048,256,256,8,1,8,0,0,0,1,1,129860,192,1,1341090,32770,2,16793600,0,0,0,0,0,0,0,0.249734,99.7683,3758297088,0,201652224,33556480,33619968,217088,0,125858688,6,36.3092,0,0,2,1,1,1,60.16,100,99.9966,640,0,0,0,94
nbody_kernel,8525,2048,256,256,8,1,8,0,1,0,1,1,129728,0,1,98328,32770,1,81920,0,2,3.50195,4194304,16384,0,0,0.249933,99.9169,3758297088,0,101644288,33554432,134938624,659456,0,125913408,7,46.4496,0,0,3,1,1,1,75.586,100,99.9966,640,4096,0,0,96
nbody_kernel,10641,2048,256,256,8,1,8,1,0,0,1,1,129729,0,1,4438752,32770,2,16791552,0,0,0,0,0,0,0,0.249713,99.7207,3758297088,0,436553728,33556480,134365184,67336192,0,138445120,7,37.1748,0,0,2,1,1,2,66.2842,100,99.9969,640,0,0,0,96
nbody_kernel,7699,2048,256,256,8,1,8,1,0,0,2,1,129728,0,1,2229240,32770,3,16791552,0,0,0,0,0,0,0,0.24958,99.9246,3758346240,0,218318848,16779264,67256320,33759232,0,127954048,8,51.4886,0,0,3,1,1,2,85.174,100,99.9983,512,0,0,0,128
nbody_kernel,7454,2048,256,256,8,1,8,1,0,0,4,0,0,0,1,1163288,32770,3,16791552,0,0,0,0,0,0,0,0.124851,99.8106,3758444544,0,109201408,8390656,33701888,17049600,0,122713280,8,53.157,0,0,3,1,1,1,80.2679,100,99.9991,256,0,0,0,243
nbody_kernel,8559,2048,256,256,8,1,8,1,1,0,1,1,129746,0,1,439706,32770,1,79872,0,2,3.50195,4194304,16384,0,0,0.249761,99.8564,3758297088,0,102582272,33554432,135413760,798720,0,125961920,7,46.2674,0,0,3,1,1,1,75.3594,100,99.9966,640,4096,0,0,96
nbody_kernel,6971,2048,256,256,8,1,8,1,1,0,2,1,259458,0,1,439706,32770,1,79872,0,1,6.97674,2097152,16384,0,0,0.249035,99.8343,3758346240,0,51333120,16777216,67780608,567296,0,121714816,9,56.8806,0,0,3,1,1,1,87.8799,100,99.9982,512,8192,0,0,128
nbody_kernel,6181,2048,256,256,8,1,8,1,1,0,4,0,0,0,1,180288,32770,1,79872,0,1,6.97674,2097152,16384,0,0,0.12501,99.9592,3758444544,0,25708544,8388608,33964032,600064,0,119598208,10,64.1106,0,0,3,1,1,1,93.567,100,99.999,256,16384,0,0,245
nbody_kernel,6438,2048,256,256,8,2,0,0,0,0,1,1,2,16,1,1081368,32770,3,16793600,0,0,0,0,0,0,0,0.249257,99.8703,3758297088,0,100988928,16779264,33619968,16994304,0,122712960,10,61.6225,0,0,3,1,1,1,93.8556,100,99.9966,512,0,0,0,122
nbody_kernel,5951,2048,256,256,8,2,0,0,1,0,1,1,129730,0,1,357786,32770,1,81920,0,1,6.97674,2097152,16384,0,0,0.249112,99.9471,3758297088,0,51312640,16777216,67829760,657408,0,121719040,10,66.6157,0,0,3,1,1,1,98.187,100,99.9965,512,4096,0,0,124
nbody_kernel,6463,2048,256,256,8,2,0,1,0,0,1,1,1,8,1,4309104,32770,3,16791552,0,0,0,0,0,0,0,0.248865,99.8499,3758297088,0,218449920,16779264,134365184,50548736,0,130580480,10,61.3338,0,0,3,1,1,3,95.5699,100,99.9968,512,0,0,0,123
nbody_kernel,7187,2048,256,256,8,2,0,1,0,0,2,0,0,0,1,2212248,32770,3,16791552,0,0,0,0,0,0,0,0.12484,99.7931,3758346240,0,109266944,8390656,67256320,25366528,0,124021760,9,55.1418,0,0,3,1,1,2,82.5124,100,99.9982,384,0,0,0,160
nbody_kernel,8840,2048,256,256,8,2,0,1,0,0,4,1,259460,16,1,1422746,32770,2,16791552,0,0,0,0,0,0,0,0.125003,97.5676,3758444544,0,54675456,4196352,33701888,17049600,0,120878272,7,44.7999,0,0,3,1,1,1,67.8486,100,99.999,256,0,0,0,248
nbody_kernel,5978,2048,256,256,8,2,0,1,1,0,1,1,129730,0,1,439706,32770,1,79872,0,1,6.97674,2097152,16384,0,0,0.24951,99.9292,3758297088,0,52250624,16777216,68304896,792576,0,121767424,10,66.3504,0,0,3,1,1,1,97.8443,100,99.9965,512,4096,0,0,123
nbody_kernel,6176,2048,256,256,8,2,0,1,1,0,2,1,129728,0,1,310032,32770,1,79872,0,1,6.97674,2097152,16384,0,0,0.124982,99.9675,3758346240,0,26167296,8388608,34226176,567296,0,119617664,10,64.1628,0,0,3,1,1,1,93.6504,100,99.9982,384,8192,0,0,160
nbody_kernel,7708,2048,256,256,8,2,0,1,1,0,4,1,129728,0,1,309984,32770,1,79872,0,1,6.97674,2097152,16384,0,0,0.124988,97.1261,3758444544,0,13125632,4194304,33964032,600064,0,119073920,8,51.37,0,0,3,1,1,1,76.7922,100,99.999,256,16384,0,0,247
nbody_kernel,39632,2048,256,256,8,2,1,0,0,0,1,1,519344,8986,5,202956508,100716546,6,218140672,99.6325,0,0,0,0,402694144,100683776,0.249786,99.2138,3758297088,0,1443561472,251701248,2449866752,486764544,0,263246464,3,9.98324,0,0,1,1,1,9,30.5407,100,99.6,1024,0,320,0,27
nbody_kernel,39500,2048,256,256,8,2,1,0,1,0,1,1,705246,8990,5,202223878,100716546,6,201428992,99.9566,1,3.50195,4194304,16384,402694144,100683776,0.249925,99.1578,3758297088,0,1393885184,251701248,2551185408,638021632,0,269587072,3,9.99553,0,0,1,1,1,9,30.6721,100,99.6094,1024,4096,320,0,27
nbody_kernel,40299,2048,256,256,8,2,1,1,0,0,1,1,519078,9136,4,206175060,100716546,6,218138624,98.5828,0,0,0,0,402694144,100683776,0.249661,99.3271,3758297088,0,1561165824,251701248,2550611968,486813696,0,270071424,3,9.7959,0,0,1,1,1,9,30.5505,100,99.6101,1024,0,320,0,32
nbody_kernel,35772,2048,256,256,8,2,1,1,0,0,2,1,780547,21578,4,154012238,100722690,5,167813120,99.1161,0,0,0,0,302043136,100689920,0.249867,99.9032,3758346240,0,780894208,125872128,1275543552,243462144,0,193780352,2,11.0436,0,0,1,1,1,8,25.1073,100,99.7282,1024,0,416,0,40
nbody_kernel,33904,2048,256,256,8,2,1,1,0,0,4,1,528055,6131984,4,127550236,100734978,5,142659584,99.4749,0,0,0,0,251736064,100702208,0.249843,99.9791,3758444544,0,390760448,62957568,638009344,88238080,0,154588800,2,11.6504,0,0,1,1,1,8,21.5101,100,99.8296,1024,0,608,0,64
nbody_kernel,39438,2048,256,256,8,2,1,1,1,0,1,1,648814,9254,5,202305694,100716546,6,201426944,99.9295,1,3.50195,4194304,16384,402694144,100683776,0.250017,99.1896,3758297088,0,1394966528,251701248,2551660544,638185472,0,269640832,3,10.0244,0,0,1,1,1,9,30.7559,100,99.6095,1024,4096,320,0,28
nbody_kernel,34900,2048,256,256,8,2,1,1,1,0,2,1,520751,21110,4,151720732,100722690,5,151101440,99.9155,1,6.97674,2097152,16384,302043136,100689920,0.249909,99.9829,3758346240,0,697794560,125872128,1276067840,252047360,0,191468160,2,11.3204,0,0,1,1,1,8,25.4077,100,99.7249,1024,8192,416,0,39
nbody_kernel,33525,2048,256,256,8,2,1,1,1,0,4,1,529469,7458328,4,126567196,100734978,4,125947904,99.9061,1,6.97674,2097152,16384,251736064,100702208,0.249986,99.9919,3758444544,0,349210624,62957568,638271488,193193984,0,156578432,2,11.7829,0,0,1,1,1,8,21.0801,100,99.8317,1024,16384,608,0,56
nbody_kernel,40302,2048,256,256,8,2,2,0,0,0,1,1,648944,9047,4,203206934,100716546,6,218140672,99.6325,0,0,0,0,402694144,100683776,0.249744,99.7237,3758297088,0,772290560,117458944,1241759744,553938944,0,202420032,2,9.80152,0,0,1,1,1,8,24.0971,100,99.4798,1024,0,320,0,40
nbody_kernel,41207,2048,256,256,8,2,2,0,1,0,1,1,778786,8590,4,202224230,100716546,6,201428992,99.9566,1,3.50195,4194304,16384,402694144,100683776,0.249903,99.3545,3758297088,0,722614272,117458944,1343078400,436768768,0,200372288,2,9.59037,0,0,1,1,1,8,22.6665,100,99.4745,1024,4096,320,0,40
nbody_kernel,42911,2048,256,256,8,2,2,1,0,0,1,1,778560,8917,4,206434462,100716546,6,218138624,98.5828,0,0,0,0,402694144,100683776,0.249634,99.4816,3758297088,0,889800704,117458944,1342554112,352571392,0,202949312,2,9.2189,0,0,1,1,1,8,22.0768,100,99.4812,1024,0,320,0,40
nbody_kernel,36752,2048,256,256,8,2,2,1,0,0,2,1,780359,20576,4,154011806,100722690,5,167813120,99.1161,0,0,0,0,302043136,100689920,0.249857,99.9908,3758346240,0,445073408,58738688,671449088,243453952,0,162309824,2,10.7511,0,0,1,1,1,8,20.5742,100,99.6755,1024,0,416,0,48
nbody_kernel,33682,2048,256,256,8,2,2,1,0,0,4,1,528247,6547765,4,127550572,100734978,5,142659584,99.4749,0,0,0,0,251736064,100702208,0.249812,99.9642,3758444544,0,222709760,29378560,537280512,188903424,0,148285888,2,11.7274,0,0,1,1,1,8,20.4321,100,99.8223,896,0,608,0,67
nbody_kernel,40055,2048,256,256,8,2,2,1,1,0,1,1,778582,8882,4,202305694,100716546,6,201426944,99.9295,1,3.50195,4194304,16384,402694144,100683776,0.249885,99.7184,3758297088,0,723601408,117458944,1343602688,503951360,0,202518976,2,9.86424,0,0,1,1,1,8,23.783,100,99.4801,1024,4096,320,0,40
nbody_kernel,35965,2048,256,256,8,2,2,1,1,0,2,1,520859,20569,4,151808232,100722690,5,151101440,99.9155,1,6.97674,2097152,16384,302043136,100689920,0.249971,99.9826,3758346240,0,361973760,58738688,671973376,252039168,0,159997632,2,10.9868,0,0,1,1,1,8,20.6896,100,99.6708,1024,8192,416,0,40
nbody_kernel,33309,2048,256,256,8,2,2,1,1,0,4,1,528437,6531279,4,126567596,100734978,4,125947904,99.9061,1,6.97674,2097152,16384,251736064,100702208,0.249906,99.975,3758444544,0,181170176,29378560,537542656,176422912,0,146605952,2,11.8623,0,0,1,1,1,8,20.7299,100,99.8203,1024,16384,608,0,60
nbody_kernel,41356,2048,256,256,8,2,4,0,0,0,1,1,649428,8553,4,203207078,100716546,6,218140672,99.6325,0,0,0,0,402694144,100683776,0.249876,99.9805,3758297088,0,369494016,50337792,637710336,285523968,0,160470592,2,9.55162,0,0,1,1,1,8,18.6457,100,99.3438,1024,0,320,0,46
nbody_kernel,40977,2048,256,256,8,2,4,0,1,0,1,1,649044,8358,4,202044632,100716546,6,201428992,99.9566,1,3.50195,4194304,16384,402694144,100683776,0.249974,99.9831,3758297088,0,319817728,50337792,739028992,302559232,0,162616768,2,9.6414,0,0,1,1,1,8,18.6258,100,99.3525,1024,4096,320,0,46
nbody_kernel,42646,2048,256,256,8,2,4,1,0,0,1,1,648984,8790,4,206434462,100716546,6,218138624,98.5828,0,0,0,0,402694144,100683776,0.249829,99.9596,3758297088,0,486973440,50337792,738529280,318980096,0,168337920,2,9.26631,0,0,1,1,1,8,18.6078,100,99.3745,1024,0,320,0,51
nbody_kernel,36589,2048,256,256,8,2,4,1,0,0,2,1,520905,20038,4,153752620,100722690,5,167813120,99.1161,0,0,0,0,302043136,100689920,0.249828,99.9647,3758346240,0,277137408,25171968,570753024,193093632,0,151292352,2,10.7989,0,0,1,1,1,8,19.2454,100,99.6519,1024,0,416,0,64
nbody_kernel,33564,2048,256,256,8,2,4,1,0,0,4,1,527867,6116503,4,127550236,100734978,5,142659584,99.4749,0,0,0,0,251736064,100702208,0.249826,99.9838,3758444544,0,138659840,12589056,486916096,155324416,0,142511424,2,11.7688,0,0,1,1,1,8,19.4778,100,99.8151,896,0,608,0,72
nbody_kernel,41243,2048,256,256,8,2,4,1,1,0,1,1,648924,8402,4,202176124,100716546,6,201426944,99.9295,1,3.50195,4194304,16384,402694144,100683776,0.249928,99.8855,3758297088,0,320776192,50337792,739577856,302608384,0,162665408,2,9.57444,0,0,1,1,1,8,18.5191,100,99.3527,1024,4096,320,0,41
nbody_kernel,35768,2048,256,256,8,2,4,1,1,0,2,1,520671,20298,4,151720844,100722690,5,151101440,99.9155,1,6.97674,2097152,16384,302043136,100689920,0.249926,99.9772,3758346240,0,194037760,25171968,571277312,235245568,0,150029120,2,11.0483,0,0,1,1,1,8,19.348,100,99.649,1024,8192,416,0,56
nbody_kernel,33159,2048,256,256,8,2,4,1,1,0,4,1,528185,5923177,4,126567404,100734978,4,125947904,99.9061,1,6.97674,2097152,16384,251736064,100702208,0.249967,99.9742,3758444544,0,97110016,12589056,487178240,151228416,0,141093184,2,11.9117,0,0,1,1,1,8,19.2851,100,99.8133,896,16384,608,0,72
nbody_kernel,6437,2048,256,256,8,2,8,0,0,0,1,1,129730,168,1,1211152,32770,3,16793600,0,0,0,0,0,0,0,0.249077,99.9007,3758297088,0,100988928,16779264,33619968,16994304,0,122712960,10,61.5946,0,0,3,1,1,1,93.7845,100,99.9966,512,0,0,0,122
nbody_kernel,5950,2048,256,256,8,2,8,0,1,0,1,0,0,0,1,98472,32770,1,81920,0,1,6.97674,2097152,16384,0,0,0.249417,99.9354,3758297088,0,51312640,16777216,67829760,657408,0,121719040,10,66.5918,0,0,3,1,1,1,98.1632,100,99.9965,512,4096,0,0,124
nbody_kernel,6458,2048,256,256,8,2,8,1,0,0,1,1,129729,80,1,4438752,32770,3,16791552,0,0,0,0,0,0,0,0.248839,99.8379,3758297088,0,218449920,16779264,134365184,50548736,0,130580480,10,61.3143,0,0,3,1,1,3,95.5509,100,99.9968,512,0,0,0,123
nbody_kernel,7186,2048,256,256,8,2,8,1,0,0,2,0,0,0,1,2211864,32770,3,16791552,0,0,0,0,0,0,0,0.124146,99.8221,3758346240,0,109266944,8390656,67256320,25366528,0,124021760,9,55.1639,0,0,3,1,1,2,82.5215,100,99.9982,384,0,0,0,160
nbody_kernel,8839,2048,256,256,8,2,8,1,0,0,4,1,129732,16,1,1422746,32770,2,16791552,0,0,0,0,0,0,0,0.124973,97.5705,3758444544,0,54675456,4196352,33701888,17051648,0,120878336,7,44.7971,0,0,3,1,1,1,67.8424,100,99.999,256,0,0,0,248
nbody_kernel,5972,2048,256,256,8,2,8,1,1,0,1,1,129728,0,1,309984,32770,1,79872,0,1,6.97674,2097152,16384,0,0,0.24971,99.9413,3758297088,0,52250624,16777216,68304896,792576,0,121767424,10,66.3732,0,0,3,1,1,1,97.8661,100,99.9965,512,4096,0,0,123
nbody_kernel,6176,2048,256,256,8,2,8,1,1,0,2,1,129728,8,1,309984,32770,1,79872,0,1,6.97674,2097152,16384,0,0,0.125,99.9619,3758346240,0,26167296,8388608,34226176,567296,0,119617664,10,64.1628,0,0,3,1,1,1,93.6557,100,99.9982,384,8192,0,0,160
nbody_kernel,7761,2048,256,256,8,2,8,1,1,0,4,1,129730,0,1,439706,32770,1,79872,0,1,6.97674,2097152,16384,0,0,0.12498,96.9933,3758444544,0,13125632,4194304,33964032,600064,0,119073920,8,50.985,0,0,3,1,1,1,76.321,100,99.999,256,16384,0,0,247
nbody_kernel,6224,2048,256,256,8,4,0,0,0,0,1,1,2,16,1,1081368,32770,3,16793600,0,0,0,0,0,0,0,0.249475,99.9359,3758297088,0,50657280,8390656,33619968,25382912,0,121140096,10,63.765,0,0,3,1,1,1,94.8398,100,99.9965,512,0,0,0,122
nbody_kernel,5923,2048,256,256,8,4,0,0,1,0,1,1,259458,0,1,357786,32770,1,81920,0,1,6.97674,2097152,16384,0,0,0.249943,99.9643,3758297088,0,26146816,8388608,34275328,657408,0,119621888,10,66.9135,0,0,3,1,1,1,98.144,100,99.9965,512,4096,0,0,126
nbody_kernel,6259,2048,256,256,8,4,0,1,0,0,1,1,149594,56,1,4458618,32770,3,16791552,0,0,0,0,0,0,0,0.249073,99.9162,3758297088,0,109398016,8390656,134365184,50556928,0,126910720,10,63.3138,0,0,3,1,1,3,97.2696,100,99.9967,512,0,0,0,125
nbody_kernel,9126,2048,256,256,8,4,0,1,0,0,2,1,259458,0,1,2471322,32770,2,16791552,0,0,0,0,0,0,0,0.124977,97.4159,3758346240,0,54740992,4196352,67256320,37949440,0,122579968,7,43.3464,0,0,2,1,1,1,65.9043,100,99.9982,384,0,0,0,160
nbody_kernel,8372,2048,256,256,8,4,0,1,0,0,4,1,129730,16,1,1293024,32770,3,16791552,0,0,0,0,0,0,0,0.124969,97.0263,3758444544,0,27412480,2099200,33701888,14948352,0,119895104,8,47.3128,0,0,3,1,1,1,71.4616,100,99.999,256,0,0,0,247
nbody_kernel,5929,2048,256,256,8,4,0,1,1,0,1,1,129728,0,1,309984,32770,1,79872,0,1,6.97674,2097152,16384,0,0,0.249749,99.9493,3758297088,0,27084800,8388608,34750464,794624,0,119670336,10,66.9184,0,0,3,1,1,1,98.2007,100,99.9965,512,4096,0,0,124
nbody_kernel,7764,2048,256,256,8,4,0,1,1,0,2,1,129732,16,1,439730,32770,1,79872,0,1,6.97674,2097152,16384,0,0,0.124999,97.2792,3758346240,0,13584384,4194304,34226176,561152,0,119093184,8,50.9955,0,0,3,1,1,1,76.3975,100,99.9982,384,8192,0,0,162
nbody_kernel,7898,2048,256,256,8,4,0,1,1,0,4,1,47016,0,1,180248,32770,1,79872,0,1,6.97674,2097152,16384,0,0,0.12503,96.8934,3758444544,0,6834176,2097152,33964032,598016,0,118811712,8,50.1727,0,0,3,1,1,1,75.0027,100,99.999,256,16384,0,0,250
nbody_kernel,39594,2048,256,256,8,4,1,0,0,0,1,1,550527,9135,5,203016204,100716546,6,218140672,99.6325,0,0,0,0,402694144,100683776,0.249692,99.1691,3758297088,0,1393229824,243312640,2449866752,419655680,0,259314304,3,9.99887,0,0,1,1,1,9,30.3222,100,99.5939,1024,0,320,0,27
nbody_kernel,39435,2048,256,256,8,4,1,0,1,0,1,1,519388,9021,5,201964596,100716546,6,201428992,99.9566,1,3.50195,4194304,16384,402694144,100683776,0.250023,99.1479,3758297088,0,1368719360,243312640,2551185408,638021632,0,268538496,3,10.0199,0,0,1,1,1,9,30.6097,100,99.6079,1024,4096,320,0,27
nbody_kernel,40177,2048,256,256,8,4,1,1,0,0,1,1,648776,9199,4,206434462,100716546,6,218138624,98.5828,0,0,0,0,402694144,100683776,0.249488,99.3337,3758297088,0,1452113920,243312640,2550611968,428093440,0,264566400,3,9.83003,0,0,1,1,1,9,30.2426,100,99.602,1024,0,320,0,32
nbody_kernel,36335,2048,256,256,8,4,1,1,0,0,2,1,521001,21133,4,153752348,100722690,5,167813120,99.1161,0,0,0,0,302043136,100689920,0.249776,99.7977,3758346240,0,726368256,121677824,1275543552,176353280,0,189848192,2,10.8724,0,0,1,1,1,8,24.3661,100,99.7226,1024,0,416,0,40
nbody_kernel,33887,2048,256,256,8,4,1,1,0,0,4,1,528163,6450511,4,127550516,100734978,5,142659584,99.4749,0,0,0,0,251736064,100702208,0.249739,99.9861,3758444544,0,363497472,60860416,638009344,107112448,0,154261120,2,11.6537,0,0,1,1,1,8,21.3833,100,99.8292,1024,0,608,0,64
nbody_kernel,39435,2048,256,256,8,4,1,1,1,0,1,1,648854,9250,5,202305694,100716546,6,201426944,99.9295,1,3.50195,4194304,16384,402694144,100683776,0.249861,99.1654,3758297088,0,1369800704,243312640,2551660544,571076608,0,266495104,3,10.0347,0,0,1,1,1,9,30.6547,100,99.6049,1024,4096,320,0,29
nbody_kernel,34909,2048,256,256,8,4,1,1,1,0,2,1,521159,21353,4,151720940,100722690,5,151101440,99.9155,1,6.97674,2097152,16384,302043136,100689920,0.249983,99.9672,3758346240,0,685211648,121677824,1276067840,252047360,0,190943872,2,11.3191,0,0,1,1,1,8,25.1731,100,99.7242,1024,8192,416,0,39
nbody_kernel,33538,2048,256,256,8,4,1,1,1,0,4,1,529185,6481284,4,126567196,100734978,4,125947904,99.9061,1,6.97674,2097152,16384,251736064,100702208,0.249942,99.9907,3758444544,0,342927360,60860416,638271488,193230848,0,156317696,2,11.7781,0,0,1,1,1,8,22.1761,100,99.8314,1024,16384,608,0,56
nbody_kernel,40567,2048,256,256,8,4,2,0,0,0,1,1,648978,9026,4,203077092,100716546,6,218140672,99.6325,0,0,0,0,402694144,100683776,0.249553,99.5916,3758297088,0,721958912,109070336,1241759744,486830080,0,198487872,2,9.74041,0,0,1,1,1,8,23.1637,100,99.4695,1024,0,320,0,40
nbody_kernel,41068,2048,256,256,8,4,2,0,1,0,1,1,519208,8959,4,201964500,100716546,6,201428992,99.9566,1,3.50195,4194304,16384,402694144,100683776,0.250118,99.3596,3758297088,0,697448448,109070336,1343078400,436768768,0,199323712,2,9.63342,0,0,1,1,1,8,22.9018,100,99.4717,1024,4096,320,0,40
nbody_kernel,41438,2048,256,256,8,4,2,1,0,0,1,1,649062,9002,4,206304788,100716546,6,218138624,98.5828,0,0,0,0,402694144,100683776,0.249718,99.7878,3758297088,0,780748800,109070336,1342554112,394514432,0,200590016,2,9.53111,0,0,1,1,1,9,22.7215,100,99.4751,1024,0,320,0,40
nbody_kernel,36753,2048,256,256,8,4,2,1,0,0,2,1,520889,20772,4,153752348,100722690,5,167813120,99.1161,0,0,0,0,302043136,100689920,0.249818,99.9718,3758346240,0,390547456,54544384,671449088,243453952,0,160474816,2,10.7497,0,0,1,1,1,8,20.3887,100,99.6718,1024,0,416,0,48
nbody_kernel,33691,2048,256,256,8,4,2,1,0,0,4,1,527775,6480536,4,127550236,100734978,5,142659584,99.4749,0,0,0,0,251736064,100702208,0.249823,99.9883,3758444544,0,195448832,27281408,537280512,172124160,0,146844096,2,11.7271,0,0,1,1,1,8,20.0907,100,99.8206,1024,0,608,0,64
nbody_kernel,40291,2048,256,256,8,4,2,1,1,0,1,1,542084,8894,4,202046292,100716546,6,201426944,99.9295,1,3.50195,4194304,16384,402694144,100683776,0.250065,99.6233,3758297088,0,698435584,109070336,1343602688,503951360,0,201470400,2,9.81852,0,0,1,1,1,8,23.5584,100,99.4773,1024,4096,320,0,40
nbody_kernel,35953,2048,256,256,8,4,2,1,1,0,2,1,521123,20683,4,151720948,100722690,5,151101440,99.9155,1,6.97674,2097152,16384,302043136,100689920,0.249958,99.984,3758346240,0,349390848,54544384,671973376,252039168,0,159473344,2,10.989,0,0,1,1,1,8,20.7698,100,99.6698,1024,8192,416,0,40
nbody_kernel,33291,2048,256,256,8,4,2,1,1,0,4,1,529105,6575047,4,126567508,100734978,4,125947904,99.9061,1,6.97674,2097152,16384,251736064,100702208,0.250003,99.9895,3758444544,0,174880768,27281408,537542656,168065024,0,146082688,2,11.8649,0,0,1,1,1,8,20.1135,100,99.8196,1024,16384,608,0,59
nbody_kernel,41357,2048,256,256,8,4,4,0,0,0,1,1,519260,8417,4,202947604,100716546,6,218140672,99.6325,0,0,0,0,402694144,100683776,0.249887,99.9907,3758297088,0,319162368,41949184,637710336,285519872,0,158635456,2,9.55416,0,0,1,1,1,8,18.3834,100,99.3362,1024,0,320,0,48
nbody_kernel,40982,2048,256,256,8,4,4,0,1,0,1,1,761006,8487,4,202206174,100716546,6,201428992,99.9566,1,3.50195,4194304,16384,402694144,100683776,0.249951,99.9766,3758297088,0,294651904,41949184,739028992,302559232,0,161568192,2,9.6397,0,0,1,1,1,8,18.6238,100,99.3483,1024,4096,320,0,46
nbody_kernel,42658,2048,256,256,8,4,4,1,0,0,1,1,648856,8558,4,206434614,100716546,6,218138624,98.5828,0,0,0,0,402694144,100683776,0.249814,99.9535,3758297088,0,377923584,41949184,738529280,327368704,0,164930112,2,9.26347,0,0,1,1,1,8,18.2492,100,99.3616,1024,0,320,0,51
nbody_kernel,36576,2048,256,256,8,4,4,1,0,0,2,1,521133,19386,4,153752844,100722690,5,167813120,99.1161,0,0,0,0,302043136,100689920,0.249862,99.9741,3758346240,0,222611456,20977664,570753024,197287936,0,149588416,2,10.8016,0,0,1,1,1,8,18.9294,100,99.6479,1024,0,416,0,64
nbody_kernel,33583,2048,256,256,8,4,4,1,0,0,4,1,527999,5830637,4,127550388,100734978,5,142659584,99.4749,0,0,0,0,251736064,100702208,0.249771,99.9863,3758444544,0,111396864,10491904,486916096,136450048,0,141004096,2,11.7657,0,0,1,1,1,8,18.9921,100,99.8131,768,0,608,0,80
nbody_kernel,41285,2048,256,256,8,4,4,1,1,0,1,1,743326,8423,4,202270804,100716546,6,201426944,99.9295,1,3.50195,4194304,16384,402694144,100683776,0.249962,99.8676,3758297088,0,295610368,41949184,739577856,302596096,0,161616448,2,9.56518,0,0,1,1,1,8,18.438,100,99.3485,1024,4096,320,0,41
nbody_kernel,35759,2048,256,256,8,4,4,1,1,0,2,1,520867,20426,4,151721068,100722690,5,151101440,99.9155,1,6.97674,2097152,16384,302043136,100689920,0.249955,99.9831,3758346240,0,181454848,20977664,571277312,226852864,0,149242560,2,11.0477,0,0,1,1,1,8,19.0005,100,99.6471,1024,8192,416,0,56
nbody_kernel,33158,2048,256,256,8,4,4,1,1,0,4,1,528349,6086173,4,126567404,100734978,4,125947904,99.9061,1,6.97674,2097152,16384,251736064,100702208,0.249904,99.9843,3758444544,0,90818560,10491904,487178240,130289664,0,140176704,2,11.9135,0,0,1,1,1,8,19.0793,100,99.812,896,16384,608,0,72
nbody_kernel,6223,2048,256,256,8,4,8,0,0,0,1,1,28559,88,1,1115000,32770,3,16793600,0,0,0,0,0,0,0,0.249451,99.9036,3758297088,0,50657280,8390656,33619968,25382912,0,121140096,10,63.7469,0,0,3,1,1,1,94.8434,100,99.9965,512,0,0,0,122
nbody_kernel,5925,2048,256,256,8,4,8,0,1,0,1,1,52530,0,1,221924,32770,1,81920,0,1,6.97674,2097152,16384,0,0,0.249848,99.9698,3758297088,0,26146816,8388608,34275328,657408,0,119621888,10,66.921,0,0,3,1,1,1,98.1496,100,99.9965,512,4096,0,0,126
nbody_kernel,6261,2048,256,256,8,4,8,1,0,0,1,1,35580,16,1,4344832,32770,3,16791552,0,0,0,0,0,0,0,0.2493,99.9487,3758297088,0,109398016,8390656,134365184,50556928,0,126910720,10,63.3522,0,0,3,1,1,3,97.297,100,99.9967,512,0,0,0,125
nbody_kernel,9179,2048,256,256,8,4,8,1,0,0,2,1,250160,0,1,2471418,32770,2,16791552,0,0,0,0,0,0,0,0.124985,97.3678,3758346240,0,54740992,4196352,67256320,37949440,0,122579968,7,43.1085,0,0,2,1,1,1,65.575,100,99.9982,384,0,0,0,160
nbody_kernel,8337,2048,256,256,8,4,8,1,0,0,4,1,10,16,1,1163440,32770,3,16791552,0,0,0,0,0,0,0,0.125008,97.2243,3758444544,0,27412480,2099200,33701888,14950400,0,119895168,8,47.5425,0,0,3,1,1,1,71.6622,100,99.999,256,0,0,0,247
nbody_kernel,5927,2048,256,256,8,4,8,1,1,0,1,1,158890,0,1,439706,32770,1,79872,0,1,6.97674,2097152,16384,0,0,0.249758,99.952,3758297088,0,27084800,8388608,34750464,794624,0,119670336,10,66.9282,0,0,3,1,1,1,98.2126,100,99.9965,512,4096,0,0,124
nbody_kernel,7728,2048,256,256,8,4,8,1,1,0,2,1,129758,16,1,309984,32770,1,79872,0,1,6.97674,2097152,16384,0,0,0.125039,97.2548,3758346240,0,13584384,4194304,34226176,561152,0,119093184,8,51.2587,0,0,3,1,1,1,76.8111,100,99.9982,384,8192,0,0,162
nbody_kernel,7918,2048,256,256,8,4,8,1,1,0,4,1,129728,0,1,309984,32770,1,79872,0,1,6.97674,2097152,16384,0,0,0.125007,96.8777,3758444544,0,6834176,2097152,33964032,595968,0,118811648,8,50.055,0,0,3,1,1,1,74.8388,100,99.999,256,16384,0,0,250
nbody_kernel,6214,2048,256,256,8,8,0,0,0,0,1,1,129852,128,1,1340826,32770,3,16793600,0,0,0,0,0,0,0,0.24928,99.8749,3758297088,0,25491456,4196352,33619968,29577216,0,120353664,10,63.8145,0,0,3,1,1,1,94.5276,100,99.9965,512,0,0,0,122
nbody_kernel,5971,2048,256,256,8,8,0,0,1,0,1,1,129728,0,1,228064,32770,1,81920,0,1,6.97674,2097152,16384,0,0,0.249518,99.9128,3758297088,0,13563904,4194304,34275328,659456,0,119097664,10,66.4045,0,0,3,1,1,1,97.1016,100,99.9965,512,4096,0,0,125
nbody_kernel,6294,2048,256,256,8,8,0,1,0,0,1,1,82,88,1,4309168,32770,3,16791552,0,0,0,0,0,0,0,0.249104,99.7393,3758297088,0,54872064,4196352,134365184,71518208,0,125730752,10,63.0033,0,0,3,1,1,3,94.6614,100,99.9966,512,0,0,0,126
nbody_kernel,8602,2048,256,256,8,8,0,1,0,0,2,1,104257,0,1,2211864,32770,3,16791552,0,0,0,0,0,0,0,0.125016,97.0688,3758346240,0,27478016,2099200,67256320,40052736,0,121728192,7,46.0366,0,0,3,1,1,2,69.6685,100,99.9982,384,0,0,0,161
nbody_kernel,18930,2048,256,256,8,8,0,1,0,0,4,1,259460,16,1,2684618,32770,1,16791552,0,0,0,0,0,0,0,0.124996,99.9922,3758444544,0,13780992,1050624,33701888,17043456,0,119501824,4,20.777,0,0,1,1,1,1,30.3518,100,99.999,256,0,0,0,248
nbody_kernel,6030,2048,256,256,8,8,0,1,1,0,1,0,0,0,1,180248,32770,1,79872,0,1,6.97674,2097152,16384,0,0,0.2493,99.8647,3758297088,0,14501888,4194304,34750464,792576,0,119145984,10,65.6916,0,0,3,1,1,1,96.3679,100,99.9965,512,4096,0,0,126
nbody_kernel,7865,2048,256,256,8,8,0,1,1,0,2,1,2,16,1,180248,32770,1,79872,0,1,6.97674,2097152,16384,0,0,0.124961,97.0917,3758346240,0,7292928,2097152,34226176,559104,0,118830976,8,50.3413,0,0,3,1,1,1,75.2481,100,99.9982,384,8192,0,0,164
nbody_kernel,18681,2048,256,256,8,8,0,1,1,0,4,1,259458,0,1,1685738,32770,1,79872,0,1,6.97674,2097152,16384,0,0,0.124991,99.9919,3758444544,0,3688448,1048576,33964032,598016,0,118680640,4,21.0452,0,0,1,1,1,1,30.4488,100,99.999,256,16384,0,0,249
nbody_kernel,39501,2048,256,256,8,8,1,0,0,0,1,1,519355,8925,5,202947612,100716546,6,218140672,99.6325,0,0,0,0,402694144,100683776,0.249944,99.2149,3758297088,0,1368064000,239118336,2449866752,453210112,0,259445376,3,10.022,0,0,1,1,1,9,30.2379,100,99.5941,1024,0,320,0,27
nbody_kernel,39331,2048,256,256,8,8,1,0,1,0,1,1,519284,9267,5,201964316,100716546,6,201428992,99.9566,1,3.50195,4194304,16384,402694144,100683776,0.250186,99.1983,3758297088,0,1356136448,239118336,2551185408,638021632,0,268014208,3,10.0482,0,0,1,1,1,9,30.6102,100,99.6071,1024,4096,320,0,27
nbody_kernel,40096,2048,256,256,8,8,1,1,0,0,1,1,519046,8947,5,206175004,100716546,6,218138624,98.5828,0,0,0,0,402694144,100683776,0.249554,99.3848,3758297088,0,1397587968,239118336,2550611968,398733312,0,261813888,3,9.85683,0,0,1,1,1,9,30.1029,100,99.5978,1024,0,320,0,32
nbody_kernel,36627,2048,256,256,8,8,1,1,0,0,2,1,520941,21264,4,153752684,100722690,5,167813120,99.1161,0,0,0,0,302043136,100689920,0.249712,99.71,3758346240,0,699105280,119580672,1275543552,180547584,0,189061760,2,10.7947,0,0,1,1,1,8,24.0253,100,99.7214,1024,0,416,0,40
nbody_kernel,33898,2048,256,256,8,8,1,1,0,0,4,1,528595,6482487,4,127550428,100734978,5,142659584,99.4749,0,0,0,0,251736064,100702208,0.249788,99.9803,3758444544,0,349874176,59811840,638009344,158496768,0,155408384,2,11.6508,0,0,1,1,1,8,21.637,100,99.8305,1024,0,608,0,64
nbody_kernel,39275,2048,256,256,8,8,1,1,1,0,1,1,519196,9056,5,202046236,100716546,6,201426944,99.9295,1,3.50195,4194304,16384,402694144,100683776,0.249994,99.1793,3758297088,0,1357217792,239118336,2551660544,537522176,0,264922240,3,10.0544,0,0,1,1,1,9,30.6401,100,99.6025,1024,4096,320,0,29
nbody_kernel,34901,2048,256,256,8,8,1,1,1,0,2,1,650875,21442,4,151720732,100722690,5,151101440,99.9155,1,6.97674,2097152,16384,302043136,100689920,0.24995,99.9376,3758346240,0,678920192,119580672,1276067840,252047360,0,190681728,2,11.3153,0,0,1,1,1,8,25.054,100,99.7238,1024,8192,416,0,39
nbody_kernel,33563,2048,256,256,8,8,1,1,1,0,4,1,529725,6717962,4,126567700,100734978,4,125947904,99.9061,1,6.97674,2097152,16384,251736064,100702208,0.249978,99.988,3758444544,0,339783680,59811840,638271488,126136320,0,154089984,2,11.7671,0,0,1,1,1,8,22.0946,100,99.829,1024,16384,608,0,56
nbody_kernel,40200,2048,256,256,8,8,2,0,0,0,1,1,648918,9175,4,203077092,100716546,6,218140672,99.6325,0,0,0,0,402694144,100683776,0.249779,99.8177,3758297088,0,696793088,104876032,1241759744,436498432,0,195997504,2,9.82835,0,0,1,1,1,8,22.9096,100,99.4628,1024,0,320,0,40
nbody_kernel,40971,2048,256,256,8,8,2,0,1,0,1,1,544871,9042,4,201964404,100716546,6,201428992,99.9566,1,3.50195,4194304,16384,402694144,100683776,0.249981,99.3462,3758297088,0,684865536,104876032,1343078400,436768768,0,198799424,2,9.65441,0,0,1,1,1,8,23.0222,100,99.4703,1024,4096,320,0,40
nbody_kernel,41387,2048,256,256,8,8,2,1,0,0,1,1,778608,8788,4,206434462,100716546,6,218138624,98.5828,0,0,0,0,402694144,100683776,0.249716,99.8628,3758297088,0,726222848,104876032,1342554112,415485952,0,199410368,2,9.54486,0,0,1,1,1,9,22.3224,100,99.4719,1024,0,320,0,40
nbody_kernel,36851,2048,256,256,8,8,2,1,0,0,2,1,781455,20906,4,154012694,100722690,5,167813120,99.1161,0,0,0,0,302043136,100689920,0.249842,99.9845,3758346240,0,363284480,52447232,671449088,247648256,0,159688384,2,10.7512,0,0,1,1,1,8,20.3144,100,99.6702,1024,0,416,0,48
nbody_kernel,33686,2048,256,256,8,8,2,1,0,0,4,1,528179,6535890,4,127550532,100734978,5,142659584,99.4749,0,0,0,0,251736064,100702208,0.249724,99.9863,3758444544,0,181827584,26232832,537280512,171079680,0,146353024,2,11.7248,0,0,1,1,1,8,19.8378,100,99.82,896,0,608,0,66
nbody_kernel,40372,2048,256,256,8,8,2,1,1,0,1,1,648892,8926,4,202176140,100716546,6,201426944,99.9295,1,3.50195,4194304,16384,402694144,100683776,0.249989,99.6194,3758297088,0,685852672,104876032,1343602688,503951360,0,200946112,2,9.79208,0,0,1,1,1,8,23.4277,100,99.476,1024,4096,320,0,40
nbody_kernel,35984,2048,256,256,8,8,2,1,1,0,2,1,520951,19788,4,151720732,100722690,5,151101440,99.9155,1,6.97674,2097152,16384,302043136,100689920,0.250008,99.986,3758346240,0,343109632,52447232,671973376,243654656,0,158949504,2,10.9815,0,0,1,1,1,8,20.7171,100,99.6687,1024,8192,416,0,40
nbody_kernel,33299,2048,256,256,8,8,2,1,1,0,4,1,529377,6636747,4,126567260,100734978,4,125947904,99.9061,1,6.97674,2097152,16384,251736064,100702208,0.249976,99.989,3758444544,0,171735040,26232832,537542656,163870720,0,145820544,2,11.8638,0,0,1,1,1,8,20.1735,100,99.8193,1024,16384,608,0,59
nbody_kernel,41346,2048,256,256,8,8,4,0,0,0,1,1,648870,8075,4,203206814,100716546,6,218140672,99.6325,0,0,0,0,402694144,100683776,0.249834,99.9812,3758297088,0,293996544,37754880,637710336,289710080,0,157848896,2,9.55498,0,0,1,1,1,8,18.204,100,99.3329,1024,0,320,0,51
nbody_kernel,40984,2048,256,256,8,8,4,0,1,0,1,1,648956,8190,4,202094132,100716546,6,201428992,99.9566,1,3.50195,4194304,16384,402694144,100683776,0.25001,99.985,3758297088,0,282068992,37754880,739028992,302559232,0,161043904,2,9.64082,0,0,1,1,1,8,18.6244,100,99.3461,1024,4096,320,0,46
nbody_kernel,42655,2048,256,256,8,8,4,1,0,0,1,1,648976,8282,4,206434774,100716546,6,218138624,98.5828,0,0,0,0,402694144,100683776,0.249801,99.9362,3758297088,0,323397632,37754880,738529280,331563008,0,163226176,2,9.26163,0,0,1,1,1,8,18.0718,100,99.3549,1024,0,320,0,51
nbody_kernel,36604,2048,256,256,8,8,4,1,0,0,2,1,520857,20324,4,153752348,100722690,5,167813120,99.1161,0,0,0,0,302043136,100689920,0.249803,99.9718,3758346240,0,195348480,18880512,570753024,199385088,0,148736448,2,10.7983,0,0,1,1,1,8,18.7647,100,99.6459,1024,0,416,0,64
nbody_kernel,33590,2048,256,256,8,8,4,1,0,0,4,1,528323,5978655,4,127550700,100734978,5,142659584,99.4749,0,0,0,0,251736064,100702208,0.249683,99.9694,3758444544,0,97765376,9443328,486916096,139595776,0,140643648,2,11.761,0,0,1,1,1,8,18.9521,100,99.8127,768,0,608,0,80
nbody_kernel,41320,2048,256,256,8,8,4,1,1,0,1,1,519404,7872,4,202046732,100716546,6,201426944,99.9295,1,3.50195,4194304,16384,402694144,100683776,0.249958,99.8784,3758297088,0,283027456,37754880,739577856,302596096,0,161092160,2,9.56284,0,0,1,1,1,8,18.365,100,99.3463,1024,4096,320,0,41
nbody_kernel,35773,2048,256,256,8,8,4,1,1,0,2,1,520943,19407,4,151720732,100722690,5,151101440,99.9155,1,6.97674,2097152,16384,302043136,100689920,0.249939,99.9916,3758346240,0,175163392,18880512,571277312,268865536,0,150293312,2,11.0465,0,0,1,1,1,8,19.3421,100,99.6496,1024,8192,416,0,53
nbody_kernel,33168,2048,256,256,8,8,4,1,1,0,4,1,528009,6170393,4,126567492,100734978,4,125947904,99.9061,1,6.97674,2097152,16384,251736064,100702208,0.2499,99.9701,3758444544,0,87672832,9443328,487178240,123998208,0,139849024,2,11.9088,0,0,1,1,1,8,19.0124,100,99.8116,896,16384,608,0,72
nbody_kernel,6214,2048,256,256,8,8,8,0,0,0,1,1,2,16,1,1081368,32770,3,16793600,0,0,0,0,0,0,0,0.249343,99.8971,3758297088,0,25491456,4196352,33619968,29577216,0,120353664,10,63.8593,0,0,3,1,1,1,94.573,100,99.9965,512,0,0,0,122
nbody_kernel,5973,2048,256,256,8,8,8,0,1,0,1,0,0,0,1,98328,32770,1,81920,0,1,6.97674,2097152,16384,0,0,0.249566,99.8606,3758297088,0,13563904,4194304,34275328,659456,0,119097664,10,66.3658,0,0,3,1,1,1,97.0957,100,99.9965,512,4096,0,0,125
nbody_kernel,6282,2048,256,256,8,8,8,1,0,0,1,1,129906,208,1,4438752,32770,3,16791552,0,0,0,0,0,0,0,0.249108,99.7297,3758297088,0,54872064,4196352,134365184,71518208,0,125730752,10,63.0124,0,0,3,1,1,3,94.6841,100,99.9966,512,0,0,0,126
nbody_kernel,8602,2048,256,256,8,8,8,1,0,0,2,1,129730,0,1,2471322,32770,3,16791552,0,0,0,0,0,0,0,0.124985,97.0887,3758346240,0,27478016,2099200,67256320,40052736,0,121728192,7,46.0378,0,0,3,1,1,2,69.656,100,99.9982,384,0,0,0,161
nbody_kernel,18938,2048,256,256,8,8,8,1,0,0,4,1,259460,16,1,2814426,32770,1,16791552,0,0,0,0,0,0,0,0.124997,99.9919,3758444544,0,13780992,1050624,33701888,17051648,0,119502080,4,20.7759,0,0,1,1,1,1,30.3501,100,99.999,256,0,0,0,248
nbody_kernel,6027,2048,256,256,8,8,8,1,1,0,1,1,129788,0,1,310216,32770,1,79872,0,1,6.97674,2097152,16384,0,0,0.24969,99.8544,3758297088,0,14501888,4194304,34750464,792576,0,119145984,10,65.7309,0,0,3,1,1,1,96.4354,100,99.9965,512,4096,0,0,126
nbody_kernel,7905,2048,256,256,8,8,8,1,1,0,2,1,169787,16,1,350074,32770,1,79872,0,1,6.97674,2097152,16384,0,0,0.124979,97.0148,3758346240,0,7292928,2097152,34226176,559104,0,118830976,8,50.1127,0,0,3,1,1,1,74.9657,100,99.9982,384,8192,0,0,164
nbody_kernel,18741,2048,256,256,8,8,8,1,1,0,4,1,259458,0,1,1715910,32770,1,79872,0,1,6.97674,2097152,16384,0,0,0.124986,99.9917,3758444544,0,3688448,1048576,33964032,595968,0,118680576,4,20.9794,0,0,1,1,1,1,30.3537,100,99.999,256,16384,0,0,249
nbody_kernel,6428,2048,256,256,8,16,0,0,0,0,1,1,50,80,1,1081472,32770,3,16793600,0,0,0,0,0,0,0,0.247494,99.7849,3758297088,0,12908544,2099200,33619968,31674368,0,119960448,9,61.7848,0,0,3,1,1,1,91.1199,100,99.9965,512,0,0,0,125
nbody_kernel,6172,2048,256,256,8,16,0,0,1,0,1,0,0,0,1,98328,32770,1,81920,0,1,6.97674,2097152,16384,0,0,0.248564,99.8046,3758297088,0,7272448,2097152,34275328,659456,0,118835520,10,64.2183,0,0,3,1,1,1,93.6155,100,99.9964,512,4096,0,0,125
nbody_kernel,6490,2048,256,256,8,16,0,1,0,0,1,1,2,8,1,4309016,32770,3,16791552,0,0,0,0,0,0,0,0.246876,99.6892,3758297088,0,27609088,2099200,134365184,84099072,0,125206400,9,60.9709,0,0,3,1,1,3,90.9104,100,99.9966,512,0,0,0,126
nbody_kernel,19171,2048,256,256,8,16,0,1,0,0,2,1,518916,0,1,4009468,32770,1,16791552,0,0,0,0,0,0,0,0.124994,99.992,3758346240,0,13846528,1050624,67256320,45293568,0,121433216,3,20.5062,0,0,1,1,1,1,30.1164,100,99.9982,384,0,0,0,162
nbody_kernel,18776,2048,256,256,8,16,0,1,0,0,4,1,259520,16,1,2802330,32770,1,16791552,0,0,0,0,0,0,0,0.124987,99.9918,3758444544,0,6965248,526336,33701888,15998976,0,119239808,4,20.9632,0,0,1,1,1,1,30.4965,100,99.999,256,0,0,0,247
nbody_kernel,6223,2048,256,256,8,16,0,1,1,0,1,1,129728,0,1,309984,32770,1,79872,0,1,6.97674,2097152,16384,0,0,0.248097,99.7159,3758297088,0,8210432,2097152,34750464,794624,0,118883904,10,63.8032,0,0,3,1,1,1,93.4009,100,99.9964,512,4096,0,0,125
nbody_kernel,18708,2048,256,256,8,16,0,1,1,0,2,1,259460,16,1,1694042,32770,1,79872,0,1,6.97674,2097152,16384,0,0,0.125009,99.9909,3758346240,0,4147200,1048576,34226176,569344,0,118700224,4,21.0217,0,0,1,1,1,1,30.4565,100,99.9982,384,8192,0,0,163
nbody_kernel,18622,2048,256,256,8,16,0,1,1,0,4,1,259506,0,1,1811466,32770,1,79872,0,1,6.97674,2097152,16384,0,0,0.125,99.9916,3758444544,0,2115584,524288,33964032,604160,0,118615296,4,21.1232,0,0,1,1,1,1,30.5527,100,99.999,256,16384,0,0,253
nbody_kernel,38757,2048,256,256,8,16,1,0,0,0,1,1,649033,8937,5,203206910,100716570,6,218140672,99.6325,0,0,0,0,402694144,100683776,0.249945,99.44,3758297088,0,1355481088,237021184,2449866752,486764544,0,260035200,3,10.1982,0,0,1,1,1,9,30.6288,100,99.5951,1024,0,320,0,27
nbody_kernel,38714,2048,256,256,8,16,1,0,1,0,1,1,519291,9157,5,201964468,100716546,6,201428992,99.9566,1,3.50195,4194304,16384,402694144,100683776,0.250021,99.3398,3758297088,0,1349844992,237021184,2551185408,621244416,0,267227776,3,10.2118,0,0,1,1,1,9,31.0285,100,99.606,1024,4096,320,0,27
nbody_kernel,39525,2048,256,256,8,16,1,1,0,0,1,1,771036,9138,5,206427182,100716546,6,218138624,98.5828,0,0,0,0,402694144,100683776,0.249739,99.576,3758297088,0,1370324992,237021184,2550611968,367276032,0,259913344,3,9.98974,0,0,1,1,1,9,30.3457,100,99.5949,1024,0,320,0,32
nbody_kernel,36784,2048,256,256,8,16,1,1,0,0,2,1,780147,21310,4,154011806,100722690,5,167813120,99.1161,0,0,0,0,302043136,100689920,0.249235,99.7529,3758346240,0,685473792,118532096,1275543552,182644736,0,188668544,2,10.7405,0,0,1,1,1,8,23.8008,100,99.7209,1024,0,416,0,40
nbody_kernel,33914,2048,256,256,8,16,1,1,0,0,4,2,528695,8239309,4,127550236,100734978,5,142659584,99.4749,0,0,0,0,251736064,100702208,0.24962,99.9847,3758444544,0,343058432,59287552,638009344,159021056,0,155195392,2,11.6486,0,0,1,1,1,8,21.6801,100,99.8302,1024,0,608,0,64
nbody_kernel,38646,2048,256,256,8,16,1,1,1,0,1,1,519276,8871,5,202046236,100716546,6,201426944,99.9295,1,3.50195,4194304,16384,402694144,100683776,0.250148,99.3815,3758297088,0,1350926336,237021184,2551660544,520744960,0,264135808,3,10.2292,0,0,1,1,1,9,31.0734,100,99.6013,1024,4096,320,0,29
nbody_kernel,34908,2048,256,256,8,16,1,1,1,0,2,1,521111,21070,4,151720900,100722690,5,151101440,99.9155,1,6.97674,2097152,16384,302043136,100689920,0.249974,99.9442,3758346240,0,675774464,118532096,1276067840,252047360,0,190550656,2,11.315,0,0,1,1,1,8,24.9929,100,99.7236,1024,8192,416,0,39
nbody_kernel,33580,2048,256,256,8,16,1,1,1,0,4,2,572665,8507071,4,126567404,100734978,4,125947904,99.9061,1,6.97674,2097152,16384,251736064,100702208,0.249968,99.9765,3758444544,0,338212864,59287552,638271488,126134272,0,154024448,2,11.7649,0,0,1,1,1,8,22.1033,100,99.8289,1024,16384,608,0,56
nbody_kernel,40098,2048,256,256,8,16,2,0,0,0,1,1,779044,8665,4,203207022,100716546,6,218140672,99.6325,0,0,0,0,402694144,100683776,0.249938,99.9267,3758297088,0,684210176,102778880,1241759744,426012672,0,195211072,2,9.86244,0,0,1,1,1,9,22.8869,100,99.4606,1024,0,320,0,40
nbody_kernel,40446,2048,256,256,8,16,2,0,1,0,1,1,778832,8957,4,202223774,100716546,6,201428992,99.9566,1,3.50195,4194304,16384,402694144,100683776,0.250043,99.5828,3758297088,0,678574080,102778880,1343078400,436768768,0,198537280,2,9.77155,0,0,1,1,1,8,23.2803,100,99.4696,1024,4096,320,0,40
nbody_kernel,41295,2048,256,256,8,16,2,1,0,0,1,1,649288,9623,4,206434982,100716546,6,218138624,98.5828,0,0,0,0,402694144,100683776,0.249789,99.951,3758297088,0,698959872,102778880,1342554112,425971712,0,198820544,2,9.56608,0,0,1,1,1,9,22.2775,100,99.4704,1024,0,320,0,40
nbody_kernel,36751,2048,256,256,8,16,2,1,0,0,2,1,780387,20491,4,154012086,100722690,5,167813120,99.1161,0,0,0,0,302043136,100689920,0.249763,99.9836,3758346240,0,349652992,51398656,671449088,249745408,0,159295168,2,10.7496,0,0,1,1,1,8,20.2743,100,99.6694,1024,0,416,0,48
nbody_kernel,33697,2048,256,256,8,16,2,1,0,0,4,2,528851,8337901,4,127550564,100734978,5,142659584,99.4749,0,0,0,0,251736064,100702208,0.249539,99.9902,3758444544,0,175013888,25708544,537280512,173699072,0,146205568,2,11.7239,0,0,1,1,1,8,19.7923,100,99.8198,896,0,608,0,66
nbody_kernel,40258,2048,256,256,8,16,2,1,1,0,1,1,693330,8344,4,202220566,100716546,6,201426944,99.9295,1,3.50195,4194304,16384,402694144,100683776,0.249877,99.5901,3758297088,0,679561216,102778880,1343602688,503951360,0,200683968,2,9.81448,0,0,1,1,1,8,23.4539,100,99.4753,1024,4096,320,0,40
nbody_kernel,35980,2048,256,256,8,16,2,1,1,0,2,1,521067,20486,4,151850780,100722690,5,151101440,99.9155,1,6.97674,2097152,16384,302043136,100689920,0.249973,99.9914,3758346240,0,339963904,51398656,671973376,247848960,0,158949504,2,10.98,0,0,1,1,1,8,20.6942,100,99.6687,1024,8192,416,0,40
nbody_kernel,33301,2048,256,256,8,16,2,1,1,0,4,2,529773,8382195,4,126614472,100734978,4,125947904,99.9061,1,6.97674,2097152,16384,251736064,100702208,0.24997,99.9845,3758444544,0,170164224,25708544,537542656,161771520,0,145689472,2,11.8622,0,0,1,1,1,8,20.2027,100,99.8191,1024,16384,608,0,59
nbody_kernel,41346,2048,256,256,8,16,4,0,0,0,1,1,725538,8118,4,203206862,100716546,6,218140672,99.6325,0,0,0,0,402694144,100683776,0.249865,99.9815,3758297088,0,281411584,35657728,637710336,289718272,0,157390336,2,9.55604,0,0,1,1,1,8,18.1562,100,99.331,1024,0,320,0,52
nbody_kernel,40990,2048,256,256,8,16,4,0,1,0,1,1,648998,8247,4,202223926,100716546,6,201428992,99.9566,1,3.50195,4194304,16384,402694144,100683776,0.249965,99.9846,3758297088,0,275775488,35657728,739028992,302563328,0,160781824,2,9.63815,0,0,1,1,1,8,18.6527,100,99.3451,1024,4096,320,0,46
nbody_kernel,42586,2048,256,256,8,16,4,1,0,0,1,1,778760,8047,4,206434462,100716546,6,218138624,98.5828,0,0,0,0,402694144,100683776,0.249794,99.9724,3758297088,0,296132608,35657728,738529280,321081344,0,161981056,2,9.27444,0,0,1,1,1,8,17.8246,100,99.3499,1024,0,320,0,52
nbody_kernel,36598,2048,256,256,8,16,4,1,0,0,2,1,520841,19558,4,153752540,100722690,5,167813120,99.1161,0,0,0,0,302043136,100689920,0.249705,99.9746,3758346240,0,181714944,17831936,570753024,206725120,0,148507008,2,10.798,0,0,1,1,1,8,18.6185,100,99.6454,1024,0,416,0,64
nbody_kernel,33648,2048,256,256,8,16,4,1,0,0,4,1,530335,7187474,4,134620268,100734978,5,142659584,99.4749,0,0,0,0,251736064,100702208,0.249287,99.9369,3758444544,0,90947584,8919040,486916096,132775936,0,140201088,2,11.7419,0,0,1,1,1,8,18.9962,100,99.8121,768,0,608,0,80
nbody_kernel,41216,2048,256,256,8,16,4,1,1,0,1,1,648852,8381,4,202176180,100716546,6,201426944,99.9295,1,3.50195,4194304,16384,402694144,100683776,0.249988,99.906,3758297088,0,276733952,35657728,739577856,306794496,0,160961152,2,9.58297,0,0,1,1,1,8,18.4652,100,99.3458,1024,4096,320,0,41
nbody_kernel,35772,2048,256,256,8,16,4,1,1,0,2,1,520799,19423,4,151720764,100722690,5,151101440,99.9155,1,6.97674,2097152,16384,302043136,100689920,0.249997,99.9908,3758346240,0,172015616,17831936,571277312,279343104,0,150489600,2,11.0477,0,0,1,1,1,8,19.0854,100,99.65,1024,8192,416,0,53
nbody_kernel,33258,2048,256,256,8,16,4,1,1,0,4,1,530193,7171109,4,130304396,100734978,4,125947904,99.9061,1,6.97674,2097152,16384,251736064,100702208,0.249845,99.904,3758444544,0,86097920,8919040,487178240,137625600,0,140209280,2,11.8811,0,0,1,1,1,8,18.9345,100,99.8121,896,16384,608,0,72
nbody_kernel,6473,2048,256,256,8,16,8,0,0,0,1,1,129732,16,1,1340826,32770,3,16793600,0,0,0,0,0,0,0,0.247738,99.5608,3758297088,0,12908544,2099200,33619968,31674368,0,119960448,9,61.6197,0,0,3,1,1,1,91.0809,100,99.9965,512,0,0,0,125
nbody_kernel,6201,2048,256,256,8,16,8,0,1,0,1,1,259458,0,1,357786,32770,1,81920,0,1,6.97674,2097152,16384,0,0,0.248554,99.5729,3758297088,0,7272448,2097152,34275328,659456,0,118835520,10,64.0715,0,0,3,1,1,1,93.619,100,99.9964,512,4096,0,0,125
nbody_kernel,6495,2048,256,256,8,16,8,1,0,0,1,1,129922,200,1,4438752,32770,3,16791552,0,0,0,0,0,0,0,0.246637,99.5109,3758297088,0,27609088,2099200,134365184,84099072,0,125206400,9,60.8789,0,0,3,1,1,3,90.9359,100,99.9966,512,0,0,0,126
nbody_kernel,19131,2048,256,256,8,16,8,1,0,0,2,1,259458,0,1,3879274,32770,1,16791552,0,0,0,0,0,0,0,0.125002,99.9922,3758346240,0,13846528,1050624,67256320,45293568,0,121433216,3,20.5759,0,0,1,1,1,1,30.2188,100,99.9982,384,0,0,0,162
nbody_kernel,18778,2048,256,256,8,16,8,1,0,0,4,1,473578,16,1,2929428,32770,1,16791552,0,0,0,0,0,0,0,0.124984,99.9921,3758444544,0,6965248,526336,33701888,16001024,0,119239872,4,20.9589,0,0,1,1,1,1,30.4902,100,99.999,256,0,0,0,247
nbody_kernel,6204,2048,256,256,8,16,8,1,1,0,1,1,129776,0,1,300072,32770,1,79872,0,1,6.97674,2097152,16384,0,0,0.248005,99.6991,3758297088,0,8210432,2097152,34750464,794624,0,118883904,10,63.7495,0,0,3,1,1,1,93.3379,100,99.9964,512,4096,0,0,125
nbody_kernel,18706,2048,256,256,8,16,8,1,1,0,2,1,259460,16,1,1694002,32770,1,79872,0,1,6.97674,2097152,16384,0,0,0.124989,99.9918,3758346240,0,4147200,1048576,34226176,569344,0,118700224,4,21.0189,0,0,1,1,1,1,30.4523,100,99.9982,384,8192,0,0,163
nbody_kernel,18673,2048,256,256,8,16,8,1,1,0,4,1,259458,0,1,1815474,32770,1,79872,0,1,6.97674,2097152,16384,0,0,0.124996,99.992,3758444544,0,2115584,524288,33964032,602112,0,118615232,4,21.064,0,0,1,1,1,1,30.4668,100,99.999,256,16384,0,0,253
nbody_kernel,9487,2048,256,256,8,32,0,0,0,0,1,1,129730,16,1,1712240,32770,2,16793600,0,0,0,0,0,0,0,0.250141,99.9847,3758297088,0,6617088,1050624,33619968,32727040,0,119763968,7,41.618,0,0,2,1,1,1,61.0747,100,99.9965,512,0,0,0,125
nbody_kernel,9361,2048,256,256,8,32,0,0,1,0,1,1,212210,0,1,937826,32770,1,81920,0,1,6.97674,2097152,16384,0,0,0.250042,99.9821,3758297088,0,4126720,1048576,34275328,659456,0,118704448,7,42.0885,0,0,2,1,1,1,61.3744,100,99.9964,512,4096,0,0,125
nbody_kernel,9960,2048,256,256,8,32,0,1,0,0,1,1,129732,8,1,5228074,32770,2,16791552,0,0,0,0,0,0,0,0.24978,99.9829,3758297088,0,13977600,1050624,134365184,91441152,0,124977088,6,39.5806,0,0,2,1,1,2,59.1696,100,99.9966,512,0,0,0,126
nbody_kernel,19094,2048,256,256,8,32,0,1,0,0,2,1,259570,16,1,3741418,32770,1,16791552,0,0,0,0,0,0,0,0.124993,99.9908,3758346240,0,7030784,526336,67256320,45815808,0,121220160,3,20.6255,0,0,1,1,1,1,30.2294,100,99.9982,384,0,0,0,164
nbody_kernel,18979,2048,256,256,8,32,0,1,0,0,4,1,259524,119430,1,5019882,2310402,2,19130368,79.423,0,0,0,0,4677632,2277632,0.124987,99.992,3758444544,0,3657728,264192,70633472,23113728,0,120504704,4,20.7424,0,0,1,1,1,1,30.4207,100,99.999,256,0,296,0,255
nbody_kernel,9404,2048,256,256,8,32,0,1,1,0,1,1,129730,0,1,1067002,32770,1,79872,0,1,6.97674,2097152,16384,0,0,0.249793,99.9841,3758297088,0,5064704,1048576,34750464,792576,0,118752768,7,41.9082,0,0,2,1,1,1,61.2024,100,99.9964,512,4096,0,0,125
nbody_kernel,18575,2048,256,256,8,32,0,1,1,0,2,1,259460,16,1,1682058,32770,1,79872,0,1,6.97674,2097152,16384,0,0,0.124993,99.9916,3758346240,0,2574336,524288,34226176,565248,0,118634560,4,21.1719,0,0,1,1,1,1,30.6556,100,99.9982,384,8192,0,0,163
nbody_kernel,18686,2048,256,256,8,32,0,1,1,0,4,1,407863,10409,1,2643708,733442,1,780288,86.8041,1,6.97674,2097152,16384,1400832,700672,0.124957,99.9917,3758444544,0,1429504,262144,45172736,2994176,0,119010624,4,21.0471,0,0,1,1,1,1,30.591,100,99.999,256,16384,216,0,255
nbody_kernel,43798,2048,256,256,8,32,1,0,0,0,1,1,649124,8954,5,202947356,100716546,6,218140672,99.6325,0,0,0,0,402694144,100683776,0.249766,99.3613,3758297088,0,1349189632,235972608,2449866752,486764544,0,259805824,3,10.1884,0,0,1,1,1,9,30.5879,100,99.5947,1024,0,320,0,27
nbody_kernel,43693,2048,256,256,8,32,1,0,1,0,1,1,649353,8901,5,201994064,100716546,6,201428992,99.9566,1,3.50195,4194304,16384,402694144,100683776,0.249994,99.3527,3758297088,0,1346699264,235972608,2551185408,629633024,0,267358848,3,10.2217,0,0,1,1,1,9,31.0367,100,99.6062,1024,4096,320,0,27
nbody_kernel,44680,2048,256,256,8,32,1,1,0,0,1,1,778780,8912,5,206434582,100716546,6,218138624,98.5828,0,0,0,0,402694144,100683776,0.249252,98.983,3758297088,0,1356693504,235972608,2550611968,368324608,0,259487360,3,9.89611,0,0,1,1,1,9,30.1893,100,99.5942,1024,0,320,0,32
nbody_kernel,42679,2048,256,256,8,32,1,1,0,0,2,1,715703,20861,4,154011958,100722690,5,167813120,99.1161,0,0,0,0,302043136,100689920,0.25157,98.3945,3758346240,0,678658048,118007808,1275543552,183693312,0,188471936,2,10.3983,0,0,1,1,1,8,23.3147,100,99.7206,1024,0,416,0,40
nbody_kernel,38387,2048,256,256,8,32,1,1,0,0,4,1,528707,8023628,4,127550284,100734978,5,142659584,99.4749,0,0,0,0,251736064,100702208,0.249321,99.939,3758444544,0,339650560,59025408,638009344,159283200,0,155088896,2,11.6317,0,0,1,1,1,8,21.6825,100,99.8301,1024,0,608,0,64
nbody_kernel,43646,2048,256,256,8,32,1,1,1,0,1,1,648884,9075,5,202175972,100716546,6,201426944,99.9295,1,3.50195,4194304,16384,402694144,100683776,0.249986,99.4011,3758297088,0,1347780608,235972608,2551660544,512356352,0,263742592,3,10.2376,0,0,1,1,1,9,31.0751,100,99.6008,1024,4096,320,0,29
nbody_kernel,39469,2048,256,256,8,32,1,1,1,0,2,1,521271,20696,4,151720828,100722690,5,151101440,99.9155,1,6.97674,2097152,16384,302043136,100689920,0.249951,99.9532,3758346240,0,674201600,118007808,1276067840,252047360,0,190485120,2,11.3156,0,0,1,1,1,8,24.9624,100,99.7235,1024,8192,416,0,39
nbody_kernel,37954,2048,256,256,8,32,1,1,1,0,4,1,659303,8502085,4,126827086,100734978,4,125947904,99.9061,1,6.97674,2097152,16384,251736064,100702208,0.24996,99.977,3758444544,0,337426432,59025408,638271488,126134272,0,153991680,2,11.7653,0,0,1,1,1,8,22.109,100,99.8289,1024,16384,608,0,56
nbody_kernel,45379,2048,256,256,8,32,2,0,0,0,1,1,648980,9062,4,203077180,100716546,6,218140672,99.6325,0,0,0,0,402694144,100683776,0.250355,99.9608,3758297088,0,677918720,101730304,1241759744,422866944,0,194883392,2,9.86674,0,0,1,1,1,9,22.8591,100,99.4597,1024,0,320,0,40
nbody_kernel,45646,2048,256,256,8,32,2,0,1,0,1,1,649119,8926,4,202094052,100716546,6,201428992,99.9566,1,3.50195,4194304,16384,402694144,100683776,0.249894,99.573,3758297088,0,675428352,101730304,1343078400,436768768,0,198406208,2,9.78245,0,0,1,1,1,8,23.3256,100,99.4693,1024,4096,320,0,40
nbody_kernel,46692,2048,256,256,8,32,2,1,0,0,1,1,778616,8646,4,206434582,100716546,6,218138624,98.5828,0,0,0,0,402694144,100683776,0.249652,99.9252,3758297088,0,685328384,101730304,1342554112,431214592,0,198525632,2,9.55839,0,0,1,1,1,9,22.2279,100,99.4696,1024,0,320,0,40
nbody_kernel,41542,2048,256,256,8,32,2,1,0,0,2,1,780527,20769,4,154012310,100722690,5,167813120,99.1161,0,0,0,0,302043136,100689920,0.249647,99.963,3758346240,0,342837248,50874368,671449088,250793984,0,159098560,2,10.7458,0,0,1,1,1,8,20.2526,100,99.669,1024,0,416,0,48
nbody_kernel,33854,2048,256,256,8,32,2,1,0,0,4,1,530927,7881171,4,133010932,100734978,5,142659584,99.4749,0,0,0,0,251736064,100702208,0.249132,99.8387,3758444544,0,171606016,25446400,537280512,175009792,0,146131840,2,11.6706,0,0,1,1,1,8,19.7106,100,99.8197,896,0,608,0,66
nbody_kernel,40262,2048,256,256,8,32,2,1,1,0,1,1,697493,8418,4,202306054,100716546,6,201426944,99.9295,1,3.50195,4194304,16384,402694144,100683776,0.249847,99.5976,3758297088,0,676415488,101730304,1343602688,503951360,0,200552896,2,9.80977,0,0,1,1,1,8,23.4238,100,99.475,1024,4096,320,0,40
nbody_kernel,35975,2048,256,256,8,32,2,1,1,0,2,1,520867,20315,4,151850660,100722690,5,151101440,99.9155,1,6.97674,2097152,16384,302043136,100689920,0.25001,99.9915,3758346240,0,338391040,50874368,671973376,249946112,0,158949504,2,10.982,0,0,1,1,1,8,20.6883,100,99.6687,1024,8192,416,0,40
nbody_kernel,33306,2048,256,256,8,32,2,1,1,0,4,2,532265,8375957,4,126767132,100734978,4,125947904,99.9061,1,6.97674,2097152,16384,251736064,100702208,0.249993,99.9906,3758444544,0,169377792,25446400,537542656,160722944,0,145623936,2,11.8634,0,0,1,1,1,8,20.2188,100,99.8191,1024,16384,608,0,59
nbody_kernel,41345,2048,256,256,8,32,4,0,0,0,1,1,649154,8019,4,203077092,100716546,6,218140672,99.6325,0,0,0,0,402694144,100683776,0.249764,99.9768,3758297088,0,275120128,34609152,637710336,287621120,0,157095424,2,9.55423,0,0,1,1,1,8,18.137,100,99.3297,1024,0,320,0,52
nbody_kernel,40969,2048,256,256,8,32,4,0,1,0,1,1,649046,8070,4,202224022,100716546,6,201428992,99.9566,1,3.50195,4194304,16384,402694144,100683776,0.25003,99.9725,3758297088,0,272629760,34609152,739028992,304652288,0,160716032,2,9.64366,0,0,1,1,1,8,18.6404,100,99.3448,1024,4096,320,0,51
nbody_kernel,42594,2048,256,256,8,32,4,1,0,0,1,1,649144,8011,4,206434974,100716546,6,218138624,98.5828,0,0,0,0,402694144,100683776,0.249756,99.9845,3758297088,0,282501120,34609152,738529280,328421376,0,161751680,2,9.27429,0,0,1,1,1,8,17.8021,100,99.349,1024,0,320,0,52
nbody_kernel,36647,2048,256,256,8,32,4,1,0,0,2,1,781891,19927,4,161554846,100722690,5,167813120,99.1161,0,0,0,0,302043136,100689920,0.249217,99.9439,3758346240,0,174899200,17307648,570753024,204103680,0,148195712,2,10.7788,0,0,1,1,1,8,18.5466,100,99.6446,1024,0,416,0,64
nbody_kernel,38268,2048,256,256,8,32,4,1,0,0,4,1,662587,6592143,4,140529260,100734978,5,142659584,99.4749,0,0,0,0,251736064,100702208,0.248558,99.8206,3758444544,0,87539712,8656896,486916096,133562368,0,140110976,2,11.6674,0,0,1,1,1,8,18.8863,100,99.8119,768,0,608,0,80
nbody_kernel,40991,2048,256,256,8,32,4,1,1,0,1,1,649028,7813,4,202175972,100716546,6,201426944,99.9295,1,3.50195,4194304,16384,402694144,100683776,0.249953,99.9729,3758297088,0,273588224,34609152,739577856,304693248,0,160764416,2,9.63848,0,0,1,1,1,8,18.635,100,99.345,1024,4096,320,0,51
nbody_kernel,35768,2048,256,256,8,32,4,1,1,0,2,1,781409,20554,4,152385118,100722690,5,151101440,99.9155,1,6.97674,2097152,16384,302043136,100689920,0.24999,99.9779,3758346240,0,170442752,17307648,571277312,282488832,0,150522368,2,11.0463,0,0,1,1,1,8,19.0614,100,99.6501,1024,8192,416,0,53
nbody_kernel,33683,2048,256,256,8,32,4,1,1,0,4,1,532201,6791277,4,134358876,100734978,4,125947904,99.9061,1,6.97674,2097152,16384,251736064,100702208,0.248991,99.7092,3758444544,0,85311488,8656896,487178240,136052736,0,140127360,2,11.7577,0,0,1,1,1,8,18.7666,100,99.812,896,16384,608,0,72
nbody_kernel,9486,2048,256,256,8,32,8,0,0,0,1,1,129732,16,1,1971698,32770,2,16793600,0,0,0,0,0,0,0,0.249793,99.9835,3758297088,0,6617088,1050624,33619968,32727040,0,119763968,7,41.5891,0,0,2,1,1,1,61.033,100,99.9965,512,0,0,0,125
nbody_kernel,9365,2048,256,256,8,32,8,0,1,0,1,1,129778,0,1,981474,32770,1,81920,0,1,6.97674,2097152,16384,0,0,0.249806,99.9842,3758297088,0,4126720,1048576,34275328,659456,0,118704448,7,42.0901,0,0,2,1,1,1,61.3754,100,99.9964,512,4096,0,0,125
nbody_kernel,9958,2048,256,256,8,32,8,1,0,0,1,1,129730,8,1,4973524,32770,2,16791552,0,0,0,0,0,0,0,0.250162,99.9845,3758297088,0,13977600,1050624,134365184,91441152,0,124977088,6,39.6249,0,0,2,1,1,2,59.2349,100,99.9966,512,0,0,0,126
nbody_kernel,19143,2048,256,256,8,32,8,1,0,0,2,1,259458,48,1,3741322,32770,1,16791552,0,0,0,0,0,0,0,0.124999,99.9919,3758346240,0,7030784,526336,67256320,45815808,0,121220160,3,20.5525,0,0,1,1,1,1,30.122,100,99.9982,384,0,0,0,164
nbody_kernel,18982,2048,256,256,8,32,8,1,0,0,4,1,259812,98714,1,5149634,2310402,2,19130368,79.423,0,0,0,0,4677632,2277632,0.124993,99.9915,3758444544,0,3657728,264192,70633472,23113728,0,120504704,4,20.7356,0,0,1,1,1,1,30.411,100,99.999,256,0,296,0,255
nbody_kernel,10532,2048,256,256,8,32,8,1,1,0,1,1,129786,0,1,1063586,32770,1,79872,0,1,6.97674,2097152,16384,0,0,0.249847,99.9851,3758297088,0,5064704,1048576,34750464,792576,0,118752768,7,42.006,0,0,2,1,1,1,61.3447,100,99.9964,512,4096,0,0,125
nbody_kernel,18584,2048,256,256,8,32,8,1,1,0,2,1,259460,16,1,1685642,32770,1,79872,0,1,6.97674,2097152,16384,0,0,0.125,99.9918,3758346240,0,2574336,524288,34226176,565248,0,118634560,4,21.1617,0,0,1,1,1,1,30.6407,100,99.9982,384,8192,0,0,163
nbody_kernel,18697,2048,256,256,8,32,8,1,1,0,4,1,288048,10780,1,2382642,733442,1,780288,86.8041,1,6.97674,2097152,16384,1400832,700672,0.125001,99.9916,3758444544,0,1429504,262144,45172736,2994176,0,119010624,4,21.04,0,0,1,1,1,1,30.5807,100,99.999,256,16384,216,0,255
nbody_kernel,14065,16384,512,512,1,0,0,0,0,0,1,1,259500,16,1,8664530,16386,10,134234112,0,0,0,0,0,0,0,0.99969,99.9897,3758325760,0,70533120,16777216,268500992,202063872,0,134898688,5,28.1158,0,0,2,1,1,3,46.1375,100,99.9871,1024,0,0,0,32
nbody_kernel,7262,16384,512,512,1,0,0,0,1,0,1,1,118620,0,1,515748,16386,1,278528,0,5,6.61479,16777216,65536,0,0,0.689649,99.9638,3758325760,0,406601728,67108864,271122432,3883008,0,140862464,9,54.5479,0,0,3,1,2,1,91.1935,100,99.9876,1024,8192,0,0,40
nbody_kernel,14086,16384,512,512,1,0,0,1,0,0,1,1,129732,0,2,33828250,16386,10,134232064,0,0,0,0,0,0,0,0.987097,99.9472,3758325760,0,808402944,67108864,1073889280,537624576,0,195184640,5,27.943,0,0,2,1,1,10,59.0711,100,99.9911,1024,0,0,0,32
nbody_kernel,14050,16384,512,512,1,0,0,1,0,0,2,1,259498,28,1,17051090,16386,9,134232064,0,0,0,0,0,0,0,0.70298,88.8813,3758374912,0,807092224,67108864,537018368,201916416,0,167868928,6,24.9929,0,0,2,1,1,6,51.582,100,99.9945,1024,0,0,0,40
nbody_kernel,14059,16384,512,512,1,0,0,1,0,0,4,1,259496,16,1,8662538,16386,10,134232064,0,0,0,0,0,0,0,0.499932,99.9904,3758473216,0,169951232,16777216,268582912,84557824,0,134328320,5,28.1172,0,0,2,1,1,3,45.5338,100,99.9962,1024,0,0,0,56
nbody_kernel,7757,16384,512,512,1,0,0,1,1,0,1,1,258138,44,1,534786,16386,1,276480,0,5,6.61479,16777216,65536,0,0,0.695311,99.9743,3758325760,0,410468352,67108864,272777216,4423680,0,141051904,9,51.0877,0,0,3,1,2,1,86.9117,100,99.9877,1024,8192,0,0,40
nbody_kernel,6259,16384,512,512,1,0,0,1,1,0,2,1,2,16,1,276504,16386,1,276480,0,6,6.61479,16777216,65536,0,0,0.47354,99.9698,3758374912,0,104808448,16777216,270680064,2424832,0,129792512,10,63.2838,0,0,3,1,2,1,96.9256,100,99.9929,1024,16384,0,0,48
nbody_kernel,6347,16384,512,512,1,0,0,1,1,0,4,0,0,0,1,276504,16386,1,276480,0,6,6.61479,16777216,65536,0,0,0.473884,99.9599,3758473216,0,102973440,16777216,269631488,1589248,0,129675264,10,62.4425,0,0,3,1,2,1,95.5574,100,99.9961,1024,32768,0,0,57
nbody_kernel,14066,16384,512,512,1,0,1,0,0,0,1,1,259524,40,1,8664474,16386,10,134234112,0,0,0,0,0,0,0,0.999675,99.9901,3758325760,0,70533120,16777216,268500992,202063872,0,134898688,5,28.1163,0,0,2,1,1,3,46.1382,100,99.9871,1024,0,0,0,32
nbody_kernel,7258,16384,512,512,1,0,1,0,1,0,1,1,129744,0,1,406156,16386,1,278528,0,5,6.61479,16777216,65536,0,0,0.688431,99.9405,3758325760,0,406601728,67108864,271122432,3883008,0,140862464,9,54.5342,0,0,3,1,2,1,91.1919,100,99.9876,1024,8192,0,0,40
nbody_kernel,14094,16384,512,512,1,0,1,1,0,0,1,1,259796,200,2,33828306,16386,10,134232064,0,0,0,0,0,0,0,0.987052,99.8632,3758325760,0,808402944,67108864,1073889280,537624576,0,195184640,5,27.9145,0,0,2,1,1,10,59.0604,100,99.9911,1024,0,0,0,32
nbody_kernel,14052,16384,512,512,1,0,1,1,0,0,2,1,215053,0,1,17051034,16386,10,134232064,0,0,0,0,0,0,0,0.687372,99.9897,3758374912,0,807092224,67108864,537018368,201916416,0,167868928,6,28.117,0,0,2,1,1,6,51.5829,100,99.9945,1024,0,0,0,40
nbody_kernel,14063,16384,512,512,1,0,1,1,0,0,4,1,259458,16,1,8668358,16386,10,134232064,0,0,0,0,0,0,0,0.49993,99.9909,3758473216,0,169951232,16777216,268582912,84557824,0,134328320,5,28.1172,0,0,2,1,1,3,45.5336,100,99.9962,1024,0,0,0,56
nbody_kernel,7753,16384,512,512,1,0,1,1,1,0,1,1,129730,0,1,535962,16386,1,276480,0,5,6.61479,16777216,65536,0,0,0.695209,99.9613,3758325760,0,410468352,67108864,272777216,4423680,0,141051904,9,51.0527,0,0,3,1,2,1,86.8634,100,99.9877,1024,8192,0,0,40
nbody_kernel,6261,16384,512,512,1,0,1,1,1,0,2,1,0,16,1,276504,16386,1,276480,0,6,6.61479,16777216,65536,0,0,0.47358,99.9537,3758374912,0,104808448,16777216,270680064,2424832,0,129792512,10,63.2668,0,0,3,1,2,1,96.9151,100,99.9929,1024,16384,0,0,48
nbody_kernel,6344,16384,512,512,1,0,1,1,1,0,4,1,228023,0,1,504538,16386,1,276480,0,6,6.61479,16777216,65536,0,0,0.470029,99.9785,3758473216,0,102973440,16777216,269631488,1589248,0,129675264,10,62.483,0,0,3,1,2,1,95.6015,100,99.9961,1024,32768,0,0,57
nbody_kernel,14077,16384,512,512,1,1,0,0,0,0,1,1,129730,8,1,8534808,16386,10,134234112,0,0,0,0,0,0,0,0.999273,99.9877,3758325760,0,1077166080,268435456,268500992,737280,0,167928832,6,28.1089,0,0,2,1,1,3,56.278,100,99.9896,1024,0,0,0,23
nbody_kernel,13290,16384,512,512,1,1,0,0,1,0,1,1,259458,0,1,538066,16386,1,278528,0,5,3.31384,33554432,65536,0,0,0.900403,88.9081,3758325760,0,1614561280,268435456,1076428800,3899392,0,210068992,7,26.4887,0,0,2,1,3,1,66.3408,100,99.9917,1024,8192,0,0,27
nbody_kernel,19899,16384,512,512,1,1,0,1,0,0,1,1,259564,80,1,33958082,16386,8,134232064,0,0,0,0,0,0,0,0.894006,99.6637,3758325760,0,2691645440,268435456,1073889280,269189120,0,251938816,6,19.9153,0,0,1,1,1,8,60.0158,100,99.9931,1024,0,0,0,28
nbody_kernel,14074,16384,512,512,1,1,0,1,0,0,2,1,203746,0,1,17051282,16386,10,134232064,0,0,0,0,0,0,0,0.687168,99.9912,3758374912,0,1346060288,134217728,537018368,1208549376,0,218266112,7,28.106,0,0,2,1,1,5,76.5695,100,99.9958,1024,0,0,0,38
nbody_kernel,14063,16384,512,512,1,1,0,1,0,0,4,1,259458,16,1,8662426,16386,10,134232064,0,0,0,0,0,0,0,0.499917,99.9898,3758473216,0,673267712,67108864,268582912,470433792,0,163688448,6,28.1174,0,0,2,1,1,3,55.4927,100,99.9969,1024,0,0,0,56
nbody_kernel,14224,16384,512,512,1,1,0,1,1,0,1,1,259458,0,1,536418,16386,1,276480,0,5,3.31384,33554432,65536,0,0,0.898112,88.8888,3758325760,0,1618427904,268435456,1078083584,272859136,0,218646528,7,24.726,0,0,2,1,3,1,65.0809,100,99.992,1024,8192,0,0,28
nbody_kernel,9630,16384,512,512,1,1,0,1,1,0,2,1,129731,16,1,535962,16386,1,276480,0,4,6.61479,16777216,65536,0,0,0.888261,99.9473,3758374912,0,809451520,134217728,539115520,2424832,0,163871232,8,41.1078,0,0,2,1,2,1,77.8261,100,99.9944,1024,16384,0,0,32
nbody_kernel,7236,16384,512,512,1,1,0,1,1,0,4,1,259458,0,1,535962,16386,1,276480,0,5,6.61479,16777216,65536,0,0,0.47447,99.9303,3758473216,0,404963328,67108864,269631488,1589248,0,140685312,9,54.7189,0,0,3,1,2,1,88.3252,100,99.9964,1024,32768,0,0,48
nbody_kernel,14074,16384,512,512,1,1,1,0,0,0,1,1,259572,86,1,8664746,16386,10,134234112,0,0,0,0,0,0,0,0.999257,99.9833,3758325760,0,1077166080,268435456,268500992,737280,0,167928832,6,28.1069,0,0,2,1,1,3,56.2764,100,99.9896,1024,0,0,0,23
nbody_kernel,14916,16384,512,512,1,1,1,0,1,0,1,1,259458,0,1,538122,16386,1,278528,0,6,3.31384,33554432,65536,0,0,0.898137,99.9611,3758325760,0,1614561280,268435456,1076428800,3899392,0,210068992,7,29.775,0,0,2,1,3,1,66.3259,100,99.9917,1024,8192,0,0,27
nbody_kernel,19891,16384,512,512,1,1,1,1,0,0,1,1,259492,32,1,33828370,16386,8,134232064,0,0,0,0,0,0,0,0.894785,99.9535,3758325760,0,2691645440,268435456,1073889280,269189120,0,251938816,6,19.9785,0,0,1,1,1,8,60.0318,100,99.9931,1024,0,0,0,28
nbody_kernel,15825,16384,512,512,1,1,1,1,0,0,2,1,259458,0,1,17051034,16386,10,134232064,0,0,0,0,0,0,0,0.687233,99.9844,3758374912,0,1346060288,134217728,537018368,1208549376,0,218266112,7,28.105,0,0,2,1,1,5,76.5719,100,99.9958,1024,0,0,0,38
nbody_kernel,14062,16384,512,512,1,1,1,1,0,0,4,1,223690,8,1,8662426,16386,10,134232064,0,0,0,0,0,0,0,0.499931,99.988,3758473216,0,673267712,67108864,268582912,470433792,0,163688448,6,28.1171,0,0,2,1,1,3,55.493,100,99.9969,1024,0,0,0,56
nbody_kernel,14227,16384,512,512,1,1,1,1,1,0,1,1,259458,0,1,621142,16386,1,276480,0,5,3.31384,33554432,65536,0,0,0.903442,99.9626,3758325760,0,1618427904,268435456,1078083584,272859136,0,218646528,7,27.8141,0,0,2,1,3,1,65.0991,100,99.992,1024,8192,0,0,28
nbody_kernel,10819,16384,512,512,1,1,1,1,1,0,2,1,129730,16,1,535962,16386,1,276480,0,4,6.61479,16777216,65536,0,0,0.892092,99.9358,3758374912,0,809451520,134217728,539115520,2424832,0,163871232,8,41.0982,0,0,2,1,2,1,77.817,100,99.9944,1024,16384,0,0,32
nbody_kernel,7239,16384,512,512,1,1,1,1,1,0,4,1,129730,0,1,536050,16386,1,276480,0,5,6.61479,16777216,65536,0,0,0.47329,99.9706,3758473216,0,404963328,67108864,269631488,1589248,0,140685312,9,54.7163,0,0,3,1,2,1,88.2854,100,99.9964,1024,32768,0,0,48
nbody_kernel,14072,16384,512,512,1,2,0,0,0,0,1,1,129780,40,1,8664474,16386,10,134234112,0,0,0,0,0,0,0,0.999883,99.9898,3758325760,0,540295168,134217728,268500992,737280,0,146957312,5,28.1139,0,0,2,1,1,3,48.4771,100,99.9882,1024,0,0,0,30
nbody_kernel,9799,16384,512,512,1,2,0,0,1,0,1,1,259458,0,1,538098,16386,1,278528,0,4,6.61479,16777216,65536,0,0,0.885447,99.9789,3758325760,0,809254912,134217728,539557888,3883008,0,163931136,8,40.4114,0,0,2,1,2,1,76.5308,100,99.9894,1024,8192,0,0,32
nbody_kernel,14199,16384,512,512,1,2,0,1,0,0,1,1,259460,56,2,33828290,16386,10,134232064,0,0,0,0,0,0,0,0.948769,99.8447,3758325760,0,1613709312,134217728,1073889280,269189120,0,214059008,6,27.8509,0,0,2,1,1,10,63.5855,100,99.9919,1024,0,0,0,32
nbody_kernel,15807,16384,512,512,1,2,0,1,0,0,2,1,259458,0,1,17051034,16386,10,134232064,0,0,0,0,0,0,0,0.68737,99.9882,3758374912,0,807092224,67108864,537018368,201916416,0,167868928,6,28.1164,0,0,2,1,1,6,51.5826,100,99.9945,1024,0,0,0,40
nbody_kernel,14067,16384,512,512,1,2,0,1,0,0,4,1,179892,16,1,8582870,16386,10,134232064,0,0,0,0,0,0,0,0.49992,99.9896,3758473216,0,403783680,33554432,268582912,134889472,0,143732736,5,28.1172,0,0,2,1,1,3,47.6699,100,99.9964,1024,0,0,0,56
nbody_kernel,9701,16384,512,512,1,2,0,1,1,0,1,1,129730,0,1,535962,16386,1,276480,0,4,6.61479,16777216,65536,0,0,0.891001,99.9438,3758325760,0,813121536,134217728,541212672,4423680,0,164120576,8,40.8116,0,0,2,1,2,1,77.3904,100,99.9894,1024,8192,0,0,30
nbody_kernel,7578,16384,512,512,1,2,0,1,1,0,2,1,129728,16,1,276552,16386,1,276480,0,5,6.61479,16777216,65536,0,0,0.692507,99.9591,3758374912,0,406798336,67108864,270680064,2424832,0,140802560,9,52.2601,0,0,3,1,2,1,87.3053,100,99.9935,1024,16384,0,0,40
nbody_kernel,6505,16384,512,512,1,2,0,1,1,0,4,0,0,0,1,276504,16386,1,276480,0,6,6.61479,16777216,65536,0,0,0.469638,99.9612,3758473216,0,203636736,33554432,269631488,1589248,0,133345280,10,60.9221,0,0,3,1,2,1,95.7686,100,99.9962,1024,32768,0,0,55
nbody_kernel,14071,16384,512,512,1,2,1,0,0,0,1,1,259484,24,1,8664650,16386,10,134234112,0,0,0,0,0,0,0,0.999866,99.9895,3758325760,0,540295168,134217728,268500992,737280,0,146957312,5,28.1137,0,0,2,1,1,3,48.4769,100,99.9882,1024,0,0,0,30
nbody_kernel,10991,16384,512,512,1,2,1,0,1,0,1,1,259458,0,1,538010,16386,1,278528,0,4,6.61479,16777216,65536,0,0,0.887607,99.9575,3758325760,0,809254912,134217728,539557888,3883008,0,163931136,8,40.405,0,0,2,1,2,1,76.5352,100,99.9894,1024,8192,0,0,32
nbody_kernel,14198,16384,512,512,1,2,1,1,0,0,1,1,129732,16,2,33828250,16386,10,134232064,0,0,0,0,0,0,0,0.948386,99.8756,3758325760,0,1613709312,134217728,1073889280,269189120,0,214059008,6,27.8162,0,0,2,1,1,10,63.4866,100,99.9919,1024,0,0,0,32
nbody_kernel,14053,16384,512,512,1,2,1,1,0,0,2,1,259458,0,1,17051034,16386,9,134232064,0,0,0,0,0,0,0,0.702991,88.8844,3758374912,0,807092224,67108864,537018368,201916416,0,167868928,6,24.994,0,0,2,1,1,6,51.5825,100,99.9945,1024,0,0,0,40
nbody_kernel,14065,16384,512,512,1,2,1,1,0,0,4,1,259458,16,1,8662682,16386,10,134232064,0,0,0,0,0,0,0,0.499923,99.9895,3758473216,0,403783680,33554432,268582912,134889472,0,143732736,5,28.1168,0,0,2,1,1,3,47.6692,100,99.9964,1024,0,0,0,56
nbody_kernel,9699,16384,512,512,1,2,1,1,1,0,1,1,129728,0,1,406240,16386,1,276480,0,4,6.61479,16777216,65536,0,0,0.88906,99.9703,3758325760,0,813121536,134217728,541212672,4423680,0,164120576,8,40.8058,0,0,2,1,2,1,77.3589,100,99.9894,1024,8192,0,0,30
nbody_kernel,7581,16384,512,512,1,2,1,1,1,0,2,1,0,16,1,276504,16386,1,276480,0,5,6.61479,16777216,65536,0,0,0.694483,99.9509,3758374912,0,406798336,67108864,270680064,2424832,0,140802560,9,52.2577,0,0,3,1,2,1,87.3085,100,99.9935,1024,16384,0,0,40
nbody_kernel,6506,16384,512,512,1,2,1,1,1,0,4,1,129730,0,1,535962,16386,1,276480,0,6,6.61479,16777216,65536,0,0,0.469604,99.9647,3758473216,0,203636736,33554432,269631488,1589248,0,133345280,10,60.9251,0,0,3,1,2,1,95.7699,100,99.9962,1024,32768,0,0,55
nbody_kernel,14071,16384,512,512,1,4,0,0,0,0,1,1,145560,56,1,8550644,16386,10,134234112,0,0,0,0,0,0,0,0.999883,99.989,3758325760,0,271859712,67108864,268500992,202063872,0,142763008,5,28.1146,0,0,2,1,1,3,48.4787,100,99.9878,1024,0,0,0,32
nbody_kernel,7267,16384,512,512,1,4,0,0,1,0,1,1,129762,0,1,538010,16386,1,278528,0,5,6.61479,16777216,65536,0,0,0.688255,99.9601,3758325760,0,406601728,67108864,271122432,3883008,0,140862464,9,54.5544,0,0,3,1,2,1,91.2078,100,99.9876,1024,8192,0,0,40
nbody_kernel,14090,16384,512,512,1,4,0,1,0,0,1,1,129884,90,2,33828442,16386,10,134232064,0,0,0,0,0,0,0,0.987748,99.8705,3758325760,0,808402944,67108864,1073889280,537624576,0,195184640,5,27.9355,0,0,2,1,1,10,59.1005,100,99.9911,1024,0,0,0,32
nbody_kernel,14071,16384,512,512,1,4,0,1,0,0,2,1,256222,0,1,17051202,16386,10,134232064,0,0,0,0,0,0,0,0.499852,99.9894,3758374912,0,404439040,33554432,537018368,201916416,0,154237440,5,28.1133,0,0,2,1,1,6,49.6239,100,99.994,1024,0,0,0,46
nbody_kernel,14074,16384,512,512,1,4,0,1,0,0,4,1,129728,16,1,8532704,16386,10,134232064,0,0,0,0,0,0,0,0.499929,99.9896,3758473216,0,202506240,16777216,268582912,168460288,0,137967616,5,28.114,0,0,2,1,1,3,45.3222,100,99.9963,1024,0,0,0,64
nbody_kernel,7757,16384,512,512,1,4,0,1,1,0,1,0,0,0,1,276544,16386,1,276480,0,5,6.61479,16777216,65536,0,0,0.695634,99.9502,3758325760,0,410468352,67108864,272777216,4423680,0,141051904,9,51.0502,0,0,3,1,2,1,86.8689,100,99.9877,1024,8192,0,0,40
nbody_kernel,6488,16384,512,512,1,4,0,1,1,0,2,1,129730,16,1,536138,16386,1,276480,0,6,6.61479,16777216,65536,0,0,0.472371,99.9709,3758374912,0,205471744,33554432,270680064,2424832,0,133462528,10,61.102,0,0,3,1,2,1,95.2805,100,99.9931,1024,16384,0,0,48
nbody_kernel,6344,16384,512,512,1,4,0,1,1,0,4,1,129728,0,1,406336,16386,1,276480,0,6,6.61479,16777216,65536,0,0,0.471427,99.9673,3758473216,0,102973440,16777216,269631488,1589248,0,129675264,10,62.4439,0,0,3,1,2,1,95.5524,100,99.9961,1024,32768,0,0,57
nbody_kernel,14072,16384,512,512,1,4,1,0,0,0,1,1,224368,8,1,8664474,16386,10,134234112,0,0,0,0,0,0,0,0.99988,99.9902,3758325760,0,271859712,67108864,268500992,202063872,0,142763008,5,28.1149,0,0,2,1,1,3,48.4787,100,99.9878,1024,0,0,0,32
nbody_kernel,7268,16384,512,512,1,4,1,0,1,0,1,1,0,192,1,278656,16386,1,278528,0,5,6.61479,16777216,65536,0,0,0.689433,99.7946,3758325760,0,406601728,67108864,271122432,3883008,0,140862464,9,54.4516,0,0,3,1,2,1,91.1869,100,99.9876,1024,8192,0,0,40
nbody_kernel,14093,16384,512,512,1,4,1,1,0,0,1,1,259460,0,2,33828250,16386,10,134232064,0,0,0,0,0,0,0,0.987701,99.9273,3758325760,0,808402944,67108864,1073889280,537624576,0,195184640,5,27.9644,0,0,2,1,1,10,59.128,100,99.9911,1024,0,0,0,32
nbody_kernel,14070,16384,512,512,1,4,1,1,0,0,2,1,259458,0,1,17051242,16386,10,134232064,0,0,0,0,0,0,0,0.499882,99.9877,3758374912,0,404439040,33554432,537018368,201916416,0,154237440,5,28.1141,0,0,2,1,1,6,49.6261,100,99.994,1024,0,0,0,46
nbody_kernel,14073,16384,512,512,1,4,1,1,0,0,4,1,170246,16,1,8573230,16386,10,134232064,0,0,0,0,0,0,0,0.499944,99.9881,3758473216,0,202506240,16777216,268582912,168460288,0,137967616,5,28.1142,0,0,2,1,1,3,45.3231,100,99.9963,1024,0,0,0,64
nbody_kernel,7754,16384,512,512,1,4,1,1,1,0,1,0,0,0,1,276504,16386,1,276480,0,5,6.61479,16777216,65536,0,0,0.696028,99.9779,3758325760,0,410468352,67108864,272777216,4423680,0,141051904,9,51.0535,0,0,3,1,2,1,86.8503,100,99.9877,1024,8192,0,0,40
nbody_kernel,6490,16384,512,512,1,4,1,1,1,0,2,1,129730,16,1,535962,16386,1,276480,0,6,6.61479,16777216,65536,0,0,0.472766,99.9606,3758374912,0,205471744,33554432,270680064,2424832,0,133462528,10,61.0635,0,0,3,1,2,1,95.2304,100,99.9931,1024,16384,0,0,48
nbody_kernel,6348,16384,512,512,1,4,1,1,1,0,4,0,0,0,1,276504,16386,1,276480,0,6,6.61479,16777216,65536,0,0,0.470061,99.9705,3758473216,0,102973440,16777216,269631488,1589248,0,129675264,10,62.4962,0,0,3,1,2,1,95.6294,100,99.9961,1024,32768,0,0,57
nbody_kernel,14072,16384,512,512,1,8,0,0,0,0,1,1,259480,60,1,8664530,16386,10,134234112,0,0,0,0,0,0,0,0.999832,99.9895,3758325760,0,137641984,33554432,268500992,134955008,0,135422976,5,28.1159,0,0,2,1,1,3,45.3568,100,99.9871,1024,0,0,0,32
nbody_kernel,6514,16384,512,512,1,8,0,0,1,0,1,1,259458,0,1,538010,16386,1,278528,0,6,6.61479,16777216,65536,0,0,0.470278,99.9572,3758325760,0,205275136,33554432,271122432,3883008,0,133522432,10,60.8729,0,0,3,1,2,1,95.0079,100,99.987,1024,8192,0,0,46
nbody_kernel,14092,16384,512,512,1,8,0,1,0,0,1,1,259639,158,2,33828442,16386,10,134232064,0,0,0,0,0,0,0,0.677419,99.9812,3758325760,0,405749760,33554432,1073889280,537624576,0,181553152,5,28.0859,0,0,2,1,1,10,53.8912,100,99.9904,1024,0,0,0,40
nbody_kernel,14075,16384,512,512,1,8,0,1,0,0,2,1,259458,0,1,17051034,16386,10,134232064,0,0,0,0,0,0,0,0.499552,99.9831,3758374912,0,203112448,16777216,537018368,352911360,0,152140288,5,28.11,0,0,2,1,1,6,47.2785,100,99.9939,1024,0,0,0,54
nbody_kernel,14071,16384,512,512,1,8,0,1,0,0,4,1,259458,16,1,8754664,16386,10,134232064,0,0,0,0,0,0,0,0.249943,99.9867,3758473216,0,101842944,8388608,268582912,151683072,0,134035456,5,28.1104,0,0,2,1,1,3,44.5368,100,99.9962,896,0,0,0,68
nbody_kernel,6539,16384,512,512,1,8,0,1,1,0,1,1,96,0,1,276504,16386,1,276480,0,6,6.61479,16777216,65536,0,0,0.470416,99.9527,3758325760,0,209141760,33554432,272777216,4423680,0,133711872,10,60.6092,0,0,3,1,2,1,95.553,100,99.987,1024,8192,0,0,47
nbody_kernel,6261,16384,512,512,1,8,0,1,1,0,2,1,129730,0,1,535962,16386,1,276480,0,6,6.61479,16777216,65536,0,0,0.473166,99.9479,3758374912,0,104808448,16777216,270680064,2424832,0,129792512,10,63.2955,0,0,3,1,2,1,96.9647,100,99.9929,1024,16384,0,0,48
nbody_kernel,6098,16384,512,512,1,8,0,1,1,0,4,1,129728,0,1,392352,16386,1,276480,0,6,6.61479,16777216,65536,0,0,0.468063,99.9727,3758473216,0,52641792,8388608,269631488,1589248,0,127840256,10,64.9983,0,0,3,1,2,1,96.5213,100,99.996,1024,32768,0,0,57
nbody_kernel,14073,16384,512,512,1,8,1,0,0,0,1,1,222577,72,1,8720388,16386,10,134234112,0,0,0,0,0,0,0,0.999822,99.9876,3758325760,0,137641984,33554432,268500992,134955008,0,135422976,5,28.1154,0,0,2,1,1,3,45.3568,100,99.9871,1024,0,0,0,32
nbody_kernel,6513,16384,512,512,1,8,1,0,1,0,1,1,129730,0,1,538010,16386,1,278528,0,6,6.61479,16777216,65536,0,0,0.470599,99.9687,3758325760,0,205275136,33554432,271122432,3883008,0,133522432,10,60.8603,0,0,3,1,2,1,94.9773,100,99.987,1024,8192,0,0,46
nbody_kernel,14094,16384,512,512,1,8,1,1,0,0,1,1,130013,246,2,33698904,16386,10,134232064,0,0,0,0,0,0,0,0.676036,99.979,3758325760,0,405749760,33554432,1073889280,537624576,0,181553152,5,28.0884,0,0,2,1,1,10,53.8971,100,99.9904,1024,0,0,0,40
nbody_kernel,14070,16384,512,512,1,8,1,1,0,0,2,1,259458,0,1,17051082,16386,10,134232064,0,0,0,0,0,0,0,0.499574,99.9849,3758374912,0,203112448,16777216,537018368,352911360,0,152140288,5,28.1112,0,0,2,1,1,6,47.2797,100,99.9939,1024,0,0,0,54
nbody_kernel,14073,16384,512,512,1,8,1,1,0,0,4,1,233778,16,1,8662602,16386,10,134232064,0,0,0,0,0,0,0,0.249942,99.9854,3758473216,0,101842944,8388608,268582912,151683072,0,134035456,5,28.11,0,0,2,1,1,3,44.5367,100,99.9962,896,0,0,0,68
nbody_kernel,6534,16384,512,512,1,8,1,1,1,0,1,1,140,0,1,277088,16386,1,276480,0,6,6.61479,16777216,65536,0,0,0.473905,99.9704,3758325760,0,209141760,33554432,272777216,4423680,0,133711872,10,60.6161,0,0,3,1,2,1,95.5468,100,99.987,1024,8192,0,0,47
nbody_kernel,6263,16384,512,512,1,8,1,1,1,0,2,1,129730,0,1,536058,16386,1,276480,0,6,6.61479,16777216,65536,0,0,0.472141,99.9717,3758374912,0,104808448,16777216,270680064,2424832,0,129792512,10,63.2982,0,0,3,1,2,1,96.9457,100,99.9929,1024,16384,0,0,48
nbody_kernel,6108,16384,512,512,1,8,1,1,1,0,4,1,33956,0,1,276504,16386,1,276480,0,6,6.61479,16777216,65536,0,0,0.467845,99.9447,3758473216,0,52641792,8388608,269631488,1589248,0,127840256,10,64.9333,0,0,3,1,2,1,96.452,100,99.996,1024,32768,0,0,57
nbody_kernel,15822,16384,512,512,1,16,0,0,0,0,1,1,259508,56,1,8664570,16386,9,134234112,0,0,0,0,0,0,0,0.702877,88.8844,3758325760,0,101990400,16793600,268500992,218791936,0,136404992,5,24.9945,0,0,2,1,1,3,47.0918,100,99.9872,1024,0,0,0,36
nbody_kernel,6332,16384,512,512,1,16,0,0,1,0,1,1,181670,0,1,538010,16386,1,278528,0,6,6.61479,16777216,65536,0,0,0.475774,99.9475,3758325760,0,104611840,16777216,271122432,4407296,0,129868800,10,62.6173,0,0,3,1,2,1,96.0138,100,99.9866,1024,8192,0,0,47
nbody_kernel,14082,16384,512,512,1,16,0,1,0,0,1,1,129730,16,2,33698528,16386,10,134232064,0,0,0,0,0,0,0,0.996897,99.9589,3758325760,0,219676672,16793600,1073889280,688603136,0,179932672,5,28.0675,0,0,2,1,1,10,52.8752,100,99.9903,1024,0,0,0,32
nbody_kernel,15822,16384,512,512,1,16,0,1,0,0,2,1,259458,0,1,17051034,16386,9,134232064,0,0,0,0,0,0,0,0.685966,89.0359,3758374912,0,110100480,8404992,537018368,168296448,0,143202816,5,24.9938,0,0,2,1,1,5,46.5142,100,99.9936,1024,0,0,0,40
nbody_kernel,14068,16384,512,512,1,16,0,1,0,0,4,1,259460,16,1,8694442,16386,10,134232064,0,0,0,0,0,0,0,0.499942,99.9898,3758473216,0,55312384,4210688,268582912,113737728,0,131265024,5,28.1162,0,0,2,1,1,3,43.5615,100,99.9961,1024,0,0,0,64
nbody_kernel,6342,16384,512,512,1,16,0,1,1,0,1,1,129728,0,1,313204,16386,1,276480,0,6,6.61479,16777216,65536,0,0,0.470279,99.9687,3758325760,0,108478464,16777216,272777216,4423680,0,130041856,10,62.5009,0,0,3,1,2,1,96.7829,100,99.9866,1024,8192,0,0,47
nbody_kernel,6143,16384,512,512,1,16,0,1,1,0,2,1,241882,16,1,536066,16386,1,276480,0,6,6.61479,16777216,65536,0,0,0.470921,99.9596,3758374912,0,54525952,8388608,270680064,2457600,0,127960064,10,64.567,0,0,3,1,2,1,96.2111,100,99.9928,1024,16384,0,0,49
nbody_kernel,6303,16384,512,512,1,16,0,1,1,0,4,0,0,0,1,276504,16386,1,276480,0,6,6.61479,16777216,65536,0,0,0.471503,89.0849,3758473216,0,27525120,4194304,269631488,1720320,0,126928384,10,56.228,0,0,3,1,2,1,93.8135,100,99.996,1024,32768,0,0,56
nbody_kernel,15820,16384,512,512,1,16,1,0,0,0,1,1,259476,104,1,8664554,16386,9,134234112,0,0,0,0,0,0,0,0.68723,88.8843,3758325760,0,101990400,16793600,268500992,218791936,0,136404992,5,24.9944,0,0,2,1,1,3,47.0917,100,99.9872,1024,0,0,0,36
nbody_kernel,6336,16384,512,512,1,16,1,0,1,0,1,1,129730,0,1,538010,16386,1,278528,0,6,6.61479,16777216,65536,0,0,0.475618,99.9692,3758325760,0,104611840,16777216,271122432,4407296,0,129868800,10,62.6033,0,0,3,1,2,1,95.9716,100,99.9866,1024,8192,0,0,47
nbody_kernel,14078,16384,512,512,1,16,1,1,0,0,1,1,129786,108,2,33698528,16386,10,134232064,0,0,0,0,0,0,0,0.997204,99.9634,3758325760,0,219676672,16793600,1073889280,688603136,0,179932672,5,28.0722,0,0,2,1,1,10,52.8815,100,99.9903,1024,0,0,0,32
nbody_kernel,14070,16384,512,512,1,16,1,1,0,0,2,1,259458,0,1,17096818,16386,9,134232064,0,0,0,0,0,0,0,0.686141,89.0087,3758374912,0,110100480,8404992,537018368,168296448,0,143202816,5,24.9926,0,0,2,1,1,5,46.5261,100,99.9936,1024,0,0,0,40
nbody_kernel,14065,16384,512,512,1,16,1,1,0,0,4,1,129804,16,1,8662674,16386,10,134232064,0,0,0,0,0,0,0,0.499926,99.9896,3758473216,0,55312384,4210688,268582912,113737728,0,131265024,5,28.1153,0,0,2,1,1,3,43.5602,100,99.9961,1024,0,0,0,64
nbody_kernel,6342,16384,512,512,1,16,1,1,1,0,1,1,104624,0,1,485728,16386,1,276480,0,6,6.61479,16777216,65536,0,0,0.470977,99.9505,3758325760,0,108478464,16777216,272777216,4423680,0,130041856,10,62.5022,0,0,3,1,2,1,96.8026,100,99.9866,1024,8192,0,0,47
nbody_kernel,6140,16384,512,512,1,16,1,1,1,0,2,1,0,16,1,276504,16386,1,276480,0,6,6.61479,16777216,65536,0,0,0.470076,99.9725,3758374912,0,54525952,8388608,270680064,2457600,0,127960064,10,64.5455,0,0,3,1,2,1,96.1668,100,99.9928,1024,16384,0,0,49
nbody_kernel,6299,16384,512,512,1,16,1,1,1,0,4,1,129728,0,1,406240,16386,1,276480,0,6,6.61479,16777216,65536,0,0,0.469439,99.8026,3758473216,0,27525120,4194304,269631488,1720320,0,126928384,10,62.8333,0,0,3,1,2,1,93.576,100,99.996,1024,32768,0,0,56
nbody_kernel,14068,16384,512,512,1,32,0,0,0,0,1,1,259532,56,1,8664474,16386,10,134234112,0,0,0,0,0,0,0,0.999505,99.9867,3758325760,0,51740672,8404992,268500992,252379136,0,135622144,5,28.1152,0,0,2,1,1,3,46.3097,100,99.9872,1024,0,0,0,32
nbody_kernel,6251,16384,512,512,1,32,0,0,1,0,1,1,129730,0,1,538010,16386,1,278528,0,6,6.61479,16777216,65536,0,0,0.475522,99.9398,3758325760,0,54362112,8388608,271122432,4947968,0,128053248,10,64.6529,0,0,3,1,2,1,96.4492,100,99.9864,1024,8192,0,0,48
nbody_kernel,14086,16384,512,512,1,32,0,1,0,0,1,1,129802,72,2,33698680,16386,10,134232064,0,0,0,0,0,0,0,0.998137,99.9728,3758325760,0,110624768,8404992,1073889280,655048704,0,175214080,5,28.0881,0,0,2,1,1,10,51.931,100,99.9901,1024,0,0,0,32
nbody_kernel,15822,16384,512,512,1,32,0,1,0,0,2,1,183210,0,1,16974832,16386,9,134232064,0,0,0,0,0,0,0,0.68636,89.0058,3758374912,0,55574528,4210688,537018368,151519232,0,140843520,5,24.9939,0,0,2,1,1,5,45.8964,100,99.9935,1024,0,0,0,40
nbody_kernel,14061,16384,512,512,1,32,0,1,0,0,4,1,190788,16,1,8662426,16386,10,134232064,0,0,0,0,0,0,0,0.499935,99.9893,3758473216,0,28049408,2113536,268582912,124223488,0,130675200,5,28.1157,0,0,2,1,1,3,42.8775,100,99.9961,1024,0,0,0,64
nbody_kernel,6125,16384,512,512,1,32,0,1,1,0,1,0,0,0,1,276504,16386,1,276480,0,6,6.61479,16777216,65536,0,0,0.470337,99.9549,3758325760,0,58195968,8388608,272777216,4964352,0,128225280,10,64.69,0,0,3,1,2,1,96.1437,100,99.9864,1024,8192,0,0,48
nbody_kernel,6134,16384,512,512,1,32,0,1,1,0,2,1,129732,16,1,535962,16386,1,276480,0,6,6.61479,16777216,65536,0,0,0.470096,99.8685,3758374912,0,29360128,4194304,270680064,2703360,0,127050240,10,64.6264,0,0,3,1,2,1,95.1519,100,99.9927,1024,16384,0,0,50
nbody_kernel,6359,16384,512,512,1,32,0,1,1,0,4,1,259462,0,1,535962,16386,1,276480,0,6,6.61479,16777216,65536,0,0,0.478506,99.5295,3758473216,0,14942208,2097152,269631488,1720320,0,126469632,10,62.061,0,0,3,1,2,1,92.03,100,99.996,1024,32768,0,0,56
nbody_kernel,14066,16384,512,512,1,32,1,0,0,0,1,1,129730,0,1,8534752,16386,10,134234112,0,0,0,0,0,0,0,0.99946,99.9862,3758325760,0,51740672,8404992,268500992,252379136,0,135622144,5,28.1142,0,0,2,1,1,3,46.3082,100,99.9872,1024,0,0,0,32
nbody_kernel,6130,16384,512,512,1,32,1,0,1,0,1,0,0,0,1,278552,16386,1,278528,0,6,6.61479,16777216,65536,0,0,0.473399,99.9709,3758325760,0,54362112,8388608,271122432,4947968,0,128053248,10,64.674,0,0,3,1,2,1,96.4507,100,99.9864,1024,8192,0,0,48
nbody_kernel,14083,16384,512,512,1,32,1,1,0,0,1,1,259516,32,2,33828250,16386,10,134232064,0,0,0,0,0,0,0,0.998076,99.9691,3758325760,0,110624768,8404992,1073889280,655048704,0,175214080,5,28.0834,0,0,2,1,1,10,51.9243,100,99.9901,1024,0,0,0,32
nbody_kernel,15824,16384,512,512,1,32,1,1,0,0,2,1,230070,0,1,17021710,16386,9,134232064,0,0,0,0,0,0,0,0.686361,89.0086,3758374912,0,55574528,4210688,537018368,151519232,0,140843520,5,24.9945,0,0,2,1,1,5,45.896,100,99.9935,1024,0,0,0,40
nbody_kernel,14067,16384,512,512,1,32,1,1,0,0,4,1,192804,16,1,8595720,16386,10,134232064,0,0,0,0,0,0,0,0.499937,99.9899,3758473216,0,28049408,2113536,268582912,124223488,0,130675200,5,28.1158,0,0,2,1,1,3,42.8775,100,99.9961,1024,0,0,0,64
nbody_kernel,6126,16384,512,512,1,32,1,1,1,0,1,1,129842,0,1,536258,16386,1,276480,0,6,6.61479,16777216,65536,0,0,0.471562,99.9477,3758325760,0,58195968,8388608,272777216,4964352,0,128225280,10,64.701,0,0,3,1,2,1,96.167,100,99.9864,1024,8192,0,0,48
nbody_kernel,6137,16384,512,512,1,32,1,1,1,0,2,1,2,16,1,276504,16386,1,276480,0,6,6.61479,16777216,65536,0,0,0.470865,99.8829,3758374912,0,29360128,4194304,270680064,2703360,0,127050240,10,64.665,0,0,3,1,2,1,95.195,100,99.9927,1024,16384,0,0,50
nbody_kernel,6354,16384,512,512,1,32,1,1,1,0,4,0,0,0,1,276504,16386,1,276480,0,6,6.61479,16777216,65536,0,0,0.475571,99.7682,3758473216,0,14942208,2097152,269631488,1720320,0,126469632,10,62.4282,0,0,3,1,2,1,92.353,100,99.996,1024,32768,0,0,56
nbody_kernel,7067,8192,512,512,2,0,0,0,0,0,1,1,135944,32,1,4486722,32770,10,67125248,0,0,0,0,0,0,0,0.498083,99.948,3758309376,0,68886528,16777216,134283264,117866496,0,128012544,9,56.0762,0,0,3,1,1,3,87.7208,100,99.9932,1024,0,0,0,50
nbody_kernel,6146,8192,512,512,2,0,0,0,1,0,1,0,0,0,1,163864,32770,1,147456,0,3,6.61479,8388608,32768,0,0,0.466868,99.9352,3758309376,0,102703104,16777216,135593984,2007040,0,125489664,10,64.4689,0,0,3,1,1,1,97.3629,100,99.9931,1024,8192,0,0,61
nbody_kernel,8198,8192,512,512,2,0,0,1,0,0,1,1,129730,56,2,16935648,32770,9,67123200,0,0,0,0,0,0,0,0.491613,99.9738,3758309376,0,806920192,67108864,537018368,201768960,0,167856384,9,48.4175,0,0,3,1,1,9,90.1785,100,99.9948,1024,0,0,0,47
nbody_kernel,8454,8192,512,512,2,0,0,1,0,0,2,1,129728,0,1,8417304,32770,9,67123200,0,0,0,0,0,0,0,0.484441,99.7035,3758358528,0,772349952,16785408,268582912,134537216,0,154711296,9,46.6928,0,0,3,1,1,5,89.779,100,99.997,1024,0,0,0,48
nbody_kernel,7697,8192,512,512,2,0,0,1,0,0,4,1,129728,16,1,4352736,32770,10,67123200,0,0,0,0,0,0,0,0.47937,99.965,3758456832,0,436674560,33562624,134365184,67469312,0,138456576,9,51.4474,0,0,3,1,1,3,89.3675,100,99.9982,1024,0,0,0,64
nbody_kernel,6214,8192,512,512,2,0,0,1,1,0,1,0,0,0,1,159864,32770,1,145408,0,3,6.61479,8388608,32768,0,0,0.471095,99.9607,3758309376,0,104636416,16777216,136462336,2269184,0,125585408,10,63.7387,0,0,3,1,1,1,97.1787,100,99.9931,1024,8192,0,0,62
nbody_kernel,6346,8192,512,512,2,0,0,1,1,0,2,1,129728,16,1,159768,32770,1,145408,0,3,6.61479,8388608,32768,0,0,0.472469,99.9089,3758358528,0,153133056,16777216,269631488,802816,0,131214080,10,62.4359,0,0,3,1,2,1,96.4385,100,99.9965,1024,16384,0,0,55
nbody_kernel,6864,8192,512,512,2,0,0,1,1,0,4,0,0,0,1,159768,32770,1,145408,0,3,6.61479,8388608,32768,0,0,0.480081,99.9363,3758456832,0,101916672,33554432,134889472,745472,0,125926400,9,57.7081,0,0,3,1,1,1,90.6835,100,99.998,1024,32768,0,0,64
nbody_kernel,39022,8192,512,512,2,0,1,0,0,0,1,1,519382,12256,5,206093084,100716546,8,268472320,98.6092,0,0,0,0,402694144,100683776,0.943071,99.9797,3758309376,0,1880129536,268460032,2550530048,671531008,0,289483776,3,10.129,0,0,1,1,1,9,33.2144,100,98.5478,1024,0,80,0,25
nbody_kernel,37279,8192,512,512,2,0,1,0,1,0,1,1,734218,11884,5,202244790,100716546,6,201494528,99.9349,1,3.31384,16777216,32768,402694144,100683776,0.948212,99.9915,3758309376,0,1478787072,268460032,2954493952,940490752,0,297970688,3,10.6045,0,0,1,1,1,9,33.016,100,98.5892,1024,8192,80,0,25
nbody_kernel,43466,8192,512,512,2,0,1,1,0,0,1,1,648866,12238,4,218801732,100716546,7,268470272,94.7193,0,0,0,0,402694144,100683776,0.939269,99.9812,3758309376,0,2819817472,268460032,2953265152,671580160,0,331436032,3,9.0908,0,0,1,1,1,9,32.8409,100,98.7316,1024,0,80,0,26
nbody_kernel,38057,8192,512,512,2,0,1,1,0,0,2,1,521200,22686,4,159957884,100722690,7,218144768,96.752,0,0,0,0,302043136,100689920,0.983205,99.9845,3758358528,0,1410269184,134242304,1476870144,335904768,0,224466432,3,10.3866,0,0,1,1,1,8,26.5538,100,99.0633,1024,0,112,0,32
nbody_kernel,35128,8192,512,512,2,0,1,1,0,0,4,1,519342,11461,4,130732348,100734978,6,192991232,98.1563,0,0,0,0,251736064,100702208,0.499389,99.9828,3758456832,0,705503232,67133440,738672640,369369088,0,177274880,3,11.2484,0,0,1,1,1,8,22.5067,100,99.4066,1024,0,160,0,56
nbody_kernel,37248,8192,512,512,2,0,1,1,1,0,1,1,735618,11818,5,202242150,100716546,6,201492480,99.9363,1,3.31384,16777216,32768,402694144,100683776,0.950838,99.989,3758309376,0,1480785920,268460032,2955362304,940802048,0,298070016,3,10.6093,0,0,1,1,1,9,33.0416,100,98.5897,1024,8192,80,0,29
nbody_kernel,34916,8192,512,512,2,0,1,1,1,0,2,1,520782,22487,4,151700348,100722690,5,151166976,99.9236,1,6.61479,8388608,32768,302043136,100689920,0.997827,99.9897,3758358528,0,740753408,134242304,1477918720,202063872,0,199394304,3,11.3157,0,0,1,1,1,8,24.5394,100,98.9455,1024,16384,112,0,32
nbody_kernel,33551,8192,512,512,2,0,1,1,1,0,4,1,519220,10516,4,126676452,100734978,4,126013440,99.9151,1,6.61479,8388608,32768,251736064,100702208,0.499898,99.9891,3758456832,0,370745344,67133440,739196928,235347968,0,162641920,2,11.7741,0,0,1,1,1,8,21.2742,100,99.3532,1024,32768,160,0,56
nbody_kernel,7066,8192,512,512,2,0,2,0,0,0,1,1,129732,16,1,4486554,32770,10,67125248,0,0,0,0,0,0,0,0.498139,99.9649,3758309376,0,68886528,16777216,134283264,117866496,0,128012544,9,56.0819,0,0,3,1,1,3,87.7148,100,99.9932,1024,0,0,0,50
nbody_kernel,6149,8192,512,512,2,0,2,0,1,0,1,1,129730,0,1,423322,32770,1,147456,0,3,6.61479,8388608,32768,0,0,0.468339,99.908,3758309376,0,102703104,16777216,135593984,2007040,0,125489664,10,64.4723,0,0,3,1,1,1,97.3943,100,99.9931,1024,8192,0,0,61
nbody_kernel,8206,8192,512,512,2,0,2,1,0,0,1,1,259644,128,2,17065818,32770,9,67123200,0,0,0,0,0,0,0,0.491576,99.8836,3758309376,0,806920192,67108864,537018368,201768960,0,167856384,9,48.3731,0,0,3,1,1,9,90.1771,100,99.9948,1024,0,0,0,47
nbody_kernel,8478,8192,512,512,2,0,2,1,0,0,2,1,129728,0,1,8417304,32770,9,67123200,0,0,0,0,0,0,0,0.481483,99.9227,3758358528,0,772349952,16785408,268582912,134537216,0,154711296,9,46.8263,0,0,3,1,1,5,89.8383,100,99.997,1024,0,0,0,48
nbody_kernel,7698,8192,512,512,2,0,2,1,0,0,4,1,1,16,1,4223000,32770,10,67123200,0,0,0,0,0,0,0,0.479218,99.9684,3758456832,0,436674560,33562624,134365184,67469312,0,138456576,9,51.4463,0,0,3,1,1,3,89.3627,100,99.9982,1024,0,0,0,64
nbody_kernel,6219,8192,512,512,2,0,2,1,1,0,1,1,129728,0,1,289504,32770,1,145408,0,3,6.61479,8388608,32768,0,0,0.471361,99.9553,3758309376,0,104636416,16777216,136462336,2269184,0,125585408,10,63.7269,0,0,3,1,1,1,97.166,100,99.9931,1024,8192,0,0,62
nbody_kernel,6394,8192,512,512,2,0,2,1,1,0,2,1,1,20,1,159896,32770,1,145408,0,3,6.61479,8388608,32768,0,0,0.472787,99.9721,3758358528,0,153133056,16777216,269631488,802816,0,131214080,10,62.4246,0,0,3,1,2,1,96.36,100,99.9965,1024,16384,0,0,55
nbody_kernel,6864,8192,512,512,2,0,2,1,1,0,4,1,129730,0,1,419226,32770,1,145408,0,3,6.61479,8388608,32768,0,0,0.480395,99.9812,3758456832,0,101916672,33554432,134889472,745472,0,125926400,9,57.7351,0,0,3,1,1,1,90.6852,100,99.998,1024,32768,0,0,64
nbody_kernel,12512,8192,512,512,2,1,0,0,0,0,1,1,129732,8,1,4486554,32770,6,67125248,0,0,0,0,0,0,0,0.665428,80.1877,3758309376,0,538648576,134217728,134283264,425984,0,142692608,7,31.6358,0,0,2,1,1,2,70.1762,100,99.9939,1024,0,0,0,39
nbody_kernel,8062,8192,512,512,2,1,0,0,1,0,1,1,129730,0,1,423698,32770,1,147456,0,5,3.31384,16777216,32768,0,0,0.479509,99.965,3758309376,0,807346176,134217728,538247168,2007040,0,163762688,9,49.1322,0,0,3,1,3,1,90.2196,100,99.9947,1024,8192,0,0,44
nbody_kernel,11591,8192,512,512,2,1,0,1,0,0,1,1,259460,0,1,17065370,32770,7,67123200,0,0,0,0,0,0,0,0.48873,99.9214,3758309376,0,1345888256,134217728,537018368,268877824,0,188893440,8,34.1504,0,0,2,1,1,7,83.6039,100,99.9954,1024,0,0,0,43
nbody_kernel,8867,8192,512,512,2,1,0,1,0,0,2,1,129730,0,1,8676850,32770,9,67123200,0,0,0,0,0,0,0,0.482645,99.8363,3758358528,0,873013248,67117056,268582912,134553600,0,159430400,9,45.1423,0,0,3,1,1,5,87.9381,100,99.9971,1024,0,0,0,48
nbody_kernel,7698,8192,512,512,2,1,0,1,0,0,4,1,129760,16,1,4353152,32770,10,67123200,0,0,0,0,0,0,0,0.479286,99.9463,3758456832,0,436674560,33562624,134365184,67469312,0,138456576,9,51.4434,0,0,3,1,1,3,89.3773,100,99.9982,1024,0,0,0,64
nbody_kernel,9568,8192,512,512,2,1,0,1,1,0,1,1,259458,0,1,419330,32770,1,145408,0,4,3.31384,16777216,32768,0,0,0.620566,99.912,3758309376,0,809279488,134217728,539115520,2277376,0,163858688,8,41.3505,0,0,2,1,2,1,78.3076,100,99.9947,1024,8192,0,0,40
nbody_kernel,7530,8192,512,512,2,1,0,1,1,0,2,1,0,16,1,159768,32770,1,145408,0,3,6.61479,8388608,32768,0,0,0.48254,99.9754,3758358528,0,203464704,67108864,269631488,811008,0,134360064,9,52.5937,0,0,3,1,2,1,83.3742,100,99.9966,1024,16384,0,0,47
nbody_kernel,6865,8192,512,512,2,1,0,1,1,0,4,0,0,0,1,159888,32770,1,145408,0,3,6.61479,8388608,32768,0,0,0.479952,99.9685,3758456832,0,101916672,33554432,134889472,745472,0,125926400,9,57.7195,0,0,3,1,1,1,90.6722,100,99.998,1024,32768,0,0,64
nbody_kernel,39078,8192,512,512,2,1,1,0,0,0,1,1,674170,11803,5,206248006,100716570,8,268472320,98.6092,0,0,0,0,402694144,100683776,0.941573,99.9871,3758309376,0,1880129536,268460032,2550530048,671531008,0,289483776,3,10.1177,0,0,1,1,1,9,33.1747,100,98.5478,1024,0,80,0,25
nbody_kernel,37264,8192,512,512,2,1,1,0,1,0,1,1,519332,11832,5,202030076,100716546,6,201494528,99.9349,1,3.31384,16777216,32768,402694144,100683776,0.949192,99.9861,3758309376,0,1478787072,268460032,2954493952,1074708480,0,302164992,3,10.6069,0,0,1,1,1,9,33.6145,100,98.6088,1024,8192,80,0,25
nbody_kernel,43509,8192,512,512,2,1,1,1,0,0,1,1,648948,12024,4,218931558,100716546,7,268470272,94.7193,0,0,0,0,402694144,100683776,0.941869,99.9858,3758309376,0,2819817472,268460032,2953265152,671580160,0,331436032,3,9.08544,0,0,1,1,1,9,32.82,100,98.7316,1024,0,80,0,26
nbody_kernel,38054,8192,512,512,2,1,1,1,0,0,2,1,520972,22847,4,159958188,100722690,7,218144768,96.752,0,0,0,0,302043136,100689920,0.982348,99.9867,3758358528,0,1410269184,134242304,1476870144,335904768,0,224466432,3,10.3845,0,0,1,1,1,8,26.5479,100,99.0633,1024,0,112,0,32
nbody_kernel,35130,8192,512,512,2,1,1,1,0,0,4,1,570006,12002,4,130711304,100734978,6,192991232,98.1563,0,0,0,0,251736064,100702208,0.499441,99.9831,3758456832,0,705503232,67133440,738672640,369369088,0,177274880,3,11.2479,0,0,1,1,1,8,22.5057,100,99.4066,1024,0,160,0,56
nbody_kernel,37260,8192,512,512,2,1,1,1,1,0,1,1,519280,11812,5,202025884,100716546,6,201492480,99.9363,1,3.31384,16777216,32768,402694144,100683776,0.949735,99.9873,3758309376,0,1480785920,268460032,2955362304,1075019776,0,302264320,3,10.6071,0,0,1,1,1,9,33.6248,100,98.6092,1024,8192,80,0,29
nbody_kernel,34931,8192,512,512,2,1,1,1,1,0,2,1,521066,22659,4,151700252,100722690,5,151166976,99.9236,1,6.61479,8388608,32768,302043136,100689920,0.997384,99.9815,3758358528,0,740753408,134242304,1477918720,269172736,0,201491456,3,11.3126,0,0,1,1,1,8,24.849,100,98.9565,1024,16384,112,0,32
nbody_kernel,33552,8192,512,512,2,1,1,1,1,0,4,1,519268,10609,4,126546716,100734978,4,126013440,99.9151,1,6.61479,8388608,32768,251736064,100702208,0.499939,99.9852,3758456832,0,370745344,67133440,739196928,268902400,0,163690496,2,11.7749,0,0,1,1,1,8,21.44,100,99.3574,1024,32768,160,0,56
nbody_kernel,12534,8192,512,512,2,1,2,0,0,0,1,1,129914,40,1,4282044,32770,6,67125248,0,0,0,0,0,0,0,0.665423,80.1876,3758309376,0,538648576,134217728,134283264,425984,0,142692608,7,31.6368,0,0,2,1,1,2,70.1785,100,99.9939,1024,0,0,0,39
nbody_kernel,8061,8192,512,512,2,1,2,0,1,0,1,1,119102,0,1,163864,32770,1,147456,0,5,3.31384,16777216,32768,0,0,0.480032,99.973,3758309376,0,807346176,134217728,538247168,2007040,0,163762688,9,49.1349,0,0,3,1,3,1,90.2173,100,99.9947,1024,8192,0,0,44
nbody_kernel,11603,8192,512,512,2,1,2,1,0,0,1,1,259668,166,1,17065370,32770,7,67123200,0,0,0,0,0,0,0,0.489047,99.9762,3758309376,0,1345888256,134217728,537018368,268877824,0,188893440,8,34.1793,0,0,2,1,1,7,83.6288,100,99.9954,1024,0,0,0,43
nbody_kernel,8768,8192,512,512,2,1,2,1,0,0,2,1,129728,0,1,8547040,32770,9,67123200,0,0,0,0,0,0,0,0.482645,99.82,3758358528,0,873013248,67117056,268582912,134553600,0,159430400,9,45.1389,0,0,3,1,1,5,87.9459,100,99.9971,1024,0,0,0,48
nbody_kernel,7696,8192,512,512,2,1,2,1,0,0,4,1,129730,16,1,4482458,32770,10,67123200,0,0,0,0,0,0,0,0.479477,99.951,3758456832,0,436674560,33562624,134365184,67469312,0,138456576,9,51.4546,0,0,3,1,1,3,89.3927,100,99.9982,1024,0,0,0,64
nbody_kernel,9574,8192,512,512,2,1,2,1,1,0,1,1,129730,0,1,419226,32770,1,145408,0,4,3.31384,16777216,32768,0,0,0.620316,99.9014,3758309376,0,809279488,134217728,539115520,2277376,0,163858688,8,41.3569,0,0,2,1,2,1,78.3278,100,99.9947,1024,8192,0,0,40
nbody_kernel,7531,8192,512,512,2,1,2,1,1,0,2,1,129730,16,1,419226,32770,1,145408,0,3,6.61479,8388608,32768,0,0,0.481416,99.9659,3758358528,0,203464704,67108864,269631488,811008,0,134360064,9,52.584,0,0,3,1,2,1,83.3667,100,99.9966,1024,16384,0,0,47
nbody_kernel,6864,8192,512,512,2,1,2,1,1,0,4,1,129728,0,1,159768,32770,1,145408,0,3,6.61479,8388608,32768,0,0,0.480477,99.9702,3758456832,0,101916672,33554432,134889472,745472,0,125926400,9,57.7239,0,0,3,1,1,1,90.6775,100,99.998,1024,32768,0,0,64
nbody_kernel,7571,8192,512,512,2,2,0,0,0,0,1,1,129802,86,1,4227096,32770,10,67125248,0,0,0,0,0,0,0,0.496016,99.9642,3758309376,0,270213120,67108864,134283264,67534848,0,134304000,9,52.3992,0,0,3,1,1,3,85.9594,100,99.9935,1024,0,0,0,46
nbody_kernel,7575,8192,512,512,2,2,0,0,1,0,1,1,129730,0,1,423322,32770,1,147456,0,3,6.61479,8388608,32768,0,0,0.482274,99.9674,3758309376,0,404692992,67108864,269811712,2015232,0,140694272,9,52.2858,0,0,3,1,2,1,87.2914,100,99.9938,1024,8192,0,0,47
nbody_kernel,8191,8192,512,512,2,2,0,1,0,0,1,1,129732,8,2,17065370,32770,9,67123200,0,0,0,0,0,0,0,0.491205,99.9615,3758309376,0,806920192,67108864,537018368,201768960,0,167856384,9,48.3792,0,0,3,1,1,9,90.1183,100,99.9948,1024,0,0,0,47
nbody_kernel,7056,8192,512,512,2,2,0,1,0,0,2,1,129728,0,1,8547040,32770,10,67123200,0,0,0,0,0,0,0,0.499507,99.9758,3758358528,0,436805632,33562624,268582912,100982784,0,143701248,10,56.1515,0,0,3,1,1,5,94.4117,100,99.9968,1024,0,0,0,56
nbody_kernel,7263,8192,512,512,2,2,0,1,0,0,4,1,0,53,1,4223000,32770,10,67123200,0,0,0,0,0,0,0,0.249768,99.6319,3758456832,0,218570752,16785408,134365184,50700288,0,130592512,9,54.608,0,0,3,1,1,3,87.9433,100,99.998,768,0,0,0,79
nbody_kernel,7172,8192,512,512,2,2,0,1,1,0,1,0,0,0,1,159768,32770,1,145408,0,3,6.61479,8388608,32768,0,0,0.477931,99.9523,3758309376,0,406626304,67108864,270680064,2285568,0,140790272,9,55.237,0,0,3,1,2,1,93.8182,100,99.9938,1024,8192,0,0,48
nbody_kernel,6478,8192,512,512,2,2,0,1,1,0,2,1,129730,0,1,419226,32770,1,145408,0,3,6.61479,8388608,32768,0,0,0.476983,99.9577,3758358528,0,102801408,33554432,135413760,811008,0,125971456,10,61.1625,0,0,3,1,1,1,93.5758,100,99.9963,1024,16384,0,0,55
nbody_kernel,6422,8192,512,512,2,2,0,1,1,0,4,1,129730,0,1,419226,32770,1,145408,0,3,6.61479,8388608,32768,0,0,0.249687,99.8332,3758456832,0,51585024,16777216,134889472,753664,0,123829504,10,61.6433,0,0,3,1,1,1,93.109,100,99.9979,896,32768,0,0,72
nbody_kernel,39021,8192,512,512,2,2,1,0,0,0,1,1,649302,12180,5,206093460,100716546,8,268472320,98.6092,0,0,0,0,402694144,100683776,0.943346,99.9691,3758309376,0,1745911808,201351168,2550530048,738639872,0,285289472,3,10.1281,0,0,1,1,1,9,33.4963,100,98.5265,1024,0,80,0,27
nbody_kernel,37196,8192,512,512,2,2,1,0,1,0,1,1,519468,11945,5,202029948,100716546,6,201494528,99.9349,1,3.31384,16777216,32768,402694144,100683776,0.958641,99.9922,3758309376,0,1545895936,201351168,2954493952,806273024,0,293776384,3,10.6252,0,0,1,1,1,9,35.4412,100,98.5691,1024,8192,80,0,27
nbody_kernel,43442,8192,512,512,2,2,1,1,0,0,1,1,778640,11977,4,218931526,100716546,7,268470272,94.7193,0,0,0,0,402694144,100683776,0.943796,99.9763,3758309376,0,2215837696,201351168,2953265152,738689024,0,312561664,3,9.09711,0,0,1,1,1,9,32.3598,100,98.6551,1024,0,80,0,32
nbody_kernel,37972,8192,512,512,2,2,1,1,0,0,2,1,519268,10321,4,159957892,100722690,7,218144768,96.752,0,0,0,0,302043136,100689920,0.622782,99.9813,3758358528,0,1108279296,100687872,1476870144,369442816,0,215028736,3,10.4075,0,0,1,1,1,8,26.0299,100,99.0222,1024,0,112,0,40
nbody_kernel,35159,8192,512,512,2,2,1,1,0,0,4,1,519462,10179,4,130609948,100734978,6,192991232,98.1563,0,0,0,0,251736064,100702208,0.49941,99.986,3758456832,0,554508288,50356224,738672640,151265280,0,165216256,2,11.2356,0,0,1,1,1,8,22.2463,100,99.3633,1024,0,160,0,64
nbody_kernel,37207,8192,512,512,2,2,1,1,1,0,1,1,648970,12012,5,202285214,100716546,6,201492480,99.9363,1,3.31384,16777216,32768,402694144,100683776,0.958829,99.9951,3758309376,0,1547894784,201351168,2955362304,806584320,0,293875712,3,10.6233,0,0,1,1,1,9,35.4441,100,98.5695,1024,8192,80,0,27
nbody_kernel,35006,8192,512,512,2,2,1,1,1,0,2,1,519386,10205,4,151830308,100722690,5,151166976,99.9236,1,6.61479,8388608,32768,302043136,100689920,0.62679,99.9869,3758358528,0,774307840,100687872,1477918720,403390464,0,205685760,3,11.2883,0,0,1,1,1,8,26.9892,100,98.9778,1024,16384,112,0,39
nbody_kernel,33572,8192,512,512,2,2,1,1,1,0,4,1,519424,10386,4,126547156,100734978,4,126013440,99.9151,1,6.61479,8388608,32768,251736064,100702208,0.499899,99.9826,3758456832,0,387522560,50356224,739196928,268902400,0,163690496,2,11.7673,0,0,1,1,1,8,21.917,100,99.3574,1024,32768,160,0,56
nbody_kernel,7593,8192,512,512,2,2,2,0,0,0,1,1,129732,28,1,4486554,32770,10,67125248,0,0,0,0,0,0,0,0.496023,99.9581,3758309376,0,270213120,67108864,134283264,67534848,0,134304000,9,52.391,0,0,3,1,1,3,85.9512,100,99.9935,1024,0,0,0,46
nbody_kernel,7577,8192,512,512,2,2,2,0,1,0,1,1,61855,0,1,163960,32770,1,147456,0,3,6.61479,8388608,32768,0,0,0.48233,99.9487,3758309376,0,404692992,67108864,269811712,2015232,0,140694272,9,52.2622,0,0,3,1,2,1,87.2684,100,99.9938,1024,8192,0,0,47
nbody_kernel,8204,8192,512,512,2,2,2,1,0,0,1,1,1,8,2,16805912,32770,9,67123200,0,0,0,0,0,0,0,0.490748,99.9447,3758309376,0,806920192,67108864,537018368,201768960,0,167856384,9,48.3828,0,0,3,1,1,9,90.14,100,99.9948,1024,0,0,0,47
nbody_kernel,7057,8192,512,512,2,2,2,1,0,0,2,1,129728,0,1,8417304,32770,10,67123200,0,0,0,0,0,0,0,0.4995,99.9676,3758358528,0,436805632,33562624,268582912,100982784,0,143701248,10,56.1474,0,0,3,1,1,5,94.4126,100,99.9968,1024,0,0,0,56
nbody_kernel,7267,8192,512,512,2,2,2,1,0,0,4,1,0,8,1,4223000,32770,10,67123200,0,0,0,0,0,0,0,0.249465,99.5462,3758456832,0,218570752,16785408,134365184,50700288,0,130592512,9,54.554,0,0,3,1,1,3,87.9321,100,99.998,768,0,0,0,79
nbody_kernel,7177,8192,512,512,2,2,2,1,1,0,1,1,129742,0,1,419338,32770,1,145408,0,3,6.61479,8388608,32768,0,0,0.478121,99.9667,3758309376,0,406626304,67108864,270680064,2285568,0,140790272,9,55.2532,0,0,3,1,2,1,93.8321,100,99.9938,1024,8192,0,0,48
nbody_kernel,6478,8192,512,512,2,2,2,1,1,0,2,0,0,0,1,159768,32770,1,145408,0,3,6.61479,8388608,32768,0,0,0.479441,99.9717,3758358528,0,102801408,33554432,135413760,811008,0,125971456,10,61.1997,0,0,3,1,1,1,93.6196,100,99.9963,1024,16384,0,0,55
nbody_kernel,6421,8192,512,512,2,2,2,1,1,0,4,1,129728,0,1,289744,32770,1,145408,0,3,6.61479,8388608,32768,0,0,0.250017,99.9402,3758456832,0,51585024,16777216,134889472,753664,0,123829504,10,61.7222,0,0,3,1,1,1,93.1283,100,99.9979,896,32768,0,0,72
nbody_kernel,7169,8192,512,512,2,4,0,0,0,0,1,1,129838,150,1,4304984,32770,10,67125248,0,0,0,0,0,0,0,0.494655,99.9662,3758309376,0,135995392,33554432,134283264,67534848,0,129061120,9,55.3068,0,0,3,1,1,3,87.6539,100,99.9933,1024,0,0,0,48
nbody_kernel,6593,8192,512,512,2,4,0,0,1,0,1,1,129728,0,1,293600,32770,1,147456,0,3,6.61479,8388608,32768,0,0,0.477455,99.9666,3758309376,0,203366400,33554432,135593984,2007040,0,129159680,10,60.1809,0,0,3,1,1,1,93.7847,100,99.9933,1024,8192,0,0,55
nbody_kernel,7874,8192,512,512,2,4,0,1,0,0,1,1,129753,32,2,16912222,32770,9,67123200,0,0,0,0,0,0,0,0.497013,99.8603,3758309376,0,404267008,33554432,537018368,201777152,0,154225152,9,50.4314,0,0,3,1,1,9,85.6197,100,99.9944,1024,0,0,0,48
nbody_kernel,7166,8192,512,512,2,4,0,1,0,0,2,1,129728,0,1,8417304,32770,10,67123200,0,0,0,0,0,0,0,0.481896,99.951,3758358528,0,218701824,16785408,268582912,134545408,0,137410048,9,55.25,0,0,3,1,1,5,89.8487,100,99.9966,1024,0,0,0,62
nbody_kernel,7089,8192,512,512,2,4,0,1,0,0,4,1,85506,16,1,4223000,32770,10,67123200,0,0,0,0,0,0,0,0.249735,99.9597,3758456832,0,109518848,8396800,134365184,84246528,0,127970816,9,55.902,0,0,3,1,1,3,87.4025,100,99.998,640,0,0,0,87
nbody_kernel,6446,8192,512,512,2,4,0,1,1,0,1,1,129728,0,1,289504,32770,1,145408,0,3,6.61479,8388608,32768,0,0,0.47369,99.9434,3758309376,0,205299712,33554432,136462336,2277376,0,129255680,10,61.3678,0,0,3,1,1,1,95.7128,100,99.9933,1024,8192,0,0,55
nbody_kernel,6057,8192,512,512,2,4,0,1,1,0,2,1,129728,0,1,289504,32770,1,145408,0,3,6.61479,8388608,32768,0,0,0.467715,99.9454,3758358528,0,52469760,16777216,135413760,802816,0,123874048,10,65.4276,0,0,3,1,1,1,97.3861,100,99.9963,1024,16384,0,0,64
nbody_kernel,6338,8192,512,512,2,4,0,1,1,0,4,1,4,0,1,159768,32770,1,145408,0,3,6.61479,8388608,32768,0,0,0.249664,99.7224,3758456832,0,26419200,8388608,134889472,811008,0,122782720,10,62.393,0,0,3,1,1,1,93.2595,100,99.9979,896,32768,0,0,72
nbody_kernel,38978,8192,512,512,2,4,1,0,0,0,1,1,519678,12175,5,206093180,100716546,8,268472320,98.6092,0,0,0,0,402694144,100683776,0.948122,99.9595,3758309376,0,1544585216,167796736,2550530048,671531008,0,275852288,3,10.1422,0,0,1,1,1,9,32.4188,100,98.4761,1024,0,80,0,27
nbody_kernel,37192,8192,512,512,2,4,1,0,1,0,1,1,519396,11873,5,202030100,100716546,6,201494528,99.9349,1,3.31384,16777216,32768,402694144,100683776,0.959345,99.9878,3758309376,0,1445232640,167796736,2954493952,806273024,0,289582080,3,10.6274,0,0,1,1,1,9,34.8598,100,98.5483,1024,8192,80,0,27
nbody_kernel,43425,8192,512,512,2,4,1,1,0,0,1,1,649002,11768,4,218801636,100716546,7,268470272,94.7193,0,0,0,0,402694144,100683776,0.943608,99.984,3758309376,0,1779630080,167796736,2953265152,705134592,0,296833024,3,9.10189,0,0,1,1,1,9,30.8572,100,98.5838,1024,0,80,0,32
nbody_kernel,47395,8192,512,512,2,4,1,1,0,0,2,1,519252,10297,4,159957876,100722690,6,218144768,96.752,0,0,0,0,302043136,100689920,0.622229,99.9729,3758358528,0,890175488,83910656,1476870144,302333952,0,205591552,2,10.3798,0,0,1,1,1,8,24.9534,100,98.9773,1024,0,112,0,40
nbody_kernel,35226,8192,512,512,2,4,1,1,0,0,4,1,519366,10672,4,130726260,100734978,6,192991232,98.1563,0,0,0,0,251736064,100702208,0.49909,99.9845,3758456832,0,445497344,41967616,738672640,209993728,0,163382784,2,11.2176,0,0,1,1,1,8,22.0943,100,99.3562,1024,0,160,0,64
nbody_kernel,37194,8192,512,512,2,4,1,1,1,0,1,1,648916,12170,5,202155548,100716546,6,201492480,99.9363,1,3.31384,16777216,32768,402694144,100683776,0.959447,99.9843,3758309376,0,1447231488,167796736,2955362304,806584320,0,289681408,3,10.626,0,0,1,1,1,9,34.8666,100,98.5488,1024,8192,80,0,27
nbody_kernel,34997,8192,512,512,2,4,1,1,1,0,2,1,519278,10182,4,151700252,100722690,5,151166976,99.9236,1,6.61479,8388608,32768,302043136,100689920,0.626557,99.9874,3758358528,0,723976192,83910656,1477918720,403390464,0,203588608,3,11.2879,0,0,1,1,1,8,26.5178,100,98.9673,1024,16384,112,0,39
nbody_kernel,33654,8192,512,512,2,4,1,1,1,0,4,1,587972,10396,4,126684224,100734978,4,126013440,99.9151,1,6.61479,8388608,32768,251736064,100702208,0.499912,99.9793,3758456832,0,362397696,41967616,739196928,201883648,0,160548864,2,11.7395,0,0,1,1,1,8,22.7633,100,99.3448,1024,32768,160,0,56
nbody_kernel,7201,8192,512,512,2,4,2,0,0,0,1,1,129730,16,1,4227096,32770,10,67125248,0,0,0,0,0,0,0,0.495326,99.9492,3758309376,0,135995392,33554432,134283264,67534848,0,129061120,9,55.3287,0,0,3,1,1,3,87.7036,100,99.9933,1024,0,0,0,48
nbody_kernel,6589,8192,512,512,2,4,2,0,1,0,1,1,129730,0,1,423322,32770,1,147456,0,3,6.61479,8388608,32768,0,0,0.478837,99.9471,3758309376,0,203366400,33554432,135593984,2007040,0,129159680,10,60.1429,0,0,3,1,1,1,93.7437,100,99.9933,1024,8192,0,0,55
nbody_kernel,7885,8192,512,512,2,4,2,1,0,0,1,1,247363,8,2,17065370,32770,9,67123200,0,0,0,0,0,0,0,0.496374,99.8771,3758309376,0,404267008,33554432,537018368,201777152,0,154225152,9,50.3789,0,0,3,1,1,9,85.5162,100,99.9944,1024,0,0,0,48
nbody_kernel,7167,8192,512,512,2,4,2,1,0,0,2,0,0,0,1,8417304,32770,10,67123200,0,0,0,0,0,0,0,0.48214,99.9396,3758358528,0,218701824,16785408,268582912,134545408,0,137410048,9,55.2521,0,0,3,1,1,5,89.8623,100,99.9966,1024,0,0,0,62
nbody_kernel,7087,8192,512,512,2,4,2,1,0,0,4,1,129728,16,1,4223000,32770,10,67123200,0,0,0,0,0,0,0,0.249719,99.9152,3758456832,0,109518848,8396800,134365184,84246528,0,127970816,9,55.8733,0,0,3,1,1,3,87.3965,100,99.998,640,0,0,0,87
nbody_kernel,6448,8192,512,512,2,4,2,1,1,0,1,1,129730,0,1,419226,32770,1,145408,0,3,6.61479,8388608,32768,0,0,0.475637,99.9577,3758309376,0,205299712,33554432,136462336,2277376,0,129255680,10,61.4771,0,0,3,1,1,1,95.8696,100,99.9933,1024,8192,0,0,55
nbody_kernel,6058,8192,512,512,2,4,2,1,1,0,2,1,116000,8,1,391736,32770,1,145408,0,3,6.61479,8388608,32768,0,0,0.468924,99.9732,3758358528,0,52469760,16777216,135413760,802816,0,123874048,10,65.4623,0,0,3,1,1,1,97.4107,100,99.9963,1024,16384,0,0,64
nbody_kernel,6339,8192,512,512,2,4,2,1,1,0,4,1,137990,0,1,419226,32770,1,145408,0,3,6.61479,8388608,32768,0,0,0.249972,99.8444,3758456832,0,26419200,8388608,134889472,811008,0,122782720,10,62.5425,0,0,3,1,1,1,93.3688,100,99.9979,896,32768,0,0,72
nbody_kernel,7081,8192,512,512,2,8,0,0,0,0,1,1,2,8,1,4227096,32770,10,67125248,0,0,0,0,0,0,0,0.496503,99.9499,3758309376,0,68886528,16785408,134283264,117817344,0,128011264,9,55.9872,0,0,3,1,1,3,87.9677,100,99.9932,1024,0,0,0,51
nbody_kernel,6249,8192,512,512,2,8,0,0,1,0,1,0,0,0,1,163968,32770,1,147456,0,3,6.61479,8388608,32768,0,0,0.468854,99.9652,3758309376,0,102703104,16777216,135593984,2007040,0,125489664,10,63.4388,0,0,3,1,1,1,97.5409,100,99.9931,1024,8192,0,0,61
nbody_kernel,8130,8192,512,512,2,8,0,1,0,0,1,1,2,146,2,16805912,32770,9,67123200,0,0,0,0,0,0,0,0.488832,99.9104,3758309376,0,202973184,16777216,537018368,369565696,0,152653824,8,48.8999,0,0,3,1,1,9,84.3379,100,99.9943,1024,0,0,0,48
nbody_kernel,7241,8192,512,512,2,8,0,1,0,0,2,1,129730,0,1,8676874,32770,10,67123200,0,0,0,0,0,0,0,0.477659,99.9286,3758358528,0,109649920,8396800,268582912,134545408,0,133740032,9,54.6959,0,0,3,1,1,5,87.4474,100,99.9966,1024,0,0,0,63
nbody_kernel,7317,8192,512,512,2,8,0,1,0,0,4,1,129732,16,1,4482458,32770,10,67123200,0,0,0,0,0,0,0,0.249904,99.847,3758456832,0,54992896,4202496,134365184,63275008,0,125480448,8,54.1789,0,0,3,1,1,3,83.3905,100,99.998,640,0,0,0,84
nbody_kernel,6161,8192,512,512,2,8,0,1,1,0,1,1,129730,0,1,419226,32770,1,145408,0,3,6.61479,8388608,32768,0,0,0.467959,99.9371,3758309376,0,104636416,16777216,136462336,2269184,0,125585408,10,64.3247,0,0,3,1,1,1,97.2015,100,99.9931,1024,8192,0,0,62
nbody_kernel,5984,8192,512,512,2,8,0,1,1,0,2,1,129730,16,1,419290,32770,1,145408,0,3,6.61479,8388608,32768,0,0,0.468671,99.96,3758358528,0,27336704,8388608,135413760,819200,0,122827008,10,66.2394,0,0,3,1,1,1,97.4305,100,99.9962,1024,16384,0,0,64
nbody_kernel,6302,8192,512,512,2,8,0,1,1,0,4,1,129730,0,1,419226,32770,1,145408,0,3,6.61479,8388608,32768,0,0,0.249942,99.9149,3758456832,0,13836288,4194304,134889472,811008,0,122258432,10,62.8866,0,0,3,1,1,1,93.1606,100,99.9979,896,32768,0,0,71
nbody_kernel,38974,8192,512,512,2,8,1,0,0,0,1,1,649220,12040,5,206352694,100716546,8,268472320,98.6092,0,0,0,0,402694144,100683776,0.946892,99.9754,3758309376,0,1443921920,151019520,2550530048,705085440,0,273230848,3,10.1418,0,0,1,1,1,9,31.849,100,98.4615,1024,0,80,0,27
nbody_kernel,37204,8192,512,512,2,8,1,0,1,0,1,1,519516,11879,5,202029908,100716546,6,201494528,99.9349,1,3.31384,16777216,32768,402694144,100683776,0.951638,99.9713,3758309376,0,1394900992,151019520,2954493952,906936320,0,290630656,3,10.6213,0,0,1,1,1,9,34.5505,100,98.5536,1024,8192,80,0,27
nbody_kernel,43388,8192,512,512,2,8,1,1,0,0,1,1,649118,11936,4,218801836,100716546,7,268470272,94.7193,0,0,0,0,402694144,100683776,0.94363,99.969,3758309376,0,1561526272,151019520,2953265152,654802944,0,287920128,3,9.10622,0,0,1,1,1,9,30.1175,100,98.54,1024,0,80,0,32
nbody_kernel,47381,8192,512,512,2,8,1,1,0,0,2,1,779006,9954,4,160217694,100722690,6,218144768,96.752,0,0,0,0,302043136,100689920,0.622044,99.9422,3758358528,0,781123584,75522048,1476870144,319111168,0,202445824,2,10.372,0,0,1,1,1,8,24.438,100,98.9614,1024,0,112,0,40
nbody_kernel,35226,8192,512,512,2,8,1,1,0,0,4,1,519206,10213,4,130609948,100734978,6,192991232,98.1563,0,0,0,0,251736064,100702208,0.499243,99.9911,3758456832,0,390979584,37773312,738672640,172253184,0,160368640,2,11.2172,0,0,1,1,1,8,21.8779,100,99.3441,1024,0,160,0,63
nbody_kernel,37186,8192,512,512,2,8,1,1,1,0,1,1,519272,11850,5,202025884,100716546,6,201492480,99.9363,1,3.31384,16777216,32768,402694144,100683776,0.959567,99.9917,3758309376,0,1396899840,151019520,2955362304,806584320,0,287584256,3,10.6277,0,0,1,1,1,9,34.5742,100,98.5382,1024,8192,80,0,27
nbody_kernel,35006,8192,512,512,2,8,1,1,1,0,2,1,519398,10062,4,151700252,100722690,5,151166976,99.9236,1,6.61479,8388608,32768,302043136,100689920,0.626443,99.9874,3758358528,0,698810368,75522048,1477918720,403390464,0,202540032,3,11.2885,0,0,1,1,1,8,26.2841,100,98.9619,1024,16384,112,0,39
nbody_kernel,33648,8192,512,512,2,8,1,1,1,0,4,1,519412,10506,4,126547164,100734978,4,126013440,99.9151,1,6.61479,8388608,32768,251736064,100702208,0.499966,99.9884,3758456832,0,349822976,37773312,739196928,201875456,0,160024576,2,11.7417,0,0,1,1,1,8,22.7244,100,99.3427,1024,32768,160,0,56
nbody_kernel,7078,8192,512,512,2,8,2,0,0,0,1,1,129732,16,1,4486554,32770,10,67125248,0,0,0,0,0,0,0,0.496385,99.962,3758309376,0,68886528,16785408,134283264,117817344,0,128011264,9,55.9848,0,0,3,1,1,3,87.9532,100,99.9932,1024,0,0,0,51
nbody_kernel,6250,8192,512,512,2,8,2,0,1,0,1,0,0,0,1,163864,32770,1,147456,0,3,6.61479,8388608,32768,0,0,0.469278,99.9585,3758309376,0,102703104,16777216,135593984,2007040,0,125489664,10,63.3963,0,0,3,1,1,1,97.4823,100,99.9931,1024,8192,0,0,61
nbody_kernel,8140,8192,512,512,2,8,2,1,0,0,1,1,129802,170,2,16935800,32770,9,67123200,0,0,0,0,0,0,0,0.488982,99.8932,3758309376,0,202973184,16777216,537018368,369565696,0,152653824,8,48.8816,0,0,3,1,1,9,84.3209,100,99.9943,1024,0,0,0,48
nbody_kernel,7236,8192,512,512,2,8,2,1,0,0,2,1,129730,0,1,8676762,32770,10,67123200,0,0,0,0,0,0,0,0.477812,99.9416,3758358528,0,109649920,8396800,268582912,134545408,0,133740032,9,54.7044,0,0,3,1,1,5,87.4497,100,99.9966,1024,0,0,0,63
nbody_kernel,7306,8192,512,512,2,8,2,1,0,0,4,1,129732,16,1,4482458,32770,10,67123200,0,0,0,0,0,0,0,0.249882,99.8628,3758456832,0,54992896,4202496,134365184,63275008,0,125480448,8,54.2405,0,0,3,1,1,3,83.4721,100,99.998,640,0,0,0,84
nbody_kernel,6157,8192,512,512,2,8,2,1,1,0,1,1,8,0,1,159824,32770,1,145408,0,3,6.61479,8388608,32768,0,0,0.467952,99.9554,3758309376,0,104636416,16777216,136462336,2269184,0,125585408,10,64.3572,0,0,3,1,1,1,97.2328,100,99.9931,1024,8192,0,0,62
nbody_kernel,5984,8192,512,512,2,8,2,1,1,0,2,1,129730,646,1,419226,32770,1,145408,0,3,6.61479,8388608,32768,0,0,0.470984,99.972,3758358528,0,27336704,8388608,135413760,819200,0,122827008,10,66.2523,0,0,3,1,1,1,97.4377,100,99.9962,1024,16384,0,0,64
nbody_kernel,6308,8192,512,512,2,8,2,1,1,0,4,1,72,0,1,159976,32770,1,145408,0,3,6.61479,8388608,32768,0,0,0.250159,99.7814,3758456832,0,13836288,4194304,134889472,811008,0,122258432,10,62.841,0,0,3,1,1,1,93.2176,100,99.9979,896,32768,0,0,71
nbody_kernel,7265,8192,512,512,2,16,0,0,0,0,1,1,66,64,1,4227208,32770,10,67125248,0,0,0,0,0,0,0,0.483139,99.9572,3758309376,0,51109888,8396800,134283264,126222336,0,127456256,8,54.5343,0,0,3,1,1,3,86.6035,100,99.9932,1024,0,0,0,48
nbody_kernel,6256,8192,512,512,2,16,0,0,1,0,1,1,129730,4,1,423322,32770,1,147456,0,3,6.61479,8388608,32768,0,0,0.472901,99.9736,3758309376,0,52420608,8388608,135593984,2269184,0,123664384,10,63.3202,0,0,3,1,1,1,96.472,100,99.993,1024,8192,0,0,55
nbody_kernel,8004,8192,512,512,2,16,0,1,0,0,1,1,129732,8,2,17065370,32770,9,67123200,0,0,0,0,0,0,0,0.482734,99.9329,3758309376,0,109912064,8396800,537018368,302407680,0,147385088,8,49.4947,0,0,3,1,1,9,83.2647,100,99.9941,1024,0,0,0,48
nbody_kernel,7588,8192,512,512,2,16,0,1,0,0,2,1,129728,0,1,8547040,32770,10,67123200,0,0,0,0,0,0,0,0.469932,99.9072,3758358528,0,55123968,4202496,268582912,121962496,0,131511808,8,52.1625,0,0,3,1,1,5,82.5991,100,99.9965,1024,0,0,0,64
nbody_kernel,7175,8192,512,512,2,16,0,1,0,0,4,1,148161,8,1,4482458,32770,10,67123200,0,0,0,0,0,0,0,0.249899,99.934,3758456832,0,27729920,2105344,134365184,69566464,0,124759552,9,55.2385,0,0,3,1,1,3,84.7075,100,99.9979,640,0,0,0,84
nbody_kernel,6280,8192,512,512,2,16,0,1,1,0,1,1,129782,0,1,419226,32770,1,145408,0,3,6.61479,8388608,32768,0,0,0.473716,99.9329,3758309376,0,54337536,8388608,136462336,2547712,0,123760128,10,63.1242,0,0,3,1,1,1,96.2702,100,99.993,1024,8192,0,0,55
nbody_kernel,6040,8192,512,512,2,16,0,1,1,0,2,1,129744,16,1,419322,32770,1,145408,0,3,6.61479,8388608,32768,0,0,0.46254,99.8795,3758358528,0,14753792,4194304,135413760,942080,0,122306560,10,65.5504,0,0,3,1,1,1,96.4948,100,99.9962,1024,16384,0,0,64
nbody_kernel,6591,8192,512,512,2,16,0,1,1,0,4,1,34915,0,1,159768,32770,1,145408,0,3,6.61479,8388608,32768,0,0,0.250285,99.6555,3758456832,0,7544832,2097152,134889472,811008,0,121996288,9,60.1979,0,0,3,1,1,1,90.0396,100,99.9979,768,32768,0,0,74
nbody_kernel,38916,8192,512,512,2,16,1,0,0,0,1,1,649160,12112,5,206352710,100716546,8,268472320,98.6092,0,0,0,0,402694144,100683776,0.953639,99.9554,3758309376,0,1393590272,142630912,2550530048,738639872,0,272444416,3,10.1586,0,0,1,1,1,9,31.6258,100,98.457,1024,0,80,0,27
nbody_kernel,37194,8192,512,512,2,16,1,0,1,0,1,1,727977,11679,5,202289310,100716546,6,201494528,99.9349,1,3.31384,16777216,32768,402694144,100683776,0.951112,99.9772,3758309376,0,1369735168,142630912,2954493952,923713536,0,290106368,3,10.6225,0,0,1,1,1,9,34.4048,100,98.551,1024,8192,80,0,27
nbody_kernel,43378,8192,512,512,2,16,1,1,0,0,1,1,649218,12161,4,218672612,100716546,7,268470272,94.7193,0,0,0,0,402694144,100683776,0.943409,99.9777,3758309376,0,1452474368,142630912,2953265152,663191552,0,284512256,2,9.10761,0,0,1,1,1,9,29.7399,100,98.5225,1024,0,80,0,32
nbody_kernel,38091,8192,512,512,2,16,1,1,0,0,2,1,731721,9956,3,160217502,100722690,5,218144768,96.752,0,0,0,0,302043136,100689920,0.654337,80.0931,3758358528,0,726597632,71327744,1476870144,327499776,0,200872960,2,8.33735,0,0,1,1,1,8,24.2593,100,98.9533,1024,0,112,0,40
nbody_kernel,35234,8192,512,512,2,16,1,1,0,0,4,1,519286,10556,4,130739764,100734978,6,192991232,98.1563,0,0,0,0,251736064,100702208,0.499085,99.989,3758456832,0,363716608,35676160,738672640,170156032,0,159385600,2,11.2148,0,0,1,1,1,8,21.7666,100,99.34,1024,0,160,0,63
nbody_kernel,37185,8192,512,512,2,16,1,1,1,0,1,1,519180,11724,5,202025756,100716546,6,201492480,99.9363,1,3.31384,16777216,32768,402694144,100683776,0.959667,99.9792,3758309376,0,1371734016,142630912,2955362304,806584320,0,286535680,3,10.6269,0,0,1,1,1,9,34.4285,100,98.5329,1024,8192,80,0,27
nbody_kernel,35009,8192,512,512,2,16,1,1,1,0,2,1,778828,9965,4,151959750,100722690,5,151166976,99.9236,1,6.61479,8388608,32768,302043136,100689920,0.626148,99.9784,3758358528,0,686227456,71327744,1477918720,403390464,0,202015744,3,11.2883,0,0,1,1,1,8,26.1682,100,98.9592,1024,16384,112,0,39
nbody_kernel,33662,8192,512,512,2,16,1,1,1,0,4,1,519378,10138,4,126546772,100735002,4,126013440,99.9151,1,6.61479,8388608,32768,251736064,100702208,0.499879,99.975,3758456832,0,343531520,35676160,739196928,201875456,0,159762432,2,11.7405,0,0,1,1,1,8,22.7048,100,99.3416,1024,32768,160,0,56
nbody_kernel,7273,8192,512,512,2,16,2,0,0,0,1,1,153420,16,1,4380526,32770,10,67125248,0,0,0,0,0,0,0,0.481803,99.9619,3758309376,0,51109888,8396800,134283264,126222336,0,127456256,8,54.5309,0,0,3,1,1,3,86.5941,100,99.9932,1024,0,0,0,48
nbody_kernel,6256,8192,512,512,2,16,2,0,1,0,1,1,129728,0,1,260324,32770,1,147456,0,3,6.61479,8388608,32768,0,0,0.473249,99.9672,3758309376,0,52420608,8388608,135593984,2269184,0,123664384,10,63.3347,0,0,3,1,1,1,96.5005,100,99.993,1024,8192,0,0,55
nbody_kernel,8008,8192,512,512,2,16,2,1,0,0,1,1,129860,112,2,17065370,32770,9,67123200,0,0,0,0,0,0,0,0.482559,99.966,3758309376,0,109912064,8396800,537018368,302407680,0,147385088,8,49.5081,0,0,3,1,1,9,83.2596,100,99.9941,1024,0,0,0,48
nbody_kernel,7593,8192,512,512,2,16,2,1,0,0,2,1,129728,0,1,8547040,32770,10,67123200,0,0,0,0,0,0,0,0.470332,99.9167,3758358528,0,55123968,4202496,268582912,121962496,0,131511808,8,52.1539,0,0,3,1,1,5,82.5777,100,99.9965,1024,0,0,0,64
nbody_kernel,7177,8192,512,512,2,16,2,1,0,0,4,1,14,16,1,4223096,32770,10,67123200,0,0,0,0,0,0,0,0.249902,99.9324,3758456832,0,27729920,2105344,134365184,69566464,0,124759552,9,55.2115,0,0,3,1,1,3,84.6675,100,99.9979,640,0,0,0,84
nbody_kernel,6280,8192,512,512,2,16,2,1,1,0,1,0,0,0,1,159768,32770,1,145408,0,3,6.61479,8388608,32768,0,0,0.473297,99.9747,3758309376,0,54337536,8388608,136462336,2547712,0,123760128,10,63.1144,0,0,3,1,1,1,96.2152,100,99.993,1024,8192,0,0,55
nbody_kernel,6036,8192,512,512,2,16,2,1,1,0,2,1,129796,16,1,419346,32770,1,145408,0,3,6.61479,8388608,32768,0,0,0.463574,99.9619,3758358528,0,14753792,4194304,135413760,942080,0,122306560,10,65.4941,0,0,3,1,1,1,96.3326,100,99.9962,1024,16384,0,0,64
nbody_kernel,6583,8192,512,512,2,16,2,1,1,0,4,1,129730,0,1,419226,32770,1,145408,0,3,6.61479,8388608,32768,0,0,0.249018,99.6216,3758456832,0,7544832,2097152,134889472,811008,0,121996288,9,60.0077,0,0,3,1,1,1,89.7855,100,99.9979,768,32768,0,0,74
nbody_kernel,7652,8192,512,512,2,32,0,0,0,0,1,1,129732,8,1,4486554,32770,10,67125248,0,0,0,0,0,0,0,0.48023,99.9399,3758309376,0,25944064,4202496,134283264,126222336,0,126538752,8,51.7661,0,0,3,1,1,3,81.952,100,99.9931,1024,0,0,0,48
nbody_kernel,6224,8192,512,512,2,32,0,0,1,0,1,1,129730,0,1,423322,32770,1,147456,0,3,6.61479,8388608,32768,0,0,0.472517,99.8508,3758309376,0,27254784,4194304,135593984,2531328,0,122755072,10,63.6346,0,0,3,1,1,1,95.8602,100,99.9929,1024,8192,0,0,56
nbody_kernel,8357,8192,512,512,2,32,0,1,0,0,1,1,34359,0,2,16805912,32770,9,67123200,0,0,0,0,0,0,0,0.477343,99.8343,3758309376,0,55386112,4202496,537018368,340156416,0,146729728,7,47.3291,0,0,3,1,1,9,79.5356,100,99.9941,1024,0,0,0,48
nbody_kernel,8112,8192,512,512,2,32,0,1,0,0,2,1,129728,0,1,8547040,32770,9,67123200,0,0,0,0,0,0,0,0.460034,99.7463,3758358528,0,27860992,2105344,268582912,147120128,0,131380480,8,48.7552,0,0,3,1,1,5,78.3457,100,99.9965,1024,0,0,0,64
nbody_kernel,9912,8192,512,512,2,32,0,1,0,0,4,1,129730,16,1,4878552,32770,8,67123200,0,0,0,0,0,0,0,0.250153,99.9848,3758456832,0,14098432,1056768,134365184,68517888,0,124268032,6,39.8504,0,0,2,1,1,2,61.0447,100,99.9979,640,0,0,0,85
nbody_kernel,6242,8192,512,512,2,32,0,1,1,0,1,1,91752,0,1,159768,32770,1,145408,0,3,6.61479,8388608,32768,0,0,0.472016,99.9419,3758309376,0,29171712,4194304,136462336,2547712,0,122842624,10,63.5903,0,0,3,1,1,1,95.757,100,99.9929,1024,8192,0,0,56
nbody_kernel,6236,8192,512,512,2,32,0,1,1,0,2,1,129730,16,1,289504,32770,1,145408,0,3,6.61479,8388608,32768,0,0,0.465722,99.4471,3758358528,0,8462336,2097152,135413760,942080,0,122044416,10,63.0016,0,0,3,1,1,1,92.9262,100,99.9962,1024,16384,0,0,64
nbody_kernel,9669,8192,512,512,2,32,0,1,1,0,4,1,129728,0,1,855500,32770,1,145408,0,2,6.61479,8388608,32768,0,0,0.250121,99.9836,3758456832,0,4399104,1048576,134889472,802816,0,121864960,6,40.7904,0,0,2,1,1,1,60.8814,100,99.9979,768,32768,0,0,76
nbody_kernel,38907,8192,512,512,2,32,1,0,0,0,1,1,519814,12267,5,206093364,100716546,8,268472320,98.6092,0,0,0,0,402694144,100683776,0.956229,99.9634,3758309376,0,1368424448,138436608,2550530048,738639872,0,271526912,3,10.16,0,0,1,1,1,9,31.4865,100,98.4518,1024,0,80,0,27
nbody_kernel,37236,8192,512,512,2,32,1,0,1,0,1,1,649378,11919,5,202289734,100716546,6,201494528,99.9349,1,3.31384,16777216,32768,402694144,100683776,0.952911,99.9737,3758309376,0,1357152256,138436608,2954493952,932102144,0,289844224,3,10.6157,0,0,1,1,1,9,34.3101,100,98.5496,1024,8192,80,0,27
nbody_kernel,43390,8192,512,512,2,32,1,1,0,0,1,1,648932,11583,4,218931438,100716546,7,268470272,94.7193,0,0,0,0,402694144,100683776,0.94239,99.9818,3758309376,0,1397948416,138436608,2953265152,667385856,0,282808320,2,9.10849,0,0,1,1,1,9,29.5518,100,98.5136,1024,0,80,0,32
nbody_kernel,47387,8192,512,512,2,32,1,1,0,0,2,1,664086,9925,3,160217582,100722690,5,218144768,96.752,0,0,0,0,302043136,100689920,0.685701,80.0233,3758358528,0,699334656,69230592,1476870144,331694080,0,200086528,2,8.33673,0,0,1,1,1,8,24.152,100,98.9492,1024,0,112,0,40
nbody_kernel,35222,8192,512,512,2,32,1,1,0,0,4,1,519518,10367,4,130610148,100734978,6,192991232,98.1563,0,0,0,0,251736064,100702208,0.498377,99.9896,3758456832,0,350085120,34627584,738672640,169107456,0,158894080,2,11.2199,0,0,1,1,1,8,21.7229,100,99.338,1024,0,160,0,63
nbody_kernel,37206,8192,512,512,2,32,1,1,1,0,1,1,519212,11641,5,202025988,100716546,6,201492480,99.9363,1,3.31384,16777216,32768,402694144,100683776,0.962775,99.9897,3758309376,0,1359151104,138436608,2955362304,806584320,0,286011392,3,10.6226,0,0,1,1,1,9,34.3372,100,98.5302,1024,8192,80,0,27
nbody_kernel,34995,8192,512,512,2,32,1,1,1,0,2,1,519258,9835,4,151700372,100722690,5,151166976,99.9236,1,6.61479,8388608,32768,302043136,100689920,0.62633,99.9788,3758358528,0,679936000,69230592,1477918720,403390464,0,201753600,3,11.292,0,0,1,1,1,8,26.118,100,98.9579,1024,16384,112,0,39
nbody_kernel,33641,8192,512,512,2,32,1,1,1,0,4,1,519248,10395,4,126546716,100734978,4,126013440,99.9151,1,6.61479,8388608,32768,251736064,100702208,0.49992,99.9725,3758456832,0,340385792,34627584,739196928,201875456,0,159631360,2,11.7475,0,0,1,1,1,8,22.7087,100,99.341,1024,32768,160,0,56
nbody_kernel,7655,8192,512,512,2,32,2,0,0,0,1,1,129730,16,1,4227096,32770,10,67125248,0,0,0,0,0,0,0,0.481327,99.9731,3758309376,0,25944064,4202496,134283264,126222336,0,126538752,8,51.8029,0,0,3,1,1,3,81.9831,100,99.9931,1024,0,0,0,48
nbody_kernel,6219,8192,512,512,2,32,2,0,1,0,1,1,129730,0,1,423322,32770,1,147456,0,3,6.61479,8388608,32768,0,0,0.473654,99.9044,3758309376,0,27254784,4194304,135593984,2531328,0,122755072,10,63.6266,0,0,3,1,1,1,95.7967,100,99.9929,1024,8192,0,0,56
nbody_kernel,8371,8192,512,512,2,32,2,1,0,0,1,1,129730,0,2,16805912,32770,9,67123200,0,0,0,0,0,0,0,0.477642,99.9168,3758309376,0,55386112,4202496,537018368,340156416,0,146729728,7,47.3149,0,0,3,1,1,9,79.446,100,99.9941,1024,0,0,0,48
nbody_kernel,8103,8192,512,512,2,32,2,1,0,0,2,1,129730,0,1,8676762,32770,9,67123200,0,0,0,0,0,0,0,0.461283,99.7957,3758358528,0,27860992,2105344,268582912,147120128,0,131380480,8,48.8238,0,0,3,1,1,5,78.4171,100,99.9965,1024,0,0,0,64
nbody_kernel,9890,8192,512,512,2,32,2,1,0,0,4,1,129730,16,1,4878584,32770,8,67123200,0,0,0,0,0,0,0,0.250119,99.9842,3758456832,0,14098432,1056768,134365184,68517888,0,124268032,6,39.9436,0,0,2,1,1,2,61.1879,100,99.9979,640,0,0,0,85
nbody_kernel,6249,8192,512,512,2,32,2,1,1,0,1,0,0,0,1,159768,32770,1,145408,0,3,6.61479,8388608,32768,0,0,0.473959,99.9301,3758309376,0,29171712,4194304,136462336,2547712,0,122842624,10,63.5395,0,0,3,1,1,1,95.6918,100,99.9929,1024,8192,0,0,56
nbody_kernel,6239,8192,512,512,2,32,2,1,1,0,2,1,129800,16,1,419226,32770,1,145408,0,3,6.61479,8388608,32768,0,0,0.465635,99.7552,3758358528,0,8462336,2097152,135413760,942080,0,122044416,10,63.324,0,0,3,1,1,1,93.1132,100,99.9962,1024,16384,0,0,64
nbody_kernel,9693,8192,512,512,2,32,2,1,1,0,4,1,129728,0,1,803544,32770,1,145408,0,2,6.61479,8388608,32768,0,0,0.250111,99.9837,3758456832,0,4399104,1048576,134889472,802816,0,121864960,6,40.6889,0,0,2,1,1,1,60.7299,100,99.9979,768,32768,0,0,76
nbody_kernel,7582,4096,512,512,4,0,0,0,0,0,1,1,135169,4,1,2389402,32770,5,33570816,0,0,0,0,0,0,0,0.46825,99.9552,3758301184,0,302379008,16781312,67174400,50569216,0,131104512,9,52.2798,0,0,3,1,1,2,86.4611,100,99.9967,1024,0,0,0,63
nbody_kernel,6842,4096,512,512,4,0,0,0,1,0,1,1,129730,0,1,357786,32770,1,81920,0,3,3.31384,8388608,16384,0,0,0.482101,99.9743,3758301184,0,152014848,16777216,269156352,532480,0,131153792,9,57.9018,0,0,3,1,2,1,93.7673,100,99.9967,1024,8192,0,0,63
nbody_kernel,9983,4096,512,512,4,0,0,1,0,0,1,1,259460,73,1,8705434,32770,4,33568768,0,0,0,0,0,0,0,0.476757,99.9382,3758301184,0,772182016,16781312,268582912,134451200,0,154701184,7,39.6513,0,0,2,1,1,4,78.8126,100,99.9972,1024,0,0,0,56
nbody_kernel,9220,4096,512,512,4,0,0,1,0,0,2,1,129728,0,1,4251720,32770,4,33568768,0,0,0,0,0,0,0,0.249768,99.7656,3758350336,0,436506624,33558528,134365184,67330048,0,138443264,7,42.9318,0,0,2,1,1,2,75.3173,100,99.9983,896,0,0,0,71
nbody_kernel,6436,4096,512,512,4,0,0,1,0,0,4,1,40,40,1,2154576,32770,6,33568768,0,0,0,0,0,0,0,0.249766,99.9615,3758448640,0,218337280,16781312,67256320,33845248,0,127959680,10,61.5883,0,0,3,1,1,2,96.7112,100,99.999,512,0,0,0,123
nbody_kernel,6713,4096,512,512,4,0,0,1,1,0,1,1,230072,0,1,352990,32770,1,79872,0,3,3.31384,8388608,16384,0,0,0.478129,99.9602,3758301184,0,152997888,16777216,269631488,675840,0,131203840,9,59.0178,0,0,3,1,2,1,95.2059,100,99.9967,1024,8192,0,0,64
nbody_kernel,7819,4096,512,512,4,0,0,1,1,0,2,1,129734,8,1,382362,32770,1,79872,0,2,6.61479,4194304,16384,0,0,0.249957,99.9554,3758350336,0,101748736,33554432,134889472,585728,0,125912576,8,50.6493,0,0,3,1,1,1,80.975,100,99.9982,896,16384,0,0,71
nbody_kernel,6072,4096,512,512,4,0,0,1,1,0,4,0,0,0,1,122904,32770,1,79872,0,2,6.61479,4194304,16384,0,0,0.25,99.9585,3758448640,0,50958336,16777216,67518464,610304,0,121698560,10,65.2906,0,0,3,1,1,1,96.653,100,99.9989,512,32768,0,0,123
nbody_kernel,37900,4096,512,512,4,0,1,0,0,0,1,1,519898,10759,5,203996132,100716546,7,234917888,99.289,0,0,0,0,402694144,100683776,0.49955,99.9246,3758301184,0,1477148672,268472320,2483421184,470016000,0,266394368,3,10.427,0,0,1,1,1,9,31.0194,100,99.211,1024,0,160,0,25
nbody_kernel,37206,4096,512,512,4,0,1,0,1,0,1,1,519724,10527,5,201964516,100716546,6,201428992,99.9566,1,3.31384,8388608,16384,402694144,100683776,0.499873,99.9313,3758301184,0,1276477440,268472320,2685403136,738713600,0,274832128,3,10.6207,0,0,1,1,1,9,30.715,100,99.2352,1024,8192,160,0,27
nbody_kernel,40003,4096,512,512,4,0,1,1,0,0,1,1,649432,10671,5,210571502,100716546,7,234915840,97.2694,0,0,0,0,402694144,100683776,0.49899,99.943,3758301184,0,1947074560,268472320,2684829696,470065152,0,287375104,3,9.87709,0,0,1,1,1,9,31.0259,100,99.2686,1024,0,160,0,26
nbody_kernel,36374,4096,512,512,4,0,1,1,0,0,2,1,650220,22639,4,155921892,100722690,6,184590336,98.3264,0,0,0,0,302043136,100689920,0.499729,99.992,3758350336,0,973864960,134254592,1342652416,235118592,0,202433792,3,10.8613,0,0,1,1,1,8,25.0484,100,99.4807,1024,0,208,0,32
nbody_kernel,34305,4096,512,512,4,0,1,1,0,0,4,1,530995,5284163,4,128541492,100734978,5,159436800,99.0439,0,0,0,0,251736064,100702208,0.499538,99.9526,3758448640,0,487264256,67145728,671563776,318951424,0,166256384,2,11.5134,0,0,1,1,1,8,21.603,100,99.6837,1024,0,304,0,56
nbody_kernel,37225,4096,512,512,4,0,1,1,1,0,1,1,519644,10567,5,201989604,100716546,6,201426944,99.9485,1,3.31384,8388608,16384,402694144,100683776,0.499824,99.9248,3758301184,0,1277558784,268472320,2685878272,738893824,0,274886400,3,10.6175,0,0,1,1,1,9,30.7132,100,99.2354,1024,8192,160,0,28
nbody_kernel,34934,4096,512,512,4,0,1,1,1,0,2,1,520754,23189,4,151663772,100722690,5,151101440,99.9382,1,6.61479,4194304,16384,302043136,100689920,0.49992,99.9876,3758350336,0,639107072,134254592,1343176704,101081088,0,187800320,2,11.3092,0,0,1,1,1,8,23.2613,100,99.4402,1024,16384,208,0,32
nbody_kernel,33539,4096,512,512,4,0,1,1,1,0,4,1,530481,5322604,4,126509852,100734978,4,125947904,99.9313,1,6.61479,4194304,16384,251736064,100702208,0.499881,99.9831,3758448640,0,319885312,67145728,671825920,184832000,0,156842752,2,11.7757,0,0,1,1,1,8,20.6197,100,99.6647,1024,32768,304,0,56
nbody_kernel,40516,4096,512,512,4,0,2,0,0,0,1,1,519758,9855,4,203996020,100716546,7,234917888,99.289,0,0,0,0,402694144,100683776,0.499541,99.971,3758301184,0,940093440,134230016,1275314176,604315648,0,211859840,2,9.75044,0,0,1,1,1,9,24.1158,100,99.0079,1024,0,160,0,40
nbody_kernel,39793,4096,512,512,4,0,2,0,1,0,1,1,649408,10098,4,202094276,100716546,6,201428992,99.9566,1,3.31384,8388608,16384,402694144,100683776,0.49992,99.9832,3758301184,0,739422208,134230016,1477296128,604585984,0,211909248,2,9.92953,0,0,1,1,1,8,23.7347,100,99.0081,1024,8192,160,0,40
nbody_kernel,42874,4096,512,512,4,0,2,1,0,0,1,1,649388,10062,4,210571646,100716546,6,234915840,97.2694,0,0,0,0,402694144,100683776,0.499436,99.9735,3758301184,0,1409929216,134230016,1476771840,604266496,0,232836224,2,9.21383,0,0,1,1,1,9,24.0683,100,99.0973,1024,0,160,0,40
nbody_kernel,37559,4096,512,512,4,0,2,1,0,0,2,1,650132,20961,4,155921892,100722690,6,184590336,98.3264,0,0,0,0,302043136,100689920,0.49961,99.9897,3758350336,0,705155072,67121152,738557952,302211072,0,175157376,2,10.52,0,0,1,1,1,8,21.6301,100,99.3998,1024,0,208,0,40
nbody_kernel,34088,4096,512,512,4,0,2,1,0,0,4,1,607848,4708356,4,128689006,100734978,5,159436800,99.0439,0,0,0,0,251736064,100702208,0.499491,99.9907,3758448640,0,352768000,33566720,570834944,218300416,0,154710912,2,11.5874,0,0,1,1,1,8,20.9276,100,99.66,1024,0,304,0,56
nbody_kernel,39806,4096,512,512,4,0,2,1,1,0,1,1,649116,9923,4,202118628,100716546,6,201426944,99.9485,1,3.31384,8388608,16384,402694144,100683776,0.499902,99.9728,3758301184,0,740413440,134230016,1477820416,604651520,0,211958656,2,9.92425,0,0,1,1,1,8,23.7292,100,99.0084,1024,8192,160,0,40
nbody_kernel,35964,4096,512,512,4,0,2,1,1,0,2,1,520454,20864,4,151663692,100722690,5,151101440,99.9382,1,6.61479,4194304,16384,302043136,100689920,0.499996,99.9725,3758350336,0,370397184,67121152,739082240,302407680,0,164718720,2,10.9842,0,0,1,1,1,8,20.7634,100,99.3618,1024,16384,208,0,40
nbody_kernel,33318,4096,512,512,4,0,2,1,1,0,4,1,529593,4200687,4,126509948,100734978,4,125947904,99.9313,1,6.61479,4194304,16384,251736064,100702208,0.499886,99.986,3758448640,0,185389056,33566720,571097088,251961344,0,150540416,2,11.859,0,0,1,1,1,8,21.0929,100,99.6506,1024,32768,304,0,60
nbody_kernel,7581,4096,512,512,4,0,4,0,0,0,1,1,129732,8,1,2389402,32770,5,33570816,0,0,0,0,0,0,0,0.468066,99.9204,3758301184,0,302379008,16781312,67174400,50569216,0,131104512,9,52.2484,0,0,3,1,1,2,86.4392,100,99.9967,1024,0,0,0,63
nbody_kernel,6841,4096,512,512,4,0,4,0,1,0,1,1,129728,0,1,98328,32770,1,81920,0,3,3.31384,8388608,16384,0,0,0.481828,99.9805,3758301184,0,152014848,16777216,269156352,532480,0,131153792,9,57.9146,0,0,3,1,2,1,93.7822,100,99.9967,1024,8192,0,0,63
nbody_kernel,9978,4096,512,512,4,0,4,1,0,0,1,1,129780,72,1,8705538,32770,4,33568768,0,0,0,0,0,0,0,0.476752,99.942,3758301184,0,772182016,16781312,268582912,134451200,0,154701184,7,39.6515,0,0,2,1,1,4,78.8102,100,99.9972,1024,0,0,0,56
nbody_kernel,9219,4096,512,512,4,0,4,1,0,0,2,1,129730,0,1,4511130,32770,4,33568768,0,0,0,0,0,0,0,0.249728,99.7906,3758350336,0,436506624,33558528,134365184,67330048,0,138443264,7,42.9419,0,0,2,1,1,2,75.3162,100,99.9983,896,0,0,0,71
nbody_kernel,6437,4096,512,512,4,0,4,1,0,0,4,0,0,0,1,2154520,32770,6,33568768,0,0,0,0,0,0,0,0.249773,99.9517,3758448640,0,218337280,16781312,67256320,33845248,0,127959680,10,61.5724,0,0,3,1,1,2,96.6957,100,99.999,512,0,0,0,123
nbody_kernel,6716,4096,512,512,4,0,4,1,1,0,1,1,129730,0,1,382362,32770,1,79872,0,3,3.31384,8388608,16384,0,0,0.477933,99.9523,3758301184,0,152997888,16777216,269631488,675840,0,131203840,9,59.0021,0,0,3,1,2,1,95.188,100,99.9967,1024,8192,0,0,64
nbody_kernel,7817,4096,512,512,4,0,4,1,1,0,2,1,129728,16,1,122904,32770,1,79872,0,2,6.61479,4194304,16384,0,0,0.249927,99.9662,3758350336,0,101748736,33554432,134889472,585728,0,125912576,8,50.6574,0,0,3,1,1,1,80.9792,100,99.9982,896,16384,0,0,71
nbody_kernel,6071,4096,512,512,4,0,4,1,1,0,4,1,129730,0,1,382522,32770,1,79872,0,2,6.61479,4194304,16384,0,0,0.249926,99.9554,3758448640,0,50958336,16777216,67518464,610304,0,121698560,10,65.2878,0,0,3,1,1,1,96.6519,100,99.9989,512,32768,0,0,123
nbody_kernel,9179,4096,512,512,4,1,0,0,0,0,1,1,129730,8,1,2185076,32770,4,33570816,0,0,0,0,0,0,0,0.489937,99.8889,3758301184,0,403042304,67112960,67174400,67346432,0,136347392,8,43.1361,0,0,2,1,1,1,76.784,100,99.9968,1024,0,0,0,54
nbody_kernel,7355,4096,512,512,4,1,0,0,1,0,1,1,129728,0,1,98328,32770,1,81920,0,3,3.31384,8388608,16384,0,0,0.480273,99.9511,3758301184,0,202346496,67108864,269156352,532480,0,134299520,9,53.88,0,0,3,1,2,1,88.3976,100,99.9968,1024,8192,0,0,62
nbody_kernel,10493,4096,512,512,4,1,0,1,0,0,1,1,129771,16,1,8705434,32770,4,33568768,0,0,0,0,0,0,0,0.477588,99.9608,3758301184,0,872845312,67112960,268582912,134451200,0,159419776,7,37.7297,0,0,2,1,1,4,75.5005,100,99.9973,1024,0,0,0,56
nbody_kernel,9214,4096,512,512,4,1,0,1,0,0,2,1,129728,0,1,4381408,32770,4,33568768,0,0,0,0,0,0,0,0.249715,99.8321,3758350336,0,436506624,33558528,134365184,67330048,0,138443264,7,42.9594,0,0,2,1,1,2,75.3156,100,99.9983,896,0,0,0,71
nbody_kernel,6440,4096,512,512,4,1,0,1,0,0,4,1,129728,0,1,2284256,32770,6,33568768,0,0,0,0,0,0,0,0.249704,99.9411,3758448640,0,218337280,16781312,67256320,33845248,0,127959680,10,61.5479,0,0,3,1,1,2,96.6675,100,99.999,512,0,0,0,123
nbody_kernel,8300,4096,512,512,4,1,0,1,1,0,1,1,129730,0,1,382578,32770,1,79872,0,3,3.31384,8388608,16384,0,0,0.486991,99.9463,3758301184,0,203329536,67108864,269631488,67788800,0,136446848,8,47.7235,0,0,3,1,2,1,83.6284,100,99.9968,1024,8192,0,0,56
nbody_kernel,7817,4096,512,512,4,1,0,1,1,0,2,1,129730,0,1,382362,32770,1,79872,0,2,6.61479,4194304,16384,0,0,0.249972,99.9641,3758350336,0,101748736,33554432,134889472,585728,0,125912576,8,50.6613,0,0,3,1,1,1,80.9871,100,99.9982,896,16384,0,0,71
nbody_kernel,6069,4096,512,512,4,1,0,1,1,0,4,1,37388,0,1,197656,32770,1,79872,0,2,6.61479,4194304,16384,0,0,0.249913,99.9613,3758448640,0,50958336,16777216,67518464,610304,0,121698560,10,65.2947,0,0,3,1,1,1,96.6563,100,99.9989,512,32768,0,0,123
nbody_kernel,37879,4096,512,512,4,1,1,0,0,0,1,1,519810,10483,5,203995932,100716546,7,234917888,99.289,0,0,0,0,402694144,100683776,0.499554,99.9364,3758301184,0,1477148672,268472320,2483421184,470016000,0,266394368,3,10.4335,0,0,1,1,1,9,31.0352,100,99.211,1024,0,160,0,25
nbody_kernel,37224,4096,512,512,4,1,1,0,1,0,1,1,649538,10663,5,202224062,100716546,6,201428992,99.9566,1,3.31384,8388608,16384,402694144,100683776,0.499752,99.9212,3758301184,0,1276477440,268472320,2685403136,805822464,0,276929280,3,10.6165,0,0,1,1,1,9,31.001,100,99.241,1024,8192,160,0,27
nbody_kernel,40019,4096,512,512,4,1,1,1,0,0,1,1,649170,10769,5,210311964,100716546,7,234915840,97.2694,0,0,0,0,402694144,100683776,0.499241,99.9525,3758301184,0,1947074560,268472320,2684829696,470065152,0,287375104,3,9.87496,0,0,1,1,1,9,31.0162,100,99.2686,1024,0,160,0,26
nbody_kernel,36388,4096,512,512,4,1,1,1,0,0,2,1,520408,22010,4,155792364,100722690,6,184590336,98.3264,0,0,0,0,302043136,100689920,0.499704,99.9847,3758350336,0,973864960,134254592,1342652416,235118592,0,202433792,3,10.8612,0,0,1,1,1,8,25.05,100,99.4807,1024,0,208,0,32
nbody_kernel,34310,4096,512,512,4,1,1,1,0,0,4,1,529651,5286742,4,128541468,100734978,5,159436800,99.0439,0,0,0,0,251736064,100702208,0.4995,99.9876,3758448640,0,487264256,67145728,671563776,318951424,0,166256384,2,11.5174,0,0,1,1,1,8,21.6029,100,99.6837,1024,0,304,0,56
nbody_kernel,37224,4096,512,512,4,1,1,1,1,0,1,1,622247,10642,5,202194342,100716570,6,201426944,99.9485,1,3.31384,8388608,16384,402694144,100683776,0.499842,99.9036,3758301184,0,1277558784,268472320,2685878272,806002688,0,276983552,3,10.6144,0,0,1,1,1,9,31.0057,100,99.2412,1024,8192,160,0,28
nbody_kernel,34935,4096,512,512,4,1,1,1,1,0,2,1,520550,23816,4,151663596,100722690,5,151101440,99.9382,1,6.61479,4194304,16384,302043136,100689920,0.499971,99.9911,3758350336,0,639107072,134254592,1343176704,134635520,0,188848896,2,11.312,0,0,1,1,1,8,23.4233,100,99.4433,1024,16384,208,0,32
nbody_kernel,33547,4096,512,512,4,1,1,1,1,0,4,1,530885,5336384,4,126509932,100734978,4,125947904,99.9313,1,6.61479,4194304,16384,251736064,100702208,0.499947,99.9874,3758448640,0,319885312,67145728,671825920,201609216,0,157367040,2,11.7772,0,0,1,1,1,8,20.7031,100,99.6658,1024,32768,304,0,56
nbody_kernel,40515,4096,512,512,4,1,2,0,0,0,1,1,649724,10302,4,204255934,100716546,7,234917888,99.289,0,0,0,0,402694144,100683776,0.499605,99.9849,3758301184,0,940093440,134230016,1275314176,604315648,0,211859840,2,9.75299,0,0,1,1,1,9,24.1187,100,99.0079,1024,0,160,0,40
nbody_kernel,39789,4096,512,512,4,1,2,0,1,0,1,1,649390,9936,4,202223926,100716546,6,201428992,99.9566,1,3.31384,8388608,16384,402694144,100683776,0.499898,99.9667,3758301184,0,739422208,134230016,1477296128,671694848,0,214006400,2,9.927,0,0,1,1,1,8,24.0083,100,99.0178,1024,8192,160,0,40
nbody_kernel,42875,4096,512,512,4,1,2,1,0,0,1,1,649298,9871,4,210312260,100716546,6,234915840,97.2694,0,0,0,0,402694144,100683776,0.499527,99.9903,3758301184,0,1409929216,134230016,1476771840,604266496,0,232836224,2,9.21709,0,0,1,1,1,9,24.0728,100,99.0973,1024,0,160,0,40
nbody_kernel,37559,4096,512,512,4,1,2,1,0,0,2,1,520340,20519,4,155792364,100722690,6,184590336,98.3264,0,0,0,0,302043136,100689920,0.499531,99.9764,3758350336,0,705155072,67121152,738557952,302211072,0,175157376,2,10.5174,0,0,1,1,1,8,21.6278,100,99.3998,1024,0,208,0,40
nbody_kernel,34102,4096,512,512,4,1,2,1,0,0,4,1,529159,4726492,4,128541468,100734978,5,159436800,99.0439,0,0,0,0,251736064,100702208,0.499493,99.9893,3758448640,0,352768000,33566720,570834944,218300416,0,154710912,2,11.5867,0,0,1,1,1,8,20.9265,100,99.66,1024,0,304,0,56
nbody_kernel,39812,4096,512,512,4,1,2,1,1,0,1,1,649282,9563,4,202248454,100716546,6,201426944,99.9485,1,3.31384,8388608,16384,402694144,100683776,0.499945,99.9749,3758301184,0,740413440,134230016,1477820416,671760384,0,214055808,2,9.92488,0,0,1,1,1,8,24.0059,100,99.0181,1024,8192,160,0,40
nbody_kernel,35967,4096,512,512,4,1,2,1,1,0,2,1,650194,20690,4,151793124,100722690,5,151101440,99.9382,1,6.61479,4194304,16384,302043136,100689920,0.499904,99.9833,3758350336,0,370397184,67121152,739082240,335962112,0,165767296,2,10.9852,0,0,1,1,1,8,20.9158,100,99.3658,1024,16384,208,0,40
nbody_kernel,33317,4096,512,512,4,1,2,1,1,0,4,1,529325,4208207,4,126639956,100734978,4,125947904,99.9313,1,6.61479,4194304,16384,251736064,100702208,0.499972,99.9881,3758448640,0,185389056,33566720,571097088,268738560,0,151064704,2,11.861,0,0,1,1,1,8,21.1783,100,99.6518,1024,32768,304,0,60
nbody_kernel,9181,4096,512,512,4,1,4,0,0,0,1,1,129730,80,1,2129944,32770,4,33570816,0,0,0,0,0,0,0,0.489954,99.9077,3758301184,0,403042304,67112960,67174400,67346432,0,136347392,8,43.1429,0,0,2,1,1,1,76.7816,100,99.9968,1024,0,0,0,54
nbody_kernel,7353,4096,512,512,4,1,4,0,1,0,1,1,129728,0,1,228064,32770,1,81920,0,3,3.31384,8388608,16384,0,0,0.480397,99.9652,3758301184,0,202346496,67108864,269156352,532480,0,134299520,9,53.8924,0,0,3,1,2,1,88.4054,100,99.9968,1024,8192,0,0,62
nbody_kernel,10491,4096,512,512,4,1,4,1,0,0,1,1,259667,158,1,8705690,32770,4,33568768,0,0,0,0,0,0,0,0.47748,99.9486,3758301184,0,872845312,67112960,268582912,134451200,0,159419776,7,37.7149,0,0,2,1,1,4,75.4801,100,99.9973,1024,0,0,0,56
nbody_kernel,9214,4096,512,512,4,1,4,1,0,0,2,1,129730,0,1,4511570,32770,4,33568768,0,0,0,0,0,0,0,0.249679,99.8318,3758350336,0,436506624,33558528,134365184,67330048,0,138443264,7,42.9548,0,0,2,1,1,2,75.3077,100,99.9983,896,0,0,0,71
nbody_kernel,6436,4096,512,512,4,1,4,1,0,0,4,0,0,0,1,2154520,32770,6,33568768,0,0,0,0,0,0,0,0.249696,99.9624,3758448640,0,218337280,16781312,67256320,33845248,0,127959680,10,61.5682,0,0,3,1,1,2,96.6788,100,99.999,512,0,0,0,123
nbody_kernel,8300,4096,512,512,4,1,4,1,1,0,1,1,129728,0,1,122904,32770,1,79872,0,3,3.31384,8388608,16384,0,0,0.487117,99.9665,3758301184,0,203329536,67108864,269631488,67788800,0,136446848,8,47.7359,0,0,3,1,2,1,83.6332,100,99.9968,1024,8192,0,0,56
nbody_kernel,7818,4096,512,512,4,1,4,1,1,0,2,1,129730,0,1,382362,32770,1,79872,0,2,6.61479,4194304,16384,0,0,0.24999,99.9595,3758350336,0,101748736,33554432,134889472,585728,0,125912576,8,50.6597,0,0,3,1,1,1,80.9884,100,99.9982,896,16384,0,0,71
nbody_kernel,6068,4096,512,512,4,1,4,1,1,0,4,0,0,0,1,122904,32770,1,79872,0,2,6.61479,4194304,16384,0,0,0.249983,99.939,3758448640,0,50958336,16777216,67518464,610304,0,121698560,10,65.2789,0,0,3,1,1,1,96.6546,100,99.9989,512,32768,0,0,123
nbody_kernel,7165,4096,512,512,4,2,0,0,0,0,1,1,129731,60,1,2389402,32770,5,33570816,0,0,0,0,0,0,0,0.474827,99.962,3758301184,0,201715712,33558528,67174400,33792000,0,127958784,9,55.2876,0,0,3,1,1,2,87.5887,100,99.9966,1024,0,0,0,62
nbody_kernel,7030,4096,512,512,4,2,0,0,1,0,1,1,129730,0,1,357786,32770,1,81920,0,2,6.61479,4194304,16384,0,0,0.482411,99.9541,3758301184,0,101683200,33554432,134938624,532480,0,125910912,9,56.34,0,0,3,1,1,1,90.0822,100,99.9965,1024,8192,0,0,64
nbody_kernel,7619,4096,512,512,4,2,0,1,0,0,1,1,129730,41,1,8562388,32770,5,33568768,0,0,0,0,0,0,0,0.471979,99.9067,3758301184,0,436637696,33558528,268582912,100904960,0,143691392,9,51.9495,0,0,3,1,1,5,88.1248,100,99.997,1024,0,0,0,64
nbody_kernel,7231,4096,512,512,4,2,0,1,0,0,2,1,129730,0,1,4511130,32770,5,33568768,0,0,0,0,0,0,0,0.249607,99.9056,3758350336,0,218402816,16781312,134365184,50552832,0,130578944,9,54.7525,0,0,3,1,1,3,88.3093,100,99.9982,768,0,0,0,80
nbody_kernel,6191,4096,512,512,4,2,0,1,0,0,4,1,119768,8,1,2154520,32770,6,33568768,0,0,0,0,0,0,0,0.249364,99.9566,3758448640,0,109285376,8392704,67256320,33841152,0,124289536,10,64.0078,0,0,3,1,1,2,97.1805,100,99.999,512,0,0,0,124
nbody_kernel,6672,4096,512,512,4,2,0,1,1,0,1,1,129730,0,1,382362,32770,1,79872,0,2,6.61479,4194304,16384,0,0,0.480519,99.9442,3758301184,0,102666240,33554432,135413760,815104,0,125965312,9,59.3659,0,0,3,1,1,1,92.484,100,99.9965,1024,8192,0,0,62
nbody_kernel,6884,4096,512,512,4,2,0,1,1,0,2,1,0,16,1,122904,32770,1,79872,0,2,6.61479,4194304,16384,0,0,0.249941,99.9479,3758350336,0,51417088,16777216,67780608,589824,0,121718400,9,57.5308,0,0,3,1,1,1,88.7859,100,99.9981,768,16384,0,0,80
nbody_kernel,5995,4096,512,512,4,2,0,1,1,0,4,0,0,0,1,122904,32770,1,79872,0,2,6.61479,4194304,16384,0,0,0.249963,99.951,3758448640,0,25792512,8388608,67518464,614400,0,120650112,10,66.1048,0,0,3,1,1,1,97.1771,100,99.9989,512,32768,0,0,125
nbody_kernel,37938,4096,512,512,4,2,1,0,0,0,1,1,680093,10701,5,204255566,100716546,7,234917888,99.289,0,0,0,0,402694144,100683776,0.499328,99.9607,3758301184,0,1544257536,234917888,2483421184,570679296,0,270588672,3,10.418,0,0,1,1,1,9,32.5736,100,99.2232,1024,0,160,0,27
nbody_kernel,37247,4096,512,512,4,2,1,0,1,0,1,1,618668,10137,5,202161884,100716546,6,201428992,99.9566,1,3.31384,8388608,16384,402694144,100683776,0.499965,99.9379,3758301184,0,1444249600,234917888,2685403136,738713600,0,279026432,3,10.6124,0,0,1,1,1,9,33.3434,100,99.2467,1024,8192,160,0,27
nbody_kernel,40027,4096,512,512,4,2,1,1,0,0,1,1,649306,10882,5,210311964,100716546,7,234915840,97.2694,0,0,0,0,402694144,100683776,0.499599,99.9733,3758301184,0,1779302400,234917888,2684829696,570728448,0,284229376,3,9.87378,0,0,1,1,1,9,32.1034,100,99.2605,1024,0,160,0,32
nbody_kernel,36409,4096,512,512,4,2,1,1,0,0,2,1,520596,22433,4,155792380,100722690,6,184590336,98.3264,0,0,0,0,302043136,100689920,0.499666,99.9846,3758350336,0,889978880,117477376,1342652416,285433856,0,200860416,2,10.8515,0,0,1,1,1,8,25.4799,100,99.4766,1024,0,208,0,40
nbody_kernel,34360,4096,512,512,4,2,1,1,0,0,4,1,639927,4551745,4,128671412,100734978,5,159436800,99.0439,0,0,0,0,251736064,100702208,0.499557,99.9901,3758448640,0,445321216,58757120,671563776,109236224,0,158129920,2,11.4961,0,0,1,1,1,8,21.6822,100,99.6674,1024,0,304,0,64
nbody_kernel,37289,4096,512,512,4,2,1,1,1,0,1,1,519660,10706,5,201989396,100716546,6,201426944,99.9485,1,3.31384,8388608,16384,402694144,100683776,0.499713,99.9141,3758301184,0,1445330944,234917888,2685878272,738877440,0,279080192,3,10.5958,0,0,1,1,1,9,33.3045,100,99.2469,1024,8192,160,0,28
nbody_kernel,35002,4096,512,512,4,2,1,1,1,0,2,1,520626,22585,4,151793596,100722690,5,151101440,99.9382,1,6.61479,4194304,16384,302043136,100689920,0.499919,99.9774,3758350336,0,722993152,117477376,1343176704,302407680,0,196188928,2,11.2873,0,0,1,1,1,8,25.8839,100,99.4642,1024,16384,208,0,39
nbody_kernel,33557,4096,512,512,4,2,1,1,1,0,4,1,531169,5108299,4,126640076,100734978,4,125947904,99.9313,1,6.61479,4194304,16384,251736064,100702208,0.49994,99.9936,3758448640,0,361828352,58757120,671825920,218386432,0,158939904,2,11.7702,0,0,1,1,1,8,21.3435,100,99.6691,1024,32768,304,0,56
nbody_kernel,40507,4096,512,512,4,2,2,0,0,0,1,1,649584,10133,4,204255542,100716546,7,234917888,99.289,0,0,0,0,402694144,100683776,0.49959,99.9835,3758301184,0,872984576,100675584,1275314176,637870080,0,209762688,2,9.75196,0,0,1,1,1,9,24.7938,100,98.998,1024,0,160,0,40
nbody_kernel,39783,4096,512,512,4,2,2,0,1,0,1,1,649484,9842,4,202094164,100716546,6,201428992,99.9566,1,3.31384,8388608,16384,402694144,100683776,0.499868,99.9602,3758301184,0,772976640,100675584,1477296128,537477120,0,209812096,2,9.92877,0,0,1,1,1,8,24.2901,100,98.9982,1024,8192,160,0,40
nbody_kernel,42853,4096,512,512,4,2,2,1,0,0,1,1,649384,9999,4,210571758,100716546,6,234915840,97.2694,0,0,0,0,402694144,100683776,0.499676,99.9927,3758301184,0,1107939328,100675584,1476771840,436494336,0,217107584,2,9.22192,0,0,1,1,1,9,23.4444,100,99.0319,1024,0,160,0,40
nbody_kernel,37606,4096,512,512,4,2,2,1,0,0,2,1,520264,21042,4,155792156,100722690,6,184590336,98.3264,0,0,0,0,302043136,100689920,0.499537,99.9858,3758350336,0,554160128,50343936,738557952,285433856,0,169390208,2,10.504,0,0,1,1,1,8,20.9417,100,99.3794,1024,0,208,0,48
nbody_kernel,34153,4096,512,512,4,2,2,1,0,0,4,1,519150,8238,4,128541572,100734978,5,159436800,99.0439,0,0,0,0,251736064,100702208,0.249829,99.9556,3758448640,0,277270528,25178112,570834944,209911808,0,151827328,2,11.5722,0,0,1,1,1,8,20.626,100,99.6536,896,0,304,0,67
nbody_kernel,39794,4096,512,512,4,2,2,1,1,0,1,1,649132,9967,4,202118628,100716546,6,201426944,99.9485,1,3.31384,8388608,16384,402694144,100683776,0.499809,99.979,3758301184,0,773967872,100675584,1477820416,604651520,0,211958656,2,9.92458,0,0,1,1,1,8,24.8314,100,99.0084,1024,8192,160,0,40
nbody_kernel,35981,4096,512,512,4,2,2,1,1,0,2,1,579862,22253,4,151780256,100722690,5,151101440,99.9382,1,6.61479,4194304,16384,302043136,100689920,0.499949,99.9715,3758350336,0,387174400,50343936,739082240,302407680,0,164718720,2,10.9785,0,0,1,1,1,8,21.2104,100,99.3618,1024,16384,208,0,40
nbody_kernel,33309,4096,512,512,4,2,2,1,1,0,4,1,529573,4217284,4,126510052,100734978,4,125947904,99.9313,1,6.61479,4194304,16384,251736064,100702208,0.499904,99.9869,3758448640,0,193798144,25178112,571097088,201629696,0,148968192,2,11.8609,0,0,1,1,1,8,21.0137,100,99.6469,1024,32768,304,0,60
nbody_kernel,7168,4096,512,512,4,2,4,0,0,0,1,1,129836,40,1,2389554,32770,5,33570816,0,0,0,0,0,0,0,0.475079,99.9568,3758301184,0,201715712,33558528,67174400,33792000,0,127958784,9,55.3138,0,0,3,1,1,2,87.6347,100,99.9966,1024,0,0,0,62
nbody_kernel,7031,4096,512,512,4,2,4,0,1,0,1,1,129728,0,1,228064,32770,1,81920,0,2,6.61479,4194304,16384,0,0,0.482622,99.9722,3758301184,0,101683200,33554432,134938624,532480,0,125910912,9,56.353,0,0,3,1,1,1,90.0867,100,99.9965,1024,8192,0,0,64
nbody_kernel,7626,4096,512,512,4,2,4,1,0,0,1,1,129876,144,1,8705610,32770,5,33568768,0,0,0,0,0,0,0,0.471917,99.9411,3758301184,0,436637696,33558528,268582912,100904960,0,143691392,9,51.9505,0,0,3,1,1,5,88.0961,100,99.997,1024,0,0,0,64
nbody_kernel,7232,4096,512,512,4,2,4,1,0,0,2,1,129728,0,1,4251672,32770,5,33568768,0,0,0,0,0,0,0,0.249568,99.9403,3758350336,0,218402816,16781312,134365184,50552832,0,130578944,9,54.7781,0,0,3,1,1,3,88.3199,100,99.9982,768,0,0,0,80
nbody_kernel,6194,4096,512,512,4,2,4,1,0,0,4,1,129730,8,1,2414362,32770,6,33568768,0,0,0,0,0,0,0,0.249393,99.9414,3758448640,0,109285376,8392704,67256320,33841152,0,124289536,10,64.0018,0,0,3,1,1,2,97.1862,100,99.999,512,0,0,0,124
nbody_kernel,6672,4096,512,512,4,2,4,1,1,0,1,1,129820,0,1,252640,32770,1,79872,0,2,6.61479,4194304,16384,0,0,0.480406,99.9526,3758301184,0,102666240,33554432,135413760,815104,0,125965312,9,59.3755,0,0,3,1,1,1,92.491,100,99.9965,1024,8192,0,0,62
nbody_kernel,6884,4096,512,512,4,2,4,1,1,0,2,1,129752,40,1,252640,32770,1,79872,0,2,6.61479,4194304,16384,0,0,0.249961,99.9501,3758350336,0,51417088,16777216,67780608,589824,0,121718400,9,57.5322,0,0,3,1,1,1,88.7862,100,99.9981,768,16384,0,0,80
nbody_kernel,5997,4096,512,512,4,2,4,1,1,0,4,0,0,0,1,122904,32770,1,79872,0,2,6.61479,4194304,16384,0,0,0.250025,99.9494,3758448640,0,25792512,8388608,67518464,614400,0,120650112,10,66.106,0,0,3,1,1,1,97.1804,100,99.9989,512,32768,0,0,125
nbody_kernel,7152,4096,512,512,4,4,0,0,0,0,1,1,129762,40,1,2130000,32770,5,33570816,0,0,0,0,0,0,0,0.471737,99.9778,3758301184,0,101052416,16781312,67174400,50569216,0,124813056,9,55.4191,0,0,3,1,1,2,88.168,100,99.9965,1024,0,0,0,64
nbody_kernel,6559,4096,512,512,4,4,0,0,1,0,1,1,44575,8,1,98328,32770,1,81920,0,2,6.61479,4194304,16384,0,0,0.249889,99.9518,3758301184,0,51376128,16777216,67829760,671744,0,121721728,9,60.3875,0,0,3,1,1,1,91.9419,100,99.9964,896,8192,0,0,70
nbody_kernel,7826,4096,512,512,4,4,0,1,0,0,1,1,129731,40,1,8705434,32770,5,33568768,0,0,0,0,0,0,0,0.470835,99.9342,3758301184,0,218533888,16781312,268582912,100904960,0,136351360,8,50.6375,0,0,3,1,1,5,83.4125,100,99.9968,1024,0,0,0,64
nbody_kernel,7758,4096,512,512,4,4,0,1,0,0,2,1,129730,0,1,4511130,32770,5,33568768,0,0,0,0,0,0,0,0.249517,99.7649,3758350336,0,109350912,8392704,134365184,42168320,0,126646912,8,51.0247,0,0,3,1,1,3,81.1696,100,99.9982,768,0,0,0,80
nbody_kernel,6320,4096,512,512,4,4,0,1,0,0,4,1,129732,16,1,2413978,32770,6,33568768,0,0,0,0,0,0,0,0.247626,99.8718,3758448640,0,54759424,4198400,67256320,46428160,0,122847872,10,62.6272,0,0,3,1,1,2,94.9474,100,99.999,512,0,0,0,128
nbody_kernel,6510,4096,512,512,4,4,0,1,1,0,1,1,129748,0,1,252640,32770,1,79872,0,2,6.61479,4194304,16384,0,0,0.249874,99.9613,3758301184,0,52334592,16777216,68304896,802816,0,121770624,9,60.8799,0,0,3,1,1,1,91.865,100,99.9964,896,8192,0,0,70
nbody_kernel,5974,4096,512,512,4,4,0,1,1,0,2,1,129730,8,1,382362,32770,1,79872,0,2,6.61479,4194304,16384,0,0,0.249892,99.9739,3758350336,0,26251264,8388608,67780608,581632,0,120669568,10,66.3547,0,0,3,1,1,1,97.0772,100,99.9981,640,16384,0,0,95
nbody_kernel,6099,4096,512,512,4,4,0,1,1,0,4,1,129730,0,1,382362,32770,1,79872,0,2,6.61479,4194304,16384,0,0,0.24989,99.8063,3758448640,0,13209600,4194304,67518464,614400,0,120125824,10,65.0316,0,0,3,1,1,1,95.1722,100,99.9989,512,32768,0,0,126
nbody_kernel,37907,4096,512,512,4,4,1,0,0,0,1,1,649798,10606,5,204256038,100716546,7,234917888,99.289,0,0,0,0,402694144,100683776,0.49957,99.9675,3758301184,0,1443594240,218140672,2483421184,503570432,0,264821504,3,10.4253,0,0,1,1,1,9,32.0148,100,99.2063,1024,0,160,0,27
nbody_kernel,37264,4096,512,512,4,4,1,0,1,0,1,1,519896,10707,5,201964612,100716546,6,201428992,99.9566,1,3.31384,8388608,16384,402694144,100683776,0.499825,99.9382,3758301184,0,1393917952,218140672,2685403136,738713600,0,276929280,3,10.6045,0,0,1,1,1,9,33.0237,100,99.241,1024,8192,160,0,27
nbody_kernel,40020,4096,512,512,4,4,1,1,0,0,1,1,519698,10489,5,210311964,100716546,7,234915840,97.2694,0,0,0,0,402694144,100683776,0.499549,99.9584,3758301184,0,1561198592,218140672,2684829696,520396800,0,275316480,3,9.87334,0,0,1,1,1,9,31.2837,100,99.2366,1024,0,160,0,32
nbody_kernel,36394,4096,512,512,4,4,1,1,0,0,2,1,520528,21968,4,155792364,100722690,6,184590336,98.3264,0,0,0,0,302043136,100689920,0.499703,99.9853,3758350336,0,780926976,109088768,1342652416,218324992,0,195093248,2,10.8568,0,0,1,1,1,8,24.8888,100,99.4611,1024,0,208,0,40
nbody_kernel,34348,4096,512,512,4,4,1,1,0,0,4,1,530275,4781418,4,128541836,100734978,5,159436800,99.0439,0,0,0,0,251736064,100702208,0.499579,99.9898,3758448640,0,390795264,54562816,671563776,130207744,0,156950272,2,11.5021,0,0,1,1,1,8,21.4341,100,99.6649,1024,0,304,0,64
nbody_kernel,37273,4096,512,512,4,4,1,1,1,0,1,1,519440,10739,5,201989100,100716546,6,201426944,99.9485,1,3.31384,8388608,16384,402694144,100683776,0.499791,99.9461,3758301184,0,1394999296,218140672,2685878272,671768576,0,274885888,3,10.6063,0,0,1,1,1,9,33.0322,100,99.2354,1024,8192,160,0,29
nbody_kernel,35006,4096,512,512,4,4,1,1,1,0,2,1,645158,23445,4,151793124,100722690,5,151101440,99.9382,1,6.61479,4194304,16384,302043136,100689920,0.499911,99.9764,3758350336,0,697827328,109088768,1343176704,302407680,0,195140352,2,11.2872,0,0,1,1,1,8,25.5705,100,99.4613,1024,16384,208,0,39
nbody_kernel,33594,4096,512,512,4,4,1,1,1,0,4,1,530821,4336892,4,126510020,100734978,4,125947904,99.9313,1,6.61479,4194304,16384,251736064,100702208,0.499929,99.9813,3758448640,0,349261824,54562816,671825920,218427392,0,158417408,2,11.7599,0,0,1,1,1,8,22.3892,100,99.668,1024,32768,304,0,56
nbody_kernel,40521,4096,512,512,4,4,2,0,0,0,1,1,649408,10197,4,204255598,100716546,7,234917888,99.289,0,0,0,0,402694144,100683776,0.499626,99.9876,3758301184,0,772321280,83898368,1275314176,570761216,0,203995520,2,9.75143,0,0,1,1,1,9,23.7079,100,98.9696,1024,0,160,0,40
nbody_kernel,39777,4096,512,512,4,4,2,0,1,0,1,1,649624,9995,4,202084152,100716546,6,201428992,99.9566,1,3.31384,8388608,16384,402694144,100683776,0.499927,99.9831,3758301184,0,722644992,83898368,1477296128,537477120,0,207714944,2,9.9317,0,0,1,1,1,8,24.2917,100,98.9881,1024,8192,160,0,40
nbody_kernel,42900,4096,512,512,4,4,2,1,0,0,1,1,649436,9770,4,210571534,100716546,6,234915840,97.2694,0,0,0,0,402694144,100683776,0.499517,99.9626,3758301184,0,889835520,83898368,1476771840,486825984,0,211340416,2,9.20754,0,0,1,1,1,9,22.9673,100,99.0054,1024,0,160,0,40
nbody_kernel,37607,4096,512,512,4,4,2,1,0,0,2,1,520396,20627,4,155792396,100722690,6,184590336,98.3264,0,0,0,0,302043136,100689920,0.499576,99.9934,3758350336,0,445108224,41955328,738557952,285433856,0,165720192,2,10.5079,0,0,1,1,1,8,20.5101,100,99.3656,1024,0,208,0,48
nbody_kernel,34104,4096,512,512,4,4,2,1,0,0,4,1,529803,4464786,4,128541468,100734978,5,159436800,99.0439,0,0,0,0,251736064,100702208,0.499496,99.9924,3758448640,0,222748672,20983808,570834944,193130496,0,149468032,2,11.5853,0,0,1,1,1,8,20.1792,100,99.6481,1024,0,304,0,64
nbody_kernel,39802,4096,512,512,4,4,2,1,1,0,1,1,649204,9805,4,202118740,100716546,6,201426944,99.9485,1,3.31384,8388608,16384,402694144,100683776,0.499814,99.9853,3758301184,0,723636224,83898368,1477820416,604651520,0,209861504,2,9.926,0,0,1,1,1,8,24.5576,100,98.9984,1024,8192,160,0,40
nbody_kernel,35982,4096,512,512,4,4,2,1,1,0,2,1,520394,21780,4,151663596,100722690,5,151101440,99.9382,1,6.61479,4194304,16384,302043136,100689920,0.499953,99.967,3758350336,0,362008576,41955328,739082240,302407680,0,163670144,2,10.9777,0,0,1,1,1,8,21.2099,100,99.3577,1024,16384,208,0,40
nbody_kernel,33312,4096,512,512,4,4,2,1,1,0,4,1,529313,4179456,4,126509852,100734978,4,125947904,99.9313,1,6.61479,4194304,16384,251736064,100702208,0.499866,99.9914,3758448640,0,181219328,20983808,571097088,193269760,0,148182784,2,11.8596,0,0,1,1,1,8,20.3516,100,99.6451,1024,32768,304,0,59
nbody_kernel,7153,4096,512,512,4,4,4,0,0,0,1,1,129866,100,1,2259976,32770,5,33570816,0,0,0,0,0,0,0,0.471797,99.9442,3758301184,0,101052416,16781312,67174400,50569216,0,124813056,9,55.4098,0,0,3,1,1,2,88.1829,100,99.9965,1024,0,0,0,64
nbody_kernel,6562,4096,512,512,4,4,4,0,1,0,1,1,129728,0,1,98328,32770,1,81920,0,2,6.61479,4194304,16384,0,0,0.249983,99.9435,3758301184,0,51376128,16777216,67829760,671744,0,121721728,9,60.3849,0,0,3,1,1,1,91.9456,100,99.9964,896,8192,0,0,70
nbody_kernel,7824,4096,512,512,4,4,4,1,0,0,1,1,129809,84,1,8446256,32770,5,33568768,0,0,0,0,0,0,0,0.470771,99.9407,3758301184,0,218533888,16781312,268582912,100904960,0,136351360,8,50.6246,0,0,3,1,1,5,83.3857,100,99.9968,1024,0,0,0,64
nbody_kernel,7758,4096,512,512,4,4,4,1,0,0,2,1,143866,0,1,4479340,32770,5,33568768,0,0,0,0,0,0,0,0.249654,99.8493,3758350336,0,109350912,8392704,134365184,42168320,0,126646912,8,51.075,0,0,3,1,1,3,81.1811,100,99.9982,768,0,0,0,80
nbody_kernel,6323,4096,512,512,4,4,4,1,0,0,4,1,129754,16,1,2284312,32770,6,33568768,0,0,0,0,0,0,0,0.248267,99.82,3758448640,0,54759424,4198400,67256320,46428160,0,122847872,10,62.7537,0,0,3,1,1,2,95.1886,100,99.999,512,0,0,0,128
nbody_kernel,6508,4096,512,512,4,4,4,1,1,0,1,1,129842,0,1,382698,32770,1,79872,0,2,6.61479,4194304,16384,0,0,0.249835,99.9275,3758301184,0,52334592,16777216,68304896,802816,0,121770624,9,60.8538,0,0,3,1,1,1,91.8567,100,99.9964,896,8192,0,0,70
nbody_kernel,5973,4096,512,512,4,4,4,1,1,0,2,0,0,0,1,122904,32770,1,79872,0,2,6.61479,4194304,16384,0,0,0.249934,99.9569,3758350336,0,26251264,8388608,67780608,581632,0,120669568,10,66.3465,0,0,3,1,1,1,97.0817,100,99.9981,640,16384,0,0,95
nbody_kernel,6111,4096,512,512,4,4,4,1,1,0,4,0,0,0,1,122976,32770,1,79872,0,2,6.61479,4194304,16384,0,0,0.249796,99.8783,3758448640,0,13209600,4194304,67518464,614400,0,120125824,10,65.0361,0,0,3,1,1,1,95.1102,100,99.9989,512,32768,0,0,126
nbody_kernel,6637,4096,512,512,4,8,0,0,0,0,1,1,129732,8,1,2389402,32770,6,33570816,0,0,0,0,0,0,0,0.248794,99.9263,3758301184,0,50720768,8392704,67174400,58953728,0,123240064,9,59.75,0,0,3,1,1,2,90.9548,100,99.9965,896,0,0,0,72
nbody_kernel,6094,4096,512,512,4,8,0,0,1,0,1,1,129730,0,1,357786,32770,1,81920,0,2,6.61479,4194304,16384,0,0,0.249916,99.9432,3758301184,0,26210304,8388608,67829760,671744,0,120673152,10,65.0171,0,0,3,1,1,1,95.837,100,99.9964,768,8192,0,0,79
nbody_kernel,8145,4096,512,512,4,8,0,1,0,0,1,1,129738,168,1,8445976,32770,5,33568768,0,0,0,0,0,0,0,0.470978,99.942,3758301184,0,109481984,8392704,268582912,117682176,0,133205632,8,48.6228,0,0,3,1,1,5,78.905,100,99.9967,1024,0,0,0,64
nbody_kernel,6439,4096,512,512,4,8,0,1,0,0,2,1,129728,0,1,4375344,32770,6,33568768,0,0,0,0,0,0,0,0.247948,99.6557,3758350336,0,54824960,4198400,134365184,84103168,0,126122368,10,61.5102,0,0,3,1,1,3,93.7787,100,99.9982,640,0,0,0,96
nbody_kernel,6532,4096,512,512,4,8,0,1,1,0,1,1,9,8,1,123192,32770,1,79872,0,2,6.61479,4194304,16384,0,0,0.249988,99.865,3758301184,0,27168768,8388608,68304896,806912,0,120722176,9,60.6171,0,0,3,1,1,1,91.7675,100,99.9964,896,8192,0,0,72
nbody_kernel,6243,4096,512,512,4,8,0,1,1,0,2,1,125,8,1,122904,32770,1,79872,0,2,6.61479,4194304,16384,0,0,0.25031,99.8083,3758350336,0,13668352,4194304,67780608,577536,0,120145152,10,63.5018,0,0,3,1,1,1,93.1676,100,99.9981,640,16384,0,0,95
nbody_kernel,6322,4096,512,512,4,8,0,1,1,0,4,1,129729,8,1,123890,32770,1,79872,0,2,6.61479,4194304,16384,0,0,0.250169,99.6332,3758448640,0,6918144,2097152,67518464,610304,0,119863552,10,62.8453,0,0,3,1,1,1,91.9682,100,99.9989,512,32768,0,0,128
nbody_kernel,37933,4096,512,512,4,8,1,0,0,0,1,1,520039,10843,5,203996124,100716546,7,234917888,99.289,0,0,0,0,402694144,100683776,0.499396,99.9482,3758301184,0,1393262592,209752064,2483421184,537124864,0,264035072,3,10.4169,0,0,1,1,1,9,31.7059,100,99.2039,1024,0,160,0,27
nbody_kernel,37301,4096,512,512,4,8,1,0,1,0,1,1,649653,10839,5,202094276,100716546,6,201428992,99.9566,1,3.31384,8388608,16384,402694144,100683776,0.499818,99.9144,3758301184,0,1368752128,209752064,2685403136,738713600,0,275880704,3,10.5929,0,0,1,1,1,9,32.8482,100,99.2381,1024,8192,160,0,27
nbody_kernel,40019,4096,512,512,4,8,1,1,0,0,1,1,649253,10659,5,210441700,100716546,7,234915840,97.2694,0,0,0,0,402694144,100683776,0.499532,99.9595,3758301184,0,1452146688,209752064,2684829696,495230976,0,270860032,3,9.87404,0,0,1,1,1,9,30.874,100,99.224,1024,0,160,0,32
nbody_kernel,36390,4096,512,512,4,8,1,1,0,0,2,1,520497,22319,4,155792228,100722690,6,184590336,98.3264,0,0,0,0,302043136,100689920,0.499721,99.9882,3758350336,0,726401024,104894464,1342652416,226713600,0,193520384,2,10.8578,0,0,1,1,1,8,24.5887,100,99.4568,1024,0,208,0,40
nbody_kernel,34372,4096,512,512,4,8,1,1,0,0,4,1,529962,4500010,4,128541620,100734978,5,159436800,99.0439,0,0,0,0,251736064,100702208,0.499587,99.9864,3758448640,0,363548672,52465664,671563776,182644736,0,157671936,2,11.494,0,0,1,1,1,8,21.6093,100,99.6664,1024,0,304,0,64
nbody_kernel,37260,4096,512,512,4,8,1,1,1,0,1,1,519521,10813,5,201989132,100716546,6,201426944,99.9485,1,3.31384,8388608,16384,402694144,100683776,0.499942,99.9407,3758301184,0,1369833472,209752064,2685878272,638214144,0,272788736,3,10.6061,0,0,1,1,1,9,32.886,100,99.2295,1024,8192,160,0,29
nbody_kernel,35002,4096,512,512,4,8,1,1,1,0,2,1,650259,22781,4,151922846,100722690,5,151101440,99.9382,1,6.61479,4194304,16384,302043136,100689920,0.499858,99.9833,3758350336,0,685244416,104894464,1343176704,302407680,0,194616064,2,11.2875,0,0,1,1,1,8,25.4125,100,99.4598,1024,16384,208,0,39
nbody_kernel,33646,4096,512,512,4,8,1,1,1,0,4,1,531294,4545723,4,126510132,100734978,4,125947904,99.9313,1,6.61479,4194304,16384,251736064,100702208,0.499924,99.9911,3758448640,0,342974464,52465664,671825920,151330816,0,156058624,2,11.7419,0,0,1,1,1,8,22.2711,100,99.663,1024,32768,304,0,56
nbody_kernel,40521,4096,512,512,4,8,2,0,0,0,1,1,649667,10205,4,204255598,100716546,7,234917888,99.289,0,0,0,0,402694144,100683776,0.499597,99.9761,3758301184,0,721989632,75509760,1275314176,520429568,0,200587648,2,9.74621,0,0,1,1,1,9,23.1564,100,98.9521,1024,0,160,0,40
nbody_kernel,39781,4096,512,512,4,8,2,0,1,0,1,1,649365,9720,4,201964484,100716546,6,201428992,99.9566,1,3.31384,8388608,16384,402694144,100683776,0.499944,99.9946,3758301184,0,697479168,75509760,1477296128,537477120,0,206666368,2,9.93251,0,0,1,1,1,8,24.2909,100,98.983,1024,8192,160,0,40
nbody_kernel,42902,4096,512,512,4,8,2,1,0,0,1,1,649415,10008,4,210571422,100716546,6,234915840,97.2694,0,0,0,0,402694144,100683776,0.499512,99.9929,3758301184,0,780783616,75509760,1476771840,511991808,0,208456832,2,9.20975,0,0,1,1,1,9,22.3583,100,98.9917,1024,0,160,0,40
nbody_kernel,37595,4096,512,512,4,8,2,1,0,0,2,1,520429,21245,4,155792364,100722690,6,184590336,98.3264,0,0,0,0,302043136,100689920,0.499583,99.9871,3758350336,0,390582272,37761024,738557952,293822464,0,164147328,2,10.5089,0,0,1,1,1,8,20.3309,100,99.3596,1024,0,208,0,48
nbody_kernel,34122,4096,512,512,4,8,2,1,0,0,4,1,519101,8006,4,128541692,100734978,5,159436800,99.0439,0,0,0,0,251736064,100702208,0.249759,99.94,3758448640,0,195506176,18886656,570834944,195235840,0,148616960,2,11.5764,0,0,1,1,1,8,19.8627,100,99.6461,896,0,304,0,66
nbody_kernel,39783,4096,512,512,4,8,2,1,1,0,1,1,649441,9598,4,201988948,100716546,6,201426944,99.9485,1,3.31384,8388608,16384,402694144,100683776,0.499873,99.982,3758301184,0,698470400,75509760,1477820416,604651520,0,208812928,2,9.92714,0,0,1,1,1,8,24.4234,100,98.9934,1024,8192,160,0,40
nbody_kernel,35981,4096,512,512,4,8,2,1,1,0,2,1,520493,20793,4,151663388,100722690,5,151101440,99.9382,1,6.61479,4194304,16384,302043136,100689920,0.499901,99.9866,3758350336,0,349446144,37761024,739082240,294027264,0,162884608,2,10.9797,0,0,1,1,1,8,21.1333,100,99.3546,1024,16384,208,0,40
nbody_kernel,33316,4096,512,512,4,8,2,1,1,0,4,1,529998,4081190,4,126509852,100734978,4,125947904,99.9313,1,6.61479,4194304,16384,251736064,100702208,0.499926,99.9938,3758448640,0,174927872,18886656,571097088,189075456,0,147789568,2,11.8606,0,0,1,1,1,8,20.394,100,99.6441,1024,32768,304,0,59
nbody_kernel,6641,4096,512,512,4,8,4,0,0,0,1,1,129729,0,1,2253808,32770,6,33570816,0,0,0,0,0,0,0,0.248782,99.8319,3758301184,0,50720768,8392704,67174400,58953728,0,123240064,9,59.6623,0,0,3,1,1,2,90.9072,100,99.9965,896,0,0,0,72
nbody_kernel,6094,4096,512,512,4,8,4,0,1,0,1,1,129729,8,1,228064,32770,1,81920,0,2,6.61479,4194304,16384,0,0,0.249963,99.9595,3758301184,0,26210304,8388608,67829760,671744,0,120673152,10,65.0335,0,0,3,1,1,1,95.8455,100,99.9964,768,8192,0,0,79
nbody_kernel,8148,4096,512,512,4,8,4,1,0,0,1,1,129731,8,1,8705434,32770,5,33568768,0,0,0,0,0,0,0,0.470836,99.9602,3758301184,0,109481984,8392704,268582912,117682176,0,133205632,8,48.6224,0,0,3,1,1,5,78.8901,100,99.9967,1024,0,0,0,64
nbody_kernel,6447,4096,512,512,4,8,4,1,0,0,2,1,129731,8,1,4511130,32770,6,33568768,0,0,0,0,0,0,0,0.248059,99.8782,3758350336,0,54824960,4198400,134365184,84103168,0,126122368,10,61.6696,0,0,3,1,1,3,93.8122,100,99.9982,640,0,0,0,96
nbody_kernel,6537,4096,512,512,4,8,4,1,1,0,1,1,129730,16,1,252640,32770,1,79872,0,2,6.61479,4194304,16384,0,0,0.250089,99.8559,3758301184,0,27168768,8388608,68304896,806912,0,120722176,9,60.5976,0,0,3,1,1,1,91.7463,100,99.9964,896,8192,0,0,72
nbody_kernel,6239,4096,512,512,4,8,4,1,1,0,2,1,54295,0,1,252640,32770,1,79872,0,2,6.61479,4194304,16384,0,0,0.249258,99.8802,3758350336,0,13668352,4194304,67780608,577536,0,120145152,10,63.547,0,0,3,1,1,1,93.1668,100,99.9981,640,16384,0,0,95
nbody_kernel,6290,4096,512,512,4,8,4,1,1,0,4,1,129732,16,1,382362,32770,1,79872,0,2,6.61479,4194304,16384,0,0,0.249356,99.5256,3758448640,0,6918144,2097152,67518464,610304,0,119863552,10,62.6176,0,0,3,1,1,1,91.7341,100,99.9989,512,32768,0,0,128
nbody_kernel,6720,4096,512,512,4,16,0,0,0,0,1,1,129922,180,1,2389498,32770,6,33570816,0,0,0,0,0,0,0,0.248163,99.7564,3758301184,0,25554944,4198400,67174400,63143936,0,122453504,9,59.024,0,0,3,1,1,2,90.5162,100,99.9964,896,0,0,0,72
nbody_kernel,6308,4096,512,512,4,16,0,0,1,0,1,1,129730,16,1,163468,32770,1,81920,0,2,6.61479,4194304,16384,0,0,0.250312,99.8847,3758301184,0,13627392,4194304,67829760,671744,0,120148864,10,63.047,0,0,3,1,1,1,92.5491,100,99.9964,768,8192,0,0,79
nbody_kernel,8299,4096,512,512,4,16,0,1,0,0,1,1,129728,16,1,8445976,32770,5,33568768,0,0,0,0,0,0,0,0.473864,99.9424,3758301184,0,54956032,4198400,268582912,130260992,0,131763712,8,47.7594,0,0,3,1,1,5,76.5082,100,99.9967,1024,0,0,0,64
nbody_kernel,6630,4096,512,512,4,16,0,1,0,0,2,1,129730,16,1,4323204,32770,6,33568768,0,0,0,0,0,0,0,0.247359,99.4723,3758350336,0,27561984,2101248,134365184,84107264,0,125204992,9,59.7123,0,0,3,1,1,3,90.7887,100,99.9982,640,0,0,0,96
nbody_kernel,6359,4096,512,512,4,16,0,1,1,0,1,1,129730,16,1,252640,32770,1,79872,0,2,6.61479,4194304,16384,0,0,0.249526,99.7284,3758301184,0,14585856,4194304,68304896,798720,0,120197632,10,62.3215,0,0,3,1,1,1,92.0901,100,99.9964,768,8192,0,0,80
nbody_kernel,6410,4096,512,512,4,16,0,1,1,0,2,1,101100,0,1,122904,32770,1,79872,0,2,6.61479,4194304,16384,0,0,0.248565,99.5555,3758350336,0,7376896,2097152,67780608,577536,0,119883008,9,61.7414,0,0,3,1,1,1,90.4919,100,99.9981,640,16384,0,0,95
nbody_kernel,9490,4096,512,512,4,16,0,1,1,0,4,1,129732,16,1,1013578,32770,1,79872,0,1,6.61479,4194304,16384,0,0,0.249812,99.9849,3758448640,0,3772416,1048576,67518464,610304,0,119732480,7,41.4992,0,0,2,1,1,1,60.2464,100,99.9989,512,32768,0,0,125
nbody_kernel,37902,4096,512,512,4,16,1,0,0,0,1,1,649634,10695,5,204255558,100716546,7,234917888,99.289,0,0,0,0,402694144,100683776,0.499709,99.9619,3758301184,0,1368096768,205557760,2483421184,570679296,0,264166144,3,10.4269,0,0,1,1,1,9,31.587,100,99.2043,1024,0,160,0,27
nbody_kernel,37326,4096,512,512,4,16,1,0,1,0,1,1,519912,10855,5,201964524,100716546,6,201428992,99.9566,1,3.31384,8388608,16384,402694144,100683776,0.499728,99.912,3758301184,0,1356169216,205557760,2685403136,721936384,0,274832128,3,10.5871,0,0,1,1,1,9,32.7573,100,99.2352,1024,8192,160,0,27
nbody_kernel,40025,4096,512,512,4,16,1,1,0,0,1,1,649256,10480,5,210402824,100716546,7,234915840,97.2694,0,0,0,0,402694144,100683776,0.499507,99.981,3758301184,0,1397620736,205557760,2684829696,465870848,0,268107520,3,9.87592,0,0,1,1,1,9,30.6675,100,99.216,1024,0,160,0,32
nbody_kernel,36394,4096,512,512,4,16,1,1,0,0,2,1,520762,22150,4,155792452,100722690,6,184590336,98.3264,0,0,0,0,302043136,100689920,0.499593,99.9839,3758350336,0,699138048,102797312,1342652416,230907904,0,192733952,2,10.8562,0,0,1,1,1,8,24.4354,100,99.4546,1024,0,208,0,40
nbody_kernel,34370,4096,512,512,4,16,1,1,0,0,4,1,530345,2803498,4,128541468,100734978,5,159436800,99.0439,0,0,0,0,251736064,100702208,0.499342,99.9794,3758448640,0,349917184,51417088,671563776,183693312,0,157245952,2,11.4959,0,0,1,1,1,8,21.6293,100,99.6655,1024,0,304,0,64
nbody_kernel,37270,4096,512,512,4,16,1,1,1,0,1,1,563310,10779,5,202118628,100716546,6,201426944,99.9485,1,3.31384,8388608,16384,402694144,100683776,0.499892,99.9197,3758301184,0,1357250560,205557760,2685878272,621436928,0,271740160,3,10.6023,0,0,1,1,1,9,32.8074,100,99.2265,1024,8192,160,0,29
nbody_kernel,35005,4096,512,512,4,16,1,1,1,0,2,1,520716,22426,4,151663540,100722690,5,151101440,99.9382,1,6.61479,4194304,16384,302043136,100689920,0.499889,99.974,3758350336,0,678952960,102797312,1343176704,302407680,0,194353920,2,11.2867,0,0,1,1,1,8,25.3348,100,99.4591,1024,16384,208,0,39
nbody_kernel,33657,4096,512,512,4,16,1,1,1,0,4,1,530799,2778626,4,126509852,100734978,4,125947904,99.9313,1,6.61479,4194304,16384,251736064,100702208,0.49995,99.9847,3758448640,0,339832832,51417088,671825920,151326720,0,155927552,2,11.7424,0,0,1,1,1,8,22.2736,100,99.6627,1024,32768,304,0,56
nbody_kernel,40527,4096,512,512,4,16,2,0,0,0,1,1,649730,9998,4,204255742,100716546,7,234917888,99.289,0,0,0,0,402694144,100683776,0.499515,99.9762,3758301184,0,696823808,71315456,1275314176,507846656,0,199276928,2,9.74508,0,0,1,1,1,9,23.0013,100,98.9452,1024,0,160,0,40
nbody_kernel,39777,4096,512,512,4,16,2,0,1,0,1,1,649630,9878,4,202094052,100716546,6,201428992,99.9566,1,3.31384,8388608,16384,402694144,100683776,0.499985,99.9573,3758301184,0,684896256,71315456,1477296128,537477120,0,206142080,2,9.92985,0,0,1,1,1,8,24.2934,100,98.9804,1024,8192,160,0,40
nbody_kernel,42901,4096,512,512,4,16,2,1,0,0,1,1,649178,9969,4,210571422,100716546,6,234915840,97.2694,0,0,0,0,402694144,100683776,0.499415,99.9889,3758301184,0,726257664,71315456,1476771840,524574720,0,207015040,2,9.20849,0,0,1,1,1,9,22.1803,100,98.9847,1024,0,160,0,40
nbody_kernel,37602,4096,512,512,4,16,2,1,0,0,2,1,650240,20923,4,156051686,100722690,6,184590336,98.3264,0,0,0,0,302043136,100689920,0.499459,99.9883,3758350336,0,363319296,35663872,738557952,298016768,0,163360896,2,10.5097,0,0,1,1,1,8,20.2408,100,99.3565,1024,0,208,0,48
nbody_kernel,34143,4096,512,512,4,16,2,1,0,0,4,1,519052,8008,4,128541468,100734978,5,159436800,99.0439,0,0,0,0,251736064,100702208,0.249518,99.9829,3758448640,0,181878784,17838080,570834944,198377472,0,148256512,2,11.5818,0,0,1,1,1,8,19.788,100,99.6452,896,0,304,0,66
nbody_kernel,39791,4096,512,512,4,16,2,1,1,0,1,1,649342,9498,4,201989020,100716546,6,201426944,99.9485,1,3.31384,8388608,16384,402694144,100683776,0.499967,99.9603,3758301184,0,685887488,71315456,1477820416,604651520,0,208288640,2,9.9293,0,0,1,1,1,8,24.365,100,98.9909,1024,8192,160,0,40
nbody_kernel,35998,4096,512,512,4,16,2,1,1,0,2,1,520656,20428,4,151663564,100722690,5,151101440,99.9382,1,6.61479,4194304,16384,302043136,100689920,0.499919,99.9912,3758350336,0,343154688,35663872,739082240,298221568,0,162753536,2,10.9806,0,0,1,1,1,8,21.0961,100,99.3541,1024,16384,208,0,40
nbody_kernel,33323,4096,512,512,4,16,2,1,1,0,4,1,529747,2476106,4,126509852,100734978,4,125947904,99.9313,1,6.61479,4194304,16384,251736064,100702208,0.499864,99.9841,3758448640,0,171786240,17838080,571097088,186974208,0,147592960,2,11.8604,0,0,1,1,1,8,20.4162,100,99.6436,1024,32768,304,0,59
nbody_kernel,6710,4096,512,512,4,16,4,0,0,0,1,1,129730,0,1,2389402,32770,6,33570816,0,0,0,0,0,0,0,0.248306,99.8888,3758301184,0,25554944,4198400,67174400,63143936,0,122453504,9,59.1322,0,0,3,1,1,2,90.562,100,99.9964,896,0,0,0,72
nbody_kernel,6321,4096,512,512,4,16,4,0,1,0,1,1,129730,16,1,228064,32770,1,81920,0,2,6.61479,4194304,16384,0,0,0.250022,99.8576,3758301184,0,13627392,4194304,67829760,671744,0,120148864,10,62.9593,0,0,3,1,1,1,92.4455,100,99.9964,768,8192,0,0,79
nbody_kernel,8300,4096,512,512,4,16,4,1,0,0,1,1,129968,284,1,8445984,32770,5,33568768,0,0,0,0,0,0,0,0.473658,99.9056,3758301184,0,54956032,4198400,268582912,130260992,0,131763712,8,47.6818,0,0,3,1,1,5,76.412,100,99.9967,1024,0,0,0,64
nbody_kernel,6618,4096,512,512,4,16,4,1,0,0,2,1,129730,16,1,4381408,32770,6,33568768,0,0,0,0,0,0,0,0.247263,99.7389,3758350336,0,27561984,2101248,134365184,84107264,0,125204992,9,59.8967,0,0,3,1,1,3,90.8258,100,99.9982,640,0,0,0,96
nbody_kernel,6338,4096,512,512,4,16,4,1,1,0,1,1,129732,16,1,382362,32770,1,79872,0,2,6.61479,4194304,16384,0,0,0.249326,99.8573,3758301184,0,14585856,4194304,68304896,798720,0,120197632,10,62.3446,0,0,3,1,1,1,92.0054,100,99.9964,768,8192,0,0,80
nbody_kernel,6387,4096,512,512,4,16,4,1,1,0,2,0,0,0,1,122904,32770,1,79872,0,2,6.61479,4194304,16384,0,0,0.249874,99.6884,3758350336,0,7376896,2097152,67780608,577536,0,119883008,9,61.8495,0,0,3,1,1,1,90.5294,100,99.9981,640,16384,0,0,95
nbody_kernel,9496,4096,512,512,4,16,4,1,1,0,4,1,259460,16,1,1013578,32770,1,79872,0,1,6.61479,4194304,16384,0,0,0.249977,99.9847,3758448640,0,3772416,1048576,67518464,610304,0,119732480,7,41.5,0,0,2,1,1,1,60.2478,100,99.9989,512,32768,0,0,125
nbody_kernel,6902,4096,512,512,4,32,0,0,0,0,1,1,129818,48,1,2389482,32770,6,33570816,0,0,0,0,0,0,0,0.248293,99.7152,3758301184,0,12972032,2101248,67174400,65241088,0,122060288,9,57.6141,0,0,3,1,1,2,88.0395,100,99.9964,896,0,0,0,72
nbody_kernel,6478,4096,512,512,4,32,0,0,1,0,1,1,129730,16,1,228064,32770,1,81920,0,2,6.61479,4194304,16384,0,0,0.250135,99.4775,3758301184,0,7335936,2097152,67829760,667648,0,119886592,9,61.0374,0,0,3,1,1,1,89.5431,100,99.9964,768,8192,0,0,79
nbody_kernel,8716,4096,512,512,4,32,0,1,0,0,1,1,129800,64,1,8575712,32770,5,33568768,0,0,0,0,0,0,0,0.468728,99.7204,3758301184,0,27693056,2101248,268582912,132358144,0,130911744,7,45.4357,0,0,3,1,1,5,72.6314,100,99.9967,1024,0,0,0,64
nbody_kernel,10075,4096,512,512,4,32,0,1,0,0,2,1,256972,16,1,5170834,32770,4,33568768,0,0,0,0,0,0,0,0.24997,99.985,3758350336,0,13930496,1052672,134365184,89350144,0,124910080,6,39.1884,0,0,2,1,1,2,59.3287,100,99.9982,640,0,0,0,96
nbody_kernel,9685,4096,512,512,4,32,0,1,0,0,4,1,259538,0,1,3049186,32770,4,33568768,0,0,0,0,0,0,0,0.249949,99.985,3758448640,0,7049216,528384,67256320,35414016,0,120898048,6,40.8829,0,0,2,1,1,1,61.0595,100,99.9989,512,0,0,0,128
nbody_kernel,6530,4096,512,512,4,32,0,1,1,0,1,1,129730,16,1,122904,32770,1,79872,0,2,6.61479,4194304,16384,0,0,0.24985,99.7866,3758301184,0,8294400,2097152,68304896,798720,0,119935488,9,60.6929,0,0,3,1,1,1,89.4729,100,99.9964,768,8192,0,0,80
nbody_kernel,9520,4096,512,512,4,32,0,1,1,0,2,1,259474,0,1,1013730,32770,1,79872,0,1,6.61479,4194304,16384,0,0,0.249962,99.9846,3758350336,0,4231168,1048576,67780608,573440,0,119751808,6,41.3944,0,0,2,1,1,1,60.5178,100,99.9981,640,16384,0,0,95
nbody_kernel,9468,4096,512,512,4,32,0,1,1,0,4,1,129730,16,1,750032,32770,1,79872,0,1,6.61479,4194304,16384,0,0,0.250138,99.9847,3758448640,0,2199552,524288,67518464,610304,0,119666944,7,41.653,0,0,2,1,1,1,60.5241,100,99.9989,512,32768,0,0,128
nbody_kernel,37927,4096,512,512,4,32,1,0,0,0,1,1,520028,10651,5,203995932,100716546,7,234917888,99.289,0,0,0,0,402694144,100683776,0.49952,99.963,3758301184,0,1355513856,203460608,2483421184,570679296,0,263707392,3,10.4252,0,0,1,1,1,9,31.509,100,99.2029,1024,0,160,0,27
nbody_kernel,37343,4096,512,512,4,32,1,0,1,0,1,1,649752,10822,5,202094052,100716546,6,201428992,99.9566,1,3.31384,8388608,16384,402694144,100683776,0.499723,99.917,3758301184,0,1349877760,203460608,2685403136,730324992,0,274832128,3,10.5836,0,0,1,1,1,9,32.7082,100,99.2352,1024,8192,160,0,27
nbody_kernel,40044,4096,512,512,4,32,1,1,0,0,1,1,649266,10460,5,210571422,100716546,7,234915840,97.2694,0,0,0,0,402694144,100683776,0.499334,99.9816,3758301184,0,1370357760,203460608,2684829696,467968000,0,267255552,3,9.87032,0,0,1,1,1,9,30.5471,100,99.2135,1024,0,160,0,32
nbody_kernel,36418,4096,512,512,4,32,1,1,0,0,2,1,520738,22116,4,155792308,100722690,6,184590336,98.3264,0,0,0,0,302043136,100689920,0.499284,99.9618,3758350336,0,685506560,101748736,1342652416,233005056,0,192340736,2,10.8525,0,0,1,1,1,8,24.357,100,99.4534,1024,0,208,0,40
nbody_kernel,34371,4096,512,512,4,32,1,1,0,0,4,1,530337,2781481,4,128671580,100734978,5,159436800,99.0439,0,0,0,0,251736064,100702208,0.498654,99.9848,3758448640,0,343101440,50892800,671563776,184217600,0,157032960,2,11.4955,0,0,1,1,1,8,21.6349,100,99.6651,1024,0,304,0,64
nbody_kernel,37278,4096,512,512,4,32,1,1,1,0,1,1,519626,10813,5,201988892,100716546,6,201426944,99.9485,1,3.31384,8388608,16384,402694144,100683776,0.499921,99.9301,3758301184,0,1350959104,203460608,2685878272,613048320,0,271215872,3,10.603,0,0,1,1,1,9,32.7694,100,99.225,1024,8192,160,0,29
nbody_kernel,35015,4096,512,512,4,32,1,1,1,0,2,1,520884,22607,4,151663388,100722690,5,151101440,99.9382,1,6.61479,4194304,16384,302043136,100689920,0.49985,99.9842,3758350336,0,675807232,101748736,1343176704,302407680,0,194222848,2,11.2871,0,0,1,1,1,8,25.2939,100,99.4587,1024,16384,208,0,39
nbody_kernel,33655,4096,512,512,4,32,1,1,1,0,4,1,535203,2749687,4,126519072,100734978,4,125947904,99.9313,1,6.61479,4194304,16384,251736064,100702208,0.49987,99.9699,3758448640,0,338259968,50892800,671825920,151326720,0,155862016,2,11.7401,0,0,1,1,1,8,22.2725,100,99.6626,1024,32768,304,0,56
nbody_kernel,40532,4096,512,512,4,32,2,0,0,0,1,1,649630,9921,4,204255542,100716546,7,234917888,99.289,0,0,0,0,402694144,100683776,0.499372,99.9745,3758301184,0,684240896,69218304,1275314176,505749504,0,198752640,2,9.74773,0,0,1,1,1,9,22.9488,100,98.9425,1024,0,160,0,40
nbody_kernel,39790,4096,512,512,4,32,2,0,1,0,1,1,649788,9860,4,201964428,100716546,6,201428992,99.9566,1,3.31384,8388608,16384,402694144,100683776,0.499982,99.9452,3758301184,0,678604800,69218304,1477296128,537477120,0,205879936,2,9.92845,0,0,1,1,1,8,24.293,100,98.9791,1024,8192,160,0,40
nbody_kernel,42905,4096,512,512,4,32,2,1,0,0,1,1,649386,9778,4,210441700,100716570,6,234915840,97.2694,0,0,0,0,402694144,100683776,0.499312,99.9924,3758301184,0,698994688,69218304,1476771840,530866176,0,206294144,2,9.21288,0,0,1,1,1,9,22.1021,100,98.9811,1024,0,160,0,40
nbody_kernel,37593,4096,512,512,4,32,2,1,0,0,2,1,520730,20610,4,155792612,100722690,6,184590336,98.3264,0,0,0,0,302043136,100689920,0.499223,99.9753,3758350336,0,349687808,34615296,738557952,300113920,0,162967680,2,10.5099,0,0,1,1,1,8,20.1983,100,99.3549,1024,0,208,0,48
nbody_kernel,34192,4096,512,512,4,32,2,1,0,0,4,1,519100,8185,4,133715612,100734978,5,159436800,99.0439,0,0,0,0,251736064,100702208,0.248987,99.9432,3758448640,0,175063040,17313792,570834944,199950336,0,148076288,2,11.5573,0,0,1,1,1,8,19.7164,100,99.6448,896,0,304,0,66
nbody_kernel,39802,4096,512,512,4,32,2,1,1,0,1,1,632815,9801,4,202119012,100716546,6,201426944,99.9485,1,3.31384,8388608,16384,402694144,100683776,0.499917,99.9832,3758301184,0,679596032,69218304,1477820416,604651520,0,208026496,2,9.93059,0,0,1,1,1,8,24.3281,100,98.9896,1024,8192,160,0,40
nbody_kernel,35997,4096,512,512,4,32,2,1,1,0,2,1,650390,21262,4,151923030,100722690,5,151101440,99.9382,1,6.61479,4194304,16384,302043136,100689920,0.499796,99.9803,3758350336,0,340008960,34615296,739082240,300318720,0,162688000,2,10.9796,0,0,1,1,1,8,21.0774,100,99.3538,1024,16384,208,0,40
nbody_kernel,33404,4096,512,512,4,32,2,1,1,0,4,1,532707,2161591,4,136763860,100734978,4,125947904,99.9313,1,6.61479,4194304,16384,251736064,100702208,0.499846,99.9874,3758448640,0,170213376,17313792,571097088,185925632,0,147494656,2,11.8322,0,0,1,1,1,8,20.3773,100,99.6434,1024,32768,304,0,59
nbody_kernel,6879,4096,512,512,4,32,4,0,0,0,1,1,126950,0,1,2386638,32770,6,33570816,0,0,0,0,0,0,0,0.247859,99.6154,3758301184,0,12972032,2101248,67174400,65241088,0,122060288,9,57.4008,0,0,3,1,1,2,87.8014,100,99.9964,896,0,0,0,72
nbody_kernel,6504,4096,512,512,4,32,4,0,1,0,1,1,2,16,1,98328,32770,1,81920,0,2,6.61479,4194304,16384,0,0,0.248411,99.1023,3758301184,0,7335936,2097152,67829760,667648,0,119886592,9,60.4304,0,0,3,1,1,1,88.9883,100,99.9964,768,8192,0,0,79
nbody_kernel,8735,4096,512,512,4,32,4,1,0,0,1,1,129728,0,1,8575712,32770,5,33568768,0,0,0,0,0,0,0,0.468944,99.9208,3758301184,0,27693056,2101248,268582912,132358144,0,130911744,7,45.5493,0,0,3,1,1,5,72.6669,100,99.9967,1024,0,0,0,64
nbody_kernel,10055,4096,512,512,4,32,4,1,0,0,2,1,129732,16,1,5170714,32770,4,33568768,0,0,0,0,0,0,0,0.249825,99.9849,3758350336,0,13930496,1052672,134365184,89350144,0,124910080,6,39.2101,0,0,2,1,1,2,59.3617,100,99.9982,640,0,0,0,96
nbody_kernel,9645,4096,512,512,4,32,4,1,0,0,4,1,129728,0,1,2917272,32770,4,33568768,0,0,0,0,0,0,0,0.250139,99.9848,3758448640,0,7049216,528384,67256320,35414016,0,120898048,6,40.9203,0,0,2,1,1,1,61.1155,100,99.9989,512,0,0,0,128
nbody_kernel,6567,4096,512,512,4,32,4,1,1,0,1,1,129732,16,1,382362,32770,1,79872,0,2,6.61479,4194304,16384,0,0,0.24997,99.28,3758301184,0,8294400,2097152,68304896,798720,0,119935488,9,60.4053,0,0,3,1,1,1,89.5033,100,99.9964,768,8192,0,0,80
nbody_kernel,9496,4096,512,512,4,32,4,1,1,0,2,1,129746,0,1,1014050,32770,1,79872,0,1,6.61479,4194304,16384,0,0,0.249814,99.985,3758350336,0,4231168,1048576,67780608,573440,0,119751808,6,41.4747,0,0,2,1,1,1,60.6349,100,99.9981,640,16384,0,0,95
nbody_kernel,9476,4096,512,512,4,32,4,1,1,0,4,1,259464,16,1,1009354,32770,1,79872,0,1,6.61479,4194304,16384,0,0,0.249968,99.9845,3758448640,0,2199552,524288,67518464,610304,0,119666944,7,41.5812,0,0,2,1,1,1,60.4199,100,99.9989,512,32768,0,0,128
nbody_kernel,10729,2048,512,512,8,0,0,0,0,0,1,1,259554,0,1,1340826,32770,2,16793600,0,0,0,0,0,0,0,0.249833,99.8093,3758297088,0,201521152,33556480,33619968,151552,0,125850496,6,36.8959,0,0,2,1,1,1,61.1028,100,99.9983,640,0,0,0,94
nbody_kernel,8508,2048,512,512,8,0,0,0,1,0,1,1,120414,16,1,195296,32770,1,49152,0,2,3.31384,4194304,8192,0,0,0.249979,99.9721,3758297088,0,101185536,33554432,134610944,397312,0,125878592,7,46.5521,0,0,3,1,1,1,75.6907,100,99.9983,640,8192,0,0,96
nbody_kernel,10556,2048,512,512,8,0,0,1,0,0,1,1,259458,0,1,4568474,32770,2,16791552,0,0,0,0,0,0,0,0.249807,99.7783,3758297088,0,436422656,33556480,134365184,67270656,0,138436928,7,37.4963,0,0,2,1,1,2,66.8149,100,99.9984,640,0,0,0,96
nbody_kernel,7621,2048,512,512,8,0,0,1,0,0,2,1,129962,16,1,2341600,32770,3,16791552,0,0,0,0,0,0,0,0.24959,99.8536,3758346240,0,218253312,16779264,67256320,33726464,0,127949952,8,51.9499,0,0,3,1,1,2,85.9954,100,99.9991,512,0,0,0,128
nbody_kernel,8615,2048,512,512,8,0,0,1,1,0,1,1,129730,0,1,406938,32770,1,47104,0,2,3.31384,4194304,8192,0,0,0.250013,99.9388,3758297088,0,101664768,33554432,134889472,471040,0,125904576,7,45.9401,0,0,3,1,1,1,74.7334,100,99.9983,640,8192,0,0,96
nbody_kernel,7024,2048,512,512,8,0,0,1,1,0,2,1,129744,0,1,277584,32770,1,47104,0,1,6.61479,2097152,8192,0,0,0.249894,99.9502,3758346240,0,50874368,16777216,67518464,403456,0,121686144,9,56.402,0,0,3,1,1,1,87.0211,100,99.9991,512,16384,0,0,128
nbody_kernel,39807,2048,512,512,8,0,1,0,0,0,1,1,649298,8954,4,202947884,100716546,6,218140672,99.6325,0,0,0,0,402694144,100683776,0.249749,99.2388,3758297088,0,1275658240,268478464,2449866752,369258496,0,254849664,3,9.93899,0,0,1,1,1,9,28.2406,100,99.5876,1024,0,320,0,25
nbody_kernel,39440,2048,512,512,8,0,1,0,1,0,1,1,649517,9149,5,202061404,100716546,6,201396224,99.9675,1,3.31384,4194304,8192,402694144,100683776,0.250018,99.1787,3758297088,0,1175322624,268478464,2550857728,637825024,0,263262848,2,10.0079,0,0,1,1,1,9,28.0367,100,99.6008,1024,8192,320,0,27
nbody_kernel,40555,2048,512,512,8,0,1,1,0,0,1,1,648806,8761,4,206175004,100716546,6,218138624,98.5828,0,0,0,0,402694144,100683776,0.249593,99.3937,3758297088,0,1510703104,268478464,2550611968,369307648,0,265344640,3,9.7433,0,0,1,1,1,9,28.4591,100,99.6039,1024,0,320,0,26
nbody_kernel,37069,2048,512,512,8,0,1,1,0,0,2,1,545207,21036,4,153752452,100722690,5,167813120,99.1161,0,0,0,0,302043136,100689920,0.249802,99.5772,3758346240,0,755662848,134260736,1275543552,184725504,0,191417472,2,10.6594,0,0,1,1,1,8,23.3464,100,99.7254,1024,0,416,0,32
nbody_kernel,33884,2048,512,512,8,0,1,1,0,0,4,1,528515,7442093,4,127550428,100734978,5,142659584,99.4749,0,0,0,0,251736064,100702208,0.249899,99.9918,3758444544,0,378144768,67151872,638009344,293742592,0,160747136,2,11.6571,0,0,1,1,1,8,21.135,100,99.8364,1024,0,608,0,56
nbody_kernel,39704,2048,512,512,8,0,1,1,1,0,1,1,648872,8957,4,202013732,100716546,6,201394176,99.9404,1,3.31384,4194304,8192,402694144,100683776,0.249915,99.2958,3758297088,0,1175945216,268478464,2551136256,637939712,0,263294592,2,9.96183,0,0,1,1,1,9,27.8776,100,99.6008,1024,8192,320,0,28
nbody_kernel,47475,2048,512,512,8,0,1,1,1,0,2,1,780509,22169,3,151947670,100722690,4,151068672,99.9285,1,6.61479,2097152,8192,302043136,100689920,0.250079,99.4651,3758346240,0,588283904,134260736,1275805696,50589696,0,182003328,2,8.3233,0,0,1,1,1,6,16.7419,100,99.7112,1024,16384,416,0,32
nbody_kernel,33502,2048,512,512,8,0,1,1,1,0,4,1,530733,7413194,4,126534556,100734978,4,125915136,99.9205,1,6.61479,2097152,8192,251736064,100702208,0.250003,99.9921,3758444544,0,294455296,67151872,638140416,159574016,0,153943168,2,11.7893,0,0,1,1,1,8,20.3118,100,99.8292,1024,32768,608,0,56
nbody_kernel,40314,2048,512,512,8,0,2,0,0,0,1,1,649046,8266,4,202947356,100716546,6,218140672,99.6325,0,0,0,0,402694144,100683776,0.249841,99.6994,3758297088,0,738605056,134236160,1241759744,503541760,0,200314688,2,9.79214,0,0,1,1,1,8,22.783,100,99.4754,1024,0,320,0,40
nbody_kernel,40254,2048,512,512,8,0,2,0,1,0,1,1,519268,8614,4,201931700,100716546,6,201396224,99.9675,1,3.31384,4194304,8192,402694144,100683776,0.249963,99.5921,3758297088,0,638269440,134236160,1342750720,503681024,0,200339520,2,9.82051,0,0,1,1,1,8,22.4661,100,99.4754,1024,8192,320,0,40
nbody_kernel,41320,2048,512,512,8,0,2,1,0,0,1,1,649072,8460,4,206434798,100716546,6,218138624,98.5828,0,0,0,0,402694144,100683776,0.249815,99.8865,3758297088,0,973555712,134236160,1342554112,503500800,0,210805440,2,9.56263,0,0,1,1,1,9,22.6067,100,99.5015,1024,0,320,0,40
nbody_kernel,36753,2048,512,512,8,0,2,1,0,0,2,1,521113,20835,4,153752380,100722690,5,167813120,99.1161,0,0,0,0,302043136,100689920,0.249884,99.9885,3758346240,0,486950912,67127296,671449088,251809792,0,164140736,2,10.7496,0,0,1,1,1,8,20.758,100,99.6798,1024,0,416,0,40
nbody_kernel,33692,2048,512,512,8,0,2,1,0,0,4,1,528151,7006217,4,127550460,100734978,5,142659584,99.4749,0,0,0,0,251736064,100702208,0.24987,99.9913,3758444544,0,243648512,33572864,537280512,193081344,0,149201344,2,11.7277,0,0,1,1,1,8,20.447,100,99.8237,1024,0,608,0,56
nbody_kernel,40147,2048,512,512,8,0,2,1,1,0,1,1,648830,8238,4,202272926,100716546,6,201394176,99.9404,1,3.31384,4194304,8192,402694144,100683776,0.250026,99.677,3758297088,0,638797824,134236160,1343078400,503689216,0,200366528,2,9.83353,0,0,1,1,1,8,22.4793,100,99.4755,1024,8192,320,0,40
nbody_kernel,35992,2048,512,512,8,0,2,1,1,0,2,1,521227,21149,4,151688260,100722690,5,151068672,99.9285,1,6.61479,2097152,8192,302043136,100689920,0.249984,99.9866,3758346240,0,319571968,67127296,671711232,251908096,0,158921408,2,10.9753,0,0,1,1,1,8,20.1301,100,99.6693,1024,16384,416,0,40
nbody_kernel,33361,2048,512,512,8,0,2,1,1,0,4,1,528281,6570113,4,126534428,100734978,4,125915136,99.9205,1,6.61479,2097152,8192,251736064,100702208,0.250096,99.9391,3758444544,0,159959040,33572864,537411584,226693120,0,147640512,2,11.8491,0,0,1,1,1,8,20.7536,100,99.8219,1024,32768,608,0,60
nbody_kernel,41320,2048,512,512,8,0,4,0,0,0,1,1,649036,8433,4,203206998,100716546,6,218140672,99.6325,0,0,0,0,402694144,100683776,0.249893,99.9872,3758297088,0,470026240,67115008,637710336,369344512,0,166753856,2,9.56249,0,0,1,1,1,8,18.4654,100,99.3698,1024,0,320,0,46
nbody_kernel,40995,2048,512,512,8,0,4,0,1,0,1,1,648910,8054,4,202191086,100716546,6,201396224,99.9675,1,3.31384,4194304,8192,402694144,100683776,0.249993,99.994,3758297088,0,369690624,67115008,738701312,302362624,0,164681152,2,9.63565,0,0,1,1,1,8,18.4747,100,99.3618,1024,8192,320,0,46
nbody_kernel,42681,2048,512,512,8,0,4,1,0,0,1,1,648998,8204,4,206183664,100716546,6,218138624,98.5828,0,0,0,0,402694144,100683776,0.249934,99.9879,3758297088,0,704948224,67115008,738529280,369262592,0,177243200,2,9.25455,0,0,1,1,1,8,20.0563,100,99.4071,1024,0,320,0,41
nbody_kernel,36655,2048,512,512,8,0,4,1,0,0,2,1,520753,20050,4,153752348,100722690,5,167813120,99.1161,0,0,0,0,302043136,100689920,0.249901,99.9136,3758346240,0,352569344,33560576,570753024,218230784,0,154696256,2,10.7833,0,0,1,1,1,8,19.6388,100,99.6602,1024,0,416,0,53
nbody_kernel,33567,2048,512,512,8,0,4,1,0,0,4,1,527811,6442576,4,127550324,100734978,5,142659584,99.4749,0,0,0,0,251736064,100702208,0.249823,99.9924,3758444544,0,176375808,16783360,486916096,142725120,0,143426880,2,11.7706,0,0,1,1,1,8,19.0497,100,99.8166,896,0,608,0,72
nbody_kernel,41011,2048,512,512,8,0,4,1,1,0,1,1,649014,7834,4,202273318,100716546,6,201394176,99.9404,1,3.31384,4194304,8192,402694144,100683776,0.24999,99.9913,3758297088,0,370190336,67115008,739053568,302346240,0,164707264,2,9.63317,0,0,1,1,1,8,18.4729,100,99.3619,1024,8192,320,0,41
nbody_kernel,35780,2048,512,512,8,0,4,1,1,0,2,1,650405,19499,4,151947622,100722690,5,151068672,99.9285,1,6.61479,2097152,8192,302043136,100689920,0.249994,99.9865,3758346240,0,185190400,33560576,571015168,151224320,0,147379904,2,11.0425,0,0,1,1,1,8,18.7188,100,99.6433,1024,16384,416,0,48
nbody_kernel,33157,2048,512,512,8,0,4,1,1,0,4,1,528505,6528985,4,126534428,100734978,4,125915136,99.9205,1,6.61479,2097152,8192,251736064,100702208,0.249985,99.9858,3758444544,0,92686336,16783360,487047168,125997056,0,140292928,2,11.9145,0,0,1,1,1,8,18.7062,100,99.8126,896,32768,608,0,72
nbody_kernel,10729,2048,512,512,8,0,8,0,0,0,1,1,37970,136,1,1211272,32770,2,16793600,0,0,0,0,0,0,0,0.249832,99.8066,3758297088,0,201521152,33556480,33619968,151552,0,125850496,6,36.8966,0,0,2,1,1,1,61.1056,100,99.9983,640,0,0,0,94
nbody_kernel,8505,2048,512,512,8,0,8,0,1,0,1,1,129728,0,1,65560,32770,1,49152,0,2,3.31384,4194304,8192,0,0,0.249938,99.9632,3758297088,0,101185536,33554432,134610944,397312,0,125878592,7,46.5455,0,0,3,1,1,1,75.6867,100,99.9983,640,8192,0,0,96
nbody_kernel,10554,2048,512,512,8,0,8,1,0,0,1,1,259459,16,1,4568474,32770,2,16791552,0,0,0,0,0,0,0,0.249821,99.779,3758297088,0,436422656,33556480,134365184,67270656,0,138436928,7,37.496,0,0,2,1,1,2,66.8139,100,99.9984,640,0,0,0,96
nbody_kernel,7620,2048,512,512,8,0,8,1,0,0,2,1,129730,0,1,2471322,32770,3,16791552,0,0,0,0,0,0,0,0.249656,99.8858,3758346240,0,218253312,16779264,67256320,33726464,0,127949952,8,51.9731,0,0,3,1,1,2,86.006,100,99.9991,512,0,0,0,128
nbody_kernel,8614,2048,512,512,8,0,8,1,1,0,1,1,239765,0,1,367528,32770,1,47104,0,2,3.31384,4194304,8192,0,0,0.249986,99.9343,3758297088,0,101664768,33554432,134889472,471040,0,125904576,7,45.9338,0,0,3,1,1,1,74.7265,100,99.9983,640,8192,0,0,96
nbody_kernel,7020,2048,512,512,8,0,8,1,1,0,2,0,0,0,1,147480,32770,1,47104,0,1,6.61479,2097152,8192,0,0,0.249808,99.9566,3758346240,0,50874368,16777216,67518464,403456,0,121686144,9,56.4128,0,0,3,1,1,1,87.0321,100,99.9991,512,16384,0,0,128
nbody_kernel,10724,2048,512,512,8,1,0,0,0,0,1,1,259506,33,1,1340945,32770,2,16793600,0,0,0,0,0,0,0,0.249841,99.7042,3758297088,0,201521152,33556480,33619968,151552,0,125850496,6,36.857,0,0,2,1,1,1,61.1028,100,99.9983,640,0,0,0,94
nbody_kernel,8502,2048,512,512,8,1,0,0,1,0,1,1,129730,0,1,325018,32770,1,49152,0,2,3.31384,4194304,8192,0,0,0.24996,99.977,3758297088,0,101185536,33554432,134610944,397312,0,125878592,7,46.5608,0,0,3,1,1,1,75.7012,100,99.9983,640,8192,0,0,96
nbody_kernel,10555,2048,512,512,8,1,0,1,0,0,1,1,1,8,1,4438752,32770,2,16791552,0,0,0,0,0,0,0,0.249801,99.7794,3758297088,0,436422656,33556480,134365184,67270656,0,138436928,7,37.4972,0,0,2,1,1,2,66.8156,100,99.9984,640,0,0,0,96
nbody_kernel,7621,2048,512,512,8,1,0,1,0,0,2,1,129746,0,1,2471482,32770,3,16791552,0,0,0,0,0,0,0,0.249564,99.8694,3758346240,0,218253312,16779264,67256320,33726464,0,127949952,8,51.9522,0,0,3,1,1,2,85.9855,100,99.9991,512,0,0,0,128
nbody_kernel,8615,2048,512,512,8,1,0,1,1,0,1,1,129728,0,1,277216,32770,1,47104,0,2,3.31384,4194304,8192,0,0,0.249921,99.9633,3758297088,0,101664768,33554432,134889472,471040,0,125904576,7,45.9449,0,0,3,1,1,1,74.723,100,99.9983,640,8192,0,0,96
nbody_kernel,7025,2048,512,512,8,1,0,1,1,0,2,1,129730,0,1,407474,32770,1,47104,0,1,6.61479,2097152,8192,0,0,0.24994,99.9374,3758346240,0,50874368,16777216,67518464,403456,0,121686144,9,56.4055,0,0,3,1,1,1,87.0376,100,99.9991,512,16384,0,0,128
nbody_kernel,40004,2048,512,512,8,1,1,0,0,0,1,1,648968,8712,4,203206814,100716546,6,218140672,99.6325,0,0,0,0,402694144,100683776,0.249778,99.1675,3758297088,0,1275658240,268478464,2449866752,369258496,0,254849664,3,9.87642,0,0,1,1,1,9,28.083,100,99.5876,1024,0,320,0,25
nbody_kernel,39686,2048,512,512,8,1,1,0,1,0,1,1,649134,8724,4,201931548,100716546,6,201396224,99.9675,1,3.31384,4194304,8192,402694144,100683776,0.250215,99.2766,3758297088,0,1175322624,268478464,2550857728,671379456,0,264311424,2,9.95931,0,0,1,1,1,9,28.0122,100,99.6024,1024,8192,320,0,27
nbody_kernel,40713,2048,512,512,8,1,1,1,0,0,1,1,648790,8490,4,206434462,100716546,6,218138624,98.5828,0,0,0,0,402694144,100683776,0.249546,99.3699,3758297088,0,1510703104,268478464,2550611968,369307648,0,265344640,3,9.70513,0,0,1,1,1,9,28.3544,100,99.6039,1024,0,320,0,26
nbody_kernel,37081,2048,512,512,8,1,1,1,0,0,2,1,521263,21083,4,153752348,100722690,5,167813120,99.1161,0,0,0,0,302043136,100689920,0.249764,99.5568,3758346240,0,755662848,134260736,1275543552,184725504,0,191417472,2,10.6621,0,0,1,1,1,8,23.3572,100,99.7254,1024,0,416,0,32
nbody_kernel,33894,2048,512,512,8,1,1,1,0,0,4,1,528649,7475318,4,127550236,100734978,5,142659584,99.4749,0,0,0,0,251736064,100702208,0.249887,99.9869,3758444544,0,378144768,67151872,638009344,293742592,0,160747136,2,11.6558,0,0,1,1,1,8,21.1337,100,99.8364,1024,0,608,0,56
nbody_kernel,39604,2048,512,512,8,1,1,1,1,0,1,1,648932,9178,5,202273134,100716546,6,201394176,99.9404,1,3.31384,4194304,8192,402694144,100683776,0.250054,99.2339,3758297088,0,1175945216,268478464,2551136256,671494144,0,264343168,2,9.98384,0,0,1,1,1,9,28.0963,100,99.6024,1024,8192,320,0,28
nbody_kernel,47570,2048,512,512,8,1,1,1,1,0,2,1,780479,22099,3,151947726,100722690,4,151068672,99.9285,1,6.61479,2097152,8192,302043136,100689920,0.249937,99.4397,3758346240,0,588283904,134260736,1275805696,67366912,0,182527616,2,8.30432,0,0,1,1,1,6,16.7659,100,99.712,1024,16384,416,0,32
nbody_kernel,33508,2048,512,512,8,1,1,1,1,0,4,1,530603,7446781,4,126546676,100734978,4,125915136,99.9205,1,6.61479,2097152,8192,251736064,100702208,0.249992,99.9923,3758444544,0,294455296,67151872,638140416,167962624,0,154205312,2,11.7884,0,0,1,1,1,8,20.3512,100,99.8295,1024,32768,608,0,56
nbody_kernel,40468,2048,512,512,8,1,2,0,0,0,1,1,649784,8480,4,202947684,100716546,6,218140672,99.6325,0,0,0,0,402694144,100683776,0.249778,99.7453,3758297088,0,738605056,134236160,1241759744,503541760,0,200314688,2,9.79957,0,0,1,1,1,8,22.7898,100,99.4754,1024,0,320,0,40
nbody_kernel,40207,2048,512,512,8,1,2,0,1,0,1,1,648960,8339,4,202191158,100716546,6,201396224,99.9675,1,3.31384,4194304,8192,402694144,100683776,0.250008,99.5722,3758297088,0,638269440,134236160,1342750720,537235456,0,201388096,2,9.82267,0,0,1,1,1,8,22.6125,100,99.4781,1024,8192,320,0,40
nbody_kernel,41359,2048,512,512,8,1,2,1,0,0,1,1,648784,8542,4,206176244,100716546,6,218138624,98.5828,0,0,0,0,402694144,100683776,0.249767,99.8619,3758297088,0,973555712,134236160,1342554112,503500800,0,210805440,2,9.55006,0,0,1,1,1,9,22.5825,100,99.5015,1024,0,320,0,40
nbody_kernel,36754,2048,512,512,8,1,2,1,0,0,2,1,520871,20380,4,153752348,100722690,5,167813120,99.1161,0,0,0,0,302043136,100689920,0.249876,99.9858,3758346240,0,486950912,67127296,671449088,251809792,0,164140736,2,10.7495,0,0,1,1,1,8,20.7583,100,99.6798,1024,0,416,0,40
nbody_kernel,33691,2048,512,512,8,1,2,1,0,0,4,1,610796,7002097,4,127680084,100734978,5,142659584,99.4749,0,0,0,0,251736064,100702208,0.249869,99.9906,3758444544,0,243648512,33572864,537280512,193081344,0,149201344,2,11.7277,0,0,1,1,1,8,20.4473,100,99.8237,1024,0,608,0,56
nbody_kernel,40114,2048,512,512,8,1,2,1,1,0,1,1,648852,8226,4,202272926,100716546,6,201394176,99.9404,1,3.31384,4194304,8192,402694144,100683776,0.250165,99.7221,3758297088,0,638797824,134236160,1343078400,537243648,0,201415104,2,9.85147,0,0,1,1,1,8,22.6473,100,99.4782,1024,8192,320,0,40
nbody_kernel,35995,2048,512,512,8,1,2,1,1,0,2,1,521217,20951,4,151688052,100722690,5,151068672,99.9285,1,6.61479,2097152,8192,302043136,100689920,0.249983,99.9888,3758346240,0,319571968,67127296,671711232,268685312,0,159445696,2,10.9755,0,0,1,1,1,8,20.2061,100,99.6703,1024,16384,416,0,40
nbody_kernel,33360,2048,512,512,8,1,2,1,1,0,4,1,528311,6559963,4,126534428,100734978,4,125915136,99.9205,1,6.61479,2097152,8192,251736064,100702208,0.25018,99.9795,3758444544,0,159959040,33572864,537411584,235081728,0,147902656,2,11.8531,0,0,1,1,1,8,20.7932,100,99.8222,1024,32768,608,0,60
nbody_kernel,41317,2048,512,512,8,1,4,0,0,0,1,1,649066,8703,4,203207046,100716546,6,218140672,99.6325,0,0,0,0,402694144,100683776,0.24987,99.9819,3758297088,0,470026240,67115008,637710336,369344512,0,166753856,2,9.56104,0,0,1,1,1,8,18.4636,100,99.3698,1024,0,320,0,46
nbody_kernel,41005,2048,512,512,8,1,4,0,1,0,1,1,653805,8012,4,201941368,100716546,6,201396224,99.9675,1,3.31384,4194304,8192,402694144,100683776,0.249997,99.9939,3758297088,0,369690624,67115008,738701312,335917056,0,165729728,2,9.6356,0,0,1,1,1,8,18.6084,100,99.3659,1024,8192,320,0,46
nbody_kernel,42686,2048,512,512,8,1,4,1,0,0,1,1,648924,8139,4,206175108,100716546,6,218138624,98.5828,0,0,0,0,402694144,100683776,0.249913,99.9878,3758297088,0,704948224,67115008,738529280,369262592,0,177243200,2,9.25441,0,0,1,1,1,8,20.056,100,99.4071,1024,0,320,0,41
nbody_kernel,36626,2048,512,512,8,1,4,1,0,0,2,1,520943,19815,4,153752748,100722690,5,167813120,99.1161,0,0,0,0,302043136,100689920,0.249867,99.9313,3758346240,0,352569344,33560576,570753024,218230784,0,154696256,2,10.7863,0,0,1,1,1,8,19.6408,100,99.6602,1024,0,416,0,53
nbody_kernel,33563,2048,512,512,8,1,4,1,0,0,4,1,527917,6476453,4,127550332,100734978,5,142659584,99.4749,0,0,0,0,251736064,100702208,0.249821,99.9805,3758444544,0,176375808,16783360,486916096,142725120,0,143426880,2,11.7683,0,0,1,1,1,8,19.0483,100,99.8166,896,0,608,0,72
nbody_kernel,41009,2048,512,512,8,1,4,1,1,0,1,1,648936,7681,4,202272926,100716546,6,201394176,99.9404,1,3.31384,4194304,8192,402694144,100683776,0.250017,99.9891,3758297088,0,370190336,67115008,739053568,335900672,0,165755840,2,9.63345,0,0,1,1,1,8,18.6077,100,99.366,1024,8192,320,0,41
nbody_kernel,35779,2048,512,512,8,1,4,1,1,0,2,1,520761,19481,4,151688260,100722690,5,151068672,99.9285,1,6.61479,2097152,8192,302043136,100689920,0.249986,99.9912,3758346240,0,185190400,33560576,571015168,168001536,0,147904192,2,11.0428,0,0,1,1,1,8,18.7951,100,99.6446,1024,16384,416,0,48
nbody_kernel,33156,2048,512,512,8,1,4,1,1,0,4,1,528295,6548905,4,126534428,100734978,4,125915136,99.9205,1,6.61479,2097152,8192,251736064,100702208,0.24999,99.9842,3758444544,0,92686336,16783360,487047168,134385664,0,140555072,2,11.9144,0,0,1,1,1,8,18.7477,100,99.8129,896,32768,608,0,72
nbody_kernel,10733,2048,512,512,8,1,8,0,0,0,1,1,259458,0,1,1340826,32770,2,16793600,0,0,0,0,0,0,0,0.249833,99.8077,3758297088,0,201521152,33556480,33619968,151552,0,125850496,6,36.8969,0,0,2,1,1,1,61.1055,100,99.9983,640,0,0,0,94
nbody_kernel,8504,2048,512,512,8,1,8,0,1,0,1,1,129728,0,1,195296,32770,1,49152,0,2,3.31384,4194304,8192,0,0,0.24994,99.9609,3758297088,0,101185536,33554432,134610944,397312,0,125878592,7,46.5483,0,0,3,1,1,1,75.6931,100,99.9983,640,8192,0,0,96
nbody_kernel,10556,2048,512,512,8,1,8,1,0,0,1,1,0,46,1,4438752,32770,2,16791552,0,0,0,0,0,0,0,0.249814,99.7757,3758297088,0,436422656,33556480,134365184,67270656,0,138436928,7,37.4974,0,0,2,1,1,2,66.8185,100,99.9984,640,0,0,0,96
nbody_kernel,7619,2048,512,512,8,1,8,1,0,0,2,1,129730,0,1,2471386,32770,3,16791552,0,0,0,0,0,0,0,0.249574,99.8455,3758346240,0,218253312,16779264,67256320,33726464,0,127949952,8,51.9377,0,0,3,1,1,2,85.9821,100,99.9991,512,0,0,0,128
nbody_kernel,8616,2048,512,512,8,1,8,1,1,0,1,1,129728,0,1,277216,32770,1,47104,0,2,3.31384,4194304,8192,0,0,0.249954,99.9566,3758297088,0,101664768,33554432,134889472,471040,0,125904576,7,45.9422,0,0,3,1,1,1,74.7236,100,99.9983,640,8192,0,0,96
nbody_kernel,7026,2048,512,512,8,1,8,1,1,0,2,1,129728,0,1,277216,32770,1,47104,0,1,6.61479,2097152,8192,0,0,0.249995,99.9082,3758346240,0,50874368,16777216,67518464,403456,0,121686144,9,56.3845,0,0,3,1,1,1,87.0305,100,99.9991,512,16384,0,0,128
nbody_kernel,6298,2048,512,512,8,2,0,0,0,0,1,0,0,0,1,1081368,32770,3,16793600,0,0,0,0,0,0,0,0.24973,99.9658,3758297088,0,100857856,16779264,33619968,16928768,0,122704768,10,62.9511,0,0,3,1,1,1,95.7808,100,99.9982,512,0,0,0,122
nbody_kernel,6036,2048,512,512,8,2,0,0,1,0,1,1,129728,8,1,195296,32770,1,49152,0,1,6.61479,2097152,8192,0,0,0.25001,99.9648,3758297088,0,50853888,16777216,67502080,395264,0,121684224,10,65.6687,0,0,3,1,1,1,96.7455,100,99.9982,512,8192,0,0,124
nbody_kernel,6345,2048,512,512,8,2,0,1,0,0,1,1,129730,0,1,4568474,32770,3,16791552,0,0,0,0,0,0,0,0.249746,99.9714,3758297088,0,218318848,16779264,134365184,50483200,0,130572288,10,62.5341,0,0,3,1,1,3,97.315,100,99.9983,512,0,0,0,123
nbody_kernel,6044,2048,512,512,8,2,0,1,1,0,1,1,129730,0,1,406938,32770,1,47104,0,1,6.61479,2097152,8192,0,0,0.249972,99.9391,3758297088,0,51333120,16777216,67780608,464896,0,121710080,10,65.5638,0,0,3,1,1,1,96.6321,100,99.9982,512,8192,0,0,123
nbody_kernel,39679,2048,512,512,8,2,1,0,0,0,1,1,519490,9094,5,203077252,100716546,6,218140672,99.6325,0,0,0,0,402694144,100683776,0.249355,99.2212,3758297088,0,1443430400,251701248,2449866752,486699008,0,263238272,3,9.97618,0,0,1,1,1,9,30.5157,100,99.6008,1024,0,320,0,27
nbody_kernel,39406,2048,512,512,8,2,1,0,1,0,1,1,519292,9212,5,202061284,100716546,6,201396224,99.9675,1,3.31384,4194304,8192,402694144,100683776,0.250079,99.2165,3758297088,0,1393426432,251701248,2550857728,637825024,0,269554304,3,10.0216,0,0,1,1,1,9,30.7295,100,99.6101,1024,8192,320,0,27
nbody_kernel,40274,2048,512,512,8,2,1,1,0,0,1,1,648858,8590,4,206175204,100716546,6,218138624,98.5828,0,0,0,0,402694144,100683776,0.249732,99.3636,3758297088,0,1561034752,251701248,2550611968,486748160,0,270063232,3,9.81391,0,0,1,1,1,9,30.5944,100,99.6109,1024,0,320,0,32
nbody_kernel,35773,2048,512,512,8,2,1,1,0,0,2,1,521061,20859,4,153882220,100722690,5,167813120,99.1161,0,0,0,0,302043136,100689920,0.249877,99.9267,3758346240,0,780828672,125872128,1275543552,243429376,0,193776256,2,11.0482,0,0,1,1,1,8,25.1113,100,99.7287,1024,0,416,0,40
nbody_kernel,33903,2048,512,512,8,2,1,1,0,0,4,1,528903,6123731,4,127550868,100734978,5,142659584,99.4749,0,0,0,0,251736064,100702208,0.249798,99.9852,3758444544,0,390727680,62957568,638009344,88221696,0,154586752,2,11.6494,0,0,1,1,1,8,21.5066,100,99.8299,1024,0,608,0,64
nbody_kernel,39375,2048,512,512,8,2,1,1,1,0,1,1,607992,8666,5,202143396,100716546,6,201394176,99.9404,1,3.31384,4194304,8192,402694144,100683776,0.249777,99.147,3758297088,0,1394049024,251701248,2551136256,637923328,0,269585536,3,10.0304,0,0,1,1,1,9,30.7811,100,99.6102,1024,8192,320,0,28
nbody_kernel,34896,2048,512,512,8,2,1,1,1,0,2,1,651505,20834,4,151947822,100722690,5,151068672,99.9285,1,6.61479,2097152,8192,302043136,100689920,0.249956,99.9726,3758346240,0,697335808,125872128,1275805696,251916288,0,191440512,2,11.3178,0,0,1,1,1,8,25.4008,100,99.7254,1024,16384,416,0,39
nbody_kernel,33521,2048,512,512,8,2,1,1,1,0,4,1,530861,7456178,4,126664164,100734978,4,125915136,99.9205,1,6.61479,2097152,8192,251736064,100702208,0.249983,99.9897,3758444544,0,348981248,62957568,638140416,193128448,0,156564608,2,11.7816,0,0,1,1,1,8,21.0764,100,99.832,1024,32768,608,0,56
nbody_kernel,40288,2048,512,512,8,2,2,0,0,0,1,1,649214,8278,4,202947452,100716546,6,218140672,99.6325,0,0,0,0,402694144,100683776,0.24978,99.7479,3758297088,0,772159488,117458944,1241759744,553873408,0,202411840,2,9.80736,0,0,1,1,1,8,24.1046,100,99.4808,1024,0,320,0,40
nbody_kernel,41101,2048,512,512,8,2,2,0,1,0,1,1,649028,8870,4,201931548,100716546,6,201396224,99.9675,1,3.31384,4194304,8192,402694144,100683776,0.24991,99.3945,3758297088,0,722155520,117458944,1342750720,436572160,0,200339520,2,9.60968,0,0,1,1,1,8,22.6988,100,99.4754,1024,8192,320,0,40
nbody_kernel,42831,2048,512,512,8,2,2,1,0,0,1,1,778644,8452,4,206434558,100716546,6,218138624,98.5828,0,0,0,0,402694144,100683776,0.249689,99.4336,3758297088,0,889669632,117458944,1342554112,352505856,0,202941120,2,9.22109,0,0,1,1,1,8,22.0918,100,99.4821,1024,0,320,0,40
nbody_kernel,36750,2048,512,512,8,2,2,1,0,0,2,1,520805,20734,4,153752348,100722690,5,167813120,99.1161,0,0,0,0,302043136,100689920,0.249841,99.9856,3758346240,0,445007872,58738688,671449088,243421184,0,162305728,2,10.7499,0,0,1,1,1,8,20.5724,100,99.6761,1024,0,416,0,48
nbody_kernel,33682,2048,512,512,8,2,2,1,0,0,4,1,527899,6559051,4,127550236,100734978,5,142659584,99.4749,0,0,0,0,251736064,100702208,0.249855,99.9922,3758444544,0,222676992,29378560,537280512,188887040,0,148283840,2,11.7326,0,0,1,1,1,8,20.4351,100,99.8227,896,0,608,0,67
nbody_kernel,40012,2048,512,512,8,2,2,1,1,0,1,1,575004,8380,4,202125360,100716546,6,201394176,99.9404,1,3.31384,4194304,8192,402694144,100683776,0.249905,99.7706,3758297088,0,722683904,117458944,1343078400,503689216,0,202463680,2,9.87864,0,0,1,1,1,8,23.7988,100,99.4809,1024,8192,320,0,40
nbody_kernel,35969,2048,512,512,8,2,2,1,1,0,2,1,521347,20529,4,151688188,100722690,5,151068672,99.9285,1,6.61479,2097152,8192,302043136,100689920,0.249959,99.988,3758346240,0,361515008,58738688,671711232,251908096,0,159969984,2,10.9834,0,0,1,1,1,8,20.6785,100,99.6714,1024,16384,416,0,40
nbody_kernel,33347,2048,512,512,8,2,2,1,1,0,4,1,528429,6584538,4,126534428,100734978,4,125915136,99.9205,1,6.61479,2097152,8192,251736064,100702208,0.250007,99.9457,3758444544,0,180940800,29378560,537411584,176357376,0,146592128,2,11.8513,0,0,1,1,1,8,20.7149,100,99.8206,1024,32768,608,0,60
nbody_kernel,41367,2048,512,512,8,2,4,0,0,0,1,1,649048,8275,4,203206966,100716546,6,218140672,99.6325,0,0,0,0,402694144,100683776,0.249877,99.9876,3758297088,0,369362944,50337792,637710336,285458432,0,160462400,2,9.55179,0,0,1,1,1,8,18.6436,100,99.3451,1024,0,320,0,46
nbody_kernel,40991,2048,512,512,8,2,4,0,1,0,1,1,648942,7932,4,202191086,100716546,6,201396224,99.9675,1,3.31384,4194304,8192,402694144,100683776,0.249983,99.987,3758297088,0,319358976,50337792,738701312,302362624,0,162584000,2,9.6373,0,0,1,1,1,8,18.613,100,99.3536,1024,8192,320,0,46
nbody_kernel,42636,2048,512,512,8,2,4,1,0,0,1,1,778800,8028,4,206434646,100716546,6,218138624,98.5828,0,0,0,0,402694144,100683776,0.249785,99.9504,3758297088,0,486842368,50337792,738529280,318914560,0,168329728,2,9.26363,0,0,1,1,1,8,18.6031,100,99.3757,1024,0,320,0,51
nbody_kernel,36581,2048,512,512,8,2,4,1,0,0,2,1,650611,19834,4,154012118,100722690,5,167813120,99.1161,0,0,0,0,302043136,100689920,0.249863,99.9633,3758346240,0,277071872,25171968,570753024,193060864,0,151288256,2,10.7996,0,0,1,1,1,8,19.2463,100,99.6526,1024,0,416,0,64
nbody_kernel,33562,2048,512,512,8,2,4,1,0,0,4,1,527943,6116546,4,127550724,100734978,5,142659584,99.4749,0,0,0,0,251736064,100702208,0.249849,99.9908,3758444544,0,138627072,12589056,486916096,155308032,0,142509376,2,11.7702,0,0,1,1,1,8,19.4784,100,99.8155,896,0,608,0,72
nbody_kernel,41288,2048,512,512,8,2,4,1,1,0,1,1,648902,7688,4,202273134,100716546,6,201394176,99.9404,1,3.31384,4194304,8192,402694144,100683776,0.249943,99.8984,3758297088,0,319858688,50337792,739053568,302346240,0,162610112,2,9.57017,0,0,1,1,1,8,18.5022,100,99.3537,1024,8192,320,0,41
nbody_kernel,35782,2048,512,512,8,2,4,1,1,0,2,1,520643,19943,4,151817700,100722690,5,151068672,99.9285,1,6.61479,2097152,8192,302043136,100689920,0.250007,99.9719,3758346240,0,193579008,25171968,571015168,235114496,0,150001472,2,11.0447,0,0,1,1,1,8,19.339,100,99.6496,1024,16384,416,0,56
nbody_kernel,33166,2048,512,512,8,2,4,1,1,0,4,1,528625,5936600,4,126534428,100734978,4,125915136,99.9205,1,6.61479,2097152,8192,251736064,100702208,0.250004,99.9867,3758444544,0,96880640,12589056,487047168,151162880,0,141079360,2,11.9103,0,0,1,1,1,8,19.2785,100,99.8136,896,32768,608,0,72
nbody_kernel,6303,2048,512,512,8,2,8,0,0,0,1,1,129732,8,1,1340826,32770,3,16793600,0,0,0,0,0,0,0,0.249753,99.9598,3758297088,0,100857856,16779264,33619968,16928768,0,122704768,10,62.9438,0,0,3,1,1,1,95.7754,100,99.9982,512,0,0,0,122
nbody_kernel,6037,2048,512,512,8,2,8,0,1,0,1,1,129728,0,1,65760,32770,1,49152,0,1,6.61479,2097152,8192,0,0,0.249962,99.9545,3758297088,0,50853888,16777216,67502080,395264,0,121684224,10,65.6627,0,0,3,1,1,1,96.7465,100,99.9982,512,8192,0,0,124
nbody_kernel,6340,2048,512,512,8,2,8,1,0,0,1,1,129729,40,1,4309016,32770,3,16791552,0,0,0,0,0,0,0,0.24964,99.9377,3758297088,0,218318848,16779264,134365184,50483200,0,130572288,10,62.501,0,0,3,1,1,3,97.2963,100,99.9983,512,0,0,0,123
nbody_kernel,6044,2048,512,512,8,2,8,1,1,0,1,1,129728,0,1,193828,32770,1,47104,0,1,6.61479,2097152,8192,0,0,0.249926,99.9465,3758297088,0,51333120,16777216,67780608,464896,0,121710080,10,65.5708,0,0,3,1,1,1,96.6352,100,99.9982,512,8192,0,0,123
nbody_kernel,6164,2048,512,512,8,4,0,0,0,0,1,0,0,0,1,1081368,32770,3,16793600,0,0,0,0,0,0,0,0.249378,99.9665,3758297088,0,50526208,8390656,33619968,25317376,0,121131904,10,64.3918,0,0,3,1,1,1,95.7356,100,99.9982,512,0,0,0,122
nbody_kernel,5995,2048,512,512,8,4,0,0,1,0,1,1,129730,16,1,181836,32770,1,49152,0,1,6.61479,2097152,8192,0,0,0.249954,99.9347,3758297088,0,25688064,8388608,33947648,395264,0,119587072,10,66.1104,0,0,3,1,1,1,96.9661,100,99.9982,512,8192,0,0,126
nbody_kernel,6247,2048,512,512,8,4,0,1,0,0,1,1,129728,0,1,4309016,32770,3,16791552,0,0,0,0,0,0,0,0.249094,99.928,3758297088,0,109266944,8390656,134365184,50491392,0,126902528,10,63.4712,0,0,3,1,1,3,97.4929,100,99.9983,512,0,0,0,125
nbody_kernel,5994,2048,512,512,8,4,0,1,1,0,1,1,129742,0,1,407034,32770,1,47104,0,1,6.61479,2097152,8192,0,0,0.249946,99.9583,3758297088,0,26167296,8388608,34226176,466944,0,119612992,10,66.1183,0,0,3,1,1,1,96.973,100,99.9982,512,8192,0,0,124
nbody_kernel,39451,2048,512,512,8,4,1,0,0,0,1,1,519503,8932,5,203077580,100716546,6,218140672,99.6325,0,0,0,0,402694144,100683776,0.249518,99.1932,3758297088,0,1393098752,243312640,2449866752,419590144,0,259306112,3,9.98574,0,0,1,1,1,9,30.2739,100,99.5947,1024,0,320,0,27
nbody_kernel,39359,2048,512,512,8,4,1,0,1,0,1,1,519364,9144,5,202061564,100716546,6,201396224,99.9675,1,3.31384,4194304,8192,402694144,100683776,0.250083,99.2151,3758297088,0,1368260608,243312640,2550857728,637825024,0,268505728,3,10.0517,0,0,1,1,1,9,30.6815,100,99.6086,1024,8192,320,0,27
nbody_kernel,40150,2048,512,512,8,4,1,1,0,0,1,1,519094,8574,4,206304836,100716546,6,218138624,98.5828,0,0,0,0,402694144,100683776,0.249529,99.3395,3758297088,0,1451982848,243312640,2550611968,428027904,0,264558208,3,9.83585,0,0,1,1,1,9,30.2577,100,99.6028,1024,0,320,0,32
nbody_kernel,36352,2048,512,512,8,4,1,1,0,0,2,1,521309,20874,4,153752572,100722690,5,167813120,99.1161,0,0,0,0,302043136,100689920,0.249784,99.8224,3758346240,0,726302720,121677824,1275543552,176320512,0,189844096,2,10.8745,0,0,1,1,1,8,24.3641,100,99.7231,1024,0,416,0,40
nbody_kernel,33892,2048,512,512,8,4,1,1,0,0,4,1,528679,6433009,4,127550484,100734978,5,142659584,99.4749,0,0,0,0,251736064,100702208,0.249775,99.9861,3758444544,0,363464704,60860416,638009344,107096064,0,154259072,2,11.6543,0,0,1,1,1,8,21.3839,100,99.8295,1024,0,608,0,64
nbody_kernel,39334,2048,512,512,8,4,1,1,1,0,1,1,519260,9062,5,202013564,100716546,6,201394176,99.9404,1,3.31384,4194304,8192,402694144,100683776,0.250124,99.1692,3758297088,0,1368883200,243312640,2551136256,570814464,0,266439808,3,10.0594,0,0,1,1,1,9,30.7221,100,99.6056,1024,8192,320,0,29
nbody_kernel,34902,2048,512,512,8,4,1,1,1,0,2,1,521619,21476,4,151688260,100722690,5,151068672,99.9285,1,6.61479,2097152,8192,302043136,100689920,0.250001,99.9449,3758346240,0,684752896,121677824,1275805696,251916288,0,190916224,2,11.3184,0,0,1,1,1,8,25.1734,100,99.7247,1024,16384,416,0,39
nbody_kernel,33551,2048,512,512,8,4,1,1,1,0,4,1,529877,6525067,4,126534604,100734978,4,125915136,99.9205,1,6.61479,2097152,8192,251736064,100702208,0.250012,99.9619,3758444544,0,342697984,60860416,638140416,193148928,0,156303360,2,11.7702,0,0,1,1,1,8,22.1656,100,99.8318,1024,32768,608,0,56
nbody_kernel,40555,2048,512,512,8,4,2,0,0,0,1,1,621628,8405,4,203152104,100716546,6,218140672,99.6325,0,0,0,0,402694144,100683776,0.249658,99.602,3758297088,0,721827840,109070336,1241759744,486764544,0,198479680,2,9.74552,0,0,1,1,1,8,23.1723,100,99.4705,1024,0,320,0,40
nbody_kernel,40999,2048,512,512,8,4,2,0,1,0,1,1,648964,8070,4,201931548,100716546,6,201396224,99.9675,1,3.31384,4194304,8192,402694144,100683776,0.249975,99.3432,3758297088,0,696989696,109070336,1342750720,436572160,0,199290944,2,9.63303,0,0,1,1,1,8,22.9004,100,99.4727,1024,8192,320,0,40
nbody_kernel,41450,2048,512,512,8,4,2,1,0,0,1,1,648870,8506,4,206175060,100716546,6,218138624,98.5828,0,0,0,0,402694144,100683776,0.249743,99.8209,3758297088,0,780617728,109070336,1342554112,394448896,0,200581824,2,9.53481,0,0,1,1,1,9,22.7217,100,99.4761,1024,0,320,0,40
nbody_kernel,36746,2048,512,512,8,4,2,1,0,0,2,1,650639,20516,4,154012022,100722690,5,167813120,99.1161,0,0,0,0,302043136,100689920,0.249809,99.9848,3758346240,0,390481920,54544384,671449088,243421184,0,160470720,2,10.7502,0,0,1,1,1,8,20.3866,100,99.6724,1024,0,416,0,48
nbody_kernel,33688,2048,512,512,8,4,2,1,0,0,4,1,528383,6479769,4,127661388,100734978,5,142659584,99.4749,0,0,0,0,251736064,100702208,0.249835,99.9865,3758444544,0,195416064,27281408,537280512,172107776,0,146842048,2,11.727,0,0,1,1,1,8,20.0906,100,99.8209,1024,0,608,0,64
nbody_kernel,40168,2048,512,512,8,4,2,1,1,0,1,1,519204,8346,4,202143484,100716546,6,201394176,99.9404,1,3.31384,4194304,8192,402694144,100683776,0.250032,99.6993,3758297088,0,697518080,109070336,1343078400,503689216,0,201415104,2,9.84361,0,0,1,1,1,8,23.5942,100,99.4782,1024,8192,320,0,40
nbody_kernel,35963,2048,512,512,8,4,2,1,1,0,2,1,521327,20232,4,151817700,100722690,5,151068672,99.9285,1,6.61479,2097152,8192,302043136,100689920,0.249969,99.9857,3758346240,0,348932096,54544384,671711232,251908096,0,159445696,2,10.9844,0,0,1,1,1,8,20.7573,100,99.6703,1024,16384,416,0,40
nbody_kernel,33297,2048,512,512,8,4,2,1,1,0,4,1,529685,6528553,4,126534516,100734978,4,125915136,99.9205,1,6.61479,2097152,8192,251736064,100702208,0.249993,99.9855,3758444544,0,174651392,27281408,537411584,167983104,0,146068352,2,11.8641,0,0,1,1,1,8,20.111,100,99.82,1024,32768,608,0,59
nbody_kernel,41363,2048,512,512,8,4,4,0,0,0,1,1,649254,8463,4,202955656,100716546,6,218140672,99.6325,0,0,0,0,402694144,100683776,0.249898,99.9786,3758297088,0,319031296,41949184,637710336,285454336,0,158627264,2,9.55235,0,0,1,1,1,8,18.3811,100,99.3375,1024,0,320,0,48
nbody_kernel,41002,2048,512,512,8,4,4,0,1,0,1,1,648922,7716,4,202191094,100716546,6,201396224,99.9675,1,3.31384,4194304,8192,402694144,100683776,0.250002,99.9922,3758297088,0,294193152,41949184,738701312,302362624,0,161535424,2,9.63775,0,0,1,1,1,8,18.6129,100,99.3494,1024,8192,320,0,46
nbody_kernel,42658,2048,512,512,8,4,4,1,0,0,1,1,533374,8138,4,206304740,100716546,6,218138624,98.5828,0,0,0,0,402694144,100683776,0.249824,99.9495,3758297088,0,377792512,41949184,738529280,327303168,0,164921920,2,9.26332,0,0,1,1,1,8,18.2487,100,99.3628,1024,0,320,0,51
nbody_kernel,36580,2048,512,512,8,4,4,1,0,0,2,1,524341,19726,4,153759556,100722690,5,167813120,99.1161,0,0,0,0,302043136,100689920,0.249837,99.9775,3758346240,0,222545920,20977664,570753024,197255168,0,149584320,2,10.8019,0,0,1,1,1,8,18.9288,100,99.6486,1024,0,416,0,64
nbody_kernel,33586,2048,512,512,8,4,4,1,0,0,4,1,527879,5814450,4,127550516,100734978,5,142659584,99.4749,0,0,0,0,251736064,100702208,0.249732,99.9893,3758444544,0,111364096,10491904,486916096,136433664,0,141002048,2,11.7639,0,0,1,1,1,8,18.9884,100,99.8135,768,0,608,0,80
nbody_kernel,41314,2048,512,512,8,4,4,1,1,0,1,1,649006,7814,4,202273262,100716546,6,201394176,99.9404,1,3.31384,4194304,8192,402694144,100683776,0.25004,99.8852,3758297088,0,294692864,41949184,739053568,302333952,0,161561152,2,9.56082,0,0,1,1,1,8,18.4201,100,99.3495,1024,8192,320,0,41
nbody_kernel,35768,2048,512,512,8,4,4,1,1,0,2,1,650611,19895,4,151778100,100722690,5,151068672,99.9285,1,6.61479,2097152,8192,302043136,100689920,0.250008,99.9825,3758346240,0,180996096,20977664,571015168,226721792,0,149214912,2,11.0445,0,0,1,1,1,8,18.9916,100,99.6477,1024,16384,416,0,56
nbody_kernel,33160,2048,512,512,8,4,4,1,1,0,4,1,527893,6178490,4,126534428,100734978,4,125915136,99.9205,1,6.61479,2097152,8192,251736064,100702208,0.249997,99.9653,3758444544,0,90589184,10491904,487047168,130207744,0,140162368,2,11.9074,0,0,1,1,1,8,19.0711,100,99.8124,896,32768,608,0,72
nbody_kernel,6163,2048,512,512,8,4,8,0,0,0,1,1,26810,8,1,1211104,32770,3,16793600,0,0,0,0,0,0,0,0.249266,99.9624,3758297088,0,50526208,8390656,33619968,25317376,0,121131904,10,64.3671,0,0,3,1,1,1,95.7027,100,99.9982,512,0,0,0,122
nbody_kernel,5993,2048,512,512,8,4,8,0,1,0,1,1,129728,8,1,65560,32770,1,49152,0,1,6.61479,2097152,8192,0,0,0.249988,99.9525,3758297088,0,25688064,8388608,33947648,395264,0,119587072,10,66.127,0,0,3,1,1,1,96.9732,100,99.9982,512,8192,0,0,126
nbody_kernel,6249,2048,512,512,8,4,8,1,0,0,1,1,129730,8,1,4309016,32770,3,16791552,0,0,0,0,0,0,0,0.249133,99.8769,3758297088,0,109266944,8390656,134365184,50491392,0,126902528,10,63.4349,0,0,3,1,1,3,97.4871,100,99.9983,512,0,0,0,125
nbody_kernel,5993,2048,512,512,8,4,8,1,1,0,1,1,129732,16,1,406938,32770,1,47104,0,1,6.61479,2097152,8192,0,0,0.249959,99.9498,3758297088,0,26167296,8388608,34226176,466944,0,119612992,10,66.1165,0,0,3,1,1,1,96.9786,100,99.9982,512,8192,0,0,124
nbody_kernel,6196,2048,512,512,8,8,0,0,0,0,1,1,129778,48,1,1340938,32770,3,16793600,0,0,0,0,0,0,0,0.248108,99.7166,3758297088,0,25360384,4196352,33619968,29511680,0,120345472,10,63.8497,0,0,3,1,1,1,94.7228,100,99.9982,512,0,0,0,122
nbody_kernel,6221,2048,512,512,8,8,0,0,1,0,1,1,129730,16,1,65560,32770,1,49152,0,1,6.61479,2097152,8192,0,0,0.250093,99.8871,3758297088,0,13105152,4194304,33947648,397312,0,119062848,10,64.1692,0,0,3,1,1,1,93.8292,100,99.9982,512,8192,0,0,125
nbody_kernel,6251,2048,512,512,8,8,0,1,0,0,1,1,129994,348,1,4568570,32770,3,16791552,0,0,0,0,0,0,0,0.247875,99.8181,3758297088,0,54740992,4196352,134365184,71452672,0,125722560,10,63.5138,0,0,3,1,1,3,95.3461,100,99.9983,512,0,0,0,126
nbody_kernel,6223,2048,512,512,8,8,0,1,1,0,1,1,8,630,1,277496,32770,1,47104,0,1,6.61479,2097152,8192,0,0,0.250487,99.7434,3758297088,0,13584384,4194304,34226176,464896,0,119088640,10,63.7624,0,0,3,1,1,1,93.6081,100,99.9982,512,8192,0,0,126
nbody_kernel,39602,2048,512,512,8,8,1,0,0,0,1,1,581519,8690,5,202947548,100716546,6,218140672,99.6325,0,0,0,0,402694144,100683776,0.250084,99.1866,3758297088,0,1367932928,239118336,2449866752,453144576,0,259437184,3,10.0131,0,0,1,1,1,9,30.2186,100,99.5949,1024,0,320,0,27
nbody_kernel,39241,2048,512,512,8,8,1,0,1,0,1,1,596760,8654,5,201931852,100716546,6,201396224,99.9675,1,3.31384,4194304,8192,402694144,100683776,0.250013,99.1598,3758297088,0,1355677696,239118336,2550857728,637825024,0,267981440,3,10.068,0,0,1,1,1,9,30.678,100,99.6078,1024,8192,320,0,27
nbody_kernel,40027,2048,512,512,8,8,1,1,0,0,1,1,519818,9395,5,206305076,100716546,6,218138624,98.5828,0,0,0,0,402694144,100683776,0.249637,99.363,3758297088,0,1397456896,239118336,2550611968,398667776,0,261805696,3,9.86554,0,0,1,1,1,9,30.135,100,99.5986,1024,0,320,0,32
nbody_kernel,36596,2048,512,512,8,8,1,1,0,0,2,1,604198,20946,4,153918552,100722690,5,167813120,99.1161,0,0,0,0,302043136,100689920,0.249799,99.7066,3758346240,0,699039744,119580672,1275543552,180514816,0,189057664,2,10.7994,0,0,1,1,1,8,24.0359,100,99.722,1024,0,416,0,40
nbody_kernel,34011,2048,512,512,8,8,1,1,0,0,4,1,578411,6504737,4,127647868,100734978,5,142659584,99.4749,0,0,0,0,251736064,100702208,0.249798,99.9761,3758444544,0,349841408,59811840,638009344,158480384,0,155406336,2,11.6489,0,0,1,1,1,8,21.6341,100,99.8308,1024,0,608,0,64
nbody_kernel,39235,2048,512,512,8,8,1,1,1,0,1,1,648972,8986,5,202087784,100716546,6,201394176,99.9404,1,3.31384,4194304,8192,402694144,100683776,0.250214,99.2056,3758297088,0,1356300288,239118336,2551136256,537260032,0,264866944,3,10.0792,0,0,1,1,1,9,30.7007,100,99.6032,1024,8192,320,0,29
nbody_kernel,34892,2048,512,512,8,8,1,1,1,0,2,1,521479,20604,4,151688084,100722690,5,151068672,99.9285,1,6.61479,2097152,8192,302043136,100689920,0.249987,99.9535,3758346240,0,678461440,119580672,1275805696,251916288,0,190654080,2,11.3198,0,0,1,1,1,8,25.0564,100,99.7243,1024,16384,416,0,39
nbody_kernel,33581,2048,512,512,8,8,1,1,1,0,4,1,530589,6766406,4,126664284,100734978,4,125915136,99.9205,1,6.61479,2097152,8192,251736064,100702208,0.250021,99.9846,3758444544,0,339554304,59811840,638140416,126054400,0,154075648,2,11.7644,0,0,1,1,1,8,22.0883,100,99.8293,1024,32768,608,0,56
nbody_kernel,40178,2048,512,512,8,8,2,0,0,0,1,1,519358,8160,4,203077252,100716546,6,218140672,99.6325,0,0,0,0,402694144,100683776,0.249734,99.8424,3758297088,0,696662016,104876032,1241759744,436432896,0,195989312,2,9.83057,0,0,1,1,1,8,22.9081,100,99.4638,1024,0,320,0,40
nbody_kernel,40835,2048,512,512,8,8,2,0,1,0,1,1,770863,8410,4,202191006,100716546,6,201396224,99.9675,1,3.31384,4194304,8192,402694144,100683776,0.24987,99.3876,3758297088,0,684406784,104876032,1342750720,436572160,0,198766656,2,9.67012,0,0,1,1,1,8,23.0459,100,99.4713,1024,8192,320,0,40
nbody_kernel,41391,2048,512,512,8,8,2,1,0,0,1,1,648944,8411,4,206434542,100716546,6,218138624,98.5828,0,0,0,0,402694144,100683776,0.249765,99.8502,3758297088,0,726091776,104876032,1342554112,415420416,0,199402176,2,9.54426,0,0,1,1,1,9,22.3227,100,99.473,1024,0,320,0,40
nbody_kernel,36740,2048,512,512,8,8,2,1,0,0,2,1,520793,20841,4,153882084,100722690,5,167813120,99.1161,0,0,0,0,302043136,100689920,0.249815,99.9834,3758346240,0,363218944,52447232,671449088,247615488,0,159684288,2,10.7505,0,0,1,1,1,8,20.3127,100,99.6708,1024,0,416,0,48
nbody_kernel,33690,2048,512,512,8,8,2,1,0,0,4,1,527983,6549788,4,127550236,100734978,5,142659584,99.4749,0,0,0,0,251736064,100702208,0.249764,99.989,3758444544,0,181794816,26232832,537280512,171063296,0,146350976,2,11.7268,0,0,1,1,1,8,19.8404,100,99.8203,896,0,608,0,66
nbody_kernel,40284,2048,512,512,8,8,2,1,1,0,1,1,648918,8458,4,202272982,100716546,6,201394176,99.9404,1,3.31384,4194304,8192,402694144,100683776,0.249948,99.6406,3758297088,0,684935168,104876032,1343078400,503689216,0,200890816,2,9.81037,0,0,1,1,1,8,23.46,100,99.4769,1024,8192,320,0,40
nbody_kernel,35970,2048,512,512,8,8,2,1,1,0,2,1,521647,20819,4,151688436,100722690,5,151068672,99.9285,1,6.61479,2097152,8192,302043136,100689920,0.249994,99.9919,3758346240,0,342650880,52447232,671711232,243523584,0,158921856,2,10.9816,0,0,1,1,1,8,20.7126,100,99.6693,1024,16384,416,0,40
nbody_kernel,33294,2048,512,512,8,8,2,1,1,0,4,1,529569,6630511,4,126534732,100734978,4,125915136,99.9205,1,6.61479,2097152,8192,251736064,100702208,0.250013,99.9928,3758444544,0,171505664,26232832,537411584,163788800,0,145806208,2,11.865,0,0,1,1,1,8,20.1729,100,99.8196,1024,32768,608,0,59
nbody_kernel,41345,2048,512,512,8,8,4,0,0,0,1,1,648956,8217,4,203206814,100716546,6,218140672,99.6325,0,0,0,0,402694144,100683776,0.249852,99.9834,3758297088,0,293865472,37754880,637710336,289644544,0,157840704,2,9.55498,0,0,1,1,1,8,18.2026,100,99.3342,1024,0,320,0,51
nbody_kernel,40986,2048,512,512,8,8,4,0,1,0,1,1,519272,7746,4,202061284,100716546,6,201396224,99.9675,1,3.31384,4194304,8192,402694144,100683776,0.249983,99.9856,3758297088,0,281610240,37754880,738701312,302362624,0,161011136,2,9.63666,0,0,1,1,1,8,18.612,100,99.3473,1024,8192,320,0,46
nbody_kernel,42635,2048,512,512,8,8,4,1,0,0,1,1,519118,8023,4,206304740,100716546,6,218138624,98.5828,0,0,0,0,402694144,100683776,0.249807,99.9646,3758297088,0,323266560,37754880,738529280,331497472,0,163217984,2,9.26429,0,0,1,1,1,8,18.0709,100,99.3561,1024,0,320,0,51
nbody_kernel,36686,2048,512,512,8,8,4,1,0,0,2,1,521733,20025,4,153882724,100722690,5,167813120,99.1161,0,0,0,0,302043136,100689920,0.249788,99.969,3758346240,0,195282944,18880512,570753024,199352320,0,148732352,2,10.7973,0,0,1,1,1,8,18.7629,100,99.6466,1024,0,416,0,64
nbody_kernel,33584,2048,512,512,8,8,4,1,0,0,4,1,527563,5986191,4,127550388,100734978,5,142659584,99.4749,0,0,0,0,251736064,100702208,0.249614,99.9886,3758444544,0,97732608,9443328,486916096,139579392,0,140641600,2,11.7643,0,0,1,1,1,8,18.9533,100,99.813,768,0,608,0,80
nbody_kernel,41319,2048,512,512,8,8,4,1,1,0,1,1,649066,8050,4,202273054,100716546,6,201394176,99.9404,1,3.31384,4194304,8192,402694144,100683776,0.250039,99.8949,3758297088,0,282109952,37754880,739053568,302333952,0,161036864,2,9.56023,0,0,1,1,1,8,18.3507,100,99.3474,1024,8192,320,0,41
nbody_kernel,35774,2048,512,512,8,8,4,1,1,0,2,1,650605,20378,4,151947470,100722690,5,151068672,99.9285,1,6.61479,2097152,8192,302043136,100689920,0.249984,99.9717,3758346240,0,174704640,18880512,571015168,268701696,0,150264640,2,11.04,0,0,1,1,1,8,19.3309,100,99.6502,1024,16384,416,0,53
nbody_kernel,33201,2048,512,512,8,8,4,1,1,0,4,1,528045,6298202,4,126534508,100734978,4,125915136,99.9205,1,6.61479,2097152,8192,251736064,100702208,0.250084,99.9752,3758444544,0,87443456,9443328,487047168,123916288,0,139834688,2,11.904,0,0,1,1,1,8,19.0018,100,99.8119,896,32768,608,0,72
nbody_kernel,6197,2048,512,512,8,8,8,0,0,0,1,1,2,16,1,1081368,32770,3,16793600,0,0,0,0,0,0,0,0.2482,99.696,3758297088,0,25360384,4196352,33619968,29511680,0,120345472,10,63.8805,0,0,3,1,1,1,94.7882,100,99.9982,512,0,0,0,122
nbody_kernel,6181,2048,512,512,8,8,8,0,1,0,1,1,129730,0,1,325018,32770,1,49152,0,1,6.61479,2097152,8192,0,0,0.250182,99.4637,3758297088,0,13105152,4194304,33947648,397312,0,119062848,10,64.0073,0,0,3,1,1,1,93.9908,100,99.9982,512,8192,0,0,125
nbody_kernel,6240,2048,512,512,8,8,8,1,0,0,1,1,129730,8,1,4309016,32770,3,16791552,0,0,0,0,0,0,0,0.248314,99.8247,3758297088,0,54740992,4196352,134365184,71452672,0,125722560,10,63.6549,0,0,3,1,1,3,95.5517,100,99.9983,512,0,0,0,126
nbody_kernel,6222,2048,512,512,8,8,8,1,1,0,1,1,84314,16,1,147480,32770,1,47104,0,1,6.61479,2097152,8192,0,0,0.2499,99.7369,3758297088,0,13584384,4194304,34226176,464896,0,119088640,10,63.7685,0,0,3,1,1,1,93.6232,100,99.9982,512,8192,0,0,126
nbody_kernel,6403,2048,512,512,8,16,0,0,0,0,1,1,129728,0,1,1081368,32770,3,16793600,0,0,0,0,0,0,0,0.247318,99.8839,3758297088,0,12777472,2099200,33619968,31608832,0,119952256,10,62.0159,0,0,3,1,1,1,91.3633,100,99.9982,512,0,0,0,125
nbody_kernel,6349,2048,512,512,8,16,0,0,1,0,1,1,129730,16,1,65560,32770,1,49152,0,1,6.61479,2097152,8192,0,0,0.250813,99.6999,3758297088,0,6813696,2097152,33947648,397312,0,118800704,10,62.7011,0,0,3,1,1,1,91.4725,100,99.9982,512,8192,0,0,125
nbody_kernel,6441,2048,512,512,8,16,0,1,0,0,1,1,129818,136,1,4568474,32770,3,16791552,0,0,0,0,0,0,0,0.247336,99.8006,3758297088,0,27478016,2099200,134365184,84033536,0,125198208,10,61.7216,0,0,3,1,1,3,91.9204,100,99.9983,512,0,0,0,126
nbody_kernel,6395,2048,512,512,8,16,0,1,1,0,1,1,129776,0,1,147480,32770,1,47104,0,1,6.61479,2097152,8192,0,0,0.250973,99.7709,3758297088,0,7292928,2097152,34226176,466944,0,118826560,10,62.3916,0,0,3,1,1,1,91.2434,100,99.9982,512,8192,0,0,125
nbody_kernel,38816,2048,512,512,8,16,1,0,0,0,1,1,649111,9486,5,202947660,100716546,6,218140672,99.6325,0,0,0,0,402694144,100683776,0.249638,99.4256,3758297088,0,1355350016,237021184,2449866752,486699008,0,260027008,3,10.1869,0,0,1,1,1,9,30.5983,100,99.5958,1024,0,320,0,27
nbody_kernel,38687,2048,512,512,8,16,1,0,1,0,1,1,605358,9042,5,202061508,100716546,6,201396224,99.9675,1,3.31384,4194304,8192,402694144,100683776,0.24989,99.346,3758297088,0,1349386240,237021184,2550857728,621047808,0,267195008,3,10.2132,0,0,1,1,1,9,31.0263,100,99.6067,1024,8192,320,0,27
nbody_kernel,39502,2048,512,512,8,16,1,1,0,0,1,1,519094,9242,5,206175188,100716546,6,218138624,98.5828,0,0,0,0,402694144,100683776,0.249849,99.585,3758297088,0,1370193920,237021184,2550611968,367210496,0,259905152,3,9.99926,0,0,1,1,1,9,30.3708,100,99.5956,1024,0,320,0,32
nbody_kernel,36800,2048,512,512,8,16,1,1,0,0,2,1,635535,20960,4,153996844,100722690,5,167813120,99.1161,0,0,0,0,302043136,100689920,0.249618,99.6099,3758346240,0,685408256,118532096,1275543552,182611968,0,188664448,2,10.7491,0,0,1,1,1,8,23.8535,100,99.7214,1024,0,416,0,40
nbody_kernel,33916,2048,512,512,8,16,1,1,0,0,4,2,528483,8220192,4,127550332,100734978,5,142659584,99.4749,0,0,0,0,251736064,100702208,0.249623,99.9657,3758444544,0,343025664,59287552,638009344,159004672,0,155193344,2,11.6457,0,0,1,1,1,8,21.6785,100,99.8305,1024,0,608,0,64
nbody_kernel,38608,2048,512,512,8,16,1,1,1,0,1,1,519228,9068,5,202143404,100716546,6,201394176,99.9404,1,3.31384,4194304,8192,402694144,100683776,0.249952,99.4009,3758297088,0,1350008832,237021184,2551136256,520482816,0,264080512,3,10.2324,0,0,1,1,1,9,31.0704,100,99.602,1024,8192,320,0,29
nbody_kernel,34895,2048,512,512,8,16,1,1,1,0,2,1,521303,19846,4,151687964,100722690,5,151068672,99.9285,1,6.61479,2097152,8192,302043136,100689920,0.250011,99.9528,3758346240,0,675315712,118532096,1275805696,251916288,0,190523008,2,11.3204,0,0,1,1,1,8,24.9988,100,99.7241,1024,16384,416,0,39
nbody_kernel,33576,2048,512,512,8,16,1,1,1,0,4,2,531005,8609416,4,126534428,100734978,4,125915136,99.9205,1,6.61479,2097152,8192,251736064,100702208,0.249985,99.9866,3758444544,0,337983488,59287552,638140416,126052352,0,154010112,2,11.763,0,0,1,1,1,8,22.0956,100,99.8292,1024,32768,608,0,56
nbody_kernel,40064,2048,512,512,8,16,2,0,0,0,1,1,649074,8074,4,202947556,100716546,6,218140672,99.6325,0,0,0,0,402694144,100683776,0.249951,99.927,3758297088,0,684079104,102778880,1241759744,425947136,0,195202880,2,9.85865,0,0,1,1,1,9,22.877,100,99.4616,1024,0,320,0,40
nbody_kernel,40409,2048,512,512,8,16,2,0,1,0,1,1,649174,8382,4,202191118,100716546,6,201396224,99.9675,1,3.31384,4194304,8192,402694144,100683776,0.250059,99.5695,3758297088,0,678115328,102778880,1342750720,436572160,0,198504512,2,9.78271,0,0,1,1,1,8,23.3057,100,99.4706,1024,8192,320,0,40
nbody_kernel,41299,2048,512,512,8,16,2,1,0,0,1,1,519190,8419,4,206304964,100716546,6,218138624,98.5828,0,0,0,0,402694144,100683776,0.249829,99.9385,3758297088,0,698828800,102778880,1342554112,425906176,0,198812352,2,9.56599,0,0,1,1,1,9,22.279,100,99.4714,1024,0,320,0,40
nbody_kernel,36757,2048,512,512,8,16,2,1,0,0,2,1,522177,21455,4,153753228,100722690,5,167813120,99.1161,0,0,0,0,302043136,100689920,0.249777,99.989,3758346240,0,349587456,51398656,671449088,249712640,0,159291072,2,10.7506,0,0,1,1,1,8,20.2744,100,99.67,1024,0,416,0,48
nbody_kernel,33704,2048,512,512,8,16,2,1,0,0,4,2,528467,8356759,4,127550460,100734978,5,142659584,99.4749,0,0,0,0,251736064,100702208,0.249637,99.9776,3758444544,0,174981120,25708544,537280512,173682688,0,146203520,2,11.7249,0,0,1,1,1,8,19.7961,100,99.8201,896,0,608,0,66
nbody_kernel,40176,2048,512,512,8,16,2,1,1,0,1,1,649180,8182,4,202014156,100716546,6,201394176,99.9404,1,3.31384,4194304,8192,402694144,100683776,0.249857,99.6748,3758297088,0,678643712,102778880,1343078400,503689216,0,200628672,2,9.82756,0,0,1,1,1,8,23.4588,100,99.4762,1024,8192,320,0,40
nbody_kernel,35977,2048,512,512,8,16,2,1,1,0,2,1,521479,20053,4,151688244,100722690,5,151068672,99.9285,1,6.61479,2097152,8192,302043136,100689920,0.249976,99.9896,3758346240,0,339505152,51398656,671711232,247717888,0,158921856,2,10.9805,0,0,1,1,1,8,20.6919,100,99.6693,1024,16384,416,0,40
nbody_kernel,33305,2048,512,512,8,16,2,1,1,0,4,2,530093,8365222,4,126664284,100734978,4,125915136,99.9205,1,6.61479,2097152,8192,251736064,100702208,0.250006,99.9851,3758444544,0,169934848,25708544,537411584,161689600,0,145675136,2,11.8627,0,0,1,1,1,8,20.2014,100,99.8195,1024,32768,608,0,59
nbody_kernel,41347,2048,512,512,8,16,4,0,0,0,1,1,519666,7937,4,203077508,100716546,6,218140672,99.6325,0,0,0,0,402694144,100683776,0.249818,99.9757,3758297088,0,281280512,35657728,637710336,289652736,0,157382144,2,9.55487,0,0,1,1,1,8,18.154,100,99.3322,1024,0,320,0,52
nbody_kernel,40999,2048,512,512,8,16,4,0,1,0,1,1,648998,7613,4,202191198,100716546,6,201396224,99.9675,1,3.31384,4194304,8192,402694144,100683776,0.250008,99.9874,3758297088,0,275316736,35657728,738701312,302366720,0,160749056,2,9.63631,0,0,1,1,1,8,18.6445,100,99.3462,1024,8192,320,0,46
nbody_kernel,42589,2048,512,512,8,16,4,1,0,0,1,1,563358,7683,4,206304836,100716546,6,218138624,98.5828,0,0,0,0,402694144,100683776,0.249814,99.9823,3758297088,0,296001536,35657728,738529280,321015808,0,161972864,2,9.2746,0,0,1,1,1,8,17.8222,100,99.3512,1024,0,320,0,52
nbody_kernel,36598,2048,512,512,8,16,4,1,0,0,2,1,650645,19523,4,153752548,100722690,5,167813120,99.1161,0,0,0,0,302043136,100689920,0.249706,99.962,3758346240,0,181649408,17831936,570753024,206692352,0,148502912,2,10.7953,0,0,1,1,1,8,18.6156,100,99.646,1024,0,416,0,64
nbody_kernel,33630,2048,512,512,8,16,4,1,0,0,4,1,530495,7168963,4,135008780,100734978,5,142659584,99.4749,0,0,0,0,251736064,100702208,0.249064,99.9696,3758444544,0,90914816,8919040,486916096,132759552,0,140199040,2,11.7407,0,0,1,1,1,8,18.9877,100,99.8124,768,0,608,0,80
nbody_kernel,41259,2048,512,512,8,16,4,1,1,0,1,1,648774,8365,4,202272926,100716546,6,201394176,99.9404,1,3.31384,4194304,8192,402694144,100683776,0.250052,99.9138,3758297088,0,275816448,35657728,739053568,306532352,0,160905856,2,9.57961,0,0,1,1,1,8,18.4511,100,99.3469,1024,8192,320,0,41
nbody_kernel,35795,2048,512,512,8,16,4,1,1,0,2,1,521051,20166,4,151688148,100722690,5,151068672,99.9285,1,6.61479,2097152,8192,302043136,100689920,0.249993,99.9734,3758346240,0,171556864,17831936,571015168,279179264,0,150460928,2,11.0398,0,0,1,1,1,8,19.0713,100,99.6507,1024,16384,416,0,53
nbody_kernel,33261,2048,512,512,8,16,4,1,1,0,4,1,531145,7699851,4,127437756,100734978,4,125915136,99.9205,1,6.61479,2097152,8192,251736064,100702208,0.250195,99.9122,3758444544,0,85868544,8919040,487047168,137543680,0,140194944,2,11.8872,0,0,1,1,1,8,18.9406,100,99.8124,896,32768,608,0,72
nbody_kernel,6408,2048,512,512,8,16,8,0,0,0,1,1,129732,96,1,1340826,32770,3,16793600,0,0,0,0,0,0,0,0.247262,99.5603,3758297088,0,12777472,2099200,33619968,31608832,0,119952256,9,61.7705,0,0,3,1,1,1,91.2975,100,99.9982,512,0,0,0,125
nbody_kernel,6360,2048,512,512,8,16,8,0,1,0,1,1,129728,0,1,65560,32770,1,49152,0,1,6.61479,2097152,8192,0,0,0.248755,99.5852,3758297088,0,6813696,2097152,33947648,397312,0,118800704,10,62.3538,0,0,3,1,1,1,91.0707,100,99.9982,512,8192,0,0,125
nbody_kernel,6420,2048,512,512,8,16,8,1,0,0,1,1,23802,120,1,4309016,32770,3,16791552,0,0,0,0,0,0,0,0.247689,99.6532,3758297088,0,27478016,2099200,134365184,84033536,0,125198208,10,61.7086,0,0,3,1,1,3,92.037,100,99.9983,512,0,0,0,126
nbody_kernel,6407,2048,512,512,8,16,8,1,1,0,1,1,129732,16,1,406938,32770,1,47104,0,1,6.61479,2097152,8192,0,0,0.249307,99.4913,3758297088,0,7292928,2097152,34226176,466944,0,118826560,10,62.002,0,0,3,1,1,1,90.9283,100,99.9982,512,8192,0,0,125
nbody_kernel,9560,2048,512,512,8,32,0,0,0,0,1,1,129728,48,1,1712240,32770,2,16793600,0,0,0,0,0,0,0,0.250163,99.9838,3758297088,0,6486016,1050624,33619968,32661504,0,119755776,6,41.2665,0,0,2,1,1,1,60.5549,100,99.9982,512,0,0,0,125
nbody_kernel,9440,2048,512,512,8,32,0,0,1,0,1,1,129732,16,1,948202,32770,1,49152,0,1,6.61479,2097152,8192,0,0,0.249827,99.9845,3758297088,0,3667968,1048576,33947648,397312,0,118669632,7,41.79,0,0,2,1,1,1,60.9194,100,99.9982,512,8192,0,0,125
nbody_kernel,10066,2048,512,512,8,32,0,1,0,0,1,1,259458,192,1,5228026,32770,2,16791552,0,0,0,0,0,0,0,0.250049,99.9835,3758297088,0,13846528,1050624,134365184,91375616,0,124968896,6,39.1634,0,0,2,1,1,2,58.5413,100,99.9983,512,0,0,0,126
nbody_kernel,9447,2048,512,512,8,32,0,1,1,0,1,1,129730,0,1,1030138,32770,1,47104,0,1,6.61479,2097152,8192,0,0,0.249818,99.9843,3758297088,0,4147200,1048576,34226176,464896,0,118695424,7,41.7292,0,0,2,1,1,1,60.9137,100,99.9982,512,8192,0,0,125
nbody_kernel,38810,2048,512,512,8,32,1,0,0,0,1,1,546227,8852,5,203077092,100716546,6,218140672,99.6325,0,0,0,0,402694144,100683776,0.250038,99.4797,3758297088,0,1349058560,235972608,2449866752,486699008,0,259797632,3,10.1999,0,0,1,1,1,9,30.585,100,99.5955,1024,0,320,0,27
nbody_kernel,38641,2048,512,512,8,32,1,0,1,0,1,1,519631,9196,5,201931660,100716546,6,201396224,99.9675,1,3.31384,4194304,8192,402694144,100683776,0.249917,99.377,3758297088,0,1346240512,235972608,2550857728,629436416,0,267326080,3,10.2221,0,0,1,1,1,9,31.0258,100,99.6069,1024,8192,320,0,27
nbody_kernel,39530,2048,512,512,8,32,1,1,0,0,1,1,648922,9582,5,206240412,100716546,6,218138624,98.5828,0,0,0,0,402694144,100683776,0.251522,99.6263,3758297088,0,1356562432,235972608,2550611968,368259072,0,259479168,3,10.0122,0,0,1,1,1,9,30.3452,100,99.595,1024,0,320,0,32
nbody_kernel,37762,2048,512,512,8,32,1,1,0,0,2,1,520973,20321,4,153752452,100722690,5,167813120,99.1161,0,0,0,0,302043136,100689920,0.249426,98.3526,3758346240,0,678592512,118007808,1275543552,183660544,0,188467840,2,10.4432,0,0,1,1,1,8,23.4249,100,99.7211,1024,0,416,0,40
nbody_kernel,33988,2048,512,512,8,32,1,1,0,0,4,2,552579,7982249,4,127679972,100734978,5,142659584,99.4749,0,0,0,0,251736064,100702208,0.249261,99.975,3758444544,0,339617792,59025408,638009344,159266816,0,155086848,2,11.6281,0,0,1,1,1,8,21.6676,100,99.8304,1024,0,608,0,64
nbody_kernel,38602,2048,512,512,8,32,1,1,1,0,1,1,649022,8971,5,202273030,100716546,6,201394176,99.9404,1,3.31384,4194304,8192,402694144,100683776,0.250015,99.3571,3758297088,0,1346863104,235972608,2551136256,512094208,0,263687296,3,10.2295,0,0,1,1,1,9,31.0576,100,99.6014,1024,8192,320,0,29
nbody_kernel,34908,2048,512,512,8,32,1,1,1,0,2,1,522399,20992,4,151688404,100722690,5,151068672,99.9285,1,6.61479,2097152,8192,302043136,100689920,0.250021,99.9554,3758346240,0,673742848,118007808,1275805696,251916288,0,190457472,2,11.3198,0,0,1,1,1,8,24.9675,100,99.724,1024,16384,416,0,39
nbody_kernel,33590,2048,512,512,8,32,1,1,1,0,4,2,530877,8565862,4,126534788,100734978,4,125915136,99.9205,1,6.61479,2097152,8192,251736064,100702208,0.249971,99.977,3758444544,0,337197056,59025408,638140416,126052352,0,153977344,2,11.7621,0,0,1,1,1,8,22.101,100,99.8292,1024,32768,608,0,56
nbody_kernel,40061,2048,512,512,8,32,2,0,0,0,1,1,649232,8276,4,202947724,100716546,6,218140672,99.6325,0,0,0,0,402694144,100683776,0.249875,99.7135,3758297088,0,677787648,101730304,1241759744,422801408,0,194875200,2,9.83464,0,0,1,1,1,9,22.8402,100,99.4607,1024,0,320,0,40
nbody_kernel,40361,2048,512,512,8,32,2,0,1,0,1,1,755218,8452,4,202191118,100716546,6,201396224,99.9675,1,3.31384,4194304,8192,402694144,100683776,0.250104,99.5523,3758297088,0,674969600,101730304,1342750720,436572160,0,198373440,2,9.79186,0,0,1,1,1,8,23.3486,100,99.4702,1024,8192,320,0,40
nbody_kernel,41337,2048,512,512,8,32,2,1,0,0,1,1,779032,8310,4,206434910,100716546,6,218138624,98.5828,0,0,0,0,402694144,100683776,0.249614,99.9536,3758297088,0,685197312,101730304,1342554112,431149056,0,198517440,2,9.55998,0,0,1,1,1,9,22.2243,100,99.4706,1024,0,320,0,40
nbody_kernel,36767,2048,512,512,8,32,2,1,0,0,2,1,521069,20678,4,153882164,100722690,5,167813120,99.1161,0,0,0,0,302043136,100689920,0.249591,99.9712,3758346240,0,342771712,50874368,671449088,250761216,0,159094464,2,10.746,0,0,1,1,1,8,20.2507,100,99.6696,1024,0,416,0,48
nbody_kernel,33825,2048,512,512,8,32,2,1,0,0,4,2,530347,7964639,4,133276644,100734978,5,142659584,99.4749,0,0,0,0,251736064,100702208,0.248826,99.9284,3758444544,0,171573248,25446400,537280512,174993408,0,146129792,2,11.6694,0,0,1,1,1,8,19.6906,100,99.82,896,0,608,0,66
nbody_kernel,40205,2048,512,512,8,32,2,1,1,0,1,1,519200,8282,4,202143260,100716546,6,201394176,99.9404,1,3.31384,4194304,8192,402694144,100683776,0.250044,99.6815,3758297088,0,675497984,101730304,1343078400,503689216,0,200497600,2,9.82513,0,0,1,1,1,8,23.4344,100,99.4758,1024,8192,320,0,40
nbody_kernel,35975,2048,512,512,8,32,2,1,1,0,2,1,650991,20152,4,151687964,100722690,5,151068672,99.9285,1,6.61479,2097152,8192,302043136,100689920,0.24999,99.9906,3758346240,0,337932288,50874368,671711232,249815040,0,158921856,2,10.9814,0,0,1,1,1,8,20.6839,100,99.6693,1024,16384,416,0,40
nbody_kernel,33305,2048,512,512,8,32,2,1,1,0,4,2,531941,8422027,4,126864132,100734978,4,125915136,99.9205,1,6.61479,2097152,8192,251736064,100702208,0.24999,99.9897,3758444544,0,169148416,25446400,537411584,160641024,0,145609600,2,11.8635,0,0,1,1,1,8,20.2172,100,99.8194,1024,32768,608,0,59
nbody_kernel,41355,2048,512,512,8,32,4,0,0,0,1,1,649036,7814,4,203207038,100716546,6,218140672,99.6325,0,0,0,0,402694144,100683776,0.249734,99.9823,3758297088,0,274989056,34609152,637710336,287555584,0,157087232,2,9.55475,0,0,1,1,1,8,18.136,100,99.331,1024,0,320,0,52
nbody_kernel,40986,2048,512,512,8,32,4,0,1,0,1,1,649446,7682,4,201931716,100716546,6,201396224,99.9675,1,3.31384,4194304,8192,402694144,100683776,0.250001,99.9798,3758297088,0,272171008,34609152,738701312,304455680,0,160683264,2,9.63921,0,0,1,1,1,8,18.6263,100,99.346,1024,8192,320,0,51
nbody_kernel,42611,2048,512,512,8,32,4,1,0,0,1,1,649090,7789,4,206175116,100716546,6,218138624,98.5828,0,0,0,0,402694144,100683776,0.24971,99.9906,3758297088,0,282370048,34609152,738529280,328355840,0,161743488,2,9.27471,0,0,1,1,1,8,17.8008,100,99.3502,1024,0,320,0,52
nbody_kernel,36622,2048,512,512,8,32,4,1,0,0,2,1,522353,19412,4,161616732,100722690,5,167813120,99.1161,0,0,0,0,302043136,100689920,0.249344,99.9567,3758346240,0,174833664,17307648,570753024,204070912,0,148191616,2,10.784,0,0,1,1,1,8,18.5526,100,99.6453,1024,0,416,0,64
nbody_kernel,38246,2048,512,512,8,32,4,1,0,0,4,1,662395,6616773,4,140508524,100734978,5,142659584,99.4749,0,0,0,0,251736064,100702208,0.248323,99.8965,3758444544,0,87506944,8656896,486916096,133545984,0,140108928,2,11.6792,0,0,1,1,1,8,18.8908,100,99.8123,768,0,608,0,80
nbody_kernel,40985,2048,512,512,8,32,4,1,1,0,1,1,649024,7869,4,202013468,100716546,6,201394176,99.9404,1,3.31384,4194304,8192,402694144,100683776,0.249967,99.9701,3758297088,0,272670720,34609152,739053568,304431104,0,160709120,2,9.63427,0,0,1,1,1,8,18.6211,100,99.3461,1024,8192,320,0,51
nbody_kernel,35776,2048,512,512,8,32,4,1,1,0,2,1,651459,20157,4,152107508,100722690,5,151068672,99.9285,1,6.61479,2097152,8192,302043136,100689920,0.250053,99.9825,3758346240,0,169984000,17307648,571015168,282324992,0,150493696,2,11.0427,0,0,1,1,1,8,19.0506,100,99.6507,1024,16384,416,0,53
nbody_kernel,33394,2048,512,512,8,32,4,1,1,0,4,1,532369,7727745,4,127977540,100734978,4,125915136,99.9205,1,6.61479,2097152,8192,251736064,100702208,0.250137,99.7725,3758444544,0,85082112,8656896,487047168,135970816,0,140113024,2,11.8516,0,0,1,1,1,8,18.9025,100,99.8123,896,32768,608,0,72
nbody_kernel,9549,2048,512,512,8,32,8,0,0,0,1,1,259492,16,1,1975858,32770,2,16793600,0,0,0,0,0,0,0,0.249971,99.9847,3758297088,0,6486016,1050624,33619968,32661504,0,119755776,6,41.3104,0,0,2,1,1,1,60.6188,100,99.9982,512,0,0,0,125
nbody_kernel,9456,2048,512,512,8,32,8,0,1,0,1,0,0,0,1,822192,32770,1,49152,0,1,6.61479,2097152,8192,0,0,0.249988,99.9844,3758297088,0,3667968,1048576,33947648,397312,0,118669632,7,41.7421,0,0,2,1,1,1,60.8497,100,99.9982,512,8192,0,0,125
nbody_kernel,10037,2048,512,512,8,32,8,1,0,0,1,1,259460,8,1,5228026,32770,2,16791552,0,0,0,0,0,0,0,0.249997,99.9859,3758297088,0,13846528,1050624,134365184,91375616,0,124968896,6,39.2638,0,0,2,1,1,2,58.69,100,99.9983,512,0,0,0,126
nbody_kernel,9439,2048,512,512,8,32,8,1,1,0,1,1,129738,24,1,770680,32770,1,47104,0,1,6.61479,2097152,8192,0,0,0.250148,99.9853,3758297088,0,4147200,1048576,34226176,464896,0,118695424,7,41.7576,0,0,2,1,1,1,60.9545,100,99.9982,512,8192,0,0,125
