step,kernel_us,overhead_us,total_us,new_best
1,21905.4,87541.7,109447,1
2,51013.3,27363.6,78376.9,0
3,18236.8,28301.3,46538.1,1
4,10583.6,26882.9,37466.5,1
5,12131.7,30570.8,42702.5,0
6,11505,27556.7,39061.7,0
7,20739.2,27246.2,47985.4,0
8,13080.1,31022.4,44102.5,0
9,16343.4,31254.9,47598.2,0
10,11450.7,29338.3,40788.9,0
11,14066.1,31262.3,45328.4,0
12,16042.3,29496.5,45538.8,0
13,46816.2,28465.7,75282,0
14,22432.1,34290.4,56722.6,0
15,11842.7,28019,39861.7,0
16,17903.3,29414.3,47317.6,0
17,16626.6,29429.8,46056.4,0
18,10700.1,29656.8,40356.8,0
19,8951.49,28588.1,37539.6,1
20,16215.7,29179.1,45394.8,0
21,19689,29095.1,48784.1,0
22,14008.4,28703.5,42711.8,0
23,27870.9,31897.8,59768.7,0
24,10367.4,28175.6,38543,0
25,11489.3,26457.2,37946.5,0
26,22680.6,27484.5,50165.1,0
27,19987.6,25725.4,45712.9,0
28,16879.4,23832.5,40711.8,0
29,23721.7,22906.3,46627.9,0
30,19099.4,20323,39422.4,0
31,26972.2,22238.8,49211,0
32,20122.4,21968.3,42090.6,0
33,15388.5,24173.4,39562,0
34,16003.9,19710.8,35714.7,0
35,23227.3,22967.4,46194.7,0
36,18875.8,24954.2,43830,0
37,18165,28651,46816,0
38,12860,30723.3,43583.3,0
39,23929.5,28916.7,52846.1,0
40,10017.1,29458.2,39475.3,0
41,10528.4,28413.7,38942.1,0
42,47449.4,26859,74308.4,0
43,17175.3,28118.5,45293.9,0
44,39419.4,30942.3,70361.8,0
45,11063.5,29027.8,40091.3,0
46,16969,27599.1,44568.1,0
47,21209.6,27388.8,48598.4,0
48,15874.1,28504,44378.1,0
49,11664.7,30750.6,42415.3,0
50,36841.6,31519.9,68361.5,0
51,14968.2,30601.9,45570.1,0
52,27832.7,26843.4,54676.1,0
53,11930,29950.5,41880.5,0
54,15390.4,29556.7,44947,0
55,19529.2,28320.2,47849.3,0
56,24776,28008.1,52784.1,0
57,26508.4,31427.9,57936.3,0
58,33847.9,28810.1,62658.1,0
59,15842.5,29537.1,45379.6,0
60,34399.6,28870,63269.6,0
61,12055.7,34265.4,46321.1,0
62,16224.3,28215.2,44439.5,0
63,31819.9,30927.4,62747.3,0
64,20382.1,34158.5,54540.7,0
65,15676.1,28672.3,44348.4,0
66,22623.7,32268.6,54892.3,0
67,10754.8,29573.1,40327.8,0
68,12207.2,27781.8,39989.1,0
69,12202.6,29876.2,42078.8,0
70,11611.7,27968.5,39580.2,0
71,21842.4,29673,51515.3,0
72,10966.1,30907,41873.1,0
73,22019,31386.1,53405.1,0
74,9800.06,30509.2,40309.3,0
75,19501.4,33089.3,52590.7,0
76,15303.1,29141.5,44444.6,0
77,13363.6,29911.8,43275.4,0
78,11530.9,30224,41754.9,0
79,18802.4,30056.2,48858.7,0
80,13142,31763.9,44906,0
81,19531.5,29545.9,49077.3,0
82,15884,27163.9,43047.9,0
83,12989.1,29588.1,42577.2,0
84,23680.4,31528,55208.4,0
85,17283.2,29527.5,46810.6,0
86,19662.2,29550.1,49212.3,0
87,12106.7,29795.1,41901.8,0
88,13349.6,31515.1,44864.7,0
89,11579.1,30137.9,41717,0
90,18528.5,31635.6,50164.1,0
91,20709,33111.7,53820.7,0
92,20398.4,26974.3,47372.8,0
93,20556.9,32094.4,52651.3,0
94,18377.2,30958.5,49335.6,0
95,10741,30193,40934,0
96,12109.5,28472.1,40581.6,0
97,18904,29180,48084,0
98,21524,28023.3,49547.3,0
99,13200.3,29243.8,42444.1,0
100,18998.7,31953.2,50951.9,0
101,12752.8,30603.4,43356.2,0
102,15577.1,32283.1,47860.2,0
103,9111.68,29779.5,38891.2,0
104,11583.3,31199.8,42783.1,0
105,28563.9,30804.3,59368.2,0
106,12043.9,29960.6,42004.5,0
107,8578.08,30899.3,39477.4,1
108,12009.8,30415.9,42425.7,0
109,29678,31270.6,60948.7,0
110,12929.3,30426.1,43355.4,0
111,32515.6,31532.6,64048.2,0
112,13198.3,35618.5,48816.8,0
113,34185.1,31352.4,65537.5,0
114,16499.7,27362.9,43862.6,0
115,20804.2,29919.2,50723.5,0
116,23399,26406.7,49805.7,0
117,11347.7,29991.4,41339.1,0
118,9027.23,32811.3,41838.5,0
119,15465.9,30096.3,45562.1,0
120,16637.1,30239.4,46876.5,0
121,32084.7,27885.2,59969.9,0
122,11437.8,30225,41662.8,0
123,12281.4,29672.5,41953.9,0
124,15284.1,31486.1,46770.2,0
125,17259.6,30824.7,48084.4,0
126,10558.8,29938.3,40497.1,0
127,18902.4,27605.1,46507.6,0
128,10228,33264.8,43492.7,0
129,51230.8,27950.1,79180.9,0
130,16978.3,27895.4,44873.8,0
131,12848.6,32524,45372.6,0
132,22637.9,32080.5,54718.4,0
133,11172.6,27864.2,39036.8,0
134,22619.4,30560.9,53180.3,0
135,38646.6,31631.8,70278.4,0
136,25023.3,28715.2,53738.5,0
137,12155.6,29824.2,41979.8,0
138,20503,29499,50002.1,0
139,17543.2,32397,49940.3,0
140,41678.7,30163.7,71842.4,0
141,11521.9,26296.1,37817.9,0
142,22616.9,26820.8,49437.7,0
143,10694.5,33959.7,44654.2,0
144,21970.9,25062.7,47033.7,0
145,53921.5,28557.6,82479.1,0
146,19580.4,30338.4,49918.8,0
147,23831.4,31964,55795.4,0
148,43878.1,28954.1,72832.2,0
149,20265.5,33959.1,54224.6,0
150,18797.5,31176.9,49974.4,0
151,16941.3,30948.7,47890,0
152,33500.9,32174.6,65675.5,0
153,14658,30300.5,44958.5,0
154,9329.25,29240.5,38569.7,0
155,21605,28089,49694,0
156,13855.3,29994.6,43849.9,0
157,19851.2,29965.6,49816.8,0
158,10135.6,30699.1,40834.7,0
159,18620.5,27756.2,46376.6,0
160,26796.5,33863.4,60660,0
161,17514.5,28571.6,46086.1,0
162,14477.6,32247.2,46724.8,0
163,12893.9,32567.2,45461.1,0
164,18842.8,28977.9,47820.8,0
165,11795.1,29629.8,41425,0
166,11280,28553.8,39833.8,0
167,32588.2,30312.4,62900.6,0
168,22439,30503.8,52942.8,0
169,21753.6,29793.4,51547,0
170,22818.8,27773.6,50592.4,0
171,21272.8,34443.2,55716.1,0
172,45786,28719,74505,0
173,10737.7,32091.5,42829.2,0
174,11821.3,31786,43607.3,0
175,10608.7,31160.7,41769.4,0
176,22229.8,28103.1,50332.9,0
177,14846.3,28258.9,43105.2,0
178,73085,28324.1,101409,0
179,21597.8,31758.7,53356.5,0
180,33389.9,32052.3,65442.1,0
181,21044.5,29710.6,50755.2,0
182,11951.9,33405.5,45357.5,0
183,13689,28339.6,42028.6,0
184,17220.9,29616.8,46837.6,0
185,20133.5,30030.8,50164.3,0
186,13359.4,29880.8,43240.2,0
187,18949.3,30569.1,49518.4,0
188,16972.4,29642.3,46614.7,0
189,16415.1,30445.8,46861,0
190,15985.3,29627,45612.4,0
191,15127.2,29873,45000.2,0
192,14142.8,35375.7,49518.5,0
193,15225.1,28703.5,43928.6,0
194,28422.4,27433.6,55856,0
195,31568.6,29546.8,61115.4,0
196,26550,29680.9,56230.9,0
197,12733.2,29829.6,42562.8,0
198,17539.5,29877.9,47417.3,0
199,17985.1,30764.4,48749.4,0
200,56440,30293.7,86733.7,0
201,41448.6,31901.5,73350,0
202,18342.5,33383.7,51726.3,0
203,21780.6,28601.9,50382.5,0
204,20116.6,28739,48855.6,0
205,10446,29079.1,39525.1,0
206,8561.63,30978.2,39539.8,1
207,20443,28054.3,48497.4,0
208,34993.7,29695.6,64689.3,0
209,13658.6,27163.1,40821.7,0
210,14620.7,31781.6,46402.3,0
211,23529,27367.4,50896.4,0
212,12713.5,28493.7,41207.2,0
213,29800.4,30119.3,59919.7,0
214,13606,29717.1,43323.1,0
215,21026.5,27638.2,48664.7,0
216,14863.7,30528.2,45391.9,0
217,23099.1,29623.9,52723,0
218,12061.1,30907.2,42968.3,0
219,24935.1,29330.5,54265.6,0
220,24193.9,28600.8,52794.6,0
221,11755.2,30517.5,42272.7,0
222,39349.3,29767.8,69117.1,0
223,13865.1,31536.2,45401.2,0
224,11421.4,30227.5,41649,0
225,16500.1,26471,42971.1,0
226,21489.3,29328.5,50817.7,0
227,10340.1,30555.4,40895.5,0
228,13372.6,27535.8,40908.4,0
229,13996.5,28416.8,42413.3,0
230,10988.4,26891.8,37880.2,0
231,27425.1,28399.3,55824.3,0
232,17164.8,28266.4,45431.2,0
233,22968.1,29390,52358.1,0
234,23469.4,26883.2,50352.5,0
235,38840.6,31409.7,70250.3,0
236,19109.2,32798.3,51907.5,0
237,9227.07,33699.9,42927,0
238,14917.9,30075.6,44993.4,0
239,53157.4,28452.2,81609.6,0
240,11428.1,34740.1,46168.2,0
241,9015.26,30329.1,39344.4,0
242,13006.4,30423.5,43429.8,0
243,23705.5,29891.5,53597,0
244,15923.6,28585.5,44509.1,0
245,18846.4,28650.8,47497.1,0
246,11198.8,28339.2,39538.1,0
247,36231.7,33843.2,70074.9,0
248,13653.9,32240.2,45894.1,0
249,71830.1,28817,100647,0
250,11058.4,25938.9,36997.3,0
251,23079.9,32990,56069.9,0
252,11375.1,27662.1,39037.2,0
253,11323.3,31104.1,42427.4,0
254,15137.3,25914.7,41052,0
255,24813.3,27628.1,52441.4,0
256,25890,26538.2,52428.2,0
257,27171,31091.2,58262.3,0
258,34813.2,28910.3,63723.4,0
259,8522.08,32387.6,40909.7,1
260,19602,28583.3,48185.3,0
261,18216.7,27847.7,46064.4,0
262,12112.3,28620.8,40733.1,0
263,14498.7,29725.8,44224.4,0
264,26427.6,29472.2,55899.8,0
265,19539.3,29443.5,48982.8,0
266,15485.5,29595.8,45081.3,0
267,24603.3,31470.6,56073.9,0
268,20540.3,26132.3,46672.5,0
269,21634.4,32177.7,53812,0
270,17659.9,34661.6,52321.5,0
271,50221.9,33188.9,83410.7,0
272,14710.3,33165.1,47875.4,0
273,23869.9,28989.8,52859.7,0
274,20959.2,28237.9,49197.1,0
275,24828.3,31663,56491.3,0
276,26371.6,28322,54693.7,0
277,15673.6,29053.7,44727.4,0
278,13489.3,29672.5,43161.8,0
279,14610.8,27770.4,42381.2,0
280,13510.8,27622.3,41133.1,0
281,30150.8,28252.7,58403.5,0
282,11301.6,28365.3,39666.9,0
283,37805.4,29676.7,67482.1,0
284,11703.9,32935,44638.9,0
285,16430.1,28032.2,44462.3,0
286,26355,30171.2,56526.2,0
287,14856.3,29786.6,44642.9,0
288,13655.9,30324.4,43980.2,0
289,38989.3,39130.6,78119.9,0
290,16393.5,33815.1,50208.7,0
291,20462.9,30059.4,50522.3,0
292,15742.3,29202.4,44944.7,0
293,22286.9,26926.4,49213.3,0
294,22619,28061.4,50680.4,0
295,12071.2,29384.2,41455.4,0
296,36279.7,29723.1,66002.7,0
297,11849,31474.4,43323.3,0
298,11592,30426.7,42018.6,0
299,10799.4,27663.1,38462.5,0
300,20707.2,29938.2,50645.5,0
301,37983,29762.6,67745.6,0
302,12436.9,29769.3,42206.2,0
303,14330.5,31455.4,45785.9,0
304,16829.3,26266.5,43095.8,0
305,24180.4,31270.7,55451.1,0
306,27481.1,28084.7,55565.7,0
307,16494.7,28963.2,45457.9,0
308,20231.7,28298.5,48530.2,0
309,12264.5,28059.1,40323.7,0
310,21441,28408.5,49849.5,0
311,11444.3,29240,40684.4,0
312,17193.4,26241.3,43434.7,0
313,22365,27482.9,49847.9,0
314,9272.48,27826.3,37098.7,0
315,11734.6,28432.2,40166.7,0
316,19917.5,26200.2,46117.7,0
317,10066.2,31530.3,41596.4,0
318,21733.2,26950.4,48683.7,0
319,26717.4,30406.5,57123.9,0
320,28046.9,28053.1,56100,0
321,15296.1,28353.4,43649.5,0
322,12243.4,33289.8,45533.2,0
323,30851.1,30427.3,61278.4,0
324,17716.1,28506.6,46222.7,0
325,29550.6,29999.2,59549.9,0
326,20277.2,28203.7,48481,0
327,19001.3,28666.5,47667.9,0
328,15988.1,28539.8,44528,0
329,19349.9,31378.5,50728.4,0
330,13538.6,28419.7,41958.3,0
331,26995.8,27038.2,54034,0
332,26072.3,28284.4,54356.6,0
333,17635.4,27890.8,45526.1,0
334,9135.9,26164.7,35300.6,0
335,50646.8,22364.8,73011.6,0
336,15167.9,30146.9,45314.8,0
337,11700.9,27368.9,39069.7,0
338,14379,29734.7,44113.7,0
339,14834.7,29430.6,44265.3,0
340,20799.2,27568.8,48368,0
341,15513.3,28102.7,43616.1,0
342,27382.8,29772.8,57155.5,0
343,14948.2,27811.1,42759.3,0
344,10260.1,28341.9,38602,0
345,28847.4,28955.1,57802.5,0
346,20599.8,26205,46804.8,0
347,30651.6,26837.8,57489.4,0
348,8573.18,30222,38795.2,0
349,23189.9,27463.4,50653.3,0
350,12122.9,31329.3,43452.3,0
351,15731.6,27887.8,43619.5,0
352,15785.5,28633.6,44419.1,0
353,22246.8,28318.1,50564.9,0
354,21323.9,28776.6,50100.5,0
355,21839.7,28419.3,50259,0
356,11505.6,32045,43550.6,0
357,19940.4,27989.3,47929.7,0
358,9365.06,30932.8,40297.9,0
359,18345.7,30880.3,49226,0
360,41427.7,27944.3,69372,0
361,15787.6,29501.4,45289,0
362,38327.2,29388.3,67715.5,0
363,9960.06,32244.8,42204.8,0
364,17549.3,28823.5,46372.8,0
365,10447,29788.6,40235.6,0
366,14086.6,29054.6,43141.2,0
367,26318.7,31090.5,57409.2,0
368,28039.5,29847.7,57887.2,0
369,11153.6,27335.9,38489.5,0
370,15488.5,27510,42998.5,0
371,11748.1,28254.6,40002.7,0
372,17437.4,27700.2,45137.6,0
373,46151.3,28505.8,74657.1,0
374,8575.58,31452.6,40028.2,0
375,28024.3,28522.3,56546.6,0
376,23003.1,32378.9,55382,0
377,12182.9,29491.5,41674.4,0
378,10803.7,30411.1,41214.7,0
379,31963.6,29089.2,61052.8,0
380,25388.6,25579.5,50968.2,0
381,30831.3,21501.2,52332.5,0
382,38590,54155.3,92745.3,0
383,23202.1,32370.7,55572.9,0
384,26928.9,27872.8,54801.7,0
385,21019.3,28708,49727.3,0
386,18643.6,29144.4,47788,0
387,18417.8,30580,48997.7,0
388,20562.8,28853.3,49416,0
389,17316.8,27813.9,45130.7,0
390,31823.1,29309,61132.1,0
391,32682.5,31753.2,64435.6,0
392,19108.9,27377.2,46486.2,0
393,41096.3,31439.4,72535.6,0
394,31399.1,29556.3,60955.4,0
395,24456.2,28849.6,53305.8,0
396,12753.6,28810.7,41564.3,0
397,22109.8,26073.2,48183,0
398,13310,28941.8,42251.7,0
399,17684.3,28421.8,46106.1,0
400,19805.2,29009.2,48814.4,0
401,25781.5,30778.3,56559.7,0
402,10541.1,30699.7,41240.8,0
403,24234.6,29790.9,54025.5,0
404,25562.4,31845.8,57408.2,0
405,13503.4,27014.1,40517.5,0
406,14244.2,34008.6,48252.8,0
407,15902,27806.9,43708.9,0
408,17691.1,28392.8,46083.9,0
409,51539.2,28307.3,79846.5,0
410,15675,31213.4,46888.4,0
411,24349.9,25850.2,50200.1,0
412,13197.4,24502.3,37699.7,0
413,22533.3,27755.7,50289,0
414,15456.1,32412.5,47868.6,0
415,15168.1,27522.2,42690.2,0
416,37817.6,28382.2,66199.7,0
417,37766.7,26994.6,64761.2,0
418,32002.6,33638.9,65641.5,0
419,19403.8,29922.7,49326.6,0
420,10326.9,31731.2,42058.2,0
421,14684,35389.8,50073.8,0
422,12230.3,28072.7,40303,0
423,11882.2,28592.2,40474.5,0
424,21594.7,27430.9,49025.6,0
425,17103.9,27276.5,44380.4,0
426,8284,33471.4,41755.4,1
427,9589.25,31970.4,41559.7,0
428,17806.2,27633.2,45439.4,0
429,12743.7,31569.3,44313,0
430,11974,30417.1,42391,0
431,16552.6,27612.9,44165.6,0
432,25974.9,32901.9,58876.8,0
433,18770.8,31155.4,49926.2,0
434,15966.4,30741.7,46708.2,0
435,16684.1,29846.8,46530.9,0
436,22013.5,30722.3,52735.8,0
437,10094.3,31836.5,41930.8,0
438,11655.2,28708.2,40363.4,0
439,46842.6,30114,76956.6,0
440,22042.9,32153.4,54196.3,0
441,12017.9,32121.4,44139.3,0
442,15334.8,30608.6,45943.4,0
443,13416.8,28850.7,42267.5,0
444,36884.8,31585.3,68470.1,0
445,17393,28826.2,46219.2,0
446,20983.4,31938.4,52921.8,0
447,21161.7,29816.6,50978.2,0
448,12787.2,30915.1,43702.3,0
449,23324.5,32070.8,55395.3,0
450,18160.5,27110.5,45271,0
451,19870.1,30076.3,49946.4,0
452,20014.8,29217.7,49232.5,0
453,24008,27604.2,51612.3,0
454,15404.2,28479.2,43883.4,0
455,17424.3,29249.8,46674,0
456,19068.6,30453.5,49522,0
457,22616.8,29184.6,51801.4,0
458,24905.2,30783.7,55688.8,0
459,23731.9,27793.2,51525.2,0
460,8508.38,32169.2,40677.5,0
461,10228.2,30079.8,40308,0
462,9972.26,32450.8,42423.1,0
463,21045,29441.8,50486.8,0
464,21931.8,30899.3,52831.1,0
465,35098.9,30004.2,65103.1,0
466,10765.5,32891.2,43656.7,0
467,12574.9,32071.4,44646.3,0
468,19955.1,31375.8,51330.9,0
469,17003.8,30494.8,47498.6,0
470,12209.4,30457.5,42667,0
471,26448.2,35637.2,62085.4,0
472,22282.3,31020.7,53303,0
473,13806.1,28977.1,42783.2,0
474,16671.9,26969.9,43641.8,0
475,18040.3,29623.1,47663.4,0
476,27581.1,31157,58738,0
477,15399.6,33139.1,48538.7,0
478,19048.7,27096.3,46145,0
479,24479.8,29951.5,54431.3,0
480,13868.7,28581.1,42449.9,0
481,12771.5,30175.6,42947.1,0
482,17956.8,26987.5,44944.3,0
483,10270.6,29280.3,39550.8,0
484,18668.9,28100.4,46769.3,0
485,17463.9,25862.5,43326.5,0
486,12631.9,28984.8,41616.7,0
487,40343.8,30629.9,70973.7,0
488,41309.3,28717.9,70027.3,0
489,13456.4,30873.6,44330,0
490,23654.1,32022.2,55676.3,0
491,25221.8,29513.4,54735.2,0
492,20676.5,27966.8,48643.3,0
493,16120.9,28100.6,44221.4,0
494,13286.5,30481.2,43767.7,0
495,29838.3,29699.5,59537.9,0
496,20553.4,27685.6,48239,0
497,11238.5,32117.6,43356.1,0
498,11895.8,32535.2,44431,0
499,22730.7,29491,52221.7,0
500,12425.6,31803.1,44228.7,0
501,12217.8,31812.1,44029.9,0
502,13459.2,28348.2,41807.4,0
503,11559.2,30122.9,41682.1,0
504,19810.8,27631.7,47442.5,0
505,24334.1,27982.9,52317,0
506,24883.1,27055.7,51938.8,0
507,19151.7,28734.1,47885.9,0
508,13670.3,28874.2,42544.5,0
509,16068.6,27660.5,43729.1,0
510,14044.4,29241.7,43286.1,0
511,8829.44,29936.8,38766.2,0
512,20913.5,29168.9,50082.5,0
513,19361.6,30631,49992.6,0
514,17821.3,28803.3,46624.6,0
515,14175.3,29494.4,43669.6,0
516,39377.6,27097.5,66475.1,0
517,16502.5,30408.2,46910.7,0
518,17985.7,30914.4,48900.1,0
519,14168,29491.4,43659.3,0
520,10738.6,25191.7,35930.3,0
521,28467.5,27918.7,56386.2,0
522,24735.6,28515.4,53251.1,0
523,21000.7,28330.8,49331.5,0
524,33312.1,27264.8,60576.9,0
525,17987.5,24790.4,42777.8,0
526,15206.8,28393.3,43600.1,0
527,22162.5,24109.8,46272.3,0
528,33632.7,23237,56869.6,0
529,22301.7,21148,43449.7,0
530,9063.58,23399.1,32462.7,0
531,20970.6,25887.8,46858.4,0
532,8768.77,24352.8,33121.6,0
533,37105.9,23953.1,61058.9,0
534,27167.4,29128.7,56296.1,0
535,15960.1,27700.6,43660.7,0
536,17170.7,30844.5,48015.2,0
537,15728.7,26923.3,42652,0
538,20662.2,27604.9,48267.1,0
539,13971.5,27805.2,41776.7,0
540,9014.53,26894.6,35909.2,0
541,14086,28677.7,42763.7,0
542,18502.6,25769.7,44272.3,0
543,11582.6,30819.5,42402.1,0
544,15284.4,27485.7,42770.1,0
545,13662.5,28777,42439.5,0
546,16165.4,28719,44884.5,0
547,35912.3,28853.1,64765.4,0
548,20247.2,32103.4,52350.6,0
549,15940.3,29904.4,45844.7,0
550,15146.7,30130.7,45277.4,0
551,20372.1,28123.8,48495.9,0
552,11995.6,30714.1,42709.6,0
553,22665.7,30050.6,52716.3,0
554,20914.8,28513.7,49428.6,0
555,10616.7,33298.8,43915.5,0
556,11447.9,27440.6,38888.6,0
557,13537.4,27571.3,41108.7,0
558,22435,26251.6,48686.7,0
559,19473.2,29224.2,48697.4,0
560,13166.1,31308.7,44474.8,0
561,16285.8,28906,45191.8,0
562,19755.8,31345.4,51101.2,0
563,25922,32017.2,57939.2,0
564,19294.9,28566.3,47861.2,0
565,11139.9,27209.1,38349,0
566,13269.4,28590.8,41860.2,0
567,16872.2,27735.2,44607.3,0
568,14039.6,28427,42466.6,0
569,10319.7,28732.3,39052,0
570,24913.6,27646.7,52560.3,0
571,12453.4,31089.8,43543.2,0
572,11183.6,30594,41777.7,0
573,22226.6,28073,50299.6,0
574,12137.6,28643,40780.6,0
575,9127.39,29877.2,39004.6,0
576,17494.1,28510.9,46005,0
577,15305.3,28552.1,43857.5,0
578,16511.8,23864.6,40376.3,0
579,9641.47,29720.2,39361.7,0
580,51965.6,26293.8,78259.4,0
581,20057.1,30817.1,50874.3,0
582,38008.4,29285.4,67293.8,0
583,26230.2,30617,56847.2,0
584,12820.4,29212.5,42032.9,0
585,10613.2,29284.9,39898,0
586,21592.9,25912.2,47505,0
587,12359.3,31724.2,44083.5,0
588,17487.4,27283.8,44771.3,0
589,14891.9,28842.3,43734.2,0
590,16975.3,27130.6,44105.9,0
591,19280.8,30507,49787.9,0
592,12902.5,28056.4,40958.9,0
593,19355.7,27544.4,46900.1,0
594,11040.9,29222.3,40263.2,0
595,12030.4,26868.1,38898.5,0
596,25038.5,26430.3,51468.8,0
597,27614.7,26029.9,53644.6,0
598,11719.6,22433.3,34152.8,0
599,18194.7,18884,37078.6,0
600,10336.6,29137.7,39474.4,0
601,20542.5,28026.3,48568.8,0
602,19169.9,28587.3,47757.2,0
603,23619.8,25987.9,49607.7,0
604,50469.4,28873.8,79343.2,0
605,17712.1,26340.7,44052.8,0
606,12810,30047.2,42857.2,0
607,19733.8,27857.4,47591.2,0
608,20054.1,27604.7,47658.8,0
609,25325.3,27657,52982.4,0
610,11624.1,28340.7,39964.8,0
611,16502,28791.7,45293.7,0
612,14939.8,28988.7,43928.5,0
613,45524.8,29916.9,75441.7,0
614,20741.5,29338.9,50080.4,0
615,13500.5,33640.1,47140.6,0
616,27401.8,29093.6,56495.4,0
617,35543.3,28768.5,64311.8,0
618,25994.6,26996.2,52990.8,0
619,16523.8,28501.7,45025.4,0
620,18146.4,30541.7,48688.1,0
621,35597.3,29643.7,65241,0
622,43964.6,27192.9,71157.5,0
623,17748.6,28447.3,46196,0
624,34242.9,22908.8,57151.7,0
625,14794.5,21740.3,36534.9,0
626,18485.8,23019.1,41504.9,0
627,23135.6,24974.3,48109.9,0
628,11655,27736.2,39391.3,0
629,18783.9,26590.8,45374.7,0
630,11870.1,27355,39225.1,0
631,20263.1,27109.6,47372.7,0
632,44620.4,26870.1,71490.5,0
633,23302.3,29481.2,52783.5,0
634,26817.6,27414.3,54231.8,0
635,9423.55,32123.1,41546.6,0
636,11132.4,29650.8,40783.1,0
637,19971.5,29638.7,49610.2,0
638,40175.8,28422.7,68598.5,0
639,18344.7,32356.9,50701.6,0
640,14199.2,30783.4,44982.7,0
641,19192.5,27393.1,46585.7,0
642,17506.3,29097.7,46604,0
643,56603.6,29991.1,86594.7,0
644,14628.1,32165.1,46793.2,0
645,9625.44,28857,38482.5,0
646,12330.7,30364.1,42694.8,0
647,31164.2,28338.4,59502.5,0
648,36490.9,27868.2,64359.1,0
649,14903,31536.1,46439.1,0
650,34594.9,29598.5,64193.4,0
651,16999.2,29424.6,46423.8,0
652,15289.4,32040.1,47329.6,0
653,35377.3,29557.8,64935.1,0
654,27969.9,27937.4,55907.3,0
655,13253,31090.9,44343.9,0
656,11807.1,27228,39035,0
657,23426.2,31042.5,54468.7,0
658,15378.2,28056.1,43434.2,0
659,20997.6,28895.8,49893.4,0
660,27008.9,28007,55015.9,0
661,12092.4,32773.8,44866.2,0
662,17846.1,26464.2,44310.3,0
663,17080.8,27734.5,44815.3,0
664,12344.9,31276.5,43621.4,0
665,16534.5,26068.4,42602.9,0
666,13283.6,28959.6,42243.3,0
667,21838.1,28244.1,50082.2,0
668,12465.2,29887.7,42352.9,0
669,21043.6,31588.1,52631.7,0
670,16844.2,28344.9,45189.1,0
671,13061.5,32991.9,46053.4,0
672,42149.4,30254.4,72403.8,0
673,10242,31795.2,42037.1,0
674,28382.4,28759.4,57141.9,0
675,17850.7,31501.1,49351.7,0
676,23177.4,27343.7,50521.1,0
677,25091.1,30572,55663.1,0
678,15580.3,33878.8,49459.1,0
679,17336.3,30714.5,48050.7,0
680,17798,27230.8,45028.8,0
681,18111.3,28841.4,46952.7,0
682,13327.5,29279,42606.5,0
683,15234.4,32002.2,47236.6,0
684,12863.2,28775.6,41638.8,0
685,20935.5,30093.5,51029,0
686,24830.8,28694.1,53524.8,0
687,13768.5,31588.3,45356.8,0
688,18226.7,29272.4,47499.1,0
689,36300.3,31142,67442.2,0
690,17099.6,28100.8,45200.4,0
691,20955.8,30771.8,51727.7,0
692,36275.2,27954.5,64229.7,0
693,8305.09,29990,38295.1,0
694,12753.4,29115.9,41869.3,0
695,38771.2,29179.3,67950.5,0
696,12275,32701.4,44976.4,0
697,21103.8,28645.5,49749.2,0
698,13804.4,31258.7,45063.1,0
699,22544.2,24075.6,46619.8,0
700,19086.2,29283.5,48369.7,0
701,13579.5,27288.4,40867.8,0
702,12018.8,28733.3,40752.1,0
703,16389.6,27517.5,43907.1,0
704,13238.1,28284,41522.1,0
705,38678.7,31054.5,69733.1,0
706,23383.6,33427.9,56811.4,0
707,16325.1,29449.2,45774.3,0
708,10498,31707.2,42205.2,0
709,41485.7,32183,73668.6,0
710,42152.1,27848.9,70001,0
711,31277.7,33546.7,64824.3,0
712,12796.9,27179.8,39976.7,0
713,21057.2,31079.5,52136.7,0
714,15955.9,28283.6,44239.5,0
715,17618.6,24898,42516.5,0
716,13356.2,32607.9,45964.1,0
717,25847.6,30970.9,56818.5,0
718,33897.6,29043.9,62941.5,0
719,11852.5,29012.1,40864.6,0
720,22232.1,27632.4,49864.5,0
721,34908.4,26539.3,61447.7,0
722,20327.9,28735.8,49063.6,0
723,26012.8,30807.7,56820.4,0
724,20068.7,31488.9,51557.5,0
725,12873.6,27813.5,40687.2,0
726,69445.7,30937.3,100383,0
727,29803.7,30924.4,60728.1,0
728,18980.4,30309.6,49290.1,0
729,17096.9,25293.9,42390.8,0
730,27314.2,33381.2,60695.4,0
731,14774.1,28750,43524.1,0
732,15197.9,28070.6,43268.5,0
733,37242.9,26691.7,63934.6,0
734,20996,27822.3,48818.3,0
735,16329.8,27775.2,44104.9,0
736,36242.2,31302.2,67544.5,0
737,19624.4,27800.2,47424.6,0
738,12276.9,33156.6,45433.4,0
739,40833.7,24677.8,65511.5,0
740,35590.7,28853.3,64444,0
741,11710.3,31938.2,43648.5,0
742,13385.3,27476.2,40861.5,0
743,25559.5,26383.1,51942.6,0
744,45274.9,28877.9,74152.7,0
745,23633.5,25919,49552.5,0
746,14457,29042.7,43499.7,0
747,22208.7,26796.6,49005.3,0
748,10310.2,25657.1,35967.3,0
749,22431,24964.5,47395.5,0
750,14086.6,28147.2,42233.7,0
751,26100.2,29079.4,55179.6,0
752,41654.5,25868.7,67523.2,0
753,16925.3,26421.5,43346.8,0
754,14462.1,31346.9,45809.1,0
755,16089.3,28809.2,44898.5,0
756,18202.9,29090.2,47293.1,0
757,24651.9,31771.2,56423.1,0
758,20716.9,31219.3,51936.2,0
759,32412.8,28865.8,61278.6,0
760,23352.5,28048.1,51400.7,0
761,11807.9,30232.2,42040.1,0
762,10769.8,28008.8,38778.5,0
763,26955.6,26941.7,53897.3,0
764,18595.1,29491.4,48086.6,0
765,12424.4,29555.6,41979.9,0
766,17717.6,26644.2,44361.8,0
767,20831.2,29048.4,49879.6,0
768,20689.5,29926.7,50616.3,0
769,14538.4,29736.2,44274.6,0
770,8395.39,27924,36319.4,0
771,18843.5,26038,44881.5,0
772,10657.8,29922.9,40580.8,0
773,32772.5,26511.5,59284,0
774,26890.4,29865.6,56756,0
775,25659.6,29644.5,55304.2,0
776,27558.1,26678.3,54236.5,0
777,36903.8,25637.4,62541.1,0
778,41035.1,25614.3,66649.3,0
779,17061.2,31160.6,48221.8,0
780,41255.4,27172,68427.4,0
781,22198.9,29554.9,51753.9,0
782,15906.8,26094.1,42000.9,0
783,14799.4,31295.9,46095.3,0
784,17486.8,25675,43161.9,0
785,33472,26785.7,60257.7,0
786,23041.9,30567.9,53609.8,0
787,17410.6,28566.3,45976.9,0
788,9968.74,29913.7,39882.5,0
789,15855.4,27466.5,43321.9,0
790,25672.5,28845.1,54517.6,0
791,27144.4,24874.3,52018.6,0
792,11272.2,30226.5,41498.7,0
793,10450.3,28491.7,38942.1,0
794,13985,26936.1,40921.2,0
795,21463.8,31291,52754.8,0
796,22162.7,26392.4,48555.1,0
797,28935.3,27874,56809.3,0
798,16982.7,28248.7,45231.4,0
799,39320,27968.1,67288.1,0
800,21808.4,25361,47169.4,0
801,24735.3,34476,59211.3,0
802,17187,29175.3,46362.4,0
803,13060.9,29310.7,42371.6,0
804,17311.7,31422.9,48734.6,0
805,18710.2,30555.3,49265.5,0
806,12262.4,30704,42966.4,0
807,27839.4,31331.4,59170.7,0
808,21570.5,30559.1,52129.6,0
809,17655.3,30310.9,47966.3,0
810,15586.7,32866.5,48453.2,0
811,21756.4,30164.9,51921.3,0
812,44579,30528.5,75107.5,0
813,21786.6,31654.5,53441.1,0
814,20918.8,26221,47139.8,0
815,27768,33209.1,60977.1,0
816,23877.3,25277.1,49154.4,0
817,13606.1,21328.6,34934.7,0
818,24493.9,25723.6,50217.5,0
819,21052.3,27496.2,48548.5,0
820,21741.7,27068.4,48810.1,0
821,17601.8,26528,44129.7,0
822,12312.4,29357.8,41670.2,0
823,14258.1,30222.3,44480.5,0
824,28664.6,26195.3,54859.9,0
825,17948.2,27129.1,45077.3,0
826,13939.6,27721.5,41661.1,0
827,27926.2,29263.6,57189.9,0
828,28849,34895.9,63744.8,0
829,32850.9,30506.7,63357.6,0
830,10681.6,29618.3,40299.9,0
831,27268.1,28120.9,55389,0
832,29398.6,27832.5,57231,0
833,13870.1,23823.1,37693.2,0
834,19401.8,27851.4,47253.2,0
835,20995.5,28082.2,49077.8,0
836,25755.3,26834.5,52589.8,0
837,40532.6,28047.4,68579.9,0
838,28284.5,30828.9,59113.4,0
839,39209,30375,69584,0
840,29435,34762.4,64197.4,0
841,20782.8,25858.8,46641.5,0
842,22351.6,29311.9,51663.5,0
843,12560.6,28429.2,40989.8,0
844,22225.4,29072.4,51297.8,0
845,17795.2,31049,48844.2,0
846,14092.4,28866.1,42958.5,0
847,14380.4,27487.2,41867.5,0
848,11395.1,30171.9,41567,0
849,22304.3,30607.7,52912,0
850,14265.5,29903.1,44168.6,0
851,13564.8,27747.4,41312.2,0
852,30827.5,32068.3,62895.9,0
853,18953.1,29770.3,48723.3,0
854,32730,29633.1,62363.1,0
855,55818,31210.5,87028.5,0
856,22185.4,31125.7,53311.1,0
857,10338.8,28611.6,38950.4,0
858,16206.4,31508.4,47714.8,0
859,40126.8,29322.8,69449.6,0
860,22244.4,31967.4,54211.8,0
861,17924.4,26757.6,44682,0
862,20577,32030.3,52607.3,0
863,21508.5,26412,47920.5,0
864,28622.1,33149.8,61771.9,0
865,10081.6,35664.4,45746,0
866,12170.6,28774.2,40944.8,0
867,14937.7,27221.6,42159.3,0
868,13384.9,32789.2,46174.1,0
869,35412.4,30310.7,65723.1,0
870,10727.5,32076.7,42804.2,0
871,23774.2,27857.8,51632,0
872,20761.9,30091.3,50853.1,0
873,25188,30073.1,55261.1,0
874,44352.7,30208.2,74560.8,0
875,15816.7,31378.9,47195.6,0
876,9599.55,27557.2,37156.7,0
877,21067.4,25751.7,46819.1,0
878,17966.4,28910.5,46876.9,0
879,18329.5,29725.4,48055,0
880,22305.3,31506.5,53811.8,0
881,18878.8,27930.6,46809.4,0
882,13018.5,33438.4,46456.8,0
883,30601.2,30055.7,60656.9,0
884,29077.1,29007.2,58084.4,0
885,29315.9,30179.6,59495.5,0
886,16482.3,26867.8,43350.1,0
887,16958,28981,45938.9,0
888,25250.8,32612.8,57863.6,0
889,14221,32469.8,46690.8,0
890,80390.2,32331.4,112722,0
891,18455.6,29821.1,48276.7,0
892,25634.3,27402.8,53037.1,0
893,14552.3,29867.9,44420.2,0
894,28574.5,25205.8,53780.3,0
895,21479.4,31170.8,52650.2,0
896,18449.5,28959.5,47409,0
897,49772,26374.4,76146.4,0
898,15725.6,25836.7,41562.3,0
899,10153.8,31416.8,41570.5,0
900,12836.7,27959.4,40796.1,0
901,11769.3,30307.9,42077.3,0
902,10545.1,29393.8,39938.9,0
903,29513,27876.5,57389.5,0
904,11934.2,27809.8,39744,0
905,23607.4,26730.6,50337.9,0
906,18409.8,24430.1,42839.9,0
907,23523.5,26332.5,49855.9,0
908,20768.9,24017.5,44786.4,0
909,40800.4,23531.1,64331.4,0
910,14989.2,25689.6,40678.8,0
911,13916.2,21840.8,35756.9,0
912,15503.7,21964.8,37468.5,0
913,18619.8,24608.9,43228.7,0
914,29782.7,25559.1,55341.7,0
915,15148.1,24647.7,39795.8,0
916,25188.4,24993.1,50181.5,0
917,31486.1,30320.7,61806.8,0
918,22808.5,28124.5,50933,0
919,38525.8,25599.1,64124.9,0
920,25142.1,31025.3,56167.4,0
921,33565.5,27099.3,60664.8,0
922,25912.8,26470,52382.8,0
923,13107.7,31629.9,44737.6,0
924,15694.3,32583.3,48277.6,0
925,43339.4,25720.8,69060.2,0
926,12092,30572.9,42664.9,0
927,14816,31116.3,45932.2,0
928,8064.35,30505,38569.3,1
929,11019.2,27277.7,38296.9,0
930,24377.3,29597.3,53974.6,0
931,12206.2,33463.6,45669.7,0
932,102429,28016,130445,0
933,35167.4,29998.9,65166.3,0
934,15372.7,26477.3,41850,0
935,15546.9,31068.7,46615.6,0
936,13669.8,30523.4,44193.1,0
937,27930.2,28163.8,56094,0
938,45188.9,31297.7,76486.6,0
939,26228.7,28556.7,54785.4,0
940,66041.3,30905.3,96946.6,0
941,29071.1,31884.1,60955.2,0
942,14077.9,26397.9,40475.8,0
943,14861.5,30608.2,45469.6,0
944,13932.2,28688.8,42621,0
945,10433.4,29727.4,40160.8,0
946,13583.6,27226.3,40809.9,0
947,19467.9,28311.9,47779.8,0
948,13769.9,25824.4,39594.3,0
949,16351.2,29318.1,45669.3,0
950,10095.9,31388.1,41483.9,0
951,20125.9,26227.6,46353.5,0
952,40948,28060,69008,0
953,20635.2,32439.9,53075.2,0
954,16226.6,28535.9,44762.6,0
955,18511.6,26513.9,45025.6,0
956,8949.38,32165.1,41114.5,0
957,32318.8,29728.3,62047.1,0
958,13760.9,29377.2,43138.1,0
959,27017.1,31718.5,58735.6,0
960,16173.9,27481.9,43655.7,0
961,23717.7,29707.7,53425.3,0
962,32680.5,31461.8,64142.4,0
963,10965.7,26785.6,37751.3,0
964,9641.25,32534.5,42175.8,0
965,26441.9,26354.8,52796.7,0
966,28050.7,29312.7,57363.4,0
967,31698.6,28698,60396.6,0
968,22761.2,29463.7,52224.9,0
969,13399.1,29990.7,43389.8,0
970,18840.3,27157.1,45997.3,0
971,18862.1,28686.8,47548.8,0
972,30851.9,24857.5,55709.4,0
973,18732.6,28693,47425.6,0
974,20142.8,27949.8,48092.7,0
975,13966.1,28795.2,42761.3,0
976,27401.8,28833.5,56235.3,0
977,16369.8,30058.5,46428.2,0
978,19645.9,27803.1,47449,0
979,15325.8,27393.8,42719.6,0
980,46482.9,31039.4,77522.3,0
981,19082.9,31746.7,50829.6,0
982,11581.7,29280.7,40862.4,0
983,12183.4,29382,41565.3,0
984,24874.4,28965.9,53840.3,0
985,16926.8,25146.1,42072.8,0
986,50932.6,30856.4,81789,0
987,12056.3,28644.7,40701,0
988,13194.8,31041.3,44236.1,0
989,29916.2,25468.3,55384.4,0
990,23275.7,27498.2,50774,0
991,17071.7,24800.4,41872.2,0
992,43763.6,28325.7,72089.2,0
993,42850.1,29840.4,72690.6,0
994,13168.1,27204.8,40372.9,0
995,10419.1,29286.2,39705.2,0
996,24209.4,27986.8,52196.2,0
997,26200.6,27519.5,53720.1,0
998,30235.3,23526.7,53762,0
999,35452.4,26936.6,62389,0
1000,13311.2,28925.4,42236.6,0
1001,44928.9,30600.8,75529.7,0
1002,23671.3,31724.3,55395.6,0
1003,23639.3,32429.2,56068.5,0
1004,28032,31141,59173,0
1005,23897.4,28129.8,52027.1,0
1006,51211.2,31338,82549.2,0
1007,22647.6,31404.3,54051.9,0
1008,18482,31819.5,50301.6,0
1009,14455.1,31510.6,45965.7,0
1010,41554.8,25838.2,67393,0
1011,42943.3,35416.6,78359.8,0
1012,12621.8,30388.5,43010.3,0
1013,13562.8,29947.4,43510.2,0
1014,29211.1,30322.8,59533.9,0
1015,23285.5,30416.6,53702.1,0
1016,24764.8,25170.4,49935.2,0
1017,14330.2,30838.5,45168.6,0
1018,51660.6,28590.3,80250.9,0
1019,23293.7,30350.6,53644.3,0
1020,23485,29211.2,52696.2,0
1021,43693.8,27685.7,71379.5,0
1022,13989,30401.7,44390.7,0
1023,19457.3,27880.6,47337.9,0
1024,19323.1,30457.9,49781,0
1025,14757,25437.8,40194.8,0
1026,15094.9,31755.4,46850.4,0
1027,12722,26300.6,39022.5,0
1028,22615.8,25371.6,47987.4,0
1029,33231.4,28994.9,62226.3,0
1030,24380.1,28001.7,52381.8,0
1031,45917,26725.1,72642.2,0
1032,31168.7,29764.7,60933.4,0
1033,45494.5,27300.8,72795.3,0
1034,19498.1,23209.8,42708,0
1035,50483.4,28881.9,79365.2,0
1036,14974,28099.2,43073.2,0
1037,23412.7,30355.1,53767.8,0
1038,22941.4,26607.2,49548.6,0
1039,16024.4,24448.4,40472.8,0
1040,20256.9,30885.5,51142.4,0
1041,47429.6,27458.4,74888,0
1042,19478.8,21161,40639.8,0
1043,14498.6,23486.7,37985.3,0
1044,20159.4,20817.7,40977.1,0
1045,14513.8,28001.1,42514.8,0
1046,34444.5,23726.6,58171.1,0
1047,10943,23729.4,34672.4,0
1048,21269.9,23939.6,45209.5,0
1049,34304.4,20624.1,54928.5,0
1050,11288.2,24527.7,35815.9,0
1051,14383.2,22104.5,36487.7,0
1052,30287.9,23121.8,53409.7,0
1053,27190.9,22442.4,49633.3,0
1054,15857.9,22400.2,38258.1,0
1055,55574.3,19938.6,75513,0
1056,34177.4,27267.3,61444.6,0
1057,47054.9,23286.7,70341.7,0
1058,11904.6,25001.4,36906,0
1059,25391,25200.8,50591.8,0
1060,11259.7,25826.6,37086.3,0
1061,24688.4,24988.7,49677.1,0
1062,17601.2,28435.9,46037.1,0
1063,47230.8,29498.5,76729.2,0
1064,26988.1,29219.4,56207.5,0
1065,35530,28384.6,63914.7,0
1066,17324.3,24184.1,41508.4,0
1067,44650.1,23544.9,68195.1,0
1068,20611.8,22715.4,43327.2,0
1069,14937.2,25601,40538.1,0
1070,14783.5,27019.9,41803.4,0
1071,24188.9,28139.5,52328.4,0
1072,30888.3,30796.9,61685.2,0
1073,24447.1,37322.3,61769.4,0
1074,33296.4,30456.4,63752.8,0
1075,19980.9,28389.5,48370.4,0
1076,25211.5,28412.5,53624,0
1077,29549.4,26804.1,56353.5,0
1078,16470.4,29525.9,45996.3,0
1079,25621.5,25188.7,50810.1,0
1080,20813,28921.6,49734.6,0
1081,20034.3,29197.4,49231.7,0
1082,37030.5,29719.8,66750.3,0
1083,18417.1,33383.2,51800.3,0
1084,57989.4,29320.7,87310.1,0
1085,17450.3,21293.9,38744.3,0
1086,41403.3,28621,70024.3,0
1087,30385.4,33044.6,63430,0
1088,44136.5,27353.9,71490.4,0
1089,11756.4,28403.8,40160.2,0
1090,16371.9,34507.3,50879.2,0
1091,33811.9,30254.8,64066.7,0
1092,15560.6,34001,49561.6,0
1093,25033.1,30239.7,55272.8,0
1094,24466,29956.7,54422.7,0
1095,20354.4,29003.1,49357.5,0
1096,44645.2,26961.9,71607,0
1097,12907.3,31031.9,43939.3,0
1098,16789.2,28995.2,45784.4,0
1099,27423.1,27719.6,55142.7,0
1100,33607.7,28846.8,62454.5,0
1101,32044.9,28087,60131.9,0
1102,26808.4,30150.8,56959.1,0
1103,15056,30176.1,45232.1,0
1104,20447.3,27678.5,48125.8,0
1105,25935.9,27653.7,53589.6,0
1106,16979,29602.8,46581.8,0
1107,25578,32326,57903.9,0
1108,37742.7,29813.6,67556.2,0
1109,21197.1,30834.8,52032,0
1110,13148.4,28688.2,41836.6,0
1111,16661,28069.2,44730.1,0
1112,57390.1,28757.8,86148,0
1113,27460.3,30395,57855.3,0
1114,15104.2,29393.5,44497.6,0
1115,66909.8,30601.2,97511,0
1116,32254.9,29096.6,61351.5,0
1117,13648.7,26309.3,39958,0
1118,12259.9,30552.5,42812.4,0
1119,45578,29220.4,74798.4,0
1120,45703.9,25069.1,70773,0
1121,59136.2,25725.1,84861.2,0
1122,69572.3,32633.5,102206,0
1123,26122.4,31070.8,57193.2,0
1124,20730.7,28564.2,49294.9,0
1125,20484.8,28492.3,48977.1,0
1126,22465.7,28855.4,51321,0
1127,25753.5,29148.7,54902.2,0
1128,53724.3,26928.8,80653.2,0
1129,23672.1,25582.5,49254.6,0
1130,35048.3,27313.9,62362.2,0
1131,28829,30326.2,59155.2,0
1132,22770.6,27195.7,49966.3,0
1133,97890,28375.6,126266,0
1134,14847.4,30717.9,45565.3,0
1135,38183.4,26122.4,64305.8,0
1136,16565.9,27275.8,43841.7,0
1137,67937.7,30181.4,98119.1,0
1138,19913.8,31040.7,50954.5,0
1139,48733.6,30282.1,79015.7,0
1140,12988.2,30066.9,43055.1,0
1141,17652.5,25282.1,42934.6,0
1142,23682.9,33085.4,56768.4,0
1143,54587.4,30872.1,85459.5,0
1144,24122.5,26510.6,50633.1,0
1145,21399.3,32075.9,53475.1,0
1146,18730,30484.8,49214.7,0
1147,17470.9,30268,47738.9,0
1148,17750.4,29200,46950.3,0
1149,53519,28318.2,81837.2,0
1150,38557.7,30372.4,68930,0
1151,13189.1,26751.2,39940.3,0
1152,12073.2,31595,43668.2,0
1153,28243.4,26662.8,54906.2,0
1154,16743.8,28498.4,45242.2,0
1155,74225.7,28259.2,102485,0
1156,13258.5,33130.1,46388.6,0
1157,20264.8,28917.5,49182.3,0
1158,26635.9,31794,58429.9,0
1159,24996.7,24763.6,49760.3,0
1160,53281.2,29997.7,83278.9,0
1161,12176.6,31250.4,43426.9,0
1162,58792.4,26550.2,85342.6,0
1163,19038.9,32089.3,51128.2,0
1164,16697.7,32786.3,49484,0
1165,21738.4,32757.7,54496.1,0
1166,18238.2,27295.1,45533.3,0
1167,15704.8,24706.1,40410.9,0
1168,26624.2,27031.4,53655.6,0
1169,28388.2,27220.6,55608.8,0
1170,17553.3,32910.2,50463.5,0
1171,60395.1,30394.1,90789.2,0
1172,27390.3,31373.4,58763.7,0
1173,33441.8,28649.3,62091,0
1174,44107.3,24207.4,68314.7,0
1175,33051.8,23951.7,57003.5,0
1176,19442.9,22396.2,41839.1,0
1177,23755.1,29628.8,53383.9,0
1178,30719.7,27843.2,58563,0
1179,36413.8,27207.9,63621.7,0
1180,21713.7,30458.6,52172.3,0
1181,21157.4,28151.6,49309,0
1182,14580.7,30250.1,44830.8,0
1183,35818.4,25415.2,61233.6,0
1184,24649.7,30964.1,55613.8,0
1185,15620.7,30514.6,46135.3,0
1186,21462.5,27165.7,48628.2,0
1187,26519.1,30247.5,56766.6,0
1188,38014.8,32079.4,70094.2,0
1189,44902.7,30374,75276.7,0
1190,26749.5,28411,55160.5,0
1191,31463.7,29743.7,61207.4,0
1192,19433,26758.7,46191.8,0
1193,17179.6,26619.1,43798.7,0
1194,25075.1,30859.6,55934.8,0
1195,13929.5,29149.6,43079.1,0
1196,14238.6,29140.8,43379.4,0
1197,21559,29759.6,51318.6,0
1198,22279.5,34408.8,56688.3,0
1199,22106.7,25608.1,47714.8,0
1200,21421.1,33155.6,54576.7,0
1201,15467.5,27872.5,43340,0
1202,22933.8,24947.6,47881.4,0
1203,29672.5,29358.6,59031.1,0
1204,59126.1,28588,87714.2,0
1205,24742.8,32473.8,57216.6,0
1206,15815.8,33119.6,48935.5,0
1207,18695.4,26095.8,44791.3,0
1208,21937,29047.4,50984.4,0
1209,35505.6,27931.5,63437.2,0
1210,31208.6,30795.9,62004.4,0
1211,55872.3,30217.1,86089.4,0
1212,21431.1,30432.6,51863.7,0
1213,17062.8,26807.2,43869.9,0
1214,12411.6,29527.2,41938.8,0
1215,28061.2,25960.9,54022.1,0
1216,27211,29529.4,56740.4,0
1217,60980.4,30659.9,91640.3,0
1218,18497,31476,49973,0
1219,51335.6,29161.4,80497,0
1220,14802.9,29030,43832.9,0
1221,29059.3,28188.8,57248.1,0
1222,37909.1,28620.9,66530,0
1223,48785.6,28601,77386.6,0
1224,15908.1,28966.9,44874.9,0
1225,18772.8,25800,44572.8,0
1226,50852,28599.5,79451.4,0
1227,52087.9,30582.2,82670.1,0
1228,40817.1,30175.2,70992.3,0
1229,17225.3,31681.2,48906.5,0
1230,32756.1,29671.4,62427.5,0
1231,29959.1,30803.4,60762.5,0
1232,28512.2,31135,59647.2,0
1233,28532.1,28828.4,57360.5,0
1234,21788.6,26584.3,48372.9,0
1235,74876.4,30334.4,105211,0
1236,12297.5,32290.9,44588.4,0
1237,62877.1,27022.5,89899.6,0
1238,17717.6,31202.2,48919.8,0
1239,36054.6,28814.3,64868.9,0
1240,40240.5,26655.6,66896.1,0
1241,13754.3,26297.2,40051.4,0
1242,28732.2,30749.2,59481.4,0
1243,18201.8,29338.3,47540,0
1244,26481,29341.5,55822.5,0
1245,30730.2,28773.7,59503.9,0
1246,29598.8,32342.4,61941.2,0
1247,37979.8,25114.4,63094.2,0
1248,30296.8,30029.2,60326,0
1249,17799.8,26208.3,44008.2,0
1250,26988.4,29436,56424.4,0
1251,25761.7,28651,54412.7,0
1252,10967.6,29249.8,40217.4,0
1253,18637.6,26022.4,44660,0
1254,21692.4,28146.1,49838.5,0
1255,29021.8,30477.5,59499.3,0
1256,18632.6,29192.4,47825,0
1257,37817.6,33253.1,71070.7,0
1258,29827.9,29962.6,59790.5,0
1259,75116.2,26971,102087,0
1260,27559.5,31109.4,58668.9,0
1261,31411.7,26578.1,57989.9,0
1262,39619.2,30462.7,70081.9,0
1263,17718.5,31568.6,49287.1,0
1264,28199.4,31268.6,59468,0
1265,29301.8,26246.1,55547.8,0
1266,68950.4,31181.3,100132,0
1267,28301.4,32523.4,60824.8,0
1268,30264.4,28936.4,59200.8,0
1269,28165.4,28824.5,56989.9,0
1270,18516.7,26595.6,45112.3,0
1271,39197.7,29177.7,68375.4,0
1272,65340.6,25527.9,90868.5,0
1273,16933.3,27903.4,44836.8,0
1274,17923.7,27484.6,45408.3,0
1275,39186.4,25006.5,64192.8,0
1276,22030,29275.7,51305.8,0
1277,18680.9,29488.8,48169.7,0
1278,32742.8,28118.5,60861.3,0
1279,28216,26629.5,54845.5,0
1280,36289,29281.2,65570.3,0
1281,16089.9,27580.7,43670.6,0
1282,15150.9,27464.9,42615.8,0
1283,12714.9,24618.9,37333.7,0
1284,16010.6,26400,42410.6,0
1285,25661.2,31230.4,56891.6,0
1286,31038.5,25703.5,56742,0
1287,17906.7,31352.9,49259.6,0
1288,31597.8,24924.4,56522.2,0
1289,17932.7,33202.5,51135.2,0
1290,41537.9,28477.6,70015.5,0
1291,28716.8,33084,61800.7,0
1292,24879.5,28451.2,53330.7,0
1293,25639,26114.3,51753.4,0
1294,13118.1,28806.5,41924.7,0
1295,41123.4,28552.6,69675.9,0
1296,14961.4,30029.2,44990.6,0
1297,78792.8,23713.5,102506,0
1298,52445.6,23069.4,75515,0
1299,56823.3,27370.9,84194.2,0
1300,36307.4,30889,67196.4,0
1301,30445.5,30059.9,60505.4,0
1302,17633.8,29526.9,47160.7,0
1303,14272.3,27952.5,42224.7,0
1304,15505.4,28837.5,44342.9,0
1305,17316.3,29765.2,47081.5,0
1306,21963.2,25288.8,47252,0
1307,13306.8,31350.9,44657.6,0
1308,62187.8,29159.7,91347.6,0
1309,12342.1,28676.6,41018.6,0
1310,31856.4,29028.8,60885.3,0
1311,32948.4,32647.5,65595.9,0
1312,65386.5,27862.1,93248.6,0
1313,27885.8,27692.4,55578.2,0
1314,27804.3,27632.7,55436.9,0
1315,16223.2,31514.8,47738,0
1316,15083.5,29670.6,44754.1,0
1317,21054.2,29064.1,50118.3,0
1318,25028.2,28984,54012.2,0
1319,14395.8,29215.5,43611.3,0
1320,34752.8,28207.9,62960.8,0
1321,40607.4,29089,69696.4,0
1322,25064.2,31747.5,56811.6,0
1323,23916.1,29168.8,53084.9,0
1324,11636.2,29273.3,40909.6,0
1325,62335.1,30561.7,92896.8,0
1326,40888,29633,70521,0
1327,43882.1,25840.1,69722.2,0
1328,24302.6,31115.1,55417.7,0
1329,18086.7,26511,44597.6,0
1330,16634.7,26331.8,42966.5,0
1331,32148.5,31136.4,63284.9,0
1332,40550,27543.6,68093.6,0
1333,33867.8,26947.3,60815.1,0
1334,20857.8,30963.3,51821,0
1335,34206.9,26407.5,60614.4,0
1336,17306.4,29945.4,47251.9,0
1337,20456.2,26769.6,47225.8,0
1338,61856,29492.1,91348.1,0
1339,32199.2,26745.6,58944.8,0
1340,64369,29561.6,93930.6,0
1341,56961.6,29000.6,85962.2,0
1342,26222.8,26996.6,53219.4,0
1343,14108.9,29661.2,43770.1,0
1344,16479.5,27417.6,43897.1,0
1345,31039.4,28855.8,59895.1,0
1346,19420.4,29290.3,48710.7,0
1347,17807.6,30445.9,48253.4,0
1348,40015.9,25615.2,65631.1,0
1349,18711.4,26863.9,45575.3,0
1350,30732.8,30755.5,61488.3,0
1351,28818.5,29460.8,58279.3,0
1352,32855.6,28191.6,61047.2,0
1353,26314.6,28423.3,54737.9,0
1354,39673.3,29402.3,69075.6,0
1355,15705.2,28142.4,43847.6,0
1356,84459.6,26918.8,111378,0
1357,16418.1,30160.4,46578.5,0
1358,20333.7,32775,53108.7,0
1359,57090.7,39401.9,96492.6,0
1360,57653.9,29908.8,87562.7,0
1361,17496.8,29689.8,47186.6,0
1362,33360.7,32278,65638.7,0
1363,39420.5,24874.2,64294.7,0
1364,43877,29453.1,73330.1,0
1365,29533,27048.9,56581.9,0
1366,54262.4,26030.9,80293.3,0
1367,63063.9,26838.6,89902.5,0
1368,24835.9,27897.6,52733.5,0
1369,21226.2,27200.2,48426.4,0
1370,13754.8,25744.2,39499,0
1371,44538,24016.8,68554.8,0
1372,24488.8,28166.4,52655.2,0
1373,19968.4,24238.2,44206.6,0
1374,13342.5,31513.7,44856.2,0
1375,67457.7,24503.8,91961.5,0
1376,19408.4,26004.9,45413.3,0
1377,17439.8,27337,44776.8,0
1378,33138.4,24852.1,57990.4,0
1379,30384,29259.8,59643.8,0
1380,14349.9,30244.9,44594.8,0
1381,38003.9,28894.1,66898,0
1382,43561.7,30084.8,73646.6,0
1383,19452.7,30456.7,49909.4,0
1384,16810.5,30197.6,47008,0
1385,18726.5,32560.5,51286.9,0
1386,40719.1,25407.2,66126.3,0
1387,39077,29739.9,68816.9,0
1388,22545.3,28407.4,50952.7,0
1389,26609,23657.7,50266.7,0
1390,20207.2,27676.7,47883.9,0
1391,21965.7,25397.2,47362.9,0
1392,58452.2,28816.9,87269.1,0
1393,23743.2,26636.9,50380.1,0
1394,14093,27356.8,41449.8,0
1395,31433.8,25128.5,56562.3,0
1396,30268.4,27315.4,57583.8,0
1397,29359.6,24689.7,54049.3,0
1398,19633.6,28500.8,48134.4,0
1399,18477.4,27582.3,46059.7,0
1400,14739.2,26261.4,41000.6,0
1401,26838.7,24199.9,51038.6,0
1402,20439,27596.2,48035.3,0
1403,22378.3,25224.5,47602.9,0
1404,16790.3,26977.1,43767.4,0
1405,18115.8,26210.9,44326.6,0
1406,18528.7,27761.6,46290.3,0
1407,26307,23922.5,50229.6,0
1408,29036.6,27949.3,56985.9,0
1409,41262,26702,67964,0
1410,26012.4,21388.5,47400.9,0
1411,15672.4,21265,36937.4,0
1412,34818.1,20966.2,55784.3,0
1413,17826.2,20465.5,38291.8,0
1414,25788.5,22784.9,48573.4,0
1415,25973.7,20272.3,46246,0
1416,17192.4,23392.1,40584.5,0
1417,66364.4,25576.5,91940.9,0
1418,33081.7,20402.1,53483.8,0
1419,33798.8,25541.6,59340.3,0
1420,29472.9,22616.2,52089.1,0
1421,42358,20131.1,62489.1,0
1422,16632,25418.4,42050.4,0
1423,17028.4,20709.4,37737.8,0
1424,43632,20341.5,63973.5,0
1425,19778,23779,43557,0
1426,68851.9,21394.5,90246.4,0
1427,33512,24996.6,58508.7,0
1428,19033.4,22990.8,42024.2,0
1429,33272.3,22750.6,56023,0
1430,29754.2,24162.8,53917,0
1431,36335.1,24807.7,61142.8,0
1432,31747.9,24111,55859,0
1433,63700.4,27572.7,91273.1,0
1434,46963.2,23427.8,70391,0
1435,28598.2,22121.4,50719.6,0
1436,19887.1,26710.6,46597.8,0
1437,22923.1,21790.3,44713.4,0
1438,28359.8,23020.6,51380.4,0
1439,17395.6,27740.8,45136.4,0
1440,59692.4,25075.7,84768.1,0
1441,64507.5,27447.9,91955.4,0
1442,32557.7,23361.1,55918.8,0
1443,21566.5,21002.8,42569.3,0
1444,39814.8,21525.6,61340.4,0
1445,24663.6,23185.4,47849,0
1446,35199.3,21977.7,57176.9,0
1447,28383.1,25358.4,53741.5,0
1448,23717.5,27088.6,50806.2,0
1449,37441.7,31022.8,68464.5,0
1450,23594.3,27075.8,50670.1,0
1451,41075.6,22232.5,63308.1,0
1452,24122.1,22777.9,46900,0
1453,20046.7,23133.1,43179.8,0
1454,58682.1,23061.5,81743.6,0
1455,23309.6,24471.7,47781.3,0
1456,17830,23176.9,41006.9,0
1457,71816,22162,93978,0
1458,33388,25929,59317,0
1459,24109,24181.7,48290.7,0
1460,19078.7,23445.7,42524.3,0
1461,16705,28914.4,45619.4,0
1462,37129,31914.8,69043.8,0
1463,129868,28868.7,158737,0
1464,66458.7,31145.8,97604.5,0
1465,35784.9,31805.8,67590.6,0
1466,18318.6,31523.1,49841.7,0
1467,70682.2,29973.2,100655,0
1468,22129.1,29663.2,51792.3,0
1469,37056.9,27337.8,64394.7,0
1470,33414.1,30945.7,64359.8,0
1471,38864.3,27988.4,66852.7,0
1472,29014.6,32006.3,61020.9,0
1473,38568.9,31129.5,69698.3,0
1474,18026,30614.6,48640.5,0
1475,17816.6,27473,45289.7,0
1476,19204.5,29435.5,48640,0
1477,27635,27627.3,55262.3,0
1478,33639.8,28796.9,62436.7,0
1479,60057.3,27316.1,87373.5,0
1480,35329.6,24486.3,59815.9,0
1481,28435.6,34180.1,62615.7,0
1482,15581.9,29681.9,45263.8,0
1483,15221.7,30215.9,45437.7,0
1484,20952.4,29176.6,50128.9,0
1485,43415.6,29009.4,72425,0
1486,21936.3,33565.5,55501.8,0
1487,16658.5,31411.6,48070.1,0
1488,36585,25493.8,62078.8,0
1489,26607.8,32070.7,58678.5,0
1490,48816,28894.1,77710.2,0
1491,25858.7,29094.3,54952.9,0
1492,67733.2,28968.4,96701.6,0
1493,22826.3,32256.3,55082.6,0
1494,21646.1,30460.6,52106.7,0
1495,45338.5,25695.9,71034.4,0
1496,34968.4,29347.2,64315.5,0
1497,36275.6,29615.1,65890.7,0
1498,19485.4,28801.1,48286.5,0
1499,31025.3,42520.1,73545.4,0
1500,17882,26315.6,44197.7,0
1501,23051.3,29337.6,52388.9,0
1502,15815.8,31354.8,47170.6,0
1503,48166.9,29354.7,77521.6,0
1504,20282.5,29644,49926.5,0
1505,26831,41307.7,68138.7,0
1506,37328.4,22083.3,59411.7,0
1507,64099.6,22341.4,86441,0
1508,61142.3,19777.4,80919.7,0
1509,20874.7,25568.8,46443.4,0
1510,76097.9,21750.7,97848.6,0
1511,20245,23538.4,43783.4,0
1512,32351.7,23606.2,55957.9,0
1513,24390.7,23058.4,47449,0
1514,25340.5,22285.1,47625.6,0
1515,20463.1,22922.4,43385.5,0
1516,67813,25196.2,93009.2,0
1517,34353.1,28058.5,62411.6,0
1518,102609,21581.9,124191,0
1519,46816.4,26141.3,72957.6,0
1520,40339.1,30056.8,70396,0
1521,23595.1,26291.8,49886.9,0
1522,39384.4,31706.7,71091.1,0
1523,19533.4,26458.5,45992,0
1524,29004.6,30871.6,59876.2,0
1525,28181.9,27650.5,55832.4,0
1526,17444.4,28530.3,45974.8,0
1527,36922.6,29218.9,66141.5,0
1528,16083.7,31375.6,47459.3,0
1529,76162.8,26755.7,102919,0
1530,26629.8,31118.8,57748.6,0
1531,25406.5,28398.2,53804.6,0
1532,34490.9,27130.5,61621.4,0
1533,46253.2,28466.5,74719.7,0
1534,35866.5,25437.6,61304.1,0
1535,26414.2,26679.1,53093.4,0
1536,26071.1,26907.1,52978.2,0
1537,22566.2,32332.1,54898.3,0
1538,47719.4,27815.6,75534.9,0
1539,20661.1,29811.5,50472.6,0
1540,23491.4,29349.9,52841.2,0
1541,31283.2,26068.1,57351.3,0
1542,94814,32565.1,127379,0
1543,28633.1,28109.3,56742.5,0
1544,19834.8,27689.3,47524,0
1545,26277.3,28989.5,55266.7,0
1546,77529.6,25903.3,103433,0
1547,24617,26797.8,51414.8,0
1548,17637.9,27702.3,45340.1,0
1549,17374.4,28609.1,45983.5,0
1550,25360.8,28552.6,53913.4,0
1551,15179.4,30787.5,45966.9,0
1552,36202.2,30109.1,66311.3,0
1553,48309.1,30556.9,78866,0
1554,17792.2,27434.9,45227.2,0
1555,35654.2,28985.5,64639.7,0
1556,18119.7,28708,46827.8,0
1557,38009.9,28777,66786.9,0
1558,40789.7,31492.9,72282.6,0
1559,27646.9,33294.4,60941.3,0
1560,23987.9,30438.4,54426.2,0
1561,22813.1,29749.7,52562.7,0
1562,38213.8,29193.7,67407.5,0
1563,20870.3,27362.2,48232.5,0
1564,24566.5,26179.9,50746.4,0
1565,35305.2,28956.3,64261.4,0
1566,68875.8,31749.3,100625,0
1567,35955.1,30452.6,66407.8,0
1568,65276.7,31503,96779.7,0
1569,39969.9,29174.6,69144.5,0
1570,36805.2,26507.5,63312.7,0
1571,35253.6,32942.5,68196.1,0
1572,50944.2,33429.6,84373.8,0
1573,38896.8,28759.7,67656.5,0
1574,27015.4,34287.7,61303.1,0
1575,47869.9,25405.8,73275.7,0
1576,51444.9,33807.7,85252.6,0
1577,29443.9,31715.3,61159.3,0
1578,41861.5,33360.3,75221.8,0
1579,35684.4,27725.1,63409.6,0
1580,41908.4,29385.5,71293.9,0
1581,31966.6,27010.5,58977,0
1582,21503.7,30051.3,51554.9,0
1583,80195.5,26365.8,106561,0
1584,27793.8,32988.4,60782.1,0
1585,36305.4,31428.6,67734,0
1586,44017.5,30980.2,74997.7,0
1587,23939.9,31055.5,54995.4,0
1588,51378.7,30372.7,81751.4,0
1589,35682.5,29848.1,65530.6,0
1590,39135.9,25411.4,64547.2,0
1591,68362.9,30404.9,98767.8,0
1592,32566.3,33033.6,65599.9,0
1593,35465.6,31170.2,66635.9,0
1594,72330.4,35035.9,107366,0
1595,18744.7,27685.6,46430.3,0
1596,22389.3,30443.2,52832.5,0
1597,17485.6,31501.2,48986.8,0
1598,19596,30108.5,49704.4,0
1599,32724.3,26061.2,58785.5,0
1600,17767,29304.6,47071.6,0
1601,35299.7,27045.2,62344.9,0
1602,63545.9,25791.5,89337.4,0
1603,36720.4,28278.1,64998.6,0
1604,38670.4,29686.7,68357.1,0
1605,29867.6,31376,61243.6,0
1606,28180.8,32873.5,61054.3,0
1607,29204.4,29399.6,58604,0
1608,36853.5,32910,69763.5,0
1609,52696.7,31774.4,84471.1,0
1610,37246.6,34348.8,71595.3,0
1611,48160.6,26167,74327.6,0
1612,21257,25694.8,46951.8,0
1613,75618.3,25700.8,101319,0
1614,37832.4,29489.6,67322,0
1615,28631.6,28690,57321.7,0
1616,26951.3,26991.9,53943.2,0
1617,41697.4,26724.6,68421.9,0
1618,57075.4,24593.2,81668.5,0
1619,19707.5,25500.9,45208.4,0
1620,77097.5,24862.2,101960,0
1621,71978.6,31770.6,103749,0
1622,32320,31460.1,63780.1,0
1623,22615.5,30029.8,52645.3,0
1624,37063.9,29235.3,66299.3,0
1625,18547.8,31874.6,50422.5,0
1626,22334.7,28009.6,50344.3,0
1627,140086,27491.6,167577,0
1628,87703.8,33450.6,121154,0
1629,25244,34120.6,59364.5,0
1630,141873,32382.9,174256,0
1631,16750.8,32515.5,49266.4,0
1632,15541,29027.3,44568.3,0
1633,24082.9,31597.4,55680.3,0
1634,38462.4,25476.7,63939.1,0
1635,30981,28556.8,59537.8,0
1636,21133.4,27563.1,48696.5,0
1637,29757.8,33437,63194.8,0
1638,25990.1,28303.4,54293.5,0
1639,25515.9,34078.9,59594.8,0
1640,30554,33894.6,64448.6,0
1641,51566.6,29345.5,80912.1,0
1642,18606.9,29378.7,47985.6,0
1643,36807.6,34384.7,71192.3,0
1644,21315.6,29696.8,51012.3,0
1645,21947.6,34726.6,56674.2,0
1646,18825.2,35324.2,54149.4,0
1647,72973.2,30785.7,103759,0
1648,43290.5,31465.2,74755.6,0
1649,44558.6,26945.7,71504.3,0
1650,74288.4,27017.9,101306,0
1651,19042.8,26274.9,45317.7,0
1652,49239.7,28195.2,77434.9,0
1653,43227.2,27447.1,70674.3,0
1654,77215.4,32221.5,109437,0
1655,42454.4,33475.4,75929.8,0
1656,53631,30293.3,83924.3,0
1657,23162,35514.7,58676.6,0
1658,18306,27742.4,46048.4,0
1659,17046.4,28788.5,45834.9,0
1660,27311,39158.1,66469.2,0
1661,75021.2,31052.1,106073,0
1662,23421.7,29915.9,53337.5,0
1663,32565.9,29855.7,62421.5,0
1664,21619.8,25243.5,46863.4,0
1665,26390.2,26161.3,52551.5,0
1666,50592.7,30594.5,81187.1,0
1667,19387.9,27832.1,47220,0
1668,40356.2,30798.5,71154.7,0
1669,48204.3,28176.7,76381,0
1670,37491.4,37364.7,74856.1,0
1671,39438,30421.1,69859.1,0
1672,46851.2,27572.6,74423.8,0
1673,21689.9,31713.8,53403.7,0
1674,80385.9,32876.2,113262,0
1675,89489,30953.5,120442,0
1676,28207.9,35172.5,63380.4,0
1677,29945.8,30036.5,59982.3,0
1678,85151.4,29419.8,114571,0
1679,19971.8,33197,53168.8,0
1680,88583.6,31927.5,120511,0
1681,21978.5,33202,55180.6,0
1682,39936.8,33886.2,73823,0
1683,22485,32190.9,54675.9,0
1684,40271.9,30612.3,70884.2,0
1685,29196.1,30907.4,60103.5,0
1686,79390.5,31777.1,111168,0
1687,18576.6,32038.5,50615.1,0
1688,48478.1,31343.4,79821.5,0
1689,21996.1,35083.3,57079.3,0
1690,31936.9,29613.9,61550.9,0
1691,53754,30209,83963,0
1692,34405.2,29273.4,63678.7,0
1693,75586.2,30068.1,105654,0
1694,75897,26648.2,102545,0
1695,19790.4,32257.1,52047.5,0
1696,26941.7,25938.6,52880.4,0
1697,27267.3,28213.5,55480.8,0
1698,24641.5,30115.8,54757.2,0
1699,31415.1,35609.1,67024.2,0
1700,35797.1,28700.6,64497.7,0
1701,61100.4,31875.2,92975.6,0
1702,30557,26865.6,57422.6,0
1703,21220.6,26821.7,48042.3,0
1704,22640.4,31137.3,53777.7,0
1705,52551.2,28737.1,81288.3,0
1706,21734.3,33038.5,54772.8,0
1707,38260.8,30224.9,68485.7,0
1708,38392.4,28006,66398.4,0
1709,22496.7,31203.3,53700,0
1710,39205.2,33379,72584.2,0
1711,42801.8,29690.5,72492.2,0
1712,54578.7,27107.8,81686.5,0
1713,46058.4,32419.2,78477.6,0
1714,22338.1,34495.9,56834,0
1715,30478.4,29052.4,59530.8,0
1716,90392.1,29661.6,120054,0
1717,31381.5,28690.6,60072.1,0
1718,32185.1,32512.6,64697.7,0
1719,20174.8,28310.2,48485,0
1720,30290.7,27842.1,58132.8,0
1721,40101,30774.1,70875.1,0
1722,37836.3,27779.2,65615.4,0
1723,61073,32425.1,93498.2,0
1724,25583.5,27725.7,53309.1,0
1725,48681,28503,77184,0
1726,46556.9,27867.6,74424.4,0
1727,29343.5,33843.3,63186.7,0
1728,77716.2,30172.8,107889,0
1729,22667.6,31987.7,54655.3,0
1730,43593.4,31054.6,74648,0
1731,17732.3,30783.3,48515.6,0
1732,62609.6,29922.6,92532.2,0
1733,25421.3,29832.3,55253.6,0
1734,27081.6,28439.2,55520.8,0
1735,15841.7,27767.5,43609.2,0
1736,46321.4,27709.1,74030.5,0
1737,47287.3,25368,72655.3,0
1738,31141.8,34614.7,65756.6,0
1739,22973.4,34274.4,57247.9,0
1740,15071,34326.7,49397.7,0
1741,23296,25377.5,48673.5,0
1742,32823.5,33453.3,66276.8,0
1743,108477,32240.4,140717,0
1744,23169,30476.8,53645.8,0
1745,54708.7,29814.3,84523,0
1746,70594.6,24472.9,95067.5,0
1747,28700.1,24896.2,53596.2,0
1748,79773.1,26398.5,106172,0
1749,83308.3,25198.8,108507,0
1750,31104.9,29826.4,60931.3,0
1751,69981.4,28908.2,98889.5,0
1752,46468.6,26371.8,72840.4,0
1753,43519.5,28708.5,72228,0
1754,61936.2,31556.8,93493,0
1755,47318.7,35441.3,82760,0
1756,43400.3,34168.1,77568.4,0
1757,73895,34149.4,108044,0
1758,19288,35835.8,55123.8,0
1759,47669.1,29263.6,76932.7,0
1760,19520.2,30887.8,50407.9,0
1761,46693.6,29234.6,75928.3,0
1762,25668.8,28544.9,54213.8,0
1763,18455.2,26211.8,44667.1,0
1764,53248.1,26988.7,80236.8,0
1765,90835.7,23943.6,114779,0
1766,96170.2,27822.8,123993,0
1767,41631.6,32062.7,73694.3,0
1768,28257.6,35832.6,64090.2,0
1769,63476.1,30950.5,94426.7,0
1770,33592.3,29520.6,63112.9,0
1771,57859.1,29243.8,87102.9,0
1772,57142.4,30958.1,88100.5,0
1773,32227,30758.3,62985.3,0
1774,25829.9,27961.1,53791,0
1775,27501.3,29203.9,56705.2,0
1776,64620.9,26034.5,90655.5,0
1777,29041.4,24333.7,53375.1,0
1778,24874.8,24264.8,49139.6,0
1779,92918.3,27877.5,120796,0
1780,80707.6,30238.2,110946,0
1781,18283.9,28989.5,47273.4,0
1782,28999.6,29648.1,58647.7,0
1783,30550.7,27154.9,57705.6,0
1784,42182.5,26631.2,68813.7,0
1785,46713.8,25065.1,71778.9,0
1786,19932.7,27636.8,47569.4,0
1787,44947.8,22591.1,67538.9,0
1788,89292.3,21475.5,110768,0
1789,50600.1,26488.3,77088.3,0
1790,29413.8,23788.3,53202.1,0
1791,22923,23734.7,46657.6,0
1792,109819,21846.8,131666,0
1793,27084.3,25492.1,52576.4,0
1794,38500.9,24205.6,62706.5,0
1795,32262.8,22080.6,54343.5,0
1796,80068.9,26300.7,106370,0
1797,25833.7,23194.2,49027.9,0
1798,29370.5,23488.7,52859.1,0
1799,64736,25343.7,90079.7,0
1800,29339.2,24566.3,53905.5,0
1801,71120.1,22862.9,93983.1,0
1802,27585.2,22388.1,49973.3,0
1803,74842,24963.9,99805.9,0
1804,93150.1,27921.6,121072,0
1805,41881.8,24732,66613.9,0
1806,66900.1,25607.5,92507.6,0
1807,44114,24045.1,68159.1,0
1808,39574.7,26948.1,66522.8,0
1809,47382.2,26227.3,73609.5,0
1810,53513.2,32797.1,86310.3,0
1811,54975.4,31297.4,86272.9,0
1812,19285.7,32331.7,51617.4,0
1813,27263.7,30731.2,57994.8,0
1814,26678.9,28764.5,55443.5,0
1815,20078.7,26665.7,46744.4,0
1816,25783.5,29327.2,55110.6,0
1817,81005.7,26856.9,107863,0
1818,29484.8,32170.4,61655.2,0
1819,30052.7,30575.9,60628.6,0
1820,33996.6,30994.9,64991.5,0
1821,25212.7,25830.6,51043.3,0
1822,30018.2,26750.6,56768.9,0
1823,34721.5,32149.4,66870.9,0
1824,30560.6,33173.2,63733.8,0
1825,29034.7,30695.6,59730.2,0
1826,33596.2,31634.2,65230.4,0
1827,24922.8,30144.6,55067.3,0
1828,63197.9,26953.1,90151,0
1829,29867.1,30409,60276,0
1830,69267,31612.9,100880,0
1831,49086,33555,82641,0
1832,46897.1,30592.7,77489.8,0
1833,26803.2,33138.4,59941.6,0
1834,93388.4,29453.2,122842,0
1835,28197.7,28241.4,56439.1,0
1836,135093,32401.4,167494,0
1837,23169.2,29517.7,52686.8,0
1838,43284.3,22325.1,65609.3,0
1839,61906.5,24498.2,86404.6,0
1840,63919.2,22273.7,86192.9,0
1841,26969.2,24950.8,51920,0
1842,26964.7,22827.7,49792.5,0
1843,23065.1,23935.3,47000.4,0
1844,92991,25660.9,118652,0
1845,43883.6,25113.9,68997.5,0
1846,27418.8,27428.1,54846.8,0
1847,44556,23587.1,68143.1,0
1848,46799.4,23352.2,70151.6,0
1849,22182,24775.8,46957.8,0
1850,33943.7,22140.6,56084.3,0
1851,27849.3,21176.5,49025.8,0
1852,172615,24753.4,197369,0
1853,39605.5,27607.9,67213.4,0
1854,41791.6,29857.7,71649.3,0
1855,31170.1,24843.4,56013.5,0
1856,23997.4,33576.1,57573.5,0
1857,32094.2,29415,61509.1,0
1858,131179,28960.5,160139,0
1859,24543.8,31594.9,56138.8,0
1860,45052.3,30996.9,76049.2,0
1861,65245.1,34386.2,99631.3,0
1862,44006.9,33452.4,77459.3,0
1863,47880,28854.1,76734.1,0
1864,31032.7,34234.5,65267.3,0
1865,30153.7,27453.5,57607.1,0
1866,47237.3,30276.3,77513.6,0
1867,31432.3,28024.4,59456.7,0
1868,28397.5,35324.5,63722,0
1869,25743.1,29234,54977.1,0
1870,53600.4,33091,86691.4,0
1871,27798.4,31190,58988.4,0
1872,31362.4,27695.8,59058.2,0
1873,38061.7,31518.1,69579.8,0
1874,59269.7,28272.7,87542.5,0
1875,42776.9,29679.6,72456.5,0
1876,169384,31809.2,201193,0
1877,37486,25648.1,63134.1,0
1878,79167.3,33556.3,112724,0
1879,35984.3,28817.3,64801.6,0
1880,33727.1,35742.7,69469.9,0
1881,55876.2,28398.3,84274.5,0
1882,52352.6,33067.6,85420.2,0
1883,45793.6,30209.8,76003.4,0
1884,52737.5,30700.7,83438.3,0
1885,32756.5,25975.9,58732.4,0
1886,44245.3,34683.2,78928.6,0
1887,41112.9,31340.5,72453.3,0
1888,46530.5,25787,72317.4,0
1889,28248.6,29448,57696.6,0
1890,18753,31061.1,49814.1,0
1891,48564.1,28954,77518.2,0
1892,54533.9,30466.7,85000.6,0
1893,30521.2,27253.1,57774.3,0
1894,32711.6,26754.5,59466.2,0
1895,29331.5,28922.9,58254.4,0
1896,27439,25924.4,53363.4,0
1897,63027.9,30122.7,93150.6,0
1898,37209.8,29925.1,67134.9,0
1899,66173,32605.6,98778.7,0
1900,53411.8,30303.1,83714.9,0
1901,36594.8,27426.1,64020.9,0
1902,29532.5,27655.8,57188.3,0
1903,22551.8,29654.1,52205.9,0
1904,70578.4,30236.8,100815,0
1905,52922.7,23937.5,76860.3,0
1906,47632.7,25061.5,72694.1,0
1907,66106.2,25565.5,91671.7,0
1908,29279.3,27880,57159.3,0
1909,48981.5,24302.2,73283.7,0
1910,18591.9,25648.7,44240.6,0
1911,49891.1,32277.9,82169.1,0
1912,21849.5,29532.6,51382.1,0
1913,63938.6,32372.1,96310.7,0
1914,43531.3,28357.4,71888.7,0
1915,169870,31687.9,201558,0
1916,36019.9,28970.9,64990.8,0
1917,102670,27108.8,129779,0
1918,78111.8,24275.7,102388,0
1919,40775.4,29102,69877.3,0
1920,59713.2,28493,88206.2,0
1921,19465.7,31642.9,51108.6,0
1922,25807.1,32606.6,58413.7,0
1923,24961.9,27040,52001.9,0
1924,31008,28832.2,59840.2,0
1925,24311.4,35004.9,59316.3,0
1926,45468.6,25848,71316.6,0
1927,32798.6,33997.6,66796.2,0
1928,49590,25008.2,74598.2,0
1929,20111.9,32174.2,52286,0
1930,42062,32585.7,74647.7,0
1931,26231.2,32323.4,58554.6,0
1932,55075.4,33015.7,88091.2,0
1933,19139.5,29620.9,48760.4,0
1934,49376.1,26700.7,76076.8,0
1935,64835.5,26299,91134.5,0
1936,34491.8,27913.9,62405.7,0
1937,41638.4,30735.7,72374.1,0
1938,30944.1,27864.3,58808.4,0
1939,52174.8,25548.2,77723,0
1940,47222.2,23307.5,70529.7,0
1941,41264.5,23611.3,64875.8,0
1942,26646.7,35299,61945.7,0
1943,23883.7,31588.4,55472.1,0
1944,29919,28489.3,58408.4,0
1945,99242.6,31026.5,130269,0
1946,26354,29604.9,55958.9,0
1947,30922,29175.7,60097.6,0
1948,123927,35612.5,159540,0
1949,27268.4,24340.7,51609.1,0
1950,38831.9,32290.4,71122.3,0
1951,78697.5,28627.4,107325,0
1952,103164,30329.3,133493,0
1953,58234.9,35055.8,93290.7,0
1954,66815.5,28034.3,94849.8,0
1955,23998.2,31515.9,55514.1,0
1956,25667,26900.5,52567.6,0
1957,41577.6,26640.7,68218.3,0
1958,83970.4,24605.8,108576,0
1959,66965,28437.4,95402.3,0
1960,52909.1,29527.4,82436.6,0
1961,169584,23078,192662,0
1962,64140.2,25453.5,89593.6,0
1963,29335.6,30925.1,60260.8,0
1964,90738.2,27246.3,117984,0
1965,22820.2,24042.8,46863,0
1966,23112.9,24827.3,47940.1,0
1967,51480.4,22322.8,73803.2,0
1968,67563.1,21948.5,89511.6,0
1969,53999.4,31579.6,85579,0
1970,39643,26885.7,66528.7,0
1971,51816.8,31922.2,83739,0
1972,42895.3,29770.1,72665.4,0
1973,60558.7,33305.9,93864.6,0
1974,60360.2,25440,85800.2,0
1975,24016.3,30381.4,54397.6,0
1976,69569.7,33541,103111,0
1977,84109.7,30430.9,114541,0
1978,35915.9,27646.2,63562.1,0
1979,44260.5,29091.7,73352.3,0
1980,46671.2,26737.2,73408.4,0
1981,60188.3,28487.6,88675.9,0
1982,39487.6,31302.9,70790.4,0
1983,32656,27831.4,60487.4,0
1984,60837.8,31042.9,91880.7,0
1985,49912.2,22116,72028.2,0
1986,64918.5,30765.3,95683.7,0
1987,100923,27553.3,128477,0
1988,131266,30170.8,161437,0
1989,27390.1,27769.3,55159.4,0
1990,34658.8,29392.7,64051.6,0
1991,29451.3,29662.9,59114.2,0
1992,33542,36851.6,70393.7,0
1993,74981.2,26202.3,101184,0
1994,29280.9,30742.9,60023.8,0
1995,60009,25465.7,85474.7,0
1996,28603.1,29362.4,57965.5,0
1997,31495.9,30988.9,62484.8,0
1998,64647.7,28610.8,93258.5,0
1999,48085.7,24544.9,72630.6,0
2000,61439.4,26109.3,87548.7,0
2001,29832.8,30843.7,60676.5,0
2002,53146.3,29224.2,82370.6,0
2003,25984.4,27739.6,53724,0
2004,51802.4,24453.2,76255.6,0
2005,47002,29764.6,76766.6,0
2006,67148.3,31609.4,98757.7,0
2007,32689.9,31568.4,64258.3,0
2008,24373.9,34983,59356.9,0
2009,37322.3,29748.8,67071.1,0
2010,74667,23493.5,98160.4,0
2011,31616.7,27553.4,59170.1,0
2012,24322.8,27710.8,52033.6,0
2013,23579.5,24788.8,48368.3,0
2014,31323.9,28894.3,60218.2,0
2015,37511.8,35270.8,72782.6,0
2016,32883.1,33710.3,66593.4,0
2017,50006.7,33743.7,83750.3,0
2018,86258.2,33622.4,119881,0
2019,85600.7,26332.3,111933,0
2020,70170.1,29266.6,99436.8,0
2021,83503.8,23465.6,106969,0
2022,30786.1,34613.2,65399.3,0
2023,26884.7,33973.2,60857.9,0
2024,44505.5,32079.5,76585,0
2025,24644.1,30118.9,54763,0
2026,101700,28567.9,130268,0
2027,88285.3,30759.5,119045,0
2028,102536,29088.2,131625,0
2029,44279.3,26266.7,70546,0
2030,18905.4,30264.1,49169.5,0
2031,121684,27895,149579,0
2032,20946.1,30866.9,51813,0
2033,47349.7,30208,77557.7,0
2034,25494.2,28071.4,53565.6,0
2035,57603,30632.6,88235.6,0
2036,35184.7,26504.3,61689,0
2037,17390.2,32435.7,49825.9,0
2038,26538.2,25991.6,52529.8,0
2039,25186.2,27853.7,53040,0
2040,63015.5,26068.3,89083.8,0
2041,27115.4,27623.2,54738.6,0
2042,27466.6,27089.4,54556,0
2043,51002.8,31366.3,82369.1,0
2044,27466.8,30929.9,58396.8,0
2045,44608.9,29878.9,74487.7,0
2046,25332,28322.8,53654.8,0
2047,54376.9,31156.3,85533.2,0
2048,20124.4,25198.5,45322.8,0
2049,35586.8,33095.1,68681.9,0
2050,34401.2,31166.1,65567.3,0
2051,18108.7,32344.5,50453.2,0
2052,28254.7,32112.2,60367,0
2053,22022.4,34766.2,56788.6,0
2054,26979.2,30161.7,57140.8,0
2055,43474.3,29293.6,72767.8,0
2056,52232.5,31675.8,83908.3,0
2057,19842.5,32195.7,52038.2,0
2058,22798.5,27650.3,50448.8,0
2059,45765.1,31252.3,77017.4,0
2060,26688,26234.6,52922.6,0
2061,85363.8,31080.3,116444,0
2062,25785.9,30262.8,56048.7,0
2063,44242.9,26360.9,70603.8,0
2064,63309.1,26915.9,90225,0
2065,60042,27375.3,87417.3,0
2066,23173.9,30974.2,54148.1,0
2067,175952,29941,205893,0
2068,104537,29966.8,134504,0
2069,79885.4,28042.6,107928,0
2070,37864.6,33054.2,70918.8,0
2071,26742.8,31382.8,58125.7,0
2072,49915.2,30790.1,80705.3,0
2073,20870.2,30215.3,51085.6,0
2074,25891.1,27230.7,53121.8,0
2075,54610.2,35167.8,89778,0
2076,35485.4,32708,68193.4,0
2077,93179.2,34861.6,128041,0
2078,33558.5,33391.5,66950,0
2079,27191.8,30746.9,57938.7,0
2080,33872.3,29177.8,63050.1,0
2081,23309.9,29981.5,53291.4,0
2082,169618,35427.9,205046,0
2083,53017.5,34485.7,87503.3,0
2084,33943.8,27727.1,61670.9,0
2085,31225.8,32650.5,63876.3,0
2086,93384,25556.2,118940,0
2087,31167.6,30962.2,62129.9,0
2088,52889.3,31153.6,84042.9,0
2089,94392.5,27891.2,122284,0
2090,26780.2,30317.7,57097.9,0
2091,17024.9,32498.5,49523.5,0
2092,33083.4,31347.1,64430.5,0
2093,48728,31516,80244,0
2094,24839.4,34248.4,59087.8,0
2095,30107.3,27309.8,57417,0
2096,30036.6,31639.9,61676.5,0
2097,29748.1,29739.8,59487.9,0
2098,121995,26961.4,148956,0
2099,31130.2,29112.9,60243.1,0
2100,127818,28327,156145,0
2101,34156,31091.4,65247.5,0
2102,45063.7,28820.2,73883.9,0
2103,23612.2,26923.2,50535.4,0
2104,27951.9,36602.1,64554,0
2105,43824.8,32703.4,76528.3,0
2106,23637,33780.2,57417.2,0
2107,48467.5,30828.7,79296.2,0
2108,54588.4,32377.8,86966.1,0
2109,33787.2,29134.7,62921.9,0
2110,93968.2,28335,122303,0
2111,125918,35502.8,161421,0
2112,64052.9,31198.5,95251.3,0
2113,105406,35675.4,141082,0
2114,89693.6,33592.6,123286,0
2115,33934.2,28334.4,62268.6,0
2116,32700.7,29331.1,62031.8,0
2117,24777.4,30218.6,54996,0
2118,30411.4,27313.7,57725.1,0
2119,59258.7,34916,94174.7,0
2120,30267.3,36691.9,66959.2,0
2121,28057.1,28792.8,56849.9,0
2122,52303.1,28919.4,81222.5,0
2123,30685.1,29941.6,60626.6,0
2124,18977.4,28815.6,47793,0
2125,103565,27997,131562,0
2126,59411.6,30549.6,89961.2,0
2127,86084.4,31710.5,117795,0
2128,29499.9,31940.8,61440.7,0
2129,60062.8,31082.7,91145.4,0
2130,63198.4,27578.1,90776.5,0
2131,22098.5,35978,58076.5,0
2132,86330.6,28576.7,114907,0
2133,33565.3,31379.9,64945.3,0
2134,21224.1,34257.1,55481.2,0
2135,20863.4,28674.2,49537.5,0
2136,32404.5,32375.7,64780.2,0
2137,62436.5,29584,92020.6,0
2138,30842.4,35399.5,66241.9,0
2139,52383.5,26958.3,79341.7,0
2140,83563.1,33160.4,116724,0
2141,33073.6,33792.6,66866.2,0
2142,22535.1,26023.6,48558.6,0
2143,41255,30128,71383,0
2144,20081.3,31763,51844.3,0
2145,117476,34579.2,152055,0
2146,25487.9,34713.3,60201.2,0
2147,28134.9,27746.7,55881.7,0
2148,30541.3,29937.3,60478.5,0
2149,28295.3,27999.4,56294.7,0
2150,33875.6,26716.3,60591.8,0
2151,121615,23307.4,144922,0
2152,47500.4,25845.2,73345.6,0
2153,32813.5,28571,61384.5,0
2154,103771,29628.9,133400,0
2155,21576,33458,55034,0
2156,59376.3,27369.7,86746,0
2157,24477.2,30788.3,55265.6,0
2158,53474.4,37802,91276.3,0
2159,61117.3,29956.6,91073.8,0
2160,27482.6,26594.2,54076.9,0
2161,27362,29379.3,56741.3,0
2162,29279.6,26893.1,56172.7,0
2163,47438.3,28546.2,75984.5,0
2164,55488.8,32003.6,87492.4,0
2165,42872,31180.4,74052.4,0
2166,168326,28583.1,196909,0
2167,48957.7,25594.6,74552.3,0
2168,48175.7,27074.8,75250.6,0
2169,23978.8,25222.6,49201.4,0
2170,25910.1,25651.2,51561.3,0
2171,50929.6,24899.3,75828.9,0
2172,22463.4,29192.4,51655.9,0
2173,28250.3,27495.7,55746,0
2174,89470.5,33773.9,123244,0
2175,81505.8,27851.3,109357,0
2176,50429.8,33221.2,83651,0
2177,86468.9,27873.2,114342,0
2178,32924.5,24747.3,57671.8,0
2179,20153.3,25683.8,45837,0
2180,59658.5,28976.6,88635.1,0
2181,103802,23066.9,126869,0
2182,60681.7,30420,91101.7,0
2183,42642.6,25714.3,68356.9,0
2184,24673.2,25020.2,49693.4,0
2185,22226.9,32879.8,55106.7,0
2186,45816.5,28394.6,74211.1,0
2187,33028.3,29320.3,62348.7,0
2188,22509.2,26698.9,49208,0
2189,35196.8,27409.2,62606,0
2190,37763.8,28578,66341.8,0
2191,64518.4,32142.3,96660.7,0
2192,30818.9,34686.1,65505,0
2193,25615.6,33090.9,58706.5,0
2194,21543.3,28568.3,50111.6,0
2195,30902.1,28906.4,59808.6,0
2196,20662.5,35156.9,55819.4,0
2197,63403.7,29216.7,92620.4,0
2198,27841.7,26453.2,54294.9,0
2199,67403.9,30871.5,98275.4,0
2200,20424.5,30983,51407.5,0
2201,47413.6,28180.3,75593.9,0
2202,63705.7,32176.5,95882.1,0
2203,22981,22219.7,45200.7,0
2204,29503.3,28938.2,58441.6,0
2205,66128.5,25440.4,91568.8,0
2206,23536.8,26124.1,49660.9,0
2207,69579,25816.7,95395.7,0
2208,33565.3,26289.1,59854.4,0
2209,29844.8,29705,59549.8,0
2210,33347.1,25791.4,59138.6,0
2211,52004.4,30173.8,82178.3,0
2212,67196.9,28286.8,95483.8,0
2213,25228.9,30440.9,55669.8,0
2214,43547.3,30728.5,74275.8,0
2215,49399.4,28858.4,78257.8,0
2216,31089.2,29991.2,61080.4,0
2217,19746.1,27589.4,47335.5,0
2218,33403.7,27082.8,60486.5,0
2219,26821.7,32175,58996.7,0
2220,19554.3,31574.7,51129,0
2221,31082,27316.1,58398.1,0
2222,32602.9,26702.7,59305.6,0
2223,18673.4,30312.7,48986.1,0
2224,28861.3,29589.4,58450.7,0
2225,21669.5,27493.3,49162.9,0
2226,40666.5,26727.1,67393.6,0
2227,169728,26447.5,196176,0
2228,19968.3,34923.5,54891.9,0
2229,44223.4,27309.8,71533.2,0
2230,49642.9,30371.9,80014.8,0
2231,27703,29194,56897,0
2232,60921.8,28258.9,89180.7,0
2233,31919.6,35304.1,67223.6,0
2234,44505.1,26325,70830.1,0
2235,28069.6,28056.3,56125.9,0
2236,44300.9,28475.2,72776.2,0
2237,47427.9,32181,79608.9,0
2238,31847.5,29025.1,60872.6,0
2239,43857.2,26044.7,69901.9,0
2240,20391.2,30354.9,50746.1,0
2241,34963.7,29856.1,64819.8,0
2242,28416.9,32773.3,61190.2,0
2243,29592.1,35366,64958.1,0
2244,53670.4,30416.8,84087.2,0
2245,32158.9,31657.4,63816.2,0
2246,24900.4,27076.2,51976.6,0
2247,36433,27259.5,63692.5,0
2248,78599.7,30496.9,109097,0
2249,100513,28128.1,128641,0
2250,21790.3,34958.4,56748.7,0
2251,35357.9,31894.6,67252.5,0
2252,27341.8,31761.4,59103.2,0
2253,59159.6,25401.7,84561.3,0
2254,38587.2,34373.9,72961.1,0
2255,22065.5,34145.6,56211.2,0
2256,63675.9,32537.5,96213.4,0
2257,31751,28374,60125,0
2258,20030.4,33983.5,54013.9,0
2259,46601,32250.2,78851.2,0
2260,60031.6,29771.9,89803.6,0
2261,46754.9,29001.5,75756.4,0
2262,23717.5,34900.3,58617.8,0
2263,20370.6,31174.6,51545.2,0
2264,27083.7,28940.3,56024,0
2265,60544.1,25453.6,85997.6,0
2266,47158.4,34090,81248.4,0
2267,29326,30204.9,59530.9,0
2268,32022.3,32507.7,64530,0
2269,23077.1,34229.4,57306.6,0
2270,53034.9,29435.9,82470.8,0
2271,26956.1,31406.2,58362.2,0
2272,36180.1,31582.7,67762.8,0
2273,25398.4,31770.7,57169.1,0
2274,50644.4,31559.5,82203.8,0
2275,47950,32312.2,80262.2,0
2276,38989.9,27251.4,66241.3,0
2277,39399.4,34098.7,73498.1,0
2278,30438.4,28597.3,59035.7,0
2279,92231.6,33118.3,125350,0
2280,46903.6,33449.8,80353.4,0
2281,62064.5,32837.6,94902.1,0
2282,19239.7,26468.6,45708.3,0
2283,23029.3,30305.9,53335.3,0
2284,64965.5,33690.1,98655.7,0
2285,44315.7,31879.3,76195.1,0
2286,23931.7,30898.4,54830.2,0
2287,20760.2,32444.5,53204.7,0
2288,34522.2,29887.2,64409.3,0
2289,33573.7,29398.9,62972.5,0
2290,30705.8,31778.3,62484.1,0
2291,33769.8,26509.2,60279,0
2292,88474.2,34109.3,122583,0
2293,180570,35346.6,215917,0
2294,165262,33566.7,198829,0
2295,44325.9,27001.2,71327.1,0
2296,47050.9,26187.3,73238.3,0
2297,32229.3,31646.3,63875.6,0
2298,96382.2,27166.6,123549,0
2299,28049.6,30488.1,58537.7,0
2300,46320.9,26931.5,73252.3,0
2301,86969.5,29763.4,116733,0
2302,31252,27283.3,58535.4,0
2303,47630,32569.6,80199.5,0
2304,28863.1,35556.5,64419.6,0
2305,59782.6,30896.1,90678.7,0
2306,29461.5,30806.8,60268.3,0
2307,33885.1,29652,63537.1,0
2308,38734.6,35145.4,73880,0
2309,34594,46960.4,81554.4,0
2310,18881,30764,49645,0
2311,101239,30550.7,131790,0
2312,55650,31089,86739.1,0
2313,22198.4,28309.7,50508.2,0
2314,21388.1,32195.3,53583.4,0
2315,101441,27050.9,128492,0
2316,33564.3,35041.4,68605.7,0
2317,32199.4,32581.2,64780.6,0
2318,48957.3,25535.7,74493,0
2319,32378.6,29106.9,61485.5,0
2320,88695.2,29017.6,117713,0
2321,26335.6,27366.3,53701.8,0
2322,47309.3,29628.6,76938,0
2323,31427.1,29261.3,60688.4,0
2324,64408,27488.1,91896,0
2325,34648,35771.5,70419.5,0
2326,32908.5,34811.7,67720.2,0
2327,29516.7,28364.8,57881.5,0
2328,62374.7,21983.3,84358,0
2329,24891.8,22705.1,47596.8,0
2330,23123.8,19909.4,43033.2,0
2331,29409,24255.4,53664.4,0
2332,44222.1,27151.5,71373.6,0
2333,30071.6,26602.4,56674,0
2334,106097,30469.7,136566,0
2335,39227.1,36330.9,75558.1,0
2336,31618.9,30490.2,62109.1,0
2337,28923.5,30070.7,58994.2,0
2338,83457.1,25967.6,109425,0
2339,54727.9,33470,88197.9,0
2340,30542,29649.8,60191.7,0
2341,90078.2,33538.6,123617,0
2342,24278.8,32604.8,56883.5,0
2343,18527.3,34045,52572.3,0
2344,51134.1,31605.2,82739.3,0
2345,38712.7,34203.3,72916.1,0
2346,62148.8,31912.8,94061.6,0
2347,30426,31326.3,61752.2,0
2348,49050,29208.3,78258.3,0
2349,67496.2,28879.7,96376,0
2350,94667.4,29022.6,123690,0
2351,24994.2,28946.2,53940.4,0
2352,39133.6,28359,67492.6,0
2353,40453.3,33673.3,74126.6,0
2354,47110,26044.6,73154.7,0
2355,30435.6,31718.3,62153.9,0
2356,18756.5,35197.6,53954.2,0
2357,28818.8,32515,61333.9,0
2358,27864.2,39506.8,67371,0
2359,34848.5,30053.3,64901.8,0
2360,53394.4,33237.7,86632.2,0
2361,29302.7,35873.9,65176.6,0
2362,41537.5,30623.4,72160.9,0
2363,51967.1,23776.6,75743.7,0
2364,44207.5,22530.1,66737.6,0
2365,18706,31053.9,49760,0
2366,32846.1,27849.3,60695.4,0
2367,29311,26240.8,55551.8,0
2368,27500.3,26781.4,54281.7,0
2369,18566.3,33306.1,51872.5,0
2370,24875.8,28722.3,53598.1,0
2371,38884.6,25782.9,64667.5,0
2372,30162.1,26115.5,56277.6,0
2373,24367.8,32168.9,56536.6,0
2374,19534.4,31653.7,51188.1,0
2375,64067.2,32859.4,96926.5,0
2376,28457.8,35504.1,63961.9,0
2377,33059.3,34556.4,67615.7,0
2378,31109.8,30081.8,61191.6,0
2379,40715.9,29825.5,70541.4,0
2380,96761.1,29321.9,126083,0
2381,66724.8,29560.2,96285,0
2382,37592.5,28412.7,66005.2,0
2383,34813,25485.4,60298.4,0
2384,48621.2,31653.9,80275.1,0
2385,54391.8,28996.3,83388.1,0
2386,24839.2,27344.5,52183.7,0
2387,22525.8,29101,51626.8,0
2388,59274.6,28097.5,87372.1,0
2389,45861.4,35276.1,81137.5,0
2390,124324,32943.2,157267,0
2391,40742.1,30466.7,71208.8,0
2392,66116,30383.8,96499.8,0
2393,18902.3,36001.6,54903.8,0
2394,53110.5,31787.1,84897.6,0
2395,20751.2,32763.9,53515.1,0
2396,29397.7,35166.1,64563.8,0
2397,27925,33055,60980,0
2398,20671.7,33350.2,54021.9,0
2399,22624.9,32399.5,55024.4,0
2400,24860.4,33771.4,58631.8,0
2401,103766,31333.7,135100,0
2402,27477.5,35866.2,63343.7,0
2403,48636.3,33695.3,82331.7,0
2404,40534.7,35051.8,75586.5,0
2405,67129.1,30928.6,98057.7,0
2406,33327.5,32097.5,65425,0
2407,62344.8,33113.6,95458.4,0
2408,44398.4,29869.9,74268.3,0
2409,88696.4,32444.6,121141,0
2410,92291.1,29251.3,121542,0
2411,41045.4,26861.7,67907.2,0
2412,26096.2,27977.9,54074.1,0
2413,25142.9,32236.5,57379.4,0
2414,26943.1,26829,53772.1,0
2415,26207,27793.9,54001,0
2416,36735.9,34955.5,71691.4,0
2417,70006.2,28620.1,98626.4,0
2418,37782.1,30493.1,68275.2,0
2419,21886.9,31263.3,53150.2,0
2420,31102.7,25971.2,57073.8,0
2421,34572.5,23343.8,57916.4,0
2422,35090.3,26548.2,61638.5,0
2423,38309.3,29878.4,68187.8,0
2424,51072.3,25280.7,76353.1,0
2425,46699.5,24006.1,70705.6,0
2426,32301.7,24380.3,56682,0
2427,99688.3,30580.5,130269,0
2428,27657.8,23886.9,51544.6,0
2429,56614,29938.3,86552.3,0
2430,142802,23259.6,166062,0
2431,34855.8,24160.7,59016.6,0
2432,34933.9,28606.7,63540.6,0
2433,30516.1,29043.7,59559.8,0
2434,31706.9,28782.7,60489.6,0
2435,39667.7,26169.1,65836.8,0
2436,55298,24016.7,79314.7,0
2437,73420.6,25092.2,98512.8,0
2438,39576,25605.5,65181.4,0
2439,52308.4,22171.3,74479.8,0
2440,26746.7,21724.2,48470.9,0
2441,123885,25388.4,149274,0
2442,122291,25319.1,147610,0
2443,41749.1,27639,69388.1,0
2444,25468.2,27134.1,52602.4,0
2445,34253.8,21671.4,55925.2,0
2446,35978.4,28240.9,64219.3,0
2447,49522.5,25530.6,75053.1,0
2448,31367.9,21405.2,52773.1,0
2449,54433.6,29942,84375.7,0
2450,63517.1,30305.4,93822.5,0
2451,32854.6,26744.1,59598.7,0
2452,52826.8,35977.5,88804.2,0
2453,22547.4,32167.3,54714.7,0
2454,30623,30466.7,61089.7,0
2455,22105.7,32273.8,54379.5,0
2456,27963.8,25772,53735.8,0
2457,43145.2,46042.6,89187.8,0
2458,32962,34774.9,67736.8,0
2459,60018,30613.8,90631.8,0
2460,33689.1,31839.6,65528.7,0
2461,25961.9,33691.5,59653.4,0
2462,48871.6,31882.2,80753.9,0
2463,62400.6,28277.8,90678.4,0
2464,28674.2,35837.4,64511.7,0
2465,171446,33850.4,205297,0
2466,95351,35626.4,130977,0
2467,21064.8,28263,49327.8,0
2468,20336.3,31415.9,51752.2,0
2469,34593.1,28274.8,62867.9,0
2470,101382,28258.9,129640,0
2471,21360.2,26343.4,47703.6,0
2472,21895.7,30357.5,52253.2,0
2473,88158.9,26996.8,115156,0
2474,30506.5,25111.1,55617.6,0
2475,29034.6,27182,56216.6,0
2476,30027.4,37708.6,67736,0
2477,27098.1,28256.6,55354.8,0
2478,124840,29647.4,154487,0
2479,23411.9,32278.9,55690.8,0
2480,44458.3,30746.7,75205,0
2481,29077.8,35165,64242.8,0
2482,57839.3,34209.5,92048.9,0
2483,92125.6,30812.7,122938,0
2484,22786.7,28586.4,51373.1,0
2485,23307.9,27847.5,51155.4,0
2486,19884.2,31959.2,51843.4,0
2487,56643.4,30729.3,87372.7,0
2488,23901,34325.5,58226.5,0
2489,69501.4,34012.3,103514,0
2490,52571.5,32477.5,85049,0
2491,33571,28764.7,62335.7,0
2492,81578.6,29625.5,111204,0
2493,37693.7,30652.4,68346.1,0
2494,33066.4,33276.4,66342.8,0
2495,35619.9,31962.7,67582.6,0
2496,31339.9,32735.6,64075.5,0
2497,33669.3,27133.5,60802.8,0
2498,30095.9,29390.8,59486.7,0
2499,45597.2,27140,72737.2,0
2500,23100.8,28553.4,51654.2,0
2501,43045,28743.6,71788.6,0
2502,26021.5,30745.8,56767.3,0
2503,52001.9,31531.2,83533.1,0
2504,27020.6,32624.1,59644.7,0
2505,20546.8,34732.8,55279.7,0
2506,18155.7,29745.3,47901,0
2507,34868.3,30164.7,65033,0
2508,18902,32915.4,51817.4,0
2509,30851,32520.9,63371.9,0
2510,64787.4,30627.3,95414.7,0
2511,51289.5,29575.5,80865,0
2512,29433.7,28963.1,58396.8,0
2513,25996.7,29122.7,55119.4,0
2514,29053.7,30214.7,59268.4,0
2515,35975.5,33766,69741.4,0
2516,28851.8,31700,60551.8,0
2517,23415.5,30300.2,53715.7,0
2518,61998.5,30908.1,92906.5,0
2519,82042,28903.5,110946,0
2520,83626,26263,109889,0
2521,30409.2,24747.3,55156.4,0
2522,47108.6,34979.9,82088.5,0
2523,78709.7,29467.1,108177,0
2524,30437.2,26752.5,57189.6,0
2525,25077,36313.5,61390.5,0
2526,78843.6,29627.1,108471,0
2527,123406,31021.1,154428,0
2528,22920.2,31103,54023.2,0
2529,27729.4,26040.6,53770,0
2530,19367.8,25840.7,45208.5,0
2531,26142.5,32368.1,58510.6,0
2532,29511.8,33921.8,63433.6,0
2533,23825.2,30634.8,54459.9,0
2534,49525.5,30474.2,79999.6,0
2535,19307.6,27641.1,46948.7,0
2536,51256.4,30344.8,81601.2,0
2537,22792.3,31513.6,54305.9,0
2538,31341.7,37203.4,68545.1,0
2539,53848.6,31142.4,84991,0
2540,62626.6,34522.8,97149.4,0
2541,26678.7,29972.6,56651.3,0
2542,31417.5,34318.5,65736,0
2543,56149.4,38137.8,94287.2,0
2544,60556.8,29022.1,89578.9,0
2545,49062.8,32251.9,81314.7,0
2546,65845.7,32216.6,98062.3,0
2547,59795,29309.1,89104.1,0
2548,30548.7,33297,63845.7,0
2549,30959.5,30528.1,61487.6,0
2550,36025.9,29811.1,65837,0
2551,27637.3,34065.5,61702.8,0
2552,22674,32230.2,54904.2,0
2553,23632,33797.1,57429,0
2554,32776.5,33874.1,66650.6,0
2555,30062.3,29545.8,59608.1,0
2556,30805.4,32519.3,63324.8,0
2557,52897.8,26874.3,79772.1,0
2558,93186.3,29234.4,122421,0
2559,18516.2,29933.2,48449.4,0
2560,57369.1,33162.6,90531.6,0
2561,22025.2,34207.5,56232.8,0
2562,77228.4,32576.8,109805,0
2563,60230.2,36899.6,97129.8,0
2564,37800.4,37074.9,74875.4,0
2565,51625.7,31284.9,82910.7,0
2566,33369.8,33233,66602.8,0
2567,29460.5,33605.6,63066.1,0
2568,41976.5,30809.1,72785.6,0
2569,28211.7,32702.8,60914.5,0
2570,22996.4,35102.4,58098.8,0
2571,49995.7,33962,83957.7,0
2572,27339.7,31037.4,58377.1,0
2573,37152.2,34613.9,71766.1,0
2574,87455.4,33307,120762,0
2575,32922.8,33145.3,66068.1,0
2576,20057.6,37659.6,57717.1,0
2577,28694.3,37674,66368.4,0
2578,84326.1,38779.2,123105,0
2579,69417.7,31408.4,100826,0
2580,39643.4,30751.3,70394.6,0
2581,30456.6,28496.9,58953.5,0
2582,48356.6,31153.8,79510.4,0
2583,18501.5,30360.1,48861.6,0
2584,49549.6,25983.9,75533.5,0
2585,55057.1,36860.6,91917.7,0
2586,37918.7,34798.3,72717,0
2587,49010.5,28634.4,77644.9,0
2588,59667.9,26411.4,86079.3,0
2589,18120.3,30598.3,48718.6,0
2590,19066.4,34063.6,53130,0
2591,29796.6,35410.8,65207.4,0
2592,32957.3,29961.3,62918.6,0
2593,48839.2,33420.8,82260,0
2594,34536.8,37162.3,71699.2,0
2595,41048,34277.2,75325.2,0
2596,42643.6,34033,76676.5,0
2597,24237.2,32614.8,56852.1,0
2598,31255.8,30245.7,61501.5,0
2599,48682.7,31482.9,80165.5,0
2600,47259.5,29603.8,76863.4,0
2601,46120.4,36688.9,82809.2,0
2602,61868.5,29799.9,91668.3,0
2603,47165.2,30879.4,78044.6,0
2604,30265.4,30496.2,60761.6,0
2605,90753.6,30565.5,121319,0
2606,66595.6,27128.1,93723.8,0
2607,31204.4,27729,58933.4,0
2608,39556.1,25950.8,65506.9,0
2609,84831.3,24425.8,109257,0
2610,86691.6,27232.9,113924,0
2611,27893.1,21786.1,49679.2,0
2612,24526.8,24000.4,48527.3,0
2613,33070.2,23388.3,56458.5,0
2614,91917.9,27971.9,119890,0
2615,47372.1,24096.5,71468.7,0
2616,96555.6,23820,120376,0
2617,33672.9,22460.6,56133.4,0
2618,33806,23250.8,57056.7,0
2619,41898.8,22615.2,64514,0
2620,85036.8,28657.7,113694,0
2621,23171.6,25442.3,48613.9,0
2622,40866.1,24537.5,65403.7,0
2623,64657.4,25305.2,89962.7,0
2624,20357.7,27929.8,48287.6,0
2625,29908.5,23665.9,53574.5,0
2626,23640.3,27398.4,51038.7,0
2627,64275.7,22535.1,86810.8,0
2628,26977.2,23338.9,50316.2,0
2629,34310.2,25319.9,59630.1,0
2630,47195.2,28264.5,75459.7,0
2631,39152.8,31171.9,70324.7,0
2632,50461.1,22807.8,73268.9,0
2633,101836,24236.1,126072,0
2634,62420.5,31047.8,93468.4,0
2635,23202.6,35016.5,58219.1,0
2636,33468.9,31048.5,64517.3,0
2637,34343.5,38043.9,72387.4,0
2638,29042.6,36645,65687.6,0
2639,25073.3,30478.4,55551.7,0
2640,30658.1,33399.9,64058,0
2641,39519,34962.8,74481.8,0
2642,59394.7,28178.2,87572.8,0
2643,87944.2,24275.6,112220,0
2644,18828.7,26032.7,44861.5,0
2645,23113.2,32971.7,56084.9,0
2646,28311.3,35297.7,63609,0
2647,78575.7,31449.8,110026,0
2648,21915.7,31076.6,52992.2,0
2649,27180.8,27944,55124.7,0
2650,42813.8,31513.7,74327.6,0
2651,103953,28450.3,132403,0
2652,64238.9,30781.8,95020.7,0
2653,22719.4,34048.1,56767.5,0
2654,33271.3,33639.5,66910.9,0
2655,31034.1,32954.1,63988.2,0
2656,34638,33670,68308.1,0
2657,100315,29571.9,129887,0
2658,31642.2,27381.7,59023.9,0
2659,47506.2,29350.8,76857,0
2660,19138.9,33252.1,52391,0
2661,33595.2,32190.3,65785.5,0
2662,83421,30956,114377,0
2663,46010.3,31654.7,77665,0
2664,49270.7,24555.9,73826.5,0
2665,89551.6,24323.9,113876,0
2666,34077.4,33806.3,67883.8,0
2667,24719,33492.6,58211.7,0
2668,43921.7,26574.9,70496.5,0
2669,38265.3,32194.1,70459.4,0
2670,41274.9,29959.2,71234.1,0
2671,21882.3,27767.6,49650,0
2672,58664.4,35605.2,94269.5,0
2673,20869.6,38673.2,59542.8,0
2674,30419.8,32846.6,63266.4,0
2675,59290.8,32332.2,91623,0
2676,175254,33415.8,208669,0
2677,32542.8,34039.5,66582.3,0
2678,43954.2,26318.2,70272.5,0
2679,28416.2,23847.1,52263.3,0
2680,24676.1,28743.8,53419.9,0
2681,34012.2,25654.3,59666.5,0
2682,47589.4,29321,76910.4,0
2683,29236,31827.1,61063.1,0
2684,21553.4,24577.9,46131.3,0
2685,17959.2,30928.8,48888,0
2686,19951.2,27180.1,47131.3,0
2687,27973.1,33065,61038.2,0
2688,24174.4,28744.4,52918.8,0
2689,57720.5,27263.3,84983.9,0
2690,55879.2,26241.1,82120.4,0
2691,24098.5,22825.5,46924,0
2692,48064.6,27280.8,75345.5,0
2693,49864.5,32546.3,82410.9,0
2694,18160,31677.1,49837.1,0
2695,30920.1,25983.2,56903.2,0
2696,39560.9,31129.3,70690.2,0
2697,20591.3,34402.7,54994.1,0
2698,130186,32724.1,162910,0
2699,83860.5,26699.9,110560,0
2700,28025.2,34809.6,62834.9,0
2701,24951.7,32903.2,57854.9,0
2702,66867.9,35014.5,101882,0
2703,86711.6,28384,115096,0
2704,83389.1,28628,112017,0
2705,39498.1,35353.2,74851.4,0
2706,21102.4,30635.3,51737.8,0
2707,24329.5,30550.2,54879.8,0
2708,35689.6,33004.2,68693.8,0
2709,78687.9,29139.1,107827,0
2710,84139.2,35003.3,119143,0
2711,24818.8,35040.4,59859.2,0
2712,34431.9,34183.3,68615.2,0
2713,33263.1,30021.9,63285.1,0
2714,25807.5,30388.4,56195.8,0
2715,20399.1,31044.4,51443.6,0
2716,32765,29706.1,62471.2,0
2717,32947.1,34768,67715.1,0
2718,26146.7,37259,63405.7,0
2719,40079.4,30504,70583.4,0
2720,25651.7,31109.1,56760.8,0
2721,68396.5,29787.4,98183.9,0
2722,55644.6,38238.7,93883.2,0
2723,54683.8,49465.6,104149,0
2724,145329,50744.7,196074,0
2725,39233.3,33195.6,72428.9,0
2726,21176.9,30757.7,51934.6,0
2727,34232.7,29495,63727.7,0
2728,36304.9,41498.8,77803.7,0
2729,58212.4,37894.9,96107.3,0
2730,62883,35367.6,98250.6,0
2731,33503.3,32528.9,66032.2,0
2732,35399.2,28757.6,64156.8,0
2733,25741.8,34572.7,60314.5,0
2734,28031.1,33881.5,61912.6,0
2735,86183.7,36767.6,122951,0
2736,67640.7,28861.8,96502.5,0
2737,43748.4,32570.2,76318.5,0
2738,25295.9,30263,55558.9,0
2739,29469.3,35495.5,64964.9,0
2740,49096.4,29585.4,78681.8,0
2741,30900.9,27122.4,58023.3,0
2742,49635.1,35799.8,85434.9,0
2743,37870.3,34656,72526.3,0
2744,17115.7,32658.1,49773.8,0
2745,25550.8,34174.9,59725.6,0
2746,65089.6,30738,95827.6,0
2747,23805.6,35695,59500.6,0
2748,35832.9,30948.5,66781.4,0
2749,44819.7,28389.8,73209.6,0
2750,21946.2,29801.8,51747.9,0
2751,22774,28878.1,51652.1,0
2752,25612.1,32690.9,58303,0
2753,28043.9,31505.4,59549.3,0
2754,43795.1,32931.3,76726.5,0
2755,31473.9,33040,64513.9,0
2756,92457.6,33733,126191,0
2757,22525.7,32202.3,54728,0
2758,28917.8,35325.2,64243,0
2759,57213.2,34913,92126.1,0
2760,30145.4,30198.6,60344,0
2761,26590,32549.4,59139.4,0
2762,37219.4,31928.7,69148,0
2763,30779,29858,60636.9,0
2764,37889,38965.2,76854.2,0
2765,25257.2,31703.1,56960.4,0
2766,45473.1,32667.7,78140.8,0
2767,27923,35255,63178,0
2768,26643.8,31181.6,57825.4,0
2769,39932.4,30668,70600.3,0
2770,79401.7,36495.6,115897,0
2771,93908.6,37421.7,131330,0
2772,54898.7,26276.9,81175.5,0
2773,46416.5,29825.5,76242,0
2774,30358.6,29511.7,59870.3,0
2775,31921.6,26042.8,57964.4,0
2776,44069.6,28910.1,72979.7,0
2777,38919.6,29684.2,68603.8,0
2778,52970.3,29255.7,82226.1,0
2779,88075.9,27105.6,115181,0
2780,105608,28383.4,133991,0
2781,35174.7,21004.1,56178.9,0
2782,27109.8,33251.6,60361.4,0
2783,83051,24766.9,107818,0
2784,33045.2,27433.3,60478.5,0
2785,41422,26705.4,68127.4,0
2786,28020.8,31196.8,59217.6,0
2787,35202.8,25214,60416.9,0
2788,19852.5,25212.5,45065,0
2789,66005.9,25141.7,91147.7,0
2790,70147.8,28375.1,98523,0
2791,41160.1,27276,68436.1,0
2792,27091.9,26277,53368.9,0
2793,113479,22667.6,136146,0
2794,101206,33548.4,134754,0
2795,31833.8,25425.3,57259.1,0
2796,49366.7,24718.8,74085.5,0
2797,22794,28839.6,51633.5,0
2798,34299,26439.6,60738.6,0
2799,53197.9,34694.3,87892.1,0
2800,30044,30930.9,60974.9,0
2801,44029.1,28466.3,72495.4,0
2802,33684.5,31936.6,65621.1,0
2803,35249.2,29326.2,64575.4,0
2804,95730,34344.3,130074,0
2805,33253,31819.1,65072.1,0
2806,25136.4,37409.3,62545.7,0
2807,65478.2,33473.8,98952,0
2808,84678.2,31751.2,116429,0
2809,60609,30889,91498,0
2810,53083.5,29874.5,82958.1,0
2811,56067.6,32191.8,88259.3,0
2812,53820.7,33845.6,87666.3,0
2813,123769,35097.1,158866,0
2814,76997.9,28896.4,105894,0
2815,30188,32444.8,62632.8,0
2816,22300,32604.8,54904.8,0
2817,40262.3,37511.3,77773.6,0
2818,79134.8,31056.7,110192,0
2819,49479.9,36332.2,85812.1,0
2820,30050,32442.9,62492.9,0
2821,34974.9,33269.3,68244.3,0
2822,20059.5,32459.6,52519.1,0
2823,46024.2,34966.4,80990.5,0
2824,52326,34555.7,86881.7,0
2825,42879.5,34808.1,77687.6,0
2826,57496.5,33513,91009.5,0
2827,62033.2,35611.9,97645.1,0
2828,21580.6,33906.8,55487.4,0
2829,46274,38513.8,84787.8,0
2830,39381.8,33721,73102.9,0
2831,100692,32707.1,133399,0
2832,27998,32727.3,60725.4,0
2833,43145,32824.8,75969.8,0
2834,20983.6,32210.2,53193.8,0
2835,19753.5,34274.6,54028.1,0
2836,62686.3,27733.2,90419.6,0
2837,22530.3,31460,53990.3,0
2838,128564,30435.9,159000,0
2839,51432.9,38523.3,89956.1,0
2840,61926.3,32945.1,94871.4,0
2841,18435.6,32393.8,50829.4,0
2842,87352.5,32328,119680,0
2843,43406,36373.9,79780,0
2844,59456.2,33997.1,93453.3,0
2845,31238.1,35491.3,66729.4,0
2846,33746.3,34897.1,68643.5,0
2847,48687.9,34444.4,83132.4,0
2848,62255.1,34419.5,96674.7,0
2849,44958,37126.3,82084.3,0
2850,43574,37942.1,81516,0
2851,30335.6,30406.7,60742.3,0
2852,61344.5,26047.6,87392.1,0
2853,75130.6,30520.3,105651,0
2854,43080.8,33917.8,76998.7,0
2855,68976.9,35890.9,104868,0
2856,22443,32185.4,54628.4,0
2857,91223,32753.7,123977,0
2858,46358.8,36719.6,83078.4,0
2859,24871.5,31068.4,55939.8,0
2860,31311.1,31548.4,62859.5,0
2861,27462.2,35763.3,63225.5,0
2862,75485.9,32303,107789,0
2863,27219.8,32700.6,59920.4,0
2864,45120.3,34467,79587.3,0
2865,30461,31650.9,62111.9,0
2866,21342.3,30986.6,52328.9,0
2867,24502.2,31166.7,55668.9,0
2868,21610,27697.3,49307.3,0
2869,128693,34893.8,163587,0
2870,61306.8,24064.8,85371.6,0
2871,61198.3,29269.2,90467.5,0
2872,44393.2,32203.9,76597.1,0
2873,43792.3,27755.9,71548.2,0
2874,39677,34867.7,74544.7,0
2875,17775.5,34596.8,52372.3,0
2876,54163.4,33503,87666.4,0
2877,53615.6,32859.2,86474.8,0
2878,66738.5,32262.3,99000.8,0
2879,60580.4,31750.2,92330.6,0
2880,48104.7,33250.8,81355.6,0
2881,34656.5,31173.1,65829.5,0
2882,27307.7,31897.9,59205.6,0
2883,117208,29929.6,147138,0
2884,27775.2,25173.2,52948.4,0
2885,88797.6,25236.6,114034,0
2886,43805.3,23680.7,67486,0
2887,47819.3,31792.5,79611.8,0
2888,23033.2,31543.4,54576.6,0
2889,23620,32975.3,56595.3,0
2890,21542.1,36361.5,57903.6,0
2891,39712.9,32485.9,72198.8,0
2892,88927.4,32289.9,121217,0
2893,25733.8,34428.2,60162,0
2894,50841.3,34466.5,85307.8,0
2895,49295.8,35340,84635.8,0
2896,80802,32157.5,112959,0
2897,93867.8,35657.8,129526,0
2898,34513.8,29990.5,64504.2,0
2899,80099.9,28769.6,108870,0
2900,18516.4,26776.4,45292.8,0
2901,62510.4,31730.2,94240.6,0
2902,52455.8,36440.3,88896.1,0
2903,27920,35772.6,63692.6,0
2904,48196.2,28815,77011.2,0
2905,20729.2,26903.9,47633.1,0
2906,33799.3,26134.1,59933.4,0
2907,26577.4,35826.5,62403.9,0
2908,34117.4,32630.2,66747.6,0
2909,67548.1,33511.1,101059,0
2910,54045.3,29700.9,83746.2,0
2911,24421.9,31015.5,55437.3,0
2912,86415,33035.6,119451,0
2913,77663.6,34443.8,112107,0
2914,96938.2,33321.6,130260,0
2915,26718.3,34536.9,61255.2,0
2916,46926.2,30916.1,77842.3,0
2917,49266,35083.3,84349.2,0
2918,48059.5,34630.1,82689.6,0
2919,47849.7,28529.7,76379.4,0
2920,42772.9,26483.2,69256.1,0
2921,32619.7,33529,66148.7,0
2922,48904.4,33580.5,82484.9,0
2923,46038.8,33812.7,79851.5,0
2924,25381.9,28997.7,54379.6,0
2925,61623.4,25380.6,87004,0
2926,18151.3,30599.5,48750.8,0
2927,91822,37752.6,129575,0
2928,49001.7,32545.1,81546.8,0
2929,42592.7,36953.4,79546.1,0
2930,60983.3,34125.7,95109,0
2931,44366.1,28146.6,72512.7,0
2932,29049.1,40242.5,69291.6,0
2933,22837.5,37914.1,60751.6,0
2934,26928.8,37118,64046.8,0
2935,29951.6,37349.1,67300.7,0
2936,48272.1,32670,80942.2,0
2937,45380.1,31710.6,77090.7,0
2938,31591,31948.3,63539.4,0
2939,35113.7,30638,65751.7,0
2940,65488.9,28808.6,94297.5,0
2941,24271.6,29116.4,53388,0
2942,54116.8,35349.9,89466.7,0
2943,32995.1,31654.4,64649.5,0
2944,59356.9,27555.2,86912.1,0
2945,102585,33525.8,136111,0
2946,47230.5,37123.6,84354,0
2947,42100.2,34898,76998.2,0
2948,22545.6,37191,59736.6,0
2949,22831.6,30470.4,53302,0
2950,33767.2,33396.1,67163.3,0
2951,55153.9,36241.8,91395.6,0
2952,88171.6,30149.9,118322,0
2953,30997.1,32658.8,63656,0
2954,24963.2,34583.5,59546.7,0
2955,38841.9,36771.6,75613.4,0
2956,26972.3,38283.9,65256.2,0
2957,30809,34323.5,65132.5,0
2958,52981.1,37170.3,90151.3,0
2959,60926.4,34585.7,95512.1,0
2960,32984.1,35563.2,68547.3,0
2961,101144,30725.4,131870,0
2962,52209.1,31767.5,83976.5,0
2963,70568.2,33756.4,104325,0
2964,23433.5,35468.4,58901.8,0
2965,37291.5,32217.4,69508.9,0
2966,21945.4,33353.4,55298.9,0
2967,25779.4,29054.7,54834.1,0
2968,23621.4,31745.1,55366.5,0
2969,103665,32338.5,136003,0
2970,30883.5,33885.6,64769.1,0
2971,40235.1,33390.7,73625.7,0
2972,45322.4,35120.5,80442.9,0
2973,47346.6,31361.5,78708.2,0
2974,35630.1,38368.2,73998.3,0
2975,21015,38603.1,59618.1,0
2976,65078.4,35881.7,100960,0
2977,32738.6,35732.8,68471.5,0
2978,65618.6,35927.2,101546,0
2979,23531.4,33515.8,57047.2,0
2980,34734.8,34234.9,68969.8,0
2981,30976.2,37624.9,68601.1,0
2982,33824.9,32736.6,66561.6,0
2983,31803,33563.4,65366.4,0
2984,85611.3,29893,115504,0
2985,47162.1,32027.1,79189.2,0
2986,60630.4,36653.8,97284.3,0
2987,32445.1,34315.8,66760.8,0
2988,25788.8,33201.5,58990.3,0
2989,41184.3,33735.8,74920.1,0
2990,34943.8,32332,67275.8,0
2991,31115,37350.5,68465.4,0
2992,33618.8,31936.7,65555.5,0
2993,55305,34072.5,89377.5,0
2994,65671.4,36597.3,102269,0
2995,55273.1,39932.5,95205.6,0
2996,21247.8,48320.9,69568.7,0
2997,33994.3,36958.3,70952.6,0
2998,71947.6,55597.6,127545,0
2999,28518.4,44609.7,73128.1,0
3000,53568.2,42075.9,95644.1,0
3001,26952.5,33049.7,60002.2,0
3002,93240.6,34966.9,128207,0
3003,20529.7,31567.5,52097.2,0
3004,48935.6,33876.5,82812.1,0
3005,93311.6,35394.1,128706,0
3006,63228.2,32580,95808.2,0
3007,61353.4,31731.3,93084.7,0
3008,50109,30899.3,81008.2,0
3009,43032.9,28079.8,71112.7,0
3010,32829.4,32543.7,65373.1,0
3011,27099.8,30319.5,57419.2,0
3012,21275.5,29277.2,50552.7,0
3013,36282.3,32642.6,68924.9,0
3014,25081.5,31425.1,56506.5,0
3015,29489.5,38659.7,68149.2,0
3016,27999.9,34707.4,62707.3,0
3017,26162.3,32311.1,58473.4,0
3018,41194.9,32551.2,73746.2,0
3019,84680.5,35160.6,119841,0
3020,24586.1,31297.7,55883.9,0
3021,28073,25261.6,53334.6,0
3022,42457.7,32874,75331.7,0
3023,24062.7,27317.6,51380.3,0
3024,84144,28200.5,112345,0
3025,53238.1,27514.9,80753,0
3026,56867.9,32558.2,89426.2,0
3027,24081.9,29715.8,53797.7,0
3028,58646.2,29766.3,88412.5,0
3029,55183.2,34306.5,89489.7,0
3030,71442.4,27648.7,99091.1,0
3031,51914.8,29447.8,81362.6,0
3032,62892.5,30346.7,93239.3,0
3033,50644.2,28445,79089.2,0
3034,23944.9,26756.2,50701.1,0
3035,24395.4,28110.6,52505.9,0
3036,31338.2,26205.5,57543.8,0
3037,24141.6,32528.2,56669.8,0
3038,40390.4,31132.2,71522.6,0
3039,30551.1,35929.1,66480.2,0
3040,55309.3,36942.1,92251.4,0
3041,169231,29728.4,198959,0
3042,41391,32066.1,73457.1,0
3043,30297.1,31560.6,61857.6,0
3044,114309,32491.4,146800,0
3045,106009,28369.5,134378,0
3046,40184.6,27780.4,67965.1,0
3047,22773,23588.7,46361.7,0
3048,54137.4,23593.4,77730.8,0
3049,46270.4,25026.6,71296.9,0
3050,34029.1,28005.9,62035,0
3051,45984.7,24421.4,70406.1,0
3052,62925.2,25941.4,88866.5,0
3053,62432.4,26007.4,88439.8,0
3054,39594.4,22637.6,62232.1,0
3055,40609.6,24935.7,65545.2,0
3056,127569,28880.3,156449,0
3057,32010.2,22078.3,54088.5,0
3058,33300.5,23198.8,56499.3,0
3059,67545.8,26787.7,94333.5,0
3060,66255.5,22776,89031.5,0
3061,21003.5,28105.1,49108.6,0
3062,20471.3,28857.8,49329.1,0
3063,25638.2,29942.7,55580.9,0
3064,30366.4,35128.6,65495,0
3065,25833,33143.1,58976.1,0
3066,46775.6,32020.2,78795.9,0
3067,77317.3,28926.7,106244,0
3068,40582.1,24354.7,64936.8,0
3069,45327.2,23385.1,68712.3,0
3070,21887,24378.5,46265.5,0
3071,22461.4,25149.4,47610.8,0
3072,67644.4,24973,92617.3,0
3073,93668.3,29429,123097,0
3074,21124.3,32154.2,53278.5,0
3075,27943,34221.9,62165,0
3076,20334.4,27889.4,48223.8,0
3077,47616.1,29959.6,77575.7,0
3078,22222.6,30107.5,52330.1,0
3079,51150.4,33783.1,84933.5,0
3080,27524,20853.3,48377.3,0
3081,36018.2,22581.8,58600,0
3082,29982.2,24425.9,54408.1,0
3083,78842,21017.4,99859.4,0
3084,30473,24187.5,54660.5,0
3085,88354,21615.1,109969,0
3086,39655.8,22115.4,61771.2,0
3087,44917.1,24199.7,69116.8,0
3088,52800.2,21896.4,74696.6,0
3089,27800.6,34630.6,62431.2,0
3090,29921.6,31691.3,61612.8,0
3091,23949.6,32301.4,56251,0
3092,45321.1,34186.5,79507.6,0
3093,17686.3,34591.9,52278.2,0
3094,35657.6,27980.7,63638.2,0
3095,24686.4,26259.9,50946.3,0
3096,26915.9,23760.9,50676.7,0
3097,123636,27096,150732,0
3098,25345.4,25575.8,50921.3,0
3099,44149.8,24724.5,68874.2,0
3100,29308.7,28932.2,58240.9,0
3101,27014.3,35526.8,62541.1,0
3102,20805.6,29624.8,50430.3,0
3103,132183,28833.5,161017,0
3104,22532.5,24610.1,47142.6,0
3105,49823.1,25235,75058.2,0
3106,40341.6,24536.3,64877.9,0
3107,68934.5,34046.2,102981,0
3108,100247,40971.6,141219,0
3109,32512,31678,64190.1,0
3110,52921.2,41412.8,94334,0
3111,26094.7,32930.6,59025.3,0
3112,43918.4,32116.1,76034.5,0
3113,22089.2,32155.9,54245.1,0
3114,27895.2,32468.7,60363.9,0
3115,28035.5,32001.1,60036.6,0
3116,34427.9,30215.2,64643.1,0
3117,54561.2,37161.7,91722.9,0
3118,25266,38591.6,63857.6,0
3119,23700,35900.8,59600.8,0
3120,21999.9,33226.1,55226,0
3121,56765,33397.6,90162.6,0
3122,31028.8,30322.4,61351.2,0
3123,65511.8,32063.1,97575,0
3124,22281.6,31544.4,53826,0
3125,25281.7,32519.4,57801.1,0
3126,59951.4,34569.6,94521,0
3127,30479.2,33039.7,63518.9,0
3128,40220.3,29798.5,70018.8,0
3129,21090.5,31454.1,52544.6,0
3130,26238.4,34045.7,60284.1,0
3131,54189.6,33122.8,87312.3,0
3132,33856.2,34741.6,68597.9,0
3133,45027.9,33782.5,78810.4,0
3134,68284.1,35066.6,103351,0
3135,26120.5,30683.2,56803.6,0
3136,79302.2,27586.9,106889,0
3137,70885.2,28904,99789.3,0
3138,50302.8,38670.4,88973.2,0
3139,117200,33154.9,150355,0
3140,54457.7,33872.2,88329.9,0
3141,38727.8,33151.1,71878.9,0
3142,53960.2,39449.6,93409.8,0
3143,34657.3,34673.2,69330.5,0
3144,39544.6,31394,70938.6,0
3145,71284.1,30516.4,101801,0
3146,33696.8,28228.1,61924.9,0
3147,33311.9,33446.9,66758.8,0
3148,32424.1,33214.8,65638.9,0
3149,28033.8,24907.8,52941.6,0
3150,53130.5,23670.2,76800.7,0
3151,21923.1,23640.5,45563.6,0
3152,26646.3,24922.1,51568.4,0
3153,83560.6,32319.4,115880,0
3154,52881.6,35759.1,88640.7,0
3155,43349.9,34928.5,78278.3,0
3156,59573.9,29600.4,89174.3,0
3157,27692.2,27968.6,55660.8,0
3158,48100.8,32931.5,81032.3,0
3159,26089.7,36752.3,62842,0
3160,22277.8,36587.6,58865.3,0
3161,21365.1,33768.2,55133.2,0
3162,49529.8,33721.4,83251.2,0
3163,20740.7,36447.9,57188.6,0
3164,21701.2,34681.9,56383,0
3165,27223.6,34821.7,62045.3,0
3166,58100.8,32667.9,90768.7,0
3167,58198.1,36001.4,94199.5,0
3168,49417.8,32467.3,81885.1,0
3169,27292.2,34360.7,61652.9,0
3170,30938.4,27685,58623.4,0
3171,29324.1,30243.6,59567.7,0
3172,43121,34855.2,77976.2,0
3173,35478.9,26855.9,62334.8,0
3174,66073,25401.8,91474.8,0
3175,28095.6,34842,62937.6,0
3176,44205.9,31182.6,75388.5,0
3177,21149.6,26158.9,47308.4,0
3178,29993.2,26971.6,56964.8,0
3179,33402.3,29642.3,63044.6,0
3180,50183.1,30036.3,80219.4,0
3181,37088.7,37154.7,74243.4,0
3182,43854.5,37515.3,81369.8,0
3183,33582.3,30864.4,64446.8,0
3184,52991.9,32822.9,85814.8,0
3185,32288.1,33585.2,65873.4,0
3186,32296.3,30134.8,62431.1,0
3187,23290.7,29312.8,52603.5,0
3188,34739.6,30983.9,65723.5,0
3189,30451.3,29429.6,59880.9,0
3190,30120.4,33514.1,63634.6,0
3191,64794.1,30033.4,94827.6,0
3192,32824.9,24261.9,57086.8,0
3193,70518.8,28776.9,99295.8,0
3194,60636.8,30535.9,91172.7,0
3195,24881.1,31793.9,56675,0
3196,40645.7,33108.9,73754.6,0
3197,26749,29731.7,56480.7,0
3198,64923.4,29411.1,94334.5,0
3199,22160.2,30499.3,52659.5,0
3200,116550,30394.7,146945,0
3201,29894.7,26899.6,56794.4,0
3202,21949,28066,50015,0
3203,63193.6,30673,93866.6,0
3204,43993.9,32064.6,76058.5,0
3205,23301.6,32837.3,56138.9,0
3206,48406.5,33809.8,82216.2,0
3207,27050.6,33181.1,60231.7,0
3208,66310.8,34739.2,101050,0
3209,43430.6,31979.6,75410.2,0
3210,24920.5,26887.5,51808,0
3211,41538.9,27928.7,69467.7,0
3212,40189.8,32230.8,72420.6,0
3213,27679.1,27372,55051.1,0
3214,26923.2,30259.9,57183.2,0
3215,30192.2,25582.1,55774.3,0
3216,48266.1,28321.2,76587.3,0
3217,63184.1,22670.3,85854.3,0
3218,21649.5,25829,47478.5,0
3219,103918,31300.4,135218,0
3220,66064.5,25831.7,91896.2,0
3221,91142.7,26944.9,118088,0
3222,59515.3,23993.9,83509.2,0
3223,47009.2,30134.1,77143.3,0
3224,55413.3,28238.7,83652,0
3225,48989.3,24054.7,73044,0
3226,34088.4,29378.4,63466.8,0
3227,45244.3,21957.3,67201.6,0
3228,44166.2,24371.3,68537.4,0
3229,53651.7,29017.4,82669.2,0
3230,30061.8,25410.3,55472,0
3231,30264.8,25127.3,55392.1,0
3232,61914.7,24698.3,86613,0
3233,57266.1,27612,84878.1,0
3234,47248.4,33340.2,80588.7,0
3235,35927.9,34261.8,70189.8,0
3236,34833.8,35475.3,70309,0
3237,44207.2,29088.6,73295.8,0
3238,62353.5,31391.9,93745.4,0
3239,30326.9,35105.7,65432.7,0
3240,62098.9,32771.2,94870.1,0
3241,22575,35509.9,58084.9,0
3242,22971.7,39668.5,62640.2,0
3243,64293.6,27163.4,91457,0
3244,43770.4,35377.5,79147.9,0
3245,48829.3,39919.6,88748.9,0
3246,63906.7,36221.3,100128,0
3247,88258.7,31415.2,119674,0
3248,31799.9,26738.7,58538.6,0
3249,19998.5,31088.3,51086.7,0
3250,96578.4,32583,129161,0
3251,48638.1,36121.5,84759.6,0
3252,124017,32174.9,156192,0
3253,22522,30410.2,52932.2,0
3254,49366.4,38660.6,88027.1,0
3255,57971.4,38033.6,96005,0
3256,25949.2,38071.7,64020.9,0
3257,37327.4,35100.1,72427.4,0
3258,30693.4,33448.7,64142.1,0
3259,34514.8,34197.6,68712.4,0
3260,54228,38931.3,93159.3,0
3261,52748.2,37227,89975.3,0
3262,83729.1,35949.8,119679,0
3263,48489.7,30349.4,78839,0
3264,23046.3,37448.2,60494.5,0
3265,87269.7,30959.6,118229,0
3266,65564.3,28854.2,94418.6,0
3267,29469.9,38507,67976.9,0
3268,65366.1,32121.4,97487.5,0
3269,31719.1,33784.6,65503.7,0
3270,63331.7,37254.1,100586,0
3271,23655.2,31948.2,55603.4,0
3272,52819.9,28081.6,80901.6,0
3273,26447.8,34757.5,61205.3,0
3274,37929.1,30883,68812.1,0
3275,32607.4,36028.1,68635.5,0
3276,31432.4,30938,62370.4,0
3277,30430.1,34503.2,64933.4,0
3278,88204.3,38655.5,126860,0
3279,28077.9,33986.3,62064.2,0
3280,36548.8,29612.7,66161.5,0
3281,51269.8,36314.6,87584.5,0
3282,59211.2,32487.9,91699.1,0
3283,32406.9,31966,64372.9,0
3284,36924.2,37343.9,74268.1,0
3285,88654.8,38396.1,127051,0
3286,23286.8,37537.9,60824.7,0
3287,30687.9,36746.4,67434.3,0
3288,33796.5,32000.9,65797.4,0
3289,49090.3,31039.7,80130,0
3290,99547.5,30062.8,129610,0
3291,95024.1,36628.4,131652,0
3292,25675.5,33015.1,58690.6,0
3293,65991.5,32384.7,98376.1,0
3294,82324.6,35165.1,117490,0
3295,20199.4,36477.5,56676.9,0
3296,45989.1,27675,73664.1,0
3297,23277.6,33000,56277.6,0
3298,18825.8,29630.7,48456.5,0
3299,65669.4,33571.5,99240.9,0
3300,33552,37621.7,71173.6,0
3301,17845.2,34817.1,52662.3,0
3302,29989.8,33870.4,63860.2,0
3303,34897.6,37391.5,72289,0
3304,61488.6,31272,92760.7,0
3305,21817.9,36810.6,58628.5,0
3306,31128.3,31373.5,62501.8,0
3307,23854.2,33750.9,57605.1,0
3308,63902,31536.7,95438.6,0
3309,34573.4,32629.4,67202.8,0
3310,44557.6,34997.7,79555.4,0
3311,21470.2,32203.9,53674.1,0
3312,51120.5,30309.2,81429.7,0
3313,31557.9,33191.4,64749.4,0
3314,37215.3,35200.7,72416,0
3315,84223.8,30079.5,114303,0
3316,33539.3,35504,69043.3,0
3317,26837.3,32074.1,58911.4,0
3318,96158.2,39840.3,135998,0
3319,66666.7,31465.8,98132.5,0
3320,21271.6,32510.3,53781.9,0
3321,89123.2,35986,125109,0
3322,26683.6,31987.9,58671.5,0
3323,16991.9,39116,56107.9,0
3324,39582.5,31740.6,71323.1,0
3325,67240.3,35135.4,102376,0
3326,31456.1,30833.8,62289.9,0
3327,22631.7,33675.5,56307.2,0
3328,48614.6,33255,81869.6,0
3329,27936.3,26396.5,54332.8,0
3330,41285.9,30798.6,72084.5,0
3331,23404.5,34636.6,58041.1,0
3332,42958.6,35530.3,78488.8,0
3333,47480.3,36176.2,83656.4,0
3334,49283.3,30901.8,80185,0
3335,27240.5,33138.3,60378.8,0
3336,52732.4,32672.1,85404.5,0
3337,26475.2,34696.9,61172.1,0
3338,51511.8,30477.2,81989,0
3339,20220.4,32639,52859.4,0
3340,22381.3,32758,55139.3,0
3341,58503.8,33817.4,92321.2,0
3342,54096,36373.8,90469.8,0
3343,67266.2,30251.1,97517.3,0
3344,60002,35459.2,95461.1,0
3345,31030.8,30399.9,61430.7,0
3346,23169.4,30032.2,53201.6,0
3347,91681.6,35021.5,126703,0
3348,53127.4,31252.4,84379.8,0
3349,66371.8,32179,98550.8,0
3350,45459.4,25545.8,71005.2,0
3351,22663.6,28600.8,51264.3,0
3352,51870.3,27562.6,79433,0
3353,34495.5,28435.8,62931.3,0
3354,20330.1,33841.6,54171.8,0
3355,34384.4,33927.2,68311.6,0
3356,23088.9,31521.4,54610.2,0
3357,17498.3,34921.2,52419.5,0
3358,48782.4,32966.6,81749,0
3359,48144,31645.9,79789.9,0
3360,51483.8,32548.2,84032,0
3361,31382.1,32019.4,63401.5,0
3362,19945.5,29799.1,49744.6,0
3363,36495.4,34104.6,70600,0
3364,28511.1,32265.3,60776.4,0
3365,28658.8,31846.7,60505.6,0
3366,87024.9,33948.5,120973,0
3367,17293.6,34375.6,51669.2,0
3368,33295.8,31887.4,65183.3,0
3369,34758.6,33284.3,68042.8,0
3370,54771.8,35821.4,90593.2,0
3371,26303.2,30456.1,56759.3,0
3372,46072.5,32673.3,78745.8,0
3373,75857.3,33999.2,109857,0
3374,24785.4,31216.9,56002.4,0
3375,84141.3,35156.2,119298,0
3376,93269.5,32490.2,125760,0
3377,17573.4,31675.4,49248.7,0
3378,31433.3,33356.1,64789.5,0
3379,41551.1,34491.2,76042.4,0
3380,26686.4,35934.8,62621.3,0
3381,54394,31699.8,86093.8,0
3382,25847.1,36357.8,62204.9,0
3383,18423.8,33506.6,51930.4,0
3384,51839.3,31879.6,83718.9,0
3385,33152.7,29571.9,62724.6,0
3386,35209.3,30528.6,65737.9,0
3387,30746.1,26635.2,57381.3,0
3388,34427,34225.6,68652.6,0
3389,62947.3,24610.4,87557.7,0
3390,24350.6,27681.2,52031.8,0
3391,60633.4,30169.1,90802.5,0
3392,22456,31416.1,53872.1,0
3393,29918.7,30725.3,60643.9,0
3394,91208.1,30230.5,121439,0
3395,169364,29207.7,198572,0
3396,30548.3,28861.5,59409.8,0
3397,35777.5,24565.7,60343.2,0
3398,33551.1,24274.6,57825.7,0
3399,49767,25992.5,75759.5,0
3400,16905.3,29767.4,46672.8,0
3401,46984.1,27777.7,74761.8,0
3402,18514.1,29627.5,48141.6,0
3403,22763,31087.2,53850.2,0
3404,49021,30466.1,79487.1,0
3405,47962.2,33713.2,81675.4,0
3406,27917.6,35461.8,63379.4,0
3407,22381.5,31672.6,54054,0
3408,50391.9,27166.8,77558.7,0
3409,88837.5,28291.3,117129,0
3410,50145.1,32848.3,82993.4,0
3411,35758.6,30538,66296.6,0
3412,30805,27463.9,58268.9,0
3413,35631,24348,59979,0
3414,34055.1,25708.2,59763.3,0
3415,70435.1,29493.8,99929,0
3416,97370,34639.7,132010,0
3417,39475.5,31482.4,70957.9,0
3418,23748.9,27755,51504,0
3419,35889.6,34205,70094.6,0
3420,123418,30985.3,154404,0
3421,60872.1,30546.4,91418.5,0
3422,80014.1,37537.7,117552,0
3423,119522,31793.4,151316,0
3424,49228.3,37458.8,86687,0
3425,28791.6,34479.5,63271.1,0
3426,30198,32491.5,62689.5,0
3427,61296.4,31704.9,93001.4,0
3428,20403.1,34290.8,54693.9,0
3429,29451.2,30508.5,59959.7,0
3430,32844.1,34069.5,66913.6,0
3431,31344.1,38582.3,69926.4,0
3432,18788.9,34307.4,53096.4,0
3433,33663.2,36629.7,70292.9,0
3434,33781.6,32471.4,66253,0
3435,122365,32699.8,155064,0
3436,25530.2,31711.9,57242.1,0
3437,25333,32589.7,57922.8,0
3438,32058,36932.4,68990.4,0
3439,26719.1,32554.8,59273.8,0
3440,59482.8,27352.8,86835.6,0
3441,38598.1,30650.4,69248.6,0
3442,87137.2,35958.1,123095,0
3443,65287.3,33664.3,98951.6,0
3444,52461.8,40387.1,92848.9,0
3445,29248.7,38105.9,67354.6,0
3446,32365.9,34589.6,66955.5,0
3447,61345,29754.1,91099.2,0
3448,29978,31254.6,61232.6,0
3449,27296.7,35250.8,62547.5,0
3450,29307.4,37284,66591.4,0
3451,52986.3,31895.7,84882,0
3452,52917,34204.1,87121.1,0
3453,33499.3,38116.5,71615.9,0
3454,60031.7,30293.1,90324.8,0
3455,100742,33968.6,134711,0
3456,46275.4,34556.2,80831.6,0
3457,30922.1,32011.4,62933.5,0
3458,45946.7,34360.8,80307.4,0
3459,31904.9,30277.7,62182.6,0
3460,60707.7,34125.3,94833.1,0
3461,33861.7,28314.8,62176.5,0
3462,27939.2,29396.9,57336.1,0
3463,43675.5,27666.9,71342.4,0
3464,22304.9,36114.4,58419.4,0
3465,25199.8,32114.6,57314.5,0
3466,52491.7,32049.1,84540.9,0
3467,23499.7,31737.1,55236.8,0
3468,24800.9,32352.4,57153.3,0
3469,59309.2,30952.7,90261.9,0
3470,42286.7,31805.7,74092.4,0
3471,21703.7,30057.9,51761.6,0
3472,48206.3,33607.8,81814.1,0
3473,52967.7,33071.3,86039,0
3474,49916.6,36621.5,86538.1,0
3475,27246.6,31424.5,58671,0
3476,49698,33387.2,83085.2,0
3477,59177.5,27982.7,87160.2,0
3478,40924.5,36263.1,77187.6,0
3479,88243.1,32194.8,120438,0
3480,21301.7,33543.6,54845.4,0
3481,35608.6,34393.1,70001.7,0
3482,58548.8,37072.3,95621.1,0
3483,56281.8,38630.1,94911.8,0
3484,62401.6,32954.2,95355.9,0
3485,40686,33421.4,74107.4,0
3486,65116.4,34000.1,99116.6,0
3487,23445.8,36220.2,59666,0
3488,54311.3,33439.2,87750.5,0
3489,47562.3,37497.3,85059.6,0
3490,41123,30040.6,71163.6,0
3491,19938.9,36208.4,56147.4,0
3492,32748,33013.9,65761.9,0
3493,26285.5,38119.6,64405.1,0
3494,43954,27864.5,71818.5,0
3495,46349.4,29668,76017.4,0
3496,28472.7,29372.3,57845,0
3497,32298.7,31758.9,64057.7,0
3498,17316,30920.3,48236.3,0
3499,23354.4,29537.4,52891.8,0
3500,23560.8,35178.6,58739.4,0
3501,27802.6,31514.4,59316.9,0
3502,56586.2,31977.7,88563.9,0
3503,34226,32908.2,67134.3,0
3504,30563.7,30386.6,60950.4,0
3505,15989,35262.3,51251.2,0
3506,83826.6,32698.9,116525,0
3507,43732.7,33631.3,77364,0
3508,116530,36445.4,152976,0
3509,40968.6,33397.1,74365.7,0
3510,47998.4,30944.7,78943.1,0
3511,26670.8,33522.9,60193.7,0
3512,41276.7,31862.9,73139.6,0
3513,22551.1,37761.2,60312.3,0
3514,23659.5,33504.4,57163.9,0
3515,39828.8,31261.8,71090.7,0
3516,24506.8,31061,55567.8,0
3517,32273.3,25709.2,57982.4,0
3518,21291.6,31860.3,53151.8,0
3519,49004.8,29828.8,78833.6,0
3520,60560.8,30904.8,91465.6,0
3521,61394.2,36352.6,97746.7,0
3522,62411.6,31607,94018.6,0
3523,26382.2,35661.7,62044,0
3524,29882,31755.7,61637.7,0
3525,23606.1,29346.8,52952.9,0
3526,82370.4,30867.5,113238,0
3527,51491.8,31417.4,82909.2,0
3528,30240.2,30830.5,61070.7,0
3529,45108.8,24981.9,70090.8,0
3530,44435.6,27699.4,72135,0
3531,20560.2,27687.7,48247.9,0
3532,48383.5,26476.9,74860.4,0
3533,46376,28986.5,75362.5,0
3534,36304.2,27777.4,64081.6,0
3535,50722.1,26384.7,77106.8,0
3536,24493.5,33263.9,57757.4,0
3537,28565.3,31620.4,60185.7,0
3538,34327.9,29552.6,63880.5,0
3539,60679.4,30703.8,91383.2,0
3540,44634,32158,76792,0
3541,28033.1,36011.4,64044.5,0
3542,21055.8,35503.4,56559.1,0
3543,48483.4,30184.3,78667.7,0
3544,60462,33211.6,93673.7,0
3545,26362.1,37943.8,64305.8,0
3546,64778.6,33583.2,98361.8,0
3547,46952.9,30524.1,77477,0
3548,28106.7,34814.6,62921.3,0
3549,70881.7,30494,101376,0
3550,61497.3,29988.9,91486.3,0
3551,45344.2,31838.3,77182.5,0
3552,83797.6,31916.6,115714,0
3553,26659.3,24985.9,51645.2,0
3554,28903.8,25325.1,54229,0
3555,24223.1,27859.2,52082.4,0
3556,35354.9,25321.4,60676.3,0
3557,22869.5,26304.1,49173.6,0
3558,39534.8,27525.1,67059.9,0
3559,23121.6,25138.4,48260,0
3560,92281.1,30091,122372,0
3561,105625,33287.3,138912,0
3562,49742.1,37524.4,87266.6,0
3563,28258,38102.3,66360.3,0
3564,42367.4,31832.8,74200.2,0
3565,27147.8,33192.9,60340.7,0
3566,31840.3,31479.6,63319.8,0
3567,85689.3,30895.1,116584,0
3568,46120,29553.3,75673.3,0
3569,22650.7,35306.1,57956.8,0
3570,60899.6,40487.4,101387,0
3571,49183.2,32322.7,81505.9,0
3572,41717.8,24996.1,66713.9,0
3573,18368.7,27366.5,45735.2,0
3574,35548.4,32841.3,68389.6,0
3575,36410,30094.2,66504.1,0
3576,48956.9,30543.9,79500.8,0
3577,64932.6,29991.4,94924.1,0
3578,22428.9,28138.1,50567,0
3579,56976,34122.5,91098.5,0
3580,23847,30531.9,54379,0
3581,59644.1,30264.6,89908.6,0
3582,104023,27149.3,131172,0
3583,123837,36941.1,160778,0
3584,78492.9,32914.3,111407,0
3585,22950.3,33108.8,56059.1,0
3586,25997.9,29376.8,55374.7,0
3587,31074.1,28630.4,59704.5,0
3588,30590.7,25685.7,56276.4,0
3589,56499.4,25909.2,82408.6,0
3590,26652.8,28302.5,54955.2,0
3591,33018.5,30325.5,63344,0
3592,35535.1,27687.7,63222.8,0
3593,33976.6,29191.7,63168.3,0
3594,86751.6,28138.5,114890,0
3595,27626.5,26145.9,53772.4,0
3596,69905,27285,97190,0
3597,19681.2,28224.3,47905.6,0
3598,27606.9,32443,60049.9,0
3599,24910.4,35153.8,60064.1,0
3600,52960.6,29967.3,82927.9,0
3601,59790,26717.9,86507.9,0
3602,36365.2,22353.6,58718.8,0
3603,32239.6,28048.3,60287.9,0
3604,47858.3,32612.4,80470.7,0
3605,39587.8,31236.4,70824.2,0
3606,49195.5,26462.3,75657.7,0
3607,48054,31287.9,79341.9,0
3608,61504.2,29865.9,91370.1,0
3609,21025.7,30601.4,51627.1,0
3610,38047,30669.7,68716.7,0
3611,121233,30020.7,151254,0
3612,24322.6,29112.6,53435.2,0
3613,53706.5,29744.9,83451.4,0
3614,91608.1,30336.4,121944,0
3615,43148.7,30568.1,73716.8,0
3616,21070.8,28332.4,49403.3,0
3617,40823.7,31783.9,72607.6,0
3618,33302.2,28369.4,61671.6,0
3619,30134.6,24794.1,54928.7,0
3620,18477.2,29547.2,48024.4,0
3621,121943,25314.9,147258,0
3622,20873.2,32114.1,52987.3,0
3623,20942.3,33601.9,54544.2,0
3624,30322.9,30911,61233.9,0
3625,28066,25404.3,53470.3,0
3626,46864.2,31200.9,78065.1,0
3627,92426.9,34145.8,126573,0
3628,43833.3,34560,78393.4,0
3629,18290.2,34599.7,52889.8,0
3630,44953.2,32422.9,77376.1,0
3631,19654.3,31053.5,50707.8,0
3632,30354.4,23409,53763.4,0
3633,78571.4,27705.2,106277,0
3634,38438.1,30856.9,69295,0
3635,48536.1,37596.1,86132.2,0
3636,22372.3,33960.7,56332.9,0
3637,95440.3,36474.4,131915,0
3638,91442.6,36295.3,127738,0
3639,44706.7,33906,78612.7,0
3640,45638,33315.4,78953.4,0
3641,43175.2,36209.7,79384.9,0
3642,30857.6,29666.4,60524,0
3643,36070.9,34152.5,70223.4,0
3644,32835.3,31094.7,63929.9,0
3645,62530.6,32245.8,94776.4,0
3646,34655.9,30988.2,65644.1,0
3647,31194.5,34983.9,66178.4,0
3648,34285.9,28939,63224.9,0
3649,35854.9,36031.3,71886.2,0
3650,60685.4,28867.6,89553,0
3651,42328.4,31513.8,73842.1,0
3652,39525.3,35465.7,74991.1,0
3653,25456.4,30180.8,55637.2,0
3654,33502.4,33832.7,67335.2,0
3655,30136.1,31059.2,61195.2,0
3656,46998.4,33786,80784.4,0
3657,61665.1,30672,92337.1,0
3658,46062.8,33924.8,79987.6,0
3659,46446.6,34253.8,80700.4,0
3660,30844,30244.4,61088.4,0
3661,101261,30828.2,132089,0
3662,89132.8,34163.4,123296,0
3663,48088.9,30980.7,79069.7,0
3664,25719.2,29246.9,54966.1,0
3665,35326.8,27083.5,62410.3,0
3666,47915.6,31963.6,79879.3,0
3667,48753.8,29152.6,77906.5,0
3668,34424.7,32660.1,67084.8,0
3669,38226.9,30319.3,68546.2,0
3670,42642.6,33970.1,76612.7,0
3671,42629.2,32452.1,75081.3,0
3672,25363,29786.6,55149.6,0
3673,43921.7,28588.7,72510.4,0
3674,92118.6,34798.1,126917,0
3675,27281.9,29571.5,56853.4,0
3676,64269.5,32603.1,96872.5,0
3677,30776.8,35383.3,66160.2,0
3678,29084.6,30178.6,59263.2,0
3679,91366.3,30745.5,122112,0
3680,89854,32654.4,122508,0
3681,20831.2,29598.7,50429.9,0
3682,38487.1,28668,67155.2,0
3683,23855.8,31001.5,54857.3,0
3684,21878,31232.1,53110.1,0
3685,52982.2,31839.8,84822,0
3686,26989.6,30035.5,57025,0
3687,60554.9,28067.9,88622.9,0
3688,43610,27614.8,71224.8,0
3689,27707.5,31275,58982.5,0
3690,30996.5,33665.9,64662.5,0
3691,21168.4,28542,49710.4,0
3692,47374,34203.2,81577.1,0
3693,37784.4,35313.2,73097.7,0
3694,40605.5,31527.5,72133,0
3695,24707.6,34996.8,59704.4,0
3696,33691.5,33843,67534.4,0
3697,24369.2,34239.9,58609.1,0
3698,78969.9,29451.8,108422,0
3699,32402.7,27546.4,59949.1,0
3700,96186.9,32113.4,128300,0
3701,51067.8,32703.8,83771.6,0
3702,26736.1,30949.8,57685.9,0
3703,168186,32651.2,200837,0
3704,27330.2,29801,57131.3,0
3705,30162.4,29246.7,59409.2,0
3706,49729.7,27761.4,77491,0
3707,78825.7,27922.9,106749,0
3708,30233.6,27383,57616.6,0
3709,56450.2,27937.8,84388,0
3710,44806.5,38448.3,83254.8,0
3711,53579.5,30271.9,83851.4,0
3712,85993.5,32684.1,118678,0
3713,55450.1,37946.9,93397,0
3714,30133.6,34262.7,64396.3,0
3715,59713.2,30086.2,89799.4,0
3716,22684.4,28845.8,51530.1,0
3717,41468.5,32626.8,74095.3,0
3718,48447.5,35823.8,84271.3,0
3719,56154.3,33803.2,89957.5,0
3720,32033.4,34923.4,66956.8,0
3721,117023,31027.3,148050,0
3722,24619.8,30484.7,55104.5,0
3723,101269,28540.6,129809,0
3724,26764.9,30626.8,57391.7,0
3725,79702.5,31378.7,111081,0
3726,94531.6,33730.8,128262,0
3727,29870.3,29592.6,59462.9,0
3728,40711.6,33467.9,74179.6,0
3729,59254.4,31508.8,90763.2,0
3730,92422.3,30094.8,122517,0
3731,33703.6,28978.1,62681.7,0
3732,65700.5,32110.3,97810.9,0
3733,88021.2,30013.5,118035,0
3734,19565.7,31194.3,50760,0
3735,121456,30105.4,151561,0
3736,52842.7,32255.5,85098.2,0
3737,34449.6,34876,69325.6,0
3738,30423.8,31612.7,62036.5,0
3739,101368,29545.5,130913,0
3740,52843.4,31437.2,84280.6,0
3741,59750.8,30014.2,89765.1,0
3742,24400.2,35796.4,60196.5,0
3743,28011.9,31429.4,59441.3,0
3744,24468.6,31329.7,55798.3,0
3745,50190,31072.8,81262.7,0
3746,37137.6,31034.1,68171.7,0
3747,64073.2,30857.4,94930.6,0
3748,27931,34673.1,62604.2,0
3749,38907.2,32873,71780.3,0
3750,43009.9,36325.3,79335.2,0
3751,63235.2,38398.3,101633,0
3752,19408.3,36459.4,55867.7,0
3753,25408,32885,58293,0
3754,23070.5,33277.1,56347.6,0
3755,34746.9,30632.2,65379.1,0
3756,50913.6,30805.9,81719.6,0
3757,25096,35352.2,60448.2,0
3758,41185.3,32333,73518.3,0
3759,34078.8,31479.8,65558.6,0
3760,65436.3,34010.5,99446.8,0
3761,23360.8,31003,54363.8,0
3762,23441.4,32106.8,55548.2,0
3763,40924.4,32373.1,73297.5,0
3764,60655,31175.9,91831,0
3765,29463.3,32699.9,62163.2,0
3766,54814,31564,86378,0
3767,101912,32723.6,134635,0
3768,25461.4,31447.6,56909,0
3769,45754.4,31266.2,77020.6,0
3770,55236.7,30782.3,86019,0
3771,39151.8,34172.5,73324.3,0
3772,49359,30664.5,80023.6,0
3773,25837,29813.7,55650.8,0
3774,26343.3,26982.9,53326.2,0
3775,23145.3,27861,51006.4,0
3776,49148.9,32824.7,81973.6,0
3777,26169.3,35364.6,61534,0
3778,84753.2,31506.3,116259,0
3779,30369,27648.9,58017.9,0
3780,31495.4,26279.8,57775.2,0
3781,27771.3,29878.6,57649.9,0
3782,22612,30804.8,53416.7,0
3783,35325.3,34068.6,69394,0
3784,122021,30302.2,152323,0
3785,61270,30185.7,91455.6,0
3786,21554.7,31885,53439.7,0
3787,34358.4,35427.7,69786.1,0
3788,59889.1,29760,89649.1,0
3789,24809.7,26411.7,51221.4,0
3790,23090.5,30021.2,53111.7,0
3791,26877.4,31135.4,58012.9,0
3792,23591.8,29811.2,53403,0
3793,25751.8,27785.7,53537.5,0
3794,49208.7,27734.4,76943,0
3795,49327.6,30052.2,79379.8,0
3796,55252.8,32689.2,87941.9,0
3797,91475.6,30852.6,122328,0
3798,43930,26935.1,70865.1,0
3799,36835.2,31838,68673.2,0
3800,18500.9,31426.8,49927.7,0
3801,48060.9,30333.3,78394.2,0
3802,47646.6,29186.7,76833.3,0
3803,65194.1,27509.2,92703.4,0
3804,47641.9,31381,79022.9,0
3805,26854.1,31588.8,58442.9,0
3806,35383.6,29095.5,64479.1,0
3807,21402,27790.2,49192.3,0
3808,24930.1,29370.6,54300.8,0
3809,28243.5,28234.6,56478.1,0
3810,49179,25965.2,75144.2,0
3811,31626,24666.6,56292.6,0
3812,17020,26195.9,43215.9,0
3813,21287.2,24691.9,45979.1,0
3814,62134.8,27217.8,89352.6,0
3815,38725.4,26358.7,65084.2,0
3816,93192,32925.8,126118,0
3817,31102,28520.7,59622.7,0
3818,27632.6,31464,59096.6,0
3819,46145,28679.4,74824.4,0
3820,86884,34665.3,121549,0
3821,64387.7,28646.1,93033.8,0
3822,33109.4,26348.7,59458.2,0
3823,17462.2,27732.4,45194.5,0
3824,38521.4,27387,65908.4,0
3825,30179.8,27422.3,57602.1,0
3826,50775.6,25204.5,75980.1,0
3827,67085.6,32730.5,99816.1,0
3828,49343.7,27500.2,76843.8,0
3829,30792.9,34084.2,64877.1,0
3830,118569,26410.5,144979,0
3831,25110.4,30846.5,55956.8,0
3832,27830.9,29116.7,56947.6,0
3833,45748.5,27147.6,72896.1,0
3834,31851,32188.6,64039.6,0
3835,27497.3,27126,54623.4,0
3836,30306.5,26029.2,56335.6,0
3837,40383.6,26350,66733.6,0
3838,49515.2,28086.8,77602,0
3839,26910.1,31713.9,58624,0
3840,35568.4,27064.1,62632.5,0
3841,25889.7,32964.2,58853.9,0
3842,49831.9,34822.6,84654.5,0
3843,57017.3,29537,86554.3,0
3844,22453.2,30938.7,53391.8,0
3845,39039.9,31278.8,70318.7,0
3846,26780,29586.2,56366.2,0
3847,43007.6,28576.8,71584.4,0
3848,30356.7,32691.4,63048.1,0
3849,37345.2,33554,70899.1,0
3850,56791.6,30639.1,87430.7,0
3851,33886,36287.7,70173.7,0
3852,45483.1,45693,91176.1,0
3853,33428.1,33390,66818.1,0
3854,73898.5,32743.4,106642,0
3855,117644,34263.4,151907,0
3856,101084,31631.7,132715,0
3857,56943.9,30230.1,87174,0
3858,102379,64104.6,166484,0
3859,30441.2,34515.5,64956.8,0
3860,32790.5,35823.2,68613.7,0
3861,35612.8,132130,167743,0
3862,47071.6,111273,158344,0
3863,48145.7,45329.7,93475.4,0
3864,33878.1,32178.6,66056.7,0
3865,84369.7,28637.9,113008,0
3866,45377.9,33384.5,78762.4,0
3867,44350,30149.3,74499.4,0
3868,44194.8,30300.6,74495.4,0
3869,34330.3,31426.5,65756.8,0
3870,28975.6,26648.5,55624.2,0
3871,63715.2,27467.6,91182.8,0
3872,39402.1,28229.3,67631.4,0
3873,18702.3,31027.8,49730.1,0
3874,23438.5,34367.4,57805.9,0
3875,52498.5,37411.1,89909.7,0
3876,33145.9,32340.9,65486.8,0
3877,18314.6,30668,48982.6,0
3878,29924.6,29918.2,59842.8,0
3879,17187.9,34062.7,51250.6,0
3880,21214.3,49474.8,70689.1,0
3881,30916.3,46711.2,77627.5,0
3882,36136,33559.7,69695.7,0
3883,33919.9,33735.8,67655.8,0
3884,24529.1,43869.5,68398.6,0
3885,19523.4,44117.3,63640.7,0
3886,33992,90085.6,124078,0
3887,112392,86037.7,198430,0
3888,55057.8,74926.7,129984,0
3889,28921.4,58569.2,87490.6,0
3890,36300.4,53168.3,89468.6,0
3891,19889.6,33314.4,53204.1,0
3892,44210.8,32964,77174.8,0
3893,58651.3,33407.7,92059,0
3894,64386.4,29508.3,93894.7,0
3895,35455.6,38568.6,74024.3,0
3896,25304.1,36685.8,61989.8,0
3897,24856.4,41272.5,66128.9,0
3898,26378.1,64210.7,90588.7,0
3899,26339.4,53858.4,80197.8,0
3900,102459,43702.2,146161,0
3901,81667.2,34827,116494,0
3902,41531.3,32927.4,74458.7,0
3903,35094.3,32280.5,67374.8,0
3904,31163.1,36526.9,67690,0
3905,28165.6,29557.1,57722.7,0
3906,30041.1,32631.6,62672.7,0
3907,43568,40595.5,84163.5,0
3908,30546.2,35196.3,65742.5,0
3909,45158.8,32800.1,77958.9,0
3910,41613.5,33444.8,75058.3,0
3911,28851.1,33310.8,62161.9,0
3912,167712,28593.7,196305,0
3913,25784,27520.8,53304.8,0
3914,51747.9,30486,82233.9,0
3915,22982.7,28518.3,51501,0
3916,36157,36682.6,72839.6,0
3917,84091.1,41499.1,125590,0
3918,48120.3,69526.1,117646,0
3919,85085.5,53940.8,139026,0
3920,48442.5,32377.1,80819.6,0
3921,56162.1,37124.4,93286.5,0
3922,49905.7,29421.6,79327.3,0
3923,24527.6,32575.4,57102.9,0
3924,28285.3,35245.8,63531.1,0
3925,21935.9,37471.7,59407.6,0
3926,50056.5,31896,81952.6,0
3927,23622.7,29524,53146.7,0
3928,24679.9,29920.2,54600.1,0
3929,37048.5,33897.6,70946,0
3930,28476.3,34470.1,62946.4,0
3931,46656.6,32047.9,78704.5,0
3932,50191.6,30536,80727.6,0
3933,52401,32938.4,85339.4,0
3934,47278.3,28467.3,75745.5,0
3935,34461.8,34319.7,68781.5,0
3936,31888,32284.1,64172.1,0
3937,44922.5,33491.5,78414,0
3938,18486.2,33331.1,51817.2,0
3939,25045.7,35454.2,60499.9,0
3940,40383.3,32512.8,72896.1,0
3941,62518.9,39246.1,101765,0
3942,106052,35291.7,141343,0
3943,25779.5,38322.4,64101.9,0
3944,44306.5,29074,73380.5,0
3945,24704.7,26762.4,51467.1,0
3946,45107.9,33679.7,78787.7,0
3947,33896,34280.5,68176.5,0
3948,25159,31696.9,56855.9,0
3949,50026.1,27973.1,77999.1,0
3950,31261.1,31123.7,62384.8,0
3951,59848.8,33436.4,93285.2,0
3952,104217,40374.4,144592,0
3953,88298.6,27632.1,115931,0
3954,19694.5,31230.9,50925.4,0
3955,24944,38564.2,63508.2,0
3956,30315.3,31284,61599.2,0
3957,22394.4,36491.7,58886,0
3958,63070.4,30310.5,93380.9,0
3959,42044,35087,77131,0
3960,28280.9,29251.1,57532,0
3961,26472.1,34716.6,61188.7,0
3962,63707.8,42090.7,105799,0
3963,54681.9,39081.2,93763,0
3964,44446.9,36546.5,80993.5,0
3965,27649.4,32423.2,60072.6,0
3966,51214.8,29171.5,80386.3,0
3967,104091,29842,133933,0
3968,32950.1,36176,69126.1,0
3969,59414.2,31731.2,91145.3,0
3970,29440.5,40060.6,69501.1,0
3971,54676.9,40623.3,95300.3,0
3972,90790.3,40369.9,131160,0
3973,47187.2,26717.8,73905,0
3974,48636.8,34316.9,82953.7,0
3975,29041.2,39548.9,68590.2,0
3976,39599.2,34250.5,73849.7,0
3977,29094.3,33532,62626.3,0
3978,78656.8,30234,108891,0
3979,30478.3,28385.1,58863.4,0
3980,37349.2,33218.5,70567.8,0
3981,36972.2,33469.2,70441.3,0
3982,51139.6,45598.3,96737.9,0
3983,53036.8,31699.1,84735.9,0
3984,23107.2,33189.7,56296.9,0
3985,85083.7,36113.4,121197,0
3986,29622.8,29125.7,58748.4,0
3987,33685.2,37155.3,70840.4,0
3988,22996.8,32569.1,55565.8,0
3989,60750.2,30091.2,90841.4,0
3990,51520.7,32019.1,83539.8,0
3991,61799.3,31818.5,93617.8,0
3992,66382.9,35526.9,101910,0
3993,31282.7,30594.9,61877.6,0
3994,39620.9,32632.3,72253.2,0
3995,52528.2,34968.9,87497,0
3996,23107.6,33174.1,56281.7,0
3997,49567,35491.6,85058.6,0
3998,121446,33199.3,154645,0
3999,21079,36077.2,57156.2,0
4000,30750.4,31736.8,62487.2,0
4001,30611.5,34684.4,65295.9,0
4002,47319.9,31041.6,78361.5,0
4003,91190.4,36031.1,127221,0
4004,89855.8,39042.2,128898,0
4005,38343.5,37333.8,75677.3,0
4006,30910.9,31093,62004,0
4007,21685.8,35469.5,57155.2,0
4008,33379.1,36723.2,70102.3,0
4009,65547.1,33997.2,99544.2,0
4010,54040.1,35979.5,90019.5,0
4011,30790.6,40334.5,71125.1,0
4012,33703.5,35137.3,68840.7,0
4013,36173.7,34173.2,70347,0
4014,47607.4,37465,85072.4,0
4015,44036.3,34342.9,78379.1,0
4016,32336.4,32043.6,64380,0
4017,31675.2,35336.6,67011.8,0
4018,42115.7,32083.6,74199.3,0
4019,43060.4,30537.7,73598.1,0
4020,89483.9,31441.6,120926,0
4021,66824.4,34597,101421,0
4022,95200.3,34368.4,129569,0
4023,28395.7,34043.7,62439.4,0
4024,40562.8,27167.3,67730.1,0
4025,17986.1,38039.3,56025.4,0
4026,24863.3,32267.9,57131.2,0
4027,50041.7,30106.7,80148.3,0
4028,35883.4,29589.4,65472.7,0
4029,25513.8,38472.5,63986.3,0
4030,31594.2,33259.1,64853.3,0
4031,18800.7,27616.9,46417.6,0
4032,25622.3,36267.9,61890.3,0
4033,25156.3,34464,59620.3,0
4034,94091.1,38231.6,132323,0
4035,28047.6,36951.7,64999.2,0
4036,73326.9,43021.4,116348,0
4037,39329.4,44405.8,83735.2,0
4038,56735.9,37582.5,94318.4,0
4039,47302,34947.4,82249.4,0
4040,183511,37567.4,221079,0
4041,59831.5,35743.6,95575,0
4042,32589.6,31333.8,63923.4,0
4043,42512.3,29321.2,71833.6,0
4044,30823.5,28545.4,59368.8,0
4045,47186,27740.6,74926.6,0
4046,52418,28240.6,80658.7,0
4047,31583.9,29223.3,60807.3,0
4048,46880.4,28644.4,75524.8,0
4049,20872.6,32030,52902.6,0
4050,53850.6,29491.4,83341.9,0
4051,29325,31631.3,60956.3,0
4052,36654.1,32631.8,69285.9,0
4053,34272.7,36039,70311.8,0
4054,20945.2,34858.7,55803.8,0
4055,26015.3,36502.4,62517.7,0
4056,28509.6,28354.5,56864.1,0
4057,78046.1,36599.9,114646,0
4058,68850.6,37175.3,106026,0
4059,26800,35656.4,62456.4,0
4060,108709,31744.2,140454,0
4061,27874,34463.9,62337.9,0
4062,20999,36526,57525,0
4063,90395.7,34940,125336,0
4064,69738.6,33758.2,103497,0
4065,93562.2,37604.2,131166,0
4066,26482.1,39780.3,66262.4,0
4067,68361.2,37749.6,106111,0
4068,25811.3,32488,58299.3,0
4069,69876.1,31148.8,101025,0
4070,48802.1,34487.5,83289.7,0
4071,23370.4,41352.1,64722.5,0
4072,31625.3,42008.3,73633.6,0
4073,34596.4,33455.1,68051.6,0
4074,19499.2,42427.8,61927,0
4075,96873.4,41249.3,138123,0
4076,26927.1,33253.6,60180.8,0
4077,53655.2,31704.4,85359.6,0
4078,54307.8,31173,85480.8,0
4079,106020,32333.4,138353,0
4080,39060.5,35973.4,75033.9,0
4081,24921.6,35085.4,60006.9,0
4082,17717.5,33010.1,50727.7,0
4083,54954.4,39932.2,94886.6,0
4084,27630.4,41781.5,69411.9,0
4085,52461.2,39118.4,91579.5,0
4086,108519,32874.1,141393,0
4087,47256.3,33734.6,80990.9,0
4088,20690.2,35092.2,55782.4,0
4089,26310.3,34073.5,60383.8,0
4090,28098.7,31773.4,59872.1,0
4091,97040,30317.2,127357,0
4092,47438.2,32802.8,80241,0
4093,98283.2,30826.9,129110,0
4094,61254.7,27264.1,88518.8,0
4095,35538.3,36877.4,72415.7,0
4096,55532.6,34553,90085.6,0
4097,37219.5,38573.3,75792.8,0
4098,70943.4,33257.9,104201,0
4099,51437.2,36733.5,88170.8,0
4100,30179.6,28027.8,58207.4,0
4101,33379.5,35104.8,68484.2,0
4102,44464.6,34380.3,78844.9,0
4103,23769.2,33828,57597.2,0
4104,27516.3,29208.6,56724.9,0
4105,33150.3,31398.8,64549.1,0
4106,36883.6,32272.6,69156.2,0
4107,32933.7,28691.7,61625.4,0
4108,31640.6,33073,64713.6,0
4109,31864.4,27199.3,59063.7,0
4110,48775.7,30189.7,78965.5,0
4111,58657.9,31005.6,89663.6,0
4112,54507.3,32282.4,86789.7,0
4113,29784.1,33161.9,62946,0
4114,35861.3,35150.8,71012,0
4115,58859,35767.1,94626.1,0
4116,65596.7,29599.4,95196.1,0
4117,32040.8,36305.6,68346.4,0
4118,53586.2,31924.8,85511.1,0
4119,67838.4,33118.2,100957,0
4120,120953,32827.9,153781,0
4121,41774.5,36052.6,77827.1,0
4122,32657.8,34227.9,66885.7,0
4123,22127,33043.1,55170.1,0
4124,46407.4,30884.4,77291.8,0
4125,24969.2,29407,54376.2,0
4126,31482.6,29823.8,61306.4,0
4127,31013.9,34045.3,65059.2,0
4128,49305.6,30313.3,79618.9,0
4129,29502.1,33568.2,63070.3,0
4130,50739.9,30853.9,81593.8,0
4131,35116.6,34161.2,69277.8,0
4132,29367.7,37037.3,66405,0
4133,48710,34180.7,82890.7,0
4134,37511.2,30396.1,67907.3,0
4135,62410.2,33597.3,96007.5,0
4136,49979.2,34911.7,84890.9,0
4137,22425,33065.2,55490.2,0
4138,58625.3,31194.3,89819.6,0
4139,27499.5,35095.2,62594.7,0
4140,60518.8,40862.8,101382,0
4141,26986.5,42806.2,69792.7,0
4142,113813,57552.1,171365,0
4143,35169.3,32168.8,67338.2,0
4144,37077.5,33905.7,70983.2,0
4145,104162,34303.2,138465,0
4146,60791.6,31264,92055.6,0
4147,32854.6,30183.9,63038.4,0
4148,65245.8,30702.1,95947.9,0
4149,27927.9,28922.5,56850.3,0
4150,31929.3,29776.7,61706,0
4151,49383.7,32804.4,82188.1,0
4152,64113.2,29877.1,93990.3,0
4153,41671.6,28781.7,70453.3,0
4154,39743.9,36214.9,75958.8,0
4155,22511.6,28383.9,50895.5,0
4156,85191.6,35369.7,120561,0
4157,48995.8,33408.3,82404.1,0
4158,49441.1,31342.6,80783.7,0
4159,24981.9,29155.7,54137.6,0
4160,88176.9,30524.1,118701,0
4161,121416,30374.2,151790,0
4162,40014.9,33567.4,73582.4,0
4163,59143.3,30993.4,90136.7,0
4164,25394.3,31004.7,56399,0
4165,22873.4,31967.8,54841.2,0
4166,26245,35249.9,61494.9,0
4167,64019,32667.6,96686.6,0
4168,18679.5,34193.3,52872.8,0
4169,25979.7,30028,56007.7,0
4170,36042.8,30500.5,66543.3,0
4171,22521.1,30927,53448.2,0
4172,50198.7,37334.8,87533.5,0
4173,26642.2,29431.9,56074.1,0
4174,26912.7,30588.6,57501.4,0
4175,31662.9,35065.7,66728.7,0
4176,55977.9,41981.3,97959.2,0
4177,145308,32377.1,177685,0
4178,128610,37160,165770,0
4179,35129.5,33827.1,68956.7,0
4180,61831.2,32437.3,94268.5,0
4181,30621.2,30872.9,61494,0
4182,31465.1,39509.9,70975,0
4183,26069.6,41879.5,67949,0
4184,49272.1,31574.9,80847,0
4185,64854.4,31159.9,96014.3,0
4186,22418.6,31176.8,53595.4,0
4187,47409.8,33511.1,80920.9,0
4188,60774.8,29234.3,90009.1,0
4189,55100.3,38587.5,93687.8,0
4190,85473.4,31868.2,117342,0
4191,22129.9,33488.3,55618.2,0
4192,35742.3,32237.1,67979.4,0
4193,32884.4,32963.4,65847.7,0
4194,29282.7,32710.1,61992.8,0
4195,22495.2,35322.2,57817.4,0
4196,33567.5,32221.5,65789,0
4197,36604.3,34327.3,70931.6,0
4198,59950.7,31473.4,91424,0
4199,54725.7,35435.5,90161.2,0
4200,25577.4,35941.7,61519.1,0
4201,31288.8,39564.1,70852.9,0
4202,39640.1,30143.6,69783.7,0
4203,24757.1,35063.7,59820.8,0
4204,23622.9,34024.1,57647,0
4205,27703.8,35131.6,62835.4,0
4206,54073,35384.8,89457.8,0
4207,44516.4,31240.4,75756.7,0
4208,43704.4,31891.8,75596.2,0
4209,45079.9,39614,84693.9,0
4210,57281.3,36629.1,93910.3,0
4211,34385.2,35861.5,70246.7,0
4212,42492.4,31689,74181.3,0
4213,53835.2,35046.7,88881.9,0
4214,24830.2,34351.3,59181.5,0
4215,40528.3,32243.6,72771.9,0
4216,117341,34221.1,151562,0
4217,44910.8,38998.1,83908.8,0
4218,27116,35572.3,62688.4,0
4219,23433.8,33937.2,57371,0
4220,52002.4,32778.2,84780.6,0
4221,75382.3,37104.1,112486,0
4222,23622.7,34507.4,58130,0
4223,66413.4,34957.8,101371,0
4224,30764.7,36029.7,66794.4,0
4225,26608.4,36754.8,63363.1,0
4226,24293.2,36721.2,61014.4,0
4227,17689.1,32219,49908.1,0
4228,36746.1,34667.4,71413.5,0
4229,26914.6,37156.7,64071.2,0
4230,95429.8,33765.5,129195,0
4231,83617.5,34732.6,118350,0
4232,23131.3,33020.3,56151.6,0
4233,94219.8,40265.5,134485,0
4234,135345,34668.7,170014,0
4235,88713.6,36086.2,124800,0
4236,31406.5,31396.5,62803,0
4237,48994.3,34785.5,83779.8,0
4238,54345.8,39190.8,93536.6,0
4239,31566.1,34262.7,65828.8,0
4240,45011,31437.5,76448.5,0
4241,37887.1,35325.8,73212.9,0
4242,43463.9,36774.5,80238.4,0
4243,52821.8,33864.4,86686.2,0
4244,22717.5,38605.8,61323.3,0
4245,49591.5,34543.7,84135.2,0
4246,78841.2,35497.5,114339,0
4247,44660.4,41884.8,86545.2,0
4248,35482.6,31978.8,67461.4,0
4249,73731.6,39486.7,113218,0
4250,96496.1,35284.6,131781,0
4251,88107.3,44656.7,132764,0
4252,54362.8,35569.5,89932.3,0
4253,30755.6,37200.6,67956.2,0
4254,100966,34047.7,135014,0
4255,27415.2,30394,57809.2,0
4256,36063.5,35441.1,71504.6,0
4257,123923,32573.9,156497,0
4258,123798,37574.5,161373,0
4259,43192.1,34691,77883.1,0
4260,50039.8,31863.3,81903.1,0
4261,52856.9,34654.1,87511,0
4262,55901.9,30908,86809.9,0
4263,45665,36540.3,82205.3,0
4264,39999.9,34719.4,74719.3,0
4265,89651.2,41183.1,130834,0
4266,29663.1,37425.9,67089.1,0
4267,26636,35250.1,61886.1,0
4268,25811.5,42241.7,68053.2,0
4269,66571,40693.6,107265,0
4270,62864.5,34845.4,97709.9,0
4271,20817.4,34353.6,55171,0
4272,18559.4,35240.9,53800.3,0
4273,22759.6,38264.9,61024.5,0
4274,34478.7,42390.9,76869.6,0
4275,30559.3,34059,64618.3,0
4276,70101.3,42953.3,113055,0
4277,20898.9,36759.9,57658.8,0
4278,25855.6,39189.1,65044.7,0
4279,51826.2,38750.1,90576.4,0
4280,57814.6,41425.1,99239.6,0
4281,25980.5,38392.4,64373,0
4282,64476.6,36506.6,100983,0
4283,44796.6,43737.8,88534.3,0
4284,89209.6,33809.3,123019,0
4285,51276.6,33613.1,84889.8,0
4286,41966.6,34464.6,76431.2,0
4287,35574.6,39429.5,75004.1,0
4288,60642.3,37127.6,97769.9,0
4289,86615.4,38521.2,125137,0
4290,49287.6,35715.2,85002.8,0
4291,41237.1,31591.4,72828.5,0
4292,73269.4,35694.3,108964,0
4293,27181.7,41154.7,68336.4,0
4294,67557.7,33130.1,100688,0
4295,88175,36431.6,124607,0
4296,31084,37208.6,68292.6,0
4297,24510.5,42596.3,67106.8,0
4298,30448.1,36915.1,67363.2,0
4299,41527.6,38153.8,79681.4,0
4300,43261.2,34877.4,78138.5,0
4301,59450.4,34139.1,93589.5,0
4302,83126,35394.1,118520,0
4303,29167.6,34328.8,63496.4,0
4304,29890.4,33209.7,63100.2,0
4305,21091.9,40439.6,61531.4,0
4306,91383,36146.1,127529,0
4307,63120.7,36438.7,99559.4,0
4308,26103.3,34657.8,60761.2,0
4309,33508.6,41583.2,75091.8,0
4310,47253.5,41364.7,88618.3,0
4311,66074.7,41656.7,107731,0
4312,116585,32121.1,148706,0
4313,24930.9,37519.3,62450.2,0
4314,24617.5,36582.4,61199.8,0
4315,42648.5,36241.4,78889.9,0
4316,38745.2,40005.9,78751,0
4317,31392.5,31163,62555.5,0
4318,44033.2,35030.2,79063.3,0
4319,29309.8,39652.7,68962.5,0
4320,39643.5,32318.5,71962,0
4321,66371.8,37812.8,104185,0
4322,59994.4,31797.3,91791.7,0
4323,86604.9,36139.6,122744,0
4324,43552.7,42670.7,86223.4,0
4325,105403,35052.8,140456,0
4326,25363.3,40137.9,65501.2,0
4327,21800,36807.5,58607.5,0
4328,31754.8,41573.8,73328.6,0
4329,104220,38191.7,142412,0
4330,86478.6,35622.1,122101,0
4331,48732.5,35721.1,84453.6,0
4332,94305.2,37110.3,131415,0
4333,96432.6,34324.3,130757,0
4334,29333,43582.9,72915.9,0
4335,55232.4,38453.9,93686.3,0
4336,41237.8,33564,74801.8,0
4337,45073.1,33193.3,78266.4,0
4338,27471.3,37716.4,65187.7,0
4339,24603.5,35477.8,60081.3,0
4340,25841.4,35580.2,61421.6,0
4341,30174.4,32397.6,62572,0
4342,86071.7,41546.3,127618,0
4343,46232.1,43727.5,89959.6,0
4344,31732.2,39341,71073.2,0
4345,36336.5,33108.3,69444.8,0
4346,34345.2,33818,68163.2,0
4347,45098.3,36606.1,81704.4,0
4348,50031.5,37405.8,87437.4,0
4349,49108,44134.9,93242.9,0
4350,43765,38006.4,81771.4,0
4351,29471.8,35635.9,65107.7,0
4352,52846.3,35374.6,88220.9,0
4353,58117.9,35247.5,93365.4,0
4354,58459.2,38373.8,96833,0
4355,25845.4,38688.6,64534,0
4356,17854.7,35946.6,53801.2,0
4357,43843.8,36085.6,79929.4,0
4358,29891.7,41382.3,71274,0
4359,23687.6,39761.3,63449,0
4360,20248.3,36770.7,57019,0
4361,46767.3,38651.6,85419,0
4362,31854.7,40470.5,72325.2,0
4363,19630.8,36236.3,55867.1,0
4364,19193.7,38018.7,57212.4,0
4365,84844.8,35578.4,120423,0
4366,29565.2,40447.2,70012.4,0
4367,36109.7,34899.6,71009.3,0
4368,90894.1,35918.9,126813,0
4369,25220.8,37878.8,63099.6,0
4370,35648.2,36828.1,72476.3,0
4371,22488.7,37972.1,60460.8,0
4372,21874.1,34404.7,56278.8,0
4373,36023.9,34035.2,70059.1,0
4374,28464.3,34183.6,62647.9,0
4375,28908.9,36546.5,65455.4,0
4376,22389.2,34512.8,56902,0
4377,43575.2,36071.5,79646.8,0
4378,20865.1,34779,55644.1,0
4379,29609.2,34464.6,64073.8,0
4380,37820.8,33969.6,71790.5,0
4381,54734.9,38066.5,92801.4,0
4382,66559.3,42920.4,109480,0
4383,30633.3,36424.2,67057.5,0
4384,50902.3,37969.9,88872.1,0
4385,33187.3,36821.5,70008.8,0
4386,25263.4,39975.4,65238.8,0
4387,52798.5,35798.7,88597.2,0
4388,17974.2,38489.1,56463.3,0
4389,29409.9,35856.8,65266.7,0
4390,31954.1,36780.3,68734.3,0
4391,32878.3,35030.5,67908.8,0
4392,61263.3,34733.1,95996.4,0
4393,19506.2,38375.2,57881.4,0
4394,38397.9,34757.9,73155.8,0
4395,44520.4,39026.4,83546.8,0
4396,35673.1,38257.4,73930.5,0
4397,21050.5,41624.3,62674.8,0
4398,55813,34919.4,90732.4,0
4399,23905.4,36007.1,59912.5,0
4400,88237.7,43095.8,131333,0
4401,29931.6,38506.5,68438.2,0
4402,54330,39742.6,94072.7,0
4403,25241.9,36086.7,61328.6,0
4404,28143.6,35350,63493.6,0
4405,93705.3,41097,134802,0
4406,33729.4,37465.7,71195.1,0
4407,68865,43824,112689,0
4408,24706.2,37074.5,61780.6,0
4409,45841.1,32974.4,78815.5,0
4410,26426.7,37592.7,64019.4,0
4411,31881.6,38546.1,70427.7,0
4412,29654,40014.4,69668.4,0
4413,118663,32504.3,151167,0
4414,23505.8,41118.1,64623.9,0
4415,66108.9,39227.8,105337,0
4416,20058.9,33977.5,54036.4,0
4417,22180.8,37622.9,59803.6,0
4418,18985.8,37403.9,56389.7,0
4419,64787.3,36333.9,101121,0
4420,39571.3,35249,74820.3,0
4421,89813.2,40624.2,130437,0
4422,38932.5,40236.7,79169.3,0
4423,26335.4,39226.9,65562.4,0
4424,42523.3,35585.4,78108.7,0
4425,61829.5,40914.3,102744,0
4426,23607.5,43006.7,66614.2,0
4427,33553.6,36706.5,70260.1,0
4428,31626.9,37203.1,68830.1,0
4429,34462.6,47774.9,82237.5,0
4430,90998.8,38618,129617,0
4431,38039.4,36003.8,74043.2,0
4432,30048.9,40053.7,70102.7,0
4433,40698.8,36673,77371.8,0
4434,29587.3,39249,68836.3,0
4435,29142.3,43511.3,72653.6,0
4436,24230.6,38914.5,63145.1,0
4437,83624.6,39381.6,123006,0
4438,85167,37221.1,122388,0
4439,69730,41255.2,110985,0
4440,75024.4,39094.1,114118,0
4441,23504.7,38168.7,61673.4,0
4442,63261.4,35507.2,98768.7,0
4443,40158,40933.5,81091.5,0
4444,32815.3,42568.5,75383.8,0
4445,52715.9,41276,93991.9,0
4446,30609.1,37228,67837.2,0
4447,52410.6,37909.1,90319.7,0
4448,31468.4,37210,68678.5,0
4449,27683.8,34021.2,61705,0
4450,36649.3,36862.2,73511.6,0
4451,29436.7,43207,72643.7,0
4452,36810.3,40043.2,76853.6,0
4453,52674.8,36798.2,89473,0
4454,27185,34743.2,61928.2,0
4455,35398.1,38068.8,73466.8,0
4456,45474.6,34948.6,80423.2,0
4457,39813.2,39231.5,79044.7,0
4458,23661.7,33442.9,57104.6,0
4459,60057.6,34599.5,94657.1,0
4460,23039.2,38403.4,61442.5,0
4461,58716.3,38701.4,97417.7,0
4462,52508,34503.1,87011.1,0
4463,60803.7,33366,94169.7,0
4464,27709.3,37690.1,65399.5,0
4465,29180.5,37170.5,66350.9,0
4466,40485,33681.7,74166.7,0
4467,30392.6,35514.8,65907.4,0
4468,23563.3,38844,62407.3,0
4469,28146.2,35007,63153.2,0
4470,31059.8,33458.1,64517.8,0
4471,60541.8,33160.5,93702.3,0
4472,22524.1,40439.6,62963.7,0
4473,41501,35872.7,77373.7,0
4474,35924.2,35536.7,71460.9,0
4475,25183.3,36164.7,61347.9,0
4476,34467.5,35473.2,69940.7,0
4477,32930.9,41094.3,74025.2,0
4478,34790.1,39527.5,74317.7,0
4479,26615.5,43325.5,69941,0
4480,24020.4,44476.6,68497,0
4481,21430.3,35017.2,56447.5,0
4482,62682.2,35033.9,97716,0
4483,27932.1,33828.3,61760.4,0
4484,22506.2,33549.3,56055.5,0
4485,56508.6,33891.3,90400,0
4486,56317.1,38144.5,94461.6,0
4487,51310.6,40790.6,92101.2,0
4488,53203.5,39588.5,92792,0
4489,19978.9,38935.2,58914.2,0
4490,49541.1,39627.2,89168.3,0
4491,52962.3,35959,88921.3,0
4492,31286.3,38060.1,69346.5,0
4493,49006,39888.6,88894.6,0
4494,43916.9,34208.2,78125.1,0
4495,49437.5,39776,89213.5,0
4496,25720.6,39247.8,64968.4,0
4497,42082.7,45743.3,87825.9,0
4498,45655.6,41190.1,86845.8,0
4499,44508.8,35779.8,80288.6,0
4500,33383.8,35516.3,68900.2,0
4501,47039.1,41895.8,88934.9,0
4502,20491.9,43808.7,64300.7,0
4503,44896.9,40249.6,85146.4,0
4504,91258.5,39352.2,130611,0
4505,64879.8,39241.2,104121,0
4506,85066.8,37888.3,122955,0
4507,46980.5,35682.2,82662.7,0
4508,21086,37705.9,58791.9,0
4509,30786,38945.8,69731.8,0
4510,47795.3,39267.6,87062.9,0
4511,49976.9,43596,93572.8,0
4512,22058.4,43518.2,65576.5,0
4513,25074.7,38929.7,64004.4,0
4514,50731,38875.8,89606.8,0
4515,51845.6,34310.1,86155.8,0
4516,129127,33629,162756,0
4517,24955.1,35389.4,60344.5,0
4518,24207.1,35787.4,59994.5,0
4519,42434,38649.4,81083.4,0
4520,51658.5,46961.2,98619.7,0
4521,53858.5,40309.1,94167.6,0
4522,23069.4,40041,63110.4,0
4523,62298.2,38162.6,100461,0
4524,85046.9,40217.7,125265,0
4525,73648.9,38880.2,112529,0
4526,27350,35057.8,62407.9,0
4527,37280.3,35682.3,72962.6,0
4528,29272.4,38396.6,67669.1,0
4529,34965,38903.7,73868.7,0
4530,22459.1,39077.4,61536.5,0
4531,46362.4,36879.2,83241.6,0
4532,43154.1,39711.1,82865.2,0
4533,48376.2,33317,81693.2,0
4534,24861,34681.1,59542.1,0
4535,49352.2,35683,85035.2,0
4536,26299.2,34901.2,61200.3,0
4537,51113.2,34513.7,85626.9,0
4538,121611,39490.8,161102,0
4539,43288.2,37324.5,80612.7,0
4540,19200,42066.7,61266.6,0
4541,62050.5,34634.3,96684.8,0
4542,25349.8,34402.9,59752.6,0
4543,27291.7,35167.2,62458.9,0
4544,23698,33801.2,57499.1,0
4545,45741.4,38065.2,83806.6,0
4546,39497,32653.4,72150.3,0
4547,45017.1,35369.9,80387,0
4548,39946,40102.7,80048.6,0
4549,27296.1,38316.2,65612.3,0
4550,17787.3,33781.1,51568.5,0
4551,33052.1,38541.1,71593.2,0
4552,25933.1,38766.7,64699.8,0
4553,101681,31916.4,133598,0
4554,28249.3,33803.2,62052.5,0
4555,100465,37477.2,137942,0
4556,78881.5,36131.4,115013,0
4557,22675.5,37105.8,59781.3,0
4558,51387.6,38103.2,89490.8,0
4559,19355.9,33954,53309.9,0
4560,49817.5,35119.8,84937.2,0
4561,31397.6,35951,67348.6,0
4562,32755.7,38562.1,71317.8,0
4563,47306.6,43826.4,91132.9,0
4564,34922.5,43665.2,78587.6,0
4565,47565.8,40013.7,87579.5,0
4566,30382.8,35189,65571.9,0
4567,31439.7,41327.7,72767.4,0
4568,24053.2,43436.7,67489.9,0
4569,86250.5,38540.5,124791,0
4570,31028.5,35881,66909.5,0
4571,43875.6,35531.6,79407.2,0
4572,31586.9,32563.9,64150.7,0
4573,28140.6,36438.6,64579.2,0
4574,20776.7,34046.3,54823,0
4575,28989,42104.6,71093.7,0
4576,38568,39737.2,78305.2,0
4577,117523,39575.4,157099,0
4578,26314.5,39269.6,65584,0
4579,33392.2,38483.4,71875.6,0
4580,62511.7,35998.4,98510.1,0
4581,51146,33154.3,84300.3,0
4582,25920.4,37613.3,63533.6,0
4583,31156.3,37712.5,68868.7,0
4584,52265,40308.2,92573.2,0
4585,116538,37999.4,154537,0
4586,23643.2,36714.8,60358,0
4587,30134.8,33820.7,63955.5,0
4588,49386.5,38496.3,87882.8,0
4589,60519,33263.8,93782.8,0
4590,49707.9,36554.5,86262.4,0
4591,40114.4,38088.5,78202.9,0
4592,44965.4,35636.7,80602.1,0
4593,51637.6,36343.1,87980.7,0
4594,49543.5,33901.1,83444.6,0
4595,92896.7,41935.3,134832,0
4596,48765.5,38584.1,87349.6,0
4597,29354.6,35920.3,65274.9,0
4598,33518.3,43238.1,76756.4,0
4599,30875.1,39518.8,70393.9,0
4600,33401.6,35067,68468.6,0
4601,53573.2,38896.5,92469.6,0
4602,20909.8,35991.8,56901.6,0
4603,90715.2,37217.2,127932,0
4604,51451.1,33955.6,85406.7,0
4605,19580.6,32246,51826.5,0
4606,34696.3,34333.5,69029.8,0
4607,29805.9,42450.2,72256.1,0
4608,42148.4,56451.2,98599.5,0
4609,27982.5,36049.9,64032.4,0
4610,93139.3,35304.3,128444,0
4611,26754.1,37608.8,64362.9,0
4612,52823.6,35751.2,88574.8,0
4613,69748,43005.3,112753,0
4614,28655.4,32708.8,61364.1,0
4615,22848.9,32483.2,55332.1,0
4616,32131.4,36845,68976.4,0
4617,22733.6,34426.8,57160.4,0
4618,22483,33106.8,55589.8,0
4619,103809,34189.1,137998,0
4620,21815.3,38357.7,60173,0
4621,48960.7,38229,87189.7,0
4622,52163.2,39073.8,91237.1,0
4623,25762.5,42765.9,68528.5,0
4624,64949.4,41506.9,106456,0
4625,25244.7,39273.8,64518.4,0
4626,49943.2,42426.1,92369.3,0
4627,36835.3,38452.6,75287.8,0
4628,60700.8,36569.3,97270,0
4629,26303.2,33534.5,59837.7,0
4630,53144.6,40021.1,93165.7,0
4631,168409,41151.2,209560,0
4632,40618.7,35125.4,75744.1,0
4633,88355,40621.7,128977,0
4634,35047.3,45402.6,80449.9,0
4635,51476.3,39278.4,90754.6,0
4636,18505.3,36808.8,55314.1,0
4637,24699.5,38401.9,63101.3,0
4638,18845.8,43069.7,61915.5,0
4639,53342.6,40773.7,94116.3,0
4640,51354.3,40925.2,92279.5,0
4641,30162.3,34629.2,64791.5,0
4642,40812.8,49305.5,90118.3,0
4643,25619.3,39898.3,65517.6,0
4644,44078,37828.1,81906.1,0
4645,27142.1,35101,62243.1,0
4646,46214.6,38899.1,85113.7,0
4647,34966.8,44230.1,79197,0
4648,49219.9,37303.9,86523.8,0
4649,63613.2,39823.3,103437,0
4650,21055.3,39157.8,60213.1,0
4651,58535.9,58728.4,117264,0
4652,32457.2,53429.3,85886.5,0
4653,46422.9,46176.9,92599.8,0
4654,83670.2,38128.1,121798,0
4655,23065.4,44091,67156.4,0
4656,39969.6,52536.6,92506.1,0
4657,44039.2,38026.5,82065.8,0
4658,31380.1,42500.5,73880.6,0
4659,124099,36914.3,161013,0
4660,23722.5,37091.7,60814.2,0
4661,25037,36087.4,61124.3,0
4662,28107.9,35999.7,64107.6,0
4663,23016.1,33641.2,56657.3,0
4664,121715,36548.4,158264,0
4665,48821.3,45929.7,94751,0
4666,30219.6,39882.9,70102.5,0
4667,128709,40860.5,169569,0
4668,162961,38696.4,201657,0
4669,104235,42197.4,146432,0
4670,48216.3,38517,86733.3,0
4671,22679.3,37245.9,59925.2,0
4672,26865.6,37787.3,64653,0
4673,43951.6,47081.1,91032.8,0
4674,44238.8,38511.7,82750.5,0
4675,35973,39632.4,75605.4,0
4676,38315.1,38047.6,76362.6,0
4677,22666.6,37829.7,60496.4,0
4678,62436.6,50590,113027,0
4679,21654,54996.8,76650.8,0
4680,32683.9,38990.7,71674.6,0
4681,26268.8,37023,63291.8,0
4682,34624.3,38974.1,73598.3,0
4683,21090.2,52713.9,73804.1,0
4684,52036.7,40061.2,92097.9,0
4685,26121.2,54572.8,80694,0
4686,69482.8,54061.4,123544,0
4687,39683.4,38041.4,77724.8,0
4688,35052.9,35674.8,70727.6,0
4689,33544.4,39363,72907.4,0
4690,90412.9,39657.8,130071,0
4691,24766,37020.2,61786.1,0
4692,30859.9,38866.7,69726.5,0
4693,35181.9,38029.1,73211,0
4694,33754.4,39486.2,73240.6,0
4695,20744.1,41263.3,62007.4,0
4696,27668,38549.4,66217.3,0
4697,83388.6,33820,117209,0
4698,20241.2,33445.5,53686.6,0
4699,27185.5,37096.9,64282.4,0
4700,28882.4,36431.7,65314.1,0
4701,33187.3,38947,72134.3,0
4702,44917,39732.9,84649.9,0
4703,23073.4,40076.2,63149.6,0
4704,89336.9,39631.5,128968,0
4705,49248.4,38312.2,87560.6,0
4706,24056.2,35411.9,59468.1,0
4707,23055.1,37149.6,60204.7,0
4708,36444.5,55076.3,91520.8,0
4709,30856.7,54763.9,85620.6,0
4710,56157.2,55526.6,111684,0
4711,22321.3,53890.4,76211.7,0
4712,24018.4,43512.7,67531,0
4713,22363.3,39038.5,61401.8,0
4714,93028.3,34980.6,128009,0
4715,59777.9,33483.4,93261.3,0
4716,99339.6,36436.1,135776,0
4717,94967,52852,147819,0
4718,34065.9,41171.4,75237.3,0
4719,59847.8,33701.7,93549.6,0
4720,32265.1,48938.3,81203.4,0
4721,32269.6,35634.7,67904.3,0
4722,25541.5,32846.3,58387.8,0
4723,60608.3,35445.2,96053.5,0
4724,52877.5,39588.4,92466,0
4725,31137.7,35755.9,66893.7,0
4726,35025.9,46938.4,81964.3,0
4727,30577.4,51232.9,81810.3,0
4728,64867.9,35209.9,100078,0
4729,22069.3,54236.4,76305.6,0
4730,27517.2,54509.4,82026.5,0
4731,31659.5,38925.5,70585,0
4732,46312.4,40395.3,86707.6,0
4733,38594.3,36906.6,75500.9,0
4734,86136.8,39029,125166,0
4735,48172.4,41513.2,89685.6,0
4736,50953.8,40380.3,91334.1,0
4737,23657.1,55555.4,79212.4,0
4738,61336.4,37643.9,98980.4,0
4739,23154,38465.1,61619.1,0
4740,59961.3,39127.8,99089.1,0
4741,45222.4,40678.3,85900.7,0
4742,36296.6,50901.2,87197.8,0
4743,22756.3,40194.1,62950.4,0
4744,60053.5,38971.7,99025.2,0
4745,29637.3,41366.3,71003.6,0
4746,22606.5,39309.1,61915.6,0
4747,32791.1,53430.8,86222,0
4748,24646.5,39646.4,64292.9,0
4749,18906.1,54877.3,73783.3,0
4750,28786.5,45875.4,74661.8,0
4751,30824,38841.4,69665.4,0
4752,33424.7,37579.5,71004.2,0
4753,32360.4,40626.2,72986.7,0
4754,25139.2,53823.8,78963.1,0
4755,83262.7,38225,121488,0
4756,48420.2,55001.6,103422,0
4757,25081.1,39114.9,64196,0
4758,21985.4,53395.3,75380.7,0
4759,51698.9,51971.2,103670,0
4760,49910.1,53750.1,103660,0
4761,130298,38169.7,168468,0
4762,53926.3,40184.7,94111,0
4763,105877,50169.2,156046,0
4764,31248.5,35641.2,66889.8,0
4765,20859.9,48788.7,69648.6,0
4766,96243,39849.8,136093,0
4767,56930.9,53975.6,110906,0
4768,24959.3,41621.4,66580.7,0
4769,47052.2,37202,84254.2,0
4770,33344.8,42943.8,76288.6,0
4771,54362,53577.1,107939,0
4772,114335,52690.3,167025,0
4773,28135.6,55119.6,83255.1,0
4774,35939.3,40566.5,76505.8,0
4775,33635,51838.7,85473.7,0
4776,25877.9,39825.5,65703.4,0
4777,47057.7,37505.6,84563.3,0
4778,53965.5,53023.6,106989,0
4779,26174.1,41133.1,67307.2,0
4780,30482.2,54824.2,85306.4,0
4781,87800.1,53390.1,141190,0
4782,32621.4,38599,71220.4,0
4783,31323.3,37016.5,68339.7,0
4784,35965,40382.9,76347.9,0
4785,38748,43458.2,82206.2,0
4786,103699,64874.6,168574,0
4787,23374.7,43137.1,66511.8,0
4788,21391.2,52339.8,73731,0
4789,31658.5,40843.3,72501.7,0
4790,49674.4,39233.3,88907.7,0
4791,52533.1,57596.9,110130,0
4792,101360,47183,148543,0
4793,74353.1,54836.4,129190,0
4794,94681.1,49938.8,144620,0
4795,34913.1,48620.3,83533.4,0
4796,36549.5,49627.1,86176.6,0
4797,37389,51281.8,88670.7,0
4798,26021.1,38126.5,64147.5,0
4799,27425.4,51571.2,78996.7,0
4800,23845.6,46278.2,70123.8,0
4801,45812.5,49629.7,95442.2,0
4802,76853.8,44619.3,121473,0
4803,48516.8,57613.1,106130,0
4804,24724.4,44435.3,69159.7,0
4805,19326,36759.9,56085.8,0
4806,45858.7,43165,89023.7,0
4807,59765.5,41481.8,101247,0
4808,51007,50234.9,101242,0
4809,36795,50294.9,87089.9,0
4810,118531,40482,159013,0
4811,101058,44266.2,145324,0
4812,60416.8,56591.1,117008,0
4813,48323.1,56365.9,104689,0
4814,94215.3,51386.4,145602,0
4815,52618.5,39620.5,92239,0
4816,33167.9,39818.3,72986.2,0
4817,47877,39333.5,87210.5,0
4818,60723.2,36923.5,97646.7,0
4819,21646,40733.2,62379.2,0
4820,123555,40186.5,163741,0
4821,123306,40281.2,163587,0
4822,52421.4,38839.4,91260.9,0
4823,37554,42119.8,79673.8,0
4824,24611.2,41532.4,66143.6,0
4825,27283.1,50581.7,77864.9,0
4826,61284.8,41113.8,102399,0
4827,19281.9,42221.7,61503.6,0
4828,21288,54522.5,75810.6,0
4829,45499.5,52437.4,97936.9,0
4830,30353.3,50137.1,80490.4,0
4831,40538.4,53343.8,93882.2,0
4832,59760.1,37721.3,97481.4,0
4833,81202.8,40430.1,121633,0
4834,21007.2,38240.6,59247.8,0
4835,42356.3,33159.2,75515.5,0
4836,26496.4,37683.5,64180,0
4837,24417.3,40258.1,64675.5,0
4838,66986.5,40911.9,107898,0
4839,49225.8,43028.2,92254,0
4840,30768.6,43054.8,73823.4,0
4841,23344.5,54020.7,77365.2,0
4842,25878.2,38061.9,63940.1,0
4843,54146,57230.2,111376,0
4844,28438.9,51363,79802,0
4845,23092.3,43287,66379.3,0
4846,24856.7,39851.7,64708.4,0
4847,18378.6,35595.5,53974,0
4848,33415.4,36666.5,70081.9,0
4849,77007.4,42430.4,119438,0
4850,60314.3,38724.4,99038.7,0
4851,35605.5,49115.1,84720.6,0
4852,93292.9,37734.9,131028,0
4853,39692.1,34581.1,74273.1,0
4854,84180.4,35742.4,119923,0
4855,21626.9,49580.7,71207.7,0
4856,30278.4,35726.7,66005.1,0
4857,35674,34580.8,70254.8,0
4858,20845.7,43059.9,63905.6,0
4859,29082.9,39679.2,68762.1,0
4860,33746.5,40478.9,74225.3,0
4861,35961.4,36022.1,71983.5,0
4862,58918.9,40392.3,99311.2,0
4863,68423.7,41162.1,109586,0
4864,51501.7,63047.2,114549,0
4865,33591.5,58906.5,92498,0
4866,16917.1,54091.5,71008.6,0
4867,25379.3,43529.1,68908.3,0
4868,56030.8,57784.6,113815,0
4869,28407.1,46371.7,74778.8,0
4870,87613.3,47676.6,135290,0
4871,19280.9,40089.5,59370.4,0
4872,31469.7,42498.5,73968.2,0
4873,79142.8,37044.4,116187,0
4874,44080.9,36529.8,80610.7,0
4875,54059.9,49343.3,103403,0
4876,22190.7,40701.5,62892.2,0
4877,66275.4,36407.9,102683,0
4878,85978.5,31220.7,117199,0
4879,25785.3,35800.1,61585.4,0
4880,31822.4,41244.4,73066.8,0
4881,62871.2,55269.3,118141,0
4882,69553.9,39309.9,108864,0
4883,135228,42976.1,178204,0
4884,80999.6,59356.1,140356,0
4885,79665.7,76524.3,156190,0
4886,58759.7,56584.7,115344,0
4887,44192.1,72981.4,117173,0
4888,66939.7,67721.9,134662,0
4889,102384,55326.5,157711,0
4890,24097,41450.3,65547.3,0
4891,22788.8,59270.2,82059,0
4892,29870.7,53622.2,83492.9,0
4893,25641.9,58266.2,83908.1,0
4894,28252.5,48199.3,76451.9,0
4895,22868.8,39181.1,62049.9,0
4896,49389.9,39261.3,88651.2,0
4897,40730.6,34106.9,74837.6,0
4898,24270.4,48984.6,73254.9,0
4899,30398.9,38841.2,69240.1,0
4900,167723,49228.1,216951,0
4901,96304.4,41470.3,137775,0
4902,19989.8,45642.1,65632,0
4903,20908,37708.3,58616.3,0
4904,31249.6,57486.7,88736.3,0
4905,26382.7,44745.9,71128.6,0
4906,41879.9,56950.1,98830,0
4907,29136.1,38262.8,67398.9,0
4908,34040.1,39490.2,73530.3,0
4909,37482.8,35043.9,72526.7,0
4910,39546,40455.2,80001.2,0
4911,57325.8,56966.9,114293,0
4912,31144,52863,84007,0
4913,26648.4,42193.2,68841.5,0
4914,54740.4,42371.8,97112.2,0
4915,36072.2,41348.6,77420.8,0
4916,62762.4,43556.4,106319,0
4917,27790.6,60618.7,88409.3,0
4918,32792.9,45538.3,78331.2,0
4919,67753,57695.3,125448,0
4920,52502.7,47815.8,100319,0
4921,40899.7,62961.7,103861,0
4922,110436,44843.7,155280,0
4923,62532.9,43182.4,105715,0
4924,54854.5,45621.3,100476,0
4925,29894.5,46646.3,76540.8,0
4926,22115,40643.8,62758.8,0
4927,49724.3,41704.5,91428.8,0
4928,42741,56827.6,99568.6,0
4929,89048,41633.8,130682,0
4930,28756.8,43723.8,72480.6,0
4931,69782.6,43258.7,113041,0
4932,47887.8,39629.3,87517.1,0
4933,35040.1,55307.5,90347.6,0
4934,52336.3,44669,97005.2,0
4935,29768.1,50815.3,80583.4,0
4936,57378.4,54964.7,112343,0
4937,24403.2,41906.5,66309.6,0
4938,52150.4,42556.9,94707.3,0
4939,33624.5,38464.6,72089.1,0
4940,33518.8,42833.3,76352.1,0
4941,23191.2,43788.9,66980.1,0
4942,23507.5,46155,69662.5,0
4943,60325.6,44631,104957,0
4944,34915.6,40598,75513.6,0
4945,32799.5,42721.4,75520.9,0
4946,25656.4,53671.9,79328.4,0
4947,36034.3,42591,78625.3,0
4948,21643.6,40837.5,62481,0
4949,31430.9,53740.4,85171.3,0
4950,29099.1,47595.4,76694.5,0
4951,45952.9,39104.4,85057.2,0
4952,48325,45454.4,93779.4,0
4953,46331.5,40107.7,86439.2,0
4954,42306.7,40981.9,83288.6,0
4955,24614.3,39787.2,64401.5,0
4956,29174.9,38408.6,67583.5,0
4957,34718.5,42648.5,77367,0
4958,20735.4,41801.6,62537,0
4959,47401.6,38850.2,86251.9,0
4960,90663.6,54900.7,145564,0
4961,35432.1,51439.5,86871.6,0
4962,30868.2,38888.1,69756.4,0
4963,33405.7,39280.1,72685.8,0
4964,83716.8,41426.6,125143,0
4965,47918.5,55882.1,103801,0
4966,67887,54128,122015,0
4967,79584.4,39290.3,118875,0
4968,55162.4,35183.3,90345.7,0
4969,130061,65620,195681,0
4970,69749.7,91461.7,161211,0
4971,75135,76539.2,151674,0
4972,25269.5,64765.3,90034.8,0
4973,32841.4,56554.8,89396.2,0
4974,25806,38367.9,64173.9,0
4975,33146.6,38805.8,71952.4,0
4976,38942.8,38933.9,77876.8,0
4977,53788.6,41738.4,95527.1,0
4978,49526.8,51911.6,101438,0
4979,23696.3,38885.4,62581.6,0
4980,20497.1,52821.8,73318.9,0
4981,37184.3,49602.6,86786.9,0
4982,30026,42734.9,72760.9,0
4983,57169.7,38520,95689.7,0
4984,29565.7,61294.8,90860.5,0
4985,93382.3,45363,138745,0
4986,29794.7,39230.4,69025,0
4987,33733.3,35085.1,68818.4,0
4988,29164.2,38148.8,67313,0
4989,31514.3,53083.4,84597.7,0
4990,27069.7,39909.4,66979.1,0
4991,21285.9,40418.1,61704,0
4992,28146,63560.4,91706.4,0
4993,48405.5,42881.9,91287.4,0
4994,55375.5,54480.4,109856,0
4995,51074,39762,90836.1,0
4996,28532.1,39233.1,67765.2,0
4997,28851.9,47786.7,76638.6,0
4998,34413.7,39512.6,73926.2,0
4999,60726.2,38920.4,99646.6,0
5000,25907.6,44343.6,70251.2,0
5001,23120.9,36936,60056.8,0
5002,19009.1,49347.5,68356.6,0
5003,48828.1,54799.8,103628,0
5004,56006.1,51542.6,107549,0
5005,21319.1,48816.4,70135.5,0
5006,45724.8,41880.2,87605,0
5007,27306.6,46688.4,73995,0
5008,52644.9,45466.5,98111.4,0
5009,53604.1,56033,109637,0
5010,47833.2,54307.9,102141,0
5011,26629,43477,70106,0
5012,33330.1,40573.3,73903.5,0
5013,53409.8,41445.3,94855.1,0
5014,21584.4,42072.2,63656.6,0
5015,94421.2,51893.7,146315,0
5016,35790.9,45776.8,81567.7,0
5017,30075,41053.8,71128.8,0
5018,24476.6,40868.1,65344.7,0
5019,46224.1,35806.2,82030.3,0
5020,69995.9,39246.1,109242,0
5021,21901.2,40838,62739.2,0
5022,27012.7,45326.4,72339.1,0
5023,32637.2,40306.3,72943.5,0
5024,30316.4,34831.9,65148.3,0
5025,51432.3,40742.4,92174.7,0
5026,48008.5,54108.3,102117,0
5027,35153.4,43091.6,78245,0
5028,60467.7,38185.2,98652.9,0
5029,31767.4,44604.5,76371.9,0
5030,119654,39246.9,158901,0
5031,166141,39732.8,205874,0
5032,46993.8,42278.1,89271.9,0
5033,35525.6,39912.4,75438,0
5034,88225.8,41980.8,130207,0
5035,44841.7,59678.1,104520,0
5036,59155.1,54682.2,113837,0
5037,70622.3,54185.2,124808,0
5038,38620.2,84884.7,123505,0
5039,67118.5,42929.3,110048,0
5040,18831.2,59604,78435.3,0
5041,69004.2,44928.4,113933,0
5042,33269.4,39421.4,72690.9,0
5043,27411.8,34836.2,62248,0
5044,96683.6,40382.2,137066,0
5045,51703.8,45178.4,96882.2,0
5046,60579.8,59478.5,120058,0
5047,58541.2,54583.3,113125,0
5048,22335.6,44416.9,66752.4,0
5049,29507,63486.1,92993,0
5050,31429.4,63185.7,94615.1,0
5051,23169.3,56620.3,79789.7,0
5052,36454.6,46665.6,83120.1,0
5053,35567.4,57906.2,93473.6,0
5054,27166,40937.1,68103.1,0
5055,42331.2,43652.9,85984.1,0
5056,26805.2,49502.7,76307.8,0
5057,17202.4,43468.2,60670.7,0
5058,56216.6,61696.7,117913,0
5059,25911.9,65069,90980.9,0
5060,21098.7,50001,71099.7,0
5061,40938,45036,85974.1,0
5062,146778,61595,208373,0
5063,37422.6,71751.8,109174,0
5064,54564.2,55427.2,109991,0
5065,52520.4,39534.2,92054.6,0
5066,90546.4,37983.6,128530,0
5067,29819.3,43145.4,72964.8,0
5068,88430.1,37388.2,125818,0
5069,49733.2,35946.3,85679.4,0
5070,51150.5,35265.5,86416,0
5071,26155.3,37123,63278.2,0
5072,49160.1,33727.1,82887.2,0
5073,22383.2,37543.3,59926.5,0
5074,47937.3,37088.5,85025.8,0
5075,19650.6,39804.1,59454.7,0
5076,26885.4,54412.4,81297.8,0
5077,28119.3,41423.9,69543.2,0
5078,43801.9,55334.2,99136.1,0
5079,18945,55836.7,74781.7,0
5080,44037.1,42381.1,86418.1,0
5081,123803,42364.2,166167,0
5082,34223.3,43237.3,77460.6,0
5083,101964,43629.4,145594,0
5084,44167,39948.9,84115.9,0
5085,33452.2,42740.7,76192.9,0
5086,27521.3,43488.5,71009.8,0
5087,31961.9,53421.2,85383.1,0
5088,51970.2,53888.6,105859,0
5089,92225.2,39214.8,131440,0
5090,40219.8,43259.6,83479.5,0
5091,51491.7,51416.5,102908,0
5092,67854.9,42986.6,110841,0
5093,30089.8,46787.9,76877.7,0
5094,30209.5,42073.4,72282.9,0
5095,26483.1,39991.7,66474.8,0
5096,23201.6,46407.6,69609.2,0
5097,27073.5,41543.7,68617.2,0
5098,19193.2,42033.5,61226.8,0
5099,23105.7,41463.4,64569.1,0
5100,33126.9,43411.8,76538.7,0
5101,49293.4,43055.9,92349.2,0
5102,49325.8,44390.2,93716,0
5103,28870.6,39170.4,68041,0
5104,29463.4,60339.5,89802.9,0
5105,31313.3,41088.2,72401.5,0
5106,33299.5,38080.9,71380.3,0
5107,102091,42835.2,144926,0
5108,121583,37593,159176,0
5109,26978.2,52276,79254.2,0
5110,88387.7,46429.5,134817,0
5111,91585.8,43891.3,135477,0
5112,32073.2,39240,71313.2,0
5113,31554.6,41107.1,72661.7,0
5114,165836,49710.6,215547,0
5115,19150.7,43842.8,62993.5,0
5116,46452.5,43430.7,89883.2,0
5117,20637.4,51560.8,72198.2,0
5118,49783.8,35738.7,85522.6,0
5119,35389.5,36123.4,71512.8,0
5120,70008.7,38032.9,108042,0
5121,51824.5,42717.7,94542.2,0
5122,47422.5,40147.5,87570,0
5123,31262.5,40722.4,71984.9,0
5124,62108.3,39433.7,101542,0
5125,101111,43042.3,144154,0
5126,58810.4,54880.9,113691,0
5127,172194,58429,230623,0
5128,21213.4,55891,77104.4,0
5129,30847.3,58300.3,89147.6,0
5130,133078,56669.9,189748,0
5131,43494.2,40640.4,84134.6,0
5132,51215.2,38008.3,89223.5,0
5133,48252.5,41280.5,89533,0
5134,42087,38003.9,80090.9,0
5135,30179.2,44736.1,74915.3,0
5136,23594.2,50927.4,74521.6,0
5137,48819,44940.7,93759.7,0
5138,28178.5,40298.4,68476.9,0
5139,31937.3,39682.9,71620.1,0
5140,26211.6,31515,57726.6,0
5141,26515.6,33628.2,60143.7,0
5142,31471.3,34843.9,66315.2,0
5143,22573.7,50547.4,73121.1,0
5144,26560.2,41353.4,67913.7,0
5145,42036.2,47295.4,89331.6,0
5146,39616.8,46755.8,86372.6,0
5147,81551.6,41033.4,122585,0
5148,29966.9,37367.7,67334.6,0
5149,32135.7,36028.2,68163.9,0
5150,27395.9,37311.1,64707.1,0
5151,23660.1,40399.8,64059.9,0
5152,24413.3,45295.6,69708.9,0
5153,26788.5,35598.5,62387,0
5154,39661.2,33148.5,72809.7,0
5155,30320,35202.7,65522.8,0
5156,88759.6,36113,124873,0
5157,63641,32563.9,96204.9,0
5158,20197.6,57231.3,77429,0
5159,27659,40867.6,68526.6,0
5160,85386.9,42132.7,127520,0
5161,51817.1,39846.4,91663.5,0
5162,26977.8,51540,78517.9,0
5163,20611.8,54843.9,75455.7,0
5164,20042.2,42070,62112.2,0
5165,22589.4,39237.4,61826.8,0
5166,49343.1,35155.2,84498.3,0
5167,62921.1,39778.7,102700,0
5168,64953.6,41009.9,105963,0
5169,19306.5,43127.8,62434.3,0
5170,55378.1,40803.3,96181.4,0
5171,27348.7,38864.4,66213.1,0
5172,30726.2,38781,69507.3,0
5173,32557,41438.9,73995.9,0
5174,62867.2,40467.8,103335,0
5175,20103.2,41574.8,61678,0
5176,43450.9,42147.6,85598.5,0
5177,35208.5,43276.9,78485.4,0
5178,39617.3,39244.6,78862,0
5179,28227.1,35730.6,63957.7,0
5180,30009,38663.3,68672.3,0
5181,24595.3,37249.2,61844.5,0
5182,18507,53320.4,71827.4,0
5183,62220.8,42305.7,104526,0
5184,49316.9,40250.8,89567.7,0
5185,27381.4,41842.4,69223.7,0
5186,120859,43659.5,164519,0
5187,25412.5,45640,71052.5,0
5188,37203.4,41361,78564.4,0
5189,31060.6,37358.7,68419.3,0
5190,111647,40858,152505,0
5191,65990.2,37885.7,103876,0
5192,27336.3,40000,67336.3,0
5193,32783.2,35899.6,68682.8,0
5194,19004.4,56063.2,75067.6,0
5195,26893.4,40889.8,67783.2,0
5196,44283.9,43283.8,87567.8,0
5197,48473.9,37384.5,85858.4,0
5198,26854.7,36452.4,63307.1,0
5199,51751.9,49444.6,101197,0
5200,91224.4,38201.8,129426,0
5201,67012.4,38083.7,105096,0
5202,124230,37100.3,161331,0
5203,43176.7,35712,78888.6,0
5204,65191.9,51073.3,116265,0
5205,92839.5,42035.4,134875,0
5206,25167.1,38532.3,63699.4,0
5207,26897.9,43492.4,70390.3,0
5208,25376.1,42336,67712.1,0
5209,44961,42621.9,87582.9,0
5210,53353.8,49469.6,102823,0
5211,54701.3,43009.7,97711,0
5212,19040.6,48986.2,68026.8,0
5213,34134.9,68897.7,103033,0
5214,42650.9,70916.1,113567,0
5215,83506.7,46914.2,130421,0
5216,26142,39946.1,66088.1,0
5217,46669.3,54212.9,100882,0
5218,48216.3,56593.1,104809,0
5219,53212.6,40957.3,94169.9,0
5220,31072.9,39866.8,70939.7,0
5221,24033,38454.5,62487.5,0
5222,54478,41392.2,95870.2,0
5223,32769.7,43037.2,75806.9,0
5224,135755,38785,174540,0
5225,123225,38543.6,161768,0
5226,20187,35127.8,55314.8,0
5227,46573.5,39311.3,85884.8,0
5228,43684.5,37824.3,81508.8,0
5229,35567.4,38877.3,74444.7,0
5230,33456.3,38280.7,71737,0
5231,52749.7,38985.1,91734.8,0
5232,84925.5,38843.3,123769,0
5233,63298.3,38526.9,101825,0
5234,32011.3,42016.1,74027.4,0
5235,36478.8,40647.7,77126.6,0
5236,26081,43332.4,69413.4,0
5237,30256.9,53844.5,84101.4,0
5238,21944.4,54176.2,76120.5,0
5239,36542.7,42875.1,79417.8,0
5240,22534,49061.3,71595.2,0
5241,57943.4,42672.9,100616,0
5242,53673.1,39227.2,92900.3,0
5243,45447.8,39527.7,84975.5,0
5244,28532.9,49271.4,77804.3,0
5245,27308.1,39869.2,67177.3,0
5246,53477.5,42486.9,95964.4,0
5247,27843.5,40665.2,68508.6,0
5248,30336.7,40187.4,70524.1,0
5249,23048.7,43235,66283.7,0
5250,20598.7,56008.5,76607.2,0
5251,80734.7,41521.9,122257,0
5252,26194.9,36816.1,63011,0
5253,45782.1,34828.9,80611.1,0
5254,31019.6,40587.3,71607,0
5255,32814.9,42162.9,74977.8,0
5256,46774.9,55076.2,101851,0
5257,37103.8,38380.2,75483.9,0
5258,60143.3,56646.2,116790,0
5259,49189,38825.5,88014.5,0
5260,86857.2,40590.2,127447,0
5261,46301,56884.6,103186,0
5262,39425.1,40331.8,79756.9,0
5263,59754.7,40846.7,100601,0
5264,49058.4,37178.7,86237,0
5265,29918,45399.2,75317.2,0
5266,52104.4,48169.6,100274,0
5267,31133.6,36753,67886.5,0
5268,20799.2,33775,54574.1,0
5269,32177.7,49331.4,81509.2,0
5270,62770.5,36435.9,99206.4,0
5271,34658.6,46903,81561.6,0
5272,26645.2,48209.3,74854.6,0
5273,29230.2,49491.1,78721.3,0
5274,104052,38006,142058,0
5275,142493,56212.2,198705,0
5276,48703.6,41063.9,89767.5,0
5277,31255.2,41392.2,72647.4,0
5278,125675,38548.8,164224,0
5279,34195,42341.7,76536.7,0
5280,22104,37956.2,60060.2,0
5281,51608.6,38081.6,89690.2,0
5282,27187.6,37653.5,64841.1,0
5283,33866.9,51665,85531.8,0
5284,18902.7,55787.1,74689.7,0
5285,38424.5,51044.3,89468.8,0
5286,22506.1,40722.4,63228.5,0
5287,59934.8,38312.7,98247.4,0
5288,45423.1,41053.8,86476.9,0
5289,23007.5,33858.5,56866,0
5290,26973.4,37783.6,64757.1,0
5291,21292.4,37243.5,58535.9,0
5292,56161.4,40130.6,96292.1,0
5293,55060.9,51923.1,106984,0
5294,98583.8,37926.7,136511,0
5295,60280.2,54972.8,115253,0
5296,29543.3,40816.2,70359.5,0
5297,76994.3,36737.6,113732,0
5298,31420.7,42631.4,74052.1,0
5299,58679.4,45796.5,104476,0
5300,40833.9,56232.7,97066.6,0
5301,68329.2,56650.4,124980,0
5302,33601.4,39034.1,72635.5,0
5303,50087.1,68173.4,118260,0
5304,28139.9,43553.6,71693.5,0
5305,53590,54450.8,108041,0
5306,60268.8,63162.5,123431,0
5307,23584.7,40847.6,64432.2,0
5308,48520.6,57670.6,106191,0
5309,24128,42423.9,66551.9,0
5310,89364.2,39773.7,129138,0
5311,33826.1,32060.7,65886.8,0
5312,25571.8,40439.6,66011.4,0
5313,24793.4,49070.6,73864,0
5314,25094.6,41824.3,66918.9,0
5315,22946.4,53097,76043.4,0
5316,23720.5,41490,65210.5,0
5317,57238.6,43165.6,100404,0
5318,215211,53660.1,268871,0
5319,102570,45707.8,148278,0
5320,95796.7,55009.8,150806,0
5321,27307.8,37575.1,64882.9,0
5322,32326.9,38683,71009.9,0
5323,25101.4,41727.4,66828.8,0
5324,54784.3,37473.3,92257.6,0
5325,61667.4,39773.9,101441,0
5326,32805.6,37002.5,69808.1,0
5327,96422.2,42015.1,138437,0
5328,49485.8,60022.4,109508,0
5329,34024.9,44943.6,78968.5,0
5330,117102,48573.8,165676,0
5331,44187.2,37141.8,81329,0
5332,33629.1,41562.6,75191.7,0
5333,37494.2,45884.5,83378.7,0
5334,47423,39020.9,86444,0
5335,53090.7,38744.5,91835.2,0
5336,33075.5,35605.9,68681.5,0
5337,39600,36207.7,75807.7,0
5338,76240.7,40985.3,117226,0
5339,77247.1,42601.8,119849,0
5340,119199,40722,159921,0
5341,54496.9,38693.9,93190.8,0
5342,78116.9,42667.7,120785,0
5343,29744.3,44880.2,74624.4,0
5344,21889.5,60836.7,82726.3,0
5345,29511.1,40558.6,70069.7,0
5346,29502.7,44565.7,74068.4,0
5347,55993.2,39304,95297.1,0
5348,33415.6,36749.8,70165.4,0
5349,80851.2,39669.3,120520,0
5350,36052.4,55619.3,91671.7,0
5351,40558.3,60928.9,101487,0
5352,37327.4,63826.2,101154,0
5353,22105.4,82848.9,104954,0
5354,54079.8,49054.6,103134,0
5355,59544.7,49934.5,109479,0
5356,65380.9,40312.7,105694,0
5357,39616.4,38636.7,78253.2,0
5358,27509.7,42322.8,69832.5,0
5359,90432.9,56249.5,146682,0
5360,42036.5,42123.8,84160.4,0
5361,51846.7,42024.5,93871.2,0
5362,60860.5,51552.4,112413,0
5363,92804.7,40224.4,133029,0
5364,17955.9,54817.9,72773.8,0
5365,64736.6,42448.3,107185,0
5366,33342.7,52581.7,85924.4,0
5367,51042.1,54716.1,105758,0
5368,45875.6,41459.2,87334.8,0
5369,44489,39666.7,84155.6,0
5370,36596.4,38227.8,74824.1,0
5371,78556.1,39243.4,117799,0
5372,60631.3,36728.2,97359.5,0
5373,26004.9,37230.3,63235.2,0
5374,30852.6,43041.7,73894.3,0
5375,28077.7,39283.4,67361.1,0
5376,66827.6,35560.2,102388,0
5377,26190.4,32391.4,58581.8,0
5378,62047.2,39872.6,101920,0
5379,20548.1,40584.8,61132.9,0
5380,34973.3,40962.7,75936,0
5381,38140.8,37601.7,75742.5,0
5382,34692.4,41249.9,75942.3,0
5383,58925.3,34139.3,93064.7,0
5384,60531.7,38177.9,98709.7,0
5385,61777.5,37565.4,99342.9,0
5386,25547.6,36494.8,62042.3,0
5387,36654.9,38204.4,74859.3,0
5388,40861.3,38303.1,79164.4,0
5389,66729.5,39962.4,106692,0
5390,41067,38242.6,79309.6,0
5391,52725,36736.5,89461.6,0
5392,20467.6,39579.2,60046.8,0
5393,37384.4,34089.7,71474,0
5394,64656.8,48803,113460,0
5395,26900.6,54265.5,81166.1,0
5396,29447.4,54888.7,84336.1,0
5397,54111.5,53580.1,107692,0
5398,27606,38759.7,66365.7,0
5399,93343.2,38773.8,132117,0
5400,86493.8,35168.5,121662,0
5401,24982.8,57925.9,82908.7,0
5402,38293.8,51726.6,90020.4,0
5403,52926.9,42013,94939.8,0
5404,33974.8,33119.8,67094.6,0
5405,52147.7,31548.1,83695.9,0
5406,28969.3,35322.3,64291.6,0
5407,108363,37928,146291,0
5408,27015.6,55361.3,82377,0
5409,36070.8,40565.6,76636.5,0
5410,66456.7,44101.6,110558,0
5411,38369,44331.9,82701,0
5412,25879.4,43537.4,69416.8,0
5413,25418.4,38844.9,64263.2,0
5414,97206.1,55950.8,153157,0
5415,27981.7,39880.7,67862.4,0
5416,29782.3,40012.1,69794.4,0
5417,24969.9,39585.7,64555.6,0
5418,26633.6,36948.4,63582,0
5419,63282.5,33377.9,96660.4,0
5420,40163.3,35179.6,75342.8,0
5421,51124,37962.7,89086.7,0
5422,36257.7,52563.3,88821,0
5423,33112.3,41672.2,74784.5,0
5424,21971.1,53411.8,75383,0
5425,33369.3,40302.4,73671.7,0
5426,63192.4,42841.7,106034,0
5427,21052.1,41891.2,62943.2,0
5428,23658.7,39901.5,63560.2,0
5429,163154,40903.2,204057,0
5430,102911,40824.9,143736,0
5431,33006.3,40004.2,73010.5,0
5432,30122.8,39104.4,69227.1,0
5433,28943,39830.2,68773.2,0
5434,90406.2,44067.8,134474,0
5435,31698.2,53337.5,85035.7,0
5436,29901.9,40925.3,70827.2,0
5437,33368.7,39670.6,73039.3,0
5438,94478.4,56106.2,150585,0
5439,33213.4,55303.9,88517.3,0
5440,33699.4,39338.3,73037.6,0
5441,62851.2,44406.8,107258,0
5442,22572.9,38170.2,60743.1,0
5443,46478.9,38301,84780,0
5444,86125.7,36453.4,122579,0
5445,21276.1,41690.1,62966.2,0
5446,49648.8,40325.1,89973.8,0
5447,70673,40793.2,111466,0
5448,20204,56504.1,76708.1,0
5449,32528.3,41490.9,74019.1,0
5450,24966.6,35890.1,60856.7,0
5451,85092.9,39913.2,125006,0
5452,67602.8,37749.5,105352,0
5453,30815.8,53671.5,84487.4,0
5454,82181.2,37541.4,119723,0
5455,58814.1,53914.6,112729,0
5456,45477,52578.1,98055.1,0
5457,34478.6,41159.6,75638.2,0
5458,21199.6,39146.6,60346.2,0
5459,24529.7,40932.8,65462.5,0
5460,23082.8,42545.6,65628.4,0
5461,28209.9,42867.2,71077.1,0
5462,40692.9,37600.2,78293,0
5463,24529.5,37074.6,61604.1,0
5464,19237.3,53228.1,72465.4,0
5465,28616.5,40004.9,68621.4,0
5466,85255,41054.5,126310,0
5467,103970,40338.1,144308,0
5468,20793.6,56159.6,76953.2,0
5469,24091.7,41696,65787.7,0
5470,49109.9,41982.2,91092.1,0
5471,164326,39763.1,204089,0
5472,32579.6,33050.6,65630.2,0
5473,65432.8,34145.6,99578.4,0
5474,22723.9,39680,62403.9,0
5475,20985.3,52491,73476.3,0
5476,27235.3,41096.4,68331.7,0
5477,28899.5,40471.6,69371.1,0
5478,26091.5,33770.4,59861.9,0
5479,28499.6,39015,67514.6,0
5480,44783.5,39729.3,84512.8,0
5481,28597.2,42374,70971.2,0
5482,69484.4,41520.9,111005,0
5483,28792.2,55539.7,84331.8,0
5484,63775,42671.5,106447,0
5485,31176.1,53308.1,84484.2,0
5486,20651.3,38421.5,59072.8,0
5487,25663.2,54516.7,80179.9,0
5488,24299.7,45498.4,69798.1,0
5489,34315.7,44587.8,78903.5,0
5490,102061,39217.5,141278,0
5491,49001.3,43370.9,92372.2,0
5492,51638.1,40205.5,91843.6,0
5493,44985.2,41981.1,86966.2,0
5494,96988.9,35683.3,132672,0
5495,51777.5,36906.4,88683.9,0
5496,33046.7,42081.9,75128.6,0
5497,46116.7,41563.2,87679.9,0
5498,42799.9,40450.2,83250.1,0
5499,41095.6,42553.7,83649.4,0
5500,24565.7,43656.4,68222.1,0
5501,46439.1,38223,84662.1,0
5502,62973.1,39040.7,102014,0
5503,64409.7,36430.2,100840,0
5504,22587.5,56427.5,79015,0
5505,62611.2,42721.9,105333,0
5506,36817.9,43700.7,80518.7,0
5507,25106.3,34473.4,59579.7,0
5508,62623,102418,165041,0
5509,26849.9,50762.9,77612.7,0
5510,65230,45554.7,110785,0
5511,90614.6,39326.5,129941,0
5512,31841.5,50414.1,82255.6,0
5513,61291.3,38618.4,99909.7,0
5514,48383.4,35150.8,83534.1,0
5515,38455.7,37356,75811.7,0
5516,55998.3,55108.7,111107,0
5517,52580.7,38119.9,90700.6,0
5518,47519.8,41280,88799.8,0
5519,48944.1,38402.9,87346.9,0
5520,22482.5,36803.1,59285.6,0
5521,44144.4,40640.7,84785,0
5522,47037.4,51155.9,98193.3,0
5523,65519.8,39788.8,105309,0
5524,47897.3,41014.6,88911.9,0
5525,39477.2,39780.3,79257.5,0
5526,96106.4,52399.2,148506,0
5527,64910.8,42165.3,107076,0
5528,50654,56325.1,106979,0
5529,59130.1,52557.9,111688,0
5530,26763.8,39989.3,66753.1,0
5531,28795.1,36060.4,64855.5,0
5532,18453,40699.3,59152.2,0
5533,29633.5,36378.6,66012.1,0
5534,28218.2,41100.9,69319.2,0
5535,53998.4,40466.9,94465.3,0
5536,60838,35059.1,95897.1,0
5537,33987.6,41481.6,75469.2,0
5538,25798.8,54195.3,79994,0
5539,64201.9,40613.7,104816,0
5540,97338.7,43934.5,141273,0
5541,38020.4,55092.4,93112.8,0
5542,39858.4,51839.3,91697.7,0
5543,31008.4,40384.9,71393.3,0
5544,23369.5,53588.1,76957.6,0
5545,61515.3,37421.3,98936.6,0
5546,64861.3,41982.7,106844,0
5547,55911.3,39045.5,94956.8,0
5548,64313.8,59549.6,123863,0
5549,34423.6,40546.4,74969.9,0
5550,67827.3,53122.3,120950,0
5551,96877.5,46631.3,143509,0
5552,23627.1,41473.3,65100.4,0
5553,26506,41781.1,68287.1,0
5554,31601,39723.6,71324.6,0
5555,64864.4,40535.8,105400,0
5556,30098.1,39714.3,69812.4,0
5557,23132.6,41197,64329.6,0
5558,40042.4,40327,80369.4,0
5559,24690.5,39893.4,64583.9,0
5560,94299.5,51865.1,146165,0
5561,49150.2,53125.8,102276,0
5562,102158,38682.7,140841,0
5563,168608,53971.8,222580,0
5564,56446.6,40188.6,96635.2,0
5565,21114,52149,73263,0
5566,19011.5,55126.7,74138.2,0
5567,23999.1,41917.7,65916.8,0
5568,24569,35846.6,60415.6,0
5569,25825.9,50017.1,75843,0
5570,41756.2,52840,94596.2,0
5571,60215.7,41100.8,101317,0
5572,67874,52916.5,120790,0
5573,54230,41311.5,95541.5,0
5574,84699.2,37846.8,122546,0
5575,21109.3,52023.8,73133.1,0
5576,101273,41026.7,142300,0
5577,34042.9,52709.4,86752.3,0
5578,27516.1,54932.3,82448.3,0
5579,31316,39910.6,71226.6,0
5580,68563.6,44124.5,112688,0
5581,47266.8,40909.7,88176.6,0
5582,83676.1,39577.9,123254,0
5583,24998.1,53875.5,78873.6,0
5584,86597.6,40098.7,126696,0
5585,23833.6,35594.5,59428,0
5586,32082.5,39174.4,71256.9,0
5587,29114.8,42269.3,71384.2,0
5588,29131.8,53496.9,82628.7,0
5589,128383,41886,170269,0
5590,19382.7,38057,57439.6,0
5591,26564.7,37537.9,64102.6,0
5592,35569.8,40139.1,75708.9,0
5593,60812.8,38529.3,99342,0
5594,29485.8,55881.8,85367.6,0
5595,56022,43174.9,99197,0
5596,33079.9,56104.6,89184.5,0
5597,27875,54846.5,82721.6,0
5598,46964,39576,86540,0
5599,22932.5,41039.2,63971.7,0
5600,25153.8,51160.9,76314.7,0
5601,50539,41399.7,91938.7,0
5602,59408.3,39587.3,98995.5,0
5603,34491.9,52688.6,87180.6,0
5604,40538.8,38925.6,79464.4,0
5605,33839.1,39018.1,72857.1,0
5606,30516.1,36306.1,66822.2,0
5607,27118.3,53232.7,80351.1,0
5608,68588.7,41021.2,109610,0
5609,39535,42935.7,82470.8,0
5610,34564.3,61463.9,96028.1,0
5611,57723,46425.5,104148,0
5612,30398.2,40785,71183.2,0
5613,33092,35303.5,68395.5,0
5614,32950.2,57403.9,90354.2,0
5615,26491.8,38516.4,65008.1,0
5616,30521.7,39218.8,69740.5,0
5617,45094,56908.7,102003,0
5618,49286.5,55086.4,104373,0
5619,49350.8,40259.2,89610,0
5620,83443.2,36997.3,120440,0
5621,27786.4,40551.9,68338.3,0
5622,24939.7,38335.3,63275,0
5623,19076.2,39945,59021.2,0
5624,36850.2,38858.5,75708.7,0
5625,68465.4,42923.4,111389,0
5626,32018.2,54253.1,86271.3,0
5627,93452,53579.6,147032,0
5628,58066.7,52198.2,110265,0
5629,53789.1,41054.2,94843.4,0
5630,31314.6,36030.1,67344.8,0
5631,25491.5,35841.7,61333.2,0
5632,31173.9,51444.6,82618.5,0
5633,28026.2,40083.8,68110,0
5634,52792.9,39053.3,91846.2,0
5635,70096.3,55938.9,126035,0
5636,37384,36479,73863,0
5637,83509.4,46608.8,130118,0
5638,28559.8,55156.4,83716.2,0
5639,60394.8,41450.8,101846,0
5640,51155.5,38487.6,89643.1,0
5641,48860,55548.6,104409,0
5642,46728.2,55428.6,102157,0
5643,24792.9,36585.3,61378.2,0
5644,68590.6,43592.5,112183,0
5645,32702,38439.7,71141.8,0
5646,87787.4,35415.5,123203,0
5647,24142.9,39450.5,63593.4,0
5648,43948,39071,83019.1,0
5649,62217,35291.7,97508.7,0
5650,29080.8,49980.7,79061.6,0
5651,92707.5,40707.5,133415,0
5652,22355.2,37933.1,60288.3,0
5653,21038.9,36467.4,57506.4,0
5654,38348.6,37257.6,75606.3,0
5655,33520.8,38290.1,71810.9,0
5656,84726.9,39733.7,124461,0
5657,101324,52150,153474,0
5658,64559.9,38659.8,103220,0
5659,22108.4,42541.2,64649.6,0
5660,28782.5,38467,67249.4,0
5661,28538,46799.5,75337.4,0
5662,32163.5,64608.6,96772.1,0
5663,40799.1,42363,83162.1,0
5664,58034.2,37716.4,95750.6,0
5665,25753.1,43773.6,69526.7,0
5666,67288.1,43134.6,110423,0
5667,63309.2,56868.5,120178,0
5668,22539.3,49402.3,71941.6,0
5669,48876.7,39746.3,88623.1,0
5670,26365.9,49793.1,76159,0
5671,50780.7,39867.7,90648.4,0
5672,22941.1,33527.2,56468.3,0
5673,39336.8,34741.9,74078.7,0
5674,48149.6,45026.9,93176.5,0
5675,29630.8,40252.4,69883.2,0
5676,32882.7,42001.4,74884.1,0
5677,106000,56808,162808,0
5678,48235.8,53302.4,101538,0
5679,25741.4,38730.7,64472.1,0
5680,60376.1,37701,98077.1,0
5681,28078.7,42573.8,70652.5,0
5682,38594.7,40823.5,79418.2,0
5683,43449,52788.4,96237.3,0
5684,32286,42348.1,74634.1,0
5685,49398.6,40418,89816.6,0
5686,31276.8,54799.5,86076.2,0
5687,96363.4,37826.3,134190,0
5688,50704.1,48135.7,98839.8,0
5689,57838,33313.2,91151.2,0
5690,26284.3,34667.2,60951.4,0
5691,92548.1,36980,129528,0
5692,30377.4,43382.6,73760,0
5693,101168,36884,138052,0
5694,26015.2,35414.4,61429.6,0
5695,54891.8,53101.4,107993,0
5696,28038.8,44467.1,72505.9,0
5697,74010.9,47923,121934,0
5698,29381.2,49080.3,78461.4,0
5699,87556.1,47240.5,134797,0
5700,30256.7,34772.8,65029.5,0
5701,44721.5,38541.8,83263.3,0
5702,25028,35531.4,60559.4,0
5703,22521.4,37027.1,59548.5,0
5704,22513.1,58533.3,81046.4,0
5705,25284.7,41881.7,67166.4,0
5706,23886,37175,61061.1,0
5707,20769.5,37686.1,58455.6,0
5708,30226.9,39674,69900.9,0
5709,22457,38868.4,61325.4,0
5710,64746.6,39006.8,103753,0
5711,61173.9,34364.6,95538.4,0
5712,26898.2,35949.6,62847.8,0
5713,51224,38545.9,89769.9,0
5714,106653,48533.6,155187,0
5715,67114.9,36646.8,103762,0
5716,19377.8,41358.1,60735.9,0
5717,49864.6,35310.7,85175.3,0
5718,24487.3,42665.1,67152.4,0
5719,39296.1,41641.1,80937.2,0
5720,59077,38275,97352,0
5721,42888.3,41583.8,84472.1,0
5722,23269.2,41237.8,64507,0
5723,83512.4,40469.2,123982,0
5724,45712.9,40953.5,86666.4,0
5725,22752.9,37572.4,60325.3,0
5726,40093.6,34198.4,74291.9,0
5727,66309.1,35794.2,102103,0
5728,35503.9,57024.3,92528.3,0
5729,18592.9,40242.9,58835.8,0
5730,102302,43089.1,145391,0
5731,52935.3,38675.2,91610.5,0
5732,25409.2,41005.8,66414.9,0
5733,49074.9,41098.2,90173.1,0
5734,24856,54328.7,79184.7,0
5735,96913.7,44835.4,141749,0
5736,32790.2,41135.5,73925.7,0
5737,47582,37485.5,85067.4,0
5738,32381,34278.1,66659,0
5739,22587.3,37378.2,59965.5,0
5740,24887.2,35064.4,59951.6,0
5741,28171.6,48733.2,76904.8,0
5742,92799.2,39585.1,132384,0
5743,28953.7,43938.5,72892.2,0
5744,25553.8,41826.2,67380,0
5745,26589.8,39908.3,66498,0
5746,36147.3,37816.1,73963.4,0
5747,21247.7,40657.8,61905.6,0
5748,29409.1,35012.8,64421.9,0
5749,36566.8,39261.4,75828.2,0
5750,27797.2,45908.1,73705.4,0
5751,31284.9,40332.9,71617.8,0
5752,25268.4,35634.4,60902.8,0
5753,24685.1,40199.2,64884.3,0
5754,37487.9,38453.7,75941.6,0
5755,19680.4,42968.1,62648.4,0
5756,128064,39636.8,167700,0
5757,116406,41073.1,157479,0
5758,31554.4,54000.9,85555.3,0
5759,57812.3,41136.9,98949.3,0
5760,50929.3,53849.4,104779,0
5761,32404.4,40357.6,72762,0
5762,25575.8,41311.2,66886.9,0
5763,34867.4,40095.1,74962.5,0
5764,42007.9,41022,83029.9,0
5765,35401.4,53390.4,88791.8,0
5766,18890.4,41626.9,60517.3,0
5767,18342.9,49839.9,68182.9,0
5768,52112.2,43732.7,95844.9,0
5769,29495.1,38042.4,67537.5,0
5770,46729.3,39176.3,85905.7,0
5771,54834.6,40462.8,95297.4,0
5772,29545.2,46946.2,76491.4,0
5773,26788.8,39227,66015.9,0
5774,27996.2,42249.8,70245.9,0
5775,30971.9,38029.8,69001.8,0
5776,27203.5,42369.4,69572.9,0
5777,45076.1,40560.7,85636.8,0
5778,53515.9,56620,110136,0
5779,93603.7,51678.1,145282,0
5780,16986.5,55837.3,72823.8,0
5781,85714,39841.5,125555,0
5782,39896,53358.2,93254.2,0
5783,18079.9,53286.6,71366.6,0
5784,70133.9,41374,111508,0
5785,98044.1,50681.3,148725,0
5786,47148.4,41886.7,89035.1,0
5787,41451.9,38655.9,80107.9,0
5788,28275.9,56536,84811.8,0
