Kernel name,Computation duration (us),Global size,Local size,VECTOR_TYPE,CR,LOCAL_MEM,PADD_LOCAL,WORK_GROUP_SIZE_X,WORK_GROUP_SIZE_Y,TILE_SIZE_X,TILE_SIZE_Y,DIAGONAL_MAP,dram__throughput.avg.pct_of_peak_sustained_elapsed,dram__sectors_read.sum,dram__sectors_write.sum,lts__t_sectors.avg.pct_of_peak_sustained_elapsed,lts__t_sectors_op_read.sum,lts__t_sectors_op_write.sum,l1tex__t_requests_pipe_lsu_mem_global_op_ld.avg.pct_of_peak_sustained_active,l1tex__t_requests_pipe_lsu_mem_global_op_ld.sum,l1tex__data_pipe_lsu_wavefronts_mem_shared.avg.pct_of_peak_sustained_elapsed,l1tex__data_pipe_lsu_wavefronts_mem_shared_op_ld.sum,l1tex__data_pipe_lsu_wavefronts_mem_shared_op_st.sum,l1tex__t_sectors_pipe_lsu_mem_local_op_ld.sum,l1tex__t_sectors_pipe_lsu_mem_local_op_st.sum,sm__warps_active.avg.pct_of_peak_sustained_active,smsp__cycles_active.avg.pct_of_peak_sustained_elapsed,smsp__sass_thread_inst_executed_op_fp16_pred_on.sum,smsp__sass_thread_inst_executed_op_fp32_pred_on.sum,smsp__sass_thread_inst_executed_op_fp64_pred_on.sum,smsp__sass_thread_inst_executed_op_integer_pred_on.sum,smsp__sass_thread_inst_executed_op_control_pred_on.sum,smsp__sass_thread_inst_executed_op_memory_pred_on.sum,smsp__sass_thread_inst_executed_op_misc_pred_on.sum,smsp__sass_thread_inst_executed_op_conversion_pred_on.sum,smsp__inst_executed.sum,smsp__inst_executed_pipe_fp16.sum,smsp__pipe_fma_cycles_active.avg.pct_of_peak_sustained_active,smsp__inst_executed_pipe_fp64.avg.pct_of_peak_sustained_active,smsp__inst_executed_pipe_xu.avg.pct_of_peak_sustained_active,smsp__inst_executed_pipe_lsu.avg.pct_of_peak_sustained_active,smsp__inst_executed_pipe_tex.avg.pct_of_peak_sustained_active,smsp__issue_active.avg.pct_of_peak_sustained_active,smsp__thread_inst_executed_per_inst_executed.ratio,smsp__thread_inst_executed_per_inst_executed.pct,Maximum work-group size,Local memory size,Private memory size,Constant memory size,Registers count
mtran,2492,67108864,32,1,0,0,0,1,32,1,32,0,49.7977,8388620,8388670,57.3181,57045300,8388630,1.2152,2097150,2.43569,0,0,0,0,41.5529,99.9615,0,0,0,402653000,67108900,134218000,402653000,0,31457300,0,2.43662,0,0,2.43662,0,4.5688,32,100,1024,0,0,0,8
mtran,30407,67108864,32,1,0,0,0,1,32,1,32,1,34.5293,134222000,8389360,5.3993,67114800,8389620,0.098034,2097150,0.196117,0,0,0,0,49.3868,99.9941,0,0,0,1208220000,67108900,134218000,469762000,134218000,69206000,0,0.539354,0,0.588386,0.196129,0,0.80904,32,100,1024,0,0,0,10
mtran,2378,33554432,32,1,0,0,0,1,32,1,64,0,62.3029,8390030,8388890,61.2998,63224100,8388780,1.18914,2097150,2.38251,0,0,0,0,46.2373,99.9064,0,0,0,838861000,167772000,134218000,201327000,0,52428800,0,5.66377,0,0,2.38474,0,7.45245,32,100,1024,0,0,0,28
mtran,42832,33554432,32,1,0,0,0,1,32,1,64,1,24.5629,134219000,8388720,2.98125,67137000,8388940,0.0549494,2097150,0.109628,0,0,0,0,49.8205,99.6668,0,0,0,1241780000,167772000,134218000,234881000,67108900,71303200,0,0.357482,0,0.164992,0.109994,0,0.467483,32,100,1024,0,0,0,28
mtran,2212,67108864,64,1,0,0,0,1,64,1,64,0,70.262,8388630,8388620,61.6611,55080500,8388630,1.3504,2097150,2.69975,0,0,0,0,87.5906,99.8612,0,0,0,402653000,67108900,134218000,402653000,0,31457300,0,2.7035,0,0,2.7035,0,5.06936,32,100,1024,0,0,0,8
mtran,28899,67108864,64,1,0,0,0,1,64,1,64,1,36.5439,134219000,8388820,4.47362,67109900,8388980,0.0821603,2097150,0.164106,0,0,0,0,95.8182,99.3645,0,0,0,1208480000,67108900,134218000,469762000,134218000,69206000,0,0.454177,0,0.495466,0.165155,0,0.681283,32,100,1024,0,0,0,10
mtran,2513,67108864,32,1,0,0,0,2,16,2,16,0,50.7542,8388630,8385830,23.472,25140800,8388680,0.964252,2097150,1.94456,0,0,0,0,41.4639,99.4404,0,0,0,402653000,67108900,134218000,402653000,0,31457300,0,1.9555,0,0,1.9555,0,3.66667,32,100,1024,0,0,0,8
mtran,17715,67108864,32,1,0,0,0,2,16,2,16,1,31.612,67109700,8388710,4.05377,33556700,8388680,0.134058,2097150,0.268275,0,0,0,0,49.1599,99.9664,0,0,0,1275200000,67108900,134218000,402653000,134218000,69206000,0,0.738005,0,0.805097,0.268366,0,1.10702,32,100,1024,0,0,0,10
mtran,2072,33554432,32,1,0,0,0,2,16,2,32,0,68.6405,8388740,8388630,36.0914,29651300,8388630,1.31429,2097150,2.63346,0,0,0,0,45.5249,100.011,0,0,0,872415000,167772000,134218000,167772000,0,52428800,0,6.58289,0,0,2.63316,0,8.22875,32,100,1024,0,0,0,28
mtran,16190,33554432,32,1,0,0,0,2,16,2,32,1,34.4921,67109400,8388830,4.42546,33554500,8388980,0.146555,2097150,0.292729,0,0,0,0,49.5401,99.9205,0,0,0,1241650000,167772000,134218000,234881000,67108900,71303200,0,0.952124,0,0.439442,0.292961,0,1.2451,32,100,1024,0,0,0,28
mtran,1917,16777216,32,1,0,0,0,2,16,2,64,0,73.3609,8388620,8388670,40.5313,31390800,8388630,1.41028,2097150,0.707453,0,0,0,0,47.7431,100.025,0,0,0,520094000,167772000,134218000,67108900,0,29360100,0,2.29866,0,0,1.7682,0,4.95134,32,100,1024,0,0,0,28
mtran,18220,16777216,32,1,0,0,0,2,16,2,64,1,30.5396,67109900,8388660,3.94218,33556100,8388730,0.129586,2097150,0.0652052,0,0,0,0,49.786,100.606,0,0,0,704774000,167772000,134218000,100663000,33554400,38797300,0,0.307857,0,0.194436,0.16203,0,0.599557,32,100,1024,0,0,0,28
mtran,1769,67108864,64,1,0,0,0,2,32,2,32,0,71.8369,8388780,8385710,38.9427,30889100,8388680,1.37106,2097150,2.75774,0,0,0,0,89.2902,99.9558,0,0,0,402653000,67108900,134218000,402653000,0,31457300,0,2.75896,0,0,2.75896,0,5.17335,32,100,1024,0,0,0,8
mtran,16196,67108864,64,1,0,0,0,2,32,2,32,1,34.504,67109700,8388630,4.45476,33555800,8388680,0.146291,2097150,0.294629,0,0,0,0,96.9654,99.9964,0,0,0,1275330000,67108900,134218000,402653000,134218000,69206000,0,0.81026,0,0.88392,0.29464,0,1.21542,32,100,1024,0,0,0,10
mtran,1622,33554432,64,1,0,0,0,2,32,2,64,0,78.9135,8388630,8387590,42.7064,30839800,8388680,1.48375,2097150,3.02692,0,0,0,0,93.7232,99.7149,0,0,0,872415000,167772000,134218000,167772000,0,52428800,0,7.58895,0,0,3.03558,0,9.48652,32,100,1024,0,0,0,28
mtran,19413,33554432,64,1,0,0,0,2,32,2,64,1,28.6707,67110200,8388930,3.68012,33555300,8389110,0.12216,2097150,0.243273,0,0,0,0,97.5007,99.8949,0,0,0,1241780000,167772000,134218000,234881000,67108900,71303200,0,0.791468,0,0.365293,0.243529,0,1.03502,32,100,1024,0,0,0,28
mtran,1557,67108864,128,1,0,0,0,2,64,2,64,0,86.2678,8388620,8388580,49.3218,32943100,8388630,1.65464,2097150,3.3145,0,0,0,0,85.9262,99.977,0,0,0,402653000,67108900,134218000,402653000,0,31457300,0,3.31526,0,0,3.31526,0,6.21659,32,100,1024,0,0,0,8
mtran,16156,67108864,128,1,0,0,0,2,64,2,64,1,34.5324,67109600,8388730,4.43816,33554700,8388780,0.146732,2097150,0.293268,0,0,0,0,94.9102,99.9199,0,0,0,1275590000,67108900,134218000,402653000,134218000,69206000,0,0.807133,0,0.880509,0.293503,0,1.21074,32,100,1024,0,0,0,10
mtran,3593,67108864,32,1,0,0,0,4,8,4,8,0,36.2114,8388620,8379640,11.1984,14010900,8388630,0.700269,2097150,1.38662,0,0,0,0,42.901,94.8073,0,0,0,402653000,67108900,134218000,402653000,0,31457300,0,1.46256,0,0,1.46256,0,2.74239,32,100,1024,0,0,0,8
mtran,4143,67108864,32,1,0,0,0,4,8,4,8,1,37.2918,12234000,8388860,10.5605,16756500,8388630,0.592235,2097150,1.16566,0,0,0,0,45.4621,96.8325,0,0,0,1275130000,67108900,134218000,402653000,134218000,69206000,0,3.31041,0,3.61136,1.20379,0,4.96569,32,100,1024,0,0,0,10
mtran,2654,33554432,32,1,0,0,0,4,8,4,16,0,49.4569,8388630,8382970,16.193,15256200,8388680,0.926835,2097150,1.89994,0,0,0,0,46.4789,100.025,0,0,0,872415000,167772000,134218000,167772000,0,52428800,0,4.74866,0,0,1.89946,0,5.93592,32,100,1024,0,0,0,28
mtran,9027,33554432,32,1,0,0,0,4,8,4,16,1,31.6186,30427900,8388630,4.73655,16778300,8388630,0.260995,2097150,0.522073,0,0,0,0,49.1286,100.007,0,0,0,1241580000,167772000,134218000,234881000,67108900,71303200,0,1.69662,0,0.783055,0.522037,0,2.21869,32,100,1024,0,0,0,28
mtran,1902,16777216,32,1,0,0,0,4,8,4,32,0,67.4318,8388620,8388680,22.7709,16021800,8388630,1.24417,2097150,0.648065,0,0,0,0,47.9164,99.8819,0,0,0,520094000,167772000,134218000,67108900,0,29360100,0,2.1087,0,0,1.62208,0,4.54217,32,100,1024,0,0,0,28
mtran,8912,16777216,32,1,0,0,0,4,8,4,32,1,34.9159,33555200,8388500,4.86643,16778200,8388680,0.267314,2097150,0.133978,0,0,0,0,49.5633,99.9828,0,0,0,704709000,167772000,134218000,100663000,33554400,38797300,0,0.636503,0,0.402002,0.335001,0,1.2396,32,100,1024,0,0,0,28
mtran,1921,8388608,32,1,0,0,0,4,8,4,64,0,67.4587,8388620,8388630,22.5455,15795500,8388630,1.26869,2097150,0.323436,0,0,0,0,48.9548,100.016,0,0,0,385876000,75497500,134218000,33554400,0,20709400,0,1.69777,0,0,1.45523,0,3.19387,32,100,1024,0,0,0,28
mtran,8720,8388608,32,1,0,0,0,4,8,4,64,1,35.6129,33554900,8388590,4.93947,16777400,8388680,0.27186,2097150,0.0680272,0,0,0,0,49.7629,99.9119,0,0,0,486605000,75497500,134218000,41943000,16777200,25428000,0,0.459588,0,0.204261,0.306392,0,0.825653,32,100,1024,0,0,0,28
mtran,2376,67108864,64,1,0,0,0,4,16,4,16,0,54.6082,8388620,8381160,17.4659,14806500,8388630,1.02323,2097150,2.09552,0,0,0,0,91.8077,99.921,0,0,0,402653000,67108900,134218000,402653000,0,31457300,0,2.09718,0,0,2.09718,0,3.93243,32,100,1024,0,0,0,8
mtran,8927,67108864,64,1,0,0,0,4,16,4,16,1,31.7399,30131500,8388520,4.80612,16777800,8388680,0.263301,2097150,0.530301,0,0,0,0,97.2256,99.9757,0,0,0,1275200000,67108900,134218000,402653000,134218000,69206000,0,1.45868,0,1.59129,0.53043,0,2.18808,32,100,1024,0,0,0,10
mtran,1895,33554432,64,1,0,0,0,4,16,4,32,0,69.2379,8388620,8385520,23.5164,16259700,8388630,1.27768,2097150,2.65145,0,0,0,0,94.9023,100.046,0,0,0,872415000,167772000,134218000,167772000,0,52428800,0,6.62556,0,0,2.65023,0,8.28224,32,100,1024,0,0,0,28
mtran,8918,33554432,64,1,0,0,0,4,16,4,32,1,34.9263,33555000,8388690,4.85304,16777300,8388630,0.266631,2097150,0.534509,0,0,0,0,97.9022,100.031,0,0,0,1241640000,167772000,134218000,234881000,67108900,71303200,0,1.73662,0,0.801519,0.534346,0,2.27103,32,100,1024,0,0,0,28
mtran,1888,16777216,64,1,0,0,0,4,16,4,64,0,68.4349,8388700,8386060,23.0846,16044600,8388630,1.29131,2097150,0.656066,0,0,0,0,97.1537,100.052,0,0,0,520094000,167772000,134218000,67108900,0,29360100,0,2.13111,0,0,1.63931,0,4.59078,32,100,1024,0,0,0,28
mtran,8769,16777216,64,1,0,0,0,4,16,4,64,1,35.3119,33554600,8388630,4.8947,16778300,8388630,0.26979,2097150,0.134893,0,0,0,0,98.7805,99.9598,0,0,0,704774000,167772000,134218000,100663000,33554400,38797300,0,0.641,0,0.404842,0.337368,0,1.24845,32,100,1024,0,0,0,28
mtran,1743,67108864,128,1,0,0,0,4,32,4,32,0,72.9967,8388720,8385620,25.2134,16633900,8388630,1.39593,2097150,2.80008,0,0,0,0,88.0331,99.8541,0,0,0,402653000,67108900,134218000,402653000,0,31457300,0,2.80417,0,0,2.80417,0,5.25823,32,100,1024,0,0,0,8
mtran,8937,67108864,128,1,0,0,0,4,32,4,32,1,34.8958,33554400,8388660,4.83734,16777300,8388630,0.266681,2097150,0.533042,0,0,0,0,94.8922,99.9514,0,0,0,1275330000,67108900,134218000,402653000,134218000,69206000,0,1.46658,0,1.5999,0.533301,0,2.19994,32,100,1024,0,0,0,10
mtran,1609,33554432,128,1,0,0,0,4,32,4,64,0,80.1264,8388980,8385410,27.8206,16690500,8388680,1.49932,2097150,3.08145,0,0,0,0,92.6658,99.9747,0,0,0,872415000,167772000,134218000,167772000,0,52428800,0,7.70559,0,0,3.08223,0,9.63243,32,100,1024,0,0,0,28
mtran,9396,33554432,128,1,0,0,0,4,32,4,64,1,33.176,33554900,8388600,4.60655,16777800,8388630,0.252757,2097150,0.50811,0,0,0,0,97.3397,100.132,0,0,0,1241780000,167772000,134218000,234881000,67108900,71303200,0,1.64917,0,0.761157,0.507438,0,2.15669,32,100,1024,0,0,0,28
mtran,1437,67108864,256,1,0,0,0,4,64,4,64,0,86.9564,8388620,8387150,30.1902,16758800,8388630,1.66041,2097150,3.33526,0,0,0,0,83.2621,99.8491,0,0,0,402653000,67108900,134218000,402653000,0,31457300,0,3.3403,0,0,3.3403,0,6.26364,32,100,1024,0,0,0,8
mtran,8701,67108864,256,1,0,0,0,4,64,4,64,1,35.7335,33554600,8388660,4.95416,16777600,8388630,0.27293,2097150,0.545818,0,0,0,0,93.2567,99.9901,0,0,0,1275590000,67108900,134218000,402653000,134218000,69206000,0,1.50115,0,1.63761,0.545872,0,2.25182,32,100,1024,0,0,0,10
mtran,3325,67108864,32,1,0,0,0,8,4,8,4,0,40.1094,8388980,8398300,13.9268,8388700,16777300,0.75726,2097150,1.53775,0,0,0,0,42.1496,95.2756,0,0,0,402653000,67108900,134218000,402653000,0,31457300,0,1.614,0,0,1.614,0,3.02634,32,100,1024,0,0,0,8
mtran,3435,67108864,32,1,0,0,0,8,4,8,4,1,38.1135,8447200,8416420,13.2005,8388700,16777200,0.73138,2097150,1.45657,0,0,0,0,43.9042,97.6705,0,0,0,1275100000,67108900,134218000,402653000,134218000,69206000,0,4.10111,0,4.47394,1.49131,0,6.15174,32,100,1024,0,0,0,10
mtran,3314,33554432,32,1,0,0,0,8,4,8,8,0,39.806,8388980,8378800,13.8883,8388700,16777200,0.739967,2097150,1.53288,0,0,0,0,47.36,100.284,0,0,0,872415000,167772000,134218000,167772000,0,52428800,0,3.82136,0,0,1.52854,0,4.77678,32,100,1024,0,0,0,28
mtran,3293,33554432,32,1,0,0,0,8,4,8,8,1,38.9646,8488340,8389260,13.4823,8388720,16777200,0.738303,2097150,1.4875,0,0,0,0,47.4755,99.72,0,0,0,1241550000,167772000,134218000,234881000,67108900,71303200,0,4.84795,0,2.23752,1.49168,0,6.33971,32,100,1024,0,0,0,28
mtran,2875,16777216,32,1,0,0,0,8,4,8,16,0,46.1478,8388810,8385050,15.9956,8389580,16777200,0.85324,2097150,0.441406,0,0,0,0,48.6414,99.7456,0,0,0,520094000,167772000,134218000,67108900,0,29360100,0,1.43823,0,0,1.10633,0,3.09796,32,100,1024,0,0,0,28
mtran,3348,16777216,32,1,0,0,0,8,4,8,16,1,41.5557,10172700,8388920,13.0316,8388700,16777200,0.716744,2097150,0.359379,0,0,0,0,48.8606,99.9656,0,0,0,704676000,167772000,134218000,100663000,33554400,38797300,0,1.70764,0,1.07851,0.898757,0,3.32567,32,100,1024,0,0,0,28
mtran,2434,8388608,32,1,0,0,0,8,4,8,32,0,55.0616,8388620,8389300,19.1281,8388700,16777200,1.00436,2097150,0.263992,0,0,0,0,49.1844,99.9439,0,0,0,385876000,75497500,134218000,33554400,0,20709400,0,1.38673,0,0,1.18863,0,2.60875,32,100,1024,0,0,0,28
mtran,5057,8388608,32,1,0,0,0,8,4,8,32,1,36.1869,16299600,8396120,8.52605,8388700,16777200,0.470274,2097150,0.117411,0,0,0,0,49.6093,99.9456,0,0,0,486572000,75497500,134218000,41943000,16777200,25428000,0,0.792954,0,0.352424,0.528636,0,1.42455,32,100,1024,0,0,0,28
mtran,2151,4194304,32,1,0,0,0,8,4,8,64,0,61.2635,8388790,8388750,21.1026,8388700,16777300,1.12328,2097150,0.145619,0,0,0,0,49.4914,99.6001,0,0,0,264241000,37748700,134218000,16777200,0,14811100,0,1.05997,0,0,1.24273,0,2.06553,32,100,1024,0,0,0,28
mtran,4718,4194304,32,1,0,0,0,8,4,8,64,1,39.3824,16777200,8389080,9.10061,8388700,16777200,0.501513,2097150,0.0627049,0,0,0,0,49.751,99.9199,0,0,0,310411000,37748700,134218000,25165800,8388610,17170400,0,0.549108,0,0.188266,0.533419,0,1.02779,32,100,1024,0,0,0,28
mtran,3202,67108864,64,1,0,0,0,8,8,8,8,0,40.6572,8388620,8376460,11.7977,8388700,10287100,0.85731,2097150,1.75691,0,0,0,0,92.8375,100.294,0,0,0,402653000,67108900,134218000,402653000,0,31457300,0,1.75176,0,0,1.75176,0,3.28473,32,100,1024,0,0,0,8
mtran,3225,67108864,64,1,0,0,0,8,8,8,8,1,40.0392,8510860,8388280,9.95981,8389730,9795480,0.748691,2097150,1.51914,0,0,0,0,93.7068,99.8774,0,0,0,1275130000,67108900,134218000,402653000,134218000,69206000,0,4.18276,0,4.56301,1.521,0,6.27431,32,100,1024,0,0,0,10
mtran,2707,33554432,64,1,0,0,0,8,8,8,16,0,48.3553,8388620,8381780,13.0737,8388830,11165400,0.896137,2097150,1.85715,0,0,0,0,95.7759,100.221,0,0,0,872415000,167772000,134218000,167772000,0,52428800,0,4.63265,0,0,1.85306,0,5.79102,32,100,1024,0,0,0,28
mtran,3324,33554432,64,1,0,0,0,8,8,8,16,1,42.0493,10188000,8388880,10.0823,8388700,10873300,0.72354,2097150,1.45199,0,0,0,0,95.7857,99.4917,0,0,0,1241580000,167772000,134218000,234881000,67108900,71303200,0,4.74308,0,2.18911,1.45941,0,6.20264,32,100,1024,0,0,0,28
mtran,2473,16777216,64,1,0,0,0,8,8,8,32,0,55.047,8388760,8385690,15.1669,8388700,11573000,0.987139,2097150,0.527714,0,0,0,0,97.2209,100.169,0,0,0,520094000,167772000,134218000,67108900,0,29360100,0,1.71218,0,0,1.31706,0,3.68834,32,100,1024,0,0,0,28
mtran,5045,16777216,64,1,0,0,0,8,8,8,32,1,36.1459,16207400,8389280,6.74743,8388700,11383000,0.470244,2097150,0.236596,0,0,0,0,97.9093,100.424,0,0,0,704709000,167772000,134218000,100663000,33554400,38797300,0,1.11909,0,0.706792,0.588994,0,2.17961,32,100,1024,0,0,0,28
mtran,2167,8388608,64,1,0,0,0,8,8,8,64,0,61.858,8388740,8388340,17.946,8388700,12655400,1.12254,2097150,0.296228,0,0,0,0,97.8213,99.6841,0,0,0,385876000,75497500,134218000,33554400,0,20709400,0,1.56013,0,0,1.33725,0,2.93536,32,100,1024,0,0,0,28
mtran,4716,8388608,64,1,0,0,0,8,8,8,64,1,39.4427,16777600,8388580,7.46814,8388700,12219500,0.502149,2097150,0.125777,0,0,0,0,98.5848,100.062,0,0,0,486605000,75497500,134218000,41943000,16777200,25428000,0,0.848469,0,0.377097,0.565646,0,1.52446,32,100,1024,0,0,0,28
mtran,2372,67108864,128,1,0,0,0,8,16,8,16,0,54.6407,8388810,8382960,13.9274,8388700,10033500,1.02232,2097150,2.10014,0,0,0,0,90.9211,99.9149,0,0,0,402653000,67108900,134218000,402653000,0,31457300,0,2.10193,0,0,2.10193,0,3.94142,32,100,1024,0,0,0,8
mtran,3341,67108864,128,1,0,0,0,8,16,8,16,1,41.5313,10151500,8388350,9.38692,8388700,9703810,0.71703,2097150,1.43957,0,0,0,0,92.7517,99.9939,0,0,0,1275200000,67108900,134218000,402653000,134218000,69206000,0,3.95906,0,4.31897,1.43966,0,5.93879,32,100,1024,0,0,0,10
mtran,1920,33554432,128,1,0,0,0,8,16,8,32,0,68.59,8388630,8385880,18.1219,8388700,10723000,1.2556,2097150,2.63426,0,0,0,0,93.2608,100.132,0,0,0,872415000,167772000,134218000,167772000,0,52428800,0,6.57699,0,0,2.6308,0,8.22162,32,100,1024,0,0,0,28
mtran,4809,33554432,128,1,0,0,0,8,16,8,32,1,37.3981,15919600,8388670,6.70536,8389900,10349700,0.492969,2097150,0.99277,0,0,0,0,95.7356,99.9824,0,0,0,1241640000,167772000,134218000,234881000,67108900,71303200,0,3.22707,0,1.48942,0.992945,0,4.22016,32,100,1024,0,0,0,28
mtran,1909,16777216,128,1,0,0,0,8,16,8,64,0,67.7003,8389290,8383740,18.1527,8389640,11033600,1.26998,2097150,0.649308,0,0,0,0,95.8561,99.8248,0,0,0,520094000,167772000,134218000,67108900,0,29360100,0,2.11395,0,0,1.62612,0,4.55396,32,100,1024,0,0,0,28
mtran,4707,16777216,128,1,0,0,0,8,16,8,64,1,39.5183,16777200,8388630,6.99115,8389660,10764800,0.503073,2097150,0.253139,0,0,0,0,97.5224,99.9792,0,0,0,704774000,167772000,134218000,100663000,33554400,38797300,0,1.20266,0,0.759575,0.632979,0,2.34243,32,100,1024,0,0,0,28
mtran,1750,67108864,256,1,0,0,0,8,32,8,32,0,72.8906,8388620,8386720,18.4336,8388700,9951220,1.39049,2097150,2.79328,0,0,0,0,85.1503,99.9131,0,0,0,402653000,67108900,134218000,402653000,0,31457300,0,2.79571,0,0,2.79571,0,5.24244,32,100,1024,0,0,0,8
mtran,4782,67108864,256,1,0,0,0,8,32,8,32,1,37.4857,15849600,8388630,6.61725,8388700,10118000,0.495894,2097150,0.991681,0,0,0,0,91.6438,99.8914,0,0,0,1275330000,67108900,134218000,402653000,134218000,69206000,0,2.73009,0,2.97828,0.992759,0,4.09531,32,100,1024,0,0,0,10
mtran,1610,33554432,256,1,0,0,0,8,32,8,64,0,79.9245,8388630,8387270,21.4147,8389260,10923200,1.48449,2097150,3.08093,0,0,0,0,89.5704,100.341,0,0,0,872415000,167772000,134218000,167772000,0,52428800,0,7.67615,0,0,3.07046,0,9.59572,32,100,1024,0,0,0,28
mtran,4725,33554432,256,1,0,0,0,8,32,8,64,1,39.3693,16777200,8388490,7.15674,8389420,11419400,0.504242,2097150,1.00304,0,0,0,0,95.0539,99.9846,0,0,0,1241780000,167772000,134218000,234881000,67108900,71303200,0,3.26039,0,1.50479,1.0032,0,4.26376,32,100,1024,0,0,0,28
mtran,1489,67108864,512,1,0,0,0,8,64,8,64,0,86.2937,8388800,8387700,22.1757,8388700,10197800,1.64571,2097150,3.31302,0,0,0,0,79.3748,99.3712,0,0,0,402653000,67108900,134218000,402653000,0,31457300,0,3.33398,0,0,3.33398,0,6.2518,32,100,1024,0,0,0,8
mtran,4685,67108864,512,1,0,0,0,8,64,8,64,1,39.6985,16777200,8388860,7.11532,8388700,11125000,0.507524,2097150,1.01107,0,0,0,0,89.704,99.2169,0,0,0,1275590000,67108900,134218000,402653000,134218000,69206000,0,2.80239,0,3.05715,1.01905,0,4.20377,32,100,1024,0,0,0,10
mtran,3338,67108864,32,1,0,0,0,16,2,16,2,0,42.2223,8388860,8465580,24.321,8388700,33554400,0.772057,2097150,1.61182,0,0,0,0,44.9038,99.8572,0,0,0,402653000,67108900,134218000,402653000,0,31457300,0,1.61412,0,0,1.61412,0,3.02656,32,100,1024,0,0,0,8
mtran,3456,67108864,32,1,0,0,0,16,2,16,2,1,38.2466,8388620,8463080,22.1022,8389140,33554400,0.731753,2097150,1.46394,0,0,0,0,45.3938,99.9318,0,0,0,1275080000,67108900,134218000,402653000,134218000,69206000,0,4.02857,0,4.39481,1.46494,0,6.04295,32,100,1024,0,0,0,10
mtran,3176,33554432,32,1,0,0,0,16,2,16,4,0,42.7806,8388620,8493860,24.6345,8388830,33554100,0.783791,2097150,1.63286,0,0,0,0,47.5708,99.9365,0,0,0,872415000,167772000,134218000,167772000,0,52428800,0,4.08474,0,0,1.6339,0,5.10602,32,100,1024,0,0,0,28
mtran,3215,33554432,32,1,0,0,0,16,2,16,4,1,39.9785,8388620,8425850,23.0935,8388700,33553700,0.765977,2097150,1.52818,0,0,0,0,47.6368,99.9255,0,0,0,1241530000,167772000,134218000,234881000,67108900,71303200,0,4.97029,0,2.29398,1.52932,0,6.49969,32,100,1024,0,0,0,28
mtran,3128,16777216,32,1,0,0,0,16,2,16,8,0,43.6126,8388620,8555890,25.0698,8388700,33554500,0.792144,2097150,0.415088,0,0,0,0,48.7743,100.251,0,0,0,520094000,167772000,134218000,67108900,0,29360100,0,1.34566,0,0,1.03513,0,2.89858,32,100,1024,0,0,0,28
mtran,3460,16777216,32,1,0,0,0,16,2,16,8,1,38.1109,8388800,8884100,21.4043,8388720,33554500,0.704841,2097150,0.354156,0,0,0,0,48.9035,100.069,0,0,0,704659000,167772000,134218000,100663000,33554400,38797300,0,1.68109,0,1.06174,0.884782,0,3.27394,32,100,1024,0,0,0,28
mtran,3178,8388608,32,1,0,0,0,16,2,16,16,0,43.3873,8388620,8560240,24.9497,8388870,33554500,0.787458,2097150,0.206544,0,0,0,0,49.3664,99.9448,0,0,0,385876000,75497500,134218000,33554400,0,20709400,0,1.08495,0,0,0.929961,0,2.04104,32,100,1024,0,0,0,28
mtran,3408,8388608,32,1,0,0,0,16,2,16,16,1,38.016,8388660,8639980,21.5841,8388700,33554500,0.713108,2097150,0.178859,0,0,0,0,49.4218,100.1,0,0,0,486556000,75497500,134218000,41943000,16777200,25428000,0,1.20609,0,0.536042,0.804062,0,2.16676,32,100,1024,0,0,0,28
mtran,3210,4194304,32,1,0,0,0,16,2,16,32,0,42.323,8389810,8532890,24.2697,8389250,33554500,0.776211,2097150,0.100549,0,0,0,0,49.6449,99.9636,0,0,0,264241000,37748700,134218000,16777200,0,14811100,0,0.729246,0,0,0.854978,0,1.42106,32,100,1024,0,0,0,28
mtran,3606,4194304,32,1,0,0,0,16,2,16,32,1,36.2938,8388730,8898680,20.4573,8388700,33554500,0.667292,2097150,0.0846757,0,0,0,0,49.6911,100.527,0,0,0,310395000,37748700,134218000,25165800,8388610,17170400,0,0.73703,0,0.252696,0.715972,0,1.37954,32,100,1024,0,0,0,28
mtran,3562,2097152,32,1,0,0,0,16,2,16,64,0,37.5665,8388700,8668030,21.676,8388700,33554500,0.69409,2097150,0.0448719,0,0,0,0,49.7638,101.466,0,0,0,213910000,20971500,134218000,8388610,0,12124200,0,0.530685,0,0,0.729692,0,1.02292,32,100,1024,0,0,0,28
mtran,3778,2097152,32,1,0,0,0,16,2,16,64,1,33.8278,8388620,8889020,24.2241,8388700,33554500,0.803097,2097150,0.0499398,0,0,0,0,49.7144,98.8317,0,0,0,239092000,20971500,134218000,10485800,4194300,13303800,0,0.707422,0,0.151591,0.833748,0,1.28247,32,100,1024,0,0,0,28
mtran,3113,67108864,64,1,0,0,0,16,4,16,4,0,41.214,8388620,8413490,27.2749,8388700,29086600,0.974187,2097150,2.01576,0,0,0,0,87.82,100.153,0,0,0,402653000,67108900,134218000,402653000,0,31457300,0,2.01268,0,0,2.01268,0,3.77398,32,100,1024,0,0,0,8
mtran,2932,67108864,64,1,0,0,0,16,4,16,4,1,43.4845,8388760,8392340,21.5921,8388700,22889900,0.954183,2097150,1.91239,0,0,0,0,92.6846,99.9494,0,0,0,1275100000,67108900,134218000,402653000,134218000,69206000,0,5.26174,0,5.74008,1.91336,0,7.89281,32,100,1024,0,0,0,10
mtran,3150,33554432,64,1,0,0,0,16,4,16,8,0,43.8235,8389380,8397560,21.7586,8388700,27583500,0.806582,2097150,1.68096,0,0,0,0,94.5644,99.9527,0,0,0,872415000,167772000,134218000,167772000,0,52428800,0,4.20439,0,0,1.68176,0,5.25567,32,100,1024,0,0,0,28
mtran,3274,33554432,64,1,0,0,0,16,4,16,8,1,39.2334,8388620,8449330,18.7594,8388950,26365000,0.737235,2097150,1.49837,0,0,0,0,95.4192,100.048,0,0,0,1241550000,167772000,134218000,234881000,67108900,71303200,0,4.86738,0,2.24648,1.49765,0,6.3652,32,100,1024,0,0,0,28
mtran,3125,16777216,64,1,0,0,0,16,4,16,16,0,44.7756,8388830,8419400,24.0851,8388700,30519500,0.819973,2097150,0.430073,0,0,0,0,95.0766,99.7139,0,0,0,520094000,167772000,134218000,67108900,0,29360100,0,1.40175,0,0,1.07827,0,3.01961,32,100,1024,0,0,0,28
mtran,3242,16777216,64,1,0,0,0,16,4,16,16,1,39.1594,8388620,8427610,19.4097,8388700,27567100,0.74437,2097150,0.374549,0,0,0,0,96.9947,99.938,0,0,0,704676000,167772000,134218000,100663000,33554400,38797300,0,1.78021,0,1.12434,0.936954,0,3.46726,32,100,1024,0,0,0,28
mtran,3171,8388608,64,1,0,0,0,16,4,16,32,0,43.2407,8388630,8431880,23.3937,8388700,30835800,0.791836,2097150,0.207178,0,0,0,0,96.6998,100.058,0,0,0,385876000,75497500,134218000,33554400,0,20709400,0,1.08705,0,0,0.931756,0,2.04527,32,100,1024,0,0,0,28
mtran,3471,8388608,64,1,0,0,0,16,4,16,32,1,37.4043,8388670,8433680,19.3891,8388830,29542500,0.685742,2097150,0.177603,0,0,0,0,97.6225,99.7213,0,0,0,486572000,75497500,134218000,41943000,16777200,25428000,0,1.20217,0,0.534297,0.801446,0,2.15996,32,100,1024,0,0,0,28
mtran,3143,4194304,64,1,0,0,0,16,4,16,64,0,41.6102,8388620,8478830,22.3845,8388700,30832200,0.781016,2097150,0.0990617,0,0,0,0,97.9383,99.5221,0,0,0,264241000,37748700,134218000,16777200,0,14811100,0,0.721646,0,0,0.846067,0,1.40652,32,100,1024,0,0,0,28
mtran,3700,4194304,64,1,0,0,0,16,4,16,64,1,34.8764,8388620,8488500,22.16,8388700,30414400,0.770055,2097150,0.0987026,0,0,0,0,98.2625,100.225,0,0,0,310411000,37748700,134218000,25165800,8388610,17170400,0,0.861706,0,0.295442,0.837085,0,1.61315,32,100,1024,0,0,0,28
mtran,3212,67108864,128,1,0,0,0,16,8,16,8,0,39.4316,8388620,8379830,19.7425,8388830,20140600,0.941515,2097150,1.9192,0,0,0,0,89.108,100.054,0,0,0,402653000,67108900,134218000,402653000,0,31457300,0,1.91816,0,0,1.91816,0,3.59684,32,100,1024,0,0,0,8
mtran,3312,67108864,128,1,0,0,0,16,8,16,8,1,38.562,8388620,8388830,12.7857,8388700,13729000,0.799765,2097150,1.61015,0,0,0,0,92.0801,99.9137,0,0,0,1275130000,67108900,134218000,402653000,134218000,69206000,0,4.43174,0,4.83462,1.61154,0,6.64784,32,100,1024,0,0,0,10
mtran,2749,33554432,128,1,0,0,0,16,8,16,16,0,49.3369,8388620,8383610,18.5553,8388700,18933200,0.910217,2097150,1.8874,0,0,0,0,93.6777,100.287,0,0,0,872415000,167772000,134218000,167772000,0,52428800,0,4.70501,0,0,1.88201,0,5.88154,32,100,1024,0,0,0,28
mtran,3076,33554432,128,1,0,0,0,16,8,16,16,1,41.1384,8388820,8388590,13.9781,8388700,16178400,0.785815,2097150,1.57851,0,0,0,0,95.2124,100.174,0,0,0,1241580000,167772000,134218000,234881000,67108900,71303200,0,5.12124,0,2.36365,1.57577,0,6.69724,32,100,1024,0,0,0,28
mtran,2498,16777216,128,1,0,0,0,16,8,16,32,0,54.5992,8388820,8387670,21.9234,8388700,20680200,0.978556,2097150,0.52387,0,0,0,0,95.3174,100.066,0,0,0,520094000,167772000,134218000,67108900,0,29360100,0,1.70146,0,0,1.30881,0,3.66535,32,100,1024,0,0,0,28
mtran,2876,16777216,128,1,0,0,0,16,8,16,32,1,43.8677,8389100,8388730,15.7781,8388700,17607200,0.84081,2097150,0.421344,0,0,0,0,96.5056,99.8468,0,0,0,704708000,167772000,134218000,100663000,33554400,38797300,0,2.00445,0,1.26597,1.05498,0,3.9041,32,100,1024,0,0,0,28
mtran,2151,8388608,128,1,0,0,0,16,8,16,64,0,61.2881,8388620,8388910,26.6479,8388700,23099300,1.12809,2097150,0.293957,0,0,0,0,96.4295,99.9995,0,0,0,385876000,75497500,134218000,33554400,0,20709400,0,1.54328,0,0,1.32281,0,2.9038,32,100,1024,0,0,0,28
mtran,3038,8388608,128,1,0,0,0,16,8,16,64,1,41.2975,8388620,8389520,16.6402,8389050,20812400,0.789554,2097150,0.197595,0,0,0,0,97.5517,99.9398,0,0,0,486605000,75497500,134218000,41943000,16777200,25428000,0,1.33457,0,0.593141,0.889711,0,2.39792,32,100,1024,0,0,0,28
mtran,2486,67108864,256,1,0,0,0,16,16,16,16,0,53.1127,8388620,8383360,19.2263,8388700,17686300,1.00111,2097150,2.04778,0,0,0,0,87.2323,100.078,0,0,0,402653000,67108900,134218000,402653000,0,31457300,0,2.04619,0,0,2.04619,0,3.83696,32,100,1024,0,0,0,8
mtran,3045,67108864,256,1,0,0,0,16,16,16,16,1,40.8611,8388990,8388720,15.1762,8388700,13714200,0.948079,2097150,1.89541,0,0,0,0,89.593,99.9331,0,0,0,1275200000,67108900,134218000,402653000,134218000,69206000,0,5.21586,0,5.69003,1.89668,0,7.82413,32,100,1024,0,0,0,10
mtran,2021,33554432,256,1,0,0,0,16,16,16,32,0,66.0888,8388620,8388340,24.3534,8388700,18309100,1.21516,2097150,2.53455,0,0,0,0,89.607,99.8036,0,0,0,872415000,167772000,134218000,167772000,0,52428800,0,6.34883,0,0,2.53953,0,7.93649,32,100,1024,0,0,0,28
mtran,2839,33554432,256,1,0,0,0,16,16,16,32,1,44.2962,8388650,8388400,15.1009,8388700,16299200,0.847502,2097150,1.69673,0,0,0,0,92.7906,99.9859,0,0,0,1241640000,167772000,134218000,234881000,67108900,71303200,0,5.51513,0,2.54545,1.69696,0,7.2124,32,100,1024,0,0,0,28
mtran,1967,16777216,256,1,0,0,0,16,16,16,64,0,66.0575,8388800,8387490,25.4143,8388700,19321800,1.24643,2097150,0.636984,0,0,0,0,92.5568,100.075,0,0,0,520094000,167772000,134218000,67108900,0,29360100,0,2.06865,0,0,1.59127,0,4.45644,32,100,1024,0,0,0,28
mtran,2948,16777216,256,1,0,0,0,16,16,16,64,1,42.4889,8388620,8388540,15.1102,8390080,17407900,0.812234,2097150,0.406379,0,0,0,0,95.0023,99.9589,0,0,0,704774000,167772000,134218000,100663000,33554400,38797300,0,1.93109,0,1.21964,1.01637,0,3.76125,32,100,1024,0,0,0,28
mtran,1883,67108864,512,1,0,0,0,16,32,16,32,0,71.0664,8388620,8387160,25.7295,8389160,17773900,1.35416,2097150,2.73344,0,0,0,0,77.5087,100.063,0,0,0,402653000,67108900,134218000,402653000,0,31457300,0,2.73171,0,0,2.73171,0,5.12244,32,100,1024,0,0,0,8
mtran,2835,67108864,512,1,0,0,0,16,32,16,32,1,44.3568,8389200,8388780,13.4365,8388980,13492600,0.849313,2097150,1.70504,0,0,0,0,86.5198,100.251,0,0,0,1275330000,67108900,134218000,402653000,134218000,69206000,0,4.67714,0,5.10233,1.70078,0,7.016,32,100,1024,0,0,0,10
mtran,1611,33554432,512,1,0,0,0,16,32,16,64,0,82.3184,8388630,8385880,28.9754,8388700,17070900,1.54726,2097150,3.16254,0,0,0,0,83.8071,99.6847,0,0,0,872415000,167772000,134218000,167772000,0,52428800,0,7.93137,0,0,3.17255,0,9.91477,32,100,1024,0,0,0,28
mtran,2908,33554432,512,1,0,0,0,16,32,16,64,1,42.9823,8388620,8389130,14.6731,8388700,16338700,0.823075,2097150,1.64697,0,0,0,0,90.3126,99.8805,0,0,0,1241780000,167772000,134218000,234881000,67108900,71303200,0,5.35906,0,2.47341,1.64894,0,7.00829,32,100,1024,0,0,0,28
mtran,2068,67108864,1024,1,0,0,0,16,64,16,64,0,73.1087,8388620,8388630,30.9191,8388700,22185100,1.53889,2097150,2.80768,0,0,0,0,74.0831,86.3704,0,0,0,402653000,67108900,134218000,402653000,0,31457300,0,3.25074,0,0,3.25074,0,6.09571,32,100,1024,0,0,0,8
mtran,2830,67108864,1024,1,0,0,0,16,64,16,64,1,44.421,8388930,8388890,17.5034,8388700,20148000,0.900746,2097150,1.70271,0,0,0,0,85.827,92.6554,0,0,0,1275590000,67108900,134218000,402653000,134218000,69206000,0,5.05361,0,5.51303,1.83768,0,7.58074,32,100,1024,0,0,0,10
mtran,4938,67108864,32,1,0,0,0,32,1,32,1,0,34.0525,8388920,10058000,32.2721,8388700,67109000,0.578027,2097150,1.18815,0,0,0,0,46.4762,99.8434,0,0,0,402653000,67108900,134218000,402653000,0,31457300,0,1.19002,0,0,1.19002,0,2.23135,32,100,1024,0,0,0,8
mtran,4459,67108864,32,1,0,0,0,32,1,32,1,1,34.7042,8389270,8544520,35.983,8388700,67108900,0.662238,2097150,1.32264,0,0,0,0,45.9624,100.112,0,0,0,1275080000,67108900,134218000,402653000,134218000,69206000,0,3.63317,0,3.96346,1.32115,0,5.44983,32,100,1024,0,0,0,10
mtran,4495,33554432,32,1,0,0,0,32,1,32,2,0,36.9399,8388930,10011600,35.154,8389180,67108900,0.627352,2097150,1.29433,0,0,0,0,48.0834,100.062,0,0,0,805306000,167772000,134218000,201327000,0,51380200,0,3.23383,0,0,1.29353,0,3.96151,32,100,1024,0,0,0,28
mtran,3965,33554432,32,1,0,0,0,32,1,32,2,1,39.8599,8388620,8617780,41.1053,8388700,67108900,0.756527,2097150,1.51364,0,0,0,0,47.6905,99.9906,0,0,0,1207970000,167772000,134218000,234881000,67108900,70254600,0,4.9198,0,2.27068,1.51378,0,6.33905,32,100,1024,0,0,0,28
mtran,4422,16777216,32,1,0,0,0,32,1,32,4,0,38.1195,8388920,10388900,35.5392,8389020,67108900,0.635266,2097150,0.327152,0,0,0,0,49.0142,99.9314,0,0,0,469762000,167772000,134218000,100663000,0,28835800,0,1.06397,0,0,0.818442,0,2.25094,32,100,1024,0,0,0,28
mtran,3940,16777216,32,1,0,0,0,32,1,32,4,1,40.7041,8389290,8955750,41.0685,8389070,67108900,0.755752,2097150,0.378072,0,0,0,0,48.8277,99.9351,0,0,0,687874000,167772000,134218000,100663000,33554400,38273000,0,1.79701,0,1.13495,0.945793,0,3.45242,32,100,1024,0,0,0,28
mtran,4577,8388608,32,1,0,0,0,32,1,32,8,0,37.9194,8388950,11920000,32.696,8390250,67108900,0.586247,2097150,0.150501,0,0,0,0,49.5216,100.046,0,0,0,377487000,75497500,134218000,33554400,0,20447200,0,0.789768,0,0,0.676944,0,1.46692,32,100,1024,0,0,0,28
mtran,3929,8388608,32,1,0,0,0,32,1,32,8,1,42.1596,8389080,9366690,41.6073,8388700,67109100,0.76494,2097150,0.191274,0,0,0,0,49.3756,100.005,0,0,0,469770000,75497500,134218000,50331600,16777200,25165800,0,1.29104,0,0.573795,0.860693,0,2.29547,32,100,1024,0,0,0,28
mtran,4949,4194304,32,1,0,0,0,32,1,32,16,0,34.5192,8388680,12157900,29.3611,8388700,67108900,0.528842,2097150,0.0675593,0,0,0,0,49.7483,100.025,0,0,0,247464000,37748700,134218000,29360100,0,14680100,0,0.472795,0,0,0.574109,0,0.945782,32,100,1024,0,0,0,28
mtran,9017,4194304,32,1,0,0,0,32,1,32,16,1,24.2539,8388620,20235700,14.8706,8389170,67108900,0.266744,2097150,0.0341649,0,0,0,0,49.8729,100.375,0,0,0,306192000,37748700,134218000,25165800,8388610,17039400,0,0.297826,0,0.102112,0.289317,0,0.553207,32,100,1024,0,0,0,28
mtran,15819,2097152,32,1,0,0,0,32,1,32,32,0,18.5244,8389960,28222200,8.86563,8389420,67108900,0.152293,2097150,0.0101806,0,0,0,0,49.9353,100.466,0,0,0,211812000,20971500,134218000,8388610,0,12058600,0,0.121601,0,0,0.167202,0,0.233126,32,100,1024,0,0,0,28
mtran,16457,2097152,32,1,0,0,0,32,1,32,32,1,18.0129,8389410,29349300,8.32379,8389170,67109000,0.145652,2097150,0.00956865,0,0,0,0,49.935,100.201,0,0,0,234889000,20971500,134218000,12582900,4194300,13238300,0,0.128917,0,0.0286483,0.157566,0,0.241177,32,100,1024,0,0,0,28
mtran,17702,1048576,32,1,0,0,0,32,1,32,64,0,17.867,8389920,31951100,7.73616,8391100,67109200,0.135995,2097150,0.00444132,0,0,0,0,49.9092,99.6528,0,0,0,185598000,12582900,134218000,4194300,0,10682400,0,0.0958211,0,0,0.144846,0,0.181664,32,100,1024,0,0,0,28
mtran,17760,1048576,32,1,0,0,0,32,1,32,64,1,17.5867,8389040,31628200,7.71914,8389610,67108900,0.135887,2097150,0.0044323,0,0,0,0,49.9015,100.318,0,0,0,197140000,12582900,134218000,6291460,2097150,11272200,0,0.10162,0,0.0132547,0.143593,0,0.190034,32,100,1024,0,0,0,28
mtran,4458,67108864,64,1,0,0,0,32,2,32,2,0,36.4981,8388660,9555640,35.4972,8388700,67108900,0.638569,2097150,1.30742,0,0,0,0,86.4798,100.153,0,0,0,402653000,67108900,134218000,402653000,0,31457300,0,1.30542,0,0,1.30542,0,2.44781,32,100,1024,0,0,0,8
mtran,4027,67108864,64,1,0,0,0,32,2,32,2,1,38.8566,8388630,8557280,40.1875,8388700,67108900,0.739894,2097150,1.47985,0,0,0,0,85.9896,100.046,0,0,0,1275080000,67108900,134218000,402653000,134218000,69206000,0,4.06774,0,4.43754,1.47918,0,6.10178,32,100,1024,0,0,0,10
mtran,4277,33554432,64,1,0,0,0,32,2,32,4,0,37.3091,8388650,9696530,36.0814,8388950,67108900,0.652476,2097150,1.32849,0,0,0,0,94.4421,99.9774,0,0,0,872415000,167772000,134218000,167772000,0,52428800,0,3.32197,0,0,1.32879,0,4.15261,32,100,1024,0,0,0,28
mtran,3938,33554432,64,1,0,0,0,32,2,32,4,1,40.2627,8388730,8657490,41.3346,8388700,67108900,0.761297,2097150,1.52216,0,0,0,0,94.0254,99.9599,0,0,0,1241530000,167772000,134218000,234881000,67108900,71303200,0,4.94901,0,2.28416,1.52277,0,6.47194,32,100,1024,0,0,0,28
mtran,4247,16777216,64,1,0,0,0,32,2,32,8,0,38.2203,8388690,10132100,36.1978,8388830,67108900,0.65633,2097150,0.333246,0,0,0,0,94.6683,100.126,0,0,0,520094000,167772000,134218000,67108900,0,29360100,0,1.08169,0,0,0.832066,0,2.33014,32,100,1024,0,0,0,28
mtran,3929,16777216,64,1,0,0,0,32,2,32,8,1,40.6311,8388620,8673570,41.6716,8388980,67108900,0.767288,2097150,0.38363,0,0,0,0,94.5757,99.9357,0,0,0,704659000,167772000,134218000,100663000,33554400,38797300,0,1.82342,0,1.15163,0.959693,0,3.55141,32,100,1024,0,0,0,28
mtran,4249,8388608,64,1,0,0,0,32,2,32,16,0,37.8607,8388690,10338200,35.2114,8388700,67108900,0.638849,2097150,0.162045,0,0,0,0,95.9924,99.4974,0,0,0,385876000,75497500,134218000,33554400,0,20709400,0,0.855035,0,0,0.732887,0,1.60874,32,100,1024,0,0,0,28
mtran,4935,8388608,64,1,0,0,0,32,2,32,16,1,32.9556,8388620,11701400,28.5634,8388700,67108900,0.519361,2097150,0.131393,0,0,0,0,96.0578,99.5291,0,0,0,486556000,75497500,134218000,41943000,16777200,25428000,0,0.8911,0,0.396045,0.594067,0,1.60105,32,100,1024,0,0,0,28
mtran,5027,4194304,64,1,0,0,0,32,2,32,32,0,28.9115,8388690,12514000,24.2413,8388700,67108900,0.436486,2097150,0.0557678,0,0,0,0,96.7941,100.177,0,0,0,264241000,37748700,134218000,16777200,0,14811100,0,0.403601,0,0,0.473188,0,0.786634,32,100,1024,0,0,0,28
mtran,6425,4194304,64,1,0,0,0,32,2,32,32,1,24.8587,8388620,14485600,19.1306,8390160,67108900,0.341826,2097150,0.0439921,0,0,0,0,96.841,100.425,0,0,0,310395000,37748700,134218000,25165800,8388610,17170400,0,0.3833,0,0.131417,0.372348,0,0.717566,32,100,1024,0,0,0,28
mtran,11382,2097152,64,1,0,0,0,32,2,32,64,0,20.5762,8389850,24534600,10.8891,8389420,67108900,0.191957,2097150,0.0125065,0,0,0,0,96.7473,100.265,0,0,0,213910000,20971500,134218000,8388610,0,12124200,0,0.149681,0,0,0.205812,0,0.288587,32,100,1024,0,0,0,28
mtran,10814,2097152,64,1,0,0,0,32,2,32,64,1,20.4714,8388990,23006800,11.402,8389140,67108900,0.203501,2097150,0.0131069,0,0,0,0,96.6811,99.7394,0,0,0,239092000,20971500,134218000,10485800,4194300,13303800,0,0.183976,0,0.0394235,0.216829,0,0.333606,32,100,1024,0,0,0,28
mtran,4250,67108864,128,1,0,0,0,32,4,32,4,0,36.3867,8388980,8818810,37.0149,8388700,67108900,0.668582,2097150,1.36322,0,0,0,0,81.9423,99.9609,0,0,0,402653000,67108900,134218000,402653000,0,31457300,0,1.36375,0,0,1.36375,0,2.55723,32,100,1024,0,0,0,8
mtran,4007,67108864,128,1,0,0,0,32,4,32,4,1,38.8161,8388620,8451210,40.3469,8388700,67108900,0.742738,2097150,1.48573,0,0,0,0,84.4683,99.9817,0,0,0,1275100000,67108900,134218000,402653000,134218000,69206000,0,4.0865,0,4.458,1.486,0,6.12996,32,100,1024,0,0,0,10
mtran,4010,33554432,128,1,0,0,0,32,4,32,8,0,36.9873,8388920,8495200,38.3166,8388700,67108900,0.693804,2097150,1.4111,0,0,0,0,93.8013,100.028,0,0,0,872415000,167772000,134218000,167772000,0,52428800,0,3.52674,0,0,1.4107,0,4.40863,32,100,1024,0,0,0,28
mtran,3938,33554432,128,1,0,0,0,32,4,32,8,1,39.7824,8388690,8400620,41.5319,8388700,67108900,0.764731,2097150,1.52942,0,0,0,0,93.5479,99.9502,0,0,0,1241550000,167772000,134218000,234881000,67108900,71303200,0,4.97311,0,2.29528,1.53019,0,6.50351,32,100,1024,0,0,0,28
mtran,3929,16777216,128,1,0,0,0,32,4,32,16,0,39.2563,8388720,8648080,40.4106,8388700,67109000,0.734924,2097150,0.372004,0,0,0,0,93.4054,99.973,0,0,0,520094000,167772000,134218000,67108900,0,29360100,0,1.20934,0,0,0.930261,0,2.60521,32,100,1024,0,0,0,28
mtran,3946,16777216,128,1,0,0,0,32,4,32,16,1,39.5002,8389180,8572370,40.7878,8389080,67108900,0.75026,2097150,0.375498,0,0,0,0,93.4743,100.063,0,0,0,704676000,167772000,134218000,100663000,33554400,38797300,0,1.78249,0,1.12578,0.938152,0,3.47177,32,100,1024,0,0,0,28
mtran,3931,8388608,128,1,0,0,0,32,4,32,32,0,41.13,8388950,8964580,41.5159,8388700,67108900,0.763839,2097150,0.190839,0,0,0,0,95.3459,99.8883,0,0,0,385876000,75497500,134218000,33554400,0,20709400,0,1.00303,0,0,0.859737,0,1.88727,32,100,1024,0,0,0,28
mtran,3931,8388608,128,1,0,0,0,32,4,32,32,1,40.195,8388960,8536000,41.61,8388700,67108900,0.76557,2097150,0.191287,0,0,0,0,95.4662,99.9441,0,0,0,486572000,75497500,134218000,41943000,16777200,25428000,0,1.29191,0,0.574183,0.861275,0,2.32128,32,100,1024,0,0,0,28
mtran,3934,4194304,128,1,0,0,0,32,4,32,64,0,40.6909,8388660,8891660,41.2348,8388720,67108900,0.758525,2097150,0.094794,0,0,0,0,96.8223,99.8648,0,0,0,264241000,37748700,134218000,16777200,0,14811100,0,0.688187,0,0,0.80684,0,1.3414,32,100,1024,0,0,0,28
mtran,3931,4194304,128,1,0,0,0,32,4,32,64,1,40.6483,8389830,8611330,41.647,8388700,67108900,0.766932,2097150,0.0958523,0,0,0,0,96.9052,99.8961,0,0,0,310411000,37748700,134218000,25165800,8388610,17170400,0,0.83958,0,0.287856,0.815592,0,1.57184,32,100,1024,0,0,0,28
mtran,4033,67108864,256,1,0,0,0,32,8,32,8,0,32.9507,8388660,8387650,34.3194,8388910,67108900,0.627715,2097150,1.2637,0,0,0,0,79.5282,99.9495,0,0,0,402653000,67108900,134218000,402653000,0,31457300,0,1.26434,0,0,1.26434,0,2.37085,32,100,1024,0,0,0,8
mtran,3991,67108864,256,1,0,0,0,32,8,32,8,1,38.9393,8388620,8388700,40.6466,8388700,67108900,0.747826,2097150,1.49459,0,0,0,0,80.0542,99.7812,0,0,0,1275130000,67108900,134218000,402653000,134218000,69206000,0,4.11914,0,4.49361,1.49787,0,6.17897,32,100,1024,0,0,0,10
mtran,3950,33554432,256,1,0,0,0,32,8,32,16,0,39.6186,8388620,8392240,41.4317,8390190,67108900,0.762011,2097150,1.52337,0,0,0,0,90.2949,99.9291,0,0,0,872415000,167772000,134218000,167772000,0,52428800,0,3.81114,0,0,1.52445,0,4.76419,32,100,1024,0,0,0,28
mtran,3952,33554432,256,1,0,0,0,32,8,32,16,1,34.8712,8388930,8389250,41.5259,8388700,67108900,0.762863,2097150,1.52573,0,0,0,0,90.3641,99.965,0,0,0,1241580000,167772000,134218000,234881000,67108900,71303200,0,4.96037,0,2.2894,1.52627,0,6.4869,32,100,1024,0,0,0,28
mtran,3931,16777216,256,1,0,0,0,32,8,32,32,0,34.8457,8388980,8562810,41.8341,8388700,67108900,0.767154,2097150,0.38353,0,0,0,0,89.7702,99.9329,0,0,0,520094000,167772000,134218000,67108900,0,29360100,0,1.24731,0,0,0.959468,0,2.68705,32,100,1024,0,0,0,28
mtran,3932,16777216,256,1,0,0,0,32,8,32,32,1,32.6629,8388620,8394010,42.0131,8388700,67108900,0.767096,2097150,0.383526,0,0,0,0,89.8805,99.9347,0,0,0,704708000,167772000,134218000,100663000,33554400,38797300,0,1.82294,0,1.15133,0.959442,0,3.55059,32,100,1024,0,0,0,28
mtran,3932,8388608,256,1,0,0,0,32,8,32,64,0,31.448,8389370,8395600,41.7321,8388700,67109500,0.767329,2097150,0.191698,0,0,0,0,93.2745,99.8877,0,0,0,385876000,75497500,134218000,33554400,0,20709400,0,1.00754,0,0,0.86361,0,1.89582,32,100,1024,0,0,0,28
mtran,3931,8388608,256,1,0,0,0,32,8,32,64,1,31.4358,8388870,8394740,41.717,8388700,67108900,0.767212,2097150,0.191692,0,0,0,0,92.8573,99.8858,0,0,0,486605000,75497500,134218000,41943000,16777200,25428000,0,1.2954,0,0.575733,0.8636,0,2.32759,32,100,1024,0,0,0,28
mtran,3988,67108864,512,1,0,0,0,32,16,32,16,0,30.9771,8389050,8388900,41.132,8388700,67109300,0.755922,2097150,1.51153,0,0,0,0,73.3349,100.035,0,0,0,402653000,67108900,134218000,402653000,0,31457300,0,1.51101,0,0,1.51101,0,2.8334,32,100,1024,0,0,0,8
mtran,3981,67108864,512,1,0,0,0,32,16,32,16,1,33.9119,8388620,8388650,41.0383,8388700,67108900,0.755539,2097150,1.50588,0,0,0,0,74.7586,99.9122,0,0,0,1275200000,67108900,134218000,402653000,134218000,69206000,0,4.14481,0,4.52161,1.5072,0,6.21749,32,100,1024,0,0,0,10
mtran,3941,33554432,512,1,0,0,0,32,16,32,32,0,39.7725,8389200,8388610,41.475,8389130,67108900,0.763709,2097150,1.52722,0,0,0,0,85.0539,99.9063,0,0,0,872415000,167772000,134218000,167772000,0,52428800,0,3.82164,0,0,1.52865,0,4.77732,32,100,1024,0,0,0,28
mtran,3940,33554432,512,1,0,0,0,32,16,32,32,1,39.7904,8388620,8388680,41.5154,8388700,67108900,0.764156,2097150,1.52879,0,0,0,0,85.4109,99.9581,0,0,0,1241640000,167772000,134218000,234881000,67108900,71303200,0,4.97065,0,2.29415,1.52943,0,6.50035,32,100,1024,0,0,0,28
mtran,3932,16777216,512,1,0,0,0,32,16,32,64,0,39.9321,8388620,8388620,41.6244,8388700,67108900,0.767048,2097150,0.383186,0,0,0,0,79.7737,99.8558,0,0,0,520094000,167772000,134218000,67108900,0,29360100,0,1.24715,0,0,0.959349,0,2.68671,32,100,1024,0,0,0,28
mtran,3946,16777216,512,1,0,0,0,32,16,32,64,1,39.9254,8388620,8388810,41.6863,8388700,67108900,0.767013,2097150,0.383268,0,0,0,0,81.0964,99.8825,0,0,0,704774000,167772000,134218000,100663000,33554400,38797300,0,1.82267,0,1.15116,0.959298,0,3.55008,32,100,1024,0,0,0,28
mtran,3939,67108864,1024,1,0,0,0,32,32,32,32,0,39.7732,8388690,8388720,41.5043,8388700,67108900,0.80175,2097150,1.52828,0,0,0,0,60.5435,88.3417,0,0,0,402653000,67108900,134218000,402653000,0,31457300,0,1.72997,0,0,1.72997,0,3.244,32,100,1024,0,0,0,8
mtran,3976,67108864,1024,1,0,0,0,32,32,32,32,1,39.0425,8389390,8388720,40.7486,8388700,67108900,0.78596,2097150,1.50048,0,0,0,0,63.8294,89.8105,0,0,0,1275330000,67108900,134218000,402653000,134218000,69206000,0,4.59448,0,5.01216,1.67072,0,6.89201,32,100,1024,0,0,0,10
mtran,3947,33554432,1024,1,0,0,0,32,32,32,64,0,39.7626,8389360,8388640,41.4906,8389780,67108900,0.782574,2097150,1.5278,0,0,0,0,74.3246,93.7758,0,0,0,872415000,167772000,134218000,167772000,0,52428800,0,4.07301,0,0,1.6292,0,5.09154,32,100,1024,0,0,0,28
mtran,3976,33554432,1024,1,0,0,0,32,32,32,64,1,38.9489,8388690,8388600,40.7518,8388700,67108900,0.766722,2097150,1.4986,0,0,0,0,74.4057,93.6836,0,0,0,1241780000,167772000,134218000,234881000,67108900,71303200,0,5.19884,0,2.39946,1.59964,0,6.79876,32,100,1024,0,0,0,28
mtran,4535,67108864,64,1,0,0,0,64,1,64,1,0,36.7686,8389510,9950700,35.0458,8388700,67108900,0.627597,2097150,1.29025,0,0,0,0,88.3411,99.8084,0,0,0,402653000,67108900,134218000,402653000,0,31457300,0,1.29273,0,0,1.29273,0,2.424,32,100,1024,0,0,0,8
mtran,4099,67108864,64,1,0,0,0,64,1,64,1,1,40.5891,8388750,9643680,39.4769,8388700,67108900,0.726721,2097150,1.45209,0,0,0,0,87.2599,99.9978,0,0,0,1275080000,67108900,134218000,402653000,134218000,69206000,0,3.99333,0,4.35636,1.45212,0,5.99016,32,100,1024,0,0,0,10
mtran,4453,33554432,64,1,0,0,0,64,1,64,2,0,37.988,8388680,10580400,35.0391,8389140,67108900,0.629007,2097150,1.29029,0,0,0,0,93.7031,99.8446,0,0,0,805306000,167772000,134218000,201327000,0,51380200,0,3.23076,0,0,1.2923,0,3.95782,32,100,1024,0,0,0,28
mtran,3933,33554432,64,1,0,0,0,64,1,64,2,1,40.6139,8388730,8757550,41.5075,8388700,67108900,0.762439,2097150,1.52678,0,0,0,0,93.276,99.9456,0,0,0,1207970000,167772000,134218000,234881000,67108900,70254600,0,4.96474,0,2.29142,1.52761,0,6.39704,32,100,1024,0,0,0,28
mtran,4505,16777216,64,1,0,0,0,64,1,64,4,0,38.2974,8388690,11439400,33.7742,8389140,67108900,0.604116,2097150,0.310932,0,0,0,0,92.837,100.08,0,0,0,469762000,167772000,134218000,100663000,0,28835800,0,1.00972,0,0,0.776707,0,2.13638,32,100,1024,0,0,0,28
mtran,3926,16777216,64,1,0,0,0,64,1,64,4,1,41.9085,8388660,9195240,41.7553,8388700,67108900,0.767482,2097150,0.383938,0,0,0,0,92.299,99.9299,0,0,0,687874000,167772000,134218000,100663000,33554400,38273000,0,1.82498,0,1.15262,0.960518,0,3.50643,32,100,1024,0,0,0,28
mtran,4922,8388608,64,1,0,0,0,64,1,64,8,0,37.3755,8388840,13943500,29.3368,8388700,67108900,0.522295,2097150,0.134995,0,0,0,0,94.2011,100.289,0,0,0,377487000,75497500,134218000,33554400,0,20447200,0,0.70668,0,0,0.605726,0,1.31278,32,100,1024,0,0,0,28
mtran,5084,8388608,64,1,0,0,0,64,1,64,8,1,34.6943,8388810,13854400,27.0955,8392980,67109000,0.489497,2097150,0.124687,0,0,0,0,94.8755,99.7402,0,0,0,469770000,75497500,134218000,50331600,16777200,25165800,0,0.84383,0,0.375035,0.562553,0,1.5005,32,100,1024,0,0,0,28
mtran,14893,4194304,64,1,0,0,0,64,1,64,16,0,21.4079,8389890,39839500,7.73792,8389280,67108900,0.135745,2097150,0.0177709,0,0,0,0,95.4927,100.222,0,0,0,247464000,37748700,134218000,29360100,0,14680100,0,0.124121,0,0,0.150718,0,0.248343,32,100,1024,0,0,0,28
mtran,17417,4194304,64,1,0,0,0,64,1,64,16,1,20.6797,8390320,44521300,6.83942,8389140,67108900,0.121874,2097150,0.0157076,0,0,0,0,95.5605,99.8389,0,0,0,306192000,37748700,134218000,25165800,8388610,17039400,0,0.137663,0,0.0471987,0.13373,0,0.255748,32,100,1024,0,0,0,28
mtran,32908,2097152,64,1,0,0,0,64,1,64,32,0,16.6685,8389650,64974500,3.94776,8390080,67109000,0.0730219,2097150,0.00454081,0,0,0,0,97.3959,99.7964,0,0,0,211812000,20971500,134218000,8388610,0,12058600,0,0.0546008,0,0,0.0750761,0,0.104702,32,100,1024,0,0,0,28
mtran,32381,2097152,64,1,0,0,0,64,1,64,32,1,16.6485,8390480,63914500,4.0029,8389660,67109000,0.0741247,2097150,0.00460466,0,0,0,0,97.4244,99.8439,0,0,0,234889000,20971500,134218000,12582900,4194300,13238300,0,0.0622601,0,0.0138356,0.0760956,0,0.116504,32,100,1024,0,0,0,28
mtran,33088,1048576,64,1,0,0,0,64,1,64,64,0,16.3561,8391140,64004600,3.96434,8389170,67109400,0.0729171,2097150,0.00227435,0,0,0,0,97.4807,100.066,0,0,0,185598000,12582900,134218000,4194300,0,10682400,0,0.0488663,0,0,0.0738676,0,0.0926699,32,100,1024,0,0,0,28
mtran,33781,1048576,64,1,0,0,0,64,1,64,64,1,16.2938,8390190,64811300,3.88451,8390820,67109000,0.0714738,2097150,0.00223071,0,0,0,0,97.7394,99.3971,0,0,0,197140000,12582900,134218000,6291460,2097150,11272200,0,0.0516175,0,0.00673272,0.0729378,0,0.0965534,32,100,1024,0,0,0,28
mtran,4438,67108864,128,1,0,0,0,64,2,64,2,0,36.7782,8389200,9603280,35.777,8388700,67108900,0.643867,2097150,1.31755,0,0,0,0,85.4193,100.07,0,0,0,402653000,67108900,134218000,402653000,0,31457300,0,1.31662,0,0,1.31662,0,2.46886,32,100,1024,0,0,0,8
mtran,4013,67108864,128,1,0,0,0,64,2,64,2,1,39.101,8388620,8547450,40.4128,8388700,67108900,0.743704,2097150,1.48644,0,0,0,0,86.4231,99.9677,0,0,0,1275080000,67108900,134218000,402653000,134218000,69206000,0,4.08903,0,4.46076,1.48692,0,6.13376,32,100,1024,0,0,0,10
mtran,4228,33554432,128,1,0,0,0,64,2,64,4,0,38.2922,8388800,9801690,36.6822,8388950,67108900,0.665964,2097150,1.351,0,0,0,0,93.952,99.7096,0,0,0,872415000,167772000,134218000,167772000,0,52428800,0,3.38734,0,0,1.35494,0,4.23437,32,100,1024,0,0,0,28
mtran,3932,33554432,128,1,0,0,0,64,2,64,4,1,40.6629,8388980,8718940,41.6123,8388700,67108900,0.766252,2097150,1.53242,0,0,0,0,93.6452,99.9594,0,0,0,1241530000,167772000,134218000,234881000,67108900,71303200,0,4.98239,0,2.29956,1.53304,0,6.51566,32,100,1024,0,0,0,28
mtran,4216,16777216,128,1,0,0,0,64,2,64,8,0,38.6067,8388690,10143900,36.4638,8388700,67108900,0.660794,2097150,0.33564,0,0,0,0,93.5472,100.264,0,0,0,520094000,167772000,134218000,67108900,0,29360100,0,1.08795,0,0,0.836888,0,2.34372,32,100,1024,0,0,0,28
mtran,3929,16777216,128,1,0,0,0,64,2,64,8,1,40.8718,8388620,8937060,41.3499,8389110,67108900,0.760003,2097150,0.380673,0,0,0,0,93.4228,99.9006,0,0,0,704659000,167772000,134218000,100663000,33554400,38797300,0,1.81,0,1.14316,0.952631,0,3.52535,32,100,1024,0,0,0,28
mtran,4197,8388608,128,1,0,0,0,64,2,64,16,0,38.1505,8388820,10226800,35.8046,8388700,67109000,0.649157,2097150,0.164786,0,0,0,0,95.3727,100.099,0,0,0,385876000,75497500,134218000,33554400,0,20709400,0,0.864268,0,0,0.740802,0,1.62619,32,100,1024,0,0,0,28
mtran,3927,8388608,128,1,0,0,0,64,2,64,16,1,41.4104,8388680,9042530,41.6126,8388700,67108900,0.765401,2097150,0.191309,0,0,0,0,95.2795,99.9194,0,0,0,486556000,75497500,134218000,41943000,16777200,25428000,0,1.29238,0,0.574391,0.861586,0,2.32212,32,100,1024,0,0,0,28
mtran,4612,4194304,128,1,0,0,0,64,2,64,32,0,30.4547,8388620,11654800,26.4997,8388720,67108900,0.48032,2097150,0.0609808,0,0,0,0,96.7031,99.6912,0,0,0,264241000,37748700,134218000,16777200,0,14811100,0,0.44348,0,0,0.519942,0,0.864422,32,100,1024,0,0,0,28
mtran,8801,4194304,128,1,0,0,0,64,2,64,32,1,21.9954,8389680,19033300,14.0397,8388700,67109000,0.251092,2097150,0.0322708,0,0,0,0,96.8153,99.8714,0,0,0,310395000,37748700,134218000,25165800,8388610,17170400,0,0.282733,0,0.0969371,0.274655,0,0.529326,32,100,1024,0,0,0,28
mtran,9576,2097152,128,1,0,0,0,64,2,64,64,0,21.328,8388680,20943000,12.6901,8390140,67108900,0.222226,2097150,0.0145773,0,0,0,0,97.7181,100.109,0,0,0,213910000,20971500,134218000,8388610,0,12124200,0,0.174738,0,0,0.240265,0,0.336925,32,100,1024,0,0,0,28
mtran,8326,2097152,128,1,0,0,0,64,2,64,64,1,22.1556,8388620,18164100,14.555,8389170,67108900,0.25823,2097150,0.0167336,0,0,0,0,97.7012,100.078,0,0,0,239092000,20971500,134218000,10485800,4194300,13303800,0,0.234087,0,0.0501614,0.275888,0,0.424499,32,100,1024,0,0,0,28
mtran,4236,67108864,256,1,0,0,0,64,4,64,4,0,36.6974,8388620,8847520,37.3198,8388700,67108900,0.674277,2097150,1.37363,0,0,0,0,80.0408,100.031,0,0,0,402653000,67108900,134218000,402653000,0,31457300,0,1.37321,0,0,1.37321,0,2.575,32,100,1024,0,0,0,8
mtran,3991,67108864,256,1,0,0,0,64,4,64,4,1,39.423,8388620,8570350,40.6861,8388790,67108900,0.749336,2097150,1.49829,0,0,0,0,80.9944,99.9239,0,0,0,1275100000,67108900,134218000,402653000,134218000,69206000,0,4.12343,0,4.49829,1.49943,0,6.18542,32,100,1024,0,0,0,10
mtran,3974,33554432,256,1,0,0,0,64,4,64,8,0,38.2166,8389160,8630130,39.2513,8388700,67108900,0.715987,2097150,1.44439,0,0,0,0,90.5411,99.7822,0,0,0,872415000,167772000,134218000,167772000,0,52428800,0,3.61885,0,0,1.44754,0,4.52381,32,100,1024,0,0,0,28
mtran,3940,33554432,256,1,0,0,0,64,4,64,8,1,40.0131,8389110,8485990,41.5375,8388700,67109000,0.763958,2097150,1.52778,0,0,0,0,90.4003,99.9221,0,0,0,1241550000,167772000,134218000,234881000,67108900,71303200,0,4.96916,0,2.29346,1.52897,0,6.4984,32,100,1024,0,0,0,28
mtran,3929,16777216,256,1,0,0,0,64,4,64,16,0,39.7926,8389500,8836670,40.5106,8388700,67108900,0.738848,2097150,0.372941,0,0,0,0,89.5982,100.102,0,0,0,520094000,167772000,134218000,67108900,0,29360100,0,1.21082,0,0,0.931402,0,2.60845,32,100,1024,0,0,0,28
mtran,3928,16777216,256,1,0,0,0,64,4,64,16,1,40.0243,8388620,8436900,41.6863,8388700,67108900,0.767781,2097150,0.383766,0,0,0,0,89.7942,99.9149,0,0,0,704676000,167772000,134218000,100663000,33554400,38797300,0,1.82444,0,1.15228,0.960233,0,3.55352,32,100,1024,0,0,0,28
mtran,3930,8388608,256,1,0,0,0,64,4,64,32,0,41.5822,8389020,9187010,41.4663,8388700,67109000,0.763056,2097150,0.190713,0,0,0,0,92.8747,99.9604,0,0,0,385876000,75497500,134218000,33554400,0,20709400,0,1.00164,0,0,0.858547,0,1.8847,32,100,1024,0,0,0,28
mtran,3935,8388608,256,1,0,0,0,64,4,64,32,1,40.4933,8388620,8806140,41.0051,8389130,67108900,0.75539,2097150,0.188864,0,0,0,0,92.8288,99.8998,0,0,0,486572000,75497500,134218000,41943000,16777200,25428000,0,1.27611,0,0.56716,0.850739,0,2.29293,32,100,1024,0,0,0,28
mtran,3941,4194304,256,1,0,0,0,64,4,64,64,0,41.2518,8388620,9161170,41.1148,8388700,67108900,0.757543,2097150,0.0945039,0,0,0,0,96.0756,99.7491,0,0,0,264241000,37748700,134218000,16777200,0,14811100,0,0.686877,0,0,0.805304,0,1.33889,32,100,1024,0,0,0,28
mtran,3929,4194304,256,1,0,0,0,64,4,64,64,1,41.0615,8388950,8864800,41.6553,8389500,67109000,0.767652,2097150,0.0958676,0,0,0,0,96.0075,99.8695,0,0,0,310411000,37748700,134218000,25165800,8388610,17170400,0,0.839938,0,0.287979,0.81594,0,1.57254,32,100,1024,0,0,0,28
mtran,3999,67108864,512,1,0,0,0,64,8,64,8,0,33.8023,8388620,8389360,35.2872,8388700,67108900,0.644144,2097150,1.29917,0,0,0,0,75.1525,100.113,0,0,0,402653000,67108900,134218000,402653000,0,31457300,0,1.29771,0,0,1.29771,0,2.43343,32,100,1024,0,0,0,8
mtran,3990,67108864,512,1,0,0,0,64,8,64,8,1,39.0381,8388740,8388860,40.7073,8388700,67108900,0.746541,2097150,1.49705,0,0,0,0,74.9951,100.076,0,0,0,1275130000,67108900,134218000,402653000,134218000,69206000,0,4.11373,0,4.48771,1.4959,0,6.17086,32,100,1024,0,0,0,10
mtran,3939,33554432,512,1,0,0,0,64,8,64,16,0,39.7811,8388620,8412500,41.4917,8388700,67108900,0.764351,2097150,1.52788,0,0,0,0,85.4113,99.9105,0,0,0,872415000,167772000,134218000,167772000,0,52428800,0,3.82311,0,0,1.52924,0,4.77916,32,100,1024,0,0,0,28
mtran,3931,33554432,512,1,0,0,0,64,8,64,16,1,39.8662,8388620,8388410,41.6356,8389140,67108900,0.765802,2097150,1.53135,0,0,0,0,85.2396,99.9441,0,0,0,1241580000,167772000,134218000,234881000,67108900,71303200,0,4.97966,0,2.2983,1.5322,0,6.51213,32,100,1024,0,0,0,28
mtran,3927,16777216,512,1,0,0,0,64,8,64,32,0,40.5363,8388630,8657420,41.6835,8388700,67108900,0.767775,2097150,0.383728,0,0,0,0,79.7184,99.9041,0,0,0,520094000,167772000,134218000,67108900,0,29360100,0,1.24831,0,0,0.960242,0,2.68922,32,100,1024,0,0,0,28
mtran,3929,16777216,512,1,0,0,0,64,8,64,32,1,39.9094,8388620,8395020,41.6791,8389140,67108900,0.767638,2097150,0.383696,0,0,0,0,80.9922,99.9092,0,0,0,704708000,167772000,134218000,100663000,33554400,38797300,0,1.82421,0,1.15213,0.960112,0,3.55309,32,100,1024,0,0,0,28
mtran,3928,8388608,512,1,0,0,0,64,8,64,64,0,40.1384,8388620,8470920,41.6531,8388950,67108900,0.767688,2097150,0.191723,0,0,0,0,89.077,99.8563,0,0,0,385876000,75497500,134218000,33554400,0,20709400,0,1.008,0,0,0.863996,0,1.89666,32,100,1024,0,0,0,28
mtran,3930,8388608,512,1,0,0,0,64,8,64,64,1,40.0011,8388620,8415990,41.7131,8388700,67108900,0.767739,2097150,0.191742,0,0,0,0,88.5274,99.8413,0,0,0,486604000,75497500,134218000,41943000,16777200,25428000,0,1.29632,0,0.576141,0.864211,0,2.32924,32,100,1024,0,0,0,28
mtran,3941,67108864,1024,1,0,0,0,64,16,64,16,0,39.542,8388980,8389300,41.3734,8388700,67108900,0.798387,2097150,1.52145,0,0,0,0,61.3356,88.3018,0,0,0,402653000,67108900,134218000,402653000,0,31457300,0,1.72301,0,0,1.72301,0,3.23095,32,100,1024,0,0,0,8
mtran,3953,67108864,1024,1,0,0,0,64,16,64,16,1,39.2848,8389100,8388860,41.0548,8388700,67108900,0.792234,2097150,1.51177,0,0,0,0,63.3997,89.8519,0,0,0,1275200000,67108900,134218000,402653000,134218000,69206000,0,4.6269,0,5.04753,1.68251,0,6.94065,32,100,1024,0,0,0,10
mtran,3940,33554432,1024,1,0,0,0,64,16,64,32,0,39.8586,8389290,8388630,41.567,8390120,67108900,0.783538,2097150,1.53065,0,0,0,0,74.2055,93.7887,0,0,0,872415000,167772000,134218000,167772000,0,52428800,0,4.08006,0,0,1.63202,0,5.10036,32,100,1024,0,0,0,28
mtran,3956,33554432,1024,1,0,0,0,64,16,64,32,1,39.2464,8389830,8388590,41.0253,8389680,67108900,0.77249,2097150,1.50882,0,0,0,0,74.2457,93.6924,0,0,0,1241640000,167772000,134218000,234881000,67108900,71303200,0,5.23381,0,2.4156,1.6104,0,6.84449,32,100,1024,0,0,0,28
mtran,3963,16777216,1024,1,0,0,0,64,16,64,64,0,39.784,8388630,8388620,41.6164,8388700,67108900,0.774238,2097150,0.382578,0,0,0,0,75.4466,96.0652,0,0,0,520094000,167772000,134218000,67108900,0,29360100,0,1.29431,0,0,0.99562,0,2.7883,32,100,1024,0,0,0,28
mtran,3940,16777216,1024,1,0,0,0,64,16,64,64,1,39.8112,8389350,8388780,41.5977,8388700,67109000,0.773736,2097150,0.382369,0,0,0,0,79.3517,96.1017,0,0,0,704773000,167772000,134218000,100663000,33554400,38797300,0,1.88993,0,1.19364,0.994698,0,3.68108,32,100,1024,0,0,0,28
mtran,2949,67108864,32,1,0,1,0,1,32,1,32,0,50.6957,8388920,8388530,49.2536,61867900,8388630,0.973591,2097150,4.86979,2097150,2097150,0,0,43.5753,99.9422,0,0,0,2751460000,939524000,268435000,335544000,0,144703000,0,8.77068,0,0,2.92356,0,16.8106,32,100,1024,128,0,0,52
mtran,30401,67108864,32,1,0,1,0,1,32,1,32,1,34.6756,134219000,8388730,4.2329,67112900,8388850,0.0778321,2097150,0.389178,2097150,2097150,0,0,49.5147,100.001,0,0,0,3557030000,939524000,268435000,402653000,134218000,182452000,0,0.972931,0,0.467007,0.233504,0,1.69291,32,100,1024,128,0,0,52
mtran,2444,67108864,64,1,0,1,0,1,64,1,64,0,63.5998,8388620,8388530,55.02,54212900,8388630,1.22443,2097150,5.50617,2097150,2097150,0,0,90.4593,99.9192,0,0,0,2751460000,939524000,268435000,335544000,0,144703000,0,11.0213,0,0,3.67375,0,21.1243,32,100,1024,256,0,0,52
mtran,28981,67108864,64,1,0,1,0,1,64,1,64,1,36.3425,134219000,8388620,4.45329,67109400,8388730,0.081933,2097150,0.367573,2097150,2097150,0,0,98.7045,99.4625,0,0,0,3557290000,939524000,268435000,402653000,134218000,182452000,0,1.02655,0,0.492746,0.246373,0,1.78622,32,100,1024,256,0,0,52
mtran,2810,67108864,32,1,0,1,0,2,16,2,16,0,48.9815,8388620,8387670,23.9056,27101600,8388630,0.93588,2097150,4.69751,2097150,2097150,0,0,42.26,99.1106,0,0,0,2885680000,939524000,268435000,335544000,0,150995000,0,9.47933,0,0,2.8438,0,17.0629,32,100,1024,128,0,0,52
mtran,17723,67108864,32,1,0,1,0,2,16,2,16,1,31.6209,67108800,8388640,4.05429,33556400,8388680,0.13411,2097150,0.670945,2097150,2097150,0,0,49.1621,100.002,0,0,0,3489790000,939524000,268435000,603980000,134218000,188744000,0,1.61024,0,0.805118,0.402559,0,3.01921,32,100,1024,128,0,0,52
mtran,2285,33554432,32,1,0,1,0,2,16,2,32,0,63.4283,8389220,8388490,34.1293,30354200,8388630,1.21652,2097150,6.70474,4194300,2097150,0,0,45.7477,99.8308,0,0,0,1912600000,503316000,268435000,201327000,0,105906000,0,10.99,0,0,3.66333,0,15.4167,32,100,1024,256,0,0,52
mtran,16186,33554432,32,1,0,1,0,2,16,2,32,1,34.5019,67109100,8388780,4.43846,33554500,8388780,0.14633,2097150,0.807224,4194300,2097150,0,0,49.5408,100.295,0,0,0,2281830000,503316000,268435000,268435000,67108900,124781000,0,1.53653,0,0.439008,0.439008,0,2.17678,32,100,1024,256,0,0,52
mtran,1778,67108864,64,1,0,1,0,2,32,2,32,0,71.7253,8388620,8388260,39.8564,31700800,8388630,1.36775,2097150,7.59315,4194300,2097150,0,0,90.7356,99.728,0,0,0,2885680000,939524000,268435000,335544000,0,150995000,0,13.8434,0,0,4.15301,0,24.9184,32,100,1024,256,0,0,52
mtran,16172,67108864,64,1,0,1,0,2,32,2,32,1,34.5281,67109500,8388680,4.45935,33555400,8388680,0.14714,2097150,0.811017,4194300,2097150,0,0,99.0405,99.9738,0,0,0,3489920000,939524000,268435000,603980000,134218000,188744000,0,1.76996,0,0.884978,0.442489,0,3.3187,32,100,1024,256,0,0,52
mtran,1516,33554432,64,1,0,1,0,2,32,2,64,0,87.0688,8388620,8387890,48.0689,31462500,8388630,1.67135,2097150,8.79568,4194300,2097150,0,0,94.2794,99.9991,0,0,0,1912600000,503316000,268435000,201327000,0,105906000,0,15.0784,0,0,5.02615,0,21.1523,32,100,1024,512,0,0,52
mtran,19909,33554432,64,1,0,1,0,2,32,2,64,1,28.0464,67109600,8388610,3.59355,33555100,8388740,0.119124,2097150,0.624877,4194300,2097150,0,0,99.5553,100.04,0,0,0,2281960000,503316000,268435000,268435000,67108900,124781000,0,1.24925,0,0.35693,0.35693,0,1.76982,32,100,1024,512,0,0,52
mtran,1700,67108864,128,1,0,1,0,2,64,2,64,0,82.4848,8389290,8388730,47.6913,33369600,8388630,1.59022,2097150,8.33473,4194300,2097150,0,0,89.092,99.7869,0,0,0,2885680000,939524000,268435000,335544000,0,150995000,0,15.9096,0,0,4.77288,0,28.6377,32,100,1024,512,0,0,52
mtran,16200,67108864,128,1,0,1,0,2,64,2,64,1,34.4676,67109600,8388690,4.43477,33555400,8388680,0.147031,2097150,0.768865,4194300,2097150,0,0,99.0403,99.9091,0,0,0,3490190000,939524000,268435000,603980000,134218000,188744000,0,1.759,0,0.879502,0.439751,0,3.29818,32,100,1024,512,0,0,52
mtran,3751,67108864,32,1,0,1,0,4,8,4,8,0,34.6868,8388620,8380740,10.9612,14426600,8388680,0.668686,2097150,3.33433,2097150,2097150,0,0,43.6608,96.4801,0,0,0,2885680000,939524000,268435000,335544000,0,150995000,0,6.91195,0,0,2.07358,0,12.4416,32,100,1024,128,0,0,52
mtran,4183,67108864,32,1,0,1,0,4,8,4,8,1,37.0822,12204000,8388590,10.422,16757000,8388630,0.581151,2097150,2.87981,2097150,2097150,0,0,45.5008,97.6273,0,0,0,3489730000,939524000,268435000,603980000,134218000,188744000,0,7.07952,0,3.53976,1.76988,0,13.2742,32,100,1024,128,0,0,52
mtran,2593,33554432,32,1,0,1,0,4,8,4,16,0,49.8688,8389290,8386540,16.2386,15157200,8388630,0.944222,2097150,5.26327,4194300,2097150,0,0,46.2628,99.5679,0,0,0,1979710000,503316000,268435000,201327000,0,109052000,0,8.65001,0,0,2.88334,0,12.4946,32,100,1024,256,0,0,52
mtran,8962,33554432,32,1,0,1,0,4,8,4,16,1,31.5158,29997100,8388590,4.7822,16774800,8388680,0.262919,2097150,1.44948,4194300,2097150,0,0,49.1199,100.198,0,0,0,2348880000,503316000,268435000,268435000,67108900,127926000,0,2.82747,0,0.789062,0.789062,0,4.01112,32,100,1024,256,0,0,52
mtran,1754,16777216,32,1,0,1,0,4,8,4,32,0,71.6925,8388810,8388480,24.6075,16459900,8388630,1.38238,2097150,7.91313,8388610,2097150,0,0,47.7959,100.174,0,0,0,1073740000,352322000,268435000,100663000,0,60293100,0,4.80832,0,0,3.09106,0,9.87471,32,100,1024,512,0,0,52
mtran,8933,16777216,32,1,0,1,0,4,8,4,32,1,34.7982,33552900,8388600,4.82823,16778200,8388630,0.26672,2097150,1.5294,8388610,2097150,0,0,49.5621,99.937,0,0,0,1241580000,352322000,268435000,150995000,33554400,69730300,0,1.13114,0,0.399226,0.59884,0,2.21247,32,100,1024,512,0,0,52
mtran,2376,67108864,64,1,0,1,0,4,16,4,16,0,54.7677,8388810,8383240,17.7686,15059200,8388630,1.02635,2097150,5.79991,4194300,2097150,0,0,92.0092,100.074,0,0,0,2885680000,939524000,268435000,335544000,0,150995000,0,10.5375,0,0,3.16125,0,18.9677,32,100,1024,256,0,0,52
mtran,8949,67108864,64,1,0,1,0,4,16,4,16,1,31.7061,30190700,8388690,4.79687,16776500,8388630,0.264103,2097150,1.45578,4194300,2097150,0,0,98.0575,100.043,0,0,0,3489790000,939524000,268435000,603980000,134218000,188744000,0,3.1749,0,1.58745,0.793725,0,5.953,32,100,1024,256,0,0,52
mtran,1820,33554432,64,1,0,1,0,4,16,4,32,0,70.4147,8388620,8388340,23.5293,15831800,8388630,1.34217,2097150,9.78865,8388610,2097150,0,0,95.3229,99.8558,0,0,0,1979710000,503316000,268435000,201327000,0,109052000,0,12.169,0,0,4.05632,0,17.5779,32,100,1024,512,0,0,52
mtran,8917,33554432,64,1,0,1,0,4,16,4,32,1,34.8534,33554300,8388570,4.8562,16777700,8388630,0.266786,2097150,1.94064,8388610,2097150,0,0,98.9964,99.98,0,0,0,2348940000,503316000,268435000,268435000,67108900,127926000,0,2.87807,0,0.803183,0.803183,0,4.08294,32,100,1024,512,0,0,52
mtran,1528,16777216,64,1,0,1,0,4,16,4,64,0,84.971,8388680,8388650,27.0123,14551500,8388630,1.54333,2097150,9.20294,8388610,2097150,0,0,95.1762,99.9039,0,0,0,1073740000,352322000,268435000,100663000,0,60293100,0,5.73178,0,0,3.68472,0,11.7718,32,100,1024,1024,0,0,52
mtran,8711,16777216,64,1,0,1,0,4,16,4,64,1,35.5396,33555100,8388400,4.95504,16778500,8388630,0.272221,2097150,1.53658,8388610,2097150,0,0,95.2776,99.892,0,0,0,1241640000,352322000,268435000,150995000,33554400,69730300,0,1.16223,0,0.410197,0.615296,0,2.27337,32,100,1024,1024,0,0,52
mtran,1758,67108864,128,1,0,1,0,4,32,4,32,0,72.882,8388690,8387460,25.1565,16610500,8388680,1.39198,2097150,10.1359,8388610,2097150,0,0,90.6159,99.8594,0,0,0,2885680000,939524000,268435000,335544000,0,150995000,0,14.0002,0,0,4.20007,0,25.2008,32,100,1024,512,0,0,52
mtran,8933,67108864,128,1,0,1,0,4,32,4,32,1,34.8749,33554800,8388640,4.83702,16778200,8388760,0.266695,2097150,1.93204,8388610,2097150,0,0,98.2583,99.9731,0,0,0,3489920000,939524000,268435000,603980000,134218000,188744000,0,3.19872,0,1.59936,0.79968,0,5.99768,32,100,1024,512,0,0,52
mtran,1420,33554432,128,1,0,1,0,4,32,4,64,0,86.9974,8388620,8388610,30.071,16632900,8388630,1.65524,2097150,11.8965,8388610,2097150,0,0,94.3669,99.9581,0,0,0,1979710000,503316000,268435000,201327000,0,109052000,0,15.0335,0,0,5.01116,0,21.7158,32,100,1024,1024,0,0,52
mtran,9267,33554432,128,1,0,1,0,4,32,4,64,1,33.5288,33554400,8388680,4.65135,16777300,8388630,0.257262,2097150,1.82824,8388610,2097150,0,0,99.1378,99.9515,0,0,0,2349070000,503316000,268435000,268435000,67108900,127926000,0,2.75974,0,0.77016,0.77016,0,3.91509,32,100,1024,1024,0,0,52
mtran,1655,67108864,256,1,0,1,0,4,64,4,64,0,83.9664,8388620,8388540,29.2066,16756300,8388630,1.61164,2097150,11.4988,8388610,2097150,0,0,88.5306,99.9363,0,0,0,2885680000,939524000,268435000,335544000,0,150995000,0,16.1489,0,0,4.84467,0,29.0686,32,100,1024,1024,0,0,52
mtran,8702,67108864,256,1,0,1,0,4,64,4,64,1,35.573,33554600,8388650,4.96552,16777700,8388630,0.273647,2097150,1.94864,8388610,2097150,0,0,98.1038,99.9884,0,0,0,3490180000,939524000,268435000,603980000,134218000,188744000,0,3.28229,0,1.64115,0.820573,0,6.15439,32,100,1024,1024,0,0,52
mtran,3534,67108864,32,1,0,1,0,8,4,8,4,0,38.2531,8389760,8399620,13.2778,8388700,16777200,0.718819,2097150,3.66384,2097150,2097150,0,0,43.0696,96.7425,0,0,0,2885680000,939524000,268435000,335544000,0,150995000,0,7.57441,0,0,2.27232,0,13.634,32,100,1024,128,0,0,52
mtran,3621,67108864,32,1,0,1,0,8,4,8,4,1,37.0746,8445760,8414510,12.8435,8388950,16777200,0.710902,2097150,3.54352,2097150,2097150,0,0,44.1862,97.9948,0,0,0,3489690000,939524000,268435000,603980000,134218000,188744000,0,8.67845,0,4.33923,2.16961,0,16.2722,32,100,1024,128,0,0,52
mtran,3368,33554432,32,1,0,1,0,8,4,8,8,0,38.9693,8388620,8379090,9.05034,8389600,8388630,0.732825,2097150,4.1218,4194300,2097150,0,0,47.0813,99.8085,0,0,0,1979710000,503316000,268435000,201327000,0,109052000,0,6.75771,0,0,2.25257,0,9.76128,32,100,1024,256,0,0,52
mtran,3290,33554432,32,1,0,1,0,8,4,8,8,1,39.003,8472960,8388520,8.98605,8389620,8388630,0.740364,2097150,4.08551,4194300,2097150,0,0,47.3216,99.7638,0,0,0,2348840000,503316000,268435000,268435000,67108900,127926000,0,8.00423,0,2.23374,2.23374,0,11.355,32,100,1024,256,0,0,52
mtran,2366,16777216,32,1,0,1,0,8,4,8,16,0,55.6759,8388620,8388210,12.9185,8388700,8388630,1.01624,2097150,6.14758,8388610,2097150,0,0,48.3444,99.7908,0,0,0,1107300000,352322000,268435000,100663000,0,61866000,0,3.74985,0,0,2.41062,0,7.90184,32,100,1024,512,0,0,52
mtran,3336,16777216,32,1,0,1,0,8,4,8,16,1,41.8258,10147500,8388760,8.75766,8388700,8388630,0.723427,2097150,4.16374,8388610,2097150,0,0,48.8175,99.981,0,0,0,1275100000,352322000,268435000,150995000,33554400,71303200,0,2.9876,0,1.0864,1.6296,0,6.15652,32,100,1024,512,0,0,52
mtran,1838,8388608,32,1,0,1,0,8,4,8,32,0,68.2156,8388620,8388280,15.7941,8388700,8388630,1.33708,2097150,12.2591,16777200,2097150,0,0,48.9525,99.5684,0,0,0,713032000,167772000,268435000,41943000,0,39845900,0,2.95493,0,0,2.79077,0,6.23854,32,100,1024,1024,0,0,52
mtran,4641,8388608,32,1,0,1,0,8,4,8,32,1,37.8694,15334900,8388670,6.18516,8388700,8388630,0.511975,2097150,4.79692,16777200,2097150,0,0,49.5573,99.9229,0,0,0,813728000,167772000,268435000,50331600,16777200,44564500,0,1.37618,0,0.38405,1.08814,0,2.72049,32,100,1024,1024,0,0,52
mtran,3272,67108864,64,1,0,1,0,8,8,8,8,0,39.9389,8389170,8375900,9.28917,8388700,8388680,0.750008,2097150,4.2284,4194300,2097150,0,0,93.9446,99.9633,0,0,0,2885680000,939524000,268435000,335544000,0,150995000,0,7.69083,0,0,2.30725,0,13.8437,32,100,1024,256,0,0,52
mtran,3232,67108864,64,1,0,1,0,8,8,8,8,1,39.793,8506360,8388580,9.17298,8388700,8388630,0.748266,2097150,4.16958,4194300,2097150,0,0,93.9361,99.8829,0,0,0,3489730000,939524000,268435000,603980000,134218000,188744000,0,9.10793,0,4.55396,2.27698,0,17.0775,32,100,1024,256,0,0,52
mtran,2398,33554432,64,1,0,1,0,8,8,8,16,0,54.8699,8389170,8386520,12.7085,8388700,8388630,1.00756,2097150,7.62945,8388610,2097150,0,0,96.3391,99.9282,0,0,0,1979710000,503316000,268435000,201327000,0,109052000,0,9.47784,0,0,3.15928,0,13.6906,32,100,1024,512,0,0,52
mtran,3302,33554432,64,1,0,1,0,8,8,8,16,1,41.8131,10052200,8388210,8.81024,8388700,8388630,0.725993,2097150,5.27971,8388610,2097150,0,0,97.1118,99.9739,0,0,0,2348880000,503316000,268435000,268435000,67108900,127926000,0,7.83058,0,2.18528,2.18528,0,11.1088,32,100,1024,512,0,0,52
mtran,1845,16777216,64,1,0,1,0,8,8,8,32,0,68.213,8389270,8388560,15.7515,8388700,8388630,1.32655,2097150,12.5557,16777200,2097150,0,0,95.5209,99.611,0,0,0,1107300000,352322000,268435000,100663000,0,61866000,0,4.58352,0,0,2.94655,0,9.65905,32,100,1024,1024,0,0,52
mtran,4634,16777216,64,1,0,1,0,8,8,8,32,1,37.8414,15320500,8388620,6.21943,8388700,8388630,0.512839,2097150,4.95472,16777200,2097150,0,0,98.1717,100.408,0,0,0,1275130000,352322000,268435000,150995000,33554400,71303200,0,2.11482,0,0.769026,1.15354,0,4.35819,32,100,1024,1024,0,0,52
mtran,1691,8388608,64,1,0,1,0,8,8,8,64,0,80.7281,8404610,8389320,18.6913,8388700,8388680,1.40505,2097150,14.413,16777200,2097150,0,0,95.0054,99.7554,0,0,0,713032000,167772000,268435000,41943000,0,39845900,0,3.49087,0,0,3.29693,0,7.37044,32,100,1024,2048,0,0,52
mtran,4684,8388608,64,1,0,1,0,8,8,8,64,1,39.6847,16774000,8388210,6.11608,8389220,8388630,0.508947,2097150,4.71177,16777200,2097150,0,0,93.4605,99.9154,0,0,0,813760000,167772000,268435000,50331600,16777200,44564500,0,1.36092,0,0.379793,1.07608,0,2.69047,32,100,1024,2048,0,0,52
mtran,2354,67108864,128,1,0,1,0,8,16,8,16,0,55.1694,8388620,8382180,12.8121,8388700,8388630,1.03604,2097150,7.69029,8388610,2097150,0,0,92.9781,99.8591,0,0,0,2885680000,939524000,268435000,335544000,0,150995000,0,10.6223,0,0,3.18668,0,19.1204,32,100,1024,512,0,0,52
mtran,3346,67108864,128,1,0,1,0,8,16,8,16,1,41.5066,10176300,8388450,8.71298,8388700,8388630,0.716078,2097150,5.22505,8388610,2097150,0,0,95.237,99.8956,0,0,0,3489790000,939524000,268435000,603980000,134218000,188744000,0,8.65739,0,4.3287,2.16435,0,16.2328,32,100,1024,512,0,0,52
mtran,1820,33554432,128,1,0,1,0,8,16,8,32,0,70.4954,8388620,8388420,16.3543,8389260,8388630,1.33946,2097150,15.0629,16777200,2097150,0,0,95.1837,99.9173,0,0,0,1979710000,503316000,268435000,201327000,0,109052000,0,12.1958,0,0,4.06526,0,17.6167,32,100,1024,1024,0,0,52
mtran,4741,33554432,128,1,0,1,0,8,16,8,32,1,37.5687,15702400,8388740,6.05379,8389130,8388680,0.500391,2097150,5.56375,16777200,2097150,0,0,98.2718,99.863,0,0,0,2348940000,503316000,268435000,268435000,67108900,127926000,0,5.38358,0,1.5024,1.5024,0,7.63739,32,100,1024,1024,0,0,52
mtran,1571,16777216,128,1,0,1,0,8,16,8,64,0,84.5226,8388980,8388950,19.6504,8388700,8388630,1.51836,2097150,15.5538,16777200,2097150,0,0,96.4284,100.034,0,0,0,1107300000,352322000,268435000,100663000,0,61866000,0,5.69093,0,0,3.65846,0,11.9929,32,100,1024,2048,0,0,52
mtran,4682,16777216,128,1,0,1,0,8,16,8,64,1,39.745,16778600,8388370,6.14805,8389180,8388650,0.506679,2097150,4.86579,16777200,2097150,0,0,98.5874,100.214,0,0,0,1275200000,352322000,268435000,150995000,33554400,71303200,0,2.09449,0,0.761632,1.14245,0,4.31633,32,100,1024,2048,0,0,52
mtran,1776,67108864,256,1,0,1,0,8,32,8,32,0,72.5426,8388980,8387980,16.8013,8388700,8388720,1.38369,2097150,15.4793,16777200,2097150,0,0,89.6376,99.9021,0,0,0,2885680000,939524000,268435000,335544000,0,150995000,0,13.9276,0,0,4.17827,0,25.0701,32,100,1024,1024,0,0,52
mtran,4781,67108864,256,1,0,1,0,8,32,8,32,1,37.4805,15836300,8388590,6.03289,8388700,8388630,0.498712,2097150,5.54871,16777200,2097150,0,0,96.3408,99.9082,0,0,0,3489920000,939524000,268435000,603980000,134218000,188744000,0,5.99063,0,2.99531,1.49766,0,11.2326,32,100,1024,1024,0,0,52
mtran,1495,33554432,256,1,0,1,0,8,32,8,64,0,86.603,8388620,8389030,20.105,8389420,8388630,1.64922,2097150,18.4177,16777200,2097150,0,0,93.4717,100.024,0,0,0,1979710000,503316000,268435000,201327000,0,109052000,0,14.9803,0,0,4.99342,0,21.639,32,100,1024,2048,0,0,52
mtran,4728,33554432,256,1,0,1,0,8,32,8,64,1,39.3973,16777400,8388550,6.0756,8390350,8388710,0.501993,2097150,5.55443,16777200,2097150,0,0,98.1151,99.9614,0,0,0,2349070000,503316000,268435000,268435000,67108900,127926000,0,5.39961,0,1.50687,1.50687,0,7.66015,32,100,1024,2048,0,0,52
mtran,1847,67108864,512,1,0,1,0,8,64,8,64,0,78.7961,8388620,8388280,18.3096,8388870,8388630,1.53235,2097150,16.7582,16777200,2097150,0,0,88.1027,98.3802,0,0,0,2885680000,939524000,268435000,335544000,0,150995000,0,15.3981,0,0,4.61943,0,27.7171,32,100,1024,2048,0,0,52
mtran,4687,67108864,512,1,0,1,0,8,64,8,64,1,39.6931,16777300,8388480,6.12203,8389420,8388680,0.510485,2097150,5.59634,16777200,2097150,0,0,96.2403,99.2718,0,0,0,3490180000,939524000,268435000,603980000,134218000,188744000,0,6.11514,0,3.05757,1.52879,0,11.4661,32,100,1024,2048,0,0,52
mtran,3625,67108864,32,1,0,1,0,16,2,16,2,0,41.0966,8388620,8517460,23.6095,8388700,33554300,0.748149,2097150,3.91178,2097150,2097150,0,0,45.1587,99.932,0,0,0,2818570000,939524000,268435000,335544000,0,148898000,0,7.046,0,0,2.34867,0,13.8964,32,100,1024,128,0,0,52
mtran,3642,67108864,32,1,0,1,0,16,2,16,2,1,36.401,8388620,8467340,20.9875,8389600,33554400,0.69476,2097150,3.47431,2097150,2097150,0,0,45.6504,100.003,0,0,0,3422570000,939524000,268435000,603980000,134218000,186647000,0,8.33812,0,4.16906,2.08453,0,15.4603,32,100,1024,128,0,0,52
mtran,3177,33554432,32,1,0,1,0,16,2,16,4,0,42.4591,8388630,8393720,14.6967,8389250,16777400,0.773641,2097150,4.46441,4194300,2097150,0,0,47.4438,99.9655,0,0,0,1979710000,503316000,268435000,201327000,0,109052000,0,7.30791,0,0,2.43597,0,10.556,32,100,1024,256,0,0,52
mtran,3186,33554432,32,1,0,1,0,16,2,16,4,1,40.0639,8388620,8391520,13.9177,8388700,16777200,0.766891,2097150,4.22041,4194300,2097150,0,0,47.5305,99.9472,0,0,0,2348830000,503316000,268435000,268435000,67108900,127926000,0,8.25333,0,2.30326,2.30326,0,11.7084,32,100,1024,256,0,0,52
mtran,2815,16777216,32,1,0,1,0,16,2,16,8,0,46.4453,8388620,8378670,10.7793,8388700,8388630,0.863111,2097150,5.13097,8388610,2097150,0,0,48.6129,100.203,0,0,0,1107300000,352322000,268435000,100663000,0,61866000,0,3.11686,0,0,2.0037,0,6.56798,32,100,1024,512,0,0,52
mtran,3274,16777216,32,1,0,1,0,16,2,16,8,1,40.0059,8388720,8388110,9.24199,8388700,8388630,0.73921,2097150,4.39709,8388610,2097150,0,0,48.8067,99.8454,0,0,0,1275080000,352322000,268435000,150995000,33554400,71303200,0,3.15932,0,1.14884,1.72326,0,6.51038,32,100,1024,512,0,0,52
mtran,2259,8388608,32,1,0,1,0,16,2,16,16,0,59.4884,8388620,8388910,13.8664,8388700,8388630,1.06867,2097150,10.7608,16777200,2097150,0,0,49.1526,100.512,0,0,0,721420000,167772000,268435000,50331600,0,40632300,0,2.64081,0,0,2.42669,0,5.53184,32,100,1024,1024,0,0,52
mtran,3041,8388608,32,1,0,1,0,16,2,16,16,1,42.349,8388820,8388710,9.75358,8388700,8388630,0.79233,2097150,7.57923,16777200,2097150,0,0,49.3374,99.9079,0,0,0,830489000,167772000,268435000,50331600,16777200,45350900,0,2.22529,0,0.606898,1.71954,0,4.37494,32,100,1024,1024,0,0,52
mtran,1966,4194304,32,1,0,1,0,16,2,16,32,0,63.342,8388620,8386690,14.6388,8388700,8388630,1.22766,2097150,20.8301,33554400,2097150,0,0,49.447,99.8173,0,0,0,499122000,83886100,268435000,20971500,0,28835800,0,1.93506,0,0,2.50419,0,4.17397,32,100,1024,2048,0,0,52
mtran,2634,4194304,32,1,0,1,0,16,2,16,32,1,47.4984,8389050,8388880,10.9521,8388700,8388650,0.908028,2097150,15.5816,33554400,2097150,0,0,49.5672,99.6666,0,0,0,545276000,83886100,268435000,29360100,8388610,31195100,0,1.70549,0,0.341099,1.87604,0,3.38281,32,100,1024,2048,0,0,52
mtran,2997,67108864,64,1,0,1,0,16,4,16,4,0,44.9014,8388620,8386360,15.6057,8388700,16777200,0.820678,2097150,4.73985,4194300,2097150,0,0,93.3539,100.219,0,0,0,2885680000,939524000,268435000,335544000,0,150995000,0,8.59909,0,0,2.57973,0,15.4786,32,100,1024,256,0,0,52
mtran,3005,67108864,64,1,0,1,0,16,4,16,4,1,43.2775,8388620,8391250,15.0475,8389540,16777200,0.827314,2097150,4.56412,4194300,2097150,0,0,94.1191,99.9951,0,0,0,3489690000,939524000,268435000,603980000,134218000,188744000,0,9.95857,0,4.97928,2.48964,0,18.6725,32,100,1024,256,0,0,52
mtran,2917,33554432,64,1,0,1,0,16,4,16,8,0,45.3747,8388820,8378300,10.4771,8388700,8388630,0.847771,2097150,6.29073,8388610,2097150,0,0,96.7545,99.4113,0,0,0,1979710000,503316000,268435000,201327000,0,109052000,0,7.85543,0,0,2.61848,0,11.3471,32,100,1024,512,0,0,52
mtran,3263,33554432,64,1,0,1,0,16,4,16,8,1,39.2575,8388730,8388680,9.06152,8388700,8388630,0.742295,2097150,5.43283,8388610,2097150,0,0,96.9687,99.8596,0,0,0,2348840000,503316000,268435000,268435000,67108900,127926000,0,8.0669,0,2.25123,2.25123,0,11.444,32,100,1024,512,0,0,52
mtran,2247,16777216,64,1,0,1,0,16,4,16,16,0,60.3092,8388660,8388440,13.9609,8388700,8388680,1.08157,2097150,11.1273,16777200,2097150,0,0,96.2635,99.8912,0,0,0,1107300000,352322000,268435000,100663000,0,61866000,0,4.05071,0,0,2.60403,0,8.53625,32,100,1024,1024,0,0,52
mtran,3038,16777216,64,1,0,1,0,16,4,16,16,1,42.368,8388690,8388660,9.83221,8388700,8388680,0.798541,2097150,7.8338,16777200,2097150,0,0,98.162,99.9299,0,0,0,1275100000,352322000,268435000,150995000,33554400,71303200,0,3.3597,0,1.22171,1.83256,0,6.92362,32,100,1024,1024,0,0,52
mtran,1961,8388608,64,1,0,1,0,16,4,16,32,0,63.0785,8388830,8385800,14.7382,8388700,8388630,1.234,2097150,21.1195,33554400,2097150,0,0,93.6511,100.641,0,0,0,721420000,167772000,268435000,50331600,0,40632300,0,2.80306,0,0,2.57578,0,5.87212,32,100,1024,2048,0,0,52
mtran,2594,8388608,64,1,0,1,0,16,4,16,32,1,48.1659,8388980,8387980,11.1368,8388700,8388630,0.924423,2097150,15.9533,33554400,2097150,0,0,94.6906,99.4367,0,0,0,830505000,167772000,268435000,50331600,16777200,45350900,0,2.54845,0,0.695031,1.96925,0,5.01052,32,100,1024,2048,0,0,52
mtran,1838,4194304,64,1,0,1,0,16,4,16,64,0,75.4986,8388620,8387580,17.4926,8388700,8388630,1.31186,2097150,25.1268,33920700,2141300,0,0,95.1286,99.8514,0,0,0,499122000,83886100,268435000,20971500,0,28835800,0,2.31129,0,0,2.99109,0,4.98593,32,100,1024,4096,0,0,52
mtran,2798,4194304,64,1,0,1,0,16,4,16,64,1,44.7449,8388630,8388370,10.3668,8388700,8388670,0.853708,2097150,14.8639,33939200,2123310,0,0,95.8342,99.8823,0,0,0,545292000,83886100,268435000,29360100,8388610,31195100,0,1.60802,0,0.321604,1.76882,0,3.1897,32,100,1024,4096,0,0,52
mtran,3219,67108864,128,1,0,1,0,16,8,16,8,0,40.6976,8389190,8374750,9.47988,8388970,8388770,0.769183,2097150,5.68834,8388610,2097150,0,0,94.7849,100.038,0,0,0,2885680000,939524000,268435000,335544000,0,150995000,0,7.843,0,0,2.3529,0,14.1176,32,100,1024,512,0,0,52
mtran,3309,67108864,128,1,0,1,0,16,8,16,8,1,38.6451,8389130,8388660,8.9834,8388700,8388630,0.737182,2097150,5.38873,8388610,2097150,0,0,95.1343,99.8313,0,0,0,3489730000,939524000,268435000,603980000,134218000,188744000,0,8.93436,0,4.46718,2.23359,0,16.7521,32,100,1024,512,0,0,52
mtran,2416,33554432,128,1,0,1,0,16,8,16,16,0,55.1825,8388620,8387720,12.7831,8388700,8388630,1.00984,2097150,11.7721,16777200,2097150,0,0,96.3598,99.9572,0,0,0,1979710000,503316000,268435000,201327000,0,109052000,0,9.52761,0,0,3.17587,0,13.7626,32,100,1024,1024,0,0,52
mtran,3047,33554432,128,1,0,1,0,16,8,16,16,1,41.6098,8388940,8388660,9.66718,8389190,8388780,0.795915,2097150,8.89532,16777200,2097150,0,0,97.194,99.9281,0,0,0,2348880000,503316000,268435000,268435000,67108900,127926000,0,8.60167,0,2.40047,2.40047,0,12.2027,32,100,1024,1024,0,0,52
mtran,1917,16777216,128,1,0,1,0,16,8,16,32,0,66.5444,8388620,8388480,15.4538,8388700,8388630,1.28834,2097150,22.4778,33554400,2097150,0,0,96.8127,100.072,0,0,0,1107300000,352322000,268435000,100663000,0,61866000,0,4.47633,0,0,2.87764,0,9.43332,32,100,1024,2048,0,0,52
mtran,2800,16777216,128,1,0,1,0,16,8,16,32,1,44.7261,8389400,8388330,10.3889,8388700,8388630,0.853778,2097150,15.1063,33554400,2097150,0,0,98.2544,100.348,0,0,0,1275130000,352322000,268435000,150995000,33554400,71303200,0,3.5358,0,1.28575,1.92862,0,7.28659,32,100,1024,2048,0,0,52
mtran,1745,8388608,128,1,0,1,0,16,8,16,64,0,79.0663,8388620,8387900,18.2452,8388720,8388630,1.37242,2097150,26.099,33554400,2097150,0,0,97.6891,99.7442,0,0,0,721420000,167772000,268435000,50331600,0,40632300,0,3.50141,0,0,3.21751,0,7.33527,32,100,1024,4096,0,0,52
mtran,2853,8388608,128,1,0,1,0,16,8,16,64,1,43.9926,8388980,8387970,10.2194,8388700,8388630,0.839251,2097150,14.6184,33554400,2097150,0,0,98.0803,100.422,0,0,0,830538000,167772000,268435000,50331600,16777200,45350900,0,2.31649,0,0.631771,1.79002,0,4.55456,32,100,1024,4096,0,0,52
mtran,2378,67108864,256,1,0,1,0,16,16,16,16,0,54.7173,8388680,8382660,12.6902,8388700,8388680,1.02871,2097150,11.6904,16777200,2097150,0,0,92.2027,99.8718,0,0,0,2885680000,939524000,268435000,335544000,0,150995000,0,10.5217,0,0,3.15651,0,18.9394,32,100,1024,1024,0,0,52
mtran,3063,67108864,256,1,0,1,0,16,16,16,16,1,41.488,8389380,8388280,9.63821,8389170,8388630,0.796331,2097150,8.8703,16777200,2097150,0,0,94.1018,99.8457,0,0,0,3489790000,939524000,268435000,603980000,134218000,188744000,0,9.58275,0,4.79138,2.39569,0,17.9679,32,100,1024,1024,0,0,52
mtran,1941,33554432,256,1,0,1,0,16,16,16,32,0,68.2831,8388810,8388080,15.8031,8388700,8388630,1.29343,2097150,24.9299,33554400,2097150,0,0,93.9496,99.8836,0,0,0,1979710000,503316000,268435000,201327000,0,109052000,0,11.7839,0,0,3.92797,0,17.0218,32,100,1024,2048,0,0,52
mtran,2844,33554432,256,1,0,1,0,16,16,16,32,1,44.2764,8388620,8389080,10.246,8388700,8388630,0.84783,2097150,16.1485,33554400,2097150,0,0,96.5412,99.9538,0,0,0,2348940000,503316000,268435000,268435000,67108900,127926000,0,9.11089,0,2.54258,2.54258,0,12.9252,32,100,1024,2048,0,0,52
mtran,1595,16777216,256,1,0,1,0,16,16,16,64,0,82.4881,8388620,8389220,19.0812,8388700,8388630,1.46641,2097150,27.6954,33554400,2097150,0,0,95.2664,99.6486,0,0,0,1107300000,352322000,268435000,100663000,0,61866000,0,5.5487,0,0,3.56702,0,11.6933,32,100,1024,4096,0,0,52
mtran,2849,16777216,256,1,0,1,0,16,16,16,64,1,43.8825,8388800,8389300,10.1891,8389580,8388630,0.835523,2097150,14.7808,33554400,2097150,0,0,97.8654,99.8902,0,0,0,1275200000,352322000,268435000,150995000,33554400,71303200,0,3.48166,0,1.26606,1.89909,0,7.17507,32,100,1024,4096,0,0,52
mtran,2362,67108864,512,1,0,1,0,16,32,16,32,0,64.0353,8388820,8388480,14.837,8388700,8388630,1.26796,2097150,23.3865,33554400,2097150,0,0,90.048,95.5469,0,0,0,2885680000,939524000,268435000,335544000,0,150995000,0,12.8401,0,0,3.85203,0,23.1126,32,100,1024,2048,0,0,52
mtran,2882,67108864,512,1,0,1,0,16,32,16,32,1,44.1175,8388620,8388160,10.2295,8389890,8388630,0.858461,2097150,16.1067,33554400,2097150,0,0,93.588,98.1541,0,0,0,3489920000,939524000,268435000,603980000,134218000,188744000,0,10.33,0,5.16498,2.58249,0,19.369,32,100,1024,2048,0,0,52
mtran,2061,33554432,512,1,0,1,0,16,32,16,64,0,72.4089,8388620,8388570,16.7905,8388700,8388630,1.40559,2097150,26.4256,33554400,2097150,0,0,92.1695,98.3571,0,0,0,1979710000,503316000,268435000,201327000,0,109052000,0,12.7056,0,0,4.23519,0,18.3532,32,100,1024,4096,0,0,52
mtran,2855,33554432,512,1,0,1,0,16,32,16,64,1,44.014,8388620,8388360,10.1978,8388700,8388630,0.845056,2097150,16.0333,33554400,2097150,0,0,96.3836,99.3674,0,0,0,2349070000,503316000,268435000,268435000,67108900,127926000,0,9.11422,0,2.5435,2.5435,0,12.9299,32,100,1024,4096,0,0,52
mtran,2626,67108864,1024,1,0,1,0,16,64,16,64,0,58.2751,8388620,8388640,13.5124,8388700,8388630,1.20707,2097150,21.2666,33554400,2097150,0,0,93.4826,91.2526,0,0,0,2885680000,939524000,268435000,335544000,0,150995000,0,12.2458,0,0,3.67373,0,22.0428,32,100,1024,4096,0,0,52
mtran,3005,67108864,1024,1,0,1,0,16,64,16,64,1,43.6074,8388950,8388660,10.1026,8388700,8388820,0.880462,2097150,15.8831,33554400,2097150,0,0,95.9555,93.667,0,0,0,3490180000,939524000,268435000,603980000,134218000,188744000,0,10.6921,0,5.34606,2.67303,0,20.048,32,100,1024,4096,0,0,52
mtran,5061,67108864,32,1,0,1,0,32,1,32,1,0,33.4341,8388660,10206400,31.4605,8389900,67108900,0.5637,2097150,2.8949,2097150,2097150,0,0,46.5695,100.003,0,0,0,2281700000,939524000,268435000,402653000,0,132121000,0,5.21067,0,0,1.73689,0,9.11874,32,100,1024,128,0,0,52
mtran,4574,67108864,32,1,0,1,0,32,1,32,1,1,34.2435,8388810,8547950,35.4056,8389260,67108900,0.651141,2097150,3.25929,2097150,2097150,0,0,46.0368,100.091,0,0,0,3154120000,939524000,268435000,402653000,134218000,169869000,0,8.14078,0,3.90758,1.95379,0,13.1881,32,100,1024,128,0,0,52
mtran,3240,33554432,32,1,0,1,0,32,1,32,2,0,43.908,8388620,8484210,25.3347,8388700,33551600,0.799406,2097150,4.61635,4194300,2097150,0,0,47.5499,99.9891,0,0,0,1946160000,503316000,268435000,167772000,0,106955000,0,7.34499,0,0,2.51828,0,10.7029,32,100,1024,256,0,0,52
mtran,2725,33554432,32,1,0,1,0,32,1,32,2,1,53.1742,8388860,8414650,30.8023,8389270,33552500,1.01859,2097150,5.61397,4194300,2097150,0,0,46.8786,99.9806,0,0,0,2281710000,503316000,268435000,268435000,67108900,125829000,0,10.7197,0,3.06276,3.06276,0,15.314,32,100,1024,256,0,0,52
mtran,2770,16777216,32,1,0,1,0,32,1,32,4,0,48.915,8388620,8404970,17.0551,8388700,16775500,0.89126,2097150,5.41295,8388610,2097150,0,0,48.631,100.143,0,0,0,1090520000,352322000,268435000,100663000,0,61341700,0,3.29013,0,0,2.11509,0,6.87428,32,100,1024,512,0,0,52
mtran,2324,16777216,32,1,0,1,0,32,1,32,4,1,56.5429,8388720,8390690,19.5809,8388700,16775900,1.05824,2097150,6.21593,8388610,2097150,0,0,48.3659,100.019,0,0,0,1258300000,352322000,268435000,150995000,33554400,70778900,0,4.45842,0,1.62124,2.43186,0,9.11976,32,100,1024,512,0,0,52
mtran,2560,8388608,32,1,0,1,0,32,1,32,8,0,52.8298,8388620,8385190,12.27,8388700,8388630,0.951543,2097150,9.51602,16777200,2097150,0,0,49.2049,99.7171,0,0,0,721420000,167772000,268435000,41943000,0,40370200,0,2.35395,0,0,2.16309,0,4.89902,32,100,1024,1024,0,0,52
mtran,2529,8388608,32,1,0,1,0,32,1,32,8,1,54.5515,8388630,8386510,12.5699,8388700,8388680,0.973475,2097150,9.75014,16777200,2097150,0,0,49.2,99.9182,0,0,0,822092000,167772000,268435000,50331600,16777200,45088800,0,2.86238,0,0.780649,2.21184,0,5.59494,32,100,1024,1024,0,0,52
mtran,2250,4194304,32,1,0,1,0,32,1,32,16,0,59.7177,8388620,8388600,13.7806,8388700,8388630,1.08794,2097150,19.6061,33554400,2097150,0,0,49.5101,99.2871,0,0,0,499122000,83886100,268435000,25165800,0,29098000,0,1.86698,0,0,2.36962,0,3.98558,32,100,1024,2048,0,0,52
mtran,2350,4194304,32,1,0,1,0,32,1,32,16,1,56.1978,8388620,8386490,12.9929,8389130,8388630,1.03346,2097150,18.4798,33554400,2097150,0,0,49.5226,100.057,0,0,0,553656000,83886100,268435000,25165800,8388610,31457300,0,2.04842,0,0.402967,2.21632,0,4.02997,32,100,1024,2048,0,0,52
mtran,2162,2097152,32,1,0,1,0,32,1,32,32,0,64.5947,8388620,8388080,15.0133,8388700,8388630,1.26105,2097150,41.3518,67479000,2141900,0,0,49.5579,99.7802,0,0,0,398459000,46137300,268435000,10485800,0,23396400,0,1.67276,0,0,2.52859,0,3.47228,32,100,1024,4096,0,0,52
mtran,2196,2097152,32,1,0,1,0,32,1,32,32,1,61.7695,8389340,8387460,14.3506,8388700,8388730,1.18683,2097150,39.5077,67479900,2138840,0,0,49.562,99.7956,0,0,0,421536000,46137300,268435000,14680100,4194300,24576000,0,1.76519,0,0.222972,2.41553,0,3.48426,32,100,1024,4096,0,0,52
mtran,3017,67108864,64,1,0,1,0,32,2,32,2,0,45.2076,8388660,8460230,26.0689,8388700,33552700,0.82235,2097150,4.75062,4194300,2097150,0,0,89.8494,100.021,0,0,0,2818570000,939524000,268435000,335544000,0,148898000,0,7.77213,0,0,2.59071,0,15.3286,32,100,1024,256,0,0,52
mtran,2419,67108864,64,1,0,1,0,32,2,32,2,1,58.586,8388620,8396110,33.9999,8388700,33552900,1.10606,2097150,6.19633,4194300,2097150,0,0,88.8064,99.9776,0,0,0,3422570000,939524000,268435000,603980000,134218000,186647000,0,13.5223,0,6.76115,3.38057,0,25.0728,32,100,1024,256,0,0,52
mtran,2881,33554432,64,1,0,1,0,32,2,32,4,0,46.7591,8388620,8396640,16.2339,8388700,16776700,0.857381,2097150,6.49889,8388610,2097150,0,0,95.2904,99.5493,0,0,0,1979710000,503316000,268435000,201327000,0,109052000,0,8.10411,0,0,2.70137,0,11.7063,32,100,1024,512,0,0,52
mtran,2356,33554432,64,1,0,1,0,32,2,32,4,1,55.4106,8388800,8391640,19.2806,8388700,16776300,1.03411,2097150,7.71509,8388610,2097150,0,0,95.2024,99.8774,0,0,0,2348830000,503316000,268435000,268435000,67108900,127926000,0,11.4537,0,3.19637,3.19637,0,16.2486,32,100,1024,512,0,0,52
mtran,2592,16777216,64,1,0,1,0,32,2,32,8,0,51.9541,8388870,8383020,12.0123,8388700,8388630,0.935232,2097150,9.57227,16777200,2097150,0,0,95.6917,99.7734,0,0,0,1107300000,352322000,268435000,100663000,0,61866000,0,3.48873,0,0,2.24276,0,7.35194,32,100,1024,1024,0,0,52
mtran,2503,16777216,64,1,0,1,0,32,2,32,8,1,54.6454,8388870,8386170,12.6819,8388700,8388630,0.95834,2097150,10.0995,16777200,2097150,0,0,96.6949,100.684,0,0,0,1275080000,352322000,268435000,150995000,33554400,71303200,0,4.29896,0,1.56326,2.34489,0,8.85921,32,100,1024,1024,0,0,52
mtran,2229,8388608,64,1,0,1,0,32,2,32,16,0,59.704,8388990,8387880,13.8143,8389020,8388630,1.08599,2097150,19.7939,33554400,2097150,0,0,92.5264,100.225,0,0,0,721420000,167772000,268435000,50331600,0,40632300,0,2.63801,0,0,2.42412,0,5.52635,32,100,1024,2048,0,0,52
mtran,2341,8388608,64,1,0,1,0,32,2,32,16,1,56.5194,8388940,8386960,13.0803,8389300,8388770,1.03703,2097150,18.7386,33554400,2097150,0,0,92.9927,99.9301,0,0,0,830489000,167772000,268435000,50331600,16777200,45350900,0,2.97862,0,0.81235,2.30166,0,5.85628,32,100,1024,2048,0,0,52
mtran,2170,4194304,64,1,0,1,0,32,2,32,32,0,64.9589,8388650,8389500,15.0049,8388700,8388630,1.252,2097150,41.3832,67451500,2137730,0,0,95.8498,99.4064,0,0,0,503316000,83886100,268435000,25165800,0,29229100,0,2.10718,0,0,2.57544,0,4.35179,32,100,1024,4096,0,0,52
mtran,2191,4194304,64,1,0,1,0,32,2,32,32,1,61.9285,8388630,8387910,14.283,8388700,8388630,1.18817,2097150,39.4534,67466900,2133560,0,0,95.6721,99.6746,0,0,0,557859000,83886100,268435000,25165800,8388610,31588400,0,2.26286,0,0.445153,2.44834,0,4.47073,32,100,1024,4096,0,0,52
mtran,2164,2097152,64,1,0,1,0,32,2,32,64,0,70.8712,8388620,8388960,16.4783,8390100,8388630,1.35922,2097150,45.381,67464500,2162480,0,0,48.8396,99.6565,0,0,0,400556000,46137300,268435000,10485800,0,23461900,0,1.83873,0,0,2.77948,0,3.82757,32,100,1024,8192,0,0,52
mtran,2186,2097152,64,1,0,1,0,32,2,32,64,1,56.1505,8388620,8388770,16.7358,8388700,8388630,1.38319,2097150,45.8939,67450800,2166750,0,0,48.813,99.8033,0,0,0,421544000,46137300,268435000,16777200,4194300,24641500,0,2.07296,0,0.25912,2.80714,0,4.06,32,100,1024,8192,0,0,52
mtran,2955,67108864,128,1,0,1,0,32,4,32,4,0,43.9131,8388620,8390040,19.5689,8388700,16777200,1.02632,2097150,7.79501,8388610,2097150,0,0,91.7392,99.9122,0,0,0,2885680000,939524000,268435000,335544000,0,150995000,0,10.7612,0,0,3.22836,0,19.3704,32,100,1024,512,0,0,52
mtran,2377,67108864,128,1,0,1,0,32,4,32,4,1,54.7255,8389100,8388950,18.992,8388700,16777200,1.01895,2097150,7.60003,8388610,2097150,0,0,92.6632,100.05,0,0,0,3489690000,939524000,268435000,603980000,134218000,188744000,0,12.5731,0,6.28654,3.14327,0,23.5748,32,100,1024,512,0,0,52
mtran,2824,33554432,128,1,0,1,0,32,4,32,8,0,46.7724,8389300,8379190,10.8595,8389060,8388630,0.869861,2097150,10.002,16777200,2097150,0,0,96.7274,100.036,0,0,0,1979710000,503316000,268435000,201327000,0,109052000,0,8.08863,0,0,2.69621,0,11.684,32,100,1024,1024,0,0,52
mtran,2421,33554432,128,1,0,1,0,32,4,32,8,1,55.6573,8388940,8387530,12.8654,8388700,8388630,1.00946,2097150,11.8441,16777200,2097150,0,0,96.3445,99.6495,0,0,0,2348840000,503316000,268435000,268435000,67108900,127926000,0,11.4851,0,3.20515,3.20515,0,16.2933,32,100,1024,1024,0,0,52
mtran,2221,16777216,128,1,0,1,0,32,4,32,16,0,61.0074,8388900,8387530,14.1519,8389150,8388630,1.10481,2097150,20.566,33554400,2097150,0,0,97.1202,100.228,0,0,0,1107300000,352322000,268435000,100663000,0,61866000,0,4.08925,0,0,2.6288,0,8.61759,32,100,1024,2048,0,0,52
mtran,2328,16777216,128,1,0,1,0,32,4,32,16,1,57.0045,8388690,8387750,13.1799,8388700,8388630,1.03755,2097150,19.1506,33554400,2097150,0,0,97.6916,99.8626,0,0,0,1275100000,352322000,268435000,150995000,33554400,71303200,0,4.50419,0,1.63789,2.45683,0,9.28226,32,100,1024,2048,0,0,52
mtran,2197,8388608,128,1,0,1,0,32,4,32,32,0,66.7082,8388620,8387430,15.4068,8388700,8388630,1.29514,2097150,42.4142,67108900,2097150,0,0,97.6682,99.9813,0,0,0,721420000,167772000,268435000,50331600,0,40632300,0,2.94764,0,0,2.70864,0,6.17515,32,100,1024,4096,0,0,52
mtran,2212,8388608,128,1,0,1,0,32,4,32,32,1,61.5153,8388620,8389360,14.179,8388700,8388630,1.17776,2097150,39.0942,67108900,2097150,0,0,98.0569,99.9053,0,0,0,830505000,167772000,268435000,50331600,16777200,45350900,0,3.23338,0,0.881832,2.49852,0,6.35729,32,100,1024,4096,0,0,52
mtran,2195,4194304,128,1,0,1,0,32,4,32,64,0,58.0314,8388630,8388430,16.6827,8388780,8388630,1.37393,2097150,45.6353,67321900,2143070,0,0,98.5882,99.8561,0,0,0,503316000,83886100,268435000,25165800,0,29229100,0,2.31843,0,0,2.83364,0,4.78825,32,100,1024,8192,0,0,52
mtran,2195,4194304,128,1,0,1,0,32,4,32,64,1,55.7975,8389450,8388450,16.6329,8388700,8388670,1.37395,2097150,45.6131,67326400,2139650,0,0,98.5915,99.8844,0,0,0,557875000,83886100,268435000,25165800,8388610,31588400,0,2.61691,0,0.514802,2.83141,0,5.17035,32,100,1024,8192,0,0,52
mtran,3139,67108864,256,1,0,1,0,32,8,32,8,0,40.1115,8388620,8377560,11.8894,8388700,8388630,0.966675,2097150,10.8981,16777200,2097150,0,0,92.3656,99.987,0,0,0,2885680000,939524000,268435000,335544000,0,150995000,0,9.79728,0,0,2.93918,0,17.6354,32,100,1024,1024,0,0,52
mtran,2391,67108864,256,1,0,1,0,32,8,32,8,1,55.581,8389320,8385350,12.9184,8388700,8388630,1.01175,2097150,11.8937,16777200,2097150,0,0,92.2864,99.9434,0,0,0,3489730000,939524000,268435000,603980000,134218000,188744000,0,12.8364,0,6.41822,3.20911,0,24.0687,32,100,1024,1024,0,0,52
mtran,2385,33554432,256,1,0,1,0,32,8,32,16,0,55.9823,8388660,8388910,12.9344,8388700,8388630,1.02378,2097150,20.4152,33554400,2097150,0,0,95.3196,99.9713,0,0,0,1979710000,503316000,268435000,201327000,0,109052000,0,9.64142,0,0,3.21381,0,13.927,32,100,1024,2048,0,0,52
mtran,2264,33554432,256,1,0,1,0,32,8,32,16,1,57.1775,8388620,8387060,13.2523,8388700,8388630,1.06538,2097150,20.9035,33554400,2097150,0,0,95.5307,99.8803,0,0,0,2348880000,503316000,268435000,268435000,67108900,127926000,0,11.8023,0,3.29367,3.29367,0,16.7433,32,100,1024,2048,0,0,52
mtran,2262,16777216,256,1,0,1,0,32,8,32,32,0,67.2409,8388620,8388870,15.6281,8388700,8388630,1.26423,2097150,43.3492,67108900,2097150,0,0,93.6418,100.107,0,0,0,1107300000,352322000,268435000,100663000,0,61866000,0,4.51997,0,0,2.9057,0,9.52536,32,100,1024,4096,0,0,52
mtran,2260,16777216,256,1,0,1,0,32,8,32,32,1,61.3584,8388620,8388190,14.1982,8388700,8388630,1.1667,2097150,39.3741,67108900,2097150,0,0,94.9993,99.8202,0,0,0,1275130000,352322000,268435000,150995000,33554400,71303200,0,4.85252,0,1.76455,2.64683,0,10.0002,32,100,1024,4096,0,0,52
mtran,2208,8388608,256,1,0,1,0,32,8,32,64,0,70.6297,8388620,8388210,16.4178,8388700,8388630,1.35698,2097150,45.1768,67108900,2097150,0,0,96.8097,99.998,0,0,0,721420000,167772000,268435000,50331600,0,40632300,0,3.14058,0,0,2.88594,0,6.57943,32,100,1024,8192,0,0,52
mtran,2206,8388608,256,1,0,1,0,32,8,32,64,1,70.2321,8388620,8387970,16.2452,8388700,8388630,1.30335,2097150,44.6973,67108900,2097150,0,0,97.238,99.7217,0,0,0,830537000,167772000,268435000,50331600,16777200,45350900,0,3.70535,0,1.01055,2.86322,0,7.28532,32,100,1024,8192,0,0,52
mtran,2397,67108864,512,1,0,1,0,32,16,32,16,0,53.6114,8388700,8389120,13.9992,8388700,8388630,1.17545,2097150,22.0647,33554400,2097150,0,0,90.6653,97.0139,0,0,0,2885680000,939524000,268435000,335544000,0,150995000,0,11.9312,0,0,3.57935,0,21.4765,32,100,1024,2048,0,0,52
mtran,2514,67108864,512,1,0,1,0,32,16,32,16,1,55.1385,8389180,8388450,12.8147,8389270,8388630,1.07136,2097150,20.2204,33554400,2097150,0,0,91.5501,98.105,0,0,0,3489790000,939524000,268435000,603980000,134218000,188744000,0,12.9748,0,6.4874,3.2437,0,24.3281,32,100,1024,2048,0,0,52
mtran,2965,33554432,512,1,0,1,0,32,16,32,32,0,51.7599,8388620,8388690,11.9884,8389060,8388630,0.998747,2097150,34.7146,67108900,2097150,0,0,90.6666,98.8444,0,0,0,1979710000,503316000,268435000,201327000,0,109052000,0,9.02292,0,0,3.00764,0,13.0336,32,100,1024,4096,0,0,52
mtran,2972,33554432,512,1,0,1,0,32,16,32,32,1,50.9063,8388810,8388990,11.8006,8388700,8388680,0.978766,2097150,34.1682,67108900,2097150,0,0,91.4498,99.5072,0,0,0,2348940000,503316000,268435000,268435000,67108900,127926000,0,10.5371,0,2.94058,2.94058,0,14.9485,32,100,1024,4096,0,0,52
mtran,2391,16777216,512,1,0,1,0,32,16,32,64,0,65.0309,8389160,8388620,15.0921,8388700,8388630,1.25003,2097150,41.8318,67108900,2097150,0,0,93.8686,99.8144,0,0,0,1107300000,352322000,268435000,100663000,0,61866000,0,4.37657,0,0,2.81351,0,9.22316,32,100,1024,8192,0,0,52
mtran,2360,16777216,512,1,0,1,0,32,16,32,64,1,67.1569,8388910,8388590,15.5514,8388860,8388630,1.2908,2097150,43.082,67108900,2097150,0,0,93.2498,99.7219,0,0,0,1275200000,352322000,268435000,150995000,33554400,71303200,0,5.31719,0,1.93352,2.90028,0,10.9578,32,100,1024,8192,0,0,52
mtran,3547,67108864,1024,1,0,1,0,32,32,32,32,0,43.4681,8388620,8388390,10.0806,8388700,8388680,0.884235,2097150,29.1947,67108900,2097150,0,0,93.8321,93.1046,0,0,0,2885680000,939524000,268435000,335544000,0,150995000,0,8.95113,0,0,2.68534,0,16.1123,32,100,1024,4096,0,0,52
mtran,3734,67108864,1024,1,0,1,0,32,32,32,32,1,41.3782,8388620,8388480,9.654,8388700,8388630,0.839305,2097150,27.9361,67108900,2097150,0,0,94.4731,94.2538,0,0,0,3489920000,939524000,268435000,603980000,134218000,188744000,0,10.153,0,5.07648,2.53824,0,19.0371,32,100,1024,4096,0,0,52
mtran,3221,33554432,1024,1,0,1,0,32,32,32,64,0,47.8934,8389330,8388850,11.0724,8388700,8388630,0.946619,2097150,32.055,67108900,2097150,0,0,96.504,95.6146,0,0,0,1979710000,503316000,268435000,201327000,0,109052000,0,8.61693,0,0,2.87231,0,12.4472,32,100,1024,8192,0,0,52
mtran,3326,33554432,1024,1,0,1,0,32,32,32,64,1,45.7658,8388620,8388540,10.6189,8388700,8388630,0.906389,2097150,30.7645,67108900,2097150,0,0,96.4422,96.1564,0,0,0,2349070000,503316000,268435000,268435000,67108900,127926000,0,9.82242,0,2.74114,2.74114,0,13.9346,32,100,1024,8192,0,0,52
mtran,4483,67108864,64,1,0,1,0,64,1,64,1,0,36.8326,8388670,9836950,35.3514,8390100,67108900,0.633695,2097150,2.929,2097150,2097150,0,0,88.6053,99.6796,0,0,0,2281700000,939524000,268435000,402653000,0,132121000,0,5.87683,0,0,1.95894,0,10.2846,32,100,1024,256,0,0,52
mtran,3955,67108864,64,1,0,1,0,64,1,64,1,1,41.378,8388820,9257560,41.1143,8388700,67108900,0.757016,2097150,3.40691,2097150,2097150,0,0,88.719,99.9874,0,0,0,3154120000,939524000,268435000,402653000,134218000,169869000,0,9.46483,0,4.54312,2.27156,0,15.3332,32,100,1024,256,0,0,52
mtran,2988,33554432,64,1,0,1,0,64,1,64,2,0,45.8551,8388950,8526690,26.4006,8388700,33543100,0.833772,2097150,4.59214,4194300,2097150,0,0,92.9636,99.9792,0,0,0,1946160000,503316000,268435000,167772000,0,106955000,0,7.65516,0,0,2.62463,0,11.155,32,100,1024,512,0,0,52
mtran,2349,33554432,64,1,0,1,0,64,1,64,2,1,63.1678,8388650,8403420,36.6599,8388700,33543900,1.19842,2097150,6.38104,4194300,2097150,0,0,91.9009,99.8469,0,0,0,2281710000,503316000,268435000,268435000,67108900,125829000,0,12.7817,0,3.6519,3.6519,0,18.2599,32,100,1024,512,0,0,52
mtran,2716,16777216,64,1,0,1,0,64,1,64,4,0,50.3626,8389690,8507510,17.3408,8388700,16774400,0.910243,2097150,5.38612,8388610,2097150,0,0,93.3228,99.5628,0,0,0,1090520000,352322000,268435000,100663000,0,61341700,0,3.36608,0,0,2.16391,0,7.03322,32,100,1024,1024,0,0,52
mtran,2079,16777216,64,1,0,1,0,64,1,64,4,1,63.7164,8388620,8412280,22.0901,8388700,16773900,1.17651,2097150,6.86119,8388610,2097150,0,0,93.3089,99.759,0,0,0,1258300000,352322000,268435000,150995000,33554400,70778900,0,5.04369,0,1.83407,2.7511,0,10.3173,32,100,1024,1024,0,0,52
mtran,2563,8388608,64,1,0,1,0,64,1,64,8,0,52.0587,8388830,8388290,11.9266,8388700,8388690,0.951597,2097150,9.19517,16777200,2097150,0,0,94.3294,99.4579,0,0,0,721420000,167772000,268435000,41943000,0,40370200,0,2.29581,0,0,2.10966,0,4.7783,32,100,1024,2048,0,0,52
mtran,2432,8388608,64,1,0,1,0,64,1,64,8,1,54.7041,8388930,8386910,12.5884,8388700,8388680,0.998272,2097150,9.70327,16777200,2097150,0,0,93.9131,99.1278,0,0,0,822092000,167772000,268435000,50331600,16777200,45088800,0,2.89061,0,0.788348,2.23365,0,5.6504,32,100,1024,2048,0,0,52
mtran,2310,4194304,64,1,0,1,0,64,1,64,16,0,57.4062,8388620,8387440,13.3226,8388700,8388680,1.05585,2097150,19.118,33903000,2133710,0,0,96.0218,100.004,0,0,0,499122000,83886100,268435000,25165800,0,29098000,0,1.79157,0,0,2.27391,0,3.82489,32,100,1024,4096,0,0,52
mtran,2474,4194304,64,1,0,1,0,64,1,64,16,1,53.9399,8388620,8387200,12.4852,8389320,8388630,0.989777,2097150,17.9221,33916900,2134560,0,0,96.299,100.037,0,0,0,553656000,83886100,268435000,25165800,8388610,31457300,0,1.96873,0,0.387292,2.1301,0,3.87348,32,100,1024,4096,0,0,52
mtran,2168,2097152,64,1,0,1,0,64,1,64,32,0,65.6472,8389120,8388990,15.1652,8388700,8388630,1.27234,2097150,41.749,67483200,2143900,0,0,48.9414,99.711,0,0,0,398459000,46137300,268435000,14680100,0,23593000,0,1.7103,0,0,2.55562,0,3.53896,32,100,1024,8192,0,0,52
mtran,2171,2097152,64,1,0,1,0,64,1,64,32,1,64.7894,8388730,8387760,15.0099,8388700,8388630,1.24984,2097150,41.3132,67486700,2145200,0,0,48.9611,99.8872,0,0,0,427827000,46137300,268435000,12582900,4194300,24772600,0,1.88352,0,0.233013,2.52431,0,3.67036,32,100,1024,8192,0,0,52
mtran,2175,1048576,64,1,0,1,0,64,1,64,64,0,68.6552,8388620,8387780,15.8654,8388870,8388630,1.30749,2097150,43.5965,67449300,2147840,0,0,24.4093,99.4702,0,0,0,350224000,27263000,268435000,5242880,0,20742100,0,1.60768,0,0,2.65886,0,3.26197,32,100,1024,16384,0,0,52
mtran,2173,1048576,64,1,0,1,0,64,1,64,64,1,71.3277,8388620,8387830,16.4698,8388700,8388630,1.34801,2097150,45.2812,67440400,2146250,0,0,24.3847,99.4118,0,0,0,361767000,27263000,268435000,7340030,2097150,21332000,0,1.78887,0,0.128542,2.76364,0,3.48693,32,100,1024,16384,0,0,52
mtran,2986,67108864,128,1,0,1,0,64,2,64,2,0,43.6298,8388620,8583830,32.1128,8392290,33553500,1.01666,2097150,5.59211,4194300,2097150,0,0,88.9177,99.8954,0,0,0,2818570000,939524000,268435000,335544000,0,148898000,0,9.59651,0,0,3.19884,0,18.9268,32,100,1024,512,0,0,52
mtran,2390,67108864,128,1,0,1,0,64,2,64,2,1,63.3141,8388620,8396800,36.6807,8389710,33553600,1.21108,2097150,6.37985,4194300,2097150,0,0,87.9427,99.9324,0,0,0,3422570000,939524000,268435000,603980000,134218000,186647000,0,14.5924,0,7.29619,3.6481,0,27.0571,32,100,1024,512,0,0,52
mtran,2816,33554432,128,1,0,1,0,64,2,64,4,0,47.7597,8388620,8393960,16.6196,8388700,16776800,0.875083,2097150,6.53812,8388610,2097150,0,0,95.3125,99.9566,0,0,0,1979710000,503316000,268435000,201327000,0,109052000,0,8.26227,0,0,2.75409,0,11.9348,32,100,1024,1024,0,0,52
mtran,2062,33554432,128,1,0,1,0,64,2,64,4,1,64.1453,8388620,8388750,22.2645,8389020,16776700,1.18819,2097150,8.75837,8388610,2097150,0,0,94.6265,99.8288,0,0,0,2348830000,503316000,268435000,268435000,67108900,127926000,0,13.237,0,3.69406,3.69406,0,18.7787,32,100,1024,1024,0,0,52
mtran,2530,16777216,128,1,0,1,0,64,2,64,8,0,52.8029,8388620,8383260,12.2496,8390000,8388630,0.958199,2097150,9.69759,16777200,2097150,0,0,96.9732,100.108,0,0,0,1107300000,352322000,268435000,100663000,0,61866000,0,3.54562,0,0,2.27933,0,7.47196,32,100,1024,2048,0,0,52
mtran,2347,16777216,128,1,0,1,0,64,2,64,8,1,57.1009,8388620,8387680,13.3961,8389180,8388630,1.05019,2097150,10.6004,16777200,2097150,0,0,97.5989,100.723,0,0,0,1275080000,352322000,268435000,150995000,33554400,71303200,0,4.53989,0,1.65087,2.47631,0,9.35583,32,100,1024,2048,0,0,52
mtran,2176,8388608,128,1,0,1,0,64,2,64,16,0,61.2887,8388620,8388740,14.0682,8388700,8388630,1.11827,2097150,20.1226,33554400,2097150,0,0,97.7908,98.8551,0,0,0,721420000,167772000,268435000,50331600,0,40632300,0,2.7239,0,0,2.50305,0,5.70643,32,100,1024,4096,0,0,52
mtran,2193,8388608,128,1,0,1,0,64,2,64,16,1,59.7406,8388620,8389060,13.8429,8388700,8388630,1.10004,2097150,19.7982,33554400,2097150,0,0,97.8431,99.6184,0,0,0,830488000,167772000,268435000,50331600,16777200,45350900,0,3.1626,0,0.862528,2.44383,0,6.21812,32,100,1024,4096,0,0,52
mtran,2195,4194304,128,1,0,1,0,64,2,64,32,0,65.3347,8388620,8389580,16.422,8388700,8388630,1.34649,2097150,45.3481,67337700,2136110,0,0,98.5639,99.6285,0,0,0,503316000,83886100,268435000,25165800,0,29229100,0,2.30881,0,0,2.82188,0,4.76839,32,100,1024,8192,0,0,52
mtran,2195,4194304,128,1,0,1,0,64,2,64,32,1,60.1546,8388630,8388760,16.6297,8388700,8388630,1.37037,2097150,45.5887,67330800,2137680,0,0,98.588,99.8703,0,0,0,557859000,83886100,268435000,25165800,8388610,31588400,0,2.61579,0,0.514582,2.8302,0,5.16814,32,100,1024,8192,0,0,52
mtran,2183,2097152,128,1,0,1,0,64,2,64,64,0,57.2804,8388660,8388750,16.7939,8388700,8388630,1.38275,2097150,45.8995,67433500,2200340,0,0,49.0549,99.8483,0,0,0,402653000,46137300,268435000,12582900,0,23658500,0,1.94277,0,0,2.80622,0,3.89693,32,100,1024,16384,0,0,52
mtran,2181,2097152,128,1,0,1,0,64,2,64,64,1,56.6929,8388690,8388350,16.7424,8388700,8388630,1.38073,2097150,45.9137,67435200,2198070,0,0,49.0553,99.8784,0,0,0,429932000,46137300,268435000,12582900,4194300,24838100,0,2.09391,0,0.25904,2.80627,0,4.09116,32,100,1024,16384,0,0,52
mtran,2921,67108864,256,1,0,1,0,64,4,64,4,0,45.4836,8388620,8389540,18.4093,8390060,16777100,0.966389,2097150,7.21706,8388610,2097150,0,0,90.4444,100.021,0,0,0,2885680000,939524000,268435000,335544000,0,150995000,0,10.1271,0,0,3.03813,0,18.2291,32,100,1024,1024,0,0,52
mtran,2030,67108864,256,1,0,1,0,64,4,64,4,1,64.5233,8388620,8385880,22.4974,8388700,16777100,1.19723,2097150,8.84676,8388610,2097150,0,0,89.4409,99.8355,0,0,0,3489690000,939524000,268435000,603980000,134218000,188744000,0,14.9244,0,7.46218,3.73109,0,27.9836,32,100,1024,1024,0,0,52
mtran,2790,33554432,256,1,0,1,0,64,4,64,8,0,47.5957,8388630,8380150,11.0194,8389980,8388630,0.8928,2097150,10.0945,16777200,2097150,0,0,96.3157,99.9012,0,0,0,1979710000,503316000,268435000,201327000,0,109052000,0,8.22056,0,0,2.74019,0,11.8746,32,100,1024,2048,0,0,52
mtran,2224,33554432,256,1,0,1,0,64,4,64,8,1,60.2405,8388620,8383880,13.8861,8388700,8388630,1.09267,2097150,12.7188,16777200,2097150,0,0,95.5582,99.7181,0,0,0,2348840000,503316000,268435000,268435000,67108900,127926000,0,12.3945,0,3.45892,3.45892,0,17.5834,32,100,1024,2048,0,0,52
mtran,2151,16777216,256,1,0,1,0,64,4,64,16,0,62.4862,8388660,8387150,14.4966,8388840,8388630,1.14433,2097150,21.0298,33554400,2097150,0,0,96.2447,100.064,0,0,0,1107300000,352322000,268435000,100663000,0,61866000,0,4.19575,0,0,2.69727,0,8.8421,32,100,1024,4096,0,0,52
mtran,2139,16777216,256,1,0,1,0,64,4,64,16,1,61.8129,8388700,8388820,14.3259,8388700,8388630,1.14813,2097150,20.7854,33554400,2097150,0,0,96.3717,99.9726,0,0,0,1275100000,352322000,268435000,150995000,33554400,71303200,0,4.89203,0,1.77892,2.66838,0,10.0816,32,100,1024,4096,0,0,52
mtran,2206,8388608,256,1,0,1,0,64,4,64,32,0,69.105,8389290,8389800,15.9763,8389700,8388630,1.31727,2097150,43.9484,67108900,2097150,0,0,96.9595,99.6081,0,0,0,721420000,167772000,268435000,50331600,0,40632300,0,3.06715,0,0,2.81846,0,6.42559,32,100,1024,8192,0,0,52
mtran,2194,8388608,256,1,0,1,0,64,4,64,32,1,67.196,8388620,8387460,15.4797,8388700,8388630,1.29494,2097150,42.6588,67108900,2097150,0,0,97.1957,99.7781,0,0,0,830505000,167772000,268435000,50331600,16777200,45350900,0,3.53436,0,0.963915,2.73109,0,6.94912,32,100,1024,8192,0,0,52
mtran,2225,4194304,256,1,0,1,0,64,4,64,64,0,70.26,8388660,8388110,16.3641,8388830,8388630,1.35534,2097150,44.9885,67238100,2189740,0,0,98.264,99.9964,0,0,0,503316000,83886100,268435000,25165800,0,29229100,0,2.28412,0,0,2.7917,0,4.71746,32,100,1024,16384,0,0,52
mtran,2219,4194304,256,1,0,1,0,64,4,64,64,1,70.702,8388620,8388360,16.3514,8388700,8388630,1.35699,2097150,44.9385,67245300,2176850,0,0,98.2444,99.711,0,0,0,557875000,83886100,268435000,25165800,8388610,31588400,0,2.58492,0,0.508509,2.7968,0,5.10723,32,100,1024,16384,0,0,52
mtran,3104,67108864,512,1,0,1,0,64,8,64,8,0,42.793,8388620,8380430,11.2547,8394770,8388630,0.813761,2097150,10.2995,16777200,2097150,0,0,93.6244,98.068,0,0,0,2885680000,939524000,268435000,335544000,0,150995000,0,9.49372,0,0,2.84811,0,17.089,32,100,1024,2048,0,0,52
mtran,2174,67108864,512,1,0,1,0,64,8,64,8,1,60.0568,8388740,8383640,13.9485,8388700,8388630,1.12489,2097150,12.7711,16777200,2097150,0,0,91.3019,97.7884,0,0,0,3489730000,939524000,268435000,603980000,134218000,188744000,0,14.1668,0,7.08338,3.54169,0,26.5631,32,100,1024,2048,0,0,52
mtran,2343,33554432,512,1,0,1,0,64,8,64,16,0,56.6526,8388850,8387720,13.0991,8388700,8388630,1.05102,2097150,20.6375,33554400,2097150,0,0,94.8736,98.9653,0,0,0,1979710000,503316000,268435000,201327000,0,109052000,0,9.86164,0,0,3.28721,0,14.2451,32,100,1024,4096,0,0,52
mtran,2108,33554432,512,1,0,1,0,64,8,64,16,1,61.6185,8388620,8388480,14.3055,8388700,8388630,1.1661,2097150,22.5331,33554400,2097150,0,0,94.4437,99.1331,0,0,0,2348880000,503316000,268435000,268435000,67108900,127926000,0,12.8394,0,3.58308,3.58308,0,18.2146,32,100,1024,4096,0,0,52
mtran,2385,16777216,512,1,0,1,0,64,8,64,32,0,65.4881,8388660,8388350,15.1078,8388700,8388630,1.2523,2097150,41.9055,67108900,2097150,0,0,94.1042,99.8527,0,0,0,1107300000,352322000,268435000,100663000,0,61866000,0,4.3826,0,0,2.81738,0,9.23586,32,100,1024,8192,0,0,52
mtran,2388,16777216,512,1,0,1,0,64,8,64,32,1,66.2191,8388620,8387330,15.407,8388700,8388680,1.26991,2097150,42.7403,67108900,2097150,0,0,93.3198,99.8463,0,0,0,1275130000,352322000,268435000,150995000,33554400,71303200,0,5.26844,0,1.9158,2.8737,0,10.8573,32,100,1024,8192,0,0,52
mtran,2259,8388608,512,1,0,1,0,64,8,64,64,0,69.8226,8388620,8387750,16.1188,8388700,8388630,1.33848,2097150,44.3467,67108900,2097150,0,0,96.8709,99.4435,0,0,0,721420000,167772000,268435000,50331600,0,40632300,0,3.1008,0,0,2.84938,0,6.49609,32,100,1024,16384,0,0,52
mtran,2272,8388608,512,1,0,1,0,64,8,64,64,1,69.8948,8388630,8388620,16.2664,8388700,8388680,1.34334,2097150,44.7707,67108900,2097150,0,0,96.9254,100.381,0,0,0,830537000,167772000,268435000,50331600,16777200,45350900,0,3.68792,0,1.0058,2.84976,0,7.25107,32,100,1024,16384,0,0,52
mtran,2612,67108864,1024,1,0,1,0,64,16,64,16,0,54.4644,8388820,8387250,12.6123,8388700,8388690,1.1048,2097150,19.8601,33554400,2097150,0,0,94.7095,92.1922,0,0,0,2885680000,939524000,268435000,335544000,0,150995000,0,11.3193,0,0,3.3958,0,20.3752,32,100,1024,4096,0,0,52
mtran,2824,67108864,1024,1,0,1,0,64,16,64,16,1,55.5804,8388620,8388460,12.916,8388700,8388630,1.14624,2097150,20.3226,33554400,2097150,0,0,94.1803,91.9957,0,0,0,3489790000,939524000,268435000,603980000,134218000,188744000,0,13.9292,0,6.96461,3.4823,0,26.1177,32,100,1024,4096,0,0,52
mtran,3200,33554432,1024,1,0,1,0,64,16,64,32,0,48.1301,8388620,8388580,11.1438,8389840,8388630,0.952811,2097150,32.2617,67108900,2097150,0,0,96.4893,95.793,0,0,0,1979710000,503316000,268435000,201327000,0,109052000,0,8.65632,0,0,2.88544,0,12.5041,32,100,1024,8192,0,0,52
mtran,3286,33554432,1024,1,0,1,0,64,16,64,32,1,46.7458,8388620,8388540,10.8565,8388700,8388630,0.926952,2097150,31.4491,67108900,2097150,0,0,96.6102,96.0336,0,0,0,2348940000,503316000,268435000,268435000,67108900,127926000,0,10.0538,0,2.80572,2.80572,0,14.2629,32,100,1024,8192,0,0,52
mtran,2640,16777216,1024,1,0,1,0,64,16,64,64,0,60.2875,8389190,8388370,13.9444,8388950,8388630,1.17089,2097150,38.6626,67108900,2097150,0,0,96.2602,96.6493,0,0,0,1107300000,352322000,268435000,100663000,0,61866000,0,4.17845,0,0,2.68615,0,8.80564,32,100,1024,16384,0,0,52
mtran,2633,16777216,1024,1,0,1,0,64,16,64,64,1,61.7888,8388620,8388350,14.5674,8388700,8388630,1.18295,2097150,40.3563,67108900,2097150,0,0,96.0547,95.5542,0,0,0,1275200000,352322000,268435000,150995000,33554400,71303200,0,5.19924,0,1.89063,2.83595,0,10.7147,32,100,1024,16384,0,0,52
mtran,2977,67108864,32,1,0,1,1,1,32,1,32,0,50.2333,8388620,8388560,49.4669,62629000,8388630,0.966134,2097150,6.76882,4194300,4194300,0,0,43.677,99.9041,0,0,0,2751460000,939524000,268435000,335544000,0,144703000,0,8.71113,0,0,2.90371,0,16.6964,32,100,1024,256,0,0,52
mtran,30404,67108864,32,1,0,1,1,1,32,1,32,1,34.6692,134220000,8388800,4.23335,67114400,8388780,0.0779807,2097150,0.544875,4194300,4194300,0,0,49.5127,99.9948,0,0,0,3557030000,939524000,268435000,402653000,134218000,182452000,0,0.973042,0,0.46706,0.23353,0,1.6931,32,100,1024,256,0,0,52
mtran,2549,67108864,64,1,0,1,1,1,64,1,64,0,61.1991,8389250,8388660,52.9822,54093700,8388630,1.17869,2097150,7.65667,4194300,4194300,0,0,90.6427,99.9578,0,0,0,2751460000,939524000,268435000,335544000,0,144703000,0,10.606,0,0,3.53534,0,20.3284,32,100,1024,512,0,0,52
mtran,28991,67108864,64,1,0,1,1,1,64,1,64,1,36.3454,134222000,8388760,4.43708,67109400,8388730,0.0817341,2097150,0.530355,4194300,4194300,0,0,98.6712,99.8078,0,0,0,3557290000,939524000,268435000,402653000,134218000,182452000,0,1.02188,0,0.490501,0.245251,0,1.77809,32,100,1024,512,0,0,52
mtran,2815,67108864,32,1,0,1,1,2,16,2,16,0,48.9322,8388820,8388340,24.0433,27389300,8388690,0.936611,2097150,6.58503,4194300,4194300,0,0,42.4946,99.8187,0,0,0,2885680000,939524000,268435000,335544000,0,150995000,0,8.95306,0,0,2.82728,0,16.9638,32,100,1024,192,0,0,52
mtran,17713,67108864,32,1,0,1,1,2,16,2,16,1,31.5225,67110400,8388880,4.05768,33555000,8389130,0.13455,2097150,0.938696,4194300,4194300,0,0,49.1534,99.7685,0,0,0,3691120000,939524000,268435000,402653000,134218000,188744000,0,1.68013,0,0.806464,0.403232,0,3.02425,32,100,1024,192,0,0,52
mtran,2282,33554432,32,1,0,1,1,2,16,2,32,0,63.4971,8388900,8388310,34.1298,30701200,8388630,1.21938,2097150,6.69746,2097150,4194300,0,0,45.7846,99.8248,0,0,0,1946160000,503316000,268435000,167772000,0,105906000,0,11.2837,0,0,3.65957,0,15.4009,32,100,1024,384,0,0,52
mtran,16194,33554432,32,1,0,1,1,2,16,2,32,1,34.5154,67111000,8388810,4.45847,33555000,8388680,0.146451,2097150,0.810095,2097150,4194300,0,0,49.5405,100.573,0,0,0,2315390000,503316000,268435000,234881000,67108900,124781000,0,1.57435,0,0.439355,0.439355,0,2.17849,32,100,1024,384,0,0,52
mtran,1778,67108864,64,1,0,1,1,2,32,2,32,0,71.7349,8388620,8387940,39.9755,31820000,8388630,1.37027,2097150,7.6005,2097150,4194300,0,0,90.7179,99.937,0,0,0,2885680000,939524000,268435000,335544000,0,150995000,0,13.1364,0,0,4.14834,0,24.8904,32,100,1024,384,0,0,52
mtran,16178,67108864,64,1,0,1,1,2,32,2,32,1,34.5394,67109200,8388590,4.44213,33558000,8388680,0.146774,2097150,0.80714,2097150,4194300,0,0,99.0462,100.012,0,0,0,3691250000,939524000,268435000,402653000,134218000,188744000,0,1.83419,0,0.880413,0.440206,0,3.30158,32,100,1024,384,0,0,52
mtran,1522,33554432,64,1,0,1,1,2,32,2,64,0,87.0859,8389010,8388790,48.2249,31594500,8388630,1.66979,2097150,8.80637,2097150,4194300,0,0,94.2856,99.9057,0,0,0,1946160000,503316000,268435000,167772000,0,105906000,0,15.5306,0,0,5.03696,0,21.1978,32,100,1024,768,0,0,52
mtran,19917,33554432,64,1,0,1,1,2,32,2,64,1,28.0351,67109600,8388580,3.58727,33555000,8388740,0.119178,2097150,0.624208,2097150,4194300,0,0,99.5597,99.6636,0,0,0,2315520000,503316000,268435000,234881000,67108900,124781000,0,1.28245,0,0.357894,0.357894,0,1.77461,32,100,1024,768,0,0,52
mtran,1700,67108864,128,1,0,1,1,2,64,2,64,0,82.5141,8388620,8388590,47.6787,33376200,8388630,1.58345,2097150,8.32911,2097150,4194300,0,0,89.1399,99.7271,0,0,0,2885680000,939524000,268435000,335544000,0,150995000,0,15.113,0,0,4.77252,0,28.6356,32,100,1024,768,0,0,52
mtran,16196,67108864,128,1,0,1,1,2,64,2,64,1,34.4853,67109400,8388620,4.43517,33555200,8388680,0.147244,2097150,0.769166,2097150,4194300,0,0,99.035,99.5117,0,0,0,3691510000,939524000,268435000,402653000,134218000,188744000,0,1.84034,0,0.883361,0.441681,0,3.31265,32,100,1024,768,0,0,52
mtran,3748,67108864,32,1,0,1,1,4,8,4,8,0,34.7515,8389260,8382370,10.9914,14503800,8388630,0.66472,2097150,4.66574,4194300,4194300,0,0,43.8296,97.2923,0,0,0,2885680000,939524000,268435000,335544000,0,150995000,0,6.5083,0,0,2.05525,0,12.3316,32,100,1024,160,0,0,52
mtran,4184,67108864,32,1,0,1,1,4,8,4,8,1,37.0492,12195100,8388680,10.5006,16757200,8388630,0.585369,2097150,4.05762,4194300,4194300,0,0,45.4621,97.5219,0,0,0,3691050000,939524000,268435000,402653000,134218000,188744000,0,7.42987,0,3.56634,1.78317,0,13.3738,32,100,1024,160,0,0,52
mtran,2591,33554432,32,1,0,1,1,4,8,4,16,0,49.7944,8388620,8385140,16.2382,15261500,8388630,0.943974,2097150,6.2108,4194300,4194300,0,0,46.2998,99.3262,0,0,0,1979710000,503316000,268435000,201327000,0,109052000,0,8.65791,0,0,2.88597,0,12.5061,32,100,1024,320,0,0,52
mtran,8958,33554432,32,1,0,1,1,4,8,4,16,1,31.548,30025300,8388730,4.77535,16774600,8388740,0.263059,2097150,1.70991,4194300,4194300,0,0,49.1224,100.005,0,0,0,2382430000,503316000,268435000,234881000,67108900,127926000,0,2.82778,0,0.789149,0.789149,0,4.01156,32,100,1024,320,0,0,52
mtran,1753,16777216,32,1,0,1,1,4,8,4,32,0,71.9177,8388620,8388900,24.568,16416800,8388630,1.38445,2097150,5.16361,2097150,4194300,0,0,47.7892,99.9556,0,0,0,1090520000,352322000,268435000,83886100,0,60293100,0,4.9937,0,0,3.09954,0,9.90179,32,100,1024,640,0,0,52
mtran,8931,16777216,32,1,0,1,1,4,8,4,32,1,34.7772,33553700,8388550,4.83007,16777900,8388680,0.266297,2097150,0.998002,2097150,4194300,0,0,49.5611,99.9671,0,0,0,1241580000,352322000,268435000,150995000,33554400,69730300,0,1.13144,0,0.399332,0.598998,0,2.21306,32,100,1024,640,0,0,52
mtran,2380,67108864,64,1,0,1,1,4,16,4,16,0,54.7977,8388820,8382040,17.8665,15164900,8388690,1.0263,2097150,6.84223,4194300,4194300,0,0,92.1257,99.8414,0,0,0,2885680000,939524000,268435000,335544000,0,150995000,0,10.0161,0,0,3.16297,0,18.978,32,100,1024,320,0,0,52
mtran,8949,67108864,64,1,0,1,1,4,16,4,16,1,31.6625,30163300,8388570,4.76848,16775600,8388670,0.263112,2097150,1.7096,4194300,4194300,0,0,98.0362,99.8606,0,0,0,3691120000,939524000,268435000,402653000,134218000,188744000,0,3.29229,0,1.5803,0.79015,0,5.92618,32,100,1024,320,0,0,52
mtran,1815,33554432,64,1,0,1,1,4,16,4,32,0,70.4207,8388620,8387770,23.6417,15853300,8388630,1.34077,2097150,7.12027,2097150,4194300,0,0,95.3864,99.9733,0,0,0,1979710000,503316000,268435000,201327000,0,109052000,0,12.2094,0,0,4.06981,0,17.6364,32,100,1024,640,0,0,52
mtran,8922,33554432,64,1,0,1,1,4,16,4,32,1,34.9276,33554700,8388660,4.83872,16777300,8388680,0.267024,2097150,1.4005,2097150,4194300,0,0,98.9474,99.9485,0,0,0,2382500000,503316000,268435000,234881000,67108900,127926000,0,2.86916,0,0.800696,0.800696,0,4.0703,32,100,1024,640,0,0,52
mtran,1531,16777216,64,1,0,1,1,4,16,4,64,0,85.1624,8388730,8388250,26.842,14500200,8388630,1.55447,2097150,5.9107,2097150,4194300,0,0,95.4163,99.4665,0,0,0,1090520000,352322000,268435000,83886100,0,60293100,0,5.94241,0,0,3.68839,0,11.7835,32,100,1024,1280,0,0,52
mtran,8711,16777216,64,1,0,1,1,4,16,4,64,1,35.6558,33554400,8388770,5.01232,16778300,8388630,0.274829,2097150,1.00105,2097150,4194300,0,0,94.9736,99.9746,0,0,0,1241640000,352322000,268435000,150995000,33554400,69730300,0,1.17395,0,0.414334,0.621502,0,2.2963,32,100,1024,1280,0,0,52
mtran,1755,67108864,128,1,0,1,1,4,32,4,32,0,72.9664,8388620,8386240,25.1694,16583600,8388630,1.39675,2097150,7.35898,2097150,4194300,0,0,90.7418,99.9784,0,0,0,2885680000,939524000,268435000,335544000,0,150995000,0,13.3191,0,0,4.20604,0,25.2367,32,100,1024,640,0,0,52
mtran,8936,67108864,128,1,0,1,1,4,32,4,32,1,34.8429,33554400,8388590,4.85268,16778200,8388630,0.267339,2097150,1.40331,2097150,4194300,0,0,98.2716,99.8984,0,0,0,3691250000,939524000,268435000,402653000,134218000,188744000,0,3.34462,0,1.60542,0.802709,0,6.02039,32,100,1024,640,0,0,52
mtran,1403,33554432,128,1,0,1,1,4,32,4,64,0,87.0284,8388730,8387550,30.1528,16681800,8388630,1.66105,2097150,8.56295,2097150,4194300,0,0,94.512,99.8366,0,0,0,1979710000,503316000,268435000,201327000,0,109052000,0,15.062,0,0,5.02066,0,21.7569,32,100,1024,1280,0,0,52
mtran,9251,33554432,128,1,0,1,1,4,32,4,64,1,33.5987,33554400,8388460,4.67038,16779400,8388630,0.257092,2097150,1.32013,2097150,4194300,0,0,99.148,100.114,0,0,0,2382630000,503316000,268435000,234881000,67108900,127926000,0,2.7659,0,0.771879,0.771879,0,3.92383,32,100,1024,1280,0,0,52
mtran,1640,67108864,256,1,0,1,1,4,64,4,64,0,84.4844,8388630,8388000,29.4031,16757300,8388680,1.6217,2097150,8.32789,2097150,4194300,0,0,88.7905,99.8192,0,0,0,2885680000,939524000,268435000,335544000,0,150995000,0,15.465,0,0,4.88369,0,29.3027,32,100,1024,1280,0,0,52
mtran,8702,67108864,256,1,0,1,1,4,64,4,64,1,35.5869,33554400,8388680,4.97049,16778200,8388630,0.273547,2097150,1.40295,2097150,4194300,0,0,98.142,100.081,0,0,0,3691510000,939524000,268435000,402653000,134218000,188744000,0,3.41904,0,1.64114,0.82057,0,6.15437,32,100,1024,1280,0,0,52
mtran,3534,67108864,32,1,0,1,1,8,4,8,4,0,38.1365,8388620,8400110,13.2297,8389990,16777200,0.713155,2097150,5.11294,4194300,4194300,0,0,43.2109,97.2654,0,0,0,2885680000,939524000,268435000,335544000,0,150995000,0,7.13408,0,0,2.25287,0,13.5173,32,100,1024,144,0,0,52
mtran,3624,67108864,32,1,0,1,1,8,4,8,4,1,37.0854,8445210,8414070,12.8452,8388700,16777200,0.711162,2097150,4.96155,4194300,4194300,0,0,44.1829,98.0952,0,0,0,3691020000,939524000,268435000,402653000,134218000,188744000,0,9.03195,0,4.33534,2.16767,0,16.2576,32,100,1024,144,0,0,52
mtran,3377,33554432,32,1,0,1,1,8,4,8,8,0,38.9921,8388700,8378440,9.03591,8388700,8388630,0.733091,2097150,4.86365,4194300,4194300,0,0,47.0771,99.589,0,0,0,1979710000,503316000,268435000,201327000,0,109052000,0,6.76208,0,0,2.25403,0,9.76759,32,100,1024,288,0,0,52
mtran,3292,33554432,32,1,0,1,1,8,4,8,8,1,38.997,8473930,8388450,8.97685,8388700,8388630,0.740664,2097150,4.82363,4194300,4194300,0,0,47.3222,99.6751,0,0,0,2382400000,503316000,268435000,234881000,67108900,127926000,0,8.00354,0,2.23355,2.23355,0,11.354,32,100,1024,288,0,0,52
mtran,2371,16777216,32,1,0,1,1,8,4,8,16,0,55.6834,8388780,8386440,12.8846,8389620,8388630,1.01446,2097150,5.06602,4194300,4194300,0,0,48.3222,99.6597,0,0,0,1090520000,352322000,268435000,117441000,0,61866000,0,3.47806,0,0,2.40789,0,7.89289,32,100,1024,576,0,0,52
mtran,3340,16777216,32,1,0,1,1,8,4,8,16,1,41.7968,10137500,8388650,8.74693,8389580,8388680,0.722896,2097150,3.4375,4194300,4194300,0,0,48.8316,99.8348,0,0,0,1275100000,352322000,268435000,150995000,33554400,71303200,0,2.89953,0,1.08732,1.63099,0,6.16169,32,100,1024,576,0,0,52
mtran,1814,8388608,32,1,0,1,1,8,4,8,32,0,68.2579,8389000,8387630,15.8944,8388700,8388630,1.33182,2097150,4.44055,2097150,4194300,0,0,48.9454,100.39,0,0,0,713032000,167772000,268435000,41943000,0,39845900,0,2.94887,0,0,2.78504,0,6.22575,32,100,1024,1152,0,0,52
mtran,4638,8388608,32,1,0,1,1,8,4,8,32,1,37.8682,15337200,8388450,6.18811,8388700,8388630,0.511978,2097150,1.72677,2097150,4194300,0,0,49.5546,99.9201,0,0,0,805339000,167772000,268435000,58720300,16777200,44564500,0,1.34411,0,0.384033,1.08809,0,2.72037,32,100,1024,1152,0,0,52
mtran,3254,67108864,64,1,0,1,1,8,8,8,8,0,40.03,8388800,8377540,9.28536,8388700,8388700,0.751984,2097150,4.99638,4194300,4194300,0,0,93.9225,99.9575,0,0,0,2885680000,939524000,268435000,335544000,0,150995000,0,7.3055,0,0,2.307,0,13.8422,32,100,1024,288,0,0,52
mtran,3240,67108864,64,1,0,1,1,8,8,8,8,1,39.838,8505220,8388540,9.17014,8389600,8388630,0.748175,2097150,4.92544,4194300,4194300,0,0,93.9089,99.7307,0,0,0,3691050000,939524000,268435000,402653000,134218000,188744000,0,9.49757,0,4.55883,2.27942,0,17.0958,32,100,1024,288,0,0,52
mtran,2399,33554432,64,1,0,1,1,8,8,8,16,0,54.851,8389300,8385080,12.6975,8389020,8388630,1.00944,2097150,6.57163,4194300,4194300,0,0,96.3564,99.7435,0,0,0,1979710000,503316000,268435000,201327000,0,109052000,0,9.48748,0,0,3.16249,0,13.7045,32,100,1024,576,0,0,52
mtran,3305,33554432,64,1,0,1,1,8,8,8,16,1,41.8122,10057700,8388800,8.8023,8388700,8388630,0.725571,2097150,4.54729,4194300,4194300,0,0,97.0657,99.9566,0,0,0,2382430000,503316000,268435000,234881000,67108900,127926000,0,7.82474,0,2.18365,2.18365,0,11.1005,32,100,1024,576,0,0,52
mtran,1818,16777216,64,1,0,1,1,8,8,8,32,0,68.179,8388640,8387810,15.7443,8388700,8388680,1.33378,2097150,4.72626,2097150,4194300,0,0,96.4953,99.8718,0,0,0,1090520000,352322000,268435000,117441000,0,61866000,0,4.24277,0,0,2.9373,0,9.62873,32,100,1024,1152,0,0,52
mtran,4637,16777216,64,1,0,1,1,8,8,8,32,1,37.8891,15322200,8388420,6.21931,8389500,8388630,0.51255,2097150,1.86583,2097150,4194300,0,0,98.2721,99.9833,0,0,0,1275130000,352322000,268435000,150995000,33554400,71303200,0,2.05919,0,0.772195,1.15829,0,4.37605,32,100,1024,1152,0,0,52
mtran,1689,8388608,64,1,0,1,1,8,8,8,64,0,81.1311,8394240,8387360,18.8125,8388700,8388630,1.41753,2097150,5.37793,2350040,4234600,0,0,95.8734,99.8742,0,0,0,713032000,167772000,268435000,41943000,0,39845900,0,3.50942,0,0,3.31446,0,7.40961,32,100,1024,2304,0,0,52
mtran,4685,8388608,64,1,0,1,1,8,8,8,64,1,39.6762,16774800,8388620,6.15056,8389350,8388680,0.50643,2097150,1.75204,2360520,4202080,0,0,96.4467,99.9754,0,0,0,805372000,167772000,268435000,58720300,16777200,44564500,0,1.33658,0,0.381881,1.082,0,2.70527,32,100,1024,2304,0,0,52
mtran,2353,67108864,128,1,0,1,1,8,16,8,16,0,55.2286,8388620,8382790,12.7829,8388700,8388630,1.03575,2097150,6.61638,4194300,4194300,0,0,93.0451,99.9699,0,0,0,2885680000,939524000,268435000,335544000,0,150995000,0,10.0599,0,0,3.17682,0,19.0612,32,100,1024,576,0,0,52
mtran,3345,67108864,128,1,0,1,1,8,16,8,16,1,41.4924,10179000,8388930,8.71273,8388700,8388630,0.716588,2097150,4.50476,4194300,4194300,0,0,95.2859,99.9124,0,0,0,3691120000,939524000,268435000,402653000,134218000,188744000,0,9.01743,0,4.32837,2.16418,0,16.2316,32,100,1024,576,0,0,52
mtran,1804,33554432,128,1,0,1,1,8,16,8,32,0,70.6543,8388780,8388090,16.411,8388970,8388650,1.34442,2097150,6.96277,2097150,4194300,0,0,95.5861,99.8069,0,0,0,1979710000,503316000,268435000,201327000,0,109052000,0,12.251,0,0,4.08365,0,17.6964,32,100,1024,1152,0,0,52
mtran,4742,33554432,128,1,0,1,1,8,16,8,32,1,37.5318,15695000,8388370,6.04946,8389440,8388680,0.499778,2097150,2.5625,2097150,4194300,0,0,98.3415,99.8932,0,0,0,2382500000,503316000,268435000,234881000,67108900,127926000,0,5.38076,0,1.50161,1.50161,0,7.63338,32,100,1024,1152,0,0,52
mtran,1555,16777216,128,1,0,1,1,8,16,8,64,0,84.9682,8388620,8388580,19.661,8389740,8388630,1.52923,2097150,5.7999,2097150,4194300,0,0,96.9227,100.11,0,0,0,1090520000,352322000,268435000,117441000,0,61866000,0,5.28531,0,0,3.65906,0,11.9949,32,100,1024,2304,0,0,52
mtran,4684,16777216,128,1,0,1,1,8,16,8,64,1,39.735,16777500,8388440,6.1479,8391420,8388690,0.506524,2097150,1.81291,2097150,4194300,0,0,98.8272,99.9291,0,0,0,1275200000,352322000,268435000,150995000,33554400,71303200,0,2.03699,0,0.763871,1.14581,0,4.32893,32,100,1024,2304,0,0,52
mtran,1744,67108864,256,1,0,1,1,8,32,8,32,0,73.4038,8388730,8387830,17.0109,8388700,8388630,1.40315,2097150,7.22049,2097150,4194300,0,0,90.5388,99.9347,0,0,0,2885680000,939524000,268435000,335544000,0,150995000,0,13.3931,0,0,4.22939,0,25.3768,32,100,1024,1152,0,0,52
mtran,4780,67108864,256,1,0,1,1,8,32,8,32,1,37.4731,15836800,8388430,6.00555,8389170,8388680,0.496071,2097150,2.54361,2097150,4194300,0,0,96.5994,100.045,0,0,0,3691250000,939524000,268435000,402653000,134218000,188744000,0,6.20114,0,2.97655,1.48827,0,11.1622,32,100,1024,1152,0,0,52
mtran,1401,33554432,256,1,0,1,1,8,32,8,64,0,87.0191,8388860,8388080,20.1618,8388700,8388650,1.65781,2097150,8.44924,2097150,4194300,0,0,94.3248,99.8823,0,0,0,1979710000,503316000,268435000,201327000,0,109052000,0,15.0386,0,0,5.01285,0,21.7232,32,100,1024,2304,0,0,52
mtran,4724,33554432,256,1,0,1,1,8,32,8,64,1,39.4304,16777300,8388630,6.11048,8389670,8388680,0.504912,2097150,2.55757,2097150,4194300,0,0,98.245,100.054,0,0,0,2382630000,503316000,268435000,234881000,67108900,127926000,0,5.42796,0,1.51478,1.51478,0,7.70037,32,100,1024,2304,0,0,52
mtran,1647,67108864,512,1,0,1,1,8,64,8,64,0,84.2213,8388620,8388590,19.5532,8388700,8388630,1.62025,2097150,8.19485,2097150,4194300,0,0,87.9917,99.5061,0,0,0,2885680000,939524000,268435000,335544000,0,150995000,0,15.4543,0,0,4.88031,0,29.2824,32,100,1024,2304,0,0,52
mtran,4688,67108864,512,1,0,1,1,8,64,8,64,1,39.6893,16777400,8388800,6.14914,8389470,8388630,0.507695,2097150,2.5738,2097150,4194300,0,0,96.4575,99.3964,0,0,0,3691510000,939524000,268435000,402653000,134218000,188744000,0,6.39365,0,3.06895,1.53448,0,11.5087,32,100,1024,2304,0,0,52
mtran,3605,67108864,32,1,0,1,1,16,2,16,2,0,41.1773,8389330,8517060,23.6688,8388700,33554300,0.749969,2097150,5.48981,4194300,4194300,0,0,45.1426,100.033,0,0,0,2818570000,939524000,268435000,335544000,0,148898000,0,7.448,0,0,2.352,0,13.9161,32,100,1024,136,0,0,52
mtran,3643,67108864,32,1,0,1,1,16,2,16,2,1,36.4018,8388620,8466680,21.0283,8389170,33554400,0.694593,2097150,4.87503,4194300,4194300,0,0,45.6466,99.9229,0,0,0,3623900000,939524000,268435000,402653000,134218000,186647000,0,8.71213,0,4.18182,2.09091,0,15.5077,32,100,1024,136,0,0,52
mtran,3177,33554432,32,1,0,1,1,16,2,16,4,0,42.2694,8388620,8392640,14.6771,8389780,16777200,0.772907,2097150,5.26749,4194300,4194300,0,0,47.4518,99.9712,0,0,0,1979710000,503316000,268435000,201327000,0,109052000,0,7.29555,0,0,2.43185,0,10.5382,32,100,1024,272,0,0,52
mtran,3186,33554432,32,1,0,1,1,16,2,16,4,1,40.0848,8388620,8391550,13.9272,8388700,16777200,0.766482,2097150,4.98791,4194300,4194300,0,0,47.5282,99.9721,0,0,0,2382380000,503316000,268435000,234881000,67108900,127926000,0,8.25153,0,2.30275,2.30275,0,11.7058,32,100,1024,272,0,0,52
mtran,2811,16777216,32,1,0,1,1,16,2,16,8,0,46.4608,8389020,8380520,10.7551,8388700,8388630,0.863309,2097150,4.23052,4194300,4194300,0,0,48.5883,99.7632,0,0,0,1090520000,352322000,268435000,117441000,0,61866000,0,2.90144,0,0,2.00869,0,6.58434,32,100,1024,544,0,0,52
mtran,3285,16777216,32,1,0,1,1,16,2,16,8,1,40.0036,8388900,8388710,9.28705,8389140,8388630,0.737854,2097150,3.64973,4194300,4194300,0,0,48.7978,99.8452,0,0,0,1275080000,352322000,268435000,150995000,33554400,71303200,0,3.07823,0,1.15433,1.7315,0,6.54143,32,100,1024,544,0,0,52
mtran,2249,8388608,32,1,0,1,1,16,2,16,16,0,59.8217,8388800,8386860,13.8225,8388700,8388680,1.0686,2097150,5.00272,4194300,4194300,0,0,49.1272,99.6841,0,0,0,729809000,167772000,268435000,41943000,0,40632300,0,2.65267,0,0,2.43759,0,5.55658,32,100,1024,1088,0,0,52
mtran,3034,8388608,32,1,0,1,1,16,2,16,16,1,42.3793,8388620,8388240,9.79615,8388700,8388680,0.798277,2097150,3.54532,4194300,4194300,0,0,49.3353,99.885,0,0,0,830489000,167772000,268435000,50331600,16777200,45350900,0,2.18035,0,0.608469,1.724,0,4.38627,32,100,1024,1088,0,0,52
mtran,1964,4194304,32,1,0,1,1,16,2,16,32,0,62.4917,8389190,8388270,14.4717,8388700,8388630,1.21615,2097150,3.9986,2392310,4216570,0,0,49.4506,99.9038,0,0,0,499122000,83886100,268435000,20971500,0,28835800,0,1.94797,0,0,2.47242,0,4.12103,32,100,1024,2176,0,0,52
mtran,2646,4194304,32,1,0,1,1,16,2,16,32,1,47.3615,8388840,8388850,10.9917,8389720,8388650,0.905618,2097150,3.04176,2406350,4208760,0,0,49.5697,99.8914,0,0,0,545276000,83886100,268435000,29360100,8388610,31195100,0,1.62307,0,0.341699,1.87935,0,3.38876,32,100,1024,2176,0,0,52
mtran,2999,67108864,64,1,0,1,1,16,4,16,4,0,44.867,8388620,8384310,15.6084,8388720,16777100,0.817929,2097150,5.60117,4194300,4194300,0,0,93.3331,99.959,0,0,0,2885680000,939524000,268435000,335544000,0,150995000,0,8.18969,0,0,2.58622,0,15.5175,32,100,1024,272,0,0,52
mtran,3003,67108864,64,1,0,1,1,16,4,16,4,1,43.282,8388620,8391020,15.0467,8388700,16777200,0.828849,2097150,5.39008,4194300,4194300,0,0,94.141,99.8952,0,0,0,3691020000,939524000,268435000,402653000,134218000,188744000,0,10.3764,0,4.98068,2.49034,0,18.6777,32,100,1024,272,0,0,52
mtran,2915,33554432,64,1,0,1,1,16,4,16,8,0,45.5073,8388620,8377740,10.592,8388700,8388630,0.849116,2097150,5.47793,4194300,4194300,0,0,96.8299,100.311,0,0,0,1979710000,503316000,268435000,201327000,0,109052000,0,7.86379,0,0,2.62126,0,11.3591,32,100,1024,544,0,0,52
mtran,3267,33554432,64,1,0,1,1,16,4,16,8,1,39.1528,8388620,8388180,9.09513,8388700,8388630,0.740731,2097150,4.7026,4194300,4194300,0,0,96.9739,99.8788,0,0,0,2382400000,503316000,268435000,234881000,67108900,127926000,0,8.09828,0,2.25999,2.25999,0,11.4885,32,100,1024,544,0,0,52
mtran,2248,16777216,64,1,0,1,1,16,4,16,16,0,60.2738,8388620,8385120,13.9923,8388700,8388630,1.08556,2097150,5.35523,4194300,4194300,0,0,97.0254,100.226,0,0,0,1090520000,352322000,268435000,117441000,0,61866000,0,3.75465,0,0,2.59937,0,8.52097,32,100,1024,1088,0,0,52
mtran,3041,16777216,64,1,0,1,1,16,4,16,16,1,42.3469,8388620,8388310,9.80453,8388700,8388680,0.794694,2097150,3.75145,4194300,4194300,0,0,98.2898,99.9999,0,0,0,1275100000,352322000,268435000,150995000,33554400,71303200,0,3.2445,0,1.21669,1.82503,0,6.895,32,100,1024,1088,0,0,52
mtran,1969,8388608,64,1,0,1,1,16,4,16,32,0,62.5239,8388700,8386680,14.5317,8388700,8388630,1.2152,2097150,4.16173,2386700,4215620,0,0,95.0915,100.259,0,0,0,729809000,167772000,268435000,41943000,0,40632300,0,2.77373,0,0,2.54884,0,5.81049,32,100,1024,2176,0,0,52
mtran,2641,8388608,64,1,0,1,1,16,4,16,32,1,47.3383,8388620,8388850,10.9617,8388700,8388630,0.904721,2097150,3.14143,2404430,4208800,0,0,94.716,99.8696,0,0,0,830505000,167772000,268435000,50331600,16777200,45350900,0,2.43906,0,0.680668,1.92856,0,4.90698,32,100,1024,2176,0,0,52
mtran,1808,4194304,64,1,0,1,1,16,4,16,64,0,75.6625,8388630,8388160,17.5348,8388700,8388630,1.31598,2097150,4.81725,2415070,4218950,0,0,91.7594,99.7832,0,0,0,499122000,83886100,268435000,20971500,0,28835800,0,2.36325,0,0,2.99951,0,4.99998,32,100,1024,4352,0,0,52
mtran,2820,4194304,64,1,0,1,1,16,4,16,64,1,44.3553,8388630,8388560,10.2963,8388700,8388680,0.850249,2097150,2.83301,2436130,4206260,0,0,92.3152,99.8848,0,0,0,545292000,83886100,268435000,29360100,8388610,31195100,0,1.52008,0,0.320017,1.76009,0,3.17396,32,100,1024,4352,0,0,52
mtran,3225,67108864,128,1,0,1,1,16,8,16,8,0,40.8708,8388690,8377300,9.47222,8388700,8388680,0.763054,2097150,4.90219,4194300,4194300,0,0,94.8968,100.271,0,0,0,2885680000,939524000,268435000,335544000,0,150995000,0,7.4312,0,0,2.34669,0,14.0804,32,100,1024,544,0,0,52
mtran,3303,67108864,128,1,0,1,1,16,8,16,8,1,38.7392,8389920,8388050,8.95342,8388960,8388630,0.734558,2097150,4.62734,4194300,4194300,0,0,95.192,99.8287,0,0,0,3691050000,939524000,268435000,402653000,134218000,188744000,0,9.27055,0,4.44986,2.22493,0,16.6872,32,100,1024,544,0,0,52
mtran,2381,33554432,128,1,0,1,1,16,8,16,16,0,55.5482,8388620,8386250,12.8524,8388700,8388630,1.01492,2097150,6.51675,4194300,4194300,0,0,96.6487,99.8294,0,0,0,1979710000,503316000,268435000,201327000,0,109052000,0,9.592,0,0,3.19733,0,13.8556,32,100,1024,1088,0,0,52
mtran,3042,33554432,128,1,0,1,1,16,8,16,16,1,41.6463,8388620,8387940,9.63946,8388760,8388680,0.799852,2097150,4.87871,4194300,4194300,0,0,97.3313,99.9509,0,0,0,2382430000,503316000,268435000,234881000,67108900,127926000,0,8.56683,0,2.39074,2.39074,0,12.1533,32,100,1024,1088,0,0,52
mtran,1813,16777216,128,1,0,1,1,16,8,16,32,0,68.2014,8389050,8388900,15.825,8389040,8388630,1.3424,2097150,4.66876,2097150,4194300,0,0,97.5952,99.9922,0,0,0,1090520000,352322000,268435000,117441000,0,61866000,0,4.25955,0,0,2.94892,0,9.66697,32,100,1024,2176,0,0,52
mtran,2789,16777216,128,1,0,1,1,16,8,16,32,1,44.8573,8388860,8388010,10.4164,8388700,8388630,0.856179,2097150,3.07189,2097150,4194300,0,0,98.501,100.369,0,0,0,1275130000,352322000,268435000,150995000,33554400,71303200,0,3.43646,0,1.28867,1.93301,0,7.30303,32,100,1024,2176,0,0,52
mtran,1753,8388608,128,1,0,1,1,16,8,16,64,0,79.0861,8388620,8387860,18.2554,8388700,8388630,1.36001,2097150,5.15712,2347950,4218650,0,0,97.5434,99.7667,0,0,0,729809000,167772000,268435000,41943000,0,40632300,0,3.50298,0,0,3.21895,0,7.33829,32,100,1024,4352,0,0,52
mtran,2864,8388608,128,1,0,1,1,16,8,16,64,1,43.6782,8388830,8388400,10.1486,8388970,8388630,0.833684,2097150,2.86494,2354170,4206990,0,0,98.0786,100.364,0,0,0,830538000,167772000,268435000,50331600,16777200,45350900,0,2.24982,0,0.627858,1.77893,0,4.52635,32,100,1024,4352,0,0,52
mtran,2350,67108864,256,1,0,1,1,16,16,16,16,0,55.3022,8388620,8381080,12.8563,8388700,8388630,1.03981,2097150,6.51991,4194300,4194300,0,0,92.914,99.9703,0,0,0,2885680000,939524000,268435000,335544000,0,150995000,0,10.1155,0,0,3.19438,0,19.1666,32,100,1024,1088,0,0,52
mtran,3054,67108864,256,1,0,1,1,16,16,16,16,1,41.5332,8388810,8388540,9.6163,8389470,8388680,0.798441,2097150,4.86837,4194300,4194300,0,0,94.5505,99.6838,0,0,0,3691120000,939524000,268435000,402653000,134218000,188744000,0,9.96695,0,4.78414,2.39207,0,17.9408,32,100,1024,1088,0,0,52
mtran,1804,33554432,256,1,0,1,1,16,16,16,32,0,70.6566,8388620,8387350,16.3832,8388790,8388630,1.34529,2097150,6.8675,2097150,4194300,0,0,95.3608,99.942,0,0,0,1979710000,503316000,268435000,201327000,0,109052000,0,12.216,0,0,4.07199,0,17.646,32,100,1024,2176,0,0,52
mtran,2834,33554432,256,1,0,1,1,16,16,16,32,1,44.3583,8388620,8388790,10.2732,8388700,8388630,0.848891,2097150,4.2983,2097150,4194300,0,0,97.035,100.005,0,0,0,2382500000,503316000,268435000,234881000,67108900,127926000,0,9.12679,0,2.54701,2.54701,0,12.9477,32,100,1024,2176,0,0,52
mtran,1614,16777216,256,1,0,1,1,16,16,16,64,0,83.9847,8388660,8389780,19.4638,8388720,8388630,1.47238,2097150,5.68831,2097150,4194300,0,0,97.0895,99.9346,0,0,0,1090520000,352322000,268435000,117441000,0,61866000,0,5.23868,0,0,3.62678,0,11.8892,32,100,1024,4352,0,0,52
mtran,2850,16777216,256,1,0,1,1,16,16,16,64,1,43.9243,8389270,8388490,10.1549,8388700,8388630,0.836197,2097150,2.96525,2097150,4194300,0,0,98.3711,99.9397,0,0,0,1275200000,352322000,268435000,150995000,33554400,71303200,0,3.36089,0,1.26033,1.8905,0,7.14246,32,100,1024,4352,0,0,52
mtran,1762,67108864,512,1,0,1,1,16,32,16,32,0,73.0334,8388940,8387840,16.9737,8389000,8388630,1.40114,2097150,7.11187,2097150,4194300,0,0,89.9829,99.5035,0,0,0,2885680000,939524000,268435000,335544000,0,150995000,0,13.4123,0,0,4.23547,0,25.4133,32,100,1024,2176,0,0,52
mtran,2846,67108864,512,1,0,1,1,16,32,16,32,1,44.2714,8389610,8388240,10.2598,8389140,8388800,0.856588,2097150,4.29064,2097150,4194300,0,0,94.2174,98.7928,0,0,0,3691250000,939524000,268435000,402653000,134218000,188744000,0,10.7236,0,5.14734,2.57367,0,19.3028,32,100,1024,2176,0,0,52
mtran,1435,33554432,512,1,0,1,1,16,32,16,64,0,86.6931,8388620,8388060,20.0811,8388700,8388630,1.65286,2097150,8.36248,2097150,4194300,0,0,93.6506,99.8559,0,0,0,1979710000,503316000,268435000,201327000,0,109052000,0,14.9806,0,0,4.99352,0,21.6394,32,100,1024,4352,0,0,52
mtran,2830,33554432,512,1,0,1,1,16,32,16,64,1,44.1904,8388620,8388420,10.2319,8388720,8388630,0.843894,2097150,4.25414,2097150,4194300,0,0,96.8158,99.7311,0,0,0,2382630000,503316000,268435000,234881000,67108900,127926000,0,9.1141,0,2.54347,2.54347,0,12.9297,32,100,1024,4352,0,0,52
mtran,1807,67108864,1024,1,0,1,1,16,64,16,64,0,79.8612,8388620,8388720,18.5019,8388700,8388630,1.69217,2097150,7.70269,2097150,4194300,0,0,95.6377,89.045,0,0,0,2885680000,939524000,268435000,335544000,0,150995000,0,16.3335,0,0,5.15796,0,30.9484,32,100,1024,4352,0,0,52
mtran,2854,67108864,1024,1,0,1,1,16,64,16,64,1,44.0363,8389310,8388500,10.2051,8388700,8388630,0.888753,2097150,4.24172,2097150,4194300,0,0,97.7304,93.9337,0,0,0,3691510000,939524000,268435000,402653000,134218000,188744000,0,11.219,0,5.38513,2.69256,0,20.1945,32,100,1024,4352,0,0,52
mtran,5053,67108864,32,1,0,1,1,32,1,32,1,0,33.4267,8389660,10213700,31.4025,8388700,67108900,0.564221,2097150,2.8894,2097150,2097150,0,0,46.5663,99.7074,0,0,0,2147480000,939524000,268435000,536871000,0,132121000,0,4.63661,0,0,1.73873,0,9.12839,32,100,1024,132,0,0,52
mtran,4564,67108864,32,1,0,1,1,32,1,32,1,1,34.2515,8388620,8550750,35.4044,8389480,67108900,0.650984,2097150,3.25485,2097150,2097150,0,0,46.0377,100.174,0,0,0,3154120000,939524000,268435000,402653000,134218000,169869000,0,8.12297,0,3.89903,1.94951,0,13.1593,32,100,1024,132,0,0,52
mtran,3251,33554432,32,1,0,1,1,32,1,32,2,0,43.9034,8388620,8480620,25.2913,8388700,33552100,0.799351,2097150,4.61071,4194300,2097150,0,0,47.549,100.044,0,0,0,1946160000,503316000,268435000,167772000,0,106955000,0,7.75096,0,0,2.51382,0,10.6839,32,100,1024,264,0,0,52
mtran,2721,33554432,32,1,0,1,1,32,1,32,2,1,53.0999,8388620,8414540,30.7854,8388700,33552600,1.02022,2097150,5.60576,4194300,2097150,0,0,46.8765,99.9596,0,0,0,2315260000,503316000,268435000,234881000,67108900,125829000,0,10.9611,0,3.05892,3.05892,0,15.2948,32,100,1024,264,0,0,52
mtran,2776,16777216,32,1,0,1,1,32,1,32,4,0,49.0384,8388620,8405780,17.0246,8388700,16775500,0.892031,2097150,5.40521,8388610,2097150,0,0,48.6296,99.9567,0,0,0,1107300000,352322000,268435000,83886100,0,61341700,0,3.40911,0,0,2.116,0,6.87725,32,100,1024,528,0,0,52
mtran,2320,16777216,32,1,0,1,1,32,1,32,4,1,56.5831,8388720,8389700,19.6369,8388700,16776000,1.05449,2097150,6.23122,8388610,2097150,0,0,48.3754,99.8042,0,0,0,1258300000,352322000,268435000,150995000,33554400,70778900,0,4.34326,0,1.62872,2.44309,0,9.16187,32,100,1024,528,0,0,52
mtran,2529,8388608,32,1,0,1,1,32,1,32,8,0,53.4682,8388620,8388320,12.3618,8388700,8388630,0.967187,2097150,5.50156,8388610,2097150,0,0,49.1983,99.3951,0,0,0,713032000,167772000,268435000,50331600,0,40370200,0,2.317,0,0,2.18827,0,4.95607,32,100,1024,1056,0,0,52
mtran,2520,8388608,32,1,0,1,1,32,1,32,8,1,54.724,8388620,8386880,12.6714,8388700,8388630,0.977798,2097150,5.63561,8388610,2097150,0,0,49.1894,100.05,0,0,0,822092000,167772000,268435000,50331600,16777200,45088800,0,2.81641,0,0.785975,2.22693,0,5.63311,32,100,1024,1056,0,0,52
mtran,2257,4194304,32,1,0,1,1,32,1,32,16,0,59.3634,8388960,8387040,14.6601,8388700,8388630,1.14774,2097150,4.0687,4469350,2140310,0,0,49.4827,100.36,0,0,0,503316000,83886100,268435000,20971500,0,29098000,0,2.01083,0,0,2.50406,0,4.21169,32,100,1024,2112,0,0,52
mtran,2342,4194304,32,1,0,1,1,32,1,32,16,1,56.5601,8389030,8388230,14.9556,8388700,8388690,1.19428,2097150,4.12709,4475560,2140810,0,0,49.4708,98.8697,0,0,0,553656000,83886100,268435000,25165800,8388610,31457300,0,2.30261,0,0.468327,2.5758,0,4.6836,32,100,1024,2112,0,0,52
mtran,1890,2097152,32,1,0,1,1,32,1,32,32,0,65.2598,8388620,8386400,18.7867,8389140,8388630,1.5754,2097150,3.41516,2265880,2161550,0,0,46.4229,99.7177,0,0,0,398459000,46137300,268435000,10485800,0,23396400,0,2.11148,0,0,3.15509,0,4.33257,32,100,1024,4224,0,0,52
mtran,2017,2097152,32,1,0,1,1,32,1,32,32,1,61.1652,8388980,8388420,18.1524,8388700,8389100,1.50258,2097150,3.29793,2247560,2154340,0,0,46.4242,99.4626,0,0,0,421536000,46137300,268435000,14680100,4194300,24576000,0,2.19734,0,0.283528,3.07155,0,4.43051,32,100,1024,4224,0,0,52
mtran,3018,67108864,64,1,0,1,1,32,2,32,2,0,43.5364,8388620,8548900,31.7765,8388720,33552700,1.00031,2097150,5.75782,4194300,2097150,0,0,88.6215,99.8277,0,0,0,2818570000,939524000,268435000,335544000,0,148898000,0,9.96249,0,0,3.14605,0,18.6143,32,100,1024,264,0,0,52
mtran,2395,67108864,64,1,0,1,1,32,2,32,2,1,58.6045,8388620,8395110,33.9902,8388700,33552500,1.10916,2097150,6.19388,4194300,2097150,0,0,88.8754,99.8625,0,0,0,3623890000,939524000,268435000,402653000,134218000,186647000,0,14.0964,0,6.76626,3.38313,0,25.0918,32,100,1024,264,0,0,52
mtran,2878,33554432,64,1,0,1,1,32,2,32,4,0,46.7876,8388620,8392530,16.2855,8389930,16776800,0.857225,2097150,6.51924,8388610,2097150,0,0,95.3874,99.9442,0,0,0,1979710000,503316000,268435000,201327000,0,109052000,0,8.09736,0,0,2.69912,0,11.6965,32,100,1024,528,0,0,52
mtran,2357,33554432,64,1,0,1,1,32,2,32,4,1,55.4039,8388890,8388640,19.2376,8389180,16776100,1.0318,2097150,7.69834,8388610,2097150,0,0,95.1992,100.118,0,0,0,2382380000,503316000,268435000,234881000,67108900,127926000,0,11.4013,0,3.18175,3.18175,0,16.1743,32,100,1024,528,0,0,52
mtran,2574,16777216,64,1,0,1,1,32,2,32,8,0,52.6348,8389330,8384270,12.1387,8388700,8388630,0.952323,2097150,5.65264,8388610,2097150,0,0,96.1463,99.1625,0,0,0,1090520000,352322000,268435000,117441000,0,61866000,0,3.29355,0,0,2.28015,0,7.47454,32,100,1024,1056,0,0,52
mtran,2512,16777216,64,1,0,1,1,32,2,32,8,1,54.7414,8388820,8387790,12.6436,8388700,8388740,0.979153,2097150,5.88372,8388610,2097150,0,0,97.2383,100.14,0,0,0,1275080000,352322000,268435000,150995000,33554400,71303200,0,4.17812,0,1.5668,2.35019,0,8.87907,32,100,1024,1056,0,0,52
mtran,2266,8388608,64,1,0,1,1,32,2,32,16,0,59.3066,8389060,8386980,13.7552,8388700,8388630,1.08219,2097150,3.9919,4560450,2137180,0,0,95.0926,99.9653,0,0,0,729809000,167772000,268435000,41943000,0,40632300,0,2.63377,0,0,2.42022,0,5.51729,32,100,1024,2112,0,0,52
mtran,2345,8388608,64,1,0,1,1,32,2,32,16,1,56.6029,8388620,8387870,13.0938,8388700,8388630,1.04049,2097150,3.77111,4508460,2134210,0,0,95.117,99.9563,0,0,0,830489000,167772000,268435000,50331600,16777200,45350900,0,2.91361,0,0.8131,2.30378,0,5.86169,32,100,1024,2112,0,0,52
mtran,1910,4194304,64,1,0,1,1,32,2,32,32,0,65.1568,8388730,8389320,15.0782,8388700,8388630,1.26853,2097150,2.80501,2242450,2142620,0,0,91.6246,99.4491,0,0,0,499122000,83886100,268435000,29360100,0,29229100,0,2.07881,0,0,2.58871,0,4.37402,32,100,1024,4224,0,0,52
mtran,2020,4194304,64,1,0,1,1,32,2,32,32,1,62.3298,8388620,8389100,14.3412,8388700,8388630,1.19633,2097150,2.67769,2265250,2138190,0,0,91.6867,99.2631,0,0,0,557859000,83886100,268435000,25165800,8388610,31588400,0,2.20465,0,0.448403,2.46622,0,4.50337,32,100,1024,4224,0,0,52
mtran,1681,2097152,64,1,0,1,1,32,2,32,64,0,79.0477,8389060,8388770,18.2538,8388700,8388950,1.43533,2097150,3.31353,2276300,2158680,0,0,43.0644,99.2646,0,0,0,400556000,46137300,268435000,10485800,0,23461900,0,2.06928,0,0,3.09203,0,4.25793,32,100,1024,8448,0,0,52
mtran,1846,2097152,64,1,0,1,1,32,2,32,64,1,72.1905,8388620,8388420,16.7036,8388700,8388630,1.30764,2097150,3.01543,2266100,2144170,0,0,43.0934,99.9261,0,0,0,423641000,46137300,268435000,14680100,4194300,24641500,0,1.98884,0,0.259415,2.81032,0,4.06456,32,100,1024,8448,0,0,52
mtran,2951,67108864,128,1,0,1,1,32,4,32,4,0,45.63,8388620,8387110,15.9025,8389080,16777100,0.835207,2097150,6.3659,8388610,2097150,0,0,93.113,100.156,0,0,0,2885680000,939524000,268435000,335544000,0,150995000,0,8.32853,0,0,2.63006,0,15.7806,32,100,1024,528,0,0,52
mtran,2371,67108864,128,1,0,1,1,32,4,32,4,1,54.5672,8388620,8388410,19.0147,8388700,16777200,1.02206,2097150,7.60886,8388610,2097150,0,0,92.6466,99.7131,0,0,0,3691020000,939524000,268435000,402653000,134218000,188744000,0,13.1565,0,6.31511,3.15756,0,23.682,32,100,1024,528,0,0,52
mtran,2819,33554432,128,1,0,1,1,32,4,32,8,0,47.0442,8388620,8379280,10.8631,8389210,8388630,0.875842,2097150,6.41013,8388610,2097150,0,0,96.948,100.172,0,0,0,1979710000,503316000,268435000,201327000,0,109052000,0,8.08307,0,0,2.69436,0,11.6759,32,100,1024,1056,0,0,52
mtran,2420,33554432,128,1,0,1,1,32,4,32,8,1,55.5825,8389050,8386950,12.8828,8388700,8388630,1.00474,2097150,7.59741,8388610,2097150,0,0,96.5313,99.9832,0,0,0,2382400000,503316000,268435000,234881000,67108900,127926000,0,11.4647,0,3.19945,3.19945,0,16.2643,32,100,1024,1056,0,0,52
mtran,2113,16777216,128,1,0,1,1,32,4,32,16,0,62.907,8388620,8387760,14.5368,8388910,8388630,1.13223,2097150,4.28445,4194300,2097150,0,0,97.7898,99.8778,0,0,0,1090520000,352322000,268435000,117441000,0,61866000,0,3.91341,0,0,2.70928,0,8.88141,32,100,1024,2112,0,0,52
mtran,2328,16777216,128,1,0,1,1,32,4,32,16,1,57.0222,8388870,8387950,13.2374,8389210,8388630,1.03688,2097150,3.90222,4194300,2097150,0,0,98.1183,99.819,0,0,0,1275100000,352322000,268435000,150995000,33554400,71303200,0,4.38938,0,1.64602,2.46903,0,9.32814,32,100,1024,2112,0,0,52
mtran,1859,8388608,128,1,0,1,1,32,4,32,32,0,67.1094,8388850,8388460,15.5463,8388700,8388630,1.30478,2097150,3.05173,2233650,2151580,0,0,97.8092,99.7279,0,0,0,729809000,167772000,268435000,41943000,0,40632300,0,2.98293,0,0,2.74107,0,6.24886,32,100,1024,4224,0,0,52
mtran,2034,8388608,128,1,0,1,1,32,4,32,32,1,61.4801,8388620,8388890,14.26,8388700,8388630,1.18392,2097150,2.78344,2221240,2135360,0,0,97.9147,99.86,0,0,0,830505000,167772000,268435000,50331600,16777200,45350900,0,3.17597,0,0.886318,2.51123,0,6.38964,32,100,1024,4224,0,0,52
mtran,1710,4194304,128,1,0,1,1,32,4,32,64,0,79.3203,8388620,8388600,20.3873,8388700,8388630,1.58354,2097150,3.79881,2264400,2151140,0,0,86.0469,99.7465,0,0,0,499122000,83886100,268435000,29360100,0,29229100,0,2.8083,0,0,3.49713,0,5.90901,32,100,1024,8448,0,0,52
mtran,1846,4194304,128,1,0,1,1,32,4,32,64,1,73.0603,8388620,8387050,20.6333,8388700,8388630,1.58066,2097150,3.78445,2226080,2152220,0,0,85.9494,99.6771,0,0,0,557875000,83886100,268435000,25165800,8388610,31588400,0,3.14141,0,0.638931,3.51412,0,6.41691,32,100,1024,8448,0,0,52
mtran,3138,67108864,256,1,0,1,1,32,8,32,8,0,39.7579,8388620,8379050,11.8226,8388700,8388630,0.968756,2097150,6.97215,8388610,2097150,0,0,92.9611,99.8481,0,0,0,2885680000,939524000,268435000,335544000,0,150995000,0,9.31034,0,0,2.94011,0,17.641,32,100,1024,1056,0,0,52
mtran,2401,67108864,256,1,0,1,1,32,8,32,8,1,55.5325,8389200,8385780,12.9374,8389130,8388630,1.01177,2097150,7.62967,8388610,2097150,0,0,92.8061,100.112,0,0,0,3691050000,939524000,268435000,402653000,134218000,188744000,0,13.3704,0,6.41778,3.20889,0,24.0671,32,100,1024,1056,0,0,52
mtran,2304,33554432,256,1,0,1,1,32,8,32,16,0,57.5699,8388620,8386650,13.3343,8388700,8388630,1.04544,2097150,5.59012,4194300,2097150,0,0,96.3359,99.8554,0,0,0,1979710000,503316000,268435000,201327000,0,109052000,0,9.95237,0,0,3.31746,0,14.3762,32,100,1024,2112,0,0,52
mtran,2257,33554432,256,1,0,1,1,32,8,32,16,1,57.2613,8388620,8388780,13.2631,8388700,8388630,1.06842,2097150,5.55667,4194300,2097150,0,0,96.2687,99.813,0,0,0,2382430000,503316000,268435000,234881000,67108900,127926000,0,11.8214,0,3.29901,3.29901,0,16.7705,32,100,1024,2112,0,0,52
mtran,1757,16777216,256,1,0,1,1,32,8,32,32,0,70.8206,8388620,8387860,16.4136,8388700,8388630,1.38283,2097150,3.44142,2097150,2097150,0,0,97.2974,99.8288,0,0,0,1090520000,352322000,268435000,117441000,0,61866000,0,4.42619,0,0,3.06429,0,10.0452,32,100,1024,4224,0,0,52
mtran,2046,16777216,256,1,0,1,1,32,8,32,32,1,61.2506,8388620,8386960,14.2144,8389100,8388630,1.17827,2097150,2.9774,2097150,2097150,0,0,97.6842,99.7607,0,0,0,1275130000,352322000,268435000,150995000,33554400,71303200,0,4.71631,0,1.76862,2.65292,0,10.023,32,100,1024,4224,0,0,52
mtran,1680,8388608,256,1,0,1,1,32,8,32,64,0,79.1436,8388620,8390140,18.4166,8389270,8388630,1.45219,2097150,3.55183,2175920,2152100,0,0,95.8321,100.192,0,0,0,729809000,167772000,268435000,41943000,0,40632300,0,3.51934,0,0,3.23399,0,7.37266,32,100,1024,8448,0,0,52
mtran,1849,8388608,256,1,0,1,1,32,8,32,64,1,71.9553,8388620,8389370,16.5892,8389130,8388630,1.29706,2097150,3.18986,2168810,2140440,0,0,95.9904,99.9724,0,0,0,830537000,167772000,268435000,50331600,16777200,45350900,0,3.69548,0,1.0313,2.92201,0,7.4349,32,100,1024,8448,0,0,52
mtran,2307,67108864,512,1,0,1,1,32,16,32,16,0,56.2061,8389290,8382840,13.0292,8389400,8388630,1.0654,2097150,5.46251,4194300,2097150,0,0,92.5868,99.0237,0,0,0,2885680000,939524000,268435000,335544000,0,150995000,0,10.3517,0,0,3.26896,0,19.6141,32,100,1024,2112,0,0,52
mtran,2259,67108864,512,1,0,1,1,32,16,32,16,1,57.1404,8388730,8386760,13.2575,8388700,8388680,1.07901,2097150,5.55639,4194300,2097150,0,0,92.5239,99.0756,0,0,0,3691120000,939524000,268435000,402653000,134218000,188744000,0,13.8475,0,6.6468,3.3234,0,24.9259,32,100,1024,2112,0,0,52
mtran,1785,33554432,512,1,0,1,1,32,16,32,32,0,71.627,8388620,8388200,16.623,8388700,8388630,1.36269,2097150,5.548,2097150,2097150,0,0,94.7658,100.083,0,0,0,1979710000,503316000,268435000,201327000,0,109052000,0,12.376,0,0,4.12532,0,17.8771,32,100,1024,4224,0,0,52
mtran,2043,33554432,512,1,0,1,1,32,16,32,32,1,61.5002,8388880,8388150,14.175,8388700,8388680,1.17355,2097150,4.73298,2097150,2097150,0,0,95.5706,99.5814,0,0,0,2382500000,503316000,268435000,234881000,67108900,127926000,0,12.6744,0,3.53703,3.53703,0,17.9805,32,100,1024,4224,0,0,52
mtran,1573,16777216,512,1,0,1,1,32,16,32,64,0,84.4568,8388620,8387510,19.5511,8388700,8388630,1.52327,2097150,4.07287,2097150,2097150,0,0,96.4988,99.9681,0,0,0,1090520000,352322000,268435000,117441000,0,61866000,0,5.26353,0,0,3.64398,0,11.9456,32,100,1024,8448,0,0,52
mtran,1832,16777216,512,1,0,1,1,32,16,32,64,1,73.3346,8388780,8388870,17.035,8388700,8388630,1.31592,2097150,3.54727,2097150,2097150,0,0,97.0897,99.662,0,0,0,1275200000,352322000,268435000,150995000,33554400,71303200,0,5.65952,0,2.12232,3.18348,0,12.0274,32,100,1024,8448,0,0,52
mtran,1798,67108864,1024,1,0,1,1,32,32,32,32,0,73.1233,8389640,8387590,16.9713,8389580,8388630,1.51627,2097150,5.6639,2097150,2097150,0,0,96.126,90.1394,0,0,0,2885680000,939524000,268435000,335544000,0,150995000,0,14.8076,0,0,4.67608,0,28.057,32,100,1024,4224,0,0,52
mtran,2257,67108864,1024,1,0,1,1,32,32,32,32,1,60.3772,8388780,8388380,14.0158,8389000,8388630,1.24609,2097150,4.67726,2097150,2097150,0,0,96.8479,91.6938,0,0,0,3691250000,939524000,268435000,402653000,134218000,188744000,0,15.8169,0,7.59212,3.79606,0,28.4709,32,100,1024,4224,0,0,52
mtran,1512,33554432,1024,1,0,1,1,32,32,32,64,0,87.1608,8389240,8389810,20.1706,8388700,8388630,1.75937,2097150,6.70636,2097150,2097150,0,0,97.4933,93.8156,0,0,0,1979710000,503316000,268435000,201327000,0,109052000,0,16.0214,0,0,5.34048,0,23.143,32,100,1024,8448,0,0,52
mtran,1957,33554432,1024,1,0,1,1,32,32,32,64,1,68.1358,8388620,8388360,15.8273,8388700,8388630,1.36195,2097150,5.26079,2097150,2097150,0,0,97.9314,95.0966,0,0,0,2382630000,503316000,268435000,234881000,67108900,127926000,0,14.8095,0,4.1329,4.1329,0,21.0096,32,100,1024,8448,0,0,52
mtran,4487,67108864,64,1,0,1,1,64,1,64,1,0,36.9176,8388680,9840050,35.4052,8388700,67108900,0.633459,2097150,2.9337,2097150,2097150,0,0,88.6755,100.144,0,0,0,2147480000,939524000,268435000,536871000,0,132121000,0,5.20795,0,0,1.95298,0,10.2533,32,100,1024,260,0,0,52
mtran,3952,67108864,64,1,0,1,1,64,1,64,1,1,41.418,8389580,9264540,41.0831,8388700,67109000,0.756467,2097150,3.40465,2097150,2097150,0,0,88.6901,99.9435,0,0,0,3154120000,939524000,268435000,402653000,134218000,169869000,0,9.4627,0,4.5421,2.27105,0,15.3297,32,100,1024,260,0,0,52
mtran,2984,33554432,64,1,0,1,1,64,1,64,2,0,45.8459,8388620,8520700,26.3766,8388900,33543500,0.832776,2097150,4.5887,4194300,2097150,0,0,93.0752,99.8223,0,0,0,1946160000,503316000,268435000,167772000,0,106955000,0,8.09925,0,0,2.62678,0,11.1641,32,100,1024,520,0,0,52
mtran,2348,33554432,64,1,0,1,1,64,1,64,2,1,63.0469,8388620,8403620,36.6066,8389610,33543800,1.20286,2097150,6.36987,4194300,2097150,0,0,91.8614,100.027,0,0,0,2315260000,503316000,268435000,234881000,67108900,125829000,0,13.0395,0,3.63893,3.63893,0,18.1951,32,100,1024,520,0,0,52
mtran,2710,16777216,64,1,0,1,1,64,1,64,4,0,50.1961,8388920,8497770,17.3122,8389510,16774400,0.91276,2097150,5.37887,8388610,2097150,0,0,93.5363,99.9695,0,0,0,1107300000,352322000,268435000,83886100,0,61341700,0,3.46744,0,0,2.15221,0,6.99518,32,100,1024,1040,0,0,52
mtran,2071,16777216,64,1,0,1,1,64,1,64,4,1,63.9926,8388620,8410750,22.128,8388720,16775000,1.18123,2097150,6.8727,8388610,2097150,0,0,93.2365,99.6747,0,0,0,1258300000,352322000,268435000,150995000,33554400,70778900,0,4.9032,0,1.8387,2.75805,0,10.3434,32,100,1024,1040,0,0,52
mtran,2603,8388608,64,1,0,1,1,64,1,64,8,0,51.1679,8388620,8387890,11.884,8388700,8388630,0.936224,2097150,5.38466,8691560,2125740,0,0,95.0117,100.028,0,0,0,713032000,167772000,268435000,50331600,0,40370200,0,2.21403,0,0,2.09103,0,4.73615,32,100,1024,2080,0,0,52
mtran,2496,8388608,64,1,0,1,1,64,1,64,8,1,52.1128,8388620,8386880,12.199,8388700,8388630,0.975498,2097150,5.56573,8773540,2129040,0,0,95.1543,101.076,0,0,0,822092000,167772000,268435000,50331600,16777200,45088800,0,2.68516,0,0.749348,2.12315,0,5.37087,32,100,1024,2080,0,0,52
mtran,2309,4194304,64,1,0,1,1,64,1,64,16,0,58.3117,8388620,8389190,14.3616,8388700,8388630,1.14371,2097150,3.99885,4554560,2138360,0,0,91.9343,100.068,0,0,0,503316000,83886100,268435000,20971500,0,29098000,0,1.97708,0,0,2.46202,0,4.1413,32,100,1024,4160,0,0,52
mtran,2434,4194304,64,1,0,1,1,64,1,64,16,1,54.0482,8388620,8387540,14.5746,8388700,8388630,1.15768,2097150,4.10121,4660750,2142170,0,0,91.9457,99.7592,0,0,0,553656000,83886100,268435000,25165800,8388610,31457300,0,2.22928,0,0.453413,2.49377,0,4.53477,32,100,1024,4160,0,0,52
mtran,1839,2097152,64,1,0,1,1,64,1,64,32,0,66.894,8388620,8387930,19.1871,8388980,8388630,1.60535,2097150,3.46404,2271710,2160090,0,0,42.876,99.9188,0,0,0,402653000,46137300,268435000,10485800,0,23593000,0,2.20003,0,0,3.21353,0,4.44996,32,100,1024,8320,0,0,52
mtran,1890,2097152,64,1,0,1,1,64,1,64,32,1,64.9585,8388900,8388150,19.2944,8388700,8389040,1.60652,2097150,3.50184,2265130,2160490,0,0,42.8818,100.338,0,0,0,427827000,46137300,268435000,12582900,4194300,24772600,0,2.36725,0,0.299021,3.23939,0,4.71003,32,100,1024,8320,0,0,52
mtran,1522,1048576,64,1,0,1,1,64,1,64,64,0,86.1715,8388620,8391470,23.8145,8388700,8388630,1.87175,2097150,4.45396,2510210,2164740,0,0,18.4937,98.8494,0,0,0,350224000,27263000,268435000,5242880,0,20742100,0,2.43653,0,0,4.00398,0,4.91212,32,100,1024,16640,0,0,52
mtran,1552,1048576,64,1,0,1,1,64,1,64,64,1,85.1289,8388620,8390460,23.5614,8388720,8388630,1.83031,2097150,4.4144,2525160,2162340,0,0,18.488,98.3995,0,0,0,361767000,27263000,268435000,7340030,2097150,21332000,0,2.512,0,0.184933,3.97606,0,5.01656,32,100,1024,16640,0,0,52
mtran,2982,67108864,128,1,0,1,1,64,2,64,2,0,44.8947,8388630,8504660,31.0435,8388700,33553400,0.97576,2097150,5.37131,4194300,2097150,0,0,89.2144,99.8641,0,0,0,2818570000,939524000,268435000,335544000,0,148898000,0,9.73275,0,0,3.0735,0,18.1852,32,100,1024,520,0,0,52
mtran,2374,67108864,128,1,0,1,1,64,2,64,2,1,63.3793,8388620,8395120,36.8035,8388700,33553600,1.21246,2097150,6.40636,4194300,2097150,0,0,88.092,99.9052,0,0,0,3623890000,939524000,268435000,402653000,134218000,186647000,0,15.2677,0,7.3285,3.66425,0,27.1769,32,100,1024,520,0,0,52
mtran,2824,33554432,128,1,0,1,1,64,2,64,4,0,47.8462,8388800,8391940,16.6422,8389500,16777000,0.876088,2097150,6.54708,8388610,2097150,0,0,95.3851,100.101,0,0,0,1979710000,503316000,268435000,201327000,0,109052000,0,8.26166,0,0,2.75389,0,11.9339,32,100,1024,1040,0,0,52
mtran,2068,33554432,128,1,0,1,1,64,2,64,4,1,64.0833,8389220,8392270,22.379,8389170,16776600,1.19198,2097150,8.80178,8388610,2097150,0,0,94.6558,100.218,0,0,0,2382380000,503316000,268435000,234881000,67108900,127926000,0,13.2509,0,3.69793,3.69793,0,18.7984,32,100,1024,1040,0,0,52
mtran,2518,16777216,128,1,0,1,1,64,2,64,8,0,53.6781,8388810,8386230,12.5825,8388850,8388630,0.965695,2097150,5.79212,8388610,2097150,0,0,97.0015,100.432,0,0,0,1090520000,352322000,268435000,117441000,0,61866000,0,3.36959,0,0,2.33279,0,7.64723,32,100,1024,2080,0,0,52
mtran,2307,16777216,128,1,0,1,1,64,2,64,8,1,58.3671,8388620,8390760,13.4169,8388700,8388630,1.04835,2097150,6.17549,8388610,2097150,0,0,97.6384,100.914,0,0,0,1275080000,352322000,268435000,150995000,33554400,71303200,0,4.40056,0,1.65021,2.47532,0,9.35189,32,100,1024,2080,0,0,52
mtran,2201,8388608,128,1,0,1,1,64,2,64,16,0,60.5045,8388620,8387060,14.0152,8388700,8388630,1.1061,2097150,4.00331,4512200,2134010,0,0,97.6467,99.9963,0,0,0,729809000,167772000,268435000,41943000,0,40632300,0,2.68316,0,0,2.46561,0,5.62088,32,100,1024,4160,0,0,52
mtran,2256,8388608,128,1,0,1,1,64,2,64,16,1,59.3673,8389080,8388010,13.691,8388700,8388630,1.09419,2097150,3.96501,4612280,2136300,0,0,97.7405,99.149,0,0,0,830488000,167772000,268435000,50331600,16777200,45350900,0,3.07138,0,0.857129,2.42853,0,6.17921,32,100,1024,4160,0,0,52
mtran,1877,4194304,128,1,0,1,1,64,2,64,32,0,66.9931,8388670,8391110,15.519,8388700,8388630,1.30737,2097150,2.88125,2269880,2139650,0,0,86.1755,100.216,0,0,0,499122000,83886100,268435000,29360100,0,29229100,0,2.12272,0,0,2.64339,0,4.46646,32,100,1024,8320,0,0,52
mtran,1930,4194304,128,1,0,1,1,64,2,64,32,1,64.8185,8388620,8386440,14.9813,8388700,8388630,1.25543,2097150,2.74779,2216930,2136780,0,0,86.0715,99.5865,0,0,0,557859000,83886100,268435000,25165800,8388610,31588400,0,2.29504,0,0.466788,2.56734,0,4.68805,32,100,1024,8320,0,0,52
mtran,1526,2097152,128,1,0,1,1,64,2,64,64,0,85.4677,8388740,8387540,19.7907,8388700,8388630,1.57178,2097150,3.69478,2432160,2150160,0,0,37.0059,99.5538,0,0,0,396362000,46137300,268435000,18874400,0,23658500,0,2.26268,0,0,3.3426,0,4.64151,32,100,1024,16640,0,0,52
mtran,1561,2097152,128,1,0,1,1,64,2,64,64,1,85.4299,8388620,8388330,25.3631,8388700,8388630,1.94772,2097150,4.76755,2429070,2174080,0,0,36.8988,99.7883,0,0,0,429932000,46137300,268435000,12582900,4194300,24838100,0,3.13069,0,0.395455,4.2841,0,6.24545,32,100,1024,16640,0,0,52
mtran,2912,67108864,256,1,0,1,1,64,4,64,4,0,44.5135,8388620,8391080,19.7986,8388700,16777200,1.03983,2097150,7.75821,8388610,2097150,0,0,89.9951,99.8469,0,0,0,2885680000,939524000,268435000,335544000,0,150995000,0,10.3601,0,0,3.27162,0,19.6301,32,100,1024,1040,0,0,52
mtran,2032,67108864,256,1,0,1,1,64,4,64,4,1,64.6134,8388750,8389630,22.4949,8388700,16777200,1.19808,2097150,8.84456,8388610,2097150,0,0,89.4151,100.227,0,0,0,3691020000,939524000,268435000,402653000,134218000,188744000,0,15.4816,0,7.43118,3.71559,0,27.8674,32,100,1024,1040,0,0,52
mtran,2758,33554432,256,1,0,1,1,64,4,64,8,0,48.0713,8388620,8380130,11.1344,8388700,8388680,0.898195,2097150,6.50902,8388610,2097150,0,0,96.5883,99.7598,0,0,0,1979710000,503316000,268435000,201327000,0,109052000,0,8.31465,0,0,2.77155,0,12.0105,32,100,1024,2080,0,0,52
mtran,2214,33554432,256,1,0,1,1,64,4,64,8,1,60.3274,8388620,8383060,14.0454,8388700,8388630,1.09792,2097150,8.21087,8388610,2097150,0,0,95.8176,100.454,0,0,0,2382400000,503316000,268435000,234881000,67108900,127926000,0,12.4414,0,3.47203,3.47203,0,17.65,32,100,1024,2080,0,0,52
mtran,2076,16777216,256,1,0,1,1,64,4,64,16,0,63.8536,8388620,8386180,14.7824,8388700,8388630,1.15847,2097150,4.32174,4194300,2097150,0,0,97.1282,99.6607,0,0,0,1090520000,352322000,268435000,117441000,0,61866000,0,3.99107,0,0,2.76305,0,9.05774,32,100,1024,4160,0,0,52
mtran,2142,16777216,256,1,0,1,1,64,4,64,16,1,62.6392,8388620,8387050,14.4432,8389450,8388630,1.14686,2097150,4.22134,4194300,2097150,0,0,97.3923,100.298,0,0,0,1275100000,352322000,268435000,150995000,33554400,71303200,0,4.76748,0,1.78781,2.68171,0,10.1317,32,100,1024,4160,0,0,52
mtran,1824,8388608,256,1,0,1,1,64,4,64,32,0,69.1232,8388620,8387980,15.8954,8389450,8388630,1.33749,2097150,3.0689,2185820,2147600,0,0,95.8588,100.082,0,0,0,729809000,167772000,268435000,41943000,0,40632300,0,3.04079,0,0,2.79424,0,6.37015,32,100,1024,8320,0,0,52
mtran,1882,8388608,256,1,0,1,1,64,4,64,32,1,66.4306,8388620,8387860,15.295,8388700,8388630,1.29005,2097150,2.94034,2170460,2143180,0,0,95.8148,99.5703,0,0,0,830505000,167772000,268435000,50331600,16777200,45350900,0,3.41708,0,0.953602,2.70187,0,6.87478,32,100,1024,8320,0,0,52
mtran,1631,4194304,256,1,0,1,1,64,4,64,64,0,80.8972,8388620,8390790,18.7235,8388700,8388630,1.47655,2097150,3.41449,2200780,2140430,0,0,72.6638,99.5712,0,0,0,499122000,83886100,268435000,29360100,0,29229100,0,2.57828,0,0,3.21069,0,5.42495,32,100,1024,16640,0,0,52
mtran,1692,4194304,256,1,0,1,1,64,4,64,64,1,79.0915,8388760,8387650,18.332,8388700,8388630,1.42814,2097150,3.33913,2199000,2137760,0,0,72.3448,99.8388,0,0,0,557875000,83886100,268435000,25165800,8388610,31588400,0,2.80199,0,0.569896,3.13443,0,5.72351,32,100,1024,16640,0,0,52
mtran,3089,67108864,512,1,0,1,1,64,8,64,8,0,42.4435,8390240,8378100,11.5503,8394230,8388630,0.80688,2097150,6.73289,8388610,2097150,0,0,94.0157,98.3234,0,0,0,2885680000,939524000,268435000,335544000,0,150995000,0,9.21107,0,0,2.90876,0,17.4529,32,100,1024,2080,0,0,52
mtran,2188,67108864,512,1,0,1,1,64,8,64,8,1,60.1104,8388680,8387610,13.8981,8388700,8388630,1.11195,2097150,8.12573,8388610,2097150,0,0,92.0406,98.1227,0,0,0,3691050000,939524000,268435000,402653000,134218000,188744000,0,14.657,0,7.03535,3.51768,0,26.383,32,100,1024,2080,0,0,52
mtran,2268,33554432,512,1,0,1,1,64,8,64,16,0,58.6243,8388620,8389080,13.5644,8388700,8388630,1.06562,2097150,5.65248,4194300,2097150,0,0,95.9119,99.7167,0,0,0,1979710000,503316000,268435000,201327000,0,109052000,0,10.14,0,0,3.38,0,14.6472,32,100,1024,4160,0,0,52
mtran,2106,33554432,512,1,0,1,1,64,8,64,16,1,62.3215,8388630,8388590,14.461,8388700,8388680,1.16605,2097150,6.02185,4194300,2097150,0,0,95.56,99.7711,0,0,0,2382430000,503316000,268435000,234881000,67108900,127926000,0,12.8961,0,3.59891,3.59891,0,18.295,32,100,1024,4160,0,0,52
mtran,1733,16777216,512,1,0,1,1,64,8,64,32,0,72.1196,8389140,8387280,16.6967,8388700,8388630,1.39782,2097150,3.4775,2097150,2097150,0,0,95.8285,100.142,0,0,0,1090520000,352322000,268435000,117441000,0,61866000,0,4.48629,0,0,3.10589,0,10.1816,32,100,1024,8320,0,0,52
mtran,1844,16777216,512,1,0,1,1,64,8,64,32,1,67.731,8388980,8386460,15.7398,8388700,8388630,1.31529,2097150,3.27771,2097150,2097150,0,0,96.8457,100.028,0,0,0,1275130000,352322000,268435000,150995000,33554400,71303200,0,5.2103,0,1.95386,2.93079,0,11.0727,32,100,1024,8320,0,0,52
mtran,1630,8388608,512,1,0,1,1,64,8,64,64,0,81.2811,8388620,8386970,18.9185,8388980,8388630,1.48168,2097150,3.70446,2264560,2155180,0,0,91.744,100.432,0,0,0,729809000,167772000,268435000,41943000,0,40632300,0,3.60618,0,0,3.31379,0,7.55459,32,100,1024,16640,0,0,52
mtran,1648,8388608,512,1,0,1,1,64,8,64,64,1,80.2957,8389190,8388770,18.6779,8388700,8388630,1.45451,2097150,3.6742,2287690,2155840,0,0,91.8872,99.4274,0,0,0,830537000,167772000,268435000,50331600,16777200,45350900,0,4.17868,0,1.16614,3.30407,0,8.40705,32,100,1024,16640,0,0,52
mtran,2291,67108864,1024,1,0,1,1,64,16,64,16,0,56.1793,8388800,8381940,13.0353,8388700,8388630,1.14338,2097150,5.42913,4194300,2097150,0,0,96.8267,92.3079,0,0,0,2885680000,939524000,268435000,335544000,0,150995000,0,11.1055,0,0,3.50701,0,21.0425,32,100,1024,4160,0,0,52
mtran,2052,67108864,1024,1,0,1,1,64,16,64,16,1,64.9676,8388620,8385640,15.0572,8388700,8388630,1.32664,2097150,6.26887,4194300,2097150,0,0,96.3837,91.2225,0,0,0,3691120000,939524000,268435000,402653000,134218000,188744000,0,17.0735,0,8.19527,4.09763,0,30.7327,32,100,1024,4160,0,0,52
mtran,1777,33554432,1024,1,0,1,1,64,16,64,32,0,71.9972,8388620,8387530,16.6798,8389500,8388630,1.43765,2097150,5.54618,2097150,2097150,0,0,97.948,94.9688,0,0,0,1979710000,503316000,268435000,201327000,0,109052000,0,13.0889,0,0,4.36296,0,18.9069,32,100,1024,8320,0,0,52
mtran,1840,33554432,1024,1,0,1,1,64,16,64,32,1,68.6268,8388730,8387560,15.8918,8388700,8388630,1.37379,2097150,5.28308,2097150,2097150,0,0,97.9237,95.396,0,0,0,2382490000,503316000,268435000,234881000,67108900,127926000,0,14.8256,0,4.13737,4.13737,0,21.0323,32,100,1024,8320,0,0,52
mtran,1549,16777216,1024,1,0,1,1,64,16,64,64,0,84.9843,8388650,8387810,19.6667,8388700,8388630,1.59197,2097150,4.08363,2097150,2097150,0,0,97.0906,95.9354,0,0,0,1090520000,352322000,268435000,117441000,0,61866000,0,5.5164,0,0,3.81905,0,12.5195,32,100,1024,16640,0,0,52
mtran,1569,16777216,1024,1,0,1,1,64,16,64,64,1,83.9995,8388620,8387410,19.454,8388700,8388630,1.53592,2097150,4.03962,2097150,2097150,0,0,97.4524,97.0587,0,0,0,1275200000,352322000,268435000,150995000,33554400,71303200,0,6.63852,0,2.48945,3.73417,0,14.1079,32,100,1024,16640,0,0,52
mtran,4339,67108864,32,1,1,0,0,1,32,1,32,0,35.5496,8388620,8388610,37.0367,8389130,67108900,0.681552,2097150,1.3616,0,0,0,0,45.8442,100.151,0,0,0,402653000,67108900,134218000,402653000,0,31457300,0,1.35955,0,0,1.35955,0,2.54924,32,100,1024,0,0,0,8
mtran,36164,67108864,32,1,1,0,0,1,32,1,32,1,15.8729,8389710,67108700,3.6702,8390050,67109100,0.0674035,2097150,0.134869,0,0,0,0,49.5795,99.5685,0,0,0,1208220000,67108900,134218000,469762000,134218000,69206000,0,0.372496,0,0.406359,0.135453,0,0.558751,32,100,1024,0,0,0,10
mtran,3945,33554432,32,1,1,0,0,1,32,1,64,0,39.59,8388620,8388710,41.3578,8388700,67108900,0.761368,2097150,1.52297,0,0,0,0,47.6752,99.9401,0,0,0,771752000,167772000,134218000,268435000,0,52428800,0,3.23824,0,0,1.52388,0,4.76226,32,100,1024,0,0,0,28
mtran,35608,33554432,32,1,1,0,0,1,32,1,64,1,15.9449,8390430,67109200,3.66994,8389660,67108900,0.068213,2097150,0.135107,0,0,0,0,49.7793,99.9452,0,0,0,1241780000,167772000,134218000,234881000,67108900,71303200,0,0.422442,0,0.202772,0.135181,0,0.574533,32,100,1024,0,0,0,28
mtran,3976,67108864,64,1,1,0,0,1,64,1,64,0,39.1554,8389060,8388630,40.9134,8388700,67108900,0.751517,2097150,1.50458,0,0,0,0,85.9961,99.9906,0,0,0,402653000,67108900,134218000,402653000,0,31457300,0,1.50472,0,0,1.50472,0,2.82151,32,100,1024,0,0,0,8
mtran,34135,67108864,64,1,1,0,0,1,64,1,64,1,16.7445,8390700,67108600,3.88251,8390350,67109100,0.0716446,2097150,0.142622,0,0,0,0,90.8659,99.8599,0,0,0,1208480000,67108900,134218000,469762000,134218000,69206000,0,0.392762,0,0.428467,0.142822,0,0.589158,32,100,1024,0,0,0,10
mtran,2690,67108864,32,1,1,0,0,2,16,2,16,0,48.6623,8388820,8388640,27.4461,8388700,32472000,0.931876,2097150,1.8648,0,0,0,0,43.8448,99.8903,0,0,0,402653000,67108900,134218000,402653000,0,31457300,0,1.86685,0,0,1.86685,0,3.50044,32,100,1024,0,0,0,8
mtran,21961,67108864,32,1,1,0,0,2,16,2,16,1,14.2303,8390120,33554400,3.30913,8389140,33554800,0.109262,2097150,0.218595,0,0,0,0,49.3184,100.378,0,0,0,1275200000,67108900,134218000,402653000,134218000,69206000,0,0.598874,0,0.653317,0.217772,0,0.898323,32,100,1024,0,0,0,10
mtran,2667,33554432,32,1,1,0,0,2,16,2,32,0,48.4039,8388730,8388590,27.6435,8388700,32873200,0.927083,2097150,1.86154,0,0,0,0,47.1266,100.279,0,0,0,872415000,167772000,134218000,167772000,0,52428800,0,4.17681,0,0,1.85636,0,5.8013,32,100,1024,0,0,0,28
mtran,21430,33554432,32,1,1,0,0,2,16,2,32,1,14.4617,8389270,33554500,3.35573,8390060,33554600,0.111768,2097150,0.221701,0,0,0,0,49.6439,99.8181,0,0,0,1241650000,167772000,134218000,234881000,67108900,71303200,0,0.694078,0,0.333158,0.222105,0,0.943967,32,100,1024,0,0,0,28
mtran,2024,16777216,32,1,1,0,0,2,16,2,64,0,76.148,8388620,8388610,44.1162,8388760,33533900,1.46371,2097150,0.731433,0,0,0,0,47.753,99.7641,0,0,0,520094000,67108900,134218000,100663000,0,26738700,0,2.19949,0,0,1.83291,0,4.67431,32,100,1024,0,0,0,28
mtran,19285,16777216,32,1,1,0,0,2,16,2,64,1,16.1654,8389970,33554800,3.75716,8388830,33554500,0.124956,2097150,0.0620602,0,0,0,0,49.7865,100.007,0,0,0,721551000,67108900,134218000,117441000,33554400,36175900,0,0.294766,0,0.186168,0.15514,0,0.535258,32,100,1024,0,0,0,28
mtran,2158,67108864,64,1,1,0,0,2,32,2,32,0,68.4848,8388620,8388570,37.7489,8388700,31861800,1.30736,2097150,2.60937,0,0,0,0,86.6447,99.4937,0,0,0,402653000,67108900,134218000,402653000,0,31457300,0,2.62265,0,0,2.62265,0,4.91776,32,100,1024,0,0,0,8
mtran,19402,67108864,64,1,1,0,0,2,32,2,32,1,16.1408,8389060,33553900,3.75156,8390240,33554500,0.12475,2097150,0.247863,0,0,0,0,93.2621,100.009,0,0,0,1275330000,67108900,134218000,402653000,134218000,69206000,0,0.681564,0,0.743524,0.247841,0,1.02237,32,100,1024,0,0,0,10
mtran,1992,33554432,64,1,1,0,0,2,32,2,64,0,71.9894,8388700,8388580,40.2255,8388700,31964200,1.38414,2097150,2.77143,0,0,0,0,93.3142,99.9231,0,0,0,872415000,167772000,134218000,167772000,0,52428800,0,6.24052,0,0,2.77357,0,8.66789,32,100,1024,0,0,0,28
mtran,19968,33554432,64,1,1,0,0,2,32,2,64,1,15.6688,8389660,33554500,3.61805,8389880,33554800,0.121482,2097150,0.239393,0,0,0,0,96.2634,99.9777,0,0,0,1241780000,167772000,134218000,234881000,67108900,71303200,0,0.748271,0,0.35917,0.239447,0,1.01769,32,100,1024,0,0,0,28
mtran,2249,67108864,128,1,1,0,0,2,64,2,64,0,68.0825,8388620,8388660,39.5578,8388700,33547000,1.31014,2097150,2.61952,0,0,0,0,84.1496,100.132,0,0,0,402653000,67108900,134218000,402653000,0,31457300,0,2.61607,0,0,2.61607,0,4.90551,32,100,1024,0,0,0,8
mtran,18452,67108864,128,1,1,0,0,2,64,2,64,1,17.1168,8389180,33554200,3.98116,8390240,33554500,0.131465,2097150,0.263005,0,0,0,0,92.6122,100.494,0,0,0,1275590000,67108900,134218000,402653000,134218000,69206000,0,0.719705,0,0.785133,0.261711,0,1.0796,32,100,1024,0,0,0,10
mtran,3194,67108864,32,1,1,0,0,4,8,4,8,0,41.2238,8389050,8388580,13.697,8389110,15640400,0.847487,2097150,1.58086,0,0,0,0,42.9671,90.2812,0,0,0,402653000,67108900,134218000,402653000,0,31457300,0,1.75104,0,0,1.75104,0,3.2833,32,100,1024,0,0,0,8
mtran,5708,67108864,32,1,1,0,0,4,8,4,8,1,26.1528,10249800,8636510,8.07785,8388700,16777200,0.436644,2097150,0.890589,0,0,0,0,46.6348,98.5393,0,0,0,1275130000,67108900,134218000,402653000,134218000,69206000,0,2.48543,0,2.71137,0.903791,0,3.72819,32,100,1024,0,0,0,10
mtran,2495,33554432,32,1,1,0,0,4,8,4,16,0,49.4374,8390890,8388640,17.1179,8388830,16616700,0.955938,2097150,1.90124,0,0,0,0,46.0002,97.3761,0,0,0,872415000,167772000,134218000,167772000,0,52428800,0,4.39306,0,0,1.95247,0,6.10164,32,100,1024,0,0,0,28
mtran,12923,33554432,32,1,1,0,0,4,8,4,16,1,14.4609,8441640,16673100,3.35469,8389610,16777300,0.187492,2097150,0.368969,0,0,0,0,49.3711,100.019,0,0,0,1241580000,167772000,134218000,234881000,67108900,71303200,0,1.15281,0,0.553348,0.368899,0,1.56785,32,100,1024,0,0,0,28
mtran,1603,16777216,32,1,1,0,0,4,8,4,32,0,76.7562,8388620,8388600,26.6575,8388700,16738100,1.47529,2097150,0.736075,0,0,0,0,47.7128,99.8851,0,0,0,520094000,67108900,134218000,100663000,0,26738700,0,2.21076,0,0,1.8423,0,4.69827,32,100,1024,0,0,0,28
mtran,11689,16777216,32,1,1,0,0,4,8,4,32,1,15.9288,8388940,16776900,3.67672,8388700,16777200,0.207041,2097150,0.101302,0,0,0,0,49.6648,99.2634,0,0,0,721486000,67108900,134218000,117441000,33554400,36175900,0,0.484758,0,0.306163,0.255136,0,0.880257,32,100,1024,0,0,0,28
mtran,1602,8388608,32,1,1,0,0,4,8,4,64,0,76.6504,8388620,8388630,26.5437,8388720,16638000,1.47336,2097150,0.368402,0,0,0,0,48.8312,99.8697,0,0,0,377487000,41943000,134218000,50331600,0,19398700,0,1.38331,0,0,1.65997,0,3.41269,32,100,1024,0,0,0,28
mtran,12242,8388608,32,1,1,0,0,4,8,4,64,1,15.1124,8389420,16777100,3.4956,8388700,16777200,0.195802,2097150,0.0481646,0,0,0,0,49.8082,99.9563,0,0,0,478216000,41943000,134218000,58720300,16777200,24117200,0,0.265021,0,0.144557,0.216835,0,0.554188,32,100,1024,0,0,0,28
mtran,2469,67108864,64,1,1,0,0,4,16,4,16,0,49.6626,8388970,8388550,17.1452,8388700,16557200,0.949689,2097150,1.90876,0,0,0,0,93.5061,100.37,0,0,0,402653000,67108900,134218000,402653000,0,31457300,0,1.90172,0,0,1.90172,0,3.56593,32,100,1024,0,0,0,8
mtran,12895,67108864,64,1,1,0,0,4,16,4,16,1,14.3715,8389210,16533700,3.34642,8389880,16777200,0.187843,2097150,0.369187,0,0,0,0,98.0992,99.9801,0,0,0,1275200000,67108900,134218000,402653000,134218000,69206000,0,1.01547,0,1.10778,0.369261,0,1.52324,32,100,1024,0,0,0,10
mtran,2472,33554432,64,1,1,0,0,4,16,4,32,0,49.7058,8389140,8388630,16.5116,8388700,15661700,0.949149,2097150,1.90382,0,0,0,0,96.3363,99.9627,0,0,0,872415000,167772000,134218000,167772000,0,52428800,0,4.28519,0,0,1.90453,0,5.95201,32,100,1024,0,0,0,28
mtran,12780,33554432,64,1,1,0,0,4,16,4,32,1,14.6028,8388730,16776900,3.39561,8390820,16777300,0.188423,2097150,0.373679,0,0,0,0,98.3921,99.9569,0,0,0,1241640000,167772000,134218000,234881000,67108900,71303200,0,1.16825,0,0.56076,0.37384,0,1.58889,32,100,1024,0,0,0,28
mtran,1375,16777216,64,1,1,0,0,4,16,4,64,0,89.2668,8388620,8388630,30.518,8388700,16353600,1.67474,2097150,0.856629,0,0,0,0,93.0468,99.8667,0,0,0,520094000,67108900,134218000,100663000,0,26738700,0,2.57332,0,0,2.14443,0,5.46923,32,100,1024,0,0,0,28
mtran,10976,16777216,64,1,1,0,0,4,16,4,64,1,16.6862,8390740,16777200,3.85699,8389140,16777400,0.216453,2097150,0.106275,0,0,0,0,94.0935,100.131,0,0,0,721551000,67108900,134218000,117441000,33554400,36175900,0,0.504142,0,0.318405,0.265338,0,0.915502,32,100,1024,0,0,0,28
mtran,1637,67108864,128,1,1,0,0,4,32,4,32,0,76.0058,8388620,8388610,26.433,8388700,16773900,1.45635,2097150,2.91468,0,0,0,0,89.6514,99.8979,0,0,0,402653000,67108900,134218000,402653000,0,31457300,0,2.91765,0,0,2.91765,0,5.47103,32,100,1024,0,0,0,8
mtran,11029,67108864,128,1,1,0,0,4,32,4,32,1,16.9956,8388690,16777000,3.9232,8389420,16777300,0.217584,2097150,0.432344,0,0,0,0,97.6429,99.8401,0,0,0,1275330000,67108900,134218000,402653000,134218000,69206000,0,1.19085,0,1.29911,0.433036,0,1.78634,32,100,1024,0,0,0,10
mtran,1643,33554432,128,1,1,0,0,4,32,4,64,0,75.6805,8388620,8388670,26.3317,8388700,16741800,1.45081,2097150,2.91147,0,0,0,0,94.5503,99.9659,0,0,0,872415000,167772000,134218000,167772000,0,52428800,0,6.55306,0,0,2.91247,0,9.10211,32,100,1024,0,0,0,28
mtran,11198,33554432,128,1,1,0,0,4,32,4,64,1,16.5828,8389100,16776900,3.84399,8389610,16777300,0.215477,2097150,0.423612,0,0,0,0,98.4454,99.9785,0,0,0,1241780000,167772000,134218000,234881000,67108900,71303200,0,1.32407,0,0.635555,0.423703,0,1.80084,32,100,1024,0,0,0,28
mtran,1501,67108864,256,1,1,0,0,4,64,4,64,0,88.038,8388630,8388450,30.6718,8388700,16777200,1.69287,2097150,3.38766,0,0,0,0,85.5603,99.8933,0,0,0,402653000,67108900,134218000,402653000,0,31457300,0,3.39128,0,0,3.39128,0,6.35924,32,100,1024,0,0,0,8
mtran,9872,67108864,256,1,1,0,0,4,64,4,64,1,18.9164,8388620,16777300,4.37046,8389220,16777200,0.243551,2097150,0.481556,0,0,0,0,96.0594,99.841,0,0,0,1275590000,67108900,134218000,402653000,134218000,69206000,0,1.32639,0,1.44697,0.482322,0,1.98966,32,100,1024,0,0,0,10
mtran,3592,67108864,32,1,1,0,0,8,4,8,4,0,37.9672,8389480,8388610,13.1424,16722700,8388630,0.809627,2097150,1.45424,0,0,0,0,43.486,85.8617,0,0,0,402653000,67108900,134218000,402653000,0,31457300,0,1.6937,0,0,1.6937,0,3.17577,32,100,1024,0,0,0,8
mtran,2993,67108864,32,1,1,0,0,8,4,8,4,1,43.4361,8569140,8388520,14.8707,16684600,8388700,0.849899,2097150,1.64503,0,0,0,0,42.9732,94.495,0,0,0,1275100000,67108900,134218000,402653000,134218000,69206000,0,4.78737,0,5.22259,1.74086,0,7.18115,32,100,1024,0,0,0,10
mtran,2886,33554432,32,1,1,0,0,8,4,8,8,0,45.5306,8399010,8388640,12.348,11323500,8388680,0.854224,2097150,1.74127,0,0,0,0,46.187,98.3531,0,0,0,872415000,167772000,134218000,167772000,0,52428800,0,3.98346,0,0,1.77043,0,5.53274,32,100,1024,0,0,0,28
mtran,3243,33554432,32,1,1,0,0,8,4,8,8,1,39.5205,8494230,8388500,10.8716,11674700,8388630,0.749623,2097150,1.50308,0,0,0,0,47.2286,98.8541,0,0,0,1241550000,167772000,134218000,234881000,67108900,71303200,0,4.75157,0,2.28075,1.5205,0,6.46227,32,100,1024,0,0,0,28
mtran,2536,16777216,32,1,1,0,0,8,4,8,16,0,49.8902,8389350,8388690,11.5305,8388830,8388630,0.929798,2097150,0.476561,0,0,0,0,48.5469,99.3049,0,0,0,520094000,67108900,134218000,100663000,0,26738700,0,1.43969,0,0,1.19974,0,3.0596,32,100,1024,0,0,0,28
mtran,5250,16777216,32,1,1,0,0,8,4,8,16,1,24.1842,8388960,8388190,5.61144,8389210,8388680,0.468651,2097150,0.232027,0,0,0,0,49.2482,99.8867,0,0,0,721453000,67108900,134218000,117441000,33554400,36175900,0,1.10338,0,0.696871,0.580726,0,2.00359,32,100,1024,0,0,0,28
mtran,2533,8388608,32,1,1,0,0,8,4,8,32,0,49.8697,8388690,8388580,11.5735,8388830,8388680,0.933409,2097150,0.239356,0,0,0,0,49.2429,99.8476,0,0,0,377487000,41943000,134218000,50331600,0,19398700,0,0.898954,0,0,1.07874,0,2.21776,32,100,1024,0,0,0,28
mtran,7793,8388608,32,1,1,0,0,8,4,8,32,1,16.1209,8389140,8388420,3.71835,8388730,8388680,0.316094,2097150,0.07696,0,0,0,0,49.715,99.9153,0,0,0,478183000,41943000,134218000,58720300,16777200,24117200,0,0.423639,0,0.231076,0.346614,0,0.885874,32,100,1024,0,0,0,28
mtran,2500,4194304,32,1,1,0,0,8,4,8,64,0,49.7062,8388980,8388530,11.4942,8389060,8388640,0.938873,2097150,0.1188,0,0,0,0,49.5771,99.9105,0,0,0,297796000,29360100,134218000,25165800,0,15466500,0,0.624259,0,0,1.01071,0,1.7542,32,100,1024,0,0,0,28
mtran,7740,4194304,32,1,1,0,0,8,4,8,64,1,15.9679,8389060,8388840,3.68581,8391980,8388630,0.317334,2097150,0.0380945,0,0,0,0,49.8095,99.8785,0,0,0,348160000,29360100,134218000,29360100,8388610,17825800,0,0.266986,0,0.114423,0.324198,0,0.648478,32,100,1024,0,0,0,28
mtran,2724,67108864,64,1,1,0,0,8,8,8,8,0,48.3753,8439700,8388520,11.1307,8390820,8388630,0.904088,2097150,1.84341,0,0,0,0,93.6666,100.032,0,0,0,402653000,67108900,134218000,402653000,0,31457300,0,1.84282,0,0,1.84282,0,3.45549,32,100,1024,0,0,0,8
mtran,3235,67108864,64,1,1,0,0,8,8,8,8,1,39.8957,8533200,8388510,9.14293,8388950,8388630,0.743958,2097150,1.51148,0,0,0,0,94.7147,99.7792,0,0,0,1275130000,67108900,134218000,402653000,134218000,69206000,0,4.16576,0,4.54447,1.51482,0,6.24881,32,100,1024,0,0,0,10
mtran,2523,33554432,64,1,1,0,0,8,8,8,16,0,49.6054,8509840,8388690,11.4439,8388950,8388630,0.931041,2097150,1.89343,0,0,0,0,96.3153,100.34,0,0,0,872415000,167772000,134218000,167772000,0,52428800,0,4.24577,0,0,1.88701,0,5.89725,32,100,1024,0,0,0,28
mtran,5685,33554432,64,1,1,0,0,8,8,8,16,1,22.7859,8899790,8388120,5.11238,8389570,8388690,0.433103,2097150,0.844895,0,0,0,0,98.1977,100.158,0,0,0,1241580000,167772000,134218000,234881000,67108900,71303200,0,2.63612,0,1.26534,0.843559,0,3.58528,32,100,1024,0,0,0,28
mtran,1642,16777216,64,1,1,0,0,8,8,8,32,0,76.9151,8388620,8388670,17.7999,8390790,8388630,1.43537,2097150,0.735978,0,0,0,0,96.5251,99.4669,0,0,0,520094000,67108900,134218000,100663000,0,26738700,0,2.21977,0,0,1.84981,0,4.71778,32,100,1024,0,0,0,28
mtran,7036,16777216,64,1,1,0,0,8,8,8,32,1,17.9801,8389770,8388710,4.15141,8393770,8388630,0.346274,2097150,0.171561,0,0,0,0,95.6562,99.9882,0,0,0,721486000,67108900,134218000,117441000,33554400,36175900,0,0.815013,0,0.514745,0.428954,0,1.48002,32,100,1024,0,0,0,28
mtran,1706,8388608,64,1,1,0,0,8,8,8,64,0,76.3558,8388630,8388630,17.6892,8394770,8388630,1.39873,2097150,0.36559,0,0,0,0,97.0651,99.8556,0,0,0,377487000,41943000,134218000,50331600,0,19398700,0,1.37294,0,0,1.64753,0,3.38761,32,100,1024,0,0,0,28
mtran,6953,8388608,64,1,1,0,0,8,8,8,64,1,17.7111,8390880,8388760,4.10449,8425780,8388680,0.348722,2097150,0.084729,0,0,0,0,94.9189,100.147,0,0,0,478216000,41943000,134218000,58720300,16777200,24117200,0,0.465326,0,0.253814,0.380721,0,0.973137,32,100,1024,0,0,0,28
mtran,2473,67108864,128,1,1,0,0,8,16,8,16,0,49.6556,8388620,8388720,11.4822,8389130,8388630,0.948446,2097150,1.8977,0,0,0,0,93.4799,99.961,0,0,0,402653000,67108900,134218000,402653000,0,31457300,0,1.89844,0,0,1.89844,0,3.55986,32,100,1024,0,0,0,8
mtran,5468,67108864,128,1,1,0,0,8,16,8,16,1,23.11,8388660,8387650,5.33302,8389620,8388680,0.448321,2097150,0.883045,0,0,0,0,96.9234,99.9007,0,0,0,1275200000,67108900,134218000,402653000,134218000,69206000,0,2.43079,0,2.65177,0.883923,0,3.64631,32,100,1024,0,0,0,10
mtran,2476,33554432,128,1,1,0,0,8,16,8,32,0,49.7435,8388880,8388740,11.5513,8388700,8388630,0.94768,2097150,1.91102,0,0,0,0,96.5985,100.428,0,0,0,872415000,167772000,134218000,167772000,0,52428800,0,4.28145,0,0,1.90287,0,5.94688,32,100,1024,0,0,0,28
mtran,7815,33554432,128,1,1,0,0,8,16,8,32,1,16.0191,8388620,8388790,3.70633,8389860,8388630,0.31618,2097150,0.612292,0,0,0,0,98.8181,99.971,0,0,0,1241640000,167772000,134218000,234881000,67108900,71303200,0,1.91397,0,0.918704,0.612469,0,2.60314,32,100,1024,0,0,0,28
mtran,1500,16777216,128,1,1,0,0,8,16,8,64,0,89.2116,8388620,8388540,20.6642,8389340,8388630,1.53923,2097150,0.854995,0,0,0,0,94.8828,102.362,0,0,0,520094000,67108900,134218000,100663000,0,26738700,0,2.50581,0,0,2.08817,0,5.32591,32,100,1024,0,0,0,28
mtran,6051,16777216,128,1,1,0,0,8,16,8,64,1,20.1351,8389840,8388760,4.65883,8389730,8388680,0.394468,2097150,0.192682,0,0,0,0,95.1429,99.8981,0,0,0,721551000,67108900,134218000,117441000,33554400,36175900,0,0.916175,0,0.578637,0.482198,0,1.66376,32,100,1024,0,0,0,28
mtran,1630,67108864,256,1,1,0,0,8,32,8,32,0,75.9874,8388620,8388620,17.6404,8388720,8388630,1.4548,2097150,2.92081,0,0,0,0,88.7529,99.9417,0,0,0,402653000,67108900,134218000,402653000,0,31457300,0,2.92251,0,0,2.92251,0,5.48022,32,100,1024,0,0,0,8
mtran,6519,67108864,256,1,1,0,0,8,32,8,32,1,19.1193,8388880,8388770,4.45593,8391500,8388630,0.371211,2097150,0.735538,0,0,0,0,96.9311,100.046,0,0,0,1275330000,67108900,134218000,402653000,134218000,69206000,0,2.02179,0,2.20559,0.735197,0,3.03281,32,100,1024,0,0,0,10
mtran,1636,33554432,256,1,1,0,0,8,32,8,64,0,75.7133,8388620,8388590,17.5843,8389190,8388630,1.45004,2097150,2.91128,0,0,0,0,94.1171,99.955,0,0,0,872415000,167772000,134218000,167772000,0,52428800,0,6.55333,0,0,2.91259,0,9.10256,32,100,1024,0,0,0,28
mtran,6687,33554432,256,1,1,0,0,8,32,8,64,1,18.4305,8388620,8388240,4.28936,8389610,8388630,0.361187,2097150,0.708438,0,0,0,0,98.0556,100.065,0,0,0,1241780000,167772000,134218000,234881000,67108900,71303200,0,2.21242,0,1.06196,0.707976,0,3.00907,32,100,1024,0,0,0,28
mtran,1515,67108864,512,1,1,0,0,8,64,8,64,0,87.6855,8388620,8388640,20.3295,8388700,8388630,1.68453,2097150,3.36123,0,0,0,0,83.934,99.2869,0,0,0,402653000,67108900,134218000,402653000,0,31457300,0,3.38538,0,0,3.38538,0,6.34818,32,100,1024,0,0,0,8
mtran,5719,67108864,512,1,1,0,0,8,64,8,64,1,21.698,8388620,8388340,5.01801,8388700,8388630,0.418954,2097150,0.829237,0,0,0,0,95.6653,99.4717,0,0,0,1275590000,67108900,134218000,402653000,134218000,69206000,0,2.29251,0,2.50092,0.833641,0,3.43892,32,100,1024,0,0,0,10
mtran,3996,67108864,32,1,1,0,0,16,2,16,2,0,34.5161,8390080,8389010,19.8067,33181500,8388680,0.709176,2097150,1.32305,0,0,0,0,43.2223,88.6208,0,0,0,402653000,67108900,134218000,402653000,0,31457300,0,1.49294,0,0,1.49294,0,2.79934,32,100,1024,0,0,0,8
mtran,2911,67108864,32,1,1,0,0,16,2,16,2,1,45.2418,8600450,8388570,25.6433,33155800,8388630,0.872761,2097150,1.71253,0,0,0,0,42.4017,95.9824,0,0,0,1275080000,67108900,134218000,402653000,134218000,69206000,0,4.90658,0,5.35263,1.78421,0,7.35996,32,100,1024,0,0,0,10
mtran,3210,33554432,32,1,1,0,0,16,2,16,4,0,41.9376,8410880,8388660,19.7781,25835500,8388630,0.792896,2097150,1.60596,0,0,0,0,46.48,97.866,0,0,0,872415000,167772000,134218000,167772000,0,52428800,0,3.69221,0,0,1.64098,0,5.12821,32,100,1024,0,0,0,28
mtran,2894,33554432,32,1,1,0,0,16,2,16,4,1,43.6227,8409740,8388620,20.6028,26026300,8388630,0.835708,2097150,1.66345,0,0,0,0,46.64,98.2518,0,0,0,1241530000,167772000,134218000,234881000,67108900,71303200,0,5.29078,0,2.53958,1.69305,0,7.19562,32,100,1024,0,0,0,28
mtran,2535,16777216,32,1,1,0,0,16,2,16,8,0,49.5757,8448900,8388650,11.3837,8388760,8388630,0.926624,2097150,0.471453,0,0,0,0,48.5575,99.9395,0,0,0,520094000,67108900,134218000,100663000,0,26738700,0,1.41521,0,0,1.17935,0,3.00759,32,100,1024,0,0,0,28
mtran,2794,16777216,32,1,1,0,0,16,2,16,8,1,45.6115,8515470,8388560,11.6921,8389110,8388630,0.957757,2097150,0.483992,0,0,0,0,48.4905,99.8807,0,0,0,721437000,67108900,134218000,117441000,33554400,36175900,0,2.30171,0,1.45371,1.21142,0,4.1796,32,100,1024,0,0,0,28
mtran,2565,8388608,32,1,1,0,0,16,2,16,16,0,50.3839,8696830,8388630,13.5176,8388720,8388630,1.0892,2097150,0.278821,0,0,0,0,49.1312,99.874,0,0,0,377487000,41943000,134218000,50331600,0,19398700,0,1.0469,0,0,1.25628,0,2.58272,32,100,1024,0,0,0,28
mtran,3053,8388608,32,1,1,0,0,16,2,16,16,1,42.2935,8722010,8389000,12.261,8388950,8388700,0.992539,2097150,0.253288,0,0,0,0,49.2067,99.4517,0,0,0,478167000,41943000,134218000,58720300,16777200,24117200,0,1.40077,0,0.764054,1.14608,0,2.92913,32,100,1024,0,0,0,28
mtran,2502,4194304,32,1,1,0,0,16,2,16,32,0,51.2187,8727390,8388590,14.7829,8388930,8388630,1.20614,2097150,0.152212,0,0,0,0,49.4825,99.9865,0,0,0,297796000,29360100,134218000,25165800,0,15466500,0,0.799219,0,0,1.29397,0,2.24583,32,100,1024,0,0,0,28
mtran,3821,4194304,32,1,1,0,0,16,2,16,32,1,36.7341,10830400,8388220,9.47128,8388900,8388630,0.78466,2097150,0.0973917,0,0,0,0,49.643,100.104,0,0,0,348144000,29360100,134218000,29360100,8388610,17825800,0,0.681035,0,0.291872,0.826971,0,1.65414,32,100,1024,0,0,0,28
mtran,2580,2097152,32,1,1,0,0,16,2,16,64,0,51.1019,9308050,8388480,14.1952,8388980,8388630,1.17019,2097150,0.0730795,0,0,0,0,49.6973,99.4441,0,0,0,257950000,23068700,134218000,12582900,0,13500400,0,0.606276,0,0,1.21255,0,1.89271,32,100,1024,0,0,0,28
mtran,4643,2097152,32,1,1,0,0,16,2,16,64,1,27.5046,9860710,8388450,7.53982,8388880,8388630,0.639886,2097150,0.0386986,0,0,0,0,49.783,99.9633,0,0,0,283132000,23068700,134218000,14680100,4194300,14680100,0,0.387128,0,0.116138,0.638761,0,1.08412,32,100,1024,0,0,0,28
mtran,3072,67108864,64,1,1,0,0,16,4,16,4,0,41.0455,8403750,8388440,18.0391,16596900,8388630,0.980073,2097150,1.9935,0,0,0,0,92.955,99.8358,0,0,0,402653000,67108900,134218000,402653000,0,31457300,0,1.99678,0,0,1.99678,0,3.74416,32,100,1024,0,0,0,8
mtran,2851,67108864,64,1,1,0,0,16,4,16,4,1,43.6958,8408670,8388650,18.7484,16674400,8388630,1.03019,2097150,2.06492,0,0,0,0,92.9885,100.008,0,0,0,1275100000,67108900,134218000,402653000,134218000,69206000,0,5.67808,0,6.19426,2.06475,0,8.51733,32,100,1024,0,0,0,10
mtran,2592,33554432,64,1,1,0,0,16,4,16,8,0,49.1942,8481600,8388700,12.5977,9898380,8388630,0.937193,2097150,1.91274,0,0,0,0,92.6905,99.9406,0,0,0,872415000,167772000,134218000,167772000,0,52428800,0,4.30622,0,0,1.91388,0,5.98121,32,100,1024,0,0,0,28
mtran,2803,33554432,64,1,1,0,0,16,4,16,8,1,45.5004,8600300,8388560,11.5413,10221400,8388630,0.85428,2097150,1.72001,0,0,0,0,92.4508,99.9058,0,0,0,1241550000,167772000,134218000,234881000,67108900,71303200,0,5.3801,0,2.58245,1.72163,0,7.31725,32,100,1024,0,0,0,28
mtran,2539,16777216,64,1,1,0,0,16,4,16,16,0,49.8729,8388670,8388670,11.5733,8388810,8388630,0.929697,2097150,0.478975,0,0,0,0,97.973,100.326,0,0,0,520094000,67108900,134218000,100663000,0,26738700,0,1.43225,0,0,1.19354,0,3.04405,32,100,1024,0,0,0,28
mtran,3034,16777216,64,1,1,0,0,16,4,16,16,1,42.1896,8388730,8388480,9.80211,8388860,8388630,0.793637,2097150,0.405676,0,0,0,0,98.1225,100.409,0,0,0,721453000,67108900,134218000,117441000,33554400,36175900,0,1.91911,0,1.21207,1.01006,0,3.48502,32,100,1024,0,0,0,28
mtran,2428,8388608,64,1,1,0,0,16,4,16,32,0,51.9288,8388620,8388660,11.9657,8390390,8388630,0.971274,2097150,0.247928,0,0,0,0,98.2224,99.9438,0,0,0,377487000,41943000,134218000,50331600,0,19398700,0,0.930253,0,0,1.1163,0,2.29531,32,100,1024,0,0,0,28
mtran,3419,8388608,64,1,1,0,0,16,4,16,32,1,38.0632,8402580,8388570,8.82722,8418590,8388630,0.707425,2097150,0.182254,0,0,0,0,97.7173,99.7126,0,0,0,478183000,41943000,134218000,58720300,16777200,24117200,0,1.00528,0,0.548337,0.822505,0,2.10236,32,100,1024,0,0,0,28
mtran,2431,4194304,64,1,1,0,0,16,4,16,64,0,51.6751,8391360,8388750,14.0064,8391960,8388630,0.972426,2097150,0.144709,0,0,0,0,99.0662,116.908,0,0,0,297796000,29360100,134218000,25165800,0,15466500,0,0.649849,0,0,1.05214,0,1.82645,32,100,1024,0,0,0,28
mtran,4457,4194304,64,1,1,0,0,16,4,16,64,1,26.6602,8410190,8388340,7.35789,8449230,8388630,0.640643,2097150,0.0752534,0,0,0,0,97.171,100.132,0,0,0,348160000,29360100,134218000,29360100,8388610,17825800,0,0.526077,0,0.225461,0.638807,0,1.27793,32,100,1024,0,0,0,28
mtran,2828,67108864,128,1,1,0,0,16,8,16,8,0,44.8168,8401590,8388840,12.9949,8389300,8388630,1.05171,2097150,2.14321,0,0,0,0,92.0407,99.9708,0,0,0,402653000,67108900,134218000,402653000,0,31457300,0,2.14383,0,0,2.14383,0,4.02,32,100,1024,0,0,0,8
mtran,2829,67108864,128,1,1,0,0,16,8,16,8,1,44.1451,8534090,8388260,12.929,8388700,8388740,1.07328,2097150,2.12994,0,0,0,0,92.1137,98.9567,0,0,0,1275130000,67108900,134218000,402653000,134218000,69206000,0,5.91908,0,6.45718,2.15239,0,8.87893,32,100,1024,0,0,0,10
mtran,2522,33554432,128,1,1,0,0,16,8,16,16,0,49.5368,8512900,8388650,11.3833,8389720,8388630,0.932191,2097150,1.88154,0,0,0,0,96.3177,99.9059,0,0,0,872415000,167772000,134218000,167772000,0,52428800,0,4.23745,0,0,1.88331,0,5.88577,32,100,1024,0,0,0,28
mtran,3011,33554432,128,1,1,0,0,16,8,16,16,1,42.0355,8449230,8388340,9.72822,8389380,8388630,0.794911,2097150,1.60932,0,0,0,0,96.9525,99.9901,0,0,0,1241580000,167772000,134218000,234881000,67108900,71303200,0,5.02962,0,2.41422,1.60948,0,6.84065,32,100,1024,0,0,0,28
mtran,1639,16777216,128,1,1,0,0,16,8,16,32,0,76.7707,8388740,8388680,17.7862,8388700,8388650,1.44038,2097150,0.735429,0,0,0,0,96.8019,99.8608,0,0,0,520094000,67108900,134218000,100663000,0,26738700,0,2.20936,0,0,1.84114,0,4.69584,32,100,1024,0,0,0,28
mtran,2981,16777216,128,1,1,0,0,16,8,16,32,1,42.7483,8388720,8388090,9.87732,8389260,8388630,0.821349,2097150,0.408613,0,0,0,0,97.3784,99.5267,0,0,0,721486000,67108900,134218000,117441000,33554400,36175900,0,1.95014,0,1.23167,1.02639,0,3.54143,32,100,1024,0,0,0,28
mtran,1692,8388608,128,1,1,0,0,16,8,16,64,0,76.2003,8388620,8388630,17.6744,8388750,8388630,1.42101,2097150,0.365438,0,0,0,0,97.4863,99.9897,0,0,0,377487000,41943000,134218000,50331600,0,19398700,0,1.37053,0,0,1.64464,0,3.38184,32,100,1024,0,0,0,28
mtran,3960,8388608,128,1,1,0,0,16,8,16,64,1,31.087,8388780,8388390,7.18122,8390000,8388630,0.618777,2097150,0.148413,0,0,0,0,97.0963,100.023,0,0,0,478216000,41943000,134218000,58720300,16777200,24117200,0,0.816082,0,0.445136,0.667703,0,1.70673,32,100,1024,0,0,0,28
mtran,2479,67108864,256,1,1,0,0,16,16,16,16,0,49.5997,8388620,8388730,11.4299,8388700,8388630,0.944567,2097150,1.89336,0,0,0,0,91.6438,99.8899,0,0,0,402653000,67108900,134218000,402653000,0,31457300,0,1.89544,0,0,1.89544,0,3.55429,32,100,1024,0,0,0,8
mtran,3044,67108864,256,1,1,0,0,16,16,16,16,1,41.4906,8388620,8388400,9.62113,8388950,8388630,0.79361,2097150,1.58875,0,0,0,0,93.0776,99.9442,0,0,0,1275200000,67108900,134218000,402653000,134218000,69206000,0,4.37149,0,4.7689,1.58963,0,6.55751,32,100,1024,0,0,0,10
mtran,2474,33554432,256,1,1,0,0,16,16,16,32,0,49.6789,8388620,8388720,11.4996,8388700,8388680,0.948054,2097150,1.90015,0,0,0,0,95.0425,99.9509,0,0,0,872415000,167772000,134218000,167772000,0,52428800,0,4.27744,0,0,1.90109,0,5.94136,32,100,1024,0,0,0,28
mtran,3571,33554432,256,1,1,0,0,16,16,16,32,1,34.7397,8389600,8388440,8.0504,8388700,8388630,0.677395,2097150,1.33165,0,0,0,0,96.7537,100.118,0,0,0,1241640000,167772000,134218000,234881000,67108900,71303200,0,4.15649,0,1.99512,1.33008,0,5.65316,32,100,1024,0,0,0,28
mtran,1455,16777216,256,1,1,0,0,16,16,16,64,0,88.5647,8388740,8388050,20.5858,8388700,8388700,1.57881,2097150,0.851792,0,0,0,0,93.837,100.717,0,0,0,520094000,67108900,134218000,100663000,0,26738700,0,2.53718,0,0,2.11431,0,5.39268,32,100,1024,0,0,0,28
mtran,3574,16777216,256,1,1,0,0,16,16,16,64,1,33.6598,8389670,8388660,7.79747,8388710,8388630,0.678797,2097150,0.322322,0,0,0,0,93.4603,99.2873,0,0,0,721551000,67108900,134218000,117441000,33554400,36175900,0,1.54202,0,0.973909,0.81159,0,2.80033,32,100,1024,0,0,0,28
mtran,1816,67108864,512,1,1,0,0,16,32,16,32,0,74.3287,8388620,8388690,17.2157,8388700,8388630,1.42235,2097150,2.84706,0,0,0,0,82.2929,99.9129,0,0,0,402653000,67108900,134218000,402653000,0,31457300,0,2.84954,0,0,2.84954,0,5.3434,32,100,1024,0,0,0,8
mtran,3087,67108864,512,1,1,0,0,16,32,16,32,1,40.6036,8388650,8387500,9.35419,8388710,8388630,0.790652,2097150,1.54873,0,0,0,0,90.2027,99.5321,0,0,0,1275330000,67108900,134218000,402653000,134218000,69206000,0,4.27904,0,4.66804,1.55601,0,6.41883,32,100,1024,0,0,0,10
mtran,1732,33554432,512,1,1,0,0,16,32,16,64,0,74.2888,8389290,8388700,17.2472,8389170,8388630,1.42337,2097150,2.85613,0,0,0,0,90.3153,100.006,0,0,0,872415000,167772000,134218000,167772000,0,52428800,0,6.42591,0,0,2.85596,0,8.92559,32,100,1024,0,0,0,28
mtran,3897,33554432,512,1,1,0,0,16,32,16,64,1,31.7993,8388950,8388040,7.34038,8389660,8388630,0.632889,2097150,1.21416,0,0,0,0,94.9407,99.6099,0,0,0,1241780000,167772000,134218000,234881000,67108900,71303200,0,3.80911,0,1.82837,1.21891,0,5.18068,32,100,1024,0,0,0,28
mtran,2049,67108864,1024,1,1,0,0,16,64,16,64,0,73.2519,8388770,8388880,16.9603,8388830,8388630,1.53976,2097150,2.80843,0,0,0,0,76.2408,85.3709,0,0,0,402653000,67108900,134218000,402653000,0,31457300,0,3.28968,0,0,3.28968,0,6.16873,32,100,1024,0,0,0,8
mtran,3493,67108864,1024,1,1,0,0,16,64,16,64,1,35.814,8389200,8388190,8.37231,8389140,8388630,0.736199,2097150,1.38445,0,0,0,0,89.2832,94.7211,0,0,0,1275590000,67108900,134218000,402653000,134218000,69206000,0,4.01941,0,4.38481,1.4616,0,6.02937,32,100,1024,0,0,0,10
mtran,4239,67108864,32,1,1,0,0,32,1,32,1,0,32.9582,8408130,8388740,33.8105,65890700,8388630,0.623609,2097150,1.26498,0,0,0,0,44.8992,98.6822,0,0,0,402653000,67108900,134218000,402653000,0,31457300,0,1.28187,0,0,1.28187,0,2.40358,32,100,1024,0,0,0,8
mtran,2821,67108864,32,1,1,0,0,32,1,32,1,1,46.2704,8398340,8388700,47.3429,66032900,8388630,0.88351,2097150,1.76806,0,0,0,0,43.8421,99.7229,0,0,0,1275080000,67108900,134218000,402653000,134218000,69206000,0,4.87568,0,5.31892,1.77297,0,7.31361,32,100,1024,0,0,0,10
mtran,4080,33554432,32,1,1,0,0,32,1,32,2,0,34.2757,8474740,8388510,32.3205,60557700,8388630,0.638546,2097150,1.30378,0,0,0,0,47.9634,99.9483,0,0,0,838861000,167772000,134218000,167772000,0,51380200,0,2.93503,0,0,1.30446,0,3.99501,32,100,1024,0,0,0,28
mtran,2799,33554432,32,1,1,0,0,32,1,32,2,1,46.8209,8462510,8388700,45.5522,62645400,8388630,0.892002,2097150,1.78338,0,0,0,0,47.0028,99.7085,0,0,0,1140860000,167772000,134218000,301990000,67108900,70254600,0,5.36579,0,2.6829,1.7886,0,7.48992,32,100,1024,0,0,0,28
mtran,2857,16777216,32,1,1,0,0,32,1,32,4,0,46.2226,8505040,8388660,15.819,16611500,8388630,0.859915,2097150,0.439278,0,0,0,0,48.6639,99.9188,0,0,0,503316000,67108900,134218000,100663000,0,26214400,0,1.3189,0,0,1.09909,0,2.74795,32,100,1024,0,0,0,28
mtran,2658,16777216,32,1,1,0,0,32,1,32,4,1,47.5418,8575070,8388560,19.5951,16650200,8388630,1.07701,2097150,0.540947,0,0,0,0,48.3219,99.9459,0,0,0,687874000,67108900,134218000,134218000,33554400,35651600,0,2.43558,0,1.62372,1.3531,0,4.60082,32,100,1024,0,0,0,28
mtran,2650,8388608,32,1,1,0,0,32,1,32,8,0,49.244,8993140,8388660,17.989,14609800,8388630,1.07008,2097150,0.27053,0,0,0,0,49.1549,99.8756,0,0,0,369099000,41943000,134218000,50331600,0,19136500,0,1.01575,0,0,1.2189,0,2.47203,32,100,1024,0,0,0,28
mtran,2848,8388608,32,1,1,0,0,32,1,32,8,1,44.0973,8494640,8388400,16.5469,14540700,8388630,0.996969,2097150,0.249581,0,0,0,0,49.2051,99.9397,0,0,0,469770000,41943000,134218000,58720300,16777200,23855100,0,1.37353,0,0.749196,1.12379,0,2.84097,32,100,1024,0,0,0,28
mtran,2832,4194304,32,1,1,0,0,32,1,32,16,0,46.7813,9037150,8388810,17.1978,14726800,8388680,1.02025,2097150,0.128603,0,0,0,0,49.5711,100.032,0,0,0,293601000,29360100,134218000,25165800,0,15335400,0,0.674953,0,0,1.09278,0,1.88057,32,100,1024,0,0,0,28
mtran,3087,4194304,32,1,1,0,0,32,1,32,16,1,46.0456,10613700,8388860,15.566,14883500,8388720,0.930742,2097150,0.115653,0,0,0,0,49.6017,99.73,0,0,0,343941000,29360100,134218000,29360100,8388610,17694700,0,0.811762,0,0.347898,0.985711,0,1.95717,32,100,1024,0,0,0,28
mtran,3209,2097152,32,1,1,0,0,32,1,32,32,0,48.1156,12594700,8388380,15.009,15288200,8388630,0.883198,2097150,0.054883,0,0,0,0,49.7594,99.9209,0,0,0,255853000,23068700,134218000,12582900,0,13434900,0,0.453143,0,0,0.906286,0,1.40778,32,100,1024,0,0,0,28
mtran,3429,2097152,32,1,1,0,0,32,1,32,32,1,42.9391,11652700,8389190,14.8909,15093700,8388630,0.879109,2097150,0.0547409,0,0,0,0,49.7607,99.8741,0,0,0,281027000,23068700,134218000,14680100,4194300,14614500,0,0.548099,0,0.16443,0.904364,0,1.52805,32,100,1024,0,0,0,28
mtran,3814,1048576,32,1,1,0,0,32,1,32,64,0,44.7026,14710900,8388260,13.6462,15333100,8388630,0.802509,2097150,0.0248925,0,0,0,0,49.7964,99.8074,0,0,0,236978000,19922900,134218000,6291460,0,12484600,0,0.355403,0,0,0.810567,0,1.18805,32,100,1024,0,0,0,28
mtran,3444,1048576,32,1,1,0,0,32,1,32,64,1,44.0346,12305000,8387610,14.8814,15333900,8389020,0.876061,2097150,0.0271249,0,0,0,0,49.7725,99.8635,0,0,0,249569000,19922900,134218000,7340030,2097150,13074400,0,0.434592,0,0.081486,0.882765,0,1.35493,32,100,1024,0,0,0,28
mtran,3665,67108864,64,1,1,0,0,32,2,32,2,0,35.7858,8410180,8388380,23.5507,32811400,8388680,0.775369,2097150,1.58481,0,0,0,0,93.8182,99.9872,0,0,0,402653000,67108900,134218000,402653000,0,31457300,0,1.58501,0,0,1.58501,0,2.97207,32,100,1024,0,0,0,8
mtran,2588,67108864,64,1,1,0,0,32,2,32,2,1,48.7094,8498480,8387990,31.8245,32877400,8388630,1.06532,2097150,2.13454,0,0,0,0,92.0303,99.9175,0,0,0,1275080000,67108900,134218000,402653000,134218000,69206000,0,5.87484,0,6.40892,2.13631,0,8.81249,32,100,1024,0,0,0,10
mtran,3472,33554432,64,1,1,0,0,32,2,32,4,0,39.1364,8484350,8388620,19.0494,27038700,8388630,0.730913,2097150,1.49465,0,0,0,0,93.8755,100.159,0,0,0,872415000,167772000,134218000,167772000,0,52428800,0,3.35764,0,0,1.49228,0,4.66366,32,100,1024,0,0,0,28
mtran,2711,33554432,64,1,1,0,0,32,2,32,4,1,47.1807,8733550,8389050,23.1299,27763100,8388820,0.887228,2097150,1.77694,0,0,0,0,93.86,100.222,0,0,0,1241530000,167772000,134218000,234881000,67108900,71303200,0,5.54065,0,2.65951,1.77301,0,7.53564,32,100,1024,0,0,0,28
mtran,2562,16777216,64,1,1,0,0,32,2,32,8,0,49.8996,8547250,8388650,11.5475,8485510,8388680,0.929557,2097150,0.475244,0,0,0,0,93.1368,100.381,0,0,0,520094000,67108900,134218000,100663000,0,26738700,0,1.42033,0,0,1.18361,0,3.0187,32,100,1024,0,0,0,28
mtran,2823,16777216,64,1,1,0,0,32,2,32,8,1,44.3945,8415670,8388510,10.3197,8478160,8388630,0.844939,2097150,0.424261,0,0,0,0,93.6336,100.003,0,0,0,721437000,67108900,134218000,117441000,33554400,36175900,0,2.01517,0,1.27274,1.06061,0,3.65944,32,100,1024,0,0,0,28
mtran,2588,8388608,64,1,1,0,0,32,2,32,16,0,51.0252,8884100,8388510,12.083,9378270,8388630,0.940405,2097150,0.236658,0,0,0,0,94.163,99.8104,0,0,0,377487000,41943000,134218000,50331600,0,19398700,0,0.889154,0,0,1.06698,0,2.19391,32,100,1024,0,0,0,28
mtran,2807,8388608,64,1,1,0,0,32,2,32,16,1,47.0694,9443750,8388930,10.899,9467030,8388680,0.856229,2097150,0.211816,0,0,0,0,94.2305,99.9809,0,0,0,478167000,41943000,134218000,58720300,16777200,24117200,0,1.16521,0,0.635569,0.953354,0,2.43681,32,100,1024,0,0,0,28
mtran,2828,4194304,64,1,1,0,0,32,2,32,32,0,50.5844,10842600,8388340,11.6432,10794000,8388630,0.846664,2097150,0.105637,0,0,0,0,95.5909,100.102,0,0,0,297796000,29360100,134218000,25165800,0,15466500,0,0.554033,0,0,0.897006,0,1.55717,32,100,1024,0,0,0,28
mtran,3134,4194304,64,1,1,0,0,32,2,32,32,1,45.5443,10685800,8388230,12.0817,10890600,8388630,0.827628,2097150,0.108521,0,0,0,0,95.6676,99.9174,0,0,0,348144000,29360100,134218000,29360100,8388610,17825800,0,0.760277,0,0.325833,0.923194,0,1.84685,32,100,1024,0,0,0,28
mtran,3197,2097152,64,1,1,0,0,32,2,32,64,0,48.568,12466700,8388470,13.1711,12721800,8388630,0.868084,2097150,0.0539118,0,0,0,0,96.4002,99.6979,0,0,0,257950000,23068700,134218000,12582900,0,13500400,0,0.44612,0,0,0.892239,0,1.39302,32,100,1024,0,0,0,28
mtran,3254,2097152,64,1,1,0,0,32,2,32,64,1,45.8731,11919100,8388640,14.0794,13115800,8388630,0.912768,2097150,0.0565053,0,0,0,0,96.4494,99.6673,0,0,0,283132000,23068700,134218000,14680100,4194300,14680100,0,0.56694,0,0.170082,0.93545,0,1.58789,32,100,1024,0,0,0,28
mtran,3509,67108864,128,1,1,0,0,32,4,32,4,0,36.1766,8426500,8388710,15.9934,16701200,8388630,0.86242,2097150,1.77087,0,0,0,0,92.1774,99.9683,0,0,0,402653000,67108900,134218000,402653000,0,31457300,0,1.77143,0,0,1.77143,0,3.32169,32,100,1024,0,0,0,8
mtran,2701,67108864,128,1,1,0,0,32,4,32,4,1,46.7856,8657080,8389090,19.5767,16645800,8389080,1.07979,2097150,2.15833,0,0,0,0,90.7276,100.009,0,0,0,1275100000,67108900,134218000,402653000,134218000,69206000,0,5.93486,0,6.47439,2.15813,0,8.90261,32,100,1024,0,0,0,10
mtran,2976,33554432,128,1,1,0,0,32,4,32,8,0,45.699,8464820,8388800,11.125,9408230,8388630,0.867181,2097150,1.73766,0,0,0,0,93.6072,100.131,0,0,0,872415000,167772000,134218000,167772000,0,52428800,0,3.90462,0,0,1.73539,0,5.42347,32,100,1024,0,0,0,28
mtran,2844,33554432,128,1,1,0,0,32,4,32,8,1,44.108,8406540,8388540,10.9193,9537460,8388630,0.841236,2097150,1.69323,0,0,0,0,93.8762,100.068,0,0,0,1241550000,167772000,134218000,234881000,67108900,71303200,0,5.28774,0,2.53812,1.69208,0,7.19172,32,100,1024,0,0,0,28
mtran,2486,16777216,128,1,1,0,0,32,4,32,16,0,49.9991,8390820,8388660,11.6158,8389640,8388630,0.936274,2097150,0.480618,0,0,0,0,93.4516,99.9267,0,0,0,520094000,67108900,134218000,100663000,0,26738700,0,1.44291,0,0,1.20242,0,3.0668,32,100,1024,0,0,0,28
mtran,2727,16777216,128,1,1,0,0,32,4,32,16,1,45.854,8390030,8389620,10.6172,8390230,8388630,0.875081,2097150,0.438529,0,0,0,0,93.6625,99.9629,0,0,0,721453000,67108900,134218000,117441000,33554400,36175900,0,2.08378,0,1.31607,1.09673,0,3.78412,32,100,1024,0,0,0,28
mtran,2443,8388608,128,1,1,0,0,32,4,32,32,0,51.6957,8396350,8388730,11.9558,8478790,8388630,0.9701,2097150,0.246452,0,0,0,0,94.6684,99.7766,0,0,0,377487000,41943000,134218000,50331600,0,19398700,0,0.926265,0,0,1.11152,0,2.2856,32,100,1024,0,0,0,28
mtran,2761,8388608,128,1,1,0,0,32,4,32,32,1,45.4155,8394100,8388560,10.5872,8477870,8388630,0.86776,2097150,0.217931,0,0,0,0,94.8142,100.11,0,0,0,478183000,41943000,134218000,58720300,16777200,24117200,0,1.1973,0,0.653074,0.979611,0,2.50401,32,100,1024,0,0,0,28
mtran,2447,4194304,128,1,1,0,0,32,4,32,64,0,51.3541,8426530,8388560,14.1662,8713100,8388630,0.970352,2097150,0.143783,0,0,0,0,96.7545,117.552,0,0,0,297796000,29360100,134218000,25165800,0,15466500,0,0.642149,0,0,1.03967,0,1.80493,32,100,1024,0,0,0,28
mtran,2667,4194304,128,1,1,0,0,32,4,32,64,1,46.6416,8416180,8388540,13.244,8727120,8388630,1.07179,2097150,0.133662,0,0,0,0,96.749,99.8481,0,0,0,348160000,29360100,134218000,29360100,8388610,17825800,0,0.93706,0,0.401597,1.13786,0,2.2764,32,100,1024,0,0,0,28
mtran,3177,67108864,256,1,1,0,0,32,8,32,8,0,39.6794,8435800,8388870,11.6712,8389090,8388630,0.953107,2097150,1.92191,0,0,0,0,87.0863,99.9432,0,0,0,402653000,67108900,134218000,402653000,0,31457300,0,1.923,0,0,1.923,0,3.60596,32,100,1024,0,0,0,8
mtran,2859,67108864,256,1,1,0,0,32,8,32,8,1,43.375,8403430,8388150,12.7936,8388700,8388700,1.05346,2097150,2.10865,0,0,0,0,87.1387,99.9468,0,0,0,1275130000,67108900,134218000,402653000,134218000,69206000,0,5.80187,0,6.32931,2.10977,0,8.70317,32,100,1024,0,0,0,10
mtran,2582,33554432,256,1,1,0,0,32,8,32,16,0,49.0949,8538930,8388560,11.2711,8389170,8388630,0.916611,2097150,1.86211,0,0,0,0,90.9613,99.9015,0,0,0,872415000,167772000,134218000,167772000,0,52428800,0,4.19387,0,0,1.86394,0,5.82527,32,100,1024,0,0,0,28
mtran,2804,33554432,256,1,1,0,0,32,8,32,16,1,45.2155,8448420,8388580,10.4561,8388860,8388630,0.862538,2097150,1.73012,0,0,0,0,90.9931,99.8314,0,0,0,1241580000,167772000,134218000,234881000,67108900,71303200,0,5.41577,0,2.59957,1.73305,0,7.36588,32,100,1024,0,0,0,28
mtran,2100,16777216,256,1,1,0,0,32,8,32,32,0,69.5016,8388980,8388720,16.1038,8389620,8388630,1.33113,2097150,0.666618,0,0,0,0,89.5246,99.88,0,0,0,520094000,67108900,134218000,100663000,0,26738700,0,2.00226,0,0,1.66855,0,4.25573,32,100,1024,0,0,0,28
mtran,2215,16777216,256,1,1,0,0,32,8,32,32,1,59.0568,8388700,8388190,13.7388,8388730,8388630,1.12329,2097150,0.568533,0,0,0,0,90.0381,100.386,0,0,0,721486000,67108900,134218000,117441000,33554400,36175900,0,2.69014,0,1.69903,1.41586,0,4.88532,32,100,1024,0,0,0,28
mtran,2040,8388608,256,1,1,0,0,32,8,32,64,0,69.9379,8389130,8388080,16.2373,8407350,8388630,1.33276,2097150,0.335733,0,0,0,0,93.0226,99.9023,0,0,0,377487000,41943000,134218000,50331600,0,19398700,0,1.26023,0,0,1.51228,0,3.10975,32,100,1024,0,0,0,28
mtran,2165,8388608,256,1,1,0,0,32,8,32,64,1,59.5968,8389490,8389300,13.7896,8399480,8388630,1.1421,2097150,0.284785,0,0,0,0,93.3641,99.8547,0,0,0,478216000,41943000,134218000,58720300,16777200,24117200,0,1.5686,0,0.855598,1.2834,0,3.28059,32,100,1024,0,0,0,28
mtran,2544,67108864,512,1,1,0,0,32,16,32,16,0,49.174,8388800,8388570,11.4139,8388700,8388690,0.937821,2097150,1.88733,0,0,0,0,84.0879,100.223,0,0,0,402653000,67108900,134218000,402653000,0,31457300,0,1.88313,0,0,1.88313,0,3.53119,32,100,1024,0,0,0,8
mtran,2849,67108864,512,1,1,0,0,32,16,32,16,1,43.7964,8388620,8388850,12.35,8389150,8388630,1.01632,2097150,2.0321,0,0,0,0,82.1863,99.9739,0,0,0,1275200000,67108900,134218000,402653000,134218000,69206000,0,5.58975,0,6.09791,2.03264,0,8.38498,32,100,1024,0,0,0,10
mtran,2499,33554432,512,1,1,0,0,32,16,32,32,0,49.5574,8388620,8388760,11.484,8388700,8388630,0.94735,2097150,1.89636,0,0,0,0,89.9607,99.8929,0,0,0,872415000,167772000,134218000,167772000,0,52428800,0,4.27139,0,0,1.8984,0,5.93296,32,100,1024,0,0,0,28
mtran,2957,33554432,512,1,1,0,0,32,16,32,32,1,42.9467,8388820,8388340,9.93672,8388700,8388630,0.825958,2097150,1.64166,0,0,0,0,91.5474,99.3453,0,0,0,1241640000,167772000,134218000,234881000,67108900,71303200,0,5.16401,0,2.47872,1.65248,0,7.02345,32,100,1024,0,0,0,28
mtran,2088,16777216,512,1,1,0,0,32,16,32,64,0,73.3818,8388630,8388530,16.9726,8388700,8388630,1.40675,2097150,0.700864,0,0,0,0,85.9314,99.5123,0,0,0,520094000,67108900,134218000,100663000,0,26738700,0,2.1129,0,0,1.76075,0,4.49088,32,100,1024,0,0,0,28
mtran,2114,16777216,512,1,1,0,0,32,16,32,64,1,62.5849,8389680,8387950,14.4863,8388700,8388630,1.20322,2097150,0.598679,0,0,0,0,88.2083,99.7576,0,0,0,721551000,67108900,134218000,117441000,33554400,36175900,0,2.85063,0,1.8004,1.50033,0,5.17678,32,100,1024,0,0,0,28
mtran,2897,67108864,1024,1,1,0,0,32,32,32,32,0,52.154,8389370,8388440,12.1209,8388700,8388810,1.06961,2097150,2.00593,0,0,0,0,68.6645,83.6404,0,0,0,402653000,67108900,134218000,402653000,0,31457300,0,2.39828,0,0,2.39828,0,4.4972,32,100,1024,0,0,0,8
mtran,2838,67108864,1024,1,1,0,0,32,32,32,32,1,51.2684,8388800,8388650,11.941,8388700,8388690,1.04711,2097150,1.97297,0,0,0,0,75.4831,90.261,0,0,0,1275330000,67108900,134218000,402653000,134218000,69206000,0,6.01107,0,6.55753,2.18584,0,9.01699,32,100,1024,0,0,0,10
mtran,2447,33554432,1024,1,1,0,0,32,32,32,64,0,60.0224,8388620,8388610,13.9584,8389380,8388630,1.1955,2097150,2.30482,0,0,0,0,91.1599,95.2779,0,0,0,872415000,167772000,134218000,167772000,0,52428800,0,5.44285,0,0,2.41905,0,7.5601,32,100,1024,0,0,0,28
mtran,2601,33554432,1024,1,1,0,0,32,32,32,64,1,52.1882,8388620,8388560,13.6837,8388930,8388630,1.17274,2097150,2.2607,0,0,0,0,92.7745,95.4759,0,0,0,1241780000,167772000,134218000,234881000,67108900,71303200,0,7.39944,0,3.55173,2.36782,0,10.0639,32,100,1024,0,0,0,28
mtran,4078,67108864,64,1,1,0,0,64,1,64,1,0,33.9685,8422580,8388560,35.5072,65889100,8388630,0.647409,2097150,1.32813,0,0,0,0,88.9008,99.978,0,0,0,402653000,67108900,134218000,402653000,0,31457300,0,1.32843,0,0,1.32843,0,2.49094,32,100,1024,0,0,0,8
mtran,2905,67108864,64,1,1,0,0,64,1,64,1,1,45.908,9152960,8388610,45.2014,66113300,8388700,0.844027,2097150,1.68569,0,0,0,0,89.4423,99.9922,0,0,0,1275080000,67108900,134218000,402653000,134218000,69206000,0,4.63602,0,5.05748,1.68583,0,6.95422,32,100,1024,0,0,0,10
mtran,3816,33554432,64,1,1,0,0,64,1,64,2,0,36.336,8541290,8388650,35.7368,63466800,8388700,0.676273,2097150,1.38248,0,0,0,0,92.0159,99.919,0,0,0,838861000,167772000,134218000,167772000,0,51380200,0,3.11309,0,0,1.3836,0,4.23751,32,100,1024,0,0,0,28
mtran,2716,33554432,64,1,1,0,0,64,1,64,2,1,47.0885,8429110,8388450,47.126,64099200,8388630,0.903634,2097150,1.80474,0,0,0,0,91.6828,99.8565,0,0,0,1140860000,167772000,134218000,301990000,67108900,70254600,0,5.42199,0,2.71099,1.80733,0,7.56852,32,100,1024,0,0,0,28
mtran,2603,16777216,64,1,1,0,0,64,1,64,4,0,49.4355,8717660,8388000,18.5393,19212500,8388680,0.919898,2097150,0.465696,0,0,0,0,89.098,100.034,0,0,0,503316000,67108900,134218000,100663000,0,26214400,0,1.39661,0,0,1.16384,0,2.91011,32,100,1024,0,0,0,28
mtran,2579,16777216,64,1,1,0,0,64,1,64,4,1,48.9129,8514140,8387900,18.4938,19146300,8388630,0.926112,2097150,0.465425,0,0,0,0,90.3616,99.9258,0,0,0,687874000,67108900,134218000,134218000,33554400,35651600,0,2.09597,0,1.39731,1.16443,0,3.95955,32,100,1024,0,0,0,28
mtran,2593,8388608,64,1,1,0,0,64,1,64,8,0,51.2603,8940160,8388810,18.9901,19321500,8388630,0.93709,2097150,0.237804,0,0,0,0,88.495,99.8562,0,0,0,369099000,41943000,134218000,50331600,0,19136500,0,0.893051,0,0,1.07166,0,2.17374,32,100,1024,0,0,0,28
mtran,2762,8388608,64,1,1,0,0,64,1,64,8,1,48.9748,9443760,8388760,17.9893,19842600,8388630,0.888793,2097150,0.221696,0,0,0,0,89.4597,99.9599,0,0,0,469770000,41943000,134218000,58720300,16777200,23855100,0,1.21982,0,0.665356,0.998033,0,2.52329,32,100,1024,0,0,0,28
mtran,2899,4194304,64,1,1,0,0,64,1,64,16,0,50.966,11386700,8388550,17.3115,20599600,8388630,0.83273,2097150,0.103873,0,0,0,0,89.8357,99.6887,0,0,0,293601000,29360100,134218000,25165800,0,15335400,0,0.547035,0,0,0.885676,0,1.52446,32,100,1024,0,0,0,28
mtran,3177,4194304,64,1,1,0,0,64,1,64,16,1,46.0803,11227800,8388290,16.1335,21209700,8388650,0.760841,2097150,0.0946324,0,0,0,0,90.4205,99.7295,0,0,0,343941000,29360100,134218000,29360100,8388610,17694700,0,0.664223,0,0.284667,0.806556,0,1.60166,32,100,1024,0,0,0,28
mtran,6504,2097152,64,1,1,0,0,64,1,64,32,0,40.5554,28355200,8388540,8.31196,24173500,8388680,0.35252,2097150,0.0221779,0,0,0,0,93.3269,99.3065,0,0,0,255853000,23068700,134218000,12582900,0,13434900,0,0.184246,0,0,0.368492,0,0.572527,32,100,1024,0,0,0,28
mtran,6810,2097152,64,1,1,0,0,64,1,64,32,1,39.6615,29506800,8388770,8.28777,25650300,8388650,0.337059,2097150,0.021206,0,0,0,0,93.5212,99.4934,0,0,0,281026000,23068700,134218000,14680100,4194300,14614500,0,0.21314,0,0.0639419,0.35168,0,0.594313,32,100,1024,0,0,0,28
mtran,7355,1048576,64,1,1,0,0,64,1,64,64,0,38.3432,32396100,8389360,7.50154,25913400,8388690,0.302084,2097150,0.0095039,0,0,0,0,96.0343,100.93,0,0,0,236978000,19922900,134218000,6291460,0,12484600,0,0.134183,0,0,0.30603,0,0.448681,32,100,1024,0,0,0,28
mtran,7303,1048576,64,1,1,0,0,64,1,64,64,1,38.1799,31259300,8387840,7.69525,26112500,8388690,0.309693,2097150,0.00968128,0,0,0,0,95.9437,100.377,0,0,0,249569000,19922900,134218000,7340030,2097150,13074400,0,0.154319,0,0.0289347,0.313459,0,0.481209,32,100,1024,0,0,0,28
mtran,3638,67108864,128,1,1,0,0,64,2,64,2,0,37.6933,8408190,8388660,21.3822,32776800,8388630,0.703268,2097150,1.4431,0,0,0,0,92.4535,99.9966,0,0,0,402653000,67108900,134218000,402653000,0,31457300,0,1.44314,0,0,1.44314,0,2.70611,32,100,1024,0,0,0,8
mtran,2571,67108864,128,1,1,0,0,64,2,64,2,1,48.4419,8406770,8388940,27.6679,32975000,8388740,0.927451,2097150,1.85714,0,0,0,0,90.7711,100.122,0,0,0,1275080000,67108900,134218000,402653000,134218000,69206000,0,5.1009,0,5.56462,1.85487,0,7.65162,32,100,1024,0,0,0,10
mtran,3429,33554432,128,1,1,0,0,64,2,64,4,0,39.626,8477550,8388480,18.95,26399600,8388630,0.740669,2097150,1.51117,0,0,0,0,93.0953,100.128,0,0,0,872415000,167772000,134218000,167772000,0,52428800,0,3.39578,0,0,1.50923,0,4.71669,32,100,1024,0,0,0,28
mtran,2597,33554432,128,1,1,0,0,64,2,64,4,1,48.9813,8522440,8388960,24.1155,27542900,8388680,0.932814,2097150,1.86295,0,0,0,0,92.9548,99.9178,0,0,0,1241530000,167772000,134218000,234881000,67108900,71303200,0,5.82652,0,2.79673,1.86449,0,7.9245,32,100,1024,0,0,0,28
mtran,2559,16777216,128,1,1,0,0,64,2,64,8,0,49.9175,8547630,8388600,11.4533,8406030,8388630,0.933788,2097150,0.473208,0,0,0,0,92.4554,99.8366,0,0,0,520094000,67108900,134218000,100663000,0,26738700,0,1.42195,0,0,1.18496,0,3.02225,32,100,1024,0,0,0,28
mtran,2620,16777216,128,1,1,0,0,64,2,64,8,1,48.197,8544030,8387770,11.0109,8400230,8388680,0.907003,2097150,0.455778,0,0,0,0,93.0767,99.9181,0,0,0,721437000,67108900,134218000,117441000,33554400,36175900,0,2.16672,0,1.36846,1.14038,0,3.93474,32,100,1024,0,0,0,28
mtran,2584,8388608,128,1,1,0,0,64,2,64,16,0,51.07,8884840,8388670,11.8451,8934660,8388630,0.943355,2097150,0.237075,0,0,0,0,92.8729,99.8648,0,0,0,377487000,41943000,134218000,50331600,0,19398700,0,0.890235,0,0,1.06828,0,2.19669,32,100,1024,0,0,0,28
mtran,2799,8388608,128,1,1,0,0,64,2,64,16,1,45.568,8806720,8388340,10.5774,8878700,8388630,0.852315,2097150,0.212485,0,0,0,0,92.9825,99.5517,0,0,0,478167000,41943000,134218000,58720300,16777200,24117200,0,1.17393,0,0.640326,0.960489,0,2.45513,32,100,1024,0,0,0,28
mtran,2827,4194304,128,1,1,0,0,64,2,64,32,0,50.5852,10791600,8388880,11.2021,9906380,8388630,0.849499,2097150,0.106271,0,0,0,0,94.5036,99.772,0,0,0,297796000,29360100,134218000,25165800,0,15466500,0,0.5592,0,0,0.905371,0,1.57178,32,100,1024,0,0,0,28
mtran,3179,4194304,128,1,1,0,0,64,2,64,32,1,46.5069,11699500,8388410,12.5013,9946650,8388630,0.955657,2097150,0.119059,0,0,0,0,94.4481,99.8248,0,0,0,348143000,29360100,134218000,29360100,8388610,17825800,0,0.834875,0,0.357804,1.01378,0,2.02817,32,100,1024,0,0,0,28
mtran,3102,2097152,128,1,1,0,0,64,2,64,64,0,48.4503,12018200,8388610,13.3388,11256300,8388740,0.945495,2097150,0.0588721,0,0,0,0,96.0389,100.111,0,0,0,257950000,23068700,134218000,12582900,0,13500400,0,0.485158,0,0,0.970317,0,1.51505,32,100,1024,0,0,0,28
mtran,3246,2097152,128,1,1,0,0,64,2,64,64,1,45.5952,11675600,8388780,12.7085,11152900,8388630,0.906719,2097150,0.0562334,0,0,0,0,96.0446,99.8461,0,0,0,283132000,23068700,134218000,14680100,4194300,14680100,0,0.563201,0,0.16896,0.929282,0,1.57754,32,100,1024,0,0,0,28
mtran,3527,67108864,256,1,1,0,0,64,4,64,4,0,36.4782,8430350,8388780,15.5667,16572800,8388630,0.838763,2097150,1.71956,0,0,0,0,87.8733,99.8623,0,0,0,402653000,67108900,134218000,402653000,0,31457300,0,1.72193,0,0,1.72193,0,3.22892,32,100,1024,0,0,0,8
mtran,2565,67108864,256,1,1,0,0,64,4,64,4,1,49.301,8500070,8388660,19.1236,16667500,8388630,1.05713,2097150,2.11796,0,0,0,0,86.5594,99.9523,0,0,0,1275100000,67108900,134218000,402653000,134218000,69206000,0,5.82718,0,6.35692,2.11897,0,8.74113,32,100,1024,0,0,0,10
mtran,2915,33554432,256,1,1,0,0,64,4,64,8,0,46.5403,8480320,8387730,10.9499,8751900,8388630,0.889248,2097150,1.77345,0,0,0,0,90.8519,100.011,0,0,0,872415000,167772000,134218000,167772000,0,52428800,0,3.98983,0,0,1.77326,0,5.54187,32,100,1024,0,0,0,28
mtran,2638,33554432,256,1,1,0,0,64,4,64,8,1,47.9099,8545550,8388650,11.2903,8827560,8388680,0.910851,2097150,1.81712,0,0,0,0,90.7282,99.8602,0,0,0,1241550000,167772000,134218000,234881000,67108900,71303200,0,5.68645,0,2.72949,1.81966,0,7.73403,32,100,1024,0,0,0,28
mtran,2437,16777216,256,1,1,0,0,64,4,64,16,0,50.3732,8391590,8388970,11.6514,8389650,8388630,0.94075,2097150,0.481156,0,0,0,0,88.7963,99.9914,0,0,0,520094000,67108900,134218000,100663000,0,26738700,0,1.44359,0,0,1.20299,0,3.0683,32,100,1024,0,0,0,28
mtran,2714,16777216,256,1,1,0,0,64,4,64,16,1,45.3497,8389070,8388420,10.5099,8388700,8388740,0.864031,2097150,0.435057,0,0,0,0,88.7912,100.369,0,0,0,721453000,67108900,134218000,117441000,33554400,36175900,0,2.05892,0,1.30037,1.08364,0,3.73902,32,100,1024,0,0,0,28
mtran,2453,8388608,256,1,1,0,0,64,4,64,32,0,51.4426,8392760,8387830,11.9096,8405840,8388630,0.968767,2097150,0.245737,0,0,0,0,91.5014,99.8655,0,0,0,377487000,41943000,134218000,50331600,0,19398700,0,0.922755,0,0,1.10731,0,2.27699,32,100,1024,0,0,0,28
mtran,2610,8388608,256,1,1,0,0,64,4,64,32,1,48.1347,8392380,8388380,11.1649,8405800,8388630,0.917565,2097150,0.230449,0,0,0,0,91.2231,99.8558,0,0,0,478183000,41943000,134218000,58720300,16777200,24117200,0,1.2693,0,0.692346,1.03852,0,2.65464,32,100,1024,0,0,0,28
mtran,2448,4194304,256,1,1,0,0,64,4,64,64,0,51.5858,8425540,8388310,14.6065,8517620,8388630,1.18115,2097150,0.149166,0,0,0,0,94.2178,99.6208,0,0,0,297796000,29360100,134218000,25165800,0,15466500,0,0.786104,0,0,1.27274,0,2.20963,32,100,1024,0,0,0,28
mtran,2650,4194304,256,1,1,0,0,64,4,64,64,1,47.203,8405770,8387920,14.0008,8508780,8388630,1.08953,2097150,0.144115,0,0,0,0,94.0056,105.361,0,0,0,348160000,29360100,134218000,29360100,8388610,17825800,0,0.957476,0,0.410347,1.16265,0,2.32607,32,100,1024,0,0,0,28
mtran,3276,67108864,512,1,1,0,0,64,8,64,8,0,38.5357,8443840,8388040,11.3347,8388700,8388760,0.926237,2097150,1.86556,0,0,0,0,83.7237,98.7903,0,0,0,402653000,67108900,134218000,402653000,0,31457300,0,1.8884,0,0,1.8884,0,3.54109,32,100,1024,0,0,0,8
mtran,2688,67108864,512,1,1,0,0,64,8,64,8,1,46.502,8543910,8388340,13.5886,8388700,8388630,1.12967,2097150,2.24007,0,0,0,0,79.8587,98.8447,0,0,0,1275130000,67108900,134218000,402653000,134218000,69206000,0,6.2322,0,6.79877,2.26626,0,9.3487,32,100,1024,0,0,0,10
mtran,2578,33554432,512,1,1,0,0,64,8,64,16,0,48.9404,8481550,8388640,14.3652,8388830,8388630,1.17034,2097150,2.36789,0,0,0,0,87.2351,99.6839,0,0,0,872415000,167772000,134218000,167772000,0,52428800,0,5.34464,0,0,2.3754,0,7.42371,32,100,1024,0,0,0,28
mtran,2794,33554432,512,1,1,0,0,64,8,64,16,1,44.3898,8393810,8388670,13.1079,8388700,8388630,1.081,2097150,2.16029,0,0,0,0,87.0508,99.5553,0,0,0,1241580000,167772000,134218000,234881000,67108900,71303200,0,6.78105,0,3.2549,2.16994,0,9.22275,32,100,1024,0,0,0,28
mtran,2112,16777216,512,1,1,0,0,64,8,64,32,0,60.0857,8388620,8388480,17.3068,8388700,8388630,1.42043,2097150,0.71109,0,0,0,0,86.7322,99.8046,0,0,0,520094000,67108900,134218000,100663000,0,26738700,0,2.13745,0,0,1.78121,0,4.54306,32,100,1024,0,0,0,28
mtran,2160,16777216,512,1,1,0,0,64,8,64,32,1,58.5971,8388820,8388290,16.878,8388700,8388630,1.39106,2097150,0.692872,0,0,0,0,86.1298,99.8948,0,0,0,721485000,67108900,134218000,117441000,33554400,36175900,0,3.29461,0,2.08081,1.734,0,5.98305,32,100,1024,0,0,0,28
mtran,2127,8388608,512,1,1,0,0,64,8,64,64,0,61.4046,8388820,8388360,16.9736,8388900,8388680,1.40654,2097150,0.349599,0,0,0,0,91.3333,100.155,0,0,0,377487000,41943000,134218000,50331600,0,19398700,0,1.30898,0,0,1.57077,0,3.23003,32,100,1024,0,0,0,28
mtran,2176,8388608,512,1,1,0,0,64,8,64,64,1,59.815,8388680,8388930,16.5705,8388880,8388630,1.36441,2097150,0.340963,0,0,0,0,90.0203,99.907,0,0,0,478216000,41943000,134218000,58720300,16777200,24117200,0,1.87704,0,1.02384,1.53576,0,3.92568,32,100,1024,0,0,0,28
mtran,2958,67108864,1024,1,1,0,0,64,16,64,16,0,43.9698,8388960,8388610,12.1367,8388700,8388630,1.06578,2097150,1.99962,0,0,0,0,70.0134,83.4892,0,0,0,402653000,67108900,134218000,402653000,0,31457300,0,2.39506,0,0,2.39506,0,4.49116,32,100,1024,0,0,0,8
mtran,3016,67108864,1024,1,1,0,0,64,16,64,16,1,42.8278,8388900,8388530,11.4164,8388700,8388630,0.998139,2097150,1.88311,0,0,0,0,76.7791,90.7089,0,0,0,1275200000,67108900,134218000,402653000,134218000,69206000,0,5.70898,0,6.22798,2.07599,0,8.56384,32,100,1024,0,0,0,10
mtran,2576,33554432,1024,1,1,0,0,64,16,64,32,0,49.524,8388620,8388480,11.4144,8388700,8388630,0.972877,2097150,1.88986,0,0,0,0,92.34,95.7222,0,0,0,872415000,167772000,134218000,167772000,0,52428800,0,4.44221,0,0,1.97432,0,6.17021,32,100,1024,0,0,0,28
mtran,2772,33554432,1024,1,1,0,0,64,16,64,32,1,47.0219,8388620,8388420,10.8128,8389480,8388630,0.919707,2097150,1.78681,0,0,0,0,92.1815,95.7127,0,0,0,1241640000,167772000,134218000,234881000,67108900,71303200,0,5.83391,0,2.80027,1.86685,0,7.9346,32,100,1024,0,0,0,28
mtran,2298,16777216,1024,1,1,0,0,64,16,64,64,0,67.9526,8388990,8388290,15.7181,8388700,8388630,1.33075,2097150,0.650849,0,0,0,0,96.5652,97.5827,0,0,0,520094000,67108900,134218000,100663000,0,26738700,0,2.00092,0,0,1.66743,0,4.25288,32,100,1024,0,0,0,28
mtran,2326,16777216,1024,1,1,0,0,64,16,64,64,1,67.4155,8389140,8388580,15.554,8389250,8388630,1.31237,2097150,0.643036,0,0,0,0,95.3603,97.6724,0,0,0,721550000,67108900,134218000,117441000,33554400,36175900,0,3.12721,0,1.97508,1.6459,0,5.67904,32,100,1024,0,0,0,28
mtran,2948,67108864,32,1,1,1,0,1,32,1,32,0,50.9247,8388620,8388590,49.2439,61848600,8388630,0.972399,2097150,4.867,2097150,2097150,0,0,43.5928,100.017,0,0,0,2751460000,939524000,268435000,335544000,0,144703000,0,8.75911,0,0,2.9197,0,16.7884,32,100,1024,128,0,0,52
mtran,30400,67108864,32,1,1,1,0,1,32,1,32,1,34.6696,134218000,8388680,4.22247,67110100,8388730,0.077727,2097150,0.386772,2097150,2097150,0,0,49.5156,99.4579,0,0,0,3557030000,939524000,268435000,402653000,134218000,182452000,0,0.972202,0,0.466657,0.233328,0,1.69164,32,100,1024,128,0,0,52
mtran,2442,67108864,64,1,1,1,0,1,64,1,64,0,63.6408,8388620,8388600,55.1772,54276700,8388630,1.22311,2097150,5.50398,2097150,2097150,0,0,90.479,99.8916,0,0,0,2751460000,939524000,268435000,335544000,0,144703000,0,11.0199,0,0,3.6733,0,21.1218,32,100,1024,256,0,0,52
mtran,28995,67108864,64,1,1,1,0,1,64,1,64,1,36.3239,134221000,8388880,4.43291,67110000,8388730,0.0816601,2097150,0.366858,2097150,2097150,0,0,98.716,99.8803,0,0,0,3557290000,939524000,268435000,402653000,134218000,182452000,0,1.02027,0,0.48973,0.244865,0,1.77529,32,100,1024,256,0,0,52
mtran,2808,67108864,32,1,1,1,0,2,16,2,16,0,49.1322,8388620,8388210,23.8334,26775700,8388630,0.936597,2097150,4.72272,2097150,2097150,0,0,42.238,99.6764,0,0,0,2885680000,939524000,268435000,335544000,0,150995000,0,9.47611,0,0,2.84283,0,17.0571,32,100,1024,128,0,0,52
mtran,17720,67108864,32,1,1,1,0,2,16,2,16,1,31.6049,67109500,8388610,4.07005,33555200,8388680,0.134103,2097150,0.672246,2097150,2097150,0,0,49.157,100.213,0,0,0,3489790000,939524000,268435000,603980000,134218000,188744000,0,1.60997,0,0.804983,0.402492,0,3.0187,32,100,1024,128,0,0,52
mtran,2282,33554432,32,1,1,1,0,2,16,2,32,0,63.4965,8388620,8388600,34.2579,30556400,8388630,1.21942,2097150,6.70032,4194300,2097150,0,0,45.7938,99.8887,0,0,0,1912600000,503316000,268435000,201327000,0,105906000,0,10.9764,0,0,3.65879,0,15.3977,32,100,1024,256,0,0,52
mtran,16188,33554432,32,1,1,1,0,2,16,2,32,1,34.5043,67109600,8388650,4.41967,33555800,8388680,0.146469,2097150,0.80448,4194300,2097150,0,0,49.5401,99.8542,0,0,0,2281830000,503316000,268435000,268435000,67108900,124781000,0,1.53807,0,0.439448,0.439448,0,2.17895,32,100,1024,256,0,0,52
mtran,1778,67108864,64,1,1,1,0,2,32,2,32,0,71.692,8389700,8388010,39.7944,31747600,8388630,1.36741,2097150,7.58083,4194300,2097150,0,0,90.7194,99.9809,0,0,0,2885680000,939524000,268435000,335544000,0,150995000,0,13.786,0,0,4.13579,0,24.815,32,100,1024,256,0,0,52
mtran,16177,67108864,64,1,1,1,0,2,32,2,32,1,34.5309,67109500,8388770,4.42251,33555000,8388710,0.146727,2097150,0.805206,4194300,2097150,0,0,99.0404,99.7484,0,0,0,3489920000,939524000,268435000,603980000,134218000,188744000,0,1.76124,0,0.880622,0.440311,0,3.30237,32,100,1024,256,0,0,52
mtran,1515,33554432,64,1,1,1,0,2,32,2,64,0,87.048,8388620,8388120,48.2802,31560000,8388630,1.67216,2097150,8.81433,4194300,2097150,0,0,94.2764,100.033,0,0,0,1912600000,503316000,268435000,201327000,0,105906000,0,15.1053,0,0,5.03509,0,21.1899,32,100,1024,512,0,0,52
mtran,19896,33554432,64,1,1,1,0,2,32,2,64,1,28.0582,67109800,8388600,3.59701,33555000,8388730,0.119763,2097150,0.62419,4194300,2097150,0,0,99.554,99.5848,0,0,0,2281960000,503316000,268435000,268435000,67108900,124781000,0,1.25358,0,0.358167,0.358167,0,1.77595,32,100,1024,512,0,0,52
mtran,1699,67108864,128,1,1,1,0,2,64,2,64,0,82.5983,8389010,8388410,47.7683,33371800,8388630,1.58384,2097150,8.34854,4194300,2097150,0,0,89.1299,99.8974,0,0,0,2885680000,939524000,268435000,335544000,0,150995000,0,15.9183,0,0,4.7755,0,28.6534,32,100,1024,512,0,0,52
mtran,16181,67108864,128,1,1,1,0,2,64,2,64,1,34.4665,67109400,8388660,4.41377,33555000,8388680,0.146491,2097150,0.767139,4194300,2097150,0,0,99.0369,99.7307,0,0,0,3490190000,939524000,268435000,603980000,134218000,188744000,0,1.7582,0,0.879098,0.439549,0,3.29666,32,100,1024,512,0,0,52
mtran,3749,67108864,32,1,1,1,0,4,8,4,8,0,34.725,8388660,8381210,10.9557,14393100,8388680,0.666715,2097150,3.338,2097150,2097150,0,0,43.7445,97.0602,0,0,0,2885680000,939524000,268435000,335544000,0,150995000,0,6.8782,0,0,2.06346,0,12.3808,32,100,1024,128,0,0,52
mtran,4184,67108864,32,1,1,1,0,4,8,4,8,1,37.0419,12189400,8388760,10.4903,16757600,8388630,0.583308,2097150,2.89175,2097150,2097150,0,0,45.4563,97.726,0,0,0,3489730000,939524000,268435000,603980000,134218000,188744000,0,7.10169,0,3.55084,1.77542,0,13.3157,32,100,1024,128,0,0,52
mtran,2585,33554432,32,1,1,1,0,4,8,4,16,0,49.896,8388620,8386540,16.2492,15143500,8388630,0.943589,2097150,5.26776,4194300,2097150,0,0,46.3041,99.9521,0,0,0,1979710000,503316000,268435000,201327000,0,109052000,0,8.62411,0,0,2.8747,0,12.4572,32,100,1024,256,0,0,52
mtran,8966,33554432,32,1,1,1,0,4,8,4,16,1,31.4896,29990500,8388380,4.77722,16774700,8388680,0.263146,2097150,1.44618,4194300,2097150,0,0,49.1176,99.818,0,0,0,2348880000,503316000,268435000,268435000,67108900,127926000,0,2.83179,0,0.790266,0.790266,0,4.01723,32,100,1024,256,0,0,52
mtran,1755,16777216,32,1,1,1,0,4,8,4,32,0,71.8162,8388650,8387980,24.5747,16453400,8388630,1.3825,2097150,7.89938,8388610,2097150,0,0,47.7979,99.7313,0,0,0,1073740000,352322000,268435000,100663000,0,60293100,0,4.82128,0,0,3.09939,0,9.90131,32,100,1024,512,0,0,52
mtran,8934,16777216,32,1,1,1,0,4,8,4,32,1,34.792,33553000,8388740,4.85324,16777800,8388630,0.266172,2097150,1.53803,8388610,2097150,0,0,49.5627,100.544,0,0,0,1241580000,352322000,268435000,150995000,33554400,69730300,0,1.13065,0,0.399053,0.598579,0,2.21151,32,100,1024,512,0,0,52
mtran,2379,67108864,64,1,1,1,0,4,16,4,16,0,54.7312,8388620,8381930,17.7144,15047600,8388630,1.02508,2097150,5.78252,4194300,2097150,0,0,92.0022,99.7873,0,0,0,2885680000,939524000,268435000,335544000,0,150995000,0,10.5361,0,0,3.16082,0,18.9652,32,100,1024,256,0,0,52
mtran,8946,67108864,64,1,1,1,0,4,16,4,16,1,31.6663,30176900,8388810,4.77764,16775900,8388810,0.263476,2097150,1.44703,4194300,2097150,0,0,98.0547,99.8978,0,0,0,3489790000,939524000,268435000,603980000,134218000,188744000,0,3.1604,0,1.5802,0.790099,0,5.9258,32,100,1024,256,0,0,52
mtran,1823,33554432,64,1,1,1,0,4,16,4,32,0,70.5212,8388620,8387540,23.5335,15827500,8388630,1.3385,2097150,9.79439,8388610,2097150,0,0,95.3459,99.9995,0,0,0,1979710000,503316000,268435000,201327000,0,109052000,0,12.1586,0,0,4.05287,0,17.5629,32,100,1024,512,0,0,52
mtran,8922,33554432,64,1,1,1,0,4,16,4,32,1,34.8362,33554500,8388880,4.85506,16777600,8388630,0.267925,2097150,1.93974,8388610,2097150,0,0,98.9842,99.8922,0,0,0,2348940000,503316000,268435000,268435000,67108900,127926000,0,2.87927,0,0.803518,0.803518,0,4.08465,32,100,1024,512,0,0,52
mtran,1524,16777216,64,1,1,1,0,4,16,4,64,0,84.9962,8388690,8388390,27.0108,14549200,8388630,1.54968,2097150,9.20553,8388610,2097150,0,0,95.2077,99.8591,0,0,0,1073740000,352322000,268435000,100663000,0,60293100,0,5.73597,0,0,3.68741,0,11.7804,32,100,1024,1024,0,0,52
mtran,8712,16777216,64,1,1,1,0,4,16,4,64,1,35.5505,33554400,8388600,4.95525,16778200,8388630,0.27318,2097150,1.53685,8388610,2097150,0,0,95.244,99.9444,0,0,0,1241640000,352322000,268435000,150995000,33554400,69730300,0,1.16182,0,0.410054,0.615081,0,2.27258,32,100,1024,1024,0,0,52
mtran,1760,67108864,128,1,1,1,0,4,32,4,32,0,72.9159,8388620,8386940,25.1692,16611000,8388630,1.39321,2097150,10.1429,8388610,2097150,0,0,90.6106,100.032,0,0,0,2885680000,939524000,268435000,335544000,0,150995000,0,13.9857,0,0,4.19571,0,25.1747,32,100,1024,512,0,0,52
mtran,8937,67108864,128,1,1,1,0,4,32,4,32,1,34.8019,33554700,8388660,4.85161,16777600,8388680,0.26753,2097150,1.9382,8388610,2097150,0,0,98.2513,99.875,0,0,0,3489920000,939524000,268435000,603980000,134218000,188744000,0,3.21207,0,1.60603,0.803016,0,6.0227,32,100,1024,512,0,0,52
mtran,1421,33554432,128,1,1,1,0,4,32,4,64,0,86.9932,8388700,8387030,30.1345,16634800,8388630,1.66449,2097150,11.9203,8388610,2097150,0,0,94.3441,99.9083,0,0,0,1979710000,503316000,268435000,201327000,0,109052000,0,15.0711,0,0,5.0237,0,21.7701,32,100,1024,1024,0,0,52
mtran,9251,33554432,128,1,1,1,0,4,32,4,64,1,33.5247,33554900,8388820,4.65575,16777300,8388680,0.256931,2097150,1.82851,8388610,2097150,0,0,99.138,99.9786,0,0,0,2349070000,503316000,268435000,268435000,67108900,127926000,0,2.7594,0,0.770065,0.770065,0,3.91461,32,100,1024,1024,0,0,52
mtran,1653,67108864,256,1,1,1,0,4,64,4,64,0,83.8205,8388680,8388940,29.233,16755900,8388630,1.61541,2097150,11.5106,8388610,2097150,0,0,88.4957,99.8031,0,0,0,2885680000,939524000,268435000,335544000,0,150995000,0,16.1871,0,0,4.85614,0,29.1374,32,100,1024,1024,0,0,52
mtran,8706,67108864,256,1,1,1,0,4,64,4,64,1,35.5892,33554500,8388670,4.9653,16777800,8388630,0.273397,2097150,1.94842,8388610,2097150,0,0,98.1041,99.9574,0,0,0,3490180000,939524000,268435000,603980000,134218000,188744000,0,3.28294,0,1.64147,0.820736,0,6.15562,32,100,1024,1024,0,0,52
mtran,3526,67108864,32,1,1,1,0,8,4,8,4,0,38.1981,8388730,8402220,13.2824,8388700,16777200,0.716624,2097150,3.66433,2097150,2097150,0,0,43.0913,97.0118,0,0,0,2885680000,939524000,268435000,335544000,0,150995000,0,7.55439,0,0,2.26632,0,13.598,32,100,1024,128,0,0,52
mtran,3619,67108864,32,1,1,1,0,8,4,8,4,1,37.115,8445900,8414110,12.7864,8389490,16777200,0.708925,2097150,3.52915,2097150,2097150,0,0,44.2112,98.0572,0,0,0,3489690000,939524000,268435000,603980000,134218000,188744000,0,8.63778,0,4.31889,2.15944,0,16.1959,32,100,1024,128,0,0,52
mtran,3360,33554432,32,1,1,1,0,8,4,8,8,0,38.9235,8388620,8378600,9.07597,8389140,8388630,0.737244,2097150,4.12976,4194300,2097150,0,0,47.0478,100.013,0,0,0,1979710000,503316000,268435000,201327000,0,109052000,0,6.75688,0,0,2.25229,0,9.76008,32,100,1024,256,0,0,52
mtran,3296,33554432,32,1,1,1,0,8,4,8,8,1,38.9648,8470200,8388710,8.93134,8388700,8388630,0.738122,2097150,4.0674,4194300,2097150,0,0,47.3307,99.5166,0,0,0,2348840000,503316000,268435000,268435000,67108900,127926000,0,7.98854,0,2.22936,2.22936,0,11.3327,32,100,1024,256,0,0,52
mtran,2371,16777216,32,1,1,1,0,8,4,8,16,0,55.6965,8388780,8388100,12.8389,8388700,8388630,1.01211,2097150,6.11446,8388610,2097150,0,0,48.3542,100.09,0,0,0,1107300000,352322000,268435000,100663000,0,61866000,0,3.71851,0,0,2.39047,0,7.8358,32,100,1024,512,0,0,52
mtran,3339,16777216,32,1,1,1,0,8,4,8,16,1,41.799,10144300,8388460,8.75082,8388950,8388630,0.720169,2097150,4.15953,8388610,2097150,0,0,48.8217,99.8316,0,0,0,1275100000,352322000,268435000,150995000,33554400,71303200,0,2.98904,0,1.08692,1.63039,0,6.15949,32,100,1024,512,0,0,52
mtran,1838,8388608,32,1,1,1,0,8,4,8,32,0,68.1617,8388620,8387920,15.8049,8388700,8388630,1.32726,2097150,12.263,16777200,2097150,0,0,48.958,99.6246,0,0,0,713032000,167772000,268435000,41943000,0,39845900,0,2.95421,0,0,2.79009,0,6.23702,32,100,1024,1024,0,0,52
mtran,4639,8388608,32,1,1,1,0,8,4,8,32,1,37.8548,15330600,8388240,6.21193,8389140,8388680,0.514506,2097150,4.82029,16777200,2097150,0,0,49.5566,99.9431,0,0,0,813728000,167772000,268435000,50331600,16777200,44564500,0,1.3826,0,0.385843,1.09322,0,2.7332,32,100,1024,1024,0,0,52
mtran,3264,67108864,64,1,1,1,0,8,8,8,8,0,39.8835,8388730,8375980,9.28056,8388700,8388630,0.75023,2097150,4.22721,4194300,2097150,0,0,93.8995,100.145,0,0,0,2885680000,939524000,268435000,335544000,0,150995000,0,7.6747,0,0,2.30241,0,13.8146,32,100,1024,256,0,0,52
mtran,3232,67108864,64,1,1,1,0,8,8,8,8,1,39.7837,8504200,8388640,9.17605,8388720,8388630,0.752051,2097150,4.17568,4194300,2097150,0,0,93.947,99.6621,0,0,0,3489730000,939524000,268435000,603980000,134218000,188744000,0,9.14147,0,4.57074,2.28537,0,17.1404,32,100,1024,256,0,0,52
mtran,2398,33554432,64,1,1,1,0,8,8,8,16,0,54.7538,8388620,8385910,12.7353,8388700,8388630,1.00843,2097150,7.64327,8388610,2097150,0,0,96.3475,100.128,0,0,0,1979710000,503316000,268435000,201327000,0,109052000,0,9.47606,0,0,3.15869,0,13.688,32,100,1024,512,0,0,52
mtran,3301,33554432,64,1,1,1,0,8,8,8,16,1,41.8228,10053300,8388420,8.83792,8388700,8388630,0.729274,2097150,5.29998,8388610,2097150,0,0,97.105,99.9048,0,0,0,2348880000,503316000,268435000,268435000,67108900,127926000,0,7.86607,0,2.19518,2.19518,0,11.1591,32,100,1024,512,0,0,52
mtran,1843,16777216,64,1,1,1,0,8,8,8,32,0,68.1228,8389060,8388900,15.8228,8389490,8388630,1.32601,2097150,12.6096,16777200,2097150,0,0,95.5334,100.137,0,0,0,1107300000,352322000,268435000,100663000,0,61866000,0,4.57903,0,0,2.94367,0,9.64959,32,100,1024,1024,0,0,52
mtran,4637,16777216,64,1,1,1,0,8,8,8,32,1,37.8714,15322400,8388720,6.21488,8388700,8388630,0.513946,2097150,4.95176,16777200,2097150,0,0,98.2003,99.9202,0,0,0,1275130000,352322000,268435000,150995000,33554400,71303200,0,2.12388,0,0.772319,1.15848,0,4.37684,32,100,1024,1024,0,0,52
mtran,1707,8388608,64,1,1,1,0,8,8,8,64,0,80.5869,8403300,8389920,18.6405,8388700,8388630,1.39982,2097150,14.3708,16777200,2097150,0,0,95.0158,100.004,0,0,0,713032000,167772000,268435000,41943000,0,39845900,0,3.47202,0,0,3.27913,0,7.33065,32,100,1024,2048,0,0,52
mtran,4688,8388608,64,1,1,1,0,8,8,8,64,1,39.6932,16773900,8389050,6.12186,8388720,8388630,0.506276,2097150,4.71231,16777200,2097150,0,0,93.6036,99.9563,0,0,0,813760000,167772000,268435000,50331600,16777200,44564500,0,1.36052,0,0.379681,1.07576,0,2.68968,32,100,1024,2048,0,0,52
mtran,2356,67108864,128,1,1,1,0,8,16,8,16,0,55.1079,8388620,8381540,12.8101,8389490,8388630,1.03612,2097150,7.68915,8388610,2097150,0,0,92.9751,99.8897,0,0,0,2885680000,939524000,268435000,335544000,0,150995000,0,10.6174,0,0,3.18523,0,19.1117,32,100,1024,512,0,0,52
mtran,3347,67108864,128,1,1,1,0,8,16,8,16,1,41.5204,10175500,8388420,8.68529,8389660,8388630,0.716333,2097150,5.20441,8388610,2097150,0,0,95.2347,99.8858,0,0,0,3489790000,939524000,268435000,603980000,134218000,188744000,0,8.62406,0,4.31203,2.15601,0,16.1703,32,100,1024,512,0,0,52
mtran,1817,33554432,128,1,1,1,0,8,16,8,32,0,70.5036,8389810,8387750,16.3059,8388700,8388630,1.33892,2097150,15.0226,16777200,2097150,0,0,95.169,99.9329,0,0,0,1979710000,503316000,268435000,201327000,0,109052000,0,12.1613,0,0,4.05377,0,17.5669,32,100,1024,1024,0,0,52
mtran,4744,33554432,128,1,1,1,0,8,16,8,32,1,37.5884,15709500,8388870,6.05497,8388970,8388630,0.49998,2097150,5.56527,16777200,2097150,0,0,98.2747,100.014,0,0,0,2348940000,503316000,268435000,268435000,67108900,127926000,0,5.37691,0,1.50053,1.50053,0,7.62793,32,100,1024,1024,0,0,52
mtran,1572,16777216,128,1,1,1,0,8,16,8,64,0,84.6522,8388620,8387950,19.5547,8388700,8388630,1.52203,2097150,15.4815,16777200,2097150,0,0,96.4173,99.8885,0,0,0,1107300000,352322000,268435000,100663000,0,61866000,0,5.67276,0,0,3.64678,0,11.9546,32,100,1024,2048,0,0,52
mtran,4683,16777216,128,1,1,1,0,8,16,8,64,1,39.7368,16777100,8388550,6.13004,8388700,8388630,0.506857,2097150,4.84328,16777200,2097150,0,0,98.6251,99.9324,0,0,0,1275200000,352322000,268435000,150995000,33554400,71303200,0,2.09067,0,0.760245,1.14037,0,4.30847,32,100,1024,2048,0,0,52
mtran,1773,67108864,256,1,1,1,0,8,32,8,32,0,72.5614,8388620,8388240,16.8126,8388700,8388630,1.38465,2097150,15.4852,16777200,2097150,0,0,89.6213,99.8656,0,0,0,2885680000,939524000,268435000,335544000,0,150995000,0,13.938,0,0,4.18141,0,25.089,32,100,1024,1024,0,0,52
mtran,4779,67108864,256,1,1,1,0,8,32,8,32,1,37.4832,15836300,8388180,6.01553,8388700,8388630,0.49641,2097150,5.52343,16777200,2097150,0,0,96.3558,99.8949,0,0,0,3489920000,939524000,268435000,603980000,134218000,188744000,0,5.96413,0,2.98206,1.49103,0,11.1829,32,100,1024,1024,0,0,52
mtran,1492,33554432,256,1,1,1,0,8,32,8,64,0,86.5245,8388620,8388000,20.0815,8388700,8388630,1.65362,2097150,18.3862,16777200,2097150,0,0,93.44,99.9,0,0,0,1979710000,503316000,268435000,201327000,0,109052000,0,14.9732,0,0,4.99108,0,21.6288,32,100,1024,2048,0,0,52
mtran,4724,33554432,256,1,1,1,0,8,32,8,64,1,39.3884,16778000,8388840,6.07967,8388700,8388630,0.501957,2097150,5.55422,16777200,2097150,0,0,98.1153,99.9122,0,0,0,2349070000,503316000,268435000,268435000,67108900,127926000,0,5.40207,0,1.50755,1.50755,0,7.66364,32,100,1024,2048,0,0,52
mtran,1846,67108864,512,1,1,1,0,8,64,8,64,0,78.7285,8388620,8388380,18.2852,8388700,8388630,1.53412,2097150,16.7327,16777200,2097150,0,0,88.0703,98.2526,0,0,0,2885680000,939524000,268435000,335544000,0,150995000,0,15.3946,0,0,4.61838,0,27.7108,32,100,1024,2048,0,0,52
mtran,4690,67108864,512,1,1,1,0,8,64,8,64,1,39.6568,16777600,8388520,6.12743,8388700,8388630,0.508306,2097150,5.59479,16777200,2097150,0,0,96.2605,99.2774,0,0,0,3490180000,939524000,268435000,603980000,134218000,188744000,0,6.1131,0,3.05655,1.52827,0,11.4622,32,100,1024,2048,0,0,52
mtran,3624,67108864,32,1,1,1,0,16,2,16,2,0,41.1192,8388930,8519600,23.6648,8389530,33554300,0.750655,2097150,3.91939,2097150,2097150,0,0,45.1412,100.03,0,0,0,2818570000,939524000,268435000,335544000,0,148898000,0,7.0528,0,0,2.35093,0,13.9098,32,100,1024,128,0,0,52
mtran,3644,67108864,32,1,1,1,0,16,2,16,2,1,36.388,8388950,8467120,20.9891,8390700,33554500,0.694407,2097150,3.47241,2097150,2097150,0,0,45.6504,99.8965,0,0,0,3422570000,939524000,268435000,603980000,134218000,186647000,0,8.34241,0,4.17121,2.0856,0,15.4683,32,100,1024,128,0,0,52
mtran,3175,33554432,32,1,1,1,0,16,2,16,4,0,42.3339,8388620,8394320,14.7273,8388700,16777200,0.777743,2097150,4.46737,4194300,2097150,0,0,47.4238,99.7768,0,0,0,1979710000,503316000,268435000,201327000,0,109052000,0,7.3266,0,0,2.4422,0,10.583,32,100,1024,256,0,0,52
mtran,3187,33554432,32,1,1,1,0,16,2,16,4,1,40.0559,8388620,8391340,13.9295,8388700,16777200,0.766792,2097150,4.21932,4194300,2097150,0,0,47.5254,99.8729,0,0,0,2348830000,503316000,268435000,268435000,67108900,127926000,0,8.25735,0,2.30438,2.30438,0,11.7141,32,100,1024,256,0,0,52
mtran,2818,16777216,32,1,1,1,0,16,2,16,8,0,46.3852,8388820,8379930,10.7854,8389140,8388630,0.863566,2097150,5.13562,8388610,2097150,0,0,48.61,99.9173,0,0,0,1107300000,352322000,268435000,100663000,0,61866000,0,3.12862,0,0,2.01125,0,6.59275,32,100,1024,512,0,0,52
mtran,3284,16777216,32,1,1,1,0,16,2,16,8,1,39.9908,8388630,8388830,9.25255,8388700,8388630,0.736116,2097150,4.39826,8388610,2097150,0,0,48.8104,99.8716,0,0,0,1275080000,352322000,268435000,150995000,33554400,71303200,0,3.15933,0,1.14885,1.72327,0,6.51041,32,100,1024,512,0,0,52
mtran,2252,8388608,32,1,1,1,0,16,2,16,16,0,59.9381,8388620,8386690,13.826,8388700,8388630,1.0595,2097150,10.7218,16777200,2097150,0,0,49.1374,99.7884,0,0,0,721420000,167772000,268435000,50331600,0,40632300,0,2.65031,0,0,2.43542,0,5.55172,32,100,1024,1024,0,0,52
mtran,3026,8388608,32,1,1,1,0,16,2,16,16,1,42.3636,8388620,8388720,9.78919,8388700,8388630,0.79469,2097150,7.58944,16777200,2097150,0,0,49.337,99.8241,0,0,0,830489000,167772000,268435000,50331600,16777200,45350900,0,2.23016,0,0.608225,1.7233,0,4.38451,32,100,1024,1024,0,0,52
mtran,1964,4194304,32,1,1,1,0,16,2,16,32,0,63.5501,8388960,8391040,14.6547,8388700,8388630,1.23153,2097150,20.8448,33554400,2097150,0,0,49.4607,99.014,0,0,0,499122000,83886100,268435000,20971500,0,28835800,0,1.95214,0,0,2.52629,0,4.21082,32,100,1024,2048,0,0,52
mtran,2640,4194304,32,1,1,1,0,16,2,16,32,1,47.3879,8388620,8388250,11.0005,8389130,8388630,0.911491,2097150,15.6511,33554400,2097150,0,0,49.5579,99.8564,0,0,0,545276000,83886100,268435000,29360100,8388610,31195100,0,1.70985,0,0.34197,1.88083,0,3.39145,32,100,1024,2048,0,0,52
mtran,3001,67108864,64,1,1,1,0,16,4,16,4,0,44.9213,8388840,8386440,15.6324,8388700,16777100,0.818934,2097150,4.7474,4194300,2097150,0,0,93.3865,100.142,0,0,0,2885680000,939524000,268435000,335544000,0,150995000,0,8.61941,0,0,2.58582,0,15.5151,32,100,1024,256,0,0,52
mtran,3004,67108864,64,1,1,1,0,16,4,16,4,1,43.2919,8388620,8391060,15.0458,8388700,16777200,0.826942,2097150,4.56197,4194300,2097150,0,0,94.1134,99.9248,0,0,0,3489690000,939524000,268435000,603980000,134218000,188744000,0,9.96087,0,4.98044,2.49022,0,18.6768,32,100,1024,256,0,0,52
mtran,2918,33554432,64,1,1,1,0,16,4,16,8,0,45.4029,8388620,8378930,10.522,8388700,8388630,0.846089,2097150,6.31561,8388610,2097150,0,0,96.7682,99.9507,0,0,0,1979710000,503316000,268435000,201327000,0,109052000,0,7.84393,0,0,2.61464,0,11.3304,32,100,1024,512,0,0,52
mtran,3271,33554432,64,1,1,1,0,16,4,16,8,1,39.1553,8388740,8388420,9.06249,8388700,8388680,0.739976,2097150,5.43041,8388610,2097150,0,0,96.9907,99.8431,0,0,0,2348840000,503316000,268435000,268435000,67108900,127926000,0,8.06463,0,2.2506,2.2506,0,11.4408,32,100,1024,512,0,0,52
mtran,2255,16777216,64,1,1,1,0,16,4,16,16,0,60.2086,8388930,8388260,13.9891,8388790,8388630,1.07768,2097150,11.1482,16777200,2097150,0,0,96.3264,100.552,0,0,0,1107300000,352322000,268435000,100663000,0,61866000,0,4.03164,0,0,2.59177,0,8.49605,32,100,1024,1024,0,0,52
mtran,3035,16777216,64,1,1,1,0,16,4,16,16,1,42.3316,8388620,8388830,9.82936,8388700,8388630,0.796119,2097150,7.83223,16777200,2097150,0,0,98.115,99.8633,0,0,0,1275100000,352322000,268435000,150995000,33554400,71303200,0,3.36126,0,1.22228,1.83342,0,6.92682,32,100,1024,1024,0,0,52
mtran,1966,8388608,64,1,1,1,0,16,4,16,32,0,63.2646,8389240,8387120,14.6882,8388700,8388630,1.23937,2097150,21.045,33554400,2097150,0,0,93.7843,99.4727,0,0,0,721420000,167772000,268435000,50331600,0,40632300,0,2.82596,0,0,2.59683,0,5.9201,32,100,1024,2048,0,0,52
mtran,2595,8388608,64,1,1,1,0,16,4,16,32,1,48.1816,8388620,8389000,11.1642,8388700,8388630,0.920956,2097150,16.0013,33554400,2097150,0,0,94.6872,99.8115,0,0,0,830505000,167772000,268435000,50331600,16777200,45350900,0,2.54653,0,0.694508,1.96777,0,5.00675,32,100,1024,2048,0,0,52
mtran,1829,4194304,64,1,1,1,0,16,4,16,64,0,75.7465,8388620,8387790,17.5283,8388700,8388630,1.30292,2097150,25.158,33916400,2142170,0,0,94.9196,99.4742,0,0,0,499122000,83886100,268435000,20971500,0,28835800,0,2.32315,0,0,3.00643,0,5.01151,32,100,1024,4096,0,0,52
mtran,2792,4194304,64,1,1,1,0,16,4,16,64,1,44.7217,8388980,8388370,10.3015,8388700,8388630,0.851074,2097150,14.8117,33937200,2123850,0,0,95.7275,99.6387,0,0,0,545292000,83886100,268435000,29360100,8388610,31195100,0,1.60635,0,0.321271,1.76699,0,3.1864,32,100,1024,4096,0,0,52
mtran,3214,67108864,128,1,1,1,0,16,8,16,8,0,40.6414,8388620,8376100,9.44141,8388830,8388630,0.766055,2097150,5.66806,8388610,2097150,0,0,94.8152,100.218,0,0,0,2885680000,939524000,268435000,335544000,0,150995000,0,7.80102,0,0,2.34031,0,14.0421,32,100,1024,512,0,0,52
mtran,3307,67108864,128,1,1,1,0,16,8,16,8,1,38.7025,8388680,8388880,8.95927,8388700,8388630,0.734909,2097150,5.37098,8388610,2097150,0,0,95.1473,99.8812,0,0,0,3489730000,939524000,268435000,603980000,134218000,188744000,0,8.90048,0,4.45024,2.22512,0,16.6886,32,100,1024,512,0,0,52
mtran,2414,33554432,128,1,1,1,0,16,8,16,16,0,55.2213,8388620,8387080,12.7834,8388700,8388630,1.00855,2097150,11.7737,16777200,2097150,0,0,96.3532,99.9385,0,0,0,1979710000,503316000,268435000,201327000,0,109052000,0,9.53063,0,0,3.17688,0,13.7669,32,100,1024,1024,0,0,52
mtran,3047,33554432,128,1,1,1,0,16,8,16,16,1,41.5951,8390170,8388640,9.66098,8388700,8388630,0.798293,2097150,8.89052,16777200,2097150,0,0,97.188,99.8803,0,0,0,2348880000,503316000,268435000,268435000,67108900,127926000,0,8.60113,0,2.40032,2.40032,0,12.2019,32,100,1024,1024,0,0,52
mtran,1916,16777216,128,1,1,1,0,16,8,16,32,0,66.6441,8388620,8388200,15.4234,8388720,8388630,1.2869,2097150,22.43,33554400,2097150,0,0,96.833,99.9473,0,0,0,1107300000,352322000,268435000,100663000,0,61866000,0,4.4724,0,0,2.87511,0,9.42502,32,100,1024,2048,0,0,52
mtran,2801,16777216,128,1,1,1,0,16,8,16,32,1,44.7326,8390450,8388940,10.3524,8388700,8388630,0.854374,2097150,15.0412,33554400,2097150,0,0,98.2581,99.8999,0,0,0,1275130000,352322000,268435000,150995000,33554400,71303200,0,3.53634,0,1.28594,1.92891,0,7.2877,32,100,1024,2048,0,0,52
mtran,1743,8388608,128,1,1,1,0,16,8,16,64,0,78.6626,8389650,8389010,18.2505,8388700,8388630,1.36856,2097150,26.0986,33554400,2097150,0,0,97.7275,100.16,0,0,0,721420000,167772000,268435000,50331600,0,40632300,0,3.48681,0,0,3.2041,0,7.30469,32,100,1024,4096,0,0,52
mtran,2854,8388608,128,1,1,1,0,16,8,16,64,1,44.0306,8388620,8387610,10.2197,8388700,8388630,0.839417,2097150,14.6197,33554400,2097150,0,0,98.0874,99.9179,0,0,0,830538000,167772000,268435000,50331600,16777200,45350900,0,2.32837,0,0.63501,1.79919,0,4.5779,32,100,1024,4096,0,0,52
mtran,2376,67108864,256,1,1,1,0,16,16,16,16,0,54.7973,8388620,8383940,12.7211,8388700,8388630,1.0294,2097150,11.7137,16777200,2097150,0,0,92.1957,99.8621,0,0,0,2885680000,939524000,268435000,335544000,0,150995000,0,10.5437,0,0,3.16312,0,18.9791,32,100,1024,1024,0,0,52
mtran,3060,67108864,256,1,1,1,0,16,16,16,16,1,41.4731,8388740,8388760,9.63451,8388700,8388630,0.797044,2097150,8.8682,16777200,2097150,0,0,94.0993,99.7651,0,0,0,3489790000,939524000,268435000,603980000,134218000,188744000,0,9.58823,0,4.79411,2.39706,0,17.9782,32,100,1024,1024,0,0,52
mtran,1939,33554432,256,1,1,1,0,16,16,16,32,0,68.3205,8388620,8388710,15.8449,8388700,8388630,1.29442,2097150,25.0079,33554400,2097150,0,0,93.9893,99.9953,0,0,0,1979710000,503316000,268435000,201327000,0,109052000,0,11.8076,0,0,3.93585,0,17.056,32,100,1024,2048,0,0,52
mtran,2845,33554432,256,1,1,1,0,16,16,16,32,1,44.2914,8389160,8388770,10.2631,8388700,8388630,0.848154,2097150,16.1597,33554400,2097150,0,0,96.5381,99.9822,0,0,0,2348940000,503316000,268435000,268435000,67108900,127926000,0,9.11463,0,2.54362,2.54362,0,12.9305,32,100,1024,2048,0,0,52
mtran,1595,16777216,256,1,1,1,0,16,16,16,64,0,82.7771,8388620,8387820,19.1718,8388700,8388630,1.46961,2097150,27.8266,33554400,2097150,0,0,95.2921,99.8445,0,0,0,1107300000,352322000,268435000,100663000,0,61866000,0,5.56405,0,0,3.57689,0,11.7256,32,100,1024,4096,0,0,52
mtran,2848,16777216,256,1,1,1,0,16,16,16,64,1,43.9313,8388950,8388650,10.1933,8388700,8388630,0.839742,2097150,14.7861,33554400,2097150,0,0,97.8454,99.9748,0,0,0,1275200000,352322000,268435000,150995000,33554400,71303200,0,3.47997,0,1.26544,1.89817,0,7.17159,32,100,1024,4096,0,0,52
mtran,2355,67108864,512,1,1,1,0,16,32,16,32,0,63.8253,8388620,8389200,14.8154,8389570,8388630,1.26985,2097150,23.3778,33554400,2097150,0,0,90.0114,95.3711,0,0,0,2885680000,939524000,268435000,335544000,0,150995000,0,12.859,0,0,3.8577,0,23.1467,32,100,1024,2048,0,0,52
mtran,2879,67108864,512,1,1,1,0,16,32,16,32,1,44.1285,8388800,8388330,10.2262,8388700,8388630,0.858841,2097150,16.1064,33554400,2097150,0,0,93.5898,98.0624,0,0,0,3489920000,939524000,268435000,603980000,134218000,188744000,0,10.3395,0,5.16973,2.58487,0,19.3868,32,100,1024,2048,0,0,52
mtran,2063,33554432,512,1,1,1,0,16,32,16,64,0,72.4145,8388690,8388300,16.7616,8388700,8388680,1.4037,2097150,26.3705,33554400,2097150,0,0,92.1747,98.1119,0,0,0,1979710000,503316000,268435000,201327000,0,109052000,0,12.7108,0,0,4.23692,0,18.3607,32,100,1024,4096,0,0,52
mtran,2856,33554432,512,1,1,1,0,16,32,16,64,1,44.009,8388830,8388950,10.2226,8388700,8388630,0.848203,2097150,16.0944,33554400,2097150,0,0,96.3727,99.3096,0,0,0,2349070000,503316000,268435000,268435000,67108900,127926000,0,9.15429,0,2.55469,2.55469,0,12.9867,32,100,1024,4096,0,0,52
mtran,2627,67108864,1024,1,1,1,0,16,64,16,64,0,58.3219,8388620,8388670,13.5186,8388700,8388630,1.20701,2097150,21.2717,33554400,2097150,0,0,93.4789,91.1435,0,0,0,2885680000,939524000,268435000,335544000,0,150995000,0,12.2634,0,0,3.67901,0,22.0745,32,100,1024,4096,0,0,52
mtran,3007,67108864,1024,1,1,1,0,16,64,16,64,1,43.5684,8388950,8388720,10.1001,8388700,8388850,0.880423,2097150,15.8827,33554400,2097150,0,0,95.9746,93.6731,0,0,0,3490180000,939524000,268435000,603980000,134218000,188744000,0,10.6911,0,5.34556,2.67278,0,20.0462,32,100,1024,4096,0,0,52
mtran,5064,67108864,32,1,1,1,0,32,1,32,1,0,33.422,8388840,10209900,31.4722,8388830,67108900,0.564453,2097150,2.89736,2097150,2097150,0,0,46.5664,100.055,0,0,0,2281700000,939524000,268435000,402653000,0,132121000,0,5.21237,0,0,1.73746,0,9.12171,32,100,1024,128,0,0,52
mtran,4561,67108864,32,1,1,1,0,32,1,32,1,1,34.2058,8388760,8549470,35.3682,8388700,67108900,0.651718,2097150,3.25574,2097150,2097150,0,0,46.0361,99.8273,0,0,0,3154120000,939524000,268435000,402653000,134218000,169869000,0,8.15342,0,3.91364,1.95682,0,13.2086,32,100,1024,128,0,0,52
mtran,3247,33554432,32,1,1,1,0,32,1,32,2,0,43.9483,8388620,8485060,25.3167,8388700,33551400,0.798908,2097150,4.61099,4194300,2097150,0,0,47.5501,99.9353,0,0,0,1946160000,503316000,268435000,167772000,0,106955000,0,7.34041,0,0,2.51671,0,10.6962,32,100,1024,256,0,0,52
mtran,2720,33554432,32,1,1,1,0,32,1,32,2,1,53.1575,8388950,8414880,30.8046,8388830,33552800,1.0211,2097150,5.61399,4194300,2097150,0,0,46.8732,99.9483,0,0,0,2281710000,503316000,268435000,268435000,67108900,125829000,0,10.7232,0,3.06376,3.06376,0,15.319,32,100,1024,256,0,0,52
mtran,2770,16777216,32,1,1,1,0,32,1,32,4,0,49.0638,8388660,8403750,17.0583,8388700,16775300,0.890518,2097150,5.41452,8388610,2097150,0,0,48.632,100.174,0,0,0,1090520000,352322000,268435000,100663000,0,61341700,0,3.29007,0,0,2.11505,0,6.87416,32,100,1024,512,0,0,52
mtran,2326,16777216,32,1,1,1,0,32,1,32,4,1,56.4451,8388620,8391380,19.5685,8388700,16775600,1.05462,2097150,6.21029,8388610,2097150,0,0,48.3694,99.6072,0,0,0,1258300000,352322000,268435000,150995000,33554400,70778900,0,4.47278,0,1.62647,2.4397,0,9.14914,32,100,1024,512,0,0,52
mtran,2546,8388608,32,1,1,1,0,32,1,32,8,0,53.0022,8388620,8382950,12.2126,8388700,8388630,0.949224,2097150,9.4778,16777200,2097150,0,0,49.2157,99.911,0,0,0,721420000,167772000,268435000,41943000,0,40370200,0,2.33994,0,0,2.15022,0,4.86988,32,100,1024,1024,0,0,52
mtran,2524,8388608,32,1,1,1,0,32,1,32,8,1,54.468,8389140,8387340,12.5969,8388700,8388650,0.963463,2097150,9.77726,16777200,2097150,0,0,49.2259,99.5848,0,0,0,822092000,167772000,268435000,50331600,16777200,45088800,0,2.87995,0,0.785442,2.22542,0,5.6293,32,100,1024,1024,0,0,52
mtran,2243,4194304,32,1,1,1,0,32,1,32,16,0,59.8852,8388980,8387460,13.832,8388700,8388630,1.09965,2097150,19.6708,33554400,2097150,0,0,49.4967,99.6052,0,0,0,499122000,83886100,268435000,25165800,0,29098000,0,1.86716,0,0,2.36985,0,3.98596,32,100,1024,2048,0,0,52
mtran,2362,4194304,32,1,1,1,0,32,1,32,16,1,56.0835,8388620,8388540,12.9796,8388700,8388630,1.03066,2097150,18.4594,33554400,2097150,0,0,49.5168,99.8813,0,0,0,553656000,83886100,268435000,25165800,8388610,31457300,0,2.04974,0,0.403228,2.21776,0,4.03258,32,100,1024,2048,0,0,52
mtran,2162,2097152,32,1,1,1,0,32,1,32,32,0,64.7672,8388620,8388430,14.9304,8388700,8388630,1.25652,2097150,41.1713,67477900,2143500,0,0,49.5631,99.7516,0,0,0,398459000,46137300,268435000,10485800,0,23396400,0,1.66593,0,0,2.51826,0,3.4581,32,100,1024,4096,0,0,52
mtran,2208,2097152,32,1,1,1,0,32,1,32,32,1,61.9142,8388620,8388970,14.3136,8388700,8388630,1.18919,2097150,39.4223,67479200,2140420,0,0,49.5746,99.6313,0,0,0,421536000,46137300,268435000,14680100,4194300,24576000,0,1.76426,0,0.222854,2.41426,0,3.48242,32,100,1024,4096,0,0,52
mtran,3014,67108864,64,1,1,1,0,32,2,32,2,0,45.1356,8388620,8458850,26.0564,8388700,33552600,0.823131,2097150,4.74798,4194300,2097150,0,0,89.8587,99.7084,0,0,0,2818570000,939524000,268435000,335544000,0,148898000,0,7.79215,0,0,2.59738,0,15.368,32,100,1024,256,0,0,52
mtran,2399,67108864,64,1,1,1,0,32,2,32,2,1,58.6493,8388620,8396390,33.9628,8389130,33552700,1.11205,2097150,6.1889,4194300,2097150,0,0,88.7404,100.201,0,0,0,3422570000,939524000,268435000,603980000,134218000,186647000,0,13.4759,0,6.73797,3.36899,0,24.9869,32,100,1024,256,0,0,52
mtran,2880,33554432,64,1,1,1,0,32,2,32,4,0,46.7973,8388620,8394670,16.2896,8388700,16776700,0.856902,2097150,6.52148,8388610,2097150,0,0,95.2872,100.083,0,0,0,1979710000,503316000,268435000,201327000,0,109052000,0,8.08893,0,0,2.69631,0,11.6843,32,100,1024,512,0,0,52
mtran,2367,33554432,64,1,1,1,0,32,2,32,4,1,55.3576,8388620,8387930,19.2859,8389130,16775900,1.03264,2097150,7.71617,8388610,2097150,0,0,95.2217,99.8326,0,0,0,2348830000,503316000,268435000,268435000,67108900,127926000,0,11.4604,0,3.19825,3.19825,0,16.2581,32,100,1024,512,0,0,52
mtran,2589,16777216,64,1,1,1,0,32,2,32,8,0,52.0929,8388650,8384180,12.0316,8389020,8388680,0.937458,2097150,9.5886,16777200,2097150,0,0,95.8707,99.978,0,0,0,1107300000,352322000,268435000,100663000,0,61866000,0,3.48753,0,0,2.24198,0,7.34942,32,100,1024,1024,0,0,52
mtran,2509,16777216,64,1,1,1,0,32,2,32,8,1,54.5333,8388620,8387060,12.6815,8388720,8388630,0.979426,2097150,10.0996,16777200,2097150,0,0,96.7921,100.13,0,0,0,1275080000,352322000,268435000,150995000,33554400,71303200,0,4.32279,0,1.57192,2.35788,0,8.90831,32,100,1024,1024,0,0,52
mtran,2250,8388608,64,1,1,1,0,32,2,32,16,0,59.5333,8389530,8388310,13.7658,8388700,8388630,1.09133,2097150,19.7278,33554400,2097150,0,0,93.1102,99.7077,0,0,0,721420000,167772000,268435000,50331600,0,40632300,0,2.64284,0,0,2.42856,0,5.53649,32,100,1024,2048,0,0,52
mtran,2345,8388608,64,1,1,1,0,32,2,32,16,1,56.3865,8388620,8387660,13.0531,8388700,8388630,1.03595,2097150,18.6939,33554400,2097150,0,0,92.887,99.6838,0,0,0,830489000,167772000,268435000,50331600,16777200,45350900,0,2.97885,0,0.812413,2.30184,0,5.85674,32,100,1024,2048,0,0,52
mtran,2171,4194304,64,1,1,1,0,32,2,32,32,0,64.954,8388700,8388340,15.03,8388700,8388630,1.25042,2097150,41.4446,67449300,2137440,0,0,95.8615,100.017,0,0,0,503316000,83886100,268435000,25165800,0,29229100,0,2.09748,0,0,2.56359,0,4.33179,32,100,1024,4096,0,0,52
mtran,2194,4194304,64,1,1,1,0,32,2,32,32,1,61.9266,8388660,8386410,14.3241,8388700,8388680,1.18975,2097150,39.4945,67464500,2134160,0,0,95.755,99.4235,0,0,0,557859000,83886100,268435000,25165800,8388610,31588400,0,2.271,0,0.446754,2.45715,0,4.48684,32,100,1024,4096,0,0,52
mtran,2166,2097152,64,1,1,1,0,32,2,32,64,0,71.2723,8388630,8388480,16.4547,8388700,8388630,1.35692,2097150,45.2883,67467700,2162220,0,0,48.8057,99.8243,0,0,0,400556000,46137300,268435000,10485800,0,23461900,0,1.83181,0,0,2.76902,0,3.81317,32,100,1024,8192,0,0,52
mtran,2188,2097152,64,1,1,1,0,32,2,32,64,1,66.3933,8388790,8388130,16.019,8388700,8388790,1.34806,2097150,44.3027,67454000,2158630,0,0,48.8534,99.7038,0,0,0,421544000,46137300,268435000,16777200,4194300,24641500,0,2.00323,0,0.250403,2.7127,0,3.92341,32,100,1024,8192,0,0,52
mtran,2955,67108864,128,1,1,1,0,32,4,32,4,0,45.1867,8388810,8388300,18.0997,8388720,16777300,0.951859,2097150,7.23958,8388610,2097150,0,0,92.2722,100.136,0,0,0,2885680000,939524000,268435000,335544000,0,150995000,0,9.97209,0,0,2.99163,0,17.95,32,100,1024,512,0,0,52
mtran,2380,67108864,128,1,1,1,0,32,4,32,4,1,54.6348,8388620,8388780,19.0193,8388700,16777100,1.01817,2097150,7.61073,8388610,2097150,0,0,92.6612,100.111,0,0,0,3489690000,939524000,268435000,603980000,134218000,188744000,0,12.5831,0,6.29157,3.14578,0,23.5937,32,100,1024,512,0,0,52
mtran,2836,33554432,128,1,1,1,0,32,4,32,8,0,46.7273,8388690,8378940,10.8445,8388700,8388630,0.871663,2097150,9.98697,16777200,2097150,0,0,96.7266,99.9519,0,0,0,1979710000,503316000,268435000,201327000,0,109052000,0,8.08324,0,0,2.69441,0,11.6762,32,100,1024,1024,0,0,52
mtran,2421,33554432,128,1,1,1,0,32,4,32,8,1,55.5437,8388620,8387750,12.8676,8388700,8388630,1.00897,2097150,11.8458,16777200,2097150,0,0,96.3494,100.127,0,0,0,2348840000,503316000,268435000,268435000,67108900,127926000,0,11.432,0,3.19033,3.19033,0,16.218,32,100,1024,1024,0,0,52
mtran,2217,16777216,128,1,1,1,0,32,4,32,16,0,61.02,8388980,8387940,14.0799,8388700,8388630,1.10598,2097150,20.4775,33554400,2097150,0,0,97.0922,99.7915,0,0,0,1107300000,352322000,268435000,100663000,0,61866000,0,4.08945,0,0,2.62893,0,8.618,32,100,1024,2048,0,0,52
mtran,2334,16777216,128,1,1,1,0,32,4,32,16,1,56.9183,8389210,8387050,13.2178,8388700,8388630,1.04263,2097150,19.2115,33554400,2097150,0,0,97.6677,99.897,0,0,0,1275100000,352322000,268435000,150995000,33554400,71303200,0,4.51697,0,1.64253,2.4638,0,9.30858,32,100,1024,2048,0,0,52
mtran,2198,8388608,128,1,1,1,0,32,4,32,32,0,66.6273,8388620,8387890,15.4344,8388700,8388630,1.28913,2097150,42.4733,67108900,2097150,0,0,97.6467,99.8057,0,0,0,721420000,167772000,268435000,50331600,0,40632300,0,2.95694,0,0,2.71719,0,6.19464,32,100,1024,4096,0,0,52
mtran,2211,8388608,128,1,1,1,0,32,4,32,32,1,61.4515,8388940,8386920,14.2676,8388700,8388790,1.17843,2097150,39.2991,67108900,2097150,0,0,98.0053,99.744,0,0,0,830505000,167772000,268435000,50331600,16777200,45350900,0,3.25558,0,0.887886,2.51568,0,6.40094,32,100,1024,4096,0,0,52
mtran,2194,4194304,128,1,1,1,0,32,4,32,64,0,71.262,8388620,8388250,16.5472,8388700,8388630,1.37329,2097150,45.5628,67336200,2138240,0,0,98.573,99.7202,0,0,0,503316000,83886100,268435000,25165800,0,29229100,0,2.31759,0,0,2.83261,0,4.78651,32,100,1024,8192,0,0,52
mtran,2196,4194304,128,1,1,1,0,32,4,32,64,1,68.6263,8388630,8387540,15.9087,8388700,8388630,1.3134,2097150,43.7723,67362800,2133490,0,0,98.5556,99.7587,0,0,0,557875000,83886100,268435000,25165800,8388610,31588400,0,2.51338,0,0.494435,2.71939,0,4.9658,32,100,1024,8192,0,0,52
mtran,3134,67108864,256,1,1,1,0,32,8,32,8,0,41.6945,8388620,8375430,9.60552,8388700,8388680,0.787312,2097150,8.84678,16777200,2097150,0,0,93.8752,99.8028,0,0,0,2885680000,939524000,268435000,335544000,0,150995000,0,7.96787,0,0,2.39036,0,14.3424,32,100,1024,1024,0,0,52
mtran,2388,67108864,256,1,1,1,0,32,8,32,8,1,55.6135,8388620,8387770,12.8802,8388700,8388630,1.01121,2097150,11.8584,16777200,2097150,0,0,92.2909,99.8122,0,0,0,3489730000,939524000,268435000,603980000,134218000,188744000,0,12.8152,0,6.40759,3.2038,0,24.0289,32,100,1024,1024,0,0,52
mtran,2384,33554432,256,1,1,1,0,32,8,32,16,0,55.9098,8388630,8388540,12.9473,8388700,8388630,1.02657,2097150,20.4376,33554400,2097150,0,0,95.3157,100.083,0,0,0,1979710000,503316000,268435000,201327000,0,109052000,0,9.64124,0,0,3.21375,0,13.9267,32,100,1024,2048,0,0,52
mtran,2264,33554432,256,1,1,1,0,32,8,32,16,1,57.0292,8388730,8385930,13.2621,8388700,8388630,1.06854,2097150,20.9225,33554400,2097150,0,0,95.5056,99.7486,0,0,0,2348880000,503316000,268435000,268435000,67108900,127926000,0,11.8287,0,3.30102,3.30102,0,16.7807,32,100,1024,2048,0,0,52
mtran,2262,16777216,256,1,1,1,0,32,8,32,32,0,67.1874,8388620,8388580,15.6225,8389130,8388630,1.26196,2097150,43.3232,67108900,2097150,0,0,93.6763,100.13,0,0,0,1107300000,352322000,268435000,100663000,0,61866000,0,4.51621,0,0,2.90328,0,9.51743,32,100,1024,4096,0,0,52
mtran,2259,16777216,256,1,1,1,0,32,8,32,32,1,61.1828,8388620,8388110,14.1975,8388700,8388630,1.16739,2097150,39.3454,67108900,2097150,0,0,95.0394,99.8266,0,0,0,1275130000,352322000,268435000,150995000,33554400,71303200,0,4.84867,0,1.76315,2.64473,0,9.99222,32,100,1024,4096,0,0,52
mtran,2207,8388608,256,1,1,1,0,32,8,32,64,0,70.9117,8388670,8387240,16.4227,8390060,8388700,1.35807,2097150,45.1837,67108900,2097150,0,0,96.8004,99.8738,0,0,0,721420000,167772000,268435000,50331600,0,40632300,0,3.14497,0,0,2.88997,0,6.58862,32,100,1024,8192,0,0,52
mtran,2203,8388608,256,1,1,1,0,32,8,32,64,1,70.1947,8388720,8388470,16.2281,8388700,8388630,1.30586,2097150,44.656,67108900,2097150,0,0,97.2134,99.6728,0,0,0,830537000,167772000,268435000,50331600,16777200,45350900,0,3.70374,0,1.01011,2.86198,0,7.28216,32,100,1024,8192,0,0,52
mtran,2396,67108864,512,1,1,1,0,32,16,32,16,0,53.7067,8388680,8385400,12.4663,8388700,8388630,1.03879,2097150,19.6713,33554400,2097150,0,0,91.7928,97.2919,0,0,0,2885680000,939524000,268435000,335544000,0,150995000,0,10.6066,0,0,3.18199,0,19.0923,32,100,1024,2048,0,0,52
mtran,2513,67108864,512,1,1,1,0,32,16,32,16,1,55.1114,8388840,8389020,12.793,8388700,8388630,1.0698,2097150,20.1612,33554400,2097150,0,0,91.5409,97.8471,0,0,0,3489790000,939524000,268435000,603980000,134218000,188744000,0,12.9709,0,6.48545,3.24272,0,24.3208,32,100,1024,2048,0,0,52
mtran,2964,33554432,512,1,1,1,0,32,16,32,32,0,51.7442,8388630,8388610,11.982,8388700,8388630,0.998831,2097150,34.7064,67108900,2097150,0,0,90.7286,98.8266,0,0,0,1979710000,503316000,268435000,201327000,0,109052000,0,9.0224,0,0,3.00747,0,13.0328,32,100,1024,4096,0,0,52
mtran,2970,33554432,512,1,1,1,0,32,16,32,32,1,50.9364,8388620,8388270,11.7977,8388700,8388680,0.978437,2097150,34.1746,67108900,2097150,0,0,91.4687,99.5869,0,0,0,2348940000,503316000,268435000,268435000,67108900,127926000,0,10.5306,0,2.93878,2.93878,0,14.9393,32,100,1024,4096,0,0,52
mtran,2385,16777216,512,1,1,1,0,32,16,32,64,0,64.9706,8388770,8388400,15.0997,8388700,8388630,1.25201,2097150,41.8862,67108900,2097150,0,0,93.8834,99.9297,0,0,0,1107300000,352322000,268435000,100663000,0,61866000,0,4.37721,0,0,2.81392,0,9.22451,32,100,1024,8192,0,0,52
mtran,2365,16777216,512,1,1,1,0,32,16,32,64,1,67.223,8388620,8388530,15.538,8388700,8388630,1.29015,2097150,43.079,67108900,2097150,0,0,93.2655,99.8141,0,0,0,1275200000,352322000,268435000,150995000,33554400,71303200,0,5.31191,0,1.9316,2.8974,0,10.9469,32,100,1024,8192,0,0,52
mtran,3549,67108864,1024,1,1,1,0,32,32,32,32,0,43.4587,8388690,8388440,10.0987,8388700,8388630,0.884557,2097150,29.2562,67108900,2097150,0,0,93.8268,93.4357,0,0,0,2885680000,939524000,268435000,335544000,0,150995000,0,8.93818,0,0,2.68145,0,16.089,32,100,1024,4096,0,0,52
mtran,3733,67108864,1024,1,1,1,0,32,32,32,32,1,41.3935,8388820,8388560,9.58313,8388700,8388630,0.83766,2097150,27.7442,67108900,2097150,0,0,94.41,93.7988,0,0,0,3489920000,939524000,268435000,603980000,134218000,188744000,0,10.1321,0,5.06606,2.53303,0,18.998,32,100,1024,4096,0,0,52
mtran,3216,33554432,1024,1,1,1,0,32,32,32,64,0,47.7121,8388680,8388530,11.0777,8389780,8388720,0.946035,2097150,32.0828,67108900,2097150,0,0,96.5037,95.8134,0,0,0,1979710000,503316000,268435000,201327000,0,109052000,0,8.60649,0,0,2.86883,0,12.4321,32,100,1024,8192,0,0,52
mtran,3329,33554432,1024,1,1,1,0,32,32,32,64,1,45.8018,8388680,8388630,10.6104,8389020,8388630,0.903065,2097150,30.6882,67108900,2097150,0,0,96.4795,96.0721,0,0,0,2349070000,503316000,268435000,268435000,67108900,127926000,0,9.80665,0,2.73674,2.73674,0,13.9122,32,100,1024,8192,0,0,52
mtran,4477,67108864,64,1,1,1,0,64,1,64,1,0,36.7916,8388960,9851180,35.3931,8388700,67108900,0.633491,2097150,2.93276,2097150,2097150,0,0,88.6047,100.044,0,0,0,2281700000,939524000,268435000,402653000,0,132121000,0,5.86294,0,0,1.95431,0,10.2603,32,100,1024,256,0,0,52
mtran,3951,67108864,64,1,1,1,0,64,1,64,1,1,41.3294,8388810,9260040,41.0818,8388700,67108900,0.755854,2097150,3.40458,2097150,2097150,0,0,88.6595,100.015,0,0,0,3154120000,939524000,268435000,402653000,134218000,169869000,0,9.45571,0,4.53874,2.26937,0,15.3184,32,100,1024,256,0,0,52
mtran,2983,33554432,64,1,1,1,0,64,1,64,2,0,45.8177,8388620,8523200,26.3714,8388700,33544600,0.8332,2097150,4.58866,4194300,2097150,0,0,93.0363,100.328,0,0,0,1946160000,503316000,268435000,167772000,0,106955000,0,7.62277,0,0,2.61352,0,11.1078,32,100,1024,512,0,0,52
mtran,2335,33554432,64,1,1,1,0,64,1,64,2,1,63.1142,8388620,8406680,36.5869,8388700,33544300,1.20073,2097150,6.36925,4194300,2097150,0,0,91.9621,99.9228,0,0,0,2281710000,503316000,268435000,268435000,67108900,125829000,0,12.7483,0,3.64238,3.64238,0,18.2123,32,100,1024,512,0,0,52
mtran,2714,16777216,64,1,1,1,0,64,1,64,4,0,50.3316,8389220,8498500,17.343,8388700,16774200,0.911355,2097150,5.38717,8388610,2097150,0,0,93.5658,100.091,0,0,0,1090520000,352322000,268435000,100663000,0,61341700,0,3.34897,0,0,2.15291,0,6.99746,32,100,1024,1024,0,0,52
mtran,2074,16777216,64,1,1,1,0,64,1,64,4,1,63.7646,8388680,8408430,22.2007,8388700,16774200,1.17862,2097150,6.89443,8388610,2097150,0,0,93.4948,100.246,0,0,0,1258300000,352322000,268435000,150995000,33554400,70778900,0,5.0435,0,1.834,2.751,0,10.3169,32,100,1024,1024,0,0,52
mtran,2559,8388608,64,1,1,1,0,64,1,64,8,0,51.9559,8388620,8388350,12.0121,8389610,8388630,0.954488,2097150,9.25609,16777200,2097150,0,0,94.7145,100.033,0,0,0,721420000,167772000,268435000,41943000,0,40370200,0,2.29774,0,0,2.11144,0,4.78233,32,100,1024,2048,0,0,52
mtran,2377,8388608,64,1,1,1,0,64,1,64,8,1,54.8387,8388630,8382850,12.736,8388700,8388630,0.999898,2097150,9.8131,16777200,2097150,0,0,94.3956,101.082,0,0,0,822092000,167772000,268435000,50331600,16777200,45088800,0,2.86679,0,0.781853,2.21525,0,5.60385,32,100,1024,2048,0,0,52
mtran,2318,4194304,64,1,1,1,0,64,1,64,16,0,57.5039,8388680,8388560,13.3268,8388720,8388630,1.05168,2097150,19.1167,33886500,2133700,0,0,95.9755,99.6799,0,0,0,499122000,83886100,268435000,25165800,0,29098000,0,1.79808,0,0,2.28218,0,3.8388,32,100,1024,4096,0,0,52
mtran,2483,4194304,64,1,1,1,0,64,1,64,16,1,52.5305,8388750,8388340,15.0296,8388700,8388630,1.20167,2097150,21.4355,33908300,2140090,0,0,96.1816,98.6553,0,0,0,553656000,83886100,268435000,25165800,8388610,31457300,0,2.38785,0,0.469742,2.58358,0,4.69807,32,100,1024,4096,0,0,52
mtran,2169,2097152,64,1,1,1,0,64,1,64,32,0,56.5432,8388620,8388850,16.7466,8388700,8388630,1.39204,2097150,46.2045,67462300,2171220,0,0,48.6957,99.6923,0,0,0,398459000,46137300,268435000,14680100,0,23593000,0,1.89301,0,0,2.82864,0,3.91702,32,100,1024,8192,0,0,52
mtran,2173,2097152,64,1,1,1,0,64,1,64,32,1,57.3463,8389580,8388650,16.9356,8388700,8389120,1.38555,2097150,46.1376,67462300,2167190,0,0,48.7276,99.8031,0,0,0,427827000,46137300,268435000,12582900,4194300,24772600,0,2.10532,0,0.260453,2.82157,0,4.10257,32,100,1024,8192,0,0,52
mtran,2174,1048576,64,1,1,1,0,64,1,64,64,0,57.2856,8388620,8388560,16.8796,8388700,8388630,1.38649,2097150,45.9118,67452600,2156980,0,0,24.2436,99.495,0,0,0,350224000,27263000,268435000,5242880,0,20742100,0,1.69234,0,0,2.79887,0,3.43374,32,100,1024,16384,0,0,52
mtran,2175,1048576,64,1,1,1,0,64,1,64,64,1,57.2182,8388640,8387850,16.8908,8388700,8388630,1.38467,2097150,45.9458,67452700,2153800,0,0,24.258,99.6808,0,0,0,361767000,27263000,268435000,7340030,2097150,21332000,0,1.80971,0,0.130039,2.79585,0,3.52756,32,100,1024,16384,0,0,52
mtran,2984,67108864,128,1,1,1,0,64,2,64,2,0,43.9146,8388620,8562070,32.0525,8388700,33553700,1.01109,2097150,5.54121,4194300,2097150,0,0,88.9492,99.9141,0,0,0,2818570000,939524000,268435000,335544000,0,148898000,0,9.50739,0,0,3.16913,0,18.751,32,100,1024,512,0,0,52
mtran,2390,67108864,128,1,1,1,0,64,2,64,2,1,63.2873,8388620,8397170,36.6998,8388700,33553600,1.20805,2097150,6.38751,4194300,2097150,0,0,87.9551,99.9233,0,0,0,3422570000,939524000,268435000,603980000,134218000,186647000,0,14.6112,0,7.30562,3.65281,0,27.092,32,100,1024,512,0,0,52
mtran,2822,33554432,128,1,1,1,0,64,2,64,4,0,47.7489,8388800,8394240,16.6152,8389470,16777000,0.874281,2097150,6.53594,8388610,2097150,0,0,95.2973,99.9548,0,0,0,1979710000,503316000,268435000,201327000,0,109052000,0,8.25965,0,0,2.75322,0,11.931,32,100,1024,1024,0,0,52
mtran,2061,33554432,128,1,1,1,0,64,2,64,4,1,63.8405,8389060,8390480,22.2656,8388700,16776700,1.1951,2097150,8.75838,8388610,2097150,0,0,94.6052,100.013,0,0,0,2348830000,503316000,268435000,268435000,67108900,127926000,0,13.2126,0,3.68724,3.68724,0,18.744,32,100,1024,1024,0,0,52
mtran,2548,16777216,128,1,1,1,0,64,2,64,8,0,53.1038,8388680,8385400,12.2571,8389390,8388630,0.95705,2097150,9.70116,16777200,2097150,0,0,97.0142,99.6748,0,0,0,1107300000,352322000,268435000,100663000,0,61866000,0,3.56233,0,0,2.29007,0,7.50718,32,100,1024,2048,0,0,52
mtran,2311,16777216,128,1,1,1,0,64,2,64,8,1,57.2821,8389310,8387440,13.4605,8388700,8388630,1.03396,2097150,10.6503,16777200,2097150,0,0,97.5989,100.951,0,0,0,1275080000,352322000,268435000,150995000,33554400,71303200,0,4.55097,0,1.6549,2.48235,0,9.37866,32,100,1024,2048,0,0,52
mtran,2182,8388608,128,1,1,1,0,64,2,64,16,0,60.7748,8388620,8388280,14.1838,8388700,8388630,1.12773,2097150,20.284,33554400,2097150,0,0,97.8168,100.144,0,0,0,721420000,167772000,268435000,50331600,0,40632300,0,2.71041,0,0,2.49065,0,5.67816,32,100,1024,4096,0,0,52
mtran,2220,8388608,128,1,1,1,0,64,2,64,16,1,60.1464,8388630,8387230,13.8447,8388700,8388630,1.1108,2097150,19.8001,33554400,2097150,0,0,97.9066,99.5955,0,0,0,830488000,167772000,268435000,50331600,16777200,45350900,0,3.16363,0,0.862807,2.44462,0,6.22014,32,100,1024,4096,0,0,52
mtran,2194,4194304,128,1,1,1,0,64,2,64,32,0,66.1769,8388620,8388850,15.3628,8389210,8388630,1.2665,2097150,42.3255,67371900,2131120,0,0,98.5532,99.8614,0,0,0,503316000,83886100,268435000,25165800,0,29229100,0,2.149,0,0,2.62655,0,4.43832,32,100,1024,8192,0,0,52
mtran,2196,4194304,128,1,1,1,0,64,2,64,32,1,64.965,8388620,8389620,15.0406,8388700,8388630,1.24396,2097150,41.3998,67369600,2130880,0,0,98.581,99.64,0,0,0,557859000,83886100,268435000,25165800,8388610,31588400,0,2.37984,0,0.468165,2.57491,0,4.70196,32,100,1024,8192,0,0,52
mtran,2181,2097152,128,1,1,1,0,64,2,64,64,0,71.68,8388620,8387940,16.5947,8388700,8388630,1.37573,2097150,45.6387,67436800,2179700,0,0,49.0778,99.8757,0,0,0,402653000,46137300,268435000,12582900,0,23658500,0,1.93168,0,0,2.7902,0,3.87469,32,100,1024,16384,0,0,52
mtran,2183,2097152,128,1,1,1,0,64,2,64,64,1,71.5305,8388630,8388280,16.592,8388700,8388680,1.37752,2097150,45.63,67441100,2172530,0,0,49.0779,99.8759,0,0,0,429932000,46137300,268435000,12582900,4194300,24838100,0,2.08161,0,0.257518,2.78978,0,4.06713,32,100,1024,16384,0,0,52
mtran,2915,67108864,256,1,1,1,0,64,4,64,4,0,46.0918,8388930,8383370,16.0875,8388700,16777000,0.845795,2097150,6.32808,8388610,2097150,0,0,91.3032,100.333,0,0,0,2885680000,939524000,268435000,335544000,0,150995000,0,8.85201,0,0,2.6556,0,15.9339,32,100,1024,1024,0,0,52
mtran,2030,67108864,256,1,1,1,0,64,4,64,4,1,64.4468,8388700,8389820,22.3894,8388700,16777100,1.19644,2097150,8.8089,8388610,2097150,0,0,89.4521,99.8712,0,0,0,3489690000,939524000,268435000,603980000,134218000,188744000,0,14.8552,0,7.42759,3.71379,0,27.8539,32,100,1024,1024,0,0,52
mtran,2783,33554432,256,1,1,1,0,64,4,64,8,0,47.5173,8388620,8378360,11.0237,8388700,8388630,0.897985,2097150,10.0971,16777200,2097150,0,0,96.2834,99.5963,0,0,0,1979710000,503316000,268435000,201327000,0,109052000,0,8.24792,0,0,2.74931,0,11.9141,32,100,1024,2048,0,0,52
mtran,2222,33554432,256,1,1,1,0,64,4,64,8,1,60.1697,8388630,8375090,13.9196,8388700,8388630,1.09158,2097150,12.7465,16777200,2097150,0,0,95.5567,99.6767,0,0,0,2348840000,503316000,268435000,268435000,67108900,127926000,0,12.4266,0,3.46789,3.46789,0,17.629,32,100,1024,2048,0,0,52
mtran,2146,16777216,256,1,1,1,0,64,4,64,16,0,62.4027,8388620,8388100,14.4298,8388720,8388630,1.1456,2097150,20.9495,33554400,2097150,0,0,96.1165,99.466,0,0,0,1107300000,352322000,268435000,100663000,0,61866000,0,4.20489,0,0,2.70315,0,8.86136,32,100,1024,4096,0,0,52
mtran,2180,16777216,256,1,1,1,0,64,4,64,16,1,61.9173,8388620,8386960,14.3518,8388700,8388630,1.13216,2097150,20.8229,33554400,2097150,0,0,96.5249,100.266,0,0,0,1275100000,352322000,268435000,150995000,33554400,71303200,0,4.88649,0,1.7769,2.66536,0,10.0702,32,100,1024,4096,0,0,52
mtran,2204,8388608,256,1,1,1,0,64,4,64,32,0,68.9971,8389060,8387510,15.9914,8388700,8388730,1.31595,2097150,44.0313,67108900,2097150,0,0,96.9613,99.5739,0,0,0,721420000,167772000,268435000,50331600,0,40632300,0,3.07399,0,0,2.82474,0,6.43991,32,100,1024,8192,0,0,52
mtran,2198,8388608,256,1,1,1,0,64,4,64,32,1,67.0291,8388620,8389030,15.5712,8388700,8388630,1.2983,2097150,42.827,67108900,2097150,0,0,97.1865,99.9133,0,0,0,830505000,167772000,268435000,50331600,16777200,45350900,0,3.54349,0,0.966407,2.73815,0,6.96709,32,100,1024,8192,0,0,52
mtran,2221,4194304,256,1,1,1,0,64,4,64,64,0,70.5571,8388620,8388310,16.362,8389520,8388630,1.35567,2097150,44.9726,67240700,2193640,0,0,98.2659,99.8618,0,0,0,503316000,83886100,268435000,25165800,0,29229100,0,2.28617,0,0,2.79421,0,4.72171,32,100,1024,16384,0,0,52
mtran,2221,4194304,256,1,1,1,0,64,4,64,64,1,70.5671,8388620,8388520,16.3393,8389130,8388630,1.35658,2097150,44.9247,67245300,2176040,0,0,98.2552,99.6877,0,0,0,557875000,83886100,268435000,25165800,8388610,31588400,0,2.58477,0,0.508478,2.79663,0,5.10692,32,100,1024,16384,0,0,52
mtran,3108,67108864,512,1,1,1,0,64,8,64,8,0,42.609,8388620,8376180,9.87617,8388700,8388630,0.806764,2097150,9.04144,16777200,2097150,0,0,93.6496,98.4336,0,0,0,2885680000,939524000,268435000,335544000,0,150995000,0,8.30312,0,0,2.49093,0,14.9459,32,100,1024,2048,0,0,52
mtran,2166,67108864,512,1,1,1,0,64,8,64,8,1,60.2119,8388620,8384230,13.9241,8388700,8388630,1.12232,2097150,12.7496,16777200,2097150,0,0,91.3352,97.8594,0,0,0,3489730000,939524000,268435000,603980000,134218000,188744000,0,14.1326,0,7.06631,3.53315,0,26.4991,32,100,1024,2048,0,0,52
mtran,2344,33554432,512,1,1,1,0,64,8,64,16,0,56.6371,8388620,8387420,13.1174,8388950,8388630,1.05045,2097150,20.6721,33554400,2097150,0,0,94.8805,99.1154,0,0,0,1979710000,503316000,268435000,201327000,0,109052000,0,9.8632,0,0,3.28773,0,14.2474,32,100,1024,4096,0,0,52
mtran,2108,33554432,512,1,1,1,0,64,8,64,16,1,61.593,8388620,8387390,14.2878,8388700,8388630,1.1621,2097150,22.5005,33554400,2097150,0,0,94.4535,99.2375,0,0,0,2348880000,503316000,268435000,268435000,67108900,127926000,0,12.8073,0,3.57414,3.57414,0,18.1691,32,100,1024,4096,0,0,52
mtran,2384,16777216,512,1,1,1,0,64,8,64,32,0,65.0858,8388880,8388380,15.1284,8388700,8388630,1.25338,2097150,41.9652,67108900,2097150,0,0,94.0696,100.024,0,0,0,1107300000,352322000,268435000,100663000,0,61866000,0,4.38132,0,0,2.81656,0,9.23316,32,100,1024,8192,0,0,52
mtran,2394,16777216,512,1,1,1,0,64,8,64,32,1,66.3589,8388620,8389300,15.3931,8388700,8388630,1.26936,2097150,42.6745,67108900,2097150,0,0,93.2908,99.9226,0,0,0,1275130000,352322000,268435000,150995000,33554400,71303200,0,5.25631,0,1.91138,2.86708,0,10.8323,32,100,1024,8192,0,0,52
mtran,2258,8388608,512,1,1,1,0,64,8,64,64,0,69.8722,8388620,8388220,16.1712,8388700,8388630,1.34132,2097150,44.4812,67108900,2097150,0,0,96.861,100.298,0,0,0,721420000,167772000,268435000,50331600,0,40632300,0,3.08369,0,0,2.83366,0,6.46024,32,100,1024,16384,0,0,52
mtran,2278,8388608,512,1,1,1,0,64,8,64,64,1,70.3089,8388730,8388200,16.2316,8388700,8388630,1.34805,2097150,44.7087,67108900,2097150,0,0,96.9232,99.8448,0,0,0,830537000,167772000,268435000,50331600,16777200,45350900,0,3.70259,0,1.0098,2.86109,0,7.2799,32,100,1024,16384,0,0,52
mtran,2608,67108864,1024,1,1,1,0,64,16,64,16,0,54.4862,8389310,8388460,12.6194,8388700,8388630,1.10451,2097150,19.8663,33554400,2097150,0,0,94.7174,92.0944,0,0,0,2885680000,939524000,268435000,335544000,0,150995000,0,11.3349,0,0,3.40046,0,20.4032,32,100,1024,4096,0,0,52
mtran,2806,67108864,1024,1,1,1,0,64,16,64,16,1,55.8607,8388630,8388530,12.9328,8388700,8388630,1.14685,2097150,20.3459,33554400,2097150,0,0,94.1524,91.8908,0,0,0,3489790000,939524000,268435000,603980000,134218000,188744000,0,13.9611,0,6.98054,3.49027,0,26.1774,32,100,1024,4096,0,0,52
mtran,3201,33554432,1024,1,1,1,0,64,16,64,32,0,48.1645,8388620,8388340,11.1535,8388700,8388680,0.952025,2097150,32.273,67108900,2097150,0,0,96.5006,95.813,0,0,0,1979710000,503316000,268435000,201327000,0,109052000,0,8.65756,0,0,2.88585,0,12.5058,32,100,1024,8192,0,0,52
mtran,3287,33554432,1024,1,1,1,0,64,16,64,32,1,46.9186,8388620,8388570,10.8663,8388830,8388630,0.926915,2097150,31.4404,67108900,2097150,0,0,96.6039,96.0993,0,0,0,2348940000,503316000,268435000,268435000,67108900,127926000,0,10.0442,0,2.80303,2.80303,0,14.2492,32,100,1024,8192,0,0,52
mtran,2642,16777216,1024,1,1,1,0,64,16,64,64,0,61.0427,8388620,8388290,13.7637,8388700,8388630,1.19127,2097150,38.1648,67108900,2097150,0,0,96.4525,96.2174,0,0,0,1107300000,352322000,268435000,100663000,0,61866000,0,4.14315,0,0,2.66346,0,8.73126,32,100,1024,16384,0,0,52
mtran,2645,16777216,1024,1,1,1,0,64,16,64,64,1,64.2752,8388620,8388680,14.7308,8388700,8388630,1.20226,2097150,40.8055,67108900,2097150,0,0,96.2327,99.0235,0,0,0,1275200000,352322000,268435000,150995000,33554400,71303200,0,5.07293,0,1.8447,2.76705,0,10.4544,32,100,1024,16384,0,0,52
mtran,2980,67108864,32,1,1,1,1,1,32,1,32,0,50.2819,8388620,8388710,49.4623,62724900,8388630,0.964836,2097150,6.76297,4194300,4194300,0,0,43.6833,99.8555,0,0,0,2751460000,939524000,268435000,335544000,0,144703000,0,8.70784,0,0,2.90261,0,16.6901,32,100,1024,256,0,0,52
mtran,30405,67108864,32,1,1,1,1,1,32,1,32,1,34.6679,134220000,8388670,4.25746,67109500,8388680,0.0783853,2097150,0.545687,4194300,4194300,0,0,49.5107,99.9279,0,0,0,3557030000,939524000,268435000,402653000,134218000,182452000,0,0.975144,0,0.468069,0.234034,0,1.69676,32,100,1024,256,0,0,52
mtran,2548,67108864,64,1,1,1,1,1,64,1,64,0,61.1412,8389840,8388640,52.6043,53772100,8388630,1.17825,2097150,7.65294,4194300,4194300,0,0,90.6393,99.9446,0,0,0,2751460000,939524000,268435000,335544000,0,144703000,0,10.6023,0,0,3.53409,0,20.3213,32,100,1024,512,0,0,52
mtran,28988,67108864,64,1,1,1,1,1,64,1,64,1,36.3627,134222000,8388780,4.4638,67109800,8388730,0.0821691,2097150,0.531398,4194300,4194300,0,0,98.629,99.8168,0,0,0,3557290000,939524000,268435000,402653000,134218000,182452000,0,1.0238,0,0.491422,0.245711,0,1.78142,32,100,1024,512,0,0,52
mtran,2818,67108864,32,1,1,1,1,2,16,2,16,0,49.0241,8389020,8388040,24.1622,27190100,8388630,0.938429,2097150,6.59062,4194300,4194300,0,0,42.44,99.6698,0,0,0,2885680000,939524000,268435000,335544000,0,150995000,0,8.97404,0,0,2.83391,0,17.0035,32,100,1024,192,0,0,52
mtran,17721,67108864,32,1,1,1,1,2,16,2,16,1,31.5164,67110100,8388670,4.06051,33555000,8388680,0.134496,2097150,0.938818,4194300,4194300,0,0,49.1548,99.8128,0,0,0,3691120000,939524000,268435000,402653000,134218000,188744000,0,1.6796,0,0.80621,0.403105,0,3.0233,32,100,1024,192,0,0,52
mtran,2284,33554432,32,1,1,1,1,2,16,2,32,0,63.4491,8388620,8388420,34.2212,30646900,8388630,1.21922,2097150,6.70443,2097150,4194300,0,0,45.7711,100.059,0,0,0,1946160000,503316000,268435000,167772000,0,105906000,0,11.269,0,0,3.65481,0,15.3809,32,100,1024,384,0,0,52
mtran,16191,33554432,32,1,1,1,1,2,16,2,32,1,34.505,67109200,8388700,4.42802,33554500,8388780,0.14645,2097150,0.805045,2097150,4194300,0,0,49.5397,99.9332,0,0,0,2315390000,503316000,268435000,234881000,67108900,124781000,0,1.57455,0,0.439409,0.439409,0,2.17876,32,100,1024,384,0,0,52
mtran,1778,67108864,64,1,1,1,1,2,32,2,32,0,71.6863,8388770,8388360,39.9351,31816100,8388680,1.36988,2097150,7.59377,2097150,4194300,0,0,90.719,99.9372,0,0,0,2885680000,939524000,268435000,335544000,0,150995000,0,13.1248,0,0,4.14466,0,24.8683,32,100,1024,384,0,0,52
mtran,16181,67108864,64,1,1,1,1,2,32,2,32,1,34.5376,67109700,8388580,4.45999,33555900,8388680,0.146735,2097150,0.811136,2097150,4194300,0,0,99.0467,99.9812,0,0,0,3691250000,939524000,268435000,402653000,134218000,188744000,0,1.84384,0,0.885042,0.442521,0,3.31894,32,100,1024,384,0,0,52
mtran,1519,33554432,64,1,1,1,1,2,32,2,64,0,87.0943,8389290,8388560,48.2899,31628700,8388630,1.66973,2097150,8.8129,2097150,4194300,0,0,94.282,100.125,0,0,0,1946160000,503316000,268435000,167772000,0,105906000,0,15.5082,0,0,5.02967,0,21.1671,32,100,1024,768,0,0,52
mtran,19908,33554432,64,1,1,1,1,2,32,2,64,1,28.0195,67109500,8388740,3.58337,33555000,8388730,0.119114,2097150,0.623744,2097150,4194300,0,0,99.5603,99.8213,0,0,0,2315520000,503316000,268435000,234881000,67108900,124781000,0,1.27948,0,0.357063,0.357063,0,1.77048,32,100,1024,768,0,0,52
mtran,1705,67108864,128,1,1,1,1,2,64,2,64,0,82.6153,8388660,8388830,47.7173,33379400,8388630,1.58807,2097150,8.3373,2097150,4194300,0,0,89.1082,99.9338,0,0,0,2885680000,939524000,268435000,335544000,0,150995000,0,15.0965,0,0,4.76733,0,28.6044,32,100,1024,768,0,0,52
mtran,16188,67108864,128,1,1,1,1,2,64,2,64,1,34.4843,67109500,8388710,4.45063,33555000,8388750,0.14723,2097150,0.772641,2097150,4194300,0,0,99.0318,99.9527,0,0,0,3691510000,939524000,268435000,402653000,134218000,188744000,0,1.84049,0,0.883436,0.441718,0,3.31293,32,100,1024,768,0,0,52
mtran,3749,67108864,32,1,1,1,1,4,8,4,8,0,34.8381,8388710,8380920,10.9905,14542900,8388630,0.66439,2097150,4.66163,4194300,4194300,0,0,43.8622,97.5034,0,0,0,2885680000,939524000,268435000,335544000,0,150995000,0,6.48849,0,0,2.049,0,12.2941,32,100,1024,160,0,0,52
mtran,4184,67108864,32,1,1,1,1,4,8,4,8,1,37.0226,12201600,8388420,10.5099,16757100,8388630,0.585319,2097150,4.06133,4194300,4194300,0,0,45.4591,97.6481,0,0,0,3691050000,939524000,268435000,402653000,134218000,188744000,0,7.42705,0,3.56499,1.78249,0,13.3688,32,100,1024,160,0,0,52
mtran,2589,33554432,32,1,1,1,1,4,8,4,16,0,49.9167,8388730,8384310,16.2748,15186900,8388630,0.943014,2097150,6.22664,4194300,4194300,0,0,46.3502,99.2243,0,0,0,1979710000,503316000,268435000,201327000,0,109052000,0,8.68891,0,0,2.8963,0,12.5508,32,100,1024,320,0,0,52
mtran,8956,33554432,32,1,1,1,1,4,8,4,16,1,31.5179,30000500,8388710,4.77119,16775100,8388630,0.26319,2097150,1.7083,4194300,4194300,0,0,49.1199,99.8648,0,0,0,2382430000,503316000,268435000,234881000,67108900,127926000,0,2.82909,0,0.789512,0.789512,0,4.0134,32,100,1024,320,0,0,52
mtran,1752,16777216,32,1,1,1,1,4,8,4,32,0,71.7185,8388620,8388700,24.5798,16410700,8388630,1.38296,2097150,5.16386,2097150,4194300,0,0,47.7888,99.9069,0,0,0,1090520000,352322000,268435000,83886100,0,60293100,0,4.99638,0,0,3.1012,0,9.90709,32,100,1024,640,0,0,52
mtran,8934,16777216,32,1,1,1,1,4,8,4,32,1,34.7746,33552500,8388520,4.83348,16777700,8388680,0.266135,2097150,0.997214,2097150,4194300,0,0,49.5614,99.9152,0,0,0,1241580000,352322000,268435000,150995000,33554400,69730300,0,1.13114,0,0.399224,0.598836,0,2.21246,32,100,1024,640,0,0,52
mtran,2379,67108864,64,1,1,1,1,4,16,4,16,0,54.7024,8388690,8382000,17.8273,15137900,8388630,1.02386,2097150,6.83702,4194300,4194300,0,0,92.1718,100.078,0,0,0,2885680000,939524000,268435000,335544000,0,150995000,0,9.98478,0,0,3.15309,0,18.9188,32,100,1024,320,0,0,52
mtran,8940,67108864,64,1,1,1,1,4,16,4,16,1,31.6745,30177400,8388600,4.77253,16776700,8388630,0.263333,2097150,1.71076,4194300,4194300,0,0,98.06,99.9572,0,0,0,3691120000,939524000,268435000,402653000,134218000,188744000,0,3.29133,0,1.57984,0.78992,0,5.92446,32,100,1024,320,0,0,52
mtran,1814,33554432,64,1,1,1,1,4,16,4,32,0,70.4624,8388620,8387970,23.5312,15860600,8388630,1.3422,2097150,7.08724,2097150,4194300,0,0,95.3521,99.8202,0,0,0,1979710000,503316000,268435000,201327000,0,109052000,0,12.1714,0,0,4.05715,0,17.5815,32,100,1024,640,0,0,52
mtran,8920,33554432,64,1,1,1,1,4,16,4,32,1,34.9224,33554600,8388680,4.8482,16777600,8388680,0.266664,2097150,1.40092,2097150,4194300,0,0,98.967,99.999,0,0,0,2382500000,503316000,268435000,234881000,67108900,127926000,0,2.86857,0,0.800531,0.800531,0,4.06946,32,100,1024,640,0,0,52
mtran,1524,16777216,64,1,1,1,1,4,16,4,64,0,85.1247,8389290,8388320,26.956,14549300,8388630,1.54502,2097150,5.91995,2097150,4194300,0,0,95.3916,100.067,0,0,0,1090520000,352322000,268435000,83886100,0,60293100,0,5.91598,0,0,3.67199,0,11.7311,32,100,1024,1280,0,0,52
mtran,8708,16777216,64,1,1,1,1,4,16,4,64,1,35.5442,33554500,8388640,4.95792,16777300,8388630,0.271995,2097150,0.991047,2097150,4194300,0,0,95.1618,100.003,0,0,0,1241640000,352322000,268435000,150995000,33554400,69730300,0,1.16188,0,0.410076,0.615113,0,2.27269,32,100,1024,1280,0,0,52
mtran,1754,67108864,128,1,1,1,1,4,32,4,32,0,73.0099,8388620,8388940,25.2696,16571500,8388630,1.39703,2097150,7.38032,2097150,4194300,0,0,90.7436,100.251,0,0,0,2885680000,939524000,268435000,335544000,0,150995000,0,13.3214,0,0,4.20676,0,25.2409,32,100,1024,640,0,0,52
mtran,8934,67108864,128,1,1,1,1,4,32,4,32,1,34.7994,33555100,8388710,4.84876,16777700,8388680,0.267632,2097150,1.40306,2097150,4194300,0,0,98.2674,99.9113,0,0,0,3691250000,939524000,268435000,402653000,134218000,188744000,0,3.34359,0,1.60492,0.802462,0,6.01854,32,100,1024,640,0,0,52
mtran,1405,33554432,128,1,1,1,1,4,32,4,64,0,87.0609,8388620,8387930,30.2041,16682400,8388630,1.65869,2097150,8.58011,2097150,4194300,0,0,94.522,99.906,0,0,0,1979710000,503316000,268435000,201327000,0,109052000,0,15.0817,0,0,5.02723,0,21.7854,32,100,1024,1280,0,0,52
mtran,9267,33554432,128,1,1,1,1,4,32,4,64,1,33.6203,33554900,8388920,4.6551,16777600,8388680,0.257004,2097150,1.31484,2097150,4194300,0,0,99.1483,100.077,0,0,0,2382630000,503316000,268435000,234881000,67108900,127926000,0,2.75583,0,0.769068,0.769068,0,3.90954,32,100,1024,1280,0,0,52
mtran,1636,67108864,256,1,1,1,1,4,64,4,64,0,84.5458,8388620,8388510,29.4695,16757900,8388630,1.62204,2097150,8.34457,2097150,4194300,0,0,88.7807,100.095,0,0,0,2885680000,939524000,268435000,335544000,0,150995000,0,15.4533,0,0,4.87998,0,29.2804,32,100,1024,1280,0,0,52
mtran,8706,67108864,256,1,1,1,1,4,64,4,64,1,35.6446,33554400,8388640,4.96555,16778900,8388630,0.273617,2097150,1.40164,2097150,4194300,0,0,98.1425,99.9746,0,0,0,3691510000,939524000,268435000,402653000,134218000,188744000,0,3.41951,0,1.64136,0.820682,0,6.15521,32,100,1024,1280,0,0,52
mtran,3537,67108864,32,1,1,1,1,8,4,8,4,0,38.1857,8388620,8399310,13.2258,8388700,16777200,0.715477,2097150,5.11103,4194300,4194300,0,0,43.1283,97.388,0,0,0,2885680000,939524000,268435000,335544000,0,150995000,0,7.12243,0,0,2.24919,0,13.4952,32,100,1024,144,0,0,52
mtran,3620,67108864,32,1,1,1,1,8,4,8,4,1,37.0772,8445260,8414680,12.8287,8388700,16777200,0.710716,2097150,4.94916,4194300,4194300,0,0,44.1757,98.0495,0,0,0,3691020000,939524000,268435000,402653000,134218000,188744000,0,9.0136,0,4.32653,2.16326,0,16.2246,32,100,1024,144,0,0,52
mtran,3365,33554432,32,1,1,1,1,8,4,8,8,0,38.9241,8389350,8379620,9.03255,8388700,8388630,0.732529,2097150,4.86163,4194300,4194300,0,0,47.1,99.6108,0,0,0,1979710000,503316000,268435000,201327000,0,109052000,0,6.75779,0,0,2.2526,0,9.76139,32,100,1024,288,0,0,52
mtran,3290,33554432,32,1,1,1,1,8,4,8,8,1,38.9697,8472600,8388450,9.01286,8388700,8388630,0.743506,2097150,4.8459,4194300,4194300,0,0,47.3085,99.7051,0,0,0,2382400000,503316000,268435000,234881000,67108900,127926000,0,8.03808,0,2.24318,2.24318,0,11.403,32,100,1024,288,0,0,52
mtran,2363,16777216,32,1,1,1,1,8,4,8,16,0,55.6981,8388620,8386890,12.8897,8389150,8388630,1.01506,2097150,5.068,4194300,4194300,0,0,48.3318,99.9233,0,0,0,1090520000,352322000,268435000,117441000,0,61866000,0,3.47024,0,0,2.40248,0,7.87516,32,100,1024,576,0,0,52
mtran,3338,16777216,32,1,1,1,1,8,4,8,16,1,41.7851,10138300,8388460,8.75184,8388700,8388630,0.720087,2097150,3.43628,4194300,4194300,0,0,48.8352,99.7949,0,0,0,1275100000,352322000,268435000,150995000,33554400,71303200,0,2.89966,0,1.08737,1.63106,0,6.16196,32,100,1024,576,0,0,52
mtran,1818,8388608,32,1,1,1,1,8,4,8,32,0,68.2911,8388620,8388660,15.877,8389500,8388630,1.33222,2097150,4.43378,2097150,4194300,0,0,48.9506,99.9191,0,0,0,713032000,167772000,268435000,41943000,0,39845900,0,2.95825,0,0,2.7939,0,6.24554,32,100,1024,1152,0,0,52
mtran,4639,8388608,32,1,1,1,1,8,4,8,32,1,37.8591,15334600,8388660,6.18955,8388700,8388630,0.51206,2097150,1.7281,2097150,4194300,0,0,49.5564,99.9644,0,0,0,805339000,167772000,268435000,58720300,16777200,44564500,0,1.34456,0,0.384159,1.08845,0,2.72127,32,100,1024,1152,0,0,52
mtran,3246,67108864,64,1,1,1,1,8,8,8,8,0,40.1439,8388770,8375920,9.31,8388700,8388690,0.753502,2097150,5.00974,4194300,4194300,0,0,93.8959,100.144,0,0,0,2885680000,939524000,268435000,335544000,0,150995000,0,7.31137,0,0,2.30885,0,13.8533,32,100,1024,288,0,0,52
mtran,3235,67108864,64,1,1,1,1,8,8,8,8,1,39.8511,8505230,8388690,9.161,8389040,8388630,0.749823,2097150,4.92184,4194300,4194300,0,0,93.9399,99.6996,0,0,0,3691050000,939524000,268435000,402653000,134218000,188744000,0,9.49359,0,4.55692,2.27846,0,17.0886,32,100,1024,288,0,0,52
mtran,2395,33554432,64,1,1,1,1,8,8,8,16,0,54.8878,8388730,8386930,12.7065,8388700,8388630,1.00723,2097150,6.57542,4194300,4194300,0,0,96.3518,99.847,0,0,0,1979710000,503316000,268435000,201327000,0,109052000,0,9.48311,0,0,3.16104,0,13.6982,32,100,1024,576,0,0,52
mtran,3303,33554432,64,1,1,1,1,8,8,8,16,1,41.8263,10053600,8388830,8.80385,8388700,8388630,0.725864,2097150,4.54876,4194300,4194300,0,0,97.0896,99.8889,0,0,0,2382430000,503316000,268435000,234881000,67108900,127926000,0,7.83257,0,2.18583,2.18583,0,11.1116,32,100,1024,576,0,0,52
mtran,1815,16777216,64,1,1,1,1,8,8,8,32,0,68.2088,8388620,8387650,15.7767,8388940,8388630,1.33097,2097150,4.73528,2097150,4194300,0,0,96.5413,99.7932,0,0,0,1090520000,352322000,268435000,117441000,0,61866000,0,4.25423,0,0,2.94523,0,9.65474,32,100,1024,1152,0,0,52
mtran,4636,16777216,64,1,1,1,1,8,8,8,32,1,37.8862,15327500,8388620,6.21635,8388700,8388630,0.514011,2097150,1.86511,2097150,4194300,0,0,98.2741,99.9573,0,0,0,1275130000,352322000,268435000,150995000,33554400,71303200,0,2.05893,0,0.772099,1.15815,0,4.3755,32,100,1024,1152,0,0,52
mtran,1695,8388608,64,1,1,1,1,8,8,8,64,0,80.9713,8394660,8388920,18.763,8388700,8388630,1.41449,2097150,5.36226,2348160,4236220,0,0,95.8232,99.7061,0,0,0,713032000,167772000,268435000,41943000,0,39845900,0,3.50523,0,0,3.31049,0,7.40075,32,100,1024,2304,0,0,52
mtran,4689,8388608,64,1,1,1,1,8,8,8,64,1,39.6947,16774400,8388550,6.14412,8389580,8388630,0.50692,2097150,1.75146,2361340,4202110,0,0,96.4031,99.8795,0,0,0,805372000,167772000,268435000,58720300,16777200,44564500,0,1.33727,0,0.382076,1.08255,0,2.70665,32,100,1024,2304,0,0,52
mtran,2355,67108864,128,1,1,1,1,8,16,8,16,0,55.1191,8388620,8381970,12.7979,8388700,8388630,1.03436,2097150,6.62257,4194300,4194300,0,0,93.0584,99.912,0,0,0,2885680000,939524000,268435000,335544000,0,150995000,0,10.0752,0,0,3.18164,0,19.0901,32,100,1024,576,0,0,52
mtran,3348,67108864,128,1,1,1,1,8,16,8,16,1,41.4986,10173300,8388510,8.69325,8388700,8388680,0.715739,2097150,4.48867,4194300,4194300,0,0,95.2908,99.9226,0,0,0,3691120000,939524000,268435000,402653000,134218000,188744000,0,8.98429,0,4.31246,2.15623,0,16.1719,32,100,1024,576,0,0,52
mtran,1803,33554432,128,1,1,1,1,8,16,8,32,0,70.6856,8388620,8388100,16.3571,8389680,8388630,1.34439,2097150,6.94162,2097150,4194300,0,0,95.5793,99.8974,0,0,0,1979710000,503316000,268435000,201327000,0,109052000,0,12.2027,0,0,4.06756,0,17.6267,32,100,1024,1152,0,0,52
mtran,4743,33554432,128,1,1,1,1,8,16,8,32,1,37.5891,15712400,8388800,6.08099,8388700,8388630,0.502893,2097150,2.57658,2097150,4194300,0,0,98.3299,100.025,0,0,0,2382500000,503316000,268435000,234881000,67108900,127926000,0,5.40318,0,1.50786,1.50786,0,7.6652,32,100,1024,1152,0,0,52
mtran,1548,16777216,128,1,1,1,1,8,16,8,64,0,84.8415,8388690,8388700,19.6485,8388700,8388630,1.52295,2097150,5.79696,2097150,4194300,0,0,96.9323,99.9798,0,0,0,1090520000,352322000,268435000,117441000,0,61866000,0,5.28952,0,0,3.66197,0,12.0045,32,100,1024,2304,0,0,52
mtran,4680,16777216,128,1,1,1,1,8,16,8,64,1,39.7428,16777100,8388630,6.14774,8390370,8388630,0.507123,2097150,1.81266,2097150,4194300,0,0,98.7814,99.9344,0,0,0,1275200000,352322000,268435000,150995000,33554400,71303200,0,2.0366,0,0.763726,1.14559,0,4.32811,32,100,1024,2304,0,0,52
mtran,1744,67108864,256,1,1,1,1,8,32,8,32,0,73.4987,8388620,8387630,17.0564,8388700,8388630,1.40524,2097150,7.23598,2097150,4194300,0,0,90.5083,100.082,0,0,0,2885680000,939524000,268435000,335544000,0,150995000,0,13.4021,0,0,4.23223,0,25.3939,32,100,1024,1152,0,0,52
mtran,4782,67108864,256,1,1,1,1,8,32,8,32,1,37.4791,15836500,8388820,6.0094,8389020,8388680,0.496061,2097150,2.54396,2097150,4194300,0,0,96.5938,99.8968,0,0,0,3691250000,939524000,268435000,402653000,134218000,188744000,0,6.21118,0,2.98137,1.49068,0,11.1803,32,100,1024,1152,0,0,52
mtran,1399,33554432,256,1,1,1,1,8,32,8,64,0,87.0412,8388620,8389260,20.1557,8388700,8388630,1.65989,2097150,8.44755,2097150,4194300,0,0,94.3109,99.8665,0,0,0,1979710000,503316000,268435000,201327000,0,109052000,0,15.0379,0,0,5.01265,0,21.7223,32,100,1024,2304,0,0,52
mtran,4723,33554432,256,1,1,1,1,8,32,8,64,1,39.4081,16777200,8388480,6.07726,8388700,8388630,0.502063,2097150,2.5428,2097150,4194300,0,0,98.2553,99.97,0,0,0,2382630000,503316000,268435000,234881000,67108900,127926000,0,5.40116,0,1.5073,1.5073,0,7.66235,32,100,1024,2304,0,0,52
mtran,1649,67108864,512,1,1,1,1,8,64,8,64,0,84.2814,8388620,8388470,19.5361,8388700,8388630,1.62006,2097150,8.18545,2097150,4194300,0,0,87.9831,99.4196,0,0,0,2885680000,939524000,268435000,335544000,0,150995000,0,15.45,0,0,4.87896,0,29.2743,32,100,1024,2304,0,0,52
mtran,4686,67108864,512,1,1,1,1,8,64,8,64,1,39.7145,16777300,8388550,6.12557,8389180,8388630,0.507784,2097150,2.55956,2097150,4194300,0,0,96.4522,99.3176,0,0,0,3691510000,939524000,268435000,402653000,134218000,188744000,0,6.36331,0,3.05439,1.5272,0,11.4541,32,100,1024,2304,0,0,52
mtran,3624,67108864,32,1,1,1,1,16,2,16,2,0,41.1231,8388620,8512690,23.6684,8388700,33554300,0.749757,2097150,5.48988,4194300,4194300,0,0,45.142,99.7818,0,0,0,2818570000,939524000,268435000,335544000,0,148898000,0,7.46684,0,0,2.35795,0,13.9513,32,100,1024,136,0,0,52
mtran,3643,67108864,32,1,1,1,1,16,2,16,2,1,36.4018,8388630,8467500,20.9934,8389940,33554500,0.693995,2097150,4.86398,4194300,4194300,0,0,45.6505,99.9361,0,0,0,3623900000,939524000,268435000,402653000,134218000,186647000,0,8.69124,0,4.1718,2.0859,0,15.4705,32,100,1024,136,0,0,52
mtran,3185,33554432,32,1,1,1,1,16,2,16,4,0,42.4791,8388690,8393710,14.7253,8388700,16777300,0.773615,2097150,5.285,4194300,4194300,0,0,47.4472,100.228,0,0,0,1979710000,503316000,268435000,201327000,0,109052000,0,7.30106,0,0,2.43369,0,10.5461,32,100,1024,272,0,0,52
mtran,3187,33554432,32,1,1,1,1,16,2,16,4,1,40.0674,8388690,8391650,13.9327,8388700,16777300,0.766536,2097150,4.98906,4194300,4194300,0,0,47.5272,99.966,0,0,0,2382380000,503316000,268435000,234881000,67108900,127926000,0,8.25394,0,2.30343,2.30343,0,11.7092,32,100,1024,272,0,0,52
mtran,2816,16777216,32,1,1,1,1,16,2,16,8,0,46.484,8389200,8380840,10.7837,8389130,8388630,0.866665,2097150,4.24027,4194300,4194300,0,0,48.5757,100.199,0,0,0,1090520000,352322000,268435000,117441000,0,61866000,0,2.89549,0,0,2.00457,0,6.57084,32,100,1024,544,0,0,52
mtran,3280,16777216,32,1,1,1,1,16,2,16,8,1,40.0121,8388750,8388110,9.28979,8388700,8388630,0.7403,2097150,3.65146,4194300,4194300,0,0,48.795,99.966,0,0,0,1275080000,352322000,268435000,150995000,33554400,71303200,0,3.07596,0,1.15348,1.73022,0,6.53661,32,100,1024,544,0,0,52
mtran,2252,8388608,32,1,1,1,1,16,2,16,16,0,59.6963,8388620,8389010,13.8774,8388830,8388630,1.06657,2097150,5.02332,4194300,4194300,0,0,49.1346,99.8995,0,0,0,729809000,167772000,268435000,41943000,0,40632300,0,2.65786,0,0,2.44235,0,5.56747,32,100,1024,1088,0,0,52
mtran,3037,8388608,32,1,1,1,1,16,2,16,16,1,42.3983,8388620,8388700,9.79733,8388700,8388630,0.795365,2097150,3.54454,4194300,4194300,0,0,49.3363,99.9284,0,0,0,830489000,167772000,268435000,50331600,16777200,45350900,0,2.17892,0,0.608071,1.72287,0,4.3834,32,100,1024,1088,0,0,52
mtran,1965,4194304,32,1,1,1,1,16,2,16,32,0,62.6817,8388860,8389050,14.4491,8388700,8388630,1.21569,2097150,3.99329,2392020,4218430,0,0,49.441,99.6695,0,0,0,499122000,83886100,268435000,20971500,0,28835800,0,1.94951,0,0,2.47438,0,4.1243,32,100,1024,2176,0,0,52
mtran,2647,4194304,32,1,1,1,1,16,2,16,32,1,47.3189,8388620,8389510,10.9807,8388720,8388630,0.904957,2097150,3.03856,2405580,4208800,0,0,49.5781,99.9117,0,0,0,545276000,83886100,268435000,29360100,8388610,31195100,0,1.6212,0,0.341305,1.87718,0,3.38487,32,100,1024,2176,0,0,52
mtran,2998,67108864,64,1,1,1,1,16,4,16,4,0,44.9455,8388630,8387550,15.6437,8388700,16777100,0.819119,2097150,5.61257,4194300,4194300,0,0,93.353,99.9835,0,0,0,2885680000,939524000,268435000,335544000,0,150995000,0,8.20434,0,0,2.59085,0,15.5453,32,100,1024,272,0,0,52
mtran,3006,67108864,64,1,1,1,1,16,4,16,4,1,43.2965,8388620,8391530,15.0499,8388720,16777200,0.82702,2097150,5.39055,4194300,4194300,0,0,94.1492,99.9352,0,0,0,3691020000,939524000,268435000,402653000,134218000,188744000,0,10.3732,0,4.97912,2.48956,0,18.6719,32,100,1024,272,0,0,52
mtran,2911,33554432,64,1,1,1,1,16,4,16,8,0,45.2913,8388620,8377360,10.5604,8389140,8388630,0.848073,2097150,5.46392,4194300,4194300,0,0,96.8373,99.9956,0,0,0,1979710000,503316000,268435000,201327000,0,109052000,0,7.86839,0,0,2.6228,0,11.3658,32,100,1024,544,0,0,52
mtran,3265,33554432,64,1,1,1,1,16,4,16,8,1,39.1302,8389120,8388410,9.08141,8389200,8388760,0.74062,2097150,4.68849,4194300,4194300,0,0,96.9595,100.069,0,0,0,2382400000,503316000,268435000,234881000,67108900,127926000,0,8.05861,0,2.24891,2.24891,0,11.4323,32,100,1024,544,0,0,52
mtran,2246,16777216,64,1,1,1,1,16,4,16,16,0,60.4768,8388660,8388460,14.0306,8388700,8388680,1.07823,2097150,5.36979,4194300,4194300,0,0,97.2493,99.9074,0,0,0,1090520000,352322000,268435000,117441000,0,61866000,0,3.77686,0,0,2.61475,0,8.57138,32,100,1024,1088,0,0,52
mtran,3041,16777216,64,1,1,1,1,16,4,16,16,1,42.3702,8389020,8388670,9.83542,8389500,8388630,0.794952,2097150,3.76517,4194300,4194300,0,0,98.3352,99.9465,0,0,0,1275100000,352322000,268435000,150995000,33554400,71303200,0,3.25811,0,1.22179,1.83269,0,6.92392,32,100,1024,1088,0,0,52
mtran,1965,8388608,64,1,1,1,1,16,4,16,32,0,62.4683,8388620,8387500,14.4678,8388700,8388630,1.21805,2097150,4.1326,2372420,4212930,0,0,95.0082,99.6468,0,0,0,729809000,167772000,268435000,41943000,0,40632300,0,2.77773,0,0,2.55251,0,5.81887,32,100,1024,2176,0,0,52
mtran,2642,8388608,64,1,1,1,1,16,4,16,32,1,47.4025,8388620,8389530,10.9881,8388950,8388630,0.904721,2097150,3.15338,2403870,4208720,0,0,94.6291,99.8,0,0,0,830505000,167772000,268435000,50331600,16777200,45350900,0,2.45026,0,0.683793,1.93741,0,4.92951,32,100,1024,2176,0,0,52
mtran,1816,4194304,64,1,1,1,1,16,4,16,64,0,75.9692,8388620,8388100,17.4892,8388700,8388630,1.31286,2097150,4.80127,2413130,4218760,0,0,91.6733,99.162,0,0,0,499122000,83886100,268435000,20971500,0,28835800,0,2.37089,0,0,3.00921,0,5.01614,32,100,1024,4352,0,0,52
mtran,2817,4194304,64,1,1,1,1,16,4,16,64,1,44.3792,8388620,8389640,10.3043,8388790,8388630,0.850551,2097150,2.83358,2431980,4206660,0,0,92.4063,99.8667,0,0,0,545292000,83886100,268435000,29360100,8388610,31195100,0,1.52148,0,0.320312,1.76172,0,3.17689,32,100,1024,4352,0,0,52
mtran,3224,67108864,128,1,1,1,1,16,8,16,8,0,40.7481,8388630,8375340,9.44615,8388700,8388680,0.766998,2097150,4.88843,4194300,4194300,0,0,94.8644,99.8374,0,0,0,2885680000,939524000,268435000,335544000,0,150995000,0,7.44251,0,0,2.35027,0,14.1018,32,100,1024,544,0,0,52
mtran,3310,67108864,128,1,1,1,1,16,8,16,8,1,38.7038,8390020,8388580,8.97051,8388700,8388630,0.734981,2097150,4.63813,4194300,4194300,0,0,95.1929,100.135,0,0,0,3691050000,939524000,268435000,402653000,134218000,188744000,0,9.26377,0,4.44661,2.2233,0,16.675,32,100,1024,544,0,0,52
mtran,2377,33554432,128,1,1,1,1,16,8,16,16,0,55.6038,8388620,8385840,12.8983,8388700,8388630,1.01612,2097150,6.54092,4194300,4194300,0,0,96.6416,100.115,0,0,0,1979710000,503316000,268435000,201327000,0,109052000,0,9.60011,0,0,3.20004,0,13.8673,32,100,1024,1088,0,0,52
mtran,3043,33554432,128,1,1,1,1,16,8,16,16,1,41.6395,8388620,8388700,9.68033,8388720,8388630,0.799131,2097150,4.90431,4194300,4194300,0,0,97.3339,99.9819,0,0,0,2382430000,503316000,268435000,234881000,67108900,127926000,0,8.60913,0,2.40255,2.40255,0,12.2133,32,100,1024,1088,0,0,52
mtran,1812,16777216,128,1,1,1,1,16,8,16,32,0,68.6654,8388620,8389550,15.8431,8388700,8388630,1.32906,2097150,4.67254,2097150,4194300,0,0,97.6302,100.47,0,0,0,1090520000,352322000,268435000,117441000,0,61866000,0,4.24274,0,0,2.93728,0,9.62883,32,100,1024,2176,0,0,52
mtran,2790,16777216,128,1,1,1,1,16,8,16,32,1,44.8901,8388620,8388480,10.4261,8389250,8388630,0.855917,2097150,3.07471,2097150,4194300,0,0,98.5019,99.9458,0,0,0,1275130000,352322000,268435000,150995000,33554400,71303200,0,3.45417,0,1.29532,1.94297,0,7.34067,32,100,1024,2176,0,0,52
mtran,1732,8388608,128,1,1,1,1,16,8,16,64,0,78.8087,8388620,8388530,18.2678,8388700,8388630,1.36252,2097150,5.15935,2348030,4217680,0,0,97.5378,99.716,0,0,0,729809000,167772000,268435000,41943000,0,40632300,0,3.50671,0,0,3.22238,0,7.34611,32,100,1024,4352,0,0,52
mtran,2861,8388608,128,1,1,1,1,16,8,16,64,1,43.7604,8388620,8388600,10.127,8389680,8388760,0.834017,2097150,2.85097,2348800,4206810,0,0,98.0753,99.9592,0,0,0,830538000,167772000,268435000,50331600,16777200,45350900,0,2.24968,0,0.627817,1.77881,0,4.52605,32,100,1024,4352,0,0,52
mtran,2343,67108864,256,1,1,1,1,16,16,16,16,0,55.5013,8389200,8382320,12.9614,8389330,8388810,1.04868,2097150,6.55962,4194300,4194300,0,0,92.8497,99.9567,0,0,0,2885680000,939524000,268435000,335544000,0,150995000,0,10.1785,0,0,3.21427,0,19.286,32,100,1024,1088,0,0,52
mtran,3055,67108864,256,1,1,1,1,16,16,16,16,1,41.5357,8388620,8388460,9.62298,8388700,8388630,0.79527,2097150,4.86951,4194300,4194300,0,0,94.5715,99.6925,0,0,0,3691120000,939524000,268435000,402653000,134218000,188744000,0,9.96843,0,4.78485,2.39242,0,17.9435,32,100,1024,1088,0,0,52
mtran,1806,33554432,256,1,1,1,1,16,16,16,32,0,70.745,8388620,8387340,16.4165,8388700,8388630,1.3486,2097150,6.88011,2097150,4194300,0,0,95.3429,100.08,0,0,0,1979710000,503316000,268435000,201327000,0,109052000,0,12.2215,0,0,4.07383,0,17.6539,32,100,1024,2176,0,0,52
mtran,2831,33554432,256,1,1,1,1,16,16,16,32,1,44.3603,8388630,8388840,10.2652,8388700,8388630,0.848523,2097150,4.29594,2097150,4194300,0,0,97.0338,99.946,0,0,0,2382500000,503316000,268435000,234881000,67108900,127926000,0,9.12716,0,2.54711,2.54711,0,12.9482,32,100,1024,2176,0,0,52
mtran,1608,16777216,256,1,1,1,1,16,16,16,64,0,83.8461,8388620,8388110,19.3882,8388700,8388630,1.47852,2097150,5.66779,2097150,4194300,0,0,97.1276,99.7446,0,0,0,1090520000,352322000,268435000,117441000,0,61866000,0,5.22973,0,0,3.62058,0,11.8689,32,100,1024,4352,0,0,52
mtran,2847,16777216,256,1,1,1,1,16,16,16,64,1,43.8574,8388620,8388520,10.1948,8388700,8388630,0.839598,2097150,2.97998,2097150,4194300,0,0,98.388,100.001,0,0,0,1275200000,352322000,268435000,150995000,33554400,71303200,0,3.37552,0,1.26582,1.89873,0,7.17355,32,100,1024,4352,0,0,52
mtran,1762,67108864,512,1,1,1,1,16,32,16,32,0,73.1454,8389670,8388130,16.8992,8388700,8388630,1.40027,2097150,7.08392,2097150,4194300,0,0,89.9788,99.1188,0,0,0,2885680000,939524000,268435000,335544000,0,150995000,0,13.4115,0,0,4.2352,0,25.4117,32,100,1024,2176,0,0,52
mtran,2844,67108864,512,1,1,1,1,16,32,16,32,1,44.2814,8388620,8388710,10.2579,8389500,8388630,0.853805,2097150,4.29068,2097150,4194300,0,0,94.235,98.922,0,0,0,3691250000,939524000,268435000,402653000,134218000,188744000,0,10.7097,0,5.14067,2.57033,0,19.2778,32,100,1024,2176,0,0,52
mtran,1427,33554432,512,1,1,1,1,16,32,16,64,0,86.685,8388620,8388060,20.0775,8388700,8388630,1.64925,2097150,8.36377,2097150,4194300,0,0,93.6705,99.8532,0,0,0,1979710000,503316000,268435000,201327000,0,109052000,0,14.9833,0,0,4.99443,0,21.6433,32,100,1024,4352,0,0,52
mtran,2828,33554432,512,1,1,1,1,16,32,16,64,1,44.1733,8388660,8388870,10.2185,8388700,8388680,0.844126,2097150,4.25029,2097150,4194300,0,0,96.8162,99.6334,0,0,0,2382630000,503316000,268435000,234881000,67108900,127926000,0,9.11478,0,2.54366,2.54366,0,12.9307,32,100,1024,4352,0,0,52
mtran,1806,67108864,1024,1,1,1,1,16,64,16,64,0,79.8291,8388620,8388730,18.4949,8388700,8388630,1.69084,2097150,7.69891,2097150,4194300,0,0,95.6424,88.9561,0,0,0,2885680000,939524000,268435000,335544000,0,150995000,0,16.3418,0,0,5.16058,0,30.9641,32,100,1024,4352,0,0,52
mtran,2856,67108864,1024,1,1,1,1,16,64,16,64,1,44.0401,8388620,8388500,10.2055,8388700,8388630,0.888621,2097150,4.24363,2097150,4194300,0,0,97.7314,94.0332,0,0,0,3691510000,939524000,268435000,402653000,134218000,188744000,0,11.2122,0,5.38184,2.69092,0,20.1822,32,100,1024,4352,0,0,52
mtran,5060,67108864,32,1,1,1,1,32,1,32,1,0,33.3984,8388620,10203900,31.4719,8388700,67108900,0.564788,2097150,2.89742,2097150,2097150,0,0,46.5641,100.052,0,0,0,2147480000,939524000,268435000,536871000,0,132121000,0,4.63344,0,0,1.73754,0,9.12215,32,100,1024,132,0,0,52
mtran,4567,67108864,32,1,1,1,1,32,1,32,1,1,34.2489,8388620,8548510,35.4224,8388700,67108900,0.651207,2097150,3.25679,2097150,2097150,0,0,46.0364,99.9008,0,0,0,3154120000,939524000,268435000,402653000,134218000,169869000,0,8.15007,0,3.91203,1.95602,0,13.2032,32,100,1024,132,0,0,52
mtran,3243,33554432,32,1,1,1,1,32,1,32,2,0,43.9217,8388620,8483600,25.2353,8388700,33552400,0.798511,2097150,4.60056,4194300,2097150,0,0,47.5539,99.7868,0,0,0,1946160000,503316000,268435000,167772000,0,106955000,0,7.75383,0,0,2.51476,0,10.6879,32,100,1024,264,0,0,52
mtran,2719,33554432,32,1,1,1,1,32,1,32,2,1,53.1308,8388620,8414670,30.7904,8388700,33552800,1.02012,2097150,5.61219,4194300,2097150,0,0,46.8741,99.9461,0,0,0,2315260000,503316000,268435000,234881000,67108900,125829000,0,10.9752,0,3.06284,3.06284,0,15.3144,32,100,1024,264,0,0,52
mtran,2776,16777216,32,1,1,1,1,32,1,32,4,0,49.0192,8388620,8406840,16.979,8388700,16775300,0.891033,2097150,5.39103,8388610,2097150,0,0,48.6303,99.914,0,0,0,1107300000,352322000,268435000,83886100,0,61341700,0,3.40162,0,0,2.11135,0,6.86213,32,100,1024,528,0,0,52
mtran,2323,16777216,32,1,1,1,1,32,1,32,4,1,56.5587,8388810,8391360,19.6951,8388700,16775800,1.05446,2097150,6.24996,8388610,2097150,0,0,48.3666,100.121,0,0,0,1258300000,352322000,268435000,150995000,33554400,70778900,0,4.34255,0,1.62846,2.44269,0,9.16037,32,100,1024,528,0,0,52
mtran,2527,8388608,32,1,1,1,1,32,1,32,8,0,53.9684,8388810,8385380,12.4564,8388700,8388630,0.971101,2097150,5.53888,8388610,2097150,0,0,49.2056,99.844,0,0,0,713032000,167772000,268435000,50331600,0,40370200,0,2.32222,0,0,2.19321,0,4.96726,32,100,1024,1056,0,0,52
mtran,2505,8388608,32,1,1,1,1,32,1,32,8,1,53.8883,8389070,8386980,12.6327,8388700,8388630,0.962223,2097150,5.61963,8388610,2097150,0,0,49.2253,99.7083,0,0,0,822092000,167772000,268435000,50331600,16777200,45088800,0,2.81804,0,0.786429,2.22821,0,5.63636,32,100,1024,1056,0,0,52
mtran,2243,4194304,32,1,1,1,1,32,1,32,16,0,59.1997,8388680,8388050,13.6792,8388700,8388630,1.07087,2097150,3.7664,4445400,2137010,0,0,49.4967,99.8228,0,0,0,503316000,83886100,268435000,20971500,0,29098000,0,1.87875,0,0,2.33958,0,3.93505,32,100,1024,2112,0,0,52
mtran,2339,4194304,32,1,1,1,1,32,1,32,16,1,56.1646,8388620,8388360,13.0148,8390260,8388630,1.0355,2097150,3.59621,4478250,2133920,0,0,49.509,99.7348,0,0,0,553656000,83886100,268435000,25165800,8388610,31457300,0,1.99021,0,0.404788,2.22634,0,4.04818,32,100,1024,2112,0,0,52
mtran,1892,2097152,32,1,1,1,1,32,1,32,32,0,66.2629,8388620,8388430,15.4574,8388700,8388630,1.28694,2097150,2.79763,2241430,2147900,0,0,46.4852,100.513,0,0,0,398459000,46137300,268435000,10485800,0,23396400,0,1.73025,0,0,2.58543,0,3.55034,32,100,1024,4224,0,0,52
mtran,2020,2097152,32,1,1,1,1,32,1,32,32,1,62.2426,8388820,8387880,14.3404,8388970,8388630,1.19024,2097150,2.59952,2248470,2143960,0,0,46.4854,99.7029,0,0,0,421536000,46137300,268435000,14680100,4194300,24576000,0,1.7314,0,0.223407,2.42024,0,3.49105,32,100,1024,4224,0,0,52
mtran,3014,67108864,64,1,1,1,1,32,2,32,2,0,45.1913,8388810,8459430,26.119,8389580,33552700,0.824748,2097150,4.75746,4194300,2097150,0,0,89.7941,99.99,0,0,0,2818570000,939524000,268435000,335544000,0,148898000,0,8.21826,0,0,2.59524,0,15.3554,32,100,1024,264,0,0,52
mtran,2389,67108864,64,1,1,1,1,32,2,32,2,1,58.657,8388620,8397390,33.9241,8388700,33552400,1.11209,2097150,6.18454,4194300,2097150,0,0,88.8639,99.7091,0,0,0,3623890000,939524000,268435000,402653000,134218000,186647000,0,14.0968,0,6.76646,3.38323,0,25.0925,32,100,1024,264,0,0,52
mtran,2881,33554432,64,1,1,1,1,32,2,32,4,0,46.8627,8388690,8393450,16.2902,8388700,16776800,0.855328,2097150,6.52212,8388610,2097150,0,0,95.3367,99.9646,0,0,0,1979710000,503316000,268435000,201327000,0,109052000,0,8.09929,0,0,2.69976,0,11.6993,32,100,1024,528,0,0,52
mtran,2353,33554432,64,1,1,1,1,32,2,32,4,1,55.5045,8388620,8386990,19.3076,8388700,16776300,1.03442,2097150,7.72653,8388610,2097150,0,0,95.1626,100.221,0,0,0,2382380000,503316000,268435000,234881000,67108900,127926000,0,11.4313,0,3.19013,3.19013,0,16.2169,32,100,1024,528,0,0,52
mtran,2577,16777216,64,1,1,1,1,32,2,32,8,0,52.7166,8388620,8383800,12.202,8388700,8388630,0.948342,2097150,5.68239,8388610,2097150,0,0,95.9883,99.9753,0,0,0,1090520000,352322000,268435000,117441000,0,61866000,0,3.28397,0,0,2.27352,0,7.45278,32,100,1024,1056,0,0,52
mtran,2509,16777216,64,1,1,1,1,32,2,32,8,1,54.7293,8388720,8387430,12.6543,8389580,8388630,0.97935,2097150,5.89023,8388610,2097150,0,0,97.0962,99.5235,0,0,0,1275080000,352322000,268435000,150995000,33554400,71303200,0,4.20866,0,1.57825,2.36737,0,8.944,32,100,1024,1056,0,0,52
mtran,2263,8388608,64,1,1,1,1,32,2,32,16,0,59.2464,8388620,8387850,13.6636,8388700,8388630,1.07406,2097150,3.95495,4541020,2135050,0,0,94.785,99.3904,0,0,0,729809000,167772000,268435000,41943000,0,40632300,0,2.6322,0,0,2.41878,0,5.51401,32,100,1024,2112,0,0,52
mtran,2324,8388608,64,1,1,1,1,32,2,32,16,1,56.5043,8388620,8387720,13.0497,8388720,8388630,1.03315,2097150,3.79684,4583900,2133900,0,0,95.0066,99.8795,0,0,0,830489000,167772000,268435000,50331600,16777200,45350900,0,2.90583,0,0.810929,2.29763,0,5.84603,32,100,1024,2112,0,0,52
mtran,1906,4194304,64,1,1,1,1,32,2,32,32,0,65.178,8388720,8388280,15.124,8389100,8388630,1.27001,2097150,2.81553,2246360,2143410,0,0,91.7568,100.128,0,0,0,499122000,83886100,268435000,29360100,0,29229100,0,2.0704,0,0,2.57824,0,4.35635,32,100,1024,4224,0,0,52
mtran,2022,4194304,64,1,1,1,1,32,2,32,32,1,62.1728,8388620,8388690,14.4059,8388700,8388630,1.19781,2097150,2.68712,2265280,2135350,0,0,91.7906,99.7938,0,0,0,557859000,83886100,268435000,25165800,8388610,31588400,0,2.20196,0,0.447855,2.46321,0,4.49786,32,100,1024,4224,0,0,52
mtran,1678,2097152,64,1,1,1,1,32,2,32,64,0,79.3868,8388730,8387930,18.4662,8388970,8388630,1.4389,2097150,3.35195,2281000,2154270,0,0,43.1196,100.253,0,0,0,400556000,46137300,268435000,10485800,0,23461900,0,2.0725,0,0,3.09684,0,4.26456,32,100,1024,8448,0,0,52
mtran,1844,2097152,64,1,1,1,1,32,2,32,64,1,71.9863,8389220,8389180,20.4626,8388720,8389020,1.58842,2097150,3.68486,2267700,2155140,0,0,43.0972,99.4862,0,0,0,423641000,46137300,268435000,14680100,4194300,24641500,0,2.43443,0,0.317535,3.43996,0,4.97519,32,100,1024,8448,0,0,52
mtran,2949,67108864,128,1,1,1,1,32,4,32,4,0,43.8604,8391300,8388560,19.6367,8388970,16777200,1.03612,2097150,7.8239,8388610,2097150,0,0,91.6984,99.6487,0,0,0,2885680000,939524000,268435000,335544000,0,150995000,0,10.2881,0,0,3.24889,0,19.4936,32,100,1024,528,0,0,52
mtran,2374,67108864,128,1,1,1,1,32,4,32,4,1,54.6162,8388620,8390050,19.0161,8389730,16777100,1.01904,2097150,7.61017,8388610,2097150,0,0,92.6657,99.848,0,0,0,3691020000,939524000,268435000,402653000,134218000,188744000,0,13.141,0,6.30766,3.15383,0,23.654,32,100,1024,528,0,0,52
mtran,2814,33554432,128,1,1,1,1,32,4,32,8,0,46.9217,8388620,8378500,10.8759,8388700,8388760,0.875252,2097150,6.4165,8388610,2097150,0,0,96.9484,100.23,0,0,0,1979710000,503316000,268435000,201327000,0,109052000,0,8.08644,0,0,2.69548,0,11.6808,32,100,1024,1056,0,0,52
mtran,2408,33554432,128,1,1,1,1,32,4,32,8,1,55.6336,8388620,8388410,12.8619,8388700,8388630,1.00887,2097150,7.58229,8388610,2097150,0,0,96.5079,99.7431,0,0,0,2382400000,503316000,268435000,234881000,67108900,127926000,0,11.4694,0,3.20077,3.20077,0,16.271,32,100,1024,1056,0,0,52
mtran,2124,16777216,128,1,1,1,1,32,4,32,16,0,62.8475,8388620,8387010,14.5397,8388700,8388680,1.1378,2097150,4.28527,4194300,2097150,0,0,97.6844,99.3505,0,0,0,1090520000,352322000,268435000,117441000,0,61866000,0,3.93493,0,0,2.72418,0,8.93024,32,100,1024,2112,0,0,52
mtran,2331,16777216,128,1,1,1,1,32,4,32,16,1,57.0948,8388930,8387200,13.2478,8389170,8388630,1.0354,2097150,3.90541,4194300,2097150,0,0,98.1215,99.944,0,0,0,1275100000,352322000,268435000,150995000,33554400,71303200,0,4.38748,0,1.6453,2.46796,0,9.32409,32,100,1024,2112,0,0,52
mtran,1854,8388608,128,1,1,1,1,32,4,32,32,0,67.1691,8389250,8388370,15.5456,8389040,8388630,1.29993,2097150,3.05713,2240100,2154170,0,0,97.7655,100.081,0,0,0,729809000,167772000,268435000,41943000,0,40632300,0,2.97227,0,0,2.73128,0,6.22653,32,100,1024,4224,0,0,52
mtran,2041,8388608,128,1,1,1,1,32,4,32,32,1,61.3302,8389550,8388810,14.224,8388700,8388630,1.18048,2097150,2.78545,2240540,2133650,0,0,97.8942,99.668,0,0,0,830505000,167772000,268435000,50331600,16777200,45350900,0,3.1731,0,0.885517,2.50897,0,6.38386,32,100,1024,4224,0,0,52
mtran,1707,4194304,128,1,1,1,1,32,4,32,64,0,77.9186,8388800,8387960,18.0851,8388700,8388690,1.40801,2097150,3.35409,2259530,2143990,0,0,86.0638,99.6048,0,0,0,499122000,83886100,268435000,29360100,0,29229100,0,2.48942,0,0,3.10003,0,5.23805,32,100,1024,8448,0,0,52
mtran,1842,4194304,128,1,1,1,1,32,4,32,64,1,73.3098,8388620,8388610,16.8412,8388900,8388630,1.30811,2097150,3.09825,2220340,2141420,0,0,86.0309,99.5489,0,0,0,557875000,83886100,268435000,25165800,8388610,31588400,0,2.58426,0,0.525611,2.89086,0,5.27882,32,100,1024,8448,0,0,52
mtran,3139,67108864,256,1,1,1,1,32,8,32,8,0,41.3364,8388620,8374830,9.63139,8388700,8388680,0.784276,2097150,5.68271,8388610,2097150,0,0,94.3686,100.193,0,0,0,2885680000,939524000,268435000,335544000,0,150995000,0,7.56236,0,0,2.38811,0,14.329,32,100,1024,1056,0,0,52
mtran,2390,67108864,256,1,1,1,1,32,8,32,8,1,55.6332,8388620,8387000,12.922,8388830,8388630,1.00972,2097150,7.61983,8388610,2097150,0,0,92.8179,99.7792,0,0,0,3691050000,939524000,268435000,402653000,134218000,188744000,0,13.3977,0,6.43089,3.21545,0,24.1162,32,100,1024,1056,0,0,52
mtran,2301,33554432,256,1,1,1,1,32,8,32,16,0,57.5158,8389000,8387870,13.3344,8388700,8388630,1.04626,2097150,5.58952,4194300,2097150,0,0,96.3296,100.073,0,0,0,1979710000,503316000,268435000,201327000,0,109052000,0,9.92968,0,0,3.30989,0,14.3434,32,100,1024,2112,0,0,52
mtran,2259,33554432,256,1,1,1,1,32,8,32,16,1,57.3681,8388970,8386250,13.2377,8388700,8388630,1.05818,2097150,5.54903,4194300,2097150,0,0,96.3127,99.7905,0,0,0,2382430000,503316000,268435000,234881000,67108900,127926000,0,11.8079,0,3.29522,3.29522,0,16.7512,32,100,1024,2112,0,0,52
mtran,1754,16777216,256,1,1,1,1,32,8,32,32,0,71.1099,8388620,8387400,16.3996,8389010,8388630,1.37972,2097150,3.43721,2097150,2097150,0,0,97.2757,99.7583,0,0,0,1090520000,352322000,268435000,117441000,0,61866000,0,4.4239,0,0,3.0627,0,10.04,32,100,1024,4224,0,0,52
mtran,2046,16777216,256,1,1,1,1,32,8,32,32,1,61.0846,8388620,8389020,14.2126,8389060,8388630,1.18111,2097150,2.97685,2097150,2097150,0,0,97.6987,99.9813,0,0,0,1275130000,352322000,268435000,150995000,33554400,71303200,0,4.70504,0,1.76439,2.64658,0,9.99901,32,100,1024,4224,0,0,52
mtran,1682,8388608,256,1,1,1,1,32,8,32,64,0,79.1808,8388680,8386000,18.4799,8388700,8388680,1.44296,2097150,3.56754,2180940,2152610,0,0,95.8453,100.381,0,0,0,729809000,167772000,268435000,41943000,0,40632300,0,3.52424,0,0,3.23849,0,7.38293,32,100,1024,8448,0,0,52
mtran,1854,8388608,256,1,1,1,1,32,8,32,64,1,72.0386,8388620,8388330,16.718,8388720,8388630,1.30734,2097150,3.21171,2168620,2139900,0,0,96.0474,100.064,0,0,0,830537000,167772000,268435000,50331600,16777200,45350900,0,3.71794,0,1.03756,2.93976,0,7.48008,32,100,1024,8448,0,0,52
mtran,2308,67108864,512,1,1,1,1,32,16,32,16,0,56.225,8388620,8382360,13.0555,8389600,8388630,1.06645,2097150,5.47157,4194300,2097150,0,0,92.5945,99.0047,0,0,0,2885680000,939524000,268435000,335544000,0,150995000,0,10.3709,0,0,3.27501,0,19.6504,32,100,1024,2112,0,0,52
mtran,2257,67108864,512,1,1,1,1,32,16,32,16,1,57.0186,8388620,8384810,13.2231,8389160,8388630,1.07578,2097150,5.53941,4194300,2097150,0,0,92.5647,99.0179,0,0,0,3691120000,939524000,268435000,402653000,134218000,188744000,0,13.8132,0,6.63034,3.31517,0,24.8642,32,100,1024,2112,0,0,52
mtran,1788,33554432,512,1,1,1,1,32,16,32,32,0,71.5768,8388630,8388340,16.5401,8388700,8388680,1.36196,2097150,5.52201,2097150,2097150,0,0,94.7874,99.6264,0,0,0,1979710000,503316000,268435000,201327000,0,109052000,0,12.3745,0,0,4.12482,0,17.8749,32,100,1024,4224,0,0,52
mtran,2036,33554432,512,1,1,1,1,32,16,32,32,1,61.5328,8388630,8388460,14.2504,8388700,8388630,1.17218,2097150,4.75423,2097150,2097150,0,0,95.5701,100.085,0,0,0,2382500000,503316000,268435000,234881000,67108900,127926000,0,12.6672,0,3.53502,3.53502,0,17.9703,32,100,1024,4224,0,0,52
mtran,1577,16777216,512,1,1,1,1,32,16,32,64,0,84.2288,8388620,8385990,19.5262,8389600,8388630,1.52309,2097150,4.06807,2097150,2097150,0,0,96.4976,99.9797,0,0,0,1090520000,352322000,268435000,117441000,0,61866000,0,5.25671,0,0,3.63926,0,11.9301,32,100,1024,8448,0,0,52
mtran,1829,16777216,512,1,1,1,1,32,16,32,64,1,73.4859,8388650,8388230,17.0599,8388700,8388630,1.32792,2097150,3.55261,2097150,2097150,0,0,97.0997,99.8176,0,0,0,1275200000,352322000,268435000,150995000,33554400,71303200,0,5.65919,0,2.1222,3.1833,0,12.0267,32,100,1024,8448,0,0,52
mtran,1801,67108864,1024,1,1,1,1,32,32,32,32,0,73.1522,8388730,8388000,16.9498,8388700,8388630,1.51747,2097150,5.65623,2097150,2097150,0,0,96.1224,90.0812,0,0,0,2885680000,939524000,268435000,335544000,0,150995000,0,14.7971,0,0,4.67277,0,28.0372,32,100,1024,4224,0,0,52
mtran,2260,67108864,1024,1,1,1,1,32,32,32,32,1,60.356,8388860,8388590,13.9969,8388700,8388630,1.24825,2097150,4.66606,2097150,2097150,0,0,96.8427,91.7829,0,0,0,3691250000,939524000,268435000,402653000,134218000,188744000,0,15.7637,0,7.56658,3.78329,0,28.3751,32,100,1024,4224,0,0,52
mtran,1521,33554432,1024,1,1,1,1,32,32,32,64,0,87.1511,8388620,8389010,20.1824,8388700,8388630,1.76092,2097150,6.70829,2097150,2097150,0,0,97.4865,93.913,0,0,0,1979710000,503316000,268435000,201327000,0,109052000,0,16.0094,0,0,5.33648,0,23.1256,32,100,1024,8448,0,0,52
mtran,1959,33554432,1024,1,1,1,1,32,32,32,64,1,68.1945,8388630,8388470,15.7939,8388700,8388680,1.36136,2097150,5.24405,2097150,2097150,0,0,97.9423,95.0368,0,0,0,2382630000,503316000,268435000,234881000,67108900,127926000,0,14.7717,0,4.12233,4.12233,0,20.9559,32,100,1024,8448,0,0,52
mtran,4491,67108864,64,1,1,1,1,64,1,64,1,0,36.8409,8389720,9828310,35.4872,8388700,67109000,0.633787,2097150,2.94033,2097150,2097150,0,0,88.68,100.208,0,0,0,2147480000,939524000,268435000,536871000,0,132121000,0,5.2164,0,0,1.95615,0,10.2699,32,100,1024,260,0,0,52
mtran,3954,67108864,64,1,1,1,1,64,1,64,1,1,41.438,8389830,9252020,41.1805,8388700,67108900,0.75626,2097150,3.40962,2097150,2097150,0,0,88.6885,99.991,0,0,0,3154120000,939524000,268435000,402653000,134218000,169869000,0,9.47203,0,4.54658,2.27329,0,15.3449,32,100,1024,260,0,0,52
mtran,2986,33554432,64,1,1,1,1,64,1,64,2,0,45.8444,8389290,8520640,26.4187,8389130,33543700,0.833173,2097150,4.59493,4194300,2097150,0,0,93.0598,100.017,0,0,0,1946160000,503316000,268435000,167772000,0,106955000,0,8.09444,0,0,2.62522,0,11.1575,32,100,1024,520,0,0,52
mtran,2346,33554432,64,1,1,1,1,64,1,64,2,1,63.0834,8388620,8407360,36.5805,8388700,33543600,1.20031,2097150,6.36684,4194300,2097150,0,0,91.941,99.8902,0,0,0,2315260000,503316000,268435000,234881000,67108900,125829000,0,13.0512,0,3.64219,3.64219,0,18.2114,32,100,1024,520,0,0,52
mtran,2718,16777216,64,1,1,1,1,64,1,64,4,0,50.1107,8388990,8498890,17.3753,8388700,16774700,0.912628,2097150,5.39374,8388610,2097150,0,0,93.5052,99.6977,0,0,0,1107300000,352322000,268435000,83886100,0,61341700,0,3.48651,0,0,2.16404,0,7.03363,32,100,1024,1040,0,0,52
mtran,2085,16777216,64,1,1,1,1,64,1,64,4,1,63.7233,8388650,8412120,22.1523,8388700,16774100,1.18234,2097150,6.88025,8388610,2097150,0,0,93.2273,99.986,0,0,0,1258300000,352322000,268435000,150995000,33554400,70778900,0,4.8933,0,1.83499,2.75248,0,10.3225,32,100,1024,1040,0,0,52
mtran,2601,8388608,64,1,1,1,1,64,1,64,8,0,51.2213,8388620,8386940,11.8832,8388700,8388630,0.926426,2097150,5.36628,8659850,2127100,0,0,95.0268,100.201,0,0,0,713032000,167772000,268435000,50331600,0,40370200,0,2.20852,0,0,2.08583,0,4.7243,32,100,1024,2080,0,0,52
mtran,2532,8388608,64,1,1,1,1,64,1,64,8,1,53.1769,8388800,8387540,12.2495,8388700,8388670,0.952805,2097150,5.57157,8747640,2127850,0,0,95.0928,100.026,0,0,0,822092000,167772000,268435000,50331600,16777200,45088800,0,2.72259,0,0.759791,2.15274,0,5.44573,32,100,1024,2080,0,0,52
mtran,2294,4194304,64,1,1,1,1,64,1,64,16,0,57.9264,8389740,8386490,13.3609,8389020,8388630,1.05798,2097150,3.71921,4591300,2135300,0,0,92.0395,99.317,0,0,0,503316000,83886100,268435000,20971500,0,29098000,0,1.84387,0,0,2.29614,0,3.86228,32,100,1024,4160,0,0,52
mtran,2436,4194304,64,1,1,1,1,64,1,64,16,1,54.5202,8388690,8387970,12.681,8388700,8388680,1.00637,2097150,3.53232,4597140,2135030,0,0,92.0234,100.064,0,0,0,553656000,83886100,268435000,25165800,8388610,31457300,0,1.93338,0,0.393231,2.16277,0,3.93288,32,100,1024,4160,0,0,52
mtran,1841,2097152,64,1,1,1,1,64,1,64,32,0,68.25,8388620,8388690,15.8348,8388700,8388630,1.32727,2097150,2.85797,2262500,2148180,0,0,42.9611,100.134,0,0,0,402653000,46137300,268435000,10485800,0,23593000,0,1.81958,0,0,2.65781,0,3.68042,32,100,1024,8320,0,0,52
mtran,1894,2097152,64,1,1,1,1,64,1,64,32,1,64.935,8388620,8386020,19.2269,8388700,8388630,1.61157,2097150,3.48938,2268740,2157830,0,0,42.911,99.5561,0,0,0,427827000,46137300,268435000,12582900,4194300,24772600,0,2.37685,0,0.300234,3.25253,0,4.72915,32,100,1024,8320,0,0,52
mtran,1534,1048576,64,1,1,1,1,64,1,64,64,0,86.4041,8388630,8388750,25.516,8388700,8388680,1.96897,2097150,4.75369,2511040,2172920,0,0,18.4879,98.9447,0,0,0,350224000,27263000,268435000,5242880,0,20742100,0,2.59307,0,0,4.26122,0,5.22771,32,100,1024,16640,0,0,52
mtran,1557,1048576,64,1,1,1,1,64,1,64,64,1,85.7343,8388980,8387630,25.288,8388700,8388630,1.94906,2097150,4.73007,2525180,2178080,0,0,18.484,98.7767,0,0,0,361767000,27263000,268435000,7340030,2097150,21332000,0,2.67253,0,0.196751,4.23014,0,5.33714,32,100,1024,16640,0,0,52
mtran,2980,67108864,128,1,1,1,1,64,2,64,2,0,43.942,8388620,8563180,32.0605,8388830,33553700,1.01114,2097150,5.54308,4194300,2097150,0,0,88.9784,99.7428,0,0,0,2818570000,939524000,268435000,335544000,0,148898000,0,10.0562,0,0,3.17564,0,18.7895,32,100,1024,520,0,0,52
mtran,2373,67108864,128,1,1,1,1,64,2,64,2,1,63.4118,8388820,8395880,36.8228,8388700,33554000,1.20998,2097150,6.40609,4194300,2097150,0,0,88.0917,100.075,0,0,0,3623890000,939524000,268435000,402653000,134218000,186647000,0,15.2411,0,7.31573,3.65787,0,27.1295,32,100,1024,520,0,0,52
mtran,2818,33554432,128,1,1,1,1,64,2,64,4,0,47.7842,8388620,8391550,16.5921,8389710,16776900,0.873888,2097150,6.52812,8388610,2097150,0,0,95.392,100.042,0,0,0,1979710000,503316000,268435000,201327000,0,109052000,0,8.24258,0,0,2.74753,0,11.9063,32,100,1024,1040,0,0,52
mtran,2062,33554432,128,1,1,1,1,64,2,64,4,1,63.8479,8388620,8387950,22.2667,8388700,16776600,1.18801,2097150,8.75886,8388610,2097150,0,0,94.6368,99.9864,0,0,0,2382380000,503316000,268435000,234881000,67108900,127926000,0,13.2169,0,3.68844,3.68844,0,18.7501,32,100,1024,1040,0,0,52
mtran,2518,16777216,128,1,1,1,1,64,2,64,8,0,54.2239,8388730,8384350,12.4403,8388700,8388630,0.968991,2097150,5.72775,8388610,2097150,0,0,96.9893,99.8553,0,0,0,1090520000,352322000,268435000,117441000,0,61866000,0,3.3514,0,0,2.3202,0,7.60594,32,100,1024,2080,0,0,52
mtran,2352,16777216,128,1,1,1,1,64,2,64,8,1,57.9388,8388750,8387210,13.3001,8389130,8388680,1.05409,2097150,6.12076,8388610,2097150,0,0,97.7061,99.3197,0,0,0,1275080000,352322000,268435000,150995000,33554400,71303200,0,4.43159,0,1.66185,2.49277,0,9.41784,32,100,1024,2080,0,0,52
mtran,2211,8388608,128,1,1,1,1,64,2,64,16,0,60.5647,8388800,8388060,14.044,8388700,8388680,1.10409,2097150,4.01377,4520260,2134290,0,0,97.7108,99.2058,0,0,0,729809000,167772000,268435000,41943000,0,40632300,0,2.70848,0,0,2.48888,0,5.67392,32,100,1024,4160,0,0,52
mtran,2238,8388608,128,1,1,1,1,64,2,64,16,1,59.51,8388620,8387990,13.7507,8388700,8388630,1.09644,2097150,4.0223,4682700,2138960,0,0,97.7238,99.6185,0,0,0,830488000,167772000,268435000,50331600,16777200,45350900,0,3.07049,0,0.856882,2.42783,0,6.17743,32,100,1024,4160,0,0,52
mtran,1869,4194304,128,1,1,1,1,64,2,64,32,0,66.7582,8388620,8390440,15.4595,8388720,8388630,1.30091,2097150,2.85815,2249400,2140410,0,0,86.0842,99.8602,0,0,0,499122000,83886100,268435000,29360100,0,29229100,0,2.12209,0,0,2.6426,0,4.46513,32,100,1024,8320,0,0,52
mtran,1928,4194304,128,1,1,1,1,64,2,64,32,1,64.9145,8388620,8388040,15.0447,8389940,8388630,1.25262,2097150,2.75606,2211160,2137130,0,0,86.1174,99.9654,0,0,0,557859000,83886100,268435000,25165800,8388610,31588400,0,2.2959,0,0.466963,2.5683,0,4.6898,32,100,1024,8320,0,0,52
mtran,1523,2097152,128,1,1,1,1,64,2,64,64,0,85.1921,8388920,8386920,19.7852,8390280,8388630,1.56649,2097150,3.67851,2410330,2153650,0,0,36.9938,99.8732,0,0,0,396362000,46137300,268435000,18874400,0,23658500,0,2.25425,0,0,3.33014,0,4.62421,32,100,1024,16640,0,0,52
mtran,1569,2097152,128,1,1,1,1,64,2,64,64,1,83.9743,8388620,8388410,19.4806,8388700,8388630,1.52034,2097150,3.63655,2431070,2151470,0,0,36.9913,100.186,0,0,0,429932000,46137300,268435000,12582900,4194300,24838100,0,2.38889,0,0.301755,3.26901,0,4.76564,32,100,1024,16640,0,0,52
mtran,2912,67108864,256,1,1,1,1,64,4,64,4,0,46.2552,8389290,8387520,16.0909,8389060,16777200,0.844463,2097150,6.32924,8388610,2097150,0,0,91.3754,100.185,0,0,0,2885680000,939524000,268435000,335544000,0,150995000,0,8.42337,0,0,2.66001,0,15.9604,32,100,1024,1040,0,0,52
mtran,2027,67108864,256,1,1,1,1,64,4,64,4,1,64.4383,8388620,8387210,22.3943,8388700,16777100,1.19643,2097150,8.81087,8388610,2097150,0,0,89.4534,99.6436,0,0,0,3691020000,939524000,268435000,402653000,134218000,188744000,0,15.513,0,7.44622,3.72311,0,27.9238,32,100,1024,1040,0,0,52
mtran,2752,33554432,256,1,1,1,1,64,4,64,8,0,48.3293,8388620,8378220,11.1506,8388700,8388630,0.89895,2097150,6.51986,8388610,2097150,0,0,96.5759,100.324,0,0,0,1979710000,503316000,268435000,201327000,0,109052000,0,8.28166,0,0,2.76055,0,11.9628,32,100,1024,2080,0,0,52
mtran,2211,33554432,256,1,1,1,1,64,4,64,8,1,60.2027,8388620,8379530,13.9844,8388700,8388630,1.09409,2097150,8.1766,8388610,2097150,0,0,95.8365,100.074,0,0,0,2382400000,503316000,268435000,234881000,67108900,127926000,0,12.4365,0,3.47066,3.47066,0,17.6431,32,100,1024,2080,0,0,52
mtran,2086,16777216,256,1,1,1,1,64,4,64,16,0,64.0242,8388860,8388300,14.8512,8388700,8388780,1.15502,2097150,4.33829,4194300,2097150,0,0,97.2174,99.7724,0,0,0,1090520000,352322000,268435000,117441000,0,61866000,0,4.00187,0,0,2.77052,0,9.08225,32,100,1024,4160,0,0,52
mtran,2149,16777216,256,1,1,1,1,64,4,64,16,1,61.9105,8389130,8387920,14.5907,8388950,8388630,1.15207,2097150,4.2638,4194300,2097150,0,0,97.4198,100.034,0,0,0,1275100000,352322000,268435000,150995000,33554400,71303200,0,4.82814,0,1.81055,2.71583,0,10.2606,32,100,1024,4160,0,0,52
mtran,1819,8388608,256,1,1,1,1,64,4,64,32,0,68.9305,8388620,8387640,15.9382,8388700,8388630,1.33719,2097150,3.08149,2190260,2149740,0,0,95.8518,100.173,0,0,0,729809000,167772000,268435000,41943000,0,40632300,0,3.04639,0,0,2.79938,0,6.38187,32,100,1024,8320,0,0,52
mtran,1885,8388608,256,1,1,1,1,64,4,64,32,1,66.2255,8388620,8389130,15.3355,8388700,8388630,1.28354,2097150,2.94589,2164060,2145030,0,0,95.7404,99.8903,0,0,0,830505000,167772000,268435000,50331600,16777200,45350900,0,3.41575,0,0.953233,2.70083,0,6.87211,32,100,1024,8320,0,0,52
mtran,1636,4194304,256,1,1,1,1,64,4,64,64,0,81.0268,8388620,8385100,18.7948,8388700,8388680,1.47768,2097150,3.42602,2201570,2138960,0,0,72.5909,100.204,0,0,0,499122000,83886100,268435000,29360100,0,29229100,0,2.57104,0,0,3.20167,0,5.4097,32,100,1024,16640,0,0,52
mtran,1686,4194304,256,1,1,1,1,64,4,64,64,1,79.2312,8388620,8387000,18.2773,8388700,8388630,1.42037,2097150,3.3247,2195090,2136230,0,0,72.3579,99.6913,0,0,0,557875000,83886100,268435000,25165800,8388610,31588400,0,2.79731,0,0.568944,3.12919,0,5.71395,32,100,1024,16640,0,0,52
mtran,3083,67108864,512,1,1,1,1,64,8,64,8,0,42.3721,8388880,8377310,9.8505,8389270,8388630,0.806188,2097150,5.75817,8388610,2097150,0,0,94.0174,98.5113,0,0,0,2885680000,939524000,268435000,335544000,0,150995000,0,7.86255,0,0,2.48291,0,14.8978,32,100,1024,2080,0,0,52
mtran,2187,67108864,512,1,1,1,1,64,8,64,8,1,60.0236,8388620,8382800,13.8791,8388700,8388630,1.11807,2097150,8.11479,8388610,2097150,0,0,91.9907,98.2789,0,0,0,3691050000,939524000,268435000,402653000,134218000,188744000,0,14.614,0,7.01471,3.50735,0,26.3056,32,100,1024,2080,0,0,52
mtran,2267,33554432,512,1,1,1,1,64,8,64,16,0,58.4338,8389670,8387200,13.5625,8388700,8388630,1.06373,2097150,5.6499,4194300,2097150,0,0,95.9162,99.828,0,0,0,1979710000,503316000,268435000,201327000,0,109052000,0,10.1241,0,0,3.37469,0,14.6242,32,100,1024,4160,0,0,52
mtran,2119,33554432,512,1,1,1,1,64,8,64,16,1,62.1368,8388620,8382470,14.4141,8388700,8388630,1.16412,2097150,6.00272,4194300,2097150,0,0,95.5748,99.7542,0,0,0,2382430000,503316000,268435000,234881000,67108900,127926000,0,12.8573,0,3.58808,3.58808,0,18.24,32,100,1024,4160,0,0,52
mtran,1732,16777216,512,1,1,1,1,64,8,64,32,0,72.1004,8388720,8387660,16.6862,8388700,8388760,1.40394,2097150,3.47427,2097150,2097150,0,0,95.7816,99.6377,0,0,0,1090520000,352322000,268435000,117441000,0,61866000,0,4.50482,0,0,3.11872,0,10.2237,32,100,1024,8320,0,0,52
mtran,1842,16777216,512,1,1,1,1,64,8,64,32,1,67.9759,8388630,8388300,15.6421,8388700,8388630,1.3165,2097150,3.25639,2097150,2097150,0,0,96.9237,99.4038,0,0,0,1275130000,352322000,268435000,150995000,33554400,71303200,0,5.20891,0,1.95334,2.93001,0,11.0698,32,100,1024,8320,0,0,52
mtran,1618,8388608,512,1,1,1,1,64,8,64,64,0,81.6482,8388620,8388330,18.8292,8388720,8388630,1.48971,2097150,3.6841,2265650,2150590,0,0,92.6,99.7112,0,0,0,729809000,167772000,268435000,41943000,0,40632300,0,3.61483,0,0,3.32173,0,7.57269,32,100,1024,16640,0,0,52
mtran,1647,8388608,512,1,1,1,1,64,8,64,64,1,80.3215,8388620,8387760,18.8115,8388700,8388630,1.45096,2097150,3.6999,2281670,2161050,0,0,91.7715,100.841,0,0,0,830537000,167772000,268435000,50331600,16777200,45350900,0,4.14961,0,1.15803,3.28109,0,8.34856,32,100,1024,16640,0,0,52
mtran,2285,67108864,1024,1,1,1,1,64,16,64,16,0,56.2197,8388940,8384070,13.0369,8388700,8388630,1.14379,2097150,5.43076,4194300,2097150,0,0,96.823,92.2237,0,0,0,2885680000,939524000,268435000,335544000,0,150995000,0,11.119,0,0,3.51126,0,21.068,32,100,1024,4160,0,0,52
mtran,2051,67108864,1024,1,1,1,1,64,16,64,16,1,64.8695,8388820,8388320,15.0344,8388700,8388630,1.32888,2097150,6.25934,4194300,2097150,0,0,96.383,90.9503,0,0,0,3691120000,939524000,268435000,402653000,134218000,188744000,0,17.0985,0,8.2073,4.10365,0,30.7779,32,100,1024,4160,0,0,52
mtran,1777,33554432,1024,1,1,1,1,64,16,64,32,0,72.12,8388620,8389010,16.6631,8388700,8388630,1.43609,2097150,5.54055,2097150,2097150,0,0,97.9537,94.873,0,0,0,1979710000,503316000,268435000,201327000,0,109052000,0,13.0888,0,0,4.36293,0,18.9068,32,100,1024,8320,0,0,52
mtran,1839,33554432,1024,1,1,1,1,64,16,64,32,1,68.5588,8388620,8388450,15.839,8388700,8388630,1.37617,2097150,5.26511,2097150,2097150,0,0,97.9209,94.632,0,0,0,2382490000,503316000,268435000,234881000,67108900,127926000,0,14.8945,0,4.1566,4.1566,0,21.1301,32,100,1024,8320,0,0,52
mtran,1555,16777216,1024,1,1,1,1,64,16,64,64,0,84.8399,8388620,8388880,19.687,8388700,8388630,1.59054,2097150,4.08721,2097150,2097150,0,0,97.0401,96.3776,0,0,0,1090520000,352322000,268435000,117441000,0,61866000,0,5.4959,0,0,3.80485,0,12.473,32,100,1024,16640,0,0,52
mtran,1569,16777216,1024,1,1,1,1,64,16,64,64,1,83.9756,8388620,8387580,19.4655,8388900,8388630,1.54454,2097150,4.04039,2097150,2097150,0,0,97.4354,96.7284,0,0,0,1275200000,352322000,268435000,150995000,33554400,71303200,0,6.66244,0,2.49842,3.74763,0,14.1587,32,100,1024,16640,0,0,52
mtran,1764,33554432,32,2,0,0,0,1,32,1,32,0,72.2293,8388620,8387430,38.6704,30423700,8388630,0.689161,1048580,1.38459,0,0,0,0,45.2576,99.831,0,0,0,335544000,33554400,100663000,234881000,0,26214400,0,2.0804,0,0,1.73367,0,4.33465,32,100,1024,0,0,0,10
mtran,16179,33554432,32,2,0,0,0,1,32,1,32,1,34.5346,67109500,8388790,4.43147,33555000,8388740,0.0733294,1048580,0.146519,0,0,0,0,49.5347,99.8712,0,0,0,771883000,33554400,100663000,234881000,67108900,45088800,0,0.513476,0,0.440123,0.183384,0,0.78859,32,100,1024,0,0,0,10
mtran,1610,16777216,32,2,0,0,0,1,32,1,64,0,79.6034,8388700,8387680,44.6441,32140900,8388630,0.747159,1048580,1.91244,0,0,0,0,47.6354,99.9638,0,0,0,553648000,83886100,100663000,184549000,0,36175900,0,4.97414,0,0,2.10444,0,6.60083,32,100,1024,0,0,0,34
mtran,19814,16777216,32,2,0,0,0,1,32,1,64,1,28.1574,67109300,8388680,3.61632,33555400,8388680,0.0600919,1048580,0.149531,0,0,0,0,49.7975,99.5791,0,0,0,771883000,83886100,100663000,184549000,33554400,45613100,0,0.495537,0,0.180195,0.165179,0,0.653231,32,100,1024,0,0,0,34
mtran,1465,33554432,64,2,0,0,0,1,64,1,64,0,85.2932,8388620,8388780,42.7517,27909400,8388680,0.799088,1048580,1.63806,0,0,0,0,90.9876,99.8632,0,0,0,335544000,33554400,100663000,234881000,0,26214400,0,2.46045,0,0,2.05038,0,5.12709,32,100,1024,0,0,0,10
mtran,16160,33554432,64,2,0,0,0,1,64,1,64,1,34.5302,67110200,8388490,4.42232,33558300,8388680,0.0732351,1048580,0.146392,0,0,0,0,94.6483,99.9357,0,0,0,772014000,33554400,100663000,234881000,67108900,45088800,0,0.512702,0,0.439459,0.183108,0,0.787437,32,100,1024,0,0,0,10
mtran,2348,33554432,32,2,0,0,0,2,16,2,16,0,55.3609,8389080,8380270,17.5871,14625700,8388630,0.516521,1048580,1.06235,0,0,0,0,45.9574,99.8769,0,0,0,335544000,33554400,100663000,234881000,0,26214400,0,1.59548,0,0,1.32957,0,3.3242,32,100,1024,0,0,0,10
mtran,8914,33554432,32,2,0,0,0,2,16,2,16,1,31.6558,30081500,8388700,4.77719,16776300,8388680,0.131846,1048580,0.263714,0,0,0,0,49.144,99.8972,0,0,0,805372000,33554400,100663000,201327000,67108900,45088800,0,0.923948,0,0.791955,0.329981,0,1.41897,32,100,1024,0,0,0,10
mtran,1888,16777216,32,2,0,0,0,2,16,2,32,0,69.4479,8388620,8385200,23.51,16164200,8388630,0.640007,1048580,1.66369,0,0,0,0,47.9094,99.812,0,0,0,570425000,83886100,100663000,167772000,0,36175900,0,4.33373,0,0,1.8335,0,5.751,32,100,1024,0,0,0,34
mtran,8922,16777216,32,2,0,0,0,2,16,2,32,1,34.8463,33554300,8388630,4.85511,16777800,8388630,0.133777,1048580,0.334192,0,0,0,0,49.5664,99.9082,0,0,0,771817000,83886100,100663000,184549000,33554400,45613100,0,1.10385,0,0.401399,0.367949,0,1.45512,32,100,1024,0,0,0,34
mtran,1874,8388608,32,2,0,0,0,2,16,2,64,0,68.7443,8388620,8387010,23.379,16153600,8388630,0.647338,1048580,0.330536,0,0,0,0,48.9661,99.8484,0,0,0,293601000,33554400,100663000,75497500,0,16252900,0,1.07587,0,0,1.15863,0,2.56601,32,100,1024,0,0,0,34
mtran,8763,8388608,32,2,0,0,0,2,16,2,64,1,35.3291,33554500,8388620,4.91973,16778900,8388630,0.134997,1048580,0.0677806,0,0,0,0,49.7642,100.427,0,0,0,411107000,33554400,100663000,67108900,16777200,20971500,0,0.337463,0,0.202478,0.236224,0,0.674978,32,100,1024,0,0,0,34
mtran,1775,33554432,64,2,0,0,0,2,32,2,32,0,71.2926,8388630,8387770,23.8438,15863400,8388630,0.683193,1048580,1.3664,0,0,0,0,93.5394,99.9157,0,0,0,335544000,33554400,100663000,234881000,0,26214400,0,2.05132,0,0,1.70943,0,4.2743,32,100,1024,0,0,0,10
mtran,8942,33554432,64,2,0,0,0,2,32,2,32,1,34.7489,33547800,8388760,4.82996,16777600,8388860,0.132916,1048580,0.265694,0,0,0,0,96.6493,99.9356,0,0,0,805437000,33554400,100663000,201327000,67108900,45088800,0,0.930527,0,0.797595,0.332331,0,1.42912,32,100,1024,0,0,0,10
mtran,1843,16777216,64,2,0,0,0,2,32,2,64,0,69.0288,8388790,8388050,22.6128,15374300,8388700,0.657297,1048580,1.65215,0,0,0,0,95.9989,99.7939,0,0,0,570425000,83886100,100663000,167772000,0,36175900,0,4.30448,0,0,1.82112,0,5.71263,32,100,1024,0,0,0,34
mtran,8753,16777216,64,2,0,0,0,2,32,2,64,1,35.427,33555500,8388820,4.90414,16777900,8389060,0.135209,1048580,0.338316,0,0,0,0,96.4666,100.008,0,0,0,771883000,83886100,100663000,184549000,33554400,45613100,0,1.11635,0,0.405946,0.372117,0,1.47165,32,100,1024,0,0,0,34
mtran,1471,33554432,128,2,0,0,0,2,64,2,64,0,85.7484,8388860,8385890,29.5673,16526300,8388690,0.798949,1048580,1.64792,0,0,0,0,91.0907,99.8203,0,0,0,335544000,33554400,100663000,234881000,0,26214400,0,2.47632,0,0,2.0636,0,5.15999,32,100,1024,0,0,0,10
mtran,8708,33554432,128,2,0,0,0,2,64,2,64,1,35.7111,33554900,8388580,4.93728,16777300,8388750,0.136244,1048580,0.272488,0,0,0,0,94.5902,100.033,0,0,0,805568000,33554400,100663000,201327000,67108900,45088800,0,0.953396,0,0.817196,0.340498,0,1.46427,32,100,1024,0,0,0,10
mtran,3138,33554432,32,2,0,0,0,4,8,4,8,0,41.4988,8388620,8374820,9.61007,8389630,8388630,0.388582,1048580,0.79592,0,0,0,0,46.5457,99.0858,0,0,0,335544000,33554400,100663000,234881000,0,26214400,0,1.20489,0,0,1.00408,0,2.51041,32,100,1024,0,0,0,10
mtran,3219,33554432,32,2,0,0,0,4,8,4,8,1,40.0308,8511890,8388620,9.20428,8390420,8388630,0.37801,1048580,0.760994,0,0,0,0,47.2325,98.6236,0,0,0,805339000,33554400,100663000,201327000,67108900,45088800,0,2.70065,0,2.31485,0.964519,0,4.14757,32,100,1024,0,0,0,10
mtran,2686,16777216,32,2,0,0,0,4,8,4,16,0,48.5786,8388620,8379010,11.2055,8389140,8388630,0.448924,1048580,1.16016,0,0,0,0,48.4615,99.6163,0,0,0,570425000,83886100,100663000,167772000,0,36175900,0,3.02803,0,0,1.28109,0,4.01829,32,100,1024,0,0,0,34
mtran,3331,16777216,32,2,0,0,0,4,8,4,16,1,42.0233,10207600,8388690,8.73715,8388700,8388630,0.358771,1048580,0.904496,0,0,0,0,48.7943,99.8314,0,0,0,771785000,83886100,100663000,184549000,33554400,45613100,0,2.98988,0,1.08723,0.996626,0,3.94134,32,100,1024,0,0,0,34
mtran,2433,8388608,32,2,0,0,0,4,8,4,32,0,55.4358,8388660,8384060,12.8391,8388700,8388630,0.498971,1048580,0.265871,0,0,0,0,49.1985,99.7144,0,0,0,293601000,33554400,100663000,75497500,0,16252900,0,0.866556,0,0,0.933214,0,2.06677,32,100,1024,0,0,0,34
mtran,5063,8388608,32,2,0,0,0,4,8,4,32,1,36.0766,16226500,8388710,5.67555,8389150,8388680,0.23376,1048580,0.117279,0,0,0,0,49.6111,99.8705,0,0,0,411075000,33554400,100663000,67108900,16777200,20971500,0,0.587155,0,0.352293,0.411009,0,1.1744,32,100,1024,0,0,0,34
mtran,2144,4194304,32,2,0,0,0,4,8,4,64,0,62.6194,8389920,8388790,14.376,8389950,8388630,0.559375,1048580,0.14881,0,0,0,0,49.5108,99.8597,0,0,0,213910000,20971500,100663000,33554400,0,11796500,0,0.707841,0,0,0.968624,0,1.6768,32,100,1024,0,0,0,34
mtran,4716,4194304,32,2,0,0,0,4,8,4,64,1,39.4384,16777900,8388510,6.07588,8388700,8388630,0.252246,1048580,0.0627825,0,0,0,0,49.753,99.9752,0,0,0,264274000,20971500,100663000,37748700,8388610,14155800,0,0.408187,0,0.188394,0.408187,0,0.847909,32,100,1024,0,0,0,34
mtran,2347,33554432,64,2,0,0,0,4,16,4,16,0,56.21,8388860,8386730,13.0187,8388700,8388630,0.513551,1048580,1.0776,0,0,0,0,95.0359,99.9326,0,0,0,335544000,33554400,100663000,234881000,0,26214400,0,1.61749,0,0,1.34791,0,3.37031,32,100,1024,0,0,0,10
mtran,3319,33554432,64,2,0,0,0,4,16,4,16,1,41.7623,10227900,8388610,10.8942,8388700,8388630,0.445531,1048580,0.896552,0,0,0,0,95.9182,99.9648,0,0,0,805372000,33554400,100663000,201327000,67108900,45088800,0,3.13904,0,2.69061,1.12109,0,4.82097,32,100,1024,0,0,0,10
mtran,2109,16777216,64,2,0,0,0,4,16,4,32,0,62.7133,8388680,8388700,14.5884,8388700,8388630,0.572324,1048580,1.50924,0,0,0,0,96.5058,99.8668,0,0,0,570425000,83886100,100663000,167772000,0,36175900,0,3.92925,0,0,1.66237,0,5.21465,32,100,1024,0,0,0,34
mtran,4887,16777216,64,2,0,0,0,4,16,4,32,1,36.9833,15999000,8388660,5.95477,8388700,8388630,0.244419,1048580,0.615763,0,0,0,0,97.9398,99.967,0,0,0,771817000,83886100,100663000,184549000,33554400,45613100,0,2.03269,0,0.739159,0.677563,0,2.67964,32,100,1024,0,0,0,34
mtran,2094,8388608,64,2,0,0,0,4,16,4,64,0,63.3902,8388740,8387650,14.5591,8388700,8388630,0.574891,1048580,0.301342,0,0,0,0,97.5113,99.5249,0,0,0,293601000,33554400,100663000,75497500,0,16252900,0,0.984037,0,0,1.05973,0,2.34739,32,100,1024,0,0,0,34
mtran,4721,8388608,64,2,0,0,0,4,16,4,64,1,39.397,16777400,8388820,6.06624,8389150,8388740,0.250726,1048580,0.125539,0,0,0,0,98.4599,100.014,0,0,0,411107000,33554400,100663000,67108900,16777200,20971500,0,0.627606,0,0.376564,0.439324,0,1.2554,32,100,1024,0,0,0,34
mtran,1764,33554432,128,2,0,0,0,4,32,4,32,0,71.8123,8388630,8388000,16.6505,8388700,8388680,0.688285,1048580,1.37804,0,0,0,0,92.1492,99.8007,0,0,0,335544000,33554400,100663000,234881000,0,26214400,0,2.07119,0,0,1.72599,0,4.3158,32,100,1024,0,0,0,10
mtran,4732,33554432,128,2,0,0,0,4,32,4,32,1,37.6598,15707300,8388910,6.07443,8388700,8388700,0.250736,1048580,0.50262,0,0,0,0,95.9337,100.206,0,0,0,805437000,33554400,100663000,201327000,67108900,45088800,0,1.75556,0,1.50477,0.626986,0,2.69626,32,100,1024,0,0,0,10
mtran,1833,16777216,128,2,0,0,0,4,32,4,64,0,69.3649,8388860,8388000,16.0707,8388700,8388630,0.660137,1048580,1.66325,0,0,0,0,94.6891,100.135,0,0,0,570425000,83886100,100663000,167772000,0,36175900,0,4.3186,0,0,1.8271,0,5.73154,32,100,1024,0,0,0,34
mtran,4721,16777216,128,2,0,0,0,4,32,4,64,1,39.3695,16777200,8388820,6.08839,8388700,8388630,0.25224,1048580,0.629687,0,0,0,0,96.9396,99.8268,0,0,0,771883000,83886100,100663000,184549000,33554400,45613100,0,2.08157,0,0.756935,0.693857,0,2.74412,32,100,1024,0,0,0,34
mtran,1502,33554432,256,2,0,0,0,4,64,4,64,0,85.6192,8388690,8388830,19.8213,8388700,8388630,0.78363,1048580,1.64128,0,0,0,0,89.2528,99.9508,0,0,0,335544000,33554400,100663000,234881000,0,26214400,0,2.46313,0,0,2.05261,0,5.13259,32,100,1024,0,0,0,10
mtran,4681,33554432,256,2,0,0,0,4,64,4,64,1,39.7088,16777200,8388570,6.09377,8389220,8388680,0.252779,1048580,0.505087,0,0,0,0,93.489,99.9341,0,0,0,805568000,33554400,100663000,201327000,67108900,45088800,0,1.76897,0,1.51626,0.631774,0,2.7169,32,100,1024,0,0,0,10
mtran,2963,33554432,32,2,0,0,0,8,4,8,4,0,45.4637,8388710,8384420,15.783,8388700,16777200,0.413361,1048580,0.871305,0,0,0,0,47.2774,99.8687,0,0,0,335544000,33554400,100663000,234881000,0,26214400,0,1.30868,0,0,1.09056,0,2.72664,32,100,1024,0,0,0,10
mtran,2901,33554432,32,2,0,0,0,8,4,8,4,1,44.7838,8388810,8390720,15.5879,8389620,16777200,0.425255,1048580,0.86014,0,0,0,0,47.3351,99.8709,0,0,0,805323000,33554400,100663000,201327000,67108900,45088800,0,3.01438,0,2.58376,1.07657,0,4.62939,32,100,1024,0,0,0,10
mtran,2991,16777216,32,2,0,0,0,8,4,8,8,0,45.168,8388620,8392760,15.7177,8388720,16777200,0.41051,1048580,1.08465,0,0,0,0,48.7229,100.039,0,0,0,570425000,83886100,100663000,167772000,0,36175900,0,2.819,0,0,1.19265,0,3.7409,32,100,1024,0,0,0,34
mtran,3289,16777216,32,2,0,0,0,8,4,8,8,1,39.2591,8388880,8435150,13.6299,8388980,16777400,0.368222,1048580,0.939966,0,0,0,0,48.8484,99.9946,0,0,0,771768000,83886100,100663000,184549000,33554400,45613100,0,3.10206,0,1.12802,1.03402,0,4.08922,32,100,1024,0,0,0,34
mtran,2978,8388608,32,2,0,0,0,8,4,8,16,0,45.6348,8388760,8389200,15.8376,8388830,16777300,0.410986,1048580,0.218606,0,0,0,0,49.3525,100.233,0,0,0,293601000,33554400,100663000,75497500,0,16252900,0,0.708814,0,0,0.763338,0,1.69055,32,100,1024,0,0,0,34
mtran,3252,8388608,32,2,0,0,0,8,4,8,16,1,39.1726,8388710,8412190,13.6454,8388830,16777300,0.370728,1048580,0.188183,0,0,0,0,49.4003,99.9726,0,0,0,411058000,33554400,100663000,67108900,16777200,20971500,0,0.941173,0,0.564704,0.658821,0,1.88249,32,100,1024,0,0,0,34
mtran,3144,4194304,32,2,0,0,0,8,4,8,32,0,42.8463,8388620,8389380,14.8505,8388700,16777300,0.389544,1048580,0.102533,0,0,0,0,49.6652,100.071,0,0,0,213910000,20971500,100663000,33554400,0,11796500,0,0.486687,0,0,0.665992,0,1.15289,32,100,1024,0,0,0,34
mtran,3582,4194304,32,2,0,0,0,8,4,8,32,1,36.0635,8388620,8412540,15.9782,8388700,16777400,0.422176,1048580,0.110384,0,0,0,0,49.6257,99.7988,0,0,0,264258000,20971500,100663000,37748700,8388610,14155800,0,0.718944,0,0.33182,0.718944,0,1.49341,32,100,1024,0,0,0,34
mtran,3318,2097152,32,2,0,0,0,8,4,8,64,0,38.5892,8388980,8394170,15.5991,8388700,16777200,0.427021,1048580,0.0536137,0,0,0,0,49.7455,99.839,0,0,0,165675000,14680100,100663000,20971500,0,9568260,0,0.416177,0,0,0.671253,0,0.980241,32,100,1024,0,0,0,34
mtran,3709,2097152,32,2,0,0,0,8,4,8,64,1,34.8249,8389310,8410100,13.9952,8388700,16777400,0.374534,1048580,0.048114,0,0,0,0,49.7338,99.6816,0,0,0,195051000,14680100,100663000,18874400,4194300,10747900,0,0.458543,0,0.144803,0.603346,0,0.989687,32,100,1024,0,0,0,34
mtran,2838,33554432,64,2,0,0,0,8,8,8,8,0,45.9784,8388680,8382950,16.9386,8388700,14585300,0.496772,1048580,1.02042,0,0,0,0,88.5367,99.8655,0,0,0,335544000,33554400,100663000,234881000,0,26214400,0,1.53269,0,0,1.27724,0,3.19361,32,100,1024,0,0,0,10
mtran,3261,33554432,64,2,0,0,0,8,8,8,8,1,39.974,8389220,8388960,12.7453,8388700,11579500,0.423107,1048580,0.883619,0,0,0,0,95.2734,99.8777,0,0,0,805339000,33554400,100663000,201327000,67108900,45088800,0,3.09645,0,2.6541,1.10588,0,4.75557,32,100,1024,0,0,0,10
mtran,2981,16777216,64,2,0,0,0,8,8,8,16,0,44.9223,8388620,8381550,14.3134,8388700,13485600,0.437925,1048580,1.13912,0,0,0,0,95.7732,99.3873,0,0,0,570425000,83886100,100663000,167772000,0,36175900,0,2.97997,0,0,1.26076,0,3.95482,32,100,1024,0,0,0,34
mtran,3313,16777216,64,2,0,0,0,8,8,8,16,1,39.5252,8388630,8388550,12.2101,8388700,12817300,0.386627,1048580,1.00436,0,0,0,0,95.7036,99.8893,0,0,0,771785000,83886100,100663000,184549000,33554400,45613100,0,3.31807,0,1.20657,1.10602,0,4.37411,32,100,1024,0,0,0,34
mtran,3026,8388608,64,2,0,0,0,8,8,8,32,0,44.5821,8388620,8386010,14.212,8388700,14771400,0.401304,1048580,0.212986,0,0,0,0,96.0272,99.3992,0,0,0,293601000,33554400,100663000,75497500,0,16252900,0,0.69639,0,0,0.749958,0,1.66122,32,100,1024,0,0,0,34
mtran,3529,8388608,64,2,0,0,0,8,8,8,32,1,36.908,8388690,8390260,11.532,8388700,14217200,0.341641,1048580,0.176992,0,0,0,0,96.5762,100.137,0,0,0,411074000,33554400,100663000,67108900,16777200,20971500,0,0.883749,0,0.530249,0.618624,0,1.76776,32,100,1024,0,0,0,34
mtran,3148,4194304,64,2,0,0,0,8,8,8,64,0,40.342,8388770,8404960,13.2169,8388700,15293100,0.386175,1048580,0.0968907,0,0,0,0,97.0889,100.149,0,0,0,213910000,20971500,100663000,33554400,0,11796500,0,0.459546,0,0,0.628853,0,1.08876,32,100,1024,0,0,0,34
mtran,3788,4194304,64,2,0,0,0,8,8,8,64,1,34.186,8388620,8409520,11.0788,8388910,15042500,0.318171,1048580,0.0820146,0,0,0,0,97.3091,100.062,0,0,0,264274000,20971500,100663000,37748700,8388610,14155800,0,0.532767,0,0.245892,0.532767,0,1.10687,32,100,1024,0,0,0,34
mtran,2374,33554432,128,2,0,0,0,8,16,8,16,0,56.2917,8388620,8384250,16.0376,8389150,12289600,0.510899,1048580,1.0774,0,0,0,0,91.257,99.9038,0,0,0,335544000,33554400,100663000,234881000,0,26214400,0,1.61765,0,0,1.34804,0,3.37075,32,100,1024,0,0,0,10
mtran,3040,33554432,128,2,0,0,0,8,16,8,16,1,42.3598,8388980,8388790,10.8925,8388700,10263900,0.396934,1048580,0.809333,0,0,0,0,93.815,99.9236,0,0,0,805372000,33554400,100663000,201327000,67108900,45088800,0,2.83483,0,2.42986,1.01244,0,4.35386,32,100,1024,0,0,0,10
mtran,2171,16777216,128,2,0,0,0,8,16,8,32,0,62.5828,8388780,8388300,18.8752,8388700,12154300,0.599114,1048580,1.60104,0,0,0,0,94.2353,99.7561,0,0,0,570425000,83886100,100663000,167772000,0,36175900,0,4.17287,0,0,1.76545,0,5.53813,32,100,1024,0,0,0,34
mtran,2857,16777216,128,2,0,0,0,8,16,8,32,1,44.464,8388840,8388350,13.6971,8388700,11450700,0.472058,1048580,1.19775,0,0,0,0,95.0728,99.8248,0,0,0,771817000,83886100,100663000,184549000,33554400,45613100,0,3.95952,0,1.43983,1.31984,0,5.21982,32,100,1024,0,0,0,34
mtran,2121,8388608,128,2,0,0,0,8,16,8,64,0,62.0228,8388620,8388540,18.4271,8388700,13138200,0.570746,1048580,0.297114,0,0,0,0,95.5921,99.391,0,0,0,293601000,33554400,100663000,75497500,0,16252900,0,0.971537,0,0,1.04627,0,2.31772,32,100,1024,0,0,0,34
mtran,3014,8388608,128,2,0,0,0,8,16,8,64,1,41.9215,8389100,8388620,11.7978,8388700,12023200,0.395547,1048580,0.200441,0,0,0,0,96.9852,99.9725,0,0,0,411107000,33554400,100663000,67108900,16777200,20971500,0,1.00248,0,0.601488,0.701736,0,2.00533,32,100,1024,0,0,0,34
mtran,1820,33554432,256,2,0,0,0,8,32,8,32,0,69.9986,8388620,8387580,19.457,8388700,11797400,0.66612,1048580,1.33969,0,0,0,0,88.2012,99.8625,0,0,0,335544000,33554400,100663000,234881000,0,26214400,0,2.0123,0,0,1.67692,0,4.19316,32,100,1024,0,0,0,10
mtran,2809,33554432,256,2,0,0,0,8,32,8,32,1,44.5816,8388800,8388830,11.8492,8388700,10813800,0.425221,1048580,0.856525,0,0,0,0,92.2576,100.375,0,0,0,805437000,33554400,100663000,201327000,67108900,45088800,0,2.98663,0,2.55997,1.06665,0,4.58706,32,100,1024,0,0,0,10
mtran,1902,16777216,256,2,0,0,0,8,32,8,64,0,68.163,8388620,8388090,19.6665,8388700,12556600,0.641232,1048580,1.63014,0,0,0,0,90.7282,100.048,0,0,0,570425000,83886100,100663000,167772000,0,36175900,0,4.23633,0,0,1.79229,0,5.62242,32,100,1024,0,0,0,34
mtran,2934,16777216,256,2,0,0,0,8,32,8,64,1,42.5788,8388620,8389470,13.8708,8388950,11809600,0.474026,1048580,1.189,0,0,0,0,93.7394,99.9508,0,0,0,771883000,83886100,100663000,184549000,33554400,45613100,0,3.92564,0,1.4275,1.30855,0,5.17518,32,100,1024,0,0,0,34
mtran,1504,33554432,512,2,0,0,0,8,64,8,64,0,85.7788,8388680,8384100,25.6931,8388700,12545500,0.81202,1048580,1.71458,0,0,0,0,83.6691,100.044,0,0,0,335544000,33554400,100663000,234881000,0,26214400,0,2.57075,0,0,2.14229,0,5.35683,32,100,1024,0,0,0,10
mtran,2820,33554432,512,2,0,0,0,8,64,8,64,1,44.4225,8389020,8388350,12.6233,8389170,11578600,0.438673,1048580,0.882051,0,0,0,0,89.2336,99.737,0,0,0,805568000,33554400,100663000,201327000,67108900,45088800,0,3.09532,0,2.65313,1.10547,0,4.75399,32,100,1024,0,0,0,10
mtran,2998,33554432,32,2,0,0,0,16,2,16,2,0,45.2104,8388980,8462910,26.8851,8388700,33546700,0.425103,1048580,0.894196,0,0,0,0,47.4047,100.169,0,0,0,335544000,33554400,100663000,234881000,0,26214400,0,1.33903,0,0,1.11586,0,2.78987,32,100,1024,0,0,0,10
mtran,2270,33554432,32,2,0,0,0,16,2,16,2,1,59.4363,8388800,8391670,35.4656,8388700,33551000,0.58014,1048580,1.18095,0,0,0,0,46.4575,99.8573,0,0,0,805315000,33554400,100663000,201327000,67108900,45088800,0,4.13922,0,3.54791,1.47829,0,6.35688,32,100,1024,0,0,0,10
mtran,3076,16777216,32,2,0,0,0,16,2,16,4,0,44.6884,8388820,8711790,26.2229,8388700,33549300,0.416505,1048580,1.08872,0,0,0,0,48.7168,100.219,0,0,0,587203000,83886100,100663000,201327000,0,37748700,0,3.15039,0,0,1.19498,0,3.91113,32,100,1024,0,0,0,34
mtran,2395,16777216,32,2,0,0,0,16,2,16,4,1,54.9651,8388870,8453480,32.1341,8389200,33549000,0.522647,1048580,1.33037,0,0,0,0,48.3894,99.9103,0,0,0,788537000,83886100,100663000,201327000,33554400,46661600,0,4.66048,0,1.59788,1.46472,0,5.92558,32,100,1024,0,0,0,34
mtran,3297,8388608,32,2,0,0,0,16,2,16,8,0,43.3605,8388760,9375040,23.986,8388700,33554500,0.381475,1048580,0.198413,0,0,0,0,49.3941,99.4823,0,0,0,293601000,33554400,100663000,75497500,0,16252900,0,0.648199,0,0,0.698061,0,1.54599,32,100,1024,0,0,0,34
mtran,2513,8388608,32,2,0,0,0,16,2,16,8,1,52.8349,8388620,8568850,30.6722,8388700,33554500,0.496382,1048580,0.253602,0,0,0,0,49.1993,100.016,0,0,0,411050000,33554400,100663000,67108900,16777200,20971500,0,1.26781,0,0.760687,0.887469,0,2.53582,32,100,1024,0,0,0,34
mtran,3528,4194304,32,2,0,0,0,16,2,16,16,0,41.0714,8388620,9764910,22.3476,8388700,33554500,0.354397,1048580,0.0924193,0,0,0,0,49.69,100.243,0,0,0,213910000,20971500,100663000,33554400,0,11796500,0,0.437929,0,0,0.599271,0,1.0374,32,100,1024,0,0,0,34
mtran,5758,4194304,32,2,0,0,0,16,2,16,16,1,28.4637,8394910,13194100,14.9371,8389140,33554600,0.210448,1048580,0.061618,0,0,0,0,49.8123,114.774,0,0,0,264249000,20971500,100663000,37748700,8388610,14155800,0,0.348961,0,0.161059,0.348961,0,0.72488,32,100,1024,0,0,0,34
mtran,9312,2097152,32,2,0,0,0,16,2,16,32,0,20.8119,8389580,16362200,9.84924,8389080,33554600,0.151336,1048580,0.0202541,0,0,0,0,49.8953,101.879,0,0,0,165675000,14680100,100663000,20971500,0,9568260,0,0.154074,0,0,0.248506,0,0.362896,32,100,1024,0,0,0,34
mtran,9933,2097152,32,2,0,0,0,16,2,16,32,1,19.6372,8396260,16915700,9.38963,8390160,33554500,0.142961,1048580,0.0192742,0,0,0,0,49.8965,101.407,0,0,0,195043000,14680100,100663000,18874400,4194300,10747900,0,0.180564,0,0.0570201,0.237584,0,0.389715,32,100,1024,0,0,0,34
mtran,10434,1048576,32,2,0,0,0,16,2,16,64,0,19.569,8388680,17982100,7.50484,8389850,33554500,0.119992,1048580,0.00780375,0,0,0,0,49.8767,100.116,0,0,0,141558000,11534300,100663000,14680100,0,8454140,0,0.107177,0,0,0.190969,0,0.25144,32,100,1024,0,0,0,34
mtran,10716,1048576,32,2,0,0,0,16,2,16,64,1,18.9802,8388620,18289300,6.93584,8389150,33554500,0.111693,1048580,0.00716591,0,0,0,0,49.8783,99.9715,0,0,0,160440000,11534300,100663000,9437180,2097150,9043970,0,0.111103,0,0.0215039,0.175615,0,0.247356,32,100,1024,0,0,0,34
mtran,2956,33554432,64,2,0,0,0,16,4,16,4,0,46.0578,8388680,8535490,25.9661,8388900,32781000,0.416865,1048580,0.876131,0,0,0,0,80.0559,99.9746,0,0,0,335544000,33554400,100663000,234881000,0,26214400,0,1.31453,0,0,1.09544,0,2.73906,32,100,1024,0,0,0,10
mtran,2330,33554432,64,2,0,0,0,16,4,16,4,1,56.5298,8389510,8407730,31.9058,8389140,32593400,0.527325,1048580,1.08138,0,0,0,0,82.7204,100.161,0,0,0,805323000,33554400,100663000,201327000,67108900,45088800,0,3.77873,0,3.23891,1.34955,0,5.80343,32,100,1024,0,0,0,10
mtran,2914,16777216,64,2,0,0,0,16,4,16,8,0,46.624,8388630,8467040,25.0722,8388700,30702400,0.429621,1048580,1.1137,0,0,0,0,95.3237,99.9971,0,0,0,570425000,83886100,100663000,167772000,0,36175900,0,2.89569,0,0,1.2251,0,3.84298,32,100,1024,0,0,0,34
mtran,2354,16777216,64,2,0,0,0,16,4,16,8,1,56.1859,8388620,8414160,30.267,8389060,30614700,0.52596,1048580,1.34722,0,0,0,0,94.8059,100.393,0,0,0,771768000,83886100,100663000,184549000,33554400,45613100,0,4.4284,0,1.61033,1.47613,0,5.83784,32,100,1024,0,0,0,34
mtran,3030,8388608,64,2,0,0,0,16,4,16,16,0,45.6015,8388680,8703420,25.0334,8389590,32095600,0.413171,1048580,0.214773,0,0,0,0,93.8141,99.9768,0,0,0,293601000,33554400,100663000,75497500,0,16252900,0,0.698174,0,0,0.751879,0,1.66547,32,100,1024,0,0,0,34
mtran,3379,8388608,64,2,0,0,0,16,4,16,16,1,39.8774,8389330,9429280,24.7892,8388700,31997800,0.416384,1048580,0.2127,0,0,0,0,93.8297,100.026,0,0,0,411058000,33554400,100663000,67108900,16777200,20971500,0,1.06322,0,0.637933,0.744255,0,2.12675,32,100,1024,0,0,0,34
mtran,3955,4194304,64,2,0,0,0,16,4,16,32,0,34.3085,8388620,9716330,22.7193,8388700,32085800,0.382434,1048580,0.0975062,0,0,0,0,95.7924,99.9542,0,0,0,213910000,20971500,100663000,33554400,0,11796500,0,0.463367,0,0,0.634081,0,1.09779,32,100,1024,0,0,0,34
mtran,4689,4194304,64,2,0,0,0,16,4,16,32,1,29.773,8388620,10282700,19.0863,8389100,32041600,0.318602,1048580,0.0815167,0,0,0,0,95.7817,99.5823,0,0,0,264257000,20971500,100663000,37748700,8388610,14155800,0,0.532081,0,0.245576,0.532081,0,1.10544,32,100,1024,0,0,0,34
mtran,7121,2097152,64,2,0,0,0,16,4,16,64,0,24.1758,8389050,14540900,11.6516,8388970,32384600,0.190424,1048580,0.0247008,0,0,0,0,96.4121,100.018,0,0,0,165675000,14680100,100663000,20971500,0,9568260,0,0.191396,0,0,0.308703,0,0.450881,32,100,1024,0,0,0,34
mtran,7044,2097152,64,2,0,0,0,16,4,16,64,1,23.6505,8388990,14382400,10.2962,8388950,32374400,0.171221,1048580,0.0220235,0,0,0,0,96.4627,100.27,0,0,0,195051000,14680100,100663000,18874400,4194300,10747900,0,0.20866,0,0.0658927,0.274553,0,0.450473,32,100,1024,0,0,0,34
mtran,3002,33554432,128,2,0,0,0,16,8,16,8,0,44.5769,8388630,8396360,23.12,8388700,29488700,0.41073,1048580,0.84815,0,0,0,0,80.3248,99.9307,0,0,0,335544000,33554400,100663000,234881000,0,26214400,0,1.27311,0,0,1.06092,0,2.65281,32,100,1024,0,0,0,10
mtran,2322,33554432,128,2,0,0,0,16,8,16,8,1,56.4651,8388620,8386770,28.9035,8389320,28908900,0.520295,1048580,1.07684,0,0,0,0,84.0948,99.8959,0,0,0,805339000,33554400,100663000,201327000,67108900,45088800,0,3.77286,0,3.23388,1.34745,0,5.79452,32,100,1024,0,0,0,10
mtran,2732,16777216,128,2,0,0,0,16,8,16,16,0,48.6162,8388620,8387130,21.4416,8389620,23786900,0.451289,1048580,1.15778,0,0,0,0,94.4726,100.17,0,0,0,570425000,83886100,100663000,167772000,0,36175900,0,3.00512,0,0,1.2714,0,3.98832,32,100,1024,0,0,0,34
mtran,2527,16777216,128,2,0,0,0,16,8,16,16,1,50.5343,8388750,8391420,22.2798,8388970,23669200,0.469623,1048580,1.20656,0,0,0,0,94.1391,100.454,0,0,0,771785000,83886100,100663000,184549000,33554400,45613100,0,3.96366,0,1.44133,1.32122,0,5.22527,32,100,1024,0,0,0,34
mtran,2532,8388608,128,2,0,0,0,16,8,16,32,0,54.7111,8388620,8414160,28.2136,8388700,29273500,0.496666,1048580,0.260228,0,0,0,0,92.5666,100.183,0,0,0,293601000,33554400,100663000,75497500,0,16252900,0,0.8442,0,0,0.909139,0,2.01394,32,100,1024,0,0,0,34
mtran,2400,8388608,128,2,0,0,0,16,8,16,32,1,53.3674,8388620,8411210,33.0419,8388700,28347400,0.602981,1048580,0.311322,0,0,0,0,93.1362,100.046,0,0,0,411074000,33554400,100663000,67108900,16777200,20971500,0,1.55589,0,0.933535,1.08912,0,3.11236,32,100,1024,0,0,0,34
mtran,2484,4194304,128,2,0,0,0,16,8,16,64,0,51.0802,8388800,8517460,34.207,8388970,29721300,0.614008,1048580,0.155966,0,0,0,0,94.6443,99.6775,0,0,0,213910000,20971500,100663000,33554400,0,11796500,0,0.743237,0,0,1.01706,0,1.7609,32,100,1024,0,0,0,34
mtran,2467,4194304,128,2,0,0,0,16,8,16,64,1,51.7974,8388620,8482910,34.1949,8388700,29381000,0.610106,1048580,0.156012,0,0,0,0,94.7254,100.01,0,0,0,264274000,20971500,100663000,37748700,8388610,14155800,0,1.01398,0,0.467989,1.01398,0,2.10675,32,100,1024,0,0,0,34
mtran,2503,33554432,256,2,0,0,0,16,16,16,16,0,51.0008,8388700,8389180,33.5736,8388700,28950300,0.603293,1048580,1.24213,0,0,0,0,78.6603,100.001,0,0,0,335544000,33554400,100663000,234881000,0,26214400,0,1.86317,0,0,1.55264,0,3.88241,32,100,1024,0,0,0,10
mtran,2263,33554432,256,2,0,0,0,16,16,16,16,1,56.0193,8388620,8388270,35.7404,8388700,27904400,0.661862,1048580,1.35657,0,0,0,0,82.7219,100.25,0,0,0,805372000,33554400,100663000,201327000,67108900,45088800,0,4.73618,0,4.05958,1.69149,0,7.27414,32,100,1024,0,0,0,10
mtran,2050,16777216,256,2,0,0,0,16,16,16,32,0,64.5396,8388620,8389300,36.158,8388700,25739400,0.700087,1048580,1.82963,0,0,0,0,90.1658,100.113,0,0,0,570425000,83886100,100663000,167772000,0,36175900,0,4.75167,0,0,2.01032,0,6.30638,32,100,1024,0,0,0,34
mtran,2090,16777216,256,2,0,0,0,16,16,16,32,1,61.3874,8388620,8388740,33.8604,8388700,25243000,0.675613,1048580,1.73991,0,0,0,0,90.5634,100.131,0,0,0,771817000,83886100,100663000,184549000,33554400,45613100,0,5.73421,0,2.08517,1.9114,0,7.55943,32,100,1024,0,0,0,34
mtran,2004,8388608,256,2,0,0,0,16,16,16,64,0,66.0558,8388620,8389760,36.2331,8389620,28737800,0.664881,1048580,0.33983,0,0,0,0,89.7092,100.558,0,0,0,293601000,33554400,100663000,75497500,0,16252900,0,1.09831,0,0,1.1828,0,2.62024,32,100,1024,0,0,0,34
mtran,2031,8388608,256,2,0,0,0,16,16,16,64,1,64.0843,8388980,8389170,33.6082,8388700,27522200,0.629964,1048580,0.326038,0,0,0,0,90.9615,99.5748,0,0,0,411107000,33554400,100663000,67108900,16777200,20971500,0,1.63715,0,0.982291,1.14601,0,3.27496,32,100,1024,0,0,0,34
mtran,1838,33554432,512,2,0,0,0,16,32,16,32,0,70.5263,8388620,8388570,36.3716,8388700,26827700,0.706468,1048580,1.43942,0,0,0,0,77.4463,99.8654,0,0,0,335544000,33554400,100663000,234881000,0,26214400,0,2.16205,0,0,1.80171,0,4.5052,32,100,1024,0,0,0,10
mtran,2036,33554432,512,2,0,0,0,16,32,16,32,1,62.4585,8388980,8388340,31.545,8389080,26067100,0.632669,1048580,1.27568,0,0,0,0,80.2776,99.9078,0,0,0,805437000,33554400,100663000,201327000,67108900,45088800,0,4.469,0,3.83057,1.59607,0,6.86378,32,100,1024,0,0,0,10
mtran,1736,16777216,512,2,0,0,0,16,32,16,64,0,75.9459,8388620,8388400,41.1584,8388700,28622800,0.761574,1048580,1.93791,0,0,0,0,82.9938,99.9675,0,0,0,570425000,83886100,100663000,167772000,0,36175900,0,5.0402,0,0,2.13239,0,6.68932,32,100,1024,0,0,0,34
mtran,1899,16777216,512,2,0,0,0,16,32,16,64,1,66.0903,8388620,8388210,42.1521,8388700,28308300,0.785272,1048580,1.98048,0,0,0,0,85.5698,99.9289,0,0,0,771882000,83886100,100663000,184549000,33554400,45613100,0,6.54023,0,2.37827,2.18008,0,8.62201,32,100,1024,0,0,0,34
mtran,1679,33554432,1024,2,0,0,0,16,64,16,64,0,79.7412,8388620,8388630,46.7645,8388830,27738500,0.94685,1048580,1.79205,0,0,0,0,68.9473,89.4402,0,0,0,335544000,33554400,100663000,234881000,0,26214400,0,3.00545,0,0,2.50454,0,6.26265,32,100,1024,0,0,0,10
mtran,1837,33554432,1024,2,0,0,0,16,64,16,64,1,70.9063,8388620,8388760,40.7849,8388700,27058800,0.837903,1048580,1.59158,0,0,0,0,73.0092,92.3984,0,0,0,805567000,33554400,100663000,201327000,67108900,45088800,0,6.0288,0,5.16754,2.15314,0,9.25942,32,100,1024,0,0,0,10
mtran,4420,33554432,32,2,0,0,0,32,1,32,1,0,34.5132,8388660,10553800,37.4217,8389710,67108900,0.335567,1048580,0.685941,0,0,0,0,47.9506,99.943,0,0,0,335544000,33554400,100663000,234881000,0,26214400,0,1.0295,0,0,0.857914,0,2.14496,32,100,1024,0,0,0,10
mtran,3978,33554432,32,2,0,0,0,32,1,32,1,1,40.8229,8389510,9679270,40.6143,8388700,67108900,0.374993,1048580,0.751319,0,0,0,0,47.719,99.9715,0,0,0,805310000,33554400,100663000,201327000,67108900,45088800,0,2.63037,0,2.2546,0.939417,0,4.03964,32,100,1024,0,0,0,10
mtran,4383,16777216,32,2,0,0,0,32,1,32,2,0,39.1283,8389260,10669300,35.6268,8389260,67108900,0.318702,1048580,0.820063,0,0,0,0,49.0082,100.057,0,0,0,553648000,83886100,100663000,167772000,0,35651600,0,2.13095,0,0,0.901554,0,2.78687,32,100,1024,0,0,0,34
mtran,3906,16777216,32,2,0,0,0,32,1,32,2,1,41.3001,8388720,8837060,41.6934,8389610,67108900,0.383501,1048580,0.959942,0,0,0,0,48.808,99.9292,0,0,0,754979000,83886100,100663000,184549000,33554400,45088800,0,3.17005,0,1.15275,1.05668,0,4.13082,32,100,1024,0,0,0,34
mtran,4474,8388608,32,2,0,0,0,32,1,32,4,0,40.8556,8388760,12295100,34.1961,8388700,67109000,0.306109,1048580,0.157458,0,0,0,0,49.4978,100.01,0,0,0,285213000,33554400,100663000,75497500,0,15990800,0,0.511689,0,0,0.551049,0,1.20072,32,100,1024,0,0,0,34
mtran,3901,8388608,32,2,0,0,0,32,1,32,4,1,44.1295,8388620,9798330,41.9441,8389590,67108900,0.386122,1048580,0.193096,0,0,0,0,49.368,99.9534,0,0,0,394269000,33554400,100663000,75497500,16777200,20709400,0,0.965931,0,0.579558,0.676151,0,1.90786,32,100,1024,0,0,0,34
mtran,5240,4194304,32,2,0,0,0,32,1,32,8,0,37.7805,8388620,16016700,26.9245,8388700,67108900,0.239998,1048580,0.0619111,0,0,0,0,49.7707,100.352,0,0,0,209715000,20971500,100663000,33554400,0,11665400,0,0.293046,0,0,0.401011,0,0.686472,32,100,1024,0,0,0,34
mtran,6213,4194304,32,2,0,0,0,32,1,32,8,1,33.1108,8388690,18291700,21.549,8388700,67109100,0.193458,1048580,0.049608,0,0,0,0,49.8148,100.678,0,0,0,260051000,20971500,100663000,37748700,8388610,14024700,0,0.320281,0,0.147822,0.320281,0,0.659155,32,100,1024,0,0,0,34
mtran,19009,2097152,32,2,0,0,0,32,1,32,16,0,22.1189,8389660,49473600,6.64454,8389710,67108900,0.0596063,1048580,0.00763206,0,0,0,0,49.9401,99.9796,0,0,0,163578000,14680100,100663000,20971500,0,9502720,0,0.0591605,0,0,0.0954202,0,0.138391,32,100,1024,0,0,0,34
mtran,20531,2097152,32,2,0,0,0,32,1,32,16,1,21.5658,8389420,51778800,6.20203,8390020,67108900,0.0565631,1048580,0.00712678,0,0,0,0,49.9283,99.9114,0,0,0,188748000,14680100,100663000,23068700,4194300,10682400,0,0.0677645,0,0.0213993,0.0891638,0,0.145368,32,100,1024,0,0,0,34
mtran,31731,1048576,32,2,0,0,0,32,1,32,32,0,17.4783,8391790,65243600,4.10516,8390200,67109000,0.0378813,1048580,0.00235807,0,0,0,0,49.8829,99.5468,0,0,0,140509000,11534300,100663000,14680100,0,8421380,0,0.0325711,0,0,0.0580358,0,0.0761171,32,100,1024,0,0,0,34
mtran,31192,1048576,32,2,0,0,0,32,1,32,32,1,17.4896,8391330,64267300,4.1676,8389400,67108900,0.038592,1048580,0.00239372,0,0,0,0,49.882,99.4627,0,0,0,153096000,11534300,100663000,15728600,2097150,9011200,0,0.037303,0,0.00721994,0.0589629,0,0.0827492,32,100,1024,0,0,0,34
mtran,31613,524288,32,2,0,0,0,32,1,32,64,0,17.1913,8392330,64165900,4.0818,8389220,67109000,0.0379456,1048580,0.00117439,0,0,0,0,49.7302,99.8024,0,0,0,128975000,9961470,100663000,11534300,0,7880700,0,0.0303005,0,0,0.0570708,0,0.070771,32,100,1024,0,0,0,34
mtran,32393,524288,32,2,0,0,0,32,1,32,64,1,17.1497,8389820,65062500,4.02757,8392460,67109000,0.0371076,1048580,0.0011587,0,0,0,0,49.786,99.8978,0,0,0,135270000,9961470,100663000,12058600,1048580,8175620,0,0.0318968,0,0.00347965,0.0562544,0,0.0723679,32,100,1024,0,0,0,34
mtran,4322,33554432,64,2,0,0,0,32,2,32,2,0,38.5916,8389380,10167200,36.0973,8389180,67108900,0.32451,1048580,0.664812,0,0,0,0,84.892,100.022,0,0,0,335544000,33554400,100663000,234881000,0,26214400,0,0.996999,0,0,0.830832,0,2.07742,32,100,1024,0,0,0,10
mtran,3902,33554432,64,2,0,0,0,32,2,32,2,1,40.9851,8388680,8634050,41.8652,8388700,67108900,0.385378,1048580,0.771141,0,0,0,0,85.8876,99.92,0,0,0,805314000,33554400,100663000,201327000,67108900,45088800,0,2.70116,0,2.31528,0.964699,0,4.14848,32,100,1024,0,0,0,10
mtran,4228,16777216,64,2,0,0,0,32,2,32,4,0,39.519,8388690,10419400,36.5845,8388830,67108900,0.330867,1048580,0.842188,0,0,0,0,95.3459,100.011,0,0,0,587203000,83886100,100663000,201327000,0,37748700,0,2.44208,0,0,0.926307,0,3.03202,32,100,1024,0,0,0,34
mtran,3902,16777216,64,2,0,0,0,32,2,32,4,1,41.8309,8388620,8920320,41.9988,8388700,67108900,0.386212,1048580,0.965731,0,0,0,0,94.9995,99.9353,0,0,0,788537000,83886100,100663000,201327000,33554400,46661600,0,3.38225,0,1.15963,1.06299,0,4.30045,32,100,1024,0,0,0,34
mtran,4244,8388608,64,2,0,0,0,32,2,32,8,0,41.5606,8388620,11996600,35.5094,8388700,67108900,0.31982,1048580,0.163485,0,0,0,0,95.0731,100.444,0,0,0,293601000,33554400,100663000,75497500,0,16252900,0,0.528975,0,0,0.569666,0,1.26186,32,100,1024,0,0,0,34
mtran,3975,8388608,64,2,0,0,0,32,2,32,8,1,42.7957,8388820,10242700,39.7388,8389140,67108900,0.363065,1048580,0.182988,0,0,0,0,95.3841,99.9359,0,0,0,411050000,33554400,100663000,67108900,16777200,20971500,0,0.915528,0,0.549317,0.64087,0,1.83133,32,100,1024,0,0,0,34
mtran,5080,4194304,64,2,0,0,0,32,2,32,16,0,31.5015,8388840,15225400,23.3263,8388950,67109000,0.182454,1048580,0.0536625,0,0,0,0,96.0975,100.649,0,0,0,213910000,20971500,100663000,33554400,0,11796500,0,0.253254,0,0,0.346558,0,0.600008,32,100,1024,0,0,0,34
mtran,6677,4194304,64,2,0,0,0,32,2,32,16,1,24.8013,8389180,23468900,13.5673,8388700,67108900,0.116344,1048580,0.0311806,0,0,0,0,96.0379,101.629,0,0,0,264249000,20971500,100663000,37748700,8388610,14155800,0,0.199426,0,0.0920426,0.199426,0,0.414323,32,100,1024,0,0,0,34
mtran,23094,2097152,64,2,0,0,0,32,2,32,32,0,18.1821,8390200,47571100,5.63265,8389140,67109400,0.0509593,1048580,0.00646977,0,0,0,0,95.4407,99.5228,0,0,0,165675000,14680100,100663000,20971500,0,9568260,0,0.0503811,0,0,0.0812599,0,0.118687,32,100,1024,0,0,0,34
mtran,22847,2097152,64,2,0,0,0,32,2,32,32,1,18.1558,8389730,47831800,5.5795,8389380,67108900,0.0508378,1048580,0.00640858,0,0,0,0,95.2387,99.8292,0,0,0,195043000,14680100,100663000,18874400,4194300,10747900,0,0.0609857,0,0.0192587,0.0802444,0,0.131655,32,100,1024,0,0,0,34
mtran,25346,1048576,64,2,0,0,0,32,2,32,64,0,18.0138,8390370,51599200,5.19488,8390700,67109000,0.0472738,1048580,0.00298391,0,0,0,0,95.5957,99.4551,0,0,0,141558000,11534300,100663000,14680100,0,8454140,0,0.0412535,0,0,0.0735063,0,0.0968023,32,100,1024,0,0,0,34
mtran,24912,1048576,64,2,0,0,0,32,2,32,64,1,18.0591,8391660,50961100,5.25992,8389400,67109000,0.0478675,1048580,0.0030223,0,0,0,0,95.6687,99.9334,0,0,0,160440000,11534300,100663000,9437180,2097150,9043970,0,0.0468769,0,0.00907295,0.0740958,0,0.10439,32,100,1024,0,0,0,34
mtran,4217,33554432,128,2,0,0,0,32,4,32,4,0,38.7325,8388680,9737780,37.053,8388700,67108900,0.334557,1048580,0.682382,0,0,0,0,84.1864,99.973,0,0,0,335544000,33554400,100663000,234881000,0,26214400,0,1.02385,0,0,0.853208,0,2.13343,32,100,1024,0,0,0,10
mtran,3903,33554432,128,2,0,0,0,32,4,32,4,1,41.2569,8388680,8681900,41.9488,8389200,67108900,0.386215,1048580,0.772655,0,0,0,0,85.4161,99.9437,0,0,0,805323000,33554400,100663000,201327000,67108900,45088800,0,2.70582,0,2.31927,0.966363,0,4.15571,32,100,1024,0,0,0,10
mtran,3962,16777216,128,2,0,0,0,32,4,32,8,0,39.019,8388620,8944340,39.1107,8388820,67108900,0.355645,1048580,0.90047,0,0,0,0,95.129,99.7792,0,0,0,570425000,83886100,100663000,167772000,0,36175900,0,2.3464,0,0,0.992709,0,3.11409,32,100,1024,0,0,0,34
mtran,3902,16777216,128,2,0,0,0,32,4,32,8,1,41.0787,8388660,8610050,41.9934,8388700,67108900,0.386133,1048580,0.965532,0,0,0,0,94.8133,99.9328,0,0,0,771768000,83886100,100663000,184549000,33554400,45613100,0,3.1884,0,1.15942,1.0628,0,4.20325,32,100,1024,0,0,0,34
mtran,3927,8388608,128,2,0,0,0,32,4,32,16,0,41.7138,8388620,9811890,39.7979,8388700,67108900,0.362567,1048580,0.183133,0,0,0,0,94.5455,99.7747,0,0,0,293601000,33554400,100663000,75497500,0,16252900,0,0.596527,0,0,0.642413,0,1.42309,32,100,1024,0,0,0,34
mtran,3901,8388608,128,2,0,0,0,32,4,32,16,1,41.6065,8389020,8752700,41.9454,8388700,67108900,0.386258,1048580,0.193154,0,0,0,0,94.6564,99.9251,0,0,0,411058000,33554400,100663000,67108900,16777200,20971500,0,0.966493,0,0.579896,0.676545,0,1.93335,32,100,1024,0,0,0,34
mtran,3961,4194304,128,2,0,0,0,32,4,32,32,0,42.0756,8389540,9673900,40.5029,8389260,67108900,0.371405,1048580,0.0931749,0,0,0,0,97.0049,100.041,0,0,0,213910000,20971500,100663000,33554400,0,11796500,0,0.442397,0,0,0.605386,0,1.04814,32,100,1024,0,0,0,34
mtran,4316,4194304,128,2,0,0,0,32,4,32,32,1,36.1387,8389320,10964700,32.5403,8388700,67109200,0.293787,1048580,0.0748587,0,0,0,0,97.111,100.228,0,0,0,264257000,20971500,100663000,37748700,8388610,14155800,0,0.485476,0,0.224066,0.485476,0,1.00868,32,100,1024,0,0,0,34
mtran,4692,2097152,128,2,0,0,0,32,4,32,64,0,30.3003,8388620,13275800,24.0701,8388720,67108900,0.217022,1048580,0.0276799,0,0,0,0,97.7125,98.7428,0,0,0,165675000,14680100,100663000,20971500,0,9568260,0,0.21725,0,0,0.350404,0,0.511806,32,100,1024,0,0,0,34
mtran,4000,2097152,128,2,0,0,0,32,4,32,64,1,36.2156,8388620,11055600,32.1226,8388700,67108900,0.292243,1048580,0.0369688,0,0,0,0,97.6725,100.071,0,0,0,195051000,14680100,100663000,18874400,4194300,10747900,0,0.350956,0,0.110828,0.461784,0,0.757706,32,100,1024,0,0,0,34
mtran,3953,33554432,256,2,0,0,0,32,8,32,8,0,33.8417,8388700,8861340,41.4585,8389110,67108900,0.377197,1048580,0.758616,0,0,0,0,80.7435,99.8501,0,0,0,335544000,33554400,100663000,234881000,0,26214400,0,1.13963,0,0,0.949693,0,2.37472,32,100,1024,0,0,0,10
mtran,3901,33554432,256,2,0,0,0,32,8,32,8,1,31.7667,8388690,8441560,42.0426,8389140,67108900,0.386292,1048580,0.7726,0,0,0,0,82.2277,99.9415,0,0,0,805339000,33554400,100663000,201327000,67108900,45088800,0,2.70568,0,2.31916,0.966316,0,4.15557,32,100,1024,0,0,0,10
mtran,3901,16777216,256,2,0,0,0,32,8,32,16,0,38.4031,8388660,8658810,41.8753,8388700,67108900,0.386246,1048580,0.965585,0,0,0,0,91.5333,99.9371,0,0,0,570425000,83886100,100663000,167772000,0,36175900,0,2.5121,0,0,1.06281,0,3.33404,32,100,1024,0,0,0,34
mtran,3901,16777216,256,2,0,0,0,32,8,32,16,1,39.0104,8388620,8392360,41.7629,8388700,67108900,0.386276,1048580,0.965727,0,0,0,0,90.9848,99.9286,0,0,0,771784000,83886100,100663000,184549000,33554400,45613100,0,3.18918,0,1.1597,1.06306,0,4.2043,32,100,1024,0,0,0,34
mtran,3901,8388608,256,2,0,0,0,32,8,32,32,0,42.9261,8389200,9378260,41.926,8389130,67108900,0.386352,1048580,0.19306,0,0,0,0,90.9105,99.8872,0,0,0,293601000,33554400,100663000,75497500,0,16252900,0,0.628152,0,0,0.676471,0,1.49858,32,100,1024,0,0,0,34
mtran,3903,8388608,256,2,0,0,0,32,8,32,32,1,41.2071,8388660,8594080,41.9037,8388700,67108900,0.386316,1048580,0.19306,0,0,0,0,91.1562,99.8754,0,0,0,411074000,33554400,100663000,67108900,16777200,20971500,0,0.966504,0,0.579902,0.676553,0,1.9334,32,100,1024,0,0,0,34
mtran,3902,4194304,256,2,0,0,0,32,8,32,64,0,41.8783,8388870,8957970,41.9496,8388700,67108900,0.386361,1048580,0.096466,0,0,0,0,94.7049,99.8175,0,0,0,213910000,20971500,100663000,33554400,0,11796500,0,0.459051,0,0,0.628175,0,1.08762,32,100,1024,0,0,0,34
mtran,3904,4194304,256,2,0,0,0,32,8,32,64,1,41.2177,8388960,8603760,41.8783,8390310,67108900,0.386359,1048580,0.0964199,0,0,0,0,95.1445,99.74,0,0,0,264274000,20971500,100663000,37748700,8388610,14155800,0,0.628363,0,0.290014,0.628363,0,1.30554,32,100,1024,0,0,0,34
mtran,3903,33554432,512,2,0,0,0,32,16,32,16,0,41.1733,8388620,8569870,41.946,8388960,67108900,0.386246,1048580,0.772692,0,0,0,0,74.5566,99.9216,0,0,0,335544000,33554400,100663000,234881000,0,26214400,0,1.15995,0,0,0.966623,0,2.41706,32,100,1024,0,0,0,10
mtran,3902,33554432,512,2,0,0,0,32,16,32,16,1,34.7241,8388620,8388490,42.1268,8388700,67108900,0.386338,1048580,0.772634,0,0,0,0,72.8546,99.9174,0,0,0,805371000,33554400,100663000,201327000,67108900,45088800,0,2.70645,0,2.31982,0.966591,0,4.15675,32,100,1024,0,0,0,10
mtran,3905,16777216,512,2,0,0,0,32,16,32,32,0,40.2177,8389020,8529440,41.9968,8388700,67108900,0.385869,1048580,0.964467,0,0,0,0,86.4284,99.8818,0,0,0,570425000,83886100,100663000,167772000,0,36175900,0,2.51058,0,0,1.06217,0,3.33202,32,100,1024,0,0,0,34
mtran,3908,16777216,512,2,0,0,0,32,16,32,32,1,40.0373,8388980,8389000,41.8769,8388700,67108900,0.385613,1048580,0.96363,0,0,0,0,87.5106,99.8644,0,0,0,771817000,83886100,100663000,184549000,33554400,45613100,0,3.1843,0,1.15793,1.06143,0,4.19787,32,100,1024,0,0,0,34
mtran,3903,8388608,512,2,0,0,0,32,16,32,64,0,40.5618,8388620,8406400,41.9771,8389610,67108900,0.386345,1048580,0.193005,0,0,0,0,86.3343,99.827,0,0,0,293601000,33554400,100663000,75497500,0,16252900,0,0.628355,0,0,0.67669,0,1.49906,32,100,1024,0,0,0,34
mtran,3903,8388608,512,2,0,0,0,32,16,32,64,1,40.718,8388920,8396320,41.9143,8389110,67108900,0.386358,1048580,0.192977,0,0,0,0,87.7582,99.8138,0,0,0,411107000,33554400,100663000,67108900,16777200,20971500,0,0.966682,0,0.580009,0.676678,0,1.93376,32,100,1024,0,0,0,34
mtran,3899,33554432,1024,2,0,0,0,32,32,32,32,0,40.7344,8388690,8388830,41.9418,8388700,67109100,0.39577,1048580,0.772437,0,0,0,0,60.7992,92.6205,0,0,0,335544000,33554400,100663000,234881000,0,26214400,0,1.25097,0,0,1.04248,0,2.60673,32,100,1024,0,0,0,10
mtran,3911,33554432,1024,2,0,0,0,32,32,32,32,1,40.3047,8388620,8388670,41.747,8388700,67108900,0.393426,1048580,0.768942,0,0,0,0,61.7546,94.0827,0,0,0,805436000,33554400,100663000,201327000,67108900,45088800,0,2.86057,0,2.45191,1.02163,0,4.39344,32,100,1024,0,0,0,10
mtran,3929,16777216,1024,2,0,0,0,32,32,32,64,0,40.0994,8388620,8388620,41.5218,8388710,67108900,0.387116,1048580,0.955994,0,0,0,0,80.6388,96.449,0,0,0,570425000,83886100,100663000,167772000,0,36175900,0,2.5771,0,0,1.09031,0,3.4203,32,100,1024,0,0,0,34
mtran,3921,16777216,1024,2,0,0,0,32,32,32,64,1,40.265,8388630,8388600,41.659,8388700,67108900,0.387953,1048580,0.959134,0,0,0,0,79.9564,96.9264,0,0,0,771882000,83886100,100663000,184549000,33554400,45613100,0,3.26551,0,1.18746,1.0885,0,4.30494,32,100,1024,0,0,0,34
mtran,2233,33554432,32,2,1,0,0,1,32,1,32,0,67.5539,8388640,8388590,38.9999,8388700,33554500,1.28906,2097150,1.29146,0,0,0,0,46.0637,100.171,0,0,0,335544000,33554400,100663000,234881000,0,26214400,0,1.93387,0,0,1.61156,0,4.02914,32,100,1024,0,0,0,12
mtran,19304,33554432,32,2,1,0,0,1,32,1,32,1,16.1263,8389040,33554900,4.27558,8392110,33554500,0.143617,2097150,0.141125,0,0,0,0,49.5462,99.9151,0,0,0,738329000,33554400,100663000,268435000,67108900,45088800,0,0.494358,0,0.423735,0.176556,0,0.759218,32,100,1024,0,0,0,14
mtran,2052,16777216,32,2,1,0,0,1,32,1,64,0,70.8748,8389340,8388560,40.7941,8388700,33554500,1.34936,2097150,1.68891,0,0,0,0,47.9245,99.8922,0,0,0,587203000,83886100,100663000,150995000,0,36175900,0,4.22684,0,0,1.85981,0,5.83351,32,100,1024,0,0,0,38
mtran,19486,16777216,32,2,1,0,0,1,32,1,64,1,16.0718,8391490,33554700,3.67474,8388980,33554600,0.122998,2097150,0.152171,0,0,0,0,49.7885,99.8666,0,0,0,788660000,83886100,100663000,167772000,33554400,45613100,0,0.487599,0,0.182849,0.167612,0,0.662862,32,100,1024,0,0,0,36
mtran,2043,33554432,64,2,1,0,0,1,64,1,64,0,75.782,8388660,8388620,43.5568,8388700,33554500,1.44527,2097150,1.44289,0,0,0,0,89.5466,99.6727,0,0,0,335544000,33554400,100663000,234881000,0,26214400,0,2.17144,0,0,1.80953,0,4.52437,32,100,1024,0,0,0,12
mtran,18541,33554432,64,2,1,0,0,1,64,1,64,1,16.9971,8389610,33554400,3.88298,8390050,33554600,0.129634,2097150,0.128615,0,0,0,0,92.9306,99.8949,0,0,0,738460000,33554400,100663000,268435000,67108900,45088800,0,0.450626,0,0.38625,0.160938,0,0.692081,32,100,1024,0,0,0,14
mtran,2469,33554432,32,2,1,0,0,2,16,2,16,0,49.5427,8389270,8388710,17.0261,8388700,16692100,0.941997,2097150,0.942039,0,0,0,0,46.9996,99.8966,0,0,0,335544000,33554400,100663000,234881000,0,26214400,0,1.41452,0,0,1.17877,0,2.9471,32,100,1024,0,0,0,12
mtran,12885,33554432,32,2,1,0,0,2,16,2,16,1,14.3647,8389650,16525300,3.34139,8388950,16777200,0.186315,2097150,0.18418,0,0,0,0,49.4134,100.348,0,0,0,771817000,33554400,100663000,234881000,67108900,45088800,0,0.642392,0,0.550622,0.229426,0,0.986565,32,100,1024,0,0,0,14
mtran,2473,16777216,32,2,1,0,0,2,16,2,32,0,49.6617,8388690,8388420,16.8921,8388700,16377700,0.944435,2097150,1.18423,0,0,0,0,48.5124,99.9391,0,0,0,570425000,83886100,100663000,167772000,0,36175900,0,3.08088,0,0,1.30345,0,4.08845,32,100,1024,0,0,0,38
mtran,12763,16777216,32,2,1,0,0,2,16,2,32,1,14.6152,8388690,16777200,3.36836,8388700,16777300,0.188216,2097150,0.231866,0,0,0,0,49.6916,99.8953,0,0,0,788595000,83886100,100663000,167772000,33554400,45613100,0,0.742748,0,0.278531,0.25532,0,1.00972,32,100,1024,0,0,0,36
mtran,1370,8388608,32,2,1,0,0,2,16,2,64,0,89.2292,8388860,8388640,30.763,8388700,16727600,1.68352,2097150,0.425696,0,0,0,0,48.683,99.8611,0,0,0,310378000,33554400,100663000,67108900,0,16515100,0,1.49201,0,0,1.49201,0,3.35763,32,100,1024,0,0,0,38
mtran,11919,8388608,32,2,1,0,0,2,16,2,64,1,15.554,8388890,16777300,3.58008,8389140,16777300,0.199811,2097150,0.0493206,0,0,0,0,49.8136,100.407,0,0,0,411107000,33554400,100663000,75497500,16777200,21233700,0,0.257885,0,0.147363,0.171923,0,0.497418,32,100,1024,0,0,0,36
mtran,1599,33554432,64,2,1,0,0,2,32,2,32,0,76.7986,8388800,8388640,26.1654,8388700,16504000,1.45359,2097150,1.46125,0,0,0,0,93.8506,100.212,0,0,0,335544000,33554400,100663000,234881000,0,26214400,0,2.18724,0,0,1.8227,0,4.5573,32,100,1024,0,0,0,12
mtran,11153,33554432,64,2,1,0,0,2,32,2,32,1,16.8019,8388690,16776900,3.84687,8389170,16777300,0.213945,2097150,0.211961,0,0,0,0,94.6827,99.8557,0,0,0,771883000,33554400,100663000,234881000,67108900,45088800,0,0.742937,0,0.636803,0.265335,0,1.14102,32,100,1024,0,0,0,14
mtran,1601,16777216,64,2,1,0,0,2,32,2,64,0,76.6236,8388620,8388640,25.9303,8388700,16293800,1.45695,2097150,1.82344,0,0,0,0,96.5933,99.9179,0,0,0,570425000,83886100,100663000,167772000,0,36175900,0,4.74483,0,0,2.00743,0,6.29705,32,100,1024,0,0,0,38
mtran,11719,16777216,64,2,1,0,0,2,32,2,64,1,16.0238,8389330,16777000,3.65895,8390060,16777300,0.204793,2097150,0.252604,0,0,0,0,96.8019,99.8309,0,0,0,788660000,83886100,100663000,167772000,33554400,45613100,0,0.809702,0,0.303638,0.278335,0,1.1008,32,100,1024,0,0,0,36
mtran,1371,33554432,128,2,1,0,0,2,64,2,64,0,89.1934,8388920,8388680,30.8035,8388700,16775700,1.69752,2097150,1.70159,0,0,0,0,92.3952,100.095,0,0,0,335544000,33554400,100663000,234881000,0,26214400,0,2.54998,0,0,2.12498,0,5.31325,32,100,1024,0,0,0,12
mtran,10031,33554432,128,2,1,0,0,2,64,2,64,1,18.553,8388700,16776800,4.25182,8388700,16777300,0.237517,2097150,0.234314,0,0,0,0,93.919,100.056,0,0,0,772014000,33554400,100663000,234881000,67108900,45088800,0,0.81964,0,0.702549,0.292729,0,1.25884,32,100,1024,0,0,0,14
mtran,2658,33554432,32,2,1,0,0,4,8,4,8,0,48.4959,8440940,8388640,11.1194,8388700,8388630,0.922302,2097150,0.92,0,0,0,0,46.2867,96.7797,0,0,0,335544000,33554400,100663000,234881000,0,26214400,0,1.42592,0,0,1.18826,0,2.97084,32,100,1024,0,0,0,12
mtran,3236,33554432,32,2,1,0,0,4,8,4,8,1,39.833,8529210,8388340,9.07447,8388700,8388630,0.744049,2097150,0.749914,0,0,0,0,47.2687,98.5402,0,0,0,771785000,33554400,100663000,234881000,67108900,45088800,0,2.66358,0,2.28307,0.951279,0,4.09065,32,100,1024,0,0,0,14
mtran,2522,16777216,32,2,1,0,0,4,8,4,16,0,49.569,8508720,8388590,11.3001,8388700,8388680,0.922845,2097150,1.1683,0,0,0,0,48.2262,99.2828,0,0,0,570425000,83886100,100663000,167772000,0,36175900,0,3.05951,0,0,1.29441,0,4.06007,32,100,1024,0,0,0,38
mtran,5671,16777216,32,2,1,0,0,4,8,4,16,1,22.732,8917400,8387990,5.05209,8389820,8388630,0.428863,2097150,0.52226,0,0,0,0,49.2899,100,0,0,0,788562000,83886100,100663000,167772000,33554400,45613100,0,1.67123,0,0.626712,0.574486,0,2.27194,32,100,1024,0,0,0,36
mtran,1648,8388608,32,2,1,0,0,4,8,4,32,0,76.8266,8388620,8388640,17.6285,8388700,8388630,1.41009,2097150,0.364645,0,0,0,0,48.8773,99.7745,0,0,0,310378000,33554400,100663000,67108900,0,16515100,0,1.27914,0,0,1.27914,0,2.87858,32,100,1024,0,0,0,38
mtran,7287,8388608,32,2,1,0,0,4,8,4,32,1,17.2859,8486240,8388780,3.961,8388950,8388890,0.332954,2097150,0.0817502,0,0,0,0,49.712,99.9017,0,0,0,411075000,33554400,100663000,75497500,16777200,21233700,0,0.429611,0,0.245492,0.286407,0,0.82865,32,100,1024,0,0,0,36
mtran,1722,4194304,32,2,1,0,0,4,8,4,64,0,76.1987,8388620,8388650,17.4123,8388700,8388630,1.39331,2097150,0.180415,0,0,0,0,49.3951,99.9979,0,0,0,226492000,20971500,100663000,41943000,0,12451800,0,0.947199,0,0,1.17272,0,2.14284,32,100,1024,0,0,0,38
mtran,7238,4194304,32,2,1,0,0,4,8,4,64,1,17.1531,8412690,8388840,3.92955,8390060,8388630,0.334378,2097150,0.0405813,0,0,0,0,49.8234,99.8466,0,0,0,272662000,20971500,100663000,46137300,8388610,14680100,0,0.284506,0,0.121931,0.264184,0,0.569099,32,100,1024,0,0,0,38
mtran,2536,33554432,64,2,1,0,0,4,16,4,16,0,49.8237,8388620,8388610,11.478,8388980,8388630,0.91528,2097150,0.949991,0,0,0,0,96.8383,99.9026,0,0,0,335544000,33554400,100663000,234881000,0,26214400,0,1.42638,0,0,1.18865,0,2.97198,32,100,1024,0,0,0,12
mtran,5250,33554432,64,2,1,0,0,4,16,4,16,1,24.1614,8388620,8388340,5.538,8389410,8388630,0.46408,2097150,0.458103,0,0,0,0,98.1648,100.115,0,0,0,771817000,33554400,100663000,234881000,67108900,45088800,0,1.60152,0,1.37273,0.571971,0,2.45965,32,100,1024,0,0,0,14
mtran,2538,16777216,64,2,1,0,0,4,16,4,32,0,49.7889,8388620,8388630,11.431,8388700,8388630,0.923492,2097150,1.1814,0,0,0,0,97.95,99.909,0,0,0,570425000,83886100,100663000,167772000,0,36175900,0,3.07445,0,0,1.30073,0,4.08022,32,100,1024,0,0,0,38
mtran,7790,16777216,64,2,1,0,0,4,16,4,32,1,16.1172,8388930,8388290,3.71419,8389170,8388630,0.31542,2097150,0.383675,0,0,0,0,98.8804,99.8586,0,0,0,788595000,83886100,100663000,167772000,33554400,45613100,0,1.2295,0,0.461061,0.422639,0,1.67153,32,100,1024,0,0,0,36
mtran,1659,8388608,64,2,1,0,0,4,16,4,64,0,83.2688,8388960,8388430,18.9178,8388700,8388810,1.40905,2097150,0.391582,0,0,0,0,96.6537,98.3557,0,0,0,310378000,33554400,100663000,67108900,0,16515100,0,1.39345,0,0,1.39345,0,3.13637,32,100,1024,0,0,0,38
mtran,6882,8388608,64,2,1,0,0,4,16,4,64,1,17.9468,8389560,8389090,4.10642,8390490,8388630,0.350238,2097150,0.0849473,0,0,0,0,99.2102,99.7193,0,0,0,411107000,33554400,100663000,75497500,16777200,21233700,0,0.447229,0,0.255559,0.298153,0,0.86275,32,100,1024,0,0,0,36
mtran,1598,33554432,128,2,1,0,0,4,32,4,32,0,76.8437,8388620,8388640,17.7056,8388700,8388630,1.45482,2097150,1.46642,0,0,0,0,94.8047,99.8783,0,0,0,335544000,33554400,100663000,234881000,0,26214400,0,2.20232,0,0,1.83526,0,4.58884,32,100,1024,0,0,0,12
mtran,6496,33554432,128,2,1,0,0,4,32,4,32,1,19.2745,8388620,8388280,4.41967,8389270,8388630,0.369782,2097150,0.365139,0,0,0,0,98.5969,100.021,0,0,0,771883000,33554400,100663000,234881000,67108900,45088800,0,1.27772,0,1.09519,0.456329,0,1.96238,32,100,1024,0,0,0,14
mtran,1599,16777216,128,2,1,0,0,4,32,4,64,0,76.6592,8388620,8388590,17.6617,8388830,8388630,1.45925,2097150,1.8282,0,0,0,0,97.1336,99.8899,0,0,0,570425000,83886100,100663000,167772000,0,36175900,0,4.75857,0,0,2.01324,0,6.31545,32,100,1024,0,0,0,38
mtran,6628,16777216,128,2,1,0,0,4,32,4,64,1,18.3901,8389060,8388210,4.23272,8388700,8388680,0.364203,2097150,0.437544,0,0,0,0,98.9794,99.9075,0,0,0,788660000,83886100,100663000,167772000,33554400,45613100,0,1.40144,0,0.525539,0.481744,0,1.9053,32,100,1024,0,0,0,36
mtran,1368,33554432,256,2,1,0,0,4,64,4,64,0,89.1141,8388660,8388630,20.4866,8388700,8388630,1.69389,2097150,1.69358,0,0,0,0,93.1698,99.8726,0,0,0,335544000,33554400,100663000,234881000,0,26214400,0,2.54362,0,0,2.11968,0,5.30009,32,100,1024,0,0,0,12
mtran,5676,33554432,256,2,1,0,0,4,64,4,64,1,21.781,8388620,8388400,4.96787,8389340,8388630,0.415292,2097150,0.411331,0,0,0,0,97.8433,99.8065,0,0,0,772014000,33554400,100663000,234881000,67108900,45088800,0,1.44245,0,1.23639,0.515161,0,2.21541,32,100,1024,0,0,0,14
mtran,2855,33554432,32,2,1,0,0,8,4,8,4,0,45.6269,8443500,8388560,15.6301,16676000,8388630,0.850898,2097150,0.865824,0,0,0,0,46.2453,99.1592,0,0,0,335544000,33554400,100663000,234881000,0,26214400,0,1.30975,0,0,1.09146,0,2.7288,32,100,1024,0,0,0,12
mtran,2853,33554432,32,2,1,0,0,8,4,8,4,1,43.9411,8405580,8388390,15.0854,16708300,8388630,0.830506,2097150,0.833748,0,0,0,0,47.0336,99.7881,0,0,0,771768000,33554400,100663000,234881000,67108900,45088800,0,2.92432,0,2.50656,1.0444,0,4.49107,32,100,1024,0,0,0,14
mtran,2628,16777216,32,2,1,0,0,8,4,8,8,0,48.4035,8523700,8388670,14.4022,13521700,8388630,0.900793,2097150,1.14157,0,0,0,0,48.3618,99.6208,0,0,0,570425000,83886100,100663000,167772000,0,36175900,0,2.97938,0,0,1.26051,0,3.95373,32,100,1024,0,0,0,38
mtran,2818,16777216,32,2,1,0,0,8,4,8,8,1,45.4599,8696400,8388620,13.3902,13532600,8388630,0.843103,2097150,1.05919,0,0,0,0,48.5403,99.7134,0,0,0,788546000,83886100,100663000,167772000,33554400,45613100,0,3.39916,0,1.27468,1.16846,0,4.62098,32,100,1024,0,0,0,36
mtran,2539,8388608,32,2,1,0,0,8,4,8,16,0,49.8457,8388620,8388640,11.4782,8391230,8388630,0.924595,2097150,0.237638,0,0,0,0,49.2421,99.9468,0,0,0,310378000,33554400,100663000,67108900,0,16515100,0,0.832176,0,0,0.832176,0,1.87273,32,100,1024,0,0,0,38
mtran,3028,8388608,32,2,1,0,0,8,4,8,16,1,42.235,8460040,8388330,10.1885,9322640,8388630,0.78553,2097150,0.199395,0,0,0,0,49.3644,99.8396,0,0,0,411058000,33554400,100663000,75497500,16777200,21233700,0,1.04851,0,0.599146,0.699004,0,2.0224,32,100,1024,0,0,0,36
mtran,2409,4194304,32,2,1,0,0,8,4,8,32,0,52.8881,8388710,8388590,15.4658,8391570,8388630,1.23776,2097150,0.158925,0,0,0,0,49.4459,99.8637,0,0,0,226492000,20971500,100663000,41943000,0,12451800,0,0.835496,0,0,1.03442,0,1.89011,32,100,1024,0,0,0,38
mtran,3481,4194304,32,2,1,0,0,8,4,8,32,1,37.4782,8998110,8388430,11.1347,9081450,8388630,0.870421,2097150,0.110729,0,0,0,0,49.6106,99.9588,0,0,0,272646000,20971500,100663000,46137300,8388610,14680100,0,0.775422,0,0.332324,0.720035,0,1.55107,32,100,1024,0,0,0,38
mtran,2437,2097152,32,2,1,0,0,8,4,8,64,0,52.3574,8388910,8388920,15.4463,8389360,8388630,1.23868,2097150,0.0794883,0,0,0,0,49.6255,99.8121,0,0,0,180355000,14680100,100663000,29360100,0,10289200,0,0.696832,0,0,0.995474,0,1.5632,32,100,1024,0,0,0,38
mtran,4498,2097152,32,2,1,0,0,8,4,8,64,1,26.7828,8729860,8388370,8.08504,9090790,8388630,0.667013,2097150,0.0398432,0,0,0,0,49.772,99.6631,0,0,0,203440000,14680100,100663000,27263000,4194300,11272200,0,0.419767,0,0.119933,0.499723,0,0.859684,32,100,1024,0,0,0,38
mtran,2535,33554432,64,2,1,0,0,8,8,8,8,0,50.1712,8470220,8388600,14.7275,8390010,8388630,1.18861,2097150,1.21321,0,0,0,0,96.0619,99.9305,0,0,0,335544000,33554400,100663000,234881000,0,26214400,0,1.82108,0,0,1.51757,0,3.79434,32,100,1024,0,0,0,12
mtran,2795,33554432,64,2,1,0,0,8,8,8,8,1,45.1345,8524780,8388610,13.2104,8389330,8388630,1.07604,2097150,1.08814,0,0,0,0,96.424,99.9749,0,0,0,771785000,33554400,100663000,234881000,67108900,45088800,0,3.80943,0,3.26523,1.36051,0,5.85059,32,100,1024,0,0,0,14
mtran,2571,16777216,64,2,1,0,0,8,8,8,16,0,50.4801,8742560,8388550,13.3789,8389170,8388630,1.07934,2097150,1.37939,0,0,0,0,98.0739,99.8583,0,0,0,570425000,83886100,100663000,167772000,0,36175900,0,3.59149,0,0,1.51948,0,4.76637,32,100,1024,0,0,0,38
mtran,3056,16777216,64,2,1,0,0,8,8,8,16,1,42.6749,8723820,8388300,9.83867,8389740,8388630,0.800892,2097150,1.01555,0,0,0,0,98.4707,99.8534,0,0,0,788562000,83886100,100663000,167772000,33554400,45613100,0,3.25454,0,1.22045,1.11875,0,4.42457,32,100,1024,0,0,0,36
mtran,2074,8388608,64,2,1,0,0,8,8,8,32,0,59.755,8389270,8388780,13.7503,8408060,8388630,1.14,2097150,0.284305,0,0,0,0,96.9892,100.358,0,0,0,310378000,33554400,100663000,67108900,0,16515100,0,0.991519,0,0,0.991519,0,2.23171,32,100,1024,0,0,0,38
mtran,3253,8388608,64,2,1,0,0,8,8,8,32,1,39.8687,8816740,8388360,8.92022,8391200,8388630,0.734141,2097150,0.184449,0,0,0,0,98.8172,99.5434,0,0,0,411074000,33554400,100663000,75497500,16777200,21233700,0,0.9728,0,0.555886,0.648534,0,1.87663,32,100,1024,0,0,0,36
mtran,2047,4194304,64,2,1,0,0,8,8,8,64,0,62.3619,8404330,8388240,14.6292,8533060,8388630,1.17845,2097150,0.150521,0,0,0,0,96.3891,100.49,0,0,0,226492000,20971500,100663000,41943000,0,12451800,0,0.786382,0,0,0.973616,0,1.77927,32,100,1024,0,0,0,38
mtran,4242,4194304,64,2,1,0,0,8,8,8,64,1,29.1993,8610020,8388570,6.68382,8400980,8388630,0.572759,2097150,0.0690149,0,0,0,0,99.3558,100.55,0,0,0,272662000,20971500,100663000,46137300,8388610,14680100,0,0.480461,0,0.205912,0.446142,0,0.961214,32,100,1024,0,0,0,38
mtran,2536,33554432,128,2,1,0,0,8,16,8,16,0,49.7947,8388620,8388680,11.3815,8388830,8388630,0.917795,2097150,0.943213,0,0,0,0,96.7252,99.9472,0,0,0,335544000,33554400,100663000,234881000,0,26214400,0,1.41557,0,0,1.17964,0,2.94954,32,100,1024,0,0,0,12
mtran,3043,33554432,128,2,1,0,0,8,16,8,16,1,42.2815,8392570,8388640,10.9013,8388700,8388630,0.830408,2097150,0.901813,0,0,0,0,96.9806,106.409,0,0,0,771817000,33554400,100663000,234881000,67108900,45088800,0,2.96623,0,2.54248,1.05937,0,4.55567,32,100,1024,0,0,0,14
mtran,2527,16777216,128,2,1,0,0,8,16,8,32,0,50.0663,8388620,8388420,12.7815,8388960,8388630,1.03318,2097150,1.3182,0,0,0,0,97.8152,99.9329,0,0,0,570425000,83886100,100663000,167772000,0,36175900,0,3.42961,0,0,1.45099,0,4.5517,32,100,1024,0,0,0,38
mtran,3534,16777216,128,2,1,0,0,8,16,8,32,1,35.1257,8388760,8388330,9.5951,8389080,8388680,0.799776,2097150,0.988498,0,0,0,0,98.3504,100.004,0,0,0,788595000,83886100,100663000,167772000,33554400,45613100,0,3.16307,0,1.18615,1.0873,0,4.3003,32,100,1024,0,0,0,36
mtran,1668,8388608,128,2,1,0,0,8,16,8,64,0,83.0124,8388960,8387990,23.5455,8392290,8388630,1.76608,2097150,0.485276,0,0,0,0,95.9753,97.6848,0,0,0,310378000,33554400,100663000,67108900,0,16515100,0,1.73872,0,0,1.73872,0,3.91374,32,100,1024,0,0,0,38
mtran,4064,8388608,128,2,1,0,0,8,16,8,64,1,28.9089,8388910,8387930,8.5447,8389100,8388630,0.737435,2097150,0.175561,0,0,0,0,99.1227,99.9919,0,0,0,411107000,33554400,100663000,75497500,16777200,21233700,0,0.921769,0,0.526725,0.614512,0,1.77827,32,100,1024,0,0,0,36
mtran,1601,33554432,256,2,1,0,0,8,32,8,32,0,77.705,8388620,8388510,22.9301,8389100,8388630,1.88581,2097150,1.89144,0,0,0,0,91.5724,99.8865,0,0,0,335544000,33554400,100663000,234881000,0,26214400,0,2.84039,0,0,2.36699,0,5.91847,32,100,1024,0,0,0,12
mtran,3008,33554432,256,2,1,0,0,8,32,8,32,1,40.5526,8388700,8388700,11.9742,8388700,8388680,1.00177,2097150,0.985317,0,0,0,0,95.273,100.005,0,0,0,771883000,33554400,100663000,234881000,67108900,45088800,0,3.44844,0,2.95581,1.23159,0,5.29633,32,100,1024,0,0,0,14
mtran,1603,16777216,256,2,1,0,0,8,32,8,64,0,76.924,8388780,8388870,20.2967,8388700,8388630,1.67656,2097150,2.096,0,0,0,0,95.5004,99.8187,0,0,0,570425000,83886100,100663000,167772000,0,36175900,0,5.4595,0,0,2.30979,0,7.24581,32,100,1024,0,0,0,38
mtran,3972,16777216,256,2,1,0,0,8,32,8,64,1,30.7842,8388620,8388400,7.69752,8388710,8388630,0.670719,2097150,0.798512,0,0,0,0,97.518,100.037,0,0,0,788660000,83886100,100663000,167772000,33554400,45613100,0,2.55429,0,0.957858,0.878037,0,3.47263,32,100,1024,0,0,0,36
mtran,1369,33554432,512,2,1,0,0,8,64,8,64,0,89.2213,8388620,8388080,20.5154,8388700,8388630,1.69688,2097150,1.6966,0,0,0,0,89.2225,99.903,0,0,0,335544000,33554400,100663000,234881000,0,26214400,0,2.54737,0,0,2.12281,0,5.30792,32,100,1024,0,0,0,12
mtran,3400,33554432,512,2,1,0,0,8,64,8,64,1,36.4124,8388620,8388650,8.33795,8388950,8388630,0.711671,2097150,0.690264,0,0,0,0,94.7584,100.165,0,0,0,772014000,33554400,100663000,234881000,67108900,45088800,0,2.41195,0,2.06739,0.861412,0,3.70443,32,100,1024,0,0,0,14
mtran,3205,33554432,32,2,1,0,0,16,2,16,2,0,41.7007,8410560,8388200,23.7324,33077500,8388630,0.777049,2097150,0.794978,0,0,0,0,47.3319,99.9892,0,0,0,335544000,33554400,100663000,234881000,0,26214400,0,1.1926,0,0,0.993829,0,2.48472,32,100,1024,0,0,0,12
mtran,2579,33554432,32,2,1,0,0,16,2,16,2,1,48.609,8479260,8388560,27.5655,33196600,8388630,0.91883,2097150,0.919986,0,0,0,0,47.0259,99.8615,0,0,0,771760000,33554400,100663000,234881000,67108900,45088800,0,3.22442,0,2.76379,1.15158,0,4.95196,32,100,1024,0,0,0,14
mtran,3082,16777216,32,2,1,0,0,16,2,16,4,0,43.2268,8515980,8388640,23.1906,31096400,8388630,0.796253,2097150,1.02099,0,0,0,0,48.7469,100.047,0,0,0,570425000,83886100,100663000,218104000,0,37748700,0,2.85741,0,0,1.12255,0,3.6741,32,100,1024,0,0,0,38
mtran,2708,16777216,32,2,1,0,0,16,2,16,4,1,47.1856,8765860,8388880,28.5198,31932100,8388680,0.983427,2097150,1.22796,0,0,0,0,48.4103,99.888,0,0,0,788537000,83886100,100663000,201327000,33554400,46661600,0,4.05681,0,1.47521,1.35227,0,5.47072,32,100,1024,0,0,0,36
mtran,2560,8388608,32,2,1,0,0,16,2,16,8,0,49.3999,8519000,8388460,11.2682,8432960,8388630,0.914405,2097150,0.232222,0,0,0,0,49.2571,99.7898,0,0,0,310378000,33554400,100663000,67108900,0,16515100,0,0.814491,0,0,0.814491,0,1.83293,32,100,1024,0,0,0,38
mtran,2841,8388608,32,2,1,0,0,16,2,16,8,1,44.0592,8441440,8388310,13.44,13920700,8388630,0.836092,2097150,0.209314,0,0,0,0,49.3311,99.8026,0,0,0,411050000,33554400,100663000,75497500,16777200,21233700,0,1.10107,0,0.629185,0.734049,0,2.12379,32,100,1024,0,0,0,36
mtran,2597,4194304,32,2,1,0,0,16,2,16,16,0,49.689,8959750,8388450,11.1008,8455140,8388630,0.910176,2097150,0.114487,0,0,0,0,49.6108,99.8367,0,0,0,226492000,20971500,100663000,41943000,0,12451800,0,0.60204,0,0,0.745383,0,1.36199,32,100,1024,0,0,0,38
mtran,2995,4194304,32,2,1,0,0,16,2,16,16,1,46.1144,10204400,8388850,12.5457,13590300,8388680,0.793869,2097150,0.0991766,0,0,0,0,49.6622,99.942,0,0,0,272638000,20971500,100663000,46137300,8388610,14680100,0,0.694639,0,0.297703,0.645022,0,1.38951,32,100,1024,0,0,0,38
mtran,3048,2097152,32,2,1,0,0,16,2,16,32,0,49.5053,11931000,8388680,9.43349,8486740,8388680,0.776356,2097150,0.0484931,0,0,0,0,49.7782,100.07,0,0,0,180355000,14680100,100663000,29360100,0,10289200,0,0.424016,0,0,0.605738,0,0.951215,32,100,1024,0,0,0,38
mtran,3124,2097152,32,2,1,0,0,16,2,16,32,1,46.76,11215000,8388710,13.2808,13136800,8388630,0.86653,2097150,0.0537645,0,0,0,0,49.773,99.9468,0,0,0,203432000,14680100,100663000,27263000,4194300,11272200,0,0.564827,0,0.161379,0.672414,0,1.15677,32,100,1024,0,0,0,38
mtran,3118,1048576,32,2,1,0,0,16,2,16,64,0,48.1037,11905600,8388750,10.6493,8471970,8388930,0.877375,2097150,0.0273501,0,0,0,0,49.759,99.7163,0,0,0,157286000,11534300,100663000,23068700,0,9207810,0,0.43199,0,0,0.671985,0,0.963621,32,100,1024,0,0,0,38
mtran,3192,1048576,32,2,1,0,0,16,2,16,64,1,45.4507,11402100,8388610,14.4029,13244700,8388630,0.924994,2097150,0.0286971,0,0,0,0,49.7756,99.8726,0,0,0,168829000,11534300,100663000,17825800,2097150,9568260,0,0.50284,0,0.0862011,0.703975,0,1.04901,32,100,1024,0,0,0,38
mtran,2692,33554432,64,2,1,0,0,16,4,16,4,0,47.588,8529870,8388360,20.7777,16629200,8388650,1.12928,2097150,1.14913,0,0,0,0,95.3012,98.989,0,0,0,335544000,33554400,100663000,234881000,0,26214400,0,1.7413,0,0,1.45109,0,3.62812,32,100,1024,0,0,0,12
mtran,2657,33554432,64,2,1,0,0,16,4,16,4,1,47.4019,8573990,8388390,20.6506,16667100,8388630,1.13535,2097150,1.14106,0,0,0,0,96.0601,99.8477,0,0,0,771768000,33554400,100663000,234881000,67108900,45088800,0,3.99979,0,3.42839,1.4285,0,6.14294,32,100,1024,0,0,0,14
mtran,2609,16777216,64,2,1,0,0,16,4,16,8,0,49.577,8894070,8388110,17.4579,14277400,8388630,1.05692,2097150,1.33893,0,0,0,0,96.1456,99.9545,0,0,0,570425000,83886100,100663000,167772000,0,36175900,0,3.48281,0,0,1.47349,0,4.62214,32,100,1024,0,0,0,38
mtran,2846,16777216,64,2,1,0,0,16,4,16,8,1,44.194,8488530,8388280,14.4528,14988300,8388630,0.859298,2097150,1.0749,0,0,0,0,97.4034,99.8804,0,0,0,788545000,83886100,100663000,167772000,33554400,45613100,0,3.44378,0,1.29142,1.1838,0,4.68185,32,100,1024,0,0,0,36
mtran,2456,8388608,64,2,1,0,0,16,4,16,16,0,51.4247,8400370,8388340,12.0968,8490720,8388630,0.971225,2097150,0.248632,0,0,0,0,93.7692,100.122,0,0,0,310378000,33554400,100663000,67108900,0,16515100,0,0.869153,0,0,0.869153,0,1.95629,32,100,1024,0,0,0,38
mtran,2783,8388608,64,2,1,0,0,16,4,16,16,1,45.9606,8790020,8388670,11.2532,9737220,8388630,0.863371,2097150,0.2157,0,0,0,0,93.6865,99.9284,0,0,0,411058000,33554400,100663000,75497500,16777200,21233700,0,1.13323,0,0.647562,0.755489,0,2.18612,32,100,1024,0,0,0,36
mtran,2360,4194304,64,2,1,0,0,16,4,16,32,0,53.355,8578920,8388700,12.8579,9064150,8388630,1.01321,2097150,0.127796,0,0,0,0,95.3826,100.349,0,0,0,226492000,20971500,100663000,41943000,0,12451800,0,0.668596,0,0,0.827786,0,1.5128,32,100,1024,0,0,0,38
mtran,2746,4194304,64,2,1,0,0,16,4,16,32,1,47.3891,9086560,8389000,11.4167,9744740,8388630,0.880616,2097150,0.109411,0,0,0,0,93.9356,99.7252,0,0,0,272646000,20971500,100663000,46137300,8388610,14680100,0,0.767988,0,0.329138,0.713132,0,1.53644,32,100,1024,0,0,0,38
mtran,2619,2097152,64,2,1,0,0,16,4,16,64,0,50.9131,9537990,8387970,12.3773,10463700,8388680,0.912508,2097150,0.0570236,0,0,0,0,95.9521,99.5346,0,0,0,180355000,14680100,100663000,29360100,0,10289200,0,0.501289,0,0,0.716128,0,1.12475,32,100,1024,0,0,0,38
mtran,2762,2097152,64,2,1,0,0,16,4,16,64,1,46.918,9205200,8389340,13.9022,10110500,8389270,1.04418,2097150,0.0647964,0,0,0,0,94.9472,99.7184,0,0,0,203440000,14680100,100663000,27263000,4194300,11272200,0,0.682284,0,0.194938,0.812243,0,1.39759,32,100,1024,0,0,0,38
mtran,2569,33554432,128,2,1,0,0,16,8,16,8,0,50.1248,8587950,8388460,14.6108,8388780,8388630,1.17037,2097150,1.20323,0,0,0,0,95.3814,99.9356,0,0,0,335544000,33554400,100663000,234881000,0,26214400,0,1.806,0,0,1.505,0,3.76307,32,100,1024,0,0,0,12
mtran,2829,33554432,128,2,1,0,0,16,8,16,8,1,44.0327,8400780,8388070,12.9706,8388700,8388630,1.0627,2097150,1.06806,0,0,0,0,95.7254,99.9748,0,0,0,771785000,33554400,100663000,234881000,67108900,45088800,0,3.73916,0,3.205,1.33541,0,5.74277,32,100,1024,0,0,0,14
mtran,2591,16777216,128,2,1,0,0,16,8,16,16,0,50.4271,8832960,8388360,13.1695,8388900,8388630,1.06577,2097150,1.36269,0,0,0,0,97.3799,99.9455,0,0,0,570425000,83886100,100663000,167772000,0,36175900,0,3.54492,0,0,1.49978,0,4.70474,32,100,1024,0,0,0,38
mtran,2777,16777216,128,2,1,0,0,16,8,16,16,1,46.1958,8852900,8388400,12.0005,8388970,8388630,0.995313,2097150,1.24165,0,0,0,0,97.6544,99.8408,0,0,0,788562000,83886100,100663000,167772000,33554400,45613100,0,3.97962,0,1.49236,1.36799,0,5.41043,32,100,1024,0,0,0,36
mtran,1959,8388608,128,2,1,0,0,16,8,16,32,0,63.7157,8389190,8388530,15.6099,8392640,8388630,1.28861,2097150,0.323877,0,0,0,0,92.7731,100.929,0,0,0,310378000,33554400,100663000,67108900,0,16515100,0,1.12313,0,0,1.12313,0,2.5281,32,100,1024,0,0,0,38
mtran,2375,8388608,128,2,1,0,0,16,8,16,32,1,53.9051,8491270,8388240,13.1273,8390380,8388630,1.09025,2097150,0.272241,0,0,0,0,98.7234,99.8631,0,0,0,411074000,33554400,100663000,75497500,16777200,21233700,0,1.43122,0,0.817842,0.954149,0,2.7611,32,100,1024,0,0,0,36
mtran,2044,4194304,128,2,1,0,0,16,8,16,64,0,60.9617,8398740,8388680,14.9577,8449680,8388630,1.24247,2097150,0.154581,0,0,0,0,95.3913,98.9463,0,0,0,226492000,20971500,100663000,41943000,0,12451800,0,0.820195,0,0,1.01548,0,1.8558,32,100,1024,0,0,0,38
mtran,2358,4194304,128,2,1,0,0,16,8,16,64,1,53.8611,8488810,8388240,13.1495,8395570,8388630,1.09666,2097150,0.136248,0,0,0,0,98.9672,99.8552,0,0,0,272662000,20971500,100663000,46137300,8388610,14680100,0,0.955116,0,0.409335,0.886893,0,1.91093,32,100,1024,0,0,0,38
mtran,2572,33554432,256,2,1,0,0,16,16,16,16,0,49.7156,8388730,8388240,12.1984,8388700,8388630,0.97946,2097150,1.01152,0,0,0,0,94.8894,99.9304,0,0,0,335544000,33554400,100663000,234881000,0,26214400,0,1.51833,0,0,1.26528,0,3.16372,32,100,1024,0,0,0,12
mtran,2748,33554432,256,2,1,0,0,16,16,16,16,1,45.6872,8388770,8388470,12.0436,8388700,8388630,0.990649,2097150,0.994877,0,0,0,0,94.739,100.025,0,0,0,771817000,33554400,100663000,234881000,67108900,45088800,0,3.48121,0,2.9839,1.24329,0,5.34666,32,100,1024,0,0,0,14
mtran,2529,16777216,256,2,1,0,0,16,16,16,32,0,50.0497,8388620,8388370,12.9427,8390270,8388630,1.04886,2097150,1.33807,0,0,0,0,96.3405,99.8555,0,0,0,570425000,83886100,100663000,167772000,0,36175900,0,3.48403,0,0,1.47401,0,4.62398,32,100,1024,0,0,0,38
mtran,2871,16777216,256,2,1,0,0,16,16,16,32,1,43.598,8388970,8388280,11.2248,8388700,8388970,0.925885,2097150,1.15709,0,0,0,0,96.5704,99.8334,0,0,0,788594000,83886100,100663000,167772000,33554400,45613100,0,3.70888,0,1.39083,1.27493,0,5.04233,32,100,1024,0,0,0,36
mtran,1578,8388608,256,2,1,0,0,16,16,16,64,0,86.4524,8388950,8388750,22.2542,8388900,8388630,1.67822,2097150,0.45975,0,0,0,0,90.6776,99.9962,0,0,0,310378000,33554400,100663000,67108900,0,16515100,0,1.60919,0,0,1.60919,0,3.62228,32,100,1024,0,0,0,38
mtran,2278,8388608,256,2,1,0,0,16,16,16,64,1,55.3931,8388690,8389120,14.2456,8388760,8388630,1.17954,2097150,0.293829,0,0,0,0,98.0705,99.802,0,0,0,411107000,33554400,100663000,75497500,16777200,21233700,0,1.54566,0,0.883237,1.03044,0,2.98185,32,100,1024,0,0,0,36
mtran,1629,33554432,512,2,1,0,0,16,32,16,32,0,76.3855,8388620,8388730,19.6693,8388700,8388630,1.60866,2097150,1.62412,0,0,0,0,86.5953,99.9436,0,0,0,335544000,33554400,100663000,234881000,0,26214400,0,2.43755,0,0,2.03129,0,5.07909,32,100,1024,0,0,0,12
mtran,2053,33554432,512,2,1,0,0,16,32,16,32,1,60.3718,8388630,8388440,17.8932,8388700,8388630,1.46957,2097150,1.4816,0,0,0,0,87.4528,99.8615,0,0,0,771882000,33554400,100663000,234881000,67108900,45088800,0,5.19278,0,4.45096,1.85457,0,7.97541,32,100,1024,0,0,0,14
mtran,1628,16777216,512,2,1,0,0,16,32,16,64,0,76.5269,8388630,8388030,22.6931,8391480,8388630,1.83841,2097150,2.35227,0,0,0,0,90.3302,99.8573,0,0,0,570425000,83886100,100663000,167772000,0,36175900,0,6.12464,0,0,2.5912,0,8.12859,32,100,1024,0,0,0,38
mtran,2045,16777216,512,2,1,0,0,16,32,16,64,1,60.4813,8388620,8388540,17.8272,8388710,8388630,1.46682,2097150,1.82545,0,0,0,0,92.6464,99.7971,0,0,0,788660000,83886100,100663000,167772000,33554400,45613100,0,5.8533,0,2.19499,2.01207,0,7.9578,32,100,1024,0,0,0,36
mtran,1592,33554432,1024,2,1,0,0,16,64,16,64,0,78.3248,8388660,8388520,23.127,8388700,8388680,2.01361,2097150,1.89448,0,0,0,0,73.8098,90.5815,0,0,0,335544000,33554400,100663000,234881000,0,26214400,0,3.13719,0,0,2.61433,0,6.53692,32,100,1024,0,0,0,12
mtran,1934,33554432,1024,2,1,0,0,16,64,16,64,1,63.8011,8388980,8387690,18.8921,8388700,8388630,1.62601,2097150,1.54773,0,0,0,0,80.9156,93.6588,0,0,0,772013000,33554400,100663000,234881000,67108900,45088800,0,5.78383,0,4.95757,2.06565,0,8.88318,32,100,1024,0,0,0,14
mtran,4039,33554432,32,2,1,0,0,32,1,32,1,0,31.6197,8416640,8388220,40.6992,65809300,8388630,0.739742,2097150,0.755762,0,0,0,0,47.6605,99.9169,0,0,0,335544000,33554400,100663000,234881000,0,26214400,0,1.13459,0,0,0.945488,0,2.36385,32,100,1024,0,0,0,12
mtran,2883,33554432,32,2,1,0,0,32,1,32,1,1,44.9252,9173800,8388580,55.5272,66017400,8388630,1.03126,2097150,1.02958,0,0,0,0,46.707,99.9141,0,0,0,771756000,33554400,100663000,234881000,67108900,45088800,0,3.60662,0,3.09139,1.28808,0,5.53892,32,100,1024,0,0,0,14
mtran,3740,16777216,32,2,1,0,0,32,1,32,2,0,35.3727,8594800,8388820,39.9798,64205600,8388630,0.749557,2097150,0.954743,0,0,0,0,48.84,99.878,0,0,0,553648000,83886100,100663000,167772000,0,35651600,0,2.48536,0,0,1.0515,0,3.25035,32,100,1024,0,0,0,38
mtran,2680,16777216,32,2,1,0,0,32,1,32,2,1,47.4272,8434900,8388660,47.4455,64662600,8388630,0.903082,2097150,1.12911,0,0,0,0,48.5966,99.8909,0,0,0,771756000,83886100,100663000,167772000,33554400,45088800,0,3.6171,0,1.35641,1.24338,0,4.86072,32,100,1024,0,0,0,36
mtran,2899,8388608,32,2,1,0,0,32,1,32,4,0,45.6115,8629630,8388690,26.2906,34269200,8388630,0.85208,2097150,0.214303,0,0,0,0,49.3192,99.8807,0,0,0,293601000,33554400,100663000,75497500,0,16252900,0,0.697316,0,0,0.750955,0,1.66313,32,100,1024,0,0,0,38
mtran,2649,8388608,32,2,1,0,0,32,1,32,4,1,47.9916,8490160,8388640,32.2406,40912700,8388630,0.908326,2097150,0.227524,0,0,0,0,49.2785,99.9487,0,0,0,402657000,33554400,100663000,75497500,16777200,20971500,0,1.19511,0,0.682923,0.796743,0,2.27673,32,100,1024,0,0,0,36
mtran,2601,4194304,32,2,1,0,0,32,1,32,8,0,49.6877,8946130,8388490,27.3867,33072700,8388630,0.917517,2097150,0.114355,0,0,0,0,49.5961,99.6954,0,0,0,222298000,20971500,100663000,41943000,0,12320800,0,0.602201,0,0,0.745582,0,1.34802,32,100,1024,0,0,0,38
mtran,2966,4194304,32,2,1,0,0,32,1,32,8,1,46.2599,9802130,8388610,28.9542,41173100,8388630,0.814759,2097150,0.101487,0,0,0,0,49.6586,99.8922,0,0,0,268440000,20971500,100663000,46137300,8388610,14549000,0,0.711177,0,0.30479,0.660379,0,1.40987,32,100,1024,0,0,0,38
mtran,3246,2097152,32,2,1,0,0,32,1,32,16,0,48.4861,12984100,8387800,20.6021,31363800,8388630,0.725154,2097150,0.0450443,0,0,0,0,49.7794,99.7214,0,0,0,178258000,14680100,100663000,29360100,0,10223600,0,0.395239,0,0,0.564627,0,0.881002,32,100,1024,0,0,0,38
mtran,4037,2097152,32,2,1,0,0,32,1,32,16,1,42.7415,14679600,8388470,23.8177,42368500,8388630,0.615596,2097150,0.0408886,0,0,0,0,49.8397,99.9091,0,0,0,197136000,14680100,100663000,31457300,4194300,11206700,0,0.42972,0,0.122777,0.511572,0,0.874961,32,100,1024,0,0,0,38
mtran,8660,1048576,32,2,1,0,0,32,1,32,32,0,39.5755,38700700,8388670,9.66121,35015700,8388820,0.298646,2097150,0.00966239,0,0,0,0,49.8864,103.407,0,0,0,156238000,11534300,100663000,23068700,0,9175040,0,0.147169,0,0,0.22893,0,0.327117,32,100,1024,0,0,0,38
mtran,9533,1048576,32,2,1,0,0,32,1,32,32,1,38.9574,41454200,8388500,9.98772,42523800,8388680,0.272843,2097150,0.00851957,0,0,0,0,49.8797,99.9022,0,0,0,161485000,11534300,100663000,24117200,2097150,9535490,0,0.149238,0,0.0255837,0.208934,0,0.310275,32,100,1024,0,0,0,38
mtran,9361,524288,32,2,1,0,0,32,1,32,64,0,37.7094,41893300,8387410,7.62367,35872200,8388630,0.239052,2097150,0.00374367,0,0,0,0,49.8321,99.4676,0,0,0,145228000,9961470,100663000,19922900,0,8650750,0,0.11197,0,0,0.18254,0,0.248466,32,100,1024,0,0,0,38
mtran,9145,524288,32,2,1,0,0,32,1,32,64,1,37.2145,37328000,8388120,9.52821,42512500,8388630,0.260527,2097150,0.00406389,0,0,0,0,49.8574,99.9943,0,0,0,143659000,9961470,100663000,20447200,1048580,8699900,0,0.12802,0,0.0121924,0.19711,0,0.269825,32,100,1024,0,0,0,38
mtran,3620,33554432,64,2,1,0,0,32,2,32,2,0,38.0647,8480890,8388300,26.9945,43839900,8388630,0.702683,2097150,0.720244,0,0,0,0,89.7245,100.265,0,0,0,335544000,33554400,100663000,234881000,0,26214400,0,1.07751,0,0,0.897921,0,2.24507,32,100,1024,0,0,0,12
mtran,2609,33554432,64,2,1,0,0,32,2,32,2,1,48.0289,8434060,8388880,31.3875,39275500,8388630,0.907631,2097150,0.91443,0,0,0,0,91.3736,100.616,0,0,0,771760000,33554400,100663000,234881000,67108900,45088800,0,3.18092,0,2.7265,1.13604,0,4.88532,32,100,1024,0,0,0,14
mtran,3238,16777216,64,2,1,0,0,32,2,32,4,0,41.6451,8612230,8388570,27.6227,40362600,8388630,0.77536,2097150,0.980403,0,0,0,0,86.8554,99.8646,0,0,0,570425000,83886100,100663000,218104000,0,37748700,0,2.74885,0,0,1.07991,0,3.53478,32,100,1024,0,0,0,38
mtran,2649,16777216,64,2,1,0,0,32,2,32,4,1,47.9738,8550540,8388540,30.4362,38881300,8388630,0.902299,2097150,1.12862,0,0,0,0,89.3824,99.9212,0,0,0,788537000,83886100,100663000,201327000,33554400,46661600,0,3.72738,0,1.35541,1.24246,0,5.02661,32,100,1024,0,0,0,36
mtran,2532,8388608,64,2,1,0,0,32,2,32,8,0,50.8681,9213390,8387480,18.7318,19306700,8388630,0.919279,2097150,0.230767,0,0,0,0,81.7402,100.517,0,0,0,310378000,33554400,100663000,67108900,0,16515100,0,0.803529,0,0,0.803529,0,1.80859,32,100,1024,0,0,0,38
mtran,2759,8388608,64,2,1,0,0,32,2,32,8,1,47.8152,9337450,8388890,25.1737,25499600,8388630,1.01631,2097150,0.252282,0,0,0,0,88.3994,99.6522,0,0,0,411050000,33554400,100663000,75497500,16777200,21233700,0,1.3291,0,0.759488,0.88607,0,2.56395,32,100,1024,0,0,0,36
mtran,2713,4194304,64,2,1,0,0,32,2,32,16,0,50.9803,10572500,8387140,21.2884,18937100,8388630,1.08486,2097150,0.136397,0,0,0,0,90.5477,101.669,0,0,0,226492000,20971500,100663000,41943000,0,12451800,0,0.704331,0,0,0.872029,0,1.5936,32,100,1024,0,0,0,38
mtran,3394,4194304,64,2,1,0,0,32,2,32,16,1,44.0214,11930500,8388330,24.8351,31017500,8388630,0.858301,2097150,0.106693,0,0,0,0,90.2706,99.4464,0,0,0,272638000,20971500,100663000,46137300,8388610,14680100,0,0.751009,0,0.321861,0.697365,0,1.50246,32,100,1024,0,0,0,38
mtran,6579,2097152,64,2,1,0,0,32,2,32,32,0,41.8693,29569200,8388660,10.9598,26766400,8388720,0.424677,2097150,0.0261466,0,0,0,0,91.3845,98.1857,0,0,0,180355000,14680100,100663000,29360100,0,10289200,0,0.23301,0,0,0.332872,0,0.522795,32,100,1024,0,0,0,38
mtran,7675,2097152,64,2,1,0,0,32,2,32,32,1,39.7216,32891800,8388860,12.2856,36406500,8388720,0.376125,2097150,0.0239759,0,0,0,0,93.1368,101.286,0,0,0,203432000,14680100,100663000,27263000,4194300,11272200,0,0.248551,0,0.0710146,0.295894,0,0.509131,32,100,1024,0,0,0,38
mtran,8074,1048576,64,2,1,0,0,32,2,32,64,0,37.9241,34894700,8389040,9.43815,29661300,8388720,0.347342,2097150,0.0108616,0,0,0,0,94.8606,100.064,0,0,0,157286000,11534300,100663000,23068700,0,9207810,0,0.17096,0,0,0.265938,0,0.381421,32,100,1024,0,0,0,38
mtran,8231,1048576,64,2,1,0,0,32,2,32,64,1,38.0989,34492000,8389040,10.5132,36881900,8388630,0.326647,2097150,0.0100874,0,0,0,0,96.1664,99.1145,0,0,0,168829000,11534300,100663000,17825800,2097150,9568260,0,0.178106,0,0.0305325,0.249349,0,0.371649,32,100,1024,0,0,0,38
mtran,2810,33554432,128,2,1,0,0,32,4,32,4,0,46.7438,8515150,8388600,15.9096,16599800,8388630,0.864966,2097150,0.884466,0,0,0,0,94.2734,100.253,0,0,0,335544000,33554400,100663000,234881000,0,26214400,0,1.32335,0,0,1.10279,0,2.75739,32,100,1024,0,0,0,12
mtran,2535,33554432,128,2,1,0,0,32,4,32,4,1,49.3412,8451120,8388470,16.8929,16654600,8388630,0.928462,2097150,0.934974,0,0,0,0,95.7078,99.8841,0,0,0,771768000,33554400,100663000,234881000,67108900,45088800,0,3.2762,0,2.80818,1.17007,0,5.03174,32,100,1024,0,0,0,14
mtran,2648,16777216,128,2,1,0,0,32,4,32,8,0,49.1315,8861610,8389280,14.9644,14438600,8388630,0.899855,2097150,1.1386,0,0,0,0,96.4037,99.9443,0,0,0,570425000,83886100,100663000,167772000,0,36175900,0,2.96201,0,0,1.25316,0,3.9311,32,100,1024,0,0,0,38
mtran,2662,16777216,128,2,1,0,0,32,4,32,8,1,47.9559,8799250,8388620,14.8275,14683600,8388630,0.892972,2097150,1.1171,0,0,0,0,97.1396,99.9585,0,0,0,788545000,83886100,100663000,167772000,33554400,45613100,0,3.5762,0,1.34107,1.22932,0,4.86197,32,100,1024,0,0,0,36
mtran,2386,8388608,128,2,1,0,0,32,4,32,16,0,52.567,8431400,8388160,12.9972,9624100,8388630,0.989535,2097150,0.251989,0,0,0,0,86.607,100.26,0,0,0,310378000,33554400,100663000,67108900,0,16515100,0,0.87967,0,0,0.87967,0,1.98008,32,100,1024,0,0,0,38
mtran,2734,8388608,128,2,1,0,0,32,4,32,16,1,45.7487,8529260,8388600,11.0685,9420520,8388630,0.857348,2097150,0.216126,0,0,0,0,96.5614,100.379,0,0,0,411058000,33554400,100663000,75497500,16777200,21233700,0,1.13038,0,0.64593,0.753585,0,2.18072,32,100,1024,0,0,0,36
mtran,2371,4194304,128,2,1,0,0,32,4,32,32,0,53.3617,8730730,8388720,13.2113,10103200,8388630,0.99476,2097150,0.124192,0,0,0,0,93.8192,99.7365,0,0,0,226492000,20971500,100663000,41943000,0,12451800,0,0.653728,0,0,0.809378,0,1.47916,32,100,1024,0,0,0,38
mtran,2714,4194304,128,2,1,0,0,32,4,32,32,1,49.2691,9482570,8388640,11.6847,10015900,8388690,0.881227,2097150,0.109642,0,0,0,0,96.5785,99.6592,0,0,0,272646000,20971500,100663000,46137300,8388610,14680100,0,0.770121,0,0.330052,0.715112,0,1.54081,32,100,1024,0,0,0,38
mtran,2742,2097152,128,2,1,0,0,32,4,32,64,0,49.9468,10316600,8388470,12.5887,12063200,8388680,0.8566,2097150,0.0534181,0,0,0,0,96.0913,99.9413,0,0,0,180355000,14680100,100663000,29360100,0,10289200,0,0.467683,0,0,0.668119,0,1.04936,32,100,1024,0,0,0,38
mtran,2864,2097152,128,2,1,0,0,32,4,32,64,1,47.0861,9618710,8388220,11.9345,11533400,8388630,0.836456,2097150,0.0522372,0,0,0,0,96.7229,99.5568,0,0,0,203440000,14680100,100663000,27263000,4194300,11272200,0,0.550933,0,0.157409,0.655872,0,1.12864,32,100,1024,0,0,0,38
mtran,2596,33554432,256,2,1,0,0,32,8,32,8,0,49.4379,8555420,8388590,11.2259,8388700,8388630,0.909154,2097150,0.928554,0,0,0,0,93.0448,99.7727,0,0,0,335544000,33554400,100663000,234881000,0,26214400,0,1.396,0,0,1.16334,0,2.90883,32,100,1024,0,0,0,12
mtran,2612,33554432,256,2,1,0,0,32,8,32,8,1,48.35,8535090,8388800,13.2596,8388700,8388630,1.08535,2097150,1.09117,0,0,0,0,91.0078,99.8712,0,0,0,771784000,33554400,100663000,234881000,67108900,45088800,0,3.82402,0,3.27773,1.36572,0,5.87317,32,100,1024,0,0,0,14
mtran,2592,16777216,256,2,1,0,0,32,8,32,16,0,50.0198,8838210,8388720,14.3078,8395250,8388630,1.15257,2097150,1.46807,0,0,0,0,91.586,99.8916,0,0,0,570425000,83886100,100663000,167772000,0,36175900,0,3.82113,0,0,1.61663,0,5.07137,32,100,1024,0,0,0,38
mtran,2783,16777216,256,2,1,0,0,32,8,32,16,1,45.0292,8496530,8388320,13.2085,8391970,8388630,1.08256,2097150,1.35972,0,0,0,0,92.7277,99.8855,0,0,0,788562000,83886100,100663000,167772000,33554400,45613100,0,4.35611,0,1.63354,1.49741,0,5.92225,32,100,1024,0,0,0,36
mtran,2137,8388608,256,2,1,0,0,32,8,32,32,0,59.8296,8395200,8388780,17.7905,8459500,8388630,1.41769,2097150,0.364336,0,0,0,0,87.9335,99.8867,0,0,0,310378000,33554400,100663000,67108900,0,16515100,0,1.27662,0,0,1.27662,0,2.87368,32,100,1024,0,0,0,38
mtran,2255,8388608,256,2,1,0,0,32,8,32,32,1,55.4119,8463820,8389060,16.2528,8406340,8388630,1.34231,2097150,0.334537,0,0,0,0,93.8055,99.3794,0,0,0,411074000,33554400,100663000,75497500,16777200,21233700,0,1.76729,0,1.00988,1.17819,0,3.4094,32,100,1024,0,0,0,36
mtran,2111,4194304,256,2,1,0,0,32,8,32,64,0,59.8332,8429750,8388490,17.9802,8752020,8388630,1.43408,2097150,0.181709,0,0,0,0,93.2252,99.8099,0,0,0,226492000,20971500,100663000,41943000,0,12451800,0,0.955788,0,0,1.18336,0,2.16264,32,100,1024,0,0,0,38
mtran,2244,4194304,256,2,1,0,0,32,8,32,64,1,56.328,8492060,8388100,16.6013,8465670,8388630,1.34901,2097150,0.170243,0,0,0,0,96.8546,99.6991,0,0,0,272662000,20971500,100663000,46137300,8388610,14680100,0,1.19529,0,0.512269,1.10992,0,2.39143,32,100,1024,0,0,0,38
mtran,2557,33554432,512,2,1,0,0,32,16,32,16,0,49.9153,8388710,8388340,14.7183,8388970,8388680,1.17922,2097150,1.2121,0,0,0,0,84.0837,99.8421,0,0,0,335544000,33554400,100663000,234881000,0,26214400,0,1.82103,0,0,1.51752,0,3.79444,32,100,1024,0,0,0,12
mtran,2761,33554432,512,2,1,0,0,32,16,32,16,1,45.0593,8388620,8388490,13.2925,8388700,8388630,1.09088,2097150,1.0946,0,0,0,0,85.5383,99.8874,0,0,0,771817000,33554400,100663000,234881000,67108900,45088800,0,3.83541,0,3.28749,1.36979,0,5.89067,32,100,1024,0,0,0,14
mtran,2514,16777216,512,2,1,0,0,32,16,32,32,0,50.1213,8388980,8388650,13.2232,8388700,8388630,1.06978,2097150,1.36359,0,0,0,0,92.5024,99.869,0,0,0,570425000,83886100,100663000,167772000,0,36175900,0,3.54998,0,0,1.50191,0,4.7115,32,100,1024,0,0,0,38
mtran,2621,16777216,512,2,1,0,0,32,16,32,32,1,47.9519,8388620,8388920,12.5856,8388710,8388630,1.0313,2097150,1.29639,0,0,0,0,92.3414,99.8492,0,0,0,788594000,83886100,100663000,167772000,33554400,45613100,0,4.15472,0,1.55802,1.42818,0,5.6485,32,100,1024,0,0,0,36
mtran,2046,8388608,512,2,1,0,0,32,16,32,64,0,72.0401,8389470,8388390,17.7005,8388720,8388630,1.47049,2097150,0.366789,0,0,0,0,87.4307,99.7743,0,0,0,310378000,33554400,100663000,67108900,0,16515100,0,1.28666,0,0,1.28666,0,2.89628,32,100,1024,0,0,0,38
mtran,2106,8388608,512,2,1,0,0,32,16,32,64,1,63.2256,8388690,8388180,15.537,8388750,8388680,1.28278,2097150,0.322288,0,0,0,0,95.2561,99.8608,0,0,0,411107000,33554400,100663000,75497500,16777200,21233700,0,1.69437,0,0.968213,1.12958,0,3.26882,32,100,1024,0,0,0,36
mtran,2459,33554432,1024,2,1,0,0,32,32,32,32,0,58.3996,8388620,8388310,14.379,8388830,8388630,1.23704,2097150,1.19086,0,0,0,0,73.3112,93.5855,0,0,0,335544000,33554400,100663000,234881000,0,26214400,0,1.90873,0,0,1.59061,0,3.97718,32,100,1024,0,0,0,12
mtran,2405,33554432,1024,2,1,0,0,32,32,32,32,1,59.693,8389390,8388520,14.6826,8388700,8388630,1.25998,2097150,1.21659,0,0,0,0,71.2651,93.6647,0,0,0,771882000,33554400,100663000,234881000,67108900,45088800,0,4.54608,0,3.89664,1.6236,0,6.98217,32,100,1024,0,0,0,14
mtran,2198,16777216,1024,2,1,0,0,32,32,32,64,0,66.0276,8388730,8387900,16.0456,8388700,8388680,1.36075,2097150,1.66473,0,0,0,0,90.2571,96.5249,0,0,0,570425000,83886100,100663000,167772000,0,36175900,0,4.48412,0,0,1.89713,0,5.95129,32,100,1024,0,0,0,38
mtran,2294,16777216,1024,2,1,0,0,32,32,32,64,1,64.8248,8388630,8388410,15.6855,8388700,8388630,1.32451,2097150,1.63263,0,0,0,0,90.7224,97.0675,0,0,0,788659000,83886100,100663000,167772000,33554400,45613100,0,5.38224,0,2.01834,1.85014,0,7.31737,32,100,1024,0,0,0,36
mtran,1752,16777216,32,4,0,0,0,1,32,1,32,0,72.2665,8388690,8388050,25.5386,16109000,8388630,0.365917,524288,0.726426,0,0,0,0,47.5607,99.7157,0,0,0,268435000,16777200,83886100,117441000,0,17825800,0,1.82124,0,0,1.27487,0,3.09661,32,100,1024,0,0,0,16
mtran,8931,16777216,32,4,0,0,0,1,32,1,32,1,34.6669,33552700,8388800,5.0407,16780000,8388680,0.0699025,524288,0.139725,0,0,0,0,49.5421,99.9607,0,0,0,469828000,16777200,83886100,134218000,33554400,27263000,0,0.594063,0,0.419339,0.244614,0,0.908637,32,100,1024,0,0,0,16
mtran,1812,8388608,32,4,0,0,0,1,32,1,64,0,69.9355,8388630,8386760,23.5129,16185000,8388630,0.333162,524288,0.332332,0,0,0,0,48.9422,99.8553,0,0,0,402653000,67108900,83886100,33554400,0,20447200,0,1.66407,0,0,0.998442,0,3.2454,32,100,1024,0,0,0,46
mtran,8940,8388608,32,4,0,0,0,1,32,1,64,1,34.8822,33554400,8388670,4.79791,16779100,8388630,0.06605,524288,0.0662117,0,0,0,0,49.7607,100.202,0,0,0,486605000,67108900,83886100,58720300,16777200,25165800,0,0.446027,0,0.198234,0.198234,0,0.792987,32,100,1024,0,0,0,46
mtran,1619,16777216,64,4,0,0,0,1,64,1,64,0,82.2222,8390390,8388940,25.5749,14440100,8388630,0.368268,524288,0.778615,0,0,0,0,93.1854,99.613,0,0,0,268435000,16777200,83886100,117441000,0,17825800,0,1.9541,0,0,1.36787,0,3.32305,32,100,1024,0,0,0,16
mtran,8717,16777216,64,4,0,0,0,1,64,1,64,1,35.6289,33554900,8388820,4.92947,16777300,8388680,0.0678455,524288,0.135913,0,0,0,0,91.6963,100.015,0,0,0,469893000,16777200,83886100,134218000,33554400,27263000,0,0.577545,0,0.407679,0.237812,0,0.883436,32,100,1024,0,0,0,16
mtran,2356,16777216,32,4,0,0,0,2,16,2,16,0,55.872,8388620,8388220,12.8943,8388700,8388630,0.252762,524288,0.533579,0,0,0,0,48.245,100.046,0,0,0,268435000,16777200,83886100,117441000,0,17825800,0,1.33333,0,0,0.933334,0,2.26694,32,100,1024,0,0,0,16
mtran,3323,16777216,32,4,0,0,0,2,16,2,16,1,41.8735,10096200,8388520,8.72692,8388940,8388630,0.179128,524288,0.360456,0,0,0,0,48.789,99.9972,0,0,0,486572000,16777200,83886100,117441000,33554400,27263000,0,1.53198,0,1.0814,0.630817,0,2.34316,32,100,1024,0,0,0,16
mtran,2085,8388608,32,4,0,0,0,2,16,2,32,0,62.847,8388670,8389080,14.4296,8388700,8388680,0.284088,524288,0.298756,0,0,0,0,49.0652,99.8765,0,0,0,394265000,67108900,83886100,41943000,0,20447200,0,1.57041,0,0,0.897377,0,2.91689,32,100,1024,0,0,0,46
mtran,4895,8388608,32,4,0,0,0,2,16,2,32,1,36.9128,16015200,8389130,5.81577,8389170,8388630,0.120629,524288,0.120276,0,0,0,0,49.5958,99.9157,0,0,0,486572000,67108900,83886100,58720300,16777200,25165800,0,0.812547,0,0.361132,0.361132,0,1.44462,32,100,1024,0,0,0,46
mtran,2087,4194304,32,4,0,0,0,2,16,2,64,0,63.6967,8389680,8388430,14.5604,8388700,8389380,0.287006,524288,0.150744,0,0,0,0,49.4901,99.7055,0,0,0,201327000,16777200,83886100,16777200,0,10223600,0,0.982729,0,0,0.83154,0,1.47452,32,100,1024,0,0,0,46
mtran,4725,4194304,32,4,0,0,0,2,16,2,64,1,39.498,16777300,8388800,6.73254,8388700,8388630,0.139208,524288,0.0696368,0,0,0,0,49.7298,99.9521,0,0,0,247497000,16777200,83886100,25165800,8388610,12582900,0,0.574779,0,0.209011,0.383186,0,0.836144,32,100,1024,0,0,0,46
mtran,1883,16777216,64,4,0,0,0,2,32,2,32,0,67.3572,8388850,8387980,18.3584,8388700,8388670,0.381617,524288,0.755974,0,0,0,0,93.7775,99.4719,0,0,0,268435000,16777200,83886100,117441000,0,17825800,0,1.89997,0,0,1.32998,0,3.23064,32,100,1024,0,0,0,16
mtran,4585,16777216,64,4,0,0,0,2,32,2,32,1,37.8864,15186600,8388690,7.98721,8389710,8388680,0.165556,524288,0.331135,0,0,0,0,94.8239,100.054,0,0,0,486605000,16777200,83886100,117441000,33554400,27263000,0,1.40656,0,0.992865,0.579171,0,2.15143,32,100,1024,0,0,0,16
mtran,2005,8388608,64,4,0,0,0,2,32,2,64,0,63.0981,8390260,8387980,17.1683,8388700,8388630,0.351457,524288,0.353767,0,0,0,0,95.647,99.159,0,0,0,394265000,67108900,83886100,41943000,0,20447200,0,1.87303,0,0,1.0703,0,3.47944,32,100,1024,0,0,0,46
mtran,4703,8388608,64,4,0,0,0,2,32,2,64,1,39.5379,16777600,8389030,7.13825,8388700,8388630,0.147148,524288,0.147057,0,0,0,0,94.778,99.8732,0,0,0,486605000,67108900,83886100,58720300,16777200,25165800,0,0.993893,0,0.44173,0.44173,0,1.76713,32,100,1024,0,0,0,46
mtran,1626,16777216,128,4,0,0,0,2,64,2,64,0,83.9609,8388890,8386320,22.3942,8388700,8388650,0.424969,524288,0.925243,0,0,0,0,92.2481,99.9369,0,0,0,268435000,16777200,83886100,117441000,0,17825800,0,2.31457,0,0,1.6202,0,3.93575,32,100,1024,0,0,0,16
mtran,4685,16777216,128,4,0,0,0,2,64,2,64,1,39.679,16776800,8388410,7.04226,8388870,8388680,0.145372,524288,0.290388,0,0,0,0,93.9296,99.96,0,0,0,486670000,16777200,83886100,117441000,33554400,27263000,0,1.23464,0,0.871512,0.508382,0,1.88854,32,100,1024,0,0,0,16
mtran,2776,16777216,32,4,0,0,0,4,8,4,8,0,47.009,8388620,8379240,11.7427,8388830,8388630,0.236635,524288,0.48769,0,0,0,0,48.3003,99.9751,0,0,0,268435000,16777200,83886100,117441000,0,17825800,0,1.21953,0,0,0.85367,0,2.07347,32,100,1024,0,0,0,16
mtran,3249,16777216,32,4,0,0,0,4,8,4,8,1,40.3464,8388620,8388670,10.0597,8388950,8388630,0.199798,524288,0.417645,0,0,0,0,48.6977,99.9543,0,0,0,486556000,16777200,83886100,117441000,33554400,27263000,0,1.7758,0,1.25351,0.731213,0,2.71608,32,100,1024,0,0,0,16
mtran,2949,8388608,32,4,0,0,0,4,8,4,16,0,45.2086,8388980,8380880,11.2369,8388700,8388630,0.224477,524288,0.233201,0,0,0,0,49.2836,99.6942,0,0,0,394265000,67108900,83886100,41943000,0,20447200,0,1.22806,0,0,0.701748,0,2.28101,32,100,1024,0,0,0,46
mtran,3343,8388608,32,4,0,0,0,4,8,4,16,1,39.3727,8388680,8388890,9.32124,8388720,8388630,0.186625,524288,0.194017,0,0,0,0,49.3862,99.8688,0,0,0,486556000,67108900,83886100,58720300,16777200,25165800,0,1.31134,0,0.582816,0.582816,0,2.33141,32,100,1024,0,0,0,46
mtran,3192,4194304,32,4,0,0,0,4,8,4,32,0,41.8238,8390480,8380350,9.92463,8388700,8388630,0.196633,524288,0.10333,0,0,0,0,49.657,99.8739,0,0,0,201327000,16777200,83886100,16777200,0,10223600,0,0.672494,0,0,0.569034,0,1.00903,32,100,1024,0,0,0,46
mtran,3699,4194304,32,4,0,0,0,4,8,4,32,1,35.3336,8388990,8385790,8.32384,8388700,8388630,0.169183,524288,0.0866158,0,0,0,0,49.6825,100.019,0,0,0,247480000,16777200,83886100,25165800,8388610,12582900,0,0.714442,0,0.259797,0.476294,0,1.03932,32,100,1024,0,0,0,46
mtran,3352,2097152,32,4,0,0,0,4,8,4,64,0,38.3416,8388620,8388240,9.08761,8388700,8388630,0.189964,524288,0.0472827,0,0,0,0,49.7703,100.177,0,0,0,130023000,10485800,83886100,12582900,0,7536640,0,0.401194,0,0,0.495593,0,0.678688,32,100,1024,0,0,0,46
mtran,3829,2097152,32,4,0,0,0,4,8,4,64,1,33.7711,8388620,8388670,7.96754,8388700,8388630,0.163387,524288,0.0414506,0,0,0,0,49.7545,100.563,0,0,0,159400000,10485800,83886100,10485800,4194300,8716290,0,0.443099,0,0.123655,0.432794,0,0.685384,32,100,1024,0,0,0,46
mtran,2303,16777216,64,4,0,0,0,4,16,4,16,0,57.7865,8388620,8389390,17.0828,8388700,8388630,0.326181,524288,0.703189,0,0,0,0,93.5818,99.6764,0,0,0,268435000,16777200,83886100,117441000,0,17825800,0,1.76368,0,0,1.23458,0,2.99889,32,100,1024,0,0,0,16
mtran,3047,16777216,64,4,0,0,0,4,16,4,16,1,42.0388,8388940,8388580,12.4038,8388790,8388920,0.246381,524288,0.510447,0,0,0,0,96.7003,99.9186,0,0,0,486572000,16777200,83886100,117441000,33554400,27263000,0,2.17117,0,1.53259,0.89401,0,3.32097,32,100,1024,0,0,0,16
mtran,2531,8388608,64,4,0,0,0,4,16,4,32,0,53.2405,8389350,8387820,15.9169,8388700,8388630,0.300354,524288,0.327529,0,0,0,0,95.8824,100.838,0,0,0,394265000,67108900,83886100,41943000,0,20447200,0,1.70523,0,0,0.974418,0,3.16773,32,100,1024,0,0,0,46
mtran,3105,8388608,64,4,0,0,0,4,16,4,32,1,42.6192,8388620,8388920,12.5157,8389620,8388630,0.241664,524288,0.257437,0,0,0,0,97.0189,100.171,0,0,0,486572000,67108900,83886100,58720300,16777200,25165800,0,1.73473,0,0.770992,0.770992,0,3.08435,32,100,1024,0,0,0,46
mtran,2554,4194304,64,4,0,0,0,4,16,4,64,0,51.0452,8388860,8387290,15.0541,8388700,8388630,0.295287,524288,0.154811,0,0,0,0,97.2561,99.2523,0,0,0,201327000,16777200,83886100,16777200,0,10223600,0,1.01385,0,0,0.857876,0,1.5216,32,100,1024,0,0,0,46
mtran,3294,4194304,64,4,0,0,0,4,16,4,64,1,39.1389,8388630,8388310,11.5249,8389140,8388630,0.228455,524288,0.118454,0,0,0,0,97.2742,99.8833,0,0,0,247497000,16777200,83886100,25165800,8388610,12582900,0,0.978386,0,0.355777,0.652258,0,1.42345,32,100,1024,0,0,0,46
mtran,1890,16777216,128,4,0,0,0,4,32,4,32,0,66.6451,8390340,8386740,19.5597,8389360,8388630,0.400787,524288,0.80529,0,0,0,0,92.5407,99.8691,0,0,0,268435000,16777200,83886100,117441000,0,17825800,0,2.01586,0,0,1.4111,0,3.42782,32,100,1024,0,0,0,16
mtran,2791,16777216,128,4,0,0,0,4,32,4,32,1,44.608,8388820,8388680,13.1553,8388700,8388630,0.269094,524288,0.541192,0,0,0,0,95.2063,99.9644,0,0,0,486605000,16777200,83886100,117441000,33554400,27263000,0,2.30089,0,1.62415,0.947424,0,3.51949,32,100,1024,0,0,0,16
mtran,1996,8388608,128,4,0,0,0,4,32,4,64,0,62.4023,8388620,8388650,18.5105,8389500,8388630,0.377246,524288,0.38108,0,0,0,0,95.1075,99.5659,0,0,0,394265000,67108900,83886100,41943000,0,20447200,0,2.00939,0,0,1.14822,0,3.73297,32,100,1024,0,0,0,46
mtran,2958,8388608,128,4,0,0,0,4,32,4,64,1,41.9985,8388620,8387780,12.3878,8388700,8388630,0.253753,524288,0.254612,0,0,0,0,96.0921,99.8432,0,0,0,486605000,67108900,83886100,58720300,16777200,25165800,0,1.72133,0,0.765035,0.765035,0,3.06061,32,100,1024,0,0,0,46
mtran,1707,16777216,256,4,0,0,0,4,64,4,64,0,80.9692,8388620,8389130,23.9178,8388700,8388630,0.443425,524288,0.985679,0,0,0,0,90.9795,100.415,0,0,0,268435000,16777200,83886100,117441000,0,17825800,0,2.45401,0,0,1.71781,0,4.17298,32,100,1024,0,0,0,16
mtran,2867,16777216,256,4,0,0,0,4,64,4,64,1,43.4994,8388620,8388430,12.8366,8388720,8388630,0.261982,524288,0.527634,0,0,0,0,92.5203,99.8342,0,0,0,486670000,16777200,83886100,117441000,33554400,27263000,0,2.24617,0,1.58553,0.924894,0,3.43588,32,100,1024,0,0,0,16
mtran,2803,16777216,32,4,0,0,0,8,4,8,4,0,46.3785,8389010,8407220,20.5296,8388700,16773500,0.268999,524288,0.563445,0,0,0,0,48.3424,99.9912,0,0,0,268435000,16777200,83886100,117441000,0,17825800,0,1.40874,0,0,0.986116,0,2.39512,32,100,1024,0,0,0,16
mtran,2302,16777216,32,4,0,0,0,8,4,8,4,1,55.3869,8388620,8390880,24.5965,8388700,16775300,0.32562,524288,0.675853,0,0,0,0,47.9865,99.871,0,0,0,486547000,16777200,83886100,117441000,33554400,27263000,0,2.87608,0,2.03018,1.18427,0,4.39895,32,100,1024,0,0,0,16
mtran,2901,8388608,32,4,0,0,0,8,4,8,8,0,45.228,8388780,8506370,19.8934,8388700,16777200,0.259933,524288,0.272878,0,0,0,0,49.1827,100.053,0,0,0,394265000,67108900,83886100,41943000,0,20447200,0,1.43186,0,0,0.818204,0,2.65952,32,100,1024,0,0,0,46
mtran,2397,8388608,32,4,0,0,0,8,4,8,8,1,53.7563,8388620,8417070,23.6544,8388700,16777200,0.316711,524288,0.324958,0,0,0,0,48.9868,99.7626,0,0,0,486547000,67108900,83886100,58720300,16777200,25165800,0,2.19869,0,0.977195,0.977195,0,3.90901,32,100,1024,0,0,0,46
mtran,3086,4194304,32,4,0,0,0,8,4,8,16,0,42.5003,8388620,8624140,18.5864,8390820,16777200,0.242472,524288,0.127421,0,0,0,0,49.5927,99.943,0,0,0,201327000,16777200,83886100,16777200,0,10223600,0,0.828708,0,0,0.701214,0,1.2434,32,100,1024,0,0,0,46
mtran,4015,4194304,32,4,0,0,0,8,4,8,16,1,33.1796,8388620,9529870,13.7828,8388700,16777300,0.186507,524288,0.0944503,0,0,0,0,49.6581,100.038,0,0,0,247472000,16777200,83886100,25165800,8388610,12582900,0,0.778916,0,0.283242,0.519278,0,1.1331,32,100,1024,0,0,0,46
mtran,5837,2097152,32,4,0,0,0,8,4,8,32,0,24.1507,8388690,9874420,9.79211,8394180,16777300,0.128394,524288,0.0335188,0,0,0,0,49.8458,99.8471,0,0,0,130023000,10485800,83886100,12582900,0,7536640,0,0.285346,0,0,0.352486,0,0.482702,32,100,1024,0,0,0,46
mtran,6354,2097152,32,4,0,0,0,8,4,8,32,1,22.119,8388620,10167300,8.81789,8389950,16777200,0.11732,524288,0.0301766,0,0,0,0,49.8456,100.04,0,0,0,159392000,10485800,83886100,10485800,4194300,8716290,0,0.324269,0,0.0904936,0.316728,0,0.50157,32,100,1024,0,0,0,46
mtran,6519,1048576,32,4,0,0,0,8,4,8,64,0,22.1315,8388770,10528900,8.68562,8388700,16777300,0.114671,524288,0.0148604,0,0,0,0,49.828,100.312,0,0,0,98566100,7340030,83886100,8388610,0,6258690,0,0.199991,0,0,0.30369,0,0.353804,32,100,1024,0,0,0,46
mtran,6958,1048576,32,4,0,0,0,8,4,8,64,1,20.9512,8388870,11222400,7.93971,8388700,16777300,0.107545,524288,0.0135802,0,0,0,0,49.8307,100.018,0,0,0,115352000,7340030,83886100,5242880,2097150,6848510,0,0.220637,0,0.040733,0.278342,0,0.354794,32,100,1024,0,0,0,46
mtran,2684,16777216,64,4,0,0,0,8,8,8,8,0,48.1621,8388800,8431090,20.8969,8388700,16215900,0.279628,524288,0.586301,0,0,0,0,80.4744,99.8177,0,0,0,268435000,16777200,83886100,117441000,0,17825800,0,1.46843,0,0,1.0279,0,2.49685,32,100,1024,0,0,0,16
mtran,2345,16777216,64,4,0,0,0,8,8,8,8,1,54.4303,8388690,8395010,23.5093,8388700,16049900,0.322421,524288,0.665036,0,0,0,0,82.2213,100.145,0,0,0,486556000,16777200,83886100,117441000,33554400,27263000,0,2.82232,0,1.99223,1.16213,0,4.31694,32,100,1024,0,0,0,16
mtran,2809,8388608,64,4,0,0,0,8,8,8,16,0,45.8226,8388620,8470830,19.701,8389530,16036300,0.267972,524288,0.278336,0,0,0,0,89.3522,100.189,0,0,0,394265000,67108900,83886100,41943000,0,20447200,0,1.45851,0,0,0.833435,0,2.7094,32,100,1024,0,0,0,46
mtran,3038,8388608,64,4,0,0,0,8,8,8,16,1,42.2182,8388990,8652710,17.9742,8388700,16051000,0.247969,524288,0.253877,0,0,0,0,89.4286,100.345,0,0,0,486556000,67108900,83886100,58720300,16777200,25165800,0,1.70779,0,0.759017,0.759017,0,3.03643,32,100,1024,0,0,0,46
mtran,3536,4194304,64,4,0,0,0,8,8,8,32,0,36.5442,8388620,8604370,14.7667,8388700,15956700,0.202724,524288,0.104594,0,0,0,0,93.9057,99.9803,0,0,0,201327000,16777200,83886100,16777200,0,10223600,0,0.679995,0,0,0.575381,0,1.02055,32,100,1024,0,0,0,46
mtran,4170,4194304,64,4,0,0,0,8,8,8,32,1,30.962,8388960,8890520,12.2313,8388710,15858400,0.171747,524288,0.0869359,0,0,0,0,94.1028,100.907,0,0,0,247480000,16777200,83886100,25165800,8388610,12582900,0,0.710778,0,0.258465,0.473852,0,1.03411,32,100,1024,0,0,0,46
mtran,4950,2097152,64,4,0,0,0,8,8,8,64,0,27.6821,8389550,9920910,10.4438,8388790,16037400,0.143716,524288,0.0368426,0,0,0,0,95.8867,100.594,0,0,0,130023000,10485800,83886100,12582900,0,7536640,0,0.311312,0,0,0.384562,0,0.526765,32,100,1024,0,0,0,46
mtran,5162,2097152,64,4,0,0,0,8,8,8,64,1,26.7243,8388990,10016300,9.9604,8388700,16054200,0.13791,524288,0.0351206,0,0,0,0,95.9092,99.6916,0,0,0,159400000,10485800,83886100,10485800,4194300,8716290,0,0.378714,0,0.105688,0.369907,0,0.585874,32,100,1024,0,0,0,46
mtran,2341,16777216,128,4,0,0,0,8,16,8,16,0,56.5462,8388620,8399560,22.8822,8389700,15687900,0.310997,524288,0.655848,0,0,0,0,80.7607,100.142,0,0,0,268435000,16777200,83886100,117441000,0,17825800,0,1.63729,0,0,1.1461,0,2.78408,32,100,1024,0,0,0,16
mtran,2356,16777216,128,4,0,0,0,8,16,8,16,1,54.6946,8388620,8407970,23.0457,8388700,15557200,0.319007,524288,0.665233,0,0,0,0,82.3856,99.9052,0,0,0,486572000,16777200,83886100,117441000,33554400,27263000,0,2.82992,0,1.99759,1.16526,0,4.32871,32,100,1024,0,0,0,16
mtran,2243,8388608,128,4,0,0,0,8,16,8,32,0,59.2636,8388620,8428810,23.9192,8389170,15650200,0.322381,524288,0.343496,0,0,0,0,88.9332,99.9339,0,0,0,394265000,67108900,83886100,41943000,0,20447200,0,1.80455,0,0,1.03117,0,3.35242,32,100,1024,0,0,0,46
mtran,2301,8388608,128,4,0,0,0,8,16,8,32,1,57.3457,8388900,8407660,23.1723,8388700,15661600,0.315111,524288,0.332527,0,0,0,0,88.9804,100.057,0,0,0,486572000,67108900,83886100,58720300,16777200,25165800,0,2.24328,0,0.997014,0.997014,0,3.98867,32,100,1024,0,0,0,46
mtran,2267,4194304,128,4,0,0,0,8,16,8,64,0,57.8244,8388620,8463030,23.2256,8388700,15678500,0.321144,524288,0.166509,0,0,0,0,92.4112,99.4775,0,0,0,201327000,16777200,83886100,16777200,0,10223600,0,1.088,0,0,0.920612,0,1.63309,32,100,1024,0,0,0,46
mtran,2346,4194304,128,4,0,0,0,8,16,8,64,1,55.9474,8388740,8444240,22.5408,8388700,15668500,0.307906,524288,0.161689,0,0,0,0,92.7082,100.366,0,0,0,247497000,16777200,83886100,25165800,8388610,12582900,0,1.32906,0,0.483295,0.886041,0,1.93378,32,100,1024,0,0,0,46
mtran,1896,16777216,256,4,0,0,0,8,32,8,32,0,68.4006,8388880,8389740,27.3355,8388700,15316900,0.382143,524288,0.796369,0,0,0,0,80.6582,99.9984,0,0,0,268435000,16777200,83886100,117441000,0,17825800,0,1.99096,0,0,1.39367,0,3.38557,32,100,1024,0,0,0,16
mtran,2100,16777216,256,4,0,0,0,8,32,8,32,1,59.8799,8388620,8383440,24.6821,8388700,14826500,0.361071,524288,0.737968,0,0,0,0,83.7767,100.095,0,0,0,486605000,16777200,83886100,117441000,33554400,27263000,0,3.13339,0,2.21181,1.29022,0,4.79302,32,100,1024,0,0,0,16
mtran,1954,8388608,256,4,0,0,0,8,32,8,64,0,65.1398,8389420,8389080,27.4483,8388700,15632800,0.38365,524288,0.393437,0,0,0,0,86.1744,99.2174,0,0,0,394265000,67108900,83886100,41943000,0,20447200,0,2.08184,0,0,1.18962,0,3.86766,32,100,1024,0,0,0,46
mtran,2057,8388608,256,4,0,0,0,8,32,8,64,1,62.3463,8388630,8389210,26.1333,8388700,15509300,0.363415,524288,0.376117,0,0,0,0,86.681,99.888,0,0,0,486605000,67108900,83886100,58720300,16777200,25165800,0,2.54164,0,1.12962,1.12962,0,4.5192,32,100,1024,0,0,0,46
mtran,1624,16777216,512,4,0,0,0,8,64,8,64,0,82.0144,8389140,8388510,33.9371,8388700,15123700,0.462995,524288,0.994557,0,0,0,0,78.5095,99.6439,0,0,0,268435000,16777200,83886100,117441000,0,17825800,0,2.49528,0,0,1.74669,0,4.24315,32,100,1024,0,0,0,16
mtran,1774,16777216,512,4,0,0,0,8,64,8,64,1,75.138,8388620,8388620,30.4299,8388950,14720900,0.42106,524288,0.905129,0,0,0,0,81.3703,99.5019,0,0,0,486670000,16777200,83886100,117441000,33554400,27263000,0,3.86605,0,2.72898,1.5919,0,5.91375,32,100,1024,0,0,0,16
mtran,2896,16777216,32,4,0,0,0,16,2,16,2,0,46.284,8388620,8645800,31.5935,8389600,33527900,0.247891,524288,0.520129,0,0,0,0,48.4724,100.107,0,0,0,268435000,16777200,83886100,117441000,0,17825800,0,1.29893,0,0,0.909248,0,2.20843,32,100,1024,0,0,0,16
mtran,2046,16777216,32,4,0,0,0,16,2,16,2,1,62.8731,8388820,8417140,43.5863,8388700,33527400,0.355095,524288,0.718624,0,0,0,0,47.8155,100.029,0,0,0,486543000,16777200,83886100,117441000,33554400,27263000,0,3.05328,0,2.15525,1.25723,0,4.66997,32,100,1024,0,0,0,16
mtran,3020,8388608,32,4,0,0,0,16,2,16,4,0,45.6526,8388620,9186640,30.2801,8389140,33541700,0.238112,524288,0.249297,0,0,0,0,49.2393,100.09,0,0,0,394265000,67108900,83886100,41943000,0,20447200,0,1.30764,0,0,0.74722,0,2.4288,32,100,1024,0,0,0,46
mtran,2128,8388608,32,4,0,0,0,16,2,16,4,1,60.752,8388630,8512140,41.7571,8388700,33542800,0.336887,524288,0.344347,0,0,0,0,48.925,100.038,0,0,0,486543000,67108900,83886100,58720300,16777200,25165800,0,2.32346,0,1.03265,1.03265,0,4.13085,32,100,1024,0,0,0,46
mtran,3400,4194304,32,4,0,0,0,16,2,16,8,0,45.6167,8388970,11369000,26.7792,8388700,33554500,0.209976,524288,0.110203,0,0,0,0,49.6286,99.6808,0,0,0,201327000,16777200,83886100,16777200,0,10223600,0,0.71861,0,0,0.608055,0,1.07821,32,100,1024,0,0,0,46
mtran,3482,4194304,32,4,0,0,0,16,2,16,8,1,43.1196,8388620,11444700,27.0282,8389140,33554500,0.216336,524288,0.111344,0,0,0,0,49.6155,100.069,0,0,0,247468000,16777200,83886100,25165800,8388610,12582900,0,0.917958,0,0.333803,0.611972,0,1.33537,32,100,1024,0,0,0,46
mtran,8806,2097152,32,4,0,0,0,16,2,16,16,0,25.206,8388620,20810100,10.6966,8391210,33554500,0.085016,524288,0.0219748,0,0,0,0,49.8734,100.044,0,0,0,130023000,10485800,83886100,12582900,0,7536640,0,0.186704,0,0,0.230634,0,0.315836,32,100,1024,0,0,0,46
mtran,9796,2097152,32,4,0,0,0,16,2,16,16,1,23.5805,8389180,23394300,7.13267,8389080,33554500,0.0579404,524288,0.0147539,0,0,0,0,49.8803,99.7545,0,0,0,159388000,10485800,83886100,10485800,4194300,8716290,0,0.158995,0,0.0443708,0.155298,0,0.245933,32,100,1024,0,0,0,46
mtran,16478,1048576,32,4,0,0,0,16,2,16,32,0,18.2384,8389230,32016800,4.3696,8389430,33554700,0.0360027,524288,0.00451384,0,0,0,0,49.8501,100.409,0,0,0,98566100,7340030,83886100,8388610,0,6258690,0,0.0606884,0,0,0.0921565,0,0.107366,32,100,1024,0,0,0,46
mtran,16201,1048576,32,4,0,0,0,16,2,16,32,1,18.2893,8389300,31703500,4.37452,8389140,33554600,0.0364183,524288,0.00452357,0,0,0,0,49.8486,99.6371,0,0,0,115347000,7340030,83886100,5242880,2097150,6848510,0,0.0737757,0,0.0136201,0.0930709,0,0.118636,32,100,1024,0,0,0,46
mtran,16416,524288,32,4,0,0,0,16,2,16,64,0,18.0233,8389570,31688700,4.33497,8389610,33554600,0.0361112,524288,0.0022396,0,0,0,0,49.6737,99.7759,0,0,0,82837500,5767170,83886100,6291460,0,5619710,0,0.0527489,0,0,0.0909077,0,0.0962763,32,100,1024,0,0,0,46
mtran,16864,524288,32,4,0,0,0,16,2,16,64,1,17.8693,8389900,31964500,4.28827,8392290,33554500,0.0352258,524288,0.00221464,0,0,0,0,49.7424,100.127,0,0,0,93327300,5767170,83886100,2621440,1048580,5914620,0,0.060272,0,0.00663545,0.0895786,0,0.0998347,32,100,1024,0,0,0,46
mtran,2850,16777216,64,4,0,0,0,16,4,16,4,0,48.0734,8388620,8702950,26.5941,8389020,32743800,0.214621,524288,0.449185,0,0,0,0,86.4112,99.9422,0,0,0,268435000,16777200,83886100,117441000,0,17825800,0,1.12361,0,0,0.786529,0,1.91057,32,100,1024,0,0,0,16
mtran,2049,16777216,64,4,0,0,0,16,4,16,4,1,63.6422,8388620,8436390,35.7089,8390230,32734100,0.293961,524288,0.603685,0,0,0,0,85.4349,99.882,0,0,0,486547000,16777200,83886100,117441000,33554400,27263000,0,2.56869,0,1.81319,1.0577,0,3.92902,32,100,1024,0,0,0,16
mtran,2888,8388608,64,4,0,0,0,16,4,16,8,0,48.3115,8388630,9011670,26.1284,8388700,32500600,0.211221,524288,0.221977,0,0,0,0,93.0904,99.6358,0,0,0,394265000,67108900,83886100,41943000,0,20447200,0,1.16964,0,0,0.668366,0,2.17282,32,100,1024,0,0,0,46
mtran,2324,8388608,64,4,0,0,0,16,4,16,8,1,56.8902,8388620,8745210,31.1434,8388900,32526400,0.257511,524288,0.26459,0,0,0,0,92.1897,99.3803,0,0,0,486547000,67108900,83886100,58720300,16777200,25165800,0,1.79712,0,0.79872,0.79872,0,3.19528,32,100,1024,0,0,0,46
mtran,3148,4194304,64,4,0,0,0,16,4,16,16,0,44.0067,8388740,9768530,22.6332,8388700,32221600,0.186086,524288,0.096804,0,0,0,0,95.9056,100.642,0,0,0,201327000,16777200,83886100,16777200,0,10223600,0,0.625215,0,0,0.529028,0,0.938361,32,100,1024,0,0,0,46
mtran,3521,4194304,64,4,0,0,0,16,4,16,16,1,38.3773,8388990,10529700,18.9251,8388700,32121200,0.156342,524288,0.0811328,0,0,0,0,95.953,99.5338,0,0,0,247472000,16777200,83886100,25165800,8388610,12582900,0,0.672481,0,0.244538,0.44832,0,0.978397,32,100,1024,0,0,0,46
mtran,10421,2097152,64,4,0,0,0,16,4,16,32,0,20.8589,8389000,20924100,7.75774,8389220,32117200,0.0657867,524288,0.0166013,0,0,0,0,95.8711,99.3321,0,0,0,130023000,10485800,83886100,12582900,0,7536640,0,0.14206,0,0,0.175486,0,0.240378,32,100,1024,0,0,0,46
mtran,10937,2097152,64,4,0,0,0,16,4,16,32,1,20.1287,8389330,21859200,6.20901,8389500,32203700,0.0521246,524288,0.0132634,0,0,0,0,95.0019,100.44,0,0,0,159392000,10485800,83886100,10485800,4194300,8716290,0,0.141957,0,0.039616,0.138656,0,0.219612,32,100,1024,0,0,0,46
mtran,12254,1048576,64,4,0,0,0,16,4,16,64,0,19.6867,8388980,24406500,5.62192,8388700,32622300,0.0468482,524288,0.00595575,0,0,0,0,95.0125,99.9525,0,0,0,98566100,7340030,83886100,8388610,0,6258690,0,0.0804408,0,0,0.122151,0,0.142356,32,100,1024,0,0,0,46
mtran,12246,1048576,64,4,0,0,0,16,4,16,64,1,19.6577,8391260,24096700,5.71859,8389490,32592900,0.0473374,524288,0.00604726,0,0,0,0,94.971,100.406,0,0,0,115351000,7340030,83886100,5242880,2097150,6848510,0,0.0978707,0,0.0180684,0.123468,0,0.15742,32,100,1024,0,0,0,46
mtran,2720,16777216,128,4,0,0,0,16,8,16,8,0,49.5383,8388630,8487810,26.3205,8388700,30579400,0.224771,524288,0.46932,0,0,0,0,84.9072,99.8159,0,0,0,268435000,16777200,83886100,117441000,0,17825800,0,1.17546,0,0,0.822825,0,1.99879,32,100,1024,0,0,0,16
mtran,2157,16777216,128,4,0,0,0,16,8,16,8,1,60.9278,8388820,8427320,32.6436,8388700,30790900,0.282746,524288,0.579115,0,0,0,0,83.4329,99.9075,0,0,0,486556000,16777200,83886100,117441000,33554400,27263000,0,2.46352,0,1.73895,1.01439,0,3.76825,32,100,1024,0,0,0,16
mtran,2630,8388608,128,4,0,0,0,16,8,16,16,0,51.1165,8388630,8513020,27.1682,8388700,30687200,0.233059,524288,0.241564,0,0,0,0,90.8872,100.494,0,0,0,394265000,67108900,83886100,41943000,0,20447200,0,1.26198,0,0,0.721131,0,2.34446,32,100,1024,0,0,0,46
mtran,2174,8388608,128,4,0,0,0,16,8,16,16,1,60.7924,8388620,8450690,32.49,8389220,30708100,0.281257,524288,0.288662,0,0,0,0,90.2575,100.069,0,0,0,486556000,67108900,83886100,58720300,16777200,25165800,0,1.94713,0,0.865392,0.865392,0,3.4621,32,100,1024,0,0,0,46
mtran,2544,4194304,128,4,0,0,0,16,8,16,32,0,51.7717,8388850,8616390,27.1668,8388720,30499500,0.238456,524288,0.121341,0,0,0,0,94.4545,99.5625,0,0,0,201327000,16777200,83886100,16777200,0,10223600,0,0.792185,0,0,0.67031,0,1.18907,32,100,1024,0,0,0,46
mtran,3021,4194304,128,4,0,0,0,16,8,16,32,1,43.606,8388650,9309270,23.5478,8388720,30089200,0.207456,524288,0.106653,0,0,0,0,94.5431,99.6236,0,0,0,247480000,16777200,83886100,25165800,8388610,12582900,0,0.883215,0,0.321169,0.58881,0,1.28507,32,100,1024,0,0,0,46
mtran,3374,2097152,128,4,0,0,0,16,8,16,64,0,39.0018,8389080,9473910,20.3079,8388700,29101000,0.185309,524288,0.0471623,0,0,0,0,96.9223,98.5535,0,0,0,130023000,10485800,83886100,12582900,0,7536640,0,0.406764,0,0,0.502473,0,0.688338,32,100,1024,0,0,0,46
mtran,3122,2097152,128,4,0,0,0,16,8,16,64,1,41.481,8388680,9126930,24.3871,8389140,29190400,0.220555,524288,0.0560828,0,0,0,0,96.8847,100.969,0,0,0,159400000,10485800,83886100,10485800,4194300,8716290,0,0.597106,0,0.166634,0.58322,0,0.923831,32,100,1024,0,0,0,46
mtran,2359,16777216,256,4,0,0,0,16,16,16,16,0,55.3016,8388620,8461160,36.5721,8388720,29873200,0.317213,524288,0.658511,0,0,0,0,80.8884,99.7229,0,0,0,268435000,16777200,83886100,117441000,0,17825800,0,1.65085,0,0,1.1556,0,2.80723,32,100,1024,0,0,0,16
mtran,2050,16777216,256,4,0,0,0,16,16,16,16,1,61.2638,8388820,8391780,41.6352,8388700,30007800,0.372035,524288,0.753927,0,0,0,0,80.5525,99.6119,0,0,0,486572000,16777200,83886100,117441000,33554400,27263000,0,3.21667,0,2.27059,1.32451,0,4.92041,32,100,1024,0,0,0,16
mtran,2119,8388608,256,4,0,0,0,16,16,16,32,0,61.9513,8388620,8523820,41.0804,8388950,31008100,0.346921,524288,0.360262,0,0,0,0,87.5184,99.407,0,0,0,394265000,67108900,83886100,41943000,0,20447200,0,1.90266,0,0,1.08723,0,3.53478,32,100,1024,0,0,0,46
mtran,1968,8388608,256,4,0,0,0,16,16,16,32,1,65.036,8389240,8433780,43.126,8388720,30858800,0.374086,524288,0.38055,0,0,0,0,87.8235,100.086,0,0,0,486572000,67108900,83886100,58720300,16777200,25165800,0,2.56652,0,1.14067,1.14067,0,4.56343,32,100,1024,0,0,0,46
mtran,2009,4194304,256,4,0,0,0,16,16,16,64,0,63.5582,8388660,8468790,42.0036,8388700,30919900,0.361951,524288,0.184976,0,0,0,0,92.6151,99.7934,0,0,0,201327000,16777200,83886100,16777200,0,10223600,0,1.20483,0,0,1.01948,0,1.80855,32,100,1024,0,0,0,46
mtran,1952,4194304,256,4,0,0,0,16,16,16,64,1,65.7785,8388620,8441240,43.7426,8388700,31089100,0.375717,524288,0.191971,0,0,0,0,92.372,99.9345,0,0,0,247496000,16777200,83886100,25165800,8388610,12582900,0,1.5848,0,0.576289,1.05653,0,2.30593,32,100,1024,0,0,0,46
mtran,1921,16777216,512,4,0,0,0,16,32,16,32,0,68.1016,8388820,8410930,42.3164,8388700,28379300,0.384402,524288,0.796137,0,0,0,0,74.9383,99.8067,0,0,0,268435000,16777200,83886100,117441000,0,17825800,0,1.9942,0,0,1.39594,0,3.39108,32,100,1024,0,0,0,16
mtran,1871,16777216,512,4,0,0,0,16,32,16,32,1,66.8796,8388620,8388770,44.6066,8389740,29523500,0.405615,524288,0.816567,0,0,0,0,75.0574,99.9266,0,0,0,486604000,16777200,83886100,117441000,33554400,27263000,0,3.47296,0,2.4515,1.43004,0,5.31244,32,100,1024,0,0,0,16
mtran,1866,8388608,512,4,0,0,0,16,32,16,64,0,66.9509,8388690,8388740,46.7381,8388700,31219500,0.405911,524288,0.409483,0,0,0,0,82.6674,99.9904,0,0,0,394265000,67108900,83886100,41943000,0,20447200,0,2.14999,0,0,1.22857,0,3.99428,32,100,1024,0,0,0,46
mtran,1854,8388608,512,4,0,0,0,16,32,16,64,1,67.3344,8388620,8389250,47.3365,8388700,31494400,0.408059,524288,0.412093,0,0,0,0,82.1409,99.913,0,0,0,486604000,67108900,83886100,58720300,16777200,25165800,0,2.78405,0,1.23735,1.23735,0,4.95029,32,100,1024,0,0,0,46
mtran,1668,16777216,1024,4,0,0,0,16,64,16,64,0,74.4105,8388620,8388680,47.9411,8388700,28384000,0.466315,524288,0.905047,0,0,0,0,68.2354,93.1223,0,0,0,268435000,16777200,83886100,117441000,0,17825800,0,2.42973,0,0,1.70081,0,4.13169,32,100,1024,0,0,0,16
mtran,1824,16777216,1024,4,0,0,0,16,64,16,64,1,68.1679,8388980,8388920,47.951,8388700,31601300,0.425756,524288,0.832523,0,0,0,0,68.8704,94.4934,0,0,0,486669000,16777200,83886100,117441000,33554400,27263000,0,3.74441,0,2.64311,1.54182,0,5.72767,32,100,1024,0,0,0,16
mtran,1599,16777216,32,4,1,0,0,1,32,1,32,0,77.508,8388620,8388630,31.5845,8388700,16777200,1.7349,2097150,0.868325,0,0,0,0,47.3238,99.8931,0,0,0,268435000,16777200,83886100,117441000,0,17825800,0,2.17313,0,0,1.52119,0,3.69465,32,100,1024,0,0,0,20
mtran,11008,16777216,32,4,1,0,0,1,32,1,32,1,16.9993,8389600,16777500,4.59195,8388970,16777400,0.2535,2097150,0.125992,0,0,0,0,49.5879,99.8701,0,0,0,453050000,16777200,83886100,150995000,33554400,27263000,0,0.536163,0,0.378468,0.220773,0,0.82006,32,100,1024,0,0,0,20
mtran,1600,8388608,32,4,1,0,0,1,32,1,64,0,76.7183,8388960,8388610,27.3541,8388700,16777200,1.51787,2097150,0.379289,0,0,0,0,48.7969,99.8838,0,0,0,394265000,67108900,83886100,41943000,0,20447200,0,1.89865,0,0,1.13919,0,3.70295,32,100,1024,0,0,0,48
mtran,11251,8388608,32,4,1,0,0,1,32,1,64,1,16.5945,8389860,16777900,3.92247,8389140,16777700,0.220838,2097150,0.0543976,0,0,0,0,49.7876,99.8069,0,0,0,486605000,67108900,83886100,58720300,16777200,25165800,0,0.367894,0,0.163508,0.163508,0,0.654076,32,100,1024,0,0,0,50
mtran,1375,16777216,64,4,1,0,0,1,64,1,64,0,89.3514,8388730,8388640,31.5758,8388700,16777200,1.68951,2097150,0.870176,0,0,0,0,92.9341,99.7945,0,0,0,268435000,16777200,83886100,117441000,0,17825800,0,2.17992,0,0,1.52594,0,3.70651,32,100,1024,0,0,0,20
mtran,10230,16777216,64,4,1,0,0,1,64,1,64,1,18.1859,8388800,16777300,4.27899,8388700,16777200,0.238752,2097150,0.117685,0,0,0,0,93.5255,100.033,0,0,0,453116000,16777200,83886100,150995000,33554400,27263000,0,0.499997,0,0.352939,0.205881,0,0.764791,32,100,1024,0,0,0,20
mtran,2539,16777216,32,4,1,0,0,2,16,2,16,0,49.8294,8388620,8388520,11.3885,8389220,8388630,0.913777,2097150,0.471879,0,0,0,0,48.5139,99.967,0,0,0,268435000,16777200,83886100,117441000,0,17825800,0,1.18009,0,0,0.826061,0,2.00632,32,100,1024,0,0,0,20
mtran,5248,16777216,32,4,1,0,0,2,16,2,16,1,24.285,8388980,8387700,5.58541,8388700,8388630,0.466436,2097150,0.230962,0,0,0,0,49.252,100.406,0,0,0,469795000,16777200,83886100,134218000,33554400,27263000,0,0.977617,0,0.690083,0.402548,0,1.49527,32,100,1024,0,0,0,20
mtran,2538,8388608,32,4,1,0,0,2,16,2,32,0,49.8366,8388820,8388680,11.4301,8388700,8388630,0.920169,2097150,0.236175,0,0,0,0,49.253,99.8899,0,0,0,394265000,67108900,83886100,41943000,0,20447200,0,1.24129,0,0,0.709307,0,2.30561,32,100,1024,0,0,0,48
mtran,7779,8388608,32,4,1,0,0,2,16,2,32,1,16.1652,8390080,8388590,3.7044,8388700,8388630,0.314414,2097150,0.0765938,0,0,0,0,49.7195,99.957,0,0,0,486572000,67108900,83886100,58720300,16777200,25165800,0,0.517231,0,0.22988,0.22988,0,0.919583,32,100,1024,0,0,0,50
mtran,1659,4194304,32,4,1,0,0,2,16,2,64,0,83.8484,8388620,8387920,19.1785,8388700,8388630,1.40763,2097150,0.198496,0,0,0,0,49.4031,100.621,0,0,0,197132000,16777200,83886100,16777200,0,10092500,0,1.23294,0,0,1.08499,0,1.89929,32,100,1024,0,0,0,48
mtran,7346,4194304,32,4,1,0,0,2,16,2,64,1,16.8618,8389610,8388790,3.86768,8391300,8388630,0.330388,2097150,0.039983,0,0,0,0,49.8167,100.051,0,0,0,247497000,16777200,83886100,25165800,8388610,12582900,0,0.329693,0,0.119888,0.219795,0,0.479613,32,100,1024,0,0,0,50
mtran,1649,16777216,64,4,1,0,0,2,32,2,32,0,76.7941,8388620,8388630,17.6404,8388700,8388630,1.41215,2097150,0.729758,0,0,0,0,96.5196,99.8882,0,0,0,268435000,16777200,83886100,117441000,0,17825800,0,1.82644,0,0,1.27851,0,3.10549,32,100,1024,0,0,0,20
mtran,6651,16777216,64,4,1,0,0,2,32,2,32,1,18.8669,8388980,8388340,4.3128,8388700,8388630,0.363199,2097150,0.178422,0,0,0,0,96.2786,99.746,0,0,0,469828000,16777200,83886100,134218000,33554400,27263000,0,0.760224,0,0.536629,0.313034,0,1.16284,32,100,1024,0,0,0,20
mtran,1722,8388608,64,4,1,0,0,2,32,2,64,0,76.1464,8388620,8388630,17.4643,8388700,8388630,1.38555,2097150,0.361122,0,0,0,0,97.5723,99.8004,0,0,0,394265000,67108900,83886100,41943000,0,20447200,0,1.89968,0,0,1.08553,0,3.529,32,100,1024,0,0,0,48
mtran,6818,8388608,64,4,1,0,0,2,32,2,64,1,18.1649,8388820,8388500,4.15516,8388950,8388630,0.355265,2097150,0.0859261,0,0,0,0,96.8857,99.3984,0,0,0,486605000,67108900,83886100,58720300,16777200,25165800,0,0.583512,0,0.259339,0.259339,0,1.03748,32,100,1024,0,0,0,50
mtran,1519,16777216,128,4,1,0,0,2,64,2,64,0,87.3903,8388620,8388080,20.0084,8388700,8388630,1.53531,2097150,0.827482,0,0,0,0,95.2532,100.231,0,0,0,268435000,16777200,83886100,117441000,0,17825800,0,2.06393,0,0,1.44475,0,3.50946,32,100,1024,0,0,0,20
mtran,5761,16777216,128,4,1,0,0,2,64,2,64,1,21.3477,8389480,8388570,4.90957,8388700,8388630,0.411675,2097150,0.202817,0,0,0,0,96.1658,100.13,0,0,0,469893000,16777200,83886100,134218000,33554400,27263000,0,0.860854,0,0.607662,0.354469,0,1.31679,32,100,1024,0,0,0,20
mtran,2536,16777216,32,4,1,0,0,4,8,4,8,0,49.5746,8465120,8388790,11.3244,8388700,8388630,0.919342,2097150,0.468219,0,0,0,0,48.5208,99.915,0,0,0,268435000,16777200,83886100,117441000,0,17825800,0,1.17154,0,0,0.82008,0,1.9918,32,100,1024,0,0,0,20
mtran,2797,16777216,32,4,1,0,0,4,8,4,8,1,45.5035,8506040,8388120,10.3771,8388700,8388630,0.847774,2097150,0.428869,0,0,0,0,48.6309,100.045,0,0,0,469778000,16777200,83886100,134218000,33554400,27263000,0,1.82188,0,1.28603,0.750185,0,2.78656,32,100,1024,0,0,0,20
mtran,2572,8388608,32,4,1,0,0,4,8,4,16,0,49.9632,8720660,8388650,11.242,8388700,8388630,0.91011,2097150,0.232372,0,0,0,0,49.2602,99.8453,0,0,0,394265000,67108900,83886100,41943000,0,20447200,0,1.22184,0,0,0.698196,0,2.26949,32,100,1024,0,0,0,48
mtran,3069,8388608,32,4,1,0,0,4,8,4,16,1,42.6975,8738880,8388100,9.62776,8388700,8388680,0.780844,2097150,0.199158,0,0,0,0,49.3644,100.007,0,0,0,486556000,67108900,83886100,58720300,16777200,25165800,0,1.34422,0,0.59743,0.59743,0,2.38987,32,100,1024,0,0,0,50
mtran,2435,4194304,32,4,1,0,0,4,8,4,32,0,51.0978,8393210,8388580,11.7419,8388700,8388630,0.960254,2097150,0.121313,0,0,0,0,49.5538,100.317,0,0,0,197132000,16777200,83886100,16777200,0,10092500,0,0.755811,0,0,0.665113,0,1.16429,32,100,1024,0,0,0,48
mtran,3499,4194304,32,4,1,0,0,4,8,4,32,1,38.7879,9554610,8388540,9.53605,8388700,8388630,0.756462,2097150,0.0984164,0,0,0,0,49.6634,100.013,0,0,0,247480000,16777200,83886100,25165800,8388610,12582900,0,0.811828,0,0.29521,0.541219,0,1.18098,32,100,1024,0,0,0,50
mtran,2278,2097152,32,4,1,0,0,4,8,4,64,0,55.3535,8395250,8388420,14.7637,8388700,8388630,1.20108,2097150,0.0761572,0,0,0,0,49.6475,99.6586,0,0,0,136315000,10485800,83886100,12582900,0,7733250,0,0.687763,0,0,0.80239,0,1.12758,32,100,1024,0,0,0,48
mtran,4428,2097152,32,4,1,0,0,4,8,4,64,1,27.3625,9037570,8388020,7.60745,8388780,8388630,0.667696,2097150,0.0390414,0,0,0,0,49.7736,99.8111,0,0,0,159400000,10485800,83886100,14680100,4194300,8847360,0,0.420489,0,0.117346,0.41071,0,0.660181,32,100,1024,0,0,0,50
mtran,2540,16777216,64,4,1,0,0,4,16,4,16,0,50.4503,8388660,8388660,14.9202,8388700,8388630,1.19526,2097150,0.618204,0,0,0,0,97.4433,99.9181,0,0,0,268435000,16777200,83886100,117441000,0,17825800,0,1.54678,0,0,1.08274,0,2.63,32,100,1024,0,0,0,20
mtran,3038,16777216,64,4,1,0,0,4,16,4,16,1,41.8924,8388620,8388300,12.3564,8388700,8388630,0.991197,2097150,0.508204,0,0,0,0,97.9202,99.9705,0,0,0,469795000,16777200,83886100,134218000,33554400,27263000,0,2.16051,0,1.52506,0.88962,0,3.30466,32,100,1024,0,0,0,20
mtran,2409,8388608,64,4,1,0,0,4,16,4,32,0,52.8319,8388710,8388600,13.9229,8388700,8388630,1.12432,2097150,0.287288,0,0,0,0,98.2478,99.9059,0,0,0,394265000,67108900,83886100,41943000,0,20447200,0,1.50968,0,0,0.862677,0,2.80447,32,100,1024,0,0,0,48
mtran,3405,8388608,64,4,1,0,0,4,16,4,32,1,38.3444,8402900,8388050,10.0887,8388700,8388740,0.806911,2097150,0.208278,0,0,0,0,98.0748,100.01,0,0,0,486572000,67108900,83886100,58720300,16777200,25165800,0,1.40573,0,0.62477,0.62477,0,2.49939,32,100,1024,0,0,0,50
mtran,2073,4194304,64,4,1,0,0,4,16,4,64,0,63.3565,8476170,8387480,16.7619,8388700,8388630,1.33347,2097150,0.17293,0,0,0,0,93.971,100.477,0,0,0,197132000,16777200,83886100,16777200,0,10092500,0,1.07568,0,0,0.946596,0,1.65747,32,100,1024,0,0,0,48
mtran,4309,4194304,64,4,1,0,0,4,16,4,64,1,27.9735,8410010,8388460,7.33895,8389620,8388680,0.644393,2097150,0.0757223,0,0,0,0,97.4269,99.8828,0,0,0,247497000,16777200,83886100,25165800,8388610,12582900,0,0.625442,0,0.227433,0.416961,0,0.909954,32,100,1024,0,0,0,50
mtran,1649,16777216,128,4,1,0,0,4,32,4,32,0,77.4224,8388620,8388720,20.4339,8388700,8388630,1.64209,2097150,0.842878,0,0,0,0,96.7227,99.9283,0,0,0,268435000,16777200,83886100,117441000,0,17825800,0,2.10871,0,0,1.4761,0,3.58559,32,100,1024,0,0,0,20
mtran,2924,16777216,128,4,1,0,0,4,32,4,32,1,42.5038,8388710,8387230,12.533,8388700,8388630,1.02983,2097150,0.515285,0,0,0,0,96.8359,99.8246,0,0,0,469827000,16777200,83886100,134218000,33554400,27263000,0,2.19381,0,1.54857,0.903334,0,3.35571,32,100,1024,0,0,0,20
mtran,1724,8388608,128,4,1,0,0,4,32,4,64,0,77.1497,8388620,8388690,22.7343,8388700,8388630,1.75419,2097150,0.468373,0,0,0,0,97.788,99.8341,0,0,0,394265000,67108900,83886100,41943000,0,20447200,0,2.46304,0,0,1.40745,0,4.57576,32,100,1024,0,0,0,48
mtran,3913,8388608,128,4,1,0,0,4,32,4,64,1,30.4029,8389080,8388740,8.88632,8388970,8388630,0.764127,2097150,0.182516,0,0,0,0,97.3703,99.6142,0,0,0,486605000,67108900,83886100,58720300,16777200,25165800,0,1.23676,0,0.549669,0.549669,0,2.19902,32,100,1024,0,0,0,50
mtran,1492,16777216,256,4,1,0,0,4,64,4,64,0,88.3575,8388620,8388280,25.8977,8388700,8388630,2.02179,2097150,1.06779,0,0,0,0,94.7763,98.3186,0,0,0,268435000,16777200,83886100,117441000,0,17825800,0,2.71512,0,0,1.90058,0,4.61684,32,100,1024,0,0,0,20
mtran,3478,16777216,256,4,1,0,0,4,64,4,64,1,34.8613,8389080,8388600,10.2865,8388700,8388630,0.863972,2097150,0.422648,0,0,0,0,94.8613,99.5721,0,0,0,469893000,16777200,83886100,134218000,33554400,27263000,0,1.80397,0,1.27339,0.742813,0,2.75946,32,100,1024,0,0,0,20
mtran,2681,16777216,32,4,1,0,0,8,4,8,4,0,48.0575,8505350,8388370,21.0162,16655700,8388630,1.12289,2097150,0.579957,0,0,0,0,48.1783,99.8645,0,0,0,268435000,16777200,83886100,117441000,0,17825800,0,1.45186,0,0,1.0163,0,2.46837,32,100,1024,0,0,0,20
mtran,2658,16777216,32,4,1,0,0,8,4,8,4,1,47.493,8598120,8388960,20.6699,16693200,8388630,1.13416,2097150,0.569909,0,0,0,0,48.1929,99.9068,0,0,0,469770000,16777200,83886100,134218000,33554400,27263000,0,2.42437,0,1.71132,0.998271,0,3.70807,32,100,1024,0,0,0,20
mtran,2597,8388608,32,4,1,0,0,8,4,8,8,0,49.8408,8912050,8388090,20.8031,16103600,8388760,1.15856,2097150,0.293649,0,0,0,0,49.073,99.7688,0,0,0,394265000,67108900,83886100,41943000,0,20447200,0,1.54523,0,0,0.882989,0,2.8701,32,100,1024,0,0,0,48
mtran,2847,8388608,32,4,1,0,0,8,4,8,8,1,43.9524,8527090,8388420,18.9367,16293000,8388630,1.0593,2097150,0.265399,0,0,0,0,49.1406,99.8992,0,0,0,486547000,67108900,83886100,58720300,16777200,25165800,0,1.79325,0,0.797001,0.797001,0,3.18819,32,100,1024,0,0,0,50
mtran,2485,4194304,32,4,1,0,0,8,4,8,16,0,51.3234,8518370,8388770,15.6319,9040500,8388630,1.21022,2097150,0.154679,0,0,0,0,49.4738,99.8552,0,0,0,197132000,16777200,83886100,16777200,0,10092500,0,0.968149,0,0,0.851971,0,1.49135,32,100,1024,0,0,0,48
mtran,2863,4194304,32,4,1,0,0,8,4,8,16,1,45.9086,9533140,8388620,16.6655,13658400,8388650,1.05185,2097150,0.130559,0,0,0,0,49.5659,99.8501,0,0,0,247472000,16777200,83886100,25165800,8388610,12582900,0,1.07873,0,0.392264,0.719151,0,1.56924,32,100,1024,0,0,0,50
mtran,2388,2097152,32,4,1,0,0,8,4,8,32,0,53.3607,8773380,8388940,15.8325,8891500,8388630,1.26149,2097150,0.0791232,0,0,0,0,49.6336,100.049,0,0,0,136315000,10485800,83886100,12582900,0,7733250,0,0.711757,0,0,0.830383,0,1.1669,32,100,1024,0,0,0,48
mtran,3067,2097152,32,4,1,0,0,8,4,8,32,1,43.7723,9909200,8388840,14.9478,12777300,8388630,0.980809,2097150,0.0610014,0,0,0,0,49.7496,100.126,0,0,0,159392000,10485800,83886100,14680100,4194300,8847360,0,0.654937,0,0.182773,0.639706,0,1.02827,32,100,1024,0,0,0,50
mtran,2508,1048576,32,4,1,0,0,8,4,8,64,0,50.9613,8866740,8389450,15.0208,8880870,8388630,1.20026,2097150,0.0375399,0,0,0,0,49.6604,99.7096,0,0,0,105906000,7340030,83886100,8388610,0,6488060,0,0.545914,0,0,0.771809,0,0.932215,32,100,1024,0,0,0,48
mtran,2986,1048576,32,4,1,0,0,8,4,8,64,1,45.6628,10218100,8388230,15.4659,13066600,8388690,1.00752,2097150,0.0311012,0,0,0,0,49.769,99.3884,0,0,0,115352000,7340030,83886100,9437180,2097150,6979580,0,0.508505,0,0.0938779,0.641499,0,0.833343,32,100,1024,0,0,0,50
mtran,2555,16777216,64,4,1,0,0,8,8,8,8,0,49.9942,8552430,8388340,14.6514,8443740,8388630,1.17675,2097150,0.601199,0,0,0,0,96.8438,99.8873,0,0,0,268435000,16777200,83886100,117441000,0,17825800,0,1.50469,0,0,1.05329,0,2.55841,32,100,1024,0,0,0,20
mtran,2824,16777216,64,4,1,0,0,8,8,8,8,1,44.1298,8407650,8388630,13.0207,8420300,8388630,1.06493,2097150,0.535217,0,0,0,0,97.4503,99.867,0,0,0,469778000,16777200,83886100,134218000,33554400,27263000,0,2.2777,0,1.60779,0.937877,0,3.48392,32,100,1024,0,0,0,20
mtran,2593,8388608,64,4,1,0,0,8,8,8,16,0,50.2956,9094090,8387990,14.3757,8537780,8388630,1.16218,2097150,0.293335,0,0,0,0,97.5186,99.9638,0,0,0,394265000,67108900,83886100,41943000,0,20447200,0,1.54057,0,0,0.880323,0,2.86183,32,100,1024,0,0,0,48
mtran,2913,8388608,64,4,1,0,0,8,8,8,16,1,45.6952,9772850,8388490,12.5715,8545190,8388630,1.03313,2097150,0.256289,0,0,0,0,97.7408,100.021,0,0,0,486556000,67108900,83886100,58720300,16777200,25165800,0,1.72959,0,0.768709,0.768709,0,3.07522,32,100,1024,0,0,0,50
mtran,2434,4194304,64,4,1,0,0,8,8,8,32,0,52.2722,8413260,8388250,15.3757,8498310,8388630,1.23912,2097150,0.157025,0,0,0,0,95.0525,99.6859,0,0,0,197132000,16777200,83886100,16777200,0,10092500,0,0.984501,0,0,0.866361,0,1.51696,32,100,1024,0,0,0,48
mtran,2866,4194304,64,4,1,0,0,8,8,8,32,1,47.3207,10206300,8388070,12.6906,8505470,8388630,1.046,2097150,0.129562,0,0,0,0,98.6528,99.8644,0,0,0,247480000,16777200,83886100,25165800,8388610,12582900,0,1.07033,0,0.389213,0.713556,0,1.55722,32,100,1024,0,0,0,50
mtran,2517,2097152,64,4,1,0,0,8,8,8,64,0,51.4333,9077630,8387620,15.0209,8917550,8388680,1.19679,2097150,0.074704,0,0,0,0,96.1427,99.6661,0,0,0,136315000,10485800,83886100,12582900,0,7733250,0,0.674588,0,0,0.78702,0,1.10636,32,100,1024,0,0,0,48
mtran,2799,2097152,64,4,1,0,0,8,8,8,64,1,48.4617,10268700,8388390,13.0628,8687270,8388630,1.07108,2097150,0.0661358,0,0,0,0,98.9399,99.984,0,0,0,159400000,10485800,83886100,14680100,4194300,8847360,0,0.711074,0,0.198439,0.694537,0,1.1166,32,100,1024,0,0,0,50
mtran,2544,16777216,128,4,1,0,0,8,16,8,16,0,50.2651,8388980,8387640,14.8339,8389270,8388630,1.18032,2097150,0.610145,0,0,0,0,97.5848,99.9537,0,0,0,268435000,16777200,83886100,117441000,0,17825800,0,1.52607,0,0,1.06825,0,2.59488,32,100,1024,0,0,0,20
mtran,2740,16777216,128,4,1,0,0,8,16,8,16,1,45.3822,8388620,8388460,13.395,8388730,8388630,1.09727,2097150,0.550935,0,0,0,0,97.7539,100.014,0,0,0,469795000,16777200,83886100,134218000,33554400,27263000,0,2.34115,0,1.65258,0.964005,0,3.58109,32,100,1024,0,0,0,20
mtran,2412,8388608,128,4,1,0,0,8,16,8,32,0,52.8699,8388630,8388310,15.5934,8389050,8388630,1.24782,2097150,0.320844,0,0,0,0,98.2618,99.7312,0,0,0,394265000,67108900,83886100,41943000,0,20447200,0,1.68897,0,0,0.965127,0,3.13771,32,100,1024,0,0,0,48
mtran,2730,8388608,128,4,1,0,0,8,16,8,32,1,45.4239,8389220,8388400,13.3947,8389090,8388630,1.10155,2097150,0.275452,0,0,0,0,98.1734,99.9226,0,0,0,486572000,67108900,83886100,58720300,16777200,25165800,0,1.86074,0,0.826997,0.826997,0,3.3085,32,100,1024,0,0,0,50
mtran,1851,4194304,128,4,1,0,0,8,16,8,64,0,69.0413,8416000,8387750,20.7723,8445700,8388680,1.62972,2097150,0.213109,0,0,0,0,93.2499,100.846,0,0,0,197132000,16777200,83886100,16777200,0,10092500,0,1.32076,0,0,1.16227,0,2.03536,32,100,1024,0,0,0,48
mtran,2387,4194304,128,4,1,0,0,8,16,8,64,1,51.7169,8388840,8387880,15.2706,8389400,8388630,1.2583,2097150,0.156992,0,0,0,0,98.8279,99.9084,0,0,0,247497000,16777200,83886100,25165800,8388610,12582900,0,1.29637,0,0.471407,0.864246,0,1.88621,32,100,1024,0,0,0,50
mtran,1673,16777216,256,4,1,0,0,8,32,8,32,0,77.0518,8388730,8388400,22.7373,8388700,8388630,1.80326,2097150,0.936599,0,0,0,0,95.4378,99.8516,0,0,0,268435000,16777200,83886100,117441000,0,17825800,0,2.34498,0,0,1.64148,0,3.98745,32,100,1024,0,0,0,20
mtran,2063,16777216,256,4,1,0,0,8,32,8,32,1,60.2071,8388620,8388450,17.792,8388700,8388630,1.45691,2097150,0.732426,0,0,0,0,95.6662,99.861,0,0,0,469827000,16777200,83886100,134218000,33554400,27263000,0,3.11715,0,2.20034,1.28353,0,4.76816,32,100,1024,0,0,0,20
mtran,1693,8388608,256,4,1,0,0,8,32,8,64,0,76.1521,8388620,8388740,22.4622,8388740,8388630,1.77533,2097150,0.462735,0,0,0,0,97.1158,99.7765,0,0,0,394265000,67108900,83886100,41943000,0,20447200,0,2.4348,0,0,1.39132,0,4.5234,32,100,1024,0,0,0,48
mtran,2076,8388608,256,4,1,0,0,8,32,8,64,1,59.4958,8388620,8387350,17.5896,8388700,8388630,1.45175,2097150,0.361898,0,0,0,0,96.834,99.7857,0,0,0,486605000,67108900,83886100,58720300,16777200,25165800,0,2.44806,0,1.08803,1.08803,0,4.3528,32,100,1024,0,0,0,50
mtran,1481,16777216,512,4,1,0,0,8,64,8,64,0,90.669,8388620,8388250,26.757,8388700,8388630,2.02352,2097150,1.10313,0,0,0,0,90.9833,99.862,0,0,0,268435000,16777200,83886100,117441000,0,17825800,0,2.76164,0,0,1.93315,0,4.69595,32,100,1024,0,0,0,20
mtran,1935,16777216,512,4,1,0,0,8,64,8,64,1,63.6802,8390760,8387390,18.7456,8388700,8388770,1.55646,2097150,0.771714,0,0,0,0,91.6324,99.6676,0,0,0,469893000,16777200,83886100,134218000,33554400,27263000,0,3.29072,0,2.32286,1.355,0,5.03368,32,100,1024,0,0,0,20
mtran,3086,16777216,32,4,1,0,0,16,2,16,2,0,41.4498,8450500,8388540,30.163,33037300,8388760,0.976406,2097150,0.502796,0,0,0,0,48.4874,99.9877,0,0,0,268435000,16777200,83886100,117441000,0,17825800,0,1.25715,0,0,0.880002,0,2.13732,32,100,1024,0,0,0,20
mtran,2578,16777216,32,4,1,0,0,16,2,16,2,1,48.2508,8434860,8388840,35.235,33256500,8388630,1.17114,2097150,0.586154,0,0,0,0,48.1639,99.9156,0,0,0,469766000,16777200,83886100,134218000,33554400,27263000,0,2.49326,0,1.75995,1.02664,0,3.81343,32,100,1024,0,0,0,20
mtran,2701,8388608,32,4,1,0,0,16,2,16,4,0,47.362,8834270,8388600,33.3858,32692200,8388630,1.1149,2097150,0.280887,0,0,0,0,49.1246,99.8931,0,0,0,394265000,67108900,83886100,41943000,0,20447200,0,1.47623,0,0,0.843561,0,2.74195,32,100,1024,0,0,0,48
mtran,2607,8388608,32,4,1,0,0,16,2,16,4,1,48.2636,8632630,8388410,34.4481,32777500,8388630,1.15777,2097150,0.289842,0,0,0,0,49.0829,99.8283,0,0,0,486543000,67108900,83886100,58720300,16777200,25165800,0,1.9598,0,0.871021,0.871021,0,3.48429,32,100,1024,0,0,0,50
mtran,2421,4194304,32,4,1,0,0,16,2,16,8,0,53.1798,8733720,8388240,19.2915,12801800,8388630,1.25007,2097150,0.15777,0,0,0,0,49.4549,99.5865,0,0,0,197132000,16777200,83886100,16777200,0,10092500,0,0.990154,0,0,0.871336,0,1.52525,32,100,1024,0,0,0,48
mtran,2790,4194304,32,4,1,0,0,16,2,16,8,1,47.5469,9648940,8389250,28.3176,28048300,8388630,1.08112,2097150,0.134336,0,0,0,0,49.551,99.7754,0,0,0,247468000,16777200,83886100,25165800,8388610,12582900,0,1.11076,0,0.403914,0.740509,0,1.61585,32,100,1024,0,0,0,50
mtran,2726,2097152,32,4,1,0,0,16,2,16,16,0,52.3913,11016300,8389400,18.4425,14760100,8388630,1.09989,2097150,0.0688755,0,0,0,0,49.6978,99.9617,0,0,0,136315000,10485800,83886100,12582900,0,7733250,0,0.620117,0,0,0.72347,0,1.01666,32,100,1024,0,0,0,48
mtran,3657,2097152,32,4,1,0,0,16,2,16,16,1,43.7852,13376200,8388170,21.6955,28153700,8388630,0.82235,2097150,0.05132,0,0,0,0,49.7968,99.9418,0,0,0,159388000,10485800,83886100,14680100,4194300,8847360,0,0.552011,0,0.15405,0.539174,0,0.866675,32,100,1024,0,0,0,50
mtran,4855,1048576,32,4,1,0,0,16,2,16,32,0,44.057,20557600,8388460,10.767,15616800,8389070,0.620446,2097150,0.0193628,0,0,0,0,49.7895,100.125,0,0,0,105906000,7340030,83886100,8388610,0,6488060,0,0.280409,0,0,0.396441,0,0.478833,32,100,1024,0,0,0,48
mtran,8678,1048576,32,4,1,0,0,16,2,16,32,1,39.0389,37601300,8388860,9.14437,28226900,8388660,0.345414,2097150,0.0107703,0,0,0,0,49.8573,99.4671,0,0,0,115347000,7340030,83886100,9437180,2097150,6979580,0,0.175955,0,0.0324839,0.221974,0,0.288357,32,100,1024,0,0,0,50
mtran,5285,524288,32,4,1,0,0,16,2,16,64,0,41.0534,22445200,8387860,7.55362,16225900,8388630,0.425819,2097150,0.00664153,0,0,0,0,49.7162,99.5417,0,0,0,90701800,5767170,83886100,6291460,0,5865470,0,0.170139,0,0,0.270221,0,0.298726,32,100,1024,0,0,0,48
mtran,8839,524288,32,4,1,0,0,16,2,16,64,1,37.7523,36907400,8388630,6.96742,28059700,8388680,0.266646,2097150,0.00413976,0,0,0,0,49.8388,99.7271,0,0,0,93327300,5767170,83886100,6815740,1048580,6045700,0,0.113117,0,0.0124533,0.168119,0,0.191519,32,100,1024,0,0,0,50
mtran,2708,16777216,64,4,1,0,0,16,4,16,4,0,48.0513,8677580,8388260,22.4248,26568900,8388680,0.88179,2097150,0.448163,0,0,0,0,85.0704,99.9478,0,0,0,268435000,16777200,83886100,117441000,0,17825800,0,1.12099,0,0,0.784694,0,1.90602,32,100,1024,0,0,0,20
mtran,2566,16777216,64,4,1,0,0,16,4,16,4,1,49.0137,8542580,8389140,21.5216,24005600,8388630,0.920142,2097150,0.46232,0,0,0,0,88.2278,100.009,0,0,0,469770000,16777200,83886100,134218000,33554400,27263000,0,1.96469,0,1.38684,0.808992,0,3.0052,32,100,1024,0,0,0,20
mtran,2539,8388608,64,4,1,0,0,16,4,16,8,0,50.7054,8910320,8388360,21.2793,22918500,8388660,0.933996,2097150,0.233762,0,0,0,0,87.2951,99.7003,0,0,0,394265000,67108900,83886100,41943000,0,20447200,0,1.23094,0,0,0.703393,0,2.28668,32,100,1024,0,0,0,48
mtran,2727,8388608,64,4,1,0,0,16,4,16,8,1,48.6906,9359260,8388110,19.6935,22711000,8388680,0.874585,2097150,0.219056,0,0,0,0,88.3536,99.8667,0,0,0,486547000,67108900,83886100,58720300,16777200,25165800,0,1.4806,0,0.658047,0.658047,0,2.63252,32,100,1024,0,0,0,50
mtran,2382,4194304,64,4,1,0,0,16,4,16,16,0,52.3997,9102150,8388780,12.7353,10197800,8388630,0.950863,2097150,0.118379,0,0,0,0,92.4143,98.9823,0,0,0,197132000,16777200,83886100,16777200,0,10092500,0,0.747475,0,0,0.657778,0,1.15178,32,100,1024,0,0,0,48
mtran,2977,4194304,64,4,1,0,0,16,4,16,16,1,46.3979,10380500,8389610,21.2827,20840100,8388630,1.02572,2097150,0.127088,0,0,0,0,89.0885,100.036,0,0,0,247472000,16777200,83886100,25165800,8388610,12582900,0,1.0481,0,0.381128,0.698735,0,1.52488,32,100,1024,0,0,0,50
mtran,3087,2097152,64,4,1,0,0,16,4,16,32,0,49.5732,12422400,8388750,15.049,13180900,8388630,0.966194,2097150,0.0601672,0,0,0,0,94.3736,99.0006,0,0,0,136315000,10485800,83886100,12582900,0,7733250,0,0.546971,0,0,0.638133,0,0.897067,32,100,1024,0,0,0,48
mtran,4951,2097152,64,4,1,0,0,16,4,16,32,1,43.3123,21612600,8390120,13.3026,22796600,8388670,0.615728,2097150,0.036642,0,0,0,0,94.0058,98.843,0,0,0,159392000,10485800,83886100,14680100,4194300,8847360,0,0.398512,0,0.111213,0.389244,0,0.625782,32,100,1024,0,0,0,50
mtran,4065,1048576,64,4,1,0,0,16,4,16,64,0,44.1273,16711000,8388200,11.9058,14615000,8388700,0.717977,2097150,0.0223931,0,0,0,0,96.0423,99.4552,0,0,0,105906000,7340030,83886100,8388610,0,6488060,0,0.326479,0,0,0.461574,0,0.55774,32,100,1024,0,0,0,48
mtran,5256,1048576,64,4,1,0,0,16,4,16,64,1,41.4249,21869700,8387000,12.5077,22511400,8388630,0.555362,2097150,0.0175384,0,0,0,0,95.6322,99.0218,0,0,0,115351000,7340030,83886100,9437180,2097150,6979580,0,0.287814,0,0.0531348,0.363088,0,0.471774,32,100,1024,0,0,0,50
mtran,2555,16777216,128,4,1,0,0,16,8,16,8,0,50.0331,8543330,8388700,14.6131,8388960,8388630,1.17803,2097150,0.601395,0,0,0,0,96.5772,99.8905,0,0,0,268435000,16777200,83886100,117441000,0,17825800,0,1.50514,0,0,1.0536,0,2.55929,32,100,1024,0,0,0,20
mtran,2612,16777216,128,4,1,0,0,16,8,16,8,1,48.3268,8518920,8388180,14.1454,8388780,8388630,1.15417,2097150,0.582477,0,0,0,0,96.9927,99.9286,0,0,0,469778000,16777200,83886100,134218000,33554400,27263000,0,2.4773,0,1.74868,1.02006,0,3.78934,32,100,1024,0,0,0,20
mtran,2591,8388608,128,4,1,0,0,16,8,16,16,0,50.2667,9072100,8387050,14.2661,8418380,8388630,1.16284,2097150,0.293025,0,0,0,0,97.1659,99.8714,0,0,0,394265000,67108900,83886100,41943000,0,20447200,0,1.54036,0,0,0.880205,0,2.86163,32,100,1024,0,0,0,48
mtran,2859,8388608,128,4,1,0,0,16,8,16,16,1,44.8787,8945220,8388610,12.6017,8419690,8388630,1.03408,2097150,0.258303,0,0,0,0,97.2824,99.814,0,0,0,486556000,67108900,83886100,58720300,16777200,25165800,0,1.7468,0,0.776354,0.776354,0,3.1059,32,100,1024,0,0,0,50
mtran,2381,4194304,128,4,1,0,0,16,8,16,32,0,52.4149,8395520,8387720,15.3195,8407890,8388630,1.22484,2097150,0.157207,0,0,0,0,94.9976,100.586,0,0,0,197132000,16777200,83886100,16777200,0,10092500,0,0.976815,0,0,0.859597,0,1.50532,32,100,1024,0,0,0,48
mtran,2834,4194304,128,4,1,0,0,16,8,16,32,1,49.4041,10597600,8389010,12.7084,8453820,8388630,1.04398,2097150,0.12991,0,0,0,0,98.1024,99.999,0,0,0,247480000,16777200,83886100,25165800,8388610,12582900,0,1.07177,0,0.389734,0.714513,0,1.55942,32,100,1024,0,0,0,50
mtran,2436,2097152,128,4,1,0,0,16,8,16,64,0,53.2737,8979180,8389460,15.2303,8685280,8388630,1.22008,2097150,0.0769126,0,0,0,0,96.2939,99.9721,0,0,0,136315000,10485800,83886100,12582900,0,7733250,0,0.692407,0,0,0.807808,0,1.13578,32,100,1024,0,0,0,48
mtran,2861,2097152,128,4,1,0,0,16,8,16,64,1,48.1593,10380100,8388740,12.7412,8816330,8388630,1.03178,2097150,0.063898,0,0,0,0,98.2334,99.6862,0,0,0,159400000,10485800,83886100,14680100,4194300,8847360,0,0.689066,0,0.192298,0.673042,0,1.08215,32,100,1024,0,0,0,50
mtran,2552,16777216,256,4,1,0,0,16,16,16,16,0,50.2466,8388680,8388180,14.8247,8388900,8388630,1.1789,2097150,0.610252,0,0,0,0,95.7971,99.8899,0,0,0,268435000,16777200,83886100,117441000,0,17825800,0,1.52731,0,0,1.06912,0,2.59707,32,100,1024,0,0,0,20
mtran,2751,16777216,256,4,1,0,0,16,16,16,16,1,45.3931,8390120,8388440,13.3965,8388700,8388940,1.09299,2097150,0.551143,0,0,0,0,95.6824,99.9571,0,0,0,469795000,16777200,83886100,134218000,33554400,27263000,0,2.34336,0,1.65414,0.964915,0,3.58454,32,100,1024,0,0,0,20
mtran,2439,8388608,256,4,1,0,0,16,16,16,32,0,52.1437,8388820,8388600,15.3935,8388920,8388680,1.22932,2097150,0.316889,0,0,0,0,96.6911,99.9627,0,0,0,394265000,67108900,83886100,41943000,0,20447200,0,1.66429,0,0,0.95102,0,3.09193,32,100,1024,0,0,0,48
mtran,2574,8388608,256,4,1,0,0,16,16,16,32,1,48.56,8388950,8388150,14.3273,8388800,8388630,1.16705,2097150,0.294902,0,0,0,0,96.706,99.758,0,0,0,486572000,67108900,83886100,58720300,16777200,25165800,0,1.99542,0,0.886852,0.886852,0,3.54798,32,100,1024,0,0,0,50
mtran,1759,4194304,256,4,1,0,0,16,16,16,64,0,71.6091,8391350,8388780,21.0957,8390130,8388630,1.71921,2097150,0.21731,0,0,0,0,91.8864,99.7323,0,0,0,197132000,16777200,83886100,16777200,0,10092500,0,1.36183,0,0,1.19841,0,2.09875,32,100,1024,0,0,0,48
mtran,2298,4194304,256,4,1,0,0,16,16,16,64,1,55.2409,8392770,8388170,16.3323,8390750,8388630,1.31,2097150,0.168018,0,0,0,0,97.693,99.9587,0,0,0,247496000,16777200,83886100,25165800,8388610,12582900,0,1.38672,0,0.504263,0.924483,0,2.01773,32,100,1024,0,0,0,50
mtran,1673,16777216,512,4,1,0,0,16,32,16,32,0,76.7263,8388880,8388470,22.6275,8389260,8388630,1.80537,2097150,0.932697,0,0,0,0,88.8017,99.7728,0,0,0,268435000,16777200,83886100,117441000,0,17825800,0,2.33705,0,0,1.63594,0,3.97397,32,100,1024,0,0,0,20
mtran,1791,16777216,512,4,1,0,0,16,32,16,32,1,73.7161,8388620,8388740,21.7914,8388700,8388630,1.68405,2097150,0.898054,0,0,0,0,90.1409,100.04,0,0,0,469827000,16777200,83886100,134218000,33554400,27263000,0,3.81521,0,2.69309,1.57097,0,5.83597,32,100,1024,0,0,0,20
mtran,1711,8388608,512,4,1,0,0,16,32,16,64,0,74.3407,8388620,8387790,21.92,8388710,8388630,1.76276,2097150,0.45173,0,0,0,0,92.966,99.9182,0,0,0,394265000,67108900,83886100,41943000,0,20447200,0,2.37352,0,0,1.3563,0,4.40956,32,100,1024,0,0,0,48
mtran,1975,8388608,512,4,1,0,0,16,32,16,64,1,68.6027,8388620,8388640,20.2432,8388710,8388680,1.51565,2097150,0.416959,0,0,0,0,93.3713,99.8063,0,0,0,486604000,67108900,83886100,58720300,16777200,25165800,0,2.81993,0,1.2533,1.2533,0,5.0141,32,100,1024,0,0,0,50
mtran,1418,16777216,1024,4,1,0,0,16,64,16,64,0,87.5169,8388620,8388640,25.816,8388700,8388630,2.21055,2097150,1.06512,0,0,0,0,74.5552,95.4686,0,0,0,268435000,16777200,83886100,117441000,0,17825800,0,2.78918,0,0,1.95243,0,4.74278,32,100,1024,0,0,0,20
mtran,1475,16777216,1024,4,1,0,0,16,64,16,64,1,88.168,8388660,8387700,26.0007,8388700,8388630,2.11801,2097150,1.07288,0,0,0,0,78.8549,95.3343,0,0,0,469892000,16777200,83886100,134218000,33554400,27263000,0,4.78292,0,3.37618,1.96944,0,7.31624,32,100,1024,0,0,0,20
