Kernel name,Computation duration (us),Global size,Local size,VECTOR_TYPE,CR,LOCAL_MEM,PADD_LOCAL,WORK_GROUP_SIZE_X,WORK_GROUP_SIZE_Y,TILE_SIZE_X,TILE_SIZE_Y,DIAGONAL_MAP,dram_utilization,dram_read_transactions,dram_write_transactions,l2_utilization,l2_read_transactions,l2_write_transactions,tex_utilization,tex_cache_transactions,local_memory_overhead,shared_efficiency,shared_load_transactions,shared_store_transactions,local_load_transactions,local_store_transactions,achieved_occupancy,sm_efficiency,inst_fp_32,inst_fp_64,inst_integer,inst_control,inst_compute_ld_st,inst_misc,inst_bit_convert,inst_executed,flop_sp_efficiency,flop_dp_efficiency,cf_fu_utilization,ldst_fu_utilization,tex_fu_utilization,issue_slot_utilization,Maximum work-group size,Local memory size,Private memory size,Constant memory size,Registers count
mtran,23030,67108864,32,1,0,0,0,1,32,1,32,0,2,8688227,8388608,1,67119276,8388609,0,0,0,0,0,0,0,0,0.232563,99.9947,0,0,536870912,67108864,134217728,402653184,0,35651584,0,0,1,4,0,12.1508,1024,0,0,0,6
mtran,62786,67108864,32,1,0,0,0,1,32,1,32,1,3,68148908,8388608,1,67115143,8388609,0,0,0,0,0,0,0,0,0.24388,99.998,67108864,0,1141112800,67108864,134217728,469762048,134217728,69206016,0,0,1,3,0,9.96297,1024,0,0,0,6
mtran,22662,33554432,32,1,0,0,0,1,32,1,64,0,2,8836430,8388608,1,67118463,8388609,0,0,0,0,0,0,0,0,0.241297,99.9942,0,0,872415232,33554432,134217728,369098752,0,58720256,0,0,1,4,0,14.6602,1024,0,0,0,26
mtran,62834,33554432,32,1,0,0,0,1,32,1,64,1,3,68242870,8388608,1,67115259,8388609,0,0,0,0,0,0,0,0,0.246941,99.9974,33554432,0,1174667232,33554432,134217728,402653184,67108864,75497472,0,0,1,4,0,10.154,1024,0,0,0,26
mtran,17645,67108864,64,1,0,0,0,1,64,1,64,0,2,8687674,8388608,2,67118059,8388609,0,0,0,0,0,0,0,0,0.456675,99.9918,0,0,536870912,67108864,134217728,402653184,0,35651584,0,0,1,6,0,16.4132,1024,0,0,0,6
mtran,75697,67108864,64,1,0,0,0,1,64,1,64,1,2,68589398,8388608,1,67112347,8388609,0,0,0,0,0,0,0,0,0.482102,99.9968,67108864,0,1141374912,67108864,134217728,469762048,134217728,69206016,0,0,1,4,0,10.7795,1024,0,0,0,6
mtran,16015,67108864,32,1,0,0,0,2,16,2,16,0,2,8688150,8388608,1,33564443,8388609,0,0,0,0,0,0,0,0,0.224403,99.992,0,0,536870912,67108864,134217728,402653184,0,35651584,0,0,1,3,0,11.5403,1024,0,0,0,6
mtran,34633,67108864,32,1,0,0,0,2,16,2,16,1,3,34149768,8388608,1,33562335,8388609,0,0,0,0,0,0,0,0,0.238971,99.9962,67108864,0,1140981728,67108864,134217728,469762048,134217728,69206016,0,0,1,2,0,8.51174,1024,0,0,0,6
mtran,15837,33554432,32,1,0,0,0,2,16,2,32,0,2,8688350,8388608,1,33565187,8388609,0,0,0,0,0,0,0,0,0.23728,99.9915,0,0,872415232,33554432,134217728,369098752,0,58720256,0,0,1,4,0,14.412,1024,0,0,0,26
mtran,32873,33554432,32,1,0,0,0,2,16,2,32,1,3,34150132,8388608,1,33562015,8388609,0,0,0,0,0,0,0,0,0.24423,99.9962,33554432,0,1174536160,33554432,134217728,402653184,67108864,75497472,0,0,1,2,0,8.87661,1024,0,0,0,26
mtran,14441,16777216,32,1,0,0,0,2,16,2,64,0,2,8688486,8388608,1,33564995,8388609,0,0,0,0,0,0,0,0,0.243256,99.9893,0,0,587202560,16777216,134217728,251658240,0,34078720,0,0,1,4,0,12.4502,1024,0,0,0,26
mtran,33369,16777216,32,1,0,0,0,2,16,2,64,1,3,34150104,8388608,1,33560975,8388609,0,0,0,0,0,0,0,0,0.247151,99.9954,16777216,0,738328544,16777216,134217728,268435456,33554432,42467328,0,0,1,2,0,7.05727,1024,0,0,0,26
mtran,11075,67108864,64,1,0,0,0,2,32,2,32,0,3,8688306,8388608,2,33566471,8388609,0,0,0,0,0,0,0,0,0.448324,99.988,0,0,536870912,67108864,134217728,402653184,0,35651584,0,0,1,6,0,18.8878,1024,0,0,0,6
mtran,32829,67108864,64,1,0,0,0,2,32,2,32,1,3,34145144,8388608,1,33560267,8388609,0,0,0,0,0,0,0,0,0.46611,99.9958,67108864,0,1141112768,67108864,134217728,469762048,134217728,69206016,0,0,1,4,0,14.4178,1024,0,0,0,6
mtran,10564,33554432,64,1,0,0,0,2,32,2,64,0,3,8391840,8388608,2,33566219,8388609,0,0,0,0,0,0,0,0,0.470357,99.9877,0,0,872415232,33554432,134217728,369098752,0,58720256,0,0,1,6,0,23.7497,1024,0,0,0,26
mtran,32404,33554432,64,1,0,0,0,2,32,2,64,1,3,34149568,8388608,1,33559527,8388609,0,0,0,0,0,0,0,0,0.475736,99.9949,33554432,0,1174667200,33554432,134217728,402653184,67108864,75497472,0,0,1,5,0,14.8624,1024,0,0,0,26
mtran,9443,67108864,128,1,0,0,0,2,64,2,64,0,4,8687666,8388608,2,33564395,8388609,0,0,0,0,0,0,0,0,0.833324,99.9858,0,0,536870912,67108864,134217728,402653184,0,35651584,0,0,1,6,0,21.3218,1024,0,0,0,6
mtran,33292,67108864,128,1,0,0,0,2,64,2,64,1,3,34105476,8388608,1,33558175,8388609,0,0,0,0,0,0,0,0,0.947537,99.9941,67108864,0,1141374848,67108864,134217728,469762048,134217728,69206016,0,0,1,5,0,15.0115,1024,0,0,0,6
mtran,20659,67108864,32,1,0,0,0,4,8,4,8,0,2,8687167,8388608,1,16783979,8388609,0,0,0,0,0,0,0,0,0.230494,99.9929,0,0,536870912,67108864,134217728,402653184,0,35651584,0,0,1,2,0,7.21311,1024,0,0,0,6
mtran,24373,67108864,32,1,0,0,0,4,8,4,8,1,2,17218528,8388608,1,16784767,8388609,0,0,0,0,0,0,0,0,0.234075,99.9936,67108864,0,1140916192,67108864,134217728,469762048,134217728,69206016,0,0,1,2,0,9.93416,1024,0,0,0,6
mtran,18309,33554432,32,1,0,0,0,4,8,4,16,0,2,8687454,8388608,1,16785799,8388609,0,0,0,0,0,0,0,0,0.239271,99.9932,0,0,872415232,33554432,134217728,369098752,0,58720256,0,0,1,2,0,10.4825,1024,0,0,0,26
mtran,21731,33554432,32,1,0,0,0,4,8,4,16,1,2,17075982,8388608,1,16785667,8388609,0,0,0,0,0,0,0,0,0.241081,99.9942,33554432,0,1174470624,33554432,134217728,402653184,67108864,75497472,0,0,1,2,0,10.923,1024,0,0,0,26
mtran,19430,16777216,32,1,0,0,0,4,8,4,32,0,2,8687899,8388608,1,16786327,8388609,0,0,0,0,0,0,0,0,0.24497,99.9932,0,0,587202560,16777216,134217728,251658240,0,34078720,0,0,1,2,0,7.31773,1024,0,0,0,26
mtran,21615,16777216,32,1,0,0,0,4,8,4,32,1,2,17076322,8388608,1,16785507,8388609,0,0,0,0,0,0,0,0,0.24552,99.9925,16777216,0,738263008,16777216,134217728,268435456,33554432,42467328,0,0,1,2,0,7.64415,1024,0,0,0,26
mtran,17645,8388608,32,1,0,0,0,4,8,4,64,0,2,8691420,8388608,1,16786171,8388609,0,0,0,0,0,0,0,0,0.247208,99.9927,0,0,369098752,8388608,134217728,125829120,0,21233664,0,0,1,2,0,6.44298,1024,0,0,0,24
mtran,22932,8388608,32,1,0,0,0,4,8,4,64,1,2,17276918,8388610,1,16784415,8388609,0,0,0,0,0,0,0,0,0.247895,99.9926,8388608,0,444661728,8388608,134217728,134217728,16777216,25427968,0,0,1,2,0,5.4258,1024,0,0,0,24
mtran,12873,67108864,64,1,0,0,0,4,16,4,16,0,3,8687282,8388608,1,16784567,8388609,0,0,0,0,0,0,0,0,0.455338,99.9885,0,0,536870912,67108864,134217728,402653184,0,35651584,0,0,1,4,0,13.9279,1024,0,0,0,6
mtran,20278,67108864,64,1,0,0,0,4,16,4,16,1,3,17075730,8388608,1,16784283,8388609,0,0,0,0,0,0,0,0,0.467738,99.9918,67108864,0,1140981696,67108864,134217728,469762048,134217728,69206016,0,0,1,2,0,12.7286,1024,0,0,0,6
mtran,13816,33554432,64,1,0,0,0,4,16,4,32,0,3,8539408,8388608,1,16785139,8388609,0,0,0,0,0,0,0,0,0.473732,99.9905,0,0,872415232,33554432,134217728,369098752,0,58720256,0,0,1,4,0,16.7625,1024,0,0,0,26
mtran,19045,33554432,64,1,0,0,0,4,16,4,32,1,3,17076306,8388608,1,16785027,8388609,0,0,0,0,0,0,0,0,0.478369,99.9914,33554432,0,1174536128,33554432,134217728,402653184,67108864,75497472,0,0,1,3,0,13.1404,1024,0,0,0,26
mtran,13605,16777216,64,1,0,0,0,4,16,4,64,0,3,8687613,8388608,1,16784815,8388609,0,0,0,0,0,0,0,0,0.481305,99.99,0,0,587202560,16777216,134217728,251658240,0,34078720,0,0,1,4,0,12.5018,1024,0,0,0,26
mtran,19816,16777216,64,1,0,0,0,4,16,4,64,1,3,17217356,8388608,1,16784391,8388609,0,0,0,0,0,0,0,0,0.483976,99.9903,16777216,0,738328512,16777216,134217728,268435456,33554432,42467328,0,0,1,3,0,9.45289,1024,0,0,0,26
mtran,11312,67108864,128,1,0,0,0,4,32,4,32,0,3,8543943,8388606,1,16785163,8388609,0,0,0,0,0,0,0,0,0.867413,99.9869,0,0,536870912,67108864,134217728,402653184,0,35651584,0,0,1,7,0,21.7289,1024,0,0,0,6
mtran,18198,67108864,128,1,0,0,0,4,32,4,32,1,3,17076030,8388608,1,16784511,8388609,0,0,0,0,0,0,0,0,0.900393,99.9884,67108864,0,1141112704,67108864,134217728,469762048,134217728,69206016,0,0,1,5,0,20.6721,1024,0,0,0,6
mtran,12046,33554432,128,1,0,0,0,4,32,4,64,0,3,8687333,8388608,1,16785171,8388609,0,0,0,0,0,0,0,0,0.906705,99.9876,0,0,872415232,33554432,134217728,369098752,0,58720256,0,0,1,7,0,24.9746,1024,0,0,0,26
mtran,18575,33554432,128,1,0,0,0,4,32,4,64,1,3,17076462,8388608,1,16784775,8388609,0,0,0,0,0,0,0,0,0.926105,99.99,33554432,0,1174667136,33554432,134217728,402653184,67108864,75497472,0,0,1,5,0,19.6395,1024,0,0,0,26
mtran,7559,67108864,256,1,0,0,0,4,64,4,64,0,5,8530675,12582832,2,25187001,8388609,0,0,0,0,0,0,0,0,0.841311,99.9818,0,0,536870912,67108864,134217728,402653184,0,35651584,0,0,1,6,0,24.3759,1024,0,0,0,6
mtran,17163,67108864,256,1,0,0,0,4,64,4,64,1,3,17076282,8388608,1,16784331,8388609,0,0,0,0,0,0,0,0,0.859953,99.9899,67108864,0,1141374720,67108864,134217728,469762048,134217728,69206016,0,0,1,5,0,20.7911,1024,0,0,0,6
mtran,38741,67108864,32,1,0,0,0,8,4,8,4,0,2,9120560,16777216,1,8392911,16777217,0,0,0,0,0,0,0,0,0.239846,99.9941,0,0,536870912,67108864,134217728,402653184,0,35651584,0,0,1,1,0,3.85093,1024,0,0,0,6
mtran,25844,67108864,32,1,0,0,0,8,4,8,4,1,2,8835122,16777216,1,8394387,16777217,0,0,0,0,0,0,0,0,0.234807,99.9934,67108864,0,1140883424,67108864,134217728,469762048,134217728,69206016,0,0,1,2,0,9.46002,1024,0,0,0,6
mtran,38182,33554432,32,1,0,0,0,8,4,8,8,0,2,8983528,16142813,1,8394091,16777217,0,0,0,0,0,0,0,0,0.244919,99.9957,0,0,872415232,33554432,134217728,369098752,0,58720256,0,0,1,1,0,5.031,1024,0,0,0,26
mtran,17962,33554432,32,1,0,0,0,8,4,8,8,1,2,8802542,9066220,1,8396247,16777217,0,0,0,0,0,0,0,0,0.239198,99.9921,33554432,0,1174437856,33554432,134217728,402653184,67108864,75497472,0,0,1,2,0,13.198,1024,0,0,0,26
mtran,38911,16777216,32,1,0,0,0,8,4,8,16,0,2,8983544,16270355,1,8394131,16777217,0,0,0,0,0,0,0,0,0.247497,99.9962,0,0,587202560,16777216,134217728,251658240,0,34078720,0,0,1,1,0,3.69744,1024,0,0,0,26
mtran,17649,16777216,32,1,0,0,0,8,4,8,16,1,2,8687046,9168080,1,8395383,16777217,0,0,0,0,0,0,0,0,0.244547,99.9911,16777216,0,738230240,16777216,134217728,268435456,33554432,42467328,0,0,1,2,0,9.29312,1024,0,0,0,26
mtran,40328,8388608,32,1,0,0,0,8,4,8,32,0,2,9197450,16266220,1,8394171,16777217,0,0,0,0,0,0,0,0,0.248782,99.9957,0,0,369098752,8388608,134217728,125829120,0,21233664,0,0,1,1,0,2.86919,1024,0,0,0,24
mtran,16556,8388608,32,1,0,0,0,8,4,8,32,1,2,8687122,8695311,1,8394867,16777217,0,0,0,0,0,0,0,0,0.247072,99.9911,8388608,0,444628960,8388608,134217728,134217728,16777216,25427968,0,0,1,2,0,7.54869,1024,0,0,0,24
mtran,29416,4194304,32,1,0,0,0,8,4,8,64,0,2,8893520,12110740,1,8394943,16777217,0,0,0,0,0,0,0,0,0.249118,99.9886,0,0,264241152,4194304,134217728,67108864,0,15466496,0,0,1,2,0,3.44509,1024,0,0,0,26
mtran,17752,4194304,32,1,0,0,0,8,4,8,64,1,2,8692950,8667678,1,8395803,16777217,0,0,0,0,0,0,0,0,0.248586,99.9915,4194304,0,302022624,4194304,134217728,71303168,8388608,17563648,0,0,1,2,0,6.00182,1024,0,0,0,26
mtran,22374,67108864,64,1,0,0,0,8,8,8,8,0,2,8687014,8813183,1,8394191,16777217,0,0,0,0,0,0,0,0,0.461,99.9905,0,0,536870912,67108864,134217728,402653184,0,35651584,0,0,1,4,0,12.533,1024,0,0,0,6
mtran,16930,67108864,64,1,0,0,0,8,8,8,8,1,2,8686818,8416131,1,8394735,16777217,0,0,0,0,0,0,0,0,0.468729,99.9899,67108864,0,1140916160,67108864,134217728,469762048,134217728,69206016,0,0,1,3,0,14.808,1024,0,0,0,6
mtran,23855,33554432,64,1,0,0,0,8,8,8,16,0,2,8834918,9285976,1,8394287,16777217,0,0,0,0,0,0,0,0,0.474245,99.9925,0,0,872415232,33554432,134217728,369098752,0,58720256,0,0,1,5,0,15.1088,1024,0,0,0,26
mtran,16220,33554432,64,1,0,0,0,8,8,8,16,1,2,8686946,8435300,1,8395023,16777217,0,0,0,0,0,0,0,0,0.480537,99.9921,33554432,0,1174470592,33554432,134217728,402653184,67108864,75497472,0,0,1,3,0,15.0237,1024,0,0,0,26
mtran,28469,16777216,64,1,0,0,0,8,8,8,32,0,2,8983388,10605784,1,8393667,16777217,0,0,0,0,0,0,0,0,0.480735,99.9934,0,0,587202560,16777216,134217728,251658240,0,34078720,0,0,1,5,0,14.4407,1024,0,0,0,26
mtran,15618,16777216,64,1,0,0,0,8,8,8,32,1,2,8571642,8475273,1,8394791,16777217,0,0,0,0,0,0,0,0,0.486431,99.9882,16777216,0,738262976,16777216,134217728,268435456,33554432,42467328,0,0,1,3,0,11.8814,1024,0,0,0,26
mtran,24720,8388608,64,1,0,0,0,8,8,8,64,0,2,8687634,9146865,1,8394339,16777217,0,0,0,0,0,0,0,0,0.488911,99.9914,0,0,369098752,8388608,134217728,125829120,0,21233664,0,0,1,4,0,10.5742,1024,0,0,0,24
mtran,16715,8388608,64,1,0,0,0,8,8,8,64,1,2,8686990,8464301,1,8395063,16777217,0,0,0,0,0,0,0,0,0.490577,99.989,8388608,0,444661696,8388608,134217728,134217728,16777216,25427968,0,0,1,3,0,8.04036,1024,0,0,0,24
mtran,23673,67108864,128,1,0,0,0,8,16,8,16,0,2,8687718,11783016,1,8393271,16777217,0,0,0,0,0,0,0,0,0.824486,99.9909,0,0,536870912,67108864,134217728,402653184,0,35651584,0,0,1,9,0,24.4005,1024,0,0,0,6
mtran,12778,67108864,128,1,0,0,0,8,16,8,16,1,3,8686918,8491393,1,8394615,16777217,0,0,0,0,0,0,0,0,0.894698,99.9893,67108864,0,1140981632,67108864,134217728,469762048,134217728,69206016,0,0,1,7,0,28.5244,1024,0,0,0,6
mtran,31604,33554432,128,1,0,0,0,8,16,8,32,0,2,8976592,13720963,1,8392275,16777217,0,0,0,0,0,0,0,0,0.870216,99.9933,0,0,872415232,33554432,134217728,369098752,0,58720256,0,0,1,10,0,25.9998,1024,0,0,0,26
mtran,12649,33554432,128,1,0,0,0,8,16,8,32,1,3,8539666,8603468,1,8395163,16777217,0,0,0,0,0,0,0,0,0.919064,99.9869,33554432,0,1174536064,33554432,134217728,402653184,67108864,75497472,0,0,1,7,0,29.2129,1024,0,0,0,26
mtran,27428,16777216,128,1,0,0,0,8,16,8,64,0,2,8687018,11955351,1,8393083,16777217,0,0,0,0,0,0,0,0,0.908595,99.993,0,0,587202560,16777216,134217728,251658240,0,34078720,0,0,1,9,0,24.4782,1024,0,0,0,26
mtran,13898,16777216,128,1,0,0,0,8,16,8,64,1,3,8552110,8724442,1,8394975,16777217,0,0,0,0,0,0,0,0,0.934088,99.9878,16777216,0,738328448,16777216,134217728,268435456,33554432,42467328,0,0,1,8,0,23.6471,1024,0,0,0,26
mtran,10690,67108864,256,1,0,0,0,8,32,8,32,0,3,8527738,8967205,1,8398771,16777217,0,0,0,0,0,0,0,0,0.818057,99.9805,0,0,536870912,67108864,134217728,402653184,0,35651584,0,0,1,8,0,24.9317,1024,0,0,0,6
mtran,10115,67108864,256,1,0,0,0,8,32,8,32,1,3,8396976,8445509,1,8396247,16777217,0,0,0,0,0,0,0,0,0.870136,99.9821,67108864,0,1141112576,67108864,134217728,469762048,134217728,69206016,0,0,1,6,0,29.5989,1024,0,0,0,6
mtran,11597,33554432,256,1,0,0,0,8,32,8,64,0,3,8687334,8762872,1,8397771,16777217,0,0,0,0,0,0,0,0,0.875836,99.9867,0,0,872415232,33554432,134217728,369098752,0,58720256,0,0,1,8,0,28.1528,1024,0,0,0,26
mtran,10413,33554432,256,1,0,0,0,8,32,8,64,1,3,8528830,8577075,1,8396891,16777217,0,0,0,0,0,0,0,0,0.902697,99.9812,33554432,0,1174667008,33554432,134217728,402653184,67108864,75497472,0,0,1,6,0,28.596,1024,0,0,0,26
mtran,7105,67108864,512,1,0,0,0,8,64,8,64,0,4,8434408,8464044,2,8402811,16777217,0,0,0,0,0,0,0,0,0.790596,99.948,0,0,536870912,67108864,134217728,402653184,0,35651584,0,0,1,6,0,23.8252,1024,0,0,0,6
mtran,9582,67108864,512,1,0,0,0,8,64,8,64,1,3,8398708,8825369,1,8397115,16777217,0,0,0,0,0,0,0,0,0.818177,99.9809,67108864,0,1141374464,67108864,134217728,469762048,134217728,69206016,0,0,1,5,0,27.8724,1024,0,0,0,6
mtran,67699,67108864,32,1,0,0,0,16,2,16,2,0,2,9575924,33554432,1,8391355,33554433,0,0,0,0,0,0,0,0,0.244318,99.9944,0,0,536870912,67108864,134217728,402653184,0,35651584,0,0,1,3,0,6.57362,1024,0,0,0,6
mtran,38153,67108864,32,1,0,0,0,16,2,16,2,1,2,9277018,33548448,1,8391867,33554437,0,0,0,0,0,0,0,0,0.23989,99.9949,67108864,0,1140867040,67108864,134217728,469762048,134217728,69206016,0,0,1,2,0,7.53004,1024,0,0,0,6
mtran,68879,33554432,32,1,0,0,0,16,2,16,4,0,2,9575964,33549043,1,8391623,33554433,0,0,0,0,0,0,0,0,0.247213,99.9966,0,0,905969664,33554432,134217728,335544320,0,58720256,0,0,1,3,0,7.05618,1024,0,0,0,26
mtran,27923,33554432,32,1,0,0,0,16,2,16,4,1,2,8974968,23232268,1,8392455,33554449,0,0,0,0,0,0,0,0,0.243078,99.9935,33554432,0,1207975904,33554432,134217728,369098752,67108864,75497472,0,0,1,2,0,9.97441,1024,0,0,0,26
mtran,69515,16777216,32,1,0,0,0,16,2,16,8,0,2,9588656,33530050,1,8391463,33554433,0,0,0,0,0,0,0,0,0.248604,99.9967,0,0,603979776,16777216,134217728,234881024,0,34078720,0,0,1,3,0,6.51068,1024,0,0,0,26
mtran,27075,16777216,32,1,0,0,0,16,2,16,8,1,2,8686842,22383935,1,8393091,33554441,0,0,1.90735E-05,0,0,0,0,0,0.246418,99.9918,16777216,0,754991072,16777216,134217728,251658240,33554432,42467328,0,0,1,2,0,7.69805,1024,0,0,0,26
mtran,68851,8388608,32,1,0,0,0,16,2,16,16,0,2,9576028,33513012,1,8391589,33554433,0,0,0,0,0,0,0,0,0.249275,99.9969,0,0,377487360,8388608,134217728,117440512,0,21233664,0,0,1,3,0,6.50573,1024,0,0,0,24
mtran,31326,8388608,32,1,0,0,0,16,2,16,16,1,2,8983212,26456170,1,8393151,33554433,0,0,0,0,0,0,0,0,0.248439,99.9949,8388608,0,453001184,8388608,134217728,125829120,16777216,25427968,0,0,1,2,0,5.89101,1024,0,0,0,24
mtran,68574,4194304,32,1,0,0,0,16,2,16,32,0,2,9576052,33492336,1,8391507,33554433,0,0,0,0,0,0,0,0,0.249602,99.9933,0,0,268435456,4194304,134217728,62914560,0,15466496,0,0,1,3,0,6.39157,1024,0,0,0,26
mtran,32089,4194304,32,1,0,0,0,16,2,16,32,1,2,8983324,26284351,1,8393631,33554433,0,0,0,0,0,0,0,0,0.249189,99.9915,4194304,0,306200544,4194304,134217728,67108864,8388608,17563648,0,0,1,2,0,5.23323,1024,0,0,0,26
mtran,65522,2097152,32,1,0,0,0,16,2,16,64,0,2,9575992,33063413,1,8391819,33554433,0,0,0,0,0,0,0,0,0.249716,99.9916,0,0,220200960,4194304,134217728,35651584,0,12713984,0,0,1,2,0,4.96572,1024,0,0,0,24
mtran,28291,2097152,32,1,0,0,0,16,2,16,64,1,2,8983552,23753960,1,8393671,33554433,0,0,0,0,0,0,0,0,0.249452,99.9877,2097152,0,239091680,4194304,134217728,37748736,4194304,13762560,0,0,1,2,0,5.20711,1024,0,0,0,24
mtran,53792,67108864,64,1,0,0,0,16,4,16,4,0,2,9279526,25306900,1,8391683,33554433,0,0,0,0,0,0,0,0,0.448868,99.9939,0,0,536870912,67108864,134217728,402653184,0,35651584,0,0,1,7,0,18.566,1024,0,0,0,6
mtran,24888,67108864,64,1,0,0,0,16,4,16,4,1,2,8834886,20664864,1,8392623,33554433,0,0,0,0,0,0,0,0,0.413754,99.9914,67108864,0,1140883392,67108864,134217728,469762048,134217728,69206016,0,0,1,4,0,15.9203,1024,0,0,0,6
mtran,57925,33554432,64,1,0,0,0,16,4,16,8,0,2,9427710,27158543,1,8391527,33554433,0,0,0,0,0,0,0,0,0.465059,99.9954,0,0,872415232,33554432,134217728,369098752,0,58720256,0,0,1,8,0,20.094,1024,0,0,0,26
mtran,20960,33554432,64,1,0,0,0,16,4,16,8,1,2,8968096,16155384,1,8393147,33554433,0,0,0,0,0,0,0,0,0.454842,99.9937,33554432,0,1174437824,33554432,134217728,402653184,67108864,75497472,0,0,1,5,0,17.5102,1024,0,0,0,26
mtran,59916,16777216,64,1,0,0,0,16,4,16,16,0,2,9427770,28549790,1,8391363,33554433,0,0,0,0,0,0,0,0,0.47502,99.9952,0,0,587202560,16777216,134217728,251658240,0,34078720,0,0,1,8,0,19.9242,1024,0,0,0,26
mtran,23552,16777216,64,1,0,0,0,16,4,16,16,1,2,8970272,18715010,1,8393783,33554433,0,0,0,0,0,0,0,0,0.47054,99.9924,16777216,0,738230208,16777216,134217728,268435456,33554432,42467328,0,0,1,6,0,16.1779,1024,0,0,0,26
mtran,61784,8388608,64,1,0,0,0,16,4,16,32,0,2,9575984,29585223,1,8391127,33554433,0,0,0,0,0,0,0,0,0.482692,99.9937,0,0,369098752,8388608,134217728,125829120,0,21233664,0,0,1,8,0,19.9448,1024,0,0,0,24
mtran,26200,8388608,64,1,0,0,0,16,4,16,32,1,2,8834904,21095844,1,8393347,33554433,0,0,0,0,0,0,0,0,0.479067,99.9904,8388608,0,444628928,8388608,134217728,134217728,16777216,25427968,0,0,1,6,0,15.3479,1024,0,0,0,24
mtran,55961,4194304,64,1,0,0,0,16,4,16,64,0,2,9574920,27808836,1,8391463,33554433,0,0,0,0,0,0,0,0,0.488173,99.9937,0,0,264241152,4194304,134217728,67108864,0,15466496,0,0,1,8,0,18.49,1024,0,0,0,26
mtran,24255,4194304,64,1,0,0,0,16,4,16,64,1,3,8835112,20745160,1,8393495,33554438,0,0,0,0,0,0,0,0,0.48697,99.9867,4194304,0,302022592,4194304,134217728,71303168,8388608,17563648,0,0,1,6,0,14.3174,1024,0,0,0,26
mtran,53038,67108864,128,1,0,0,0,16,8,16,8,0,2,9288690,24472321,1,8391691,33554433,0,0,0,0,0,0,0,0,0.819208,99.9942,0,0,536870912,67108864,134217728,402653184,0,35651584,0,0,1,10,0,24.9764,1024,0,0,0,6
mtran,14185,67108864,128,1,0,0,0,16,8,16,8,1,3,8686778,9701034,1,8393683,33554433,0,0,0,0,0,0,0,0,0.835863,99.9904,67108864,0,1140916096,67108864,134217728,469762048,134217728,69206016,0,0,1,9,0,31.7365,1024,0,0,0,6
mtran,58383,33554432,128,1,0,0,0,16,8,16,16,0,2,9427696,27756144,1,8390983,33554433,0,0,0,0,0,0,0,0,0.854898,99.9959,0,0,872415232,33554432,134217728,369098752,0,58720256,0,0,1,10,0,25.6388,1024,0,0,0,26
mtran,16929,33554432,128,1,0,0,0,16,8,16,16,1,3,8686826,12547751,1,8394147,33554433,0,0,0,0,0,0,0,0,0.875006,99.9879,33554432,0,1174470528,33554432,134217728,402653184,67108864,75497472,0,0,1,9,0,30.8032,1024,0,0,0,26
mtran,60448,16777216,128,1,0,0,0,16,8,16,32,0,2,9283818,29480426,1,8390787,33554433,0,0,0,0,0,0,0,0,0.859765,99.9929,0,0,587202560,16777216,134217728,251658240,0,34078720,0,0,1,10,0,25.0058,1024,0,0,0,26
mtran,21908,16777216,128,1,0,0,0,16,8,16,32,1,3,8688534,17869115,1,8393031,33554433,0,0,0,0,0,0,0,0,0.90172,99.9876,16777216,0,738262912,16777216,134217728,268435456,33554432,42467328,0,0,1,10,0,26.6228,1024,0,0,0,26
mtran,56064,8388608,128,1,0,0,0,16,8,16,64,0,2,9427776,28754998,1,8391115,33554433,0,0,0,0,0,0,0,0,0.891832,99.9943,0,0,369098752,8388608,134217728,125829120,0,21233664,0,0,1,10,0,24.5653,1024,0,0,0,24
mtran,22643,8388608,128,1,0,0,0,16,8,16,64,1,3,8835136,20435807,1,8392751,33554433,0,0,0,0,0,0,0,0,0.923788,99.984,8388608,0,444661632,8388608,134217728,134217728,16777216,25427968,0,0,1,10,0,24.6124,1024,0,0,0,24
mtran,35909,67108864,256,1,0,0,0,16,16,16,16,0,2,8983204,20769848,1,8391947,33554433,0,0,0,0,0,0,0,0,0.813716,99.994,0,0,536870912,67108864,134217728,402653184,0,35651584,0,0,1,10,0,25.2293,1024,0,0,0,6
mtran,8737,67108864,256,1,0,0,0,16,16,16,16,1,4,8538784,8682419,2,8395399,33554433,0,0,0,0,0,0,0,0,0.83042,99.9812,67108864,0,1140981504,67108864,134217728,469762048,134217728,69206016,0,0,1,8,0,37.6945,1024,0,0,0,6
mtran,44537,33554432,256,1,0,0,0,16,16,16,32,0,2,9123464,24583911,1,8391235,33554433,0,0,0,0,0,0,0,0,0.846768,99.9936,0,0,872415232,33554432,134217728,369098752,0,58720256,0,0,1,10,0,26.3475,1024,0,0,0,26
mtran,9017,33554432,256,1,0,0,0,16,16,16,32,1,4,8404636,8951041,2,8395307,33554433,0,0,0,0,0,0,0,0,0.87239,99.9786,33554432,0,1174535936,33554432,134217728,402653184,67108864,75497472,0,0,1,8,0,36.8053,1024,0,0,0,26
mtran,38397,16777216,256,1,0,0,0,16,16,16,64,0,2,9263110,21890394,1,8391903,33554433,0,0,0,0,0,0,0,0,0.86648,99.9931,0,0,587202560,16777216,134217728,251658240,0,34078720,0,0,1,10,0,25.2408,1024,0,0,0,26
mtran,9611,16777216,256,1,0,0,0,16,16,16,64,1,4,8523532,9546921,2,8395227,33554433,0,0,0,0,0,0,0,0,0.895817,99.9765,16777216,0,738328320,16777216,134217728,268435456,33554432,42467328,0,0,1,9,0,29.1894,1024,0,0,0,26
mtran,11447,67108864,512,1,0,0,0,16,32,16,32,0,3,8684350,11465528,2,8399383,33554433,0,0,0,0,0,0,0,0,0.760729,99.9816,0,0,536870912,67108864,134217728,402653184,0,35651584,0,0,1,8,0,25.4324,1024,0,0,0,6
mtran,6462,67108864,512,1,0,0,0,16,32,16,32,1,5,8395824,8430804,2,8396955,33554433,0,0,0,0,0,0,0,0,0.833948,99.9782,67108864,0,1141112320,67108864,134217728,469762048,134217728,69206016,0,0,1,7,0,43.065,1024,0,0,0,6
mtran,9527,33554432,512,1,0,0,0,16,32,16,64,0,4,8539296,9054959,2,8398467,33554433,0,0,0,0,0,0,0,0,0.838045,99.9787,0,0,872415232,33554432,134217728,369098752,0,58720256,0,0,1,9,0,32.3867,1024,0,0,0,26
mtran,6484,33554432,512,1,0,0,0,16,32,16,64,1,5,8391024,9345359,2,8397011,33554433,0,0,0,0,0,0,0,0,0.870417,99.977,33554432,0,1174666752,33554432,134217728,402653184,67108864,75497472,0,0,1,8,0,42.0872,1024,0,0,0,26
mtran,7873,67108864,1024,1,0,0,0,16,64,16,64,0,5,8503000,12294684,2,8401583,33554433,0,0,0,0,0,0,0,0,0.719831,98.4185,0,0,536870912,67108864,134217728,402653184,0,35651584,0,0,1,6,0,23.7754,1024,0,0,0,6
mtran,7646,67108864,1024,1,0,0,0,16,64,16,64,1,5,8539102,12577143,2,8398071,33554433,0,0,0,0,0,0,0,0,0.766164,99.9597,67108864,0,1141373952,67108864,134217728,469762048,134217728,69206016,0,0,1,6,0,36.3369,1024,0,0,0,6
mtran,126691,67108864,32,1,0,0,0,32,1,32,1,0,2,10465106,67108880,1,8390567,67108869,0,0,0,0,0,0,0,0,0.24698,99.9968,0,0,536870912,67108864,134217728,402653184,0,35651584,0,0,1,5,0,10.9499,1024,0,0,0,6
mtran,80289,67108864,32,1,0,0,0,32,1,32,1,1,2,9869826,67027314,1,8390671,67108873,0,0,2.64909E-05,0,0,0,0,0,0.24522,99.9971,67108864,0,1140858848,67108864,134217728,469762048,134217728,69206016,0,0,1,4,0,10.5898,1024,0,0,0,6
mtran,127170,33554432,32,1,0,0,0,32,1,32,2,0,2,10761596,67108855,1,8390563,67108865,0,0,1.05964E-05,0,0,0,0,0,0.248495,99.9969,0,0,838860800,33554432,134217728,335544320,0,56623104,0,0,1,5,0,11.2643,1024,0,0,0,26
mtran,64384,33554432,32,1,0,0,0,32,1,32,2,1,2,9442412,65694731,1,8391047,67108869,0,0,5.29819E-06,0,0,0,0,0,0.247024,99.9956,33554432,0,1140858848,33554432,134217728,369098752,67108864,73400320,0,0,1,3,0,9.55207,1024,0,0,0,26
mtran,127513,16777216,32,1,0,0,0,32,1,32,4,0,2,10759424,67108378,1,8390583,67108865,0,0,0,0,0,0,0,0,0.24924,99.9981,0,0,570425344,16777216,134217728,234881024,0,33030144,0,0,1,5,0,11.0156,1024,0,0,0,26
mtran,64400,16777216,32,1,0,0,0,32,1,32,4,1,2,9575900,65723785,1,8391423,67108865,0,0,0,0,0,0,0,0,0.248507,99.9958,16777216,0,721428448,16777216,134217728,251658240,33554432,41418752,0,0,1,4,0,9.30116,1024,0,0,0,26
mtran,126807,8388608,32,1,0,0,0,32,1,32,8,0,2,10624766,67108323,1,8390607,67108869,0,0,3.17891E-05,0,0,0,0,0,0.249602,99.9964,0,0,360710144,8388608,134217728,117440512,0,20709376,0,0,1,5,0,10.9438,1024,0,0,0,24
mtran,65716,8388608,32,1,0,0,0,32,1,32,8,1,2,9575876,66181852,1,8391491,67108881,0,0,5.29819E-06,0,0,0,0,0,0.249248,99.9932,8388608,0,436215776,8388608,134217728,125829120,16777216,24903680,0,0,1,4,0,9.16755,1024,0,0,0,24
mtran,126170,4194304,32,1,0,0,0,32,1,32,16,0,2,10761532,67108143,1,8390559,67108865,0,0,0,0,0,0,0,0,0.24977,99.9943,0,0,260046848,4194304,134217728,62914560,0,15204352,0,0,1,5,0,10.848,1024,0,0,0,26
mtran,64133,4194304,32,1,0,0,0,32,1,32,16,1,2,9430980,66502408,1,8391433,67108865,0,0,0,0,0,0,0,0,0.249583,99.9942,4194304,0,297803744,4194304,134217728,67108864,8388608,17301504,0,0,1,4,0,8.6297,1024,0,0,0,26
mtran,123580,2097152,32,1,0,0,0,32,1,32,32,0,2,10468926,67108051,1,8390607,67108873,0,0,0,0,0,0,0,0,0.249823,99.9897,0,0,216006656,4194304,134217728,35651584,0,12582912,0,0,1,5,0,10.7758,1024,0,0,0,24
mtran,65323,2097152,32,1,0,0,0,32,1,32,32,1,2,9575932,66750057,1,8391631,67108873,0,0,1.05964E-05,0,0,0,0,0,0.24973,99.9901,2097152,0,234889184,4194304,134217728,37748736,4194304,13631488,0,0,1,4,0,8.96922,1024,0,0,0,24
mtran,117714,1048576,32,1,0,0,0,32,1,32,64,0,2,10465138,67103828,1,8390499,67108865,0,0,0,0,0,0,0,0,0.249754,99.9916,0,0,191889408,4194304,134217728,22020096,0,11206656,0,0,1,5,0,10.5082,1024,0,0,0,24
mtran,68735,1048576,32,1,0,0,0,32,1,32,64,1,2,9685380,66803959,1,8391507,67108873,0,0,5.29819E-06,0,0,0,0,0,0.249742,99.9841,1048576,0,201334752,4194304,134217728,23068672,2097152,11730944,0,0,1,4,0,9.29733,1024,0,0,0,24
mtran,109005,67108864,64,1,0,0,0,32,2,32,2,0,2,10307230,57341577,1,8390659,67108917,0,0,4.76837E-05,0,0,0,0,0,0.45796,99.9967,0,0,536870912,67108864,134217728,402653184,0,35651584,0,0,1,9,0,22.152,1024,0,0,0,6
mtran,44426,67108864,64,1,0,0,0,32,2,32,2,1,2,9279322,43668642,1,8390735,67108865,0,0,0,0,0,0,0,0,0.443571,99.9952,67108864,0,1140867008,67108864,134217728,469762048,134217728,69206016,0,0,1,7,0,21.0483,1024,0,0,0,6
mtran,114703,33554432,64,1,0,0,0,32,2,32,4,0,2,10465194,60277356,1,8392417,67108865,0,0,0,0,0,0,0,0,0.468872,99.997,0,0,905969664,33554432,134217728,335544320,0,58720256,0,0,1,9,0,22.9031,1024,0,0,0,26
mtran,45590,33554432,64,1,0,0,0,32,2,32,4,1,2,9279494,44892205,1,8391107,67108889,0,0,1.05964E-05,0,0,0,0,0,0.458072,99.9959,33554432,0,1207975872,33554432,134217728,369098752,67108864,75497472,0,0,1,8,0,21.9037,1024,0,0,0,26
mtran,118836,16777216,64,1,0,0,0,32,2,32,8,0,2,10612370,62081887,1,8390647,67108889,0,0,2.11928E-05,0,0,0,0,0,0.478741,99.9961,0,0,603979776,16777216,134217728,234881024,0,34078720,0,0,1,10,0,23.0064,1024,0,0,0,26
mtran,49608,16777216,64,1,0,0,0,32,2,32,8,1,2,9279502,48867401,1,8391343,67108889,0,0,3.17891E-05,0,0,0,0,0,0.478788,99.9941,16777216,0,754991040,16777216,134217728,251658240,33554432,42467328,0,0,1,9,0,21.8922,1024,0,0,0,26
mtran,119264,8388608,64,1,0,0,0,32,2,32,16,0,2,10601168,63002662,1,8390639,67108889,0,0,3.17891E-05,0,0,0,0,0,0.48447,99.9957,0,0,377487360,8388608,134217728,117440512,0,21233664,0,0,1,10,0,22.9462,1024,0,0,0,24
mtran,50390,8388608,64,1,0,0,0,32,2,32,16,1,2,9279458,51001506,1,8391651,67108909,0,0,5.82801E-05,0,0,0,0,0,0.48461,99.9939,8388608,0,453001152,8388608,134217728,125829120,16777216,25427968,0,0,1,9,0,21.1169,1024,0,0,0,24
mtran,117395,4194304,64,1,0,0,0,32,2,32,32,0,2,10465234,63395599,1,8390587,67108873,0,0,1.05964E-05,0,0,0,0,0,0.488694,99.9909,0,0,268435456,4194304,134217728,62914560,0,15466496,0,0,1,10,0,23.1006,1024,0,0,0,26
mtran,52572,4194304,64,1,0,0,0,32,2,32,32,1,2,9418174,53376566,1,8391451,67108913,0,0,5.29819E-05,0,0,0,0,0,0.489198,99.992,4194304,0,306200512,4194304,134217728,67108864,8388608,17563648,0,0,1,9,0,21.2377,1024,0,0,0,26
mtran,109538,2097152,64,1,0,0,0,32,2,32,64,0,2,10168709,62359726,1,8390720,67108865,0,0,0,0,0,0,0,0,0.491832,99.9822,0,0,220200960,4194304,134217728,35651584,0,12713984,0,0,1,10,0,22.9245,1024,0,0,0,24
mtran,57255,2097152,64,1,0,0,0,32,2,32,64,1,2,9420584,55999455,1,8391351,67108913,0,0,4.76837E-05,0,0,0,0,0,0.492112,99.9789,2097152,0,239091648,4194304,134217728,37748736,4194304,13762560,0,0,1,9,0,21.6722,1024,0,0,0,24
mtran,112464,67108864,128,1,0,0,0,32,4,32,4,0,2,10181648,58926919,1,8390623,67108921,0,0,5.29819E-05,0,0,0,0,0,0.797725,99.9973,0,0,536870912,67108864,134217728,402653184,0,35651584,0,0,1,10,0,25.0724,1024,0,0,0,6
mtran,35461,67108864,128,1,0,0,0,32,4,32,4,1,3,8983092,34057333,1,8391915,67108885,0,0,0,0,0,0,0,0,0.829314,99.9924,67108864,0,1140883328,67108864,134217728,469762048,134217728,69206016,0,0,1,10,0,28.0593,1024,0,0,0,6
mtran,115739,33554432,128,1,0,0,0,32,4,32,8,0,2,10465278,60580864,1,8390543,67108877,0,0,2.11928E-05,0,0,0,0,0,0.841485,99.9967,0,0,872415232,33554432,134217728,369098752,0,58720256,0,0,1,10,0,25.4021,1024,0,0,0,26
mtran,43255,33554432,128,1,0,0,0,32,4,32,8,1,2,9279590,41866067,1,8391939,67108885,0,0,5.29819E-06,0,0,0,0,0,0.866027,99.9927,33554432,0,1174437760,33554432,134217728,402653184,67108864,75497472,0,0,1,10,0,27.6884,1024,0,0,0,26
mtran,116012,16777216,128,1,0,0,0,32,4,32,16,0,2,10465270,61600621,1,8390523,67108893,0,0,1.05964E-05,0,0,0,0,0,0.837229,99.9943,0,0,587202560,16777216,134217728,251658240,0,34078720,0,0,1,10,0,25.1931,1024,0,0,0,26
mtran,45918,16777216,128,1,0,0,0,32,4,32,16,1,3,9279546,46860647,1,8391779,67108901,0,0,2.11928E-05,0,0,0,0,0,0.870834,99.9927,16777216,0,738230144,16777216,134217728,268435456,33554432,42467328,0,0,1,10,0,25.7329,1024,0,0,0,26
mtran,115461,8388608,128,1,0,0,0,32,4,32,32,0,2,10456546,62981343,1,8390527,67108889,0,0,0,0,0,0,0,0,0.85301,99.9917,0,0,369098752,8388608,134217728,125829120,0,21233664,0,0,1,10,0,24.8198,1024,0,0,0,24
mtran,49630,8388608,128,1,0,0,0,32,4,32,32,1,3,9279546,52335183,1,8391483,67108909,0,0,3.70873E-05,0,0,0,0,0,0.88154,99.9899,8388608,0,444628864,8388608,134217728,134217728,16777216,25427968,0,0,1,10,0,24.8728,1024,0,0,0,24
mtran,108346,4194304,128,1,0,0,0,32,4,32,64,0,2,10181165,62743749,1,8390619,67108885,0,0,2.11928E-05,0,0,0,0,0,0.897383,99.9837,0,0,264241152,4194304,134217728,67108864,0,15466496,0,0,1,10,0,24.9312,1024,0,0,0,26
mtran,56299,4194304,128,1,0,0,0,32,4,32,64,1,2,9427784,57466799,1,8391235,67108873,0,0,0,0,0,0,0,0,0.881771,99.9816,4194304,0,302022528,4194304,134217728,71303168,8388608,17563648,0,0,1,10,0,24.7046,1024,0,0,0,26
mtran,89719,67108864,256,1,0,0,0,32,8,32,8,0,2,10029728,45940464,1,8391427,67108905,0,0,2.11928E-05,0,0,0,0,0,0.784259,99.9963,0,0,536870912,67108864,134217728,402653184,0,35651584,0,0,1,10,0,25.2106,1024,0,0,0,6
mtran,12520,67108864,256,1,0,0,0,32,8,32,8,1,3,8543446,9929926,2,8393691,67108873,0,0,2.11928E-05,0,0,0,0,0,0.829791,99.9878,67108864,0,1140915968,67108864,134217728,469762048,134217728,69206016,0,0,1,9,0,34.7697,1024,0,0,0,6
mtran,97483,33554432,256,1,0,0,0,32,8,32,16,0,2,10157068,51013543,1,8390743,67108877,0,0,3.17891E-05,0,0,0,0,0,0.827263,99.9965,0,0,872415232,33554432,134217728,369098752,0,58720256,0,0,1,10,0,25.7564,1024,0,0,0,26
mtran,16445,33554432,256,1,0,0,0,32,8,32,16,1,3,8622798,14751165,2,8393919,67108901,0,0,2.11928E-05,0,0,0,0,0,0.865016,99.9901,33554432,0,1174470400,33554432,134217728,402653184,67108864,75497472,0,0,1,10,0,33.0584,1024,0,0,0,26
mtran,101482,16777216,256,1,0,0,0,32,8,32,32,0,2,10168812,55062647,1,8390639,67108865,0,0,0,0,0,0,0,0,0.832528,99.9957,0,0,587202560,16777216,134217728,251658240,0,34078720,0,0,1,10,0,25.2297,1024,0,0,0,26
mtran,26768,16777216,256,1,0,0,0,32,8,32,32,1,3,8983272,28427651,1,8393051,67108929,0,0,2.64909E-05,0,0,0,0,0,0.865218,99.9884,16777216,0,738262784,16777216,134217728,268435456,33554432,42467328,0,0,1,10,0,26.8014,1024,0,0,0,26
mtran,93232,8388608,256,1,0,0,0,32,8,32,64,0,2,10003022,53928725,1,8390943,67108893,0,0,3.70873E-05,0,0,0,0,0,0.870943,99.9908,0,0,369098752,8388608,134217728,125829120,0,21233664,0,0,1,10,0,24.9508,1024,0,0,0,24
mtran,36875,8388608,256,1,0,0,0,32,8,32,64,1,3,8983148,40641040,1,8392287,67108865,0,0,0,0,0,0,0,0,0.867616,99.982,8388608,0,444661504,8388608,134217728,134217728,16777216,25427968,0,0,1,10,0,25.4449,1024,0,0,0,24
mtran,53839,67108864,512,1,0,0,0,32,16,32,16,0,2,9279594,35006204,1,8392051,67108865,0,0,0,0,0,0,0,0,0.715908,99.9952,0,0,536870912,67108864,134217728,402653184,0,35651584,0,0,1,10,0,24.9745,1024,0,0,0,6
mtran,9995,67108864,512,1,0,0,0,32,16,32,16,1,4,8686938,11244439,3,8395019,67108873,0,0,2.11928E-05,0,0,0,0,0,0.789957,99.9861,67108864,0,1140981248,67108864,134217728,469762048,134217728,69206016,0,0,1,9,0,36.733,1024,0,0,0,6
mtran,71024,33554432,512,1,0,0,0,32,16,32,32,0,2,9713574,44430439,1,8391431,67108865,0,0,0,0,0,0,0,0,0.798824,99.996,0,0,872415232,33554432,134217728,369098752,0,58720256,0,0,1,10,0,25.5797,1024,0,0,0,26
mtran,9452,33554432,512,1,0,0,0,32,16,32,32,1,4,8538804,12960062,3,8395931,67108881,0,0,1.05964E-05,0,0,0,0,0,0.840598,99.9843,33554432,0,1174535680,33554432,134217728,402653184,67108864,75497472,0,0,1,9,0,38.0833,1024,0,0,0,26
mtran,61745,16777216,512,1,0,0,0,32,16,32,64,0,2,9439156,39975952,1,8391923,67108865,0,0,0,0,0,0,0,0,0.819806,99.9943,0,0,587202560,16777216,134217728,251658240,0,34078720,0,0,1,10,0,25.2192,1024,0,0,0,26
mtran,10601,16777216,512,1,0,0,0,32,16,32,64,1,4,8687070,14330062,3,8394911,67108873,0,0,2.11928E-05,0,0,0,0,0,0.87216,99.9801,16777216,0,738328064,16777216,134217728,268435456,33554432,42467328,0,0,1,10,0,31.2774,1024,0,0,0,26
mtran,17648,67108864,1024,1,0,0,0,32,32,32,32,0,3,8686894,19272385,2,8397019,67108865,0,0,0,0,0,0,0,0,0.69221,99.9494,0,0,536870912,67108864,134217728,402653184,0,35651584,0,0,1,9,0,24.4458,1024,0,0,0,6
mtran,10408,67108864,1024,1,0,0,0,32,32,32,32,1,4,8687066,12816676,3,8397859,67108869,0,0,0,0,0,0,0,0,0.693975,99.9808,67108864,0,1141111808,67108864,134217728,469762048,134217728,69206016,0,0,1,8,0,35.2791,1024,0,0,0,6
mtran,10249,33554432,1024,1,0,0,0,32,32,32,64,0,4,8538845,12331427,3,8397636,67108865,0,0,0,0,0,0,0,0,0.77908,99.9733,0,0,872415232,33554432,134217728,369098752,0,58720256,0,0,1,9,0,32.0207,1024,0,0,0,26
mtran,10165,33554432,1024,1,0,0,0,32,32,32,64,1,4,8405182,15396825,3,8396175,67108877,0,0,1.05964E-05,0,0,0,0,0,0.789828,99.9757,33554432,0,1174666240,33554432,134217728,402653184,67108864,75497472,0,0,1,9,0,35.4273,1024,0,0,0,26
mtran,126814,67108864,64,1,0,0,0,64,1,64,1,0,2,10613302,67108724,1,8390175,67108865,0,0,0,0,0,0,0,0,0.456573,99.9964,0,0,536870912,67108864,134217728,402653184,0,35651584,0,0,1,9,0,22.1451,1024,0,0,0,6
mtran,94186,67108864,64,1,0,0,0,64,1,64,1,1,2,10019852,66545098,1,8390339,67108865,0,0,0,0,0,0,0,0,0.451573,99.9961,67108864,0,1140858816,67108864,134217728,469762048,134217728,69206016,0,0,1,9,0,22.1323,1024,0,0,0,6
mtran,127766,33554432,64,1,0,0,0,64,1,64,2,0,2,10747000,67108056,1,8390275,67108889,0,0,4.23855E-05,0,0,0,0,0,0.468389,99.9963,0,0,838860800,33554432,134217728,335544320,0,56623104,0,0,1,9,0,22.8685,1024,0,0,0,26
mtran,80784,33554432,64,1,0,0,0,64,1,64,2,1,2,9872302,66825439,1,8390575,67108881,0,0,2.64909E-05,0,0,0,0,0,0.461611,99.9963,33554432,0,1140858816,33554432,134217728,369098752,67108864,73400320,0,0,1,9,0,22.3585,1024,0,0,0,26
mtran,127604,16777216,64,1,0,0,0,64,1,64,4,0,2,10759264,67104947,1,8390307,67108893,0,0,2.11928E-05,0,0,0,0,0,0.476196,99.9966,0,0,570425344,16777216,134217728,234881024,0,33030144,0,0,1,10,0,22.8959,1024,0,0,0,26
mtran,66139,16777216,64,1,0,0,0,64,1,64,4,1,2,9575896,66804014,1,8390663,67108873,0,0,2.64909E-05,0,0,0,0,0,0.474925,99.994,16777216,0,721428416,16777216,134217728,251658240,33554432,41418752,0,0,1,9,0,21.3642,1024,0,0,0,26
mtran,126921,8388608,64,1,0,0,0,64,1,64,8,0,2,10761608,67108887,1,8390239,67108906,0,0,0,0,0,0,0,0,0.481254,99.9955,0,0,360710144,8388608,134217728,117440512,0,20709376,0,0,1,10,0,22.977,1024,0,0,0,24
mtran,66530,8388608,64,1,0,0,0,64,1,64,8,1,2,9575904,67106993,1,8390659,67108897,0,0,1.58946E-05,0,0,0,0,0,0.480229,99.9916,8388608,0,436215744,8388608,134217728,125829120,16777216,24903680,0,0,1,9,0,21.5638,1024,0,0,0,24
mtran,124272,4194304,64,1,0,0,0,64,1,64,16,0,2,10563614,67108778,1,8390231,67108889,0,0,4.23855E-05,0,0,0,0,0,0.484934,99.9923,0,0,260046848,4194304,134217728,62914560,0,15204352,0,0,1,10,0,22.99,1024,0,0,0,26
mtran,67726,4194304,64,1,0,0,0,64,1,64,16,1,2,9575840,67106818,1,8390759,67108865,0,0,0,0,0,0,0,0,0.483413,99.9871,4194304,0,297803712,4194304,134217728,67108864,8388608,17301504,0,0,1,9,0,21.535,1024,0,0,0,26
mtran,118539,2097152,64,1,0,0,0,64,1,64,32,0,2,10608504,67108674,1,8390263,67108877,0,0,1.58946E-05,0,0,0,0,0,0.487721,99.9883,0,0,216006656,4194304,134217728,35651584,0,12582912,0,0,1,10,0,22.8783,1024,0,0,0,24
mtran,65953,2097152,64,1,0,0,0,64,1,64,32,1,2,9575864,67106164,1,8390611,67108925,0,0,3.70873E-05,0,0,0,0,0,0.485792,99.9783,2097152,0,234889152,4194304,134217728,37748736,4194304,13631488,0,0,1,9,0,21.361,1024,0,0,0,24
mtran,108835,1048576,64,1,0,0,0,64,1,64,64,0,2,10465122,67108009,1,8390279,67108867,0,0,0,0,0,0,0,0,0.490924,99.9697,0,0,191889408,4194304,134217728,22020096,0,11206656,0,0,1,10,0,23.6005,1024,0,0,0,24
mtran,66645,1048576,64,1,0,0,0,64,1,64,64,1,2,9575884,67102449,1,8390499,67108917,0,0,2.11928E-05,0,0,0,0,0,0.489966,99.9599,1048576,0,201334720,4194304,134217728,23068672,2097152,11730944,0,0,1,9,0,21.6441,1024,0,0,0,24
mtran,123231,67108864,128,1,0,0,0,64,2,64,2,0,2,10465182,64621516,1,8390411,67108893,0,0,2.11928E-05,0,0,0,0,0,0.792351,99.9967,0,0,536870912,67108864,134217728,402653184,0,35651584,0,0,1,10,0,25.0126,1024,0,0,0,6
mtran,71768,67108864,128,1,0,0,0,64,2,64,2,1,2,9575756,59480048,1,8390671,67108865,0,0,0,0,0,0,0,0,0.808767,99.9951,67108864,0,1140866944,67108864,134217728,469762048,134217728,69206016,0,0,1,10,0,26.3843,1024,0,0,0,6
mtran,123840,33554432,128,1,0,0,0,64,2,64,4,0,2,10613420,65001873,1,8390399,67108865,0,0,0,0,0,0,0,0,0.83553,99.9959,0,0,905969664,33554432,134217728,335544320,0,58720256,0,0,1,10,0,25.3085,1024,0,0,0,26
mtran,57988,33554432,128,1,0,0,0,64,2,64,4,1,2,9427632,58098549,1,8390943,67108865,0,0,0,0,0,0,0,0,0.852808,99.9953,33554432,0,1207975808,33554432,134217728,369098752,67108864,75497472,0,0,1,10,0,26.9534,1024,0,0,0,26
mtran,123240,16777216,128,1,0,0,0,64,2,64,8,0,2,10613486,64981563,1,8390419,67108889,0,0,1.05964E-05,0,0,0,0,0,0.831195,99.9924,0,0,603979776,16777216,134217728,234881024,0,34078720,0,0,1,10,0,25.1869,1024,0,0,0,26
mtran,58662,16777216,128,1,0,0,0,64,2,64,8,1,2,9565976,58834362,1,8390919,67108893,0,0,2.64909E-05,0,0,0,0,0,0.858439,99.9924,16777216,0,754990976,16777216,134217728,251658240,33554432,42467328,0,0,1,10,0,25.719,1024,0,0,0,26
mtran,121920,8388608,128,1,0,0,0,64,2,64,16,0,2,10465126,65259072,1,8390315,67108865,0,0,0,0,0,0,0,0,0.851517,99.9879,0,0,377487360,8388608,134217728,117440512,0,21233664,0,0,1,10,0,25.0319,1024,0,0,0,24
mtran,60817,8388608,128,1,0,0,0,64,2,64,16,1,2,9575868,60636722,1,8390967,67108877,0,0,0,0,0,0,0,0,0.870826,99.9937,8388608,0,453001088,8388608,134217728,125829120,16777216,25427968,0,0,1,10,0,25.0194,1024,0,0,0,24
mtran,118863,4194304,128,1,0,0,0,64,2,64,32,0,2,10465230,65634000,1,8390471,67108901,0,0,3.70873E-05,0,0,0,0,0,0.886295,99.9821,0,0,268435456,4194304,134217728,62914560,0,15466496,0,0,1,10,0,24.8078,1024,0,0,0,26
mtran,60319,4194304,128,1,0,0,0,64,2,64,32,1,2,9575900,61816133,1,8390979,67108897,0,0,2.64909E-05,0,0,0,0,0,0.878754,99.9908,4194304,0,306200448,4194304,134217728,67108864,8388608,17563648,0,0,1,10,0,25.1308,1024,0,0,0,26
mtran,108854,2097152,128,1,0,0,0,64,2,64,64,0,2,10317014,65750716,1,8390389,67108865,0,0,0,0,0,0,0,0,0.904792,99.961,0,0,220200960,4194304,134217728,35651584,0,12713984,0,0,1,10,0,24.7386,1024,0,0,0,24
mtran,62170,2097152,128,1,0,0,0,64,2,64,64,1,2,9427688,63597737,1,8390691,67108885,0,0,5.29819E-05,0,0,0,0,0,0.912908,99.9627,2097152,0,239091584,4194304,134217728,37748736,4194304,13762560,0,0,1,10,0,24.5781,1024,0,0,0,24
mtran,108369,67108864,256,1,0,0,0,64,4,64,4,0,2,10304618,56320215,1,8390875,67108893,0,0,1.05964E-05,0,0,0,0,0,0.774226,99.9968,0,0,536870912,67108864,134217728,402653184,0,35651584,0,0,1,10,0,25.0533,1024,0,0,0,6
mtran,33894,67108864,256,1,0,0,0,64,4,64,4,1,2,8982997,31293795,1,8391644,67108865,0,0,0,0,0,0,0,0,0.814708,99.9928,67108864,0,1140883200,67108864,134217728,469762048,134217728,69206016,0,0,1,10,0,28.3588,1024,0,0,0,6
mtran,111058,33554432,256,1,0,0,0,64,4,64,8,0,2,10169288,57978203,1,8390791,67108901,0,0,5.82801E-05,0,0,0,0,0,0.815975,99.996,0,0,872415232,33554432,134217728,369098752,0,58720256,0,0,1,10,0,25.5487,1024,0,0,0,26
mtran,36808,33554432,256,1,0,0,0,64,4,64,8,1,3,9254444,35465682,1,8391799,67108865,0,0,5.29819E-06,0,0,0,0,0,0.839883,99.9932,33554432,0,1174437632,33554432,134217728,402653184,67108864,75497472,0,0,1,10,0,28.3482,1024,0,0,0,26
mtran,112753,16777216,256,1,0,0,0,64,4,64,16,0,2,10320690,59773827,1,8390623,67108885,0,0,3.70873E-05,0,0,0,0,0,0.826435,99.9905,0,0,587202560,16777216,134217728,251658240,0,34078720,0,0,1,10,0,25.0971,1024,0,0,0,26
mtran,43104,16777216,256,1,0,0,0,64,4,64,16,1,3,9163610,42840148,1,8391599,67108865,0,0,0,0,0,0,0,0,0.848788,99.9909,16777216,0,738230016,16777216,134217728,268435456,33554432,42467328,0,0,1,10,0,26.5958,1024,0,0,0,26
mtran,113184,8388608,256,1,0,0,0,64,4,64,32,0,2,10455298,61255091,1,8390663,67108897,0,0,3.17891E-05,0,0,0,0,0,0.865129,99.991,0,0,369098752,8388608,134217728,125829120,0,21233664,0,0,1,10,0,24.9722,1024,0,0,0,24
mtran,45658,8388608,256,1,0,0,0,64,4,64,32,1,3,9268098,47681819,1,8391619,67108905,0,0,4.23855E-05,0,0,0,0,0,0.858926,99.9878,8388608,0,444628736,8388608,134217728,134217728,16777216,25427968,0,0,1,10,0,25.1033,1024,0,0,0,24
mtran,105539,4194304,256,1,0,0,0,64,4,64,64,0,2,10168804,60857648,1,8390685,67108865,0,0,0,0,0,0,0,0,0.880824,99.9886,0,0,264241152,4194304,134217728,67108864,0,15466496,0,0,1,10,0,24.8379,1024,0,0,0,26
mtran,50277,4194304,256,1,0,0,0,64,4,64,64,1,3,9282098,53212515,1,8391551,67108893,0,0,1.05964E-05,0,0,0,0,0,0.902322,99.9794,4194304,0,302022400,4194304,134217728,71303168,8388608,17563648,0,0,1,10,0,24.6139,1024,0,0,0,26
mtran,80848,67108864,512,1,0,0,0,64,8,64,8,0,2,9860642,41304697,1,8391843,67108865,0,0,0,0,0,0,0,0,0.708499,99.995,0,0,536870912,67108864,134217728,402653184,0,35651584,0,0,1,10,0,24.7512,1024,0,0,0,6
mtran,12098,67108864,512,1,0,0,0,64,8,64,8,1,3,8686682,9831567,2,8393443,67108885,0,0,1.05964E-05,0,0,0,0,0,0.784429,99.989,67108864,0,1140915712,67108864,134217728,469762048,134217728,69206016,0,0,1,9,0,34.3481,1024,0,0,0,6
mtran,92857,33554432,512,1,0,0,0,64,8,64,16,0,2,10168864,48176843,1,8391143,67108865,0,0,0,0,0,0,0,0,0.788986,99.996,0,0,872415232,33554432,134217728,369098752,0,58720256,0,0,1,10,0,25.678,1024,0,0,0,26
mtran,15610,33554432,512,1,0,0,0,64,8,64,16,1,3,8686814,13862800,2,8393643,67108865,0,0,0,0,0,0,0,0,0.823226,99.9859,33554432,0,1174470144,33554432,134217728,402653184,67108864,75497472,0,0,1,10,0,32.4728,1024,0,0,0,26
mtran,99353,16777216,512,1,0,0,0,64,8,64,32,0,2,10168940,53748426,1,8391015,67108878,0,0,0,0,0,0,0,0,0.8175,99.9911,0,0,587202560,16777216,134217728,251658240,0,34078720,0,0,1,10,0,25.1663,1024,0,0,0,26
mtran,23860,16777216,512,1,0,0,0,64,8,64,32,1,3,8835054,24703966,1,8393083,67108897,0,0,0,0,0,0,0,0,0.837027,99.9865,16777216,0,738262528,16777216,134217728,268435456,33554432,42467328,0,0,1,10,0,27.2738,1024,0,0,0,26
mtran,91197,8388608,512,1,0,0,0,64,8,64,64,0,2,10020614,52372270,1,8391303,67108865,0,0,0,0,0,0,0,0,0.854388,99.9867,0,0,369098752,8388608,134217728,125829120,0,21233664,0,0,1,10,0,25.0396,1024,0,0,0,24
mtran,30651,8388608,512,1,0,0,0,64,8,64,64,1,3,8983232,34403000,1,8392891,67108881,0,0,0,0,0,0,0,0,0.863066,99.9622,8388608,0,444661248,8388608,134217728,134217728,16777216,25427968,0,0,1,10,0,25.2136,1024,0,0,0,24
mtran,55726,67108864,1024,1,0,0,0,64,16,64,16,0,2,9279726,37249012,1,8393311,67108865,0,0,0,0,0,0,0,0,0.688349,99.9138,0,0,536870912,67108864,134217728,402653184,0,35651584,0,0,1,9,0,22.9587,1024,0,0,0,6
mtran,10543,67108864,1024,1,0,0,0,64,16,64,16,1,4,8686882,12089710,3,8394547,67108865,0,0,0,0,0,0,0,0,0.70138,99.9821,67108864,0,1140980736,67108864,134217728,469762048,134217728,69206016,0,0,1,8,0,34.8058,1024,0,0,0,6
mtran,70584,33554432,1024,1,0,0,0,64,16,64,32,0,2,9576104,44052891,1,8392799,67108865,0,0,0,0,0,0,0,0,0.7849,99.9807,0,0,872415232,33554432,134217728,369098752,0,58720256,0,0,1,10,0,25.0837,1024,0,0,0,26
mtran,10192,33554432,1024,1,0,0,0,64,16,64,32,1,4,8390480,14010221,3,8395083,67108865,0,0,0,0,0,0,0,0,0.790441,99.9733,33554432,0,1174535168,33554432,134217728,402653184,67108864,75497472,0,0,1,9,0,35.3493,1024,0,0,0,26
mtran,63532,16777216,1024,1,0,0,0,64,16,64,64,0,2,9427908,41745007,1,8392715,67108865,0,0,0,0,0,0,0,0,0.832842,99.9905,0,0,587202560,16777216,134217728,251658240,0,34078720,0,0,1,10,0,24.5871,1024,0,0,0,26
mtran,10109,16777216,1024,1,0,0,0,64,16,64,64,1,4,8686930,15064328,3,8394867,67108865,0,0,0,0,0,0,0,0,0.850085,99.9713,16777216,0,738327552,16777216,134217728,268435456,33554432,42467328,0,0,1,9,0,29.9949,1024,0,0,0,26
mtran,28535,67108864,32,1,0,1,0,1,32,1,32,0,2,8840720,8388608,1,67119015,8388609,0,0,0,50,2097152,2097152,0,0,0.235551,99.9949,0,0,2483027968,67108864,268435456,1006632960,0,138412032,0,0,1,4,0,17.9914,1024,128,0,0,32
mtran,65697,67108864,32,1,0,1,0,1,32,1,32,1,2,68293672,8388608,1,67115183,8388609,0,0,0,50,2097152,2097152,0,0,0.243976,99.9979,67108864,0,3087269856,67108864,268435456,1073741824,134217728,171966464,0,0,1,3,0,12.4999,1024,128,0,0,32
mtran,20287,67108864,64,1,0,1,0,1,64,1,64,0,2,8835910,8388608,2,67117455,8388609,0,0,0,50,2097152,2097152,0,0,0.476251,99.9916,0,0,2483027968,67108864,268435456,1006632960,0,138412032,0,0,1,5,0,26.4206,1024,256,0,0,32
mtran,73652,67108864,64,1,0,1,0,1,64,1,64,1,2,68444948,8388608,1,67113095,8388614,0,0,0,50,2097152,2097152,0,0,0.494362,99.9977,67108864,0,3087531968,67108864,268435456,1073741824,134217728,171966464,0,0,1,4,0,14.1195,1024,256,0,0,32
mtran,22617,67108864,32,1,0,1,0,2,16,2,16,0,2,8971216,8388608,1,33565091,8388609,0,0,0,50,2097152,2097152,0,0,0.231546,99.9946,0,0,2751463424,67108864,268435456,1073741824,0,148897792,0,0,1,3,0,19.6276,1024,128,0,0,32
mtran,34369,67108864,32,1,0,1,0,2,16,2,16,1,3,34150692,8388608,1,33562535,8388609,0,0,0,50,2097152,2097152,0,0,0.238337,99.9965,67108864,0,3355574240,67108864,268435456,1140850688,134217728,182452224,0,0,1,2,0,15.4863,1024,128,0,0,32
mtran,17831,33554432,32,1,0,1,0,2,16,2,32,0,2,8688358,8388608,1,33565267,8388609,0,0,0,40,2097152,3145728,0,0,0.238561,99.9933,0,0,1778384896,33554432,268435456,536870912,0,104857600,0,0,1,3,0,18.154,1024,256,0,0,32
mtran,32611,33554432,32,1,0,1,0,2,16,2,32,1,3,34150100,8388608,1,33561619,8388609,0,0,0,40,2097152,3145728,0,0,0.243939,99.9953,33554432,0,2080505824,33554432,268435456,570425344,67108864,121634816,0,0,1,2,0,12.0442,1024,256,0,0,32
mtran,13159,67108864,64,1,0,1,0,2,32,2,32,0,3,8677854,8388608,1,33566227,8388609,0,0,0,50,2097152,2097152,0,0,0.46722,99.9894,0,0,2751463424,67108864,268435456,1073741824,0,148897792,0,0,1,5,0,34.6261,1024,256,0,0,32
mtran,32733,67108864,64,1,0,1,0,2,32,2,32,1,3,34048916,8388608,1,33559847,8388609,0,0,0,50,2097152,2097153,0,0,0.487383,99.9953,67108864,0,3355705280,67108864,268435456,1140850688,134217728,182452224,0,0,1,4,0,21.0129,1024,256,0,0,32
mtran,11634,33554432,64,1,0,1,0,2,32,2,64,0,3,8395856,8388608,2,33565803,8388609,0,0,0,40,2097152,3145728,0,0,0.479865,99.9882,0,0,1778384896,33554432,268435456,536870912,0,104857600,0,0,1,5,0,29.4953,1024,512,0,0,32
mtran,32166,33554432,64,1,0,1,0,2,32,2,64,1,3,34012238,8388608,1,33558515,8388609,0,0,0,40,2097152,3145728,0,0,0.493322,99.996,33554432,0,2080636864,33554432,268435456,570425344,67108864,121634816,0,0,1,5,0,18.0139,1024,512,0,0,32
mtran,10595,67108864,128,1,0,1,0,2,64,2,64,0,3,8391216,8388608,2,33564603,8388609,0,0,0,50,2097152,2097152,0,0,0.928758,99.9844,0,0,2751463424,67108864,268435456,1073741824,0,148897792,0,0,1,6,0,44.5726,1024,512,0,0,32
mtran,33325,67108864,128,1,0,1,0,2,64,2,64,1,3,34149184,8388608,1,33558151,8388609,0,0,0,50,2097152,2097152,0,0,0.986191,99.9944,67108864,0,3355967360,67108864,268435456,1140850688,134217728,182452224,0,0,1,5,0,22.4574,1024,512,0,0,32
mtran,21211,67108864,32,1,0,1,0,4,8,4,8,0,2,8687296,8388608,1,16784119,8388609,0,0,0,50,2097152,2097152,0,0,0.225265,99.945,0,0,2684354560,67108864,268435456,1140850688,0,148897792,0,0,1,2,0,19.2353,1024,128,0,0,32
mtran,24046,67108864,32,1,0,1,0,4,8,4,8,1,2,17075878,8388608,1,16785639,8388609,0,0,0,50,2097152,2097152,0,0,0.233213,99.9947,67108864,0,3288399840,67108864,268435456,1207959552,134217728,182452224,0,0,1,2,0,20.2306,1024,128,0,0,32
mtran,15818,33554432,32,1,0,1,0,4,8,4,16,0,2,8687314,8388608,1,16784999,8388609,0,0,0,40,2097152,3145728,0,0,0.234253,99.9784,0,0,1879048192,33554432,268435456,570425344,0,109051904,0,0,1,3,0,19.1264,1024,256,0,0,32
mtran,20259,33554432,32,1,0,1,0,4,8,4,16,1,3,17076894,8388607,1,16784715,8388609,0,0,0,40,2097152,3145728,0,0,0.240172,99.9942,33554432,0,2181103584,33554432,268435456,603979776,67108864,125829120,0,0,1,2,0,17.0884,1024,256,0,0,32
mtran,8124,16777216,32,1,0,1,0,4,8,4,32,0,4,8539278,8388608,1,16787643,8388609,0,0,0,33.3333,4194304,2097152,0,0,0.238049,99.9848,0,0,1157627904,16777216,268435456,352321536,0,63963136,0,0,1,4,0,22.9975,1024,512,0,0,32
mtran,17853,16777216,32,1,0,1,0,4,8,4,32,1,3,17076042,8388608,1,16783715,8388609,0,0,0,33.3332,4194319,2097156,0,0,0.244479,99.9894,16777216,0,1308688352,16777216,268435456,385875968,33554432,72876032,0,0,1,4,0,14.8035,1024,512,0,0,32
mtran,10881,67108864,64,1,0,1,0,4,16,4,16,0,3,8687526,8388607,1,16785187,8388609,0,0,0,50,2097152,2097152,0,0,0.461099,99.989,0,0,2684354560,67108864,268435456,1140850688,0,148897792,0,0,1,3,0,36.2255,1024,256,0,0,32
mtran,19709,67108864,64,1,0,1,0,4,16,4,16,1,3,17085606,8388608,1,16784427,8388609,0,0,0,50,2097152,2097152,0,0,0.479267,99.9922,67108864,0,3288465344,67108864,268435456,1207959552,134217728,182452224,0,0,1,2,0,24.306,1024,256,0,0,32
mtran,8908,33554432,64,1,0,1,0,4,16,4,32,0,4,8539164,8388608,1,16784931,8388609,0,0,0,28.5714,4194304,3145728,0,0,0.475248,99.9824,0,0,1879048192,33554432,268435456,570425344,0,109051904,0,0,1,5,0,34.669,1024,512,0,0,32
mtran,17755,33554432,64,1,0,1,0,4,16,4,32,1,3,17076150,8388608,1,16784287,8388609,0,0,0,28.5714,4194304,3145728,0,0,0.488457,99.9929,33554432,0,2181169088,33554432,268435456,603979776,67108864,125829120,0,0,1,3,0,19.9205,1024,512,0,0,32
mtran,7669,16777216,64,1,0,1,0,4,16,4,64,0,4,8539346,8388604,1,16787859,8388609,0,0,0,33.3333,4194304,2097152,0,0,0.481195,99.9805,0,0,1157627904,16777216,268435456,352321536,0,63963136,0,0,1,6,0,28.5156,1024,1024,0,0,32
mtran,17802,16777216,64,1,0,1,0,4,16,4,64,1,3,17211614,8388608,1,16782255,8388609,0,0,0,33.3315,4194577,2097227,0,0,0.492307,99.9833,16777216,0,1308753856,16777216,268435456,385875968,33554432,72876032,0,0,1,5,0,18.0874,1024,1024,0,0,32
mtran,8809,67108864,128,1,0,1,0,4,32,4,32,0,4,8549276,8388606,1,16788683,8388609,0,0,0,33.3333,4194304,2097152,0,0,0.942514,99.9844,0,0,2684354560,67108864,268435456,1140850688,0,148897792,0,0,1,5,0,48.8773,1024,512,0,0,32
mtran,17956,67108864,128,1,0,1,0,4,32,4,32,1,3,17087110,8388607,1,16784919,8388609,0,0,0,33.3327,4194381,2097192,0,0,0.974824,99.9915,67108864,0,3288596352,67108864,268435456,1207959552,134217728,182452224,0,0,1,5,0,32.3335,1024,512,0,0,32
mtran,7739,33554432,128,1,0,1,0,4,32,4,64,0,4,8539583,8388608,1,16787831,8388609,0,0,0,28.5714,4194304,3145728,0,0,0.959369,99.9775,0,0,1879048192,33554432,268435456,570425344,0,109051904,0,0,1,7,0,43.2145,1024,1024,0,0,32
mtran,17699,33554432,128,1,0,1,0,4,32,4,64,1,3,17076186,8388608,1,16783415,8388609,0,0,0,28.5702,4194458,3145896,0,0,0.985046,99.9856,33554432,0,2181300096,33554432,268435456,603979776,67108864,125829120,0,0,1,5,0,25.6998,1024,1024,0,0,32
mtran,7792,67108864,256,1,0,1,0,4,64,4,64,0,4,8539650,8388608,1,16791903,8388609,0,0,0,33.3333,4194304,2097152,0,0,0.928115,99.9815,0,0,2684354560,67108864,268435456,1140850688,0,148897792,0,0,1,5,0,52.6689,1024,1024,0,0,32
mtran,17124,67108864,256,1,0,1,0,4,64,4,64,1,3,17076206,8388608,1,16783991,8388609,0,0,0,33.3331,4194335,2097159,0,0,0.970859,99.9897,67108864,0,3288858368,67108864,268435456,1207959552,134217728,182452224,0,0,1,4,0,32.7941,1024,1024,0,0,32
mtran,38090,67108864,32,1,0,1,0,8,4,8,4,0,2,9127048,16777216,1,8393367,16777217,0,0,0,50,2097152,2097152,0,0,0.239506,99.9944,0,0,2684354560,67108864,268435456,1140850688,0,148897792,0,0,1,1,0,10.6894,1024,128,0,0,32
mtran,25223,67108864,32,1,0,1,0,8,4,8,4,1,2,8710978,16777281,1,8395025,16777217,0,0,0,50,2097152,2097152,0,0,0.234182,99.9946,67108864,0,3288367072,67108864,268435456,1207959552,134217728,182452224,0,0,1,2,0,19.3085,1024,128,0,0,32
mtran,20848,33554432,32,1,0,1,0,8,4,8,8,0,2,8822404,8388608,1,8393823,8388609,0,0,0,40,2097152,3145728,0,0,0.2406,99.9925,0,0,1845493760,33554432,268435456,603979776,0,109051904,0,0,1,2,0,13.7277,1024,256,0,0,32
mtran,17664,33554432,32,1,0,1,0,8,4,8,8,1,2,8687118,8388764,1,8395663,8388609,0,0,0,40,2097152,3145728,0,0,0.238861,99.9922,33554432,0,2147516384,33554432,268435456,637534208,67108864,125829120,0,0,1,2,0,18.7017,1024,256,0,0,32
mtran,12849,16777216,32,1,0,1,0,8,4,8,16,0,3,8538802,8388607,1,8394259,8388609,0,0,0,33.3333,4194304,2097152,0,0,0.242329,99.9868,0,0,1207959552,16777216,268435456,369098752,0,66060288,0,0,1,3,0,15.4815,1024,512,0,0,32
mtran,12518,16777216,32,1,0,1,0,8,4,8,16,1,3,8686958,8388608,1,8394751,8388609,0,0,0,33.3333,4194304,2097152,0,0,0.242176,99.9841,16777216,0,1358987232,16777216,268435456,402653184,33554432,74973184,0,0,1,3,0,15.693,1024,512,0,0,32
mtran,9730,8388608,32,1,0,1,0,8,4,8,32,0,3,8686990,8388608,1,8394239,8388609,0,0,0,20,8388627,2097154,0,0,0.244922,99.9833,0,0,696254464,8388608,268435456,176160768,0,39321600,0,0,1,5,0,16.4481,1024,1024,0,0,32
mtran,10259,8388608,32,1,0,1,0,8,4,8,32,1,3,8390540,8388608,1,8394339,8388609,0,0,0,20,8388615,2097152,0,0,0.245209,99.9858,8388608,0,771784672,8388608,268435456,184549376,16777216,43515904,0,0,1,3,0,13.5234,1024,1024,0,0,32
mtran,21388,67108864,64,1,0,1,0,8,8,8,8,0,2,8824018,8388608,1,8395135,8388609,0,0,0,50,2097152,2097152,0,0,0.48085,99.9914,0,0,2684354560,67108864,268435456,1140850688,0,148897792,0,0,1,2,0,18.1048,1024,256,0,0,32
mtran,16833,67108864,64,1,0,1,0,8,8,8,8,1,2,8687094,8388608,1,8395683,8388609,0,0,0,50,2097152,2097152,0,0,0.475907,99.9907,67108864,0,3288399808,67108864,268435456,1207959552,134217728,182452224,0,0,1,2,0,27.4352,1024,256,0,0,32
mtran,12397,33554432,64,1,0,1,0,8,8,8,16,0,3,8538760,8388608,1,8394787,8388609,0,0,0,28.5714,4194304,3145728,0,0,0.483202,99.9876,0,0,1845493760,33554432,268435456,603979776,0,109051904,0,0,1,3,0,22.7001,1024,512,0,0,32
mtran,12811,33554432,64,1,0,1,0,8,8,8,16,1,3,8548892,8388608,1,8395015,8388609,0,0,0,28.5714,4194304,3145728,0,0,0.484042,99.989,33554432,0,2147549120,33554432,268435456,637534208,67108864,125829120,0,0,1,3,0,25.7811,1024,512,0,0,32
mtran,9934,16777216,64,1,0,1,0,8,8,8,32,0,3,8390768,8388607,1,8396335,8388609,0,0,0,19.9997,8388730,2097192,0,0,0.48175,99.9841,0,0,1207959552,16777216,268435456,369098752,0,66060288,0,0,1,7,0,27.1687,1024,1024,0,0,32
mtran,10402,16777216,64,1,0,1,0,8,8,8,32,1,3,8501316,8388607,1,8394703,8388609,0,0,0,19.9989,8389032,2097317,0,0,0.487546,99.9796,16777216,0,1359019968,16777216,268435456,402653184,33554432,74973184,0,0,1,5,0,23.8924,1024,1024,0,0,32
mtran,8445,8388608,64,1,0,1,0,8,8,8,64,0,4,8527126,8388608,1,8395803,8388609,0,0,0,19.9996,8388788,2097183,0,0,0.487522,99.9737,0,0,696254464,8388608,268435456,176160768,0,39321600,0,0,1,7,0,22.2072,1024,2048,0,0,32
mtran,10142,8388608,64,1,0,1,0,8,8,8,64,1,3,8390612,8388608,1,8393555,8388609,0,0,0,19.9976,8389393,2097637,0,0,0.491853,99.9771,8388608,0,771817408,8388608,268435456,184549376,16777216,43515904,0,0,1,6,0,20.1267,1024,2048,0,0,32
mtran,13009,67108864,128,1,0,1,0,8,16,8,16,0,3,8687334,8388608,1,8395411,8388609,0,0,0,33.3332,4194314,2097173,0,0,0.953692,99.9841,0,0,2684354560,67108864,268435456,1140850688,0,148897792,0,0,1,5,0,35.4727,1024,512,0,0,32
mtran,12441,67108864,128,1,0,1,0,8,16,8,16,1,3,8538786,8388608,1,8395083,8388609,0,0,0,33.3333,4194304,2097157,0,0,0.965043,99.9859,67108864,0,3288465280,67108864,268435456,1207959552,134217728,182452224,0,0,1,3,0,37.2744,1024,512,0,0,32
mtran,9744,33554432,128,1,0,1,0,8,16,8,32,0,3,8398632,8388608,1,8394775,8388609,0,0,0,18.1817,8388654,3145772,0,0,0.963579,99.9787,0,0,1845493760,33554432,268435456,603979776,0,109051904,0,0,1,6,0,35.2671,1024,1024,0,0,32
mtran,10321,33554432,128,1,0,1,0,8,16,8,32,1,3,8390800,8388607,1,8394895,8388609,0,0,0,18.1817,8388614,3145791,0,0,0.978018,99.9853,33554432,0,2147614592,33554432,268435456,637534208,67108864,125829120,0,0,1,4,0,32.6908,1024,1024,0,0,32
mtran,9282,16777216,128,1,0,1,0,8,16,8,64,0,4,8390904,8388607,1,8398023,8388609,0,0,0,19.9953,8390472,2097761,0,0,0.954673,99.9755,0,0,1207959552,16777216,268435456,369098752,0,66060288,0,0,1,7,0,29.3088,1024,2048,0,0,32
mtran,10131,16777216,128,1,0,1,0,8,16,8,64,1,3,8672922,8388608,1,8394747,8388609,0,0,0,19.99,8391647,2099348,0,0,0.968758,99.9763,16777216,0,1359085440,16777216,268435456,402653184,33554432,74973184,0,0,1,6,0,27.1214,1024,2048,0,0,32
mtran,8629,67108864,256,1,0,1,0,8,32,8,32,0,4,8539488,8388608,1,8400775,8388609,0,0,0,20,8388608,2097152,0,0,0.939521,99.9804,0,0,2684354560,67108864,268435456,1140850688,0,148897792,0,0,1,4,0,47.7235,1024,1024,0,0,32
mtran,10076,67108864,256,1,0,1,0,8,32,8,32,1,3,8546260,8388608,1,8396907,8388609,0,0,0,20,8388608,2097153,0,0,0.953069,99.9841,67108864,0,3288596224,67108864,268435456,1207959552,134217728,182452224,0,0,1,3,0,46.163,1024,1024,0,0,32
mtran,6791,33554432,256,1,0,1,0,8,32,8,64,0,5,8539334,8388608,1,8400047,8388609,0,0,0,18.1818,8388634,3145744,0,0,0.958781,99.9704,0,0,1845493760,33554432,268435456,603979776,0,109051904,0,0,1,5,0,41.3577,1024,2048,0,0,32
mtran,9866,33554432,256,1,0,1,0,8,32,8,64,1,3,8572680,8388609,1,8396231,8388609,0,0,0,18.1818,8388624,3145752,0,0,0.975102,99.9843,33554432,0,2147745536,33554432,268435456,637534208,67108864,125829120,0,0,1,4,0,33.7704,1024,2048,0,0,32
mtran,6677,67108864,512,1,0,1,0,8,64,8,64,0,5,8684310,8388608,1,8403547,8388609,0,0,0,20,8388608,2097152,0,0,0.908269,99.9772,0,0,2684354560,67108864,268435456,1140850688,0,148897792,0,0,2,5,0,56.9048,1024,2048,0,0,32
mtran,9193,67108864,512,1,0,1,0,8,64,8,64,1,4,8539556,8388608,1,8397771,8388609,0,0,0,20,8388608,2097152,0,0,0.933792,99.9856,67108864,0,3288858112,67108864,268435456,1207959552,134217728,182452224,0,0,1,4,0,50.8593,1024,2048,0,0,32
mtran,67743,67108864,32,1,0,1,0,16,2,16,2,0,2,9575980,33554444,1,8391399,33554438,0,0,0,50,2097154,2097153,0,0,0.244245,99.9945,0,0,2684354560,67108864,268435456,1073741824,0,146800640,0,0,1,2,0,9.18936,1024,128,0,0,32
mtran,38304,67108864,32,1,0,1,0,16,2,16,2,1,2,9266010,33549279,1,8391995,33554485,0,0,2.86102E-05,50,2097152,2097153,0,0,0.23979,99.9937,67108864,0,3288350688,67108864,268435456,1140850688,134217728,180355072,0,0,1,2,0,13.3434,1024,128,0,0,32
mtran,37045,33554432,32,1,0,1,0,16,2,16,4,0,2,9121078,16777356,1,8391619,16777217,0,0,0,40,2097152,3145728,0,0,0.244737,99.9921,0,0,1879048192,33554432,268435456,570425344,0,109051904,0,0,1,1,0,8.36161,1024,256,0,0,32
mtran,22085,33554432,32,1,0,1,0,16,2,16,4,1,2,8694198,16777360,1,8392783,16777245,0,0,0,40,2097152,3145728,0,0,0.24115,99.9924,33554432,0,2181054432,33554432,268435456,603979776,67108864,125829120,0,0,1,2,0,15.6104,1024,256,0,0,32
mtran,20010,16777216,32,1,0,1,0,16,2,16,8,0,2,8686750,8388608,1,8392987,8388609,0,0,0,33.3328,4194304,2097261,0,0,0.245105,99.9843,0,0,1207959552,16777216,268435456,369098752,0,66060288,0,0,1,3,0,12.0946,1024,512,0,0,32
mtran,12841,16777216,32,1,0,1,0,16,2,16,8,1,3,8547779,8388608,1,8393815,8388609,0,0,0,33.3333,4194304,2097152,0,0,0.242342,99.9798,16777216,0,1358970848,16777216,268435456,402653184,33554432,74973184,0,0,1,2,0,15.3781,1024,512,0,0,32
mtran,11680,8388608,32,1,0,1,0,16,2,16,16,0,3,8686610,8388608,1,8392067,8388609,0,0,0,20,8388608,2097152,0,0,0.245781,99.9775,0,0,729808896,8388608,268435456,176160768,0,40370176,0,0,1,3,0,12.7138,1024,1024,0,0,32
mtran,9141,8388608,32,1,0,1,0,16,2,16,16,1,4,8686710,8388608,1,8393275,8388609,0,0,0,20,8388608,2097152,0,0,0.244628,99.98,8388608,0,805322720,8388608,268435456,184549376,16777216,44564480,0,0,1,3,0,15.7513,1024,1024,0,0,32
mtran,7986,4194304,32,1,0,1,0,16,2,16,32,0,4,8643800,8388614,1,8391767,8388609,0,0,0,11.111,16777250,2097328,0,0,0.246906,99.9695,0,0,511705088,4194304,268435456,92274688,0,29360128,0,0,1,5,0,17.0871,1024,2048,0,0,32
mtran,6810,4194304,32,1,0,1,0,16,2,16,32,1,5,8522976,8388610,1,8392879,8388609,0,0,0,11.1111,16777216,2097152,0,0,0.246391,99.9681,4194304,0,549470176,4194304,268435456,96468992,8388608,31457280,0,0,1,5,0,17.7896,1024,2048,0,0,32
mtran,37126,67108864,64,1,0,1,0,16,4,16,4,0,2,8983280,16777216,1,8392383,16777217,0,0,0,49.9995,2097176,2097173,0,0,0.474882,99.9902,0,0,2684354560,67108864,268435456,1140850688,0,148897792,0,0,1,4,0,16.8897,1024,256,0,0,32
mtran,21840,67108864,64,1,0,1,0,16,4,16,4,1,2,8829926,16777188,1,8393175,16777217,0,0,0,50,2097154,2097152,0,0,0.481103,99.9905,67108864,0,3288367040,67108864,268435456,1207959552,134217728,182452224,0,0,1,2,0,21.8621,1024,256,0,0,32
mtran,20389,33554432,64,1,0,1,0,16,4,16,8,0,2,8977884,8388607,1,8392867,8388609,0,0,0,28.5714,4194304,3145728,0,0,0.489672,99.9869,0,0,1845493760,33554432,268435456,603979776,0,109051904,0,0,1,2,0,13.9867,1024,512,0,0,32
mtran,13588,33554432,64,1,0,1,0,16,4,16,8,1,3,8683086,8388608,1,8393763,8388609,0,0,0,28.5714,4194305,3145728,0,0,0.485,99.9882,33554432,0,2147516352,33554432,268435456,637534208,67108864,125829120,0,0,1,3,0,24.1936,1024,512,0,0,32
mtran,11808,16777216,64,1,0,1,0,16,4,16,16,0,3,8547306,8388608,1,8393143,8388609,0,0,0,19.9993,8388824,2097277,0,0,0.475183,99.9776,0,0,1191182336,16777216,268435456,385875968,0,66060288,0,0,1,7,0,26.0889,1024,1024,0,0,32
mtran,8645,16777216,64,1,0,1,0,16,4,16,16,1,4,8396528,8388608,1,8394207,8388609,0,0,0,19.9996,8388739,2097212,0,0,0.485632,99.9742,16777216,0,1342209984,16777216,268435456,419430400,33554432,74973184,0,0,1,4,0,24.7858,1024,1024,0,0,32
mtran,7979,8388608,64,1,0,1,0,16,4,16,32,0,4,8538684,8388608,1,8393275,8388609,0,0,0,11.1106,16777840,2097455,0,0,0.478797,99.9728,0,0,721420288,8388608,268435456,184549376,0,40370176,0,0,1,8,0,27.3395,1024,2048,0,0,32
mtran,6654,8388608,64,1,0,1,0,16,4,16,32,1,5,8529564,8388608,1,8393771,8388609,0,0,0,11.1109,16777521,2097215,0,0,0.487184,99.9737,8388608,0,796950464,8388608,268435456,192937984,16777216,44564480,0,0,1,6,0,25.6164,1024,2048,0,0,32
mtran,6675,4194304,64,1,0,1,0,16,4,16,64,0,5,8538636,8388608,1,8393923,8388609,0,0,0,11.111,16777288,2097320,0,0,0.365169,99.967,0,0,507510784,4194304,268435456,96468992,0,29360128,0,0,1,6,0,21.2657,1024,4096,0,0,32
mtran,6215,4194304,64,1,0,1,0,16,4,16,64,1,5,8606923,8388608,1,8393479,8388609,0,0,0,11.1111,16777267,2097160,0,0,0.366603,99.9738,4194304,0,545292224,4194304,268435456,100663296,8388608,31457280,0,0,1,6,0,20.9026,1024,4096,0,0,32
mtran,20143,67108864,128,1,0,1,0,16,8,16,8,0,2,8835192,8388608,1,8393879,8388609,0,0,0,33.328,4194905,2097559,0,0,0.922749,99.9843,0,0,2684354560,67108864,268435456,1140850688,0,148897792,0,0,1,6,0,29.8285,1024,512,0,0,32
mtran,12974,67108864,128,1,0,1,0,16,8,16,8,1,3,8686930,8388608,1,8394303,8388609,0,0,0,33.3332,4194320,2097168,0,0,0.965435,99.9853,67108864,0,3288399744,67108864,268435456,1207959552,134217728,182452224,0,0,1,3,0,35.7892,1024,512,0,0,32
mtran,11589,33554432,128,1,0,1,0,16,8,16,16,0,3,8397172,8388608,1,8393871,8388609,0,0,0,18.1815,8388692,3145833,0,0,0.957309,99.9807,0,0,1845493760,33554432,268435456,603979776,0,109051904,0,0,1,5,0,29.8901,1024,1024,0,0,32
mtran,9045,33554432,128,1,0,1,0,16,8,16,16,1,4,8538674,8388608,1,8394459,8388614,0,0,0,18.1818,8388608,3145729,0,0,0.975572,99.9784,33554432,0,2147549056,33554432,268435456,637534208,67108864,125829120,0,0,1,3,0,35.9184,1024,1024,0,0,32
mtran,8292,16777216,128,1,0,1,0,16,8,16,32,0,4,8542262,8388607,1,8395575,8388609,0,0,0,11.1086,16780588,2098057,0,0,0.919003,99.9763,0,0,1191182336,16777216,268435456,385875968,0,66060288,0,0,1,9,0,34.8797,1024,2048,0,0,32
mtran,6737,16777216,128,1,0,1,0,16,8,16,32,1,5,8530460,8388608,1,8394251,8388609,0,0,0,11.1084,16780274,2098679,0,0,0.94995,99.9687,16777216,0,1342242688,16777216,268435456,419430400,33554432,74973184,0,0,1,8,0,39.1585,1024,2048,0,0,32
mtran,7134,8388608,128,1,0,1,0,16,8,16,64,0,4,8539008,8388606,1,8395551,8388609,0,0,0,11.1099,16778928,2097508,0,0,0.705282,99.9665,0,0,721420288,8388608,268435456,184549376,0,40370176,0,0,1,9,0,29.4824,1024,4096,0,0,32
mtran,6060,8388608,128,1,0,1,0,16,8,16,64,1,5,8538830,8388608,1,8394147,8388609,0,0,0,11.1105,16778012,2097357,0,0,0.717572,99.9711,8388608,0,796983168,8388608,268435456,192937984,16777216,44564480,0,0,1,8,0,30.4992,1024,4096,0,0,32
mtran,11550,67108864,256,1,0,1,0,16,16,16,16,0,3,8687214,8388608,1,8395115,8388609,0,0,0,19.9999,8388608,2097191,0,0,0.951762,99.9793,0,0,2684354560,67108864,268435456,1140850688,0,148897792,0,0,1,3,0,34.7638,1024,1024,0,0,32
mtran,8381,67108864,256,1,0,1,0,16,16,16,16,1,4,8538962,8388608,1,8396443,8388609,0,0,0,20,8388608,2097152,0,0,0.942941,99.9808,67108864,0,3288465152,67108864,268435456,1207959552,134217728,182452224,0,0,1,3,0,53.5642,1024,1024,0,0,32
mtran,7832,33554432,256,1,0,1,0,16,16,16,32,0,4,8538992,8388608,1,8395135,8388609,0,0,0,10.5259,16777253,3146530,0,0,0.951547,99.9741,0,0,1845493760,33554432,268435456,603979776,0,109051904,0,0,1,6,0,39.6373,1024,2048,0,0,32
mtran,6544,33554432,256,1,0,1,0,16,16,16,32,1,5,8677878,8388608,1,8395563,8388609,0,0,0,10.5263,16777216,3145728,0,0,0.959846,99.9761,33554432,0,2147614464,33554432,268435456,637534208,67108864,125829120,0,0,1,6,0,50.4788,1024,2048,0,0,32
mtran,6750,16777216,256,1,0,1,0,16,16,16,64,0,5,8682594,8388608,1,8398579,8388609,0,0,0,11.1102,16778352,2097641,0,0,0.917105,99.9685,0,0,1191182336,16777216,268435456,385875968,0,66060288,0,0,1,8,0,36.6002,1024,4096,0,0,32
mtran,6001,16777216,256,1,0,1,0,16,16,16,64,1,5,8615430,8388608,1,8396027,8388609,0,0,0,11.11,16778543,2097706,0,0,0.935358,99.9545,16777216,0,1342308096,16777216,268435456,419430400,33554432,74973184,0,0,1,8,0,40.8912,1024,4096,0,0,32
mtran,7092,67108864,512,1,0,1,0,16,32,16,32,0,4,8539392,8388607,1,8400823,8388609,0,0,0,11.1104,16777216,2098382,0,0,0.904075,99.9783,0,0,2684354560,67108864,268435456,1140850688,0,148897792,0,0,2,5,0,57.9839,1024,2048,0,0,32
mtran,7595,67108864,512,1,0,1,0,16,32,16,32,1,4,8539266,8388608,1,8397835,8388609,0,0,0,11.1111,16777216,2097154,0,0,0.917491,99.9803,67108864,0,3288595968,67108864,268435456,1207959552,134217728,182452224,0,0,2,5,0,62.0236,1024,2048,0,0,32
mtran,6098,33554432,512,1,0,1,0,16,32,16,64,0,5,8391156,8388608,1,8400371,8388609,0,0,0,10.5258,16777216,3146688,0,0,0.927316,99.9688,0,0,1845493760,33554432,268435456,603979776,0,109051904,0,0,1,6,0,48.0955,1024,4096,0,0,32
mtran,6045,33554432,512,1,0,1,0,16,32,16,64,1,5,8687598,8388608,1,8397239,8388609,0,0,0,10.5263,16777216,3145767,0,0,0.944296,99.9768,33554432,0,2147745280,33554432,268435456,637534208,67108864,125829120,0,0,1,6,0,54.8985,1024,4096,0,0,32
mtran,8005,67108864,1024,1,0,1,0,16,64,16,64,0,4,8539916,8388608,1,8403663,8388609,0,0,0,11.1021,16777216,2112480,0,0,0.846986,99.8991,0,0,2684354560,67108864,268435456,1140850688,0,148897792,0,0,1,4,0,49.5067,1024,4096,0,0,32
mtran,9348,67108864,1024,1,0,1,0,16,64,16,64,1,3,8391260,8388608,1,8398819,8388609,0,0,0,11.1111,16777216,2097222,0,0,0.86466,99.9825,67108864,0,3288857600,67108864,268435456,1207959552,134217728,182452224,0,0,1,4,0,50.6584,1024,4096,0,0,32
mtran,126448,67108864,32,1,0,1,0,32,1,32,1,0,2,10465070,67108864,1,8390547,67108869,0,0,0,49.9992,2097174,2097193,0,0,0.246927,99.9966,0,0,2147483648,67108864,268435456,939524096,0,125829120,0,0,1,4,0,11.8711,1024,128,0,0,32
mtran,79976,67108864,32,1,0,1,0,32,1,32,1,1,2,9730400,67035444,1,8390663,67108869,0,0,0,49.9987,2097208,2097206,0,0,0.24512,99.9967,67108864,0,2751471584,67108864,268435456,1006632960,134217728,159383552,0,0,1,4,0,12.1461,1024,128,0,0,32
mtran,66228,33554432,32,1,0,1,0,32,1,32,2,0,2,9575832,33554504,1,8390575,33554461,0,0,6.67572E-05,39.9999,2097153,3145736,0,0,0.247068,99.9932,0,0,1778384896,33554432,268435456,570425344,0,105906176,0,0,1,3,0,9.58558,1024,256,0,0,32
mtran,34745,33554432,32,1,0,1,0,32,1,32,2,1,3,9008496,33522758,1,8390987,33554433,0,0,0,40,2097152,3145730,0,0,0.244381,99.9938,33554432,0,2080382944,33554432,268435456,603979776,67108864,122683392,0,0,1,2,0,11.4925,1024,256,0,0,32
mtran,35434,16777216,32,1,0,1,0,32,1,32,4,0,2,8982952,16777216,1,8391391,16777217,0,0,0,33.3327,4194380,2097191,0,0,0.247246,99.9889,0,0,1174405120,16777216,268435456,369098752,0,65011712,0,0,1,4,0,12.9188,1024,512,0,0,32
mtran,19200,16777216,32,1,0,1,0,32,1,32,4,1,3,8791193,16775334,1,8391823,16777217,0,0,0,33.3332,4194320,2097159,0,0,0.244921,99.986,16777216,0,1325408224,16777216,268435456,402653184,33554432,73924608,0,0,1,3,0,12.5135,1024,512,0,0,32
mtran,19149,8388608,32,1,0,1,0,32,1,32,8,0,2,8686550,8388608,1,8391427,8388609,0,0,0,19.9998,8388608,2097263,0,0,0.247403,99.9861,0,0,704643072,8388608,268435456,184549376,0,39845888,0,0,1,3,0,10.6417,1024,1024,0,0,32
mtran,11188,8388608,32,1,0,1,0,32,1,32,8,1,3,8524856,8388608,1,8392151,8388609,0,0,0,19.9999,8388608,2097187,0,0,0.245593,99.9791,8388608,0,780148704,8388608,268435456,192937984,16777216,44040192,0,0,1,3,0,13.2486,1024,1024,0,0,32
mtran,10690,4194304,32,1,0,1,0,32,1,32,16,0,3,8390032,8388608,1,8390891,8388609,0,0,0,11.1109,16777240,2097550,0,0,0.247635,99.9757,0,0,515899392,4194304,268435456,96468992,0,29622272,0,0,1,5,0,14.8225,1024,2048,0,0,32
mtran,6917,4194304,32,1,0,1,0,32,1,32,16,1,5,8538384,8388608,1,8391807,8388609,0,0,0,11.1111,16777216,2097230,0,0,0.246308,99.9611,4194304,0,553656288,4194304,268435456,100663296,8388608,31719424,0,0,1,5,0,19.3093,1024,2048,0,0,32
mtran,7475,2097152,32,1,0,1,0,32,1,32,32,0,4,8538376,8388620,1,8391407,8388609,0,0,0,5.88233,33554432,2097296,0,0,0.185758,99.9698,0,0,415236096,6291456,268435456,50331648,0,24117248,0,0,1,7,0,19.8291,1024,4096,0,0,32
mtran,7335,2097152,32,1,0,1,0,32,1,32,32,1,4,8538504,8388768,1,8392171,8388649,0,0,0,5.88235,33554432,2097164,0,0,0.185752,99.9754,2097152,0,434118624,6291456,268435456,52428800,4194304,25165824,0,0,1,7,0,20.0322,1024,4096,0,0,32
mtran,66197,67108864,64,1,0,1,0,32,2,32,2,0,2,9575896,33554491,1,8390871,33554433,0,0,0,49.975,2098161,2098241,0,0,0.459259,99.9934,0,0,2684354560,67108864,268435456,1073741824,0,146800640,0,0,1,7,0,20.8197,1024,256,0,0,32
mtran,34670,67108864,64,1,0,1,0,32,2,32,2,1,3,8993224,33512767,1,8391255,33554433,0,0,0,49.997,2097276,2097279,0,0,0.478553,99.9888,67108864,0,3288350656,67108864,268435456,1140850688,134217728,180355072,0,0,1,4,0,19.5326,1024,256,0,0,32
mtran,35425,33554432,64,1,0,1,0,32,2,32,4,0,2,8982976,16777216,1,8390999,16777217,0,0,0,28.5702,4194467,3145882,0,0,0.477567,99.9881,0,0,1879048192,33554432,268435456,570425344,0,109051904,0,0,1,5,0,16.5811,1024,512,0,0,32
mtran,19176,33554432,64,1,0,1,0,32,2,32,4,1,3,8686658,16774033,1,8391259,16777217,0,0,0,28.5714,4194308,3145734,0,0,0.487915,99.9897,33554432,0,2181054400,33554432,268435456,603979776,67108864,125829120,0,0,1,3,0,19.2151,1024,512,0,0,32
mtran,18925,16777216,64,1,0,1,0,32,2,32,8,0,2,8751226,8388616,1,8392347,8388609,0,0,0,19.9969,8389714,2097695,0,0,0.470035,99.9777,0,0,1207959552,16777216,268435456,369098752,0,66060288,0,0,1,7,0,23.591,1024,1024,0,0,32
mtran,10842,16777216,64,1,0,1,0,32,2,32,8,1,3,8395176,8388608,1,8392919,8388609,0,0,0,19.9981,8388709,2098054,0,0,0.483798,99.982,16777216,0,1358970816,16777216,268435456,402653184,33554432,74973184,0,0,1,5,0,24.064,1024,1024,0,0,32
mtran,10678,8388608,64,1,0,1,0,32,2,32,16,0,3,8530416,8388608,1,8391783,8388609,0,0,0,11.1102,16778029,2097909,0,0,0.476735,99.9716,0,0,721420288,8388608,268435456,184549376,0,40370176,0,0,1,8,0,25.4867,1024,2048,0,0,32
mtran,6884,8388608,64,1,0,1,0,32,2,32,16,1,5,8538432,8388608,1,8392443,8388609,0,0,0,11.1105,16777393,2098079,0,0,0.486132,99.9639,8388608,0,796934080,8388608,268435456,192937984,16777216,44564480,0,0,1,6,0,26.8058,1024,2048,0,0,32
mtran,6905,4194304,64,1,0,1,0,32,2,32,32,0,5,8538458,8388608,1,8392035,8388609,0,0,0,5.88076,33554464,2106774,0,0,0.359268,99.9652,0,0,524288000,4194304,268435456,96468992,0,29884416,0,0,1,8,0,24.3922,1024,4096,0,0,32
mtran,5485,4194304,64,1,0,1,0,32,2,32,32,1,6,8390284,8388612,1,8393183,8388609,0,0,0,5.8822,33554432,2098077,0,0,0.359211,99.9633,4194304,0,562053056,4194304,268435456,100663296,8388608,31981568,0,0,1,9,0,29.1572,1024,4096,0,0,32
mtran,7378,2097152,64,1,0,1,0,32,2,32,64,0,4,8396972,8388608,1,8392135,8388609,0,0,0,5.88232,33554432,2097328,0,0,0.182612,99.9679,0,0,419430400,6291456,268435456,50331648,0,24248320,0,0,1,7,0,19.8546,1024,8192,0,0,32
mtran,7409,2097152,64,1,0,1,0,32,2,32,64,1,4,8538120,8388764,1,8392199,8388621,0,0,7.15255E-05,5.88235,33554432,2097195,0,0,0.182882,99.9626,2097152,0,438321088,6291456,268435456,52428800,4194304,25296896,0,0,1,7,0,20.0133,1024,8192,0,0,32
mtran,35374,67108864,128,1,0,1,0,32,4,32,4,0,2,8983192,16777216,1,8392083,16777217,0,0,0,33.2195,4205261,2107763,0,0,0.879394,99.9885,0,0,2684354560,67108864,268435456,1140850688,0,148897792,0,0,1,8,0,28.9266,1024,512,0,0,32
mtran,19263,67108864,128,1,0,1,0,32,4,32,4,1,3,8834970,16774922,1,8392411,16777217,0,0,0,33.3201,4195518,2098429,0,0,0.946454,99.9822,67108864,0,3288366976,67108864,268435456,1207959552,134217728,182452224,0,0,1,5,0,32.1089,1024,512,0,0,32
mtran,18931,33554432,128,1,0,1,0,32,4,32,8,0,2,8694018,8388608,1,8392047,8388609,0,0,0,18.1749,8390960,3147786,0,0,0.925509,99.9812,0,0,1845493760,33554432,268435456,603979776,0,109051904,0,0,1,7,0,28.2189,1024,1024,0,0,32
mtran,11153,33554432,128,1,0,1,0,32,4,32,8,1,3,8686774,8388608,1,8393023,8388609,0,0,0,18.1814,8388699,3145887,0,0,0.972833,99.9841,33554432,0,2147516288,33554432,268435456,637534208,67108864,125829120,0,0,1,4,0,32.1679,1024,1024,0,0,32
mtran,10614,16777216,128,1,0,1,0,32,4,32,16,0,3,8561706,8388608,1,8392779,8388609,0,0,0,11.0909,16784555,2124181,0,0,0.910044,99.9727,0,0,1191182336,16777216,268435456,385875968,0,66060288,0,0,1,9,0,33.2913,1024,2048,0,0,32
mtran,6559,16777216,128,1,0,1,0,32,4,32,16,1,5,8471107,8388608,1,8393612,8388609,0,0,0,11.1062,16778684,2104039,0,0,0.939614,99.9683,16777216,0,1342209920,16777216,268435456,419430400,33554432,74973184,0,0,1,8,0,39.631,1024,2048,0,0,32
mtran,6936,8388608,128,1,0,1,0,32,4,32,32,0,5,8538628,8388608,1,8393255,8388609,0,0,0,5.88144,33555198,2101940,0,0,0.699969,99.9765,0,0,713031680,8388608,268435456,192937984,0,40370176,0,0,1,9,0,32.0081,1024,4096,0,0,32
mtran,5103,8388608,128,1,0,1,0,32,4,32,32,1,6,8401872,8388608,1,8393339,8388609,0,0,0,5.88227,33554432,2097664,0,0,0.699253,99.9659,8388608,0,788561792,8388608,268435456,201326592,16777216,44564480,0,0,1,10,0,36.6036,1024,4096,0,0,32
mtran,6077,4194304,128,1,0,1,0,32,4,32,64,0,5,8390420,8388608,1,8394487,8388609,0,0,0,5.88151,33554432,2102255,0,0,0.351282,99.9627,0,0,520093696,4194304,268435456,100663296,0,29884416,0,0,1,8,0,26.6749,1024,8192,0,0,32
mtran,5564,4194304,128,1,0,1,0,32,4,32,64,1,6,8390428,8388612,1,8393859,8388609,0,0,0,5.88223,33554432,2097912,0,0,0.350319,99.9628,4194304,0,557875072,4194304,268435456,104857600,8388608,31981568,0,0,1,9,0,28.733,1024,8192,0,0,32
mtran,18627,67108864,256,1,0,1,0,32,8,32,8,0,2,8687022,8388608,1,8394167,8388609,0,0,0,19.9992,8388821,2097384,0,0,0.916762,99.9805,0,0,2684354560,67108864,268435456,1140850688,0,148897792,0,0,1,5,0,28.915,1024,1024,0,0,32
mtran,10976,67108864,256,1,0,1,0,32,8,32,8,1,3,8474424,8388660,1,8394727,8388609,0,0,0,19.9994,8388608,2097465,0,0,0.954706,99.9807,67108864,0,3288399616,67108864,268435456,1207959552,134217728,182452224,0,0,1,3,0,43.0215,1024,1024,0,0,32
mtran,10358,33554432,256,1,0,1,0,32,8,32,16,0,3,8436676,8388615,1,8393583,8388609,0,0,0,10.5262,16777255,3145979,0,0,0.942047,99.9761,0,0,1845493760,33554432,268435456,603979776,0,109051904,0,0,1,5,0,32.8016,1024,2048,0,0,32
mtran,6803,33554432,256,1,0,1,0,32,8,32,16,1,5,8545294,8388607,1,8394931,8388609,0,0,0,10.5262,16777231,3145983,0,0,0.96103,99.9752,33554432,0,2147548928,33554432,268435456,637534208,67108864,125829120,0,0,1,5,0,49.4704,1024,2048,0,0,32
mtran,6641,16777216,256,1,0,1,0,32,8,32,32,0,5,8404480,8388608,1,8397235,8388609,0,0,0,5.87741,33554450,2127104,0,0,0.903064,99.9668,0,0,1191182336,16777216,268435456,385875968,0,66060288,0,0,1,9,0,39.7132,1024,4096,0,0,32
mtran,5144,16777216,256,1,0,1,0,32,8,32,32,1,6,8674434,8388608,1,8395159,8388609,0,0,0,5.87809,33554446,2122971,0,0,0.902953,99.967,16777216,0,1342242560,16777216,268435456,419430400,33554432,74973184,0,0,1,9,0,47.5076,1024,4096,0,0,32
mtran,5934,8388608,256,1,0,1,0,32,8,32,64,0,5,8390608,8388608,1,8397359,8388609,0,0,0,5.87993,33554448,2111837,0,0,0.691012,99.9571,0,0,713031680,8388608,268435456,192937984,0,40370176,0,0,1,9,0,32.065,1024,8192,0,0,32
mtran,5149,8388608,256,1,0,1,0,32,8,32,64,1,6,8679050,8388608,1,8394111,8388609,0,0,0,5.88107,33554447,2104928,0,0,0.684586,99.9583,8388608,0,788594432,8388608,268435456,201326592,16777216,44564480,0,0,1,9,0,36.2028,1024,8192,0,0,32
mtran,10160,67108864,512,1,0,1,0,32,16,32,16,0,3,8687130,8388608,1,8395143,8388609,0,0,0,11.1107,16777216,2097901,0,0,0.933394,99.9774,0,0,2684354560,67108864,268435456,1140850688,0,148897792,0,0,1,4,0,38.7313,1024,2048,0,0,32
mtran,7475,67108864,512,1,0,1,0,32,16,32,16,1,4,8538972,8388640,1,8396303,8388609,0,0,7.15255E-05,11.1111,16777216,2097178,0,0,0.9202,99.9822,67108864,0,3288464896,67108864,268435456,1207959552,134217728,182452224,0,0,2,5,0,64.21,1024,2048,0,0,32
mtran,6663,33554432,512,1,0,1,0,32,16,32,32,0,5,8538902,8388608,1,8395855,8388609,0,0,0,5.71426,33554432,3145888,0,0,0.912664,99.9805,0,0,1845493760,33554432,268435456,603979776,0,109051904,0,0,1,8,0,48.5366,1024,4096,0,0,32
mtran,6910,33554432,512,1,0,1,0,32,16,32,32,1,5,8534616,8388720,1,8396651,8388617,0,0,0,5.71425,33554432,3145928,0,0,0.919725,99.9796,33554432,0,2147614208,33554432,268435456,637534208,67108864,125829120,0,0,1,8,0,54.6268,1024,4096,0,0,32
mtran,5871,16777216,512,1,0,1,0,32,16,32,64,0,5,8391068,8388608,1,8400443,8388609,0,0,0,5.85733,33554432,2249428,0,0,0.88259,99.9642,0,0,1191182336,16777216,268435456,385875968,0,66060288,0,0,1,9,0,41.4336,1024,8192,0,0,32
mtran,5424,16777216,512,1,0,1,0,32,16,32,64,1,6,8551662,8388608,1,8395907,8388609,0,0,0,5.86501,33554432,2202546,0,0,0.878639,99.9626,16777216,0,1342307840,16777216,268435456,419430400,33554432,74973184,0,0,1,9,0,45.6364,1024,8192,0,0,32
mtran,10282,67108864,1024,1,0,1,0,32,32,32,32,0,3,8687774,8388624,1,8400235,8388645,0,0,0.000119209,5.8823,33554432,2097483,0,0,0.811899,99.9816,0,0,2684354560,67108864,268435456,1140850688,0,148897792,0,0,1,5,0,42.5968,1024,4096,0,0,32
mtran,10625,67108864,1024,1,0,1,0,32,32,32,32,1,4,8391402,12582938,1,12600823,8388609,0,0,0,5.88234,33554432,2097260,0,0,0.812512,99.9827,67108864,0,3288595456,67108864,268435456,1207959552,134217728,182452224,0,0,1,5,0,48.4698,1024,4096,0,0,32
mtran,8273,33554432,1024,1,0,1,0,32,32,32,64,0,4,8399580,8388616,1,8399015,8388609,0,0,0,5.71391,33554432,3148140,0,0,0.872815,99.9641,0,0,1845493760,33554432,268435456,603979776,0,109051904,0,0,1,6,0,39.9918,1024,8192,0,0,32
mtran,9088,33554432,1024,1,0,1,0,32,32,32,64,1,4,8687398,8388608,1,8397439,8388609,0,0,0,5.71421,33554432,3146217,0,0,0.878337,99.9761,33554432,0,2147744768,33554432,268435456,637534208,67108864,125829120,0,0,1,6,0,41.5102,1024,8192,0,0,32
mtran,126954,67108864,64,1,0,1,0,64,1,64,1,0,2,10761555,100663102,1,12585404,67108865,0,0,0,49.9047,2100598,2101715,0,0,0.46404,99.9967,0,0,2147483648,67108864,268435456,939524096,0,125829120,0,0,1,9,0,22.6275,1024,256,0,0,32
mtran,93515,67108864,64,1,0,1,0,64,1,64,1,1,2,10123274,66330387,1,8390291,67108865,0,0,0,49.8088,2104331,2106077,0,0,0.469729,99.9959,67108864,0,2751471552,67108864,268435456,1006632960,134217728,159383552,0,0,1,8,0,23.1268,1024,256,0,0,32
mtran,66344,33554432,64,1,0,1,0,64,1,64,2,0,2,9571912,33554309,1,8390351,33554433,0,0,0,28.56,4195738,3147243,0,0,0.470327,99.993,0,0,1778384896,33554432,268435456,570425344,0,105906176,0,0,1,8,0,20.6833,1024,512,0,0,32
mtran,42317,33554432,64,1,0,1,0,64,1,64,2,1,2,9270330,33358830,1,8390571,33554433,0,0,0,28.5671,4194798,3146354,0,0,0.477798,99.993,33554432,0,2080382912,33554432,268435456,603979776,67108864,122683392,0,0,1,6,0,20.1174,1024,512,0,0,32
mtran,35167,16777216,64,1,0,1,0,64,1,64,4,0,2,8991316,16777208,1,8391011,16777217,0,0,0,19.9884,8393006,2098833,0,0,0.469415,99.9884,0,0,1174405120,16777216,268435456,369098752,0,65011712,0,0,1,9,0,23.6167,1024,1024,0,0,32
mtran,18940,16777216,64,1,0,1,0,64,1,64,4,1,3,8686466,16736041,1,8391255,16777217,0,0,0,19.9984,8389188,2097434,0,0,0.478776,99.9756,16777216,0,1325408192,16777216,268435456,402653184,33554432,73924608,0,0,1,7,0,22.542,1024,1024,0,0,32
mtran,19247,8388608,64,1,0,1,0,64,1,64,8,0,2,8825990,8388608,1,8391267,8388609,0,0,0,11.1095,16779309,2097779,0,0,0.478456,99.9784,0,0,704643072,8388608,268435456,184549376,0,39845888,0,0,1,8,0,22.2666,1024,2048,0,0,32
mtran,11038,8388608,64,1,0,1,0,64,1,64,8,1,3,8686538,8388608,1,8391443,8388609,0,0,0,11.1106,16777486,2097699,0,0,0.485907,99.9668,8388608,0,780148672,8388608,268435456,192937984,16777216,44040192,0,0,1,7,0,22.3199,1024,2048,0,0,32
mtran,10774,4194304,64,1,0,1,0,64,1,64,16,0,3,8686462,8388608,1,8390879,8388609,0,0,0,5.88201,33554814,2098831,0,0,0.363302,99.9702,0,0,511705088,4194304,268435456,100663296,0,29622272,0,0,1,7,0,21.1189,1024,4096,0,0,32
mtran,6867,4194304,64,1,0,1,0,64,1,64,16,1,5,8590926,8388608,1,8391359,8388609,0,0,0,5.88231,33554436,2097402,0,0,0.362337,99.9663,4194304,0,549461952,4194304,268435456,104857600,8388608,31719424,0,0,1,8,0,25.532,1024,4096,0,0,32
mtran,11819,2097152,64,1,0,1,0,64,1,64,32,0,3,8536768,8388764,1,8391907,8388661,0,0,9.53673E-05,3.0303,67108864,2097312,0,0,0.182184,99.9778,0,0,421527552,6291456,268435456,52428800,0,24379392,0,0,1,8,0,20.2936,1024,8192,0,0,32
mtran,11682,2097152,64,1,0,1,0,64,1,64,32,1,3,8686738,8388756,1,8392091,8388645,0,0,7.15255E-05,3.0303,67108864,2097178,0,0,0.181456,99.9704,2097152,0,440410048,6291456,268435456,54525952,4194304,25427968,0,0,1,8,0,20.5706,1024,8192,0,0,32
mtran,19245,1048576,64,1,0,1,0,64,1,64,64,0,2,8686526,8388632,1,8391207,8388621,0,0,0.000119209,3.0303,67108864,2097152,0,0,0.0927921,99.9641,0,0,371195904,7340032,268435456,29360128,0,21626880,0,0,1,5,0,12.1729,1024,16384,0,0,32
mtran,19200,1048576,64,1,0,1,0,64,1,64,64,1,2,8797457,8388612,1,8391223,8388613,0,0,2.38419E-05,3.0303,67108864,2097152,0,0,0.0928274,99.9756,1048576,0,380641216,7340032,268435456,30408704,2097152,22151168,0,0,1,5,0,12.2248,1024,16384,0,0,32
mtran,65990,67108864,128,1,0,1,0,64,2,64,2,0,2,9575868,33553880,1,8390655,33554433,0,0,0,33.0301,4219893,2129331,0,0,0.892127,99.993,0,0,2684354560,67108864,268435456,1073741824,0,146800640,0,0,1,10,0,27.3217,1024,512,0,0,32
mtran,42221,67108864,128,1,0,1,0,64,2,64,2,1,2,9279442,33321241,1,8390979,33554433,0,0,0,33.1635,4210132,2113540,0,0,0.907979,99.9946,67108864,0,3288350592,67108864,268435456,1140850688,134217728,180355072,0,0,1,9,0,30.624,1024,512,0,0,32
mtran,34619,33554432,128,1,0,1,0,64,2,64,4,0,2,8982972,16775736,1,8390851,16777217,0,0,0,18.1383,8404705,3157312,0,0,0.912437,99.9915,0,0,1879048192,33554432,268435456,570425344,0,109051904,0,0,1,9,0,26.5465,1024,1024,0,0,32
mtran,18817,33554432,128,1,0,1,0,64,2,64,4,1,3,8832846,16729530,1,8391467,16777217,0,0,0,18.1772,8389861,3147375,0,0,0.954606,99.983,33554432,0,2181054336,33554432,268435456,603979776,67108864,125829120,0,0,1,6,0,28.635,1024,1024,0,0,32
mtran,18786,16777216,128,1,0,1,0,64,2,64,8,0,2,8696738,8388608,1,8392255,8388609,0,0,0,11.0975,16791284,2106185,0,0,0.913742,99.9762,0,0,1207959552,16777216,268435456,369098752,0,66060288,0,0,1,10,0,29.583,1024,2048,0,0,32
mtran,10787,16777216,128,1,0,1,0,64,2,64,8,1,3,8686698,8388608,1,8392703,8388609,0,0,0,11.106,16780759,2102246,0,0,0.938504,99.9595,16777216,0,1358970752,16777216,268435456,402653184,33554432,74973184,0,0,1,9,0,33.3378,1024,2048,0,0,32
mtran,10542,8388608,128,1,0,1,0,64,2,64,16,0,3,8558305,8388619,1,8391435,8388609,0,0,0,5.88103,33557806,2101818,0,0,0.696742,99.9754,0,0,721420288,8388608,268435456,184549376,0,40370176,0,0,1,10,0,28.7215,1024,4096,0,0,32
mtran,6720,8388608,128,1,0,1,0,64,2,64,16,1,5,8677782,8388608,1,8392255,8388609,0,0,0,5.88166,33555260,2100538,0,0,0.707872,99.9753,8388608,0,796934016,8388608,268435456,192937984,16777216,44564480,0,0,1,9,0,32.401,1024,4096,0,0,32
mtran,9487,4194304,128,1,0,1,0,64,2,64,32,0,3,8538416,8388616,1,8391615,8388609,0,0,0,3.03024,67108864,2098492,0,0,0.342522,99.9562,0,0,520093696,4194304,268435456,100663296,0,29884416,0,0,1,9,0,26.2636,1024,8192,0,0,32
mtran,9457,4194304,128,1,0,1,0,64,2,64,32,1,3,8390108,8388620,1,8392131,8388609,0,0,0,3.03029,67108864,2097494,0,0,0.343108,99.9674,4194304,0,557858688,4194304,268435456,104857600,8388608,31981568,0,0,1,9,0,26.7788,1024,8192,0,0,32
mtran,11916,2097152,128,1,0,1,0,64,2,64,64,0,3,8395216,8388608,1,8392391,8388609,0,0,0,3.03025,67108864,2098330,0,0,0.177609,99.9752,0,0,425721856,6291456,268435456,52428800,0,24510464,0,0,1,8,0,20.0739,1024,16384,0,0,32
mtran,12058,2097152,128,1,0,1,0,64,2,64,64,1,3,8686814,8388752,1,8392727,8388621,0,0,0,3.03028,67108864,2097781,0,0,0.178462,99.9661,2097152,0,444612480,6291456,268435456,54525952,4194304,25559040,0,0,1,8,0,20.0407,1024,16384,0,0,32
mtran,34740,67108864,256,1,0,1,0,64,4,64,4,0,2,8983209,16777216,1,8392240,16777217,0,0,0,19.9759,8395640,2102772,0,0,0.874509,99.9877,0,0,2684354560,67108864,268435456,1140850688,0,148897792,0,0,1,8,0,26.9704,1024,1024,0,0,32
mtran,18724,67108864,256,1,0,1,0,64,4,64,4,1,3,8691966,16773830,1,8392587,16777217,0,0,0,19.9973,8389386,2097794,0,0,0.952522,99.9853,67108864,0,3288366848,67108864,268435456,1207959552,134217728,182452224,0,0,1,4,0,29.7559,1024,1024,0,0,32
mtran,18672,33554432,256,1,0,1,0,64,4,64,8,0,2,8723954,8388615,1,8392231,8388609,0,0,0,10.5251,16778606,3146570,0,0,0.930946,99.9806,0,0,1845493760,33554432,268435456,603979776,0,109051904,0,0,1,6,0,26.0633,1024,2048,0,0,32
mtran,10919,33554432,256,1,0,1,0,64,4,64,8,1,3,8686742,8388608,1,8392679,8388609,0,0,0,10.5262,16777249,3145953,0,0,0.971716,99.9649,33554432,0,2147516160,33554432,268435456,637534208,67108864,125829120,0,0,1,4,0,33.3331,1024,2048,0,0,32
mtran,10563,16777216,256,1,0,1,0,64,4,64,16,0,3,8475608,8388608,1,8393067,8388609,0,0,0,5.87407,33557314,2144515,0,0,0.893512,99.9738,0,0,1191182336,16777216,268435456,385875968,0,66060288,0,0,1,9,0,33.6755,1024,4096,0,0,32
mtran,6704,16777216,256,1,0,1,0,64,4,64,16,1,5,8534664,8388608,1,8393659,8388609,0,0,0,5.87551,33555938,2137174,0,0,0.917203,99.9689,16777216,0,1342209792,16777216,268435456,419430400,33554432,74973184,0,0,1,9,0,41.6448,1024,4096,0,0,32
mtran,9045,8388608,256,1,0,1,0,64,4,64,32,0,4,8538216,8388608,1,8392747,8388609,0,0,0,3.03025,67108898,2098391,0,0,0.675254,99.9773,0,0,713031680,8388608,268435456,192937984,0,40370176,0,0,1,10,0,30.1083,1024,8192,0,0,32
mtran,8956,8388608,256,1,0,1,0,64,4,64,32,1,4,8518844,8388610,1,8392715,8388609,0,0,0,3.03024,67108864,2098541,0,0,0.672138,99.9605,8388608,0,788561664,8388608,268435456,201326592,16777216,44564480,0,0,1,10,0,31.3013,1024,8192,0,0,32
mtran,9643,4194304,256,1,0,1,0,64,4,64,64,0,3,8684810,8388608,1,8393347,8388609,0,0,0,3.03024,67108864,2098679,0,0,0.332749,99.957,0,0,515899392,4194304,268435456,104857600,0,29884416,0,0,1,9,0,25.7736,1024,16384,0,0,32
mtran,9651,4194304,256,1,0,1,0,64,4,64,64,1,3,8538382,8388608,1,8393243,8388609,0,0,0,3.03023,67108864,2098840,0,0,0.334214,99.9593,4194304,0,553680640,4194304,268435456,109051904,8388608,31981568,0,0,1,9,0,26.2074,1024,16384,0,0,32
mtran,18454,67108864,512,1,0,1,0,64,8,64,8,0,2,8686930,8388608,1,8393831,8388609,0,0,0,11.1109,16777254,2097400,0,0,0.928469,99.9798,0,0,2684354560,67108864,268435456,1140850688,0,148897792,0,0,1,4,0,25.8725,1024,2048,0,0,32
mtran,10874,67108864,512,1,0,1,0,64,8,64,8,1,3,8672902,8388608,1,8394351,8388617,0,0,0,11.111,16777216,2097350,0,0,0.936388,99.9763,67108864,0,3288399360,67108864,268435456,1207959552,134217728,182452224,0,0,1,4,0,44.7977,1024,2048,0,0,32
mtran,10573,33554432,512,1,0,1,0,64,8,64,16,0,3,8686866,8388608,1,8393903,8388609,0,0,0,5.71385,33554458,3148494,0,0,0.93504,99.972,0,0,1845493760,33554432,268435456,603979776,0,109051904,0,0,1,6,0,33.3434,1024,4096,0,0,32
mtran,7392,33554432,512,1,0,1,0,64,8,64,16,1,4,8674158,8388692,1,8394523,8388617,0,0,0,5.71428,33554432,3145789,0,0,0.921283,99.9784,33554432,0,2147548672,33554432,268435456,637534208,67108864,125829120,0,0,1,8,0,52.8325,1024,4096,0,0,32
mtran,9179,16777216,512,1,0,1,0,64,8,64,32,0,4,8390436,8388608,1,8396959,8388609,0,0,0,3.02654,67108864,2183301,0,0,0.854092,99.9736,0,0,1191182336,16777216,268435456,385875968,0,66060288,0,0,1,10,0,35.8108,1024,8192,0,0,32
mtran,9163,16777216,512,1,0,1,0,64,8,64,32,1,4,8541728,8388608,1,8395599,8388609,0,0,0,3.02561,67108864,2204544,0,0,0.852301,99.9681,16777216,0,1342242304,16777216,268435456,419430400,33554432,74973184,0,0,1,10,0,37.2325,1024,8192,0,0,32
mtran,9135,8388608,512,1,0,1,0,64,8,64,64,0,4,8538376,8388608,1,8394919,8388609,0,0,0,3.02831,67108864,2142617,0,0,0.664144,99.9479,0,0,713031680,8388608,268435456,192937984,0,40370176,0,0,1,10,0,29.566,1024,16384,0,0,32
mtran,9124,8388608,512,1,0,1,0,64,8,64,64,1,4,8538338,8388608,1,8393575,8388609,0,0,0,3.02879,67108864,2131810,0,0,0.658094,99.9721,8388608,0,788594176,8388608,268435456,201326592,16777216,44564480,0,0,1,10,0,30.7917,1024,16384,0,0,32
mtran,10912,67108864,1024,1,0,1,0,64,16,64,16,0,3,8417044,8388608,1,8395023,8388609,0,0,0,5.88231,33554432,2097412,0,0,0.816689,99.9788,0,0,2684354560,67108864,268435456,1140850688,0,148897792,0,0,1,5,0,41.0247,1024,4096,0,0,32
mtran,11034,67108864,1024,1,0,1,0,64,16,64,16,1,3,8687098,8388612,1,8395791,8388617,0,0,0,5.88229,33554432,2097531,0,0,0.819126,99.9825,67108864,0,3288464384,67108864,268435456,1207959552,134217728,182452224,0,0,1,5,0,47.2225,1024,4096,0,0,32
mtran,12146,33554432,1024,1,0,1,0,64,16,64,32,0,3,8682962,8388616,1,8395439,8388609,0,0,0,2.98507,67108864,3145909,0,0,0.858375,99.9758,0,0,1845493760,33554432,268435456,603979776,0,109051904,0,0,1,8,0,34.9101,1024,8192,0,0,32
mtran,12392,33554432,1024,1,0,1,0,64,16,64,32,1,3,8539418,8388608,1,8395395,8388609,0,0,0,2.98506,67108864,3145995,0,0,0.864566,99.98,33554432,0,2147613696,33554432,268435456,637534208,67108864,125829120,0,0,1,8,0,37.9051,1024,8192,0,0,32
mtran,10016,16777216,1024,1,0,1,0,64,16,64,64,0,3,8536594,8388608,1,8396703,8388609,0,0,0,3.00048,67108864,2784919,0,0,0.881488,99.9591,0,0,1191182336,16777216,268435456,385875968,0,66060288,0,0,1,9,0,32.9205,1024,16384,0,0,32
mtran,10030,16777216,1024,1,0,1,0,64,16,64,64,1,3,8686810,8388608,1,8394863,8388609,0,0,0,2.99486,67108864,2916139,0,0,0.87033,99.975,16777216,0,1342307328,16777216,268435456,419430400,33554432,74973184,0,0,1,9,0,34.2588,1024,16384,0,0,32
mtran,28498,67108864,32,1,0,1,1,1,32,1,32,0,2,8843688,8388608,1,67118843,8388609,0,0,0,50,2097152,2097152,0,0,0.235668,99.9953,0,0,2483027968,67108864,268435456,1006632960,0,138412032,0,0,1,4,0,17.9883,1024,256,0,0,32
mtran,65645,67108864,32,1,0,1,1,1,32,1,32,1,2,68297124,8388608,1,67114807,8388609,0,0,0,50,2097152,2097152,0,0,0.244036,99.9979,67108864,0,3087269856,67108864,268435456,1073741824,134217728,171966464,0,0,1,3,0,12.4843,1024,256,0,0,32
mtran,20286,67108864,64,1,0,1,1,1,64,1,64,0,2,8750186,8388617,2,67117811,8388609,0,0,0,50,2097152,2097152,0,0,0.476432,99.991,0,0,2483027968,67108864,268435456,1006632960,0,138412032,0,0,1,5,0,26.4296,1024,512,0,0,32
mtran,73703,67108864,64,1,0,1,1,1,64,1,64,1,2,68296640,8388608,1,67112707,8388609,0,0,0,50,2097152,2097152,0,0,0.494429,99.9979,67108864,0,3087531968,67108864,268435456,1073741824,134217728,171966464,0,0,1,4,0,14.0737,1024,512,0,0,32
mtran,22612,67108864,32,1,0,1,1,2,16,2,16,0,2,8688218,8388608,1,33565167,8388609,0,0,0,50,2097152,2097152,0,0,0.231692,99.9935,0,0,2751463424,67108864,268435456,1073741824,0,148897792,0,0,1,3,0,19.6527,1024,192,0,0,32
mtran,34394,67108864,32,1,0,1,1,2,16,2,16,1,3,34149880,8388608,1,33565083,8388609,0,0,0,50,2097152,2097152,0,0,0.238442,99.9965,67108864,0,3355574240,67108864,268435456,1140850688,134217728,182452224,0,0,1,2,0,15.4824,1024,192,0,0,32
mtran,17998,33554432,32,1,0,1,1,2,16,2,32,0,2,8688398,8388608,1,33565351,8388609,0,0,0,33.3333,2097152,4194304,0,0,0.238786,99.9904,0,0,1778384896,33554432,268435456,536870912,0,104857600,0,0,1,3,0,18.1487,1024,384,0,0,32
mtran,32618,33554432,32,1,0,1,1,2,16,2,32,1,3,34142616,8388608,1,33561615,8388609,0,0,0,33.3333,2097152,4194304,0,0,0.243989,99.9963,33554432,0,2080505824,33554432,268435456,570425344,67108864,121634816,0,0,1,2,0,12.1215,1024,384,0,0,32
mtran,13261,67108864,64,1,0,1,1,2,32,2,32,0,3,8688198,8388608,1,33566591,8388609,0,0,0,40,2097152,3145728,0,0,0.467842,99.9892,0,0,2751463424,67108864,268435456,1073741824,0,148897792,0,0,1,5,0,34.5582,1024,384,0,0,32
mtran,32720,67108864,64,1,0,1,1,2,32,2,32,1,3,34149716,8388608,1,33560231,8388609,0,0,0,40,2097152,3145728,0,0,0.487492,99.9958,67108864,0,3355705280,67108864,268435456,1140850688,134217728,182452224,0,0,1,4,0,21.0813,1024,384,0,0,32
mtran,11737,33554432,64,1,0,1,1,2,32,2,64,0,3,8673018,8388608,2,33565871,8388609,0,0,0,33.3333,2097152,4194304,0,0,0.480184,99.9873,0,0,1778384896,33554432,268435456,536870912,0,104857600,0,0,1,6,0,29.7692,1024,768,0,0,32
mtran,32125,33554432,64,1,0,1,1,2,32,2,64,1,3,34149368,8388608,1,33558511,8388609,0,0,0,33.3333,2097152,4194304,0,0,0.493402,99.9945,33554432,0,2080636864,33554432,268435456,570425344,67108864,121634816,0,0,1,5,0,18.0831,1024,768,0,0,32
mtran,10643,67108864,128,1,0,1,1,2,64,2,64,0,3,8677262,8388608,2,33564547,8388609,0,0,0,40,2097152,3145728,0,0,0.928494,99.9889,0,0,2751463424,67108864,268435456,1073741824,0,148897792,0,0,1,6,0,44.5519,1024,768,0,0,32
mtran,33289,67108864,128,1,0,1,1,2,64,2,64,1,3,34149188,8388608,1,33558227,8388609,0,0,0,40,2097152,3145728,0,0,0.986147,99.9938,67108864,0,3355967360,67108864,268435456,1140850688,134217728,182452224,0,0,1,5,0,22.5364,1024,768,0,0,32
mtran,21354,67108864,32,1,0,1,1,4,8,4,8,0,2,8687302,8388608,1,16784531,8388609,0,0,0,50,2097152,2097152,0,0,0.225564,99.9493,0,0,2684354560,67108864,268435456,1140850688,0,148897792,0,0,1,2,0,19.2758,1024,160,0,0,32
mtran,23943,67108864,32,1,0,1,1,4,8,4,8,1,2,17169190,8388608,1,16785799,8388609,0,0,0,50,2097152,2097152,0,0,0.233342,99.9951,67108864,0,3288399840,67108864,268435456,1207959552,134217728,182452224,0,0,1,2,0,20.2587,1024,160,0,0,32
mtran,16184,33554432,32,1,0,1,1,4,8,4,16,0,2,8687334,8388608,1,16784259,8388609,0,0,0,25,4194304,4194304,0,0,0.235594,99.9842,0,0,1879048192,33554432,268435456,570425344,0,109051904,0,0,1,3,0,19.1518,1024,320,0,0,32
mtran,20253,33554432,32,1,0,1,1,4,8,4,16,1,3,17075998,8388608,1,16784655,8388609,0,0,0,25,4194304,4194304,0,0,0.240241,99.9938,33554432,0,2181103584,33554432,268435456,603979776,67108864,125829120,0,0,1,2,0,17.7933,1024,320,0,0,32
mtran,8063,16777216,32,1,0,1,1,4,8,4,32,0,4,8686434,8388608,1,16787639,8388609,0,0,0,40,2097152,3145728,0,0,0.238073,99.9846,0,0,1157627904,16777216,268435456,352321536,0,63963136,0,0,1,4,0,23.4718,1024,640,0,0,32
mtran,17837,16777216,32,1,0,1,1,4,8,4,32,1,3,17076030,8388608,1,16783539,8388609,0,0,0,39.9999,2097161,3145734,0,0,0.244529,99.9921,16777216,0,1308688352,16777216,268435456,385875968,33554432,72876032,0,0,1,4,0,14.6882,1024,640,0,0,32
mtran,11124,67108864,64,1,0,1,1,4,16,4,16,0,3,8546546,8388608,1,16785207,8388609,0,0,0,28.5714,4194304,3145728,0,0,0.462256,99.9894,0,0,2684354560,67108864,268435456,1140850688,0,148897792,0,0,1,4,0,36.2679,1024,320,0,0,32
mtran,19660,67108864,64,1,0,1,1,4,16,4,16,1,3,17220194,8388608,1,16784391,8388609,0,0,0,28.5714,4194304,3145728,0,0,0.479528,99.9927,67108864,0,3288465344,67108864,268435456,1207959552,134217728,182452224,0,0,1,2,0,24.6569,1024,320,0,0,32
mtran,8716,33554432,64,1,0,1,1,4,16,4,32,0,4,8687514,8388608,1,16785087,8388609,0,0,0,33.3333,2097152,4194304,0,0,0.475986,99.9806,0,0,1879048192,33554432,268435456,570425344,0,109051904,0,0,1,5,0,34.2315,1024,640,0,0,32
mtran,17759,33554432,64,1,0,1,1,4,16,4,32,1,3,17076102,8388608,1,16784303,8388609,0,0,0,33.3333,2097152,4194305,0,0,0.48854,99.9924,33554432,0,2181169088,33554432,268435456,603979776,67108864,125829120,0,0,1,3,0,19.6301,1024,640,0,0,32
mtran,7572,16777216,64,1,0,1,1,4,16,4,64,0,4,8539453,8388606,1,16787655,8388609,0,0,0,40,2097152,3145728,0,0,0.481574,99.9806,0,0,1157627904,16777216,268435456,352321536,0,63963136,0,0,1,6,0,29.5589,1024,1280,0,0,32
mtran,17808,16777216,64,1,0,1,1,4,16,4,64,1,3,17075854,8388608,1,16782143,8388609,0,0,0,39.9978,2097351,3145820,0,0,0.49285,99.9894,16777216,0,1308753856,16777216,268435456,385875968,33554432,72876032,0,0,1,5,0,17.9222,1024,1280,0,0,32
mtran,9015,67108864,128,1,0,1,1,4,32,4,32,0,4,8539574,8388608,1,16788399,8388609,0,0,0,40,2097152,3145728,0,0,0.944723,99.986,0,0,2684354560,67108864,268435456,1140850688,0,148897792,0,0,1,5,0,47.3345,1024,640,0,0,32
mtran,17974,67108864,128,1,0,1,1,4,32,4,32,1,3,17076334,8388608,1,16784767,8388609,0,0,0,39.9992,2097204,3145777,0,0,0.974981,99.9901,67108864,0,3288596352,67108864,268435456,1207959552,134217728,182452224,0,0,1,5,0,32.1234,1024,640,0,0,32
mtran,7804,33554432,128,1,0,1,1,4,32,4,64,0,4,8534781,8388608,1,16787947,8388609,0,0,0,33.3333,2097152,4194304,0,0,0.960551,99.9824,0,0,1879048192,33554432,268435456,570425344,0,109051904,0,0,1,6,0,42.6432,1024,1280,0,0,32
mtran,17693,33554432,128,1,0,1,1,4,32,4,64,1,3,17076214,8388608,1,16783743,8388609,0,0,0,33.3313,2097333,4194509,0,0,0.985434,99.989,33554432,0,2181300096,33554432,268435456,603979776,67108864,125829120,0,0,1,5,0,25.73,1024,1280,0,0,32
mtran,7900,67108864,256,1,0,1,1,4,64,4,64,0,4,8540040,8388608,1,16792055,8388609,0,0,0,40,2097152,3145728,0,0,0.927821,99.9812,0,0,2684354560,67108864,268435456,1140850688,0,148897792,0,0,1,5,0,53.3399,1024,1280,0,0,32
mtran,17171,67108864,256,1,0,1,1,4,64,4,64,1,3,17076158,8388608,1,16784099,8388609,0,0,0,39.9994,2097218,3145740,0,0,0.971381,99.9875,67108864,0,3288858368,67108864,268435456,1207959552,134217728,182452224,0,0,1,4,0,32.7004,1024,1280,0,0,32
mtran,38286,67108864,32,1,0,1,1,8,4,8,4,0,2,8983384,16777216,1,8393247,16777217,0,0,0,50,2097152,2097152,0,0,0.239505,99.9944,0,0,2684354560,67108864,268435456,1140850688,0,148897792,0,0,1,1,0,10.6913,1024,144,0,0,32
mtran,25064,67108864,32,1,0,1,1,8,4,8,4,1,2,8835376,16777352,1,8395291,16777253,0,0,7.94728E-05,50,2097152,2097152,0,0,0.234264,99.9939,67108864,0,3288367072,67108864,268435456,1207959552,134217728,182452224,0,0,1,2,0,19.2081,1024,144,0,0,32
mtran,21009,33554432,32,1,0,1,1,8,4,8,8,0,2,8723366,8388620,1,8393555,8388609,0,0,0,25,4194304,4194304,0,0,0.240527,99.9914,0,0,1845493760,33554432,268435456,603979776,0,109051904,0,0,1,2,0,14.2005,1024,288,0,0,32
mtran,17386,33554432,32,1,0,1,1,8,4,8,8,1,2,8687082,8388748,1,8395747,8388621,0,0,2.38419E-05,25,4194304,4194304,0,0,0.238475,99.9929,33554432,0,2147516384,33554432,268435456,637534208,67108864,125829120,0,0,1,2,0,19.7525,1024,288,0,0,32
mtran,12867,16777216,32,1,0,1,1,8,4,8,16,0,3,8675114,8388608,1,8394611,8388609,0,0,0,28.5714,4194304,3145728,0,0,0.242319,99.9863,0,0,1207959552,16777216,268435456,369098752,0,66060288,0,0,1,3,0,16.0247,1024,576,0,0,32
mtran,12457,16777216,32,1,0,1,1,8,4,8,16,1,3,8686622,8388608,1,8394739,8388609,0,0,0,28.5714,4194304,3145728,0,0,0.242169,99.9885,16777216,0,1358987232,16777216,268435456,402653184,33554432,74973184,0,0,1,3,0,16.0489,1024,576,0,0,32
mtran,9763,8388608,32,1,0,1,1,8,4,8,32,0,3,8674682,8388608,1,8394311,8388609,0,0,0,39.9999,2097158,3145731,0,0,0.244922,99.9821,0,0,696254464,8388608,268435456,176160768,0,39321600,0,0,1,4,0,16.0733,1024,1152,0,0,32
mtran,10372,8388608,32,1,0,1,1,8,4,8,32,1,3,8687246,8388608,1,8394311,8388609,0,0,0,39.9999,2097156,3145736,0,0,0.245272,99.9821,8388608,0,771784672,8388608,268435456,184549376,16777216,43515904,0,0,1,3,0,12.0903,1024,1152,0,0,32
mtran,21348,67108864,64,1,0,1,1,8,8,8,8,0,2,8847794,8388608,1,8394755,8388609,0,0,0,28.5714,4194304,3145728,0,0,0.480856,99.9889,0,0,2684354560,67108864,268435456,1140850688,0,148897792,0,0,1,2,0,18.4925,1024,288,0,0,32
mtran,16797,67108864,64,1,0,1,1,8,8,8,8,1,2,8689214,8388608,1,8395571,8388609,0,0,0,28.5714,4194304,3145728,0,0,0.475841,99.9907,67108864,0,3288399808,67108864,268435456,1207959552,134217728,182452224,0,0,1,2,0,27.917,1024,288,0,0,32
mtran,12540,33554432,64,1,0,1,1,8,8,8,16,0,3,8683530,8388608,1,8394891,8388609,0,0,0,25,4194304,4194304,0,0,0.483337,99.9863,0,0,1845493760,33554432,268435456,603979776,0,109051904,0,0,1,3,0,22.9732,1024,576,0,0,32
mtran,12796,33554432,64,1,0,1,1,8,8,8,16,1,3,8593528,8388610,1,8394923,8388609,0,0,0,25,4194304,4194304,0,0,0.484018,99.9899,33554432,0,2147549120,33554432,268435456,637534208,67108864,125829120,0,0,1,3,0,26.0735,1024,576,0,0,32
mtran,9800,16777216,64,1,0,1,1,8,8,8,32,0,3,8687174,8388607,1,8396047,8388609,0,0,0,39.9955,2097563,3145911,0,0,0.483107,99.9798,0,0,1207959552,16777216,268435456,369098752,0,66060288,0,0,1,6,0,26.387,1024,1152,0,0,32
mtran,10416,16777216,64,1,0,1,1,8,8,8,32,1,3,8670682,8388608,1,8394363,8388609,0,0,0,39.9952,2097490,3146023,0,0,0.488848,99.9857,16777216,0,1359019968,16777216,268435456,402653184,33554432,74973184,0,0,1,5,0,22.7498,1024,1152,0,0,32
mtran,8242,8388608,64,1,0,1,1,8,8,8,64,0,4,8531076,8388608,1,8395651,8388609,0,0,0,39.9971,2097417,3145840,0,0,0.488546,99.9751,0,0,696254464,8388608,268435456,176160768,0,39321600,0,0,1,6,0,22.055,1024,2304,0,0,32
mtran,10167,8388608,64,1,0,1,1,8,8,8,64,1,3,8593386,8388608,1,8393503,8388609,0,0,0,39.9888,2097949,3146398,0,0,0.492704,99.9847,8388608,0,771817408,8388608,268435456,184549376,16777216,43515904,0,0,1,5,0,19.1199,1024,2304,0,0,32
mtran,12977,67108864,128,1,0,1,1,8,16,8,16,0,3,8687238,8388608,1,8395275,8388609,0,0,0,28.5713,4194323,3145746,0,0,0.95362,99.9857,0,0,2684354560,67108864,268435456,1140850688,0,148897792,0,0,1,5,0,35.5723,1024,576,0,0,32
mtran,12507,67108864,128,1,0,1,1,8,16,8,16,1,3,8687046,8388608,1,8395243,8388609,0,0,0,28.5713,4194305,3145748,0,0,0.96535,99.985,67108864,0,3288465280,67108864,268435456,1207959552,134217728,182452224,0,0,1,3,0,37.3644,1024,576,0,0,32
mtran,9971,33554432,128,1,0,1,1,8,16,8,32,0,3,8390804,8388608,1,8394623,8388609,0,0,0,33.3321,2097311,4194387,0,0,0.964546,99.9834,0,0,1845493760,33554432,268435456,603979776,0,109051904,0,0,1,6,0,34.9295,1024,1152,0,0,32
mtran,10351,33554432,128,1,0,1,1,8,16,8,32,1,3,8687358,8388608,1,8395123,8388609,0,0,0,33.3325,2097192,4194422,0,0,0.978682,99.9864,33554432,0,2147614592,33554432,268435456,637534208,67108864,125829120,0,0,1,3,0,30.8021,1024,1152,0,0,32
mtran,9188,16777216,128,1,0,1,1,8,16,8,64,0,4,8539090,8388608,1,8397979,8388609,0,0,0,39.983,2098658,3146455,0,0,0.961221,99.9735,0,0,1207959552,16777216,268435456,369098752,0,66060288,0,0,1,7,0,27.4375,1024,2304,0,0,32
mtran,10118,16777216,128,1,0,1,1,8,16,8,64,1,3,8687330,8388608,1,8394603,8388609,0,0,0,39.9572,2100079,3148415,0,0,0.975897,99.9785,16777216,0,1359085440,16777216,268435456,402653184,33554432,74973184,0,0,1,6,0,26.4982,1024,2304,0,0,32
mtran,8565,67108864,256,1,0,1,1,8,32,8,32,0,4,8564292,8388616,1,8400543,8388609,0,0,0,39.9999,2097154,3145743,0,0,0.941617,99.9801,0,0,2684354560,67108864,268435456,1140850688,0,148897792,0,0,1,4,0,45.7149,1024,1152,0,0,32
mtran,10064,67108864,256,1,0,1,1,8,32,8,32,1,3,8687390,8388608,1,8396927,8388609,0,0,0,40,2097152,3145729,0,0,0.954405,99.9862,67108864,0,3288596224,67108864,268435456,1207959552,134217728,182452224,0,0,1,3,0,44.2186,1024,1152,0,0,32
mtran,6929,33554432,256,1,0,1,1,8,32,8,64,0,5,8680222,8388608,1,8400271,8388609,0,0,0,33.3328,2097197,4194358,0,0,0.962135,99.9715,0,0,1845493760,33554432,268435456,603979776,0,109051904,0,0,1,5,0,39.5974,1024,2304,0,0,32
mtran,9961,33554432,256,1,0,1,1,8,32,8,64,1,3,8401776,8388608,1,8396087,8388609,0,0,0,33.3333,2097152,4194312,0,0,0.975559,99.9855,33554432,0,2147745536,33554432,268435456,637534208,67108864,125829120,0,0,1,3,0,32.2548,1024,2304,0,0,32
mtran,6614,67108864,512,1,0,1,1,8,64,8,64,0,5,8391592,8388608,1,8403487,8388609,0,0,0,39.9999,2097152,3145738,0,0,0.909456,99.9789,0,0,2684354560,67108864,268435456,1140850688,0,148897792,0,0,2,4,0,56.308,1024,2304,0,0,32
mtran,9374,67108864,512,1,0,1,1,8,64,8,64,1,4,8539506,8388608,1,8397411,8388609,0,0,0,40,2097152,3145734,0,0,0.940603,99.9838,67108864,0,3288858112,67108864,268435456,1207959552,134217728,182452224,0,0,1,3,0,48.0824,1024,2304,0,0,32
mtran,67867,67108864,32,1,0,1,1,16,2,16,2,0,2,9575972,33554436,1,8391471,33554433,0,0,0,50,2097153,2097152,0,0,0.244253,99.9945,0,0,2684354560,67108864,268435456,1073741824,0,146800640,0,0,1,2,0,9.14839,1024,136,0,0,32
mtran,38234,67108864,32,1,0,1,1,16,2,16,2,1,2,8983152,33549074,1,8392279,33554465,0,0,4.76837E-05,50,2097152,2097152,0,0,0.239758,99.9943,67108864,0,3288350688,67108864,268435456,1140850688,134217728,180355072,0,0,1,2,0,13.3876,1024,136,0,0,32
mtran,37082,33554432,32,1,0,1,1,16,2,16,4,0,2,9130578,16777340,1,8391627,16777217,0,0,0,28.5714,3145728,4194304,0,0,0.244736,99.9945,0,0,1879048192,33554432,268435456,570425344,0,109051904,0,0,1,2,0,8.49861,1024,272,0,0,32
mtran,22120,33554432,32,1,0,1,1,16,2,16,4,1,2,8834948,16777216,1,8392747,16777217,0,0,0,28.5714,3145728,4194304,0,0,0.241208,99.9939,33554432,0,2181054432,33554432,268435456,603979776,67108864,125829120,0,0,1,2,0,15.8926,1024,272,0,0,32
mtran,20001,16777216,32,1,0,1,1,16,2,16,8,0,2,8834974,8388608,1,8393071,8388609,0,0,0,28.5713,4194308,3145749,0,0,0.24511,99.9844,0,0,1207959552,16777216,268435456,369098752,0,66060288,0,0,1,3,0,12.3332,1024,544,0,0,32
mtran,12827,16777216,32,1,0,1,1,16,2,16,8,1,3,8538592,8388608,1,8394115,8388609,0,0,0,28.5714,4194304,3145728,0,0,0.242334,99.9886,16777216,0,1358970848,16777216,268435456,402653184,33554432,74973184,0,0,1,3,0,15.8164,1024,544,0,0,32
mtran,11485,8388608,32,1,0,1,1,16,2,16,16,0,3,8403624,8388608,1,8392255,8388609,0,0,0,28.5713,4194304,3145754,0,0,0.245718,99.9801,0,0,729808896,8388608,268435456,176160768,0,40370176,0,0,1,3,0,12.5283,1024,1088,0,0,32
mtran,9132,8388608,32,1,0,1,1,16,2,16,16,1,4,8538418,8388608,1,8392979,8388609,0,0,0,28.5714,4194304,3145743,0,0,0.244609,99.9824,8388608,0,805322720,8388608,268435456,184549376,16777216,44564480,0,0,1,3,0,15.0686,1024,1088,0,0,32
mtran,7962,4194304,32,1,0,1,1,16,2,16,32,0,4,8538572,8388608,1,8391839,8388609,0,0,0,39.9991,2097152,3145849,0,0,0.246815,99.9763,0,0,511705088,4194304,268435456,92274688,0,29360128,0,0,1,4,0,14.8631,1024,2176,0,0,32
mtran,6788,4194304,32,1,0,1,1,16,2,16,32,1,5,8390288,8388608,1,8392815,8388609,0,0,0,39.9999,2097153,3145734,0,0,0.246329,99.9737,4194304,0,549470176,4194304,268435456,96468992,8388608,31457280,0,0,1,3,0,12.9934,1024,2176,0,0,32
mtran,36993,67108864,64,1,0,1,1,16,4,16,4,0,2,8983176,16777216,1,8392279,16777217,0,0,0,33.333,3145759,3145761,0,0,0.474551,99.9901,0,0,2684354560,67108864,268435456,1140850688,0,148897792,0,0,1,4,0,16.8896,1024,272,0,0,32
mtran,21986,67108864,64,1,0,1,1,16,4,16,4,1,2,8686746,16777203,1,8393239,16777217,0,0,0,33.3333,3145730,3145730,0,0,0.479539,99.9915,67108864,0,3288367040,67108864,268435456,1207959552,134217728,182452224,0,0,1,2,0,22.1176,1024,272,0,0,32
mtran,20430,33554432,64,1,0,1,1,16,4,16,8,0,2,8693326,8388608,1,8392819,8388609,0,0,0,25,4194305,4194304,0,0,0.489624,99.9925,0,0,1845493760,33554432,268435456,603979776,0,109051904,0,0,1,2,0,14.3841,1024,544,0,0,32
mtran,13632,33554432,64,1,0,1,1,16,4,16,8,1,3,8686834,8388608,1,8393903,8388609,0,0,0,25,4194304,4194304,0,0,0.484991,99.9907,33554432,0,2147516352,33554432,268435456,637534208,67108864,125829120,0,0,1,3,0,24.5752,1024,544,0,0,32
mtran,11789,16777216,64,1,0,1,1,16,4,16,16,0,3,8686926,8388608,1,8393091,8388609,0,0,0,28.5686,4194584,3146183,0,0,0.474967,99.9782,0,0,1191182336,16777216,268435456,385875968,0,66060288,0,0,1,7,0,26.1472,1024,1088,0,0,32
mtran,8530,16777216,64,1,0,1,1,16,4,16,16,1,4,8542228,8388608,1,8394159,8388609,0,0,0,28.5696,4194575,3145936,0,0,0.486026,99.9749,16777216,0,1342209984,16777216,268435456,419430400,33554432,74973184,0,0,1,4,0,24.6861,1024,1088,0,0,32
mtran,7925,8388608,64,1,0,1,1,16,4,16,32,0,4,8609890,8388608,1,8393375,8388609,0,0,0,39.9842,2097632,3147316,0,0,0.47905,99.9697,0,0,721420288,8388608,268435456,184549376,0,40370176,0,0,1,8,0,25.8754,1024,2176,0,0,32
mtran,6794,8388608,64,1,0,1,1,16,4,16,32,1,5,8559098,8388610,1,8393575,8388609,0,0,0,39.9927,2097841,3146001,0,0,0.488938,99.9721,8388608,0,796950464,8388608,268435456,192937984,16777216,44564480,0,0,1,5,0,22.4855,1024,2176,0,0,32
mtran,6523,4194304,64,1,0,1,1,16,4,16,64,0,5,8538700,8388608,1,8394515,8388609,0,0,0,39.9989,2097177,3145851,0,0,0.336361,99.9702,0,0,507510784,4194304,268435456,96468992,0,29360128,0,0,1,5,0,17.7604,1024,4352,0,0,32
mtran,6200,4194304,64,1,0,1,1,16,4,16,64,1,5,8390464,8388608,1,8393327,8388609,0,0,0,39.9993,2097187,3145789,0,0,0.338255,99.9652,4194304,0,545292224,4194304,268435456,100663296,8388608,31457280,0,0,1,4,0,16.4548,1024,4352,0,0,32
mtran,20118,67108864,128,1,0,1,1,16,8,16,8,0,2,8835198,8388608,1,8394027,8388609,0,0,0,28.5671,4194864,3146280,0,0,0.923615,99.9849,0,0,2684354560,67108864,268435456,1140850688,0,148897792,0,0,1,6,0,30.2744,1024,544,0,0,32
mtran,12980,67108864,128,1,0,1,1,16,8,16,8,1,3,8552230,8388608,1,8394731,8388609,0,0,0,28.5714,4194314,3145731,0,0,0.965262,99.9817,67108864,0,3288399744,67108864,268435456,1207959552,134217728,182452224,0,0,1,3,0,35.9623,1024,544,0,0,32
mtran,11751,33554432,128,1,0,1,1,16,8,16,16,0,3,8686962,8388608,1,8393767,8388609,0,0,0,24.9982,4194423,4194786,0,0,0.956701,99.9805,0,0,1845493760,33554432,268435456,603979776,0,109051904,0,0,1,5,0,29.6346,1024,1088,0,0,32
mtran,9111,33554432,128,1,0,1,1,16,8,16,16,1,4,8390512,8388608,1,8394443,8388609,0,0,0,24.9999,4194304,4194329,0,0,0.975314,99.98,33554432,0,2147549056,33554432,268435456,637534208,67108864,125829120,0,0,1,3,0,35.5792,1024,1088,0,0,32
mtran,8070,16777216,128,1,0,1,1,16,8,16,32,0,4,8538866,8388607,1,8394671,8388609,0,0,0,39.9223,2102503,3150581,0,0,0.916333,99.9717,0,0,1191182336,16777216,268435456,385875968,0,66060288,0,0,1,9,0,33.9195,1024,2176,0,0,32
mtran,6606,16777216,128,1,0,1,1,16,8,16,32,1,5,8549426,8388608,1,8394159,8388609,0,0,0,39.9511,2100952,3148346,0,0,0.957514,99.9687,16777216,0,1342242688,16777216,268435456,419430400,33554432,74973184,0,0,1,7,0,35.8573,1024,2176,0,0,32
mtran,6758,8388608,128,1,0,1,1,16,8,16,64,0,5,8545774,8388607,1,8395267,8388609,0,0,0,39.989,2097907,3146412,0,0,0.649105,99.9709,0,0,721420288,8388608,268435456,184549376,0,40370176,0,0,1,8,0,26.9933,1024,4352,0,0,32
mtran,6056,8388608,128,1,0,1,1,16,8,16,64,1,5,8528152,8388608,1,8394171,8388609,0,0,0,39.9801,2098894,3146596,0,0,0.66346,99.9503,8388608,0,796983168,8388608,268435456,192937984,16777216,44564480,0,0,1,7,0,28.7625,1024,4352,0,0,32
mtran,11363,67108864,256,1,0,1,1,16,16,16,16,0,3,8399268,8388607,1,8395211,8388609,0,0,0,28.5698,4194306,3146152,0,0,0.951025,99.9788,0,0,2684354560,67108864,268435456,1140850688,0,148897792,0,0,1,3,0,34.5343,1024,1088,0,0,32
mtran,8375,67108864,256,1,0,1,1,16,16,16,16,1,4,8539096,8388608,1,8396195,8388609,0,0,0,28.5714,4194304,3145728,0,0,0.942685,99.9802,67108864,0,3288465152,67108864,268435456,1207959552,134217728,182452224,0,0,1,3,0,53.3754,1024,1088,0,0,32
mtran,7849,33554432,256,1,0,1,1,16,16,16,32,0,4,8539548,8388607,1,8395387,8388609,0,0,0,33.2993,2097229,4200658,0,0,0.948877,99.9792,0,0,1845493760,33554432,268435456,603979776,0,109051904,0,0,1,4,0,37.1546,1024,2176,0,0,32
mtran,6685,33554432,256,1,0,1,1,16,16,16,32,1,5,8533812,8388608,1,8395543,8388609,0,0,0,33.3328,2097152,4194402,0,0,0.961802,99.9803,33554432,0,2147614464,33554432,268435456,637534208,67108864,125829120,0,0,1,3,0,45.5969,1024,2176,0,0,32
mtran,6873,16777216,256,1,0,1,1,16,16,16,64,0,5,8539060,8388608,1,8398343,8388609,0,0,0,39.9676,2098826,3148301,0,0,0.919474,99.9681,0,0,1191182336,16777216,268435456,385875968,0,66060288,0,0,1,8,0,35.9186,1024,4352,0,0,32
mtran,5957,16777216,256,1,0,1,1,16,16,16,64,1,5,8631462,8388608,1,8395223,8388609,0,0,0,39.9686,2099330,3147674,0,0,0.944418,99.9604,16777216,0,1342308096,16777216,268435456,419430400,33554432,74973184,0,0,1,7,0,37.5394,1024,4352,0,0,32
mtran,7135,67108864,512,1,0,1,1,16,32,16,32,0,4,8539426,8388608,1,8400855,8388609,0,0,0,39.7879,2097152,3173681,0,0,0.919406,99.9728,0,0,2684354560,67108864,268435456,1140850688,0,148897792,0,0,2,3,0,49.1259,1024,2176,0,0,32
mtran,7410,67108864,512,1,0,1,1,16,32,16,32,1,4,8535406,8388608,1,8397811,8388609,0,0,0,39.9995,2097152,3145797,0,0,0.917656,99.9795,67108864,0,3288595968,67108864,268435456,1207959552,134217728,182452224,0,0,2,3,0,58.5882,1024,2176,0,0,32
mtran,5976,33554432,512,1,0,1,1,16,32,16,64,0,5,8391384,8388607,1,8399735,8388609,0,0,0,33.3116,2097152,4198410,0,0,0.945258,99.9695,0,0,1845493760,33554432,268435456,603979776,0,109051904,0,0,1,4,0,43.0069,1024,4352,0,0,32
mtran,5914,33554432,512,1,0,1,1,16,32,16,64,1,5,8539386,8388608,1,8396871,8388609,0,0,0,33.3325,2097152,4194467,0,0,0.946673,99.9739,33554432,0,2147745280,33554432,268435456,637534208,67108864,125829120,0,0,1,4,0,50.101,1024,4352,0,0,32
mtran,6760,67108864,1024,1,0,1,1,16,64,16,64,0,5,8539938,8388608,1,8404103,8388609,0,0,0,39.4448,2097152,3219521,0,0,0.901834,99.4664,0,0,2684354560,67108864,268435456,1140850688,0,148897792,0,0,2,3,0,52.6786,1024,4352,0,0,32
mtran,7861,67108864,1024,1,0,1,1,16,64,16,64,1,4,8553538,8388608,1,8399015,8388609,0,0,0,39.9859,2097152,3147577,0,0,0.904008,99.9479,67108864,0,3288857600,67108864,268435456,1207959552,134217728,182452224,0,0,1,2,0,55.3706,1024,4352,0,0,32
mtran,126441,67108864,32,1,0,1,1,32,1,32,1,0,2,10465117,100663256,1,12585904,67108865,0,0,0,49.9995,2097172,2097172,0,0,0.246901,99.9964,0,0,2147483648,67108864,268435456,939524096,0,125829120,0,0,1,4,0,11.8672,1024,132,0,0,32
mtran,80124,67108864,32,1,0,1,1,32,1,32,1,1,2,9872262,67034416,1,8390711,67108865,0,0,0,49.9989,2097203,2097196,0,0,0.245085,99.9968,67108864,0,2751471584,67108864,268435456,1006632960,134217728,159383552,0,0,1,4,0,12.0831,1024,132,0,0,32
mtran,66316,33554432,32,1,0,1,1,32,1,32,2,0,2,9575756,33554432,1,8390563,33554433,0,0,0,39.9999,2097160,3145729,0,0,0.24704,99.9943,0,0,1778384896,33554432,268435456,570425344,0,105906176,0,0,1,3,0,9.58815,1024,264,0,0,32
mtran,34692,33554432,32,1,0,1,1,32,1,32,2,1,3,9125272,33523273,1,8391031,33554445,0,0,1.90735E-05,40,2097153,3145729,0,0,0.24434,99.9914,33554432,0,2080382944,33554432,268435456,603979776,67108864,122683392,0,0,1,2,0,11.4898,1024,264,0,0,32
mtran,35609,16777216,32,1,0,1,1,32,1,32,4,0,2,9124952,16777216,1,8391363,16777217,0,0,0,33.3325,4194408,2097201,0,0,0.24722,99.9877,0,0,1174405120,16777216,268435456,369098752,0,65011712,0,0,1,4,0,13.002,1024,528,0,0,32
mtran,19352,16777216,32,1,0,1,1,32,1,32,4,1,3,8824462,16775345,1,8391851,16777217,0,0,0,33.3333,4194310,2097159,0,0,0.244859,99.9877,16777216,0,1325408224,16777216,268435456,402653184,33554432,73924608,0,0,1,3,0,12.6602,1024,528,0,0,32
mtran,19293,8388608,32,1,0,1,1,32,1,32,8,0,2,8708586,8388608,1,8391339,8388609,0,0,0,24.9998,6291457,2097231,0,0,0.24739,99.9838,0,0,704643072,8388608,268435456,184549376,0,39845888,0,0,1,3,0,10.5061,1024,1056,0,0,32
mtran,11325,8388608,32,1,0,1,1,32,1,32,8,1,3,8538260,8388608,1,8391955,8388609,0,0,0,24.9999,6291456,2097193,0,0,0.245544,99.98,8388608,0,780148704,8388608,268435456,192937984,16777216,44040192,0,0,1,3,0,12.85,1024,1056,0,0,32
mtran,10874,4194304,32,1,0,1,1,32,1,32,16,0,3,8686426,8388608,1,8390679,8388609,0,0,0,33.3332,4194316,2097170,0,0,0.247654,99.9723,0,0,515899392,4194304,268435456,96468992,0,29622272,0,0,1,4,0,12.6545,1024,2112,0,0,32
mtran,6739,4194304,32,1,0,1,1,32,1,32,16,1,5,8538274,8388608,1,8391211,8388609,0,0,0,33.3327,4194304,2097269,0,0,0.246324,99.9745,4194304,0,553656288,4194304,268435456,100663296,8388608,31719424,0,0,1,4,0,14.319,1024,2112,0,0,32
mtran,6712,2097152,32,1,0,1,1,32,1,32,32,0,5,8538306,8388608,1,8391719,8388609,0,0,0,49.9997,2097152,2097174,0,0,0.170011,99.9643,0,0,415236096,6291456,268435456,50331648,0,24117248,0,0,1,3,0,9.8042,1024,4224,0,0,32
mtran,4762,2097152,32,1,0,1,1,32,1,32,32,1,6,8390128,8388608,1,8392167,8388609,0,0,0,50,2097152,2097152,0,0,0.169212,99.9561,2097152,0,434118624,6291456,268435456,52428800,4194304,25165824,0,0,1,3,0,12.5351,1024,4224,0,0,32
mtran,66456,67108864,64,1,0,1,1,32,2,32,2,0,2,9575876,33554528,1,8390855,33554433,0,0,0,49.9739,2098212,2098281,0,0,0.459189,99.9939,0,0,2684354560,67108864,268435456,1073741824,0,146800640,0,0,1,7,0,20.82,1024,264,0,0,32
mtran,34690,67108864,64,1,0,1,1,32,2,32,2,1,3,8994508,33508175,1,8391107,33554441,0,0,0,49.9973,2097258,2097276,0,0,0.478279,99.99,67108864,0,3288350656,67108864,268435456,1140850688,134217728,180355072,0,0,1,4,0,19.5424,1024,264,0,0,32
mtran,35359,33554432,64,1,0,1,1,32,2,32,4,0,2,9125292,16777216,1,8390847,16777217,0,0,0,28.5701,4194485,3145899,0,0,0.477521,99.9892,0,0,1879048192,33554432,268435456,570425344,0,109051904,0,0,1,5,0,16.648,1024,528,0,0,32
mtran,19386,33554432,64,1,0,1,1,32,2,32,4,1,3,8698462,16774464,1,8391463,16777217,0,0,0,28.5713,4194311,3145750,0,0,0.48769,99.9915,33554432,0,2181054400,33554432,268435456,603979776,67108864,125829120,0,0,1,3,0,19.2238,1024,528,0,0,32
mtran,19127,16777216,64,1,0,1,1,32,2,32,8,0,2,8689750,8388608,1,8392331,8388609,0,0,0,24.9938,6292533,2098141,0,0,0.469736,99.9783,0,0,1207959552,16777216,268435456,369098752,0,66060288,0,0,1,7,0,23.5941,1024,1056,0,0,32
mtran,10991,16777216,64,1,0,1,1,32,2,32,8,1,3,8535392,8388608,1,8393011,8388609,0,0,0,24.997,6291558,2098062,0,0,0.483594,99.978,16777216,0,1358970816,16777216,268435456,402653184,33554432,74973184,0,0,1,5,0,23.2835,1024,1056,0,0,32
mtran,10679,8388608,64,1,0,1,1,32,2,32,16,0,3,8681422,8388608,1,8391367,8388609,0,0,0,33.3238,4195012,2098237,0,0,0.47437,99.9713,0,0,721420288,8388608,268435456,184549376,0,40370176,0,0,1,8,0,24.0647,1024,2112,0,0,32
mtran,6839,8388608,64,1,0,1,1,32,2,32,16,1,5,8534940,8388608,1,8392063,8388609,0,0,0,33.3239,4194554,2098680,0,0,0.486167,99.9669,8388608,0,796934080,8388608,268435456,192937984,16777216,44564480,0,0,1,5,0,24.066,1024,2112,0,0,32
mtran,6878,4194304,64,1,0,1,1,32,2,32,32,0,5,8538396,8388608,1,8391603,8388609,0,0,0,49.9442,2097212,2101782,0,0,0.332229,99.9693,0,0,524288000,4194304,268435456,96468992,0,29884416,0,0,1,5,0,19.0574,1024,4224,0,0,32
mtran,4687,4194304,64,1,0,1,1,32,2,32,32,1,7,8686594,8388608,1,8392431,8388609,0,0,0,49.9837,2097190,2098481,0,0,0.336264,99.9544,4194304,0,562053056,4194304,268435456,100663296,8388608,31981568,0,0,1,4,0,18.2057,1024,4224,0,0,32
mtran,5694,2097152,64,1,0,1,1,32,2,32,64,0,5,8390356,8388608,1,8392999,8388609,0,0,0,49.9999,2097152,2097163,0,0,0.153605,99.9463,0,0,419430400,6291456,268435456,50331648,0,24248320,0,0,1,3,0,10.6874,1024,8448,0,0,32
mtran,4456,2097152,64,1,0,1,1,32,2,32,64,1,7,8390360,8388608,2,8392579,8388609,0,0,0,49.9879,2097152,2098170,0,0,0.152625,99.9198,2097152,0,438321088,6291456,268435456,52428800,4194304,25296896,0,0,1,3,0,14.0763,1024,8448,0,0,32
mtran,35608,67108864,128,1,0,1,1,32,4,32,4,0,2,9120312,16777216,1,8391987,16777217,0,0,0,33.2129,4205851,2108411,0,0,0.879265,99.9882,0,0,2684354560,67108864,268435456,1140850688,0,148897792,0,0,1,8,0,29.0601,1024,528,0,0,32
mtran,19110,67108864,128,1,0,1,1,32,4,32,4,1,3,8686762,16774322,1,8392779,16777217,0,0,0,33.3232,4195276,2098097,0,0,0.946176,99.9853,67108864,0,3288366976,67108864,268435456,1207959552,134217728,182452224,0,0,1,5,0,31.7287,1024,528,0,0,32
mtran,18956,33554432,128,1,0,1,1,32,4,32,8,0,2,8750166,8388616,1,8392195,8388609,0,0,0,22.2103,6293953,3148309,0,0,0.924225,99.9801,0,0,1845493760,33554432,268435456,603979776,0,109051904,0,0,1,7,0,28.2599,1024,1056,0,0,32
mtran,11291,33554432,128,1,0,1,1,32,4,32,8,1,3,8686810,8388608,1,8393295,8388609,0,0,0,22.2217,6291540,3145878,0,0,0.972439,99.9794,33554432,0,2147516288,33554432,268435456,637534208,67108864,125829120,0,0,1,4,0,31.6615,1024,1056,0,0,32
mtran,10603,16777216,128,1,0,1,1,32,4,32,16,0,3,8686754,8388608,1,8392571,8388609,0,0,0,33.0818,4205111,2134181,0,0,0.902016,99.9711,0,0,1191182336,16777216,268435456,385875968,0,66060288,0,0,1,9,0,33.2563,1024,2112,0,0,32
mtran,6721,16777216,128,1,0,1,1,32,4,32,16,1,5,8538608,8388608,1,8393475,8388609,0,0,0,33.2401,4196979,2112126,0,0,0.938083,99.9672,16777216,0,1342209920,16777216,268435456,419430400,33554432,74973184,0,0,1,8,0,39.2577,1024,2112,0,0,32
mtran,6663,8388608,128,1,0,1,1,32,4,32,32,0,5,8684582,8388608,1,8393367,8388609,0,0,0,49.1468,2099298,2167820,0,0,0.626574,99.9699,0,0,713031680,8388608,268435456,192937984,0,40370176,0,0,1,8,0,28.9507,1024,4224,0,0,32
mtran,4588,8388608,128,1,0,1,1,32,4,32,32,1,7,8686762,8388606,2,8393295,8388609,0,0,0,49.7157,2098737,2119552,0,0,0.651525,99.9674,8388608,0,788561792,8388608,268435456,201326592,16777216,44564480,0,0,1,7,0,31.2781,1024,4224,0,0,32
mtran,5506,4194304,128,1,0,1,1,32,4,32,64,0,6,8545754,8388606,1,8394379,8388609,0,0,0,49.9064,2097154,2105019,0,0,0.301025,99.9608,0,0,520093696,4194304,268435456,100663296,0,29884416,0,0,1,4,0,15.9538,1024,8448,0,0,32
mtran,4222,4194304,128,1,0,1,1,32,4,32,64,1,7,8390424,8388607,2,8393711,8388609,0,0,0,49.9308,2097152,2102967,0,0,0.303384,99.9448,4194304,0,557875072,4194304,268435456,104857600,8388608,31981568,0,0,1,4,0,18.7214,1024,8448,0,0,32
mtran,18448,67108864,256,1,0,1,1,32,8,32,8,0,2,8687844,8388608,1,8394151,8388609,0,0,0,24.9986,6291672,2097394,0,0,0.915597,99.9792,0,0,2684354560,67108864,268435456,1140850688,0,148897792,0,0,1,5,0,28.791,1024,1056,0,0,32
mtran,10838,67108864,256,1,0,1,1,32,8,32,8,1,3,8686926,8388644,1,8394675,8388609,0,0,0,24.9985,6291464,2097637,0,0,0.95499,99.9828,67108864,0,3288399616,67108864,268435456,1207959552,134217728,182452224,0,0,1,3,0,41.8583,1024,1056,0,0,32
mtran,10540,33554432,256,1,0,1,1,32,8,32,16,0,3,8681362,8388607,1,8393727,8388609,0,0,0,28.57,4194419,3145992,0,0,0.935333,99.9724,0,0,1845493760,33554432,268435456,603979776,0,109051904,0,0,1,5,0,30.6714,1024,2112,0,0,32
mtran,6731,33554432,256,1,0,1,1,32,8,32,16,1,5,8552050,8388608,1,8394639,8388609,0,0,0,28.57,4194304,3146099,0,0,0.962405,99.9691,33554432,0,2147548928,33554432,268435456,637534208,67108864,125829120,0,0,1,3,0,44.9023,1024,2112,0,0,32
mtran,6600,16777216,256,1,0,1,1,32,8,32,32,0,5,8538818,8388606,1,8396255,8388609,0,0,0,47.7634,2098768,2291939,0,0,0.887705,99.9652,0,0,1191182336,16777216,268435456,385875968,0,66060288,0,0,1,8,0,35.3826,1024,4224,0,0,32
mtran,4468,16777216,256,1,0,1,1,32,8,32,32,1,7,8651090,8388608,2,8394763,8388609,0,0,0,48.0785,2099194,2262742,0,0,0.930431,99.9466,16777216,0,1342242560,16777216,268435456,419430400,33554432,74973184,0,0,1,6,0,43.8491,1024,4224,0,0,32
mtran,5737,8388608,256,1,0,1,1,32,8,32,64,0,5,8390604,8388606,1,8396819,8388609,0,0,0,48.7185,2097343,2207288,0,0,0.571839,99.9649,0,0,713031680,8388608,268435456,192937984,0,40370176,0,0,1,7,0,26.4759,1024,8448,0,0,32
mtran,4045,8388608,256,1,0,1,1,32,8,32,64,1,7,8390548,8388607,2,8394691,8388609,0,0,0,48.8296,2097303,2197536,0,0,0.587774,99.9423,8388608,0,788594432,8388608,268435456,201326592,16777216,44564480,0,0,1,6,0,31.0648,1024,8448,0,0,32
mtran,10332,67108864,512,1,0,1,1,32,16,32,16,0,3,8486134,8388608,1,8395095,8388609,0,0,0,33.3262,4194304,2098490,0,0,0.937197,99.954,0,0,2684354560,67108864,268435456,1140850688,0,148897792,0,0,1,2,0,35.9677,1024,2112,0,0,32
mtran,7170,67108864,512,1,0,1,1,32,16,32,16,1,4,8435856,8388694,1,8396059,8388625,0,0,7.15255E-05,33.3328,4194304,2097257,0,0,0.910422,99.9815,67108864,0,3288464896,67108864,268435456,1207959552,134217728,182452224,0,0,2,3,0,61.106,1024,2112,0,0,32
mtran,6758,33554432,512,1,0,1,1,32,16,32,32,0,5,8538976,8388606,1,8395235,8388609,0,0,0,39.8541,2097174,3164903,0,0,0.930213,99.9706,0,0,1845493760,33554432,268435456,603979776,0,109051904,0,0,1,4,0,39.6787,1024,4224,0,0,32
mtran,5093,33554432,512,1,0,1,1,32,16,32,32,1,6,8550875,8388607,1,8396267,8388609,0,0,0,39.9785,2097152,3148550,0,0,0.939353,99.9641,33554432,0,2147614208,33554432,268435456,637534208,67108864,125829120,0,0,1,3,0,56.4408,1024,4224,0,0,32
mtran,5513,16777216,512,1,0,1,1,32,16,32,64,0,6,8392540,8388606,1,8399099,8388609,0,0,0,46.5652,2097314,2406375,0,0,0.881788,99.9559,0,0,1191182336,16777216,268435456,385875968,0,66060288,0,0,1,7,0,36.017,1024,8448,0,0,32
mtran,4022,16777216,512,1,0,1,1,32,16,32,64,1,7,8390724,8388608,2,8395991,8388609,0,0,0,45.0374,2097274,2559192,0,0,0.918662,99.9397,16777216,0,1342307840,16777216,268435456,419430400,33554432,74973184,0,0,1,5,0,45.3646,1024,8448,0,0,32
mtran,6560,67108864,1024,1,0,1,1,32,32,32,32,0,5,8535832,8388656,1,8400735,8388609,0,0,0,49.1548,2097152,2169273,0,0,0.895754,99.5445,0,0,2684354560,67108864,268435456,1140850688,0,148897792,0,0,2,2,0,54.5265,1024,4224,0,0,32
mtran,7576,67108864,1024,1,0,1,1,32,32,32,32,1,4,8393608,8388612,1,8398411,8388609,0,0,0,49.9972,2097152,2097385,0,0,0.894406,99.9735,67108864,0,3288595456,67108864,268435456,1207959552,134217728,182452224,0,0,2,2,0,56.296,1024,4224,0,0,32
mtran,5370,33554432,1024,1,0,1,1,32,32,32,64,0,6,8544150,8388608,1,8400143,8388609,0,0,0,39.6343,2097152,3194105,0,0,0.928169,99.3959,0,0,1845493760,33554432,268435456,603979776,0,109051904,0,0,1,3,0,43.9492,1024,8448,0,0,32
mtran,5533,33554432,1024,1,0,1,1,32,32,32,64,1,6,8533348,8388628,1,8397783,8388609,0,0,0,39.9644,2097152,3150400,0,0,0.926472,99.9579,33554432,0,2147744768,33554432,268435456,637534208,67108864,125829120,0,0,1,3,0,52.0649,1024,8448,0,0,32
mtran,126908,67108864,64,1,0,1,1,64,1,64,1,0,2,10756008,67108733,1,8390243,67108865,0,0,0,49.9043,2100587,2101757,0,0,0.464097,99.9966,0,0,2147483648,67108864,268435456,939524096,0,125829120,0,0,1,9,0,22.6487,1024,260,0,0,32
mtran,93222,67108864,64,1,0,1,1,64,1,64,1,1,2,9877010,66322353,1,8390323,67108865,0,0,0,49.8095,2104107,2106238,0,0,0.469802,99.9968,67108864,0,2751471552,67108864,268435456,1006632960,134217728,159383552,0,0,1,8,0,23.2588,1024,260,0,0,32
mtran,66326,33554432,64,1,0,1,1,64,1,64,2,0,2,9575736,33554320,1,8390219,33554433,0,0,0,28.5597,4195751,3147298,0,0,0.470275,99.9943,0,0,1778384896,33554432,268435456,570425344,0,105906176,0,0,1,8,0,20.7452,1024,520,0,0,32
mtran,42139,33554432,64,1,0,1,1,64,1,64,2,1,2,9279306,33370842,1,8390359,33554433,0,0,0,28.5669,4194879,3146327,0,0,0.477777,99.9922,33554432,0,2080382912,33554432,268435456,603979776,67108864,122683392,0,0,1,6,0,19.9454,1024,520,0,0,32
mtran,35358,16777216,64,1,0,1,1,64,1,64,4,0,2,9007028,16777205,1,8390947,16777217,0,0,0,19.9886,8392884,2098862,0,0,0.469327,99.9878,0,0,1174405120,16777216,268435456,369098752,0,65011712,0,0,1,9,0,23.6372,1024,1040,0,0,32
mtran,18954,16777216,64,1,0,1,1,64,1,64,4,1,3,8686534,16738857,1,8391203,16777217,0,0,0,19.9985,8389124,2097419,0,0,0.478708,99.9768,16777216,0,1325408192,16777216,268435456,402653184,33554432,73924608,0,0,1,7,0,22.5414,1024,1040,0,0,32
mtran,19062,8388608,64,1,0,1,1,64,1,64,8,0,2,8691258,8388608,1,8391167,8388609,0,0,0,19.9961,8389884,2097915,0,0,0.477555,99.9795,0,0,704643072,8388608,268435456,184549376,0,39845888,0,0,1,8,0,21.8193,1024,2080,0,0,32
mtran,11040,8388608,64,1,0,1,1,64,1,64,8,1,3,8680342,8388608,1,8391379,8388609,0,0,0,19.9974,8388827,2098290,0,0,0.485455,99.9707,8388608,0,780148672,8388608,268435456,192937984,16777216,44040192,0,0,1,7,0,21.6548,1024,2080,0,0,32
mtran,10745,4194304,64,1,0,1,1,64,1,64,16,0,3,8686458,8388608,1,8391011,8388609,0,0,0,33.3289,4194356,2097934,0,0,0.333187,99.9682,0,0,511705088,4194304,268435456,100663296,0,29622272,0,0,1,5,0,16.238,1024,4160,0,0,32
mtran,6836,4194304,64,1,0,1,1,64,1,64,16,1,5,8538958,8388608,1,8391291,8388609,0,0,0,33.3281,4194333,2098105,0,0,0.336781,99.9524,4194304,0,549461952,4194304,268435456,104857600,8388608,31719424,0,0,1,5,0,17.3487,1024,4160,0,0,32
mtran,6695,2097152,64,1,0,1,1,64,1,64,32,0,5,8538338,8388608,1,8392135,8388609,0,0,0,49.9999,2097152,2097159,0,0,0.153525,99.9722,0,0,421527552,6291456,268435456,52428800,0,24379392,0,0,1,3,0,9.32029,1024,8320,0,0,32
mtran,4447,2097152,64,1,0,1,1,64,1,64,32,1,7,8680182,8388607,2,8392259,8388609,0,0,0,49.9975,2097152,2097365,0,0,0.153184,99.9477,2097152,0,440410048,6291456,268435456,54525952,4194304,25427968,0,0,1,3,0,12.8531,1024,8320,0,0,32
mtran,8108,1048576,64,1,0,1,1,64,1,64,64,0,4,8531930,8388620,1,8392671,8388621,0,0,0,50,2097152,2097152,0,0,0.061753,99.9041,0,0,371195904,7340032,268435456,29360128,0,21626880,0,0,1,2,0,6.25545,1024,16640,0,0,32
mtran,8129,1048576,64,1,0,1,1,64,1,64,64,1,4,8390420,8388608,1,8392895,8388609,0,0,0,50,2097152,2097152,0,0,0.0617541,99.9023,1048576,0,380641216,7340032,268435456,30408704,2097152,22151168,0,0,1,2,0,6.38417,1024,16640,0,0,32
mtran,66091,67108864,128,1,0,1,1,64,2,64,2,0,2,9454843,33553702,1,8390575,33554433,0,0,0,33.0191,4220687,2130648,0,0,0.891625,99.9931,0,0,2684354560,67108864,268435456,1073741824,0,146800640,0,0,1,10,0,27.3894,1024,520,0,0,32
mtran,42337,67108864,128,1,0,1,1,64,2,64,2,1,2,8982944,33312799,1,8390975,33554433,0,0,0,33.173,4209458,2112409,0,0,0.907822,99.9914,67108864,0,3288350592,67108864,268435456,1140850688,134217728,180355072,0,0,1,9,0,30.5124,1024,520,0,0,32
mtran,34568,33554432,128,1,0,1,1,64,2,64,4,0,2,8989412,16775998,1,8390955,16777217,0,0,0,18.1406,8404197,3156344,0,0,0.913039,99.9872,0,0,1879048192,33554432,268435456,570425344,0,109051904,0,0,1,9,0,26.5528,1024,1040,0,0,32
mtran,18828,33554432,128,1,0,1,1,64,2,64,4,1,3,8692946,16728534,1,8391299,16777217,0,0,0,18.1777,8389761,3147206,0,0,0.95427,99.9819,33554432,0,2181054336,33554432,268435456,603979776,67108864,125829120,0,0,1,6,0,28.403,1024,1040,0,0,32
mtran,18758,16777216,128,1,0,1,1,64,2,64,8,0,2,8686650,8388608,1,8392159,8388609,0,0,0,19.9502,8404210,2107726,0,0,0.910159,99.9778,0,0,1207959552,16777216,268435456,369098752,0,66060288,0,0,1,10,0,29.4639,1024,2080,0,0,32
mtran,10987,16777216,128,1,0,1,1,64,2,64,8,1,3,8686594,8388608,1,8392535,8388609,0,0,0,19.9806,8392559,2103385,0,0,0.936094,99.963,16777216,0,1358970752,16777216,268435456,402653184,33554432,74973184,0,0,1,9,0,32.8733,1024,2080,0,0,32
mtran,10599,8388608,128,1,0,1,1,64,2,64,16,0,3,8674230,8388608,1,8391975,8388609,0,0,0,33.1594,4198930,2125533,0,0,0.631068,99.9722,0,0,721420288,8388608,268435456,184549376,0,40370176,0,0,1,9,0,26.7271,1024,4160,0,0,32
mtran,6646,8388608,128,1,0,1,1,64,2,64,16,1,5,8686710,8388608,1,8392351,8388609,0,0,0,33.1576,4196909,2127892,0,0,0.651872,99.9691,8388608,0,796934016,8388608,268435456,192937984,16777216,44564480,0,0,1,8,0,29.215,1024,4160,0,0,32
mtran,6653,4194304,128,1,0,1,1,64,2,64,32,0,5,8538550,8388608,1,8392243,8388609,0,0,0,49.8706,2097160,2108025,0,0,0.298122,99.9647,0,0,520093696,4194304,268435456,100663296,0,29884416,0,0,1,5,0,15.7649,1024,8320,0,0,32
mtran,4580,4194304,128,1,0,1,1,64,2,64,32,1,7,8390172,8388608,2,8393183,8388609,0,0,0,49.9104,2097184,2104648,0,0,0.303098,99.9424,4194304,0,557858688,4194304,268435456,104857600,8388608,31981568,0,0,1,4,0,18.4786,1024,8320,0,0,32
mtran,5402,2097152,128,1,0,1,1,64,2,64,64,0,6,8686870,8388620,1,8393147,8388609,0,0,0,49.996,2097152,2097488,0,0,0.122399,99.9082,0,0,425721856,6291456,268435456,52428800,0,24510464,0,0,1,3,0,10.4491,1024,16640,0,0,32
mtran,4963,2097152,128,1,0,1,1,64,2,64,64,1,6,8390516,8388684,1,8393723,8388665,0,0,0.000286101,49.9122,2097152,2104531,0,0,0.122292,99.4075,2097152,0,444612480,6291456,268435456,54525952,4194304,25559040,0,0,1,3,0,12.3178,1024,16640,0,0,32
mtran,34596,67108864,256,1,0,1,1,64,4,64,4,0,2,9058892,16777216,1,8392439,16777217,0,0,0,19.9738,8396114,2103424,0,0,0.874546,99.99,0,0,2684354560,67108864,268435456,1140850688,0,148897792,0,0,1,8,0,27.0675,1024,1040,0,0,32
mtran,18757,67108864,256,1,0,1,1,64,4,64,4,1,3,8828994,16774732,1,8392371,16777217,0,0,0,19.9966,8389574,2097992,0,0,0.952361,99.9796,67108864,0,3288366848,67108864,268435456,1207959552,134217728,182452224,0,0,1,4,0,29.869,1024,1040,0,0,32
mtran,18666,33554432,256,1,0,1,1,64,4,64,8,0,2,8686746,8388608,1,8392363,8388609,0,0,0,18.1775,8389982,3147115,0,0,0.928122,99.9798,0,0,1845493760,33554432,268435456,603979776,0,109051904,0,0,1,6,0,25.6592,1024,2080,0,0,32
mtran,10934,33554432,256,1,0,1,1,64,4,64,8,1,3,8686694,8388608,1,8392855,8388609,0,0,0,18.1814,8388673,3145903,0,0,0.972756,99.9694,33554432,0,2147516160,33554432,268435456,637534208,67108864,125829120,0,0,1,4,0,31.5857,1024,2080,0,0,32
mtran,10512,16777216,256,1,0,1,1,64,4,64,16,0,3,8686774,8388608,1,8392687,8388614,0,0,0,32.693,4204705,2209979,0,0,0.887093,99.9681,0,0,1191182336,16777216,268435456,385875968,0,66060288,0,0,1,9,0,32.3064,1024,4160,0,0,32
mtran,6503,16777216,256,1,0,1,1,64,4,64,16,1,5,8686726,8388607,1,8393227,8388609,0,0,0,32.3907,4199431,2275113,0,0,0.931441,99.9662,16777216,0,1342209792,16777216,268435456,419430400,33554432,74973184,0,0,1,7,0,37.0659,1024,4160,0,0,32
mtran,6836,8388608,256,1,0,1,1,64,4,64,32,0,5,8538676,8388608,1,8393771,8388609,0,0,0,48.2146,2098064,2251556,0,0,0.563315,99.9687,0,0,713031680,8388608,268435456,192937984,0,40370176,0,0,1,7,0,26.1868,1024,8320,0,0,32
mtran,4474,8388608,256,1,0,1,1,64,4,64,32,1,7,8390412,8388608,2,8394315,8388609,0,0,0,48.1146,2098090,2260569,0,0,0.585513,99.9411,8388608,0,788561664,8388608,268435456,201326592,16777216,44564480,0,0,1,6,0,29.8994,1024,8320,0,0,32
mtran,5389,4194304,256,1,0,1,1,64,4,64,64,0,6,8538654,8388608,1,8394475,8388609,0,0,0,49.421,2097152,2146292,0,0,0.239635,99.909,0,0,515899392,4194304,268435456,104857600,0,29884416,0,0,1,3,0,14.1414,1024,16640,0,0,32
mtran,3693,4194304,256,1,0,1,1,64,4,64,64,1,8,8673410,8388608,2,8394987,8388609,0,0,0,48.9248,2097152,2189330,0,0,0.239977,99.8306,4194304,0,553680640,4194304,268435456,109051904,8388608,31981568,0,0,1,4,0,19.7667,1024,16640,0,0,32
mtran,18258,67108864,512,1,0,1,1,64,8,64,8,0,2,8686886,8388608,1,8394003,8388609,0,0,0,19.9996,8388640,2097338,0,0,0.925378,99.9802,0,0,2684354560,67108864,268435456,1140850688,0,148897792,0,0,1,4,0,25.07,1024,2080,0,0,32
mtran,10653,67108864,512,1,0,1,1,64,8,64,8,1,3,8686994,8388628,1,8394479,8388629,0,0,0.000119209,19.9991,8388608,2097642,0,0,0.943465,99.9773,67108864,0,3288399360,67108864,268435456,1207959552,134217728,182452224,0,0,1,3,0,42.6872,1024,2080,0,0,32
mtran,10478,33554432,512,1,0,1,1,64,8,64,16,0,3,8394664,8388608,1,8393879,8388609,0,0,0,28.5644,4194337,3147498,0,0,0.929209,99.9719,0,0,1845493760,33554432,268435456,603979776,0,109051904,0,0,1,4,0,29.4151,1024,4160,0,0,32
mtran,6602,33554432,512,1,0,1,1,64,8,64,16,1,5,8390460,8388608,1,8394447,8388609,0,0,0,28.5617,4194304,3148236,0,0,0.952404,99.9688,33554432,0,2147548672,33554432,268435456,637534208,67108864,125829120,0,0,1,3,0,46.5339,1024,4160,0,0,32
mtran,6773,16777216,512,1,0,1,1,64,8,64,32,0,5,8671878,8388608,1,8396283,8388609,0,0,0,45.5368,2098394,2507002,0,0,0.86568,99.9646,0,0,1191182336,16777216,268435456,385875968,0,66060288,0,0,1,7,0,33.1094,1024,8320,0,0,32
mtran,4402,16777216,512,1,0,1,1,64,8,64,32,1,7,8686926,8388608,2,8395703,8388609,0,0,0,43.6598,2098543,2704856,0,0,0.915244,99.9505,16777216,0,1342242304,16777216,268435456,419430400,33554432,74973184,0,0,1,6,0,41.9645,1024,8320,0,0,32
mtran,5612,8388608,512,1,0,1,1,64,8,64,64,0,5,8390536,8388608,1,8397039,8388609,0,0,0,46.0766,2097152,2454295,0,0,0.459356,99.9199,0,0,713031680,8388608,268435456,192937984,0,40370176,0,0,1,5,0,21.6396,1024,16640,0,0,32
mtran,3739,8388608,512,1,0,1,1,64,8,64,64,1,8,8537458,8388608,2,8395271,8388609,0,0,0,45.001,2097152,2563087,0,0,0.467911,99.8265,8388608,0,788594176,8388608,268435456,201326592,16777216,44564480,0,0,1,4,0,28.6105,1024,16640,0,0,32
mtran,10067,67108864,1024,1,0,1,1,64,16,64,16,0,4,8686975,12582934,1,12592296,8388609,0,0,0,33.181,4194304,2126034,0,0,0.925245,99.7353,0,0,2684354560,67108864,268435456,1140850688,0,148897792,0,0,1,2,0,35.703,1024,4160,0,0,32
mtran,8024,67108864,1024,1,0,1,1,64,16,64,16,1,4,8565014,8388618,1,8395279,8388609,0,0,0,33.3286,4194304,2098038,0,0,0.895633,99.9594,67108864,0,3288464384,67108864,268435456,1207959552,134217728,182452224,0,0,1,3,0,54.692,1024,4160,0,0,32
mtran,6778,33554432,1024,1,0,1,1,64,16,64,32,0,5,8390592,8388607,1,8395163,8388609,0,0,0,39.5777,2097152,3201675,0,0,0.921268,99.7218,0,0,1845493760,33554432,268435456,603979776,0,109051904,0,0,1,3,0,38.048,1024,8320,0,0,32
mtran,5523,33554432,1024,1,0,1,1,64,16,64,32,1,6,8687114,8388608,1,8396371,8388609,0,0,0,39.9776,2097152,3148663,0,0,0.927253,99.9547,33554432,0,2147613696,33554432,268435456,637534208,67108864,125829120,0,0,1,3,0,51.776,1024,8320,0,0,32
mtran,5532,16777216,1024,1,0,1,1,64,16,64,64,0,6,8396164,8388606,1,8398711,8388609,0,0,0,42.1074,2097153,2883336,0,0,0.87037,99.8872,0,0,1191182336,16777216,268435456,385875968,0,66060288,0,0,1,5,0,31.7274,1024,16640,0,0,32
mtran,3912,16777216,1024,1,0,1,1,64,16,64,64,1,8,8397020,8388608,2,8395943,8388609,0,0,0,38.6355,2097152,3330894,0,0,0.912586,99.7534,16777216,0,1342307328,16777216,268435456,419430400,33554432,74973184,0,0,1,5,0,45.4763,1024,16640,0,0,32
mtran,22420,67108864,32,1,1,0,0,1,32,1,32,0,2,8686790,11508728,1,8398391,67108865,0,0,0,0,0,0,0,0,0.230447,99.9922,0,0,536870912,67108864,134217728,402653184,0,35651584,0,0,1,4,0,11.8621,1024,0,0,0,6
mtran,64843,67108864,32,1,1,0,0,1,32,1,32,1,2,9565816,67108932,1,8395691,67108865,0,0,0,0,0,0,0,0,0.244105,99.9963,67108864,0,1141112800,67108864,134217728,469762048,134217728,69206016,0,0,1,3,0,9.00342,1024,0,0,0,6
mtran,22106,33554432,32,1,1,0,0,1,32,1,64,0,2,8835038,11965883,1,8398339,67108865,0,0,0,0,0,0,0,0,0.239275,99.984,0,0,872415232,33554432,134217728,369098752,0,58720256,0,0,1,4,0,14.9561,1024,0,0,0,22
mtran,69328,33554432,32,1,1,0,0,1,32,1,64,1,2,9712734,67108884,1,8393603,67108877,0,0,1.58946E-05,0,0,0,0,0,0.247251,99.9958,33554432,0,1174667232,33554432,134217728,402653184,67108864,75497472,0,0,1,4,0,10.0551,1024,0,0,0,22
mtran,11857,67108864,64,1,1,0,0,1,64,1,64,0,3,8399664,11582050,2,8400331,67108865,0,0,0,0,0,0,0,0,0.463729,99.9899,0,0,536870912,67108864,134217728,402653184,0,35651584,0,0,1,7,0,22.4593,1024,0,0,0,6
mtran,65717,67108864,64,1,1,0,0,1,64,1,64,1,2,9575796,67109021,1,8394079,67108865,0,0,0,0,0,0,0,0,0.441913,99.9952,67108864,0,1141374912,67108864,134217728,469762048,134217728,69206016,0,0,1,8,0,19.9876,1024,0,0,0,6
mtran,15894,67108864,32,1,1,0,0,2,16,2,16,0,2,8686690,10199096,1,8397911,33554433,0,0,0,0,0,0,0,0,0.224664,99.9917,0,0,536870912,67108864,134217728,402653184,0,35651584,0,0,1,3,0,11.531,1024,0,0,0,6
mtran,38058,67108864,32,1,1,0,0,2,16,2,16,1,2,8983368,33554552,1,8397447,33554445,0,0,0,0,0,0,0,0,0.239845,99.9935,67108864,0,1140981728,67108864,134217728,469762048,134217728,69206016,0,0,1,2,0,7.57028,1024,0,0,0,6
mtran,15936,33554432,32,1,1,0,0,2,16,2,32,0,3,8686702,10539174,1,8397959,33554433,0,0,0,0,0,0,0,0,0.237728,99.9918,0,0,872415232,33554432,134217728,369098752,0,58720256,0,0,1,3,0,14.816,1024,0,0,0,22
mtran,38219,33554432,32,1,1,0,0,2,16,2,32,1,2,8983036,33554552,1,8396811,33554437,0,0,9.53674E-06,0,0,0,0,0,0.244941,99.994,33554432,0,1174536160,33554432,134217728,402653184,67108864,75497472,0,0,1,2,0,7.66854,1024,0,0,0,22
mtran,9628,16777216,32,1,1,0,0,2,16,2,64,0,4,8686762,10076106,2,8398099,33554433,0,0,0,0,0,0,0,0,0.239808,99.9845,0,0,503316480,16777216,134217728,184549376,0,27787264,0,0,1,5,0,16.381,1024,0,0,0,22
mtran,35801,16777216,32,1,1,0,0,2,16,2,64,1,2,8982824,33554432,1,8394519,33554433,0,0,0,0,0,0,0,0,0.247317,99.9896,16777216,0,654442464,16777216,134217728,201326592,33554432,36175872,0,0,1,5,0,13.1417,1024,0,0,0,22
mtran,8534,67108864,64,1,1,0,0,2,32,2,32,0,4,8537982,10320437,2,8400547,33554481,0,0,9.53673E-05,0,0,0,0,0,0.451067,99.9851,0,0,536870912,67108864,134217728,402653184,0,35651584,0,0,1,6,0,21.5224,1024,0,0,0,6
mtran,35524,67108864,64,1,1,0,0,2,32,2,32,1,2,8982948,33554432,1,8396451,33554433,0,0,0,0,0,0,0,0,0.470822,99.992,67108864,0,1141112768,67108864,134217728,469762048,134217728,69206016,0,0,1,5,0,16.0792,1024,0,0,0,6
mtran,8552,33554432,64,1,1,0,0,2,32,2,64,0,4,8539156,10362212,2,8400523,33554433,0,0,0,0,0,0,0,0,0.474993,99.984,0,0,872415232,33554432,134217728,369098752,0,58720256,0,0,1,6,0,27.6005,1024,0,0,0,22
mtran,36067,33554432,64,1,1,0,0,2,32,2,64,1,2,9097316,33554432,1,8395047,33554433,0,0,0,0,0,0,0,0,0.478491,99.9931,33554432,0,1174667200,33554432,134217728,402653184,67108864,75497472,0,0,1,5,0,16.0513,1024,0,0,0,22
mtran,6177,67108864,128,1,1,0,0,2,64,2,64,0,6,8391692,12574632,2,8403627,33554433,0,0,0,0,0,0,0,0,0.846705,99.9785,0,0,536870912,67108864,134217728,402653184,0,35651584,0,0,1,8,0,29.7887,1024,0,0,0,6
mtran,36664,67108864,128,1,1,0,0,2,64,2,64,1,2,9122458,33554432,1,8395007,33554433,0,0,0,0,0,0,0,0,0.806876,99.9913,67108864,0,1141374848,67108864,134217728,469762048,134217728,69206016,0,0,1,9,0,25.1686,1024,0,0,0,6
mtran,16664,67108864,32,1,1,0,0,4,8,4,8,0,2,8686906,9079944,1,8397011,16777229,0,0,0,0,0,0,0,0,0.226492,99.9928,0,0,536870912,67108864,134217728,402653184,0,35651584,0,0,1,2,0,8.85158,1024,0,0,0,6
mtran,25770,67108864,32,1,1,0,0,4,8,4,8,1,2,8687078,16777216,1,8396751,16777217,0,0,0,0,0,0,0,0,0.234727,99.9935,67108864,0,1140916192,67108864,134217728,469762048,134217728,69206016,0,0,1,2,0,9.51152,1024,0,0,0,6
mtran,16951,33554432,32,1,1,0,0,4,8,4,16,0,2,8686866,9365831,1,8397643,16777221,0,0,0,0,0,0,0,0,0.238546,99.9923,0,0,872415232,33554432,134217728,369098752,0,58720256,0,0,1,2,0,11.8521,1024,0,0,0,22
mtran,26602,33554432,32,1,1,0,0,4,8,4,16,1,2,8983244,16777216,1,8396591,16777217,0,0,0,0,0,0,0,0,0.242742,99.9951,33554432,0,1174470624,33554432,134217728,402653184,67108864,75497472,0,0,1,2,0,9.22291,1024,0,0,0,22
mtran,7085,16777216,32,1,1,0,0,4,8,4,32,0,5,8539078,9276065,2,8399591,16777217,0,0,0,0,0,0,0,0,0.23619,99.9803,0,0,503316480,16777216,134217728,184549376,0,27787264,0,0,1,5,0,17.6198,1024,0,0,0,22
mtran,20759,16777216,32,1,1,0,0,4,8,4,32,1,3,8686546,16777216,1,8395671,16777217,0,0,0,0,0,0,0,0,0.245356,99.9878,16777216,0,654376928,16777216,134217728,201326592,33554432,36175872,0,0,1,4,0,13.3573,1024,0,0,0,22
mtran,6560,8388608,32,1,1,0,0,4,8,4,64,0,5,8526056,9217670,2,8399687,16777217,0,0,0,0,0,0,0,0,0.242602,99.9794,0,0,377487360,16777216,134217728,100663296,0,20447232,0,0,1,5,0,16.7842,1024,0,0,0,22
mtran,21188,8388608,32,1,1,0,0,4,8,4,64,1,3,8686438,16777216,1,8395703,16777217,0,0,0,0,0,0,0,0,0.247693,99.9872,8388608,0,453050336,16777216,134217728,109051904,16777216,24641536,0,0,1,5,0,12.4803,1024,0,0,0,22
mtran,9325,67108864,64,1,1,0,0,4,16,4,16,0,4,8390388,9223280,1,8396883,16777217,0,0,0,0,0,0,0,0,0.455912,99.9873,0,0,536870912,67108864,134217728,402653184,0,35651584,0,0,1,4,0,15.8469,1024,0,0,0,6
mtran,22503,67108864,64,1,1,0,0,4,16,4,16,1,2,8834970,16777215,1,8395719,16777217,0,0,0,0,0,0,0,0,0.477709,99.9909,67108864,0,1140981696,67108864,134217728,469762048,134217728,69206016,0,0,1,3,0,12.7784,1024,0,0,0,6
mtran,9613,33554432,64,1,1,0,0,4,16,4,32,0,4,8686846,9442498,1,8397431,16777217,0,0,0,0,0,0,0,0,0.477561,99.9875,0,0,872415232,33554432,134217728,369098752,0,58720256,0,0,1,4,0,20.6554,1024,0,0,0,22
mtran,22829,33554432,64,1,1,0,0,4,16,4,32,1,2,8834754,16777216,1,8396223,16777217,0,0,0,0,0,0,0,0,0.487848,99.9919,33554432,0,1174536128,33554432,134217728,402653184,67108864,75497472,0,0,1,2,0,12.0584,1024,0,0,0,22
mtran,10405,16777216,64,1,1,0,0,4,16,4,64,0,4,8687322,11809748,1,8398187,16777217,0,0,0,0,0,0,0,0,0.467858,99.988,0,0,503316480,16777216,134217728,184549376,0,27787264,0,0,1,8,0,23.1393,1024,0,0,0,22
mtran,24050,16777216,64,1,1,0,0,4,16,4,64,1,2,8834720,16777216,1,8395083,16777217,0,0,0,0,0,0,0,0,0.468286,99.9888,16777216,0,654442432,16777216,134217728,201326592,33554432,36175872,0,0,1,9,0,24.0731,1024,0,0,0,22
mtran,7097,67108864,128,1,1,0,0,4,32,4,32,0,5,8466616,10271525,2,8401711,16777217,0,0,0,0,0,0,0,0,0.896954,99.9804,0,0,536870912,67108864,134217728,402653184,0,35651584,0,0,1,6,0,23.8381,1024,0,0,0,6
mtran,22192,67108864,128,1,1,0,0,4,32,4,32,1,2,8686630,16777215,1,8395767,16777217,0,0,0,0,0,0,0,0,0.886958,99.9874,67108864,0,1141112704,67108864,134217728,469762048,134217728,69206016,0,0,1,8,0,25.507,1024,0,0,0,6
mtran,8390,33554432,128,1,1,0,0,4,32,4,64,0,4,8539750,10777996,1,8402087,16777217,0,0,0,0,0,0,0,0,0.931588,99.9852,0,0,872415232,33554432,134217728,369098752,0,58720256,0,0,1,6,0,28.1444,1024,0,0,0,22
mtran,23703,33554432,128,1,1,0,0,4,32,4,64,1,2,8834762,16777216,1,8396363,16777217,0,0,0,0,0,0,0,0,0.909472,99.9899,33554432,0,1174667136,33554432,134217728,402653184,67108864,75497472,0,0,1,8,0,25.9006,1024,0,0,0,22
mtran,6137,67108864,256,1,1,0,0,4,64,4,64,0,5,8392132,9891435,2,8405163,16777217,0,0,0,0,0,0,0,0,0.839843,99.9787,0,0,536870912,67108864,134217728,402653184,0,35651584,0,0,1,6,0,26.2157,1024,0,0,0,6
mtran,21418,67108864,256,1,1,0,0,4,64,4,64,1,2,8686594,16777216,1,8396099,16777217,0,0,0,0,0,0,0,0,0.836891,99.9889,67108864,0,1141374720,67108864,134217728,469762048,134217728,69206016,0,0,1,7,0,23.771,1024,0,0,0,6
mtran,31207,67108864,32,1,1,0,0,8,4,8,4,0,2,17362136,8388608,1,16782151,8388609,0,0,0,0,0,0,0,0,0.237671,99.996,0,0,536870912,67108864,134217728,402653184,0,35651584,0,0,1,1,0,4.7307,1024,0,0,0,6
mtran,24565,67108864,32,1,1,0,0,8,4,8,4,1,2,17218964,8388608,1,16782995,8388609,0,0,0,0,0,0,0,0,0.234117,99.9942,67108864,0,1140883424,67108864,134217728,469762048,134217728,69206016,0,0,1,2,0,9.9006,1024,0,0,0,6
mtran,27511,33554432,32,1,1,0,0,8,4,8,8,0,2,13026195,8388608,1,16782847,8388609,0,0,0,0,0,0,0,0,0.243031,99.9955,0,0,872415232,33554432,134217728,369098752,0,58720256,0,0,1,2,0,7.28663,1024,0,0,0,22
mtran,17333,33554432,32,1,1,0,0,8,4,8,8,1,2,8775336,8388608,1,16783991,8388609,0,0,0,0,0,0,0,0,0.23886,99.9918,33554432,0,1174437856,33554432,134217728,402653184,67108864,75497472,0,0,1,2,0,14.1116,1024,0,0,0,22
mtran,14187,16777216,32,1,1,0,0,8,4,8,16,0,3,8831269,8388608,1,16783779,8388609,0,0,0,0,0,0,0,0,0.243217,99.9912,0,0,503316480,16777216,134217728,184549376,0,27787264,0,0,1,5,0,15.2093,1024,0,0,0,22
mtran,15654,16777216,32,1,1,0,0,8,4,8,16,1,2,8687363,8388608,1,16783231,8388609,0,0,0,0,0,0,0,0,0.243871,99.9892,16777216,0,654344160,16777216,134217728,201326592,33554432,36175872,0,0,1,5,0,15.6487,1024,0,0,0,22
mtran,14582,8388608,32,1,1,0,0,8,4,8,32,0,2,8885876,8388617,1,16783523,8388609,0,0,0,0,0,0,0,0,0.246706,99.9903,0,0,377487360,16777216,134217728,100663296,0,20447232,0,0,1,5,0,14.0662,1024,0,0,0,22
mtran,16084,8388608,32,1,1,0,0,8,4,8,32,1,2,8656114,8388608,1,16783579,8388609,0,0,0,0,0,0,0,0,0.246978,99.9888,8388608,0,453017568,16777216,134217728,109051904,16777216,24641536,0,0,1,5,0,14.3238,1024,0,0,0,22
mtran,14179,4194304,32,1,1,0,0,8,4,8,64,0,2,8566375,8388608,1,16783327,8388609,0,0,0,0,0,0,0,0,0.248273,99.987,0,0,306184192,16777216,134217728,58720256,0,16515072,0,0,1,5,0,13.7646,1024,0,0,0,22
mtran,16378,4194304,32,1,1,0,0,8,4,8,64,1,2,8649506,8388610,1,16782975,8388609,0,0,0,0,0,0,0,0,0.248476,99.985,4194304,0,343965664,16777216,134217728,62914560,8388608,18612224,0,0,1,5,0,13.0626,1024,0,0,0,22
mtran,16626,67108864,64,1,1,0,0,8,8,8,8,0,2,8686960,8388608,1,16783475,8388609,0,0,0,0,0,0,0,0,0.468667,99.993,0,0,536870912,67108864,134217728,402653184,0,35651584,0,0,1,3,0,11.1472,1024,0,0,0,6
mtran,17195,67108864,64,1,1,0,0,8,8,8,8,1,2,8688462,8388608,1,16783103,8388609,0,0,0,0,0,0,0,0,0.474771,99.99,67108864,0,1140916160,67108864,134217728,469762048,134217728,69206016,0,0,1,3,0,14.7414,1024,0,0,0,6
mtran,16830,33554432,64,1,1,0,0,8,8,8,16,0,2,8689032,8388608,1,16784539,8388609,0,0,0,0,0,0,0,0,0.483433,99.9929,0,0,872415232,33554432,134217728,369098752,0,58720256,0,0,1,3,0,14.2568,1024,0,0,0,22
mtran,17445,33554432,64,1,1,0,0,8,8,8,16,1,2,8687712,8388608,1,16783839,8388609,0,0,0,0,0,0,0,0,0.486656,99.9913,33554432,0,1174470592,33554432,134217728,402653184,67108864,75497472,0,0,1,3,0,14.8568,1024,0,0,0,22
mtran,13950,16777216,64,1,1,0,0,8,8,8,32,0,3,10024278,8388608,1,16784111,8388609,0,0,0,0,0,0,0,0,0.440416,99.9876,0,0,503316480,16777216,134217728,184549376,0,27787264,0,0,1,6,0,15.9781,1024,0,0,0,22
mtran,15088,16777216,64,1,1,0,0,8,8,8,32,1,2,8738510,8388608,1,16782255,8388609,0,0,0,0,0,0,0,0,0.447958,99.9879,16777216,0,654376896,16777216,134217728,201326592,33554432,36175872,0,0,1,6,0,17.6667,1024,0,0,0,22
mtran,14103,8388608,64,1,1,0,0,8,8,8,64,0,3,9071881,8388608,1,16783451,8388609,0,0,0,0,0,0,0,0,0.455784,99.9861,0,0,377487360,16777216,134217728,100663296,0,20447232,0,0,1,6,0,15.2798,1024,0,0,0,22
mtran,15461,8388608,64,1,1,0,0,8,8,8,64,1,2,8935201,8388608,1,16781859,8388609,0,0,0,0,0,0,0,0,0.456346,99.9846,8388608,0,453050304,16777216,134217728,109051904,16777216,24641536,0,0,1,6,0,15.5203,1024,0,0,0,22
mtran,12126,67108864,128,1,1,0,0,8,16,8,16,0,3,8676416,8388608,1,16783191,8388609,0,0,0,0,0,0,0,0,0.9114,99.9901,0,0,536870912,67108864,134217728,402653184,0,35651584,0,0,1,6,0,19.9615,1024,0,0,0,6
mtran,15224,67108864,128,1,1,0,0,8,16,8,16,1,2,8673176,8388607,1,16783131,8388609,0,0,0,0,0,0,0,0,0.92773,99.9898,67108864,0,1140981632,67108864,134217728,469762048,134217728,69206016,0,0,1,6,0,23.4548,1024,0,0,0,6
mtran,12977,33554432,128,1,1,0,0,8,16,8,32,0,3,8690800,8388608,1,16782999,8388609,0,0,0,0,0,0,0,0,0.950658,99.9905,0,0,872415232,33554432,134217728,369098752,0,58720256,0,0,1,6,0,23.0793,1024,0,0,0,22
mtran,15944,33554432,128,1,1,0,0,8,16,8,32,1,2,8686756,8388608,1,16783183,8388609,0,0,0,0,0,0,0,0,0.948396,99.989,33554432,0,1174536064,33554432,134217728,402653184,67108864,75497472,0,0,1,6,0,23.5376,1024,0,0,0,22
mtran,17118,16777216,128,1,1,0,0,8,16,8,64,0,2,9820030,8388608,1,16782531,8388609,0,0,0,0,0,0,0,0,0.802597,99.9904,0,0,503316480,16777216,134217728,184549376,0,27787264,0,0,1,5,0,15.2211,1024,0,0,0,22
mtran,16575,16777216,128,1,1,0,0,8,16,8,64,1,2,9123952,8388608,1,16782023,8388609,0,0,0,0,0,0,0,0,0.805793,99.9827,16777216,0,654442368,16777216,134217728,201326592,33554432,36175872,0,0,1,6,0,16.8629,1024,0,0,0,22
mtran,8973,67108864,256,1,1,0,0,8,32,8,32,0,4,8529622,8388608,1,16789635,8388609,0,0,0,0,0,0,0,0,0.846906,99.9866,0,0,536870912,67108864,134217728,402653184,0,35651584,0,0,1,6,0,22.65,1024,0,0,0,6
mtran,13492,67108864,256,1,1,0,0,8,32,8,32,1,3,8538587,8388608,1,16784391,8388609,0,0,0,0,0,0,0,0,0.89144,99.9877,67108864,0,1141112576,67108864,134217728,469762048,134217728,69206016,0,0,1,6,0,25.0584,1024,0,0,0,6
mtran,10027,33554432,256,1,1,0,0,8,32,8,64,0,3,8687915,8388608,1,16787887,8388609,0,0,0,0,0,0,0,0,0.905182,99.9877,0,0,872415232,33554432,134217728,369098752,0,58720256,0,0,1,7,0,26.9374,1024,0,0,0,22
mtran,14144,33554432,256,1,1,0,0,8,32,8,64,1,3,8686634,8388608,1,16783975,8388609,0,0,0,0,0,0,0,0,0.920035,99.9829,33554432,0,1174667008,33554432,134217728,402653184,67108864,75497472,0,0,1,6,0,24.5144,1024,0,0,0,22
mtran,7588,67108864,512,1,1,0,0,8,64,8,64,0,4,8562112,8388615,1,16790375,8388609,0,0,0,0,0,0,0,0,0.816181,99.9755,0,0,536870912,67108864,134217728,402653184,0,35651584,0,0,1,6,0,23.0157,1024,0,0,0,6
mtran,12909,67108864,512,1,1,0,0,8,64,8,64,1,3,8686803,8388608,1,16784511,8388609,0,0,0,0,0,0,0,0,0.767818,99.9846,67108864,0,1141374464,67108864,134217728,469762048,134217728,69206016,0,0,1,5,0,23.7076,1024,0,0,0,6
mtran,60025,67108864,32,1,1,0,0,16,2,16,2,0,2,34741460,8388608,1,33557375,8388609,0,0,0,0,0,0,0,0,0.243637,99.998,0,0,536870912,67108864,134217728,402653184,0,35651584,0,0,1,2,0,4.41517,1024,0,0,0,6
mtran,34677,67108864,32,1,1,0,0,16,2,16,2,1,3,34148930,8388607,1,33557463,8388609,0,0,0,0,0,0,0,0,0.238808,99.9962,67108864,0,1140867040,67108864,134217728,469762048,134217728,69206016,0,0,1,2,0,8.62644,1024,0,0,0,6
mtran,58806,33554432,32,1,1,0,0,16,2,16,4,0,2,34378057,8388608,1,33557659,8388609,0,0,0,0,0,0,0,0,0.246754,99.998,0,0,905969664,33554432,134217728,335544320,0,58720256,0,0,1,2,0,5.46883,1024,0,0,0,22
mtran,26725,33554432,32,1,1,0,0,16,2,16,4,1,2,19438580,8388608,1,33558343,8388609,0,0,0,0,0,0,0,0,0.242773,99.995,33554432,0,1207975904,33554432,134217728,369098752,67108864,75497472,0,0,1,2,0,10.6642,1024,0,0,0,22
mtran,26807,16777216,32,1,1,0,0,16,2,16,8,0,2,13743136,8388608,1,33558351,8388609,0,0,0,0,0,0,0,0,0.246434,99.995,0,0,520093696,16777216,134217728,167772160,0,27787264,0,0,1,5,0,13.2845,1024,0,0,0,22
mtran,13264,16777216,32,1,1,0,0,16,2,16,8,1,3,8696495,8388610,1,33559331,8388609,0,0,0,0,0,0,0,0,0.242758,99.9875,16777216,0,671104992,16777216,134217728,184549376,33554432,36175872,0,0,1,6,0,18.7754,1024,0,0,0,22
mtran,25999,8388608,32,1,1,0,0,16,2,16,16,0,2,13355416,8388608,1,33558483,8388609,0,0,0,0,0,0,0,0,0.248143,99.9932,0,0,385875968,16777216,134217728,92274688,0,20447232,0,0,1,5,0,12.8802,1024,0,0,0,22
mtran,13517,8388608,32,1,1,0,0,16,2,16,16,1,3,8899203,8388608,1,33559475,8388609,0,0,0,0,0,0,0,0,0.246438,99.9856,8388608,0,461389792,16777216,134217728,100663296,16777216,24641536,0,0,1,6,0,17.1248,1024,0,0,0,22
mtran,25463,4194304,32,1,1,0,0,16,2,16,32,0,2,13099096,8388614,1,33558515,8388609,0,0,0,0,0,0,0,0,0.249028,99.9893,0,0,310378496,16777216,134217728,54525952,0,16515072,0,0,1,5,0,12.6606,1024,0,0,0,22
mtran,14176,4194304,32,1,1,0,0,16,2,16,32,1,3,8939746,8388608,1,33559059,8388609,0,0,0,0,0,0,0,0,0.248262,99.9872,4194304,0,348143584,16777216,134217728,58720256,8388608,18612224,0,0,1,6,0,15.9432,1024,0,0,0,22
mtran,22674,2097152,32,1,1,0,0,16,2,16,64,0,2,11354646,12582922,1,50338195,8388609,0,0,0,0,0,0,0,0,0.249402,99.9904,0,0,272629760,16777216,134217728,35651584,0,14548992,0,0,1,5,0,13.1032,1024,0,0,0,22
mtran,13856,2097152,32,1,1,0,0,16,2,16,64,1,3,8799627,8388608,1,33558735,8388609,0,0,0,0,0,0,0,0,0.249029,99.9778,2097152,0,291520480,16777216,134217728,37748736,4194304,15597568,0,0,1,6,0,15.6479,1024,0,0,0,22
mtran,32251,67108864,64,1,1,0,0,16,4,16,4,0,2,17446948,8388608,1,33557739,8388609,0,0,0,0,0,0,0,0,0.478013,99.9962,0,0,536870912,67108864,134217728,402653184,0,35651584,0,0,1,5,0,12.4311,1024,0,0,0,6
mtran,20320,67108864,64,1,1,0,0,16,4,16,4,1,3,17075596,8388608,1,33558623,8388609,0,0,0,0,0,0,0,0,0.470427,99.9927,67108864,0,1140883392,67108864,134217728,469762048,134217728,69206016,0,0,1,5,0,19.2724,1024,0,0,0,6
mtran,32147,33554432,64,1,1,0,0,16,4,16,8,0,2,17320848,8388608,1,33557947,8388609,0,0,0,0,0,0,0,0,0.487522,99.9957,0,0,872415232,33554432,134217728,369098752,0,58720256,0,0,1,5,0,14.1255,1024,0,0,0,22
mtran,15461,33554432,64,1,1,0,0,16,4,16,8,1,2,9596476,8388608,1,33559007,8388609,0,0,0,0,0,0,0,0,0.479029,99.9883,33554432,0,1174437824,33554432,134217728,402653184,67108864,75497472,0,0,1,5,0,21.942,1024,0,0,0,22
mtran,25724,16777216,64,1,1,0,0,16,4,16,16,0,2,14742142,8388608,1,33557607,8388609,0,0,0,0,0,0,0,0,0.42712,99.9949,0,0,503316480,16777216,134217728,184549376,0,27787264,0,0,1,5,0,13.643,1024,0,0,0,22
mtran,13185,16777216,64,1,1,0,0,16,4,16,16,1,3,8837716,8388607,1,33559107,8388609,0,0,0,0,0,0,0,0,0.445819,99.9841,16777216,0,654344128,16777216,134217728,201326592,33554432,36175872,0,0,1,6,0,20.3388,1024,0,0,0,22
mtran,28611,8388608,64,1,1,0,0,16,4,16,32,0,2,16264946,8388608,1,33557459,8388609,0,0,0,0,0,0,0,0,0.441152,99.9934,0,0,377487360,16777216,134217728,100663296,0,20447232,0,0,1,5,0,12.0932,1024,0,0,0,22
mtran,14233,8388608,64,1,1,0,0,16,4,16,32,1,3,9202081,8388608,1,33558459,8388609,0,0,0,0,0,0,0,0,0.457212,99.9748,8388608,0,453017536,16777216,134217728,109051904,16777216,24641536,0,0,1,6,0,17.8365,1024,0,0,0,22
mtran,28963,4194304,64,1,1,0,0,16,4,16,64,0,2,15892956,8388608,1,33557287,8388609,0,0,0,0,0,0,0,0,0.455615,99.9924,0,0,306184192,16777216,134217728,58720256,0,16515072,0,0,1,5,0,11.6278,1024,0,0,0,22
mtran,14750,4194304,64,1,1,0,0,16,4,16,64,1,3,9677655,8388608,1,33557951,8388609,0,0,0,0,0,0,0,0,0.466602,99.9734,4194304,0,343965632,16777216,134217728,62914560,8388608,18612224,0,0,1,6,0,16.5395,1024,0,0,0,22
mtran,18383,67108864,128,1,1,0,0,16,8,16,8,0,2,8926857,8388608,1,33558439,8388609,0,0,0,0,0,0,0,0,0.911689,99.9931,0,0,536870912,67108864,134217728,402653184,0,35651584,0,0,1,6,0,18.6953,1024,0,0,0,6
mtran,13223,67108864,128,1,1,0,0,16,8,16,8,1,3,8679059,8388606,1,33559075,8388609,0,0,0,0,0,0,0,0,0.888105,99.9896,67108864,0,1140916096,67108864,134217728,469762048,134217728,69206016,0,0,1,7,0,27.7129,1024,0,0,0,6
mtran,20111,33554432,128,1,1,0,0,16,8,16,16,0,2,9846560,8388617,1,33558339,8388609,0,0,0,0,0,0,0,0,0.937686,99.9901,0,0,872415232,33554432,134217728,369098752,0,58720256,0,0,1,6,0,20.3085,1024,0,0,0,22
mtran,13311,33554432,128,1,1,0,0,16,8,16,16,1,3,8603722,8388608,1,33558843,8388609,0,0,0,0,0,0,0,0,0.908801,99.9886,33554432,0,1174470528,33554432,134217728,402653184,67108864,75497472,0,0,1,7,0,27.6862,1024,0,0,0,22
mtran,28850,16777216,128,1,1,0,0,16,8,16,32,0,2,16945188,8388608,1,33557771,8388609,0,0,0,0,0,0,0,0,0.810115,99.9919,0,0,503316480,16777216,134217728,184549376,0,27787264,0,0,1,5,0,12.655,1024,0,0,0,22
mtran,13379,16777216,128,1,1,0,0,16,8,16,32,1,3,9047973,8388608,1,33558211,8388609,0,0,0,0,0,0,0,0,0.816308,99.9708,16777216,0,654376832,16777216,134217728,201326592,33554432,36175872,0,0,1,6,0,19.9284,1024,0,0,0,22
mtran,32429,8388608,128,1,1,0,0,16,8,16,64,0,2,17665788,8388608,1,33557371,8388609,0,0,0,0,0,0,0,0,0.853853,99.9914,0,0,377487360,16777216,134217728,100663296,0,20447232,0,0,1,5,0,11.1156,1024,0,0,0,22
mtran,14941,8388608,128,1,1,0,0,16,8,16,64,1,3,10415893,8388608,1,33557363,8388609,0,0,0,0,0,0,0,0,0.83733,99.9795,8388608,0,453050240,16777216,134217728,109051904,16777216,24641536,0,0,1,6,0,17.5883,1024,0,0,0,22
mtran,14182,67108864,256,1,1,0,0,16,16,16,16,0,3,8763962,8388608,1,33559355,8388609,0,0,0,0,0,0,0,0,0.845749,99.9903,0,0,536870912,67108864,134217728,402653184,0,35651584,0,0,1,6,0,19.8298,1024,0,0,0,6
mtran,11465,67108864,256,1,1,0,0,16,16,16,16,1,3,8390554,8388608,2,33559931,8388609,0,0,0,0,0,0,0,0,0.854643,99.9838,67108864,0,1140981504,67108864,134217728,469762048,134217728,69206016,0,0,1,6,0,29.2947,1024,0,0,0,6
mtran,15340,33554432,256,1,1,0,0,16,16,16,32,0,2,8939740,8388608,1,33558767,8388609,0,0,0,0,0,0,0,0,0.893432,99.9892,0,0,872415232,33554432,134217728,369098752,0,58720256,0,0,1,7,0,23.1149,1024,0,0,0,22
mtran,11796,33554432,256,1,1,0,0,16,16,16,32,1,3,8403373,8388608,2,33559667,8388609,0,0,0,0,0,0,0,0,0.881303,99.9857,33554432,0,1174535936,33554432,134217728,402653184,67108864,75497472,0,0,1,7,0,29.0337,1024,0,0,0,22
mtran,18549,16777216,256,1,1,0,0,16,16,16,64,0,2,10250795,8388608,1,33558479,8388609,0,0,0,0,0,0,0,0,0.793595,99.9855,0,0,503316480,16777216,134217728,184549376,0,27787264,0,0,1,6,0,16.3844,1024,0,0,0,22
mtran,11979,16777216,256,1,1,0,0,16,16,16,64,1,3,8788944,8388608,1,33558587,8388609,0,0,0,0,0,0,0,0,0.823935,99.9754,16777216,0,654442240,16777216,134217728,201326592,33554432,36175872,0,0,1,6,0,20.4815,1024,0,0,0,22
mtran,12587,67108864,512,1,1,0,0,16,32,16,32,0,3,8678033,8388608,1,33562143,8388609,0,0,0,0,0,0,0,0,0.888319,99.9612,0,0,536870912,67108864,134217728,402653184,0,35651584,0,0,1,5,0,17.6668,1024,0,0,0,6
mtran,10719,67108864,512,1,1,0,0,16,32,16,32,1,3,8390564,8388608,2,33561019,8388609,0,0,0,0,0,0,0,0,0.815121,99.9833,67108864,0,1141112320,67108864,134217728,469762048,134217728,69206016,0,0,1,6,0,29.2053,1024,0,0,0,6
mtran,12255,33554432,512,1,1,0,0,16,32,16,64,0,3,8687491,8388608,1,33561779,8388609,0,0,0,0,0,0,0,0,0.859305,99.9837,0,0,872415232,33554432,134217728,369098752,0,58720256,0,0,1,6,0,24.5113,1024,0,0,0,22
mtran,10900,33554432,512,1,1,0,0,16,32,16,64,1,3,8527705,8388608,2,33560743,8388609,0,0,0,0,0,0,0,0,0.843739,99.9852,33554432,0,1174666752,33554432,134217728,402653184,67108864,75497472,0,0,1,6,0,29.9255,1024,0,0,0,22
mtran,12668,67108864,1024,1,1,0,0,16,64,16,64,0,3,8639154,8388608,1,33563239,8388609,0,0,0,0,0,0,0,0,0.879161,98.8018,0,0,536870912,67108864,134217728,402653184,0,35651584,0,0,1,5,0,16.9294,1024,0,0,0,6
mtran,12803,67108864,1024,1,1,0,0,16,64,16,64,1,3,8553138,8388608,1,33560743,8388609,0,0,0,0,0,0,0,0,0.827938,99.2754,67108864,0,1141373952,67108864,134217728,469762048,134217728,69206016,0,0,1,5,0,23.9631,1024,0,0,0,6
mtran,117134,67108864,32,1,1,0,0,32,1,32,1,0,2,69185242,8388608,1,67110863,8388609,0,0,0,0,0,0,0,0,0.246741,99.9989,0,0,536870912,67108864,134217728,402653184,0,35651584,0,0,1,3,0,6.66108,1024,0,0,0,6
mtran,74513,67108864,32,1,1,0,0,32,1,32,1,1,2,65742846,8388608,1,67110999,8388609,0,0,0,0,0,0,0,0,0.24484,99.9982,67108864,0,1140858848,67108864,134217728,469762048,134217728,69206016,0,0,1,3,0,8.57518,1024,0,0,0,6
mtran,118029,33554432,32,1,1,0,0,32,1,32,2,0,2,69145391,8388608,1,67110875,8388609,0,0,0,0,0,0,0,0,0.248381,99.9988,0,0,838860800,33554432,134217728,335544320,0,56623104,0,0,1,3,0,6.98163,1024,0,0,0,22
mtran,57526,33554432,32,1,1,0,0,32,1,32,2,1,2,49799524,8388607,1,67111235,8388609,0,0,0,0,0,0,0,0,0.246677,99.9964,33554432,0,1140858848,33554432,134217728,369098752,67108864,73400320,0,0,1,3,0,8.86209,1024,0,0,0,22
mtran,53318,16777216,32,1,1,0,0,32,1,32,4,0,2,28742331,8388608,1,67110895,8388609,0,0,0,0,0,0,0,0,0.248201,99.9961,0,0,486539264,16777216,134217728,167772160,0,26738688,0,0,1,5,0,12.1735,1024,0,0,0,22
mtran,28552,16777216,32,1,1,0,0,32,1,32,4,1,2,22924156,8388608,1,67111743,8388609,0,0,0,0,0,0,0,0,0.246639,99.9928,16777216,0,637542368,16777216,134217728,184549376,33554432,35127296,0,0,1,6,0,15.7414,1024,0,0,0,22
mtran,53190,8388608,32,1,1,0,0,32,1,32,8,0,2,28425105,8388608,1,67111047,8388609,0,0,0,0,0,0,0,0,0.249085,99.9964,0,0,369098752,16777216,134217728,92274688,0,19922944,0,0,1,5,0,11.7229,1024,0,0,0,22
mtran,27907,8388608,32,1,1,0,0,32,1,32,8,1,2,17983330,8388608,1,67112359,8388609,0,0,0,0,0,0,0,0,0.248269,99.9868,8388608,0,444604384,16777216,134217728,100663296,16777216,24117248,0,0,1,6,0,14.6506,1024,0,0,0,22
mtran,52511,4194304,32,1,1,0,0,32,1,32,16,0,2,28224076,8388608,1,67111051,8388609,0,0,0,0,0,0,0,0,0.24951,99.9938,0,0,301989888,16777216,134217728,54525952,0,16252928,0,0,1,5,0,11.6321,1024,0,0,0,22
mtran,27945,4194304,32,1,1,0,0,32,1,32,16,1,2,20280056,8388608,1,67112075,8388609,0,0,0,0,0,0,0,0,0.249103,99.9899,4194304,0,339746784,16777216,134217728,58720256,8388608,18350080,0,0,1,6,0,14.2766,1024,0,0,0,22
mtran,51457,2097152,32,1,1,0,0,32,1,32,32,0,2,28001042,8388608,1,67111119,8388609,0,0,0,0,0,0,0,0,0.249689,99.9875,0,0,268435456,16777216,134217728,35651584,0,14417920,0,0,1,5,0,11.6914,1024,0,0,0,22
mtran,28254,2097152,32,1,1,0,0,32,1,32,32,1,2,19960905,8388608,1,67112271,8388609,0,0,0,0,0,0,0,0,0.249497,99.983,2097152,0,287317984,16777216,134217728,37748736,4194304,15466496,0,0,1,6,0,13.9496,1024,0,0,0,22
mtran,47845,1048576,32,1,1,0,0,32,1,32,64,0,2,26991420,8388608,1,67111103,8388609,0,0,0,0,0,0,0,0,0.249701,99.9785,0,0,251658240,16777216,134217728,26214400,0,13500416,0,0,1,5,0,11.9817,1024,0,0,0,22
mtran,29629,1048576,32,1,1,0,0,32,1,32,64,1,2,21477388,8388608,1,67111711,8388609,0,0,0,0,0,0,0,0,0.249649,99.9517,1048576,0,261103584,16777216,134217728,27262976,2097152,14024704,0,0,1,6,0,14.0047,1024,0,0,0,22
mtran,62501,67108864,64,1,1,0,0,32,2,32,2,0,2,35293615,8388608,1,67110531,8388609,0,0,0,0,0,0,0,0,0.487222,99.9981,0,0,536870912,67108864,134217728,402653184,0,35651584,0,0,1,5,0,11.5176,1024,0,0,0,6
mtran,33217,67108864,64,1,1,0,0,32,2,32,2,1,3,34174555,8388608,1,67111039,8388609,0,0,0,0,0,0,0,0,0.474223,99.9959,67108864,0,1140867008,67108864,134217728,469762048,134217728,69206016,0,0,1,6,0,19.5998,1024,0,0,0,6
mtran,64480,33554432,64,1,1,0,0,32,2,32,4,0,2,35854552,8388608,1,67110607,8388609,0,0,0,0,0,0,0,0,0.492382,99.9974,0,0,905969664,33554432,134217728,335544320,0,58720256,0,0,1,5,0,12.0076,1024,0,0,0,22
mtran,30999,33554432,64,1,1,0,0,32,2,32,4,1,2,24696241,8388608,1,67111363,8388609,0,0,0,0,0,0,0,0,0.483329,99.9947,33554432,0,1207975872,33554432,134217728,369098752,67108864,75497472,0,0,1,6,0,18.542,1024,0,0,0,22
mtran,45389,16777216,64,1,1,0,0,32,2,32,8,0,2,23576608,8388608,1,67111679,8388614,0,0,0,0,0,0,0,0,0.424741,99.9928,0,0,520093696,16777216,134217728,167772160,0,27787264,0,0,1,5,0,13.4341,1024,0,0,0,22
mtran,20744,16777216,64,1,1,0,0,32,2,32,8,1,2,13860375,8388608,2,67112531,8388609,0,0,0,0,0,0,0,0,0.443672,99.9873,16777216,0,671104960,16777216,134217728,184549376,33554432,36175872,0,0,1,6,0,17.1079,1024,0,0,0,22
mtran,49646,8388608,64,1,1,0,0,32,2,32,16,0,2,26396542,8388608,1,67111715,8388609,0,0,0,0,0,0,0,0,0.440135,99.9931,0,0,385875968,16777216,134217728,92274688,0,20447232,0,0,1,5,0,12.3428,1024,0,0,0,22
mtran,23542,8388608,64,1,1,0,0,32,2,32,16,1,2,16965224,8388608,1,67112407,8388609,0,0,0,0,0,0,0,0,0.454414,99.9868,8388608,0,461389760,16777216,134217728,100663296,16777216,24641536,0,0,1,6,0,15.9006,1024,0,0,0,22
mtran,52996,4194304,64,1,1,0,0,32,2,32,32,0,2,28833383,8388608,1,67111891,8388609,0,0,0,0,0,0,0,0,0.453965,99.9923,0,0,310378496,16777216,134217728,54525952,0,16515072,0,0,1,5,0,11.6136,1024,0,0,0,22
mtran,25361,4194304,64,1,1,0,0,32,2,32,32,1,2,18605007,8388608,1,67112067,8388609,0,0,0,0,0,0,0,0,0.463306,99.9825,4194304,0,348143552,16777216,134217728,58720256,8388608,18612224,0,0,1,6,0,15.1507,1024,0,0,0,22
mtran,51241,2097152,64,1,1,0,0,32,2,32,64,0,2,28780105,8388608,1,67112119,8388614,0,0,0,0,0,0,0,0,0.466448,99.9792,0,0,272629760,16777216,134217728,35651584,0,14548992,0,0,1,5,0,11.5995,1024,0,0,0,22
mtran,29270,2097152,64,1,1,0,0,32,2,32,64,1,2,22623248,8388608,1,67111983,8388609,0,0,0,0,0,0,0,0,0.47028,99.9646,2097152,0,291520448,16777216,134217728,37748736,4194304,15597568,0,0,1,6,0,14.853,1024,0,0,0,22
mtran,36325,67108864,128,1,1,0,0,32,4,32,4,0,2,18893173,8388608,1,67111051,8388609,0,0,0,0,0,0,0,0,0.943791,99.9965,0,0,536870912,67108864,134217728,402653184,0,35651584,0,0,1,6,0,16.5992,1024,0,0,0,6
mtran,19752,67108864,128,1,1,0,0,32,4,32,4,1,3,17447363,8388610,2,67111543,8388609,0,0,0,0,0,0,0,0,0.868436,99.9913,67108864,0,1140883328,67108864,134217728,469762048,134217728,69206016,0,0,1,6,0,22.5013,1024,0,0,0,6
mtran,40031,33554432,128,1,1,0,0,32,4,32,8,0,2,20592196,8388608,1,67111095,8388609,0,0,0,0,0,0,0,0,0.961498,99.9948,0,0,872415232,33554432,134217728,369098752,0,58720256,0,0,1,6,0,16.8349,1024,0,0,0,22
mtran,17702,33554432,128,1,1,0,0,32,4,32,8,1,2,11051014,8388608,2,67111767,8388609,0,0,0,0,0,0,0,0,0.839303,99.9882,33554432,0,1174437760,33554432,134217728,402653184,67108864,75497472,0,0,1,6,0,22.5875,1024,0,0,0,22
mtran,57408,16777216,128,1,1,0,0,32,4,32,16,0,2,31319926,8388608,1,67111295,8388609,0,0,0,0,0,0,0,0,0.813455,99.9942,0,0,503316480,16777216,134217728,184549376,0,27787264,0,0,1,5,0,11.5753,1024,0,0,0,22
mtran,18687,16777216,128,1,1,0,0,32,4,32,16,1,2,12218817,8388608,2,67112199,8388609,0,0,0,0,0,0,0,0,0.805234,99.9869,16777216,0,654344064,16777216,134217728,201326592,33554432,36175872,0,0,1,6,0,17.2332,1024,0,0,0,22
mtran,70249,8388608,128,1,1,0,0,32,4,32,32,0,2,39234829,8388608,1,67111035,8388609,0,0,0,0,0,0,0,0,0.866167,99.9905,0,0,377487360,16777216,134217728,100663296,0,20447232,0,0,1,4,0,9.73237,1024,0,0,0,22
mtran,20834,8388608,128,1,1,0,0,32,4,32,32,1,2,13920180,8388608,2,67112031,8388609,0,0,0,0,0,0,0,0,0.808769,99.9707,8388608,0,453017472,16777216,134217728,109051904,16777216,24641536,0,0,1,6,0,15.5083,1024,0,0,0,22
mtran,70220,4194304,128,1,1,0,0,32,4,32,64,0,2,39245247,12582934,1,100666572,8388609,0,0,0,0,0,0,0,0,0.906995,99.9852,0,0,306184192,16777216,134217728,58720256,0,16515072,0,0,1,4,0,9.34048,1024,0,0,0,22
mtran,32257,4194304,128,1,1,0,0,32,4,32,64,1,2,24269124,8388608,1,67111199,8388609,0,0,0,0,0,0,0,0,0.868365,99.9706,4194304,0,343965568,16777216,134217728,62914560,8388608,18612224,0,0,1,6,0,14.6035,1024,0,0,0,22
mtran,26469,67108864,256,1,1,0,0,32,8,32,8,0,2,11808205,8388608,1,67112555,8388609,0,0,0,0,0,0,0,0,0.835438,99.9939,0,0,536870912,67108864,134217728,402653184,0,35651584,0,0,1,6,0,17.2287,1024,0,0,0,6
mtran,17618,67108864,256,1,1,0,0,32,8,32,8,1,2,8695096,8388608,2,67113035,8388609,0,0,0,0,0,0,0,0,0.848363,99.9911,67108864,0,1140915968,67108864,134217728,469762048,134217728,69206016,0,0,1,6,0,23.0912,1024,0,0,0,6
mtran,28169,33554432,256,1,1,0,0,32,8,32,16,0,2,12410958,8388608,1,67112107,8388609,0,0,0,0,0,0,0,0,0.891895,99.9923,0,0,872415232,33554432,134217728,369098752,0,58720256,0,0,1,6,0,18.8166,1024,0,0,0,22
mtran,17629,33554432,256,1,1,0,0,32,8,32,16,1,2,8693796,8388608,2,67112919,8388609,0,0,0,0,0,0,0,0,0.828718,99.9898,33554432,0,1174470400,33554432,134217728,402653184,67108864,75497472,0,0,1,6,0,22.5906,1024,0,0,0,22
mtran,47776,16777216,256,1,1,0,0,32,8,32,32,0,2,25557993,8388608,1,67111939,8388609,0,0,0,0,0,0,0,0,0.820282,99.9892,0,0,503316480,16777216,134217728,184549376,0,27787264,0,0,1,5,0,12.7619,1024,0,0,0,22
mtran,16635,16777216,256,1,1,0,0,32,8,32,32,1,2,8719602,8388608,2,67112587,8388609,0,0,0,0,0,0,0,0,0.836412,99.9769,16777216,0,654376704,16777216,134217728,201326592,33554432,36175872,0,0,1,6,0,17.2165,1024,0,0,0,22
mtran,46727,8388608,256,1,1,0,0,32,8,32,64,0,2,23455387,8388608,1,67111747,8388609,0,0,0,0,0,0,0,0,0.849746,99.9848,0,0,377487360,16777216,134217728,100663296,0,20447232,0,0,1,5,0,12.2474,1024,0,0,0,22
mtran,16660,8388608,256,1,1,0,0,32,8,32,64,1,2,9900904,8388608,2,67111911,8388609,0,0,0,0,0,0,0,0,0.810472,99.9664,8388608,0,453050112,16777216,134217728,109051904,16777216,24641536,0,0,1,6,0,15.6005,1024,0,0,0,22
mtran,19204,67108864,512,1,1,0,0,32,16,32,16,0,2,9068716,8388608,2,67112751,8388609,0,0,0,0,0,0,0,0,0.808245,99.9898,0,0,536870912,67108864,134217728,402653184,0,35651584,0,0,1,6,0,16.7126,1024,0,0,0,6
mtran,17557,67108864,512,1,1,0,0,32,16,32,16,1,2,8687130,8388608,2,67113623,8388609,0,0,0,0,0,0,0,0,0.79306,99.9891,67108864,0,1140981248,67108864,134217728,469762048,134217728,69206016,0,0,1,6,0,22.9357,1024,0,0,0,6
mtran,18912,33554432,512,1,1,0,0,32,16,32,32,0,2,9182425,8388608,2,67112435,8388609,0,0,0,0,0,0,0,0,0.835073,99.9822,0,0,872415232,33554432,134217728,369098752,0,58720256,0,0,1,6,0,19.6172,1024,0,0,0,22
mtran,17601,33554432,512,1,1,0,0,32,16,32,32,1,2,8686924,8388608,2,67113383,8388609,0,0,0,0,0,0,0,0,0.846651,99.9757,33554432,0,1174535680,33554432,134217728,402653184,67108864,75497472,0,0,1,6,0,22.4197,1024,0,0,0,22
mtran,18674,16777216,512,1,1,0,0,32,16,32,64,0,2,9362440,8388608,2,67113271,8388609,0,0,0,0,0,0,0,0,0.798008,99.9783,0,0,503316480,16777216,134217728,184549376,0,27787264,0,0,1,6,0,15.6453,1024,0,0,0,22
mtran,16637,16777216,512,1,1,0,0,32,16,32,64,1,2,8699072,8388608,2,67112567,8388609,0,0,0,0,0,0,0,0,0.795641,99.9453,16777216,0,654441984,16777216,134217728,201326592,33554432,36175872,0,0,1,6,0,17.0477,1024,0,0,0,22
mtran,19761,67108864,1024,1,1,0,0,32,32,32,32,0,2,8695836,8388608,2,67116151,8388609,0,0,0,0,0,0,0,0,0.793045,99.9347,0,0,536870912,67108864,134217728,402653184,0,35651584,0,0,1,5,0,15.905,1024,0,0,0,6
mtran,18039,67108864,1024,1,1,0,0,32,32,32,32,1,2,8730172,8388608,2,67115031,8388609,0,0,0,0,0,0,0,0,0.6975,99.9843,67108864,0,1141111808,67108864,134217728,469762048,134217728,69206016,0,0,1,6,0,22.0959,1024,0,0,0,6
mtran,17839,33554432,1024,1,1,0,0,32,32,32,64,0,2,8778006,8388608,2,67115147,8388609,0,0,0,0,0,0,0,0,0.810507,99.9573,0,0,872415232,33554432,134217728,369098752,0,58720256,0,0,1,6,0,19.3151,1024,0,0,0,22
mtran,17872,33554432,1024,1,1,0,0,32,32,32,64,1,2,8822350,8388608,2,67114175,8388609,0,0,0,0,0,0,0,0,0.815664,99.9541,33554432,0,1174666240,33554432,134217728,402653184,67108864,75497472,0,0,1,6,0,21.739,1024,0,0,0,22
mtran,118632,67108864,64,1,1,0,0,64,1,64,1,0,2,69185242,8388608,1,67110347,8388609,0,0,0,0,0,0,0,0,0.487059,99.9989,0,0,536870912,67108864,134217728,402653184,0,35651584,0,0,1,3,0,6.95942,1024,0,0,0,6
mtran,86268,67108864,64,1,1,0,0,64,1,64,1,1,2,62437439,8388608,1,67110435,8388614,0,0,0,0,0,0,0,0,0.483295,99.9978,67108864,0,1140858816,67108864,134217728,469762048,134217728,69206016,0,0,1,4,0,9.5851,1024,0,0,0,6
mtran,117703,33554432,64,1,1,0,0,64,1,64,2,0,2,69183588,8388608,1,67110383,8388609,0,0,0,0,0,0,0,0,0.49146,99.9984,0,0,838860800,33554432,134217728,335544320,0,56623104,0,0,1,3,0,7.3366,1024,0,0,0,22
mtran,73736,33554432,64,1,1,0,0,64,1,64,2,1,2,62989320,8388608,1,67110579,8388609,0,0,0,0,0,0,0,0,0.486389,99.9972,33554432,0,1140858816,33554432,134217728,369098752,67108864,73400320,0,0,1,4,0,11.2266,1024,0,0,0,22
mtran,62028,16777216,64,1,1,0,0,64,1,64,4,0,2,33746088,8388608,1,67110639,8388609,0,0,0,0,0,0,0,0,0.421676,99.9948,0,0,486539264,16777216,134217728,167772160,0,26738688,0,0,1,5,0,10.8931,1024,0,0,0,22
mtran,34886,16777216,64,1,1,0,0,64,1,64,4,1,3,34568444,8388608,1,67111067,8388609,0,0,0,0,0,0,0,0,0.429255,99.9906,16777216,0,637542336,16777216,134217728,184549376,33554432,35127296,0,0,1,6,0,15.963,1024,0,0,0,22
mtran,62089,8388608,64,1,1,0,0,64,1,64,8,0,2,34130076,8388608,1,67110723,8388609,0,0,0,0,0,0,0,0,0.437035,99.9908,0,0,369098752,16777216,134217728,92274688,0,19922944,0,0,1,5,0,10.5716,1024,0,0,0,22
mtran,35563,8388608,64,1,1,0,0,64,1,64,8,1,3,36114279,8388608,1,67111115,8388609,0,0,0,0,0,0,0,0,0.443428,99.989,8388608,0,444604352,16777216,134217728,100663296,16777216,24117248,0,0,1,6,0,15.3595,1024,0,0,0,22
mtran,61749,4194304,64,1,1,0,0,64,1,64,16,0,2,34400820,8388608,1,67110883,8388609,0,0,0,0,0,0,0,0,0.451517,99.9895,0,0,301989888,16777216,134217728,54525952,0,16252928,0,0,1,5,0,10.4497,1024,0,0,0,22
mtran,36103,4194304,64,1,1,0,0,64,1,64,16,1,3,36459243,8388608,1,67111087,8388609,0,0,0,0,0,0,0,0,0.457211,99.9786,4194304,0,339746752,16777216,134217728,58720256,8388608,18350080,0,0,1,6,0,14.9422,1024,0,0,0,22
mtran,60471,2097152,64,1,1,0,0,64,1,64,32,0,2,34407750,8388608,1,67110927,8388609,0,0,0,0,0,0,0,0,0.464175,99.9834,0,0,268435456,16777216,134217728,35651584,0,14417920,0,0,1,5,0,10.5073,1024,0,0,0,22
mtran,36326,2097152,64,1,1,0,0,64,1,64,32,1,3,36792031,8388608,1,67111085,8388609,0,0,0,0,0,0,0,0,0.468116,99.9873,2097152,0,287317952,16777216,134217728,37748736,4194304,15466496,0,0,1,6,0,14.7172,1024,0,0,0,22
mtran,55488,1048576,64,1,1,0,0,64,1,64,64,0,2,34587142,8388608,1,67110915,8388609,0,0,0,0,0,0,0,0,0.47438,99.9653,0,0,251658240,16777216,134217728,26214400,0,13500416,0,0,1,5,0,11.0993,1024,0,0,0,22
mtran,36834,1048576,64,1,1,0,0,64,1,64,64,1,3,37281157,8388611,1,67110931,8388609,0,0,0,0,0,0,0,0,0.476848,99.9687,1048576,0,261103552,16777216,134217728,27262976,2097152,14024704,0,0,1,6,0,14.5126,1024,0,0,0,22
mtran,65885,67108864,128,1,1,0,0,64,2,64,2,0,2,36615994,8388608,1,67110483,8388609,0,0,0,0,0,0,0,0,0.971771,99.998,0,0,536870912,67108864,134217728,402653184,0,35651584,0,0,1,5,0,11.1304,1024,0,0,0,6
mtran,40920,67108864,128,1,1,0,0,64,2,64,2,1,2,33096569,8388608,1,67110599,8388609,0,0,0,0,0,0,0,0,0.941673,99.9951,67108864,0,1140866944,67108864,134217728,469762048,134217728,69206016,0,0,1,6,0,17.3465,1024,0,0,0,6
mtran,66838,33554432,128,1,1,0,0,64,2,64,4,0,2,37165557,8388608,1,67110519,8388609,0,0,0,0,0,0,0,0,0.981783,99.9956,0,0,905969664,33554432,134217728,335544320,0,58720256,0,0,1,5,0,11.7386,1024,0,0,0,22
mtran,36809,33554432,128,1,1,0,0,64,2,64,4,1,2,33979545,8388608,1,67110779,8388609,0,0,0,0,0,0,0,0,0.928162,99.9918,33554432,0,1207975808,33554432,134217728,369098752,67108864,75497472,0,0,1,6,0,17.9713,1024,0,0,0,22
mtran,75380,16777216,128,1,1,0,0,64,2,64,8,0,2,41765174,8388608,1,67111347,8388609,0,0,0,0,0,0,0,0,0.805531,99.9952,0,0,520093696,16777216,134217728,167772160,0,27787264,0,0,1,4,0,9.4978,1024,0,0,0,22
mtran,34190,16777216,128,1,1,0,0,64,2,64,8,1,2,30185140,8388608,1,67112047,8388609,0,0,0,0,0,0,0,0,0.808736,99.9836,16777216,0,671104896,16777216,134217728,184549376,33554432,36175872,0,0,1,6,0,15.7127,1024,0,0,0,22
mtran,83916,8388608,128,1,1,0,0,64,2,64,16,0,2,47521294,8388608,1,67111839,8388609,0,0,0,0,0,0,0,0,0.863189,99.9925,0,0,385875968,16777216,134217728,92274688,0,20447232,0,0,1,4,0,8.59392,1024,0,0,0,22
mtran,39767,8388608,128,1,1,0,0,64,2,64,16,1,2,39125865,8388610,1,67112063,8388609,0,0,0,0,0,0,0,0,0.833269,99.9838,8388608,0,461389696,16777216,134217728,100663296,16777216,24641536,0,0,1,6,0,14.2512,1024,0,0,0,22
mtran,86899,4194304,128,1,1,0,0,64,2,64,32,0,2,51125126,8388608,1,67111803,8388609,0,0,0,0,0,0,0,0,0.911967,99.9858,0,0,310378496,16777216,134217728,54525952,0,16515072,0,0,1,4,0,8.17615,1024,0,0,0,22
mtran,43636,4194304,128,1,1,0,0,64,2,64,32,1,3,44498501,8388608,1,67111931,8388609,0,0,0,0,0,0,0,0,0.869489,99.9782,4194304,0,348143488,16777216,134217728,58720256,8388608,18612224,0,0,1,6,0,13.2305,1024,0,0,0,22
mtran,78407,2097152,128,1,1,0,0,64,2,64,64,0,2,50769977,8388608,1,67111839,8388609,0,0,0,0,0,0,0,0,0.935498,99.9656,0,0,272629760,16777216,134217728,35651584,0,14548992,0,0,1,4,0,8.6938,1024,0,0,0,22
mtran,47801,2097152,128,1,1,0,0,64,2,64,64,1,3,49720749,8388608,1,67111679,8388609,0,0,0,0,0,0,0,0,0.920296,99.9423,2097152,0,291520384,16777216,134217728,37748736,4194304,15597568,0,0,1,5,0,12.495,1024,0,0,0,22
mtran,37695,67108864,256,1,1,0,0,64,4,64,4,0,2,19249364,8388608,1,67111035,8388609,0,0,0,0,0,0,0,0,0.91627,99.996,0,0,536870912,67108864,134217728,402653184,0,35651584,0,0,1,6,0,16.2932,1024,0,0,0,6
mtran,21226,67108864,256,1,1,0,0,64,4,64,4,1,3,17221294,8388608,2,67111439,8388609,0,0,0,0,0,0,0,0,0.856555,99.9916,67108864,0,1140883200,67108864,134217728,469762048,134217728,69206016,0,0,1,6,0,22.2812,1024,0,0,0,6
mtran,41718,33554432,256,1,1,0,0,64,4,64,8,0,2,21037383,8388608,1,67111131,8388609,0,0,0,0,0,0,0,0,0.938477,99.9958,0,0,872415232,33554432,134217728,369098752,0,58720256,0,0,1,6,0,16.3345,1024,0,0,0,22
mtran,17682,33554432,256,1,1,0,0,64,4,64,8,1,2,9195218,8388608,2,67111731,8388609,0,0,0,0,0,0,0,0,0.819652,99.9875,33554432,0,1174437632,33554432,134217728,402653184,67108864,75497472,0,0,1,6,0,22.5604,1024,0,0,0,22
mtran,63909,16777216,256,1,1,0,0,64,4,64,16,0,2,34540327,8388608,1,67111311,8388609,0,0,0,0,0,0,0,0,0.829778,99.9922,0,0,503316480,16777216,134217728,184549376,0,27787264,0,0,1,4,0,10.6021,1024,0,0,0,22
mtran,16800,16777216,256,1,1,0,0,64,4,64,16,1,2,9231010,8388608,2,67112107,8388609,0,0,0,0,0,0,0,0,0.83197,99.968,16777216,0,654343936,16777216,134217728,201326592,33554432,36175872,0,0,1,6,0,17.2211,1024,0,0,0,22
mtran,73386,8388608,256,1,1,0,0,64,4,64,32,0,2,40579369,8388608,1,67111075,8388609,0,0,0,0,0,0,0,0,0.866751,99.9873,0,0,377487360,16777216,134217728,100663296,0,20447232,0,0,1,4,0,9.29372,1024,0,0,0,22
mtran,17645,8388608,256,1,1,0,0,64,4,64,32,1,2,11483248,8388608,2,67111827,8388609,0,0,0,0,0,0,0,0,0.803353,99.9268,8388608,0,453017344,16777216,134217728,109051904,16777216,24641536,0,0,1,6,0,15.6224,1024,0,0,0,22
mtran,69078,4194304,256,1,1,0,0,64,4,64,64,0,2,38232699,8388608,1,67111207,8388609,0,0,0,0,0,0,0,0,0.888174,99.9875,0,0,306184192,16777216,134217728,58720256,0,16515072,0,0,1,4,0,9.38216,1024,0,0,0,22
mtran,26502,4194304,256,1,1,0,0,64,4,64,64,1,2,20035907,8388608,1,67111392,8388609,0,0,0,0,0,0,0,0,0.849786,99.9512,4194304,0,343965440,16777216,134217728,62914560,8388608,18612224,0,0,1,6,0,15.2218,1024,0,0,0,22
mtran,26617,67108864,512,1,1,0,0,64,8,64,8,0,2,11907334,8388608,1,67112475,8388609,0,0,0,0,0,0,0,0,0.780669,99.9872,0,0,536870912,67108864,134217728,402653184,0,35651584,0,0,1,6,0,16.891,1024,0,0,0,6
mtran,17834,67108864,512,1,1,0,0,64,8,64,8,1,2,8790190,8388608,2,67112787,8388614,0,0,0,0,0,0,0,0,0.796818,99.9887,67108864,0,1140915712,67108864,134217728,469762048,134217728,69206016,0,0,1,6,0,22.8299,1024,0,0,0,6
mtran,29460,33554432,512,1,1,0,0,64,8,64,16,0,2,13164585,8388608,1,67112419,8388609,0,0,0,0,0,0,0,0,0.857123,99.9932,0,0,872415232,33554432,134217728,369098752,0,58720256,0,0,1,6,0,18.5569,1024,0,0,0,22
mtran,17804,33554432,512,1,1,0,0,64,8,64,16,1,2,8827614,8388608,2,67113175,8388609,0,0,0,0,0,0,0,0,0.846135,99.9878,33554432,0,1174470144,33554432,134217728,402653184,67108864,75497472,0,0,1,6,0,22.3565,1024,0,0,0,22
mtran,51110,16777216,512,1,1,0,0,64,8,64,32,0,2,27289382,8388608,1,67112387,8388609,0,0,0,0,0,0,0,0,0.756432,99.9906,0,0,503316480,16777216,134217728,184549376,0,27787264,0,0,1,5,0,12.0585,1024,0,0,0,22
mtran,16697,16777216,512,1,1,0,0,64,8,64,32,1,2,8704900,8388608,2,67112943,8388609,0,0,0,0,0,0,0,0,0.794822,99.9747,16777216,0,654376448,16777216,134217728,201326592,33554432,36175872,0,0,1,6,0,17.0578,1024,0,0,0,22
mtran,46401,8388608,512,1,1,0,0,64,8,64,64,0,2,23599018,8388608,1,67112435,8388609,0,0,0,0,0,0,0,0,0.818036,99.9742,0,0,377487360,16777216,134217728,100663296,0,20447232,0,0,1,5,0,12.0334,1024,0,0,0,22
mtran,16556,8388608,512,1,1,0,0,64,8,64,64,1,2,9401454,8388608,2,67112367,8388609,0,0,0,0,0,0,0,0,0.814811,99.9246,8388608,0,453049856,16777216,134217728,109051904,16777216,24641536,0,0,1,6,0,15.4774,1024,0,0,0,22
mtran,19993,67108864,1024,1,1,0,0,64,16,64,16,0,2,8844437,8388608,2,67112931,8388609,0,0,0,0,0,0,0,0,0.79364,99.9362,0,0,536870912,67108864,134217728,402653184,0,35651584,0,0,1,5,0,15.9495,1024,0,0,0,6
mtran,18178,67108864,1024,1,1,0,0,64,16,64,16,1,2,8687119,8388608,2,67113476,8388609,0,0,0,0,0,0,0,0,0.698149,99.9809,67108864,0,1140980736,67108864,134217728,469762048,134217728,69206016,0,0,1,6,0,22.0641,1024,0,0,0,6
mtran,19535,33554432,1024,1,1,0,0,64,16,64,32,0,2,9309195,8388608,2,67113131,8388609,0,0,0,0,0,0,0,0,0.810656,99.9552,0,0,872415232,33554432,134217728,369098752,0,58720256,0,0,1,6,0,19.0627,1024,0,0,0,22
mtran,18074,33554432,1024,1,1,0,0,64,16,64,32,1,2,8692783,8388608,2,67113811,8388609,0,0,0,0,0,0,0,0,0.813981,99.9452,33554432,0,1174535168,33554432,134217728,402653184,67108864,75497472,0,0,1,6,0,21.6582,1024,0,0,0,22
mtran,18300,16777216,1024,1,1,0,0,64,16,64,64,0,2,9521219,8388608,2,67113439,8388609,0,0,0,0,0,0,0,0,0.802577,99.9569,0,0,503316480,16777216,134217728,184549376,0,27787264,0,0,1,6,0,15.1017,1024,0,0,0,22
mtran,17089,16777216,1024,1,1,0,0,64,16,64,64,1,2,8699536,8388608,2,67112547,8388609,0,0,0,0,0,0,0,0,0.74996,99.9397,16777216,0,654441472,16777216,134217728,201326592,33554432,36175872,0,0,1,6,0,16.6056,1024,0,0,0,22
mtran,28496,67108864,32,1,1,1,0,1,32,1,32,0,2,8846408,8388608,1,67118807,8388609,0,0,0,50,2097152,2097152,0,0,0.235671,99.9959,0,0,2483027968,67108864,268435456,1006632960,0,138412032,0,0,1,4,0,17.9908,1024,128,0,0,32
mtran,65671,67108864,32,1,1,1,0,1,32,1,32,1,2,68294960,8388608,1,67115023,8388609,0,0,0,50,2097152,2097152,0,0,0.244028,99.9981,67108864,0,3087269856,67108864,268435456,1073741824,134217728,171966464,0,0,1,3,0,12.5057,1024,128,0,0,32
mtran,20362,67108864,64,1,1,1,0,1,64,1,64,0,2,8687726,8388608,2,67117711,8388609,0,0,0,50,2097152,2097152,0,0,0.476233,99.9904,0,0,2483027968,67108864,268435456,1006632960,0,138412032,0,0,1,5,0,26.3263,1024,256,0,0,32
mtran,73660,67108864,64,1,1,1,0,1,64,1,64,1,2,68444868,8388608,1,67112727,8388615,0,0,0,50,2097152,2097152,0,0,0.494412,99.9975,67108864,0,3087531968,67108864,268435456,1073741824,134217728,171966464,0,0,1,4,0,14.1023,1024,256,0,0,32
mtran,22601,67108864,32,1,1,1,0,2,16,2,16,0,2,8836514,8388608,1,33564947,8388609,0,0,0,50,2097152,2097152,0,0,0.231716,99.9945,0,0,2751463424,67108864,268435456,1073741824,0,148897792,0,0,1,3,0,19.6449,1024,128,0,0,32
mtran,34330,67108864,32,1,1,1,0,2,16,2,16,1,3,34149832,8388608,1,33562431,8388609,0,0,0,50,2097152,2097152,0,0,0.238466,99.9964,67108864,0,3355574240,67108864,268435456,1140850688,134217728,182452224,0,0,1,2,0,15.4566,1024,128,0,0,32
mtran,17823,33554432,32,1,1,1,0,2,16,2,32,0,2,8688338,8388608,1,33565251,8388609,0,0,0,40,2097152,3145728,0,0,0.238649,99.9925,0,0,1778384896,33554432,268435456,536870912,0,104857600,0,0,1,3,0,18.167,1024,256,0,0,32
mtran,32658,33554432,32,1,1,1,0,2,16,2,32,1,3,34150176,8388608,1,33561339,8388609,0,0,0,40,2097152,3145728,0,0,0.243994,99.9964,33554432,0,2080505824,33554432,268435456,570425344,67108864,121634816,0,0,1,2,0,12.0256,1024,256,0,0,32
mtran,13109,67108864,64,1,1,1,0,2,32,2,32,0,3,8660978,8388607,1,33566167,8388609,0,0,0,50,2097152,2097152,0,0,0.467493,99.99,0,0,2751463424,67108864,268435456,1073741824,0,148897792,0,0,1,5,0,34.6132,1024,256,0,0,32
mtran,32681,67108864,64,1,1,1,0,2,32,2,32,1,3,34037480,8388608,1,33560171,8388609,0,0,0,50,2097152,2097153,0,0,0.487503,99.9951,67108864,0,3355705280,67108864,268435456,1140850688,134217728,182452224,0,0,1,4,0,20.9903,1024,256,0,0,32
mtran,11644,33554432,64,1,1,1,0,2,32,2,64,0,3,8688310,8388608,2,33565775,8388609,0,0,0,40,2097152,3145728,0,0,0.480058,99.9859,0,0,1778384896,33554432,268435456,536870912,0,104857600,0,0,1,5,0,29.467,1024,512,0,0,32
mtran,32099,33554432,64,1,1,1,0,2,32,2,64,1,3,34149468,8388608,1,33559107,8388609,0,0,0,40,2097152,3145728,0,0,0.493414,99.9953,33554432,0,2080636864,33554432,268435456,570425344,67108864,121634816,0,0,1,5,0,17.9458,1024,512,0,0,32
mtran,10556,67108864,128,1,1,1,0,2,64,2,64,0,3,8392492,8388608,2,33564711,8388609,0,0,0,50,2097152,2097152,0,0,0.92888,99.9883,0,0,2751463424,67108864,268435456,1073741824,0,148897792,0,0,1,6,0,44.5737,1024,512,0,0,32
mtran,33292,67108864,128,1,1,1,0,2,64,2,64,1,3,34109680,8388608,1,33558303,8388615,0,0,0,50,2097152,2097152,0,0,0.9862,99.9929,67108864,0,3355967360,67108864,268435456,1140850688,134217728,182452224,0,0,1,5,0,22.4456,1024,512,0,0,32
mtran,21202,67108864,32,1,1,1,0,4,8,4,8,0,2,8977044,8388608,1,16784631,8388609,0,0,0,50,2097152,2097152,0,0,0.225804,99.9534,0,0,2684354560,67108864,268435456,1140850688,0,148897792,0,0,1,2,0,19.118,1024,128,0,0,32
mtran,24070,67108864,32,1,1,1,0,4,8,4,8,1,2,17224118,8388608,1,16785739,8388609,0,0,0,50,2097152,2097152,0,0,0.23334,99.995,67108864,0,3288399840,67108864,268435456,1207959552,134217728,182452224,0,0,1,2,0,20.2574,1024,128,0,0,32
mtran,15808,33554432,32,1,1,1,0,4,8,4,16,0,2,8687230,8388608,1,16784327,8388609,0,0,0,40,2097152,3145728,0,0,0.234501,99.9788,0,0,1879048192,33554432,268435456,570425344,0,109051904,0,0,1,3,0,19.1465,1024,256,0,0,32
mtran,20316,33554432,32,1,1,1,0,4,8,4,16,1,3,17088198,8388608,1,16784771,8388609,0,0,0,40,2097152,3145728,0,0,0.240275,99.9937,33554432,0,2181103584,33554432,268435456,603979776,67108864,125829120,0,0,1,2,0,17.0678,1024,256,0,0,32
mtran,8101,16777216,32,1,1,1,0,4,8,4,32,0,4,8539218,8388608,1,16787103,8388609,0,0,0,33.3333,4194304,2097152,0,0,0.238116,99.9829,0,0,1157627904,16777216,268435456,352321536,0,63963136,0,0,1,4,0,23.0789,1024,512,0,0,32
mtran,17971,16777216,32,1,1,1,0,4,8,4,32,1,3,17076150,8388608,1,16783451,8388609,0,0,0,33.3333,4194315,2097154,0,0,0.244529,99.9906,16777216,0,1308688352,16777216,268435456,385875968,33554432,72876032,0,0,1,4,0,14.8511,1024,512,0,0,32
mtran,11114,67108864,64,1,1,1,0,4,16,4,16,0,3,8687454,8388608,1,16785411,8388609,0,0,0,50,2097152,2097152,0,0,0.461092,99.9895,0,0,2684354560,67108864,268435456,1140850688,0,148897792,0,0,1,3,0,36.2494,1024,256,0,0,32
mtran,19841,67108864,64,1,1,1,0,4,16,4,16,1,3,17161722,8388610,1,16784727,8388609,0,0,0,50,2097152,2097152,0,0,0.479481,99.9913,67108864,0,3288465344,67108864,268435456,1207959552,134217728,182452224,0,0,1,2,0,24.2077,1024,256,0,0,32
mtran,8891,33554432,64,1,1,1,0,4,16,4,32,0,4,8525138,8388608,1,16785191,8388609,0,0,0,28.5714,4194304,3145728,0,0,0.475712,99.9828,0,0,1879048192,33554432,268435456,570425344,0,109051904,0,0,1,5,0,34.0248,1024,512,0,0,32
mtran,17738,33554432,64,1,1,1,0,4,16,4,32,1,3,17078542,8388608,1,16784095,8388609,0,0,0,28.5714,4194304,3145728,0,0,0.488482,99.9925,33554432,0,2181169088,33554432,268435456,603979776,67108864,125829120,0,0,1,3,0,19.9308,1024,512,0,0,32
mtran,7666,16777216,64,1,1,1,0,4,16,4,64,0,4,8539442,8388606,1,16788215,8388609,0,0,0,33.3333,4194305,2097152,0,0,0.480745,99.9838,0,0,1157627904,16777216,268435456,352321536,0,63963136,0,0,1,6,0,28.0876,1024,1024,0,0,32
mtran,17739,16777216,64,1,1,1,0,4,16,4,64,1,3,17075674,8388608,1,16781611,8388609,0,0,0,33.3314,4194566,2097247,0,0,0.49229,99.9865,16777216,0,1308753856,16777216,268435456,385875968,33554432,72876032,0,0,1,5,0,18.0261,1024,1024,0,0,32
mtran,8935,67108864,128,1,1,1,0,4,32,4,32,0,4,8539651,8388607,1,16788592,8388609,0,0,0,33.3333,4194304,2097152,0,0,0.944052,99.9838,0,0,2684354560,67108864,268435456,1140850688,0,148897792,0,0,1,5,0,47.7513,1024,512,0,0,32
mtran,17932,67108864,128,1,1,1,0,4,32,4,32,1,3,17076266,8388608,1,16784559,8388609,0,0,0,33.333,4194343,2097183,0,0,0.974843,99.9919,67108864,0,3288596352,67108864,268435456,1207959552,134217728,182452224,0,0,1,5,0,32.3457,1024,512,0,0,32
mtran,7622,33554432,128,1,1,1,0,4,32,4,64,0,4,8539567,8388608,1,16787811,8388609,0,0,0,28.5714,4194304,3145735,0,0,0.960279,99.9821,0,0,1879048192,33554432,268435456,570425344,0,109051904,0,0,1,7,0,42.3542,1024,1024,0,0,32
mtran,17751,33554432,128,1,1,1,0,4,32,4,64,1,3,17083678,8388608,1,16783711,8388609,0,0,0,28.5702,4194453,3145898,0,0,0.985029,99.9893,33554432,0,2181300096,33554432,268435456,603979776,67108864,125829120,0,0,1,5,0,25.7519,1024,1024,0,0,32
mtran,7817,67108864,256,1,1,1,0,4,64,4,64,0,4,8685398,8388608,1,16791891,8388609,0,0,0,33.3333,4194304,2097152,0,0,0.927994,99.9805,0,0,2684354560,67108864,268435456,1140850688,0,148897792,0,0,1,5,0,52.8537,1024,1024,0,0,32
mtran,17142,67108864,256,1,1,1,0,4,64,4,64,1,3,17076054,8388608,1,16783931,8388609,0,0,0,33.3331,4194323,2097178,0,0,0.970595,99.9917,67108864,0,3288858368,67108864,268435456,1207959552,134217728,182452224,0,0,1,4,0,32.8894,1024,1024,0,0,32
mtran,38306,67108864,32,1,1,1,0,8,4,8,4,0,2,8983404,16777216,1,8393351,16777217,0,0,0,50,2097152,2097152,0,0,0.239433,99.9957,0,0,2684354560,67108864,268435456,1140850688,0,148897792,0,0,1,1,0,10.6996,1024,128,0,0,32
mtran,25251,67108864,32,1,1,1,0,8,4,8,4,1,2,8835234,16777216,1,8395211,16777217,0,0,0,50,2097152,2097152,0,0,0.234054,99.9949,67108864,0,3288367072,67108864,268435456,1207959552,134217728,182452224,0,0,1,2,0,19.3372,1024,128,0,0,32
mtran,20810,33554432,32,1,1,1,0,8,4,8,8,0,2,8841122,8388608,1,8393791,8388609,0,0,0,40,2097152,3145728,0,0,0.240476,99.9933,0,0,1845493760,33554432,268435456,603979776,0,109051904,0,0,1,2,0,13.8241,1024,256,0,0,32
mtran,17680,33554432,32,1,1,1,0,8,4,8,8,1,2,8687150,8388776,1,8395523,8388613,0,0,2.38419E-05,40,2097152,3145728,0,0,0.238782,99.9923,33554432,0,2147516384,33554432,268435456,637534208,67108864,125829120,0,0,1,2,0,18.7221,1024,256,0,0,32
mtran,12868,16777216,32,1,1,1,0,8,4,8,16,0,3,8674770,8388608,1,8394359,8388609,0,0,0,33.3333,4194304,2097152,0,0,0.242286,99.9849,0,0,1207959552,16777216,268435456,369098752,0,66060288,0,0,1,3,0,15.6556,1024,512,0,0,32
mtran,12507,16777216,32,1,1,1,0,8,4,8,16,1,3,8538714,8388608,1,8395019,8388609,0,0,0,33.3333,4194304,2097152,0,0,0.242111,99.9866,16777216,0,1358987232,16777216,268435456,402653184,33554432,74973184,0,0,1,3,0,15.7076,1024,512,0,0,32
mtran,9691,8388608,32,1,1,1,0,8,4,8,32,0,3,8686914,8388608,1,8393967,8388609,0,0,0,20,8388615,2097154,0,0,0.244898,99.9804,0,0,696254464,8388608,268435456,176160768,0,39321600,0,0,1,5,0,16.3958,1024,1024,0,0,32
mtran,10353,8388608,32,1,1,1,0,8,4,8,32,1,3,8571343,8388608,1,8393947,8388609,0,0,0,20,8388611,2097155,0,0,0.245225,99.9861,8388608,0,771784672,8388608,268435456,184549376,16777216,43515904,0,0,1,3,0,13.3949,1024,1024,0,0,32
mtran,21551,67108864,64,1,1,1,0,8,8,8,8,0,2,8687046,8388608,1,8394787,8388609,0,0,0,50,2097152,2097152,0,0,0.480602,99.9898,0,0,2684354560,67108864,268435456,1140850688,0,148897792,0,0,1,2,0,18.0649,1024,256,0,0,32
mtran,16892,67108864,64,1,1,1,0,8,8,8,8,1,2,8687090,8388608,1,8395855,8388609,0,0,0,50,2097152,2097152,0,0,0.475551,99.9906,67108864,0,3288399808,67108864,268435456,1207959552,134217728,182452224,0,0,1,2,0,27.4251,1024,256,0,0,32
mtran,12566,33554432,64,1,1,1,0,8,8,8,16,0,3,8677286,8388608,1,8394975,8388609,0,0,0,28.5714,4194304,3145728,0,0,0.483073,99.9834,0,0,1845493760,33554432,268435456,603979776,0,109051904,0,0,1,3,0,22.4228,1024,512,0,0,32
mtran,12914,33554432,64,1,1,1,0,8,8,8,16,1,3,8687074,8388608,1,8394663,8388609,0,0,0,28.5714,4194304,3145728,0,0,0.483925,99.9891,33554432,0,2147549120,33554432,268435456,637534208,67108864,125829120,0,0,1,3,0,25.5226,1024,512,0,0,32
mtran,9960,16777216,64,1,1,1,0,8,8,8,32,0,3,8511494,8388608,1,8395915,8388609,0,0,0,19.9996,8388764,2097206,0,0,0.481136,99.9731,0,0,1207959552,16777216,268435456,369098752,0,66060288,0,0,1,7,0,26.715,1024,1024,0,0,32
mtran,10396,16777216,64,1,1,1,0,8,8,8,32,1,3,8687210,8388608,1,8394515,8388609,0,0,0,19.9978,8389317,2097620,0,0,0.48733,99.9823,16777216,0,1359019968,16777216,268435456,402653184,33554432,74973184,0,0,1,5,0,23.7778,1024,1024,0,0,32
mtran,8417,8388608,64,1,1,1,0,8,8,8,64,0,4,8534438,8388608,1,8395259,8388609,0,0,0,19.9996,8388773,2097180,0,0,0.486412,99.971,0,0,696254464,8388608,268435456,176160768,0,39321600,0,0,1,7,0,21.9525,1024,2048,0,0,32
mtran,10179,8388608,64,1,1,1,0,8,8,8,64,1,3,8390752,8388608,1,8393627,8388609,0,0,0,19.9975,8389470,2097596,0,0,0.491413,99.9839,8388608,0,771817408,8388608,268435456,184549376,16777216,43515904,0,0,1,6,0,20.0203,1024,2048,0,0,32
mtran,12787,67108864,128,1,1,1,0,8,16,8,16,0,3,8553712,8388608,1,8395443,8388609,0,0,0,33.3331,4194328,2097176,0,0,0.953406,99.9831,0,0,2684354560,67108864,268435456,1140850688,0,148897792,0,0,1,5,0,36.0805,1024,512,0,0,32
mtran,12508,67108864,128,1,1,1,0,8,16,8,16,1,3,8644530,8388607,1,8395463,8388609,0,0,0,33.3333,4194305,2097159,0,0,0.965364,99.9851,67108864,0,3288465280,67108864,268435456,1207959552,134217728,182452224,0,0,1,3,0,37.0986,1024,512,0,0,32
mtran,9941,33554432,128,1,1,1,0,8,16,8,32,0,3,8687302,8388608,1,8394667,8388609,0,0,0,18.1815,8388710,3145815,0,0,0.963677,99.9834,0,0,1845493760,33554432,268435456,603979776,0,109051904,0,0,1,6,0,34.9372,1024,1024,0,0,32
mtran,10350,33554432,128,1,1,1,0,8,16,8,32,1,3,8687254,8388608,1,8395343,8388609,0,0,0,18.1816,8388641,3145821,0,0,0.978473,99.9853,33554432,0,2147614592,33554432,268435456,637534208,67108864,125829120,0,0,1,4,0,32.3832,1024,1024,0,0,32
mtran,9249,16777216,128,1,1,1,0,8,16,8,64,0,4,8390932,8388608,1,8397735,8388609,0,0,0,19.9955,8390307,2097820,0,0,0.954655,99.9801,0,0,1207959552,16777216,268435456,369098752,0,66060288,0,0,1,7,0,29.4094,1024,2048,0,0,32
mtran,10126,16777216,128,1,1,1,0,8,16,8,64,1,3,8687362,8388607,1,8394831,8388609,0,0,0,19.9911,8391419,2099011,0,0,0.970006,99.9817,16777216,0,1359085440,16777216,268435456,402653184,33554432,74973184,0,0,1,6,0,26.9626,1024,2048,0,0,32
mtran,8662,67108864,256,1,1,1,0,8,32,8,32,0,4,8672926,8388608,1,8400739,8388609,0,0,0,20,8388615,2097154,0,0,0.94086,99.983,0,0,2684354560,67108864,268435456,1140850688,0,148897792,0,0,1,4,0,46.3031,1024,1024,0,0,32
mtran,10104,67108864,256,1,1,1,0,8,32,8,32,1,3,8549830,8388607,1,8396939,8388609,0,0,0,20,8388608,2097152,0,0,0.953602,99.9844,67108864,0,3288596224,67108864,268435456,1207959552,134217728,182452224,0,0,1,3,0,45.6652,1024,1024,0,0,32
mtran,6778,33554432,256,1,1,1,0,8,32,8,64,0,5,8539410,8388607,1,8400287,8388609,0,0,0,18.1818,8388608,3145732,0,0,0.958546,99.9743,0,0,1845493760,33554432,268435456,603979776,0,109051904,0,0,1,5,0,41.6357,1024,2048,0,0,32
mtran,9850,33554432,256,1,1,1,0,8,32,8,64,1,3,8539348,8388608,1,8395583,8388609,0,0,0,18.1818,8388608,3145731,0,0,0.97518,99.9846,33554432,0,2147745536,33554432,268435456,637534208,67108864,125829120,0,0,1,4,0,33.6665,1024,2048,0,0,32
mtran,6673,67108864,512,1,1,1,0,8,64,8,64,0,5,8399396,8388608,1,8403611,8388609,0,0,0,20,8388608,2097152,0,0,0.905519,99.9799,0,0,2684354560,67108864,268435456,1140850688,0,148897792,0,0,2,5,0,58.0372,1024,2048,0,0,32
mtran,9322,67108864,512,1,1,1,0,8,64,8,64,1,4,8627391,8388608,1,8397659,8388609,0,0,0,20,8388608,2097152,0,0,0.935045,99.9856,67108864,0,3288858112,67108864,268435456,1207959552,134217728,182452224,0,0,1,4,0,50.0993,1024,2048,0,0,32
mtran,67653,67108864,32,1,1,1,0,16,2,16,2,0,2,9580172,33554431,1,8391223,33554437,0,0,0,50,2097153,2097154,0,0,0.244212,99.9943,0,0,2684354560,67108864,268435456,1073741824,0,146800640,0,0,1,2,0,9.18687,1024,128,0,0,32
mtran,38457,67108864,32,1,1,1,0,16,2,16,2,1,2,8983132,33549209,1,8392071,33554433,0,0,0,50,2097152,2097152,0,0,0.23968,99.9944,67108864,0,3288350688,67108864,268435456,1140850688,134217728,180355072,0,0,1,2,0,13.3982,1024,128,0,0,32
mtran,37030,33554432,32,1,1,1,0,16,2,16,4,0,2,8983028,16777215,1,8391655,16777217,0,0,0,40,2097152,3145728,0,0,0.244682,99.9952,0,0,1879048192,33554432,268435456,570425344,0,109051904,0,0,1,1,0,8.38441,1024,256,0,0,32
mtran,22112,33554432,32,1,1,1,0,16,2,16,4,1,2,8835088,16777352,1,8392891,16777229,0,0,3.17891E-05,40,2097152,3145728,0,0,0.241152,99.9923,33554432,0,2181054432,33554432,268435456,603979776,67108864,125829120,0,0,1,2,0,15.5016,1024,256,0,0,32
mtran,20044,16777216,32,1,1,1,0,16,2,16,8,0,2,8976928,8388608,1,8393223,8388609,0,0,0,33.3332,4194305,2097183,0,0,0.245121,99.9838,0,0,1207959552,16777216,268435456,369098752,0,66060288,0,0,1,3,0,12.0775,1024,512,0,0,32
mtran,12961,16777216,32,1,1,1,0,16,2,16,8,1,3,8686818,8388608,1,8393847,8388609,0,0,0,33.3333,4194304,2097152,0,0,0.242372,99.9846,16777216,0,1358970848,16777216,268435456,402653184,33554432,74973184,0,0,1,2,0,15.2293,1024,512,0,0,32
mtran,11679,8388608,32,1,1,1,0,16,2,16,16,0,3,8686614,8388608,1,8392163,8388609,0,0,0,20,8388608,2097152,0,0,0.245745,99.9824,0,0,729808896,8388608,268435456,176160768,0,40370176,0,0,1,3,0,12.7424,1024,1024,0,0,32
mtran,9137,8388608,32,1,1,1,0,16,2,16,16,1,4,8390244,8388608,1,8393223,8388609,0,0,0,20,8388608,2097154,0,0,0.244505,99.9839,8388608,0,805322720,8388608,268435456,184549376,16777216,44564480,0,0,1,3,0,15.9845,1024,1024,0,0,32
mtran,7974,4194304,32,1,1,1,0,16,2,16,32,0,4,8538512,8388608,1,8391963,8388609,0,0,0,11.111,16777239,2097319,0,0,0.246855,99.9655,0,0,511705088,4194304,268435456,92274688,0,29360128,0,0,1,5,0,17.3504,1024,2048,0,0,32
mtran,6811,4194304,32,1,1,1,0,16,2,16,32,1,5,8538550,8388608,1,8392479,8388609,0,0,0,11.1111,16777216,2097157,0,0,0.246385,99.9778,4194304,0,549470176,4194304,268435456,96468992,8388608,31457280,0,0,1,5,0,17.7381,1024,2048,0,0,32
mtran,36920,67108864,64,1,1,1,0,16,4,16,4,0,2,8983184,16777216,1,8392259,16777217,0,0,0,49.9993,2097181,2097180,0,0,0.474779,99.9905,0,0,2684354560,67108864,268435456,1140850688,0,148897792,0,0,1,4,0,16.8724,1024,256,0,0,32
mtran,21836,67108864,64,1,1,1,0,16,4,16,4,1,2,8837440,16777199,1,8393331,16777217,0,0,0,50,2097152,2097153,0,0,0.481007,99.9929,67108864,0,3288367040,67108864,268435456,1207959552,134217728,182452224,0,0,1,2,0,21.7248,1024,256,0,0,32
mtran,20546,33554432,64,1,1,1,0,16,4,16,8,0,2,8686838,8388608,1,8392691,8388609,0,0,0,28.5714,4194304,3145728,0,0,0.489527,99.9895,0,0,1845493760,33554432,268435456,603979776,0,109051904,0,0,1,2,0,14.0752,1024,512,0,0,32
mtran,13620,33554432,64,1,1,1,0,16,4,16,8,1,3,8538650,8388608,1,8393519,8388609,0,0,0,28.5714,4194304,3145728,0,0,0.484851,99.9866,33554432,0,2147516352,33554432,268435456,637534208,67108864,125829120,0,0,1,3,0,24.1912,1024,512,0,0,32
mtran,11604,16777216,64,1,1,1,0,16,4,16,16,0,3,8538624,8388608,1,8393071,8388609,0,0,0,19.999,8388953,2097322,0,0,0.475002,99.9782,0,0,1191182336,16777216,268435456,385875968,0,66060288,0,0,1,7,0,26.7213,1024,1024,0,0,32
mtran,8652,16777216,64,1,1,1,0,16,4,16,16,1,4,8686918,8388608,1,8393867,8388609,0,0,0,19.9995,8388803,2097220,0,0,0.485416,99.9755,16777216,0,1342209984,16777216,268435456,419430400,33554432,74973184,0,0,1,4,0,24.4205,1024,1024,0,0,32
mtran,8144,8388608,64,1,1,1,0,16,4,16,32,0,4,8390412,8388608,1,8393127,8388609,0,0,0,11.1106,16777789,2097487,0,0,0.478621,99.9765,0,0,721420288,8388608,268435456,184549376,0,40370176,0,0,1,8,0,26.8083,1024,2048,0,0,32
mtran,6640,8388608,64,1,1,1,0,16,4,16,32,1,5,8538594,8388608,1,8393251,8388609,0,0,0,11.111,16777425,2097186,0,0,0.487097,99.9796,8388608,0,796950464,8388608,268435456,192937984,16777216,44564480,0,0,1,6,0,24.7853,1024,2048,0,0,32
mtran,6527,4194304,64,1,1,1,0,16,4,16,64,0,5,8538574,8388608,1,8393807,8388609,0,0,0,11.111,16777241,2097355,0,0,0.364977,99.9728,0,0,507510784,4194304,268435456,96468992,0,29360128,0,0,1,6,0,20.5002,1024,4096,0,0,32
mtran,6170,4194304,64,1,1,1,0,16,4,16,64,1,5,8538530,8388608,1,8393015,8388609,0,0,0,11.1111,16777221,2097183,0,0,0.366405,99.9671,4194304,0,545292224,4194304,268435456,100663296,8388608,31457280,0,0,1,6,0,20.5009,1024,4096,0,0,32
mtran,20123,67108864,128,1,1,1,0,16,8,16,8,0,2,8686934,8388608,1,8393875,8388609,0,0,0,33.3289,4194789,2097501,0,0,0.923299,99.9837,0,0,2684354560,67108864,268435456,1140850688,0,148897792,0,0,1,6,0,30.0062,1024,512,0,0,32
mtran,12966,67108864,128,1,1,1,0,16,8,16,8,1,3,8541566,8388608,1,8394759,8388609,0,0,0,33.3333,4194309,2097157,0,0,0.965358,99.9807,67108864,0,3288399744,67108864,268435456,1207959552,134217728,182452224,0,0,1,3,0,35.7709,1024,512,0,0,32
mtran,11754,33554432,128,1,1,1,0,16,8,16,16,0,3,8686982,8388608,1,8393543,8388609,0,0,0,18.1813,8388714,3145950,0,0,0.957016,99.977,0,0,1845493760,33554432,268435456,603979776,0,109051904,0,0,1,5,0,29.6857,1024,1024,0,0,32
mtran,9122,33554432,128,1,1,1,0,16,8,16,16,1,4,8521822,8388608,1,8394699,8388609,0,0,0,18.1818,8388608,3145729,0,0,0.975445,99.9741,33554432,0,2147549056,33554432,268435456,637534208,67108864,125829120,0,0,1,3,0,35.8967,1024,1024,0,0,32
mtran,8297,16777216,128,1,1,1,0,16,8,16,32,0,4,8538944,8388606,1,8395067,8388609,0,0,0,11.1074,16782204,2098410,0,0,0.919562,99.9746,0,0,1191182336,16777216,268435456,385875968,0,66060288,0,0,1,9,0,36.0024,1024,2048,0,0,32
mtran,6735,16777216,128,1,1,1,0,16,8,16,32,1,5,8538876,8388606,1,8394495,8388609,0,0,0,11.1082,16780533,2098840,0,0,0.949564,99.9726,16777216,0,1342242688,16777216,268435456,419430400,33554432,74973184,0,0,1,8,0,39.1714,1024,2048,0,0,32
mtran,7014,8388608,128,1,1,1,0,16,8,16,64,0,5,8538998,8388608,1,8395523,8388609,0,0,0,11.1103,16778339,2097381,0,0,0.705363,99.9556,0,0,721420288,8388608,268435456,184549376,0,40370176,0,0,1,9,0,28.3957,1024,4096,0,0,32
mtran,6159,8388608,128,1,1,1,0,16,8,16,64,1,5,8390700,8388608,1,8394135,8388609,0,0,0,11.1105,16778107,2097342,0,0,0.717138,99.9544,8388608,0,796983168,8388608,268435456,192937984,16777216,44564480,0,0,1,8,0,30.9067,1024,4096,0,0,32
mtran,11540,67108864,256,1,1,1,0,16,16,16,16,0,3,8687338,8388608,1,8395415,8388609,0,0,0,19.9998,8388608,2097233,0,0,0.952064,99.9805,0,0,2684354560,67108864,268435456,1140850688,0,148897792,0,0,1,3,0,34.7658,1024,1024,0,0,32
mtran,8508,67108864,256,1,1,1,0,16,16,16,16,1,4,8534650,8388608,1,8396003,8388609,0,0,0,20,8388608,2097152,0,0,0.943317,99.9824,67108864,0,3288465152,67108864,268435456,1207959552,134217728,182452224,0,0,1,3,0,53.6191,1024,1024,0,0,32
mtran,7825,33554432,256,1,1,1,0,16,16,16,32,0,4,8547728,8388608,1,8395263,8388609,0,0,0,10.5258,16777232,3146655,0,0,0.951678,99.9757,0,0,1845493760,33554432,268435456,603979776,0,109051904,0,0,1,6,0,39.5875,1024,2048,0,0,32
mtran,6528,33554432,256,1,1,1,0,16,16,16,32,1,5,8539014,8388608,1,8395563,8388609,0,0,0,10.5263,16777216,3145728,0,0,0.959927,99.9719,33554432,0,2147614464,33554432,268435456,637534208,67108864,125829120,0,0,1,6,0,50.4054,1024,2048,0,0,32
mtran,6807,16777216,256,1,1,1,0,16,16,16,64,0,5,8539254,8388607,1,8398727,8388609,0,0,0,11.1106,16777808,2097425,0,0,0.917299,99.9689,0,0,1191182336,16777216,268435456,385875968,0,66060288,0,0,1,8,0,36.064,1024,4096,0,0,32
mtran,5899,16777216,256,1,1,1,0,16,16,16,64,1,5,8550046,8388608,1,8395551,8388609,0,0,0,11.1103,16778163,2097653,0,0,0.933637,99.9619,16777216,0,1342308096,16777216,268435456,419430400,33554432,74973184,0,0,1,8,0,40.0281,1024,4096,0,0,32
mtran,7089,67108864,512,1,1,1,0,16,32,16,32,0,4,8539320,8388608,1,8400851,8388609,0,0,0,11.1104,16777216,2098307,0,0,0.90429,99.9799,0,0,2684354560,67108864,268435456,1140850688,0,148897792,0,0,2,5,0,57.8932,1024,2048,0,0,32
mtran,7598,67108864,512,1,1,1,0,16,32,16,32,1,4,8545612,8388608,1,8397723,8388609,0,0,0,11.1111,16777216,2097152,0,0,0.917133,99.9788,67108864,0,3288595968,67108864,268435456,1207959552,134217728,182452224,0,0,2,5,0,62.2565,1024,2048,0,0,32
mtran,6215,33554432,512,1,1,1,0,16,32,16,64,0,5,8391092,8388608,1,8400383,8388609,0,0,0,10.5257,16777216,3146821,0,0,0.928075,99.9682,0,0,1845493760,33554432,268435456,603979776,0,109051904,0,0,1,6,0,47.7778,1024,4096,0,0,32
mtran,6116,33554432,512,1,1,1,0,16,32,16,64,1,5,8391048,8388608,1,8397471,8388609,0,0,0,10.5263,16777216,3145728,0,0,0.944435,99.9778,33554432,0,2147745280,33554432,268435456,637534208,67108864,125829120,0,0,1,6,0,55.7006,1024,4096,0,0,32
mtran,8021,67108864,1024,1,1,1,0,16,64,16,64,0,4,8539992,8388608,1,8403791,8388609,0,0,0,11.1011,16777216,2114246,0,0,0.847037,99.883,0,0,2684354560,67108864,268435456,1140850688,0,148897792,0,0,1,4,0,49.5814,1024,4096,0,0,32
mtran,9315,67108864,1024,1,1,1,0,16,64,16,64,1,4,8687694,8388608,1,8399159,8388609,0,0,0,11.1111,16777216,2097226,0,0,0.864725,99.9792,67108864,0,3288857600,67108864,268435456,1207959552,134217728,182452224,0,0,1,4,0,50.7221,1024,4096,0,0,32
mtran,126656,67108864,32,1,1,1,0,32,1,32,1,0,2,10761572,67108864,1,8390743,67108865,0,0,0,49.9994,2097178,2097180,0,0,0.246933,99.9967,0,0,2147483648,67108864,268435456,939524096,0,125829120,0,0,1,4,0,11.8729,1024,128,0,0,32
mtran,79841,67108864,32,1,1,1,0,32,1,32,1,1,2,9724044,67035707,1,8390699,67108874,0,0,0,49.999,2097191,2097193,0,0,0.24512,99.9964,67108864,0,2751471584,67108864,268435456,1006632960,134217728,159383552,0,0,1,4,0,12.0947,1024,128,0,0,32
mtran,66260,33554432,32,1,1,1,0,32,1,32,2,0,2,9575732,33554432,1,8390591,33554433,0,0,0,39.9999,2097158,3145732,0,0,0.247065,99.9941,0,0,1778384896,33554432,268435456,570425344,0,105906176,0,0,1,3,0,9.59776,1024,256,0,0,32
mtran,34696,33554432,32,1,1,1,0,32,1,32,2,1,3,8982948,33524063,1,8391171,33554449,0,0,6.67572E-05,40,2097152,3145728,0,0,0.244388,99.9931,33554432,0,2080382944,33554432,268435456,603979776,67108864,122683392,0,0,1,2,0,11.4568,1024,256,0,0,32
mtran,35397,16777216,32,1,1,1,0,32,1,32,4,0,2,8982928,16777216,1,8391383,16777217,0,0,0,33.3326,4194405,2097189,0,0,0.247248,99.9891,0,0,1174405120,16777216,268435456,369098752,0,65011712,0,0,1,4,0,12.9157,1024,512,0,0,32
mtran,19397,16777216,32,1,1,1,0,32,1,32,4,1,3,8697250,16775468,1,8391859,16777217,0,0,0,33.3333,4194312,2097154,0,0,0.244897,99.9903,16777216,0,1325408224,16777216,268435456,402653184,33554432,73924608,0,0,1,3,0,12.6311,1024,512,0,0,32
mtran,19154,8388608,32,1,1,1,0,32,1,32,8,0,2,8686498,8388608,1,8391387,8388609,0,0,0,19.9999,8388608,2097192,0,0,0.247407,99.9849,0,0,704643072,8388608,268435456,184549376,0,39845888,0,0,1,4,0,10.66,1024,1024,0,0,32
mtran,11361,8388608,32,1,1,1,0,32,1,32,8,1,3,8686502,8388608,1,8391943,8388609,0,0,0,20,8388608,2097175,0,0,0.245646,99.9826,8388608,0,780148704,8388608,268435456,192937984,16777216,44040192,0,0,1,3,0,13.0736,1024,1024,0,0,32
mtran,10866,4194304,32,1,1,1,0,32,1,32,16,0,3,8531052,8388608,1,8391047,8388609,0,0,0,11.111,16777232,2097309,0,0,0.247624,99.9719,0,0,515899392,4194304,268435456,96468992,0,29622272,0,0,1,5,0,14.9176,1024,2048,0,0,32
mtran,6774,4194304,32,1,1,1,0,32,1,32,16,1,5,8529992,8388608,1,8391635,8388609,0,0,0,11.111,16777216,2097279,0,0,0.246331,99.9741,4194304,0,553656288,4194304,268435456,100663296,8388608,31719424,0,0,1,5,0,19.2999,1024,2048,0,0,32
mtran,7330,2097152,32,1,1,1,0,32,1,32,32,0,4,8471151,8388912,1,8391455,8388609,0,0,0,5.88234,33554432,2097237,0,0,0.185764,99.9739,0,0,415236096,6291456,268435456,50331648,0,24117248,0,0,1,7,0,19.5638,1024,4096,0,0,32
mtran,7340,2097152,32,1,1,1,0,32,1,32,32,1,4,8538454,8388752,1,8392215,8388621,0,0,4.76837E-05,5.88235,33554432,2097179,0,0,0.185747,99.978,2097152,0,434118624,6291456,268435456,52428800,4194304,25165824,0,0,1,7,0,20.0269,1024,4096,0,0,32
mtran,66241,67108864,64,1,1,1,0,32,2,32,2,0,2,9575920,33554508,1,8390991,33554433,0,0,0,49.9731,2098246,2098314,0,0,0.45932,99.9934,0,0,2684354560,67108864,268435456,1073741824,0,146800640,0,0,1,7,0,20.8016,1024,256,0,0,32
mtran,34659,67108864,64,1,1,1,0,32,2,32,2,1,3,9084560,33511062,1,8391127,33554433,0,0,0,49.9972,2097281,2097255,0,0,0.478316,99.992,67108864,0,3288350656,67108864,268435456,1140850688,134217728,180355072,0,0,1,4,0,19.4589,1024,256,0,0,32
mtran,35343,33554432,64,1,1,1,0,32,2,32,4,0,2,8986036,16777216,1,8390979,16777217,0,0,0,28.5702,4194479,3145861,0,0,0.477576,99.9877,0,0,1879048192,33554432,268435456,570425344,0,109051904,0,0,1,5,0,16.5667,1024,512,0,0,32
mtran,19163,33554432,64,1,1,1,0,32,2,32,4,1,3,8686638,16774784,1,8391551,16777217,0,0,0,28.5714,4194313,3145733,0,0,0.487989,99.9876,33554432,0,2181054400,33554432,268435456,603979776,67108864,125829120,0,0,1,3,0,19.208,1024,512,0,0,32
mtran,18927,16777216,64,1,1,1,0,32,2,32,8,0,2,8686598,8388608,1,8392527,8388609,0,0,0,19.9973,8389507,2097664,0,0,0.470036,99.9797,0,0,1207959552,16777216,268435456,369098752,0,66060288,0,0,1,7,0,23.6914,1024,1024,0,0,32
mtran,11015,16777216,64,1,1,1,0,32,2,32,8,1,3,8681442,8388608,1,8393215,8388609,0,0,0,19.9983,8388691,2097941,0,0,0.483673,99.9787,16777216,0,1358970816,16777216,268435456,402653184,33554432,74973184,0,0,1,5,0,23.3865,1024,1024,0,0,32
mtran,10519,8388608,64,1,1,1,0,32,2,32,16,0,3,8390192,8388608,1,8391771,8388609,0,0,0,11.1105,16777647,2097838,0,0,0.476851,99.9744,0,0,721420288,8388608,268435456,184549376,0,40370176,0,0,1,8,0,25.1492,1024,2048,0,0,32
mtran,6886,8388608,64,1,1,1,0,32,2,32,16,1,5,8530074,8388608,1,8392603,8388609,0,0,0,11.1107,16777274,2097730,0,0,0.486152,99.962,8388608,0,796934080,8388608,268435456,192937984,16777216,44564480,0,0,1,6,0,25.9078,1024,2048,0,0,32
mtran,6884,4194304,64,1,1,1,0,32,2,32,32,0,5,8534488,8388608,1,8392087,8388609,0,0,0,5.88097,33554552,2105410,0,0,0.359599,99.9746,0,0,524288000,4194304,268435456,96468992,0,29884416,0,0,1,8,0,25.4051,1024,4096,0,0,32
mtran,5554,4194304,64,1,1,1,0,32,2,32,32,1,6,8530576,8388608,1,8393079,8388609,0,0,0,5.88229,33554432,2097550,0,0,0.3595,99.9625,4194304,0,562053056,4194304,268435456,100663296,8388608,31981568,0,0,1,9,0,29.2588,1024,4096,0,0,32
mtran,7395,2097152,64,1,1,1,0,32,2,32,64,0,4,8531306,8388720,1,8392175,8388609,0,0,0,5.88232,33554432,2097326,0,0,0.182663,99.9608,0,0,419430400,6291456,268435456,50331648,0,24248320,0,0,1,7,0,19.7694,1024,8192,0,0,32
mtran,7406,2097152,64,1,1,1,0,32,2,32,64,1,4,8538510,8388740,1,8392191,8388617,0,0,0,5.88234,33554432,2097201,0,0,0.182819,99.9747,2097152,0,438321088,6291456,268435456,52428800,4194304,25296896,0,0,1,7,0,19.9995,1024,8192,0,0,32
mtran,35418,67108864,128,1,1,1,0,32,4,32,4,0,2,8995280,16777216,1,8392143,16777217,0,0,0,33.2208,4205047,2107712,0,0,0.879783,99.9882,0,0,2684354560,67108864,268435456,1140850688,0,148897792,0,0,1,8,0,28.9384,1024,512,0,0,32
mtran,19096,67108864,128,1,1,1,0,32,4,32,4,1,3,8686842,16774644,1,8392951,16777217,0,0,0,33.3212,4195462,2098277,0,0,0.945778,99.984,67108864,0,3288366976,67108864,268435456,1207959552,134217728,182452224,0,0,1,5,0,31.6545,1024,512,0,0,32
mtran,18912,33554432,128,1,1,1,0,32,4,32,8,0,2,8822663,8388613,1,8392168,8388609,0,0,0,18.1743,8391146,3147963,0,0,0.925208,99.9831,0,0,1845493760,33554432,268435456,603979776,0,109051904,0,0,1,7,0,27.9735,1024,1024,0,0,32
mtran,11301,33554432,128,1,1,1,0,32,4,32,8,1,3,8540774,8388608,1,8392863,8388609,0,0,0,18.1814,8388686,3145911,0,0,0.971231,99.9803,33554432,0,2147516288,33554432,268435456,637534208,67108864,125829120,0,0,1,4,0,32.3614,1024,1024,0,0,32
mtran,10613,16777216,128,1,1,1,0,32,4,32,16,0,3,8686798,8388608,1,8392727,8388609,0,0,0,11.0892,16786503,2125152,0,0,0.910062,99.9683,0,0,1191182336,16777216,268435456,385875968,0,66060288,0,0,1,10,0,33.5897,1024,2048,0,0,32
mtran,6703,16777216,128,1,1,1,0,32,4,32,16,1,5,8390284,8388607,1,8393579,8388609,0,0,0,11.1069,16778455,2103075,0,0,0.940087,99.9576,16777216,0,1342209920,16777216,268435456,419430400,33554432,74973184,0,0,1,8,0,40.0611,1024,2048,0,0,32
mtran,6763,8388608,128,1,1,1,0,32,4,32,32,0,5,8541554,8388608,1,8393379,8388609,0,0,0,5.88141,33554555,2102771,0,0,0.69929,99.97,0,0,713031680,8388608,268435456,192937984,0,40370176,0,0,1,9,0,30.5239,1024,4096,0,0,32
mtran,5102,8388608,128,1,1,1,0,32,4,32,32,1,6,8685158,8388608,1,8393295,8388609,0,0,0,5.88222,33554517,2097862,0,0,0.700014,99.9711,8388608,0,788561792,8388608,268435456,201326592,16777216,44564480,0,0,1,9,0,36.2453,1024,4096,0,0,32
mtran,6053,4194304,128,1,1,1,0,32,4,32,64,0,5,8390376,8388608,1,8394439,8388609,0,0,0,5.88177,33554432,2100689,0,0,0.351264,99.9565,0,0,520093696,4194304,268435456,100663296,0,29884416,0,0,1,8,0,26.4625,1024,8192,0,0,32
mtran,5559,4194304,128,1,1,1,0,32,4,32,64,1,6,8403524,8388608,1,8393667,8388609,0,0,0,5.88219,33554432,2098131,0,0,0.350436,99.9653,4194304,0,557875072,4194304,268435456,104857600,8388608,31981568,0,0,1,9,0,28.7308,1024,8192,0,0,32
mtran,18457,67108864,256,1,1,1,0,32,8,32,8,0,2,8686874,8388608,1,8393959,8388609,0,0,0,19.9991,8388863,2097364,0,0,0.917168,99.98,0,0,2684354560,67108864,268435456,1140850688,0,148897792,0,0,1,5,0,28.8993,1024,1024,0,0,32
mtran,10973,67108864,256,1,1,1,0,32,8,32,8,1,3,8687034,8388664,1,8394687,8388609,0,0,0,19.9991,8388610,2097619,0,0,0.955467,99.9779,67108864,0,3288399616,67108864,268435456,1207959552,134217728,182452224,0,0,1,3,0,42.4482,1024,1024,0,0,32
mtran,10352,33554432,256,1,1,1,0,32,8,32,16,0,3,8409340,8388608,1,8393699,8388609,0,0,0,10.5261,16777274,3145990,0,0,0.942367,99.9759,0,0,1845493760,33554432,268435456,603979776,0,109051904,0,0,1,5,0,32.753,1024,2048,0,0,32
mtran,6800,33554432,256,1,1,1,0,32,8,32,16,1,5,8393152,8388608,1,8394791,8388609,0,0,0,10.5262,16777216,3145961,0,0,0.960279,99.9759,33554432,0,2147548928,33554432,268435456,637534208,67108864,125829120,0,0,1,5,0,50.5338,1024,2048,0,0,32
mtran,6825,16777216,256,1,1,1,0,32,8,32,32,0,5,8400024,8388607,1,8397115,8388609,0,0,0,5.87721,33554445,2128334,0,0,0.903247,99.977,0,0,1191182336,16777216,268435456,385875968,0,66060288,0,0,1,9,0,39.7988,1024,4096,0,0,32
mtran,5227,16777216,256,1,1,1,0,32,8,32,32,1,6,8524588,8388608,1,8395315,8388609,0,0,0,5.87826,33554470,2121962,0,0,0.901353,99.9718,16777216,0,1342242560,16777216,268435456,419430400,33554432,74973184,0,0,1,9,0,48.2632,1024,4096,0,0,32
mtran,5913,8388608,256,1,1,1,0,32,8,32,64,0,5,8457580,8388607,1,8397367,8388609,0,0,0,5.88026,33554501,2109755,0,0,0.690511,99.9559,0,0,713031680,8388608,268435456,192937984,0,40370176,0,0,1,9,0,32.1475,1024,8192,0,0,32
mtran,5218,8388608,256,1,1,1,0,32,8,32,64,1,6,8390476,8388608,1,8394043,8388609,0,0,0,5.88123,33554432,2103962,0,0,0.683767,99.9531,8388608,0,788594432,8388608,268435456,201326592,16777216,44564480,0,0,1,9,0,36.3745,1024,8192,0,0,32
mtran,10139,67108864,512,1,1,1,0,32,16,32,16,0,3,8390744,8388608,1,8394983,8388609,0,0,0,11.1107,16777216,2097845,0,0,0.932611,99.9772,0,0,2684354560,67108864,268435456,1140850688,0,148897792,0,0,1,4,0,39.3897,1024,2048,0,0,32
mtran,7389,67108864,512,1,1,1,0,32,16,32,16,1,4,8539026,8388608,1,8396507,8388609,0,0,0,11.1111,16777216,2097171,0,0,0.920908,99.9831,67108864,0,3288464896,67108864,268435456,1207959552,134217728,182452224,0,0,2,5,0,63.4751,1024,2048,0,0,32
mtran,6836,33554432,512,1,1,1,0,32,16,32,32,0,5,8390764,8388608,1,8395475,8388609,0,0,0,5.71428,33554432,3145753,0,0,0.911227,99.9745,0,0,1845493760,33554432,268435456,603979776,0,109051904,0,0,1,8,0,49.8155,1024,4096,0,0,32
mtran,6902,33554432,512,1,1,1,0,32,16,32,32,1,5,8539028,8388704,1,8396407,8388621,0,0,2.38419E-05,5.71425,33554432,3145962,0,0,0.920004,99.9798,33554432,0,2147614208,33554432,268435456,637534208,67108864,125829120,0,0,1,8,0,54.6529,1024,4096,0,0,32
mtran,5684,16777216,512,1,1,1,0,32,16,32,64,0,5,8539258,8388608,1,8400531,8388609,0,0,0,5.85813,33554432,2244572,0,0,0.882841,99.97,0,0,1191182336,16777216,268435456,385875968,0,66060288,0,0,1,9,0,40.3627,1024,8192,0,0,32
mtran,5422,16777216,512,1,1,1,0,32,16,32,64,1,6,8390664,8388608,1,8396395,8388609,0,0,0,5.86636,33554432,2194351,0,0,0.878617,99.9629,16777216,0,1342307840,16777216,268435456,419430400,33554432,74973184,0,0,1,9,0,45.6365,1024,8192,0,0,32
mtran,10281,67108864,1024,1,1,1,0,32,32,32,32,0,3,8524390,8388608,1,8400015,8388609,0,0,0,5.88233,33554432,2097266,0,0,0.811882,99.9814,0,0,2684354560,67108864,268435456,1140850688,0,148897792,0,0,1,5,0,42.6125,1024,4096,0,0,32
mtran,10622,67108864,1024,1,1,1,0,32,32,32,32,1,3,8651620,8388612,1,8400011,8388609,0,0,0,5.8823,33554432,2097489,0,0,0.812728,99.9833,67108864,0,3288595456,67108864,268435456,1207959552,134217728,182452224,0,0,1,5,0,48.4118,1024,4096,0,0,32
mtran,8259,33554432,1024,1,1,1,0,32,32,32,64,0,4,8671910,8388640,1,8399435,8388621,0,0,4.76837E-05,5.71396,33554432,3147837,0,0,0.872825,99.9655,0,0,1845493760,33554432,268435456,603979776,0,109051904,0,0,1,6,0,40.0064,1024,8192,0,0,32
mtran,9027,33554432,1024,1,1,1,0,32,32,32,64,1,4,8391160,8388608,1,8397939,8388609,0,0,0,5.71423,33554432,3146102,0,0,0.878218,99.9725,33554432,0,2147744768,33554432,268435456,637534208,67108864,125829120,0,0,1,6,0,41.5538,1024,8192,0,0,32
mtran,126927,67108864,64,1,1,1,0,64,1,64,1,0,2,10761532,67108711,1,8390207,67108869,0,0,0,49.9036,2100610,2101793,0,0,0.464091,99.9964,0,0,2147483648,67108864,268435456,939524096,0,125829120,0,0,1,9,0,22.6357,1024,256,0,0,32
mtran,93252,67108864,64,1,1,1,0,64,1,64,1,1,2,10032894,66331189,1,8390371,67108893,0,0,0,49.8014,2104376,2106653,0,0,0.469801,99.9958,67108864,0,2751471552,67108864,268435456,1006632960,134217728,159383552,0,0,1,8,0,23.329,1024,256,0,0,32
mtran,66337,33554432,64,1,1,1,0,64,1,64,2,0,2,9575772,33554305,1,8390255,33554433,0,0,0,28.5588,4195857,3147417,0,0,0.470215,99.9932,0,0,1778384896,33554432,268435456,570425344,0,105906176,0,0,1,8,0,20.7552,1024,512,0,0,32
mtran,42348,33554432,64,1,1,1,0,64,1,64,2,1,2,9131140,33363845,1,8390331,33554433,0,0,0,28.5673,4194817,3146286,0,0,0.477702,99.9938,33554432,0,2080382912,33554432,268435456,603979776,67108864,122683392,0,0,1,6,0,20.086,1024,512,0,0,32
mtran,35242,16777216,64,1,1,1,0,64,1,64,4,0,2,8986309,16777196,1,8391152,16777217,0,0,0,19.988,8392951,2099115,0,0,0.469246,99.9877,0,0,1174405120,16777216,268435456,369098752,0,65011712,0,0,1,9,0,23.5925,1024,1024,0,0,32
mtran,18935,16777216,64,1,1,1,0,64,1,64,4,1,3,8816898,16741124,1,8391295,16777217,0,0,0,19.9981,8389166,2097565,0,0,0.478582,99.9805,16777216,0,1325408192,16777216,268435456,402653184,33554432,73924608,0,0,1,7,0,22.2673,1024,1024,0,0,32
mtran,19135,8388608,64,1,1,1,0,64,1,64,8,0,2,8834514,8388608,1,8391247,8388609,0,0,0,11.1095,16779157,2097977,0,0,0.478477,99.9801,0,0,704643072,8388608,268435456,184549376,0,39845888,0,0,1,8,0,22.3359,1024,2048,0,0,32
mtran,11041,8388608,64,1,1,1,0,64,1,64,8,1,3,8411456,8388608,1,8391519,8388609,0,0,0,11.1105,16777458,2097872,0,0,0.485717,99.9708,8388608,0,780148672,8388608,268435456,192937984,16777216,44040192,0,0,1,7,0,22.725,1024,2048,0,0,32
mtran,10769,4194304,64,1,1,1,0,64,1,64,16,0,3,8390072,8388608,1,8390807,8388609,0,0,0,5.88216,33554553,2098193,0,0,0.363237,99.9644,0,0,511705088,4194304,268435456,100663296,0,29622272,0,0,1,7,0,21.2003,1024,4096,0,0,32
mtran,6898,4194304,64,1,1,1,0,64,1,64,16,1,5,8443812,8388607,1,8391343,8388609,0,0,0,5.88229,33554451,2097503,0,0,0.362202,99.9697,4194304,0,549461952,4194304,268435456,104857600,8388608,31719424,0,0,1,8,0,26.0941,1024,4096,0,0,32
mtran,11826,2097152,64,1,1,1,0,64,1,64,32,0,3,8677798,8388772,1,8391875,8388629,0,0,7.15255E-05,3.0303,67108864,2097221,0,0,0.182124,99.9722,0,0,421527552,6291456,268435456,52428800,0,24379392,0,0,1,8,0,20.2806,1024,8192,0,0,32
mtran,11680,2097152,64,1,1,1,0,64,1,64,32,1,3,8527256,8388752,1,8392011,8388633,0,0,9.53673E-05,3.0303,67108864,2097197,0,0,0.181427,99.9648,2097152,0,440410048,6291456,268435456,54525952,4194304,25427968,0,0,1,8,0,20.574,1024,8192,0,0,32
mtran,19244,1048576,64,1,1,1,0,64,1,64,64,0,2,8686514,8388624,1,8391207,8388621,0,0,0.000166893,3.0303,67108864,2097152,0,0,0.0927836,99.9705,0,0,371195904,7340032,268435456,29360128,0,21626880,0,0,1,5,0,12.169,1024,16384,0,0,32
mtran,19199,1048576,64,1,1,1,0,64,1,64,64,1,2,8686518,8388628,1,8391247,8388637,0,0,4.76837E-05,3.0303,67108864,2097152,0,0,0.0928311,99.9787,1048576,0,380641216,7340032,268435456,30408704,2097152,22151168,0,0,1,5,0,12.2278,1024,16384,0,0,32
mtran,65991,67108864,128,1,1,1,0,64,2,64,2,0,2,9569868,33553818,1,8390623,33554433,0,0,0,33.0224,4220298,2130392,0,0,0.891623,99.9928,0,0,2684354560,67108864,268435456,1073741824,0,146800640,0,0,1,10,0,27.2989,1024,512,0,0,32
mtran,42023,67108864,128,1,1,1,0,64,2,64,2,1,2,9279418,33311992,1,8391023,33554433,0,0,0,33.1739,4209306,2112395,0,0,0.907617,99.9934,67108864,0,3288350592,67108864,268435456,1140850688,134217728,180355072,0,0,1,9,0,30.4218,1024,512,0,0,32
mtran,34630,33554432,128,1,1,1,0,64,2,64,4,0,2,8982996,16775919,1,8390871,16777217,0,0,0,18.1397,8404223,3156892,0,0,0.912959,99.9865,0,0,1879048192,33554432,268435456,570425344,0,109051904,0,0,1,9,0,26.5795,1024,1024,0,0,32
mtran,18826,33554432,128,1,1,1,0,64,2,64,4,1,3,8694535,16729862,1,8391443,16777217,0,0,0,18.1776,8389778,3147217,0,0,0.953581,99.9822,33554432,0,2181054336,33554432,268435456,603979776,67108864,125829120,0,0,1,6,0,28.4552,1024,1024,0,0,32
mtran,18739,16777216,128,1,1,1,0,64,2,64,8,0,2,8754044,8388608,1,8392307,8388609,0,0,0,11.0988,16790731,2104494,0,0,0.91338,99.9667,0,0,1207959552,16777216,268435456,369098752,0,66060288,0,0,1,10,0,29.4116,1024,2048,0,0,32
mtran,10811,16777216,128,1,1,1,0,64,2,64,8,1,3,8538422,8388607,1,8392591,8388609,0,0,0,11.1064,16780274,2102144,0,0,0.937962,99.9657,16777216,0,1358970752,16777216,268435456,402653184,33554432,74973184,0,0,1,9,0,32.9426,1024,2048,0,0,32
mtran,10573,8388608,128,1,1,1,0,64,2,64,16,0,3,8686534,8388608,1,8391527,8388609,0,0,0,5.88091,33557653,2102701,0,0,0.69627,99.9742,0,0,721420288,8388608,268435456,184549376,0,40370176,0,0,1,10,0,28.2596,1024,4096,0,0,32
mtran,6882,8388608,128,1,1,1,0,64,2,64,16,1,5,8538400,8388608,1,8392191,8388609,0,0,0,5.88188,33554933,2099498,0,0,0.708648,99.9577,8388608,0,796934016,8388608,268435456,192937984,16777216,44564480,0,0,1,9,0,33.1123,1024,4096,0,0,32
mtran,9485,4194304,128,1,1,1,0,64,2,64,32,0,3,8538416,8388616,1,8391755,8388609,0,0,0,3.03024,67108864,2098505,0,0,0.342546,99.9735,0,0,520093696,4194304,268435456,100663296,0,29884416,0,0,1,9,0,26.2677,1024,8192,0,0,32
mtran,9454,4194304,128,1,1,1,0,64,2,64,32,1,3,8538384,8388608,1,8392427,8388609,0,0,0,3.03027,67108864,2097804,0,0,0.343134,99.9799,4194304,0,557858688,4194304,268435456,104857600,8388608,31981568,0,0,1,9,0,26.7854,1024,8192,0,0,32
mtran,11937,2097152,128,1,1,1,0,64,2,64,64,0,3,8686794,8388752,1,8392519,8388609,0,0,0,3.03026,67108864,2098193,0,0,0.177628,99.9539,0,0,425721856,6291456,268435456,52428800,0,24510464,0,0,1,8,0,20.0732,1024,16384,0,0,32
mtran,12050,2097152,128,1,1,1,0,64,2,64,64,1,3,8686830,8388752,1,8392867,8388621,0,0,0,3.03028,67108864,2097691,0,0,0.178418,99.9608,2097152,0,444612480,6291456,268435456,54525952,4194304,25559040,0,0,1,8,0,20.0414,1024,16384,0,0,32
mtran,34581,67108864,256,1,1,1,0,64,4,64,4,0,2,9120022,16777216,1,8392207,16777217,0,0,0,19.9746,8395939,2103162,0,0,0.874451,99.989,0,0,2684354560,67108864,268435456,1140850688,0,148897792,0,0,1,8,0,26.8673,1024,1024,0,0,32
mtran,18748,67108864,256,1,1,1,0,64,4,64,4,1,3,8688846,16773583,1,8392571,16777217,0,0,0,19.9968,8389475,2097972,0,0,0.952587,99.981,67108864,0,3288366848,67108864,268435456,1207959552,134217728,182452224,0,0,1,4,0,29.7961,1024,1024,0,0,32
mtran,18635,33554432,256,1,1,1,0,64,4,64,8,0,2,8686662,8388608,1,8392095,8388609,0,0,0,10.5251,16778557,3146664,0,0,0.931536,99.9801,0,0,1845493760,33554432,268435456,603979776,0,109051904,0,0,1,6,0,25.9394,1024,2048,0,0,32
mtran,10795,33554432,256,1,1,1,0,64,4,64,8,1,3,8538558,8388608,1,8392763,8388609,0,0,0,10.5262,16777265,3145871,0,0,0.971253,99.9675,33554432,0,2147516160,33554432,268435456,637534208,67108864,125829120,0,0,1,4,0,33.233,1024,2048,0,0,32
mtran,10571,16777216,256,1,1,1,0,64,4,64,16,0,3,8686754,8388608,1,8392883,8388609,0,0,0,5.87375,33558020,2145769,0,0,0.893675,99.9725,0,0,1191182336,16777216,268435456,385875968,0,66060288,0,0,1,9,0,33.32,1024,4096,0,0,32
mtran,6597,16777216,256,1,1,1,0,64,4,64,16,1,5,8390336,8388608,1,8393607,8388609,0,0,0,5.87544,33554998,2138541,0,0,0.917307,99.9714,16777216,0,1342209792,16777216,268435456,419430400,33554432,74973184,0,0,1,9,0,41.1235,1024,4096,0,0,32
mtran,8992,8388608,256,1,1,1,0,64,4,64,32,0,4,8548208,8388608,1,8392719,8388609,0,0,0,3.03022,67108871,2098975,0,0,0.675558,99.9758,0,0,713031680,8388608,268435456,192937984,0,40370176,0,0,1,10,0,30.1121,1024,8192,0,0,32
mtran,8960,8388608,256,1,1,1,0,64,4,64,32,1,4,8680404,8388610,1,8392659,8388615,0,0,0,3.03022,67108864,2099142,0,0,0.671878,99.9463,8388608,0,788561664,8388608,268435456,201326592,16777216,44564480,0,0,1,10,0,31.3011,1024,8192,0,0,32
mtran,9649,4194304,256,1,1,1,0,64,4,64,64,0,3,8673698,8388608,1,8393295,8388609,0,0,0,3.03023,67108864,2098778,0,0,0.332717,99.9579,0,0,515899392,4194304,268435456,104857600,0,29884416,0,0,1,9,0,25.7708,1024,16384,0,0,32
mtran,9649,4194304,256,1,1,1,0,64,4,64,64,1,3,8525808,8388608,1,8393311,8388609,0,0,0,3.03025,67108864,2098298,0,0,0.334037,99.955,4194304,0,553680640,4194304,268435456,109051904,8388608,31981568,0,0,1,9,0,26.2029,1024,16384,0,0,32
mtran,18256,67108864,512,1,1,1,0,64,8,64,8,0,2,8692854,8388608,1,8393879,8388609,0,0,0,11.111,16777225,2097309,0,0,0.928638,99.9822,0,0,2684354560,67108864,268435456,1140850688,0,148897792,0,0,1,4,0,25.8343,1024,2048,0,0,32
mtran,10857,67108864,512,1,1,1,0,64,8,64,8,1,3,8686974,8388620,1,8394551,8388609,0,0,7.15255E-05,11.111,16777216,2097389,0,0,0.936123,99.9807,67108864,0,3288399360,67108864,268435456,1207959552,134217728,182452224,0,0,1,4,0,44.7116,1024,2048,0,0,32
mtran,10528,33554432,512,1,1,1,0,64,8,64,16,0,3,8686878,8388608,1,8393855,8388609,0,0,0,5.71389,33554450,3148233,0,0,0.935377,99.9802,0,0,1845493760,33554432,268435456,603979776,0,109051904,0,0,1,6,0,33.3908,1024,4096,0,0,32
mtran,7395,33554432,512,1,1,1,0,64,8,64,16,1,4,8677926,8388656,1,8394799,8388609,0,0,0,5.71428,33554432,3145790,0,0,0.921361,99.9779,33554432,0,2147548672,33554432,268435456,637534208,67108864,125829120,0,0,1,8,0,52.8117,1024,4096,0,0,32
mtran,9183,16777216,512,1,1,1,0,64,8,64,32,0,4,8390432,8388608,1,8397175,8388609,0,0,0,3.02664,67108864,2180837,0,0,0.854161,99.963,0,0,1191182336,16777216,268435456,385875968,0,66060288,0,0,1,10,0,35.8208,1024,8192,0,0,32
mtran,9167,16777216,512,1,1,1,0,64,8,64,32,1,4,8686926,8388608,1,8395879,8388609,0,0,0,3.02589,67108864,2198079,0,0,0.85237,99.9733,16777216,0,1342242304,16777216,268435456,419430400,33554432,74973184,0,0,1,10,0,37.217,1024,8192,0,0,32
mtran,9135,8388608,512,1,1,1,0,64,8,64,64,0,4,8542168,8388608,1,8395283,8388609,0,0,0,3.02805,67108864,2148597,0,0,0.664577,99.9573,0,0,713031680,8388608,268435456,192937984,0,40370176,0,0,1,10,0,29.5743,1024,16384,0,0,32
mtran,9125,8388608,512,1,1,1,0,64,8,64,64,1,4,8686554,8388608,1,8393659,8388609,0,0,0,3.02895,67108864,2127961,0,0,0.658175,99.9383,8388608,0,788594176,8388608,268435456,201326592,16777216,44564480,0,0,1,10,0,30.7677,1024,16384,0,0,32
mtran,10963,67108864,1024,1,1,1,0,64,16,64,16,0,3,8687058,8388728,1,8395203,8388621,0,0,4.76837E-05,5.88221,33554432,2097994,0,0,0.818893,99.9762,0,0,2684354560,67108864,268435456,1140850688,0,148897792,0,0,1,5,0,40.4611,1024,4096,0,0,32
mtran,11012,67108864,1024,1,1,1,0,64,16,64,16,1,3,8678978,8388618,1,8395811,8388613,0,0,2.38419E-05,5.88222,33554432,2097936,0,0,0.818891,99.9831,67108864,0,3288464384,67108864,268435456,1207959552,134217728,182452224,0,0,1,5,0,47.2367,1024,4096,0,0,32
mtran,12144,33554432,1024,1,1,1,0,64,16,64,32,0,3,8601639,8388616,1,8395295,8388609,0,0,0,2.98507,67108864,3145782,0,0,0.858445,99.9802,0,0,1845493760,33554432,268435456,603979776,0,109051904,0,0,1,8,0,34.9107,1024,8192,0,0,32
mtran,12394,33554432,1024,1,1,1,0,64,16,64,32,1,3,8687290,8388668,1,8395567,8388621,0,0,2.38419E-05,2.98505,67108864,3146196,0,0,0.864601,99.9801,33554432,0,2147613696,33554432,268435456,637534208,67108864,125829120,0,0,1,8,0,37.9104,1024,8192,0,0,32
mtran,10018,16777216,1024,1,1,1,0,64,16,64,64,0,3,8686994,8388608,1,8396447,8388609,0,0,0,2.99925,67108864,2813796,0,0,0.882548,99.9749,0,0,1191182336,16777216,268435456,385875968,0,66060288,0,0,1,9,0,32.9232,1024,16384,0,0,32
mtran,10026,16777216,1024,1,1,1,0,64,16,64,64,1,3,8686830,8388608,1,8395003,8388614,0,0,0,2.99488,67108864,2915678,0,0,0.871053,99.9672,16777216,0,1342307328,16777216,268435456,419430400,33554432,74973184,0,0,1,9,0,34.2458,1024,16384,0,0,32
mtran,28504,67108864,32,1,1,1,1,1,32,1,32,0,2,8984744,8388608,1,67118763,8388609,0,0,0,50,2097152,2097152,0,0,0.235675,99.9956,0,0,2483027968,67108864,268435456,1006632960,0,138412032,0,0,1,4,0,17.9964,1024,256,0,0,32
mtran,65615,67108864,32,1,1,1,1,1,32,1,32,1,2,68297160,8388608,1,67115091,8388609,0,0,0,50,2097152,2097152,0,0,0.24403,99.9982,67108864,0,3087269856,67108864,268435456,1073741824,134217728,171966464,0,0,1,3,0,12.4983,1024,256,0,0,32
mtran,20279,67108864,64,1,1,1,1,1,64,1,64,0,2,8687782,8388608,2,67117639,8388609,0,0,0,50,2097152,2097152,0,0,0.476453,99.9917,0,0,2483027968,67108864,268435456,1006632960,0,138412032,0,0,1,5,0,26.4121,1024,512,0,0,32
mtran,73728,67108864,64,1,1,1,1,1,64,1,64,1,2,68373690,8388608,1,67112811,8388609,0,0,0,50,2097152,2097152,0,0,0.494416,99.9977,67108864,0,3087531968,67108864,268435456,1073741824,134217728,171966464,0,0,1,4,0,14.0998,1024,512,0,0,32
mtran,22604,67108864,32,1,1,1,1,2,16,2,16,0,2,8698686,8388608,1,33564811,8388609,0,0,0,50,2097152,2097152,0,0,0.231698,99.9943,0,0,2751463424,67108864,268435456,1073741824,0,148897792,0,0,1,3,0,19.652,1024,192,0,0,32
mtran,34380,67108864,32,1,1,1,1,2,16,2,16,1,3,34149776,8388608,1,33562619,8388609,0,0,0,50,2097152,2097152,0,0,0.238441,99.9965,67108864,0,3355574240,67108864,268435456,1140850688,134217728,182452224,0,0,1,2,0,15.4825,1024,192,0,0,32
mtran,17995,33554432,32,1,1,1,1,2,16,2,32,0,2,8688322,8388608,1,33565027,8388609,0,0,0,33.3333,2097152,4194304,0,0,0.238773,99.9929,0,0,1778384896,33554432,268435456,536870912,0,104857600,0,0,1,3,0,18.1244,1024,384,0,0,32
mtran,32589,33554432,32,1,1,1,1,2,16,2,32,1,3,34150084,8388608,1,33561455,8388609,0,0,0,33.3333,2097152,4194304,0,0,0.244006,99.9959,33554432,0,2080505824,33554432,268435456,570425344,67108864,121634816,0,0,1,2,0,12.0949,1024,384,0,0,32
mtran,13238,67108864,64,1,1,1,1,2,32,2,32,0,3,8653516,8388608,1,33565971,8388609,0,0,0,40,2097152,3145728,0,0,0.467799,99.9901,0,0,2751463424,67108864,268435456,1073741824,0,148897792,0,0,1,5,0,34.6148,1024,384,0,0,32
mtran,32692,67108864,64,1,1,1,1,2,32,2,32,1,3,34149664,8388608,1,33560139,8388609,0,0,0,40,2097152,3145729,0,0,0.4875,99.9955,67108864,0,3355705280,67108864,268435456,1140850688,134217728,182452224,0,0,1,4,0,21.0826,1024,384,0,0,32
mtran,11733,33554432,64,1,1,1,1,2,32,2,64,0,3,8546320,8388608,2,33566111,8388609,0,0,0,33.3333,2097152,4194304,0,0,0.48015,99.9832,0,0,1778384896,33554432,268435456,536870912,0,104857600,0,0,1,6,0,29.7952,1024,768,0,0,32
mtran,32169,33554432,64,1,1,1,1,2,32,2,64,1,3,34149488,8388608,1,33558791,8388609,0,0,0,33.3333,2097152,4194304,0,0,0.493394,99.9946,33554432,0,2080636864,33554432,268435456,570425344,67108864,121634816,0,0,1,5,0,18.0954,1024,768,0,0,32
mtran,10647,67108864,128,1,1,1,1,2,64,2,64,0,3,8687654,8388608,2,33564611,8388609,0,0,0,40,2097152,3145728,0,0,0.928399,99.9854,0,0,2751463424,67108864,268435456,1073741824,0,148897792,0,0,1,6,0,44.5202,1024,768,0,0,32
mtran,33274,67108864,128,1,1,1,1,2,64,2,64,1,3,34149148,8388608,1,33558231,8388609,0,0,0,40,2097152,3145728,0,0,0.986037,99.9945,67108864,0,3355967360,67108864,268435456,1140850688,134217728,182452224,0,0,1,5,0,22.5145,1024,768,0,0,32
mtran,21195,67108864,32,1,1,1,1,4,8,4,8,0,2,8830432,8388608,1,16784195,8388609,0,0,0,50,2097152,2097152,0,0,0.225822,99.9508,0,0,2684354560,67108864,268435456,1140850688,0,148897792,0,0,1,2,0,19.1212,1024,160,0,0,32
mtran,24074,67108864,32,1,1,1,1,4,8,4,8,1,2,17224086,8388608,1,16785639,8388609,0,0,0,50,2097152,2097152,0,0,0.233295,99.9951,67108864,0,3288399840,67108864,268435456,1207959552,134217728,182452224,0,0,1,2,0,20.2585,1024,160,0,0,32
mtran,16192,33554432,32,1,1,1,1,4,8,4,16,0,2,8682894,8388608,1,16784691,8388609,0,0,0,25,4194304,4194304,0,0,0.235583,99.9846,0,0,1879048192,33554432,268435456,570425344,0,109051904,0,0,1,3,0,19.1757,1024,320,0,0,32
mtran,20180,33554432,32,1,1,1,1,4,8,4,16,1,3,17210848,8388608,1,16784519,8388609,0,0,0,25,4194304,4194304,0,0,0.240249,99.9936,33554432,0,2181103584,33554432,268435456,603979776,67108864,125829120,0,0,1,2,0,17.7263,1024,320,0,0,32
mtran,8293,16777216,32,1,1,1,1,4,8,4,32,0,4,8534646,8388608,1,16787187,8388609,0,0,0,40,2097152,3145728,0,0,0.237987,99.9832,0,0,1157627904,16777216,268435456,352321536,0,63963136,0,0,1,4,0,23.3554,1024,640,0,0,32
mtran,17847,16777216,32,1,1,1,1,4,8,4,32,1,3,17213116,8388607,1,16783899,8388609,0,0,0,39.9999,2097156,3145732,0,0,0.244551,99.9922,16777216,0,1308688352,16777216,268435456,385875968,33554432,72876032,0,0,1,4,0,14.5571,1024,640,0,0,32
mtran,11347,67108864,64,1,1,1,1,4,16,4,16,0,3,8687538,8388608,1,16785375,8388609,0,0,0,28.5714,4194304,3145728,0,0,0.462344,99.9856,0,0,2684354560,67108864,268435456,1140850688,0,148897792,0,0,1,4,0,36.2958,1024,320,0,0,32
mtran,19726,67108864,64,1,1,1,1,4,16,4,16,1,3,17076350,8388608,1,16784835,8388609,0,0,0,28.5714,4194304,3145729,0,0,0.479522,99.9924,67108864,0,3288465344,67108864,268435456,1207959552,134217728,182452224,0,0,1,2,0,24.6685,1024,320,0,0,32
mtran,8729,33554432,64,1,1,1,1,4,16,4,32,0,4,8542500,8388608,1,16785279,8388609,0,0,0,33.3333,2097152,4194304,0,0,0.475598,99.984,0,0,1879048192,33554432,268435456,570425344,0,109051904,0,0,1,5,0,34.8316,1024,640,0,0,32
mtran,17741,33554432,64,1,1,1,1,4,16,4,32,1,3,17082778,8388608,1,16784203,8388609,0,0,0,33.3333,2097152,4194304,0,0,0.488612,99.9923,33554432,0,2181169088,33554432,268435456,603979776,67108864,125829120,0,0,1,3,0,19.5759,1024,640,0,0,32
mtran,7740,16777216,64,1,1,1,1,4,16,4,64,0,4,8537567,8388607,1,16788359,8388609,0,0,0,40,2097152,3145728,0,0,0.482599,99.9781,0,0,1157627904,16777216,268435456,352321536,0,63963136,0,0,1,6,0,29.5066,1024,1280,0,0,32
mtran,17712,16777216,64,1,1,1,1,4,16,4,64,1,3,17083246,8388608,1,16781947,8388609,0,0,0,39.997,2097446,3145827,0,0,0.492969,99.9872,16777216,0,1308753856,16777216,268435456,385875968,33554432,72876032,0,0,1,5,0,17.9368,1024,1280,0,0,32
mtran,8841,67108864,128,1,1,1,1,4,32,4,32,0,4,8539758,8388606,1,16788247,8388609,0,0,0,40,2097152,3145728,0,0,0.944773,99.9818,0,0,2684354560,67108864,268435456,1140850688,0,148897792,0,0,1,5,0,47.1993,1024,640,0,0,32
mtran,17935,67108864,128,1,1,1,1,4,32,4,32,1,3,17076274,8388607,1,16785985,8388609,0,0,0,39.999,2097241,3145776,0,0,0.975094,99.9917,67108864,0,3288596352,67108864,268435456,1207959552,134217728,182452224,0,0,1,5,0,32.0818,1024,640,0,0,32
mtran,7794,33554432,128,1,1,1,1,4,32,4,64,0,4,8539518,8388608,1,16787767,8388609,0,0,0,33.3332,2097158,4194329,0,0,0.959887,99.9791,0,0,1879048192,33554432,268435456,570425344,0,109051904,0,0,1,7,0,43.4975,1024,1280,0,0,32
mtran,17754,33554432,128,1,1,1,1,4,32,4,64,1,3,17076230,8388608,1,16783475,8388609,0,0,0,33.3312,2097319,4194540,0,0,0.985275,99.9876,33554432,0,2181300096,33554432,268435456,603979776,67108864,125829120,0,0,1,5,0,25.6957,1024,1280,0,0,32
mtran,7902,67108864,256,1,1,1,1,4,64,4,64,0,4,8539952,8388608,1,16791683,8388609,0,0,0,40,2097152,3145728,0,0,0.927651,99.9843,0,0,2684354560,67108864,268435456,1140850688,0,148897792,0,0,1,5,0,53.4643,1024,1280,0,0,32
mtran,17156,67108864,256,1,1,1,1,4,64,4,64,1,3,17076118,8388608,1,16783727,8388609,0,0,0,39.9996,2097195,3145740,0,0,0.971392,99.989,67108864,0,3288858368,67108864,268435456,1207959552,134217728,182452224,0,0,1,4,0,32.6634,1024,1280,0,0,32
mtran,38348,67108864,32,1,1,1,1,8,4,8,4,0,2,8983372,16777216,1,8393239,16777217,0,0,0,50,2097152,2097152,0,0,0.23949,99.9945,0,0,2684354560,67108864,268435456,1140850688,0,148897792,0,0,1,1,0,10.7045,1024,144,0,0,32
mtran,25256,67108864,32,1,1,1,1,8,4,8,4,1,2,8698544,16777248,1,8395375,16777277,0,0,4.76837E-05,50,2097152,2097152,0,0,0.234156,99.9944,67108864,0,3288367072,67108864,268435456,1207959552,134217728,182452224,0,0,1,2,0,19.3262,1024,144,0,0,32
mtran,20993,33554432,32,1,1,1,1,8,4,8,8,0,2,8687038,8388608,1,8393663,8388609,0,0,0,25,4194304,4194304,0,0,0.240539,99.9932,0,0,1845493760,33554432,268435456,603979776,0,109051904,0,0,1,2,0,14.1696,1024,288,0,0,32
mtran,17418,33554432,32,1,1,1,1,8,4,8,8,1,2,8692926,8388736,1,8395819,8388617,0,0,0,25,4194304,4194304,0,0,0.238408,99.9932,33554432,0,2147516384,33554432,268435456,637534208,67108864,125829120,0,0,1,2,0,19.8275,1024,288,0,0,32
mtran,12894,16777216,32,1,1,1,1,8,4,8,16,0,3,8678738,8388608,1,8394403,8388609,0,0,0,28.5714,4194307,3145728,0,0,0.242318,99.9849,0,0,1207959552,16777216,268435456,369098752,0,66060288,0,0,1,3,0,16.0335,1024,576,0,0,32
mtran,12491,16777216,32,1,1,1,1,8,4,8,16,1,3,8643774,8388608,1,8394883,8388609,0,0,0,28.5714,4194304,3145728,0,0,0.242142,99.9869,16777216,0,1358987232,16777216,268435456,402653184,33554432,74973184,0,0,1,3,0,16.1033,1024,576,0,0,32
mtran,9580,8388608,32,1,1,1,1,8,4,8,32,0,3,8687074,8388608,1,8394435,8388609,0,0,0,39.9998,2097174,3145730,0,0,0.244921,99.9818,0,0,696254464,8388608,268435456,176160768,0,39321600,0,0,1,4,0,16.0662,1024,1152,0,0,32
mtran,10419,8388608,32,1,1,1,1,8,4,8,32,1,3,8680954,8388608,1,8394567,8388609,0,0,0,39.9999,2097156,3145732,0,0,0.245272,99.9851,8388608,0,771784672,8388608,268435456,184549376,16777216,43515904,0,0,1,3,0,12.045,1024,1152,0,0,32
mtran,21365,67108864,64,1,1,1,1,8,8,8,8,0,2,8687230,8388608,1,8394991,8388609,0,0,0,28.5714,4194304,3145728,0,0,0.480823,99.99,0,0,2684354560,67108864,268435456,1140850688,0,148897792,0,0,1,2,0,18.4896,1024,288,0,0,32
mtran,16834,67108864,64,1,1,1,1,8,8,8,8,1,2,8687990,8388608,1,8395975,8388609,0,0,0,28.5714,4194304,3145728,0,0,0.475793,99.9917,67108864,0,3288399808,67108864,268435456,1207959552,134217728,182452224,0,0,1,2,0,27.9916,1024,288,0,0,32
mtran,12568,33554432,64,1,1,1,1,8,8,8,16,0,3,8538766,8388608,1,8394867,8388609,0,0,0,25,4194304,4194304,0,0,0.483351,99.9851,0,0,1845493760,33554432,268435456,603979776,0,109051904,0,0,1,3,0,22.9444,1024,576,0,0,32
mtran,12782,33554432,64,1,1,1,1,8,8,8,16,1,3,8543880,8388608,1,8395003,8388609,0,0,0,25,4194304,4194304,0,0,0.483981,99.9897,33554432,0,2147549120,33554432,268435456,637534208,67108864,125829120,0,0,1,3,0,26.1164,1024,576,0,0,32
mtran,9828,16777216,64,1,1,1,1,8,8,8,32,0,3,8687126,8388608,1,8396191,8388609,0,0,0,39.9953,2097538,3145953,0,0,0.483136,99.9782,0,0,1207959552,16777216,268435456,369098752,0,66060288,0,0,1,6,0,26.3952,1024,1152,0,0,32
mtran,10440,16777216,64,1,1,1,1,8,8,8,32,1,3,8390688,8388608,1,8394367,8388609,0,0,0,39.9923,2097721,3146165,0,0,0.488779,99.9832,16777216,0,1359019968,16777216,268435456,402653184,33554432,74973184,0,0,1,5,0,23.1562,1024,1152,0,0,32
mtran,8195,8388608,64,1,1,1,1,8,8,8,64,0,4,8673958,8388608,1,8395587,8388609,0,0,0,39.9971,2097408,3145853,0,0,0.488539,99.973,0,0,696254464,8388608,268435456,176160768,0,39321600,0,0,1,6,0,21.6334,1024,2304,0,0,32
mtran,10110,8388608,64,1,1,1,1,8,8,8,64,1,3,8687162,8388608,1,8393759,8388609,0,0,0,39.9886,2098034,3146343,0,0,0.492541,99.9778,8388608,0,771817408,8388608,268435456,184549376,16777216,43515904,0,0,1,5,0,19.0645,1024,2304,0,0,32
mtran,13009,67108864,128,1,1,1,1,8,16,8,16,0,3,8687247,12582914,1,12592668,8388609,0,0,0,28.5713,4194326,3145746,0,0,0.953731,99.9835,0,0,2684354560,67108864,268435456,1140850688,0,148897792,0,0,1,5,0,35.6571,1024,576,0,0,32
mtran,12481,67108864,128,1,1,1,1,8,16,8,16,1,3,8678482,8388608,1,8395659,8388609,0,0,0,28.5714,4194307,3145735,0,0,0.96513,99.9867,67108864,0,3288465280,67108864,268435456,1207959552,134217728,182452224,0,0,1,3,0,37.544,1024,576,0,0,32
mtran,9995,33554432,128,1,1,1,1,8,16,8,32,0,3,8531098,8388608,1,8394651,8388609,0,0,0,33.3327,2097214,4194366,0,0,0.964372,99.9807,0,0,1845493760,33554432,268435456,603979776,0,109051904,0,0,1,6,0,34.0711,1024,1152,0,0,32
mtran,10369,33554432,128,1,1,1,1,8,16,8,32,1,3,8687314,8388608,1,8394767,8388609,0,0,0,33.3327,2097193,4194391,0,0,0.978723,99.9828,33554432,0,2147614592,33554432,268435456,637534208,67108864,125829120,0,0,1,3,0,30.8653,1024,1152,0,0,32
mtran,9071,16777216,128,1,1,1,1,8,16,8,64,0,4,8678946,8388608,1,8397875,8388609,0,0,0,39.9771,2099094,3146792,0,0,0.9613,99.9769,0,0,1207959552,16777216,268435456,369098752,0,66060288,0,0,1,7,0,27.853,1024,2304,0,0,32
mtran,10152,16777216,128,1,1,1,1,8,16,8,64,1,3,8390800,8388608,1,8394607,8388609,0,0,0,39.9678,2099343,3147759,0,0,0.975255,99.9792,16777216,0,1359085440,16777216,268435456,402653184,33554432,74973184,0,0,1,6,0,26.4661,1024,2304,0,0,32
mtran,8687,67108864,256,1,1,1,1,8,32,8,32,0,4,8539524,8388608,1,8400699,8388609,0,0,0,39.9998,2097152,3145758,0,0,0.94137,99.9827,0,0,2684354560,67108864,268435456,1140850688,0,148897792,0,0,1,4,0,45.9035,1024,1152,0,0,32
mtran,10204,67108864,256,1,1,1,1,8,32,8,32,1,3,8587550,8388608,1,8396583,8388609,0,0,0,40,2097154,3145728,0,0,0.9544,99.9848,67108864,0,3288596224,67108864,268435456,1207959552,134217728,182452224,0,0,1,3,0,44.2489,1024,1152,0,0,32
mtran,7122,33554432,256,1,1,1,1,8,32,8,64,0,4,8539456,8388608,1,8400139,8388609,0,0,0,33.3332,2097160,4194312,0,0,0.961374,99.9738,0,0,1845493760,33554432,268435456,603979776,0,109051904,0,0,1,5,0,40.6423,1024,2304,0,0,32
mtran,9978,33554432,256,1,1,1,1,8,32,8,64,1,3,8646046,8388608,1,8395731,8388609,0,0,0,33.3333,2097152,4194306,0,0,0.975899,99.9835,33554432,0,2147745536,33554432,268435456,637534208,67108864,125829120,0,0,1,3,0,32.0613,1024,2304,0,0,32
mtran,6650,67108864,512,1,1,1,1,8,64,8,64,0,5,8525840,8388607,1,8403659,8388609,0,0,0,40,2097152,3145728,0,0,0.908854,99.9781,0,0,2684354560,67108864,268435456,1140850688,0,148897792,0,0,2,4,0,56.687,1024,2304,0,0,32
mtran,9363,67108864,512,1,1,1,1,8,64,8,64,1,4,8539688,8388608,1,8397395,8388609,0,0,0,40,2097152,3145728,0,0,0.939994,99.9814,67108864,0,3288858112,67108864,268435456,1207959552,134217728,182452224,0,0,1,3,0,48.6202,1024,2304,0,0,32
mtran,67671,67108864,32,1,1,1,1,16,2,16,2,0,2,9575972,33554436,1,8391427,33554433,0,0,0,50,2097153,2097153,0,0,0.24425,99.995,0,0,2684354560,67108864,268435456,1073741824,0,146800640,0,0,1,2,0,9.11077,1024,136,0,0,32
mtran,38404,67108864,32,1,1,1,1,16,2,16,2,1,2,8983172,33549961,1,8392063,33554467,0,0,0,50,2097152,2097152,0,0,0.239758,99.9947,67108864,0,3288350688,67108864,268435456,1140850688,134217728,180355072,0,0,1,2,0,13.4014,1024,136,0,0,32
mtran,37100,33554432,32,1,1,1,1,16,2,16,4,0,2,8983136,16777355,1,8391715,16777217,0,0,0,28.5714,3145729,4194304,0,0,0.24471,99.9934,0,0,1879048192,33554432,268435456,570425344,0,109051904,0,0,1,2,0,8.54372,1024,272,0,0,32
mtran,22099,33554432,32,1,1,1,1,16,2,16,4,1,2,8686826,16777307,1,8392795,16777237,0,0,4.76837E-05,28.5714,3145728,4194304,0,0,0.241143,99.9927,33554432,0,2181054432,33554432,268435456,603979776,67108864,125829120,0,0,1,2,0,16.0006,1024,272,0,0,32
mtran,20188,16777216,32,1,1,1,1,16,2,16,8,0,2,8834990,8388608,1,8393187,8388609,0,0,0,28.5714,4194304,3145738,0,0,0.245103,99.9847,0,0,1207959552,16777216,268435456,369098752,0,66060288,0,0,1,3,0,12.3523,1024,544,0,0,32
mtran,12949,16777216,32,1,1,1,1,16,2,16,8,1,3,8674998,8388607,1,8393995,8388609,0,0,0,28.5714,4194304,3145728,0,0,0.242432,99.9878,16777216,0,1358970848,16777216,268435456,402653184,33554432,74973184,0,0,1,3,0,15.6385,1024,544,0,0,32
mtran,11671,8388608,32,1,1,1,1,16,2,16,16,0,3,8686694,8388608,1,8392175,8388609,0,0,0,28.5714,4194304,3145729,0,0,0.245775,99.9815,0,0,729808896,8388608,268435456,176160768,0,40370176,0,0,1,3,0,12.4628,1024,1088,0,0,32
mtran,9119,8388608,32,1,1,1,1,16,2,16,16,1,4,8402144,8388608,1,8393335,8388609,0,0,0,28.5714,4194304,3145728,0,0,0.24454,99.9852,8388608,0,805322720,8388608,268435456,184549376,16777216,44564480,0,0,1,3,0,15.2636,1024,1088,0,0,32
mtran,7866,4194304,32,1,1,1,1,16,2,16,32,0,4,8538518,8388608,1,8391759,8388609,0,0,0,39.999,2097152,3145854,0,0,0.246879,99.9773,0,0,511705088,4194304,268435456,92274688,0,29360128,0,0,1,4,0,14.4185,1024,2176,0,0,32
mtran,6926,4194304,32,1,1,1,1,16,2,16,32,1,5,8538544,8388607,1,8392863,8388609,0,0,0,39.9998,2097156,3145745,0,0,0.246337,99.9688,4194304,0,549470176,4194304,268435456,96468992,8388608,31457280,0,0,1,3,0,12.9839,1024,2176,0,0,32
mtran,36950,67108864,64,1,1,1,1,16,4,16,4,0,2,9131334,16777216,1,8392287,16777217,0,0,0,33.333,3145768,3145744,0,0,0.474562,99.991,0,0,2684354560,67108864,268435456,1140850688,0,148897792,0,0,1,4,0,16.8118,1024,272,0,0,32
mtran,21977,67108864,64,1,1,1,1,16,4,16,4,1,2,8686714,16777197,1,8393103,16777217,0,0,0,33.3333,3145728,3145728,0,0,0.479697,99.9896,67108864,0,3288367040,67108864,268435456,1207959552,134217728,182452224,0,0,1,2,0,22.1474,1024,272,0,0,32
mtran,20380,33554432,64,1,1,1,1,16,4,16,8,0,2,8686790,8388608,1,8392671,8388609,0,0,0,25,4194304,4194304,0,0,0.489551,99.9884,0,0,1845493760,33554432,268435456,603979776,0,109051904,0,0,1,2,0,14.3672,1024,544,0,0,32
mtran,13622,33554432,64,1,1,1,1,16,4,16,8,1,3,8686806,8388608,1,8393595,8388609,0,0,0,25,4194304,4194304,0,0,0.484927,99.9887,33554432,0,2147516352,33554432,268435456,637534208,67108864,125829120,0,0,1,3,0,24.5082,1024,544,0,0,32
mtran,11802,16777216,64,1,1,1,1,16,4,16,16,0,3,8686902,8388608,1,8393063,8388609,0,0,0,28.5684,4194598,3146203,0,0,0.474924,99.9768,0,0,1191182336,16777216,268435456,385875968,0,66060288,0,0,1,7,0,26.2304,1024,1088,0,0,32
mtran,8652,16777216,64,1,1,1,1,16,4,16,16,1,4,8538528,8388608,1,8393999,8388609,0,0,0,28.5699,4194565,3145857,0,0,0.485872,99.9787,16777216,0,1342209984,16777216,268435456,419430400,33554432,74973184,0,0,1,4,0,24.2038,1024,1088,0,0,32
mtran,8114,8388608,64,1,1,1,1,16,4,16,32,0,4,8538588,8388608,1,8393095,8388609,0,0,0,39.9828,2097689,3147444,0,0,0.478655,99.9749,0,0,721420288,8388608,268435456,184549376,0,40370176,0,0,1,8,0,26.8215,1024,2176,0,0,32
mtran,6785,8388608,64,1,1,1,1,16,4,16,32,1,5,8577294,8388606,1,8393751,8388609,0,0,0,39.9924,2097864,3146010,0,0,0.48868,99.9743,8388608,0,796950464,8388608,268435456,192937984,16777216,44564480,0,0,1,5,0,22.9478,1024,2176,0,0,32
mtran,6397,4194304,64,1,1,1,1,16,4,16,64,0,5,8545814,8388608,1,8394123,8388609,0,0,0,39.9981,2097177,3145955,0,0,0.33631,99.972,0,0,507510784,4194304,268435456,96468992,0,29360128,0,0,1,5,0,17.2981,1024,4352,0,0,32
mtran,6243,4194304,64,1,1,1,1,16,4,16,64,1,5,8390352,8388608,1,8393083,8388609,0,0,0,39.9997,2097168,3145756,0,0,0.33803,99.9596,4194304,0,545292224,4194304,268435456,100663296,8388608,31457280,0,0,1,4,0,16.2696,1024,4352,0,0,32
mtran,20211,67108864,128,1,1,1,1,16,8,16,8,0,2,8802374,8388609,1,8394083,8388609,0,0,0,28.5678,4194779,3146188,0,0,0.924011,99.9817,0,0,2684354560,67108864,268435456,1140850688,0,148897792,0,0,1,6,0,30.2354,1024,544,0,0,32
mtran,12999,67108864,128,1,1,1,1,16,8,16,8,1,3,8538774,8388608,1,8394631,8388609,0,0,0,28.5713,4194324,3145732,0,0,0.965257,99.9839,67108864,0,3288399744,67108864,268435456,1207959552,134217728,182452224,0,0,1,3,0,35.8573,1024,544,0,0,32
mtran,11757,33554432,128,1,1,1,1,16,8,16,16,0,3,8687074,8388607,1,8393755,8388609,0,0,0,24.9982,4194419,4194784,0,0,0.956034,99.9823,0,0,1845493760,33554432,268435456,603979776,0,109051904,0,0,1,5,0,29.6588,1024,1088,0,0,32
mtran,9114,33554432,128,1,1,1,1,16,8,16,16,1,4,8390576,8388608,1,8394575,8388609,0,0,0,25,4194306,4194315,0,0,0.97522,99.9802,33554432,0,2147549056,33554432,268435456,637534208,67108864,125829120,0,0,1,3,0,35.5746,1024,1088,0,0,32
mtran,8258,16777216,128,1,1,1,1,16,8,16,32,0,4,8538800,8388608,1,8394635,8388609,0,0,0,39.9117,2103354,3151129,0,0,0.917142,99.9764,0,0,1191182336,16777216,268435456,385875968,0,66060288,0,0,1,9,0,35.2497,1024,2176,0,0,32
mtran,6613,16777216,128,1,1,1,1,16,8,16,32,1,5,8538686,8388607,1,8394175,8388609,0,0,0,39.9468,2101402,3148456,0,0,0.957415,99.9738,16777216,0,1342242688,16777216,268435456,419430400,33554432,74973184,0,0,1,7,0,35.8572,1024,2176,0,0,32
mtran,6778,8388608,128,1,1,1,1,16,8,16,64,0,5,8537350,8388608,1,8395407,8388609,0,0,0,39.9906,2097768,3146348,0,0,0.649022,99.9704,0,0,721420288,8388608,268435456,184549376,0,40370176,0,0,1,8,0,27.0944,1024,4352,0,0,32
mtran,6050,8388608,128,1,1,1,1,16,8,16,64,1,5,8538814,8388607,1,8394223,8388609,0,0,0,39.9888,2098133,3146209,0,0,0.660911,99.9584,8388608,0,796983168,8388608,268435456,192937984,16777216,44564480,0,0,1,7,0,27.3325,1024,4352,0,0,32
mtran,11372,67108864,256,1,1,1,1,16,16,16,16,0,3,8539012,8388608,1,8395011,8388609,0,0,0,28.5694,4194310,3146234,0,0,0.950645,99.9821,0,0,2684354560,67108864,268435456,1140850688,0,148897792,0,0,1,3,0,34.827,1024,1088,0,0,32
mtran,8375,67108864,256,1,1,1,1,16,16,16,16,1,4,8681070,8388608,1,8396235,8388609,0,0,0,28.5714,4194304,3145744,0,0,0.943685,99.9779,67108864,0,3288465152,67108864,268435456,1207959552,134217728,182452224,0,0,1,3,0,52.4604,1024,1088,0,0,32
mtran,7859,33554432,256,1,1,1,1,16,16,16,32,0,4,8543724,8388608,1,8395407,8388609,0,0,0,33.2984,2097242,4200816,0,0,0.949057,99.9736,0,0,1845493760,33554432,268435456,603979776,0,109051904,0,0,1,4,0,37.1149,1024,2176,0,0,32
mtran,6648,33554432,256,1,1,1,1,16,16,16,32,1,5,8538634,8388608,1,8395727,8388609,0,0,0,33.3331,2097152,4194355,0,0,0.962412,99.9756,33554432,0,2147614464,33554432,268435456,637534208,67108864,125829120,0,0,1,3,0,44.7669,1024,2176,0,0,32
mtran,6908,16777216,256,1,1,1,1,16,16,16,64,0,5,8471623,8388607,1,8398403,8388609,0,0,0,39.972,2098418,3148130,0,0,0.918789,99.9505,0,0,1191182336,16777216,268435456,385875968,0,66060288,0,0,1,8,0,34.9436,1024,4352,0,0,32
mtran,5978,16777216,256,1,1,1,1,16,16,16,64,1,5,8525692,8388611,1,8395059,8388609,0,0,0,39.9709,2099233,3147463,0,0,0.945841,99.9571,16777216,0,1342308096,16777216,268435456,419430400,33554432,74973184,0,0,1,7,0,37.9486,1024,4352,0,0,32
mtran,7325,67108864,512,1,1,1,1,16,32,16,32,0,4,8532286,8388607,1,8400431,8388609,0,0,0,39.7905,2097152,3173329,0,0,0.919478,99.9691,0,0,2684354560,67108864,268435456,1140850688,0,148897792,0,0,2,3,0,49.1482,1024,2176,0,0,32
mtran,7397,67108864,512,1,1,1,1,16,32,16,32,1,4,8539228,8388608,1,8397687,8388609,0,0,0,39.999,2097152,3145855,0,0,0.916473,99.978,67108864,0,3288595968,67108864,268435456,1207959552,134217728,182452224,0,0,2,3,0,59.0969,1024,2176,0,0,32
mtran,5918,33554432,512,1,1,1,1,16,32,16,64,0,5,8539370,8388608,1,8399935,8388609,0,0,0,33.312,2097152,4198342,0,0,0.946689,99.9715,0,0,1845493760,33554432,268435456,603979776,0,109051904,0,0,1,4,0,41.7899,1024,4352,0,0,32
mtran,5882,33554432,512,1,1,1,1,16,32,16,64,1,5,8396984,8388608,1,8396811,8388609,0,0,0,33.332,2097152,4194562,0,0,0.946446,99.9663,33554432,0,2147745280,33554432,268435456,637534208,67108864,125829120,0,0,1,4,0,50.4851,1024,4352,0,0,32
mtran,6757,67108864,1024,1,1,1,1,16,64,16,64,0,5,8530880,8388608,1,8403845,8388609,0,0,0,39.4667,2097152,3216576,0,0,0.901238,99.4602,0,0,2684354560,67108864,268435456,1140850688,0,148897792,0,0,2,3,0,53.2172,1024,4352,0,0,32
mtran,7868,67108864,1024,1,1,1,1,16,64,16,64,1,4,8403596,8388608,1,8399071,8388609,0,0,0,39.9892,2097152,3147145,0,0,0.904449,99.94,67108864,0,3288857600,67108864,268435456,1207959552,134217728,182452224,0,0,1,2,0,55.3858,1024,4352,0,0,32
mtran,126361,67108864,32,1,1,1,1,32,1,32,1,0,2,10466154,67108863,1,8390731,67108865,0,0,0,49.9993,2097180,2097179,0,0,0.246927,99.9967,0,0,2147483648,67108864,268435456,939524096,0,125829120,0,0,1,4,0,11.8726,1024,132,0,0,32
mtran,80114,67108864,32,1,1,1,1,32,1,32,1,1,2,9872302,67034809,1,8390639,67108885,0,0,5.29819E-06,49.9991,2097187,2097191,0,0,0.245134,99.9971,67108864,0,2751471584,67108864,268435456,1006632960,134217728,159383552,0,0,1,4,0,12.0654,1024,132,0,0,32
mtran,66206,33554432,32,1,1,1,1,32,1,32,2,0,2,9575820,33554516,1,8390491,33554481,0,0,9.53673E-05,39.9999,2097153,3145738,0,0,0.247065,99.9944,0,0,1778384896,33554432,268435456,570425344,0,105906176,0,0,1,3,0,9.59284,1024,264,0,0,32
mtran,34727,33554432,32,1,1,1,1,32,1,32,2,1,3,8991480,33521642,1,8390991,33554441,0,0,9.53674E-06,40,2097152,3145729,0,0,0.244384,99.9948,33554432,0,2080382944,33554432,268435456,603979776,67108864,122683392,0,0,1,2,0,11.4611,1024,264,0,0,32
mtran,35401,16777216,32,1,1,1,1,32,1,32,4,0,2,9081460,16777216,1,8391419,16777217,0,0,0,33.3327,4194373,2097195,0,0,0.247248,99.9884,0,0,1174405120,16777216,268435456,369098752,0,65011712,0,0,1,4,0,12.9529,1024,528,0,0,32
mtran,19240,16777216,32,1,1,1,1,32,1,32,4,1,3,8686538,16775562,1,8391787,16777217,0,0,0,33.3333,4194312,2097154,0,0,0.244904,99.9852,16777216,0,1325408224,16777216,268435456,402653184,33554432,73924608,0,0,1,3,0,12.5048,1024,528,0,0,32
mtran,19138,8388608,32,1,1,1,1,32,1,32,8,0,2,8827548,8388608,1,8391363,8388609,0,0,0,24.9997,6291456,2097237,0,0,0.24743,99.9836,0,0,704643072,8388608,268435456,184549376,0,39845888,0,0,1,3,0,10.4126,1024,1056,0,0,32
mtran,11191,8388608,32,1,1,1,1,32,1,32,8,1,3,8398032,8388608,1,8391987,8388609,0,0,0,25,6291456,2097158,0,0,0.245584,99.9847,8388608,0,780148704,8388608,268435456,192937984,16777216,44040192,0,0,1,3,0,12.8048,1024,1056,0,0,32
mtran,10886,4194304,32,1,1,1,1,32,1,32,16,0,3,8552310,8388608,1,8390755,8388609,0,0,0,33.3317,4194304,2097465,0,0,0.247674,99.9792,0,0,515899392,4194304,268435456,96468992,0,29622272,0,0,1,4,0,12.5017,1024,2112,0,0,32
mtran,6890,4194304,32,1,1,1,1,32,1,32,16,1,5,8538264,8388608,1,8391331,8388609,0,0,0,33.3321,4194304,2097388,0,0,0.24632,99.9646,4194304,0,553656288,4194304,268435456,100663296,8388608,31719424,0,0,1,4,0,14.7515,1024,2112,0,0,32
mtran,6702,2097152,32,1,1,1,1,32,1,32,32,0,5,8538310,8388608,1,8391679,8388609,0,0,0,49.9995,2097152,2097191,0,0,0.170042,99.9621,0,0,415236096,6291456,268435456,50331648,0,24117248,0,0,1,3,0,9.80474,1024,4224,0,0,32
mtran,4755,2097152,32,1,1,1,1,32,1,32,32,1,6,8397072,8388608,1,8392055,8388609,0,0,0,49.9999,2097152,2097160,0,0,0.169247,99.9612,2097152,0,434118624,6291456,268435456,52428800,4194304,25165824,0,0,1,3,0,12.5481,1024,4224,0,0,32
mtran,66434,67108864,64,1,1,1,1,32,2,32,2,0,2,9575844,33554431,1,8390967,33554433,0,0,0,49.9735,2098212,2098312,0,0,0.459258,99.9939,0,0,2684354560,67108864,268435456,1073741824,0,146800640,0,0,1,7,0,20.8574,1024,264,0,0,32
mtran,34649,67108864,64,1,1,1,1,32,2,32,2,1,3,8990260,33508236,1,8391127,33554433,0,0,0,49.9972,2097258,2097277,0,0,0.478364,99.9897,67108864,0,3288350656,67108864,268435456,1140850688,134217728,180355072,0,0,1,4,0,19.5586,1024,264,0,0,32
mtran,35529,33554432,64,1,1,1,1,32,2,32,4,0,2,8996468,16777214,1,8390891,16777217,0,0,0,28.5703,4194477,3145840,0,0,0.477615,99.9889,0,0,1879048192,33554432,268435456,570425344,0,109051904,0,0,1,5,0,16.5493,1024,528,0,0,32
mtran,19177,33554432,64,1,1,1,1,32,2,32,4,1,3,8697010,16774923,1,8391431,16777217,0,0,0,28.5714,4194307,3145739,0,0,0.487759,99.9871,33554432,0,2181054400,33554432,268435456,603979776,67108864,125829120,0,0,1,3,0,19.2552,1024,528,0,0,32
mtran,18955,16777216,64,1,1,1,1,32,2,32,8,0,2,8830434,8388608,1,8392371,8388609,0,0,0,24.994,6292630,2098006,0,0,0.469778,99.9799,0,0,1207959552,16777216,268435456,369098752,0,66060288,0,0,1,7,0,23.7443,1024,1056,0,0,32
mtran,10999,16777216,64,1,1,1,1,32,2,32,8,1,3,8686646,8388608,1,8393047,8388609,0,0,0,24.9978,6291564,2097798,0,0,0.483453,99.9804,16777216,0,1358970816,16777216,268435456,402653184,33554432,74973184,0,0,1,5,0,22.782,1024,1056,0,0,32
mtran,10674,8388608,64,1,1,1,1,32,2,32,16,0,3,8686546,8388608,1,8391535,8388609,0,0,0,33.3199,4195044,2098953,0,0,0.474456,99.9688,0,0,721420288,8388608,268435456,184549376,0,40370176,0,0,1,8,0,24.1198,1024,2112,0,0,32
mtran,6696,8388608,64,1,1,1,1,32,2,32,16,1,5,8538394,8388607,1,8392363,8388609,0,0,0,33.3278,4194384,2098112,0,0,0.486187,99.9653,8388608,0,796934080,8388608,268435456,192937984,16777216,44564480,0,0,1,5,0,23.0575,1024,2112,0,0,32
mtran,6693,4194304,64,1,1,1,1,32,2,32,32,0,5,8538378,8388608,1,8391587,8388609,0,0,0,49.9454,2097188,2101705,0,0,0.332274,99.9683,0,0,524288000,4194304,268435456,96468992,0,29884416,0,0,1,5,0,18.1749,1024,4224,0,0,32
mtran,4696,4194304,64,1,1,1,1,32,2,32,32,1,6,8390204,8388608,2,8392591,8388609,0,0,0,49.9811,2097152,2098736,0,0,0.336318,99.9487,4194304,0,562053056,4194304,268435456,100663296,8388608,31981568,0,0,1,4,0,18.3448,1024,4224,0,0,32
mtran,5723,2097152,64,1,1,1,1,32,2,32,64,0,5,8390316,8388608,1,8392847,8388609,0,0,0,49.9993,2097152,2097208,0,0,0.153648,99.9575,0,0,419430400,6291456,268435456,50331648,0,24248320,0,0,1,3,0,10.7171,1024,8448,0,0,32
mtran,4339,2097152,64,1,1,1,1,32,2,32,64,1,7,8686762,8388608,2,8392807,8388609,0,0,0,49.9942,2097152,2097637,0,0,0.15291,99.9585,2097152,0,438321088,6291456,268435456,52428800,4194304,25296896,0,0,1,3,0,13.6003,1024,8448,0,0,32
mtran,35453,67108864,128,1,1,1,1,32,4,32,4,0,2,8984888,16777216,1,8392171,16777217,0,0,0,33.2203,4204990,2107879,0,0,0.879356,99.9879,0,0,2684354560,67108864,268435456,1140850688,0,148897792,0,0,1,8,0,28.9425,1024,528,0,0,32
mtran,19110,67108864,128,1,1,1,1,32,4,32,4,1,3,8686814,16774568,1,8392679,16777218,0,0,0,33.3228,4195282,2098172,0,0,0.947153,99.9835,67108864,0,3288366976,67108864,268435456,1207959552,134217728,182452224,0,0,1,5,0,31.7813,1024,528,0,0,32
mtran,18940,33554432,128,1,1,1,1,32,4,32,8,0,2,8832760,8388608,1,8392131,8388609,0,0,0,22.2109,6293799,3148185,0,0,0.924326,99.9826,0,0,1845493760,33554432,268435456,603979776,0,109051904,0,0,1,7,0,27.8973,1024,1056,0,0,32
mtran,11286,33554432,128,1,1,1,1,32,4,32,8,1,3,8686790,8388608,1,8393119,8388609,0,0,0,22.2216,6291554,3145899,0,0,0.971745,99.9809,33554432,0,2147516288,33554432,268435456,637534208,67108864,125829120,0,0,1,4,0,31.3979,1024,1056,0,0,32
mtran,10634,16777216,128,1,1,1,1,32,4,32,16,0,3,8686786,8388608,1,8392631,8388609,0,0,0,33.0811,4205528,2133901,0,0,0.902473,99.9736,0,0,1191182336,16777216,268435456,385875968,0,66060288,0,0,1,9,0,33.2959,1024,2112,0,0,32
mtran,6690,16777216,128,1,1,1,1,32,4,32,16,1,5,8541226,8388608,1,8393503,8388609,0,0,0,33.2793,4195977,2105688,0,0,0.936376,99.9562,16777216,0,1342209920,16777216,268435456,419430400,33554432,74973184,0,0,1,8,0,37.6016,1024,2112,0,0,32
mtran,6677,8388608,128,1,1,1,1,32,4,32,32,0,5,8538482,8388608,1,8393443,8388609,0,0,0,49.1792,2099125,2165186,0,0,0.626229,99.9689,0,0,713031680,8388608,268435456,192937984,0,40370176,0,0,1,8,0,28.3435,1024,4224,0,0,32
mtran,4599,8388608,128,1,1,1,1,32,4,32,32,1,7,8390296,8388608,2,8393279,8388609,0,0,0,49.7121,2098235,2120362,0,0,0.652005,99.9565,8388608,0,788561792,8388608,268435456,201326592,16777216,44564480,0,0,1,7,0,31.6327,1024,4224,0,0,32
mtran,5510,4194304,128,1,1,1,1,32,4,32,64,0,6,8538622,8388608,1,8394491,8388609,0,0,0,49.9045,2097152,2105175,0,0,0.300951,99.9493,0,0,520093696,4194304,268435456,100663296,0,29884416,0,0,1,4,0,15.9716,1024,8448,0,0,32
mtran,4470,4194304,128,1,1,1,1,32,4,32,64,1,7,8390372,8388608,2,8393527,8388609,0,0,0,49.8978,2097166,2105729,0,0,0.303539,99.957,4194304,0,557875072,4194304,268435456,104857600,8388608,31981568,0,0,1,4,0,19.3287,1024,8448,0,0,32
mtran,18434,67108864,256,1,1,1,1,32,8,32,8,0,2,8698846,8388608,1,8393759,8388609,0,0,0,24.9987,6291639,2097391,0,0,0.915278,99.9795,0,0,2684354560,67108864,268435456,1140850688,0,148897792,0,0,1,5,0,28.7632,1024,1056,0,0,32
mtran,10977,67108864,256,1,1,1,1,32,8,32,8,1,3,8599534,8388634,1,8394499,8388609,0,0,0,24.9983,6291471,2097721,0,0,0.955081,99.9798,67108864,0,3288399616,67108864,268435456,1207959552,134217728,182452224,0,0,1,3,0,41.8316,1024,1056,0,0,32
mtran,10337,33554432,256,1,1,1,1,32,8,32,16,0,3,8541452,8388608,1,8393567,8388609,0,0,0,28.5696,4194394,3146100,0,0,0.93597,99.9742,0,0,1845493760,33554432,268435456,603979776,0,109051904,0,0,1,5,0,31.2471,1024,2112,0,0,32
mtran,6749,33554432,256,1,1,1,1,32,8,32,16,1,5,8680918,8388608,1,8394579,8388609,0,0,0,28.5695,4194311,3146220,0,0,0.962954,99.9725,33554432,0,2147548928,33554432,268435456,637534208,67108864,125829120,0,0,1,3,0,45.0339,1024,2112,0,0,32
mtran,6589,16777216,256,1,1,1,1,32,8,32,32,0,5,8538822,8388606,1,8396271,8388609,0,0,0,47.7028,2098791,2297499,0,0,0.887603,99.9649,0,0,1191182336,16777216,268435456,385875968,0,66060288,0,0,1,8,0,35.269,1024,4224,0,0,32
mtran,4625,16777216,256,1,1,1,1,32,8,32,32,1,7,8390568,8388607,2,8394919,8388609,0,0,0,48.0464,2098791,2266052,0,0,0.930474,99.96,16777216,0,1342242560,16777216,268435456,419430400,33554432,74973184,0,0,1,6,0,44.3678,1024,4224,0,0,32
mtran,5578,8388608,256,1,1,1,1,32,8,32,64,0,6,8687030,8388606,1,8397087,8388609,0,0,0,48.7729,2097452,2202376,0,0,0.571674,99.9641,0,0,713031680,8388608,268435456,192937984,0,40370176,0,0,1,7,0,26.3569,1024,8448,0,0,32
mtran,4093,8388608,256,1,1,1,1,32,8,32,64,1,7,8390536,8388608,2,8394659,8388609,0,0,0,48.6917,2097253,2209745,0,0,0.58757,99.9536,8388608,0,788594432,8388608,268435456,201326592,16777216,44564480,0,0,1,6,0,30.9934,1024,8448,0,0,32
mtran,10331,67108864,512,1,1,1,1,32,16,32,16,0,3,8390632,8388608,1,8395255,8388609,0,0,0,33.3271,4194304,2098321,0,0,0.93641,99.9768,0,0,2684354560,67108864,268435456,1140850688,0,148897792,0,0,1,2,0,36.4215,1024,2112,0,0,32
mtran,7268,67108864,512,1,1,1,1,32,16,32,16,1,4,8538924,8388672,1,8396195,8388621,0,0,9.53673E-05,33.3331,4194304,2097194,0,0,0.910251,99.979,67108864,0,3288464896,67108864,268435456,1207959552,134217728,182452224,0,0,2,3,0,61.174,1024,2112,0,0,32
mtran,6572,33554432,512,1,1,1,1,32,16,32,32,0,5,8533916,8388608,1,8395155,8388609,0,0,0,39.8653,2097156,3163443,0,0,0.930134,99.9685,0,0,1845493760,33554432,268435456,603979776,0,109051904,0,0,1,4,0,39.5005,1024,4224,0,0,32
mtran,5102,33554432,512,1,1,1,1,32,16,32,32,1,6,8515258,8388727,1,8396027,8388609,0,0,0,39.9791,2097152,3148474,0,0,0.940056,99.9719,33554432,0,2147614208,33554432,268435456,637534208,67108864,125829120,0,0,1,3,0,55.5247,1024,4224,0,0,32
mtran,5553,16777216,512,1,1,1,1,32,16,32,64,0,6,8394856,8388608,1,8398939,8388609,0,0,0,46.6257,2097363,2400486,0,0,0.882421,99.9528,0,0,1191182336,16777216,268435456,385875968,0,66060288,0,0,1,7,0,36.3706,1024,8448,0,0,32
mtran,3975,16777216,512,1,1,1,1,32,16,32,64,1,8,8531090,8388608,2,8395307,8388609,0,0,0,44.7967,2097249,2584242,0,0,0.917792,99.9453,16777216,0,1342307840,16777216,268435456,419430400,33554432,74973184,0,0,1,5,0,44.0158,1024,8448,0,0,32
mtran,6462,67108864,1024,1,1,1,1,32,32,32,32,0,5,8539390,8388867,1,8400503,8388609,0,0,0,49.1484,2097152,2169823,0,0,0.898714,99.5347,0,0,2684354560,67108864,268435456,1140850688,0,148897792,0,0,2,2,0,52.9759,1024,4224,0,0,32
mtran,7575,67108864,1024,1,1,1,1,32,32,32,32,1,4,8402120,8388616,1,8398451,8388613,0,0,0,49.9975,2097152,2097365,0,0,0.89462,99.9752,67108864,0,3288595456,67108864,268435456,1207959552,134217728,182452224,0,0,2,2,0,56.3275,1024,4224,0,0,32
mtran,5542,33554432,1024,1,1,1,1,32,32,32,64,0,6,8391036,8388608,1,8400207,8388609,0,0,0,39.6156,2097152,3196603,0,0,0.926876,99.3871,0,0,1845493760,33554432,268435456,603979776,0,109051904,0,0,1,3,0,45.7881,1024,8448,0,0,32
mtran,5531,33554432,1024,1,1,1,1,32,32,32,64,1,6,8533760,8388632,1,8397603,8388609,0,0,0,39.969,2097152,3149793,0,0,0.926658,99.9593,33554432,0,2147744768,33554432,268435456,637534208,67108864,125829120,0,0,1,3,0,52.089,1024,8448,0,0,32
mtran,126703,67108864,64,1,1,1,1,64,1,64,1,0,2,10479138,67108700,1,8390267,67108869,0,0,5.29819E-06,49.9069,2100552,2101573,0,0,0.464051,99.9967,0,0,2147483648,67108864,268435456,939524096,0,125829120,0,0,1,9,0,22.6242,1024,260,0,0,32
mtran,93545,67108864,64,1,1,1,1,64,1,64,1,1,2,10168732,66325766,1,8390335,67108897,0,0,5.29819E-06,49.8053,2104391,2106306,0,0,0.469786,99.9963,67108864,0,2751471552,67108864,268435456,1006632960,134217728,159383552,0,0,1,8,0,23.2539,1024,260,0,0,32
mtran,66267,33554432,64,1,1,1,1,64,1,64,2,0,2,9575748,33554277,1,8390223,33554433,0,0,0,28.5592,4195837,3147348,0,0,0.470198,99.9934,0,0,1778384896,33554432,268435456,570425344,0,105906176,0,0,1,8,0,20.6804,1024,520,0,0,32
mtran,42356,33554432,64,1,1,1,1,64,1,64,2,1,2,9279286,33361200,1,8390291,33554433,0,0,0,28.5668,4194932,3146302,0,0,0.477642,99.9927,33554432,0,2080382912,33554432,268435456,603979776,67108864,122683392,0,0,1,6,0,20.0644,1024,520,0,0,32
mtran,35123,16777216,64,1,1,1,1,64,1,64,4,0,2,8992388,16777188,1,8390975,16777217,0,0,0,19.9889,8392886,2098721,0,0,0.469293,99.9878,0,0,1174405120,16777216,268435456,369098752,0,65011712,0,0,1,9,0,23.5948,1024,1040,0,0,32
mtran,18959,16777216,64,1,1,1,1,64,1,64,4,1,3,8823180,16739673,1,8391359,16777217,0,0,0,19.9983,8389236,2097405,0,0,0.478767,99.9814,16777216,0,1325408192,16777216,268435456,402653184,33554432,73924608,0,0,1,7,0,22.2792,1024,1040,0,0,32
mtran,19064,8388608,64,1,1,1,1,64,1,64,8,0,2,8686526,8388608,1,8391099,8388609,0,0,0,19.996,8390112,2097751,0,0,0.477533,99.9782,0,0,704643072,8388608,268435456,184549376,0,39845888,0,0,1,8,0,21.8229,1024,2080,0,0,32
mtran,10892,8388608,64,1,1,1,1,64,1,64,8,1,3,8538278,8388608,1,8391419,8388609,0,0,0,19.9984,8388850,2097758,0,0,0.485299,99.9674,8388608,0,780148672,8388608,268435456,192937984,16777216,44040192,0,0,1,7,0,21.581,1024,2080,0,0,32
mtran,10756,4194304,64,1,1,1,1,64,1,64,16,0,3,8544350,8388607,1,8390907,8388609,0,0,0,33.3286,4194345,2098002,0,0,0.333216,99.9789,0,0,511705088,4194304,268435456,100663296,0,29622272,0,0,1,5,0,16.0762,1024,4160,0,0,32
mtran,6704,4194304,64,1,1,1,1,64,1,64,16,1,5,8538250,8388608,1,8391327,8388609,0,0,0,33.3296,4194319,2097834,0,0,0.336748,99.9472,4194304,0,549461952,4194304,268435456,104857600,8388608,31719424,0,0,1,5,0,16.8468,1024,4160,0,0,32
mtran,6687,2097152,64,1,1,1,1,64,1,64,32,0,5,8538322,8388608,1,8392111,8388609,0,0,0,49.9997,2097152,2097179,0,0,0.153466,99.9614,0,0,421527552,6291456,268435456,52428800,0,24379392,0,0,1,3,0,9.31048,1024,8320,0,0,32
mtran,4446,2097152,64,1,1,1,1,64,1,64,32,1,7,8686618,8388608,2,8392359,8388609,0,0,0,49.9977,2097152,2097347,0,0,0.153107,99.9695,2097152,0,440410048,6291456,268435456,54525952,4194304,25427968,0,0,1,3,0,12.8701,1024,8320,0,0,32
mtran,8111,1048576,64,1,1,1,1,64,1,64,64,0,4,8436034,8388608,1,8392675,8388609,0,0,0,50,2097152,2097152,0,0,0.0617485,99.9052,0,0,371195904,7340032,268435456,29360128,0,21626880,0,0,1,2,0,6.26293,1024,16640,0,0,32
mtran,8103,1048576,64,1,1,1,1,64,1,64,64,1,4,8537990,8388608,1,8392919,8388609,0,0,0,50,2097152,2097152,0,0,0.0617555,99.9215,1048576,0,380641216,7340032,268435456,30408704,2097152,22151168,0,0,1,2,0,6.36302,1024,16640,0,0,32
mtran,66038,67108864,128,1,1,1,1,64,2,64,2,0,2,9562305,33553778,1,8390783,33554433,0,0,0,33.0355,4219180,2128996,0,0,0.891883,99.9936,0,0,2684354560,67108864,268435456,1073741824,0,146800640,0,0,1,10,0,27.4681,1024,520,0,0,32
mtran,42252,67108864,128,1,1,1,1,64,2,64,2,1,2,9119794,33315933,1,8390971,33554433,0,0,0,33.1708,4209583,2112702,0,0,0.907838,99.992,67108864,0,3288350592,67108864,268435456,1140850688,134217728,180355072,0,0,1,9,0,30.4472,1024,520,0,0,32
mtran,34597,33554432,128,1,1,1,1,64,2,64,4,0,2,8982976,16775890,1,8390991,16777217,0,0,0,18.1382,8404985,3157061,0,0,0.912682,99.9879,0,0,1879048192,33554432,268435456,570425344,0,109051904,0,0,1,9,0,26.5666,1024,1040,0,0,32
mtran,18794,33554432,128,1,1,1,1,64,2,64,4,1,3,8686566,16729420,1,8391387,16777217,0,0,0,18.1778,8389748,3147106,0,0,0.954879,99.9804,33554432,0,2181054336,33554432,268435456,603979776,67108864,125829120,0,0,1,6,0,28.5776,1024,1040,0,0,32
mtran,18782,16777216,128,1,1,1,1,64,2,64,8,0,2,8686586,8388608,1,8392151,8388609,0,0,0,19.9554,8403414,2105792,0,0,0.910023,99.9756,0,0,1207959552,16777216,268435456,369098752,0,66060288,0,0,1,10,0,29.4507,1024,2080,0,0,32
mtran,10812,16777216,128,1,1,1,1,64,2,64,8,1,3,8525826,8388608,1,8392643,8388609,0,0,0,19.9802,8392686,2103473,0,0,0.936663,99.959,16777216,0,1358970752,16777216,268435456,402653184,33554432,74973184,0,0,1,9,0,33.1621,1024,2080,0,0,32
mtran,10618,8388608,128,1,1,1,1,64,2,64,16,0,3,8675750,8388608,1,8391823,8388609,0,0,0,33.1737,4198988,2122745,0,0,0.631345,99.9707,0,0,721420288,8388608,268435456,184549376,0,40370176,0,0,1,9,0,26.7624,1024,4160,0,0,32
mtran,6654,8388608,128,1,1,1,1,64,2,64,16,1,5,8551030,8388608,1,8392435,8388609,0,0,0,33.1388,4196902,2131483,0,0,0.651823,99.9436,8388608,0,796934016,8388608,268435456,192937984,16777216,44564480,0,0,1,8,0,28.7777,1024,4160,0,0,32
mtran,6670,4194304,128,1,1,1,1,64,2,64,32,0,5,8538566,8388606,1,8392399,8388609,0,0,0,49.8665,2097162,2108372,0,0,0.297971,99.9705,0,0,520093696,4194304,268435456,100663296,0,29884416,0,0,1,5,0,15.7953,1024,8320,0,0,32
mtran,4572,4194304,128,1,1,1,1,64,2,64,32,1,7,8535410,8388608,2,8393195,8388609,0,0,0,49.8974,2097223,2105703,0,0,0.303142,99.9439,4194304,0,557858688,4194304,268435456,104857600,8388608,31981568,0,0,1,4,0,17.9891,1024,8320,0,0,32
mtran,5374,2097152,128,1,1,1,1,64,2,64,64,0,6,8414214,8388612,1,8393239,8388609,0,0,0,49.9955,2097152,2097533,0,0,0.122349,99.903,0,0,425721856,6291456,268435456,52428800,0,24510464,0,0,1,3,0,10.6913,1024,16640,0,0,32
mtran,4961,2097152,128,1,1,1,1,64,2,64,64,1,6,8390408,8388608,1,8393735,8388609,0,0,0,49.922,2097152,2103705,0,0,0.12232,99.3754,2097152,0,444612480,6291456,268435456,54525952,4194304,25559040,0,0,1,3,0,12.3193,1024,16640,0,0,32
mtran,34743,67108864,256,1,1,1,1,64,4,64,4,0,2,8983164,16777216,1,8392227,16777217,0,0,0,19.9746,8395931,2103176,0,0,0.874128,99.989,0,0,2684354560,67108864,268435456,1140850688,0,148897792,0,0,1,8,0,27.0186,1024,1040,0,0,32
mtran,18720,67108864,256,1,1,1,1,64,4,64,4,1,3,8687718,16774348,1,8392507,16777217,0,0,0,19.9975,8389328,2097727,0,0,0.951904,99.9842,67108864,0,3288366848,67108864,268435456,1207959552,134217728,182452224,0,0,1,4,0,29.7204,1024,1040,0,0,32
mtran,18681,33554432,256,1,1,1,1,64,4,64,8,0,2,8829240,8388608,1,8392227,8388609,0,0,0,18.1778,8390034,3146873,0,0,0.927879,99.9781,0,0,1845493760,33554432,268435456,603979776,0,109051904,0,0,1,6,0,25.4572,1024,2080,0,0,32
mtran,10928,33554432,256,1,1,1,1,64,4,64,8,1,3,8686810,8388607,1,8392767,8388609,0,0,0,18.181,8388716,3146122,0,0,0.972907,99.9762,33554432,0,2147516160,33554432,268435456,637534208,67108864,125829120,0,0,1,4,0,31.767,1024,2080,0,0,32
mtran,10324,16777216,256,1,1,1,1,64,4,64,16,0,3,8390236,8388608,1,8392707,8388609,0,0,0,32.6915,4202527,2212452,0,0,0.887523,99.9669,0,0,1191182336,16777216,268435456,385875968,0,66060288,0,0,1,9,0,32.4473,1024,4160,0,0,32
mtran,6662,16777216,256,1,1,1,1,64,4,64,16,1,5,8533444,8388608,1,8393403,8388609,0,0,0,32.3847,4200254,2275495,0,0,0.93142,99.9639,16777216,0,1342209792,16777216,268435456,419430400,33554432,74973184,0,0,1,7,0,37.924,1024,4160,0,0,32
mtran,6837,8388608,256,1,1,1,1,64,4,64,32,0,5,8538624,8388608,1,8393971,8388609,0,0,0,48.1252,2098141,2259561,0,0,0.563787,99.9632,0,0,713031680,8388608,268435456,192937984,0,40370176,0,0,1,7,0,26.2385,1024,8320,0,0,32
mtran,4463,8388608,256,1,1,1,1,64,4,64,32,1,7,8686826,8388607,2,8394391,8388609,0,0,0,47.9562,2098539,2274514,0,0,0.585228,99.9543,8388608,0,788561664,8388608,268435456,201326592,16777216,44564480,0,0,1,6,0,29.675,1024,8320,0,0,32
mtran,5389,4194304,256,1,1,1,1,64,4,64,64,0,6,8390440,8388607,1,8394691,8388609,0,0,0,49.403,2097152,2147836,0,0,0.239579,99.9062,0,0,515899392,4194304,268435456,104857600,0,29884416,0,0,1,3,0,14.5075,1024,16640,0,0,32
mtran,3702,4194304,256,1,1,1,1,64,4,64,64,1,8,8526342,8388608,2,8395047,8388609,0,0,0,48.8934,2097152,2192079,0,0,0.239905,99.8042,4194304,0,553680640,4194304,268435456,109051904,8388608,31981568,0,0,1,4,0,20.0124,1024,16640,0,0,32
mtran,18247,67108864,512,1,1,1,1,64,8,64,8,0,2,8693978,8388608,1,8393795,8388609,0,0,0,19.9996,8388625,2097355,0,0,0.924778,99.983,0,0,2684354560,67108864,268435456,1140850688,0,148897792,0,0,1,4,0,25.1344,1024,2080,0,0,32
mtran,10759,67108864,512,1,1,1,1,64,8,64,8,1,3,8538804,8388616,1,8394415,8388617,0,0,4.76837E-05,19.9992,8388608,2097562,0,0,0.94234,99.9732,67108864,0,3288399360,67108864,268435456,1207959552,134217728,182452224,0,0,1,3,0,43.482,1024,2080,0,0,32
mtran,10498,33554432,512,1,1,1,1,64,8,64,16,0,3,8686842,8388607,1,8393735,8388609,0,0,0,28.5631,4194373,3147801,0,0,0.929705,99.9709,0,0,1845493760,33554432,268435456,603979776,0,109051904,0,0,1,4,0,29.1137,1024,4160,0,0,32
mtran,6782,33554432,512,1,1,1,1,64,8,64,16,1,5,8537044,8388607,1,8394467,8388609,0,0,0,28.5598,4194304,3148709,0,0,0.952228,99.9667,33554432,0,2147548672,33554432,268435456,637534208,67108864,125829120,0,0,1,3,0,46.671,1024,4160,0,0,32
mtran,6579,16777216,512,1,1,1,1,64,8,64,32,0,5,8538786,8388606,1,8396295,8388609,0,0,0,45.498,2097517,2511815,0,0,0.865154,99.9682,0,0,1191182336,16777216,268435456,385875968,0,66060288,0,0,1,7,0,32.5695,1024,8320,0,0,32
mtran,4417,16777216,512,1,1,1,1,64,8,64,32,1,7,8390512,8388608,2,8396135,8388609,0,0,0,43.4229,2097924,2731678,0,0,0.915466,99.9478,16777216,0,1342242304,16777216,268435456,419430400,33554432,74973184,0,0,1,6,0,42.9637,1024,8320,0,0,32
mtran,5416,8388608,512,1,1,1,1,64,8,64,64,0,6,8679482,8388607,1,8396771,8388609,0,0,0,46.1825,2097158,2443855,0,0,0.45936,99.9094,0,0,713031680,8388608,268435456,192937984,0,40370176,0,0,1,5,0,21.4141,1024,16640,0,0,32
mtran,3720,8388608,512,1,1,1,1,64,8,64,64,1,8,8390576,8388608,2,8395307,8388609,0,0,0,44.9678,2097153,2566521,0,0,0.468,99.8552,8388608,0,788594176,8388608,268435456,201326592,16777216,44564480,0,0,1,4,0,29.8405,1024,16640,0,0,32
mtran,10235,67108864,1024,1,1,1,1,64,16,64,16,0,3,8638990,8388608,1,8394587,8388609,0,0,0,33.1835,4194304,2125569,0,0,0.925073,99.7417,0,0,2684354560,67108864,268435456,1140850688,0,148897792,0,0,1,2,0,35.6082,1024,4160,0,0,32
mtran,8025,67108864,1024,1,1,1,1,64,16,64,16,1,4,8533194,8388616,1,8395451,8388613,0,0,0,33.3327,4194304,2097270,0,0,0.895707,99.9592,67108864,0,3288464384,67108864,268435456,1207959552,134217728,182452224,0,0,1,3,0,54.6693,1024,4160,0,0,32
mtran,6593,33554432,1024,1,1,1,1,64,16,64,32,0,5,8538886,8388608,1,8395187,8388609,0,0,0,39.6065,2097152,3197818,0,0,0.921534,99.755,0,0,1845493760,33554432,268435456,603979776,0,109051904,0,0,1,3,0,36.9894,1024,8320,0,0,32
mtran,5524,33554432,1024,1,1,1,1,64,16,64,32,1,6,8390700,8388668,1,8396243,8388625,0,0,0,39.9802,2097152,3148321,0,0,0.926342,99.9676,33554432,0,2147613696,33554432,268435456,637534208,67108864,125829120,0,0,1,3,0,52.1159,1024,8320,0,0,32
mtran,5532,16777216,1024,1,1,1,1,64,16,64,64,0,6,8390532,8388605,1,8398491,8388609,0,0,0,41.9927,2097152,2896940,0,0,0.870267,99.8934,0,0,1191182336,16777216,268435456,385875968,0,66060288,0,0,1,5,0,31.726,1024,16640,0,0,32
mtran,3782,16777216,1024,1,1,1,1,64,16,64,64,1,8,8390716,8388608,2,8396011,8388609,0,0,0,38.5881,2097152,3337564,0,0,0.91303,99.7685,16777216,0,1342307328,16777216,268435456,419430400,33554432,74973184,0,0,1,5,0,45.5971,1024,16640,0,0,32
mtran,12119,33554432,32,2,0,0,0,1,32,1,32,0,3,8687938,8388608,1,33564703,8388609,0,0,0,0,0,0,0,0,0.233816,99.9904,0,0,503316480,33554432,100663296,301989888,0,29360128,0,0,1,4,0,13.6845,1024,0,0,0,8
mtran,33128,33554432,32,2,0,0,0,1,32,1,32,1,3,34149816,8388608,1,33560631,8388609,0,0,0,0,0,0,0,0,0.244181,99.9958,33554432,0,805437408,33554432,100663296,335544320,67108864,46137344,0,0,1,3,0,9.67488,1024,0,0,0,8
mtran,12264,16777216,32,2,0,0,0,1,32,1,64,0,3,8674650,8388608,1,33565111,8388609,0,0,0,0,0,0,0,0,0.242056,99.9891,0,0,603979776,16777216,100663296,268435456,0,40370176,0,0,1,4,0,15.6014,1024,0,0,0,29
mtran,33034,16777216,32,2,0,0,0,1,32,1,64,1,3,34149872,8388608,1,33559999,8388609,0,0,0,0,0,0,0,0,0.247094,99.9955,16777216,0,755105760,16777216,100663296,301989888,33554432,49807360,0,0,1,3,0,10.2916,1024,0,0,0,29
mtran,9799,33554432,64,2,0,0,0,1,64,1,64,0,3,8688062,8388608,2,33564767,8388609,0,0,0,0,0,0,0,0,0.460395,99.9845,0,0,503316480,33554432,100663296,301989888,0,29360128,0,0,1,6,0,18.7137,1024,0,0,0,8
mtran,31921,33554432,64,2,0,0,0,1,64,1,64,1,3,34002162,8388608,1,33557899,8388609,0,0,0,0,0,0,0,0,0.480253,99.9949,33554432,0,805568448,33554432,100663296,335544320,67108864,46137344,0,0,1,5,0,13.4688,1024,0,0,0,8
mtran,12565,33554432,32,2,0,0,0,2,16,2,16,0,3,8687254,8388608,1,16783475,8388609,0,0,0,0,0,0,0,0,0.234204,99.9879,0,0,503316480,33554432,100663296,301989888,0,29360128,0,0,1,3,0,10.1573,1024,0,0,0,8
mtran,19792,33554432,32,2,0,0,0,2,16,2,16,1,3,17075882,8388607,1,16784347,8388609,0,0,0,0,0,0,0,0,0.240193,99.9919,33554432,0,805371872,33554432,100663296,335544320,67108864,46137344,0,0,1,2,0,8.73491,1024,0,0,0,8
mtran,12691,16777216,32,2,0,0,0,2,16,2,32,0,3,8539375,8388608,1,16785923,8388609,0,0,0,0,0,0,0,0,0.242299,99.9873,0,0,603979776,16777216,100663296,268435456,0,40370176,0,0,1,3,0,11.7955,1024,0,0,0,29
mtran,18806,16777216,32,2,0,0,0,2,16,2,32,1,3,17078646,8388608,1,16784723,8388609,0,0,0,0,0,0,0,0,0.244855,99.9929,16777216,0,755040224,16777216,100663296,301989888,33554432,49807360,0,0,1,2,0,9.27037,1024,0,0,0,29
mtran,11533,8388608,32,2,0,0,0,2,16,2,64,0,3,8539812,8388608,1,16785859,8388609,0,0,0,0,0,0,0,0,0.245744,99.9794,0,0,310378496,8388608,100663296,109051904,0,17301504,0,0,1,3,0,8.75101,1024,0,0,0,29
mtran,19708,8388608,32,2,0,0,0,2,16,2,64,1,3,17076342,8388608,1,16784595,8388609,0,0,0,0,0,0,0,0,0.247511,99.9891,8388608,0,385941472,8388608,100663296,117440512,16777216,21495808,0,0,1,2,0,5.95831,1024,0,0,0,29
mtran,9773,33554432,64,2,0,0,0,2,32,2,32,0,3,8687471,8388608,1,16785443,8388609,0,0,0,0,0,0,0,0,0.460996,99.9837,0,0,503316480,33554432,100663296,301989888,0,29360128,0,0,1,5,0,17.7636,1024,0,0,0,8
mtran,18177,33554432,64,2,0,0,0,2,32,2,32,1,3,17076174,8388607,1,16784347,8388609,0,0,0,0,0,0,0,0,0.469001,99.9903,33554432,0,805437376,33554432,100663296,335544320,67108864,46137344,0,0,1,4,0,15.0908,1024,0,0,0,8
mtran,9629,16777216,64,2,0,0,0,2,32,2,64,0,3,8664129,8388608,1,16785947,8388609,0,0,0,0,0,0,0,0,0.473955,99.9773,0,0,603979776,16777216,100663296,268435456,0,40370176,0,0,1,5,0,20.2529,1024,0,0,0,29
mtran,18392,16777216,64,2,0,0,0,2,32,2,64,1,3,17144642,8388608,1,16783615,8388609,0,0,0,0,0,0,0,0,0.47737,99.9864,16777216,0,755105728,16777216,100663296,301989888,33554432,49807360,0,0,1,4,0,14.9063,1024,0,0,0,29
mtran,8741,33554432,128,2,0,0,0,2,64,2,64,0,4,8408018,8388608,1,16785307,8388609,0,0,0,0,0,0,0,0,0.89837,99.9778,0,0,503316480,33554432,100663296,301989888,0,29360128,0,0,1,6,0,20.8415,1024,0,0,0,8
mtran,17601,33554432,128,2,0,0,0,2,64,2,64,1,3,17083814,8388608,1,16783215,8388609,0,0,0,0,0,0,0,0,0.942783,99.9863,33554432,0,805568384,33554432,100663296,335544320,67108864,46137344,0,0,1,5,0,16.8965,1024,0,0,0,8
mtran,21381,33554432,32,2,0,0,0,4,8,4,8,0,2,8708082,8388608,1,8394435,8388609,0,0,0,0,0,0,0,0,0.240919,99.9902,0,0,503316480,33554432,100663296,301989888,0,29360128,0,0,1,2,0,5.4087,1024,0,0,0,8
mtran,17104,33554432,32,2,0,0,0,4,8,4,8,1,2,8690422,8388608,1,8395159,8388609,0,0,0,0,0,0,0,0,0.23868,99.9922,33554432,0,805339104,33554432,100663296,335544320,67108864,46137344,0,0,1,2,0,9.17282,1024,0,0,0,8
mtran,21940,16777216,32,2,0,0,0,4,8,4,16,0,2,8698789,8388608,1,8394967,8388609,0,0,0,0,0,0,0,0,0.24558,99.9929,0,0,603979776,16777216,100663296,268435456,0,40370176,0,0,1,2,0,6.42113,1024,0,0,0,29
mtran,16147,16777216,32,2,0,0,0,4,8,4,16,1,2,8687194,8388608,1,8395447,8388609,0,0,0,0,0,0,0,0,0.244017,99.9903,16777216,0,755007456,16777216,100663296,301989888,33554432,49807360,0,0,1,2,0,9.72875,1024,0,0,0,29
mtran,23463,8388608,32,2,0,0,0,4,8,4,32,0,2,8835404,8388608,1,8395071,8388609,0,0,0,0,0,0,0,0,0.247925,99.9938,0,0,310378496,8388608,100663296,109051904,0,17301504,0,0,1,2,0,4.37357,1024,0,0,0,29
mtran,15403,8388608,32,2,0,0,0,4,8,4,32,1,2,8664386,8388608,1,8394559,8388609,0,0,0,0,0,0,0,0,0.246813,99.9864,8388608,0,385908704,8388608,100663296,117440512,16777216,21495808,0,0,1,2,0,6.25024,1024,0,0,0,29
mtran,20699,4194304,32,2,0,0,0,4,8,4,64,0,2,8687262,8388608,1,8395715,8388609,0,0,0,0,0,0,0,0,0.248775,99.9878,0,0,230686720,8388608,100663296,58720256,0,12845056,0,0,1,2,0,3.67379,1024,0,0,0,29
mtran,16638,4194304,32,2,0,0,0,4,8,4,64,1,2,8687454,8388608,1,8395103,8388609,0,0,0,0,0,0,0,0,0.248492,99.9868,4194304,0,268468192,8388608,100663296,62914560,8388608,14942208,0,0,1,2,0,4.55382,1024,0,0,0,28
mtran,16050,33554432,64,2,0,0,0,4,16,4,16,0,2,8687130,8388608,1,8393911,8388609,0,0,0,0,0,0,0,0,0.460636,99.9889,0,0,503316480,33554432,100663296,301989888,0,29360128,0,0,1,6,0,16.9259,1024,0,0,0,8
mtran,12843,33554432,64,2,0,0,0,4,16,4,16,1,3,8645114,8388610,1,8394791,8388609,0,0,0,0,0,0,0,0,0.471591,99.9881,33554432,0,805371840,33554432,100663296,335544320,67108864,46137344,0,0,1,3,0,15.13,1024,0,0,0,8
mtran,19269,16777216,64,2,0,0,0,4,16,4,32,0,2,8687206,8388608,1,8394059,8388609,0,0,0,0,0,0,0,0,0.472061,99.9883,0,0,603979776,16777216,100663296,268435456,0,40370176,0,0,1,6,0,18.7959,1024,0,0,0,29
mtran,12584,16777216,64,2,0,0,0,4,16,4,32,1,3,8685582,8388608,1,8394795,8388609,0,0,0,0,0,0,0,0,0.480502,99.9881,16777216,0,755040192,16777216,100663296,301989888,33554432,49807360,0,0,1,4,0,15.9683,1024,0,0,0,29
mtran,18622,8388608,64,2,0,0,0,4,16,4,64,0,2,8688910,8388608,1,8394499,8388609,0,0,0,0,0,0,0,0,0.481588,99.9841,0,0,310378496,8388608,100663296,109051904,0,17301504,0,0,1,6,0,13.9717,1024,0,0,0,29
mtran,13429,8388608,64,2,0,0,0,4,16,4,64,1,3,8547494,8388608,1,8394991,8388614,0,0,0,0,0,0,0,0,0.48531,99.9876,8388608,0,385941440,8388608,100663296,117440512,16777216,21495808,0,0,1,3,0,10.3043,1024,0,0,0,29
mtran,18596,33554432,128,2,0,0,0,4,32,4,32,0,2,8696146,8388608,1,8394047,8388609,0,0,0,0,0,0,0,0,0.820422,99.9862,0,0,503316480,33554432,100663296,301989888,0,29360128,0,0,1,9,0,24.3906,1024,0,0,0,8
mtran,11409,33554432,128,2,0,0,0,4,32,4,32,1,3,8538882,8388607,1,8394799,8388609,0,0,0,0,0,0,0,0,0.868908,99.9826,33554432,0,805437312,33554432,100663296,335544320,67108864,46137344,0,0,1,8,0,26.8029,1024,0,0,0,8
mtran,18650,16777216,128,2,0,0,0,4,32,4,64,0,2,8687282,8388608,1,8395155,8388609,0,0,0,0,0,0,0,0,0.886831,99.9838,0,0,603979776,16777216,100663296,268435456,0,40370176,0,0,1,9,0,24.4744,1024,0,0,0,29
mtran,12743,16777216,128,2,0,0,0,4,32,4,64,1,3,8539274,8388608,1,8395291,8388609,0,0,0,0,0,0,0,0,0.904646,99.9814,16777216,0,755105664,16777216,100663296,301989888,33554432,49807360,0,0,1,8,0,25.2274,1024,0,0,0,29
mtran,10397,33554432,256,2,0,0,0,4,64,4,64,0,3,8682818,8388607,1,8398959,8388609,0,0,0,0,0,0,0,0,0.836328,99.9799,0,0,503316480,33554432,100663296,301989888,0,29360128,0,0,1,8,0,23.1769,1024,0,0,0,8
mtran,10690,33554432,256,2,0,0,0,4,64,4,64,1,3,8391148,8388608,1,8396163,8388609,0,0,0,0,0,0,0,0,0.852226,99.9782,33554432,0,805568256,33554432,100663296,335544320,67108864,46137344,0,0,1,7,0,25.4996,1024,0,0,0,8
mtran,36865,33554432,32,2,0,0,0,8,4,8,4,0,2,9123646,16777216,1,8392107,16777217,0,0,0,0,0,0,0,0,0.244814,99.9896,0,0,503316480,33554432,100663296,301989888,0,29360128,0,0,1,3,0,7.36686,1024,0,0,0,8
mtran,21895,33554432,32,2,0,0,0,8,4,8,4,1,2,8686754,16777193,1,8393219,16777217,0,0,0,0,0,0,0,0,0.241105,99.9914,33554432,0,805322720,33554432,100663296,335544320,67108864,46137344,0,0,1,2,0,7.8704,1024,0,0,0,8
mtran,37558,16777216,32,2,0,0,0,8,4,8,8,0,2,8983084,16773020,1,8392671,16777217,0,0,0,0,0,0,0,0,0.24741,99.9946,0,0,603979776,16777216,100663296,268435456,0,40370176,0,0,1,3,0,8.02842,1024,0,0,0,29
mtran,17037,16777216,32,2,0,0,0,8,4,8,8,1,3,8686786,12018928,1,8393651,16777217,0,0,0,0,0,0,0,0,0.244335,99.9907,16777216,0,754991072,16777216,100663296,301989888,33554432,49807360,0,0,1,2,0,9.91933,1024,0,0,0,29
mtran,37314,8388608,32,2,0,0,0,8,4,8,16,0,2,9279670,16765348,1,8393175,16777217,0,0,0,0,0,0,0,0,0.24868,99.9957,0,0,310378496,8388608,100663296,109051904,0,17301504,0,0,1,3,0,7.17081,1024,0,0,0,29
mtran,18960,8388608,32,2,0,0,0,8,4,8,16,1,2,8686782,13640013,1,8393667,16777217,0,0,0,0,0,0,0,0,0.247405,99.9887,8388608,0,385892320,8388608,100663296,117440512,16777216,21495808,0,0,1,2,0,6.2876,1024,0,0,0,29
mtran,37429,4194304,32,2,0,0,0,8,4,8,32,0,2,8983256,16748379,1,8393213,16777217,0,0,0,0,0,0,0,0,0.249294,99.9952,0,0,230686720,8388608,100663296,58720256,0,12845056,0,0,1,3,0,6.98608,1024,0,0,0,29
mtran,19347,4194304,32,2,0,0,0,8,4,8,32,1,2,8831022,13733100,1,8393935,16777217,0,0,0,0,0,0,0,0,0.248677,99.9889,4194304,0,268451808,8388608,100663296,62914560,8388608,14942208,0,0,1,2,0,5.06206,1024,0,0,0,28
mtran,35745,2097152,32,2,0,0,0,8,4,8,64,0,2,8987772,16555253,1,8393559,16777217,0,0,0,0,0,0,0,0,0.249545,99.9905,0,0,186646528,8388608,100663296,33554432,0,10485760,0,0,1,2,0,5.0173,1024,0,0,0,29
mtran,17504,2097152,32,2,0,0,0,8,4,8,64,1,3,8687122,12691546,1,8394395,16777217,0,0,0,0,0,0,0,0,0.249195,99.9828,2097152,0,205537248,8388608,100663296,35651584,4194304,11534336,0,0,1,2,0,4.80403,1024,0,0,0,28
mtran,26830,33554432,64,2,0,0,0,8,8,8,8,0,2,8689562,11589217,1,8393443,16777217,0,0,0,0,0,0,0,0,0.457855,99.989,0,0,503316480,33554432,100663296,301989888,0,29360128,0,0,1,8,0,19.6902,1024,0,0,0,8
mtran,13017,33554432,64,2,0,0,0,8,8,8,8,1,3,8686802,8472843,1,8393763,16777217,0,0,0,0,0,0,0,0,0.471552,99.9884,33554432,0,805339072,33554432,100663296,335544320,67108864,46137344,0,0,1,4,0,17.4829,1024,0,0,0,8
mtran,29736,16777216,64,2,0,0,0,8,8,8,16,0,2,8983248,12845179,1,8392927,16777217,0,0,0,0,0,0,0,0,0.470548,99.9941,0,0,603979776,16777216,100663296,268435456,0,40370176,0,0,1,8,0,20.9651,1024,0,0,0,29
mtran,13277,16777216,64,2,0,0,0,8,8,8,16,1,3,8686738,8531893,1,8393843,16777217,0,0,0,0,0,0,0,0,0.481084,99.9837,16777216,0,755007424,16777216,100663296,301989888,33554432,49807360,0,0,1,5,0,17.7389,1024,0,0,0,29
mtran,32247,8388608,64,2,0,0,0,8,8,8,32,0,2,8973104,13997704,1,8392763,16777217,0,0,0,0,0,0,0,0,0.478246,99.9919,0,0,310378496,8388608,100663296,109051904,0,17301504,0,0,1,8,0,20.1519,1024,0,0,0,29
mtran,14040,8388608,64,2,0,0,0,8,8,8,32,1,3,8540876,8933639,1,8394099,16777217,0,0,0,0,0,0,0,0,0.484854,99.987,8388608,0,385908672,8388608,100663296,117440512,16777216,21495808,0,0,1,5,0,14.7027,1024,0,0,0,29
mtran,29642,4194304,64,2,0,0,0,8,8,8,64,0,2,8981000,13172327,1,8393111,16777217,0,0,0,0,0,0,0,0,0.485457,99.9927,0,0,230686720,8388608,100663296,58720256,0,12845056,0,0,1,8,0,18.4655,1024,0,0,0,29
mtran,13807,4194304,64,2,0,0,0,8,8,8,64,1,3,8686898,9130146,1,8393623,16777217,0,0,0,0,0,0,0,0,0.488862,99.9832,4194304,0,268468160,8388608,100663296,62914560,8388608,14942208,0,0,1,5,0,13.0722,1024,0,0,0,28
mtran,31257,33554432,128,2,0,0,0,8,16,8,16,0,2,8839290,14878020,1,8392371,16777217,0,0,0,0,0,0,0,0,0.818934,99.9899,0,0,503316480,33554432,100663296,301989888,0,29360128,0,0,1,10,0,25.3578,1024,0,0,0,8
mtran,9761,33554432,128,2,0,0,0,8,16,8,16,1,3,8501868,8809964,1,8393947,16777217,0,0,0,0,0,0,0,0,0.872838,99.9806,33554432,0,805371776,33554432,100663296,335544320,67108864,46137344,0,0,1,9,0,31.5655,1024,0,0,0,8
mtran,34047,16777216,128,2,0,0,0,8,16,8,32,0,2,9022369,15632462,1,8392139,16777217,0,0,0,0,0,0,0,0,0.854265,99.9905,0,0,603979776,16777216,100663296,268435456,0,40370176,0,0,1,10,0,25.8075,1024,0,0,0,29
mtran,13031,16777216,128,2,0,0,0,8,16,8,32,1,3,8686950,10353192,1,8393919,16777217,0,0,0,0,0,0,0,0,0.893317,99.9859,16777216,0,755040128,16777216,100663296,301989888,33554432,49807360,0,0,1,9,0,29.6808,1024,0,0,0,29
mtran,31986,8388608,128,2,0,0,0,8,16,8,64,0,2,8983316,15218368,1,8392207,16777217,0,0,0,0,0,0,0,0,0.869793,99.9885,0,0,310378496,8388608,100663296,109051904,0,17301504,0,0,1,10,0,24.4448,1024,0,0,0,29
mtran,14410,8388608,128,2,0,0,0,8,16,8,64,1,3,8539400,11875325,1,8393407,16777217,0,0,0,0,0,0,0,0,0.910934,99.9862,8388608,0,385941376,8388608,100663296,117440512,16777216,21495808,0,0,1,9,0,25.5581,1024,0,0,0,29
mtran,21136,33554432,256,2,0,0,0,8,32,8,32,0,2,8693022,13271170,1,8394111,16777217,0,0,0,0,0,0,0,0,0.817213,99.9886,0,0,503316480,33554432,100663296,301989888,0,29360128,0,0,1,10,0,25.7755,1024,0,0,0,8
mtran,6927,33554432,256,2,0,0,0,8,32,8,32,1,5,8392560,8605298,2,8395367,16777217,0,0,0,0,0,0,0,0,0.863889,99.9758,33554432,0,805437184,33554432,100663296,335544320,67108864,46137344,0,0,1,8,0,34.0315,1024,0,0,0,8
mtran,19950,16777216,256,2,0,0,0,8,32,8,64,0,2,8830346,11719077,1,8394995,16777217,0,0,0,0,0,0,0,0,0.857889,99.987,0,0,603979776,16777216,100663296,268435456,0,40370176,0,0,1,10,0,26.8222,1024,0,0,0,29
mtran,7476,16777216,256,2,0,0,0,8,32,8,64,1,4,8399040,8806900,1,8395791,16777217,0,0,0,0,0,0,0,0,0.890089,99.9739,16777216,0,755105536,16777216,100663296,301989888,33554432,49807360,0,0,1,8,0,33.4418,1024,0,0,0,29
mtran,8697,33554432,512,2,0,0,0,8,64,8,64,0,4,8539376,9604603,1,8400539,16777217,0,0,0,0,0,0,0,0,0.796012,99.9785,0,0,503316480,33554432,100663296,301989888,0,29360128,0,0,1,9,0,27.294,1024,0,0,0,8
mtran,5913,33554432,512,2,0,0,0,8,64,8,64,1,5,8530412,8846411,2,8397451,16777217,0,0,0,0,0,0,0,0,0.829497,99.9702,33554432,0,805568000,33554432,100663296,335544320,67108864,46137344,0,0,1,7,0,34.7064,1024,0,0,0,8
mtran,67097,33554432,32,2,0,0,0,16,2,16,2,0,2,9575820,33554564,1,8390907,33554433,0,0,0,0,0,0,0,0,0.247118,99.9931,0,0,503316480,33554432,100663296,301989888,0,29360128,0,0,1,5,0,11.0474,1024,0,0,0,8
mtran,34774,33554432,32,2,0,0,0,16,2,16,2,1,3,8982980,33522320,1,8391243,33554433,0,0,0,0,0,0,0,0,0.244407,99.9919,33554432,0,805314528,33554432,100663296,335544320,67108864,46137344,0,0,1,3,0,8.79478,1024,0,0,0,8
mtran,65951,16777216,32,2,0,0,0,16,2,16,4,0,2,9455006,33554574,1,8390959,33554437,0,0,0,0,0,0,0,0,0.248526,99.9954,0,0,620756992,16777216,100663296,251658240,0,40370176,0,0,1,5,0,11.2314,1024,0,0,0,29
mtran,34105,16777216,32,2,0,0,0,16,2,16,4,1,3,8989196,32740257,1,8391559,33554437,0,0,0,0,0,0,0,0,0.247148,99.9947,16777216,0,771760096,16777216,100663296,285212672,33554432,49807360,0,0,1,3,0,9.55751,1024,0,0,0,29
mtran,65849,8388608,32,2,0,0,0,16,2,16,8,0,2,9575868,33554159,1,8391151,33554441,0,0,0,0,0,0,0,0,0.249242,99.9953,0,0,318767104,8388608,100663296,100663296,0,17301504,0,0,1,5,0,10.7305,1024,0,0,0,29
mtran,34662,8388608,32,2,0,0,0,16,2,16,8,1,3,9117912,32803475,1,8391863,33554441,0,0,0,0,0,0,0,0,0.248574,99.9926,8388608,0,394272736,8388608,100663296,109051904,16777216,21495808,0,0,1,3,0,8.50047,1024,0,0,0,29
mtran,65807,4194304,32,2,0,0,0,16,2,16,16,0,2,9575880,33553853,1,8391151,33554433,0,0,0,0,0,0,0,0,0.249582,99.9938,0,0,234881024,8388608,100663296,54525952,0,12845056,0,0,1,5,0,10.5897,1024,0,0,0,29
mtran,34042,4194304,32,2,0,0,0,16,2,16,16,1,3,8983116,33113620,1,8392003,33554449,0,0,9.53674E-06,0,0,0,0,0,0.249236,99.9948,4194304,0,272637920,8388608,100663296,58720256,8388608,14942208,0,0,1,3,0,7.52585,1024,0,0,0,28
mtran,64152,2097152,32,2,0,0,0,16,2,16,32,0,2,9575852,33553823,1,8391151,33554433,0,0,0,0,0,0,0,0,0.249713,99.9939,0,0,188743680,8388608,100663296,31457280,0,10485760,0,0,1,5,0,10.5171,1024,0,0,0,29
mtran,34883,2097152,32,2,0,0,0,16,2,16,32,1,3,8983112,33293291,1,8391955,33554441,0,0,0,0,0,0,0,0,0.249557,99.9892,2097152,0,207626208,8388608,100663296,33554432,4194304,11534336,0,0,1,4,0,7.98583,1024,0,0,0,28
mtran,60989,1048576,32,2,0,0,0,16,2,16,64,0,2,9288190,33552315,1,8391391,33554433,0,0,0,0,0,0,0,0,0.249714,99.9855,0,0,165675008,8388608,100663296,19922944,0,9306112,0,0,1,4,0,9.89687,1024,0,0,0,29
mtran,36452,1048576,32,2,0,0,0,16,2,16,64,1,2,8983044,33293343,1,8392159,33554441,0,0,0,0,0,0,0,0,0.249661,99.968,1048576,0,175120352,8388608,100663296,20971520,2097152,9830400,0,0,1,4,0,8.10974,1024,0,0,0,28
mtran,60630,33554432,64,2,0,0,0,16,4,16,4,0,2,9571625,28891385,1,8391540,33554433,0,0,0,0,0,0,0,0,0.458884,99.9943,0,0,503316480,33554432,100663296,301989888,0,29360128,0,0,1,9,0,22.4085,1024,0,0,0,8
mtran,22436,33554432,64,2,0,0,0,16,4,16,4,1,3,8834776,20443019,1,8391919,33554433,0,0,0,0,0,0,0,0,0.450101,99.9908,33554432,0,805322688,33554432,100663296,335544320,67108864,46137344,0,0,1,7,0,21.4195,1024,0,0,0,8
mtran,60141,16777216,64,2,0,0,0,16,4,16,8,0,2,9279446,29864396,1,8391539,33554433,0,0,0,0,0,0,0,0,0.471066,99.9949,0,0,603979776,16777216,100663296,268435456,0,40370176,0,0,1,9,0,23.0122,1024,0,0,0,29
mtran,23877,16777216,64,2,0,0,0,16,4,16,8,1,3,8834814,21511334,1,8392235,33554433,0,0,0,0,0,0,0,0,0.467328,99.9897,16777216,0,754991040,16777216,100663296,301989888,33554432,49807360,0,0,1,8,0,22.3806,1024,0,0,0,29
mtran,61071,8388608,64,2,0,0,0,16,4,16,16,0,2,9566036,30769068,1,8391147,33554433,0,0,0,0,0,0,0,0,0.479206,99.9939,0,0,310378496,8388608,100663296,109051904,0,17301504,0,0,1,9,0,22.814,1024,0,0,0,29
mtran,25300,8388608,64,2,0,0,0,16,4,16,16,1,3,8845730,23387053,1,8392415,33554433,0,0,0,0,0,0,0,0,0.477132,99.9918,8388608,0,385892288,8388608,100663296,117440512,16777216,21495808,0,0,1,8,0,20.5079,1024,0,0,0,29
mtran,60656,4194304,64,2,0,0,0,16,4,16,32,0,2,9427674,31377005,1,8391243,33554433,0,0,0,0,0,0,0,0,0.485067,99.995,0,0,230686720,8388608,100663296,58720256,0,12845056,0,0,1,10,0,22.8884,1024,0,0,0,29
mtran,27569,4194304,64,2,0,0,0,16,4,16,32,1,3,8834822,25890581,1,8392319,33554433,0,0,0,0,0,0,0,0,0.484706,99.9865,4194304,0,268451776,8388608,100663296,62914560,8388608,14942208,0,0,1,8,0,20.603,1024,0,0,0,28
mtran,56819,2097152,64,2,0,0,0,16,4,16,64,0,2,9437536,30983762,1,8391155,33554433,0,0,0,0,0,0,0,0,0.489449,99.985,0,0,186646528,8388608,100663296,33554432,0,10485760,0,0,1,9,0,22.413,1024,0,0,0,29
mtran,30567,2097152,64,2,0,0,0,16,4,16,64,1,3,8983012,27822838,1,8392259,33554433,0,0,0,0,0,0,0,0,0.489097,99.9744,2097152,0,205537216,8388608,100663296,35651584,4194304,11534336,0,0,1,9,0,20.6412,1024,0,0,0,28
mtran,58403,33554432,128,2,0,0,0,16,8,16,8,0,2,9569280,29129169,1,8391411,33554438,0,0,0,0,0,0,0,0,0.804582,99.9935,0,0,503316480,33554432,100663296,301989888,0,29360128,0,0,1,10,0,25.2597,1024,0,0,0,8
mtran,19057,33554432,128,2,0,0,0,16,8,16,8,1,3,8686594,16441649,1,8392591,33554433,0,0,0,0,0,0,0,0,0.842433,99.9856,33554432,0,805339008,33554432,100663296,335544320,67108864,46137344,0,0,1,10,0,28.8816,1024,0,0,0,8
mtran,60782,16777216,128,2,0,0,0,16,8,16,16,0,2,9475884,30888721,1,8391189,33554433,0,0,0,0,0,0,0,0,0.839643,99.9926,0,0,603979776,16777216,100663296,268435456,0,40370176,0,0,1,10,0,25.5778,1024,0,0,0,29
mtran,22896,16777216,128,2,0,0,0,16,8,16,16,1,3,8824528,21287633,1,8392639,33554433,0,0,0,0,0,0,0,0,0.874194,99.9928,16777216,0,755007360,16777216,100663296,301989888,33554432,49807360,0,0,1,10,0,27.8943,1024,0,0,0,29
mtran,60325,8388608,128,2,0,0,0,16,8,16,32,0,2,9282642,31619392,1,8390979,33554433,0,0,0,0,0,0,0,0,0.827766,99.9884,0,0,310378496,8388608,100663296,109051904,0,17301504,0,0,1,10,0,25.1325,1024,0,0,0,29
mtran,26210,8388608,128,2,0,0,0,16,8,16,32,1,3,8768718,25717419,1,8392367,33554433,0,0,0,0,0,0,0,0,0.871462,99.9837,8388608,0,385908608,8388608,100663296,117440512,16777216,21495808,0,0,1,10,0,25.1879,1024,0,0,0,29
mtran,56564,4194304,128,2,0,0,0,16,8,16,64,0,2,9427818,31377796,1,8391343,33554433,0,0,0,0,0,0,0,0,0.86051,99.9804,0,0,230686720,8388608,100663296,58720256,0,12845056,0,0,1,10,0,24.7218,1024,0,0,0,29
mtran,30377,4194304,128,2,0,0,0,16,8,16,64,1,3,8983132,28979110,1,8392427,33554433,0,0,0,0,0,0,0,0,0.87217,99.9762,4194304,0,268468096,8388608,100663296,62914560,8388608,14942208,0,0,1,10,0,24.9531,1024,0,0,0,28
mtran,48759,33554432,256,2,0,0,0,16,16,16,16,0,2,9279662,27595144,1,8391675,33554433,0,0,0,0,0,0,0,0,0.800818,99.9948,0,0,503316480,33554432,100663296,301989888,0,29360128,0,0,1,10,0,25.6571,1024,0,0,0,8
mtran,8016,33554432,256,2,0,0,0,16,16,16,16,1,4,8390568,9430122,2,8394235,33554433,0,0,0,0,0,0,0,0,0.839565,99.9788,33554432,0,805371648,33554432,100663296,335544320,67108864,46137344,0,0,1,9,0,35.0664,1024,0,0,0,8
mtran,54073,16777216,256,2,0,0,0,16,16,16,32,0,2,9515700,29912173,1,8391247,33554433,0,0,0,0,0,0,0,0,0.824338,99.9924,0,0,603979776,16777216,100663296,268435456,0,40370176,0,0,1,10,0,25.873,1024,0,0,0,29
mtran,13751,16777216,256,2,0,0,0,16,16,16,32,1,3,8686934,15746639,1,8394331,33554433,0,0,0,0,0,0,0,0,0.864261,99.9846,16777216,0,755040000,16777216,100663296,301989888,33554432,49807360,0,0,1,10,0,30.4475,1024,0,0,0,29
mtran,50173,8388608,256,2,0,0,0,16,16,16,64,0,2,9279646,28784572,1,8391643,33554433,0,0,0,0,0,0,0,0,0.840152,99.9898,0,0,310378496,8388608,100663296,109051904,0,17301504,0,0,1,10,0,24.9579,1024,0,0,0,29
mtran,20917,8388608,256,2,0,0,0,16,16,16,64,1,3,8972864,22964174,1,8393423,33554433,0,0,0,0,0,0,0,0,0.860192,99.984,8388608,0,385941248,8388608,100663296,117440512,16777216,21495808,0,0,1,10,0,25.9154,1024,0,0,0,29
mtran,27915,33554432,512,2,0,0,0,16,32,16,32,0,2,8835170,21654497,1,8393699,33554433,0,0,0,0,0,0,0,0,0.783836,99.9927,0,0,503316480,33554432,100663296,301989888,0,29360128,0,0,1,10,0,26.3043,1024,0,0,0,8
mtran,5189,33554432,512,2,0,0,0,16,32,16,32,1,6,8390720,9116532,3,8396047,33554433,0,0,0,0,0,0,0,0,0.826679,99.9681,33554432,0,805436928,33554432,100663296,335544320,67108864,46137344,0,0,1,9,0,40.554,1024,0,0,0,8
mtran,29530,16777216,512,2,0,0,0,16,32,16,64,0,2,8835376,20504797,1,8394155,33554433,0,0,0,0,0,0,0,0,0.808855,99.9906,0,0,603979776,16777216,100663296,268435456,0,40370176,0,0,1,10,0,26.1959,1024,0,0,0,29
mtran,5924,16777216,512,2,0,0,0,16,32,16,64,1,6,8390772,9432882,3,8396411,33554433,0,0,0,0,0,0,0,0,0.869241,99.9705,16777216,0,755105280,16777216,100663296,301989888,33554432,49807360,0,0,1,9,0,38.8715,1024,0,0,0,29
mtran,6186,33554432,1024,2,0,0,0,16,64,16,64,0,5,8391132,9609544,2,8400499,33554438,0,0,0,0,0,0,0,0,0.800541,99.9472,0,0,503316480,33554432,100663296,301989888,0,29360128,0,0,1,8,0,28.8413,1024,0,0,0,8
mtran,5627,33554432,1024,2,0,0,0,16,64,16,64,1,7,8539264,13299290,3,8398035,33554433,0,0,0,0,0,0,0,0,0.806817,99.9681,33554432,0,805567488,33554432,100663296,335544320,67108864,46137344,0,0,1,8,0,37.0394,1024,0,0,0,8
mtran,127415,33554432,32,2,0,0,0,32,1,32,1,0,2,10761532,67107631,1,8390095,67108878,0,0,0,0,0,0,0,0,0.248501,99.9965,0,0,503316480,33554432,100663296,301989888,0,29360128,0,0,1,5,0,12.5444,1024,0,0,0,8
mtran,94499,33554432,32,2,0,0,0,32,1,32,1,1,2,10020536,66618920,1,8390535,67108913,0,0,5.29819E-05,0,0,0,0,0,0.247981,99.997,33554432,0,805310432,33554432,100663296,335544320,67108864,46137344,0,0,1,5,0,12.6115,1024,0,0,0,8
mtran,128087,16777216,32,2,0,0,0,32,1,32,2,0,2,10613300,67086079,1,8390051,67108901,0,0,3.17891E-05,0,0,0,0,0,0.249247,99.997,0,0,587202560,16777216,100663296,251658240,0,39321600,0,0,1,5,0,12.7385,1024,0,0,0,29
mtran,80184,16777216,32,2,0,0,0,32,1,32,2,1,2,9872298,66664991,1,8390671,67108909,0,0,4.23855E-05,0,0,0,0,0,0.2488,99.9966,16777216,0,738201568,16777216,100663296,285212672,33554432,48758784,0,0,1,5,0,12.2328,1024,0,0,0,29
mtran,126201,8388608,32,2,0,0,0,32,1,32,4,0,2,10761508,67035123,1,8390099,67108865,0,0,0,0,0,0,0,0,0.249601,99.9973,0,0,301989888,8388608,100663296,100663296,0,16777216,0,0,1,5,0,12.431,1024,0,0,0,29
mtran,65362,8388608,32,2,0,0,0,32,1,32,4,1,2,9575848,66656720,1,8390839,67108901,0,0,3.70873E-05,0,0,0,0,0,0.249246,99.9925,8388608,0,377491424,8388608,100663296,109051904,16777216,20971520,0,0,1,5,0,11.4365,1024,0,0,0,29
mtran,125205,4194304,32,2,0,0,0,32,1,32,8,0,2,10465102,67108900,1,8390159,67108889,0,0,1.58946E-05,0,0,0,0,0,0.249767,99.9938,0,0,226492416,8388608,100663296,54525952,0,12582912,0,0,1,5,0,12.389,1024,0,0,0,29
mtran,65688,4194304,32,2,0,0,0,32,1,32,8,1,2,9575908,67108294,1,8390851,67108897,0,0,4.76837E-05,0,0,0,0,0,0.249592,99.9896,4194304,0,264245216,8388608,100663296,58720256,8388608,14680064,0,0,1,5,0,11.3289,1024,0,0,0,28
mtran,122868,2097152,32,2,0,0,0,32,1,32,16,0,2,10465134,67108903,1,8390147,67108889,0,0,0,0,0,0,0,0,0.249821,99.9922,0,0,184549376,8388608,100663296,31457280,0,10354688,0,0,1,5,0,12.3585,1024,0,0,0,29
mtran,66854,2097152,32,2,0,0,0,32,1,32,16,1,2,9575856,67108474,1,8390755,67108909,0,0,2.64909E-05,0,0,0,0,0,0.249729,99.9863,2097152,0,203427808,8388608,100663296,33554432,4194304,11403264,0,0,1,5,0,11.2697,1024,0,0,0,28
mtran,118647,1048576,32,2,0,0,0,32,1,32,32,0,2,10465086,67108915,1,8390167,67108893,0,0,4.23855E-05,0,0,0,0,0,0.2498,99.9729,0,0,163577856,8388608,100663296,19922944,0,9240576,0,0,1,5,0,12.2845,1024,0,0,0,29
mtran,64981,1048576,32,2,0,0,0,32,1,32,32,1,2,9575252,67107802,1,8390913,67108865,0,0,0,0,0,0,0,0,0.249738,99.981,1048576,0,173019104,8388608,100663296,20971520,2097152,9764864,0,0,1,5,0,11.1548,1024,0,0,0,28
mtran,107875,524288,32,2,0,0,0,32,1,32,64,0,2,10318268,67108595,1,8390179,67108885,0,0,3.70873E-05,0,0,0,0,0,0.249588,99.9654,0,0,153092096,8388608,100663296,14155776,0,8683520,0,0,1,5,0,12.0403,1024,0,0,0,29
mtran,65877,524288,32,2,0,0,0,32,1,32,64,1,2,9575932,67107626,1,8390747,67108881,0,0,5.82801E-05,0,0,0,0,0,0.24965,99.9579,524288,0,157814752,8388608,100663296,14680064,1048576,8945664,0,0,1,5,0,11.1268,1024,0,0,0,28
mtran,118591,33554432,64,2,0,0,0,32,2,32,2,0,2,10475758,61462061,1,8390531,67108907,0,0,0,0,0,0,0,0,0.466718,99.9968,0,0,503316480,33554432,100663296,301989888,0,29360128,0,0,1,10,0,23.6441,1024,0,0,0,8
mtran,66763,33554432,64,2,0,0,0,32,2,32,2,1,2,9575832,55579084,1,8390699,67108865,0,0,0,0,0,0,0,0,0.461181,99.997,33554432,0,805314496,33554432,100663296,335544320,67108864,46137344,0,0,1,9,0,23.5183,1024,0,0,0,8
mtran,123739,16777216,64,2,0,0,0,32,2,32,4,0,1,10613500,63385406,1,8390631,67108905,0,0,3.17891E-05,0,0,0,0,0,0.475006,99.997,0,0,620756992,16777216,100663296,251658240,0,40370176,0,0,1,10,0,23.8979,1024,0,0,0,29
mtran,53573,16777216,64,2,0,0,0,32,2,32,4,1,2,9279386,53910668,1,8390855,67108865,0,0,0,0,0,0,0,0,0.471231,99.9944,16777216,0,771760064,16777216,100663296,285212672,33554432,49807360,0,0,1,9,0,23.112,1024,0,0,0,29
mtran,121406,8388608,64,2,0,0,0,32,2,32,8,0,2,10745744,64197285,1,8390511,67108897,0,0,3.17891E-05,0,0,0,0,0,0.481949,99.9953,0,0,318767104,8388608,100663296,100663296,0,17301504,0,0,1,10,0,23.9343,1024,0,0,0,29
mtran,55560,8388608,64,2,0,0,0,32,2,32,8,1,2,9427744,56437978,1,8391131,67108869,0,0,0,0,0,0,0,0,0.482939,99.992,8388608,0,394272704,8388608,100663296,109051904,16777216,21495808,0,0,1,10,0,22.8187,1024,0,0,0,29
mtran,119734,4194304,64,2,0,0,0,32,2,32,16,0,2,10647374,64798197,1,8390535,67108865,0,0,0,0,0,0,0,0,0.486925,99.9885,0,0,234881024,8388608,100663296,54525952,0,12845056,0,0,1,10,0,23.9731,1024,0,0,0,29
mtran,59603,4194304,64,2,0,0,0,32,2,32,16,1,2,9575932,59456284,1,8391091,67108881,0,0,0,0,0,0,0,0,0.487299,99.9915,4194304,0,272637888,8388608,100663296,58720256,8388608,14942208,0,0,1,10,0,23.1846,1024,0,0,0,28
mtran,115801,2097152,64,2,0,0,0,32,2,32,32,0,2,10465246,64995686,1,8390635,67108901,0,0,2.64909E-05,0,0,0,0,0,0.490381,99.987,0,0,188743680,8388608,100663296,31457280,0,10485760,0,0,1,10,0,23.9348,1024,0,0,0,29
mtran,58971,2097152,64,2,0,0,0,32,2,32,32,1,2,9438862,60654066,1,8390927,67108893,0,0,1.05964E-05,0,0,0,0,0,0.491053,99.9836,2097152,0,207626176,8388608,100663296,33554432,4194304,11534336,0,0,1,10,0,23.0897,1024,0,0,0,28
mtran,104100,1048576,64,2,0,0,0,32,2,32,64,0,2,10168828,64509851,1,8390703,67108905,0,0,2.11928E-05,0,0,0,0,0,0.492698,99.9753,0,0,165675008,8388608,100663296,19922944,0,9306112,0,0,1,10,0,23.6594,1024,0,0,0,29
mtran,60266,1048576,64,2,0,0,0,32,2,32,64,1,2,9427682,61633645,1,8390743,67108893,0,0,5.29819E-06,0,0,0,0,0,0.493364,99.97,1048576,0,175120320,8388608,100663296,20971520,2097152,9830400,0,0,1,10,0,23.4307,1024,0,0,0,28
mtran,118487,33554432,128,2,0,0,0,32,4,32,4,0,2,10465278,62429347,1,8391003,67108865,0,0,0,0,0,0,0,0,0.7958,99.9962,0,0,503316480,33554432,100663296,301989888,0,29360128,0,0,1,10,0,25.0297,1024,0,0,0,8
mtran,49346,33554432,128,2,0,0,0,32,4,32,4,1,2,9279302,49070178,1,8391287,67108865,0,0,0,0,0,0,0,0,0.834375,99.9936,33554432,0,805322624,33554432,100663296,335544320,67108864,46137344,0,0,1,10,0,26.1864,1024,0,0,0,8
mtran,120407,16777216,128,2,0,0,0,32,4,32,8,0,2,10465222,63753718,1,8390795,67108865,0,0,0,0,0,0,0,0,0.822353,99.9934,0,0,603979776,16777216,100663296,268435456,0,40370176,0,0,1,10,0,25.3647,1024,0,0,0,29
mtran,53840,16777216,128,2,0,0,0,32,4,32,8,1,2,9282922,54483450,1,8391407,67108865,0,0,0,0,0,0,0,0,0.856708,99.992,16777216,0,754990976,16777216,100663296,301989888,33554432,49807360,0,0,1,10,0,26.7233,1024,0,0,0,29
mtran,118700,8388608,128,2,0,0,0,32,4,32,16,0,2,10465214,64043690,1,8390739,67108865,0,0,0,0,0,0,0,0,0.833737,99.9912,0,0,310378496,8388608,100663296,109051904,0,17301504,0,0,1,10,0,24.897,1024,0,0,0,29
mtran,57296,8388608,128,2,0,0,0,32,4,32,16,1,2,9289190,57507040,1,8391351,67108873,0,0,0,0,0,0,0,0,0.841246,99.9881,8388608,0,385892224,8388608,100663296,117440512,16777216,21495808,0,0,1,10,0,25.0721,1024,0,0,0,29
mtran,116254,4194304,128,2,0,0,0,32,4,32,32,0,2,10465306,64782130,1,8390895,67108865,0,0,0,0,0,0,0,0,0.86055,99.9834,0,0,230686720,8388608,100663296,58720256,0,12845056,0,0,1,10,0,24.8585,1024,0,0,0,29
mtran,57411,4194304,128,2,0,0,0,32,4,32,32,1,3,9427594,59719583,1,8391467,67108873,0,0,1.05964E-05,0,0,0,0,0,0.864068,99.9881,4194304,0,268451712,8388608,100663296,62914560,8388608,14942208,0,0,1,10,0,24.6814,1024,0,0,0,28
mtran,106913,2097152,128,2,0,0,0,32,4,32,64,0,2,10228712,65075913,1,8390779,67108865,0,0,0,0,0,0,0,0,0.882518,99.9585,0,0,186646528,8388608,100663296,33554432,0,10485760,0,0,1,10,0,24.82,1024,0,0,0,29
mtran,59940,2097152,128,2,0,0,0,32,4,32,64,1,2,9427510,62511664,1,8391179,67108865,0,0,0,0,0,0,0,0,0.881906,99.9718,2097152,0,205537152,8388608,100663296,35651584,4194304,11534336,0,0,1,10,0,24.9022,1024,0,0,0,28
mtran,101215,33554432,256,2,0,0,0,32,8,32,8,0,2,10168908,52788731,1,8391367,67108865,0,0,0,0,0,0,0,0,0.794105,99.9965,0,0,503316480,33554432,100663296,301989888,0,29360128,0,0,1,10,0,25.0561,1024,0,0,0,8
mtran,27531,33554432,256,2,0,0,0,32,8,32,8,1,3,8694946,26332442,1,8392763,67108865,0,0,0,0,0,0,0,0,0.822227,99.9918,33554432,0,805338880,33554432,100663296,335544320,67108864,46137344,0,0,1,10,0,27.8375,1024,0,0,0,8
mtran,108731,16777216,256,2,0,0,0,32,8,32,16,0,2,10213464,58014985,1,8391179,67108865,0,0,0,0,0,0,0,0,0.806515,99.9946,0,0,603979776,16777216,100663296,268435456,0,40370176,0,0,1,10,0,25.4614,1024,0,0,0,29
mtran,38137,16777216,256,2,0,0,0,32,8,32,16,1,3,9121934,37993510,1,8392519,67108865,0,0,0,0,0,0,0,0,0.836652,99.9932,16777216,0,755007232,16777216,100663296,301989888,33554432,49807360,0,0,1,10,0,26.7482,1024,0,0,0,29
mtran,110121,8388608,256,2,0,0,0,32,8,32,32,0,2,10465410,60159885,1,8391199,67108865,0,0,0,0,0,0,0,0,0.83299,99.991,0,0,310378496,8388608,100663296,109051904,0,17301504,0,0,1,10,0,24.9079,1024,0,0,0,29
mtran,43427,8388608,256,2,0,0,0,32,8,32,32,1,3,9279546,45861826,1,8392307,67108865,0,0,0,0,0,0,0,0,0.839649,99.9806,8388608,0,385908480,8388608,100663296,117440512,16777216,21495808,0,0,1,10,0,24.9688,1024,0,0,0,29
mtran,103320,4194304,256,2,0,0,0,32,8,32,64,0,2,10181616,60365339,1,8391259,67108865,0,0,0,0,0,0,0,0,0.850312,99.9891,0,0,230686720,8388608,100663296,58720256,0,12845056,0,0,1,10,0,24.8052,1024,0,0,0,29
mtran,48857,4194304,256,2,0,0,0,32,8,32,64,1,3,9239260,52795329,1,8392407,67108869,0,0,0,0,0,0,0,0,0.88161,99.9795,4194304,0,268467968,8388608,100663296,62914560,8388608,14942208,0,0,1,10,0,25.0612,1024,0,0,0,28
mtran,79562,33554432,512,2,0,0,0,32,16,32,16,0,2,9872614,48286058,1,8392195,67108865,0,0,0,0,0,0,0,0,0.758634,99.994,0,0,503316480,33554432,100663296,301989888,0,29360128,0,0,1,10,0,25.0146,1024,0,0,0,8
mtran,9352,33554432,512,2,0,0,0,32,16,32,16,1,4,8558462,13060841,3,8394295,67108865,0,0,0,0,0,0,0,0,0.840893,99.9838,33554432,0,805371392,33554432,100663296,335544320,67108864,46137344,0,0,1,10,0,33.5157,1024,0,0,0,8
mtran,94996,16777216,512,2,0,0,0,32,16,32,32,0,2,10020820,55244393,1,8391807,67108865,0,0,0,0,0,0,0,0,0.788104,99.9932,0,0,603979776,16777216,100663296,268435456,0,40370176,0,0,1,10,0,25.1529,1024,0,0,0,29
mtran,21339,16777216,512,2,0,0,0,32,16,32,32,1,3,8980320,26933776,1,8394111,67108865,0,0,0,0,0,0,0,0,0.818495,99.9822,16777216,0,755039744,16777216,100663296,301989888,33554432,49807360,0,0,1,10,0,28.6762,1024,0,0,0,29
mtran,92887,8388608,512,2,0,0,0,32,16,32,64,0,2,10015980,56175352,1,8391771,67108865,0,0,0,0,0,0,0,0,0.826339,99.9882,0,0,310378496,8388608,100663296,109051904,0,17301504,0,0,1,10,0,24.9121,1024,0,0,0,29
mtran,32098,8388608,512,2,0,0,0,32,16,32,64,1,4,8983414,61633057,1,12590799,67108865,0,0,0,0,0,0,0,0,0.828317,99.9763,8388608,0,385940992,8388608,100663296,117440512,16777216,21495808,0,0,1,10,0,25.151,1024,0,0,0,29
mtran,41078,33554432,1024,2,0,0,0,32,32,32,32,0,2,9138624,35427017,1,8394847,67108865,0,0,0,0,0,0,0,0,0.764593,99.9812,0,0,503316480,33554432,100663296,301989888,0,29360128,0,0,1,10,0,25.4062,1024,0,0,0,8
mtran,9286,33554432,1024,2,0,0,0,32,32,32,32,1,5,8687090,14513208,3,8397811,67108865,0,0,0,0,0,0,0,0,0.772433,99.9761,33554432,0,805436416,33554432,100663296,335544320,67108864,46137344,0,0,1,9,0,33.1312,1024,0,0,0,8
mtran,51154,16777216,1024,2,0,0,0,32,32,32,64,0,2,9279846,38123363,1,8395767,67108865,0,0,0,0,0,0,0,0,0.787545,99.9815,0,0,603979776,16777216,100663296,268435456,0,40370176,0,0,1,10,0,25.0229,1024,0,0,0,29
mtran,9243,16777216,1024,2,0,0,0,32,32,32,64,1,5,8687214,18070197,3,8396651,67108865,0,0,0,0,0,0,0,0,0.808013,99.956,16777216,0,755104768,16777216,100663296,301989888,33554432,49807360,0,0,1,9,0,33.0833,1024,0,0,0,29
mtran,11592,33554432,32,2,1,0,0,1,32,1,32,0,3,8538680,10248272,2,8398415,33554433,0,0,0,0,0,0,0,0,0.23283,99.9876,0,0,503316480,33554432,100663296,301989888,0,29360128,0,0,1,4,0,13.1325,1024,0,0,0,14
mtran,34929,33554432,32,2,1,0,0,1,32,1,32,1,3,9003662,33554588,1,8396751,33554441,0,0,0,0,0,0,0,0,0.244497,99.9826,33554432,0,805437408,33554432,100663296,335544320,67108864,46137344,0,0,1,3,0,9.04208,1024,0,0,0,14
mtran,11549,16777216,32,2,1,0,0,1,32,1,64,0,3,8686902,10479324,2,8398547,33554433,0,0,0,0,0,0,0,0,0.241574,99.9896,0,0,603979776,16777216,100663296,268435456,0,40370176,0,0,1,4,0,15.7284,1024,0,0,0,30
mtran,35256,16777216,32,2,1,0,0,1,32,1,64,1,3,8982932,33554556,1,8394871,33554433,0,0,0,0,0,0,0,0,0.247252,99.9909,16777216,0,755105760,16777216,100663296,301989888,33554432,49807360,0,0,1,3,0,8.90722,1024,0,0,0,32
mtran,6387,33554432,64,2,1,0,0,1,64,1,64,0,5,8397324,10174137,2,8400479,33554445,0,0,0,0,0,0,0,0,0.466281,99.9814,0,0,503316480,33554432,100663296,301989888,0,29360128,0,0,1,7,0,23.905,1024,0,0,0,14
mtran,35067,33554432,64,2,1,0,0,1,64,1,64,1,3,8982824,33554432,1,8394611,33554433,0,0,0,0,0,0,0,0,0.444309,99.9889,33554432,0,805568448,33554432,100663296,335544320,67108864,46137344,0,0,1,7,0,19.5466,1024,0,0,0,14
mtran,9462,33554432,32,2,1,0,0,2,16,2,16,0,4,8538630,8875404,1,8396883,16777229,0,0,0,0,0,0,0,0,0.229178,99.9869,0,0,503316480,33554432,100663296,301989888,0,29360128,0,0,1,3,0,12.0132,1024,0,0,0,14
mtran,21931,33554432,32,2,1,0,0,2,16,2,16,1,2,8686634,16777216,1,8395783,16777217,0,0,0,0,0,0,0,0,0.241051,99.9937,33554432,0,805371872,33554432,100663296,335544320,67108864,46137344,0,0,1,2,0,7.81213,1024,0,0,0,14
mtran,9542,16777216,32,2,1,0,0,2,16,2,32,0,4,8679330,9025398,1,8397923,16777225,0,0,1.58946E-05,0,0,0,0,0,0.239783,99.9869,0,0,603979776,16777216,100663296,268435456,0,40370176,0,0,1,3,0,14.8673,1024,0,0,0,30
mtran,21967,16777216,32,2,1,0,0,2,16,2,32,1,2,8982916,16777216,1,8396371,16777217,0,0,0,0,0,0,0,0,0.245643,99.9928,16777216,0,755040224,16777216,100663296,301989888,33554432,49807360,0,0,1,2,0,7.82165,1024,0,0,0,32
mtran,5912,8388608,32,2,1,0,0,2,16,2,64,0,6,8686918,9680736,2,8398031,16777217,0,0,0,0,0,0,0,0,0.241794,99.9778,0,0,310378496,8388608,100663296,109051904,0,17301504,0,0,1,5,0,15.6581,1024,0,0,0,30
mtran,20743,8388608,32,2,1,0,0,2,16,2,64,1,3,8824488,16777216,1,8395711,16777217,0,0,0,0,0,0,0,0,0.247662,99.9907,8388608,0,385941472,8388608,100663296,117440512,16777216,21495808,0,0,1,2,0,5.73316,1024,0,0,0,32
mtran,5766,33554432,64,2,1,0,0,2,32,2,32,0,6,8390960,9232058,2,8399335,16777217,0,0,0,0,0,0,0,0,0.462692,99.9781,0,0,503316480,33554432,100663296,301989888,0,29360128,0,0,1,5,0,19.8394,1024,0,0,0,14
mtran,19755,33554432,64,2,1,0,0,2,32,2,32,1,3,8820800,16777216,1,8395423,16777217,0,0,0,0,0,0,0,0,0.475266,99.9825,33554432,0,805437376,33554432,100663296,335544320,67108864,46137344,0,0,1,5,0,16.2344,1024,0,0,0,14
mtran,5889,16777216,64,2,1,0,0,2,32,2,64,0,6,8539204,9393162,2,8399979,16777217,0,0,0,0,0,0,0,0,0.480185,99.978,0,0,603979776,16777216,100663296,268435456,0,40370176,0,0,1,5,0,24.1993,1024,0,0,0,30
mtran,20579,16777216,64,2,1,0,0,2,32,2,64,1,3,8686342,16777215,1,8395855,16777217,0,0,0,0,0,0,0,0,0.481352,99.9878,16777216,0,755105728,16777216,100663296,301989888,33554432,49807360,0,0,1,5,0,16.5636,1024,0,0,0,32
mtran,7271,33554432,128,2,1,0,0,2,64,2,64,0,5,8539400,11820426,1,8400719,16777217,0,0,0,0,0,0,0,0,0.805417,99.9805,0,0,503316480,33554432,100663296,301989888,0,29360128,0,0,1,8,0,25.571,1024,0,0,0,14
mtran,21006,33554432,128,2,1,0,0,2,64,2,64,1,3,8686464,25165736,1,12592931,16777217,0,0,0,0,0,0,0,0,0.807979,99.9837,33554432,0,805568384,33554432,100663296,335544320,67108864,46137344,0,0,1,9,0,26.3623,1024,0,0,0,14
mtran,16628,33554432,32,2,1,0,0,4,8,4,8,0,2,8686150,8388608,1,8394643,8388609,0,0,0,0,0,0,0,0,0.23845,99.9927,0,0,503316480,33554432,100663296,301989888,0,29360128,0,0,1,2,0,6.09983,1024,0,0,0,14
mtran,17117,33554432,32,2,1,0,0,4,8,4,8,1,2,8686842,8388608,1,8394563,8388609,0,0,0,0,0,0,0,0,0.238674,99.9889,33554432,0,805339104,33554432,100663296,335544320,67108864,46137344,0,0,1,2,0,8.9002,1024,0,0,0,14
mtran,16712,16777216,32,2,1,0,0,4,8,4,16,0,2,8689166,8388616,1,8396079,8388609,0,0,0,0,0,0,0,0,0.244267,99.9921,0,0,603979776,16777216,100663296,268435456,0,40370176,0,0,1,2,0,7.7472,1024,0,0,0,30
mtran,17279,16777216,32,2,1,0,0,4,8,4,16,1,2,8691818,8388608,1,8395175,8388609,0,0,0,0,0,0,0,0,0.244399,99.9911,16777216,0,755007456,16777216,100663296,301989888,33554432,49807360,0,0,1,2,0,9.073,1024,0,0,0,32
mtran,8231,8388608,32,2,1,0,0,4,8,4,32,0,4,8687338,8388608,1,8398455,8388609,0,0,0,0,0,0,0,0,0.244238,99.9827,0,0,310378496,8388608,100663296,109051904,0,17301504,0,0,1,4,0,12.49,1024,0,0,0,30
mtran,15212,8388608,32,2,1,0,0,4,8,4,32,1,2,8686522,8388608,1,8395747,8388609,0,0,0,0,0,0,0,0,0.246817,99.9902,8388608,0,385908704,8388608,100663296,117440512,16777216,21495808,0,0,1,2,0,6.16026,1024,0,0,0,32
mtran,8459,4194304,32,2,1,0,0,4,8,4,64,0,4,8687402,8388608,1,8398979,8388609,0,0,0,0,0,0,0,0,0.247145,99.9847,0,0,234881024,8388608,100663296,58720256,0,12976128,0,0,1,4,0,10.7777,1024,0,0,0,30
mtran,15208,4194304,32,2,1,0,0,4,8,4,64,1,2,8635126,8388608,1,8395663,8388609,0,0,0,0,0,0,0,0,0.248348,99.9884,4194304,0,268468192,8388608,100663296,62914560,8388608,14942208,0,0,1,2,0,4.93786,1024,0,0,0,31
mtran,10526,33554432,64,2,1,0,0,4,16,4,16,0,3,8394064,8388608,1,8395119,8388609,0,0,0,0,0,0,0,0,0.472664,99.9889,0,0,503316480,33554432,100663296,301989888,0,29360128,0,0,1,3,0,12.3849,1024,0,0,0,14
mtran,14145,33554432,64,2,1,0,0,4,16,4,16,1,3,8686706,8388608,1,8394403,8388609,0,0,0,0,0,0,0,0,0.477131,99.9856,33554432,0,805371840,33554432,100663296,335544320,67108864,46137344,0,0,1,4,0,15.4521,1024,0,0,0,14
mtran,11440,16777216,64,2,1,0,0,4,16,4,32,0,3,8538646,8388608,1,8396827,8388609,0,0,0,0,0,0,0,0,0.482453,99.9892,0,0,603979776,16777216,100663296,268435456,0,40370176,0,0,1,4,0,14.0047,1024,0,0,0,30
mtran,14950,16777216,64,2,1,0,0,4,16,4,32,1,2,8686538,8388608,1,8394643,8388609,0,0,0,0,0,0,0,0,0.482835,99.9896,16777216,0,755040192,16777216,100663296,301989888,33554432,49807360,0,0,1,4,0,16.0958,1024,0,0,0,32
mtran,12264,8388608,64,2,1,0,0,4,16,4,64,0,3,8554922,8388608,1,8397275,8388609,0,0,0,0,0,0,0,0,0.474735,99.9878,0,0,310378496,8388608,100663296,109051904,0,17301504,0,0,1,6,0,15.9849,1024,0,0,0,30
mtran,14255,8388608,64,2,1,0,0,4,16,4,64,1,2,8686530,8388608,1,8395303,8388609,0,0,0,0,0,0,0,0,0.489746,99.9845,8388608,0,385941440,8388608,100663296,117440512,16777216,21495808,0,0,1,4,0,10.8042,1024,0,0,0,32
mtran,10485,33554432,128,2,1,0,0,4,32,4,32,0,3,8538932,8388608,1,8398403,8388609,0,0,0,0,0,0,0,0,0.851698,99.9873,0,0,503316480,33554432,100663296,301989888,0,29360128,0,0,1,5,0,17.2273,1024,0,0,0,14
mtran,14819,33554432,128,2,1,0,0,4,32,4,32,1,2,8686598,8388608,1,8393871,8388609,0,0,0,0,0,0,0,0,0.859227,99.9877,33554432,0,805437312,33554432,100663296,335544320,67108864,46137344,0,0,1,7,0,23.9463,1024,0,0,0,14
mtran,13184,16777216,128,2,1,0,0,4,32,4,64,0,3,8545102,8388608,1,8396943,8388609,0,0,0,0,0,0,0,0,0.882407,99.9866,0,0,603979776,16777216,100663296,268435456,0,40370176,0,0,1,6,0,18.3639,1024,0,0,0,30
mtran,15683,16777216,128,2,1,0,0,4,32,4,64,1,2,8686566,8388608,1,8394443,8388609,0,0,0,0,0,0,0,0,0.890275,99.9842,16777216,0,755105664,16777216,100663296,301989888,33554432,49807360,0,0,1,7,0,22.1646,1024,0,0,0,32
mtran,9658,33554432,256,2,1,0,0,4,64,4,64,0,3,8664234,8388608,1,8401259,8388609,0,0,0,0,0,0,0,0,0.820417,99.9872,0,0,503316480,33554432,100663296,301989888,0,29360128,0,0,1,6,0,18.6094,1024,0,0,0,14
mtran,14612,33554432,256,2,1,0,0,4,64,4,64,1,2,8686642,8388608,1,8395215,8388609,0,0,0,0,0,0,0,0,0.822211,99.9798,33554432,0,805568256,33554432,100663296,335544320,67108864,46137344,0,0,1,8,0,24.6506,1024,0,0,0,14
mtran,31269,33554432,32,2,1,0,0,8,4,8,4,0,2,17232490,8388608,1,16781023,8388609,0,0,0,0,0,0,0,0,0.243872,99.9962,0,0,503316480,33554432,100663296,301989888,0,29360128,0,0,1,2,0,6.06337,1024,0,0,0,14
mtran,19997,33554432,32,2,1,0,0,8,4,8,4,1,3,17226969,8388608,1,16781435,8388609,0,0,0,0,0,0,0,0,0.240323,99.9928,33554432,0,805322720,33554432,100663296,335544320,67108864,46137344,0,0,1,2,0,8.63333,1024,0,0,0,14
mtran,30534,16777216,32,2,1,0,0,8,4,8,8,0,2,16983544,8388608,1,16781829,8388609,0,0,0,0,0,0,0,0,0.246853,99.9959,0,0,603979776,16777216,100663296,268435456,0,40370176,0,0,1,2,0,7.04818,1024,0,0,0,30
mtran,16171,16777216,32,2,1,0,0,8,4,8,8,1,2,10420446,8388608,1,16782167,8388609,0,0,0,0,0,0,0,0,0.244039,99.9903,16777216,0,754991072,16777216,100663296,301989888,33554432,49807360,0,0,1,2,0,10.779,1024,0,0,0,32
mtran,16267,8388608,32,2,1,0,0,8,4,8,16,0,3,9279751,12582936,1,25174556,8388609,0,0,0,0,0,0,0,0,0.247051,99.9918,0,0,310378496,8388608,100663296,109051904,0,17301504,0,0,1,5,0,12.291,1024,0,0,0,30
mtran,11945,8388608,32,2,1,0,0,8,4,8,16,1,3,8831240,8388608,1,16782331,8388609,0,0,0,0,0,0,0,0,0.245952,99.9856,8388608,0,385892320,8388608,100663296,117440512,16777216,21495808,0,0,1,3,0,9.54441,1024,0,0,0,32
mtran,16173,4194304,32,2,1,0,0,8,4,8,32,0,2,9271968,8388608,1,16782507,8388609,0,0,0,0,0,0,0,0,0.24848,99.9881,0,0,234881024,8388608,100663296,58720256,0,12976128,0,0,1,5,0,11.616,1024,0,0,0,30
mtran,12796,4194304,32,2,1,0,0,8,4,8,32,1,3,8794071,8388608,1,16782523,8388609,0,0,0,0,0,0,0,0,0.248062,99.9845,4194304,0,268451808,8388608,100663296,62914560,8388608,14942208,0,0,1,3,0,7.40449,1024,0,0,0,31
mtran,15644,2097152,32,2,1,0,0,8,4,8,64,0,2,8797598,8388608,1,16783163,8388609,0,0,0,0,0,0,0,0,0.249167,99.9866,0,0,192937984,8388608,100663296,33554432,0,10682368,0,0,1,5,0,11.6279,1024,0,0,0,30
mtran,12632,2097152,32,2,1,0,0,8,4,8,64,1,3,8778946,8388608,1,16782267,8388609,0,0,0,0,0,0,0,0,0.248873,99.9823,2097152,0,205537248,8388608,100663296,35651584,4194304,11534336,0,0,1,3,0,6.95665,1024,0,0,0,31
mtran,18213,33554432,64,2,1,0,0,8,8,8,8,0,2,9274467,8388608,1,16782343,8388609,0,0,0,0,0,0,0,0,0.464387,99.9932,0,0,503316480,33554432,100663296,301989888,0,29360128,0,0,1,4,0,12.7192,1024,0,0,0,14
mtran,12948,33554432,64,2,1,0,0,8,8,8,8,1,3,8552786,8388608,1,16782379,8388609,0,0,0,0,0,0,0,0,0.467382,99.9889,33554432,0,805339072,33554432,100663296,335544320,67108864,46137344,0,0,1,5,0,19.4747,1024,0,0,0,14
mtran,18928,16777216,64,2,1,0,0,8,8,8,16,0,2,9801593,8388608,1,16782523,8388609,0,0,0,0,0,0,0,0,0.469838,99.9915,0,0,603979776,16777216,100663296,268435456,0,40370176,0,0,1,4,0,13.6962,1024,0,0,0,30
mtran,12979,16777216,64,2,1,0,0,8,8,8,16,1,3,8577736,8388610,1,16782147,8388609,0,0,0,0,0,0,0,0,0.477828,99.9865,16777216,0,755007424,16777216,100663296,301989888,33554432,49807360,0,0,1,5,0,19.8963,1024,0,0,0,32
mtran,16044,8388608,64,2,1,0,0,8,8,8,32,0,2,10874948,8388608,1,16783047,8388609,0,0,0,0,0,0,0,0,0.465891,99.988,0,0,310378496,8388608,100663296,109051904,0,17301504,0,0,1,5,0,12.621,1024,0,0,0,30
mtran,11943,8388608,64,2,1,0,0,8,8,8,32,1,3,8677737,8388607,1,16782627,8388609,0,0,0,0,0,0,0,0,0.491334,99.9829,8388608,0,385908672,8388608,100663296,117440512,16777216,21495808,0,0,1,5,0,15.4867,1024,0,0,0,32
mtran,15533,4194304,64,2,1,0,0,8,8,8,64,0,2,9741729,8388608,1,16782975,8388609,0,0,0,0,0,0,0,0,0.474612,99.9842,0,0,234881024,8388608,100663296,58720256,0,12976128,0,0,1,5,0,12.3797,1024,0,0,0,30
mtran,12055,4194304,64,2,1,0,0,8,8,8,64,1,3,8544530,8388608,1,16782307,8388609,0,0,0,0,0,0,0,0,0.494958,99.9866,4194304,0,268468160,8388608,100663296,62914560,8388608,14942208,0,0,1,5,0,13.8617,1024,0,0,0,31
mtran,15531,33554432,128,2,1,0,0,8,16,8,16,0,2,10129041,8388608,1,16781883,8388609,0,0,0,0,0,0,0,0,0.815043,99.9903,0,0,503316480,33554432,100663296,301989888,0,29360128,0,0,1,5,0,14.37,1024,0,0,0,14
mtran,11496,33554432,128,2,1,0,0,8,16,8,16,1,3,8432333,8388607,1,16781875,8388609,0,0,0,0,0,0,0,0,0.823924,99.9843,33554432,0,805371776,33554432,100663296,335544320,67108864,46137344,0,0,1,6,0,22.346,1024,0,0,0,14
mtran,19773,16777216,128,2,1,0,0,8,16,8,32,0,2,11711420,8388608,1,16782031,8388609,0,0,0,0,0,0,0,0,0.847259,99.9886,0,0,603979776,16777216,100663296,268435456,0,40370176,0,0,1,4,0,13.0698,1024,0,0,0,30
mtran,12581,16777216,128,2,1,0,0,8,16,8,32,1,3,8847279,8388608,1,16782595,8388609,0,0,0,0,0,0,0,0,0.872361,99.9872,16777216,0,755040128,16777216,100663296,301989888,33554432,49807360,0,0,1,6,0,21.1499,1024,0,0,0,32
mtran,20194,8388608,128,2,1,0,0,8,16,8,64,0,2,10891883,8388608,1,16782903,8388609,0,0,0,0,0,0,0,0,0.867034,99.9875,0,0,310378496,8388608,100663296,109051904,0,17301504,0,0,1,4,0,11.055,1024,0,0,0,30
mtran,12190,8388608,128,2,1,0,0,8,16,8,64,1,3,8745195,8388608,1,16781695,8388609,0,0,0,0,0,0,0,0,0.910095,99.9795,8388608,0,385941376,8388608,100663296,117440512,16777216,21495808,0,0,1,6,0,16.2977,1024,0,0,0,32
mtran,11907,33554432,256,2,1,0,0,8,32,8,32,0,3,8913470,8388608,1,16784839,8388609,0,0,0,0,0,0,0,0,0.809908,99.9886,0,0,503316480,33554432,100663296,301989888,0,29360128,0,0,1,6,0,17.3638,1024,0,0,0,14
mtran,10422,33554432,256,2,1,0,0,8,32,8,32,1,3,8684607,8388607,1,16783031,8388609,0,0,0,0,0,0,0,0,0.818117,99.9852,33554432,0,805437184,33554432,100663296,335544320,67108864,46137344,0,0,1,6,0,23.5183,1024,0,0,0,14
mtran,14180,16777216,256,2,1,0,0,8,32,8,64,0,3,8787403,8388608,1,16783939,8388609,0,0,0,0,0,0,0,0,0.842755,99.9882,0,0,603979776,16777216,100663296,268435456,0,40370176,0,0,1,5,0,17.017,1024,0,0,0,30
mtran,10995,16777216,256,2,1,0,0,8,32,8,64,1,3,8397015,8388607,1,16782907,8388609,0,0,0,0,0,0,0,0,0.860006,99.9847,16777216,0,755105536,16777216,100663296,301989888,33554432,49807360,0,0,1,6,0,23.0328,1024,0,0,0,32
mtran,9926,33554432,512,2,1,0,0,8,64,8,64,0,3,8682191,8388608,1,16787663,8388609,0,0,0,0,0,0,0,0,0.78984,99.9803,0,0,503316480,33554432,100663296,301989888,0,29360128,0,0,1,6,0,18.9748,1024,0,0,0,14
mtran,9880,33554432,512,2,1,0,0,8,64,8,64,1,3,8390999,8388608,1,16784087,8388609,0,0,0,0,0,0,0,0,0.747068,99.9818,33554432,0,805568000,33554432,100663296,335544320,67108864,46137344,0,0,1,6,0,23.4883,1024,0,0,0,14
mtran,60941,33554432,32,2,1,0,0,16,2,16,2,0,2,34580134,8388608,1,33556607,8388609,0,0,0,0,0,0,0,0,0.24686,99.9978,0,0,503316480,33554432,100663296,301989888,0,29360128,0,0,1,3,0,7.12518,1024,0,0,0,14
mtran,32312,33554432,32,2,1,0,0,16,2,16,2,1,3,34132614,8388607,1,33556743,8388609,0,0,0,0,0,0,0,0,0.24406,99.9949,33554432,0,805314528,33554432,100663296,335544320,67108864,46137344,0,0,1,4,0,12.2093,1024,0,0,0,14
mtran,60052,16777216,32,2,1,0,0,16,2,16,4,0,2,34714355,8388608,1,33556615,8388609,0,0,0,0,0,0,0,0,0.248403,99.9978,0,0,620756992,16777216,100663296,251658240,0,40370176,0,0,1,3,0,7.64046,1024,0,0,0,30
mtran,30095,16777216,32,2,1,0,0,16,2,16,4,1,2,23993807,8388608,1,33557339,8388609,0,0,0,0,0,0,0,0,0.246818,99.9944,16777216,0,771760096,16777216,100663296,301989888,33554432,50331648,0,0,1,4,0,11.2484,1024,0,0,0,32
mtran,29903,8388608,32,2,1,0,0,16,2,16,8,0,2,15719510,8388608,1,33557079,8388609,0,0,0,0,0,0,0,0,0.248389,99.9949,0,0,318767104,8388608,100663296,100663296,0,17301504,0,0,1,5,0,11.5187,1024,0,0,0,30
mtran,15014,8388608,32,2,1,0,0,16,2,16,8,1,3,10190812,8388608,1,33557419,8388609,0,0,0,0,0,0,0,0,0.24678,99.9873,8388608,0,394272736,8388608,100663296,109051904,16777216,21495808,0,0,1,4,0,12.3526,1024,0,0,0,32
mtran,29133,4194304,32,2,1,0,0,16,2,16,16,0,2,15253348,8388608,1,33557787,8388609,0,0,0,0,0,0,0,0,0.249145,99.9906,0,0,239075328,8388608,100663296,54525952,0,12976128,0,0,1,5,0,11.2788,1024,0,0,0,30
mtran,15649,4194304,32,2,1,0,0,16,2,16,16,1,3,10483583,8388608,1,33557647,8388609,0,0,0,0,0,0,0,0,0.248409,99.986,4194304,0,272637920,8388608,100663296,58720256,8388608,14942208,0,0,1,4,0,11.1807,1024,0,0,0,31
mtran,27885,2097152,32,2,1,0,0,16,2,16,32,0,2,14763152,8388608,1,33557991,8388609,0,0,0,0,0,0,0,0,0.249499,99.983,0,0,195035136,8388608,100663296,31457280,0,10682368,0,0,1,5,0,11.3166,1024,0,0,0,30
mtran,16015,2097152,32,2,1,0,0,16,2,16,32,1,2,10464551,8388608,1,33557751,8388609,0,0,0,0,0,0,0,0,0.249114,99.9731,2097152,0,207626208,8388608,100663296,33554432,4194304,11534336,0,0,1,4,0,10.6075,1024,0,0,0,31
mtran,24682,1048576,32,2,1,0,0,16,2,16,64,0,2,12188671,8388608,1,33558367,8388609,0,0,0,0,0,0,0,0,0.249613,99.9864,0,0,173015040,8388608,100663296,19922944,0,9535488,0,0,1,5,0,11.9133,1024,0,0,0,30
mtran,16723,1048576,32,2,1,0,0,16,2,16,64,1,2,10993430,8388608,1,33558003,8388609,0,0,0,0,0,0,0,0,0.249391,99.9685,1048576,0,175120352,8388608,100663296,20971520,2097152,9830400,0,0,1,4,0,10.3855,1024,0,0,0,31
mtran,35129,33554432,64,2,1,0,0,16,4,16,4,0,2,19076038,8388608,1,33557075,8388609,0,0,0,0,0,0,0,0,0.461476,99.996,0,0,503316480,33554432,100663296,301989888,0,29360128,0,0,1,4,0,11.0944,1024,0,0,0,14
mtran,18972,33554432,64,2,1,0,0,16,4,16,4,1,3,17695421,8388607,1,33557371,8388609,0,0,0,0,0,0,0,0,0.45354,99.9877,33554432,0,805322688,33554432,100663296,335544320,67108864,46137344,0,0,1,6,0,18.8924,1024,0,0,0,14
mtran,37822,16777216,64,2,1,0,0,16,4,16,8,0,2,20797895,8388608,1,33557127,8388609,0,0,0,0,0,0,0,0,0.460542,99.9943,0,0,603979776,16777216,100663296,268435456,0,40370176,0,0,1,4,0,11.1677,1024,0,0,0,30
mtran,17850,16777216,64,2,1,0,0,16,4,16,8,1,2,12859672,8388608,1,33557835,8388609,0,0,0,0,0,0,0,0,0.467011,99.9882,16777216,0,754991040,16777216,100663296,301989888,33554432,49807360,0,0,1,6,0,19.147,1024,0,0,0,32
mtran,28540,8388608,64,2,1,0,0,16,4,16,16,0,2,16446973,8388608,1,33557563,8388609,0,0,0,0,0,0,0,0,0.460028,99.9879,0,0,310378496,8388608,100663296,109051904,0,17301504,0,0,1,5,0,11.9632,1024,0,0,0,30
mtran,12795,8388608,64,2,1,0,0,16,4,16,16,1,3,9495043,8388608,1,33557795,8388609,0,0,0,0,0,0,0,0,0.479164,99.9848,8388608,0,385892288,8388608,100663296,117440512,16777216,21495808,0,0,1,6,0,17.1609,1024,0,0,0,32
mtran,30872,4194304,64,2,1,0,0,16,4,16,32,0,2,18008359,8388608,1,33557279,8388614,0,0,0,0,0,0,0,0,0.469832,99.9887,0,0,234881024,8388608,100663296,58720256,0,12976128,0,0,1,5,0,10.8313,1024,0,0,0,30
mtran,13689,4194304,64,2,1,0,0,16,4,16,32,1,3,9850455,8388608,1,33557919,8388609,0,0,0,0,0,0,0,0,0.485474,99.978,4194304,0,268451776,8388608,100663296,62914560,8388608,14942208,0,0,1,6,0,15.4957,1024,0,0,0,31
mtran,29700,2097152,64,2,1,0,0,16,4,16,64,0,2,17109249,8388608,1,33557335,8388609,0,0,0,0,0,0,0,0,0.477099,99.9664,0,0,192937984,8388608,100663296,33554432,0,10682368,0,0,1,5,0,10.8115,1024,0,0,0,30
mtran,15226,2097152,64,2,1,0,0,16,4,16,64,1,3,10683170,8388608,1,33557955,8388609,0,0,0,0,0,0,0,0,0.489607,99.971,2097152,0,205537216,8388608,100663296,35651584,4194304,11534336,0,0,1,6,0,14.613,1024,0,0,0,31
mtran,25242,33554432,128,2,1,0,0,16,8,16,8,0,2,12902748,8388614,1,33557711,8388609,0,0,0,0,0,0,0,0,0.79978,99.9939,0,0,503316480,33554432,100663296,301989888,0,29360128,0,0,1,5,0,14.1142,1024,0,0,0,14
mtran,11568,33554432,128,2,1,0,0,16,8,16,8,1,3,9051045,8388608,2,33558015,8388609,0,0,0,0,0,0,0,0,0.85142,99.9835,33554432,0,805339008,33554432,100663296,335544320,67108864,46137344,0,0,1,6,0,23.364,1024,0,0,0,14
mtran,32395,16777216,128,2,1,0,0,16,8,16,16,0,2,17361812,8388608,1,33557059,8388609,0,0,0,0,0,0,0,0,0.842037,99.9941,0,0,603979776,16777216,100663296,268435456,0,40370176,0,0,1,5,0,12.4942,1024,0,0,0,30
mtran,13316,16777216,128,2,1,0,0,16,8,16,16,1,3,10050391,12582922,2,50338307,8388609,0,0,0,0,0,0,0,0,0.880952,99.9734,16777216,0,755007360,16777216,100663296,301989888,33554432,49807360,0,0,1,6,0,22.3407,1024,0,0,0,32
mtran,34756,8388608,128,2,1,0,0,16,8,16,32,0,2,20155999,8388608,1,33557919,8388609,0,0,0,0,0,0,0,0,0.873116,99.9858,0,0,310378496,8388608,100663296,109051904,0,17301504,0,0,1,4,0,10.2706,1024,0,0,0,30
mtran,12775,8388608,128,2,1,0,0,16,8,16,32,1,3,9856660,8388608,1,33558355,8388609,0,0,0,0,0,0,0,0,0.875813,99.9759,8388608,0,385908608,8388608,100663296,117440512,16777216,21495808,0,0,1,6,0,17.2733,1024,0,0,0,32
mtran,35736,4194304,128,2,1,0,0,16,8,16,64,0,2,19851669,8388608,1,33557227,8388609,0,0,0,0,0,0,0,0,0.907529,99.9628,0,0,234881024,8388608,100663296,58720256,0,12976128,0,0,1,4,0,9.52369,1024,0,0,0,30
mtran,15783,4194304,128,2,1,0,0,16,8,16,64,1,3,11431533,8388608,1,33557555,8388609,0,0,0,0,0,0,0,0,0.911361,99.9567,4194304,0,268468096,8388608,100663296,62914560,8388608,14942208,0,0,1,6,0,15.5889,1024,0,0,0,31
mtran,20860,33554432,256,2,1,0,0,16,16,16,16,0,2,12203395,8388608,1,33557639,8388609,0,0,0,0,0,0,0,0,0.806639,99.9902,0,0,503316480,33554432,100663296,301989888,0,29360128,0,0,1,6,0,15.7036,1024,0,0,0,14
mtran,10065,33554432,256,2,1,0,0,16,16,16,16,1,3,8403593,8388608,2,33559079,8388609,0,0,0,0,0,0,0,0,0.836545,99.9791,33554432,0,805371648,33554432,100663296,335544320,67108864,46137344,0,0,1,6,0,24.3844,1024,0,0,0,14
mtran,29298,16777216,256,2,1,0,0,16,16,16,32,0,2,16538684,8388608,1,33557219,8388609,0,0,0,0,0,0,0,0,0.840053,99.99,0,0,603979776,16777216,100663296,268435456,0,40370176,0,0,1,5,0,13.1855,1024,0,0,0,30
mtran,10485,16777216,256,2,1,0,0,16,16,16,32,1,3,8795153,8388608,2,33559407,8388609,0,0,0,0,0,0,0,0,0.838282,99.9778,16777216,0,755040000,16777216,100663296,301989888,33554432,49807360,0,0,1,6,0,24.0617,1024,0,0,0,32
mtran,26482,8388608,256,2,1,0,0,16,16,16,64,0,2,13188757,8388608,1,33558415,8388609,0,0,0,0,0,0,0,0,0.837385,99.9793,0,0,310378496,8388608,100663296,109051904,0,17301504,0,0,1,5,0,12.3169,1024,0,0,0,30
mtran,11142,8388608,256,2,1,0,0,16,16,16,64,1,3,8997569,8388608,2,33558547,8388609,0,0,0,0,0,0,0,0,0.862984,99.9684,8388608,0,385941248,8388608,100663296,117440512,16777216,21495808,0,0,1,6,0,17.4178,1024,0,0,0,32
mtran,13524,33554432,512,2,1,0,0,16,32,16,32,0,3,8961668,8388608,1,33560159,8388609,0,0,0,0,0,0,0,0,0.819928,99.9824,0,0,503316480,33554432,100663296,301989888,0,29360128,0,0,1,6,0,18.0482,1024,0,0,0,14
mtran,9651,33554432,512,2,1,0,0,16,32,16,32,1,3,8390446,8388608,2,33560427,8388609,0,0,0,0,0,0,0,0,0.812956,99.9834,33554432,0,805436928,33554432,100663296,335544320,67108864,46137344,0,0,1,6,0,24.5143,1024,0,0,0,14
mtran,15253,16777216,512,2,1,0,0,16,32,16,64,0,2,9048943,8388608,1,33559403,8388609,0,0,0,0,0,0,0,0,0.836747,99.9799,0,0,603979776,16777216,100663296,268435456,0,40370176,0,0,1,6,0,19.0502,1024,0,0,0,30
mtran,9883,16777216,512,2,1,0,0,16,32,16,64,1,3,8409204,8388608,2,33559839,8388609,0,0,0,0,0,0,0,0,0.83057,99.9693,16777216,0,755105280,16777216,100663296,301989888,33554432,49807360,0,0,1,6,0,24.2494,1024,0,0,0,32
mtran,11376,33554432,1024,2,1,0,0,16,64,16,64,0,3,8687531,8388608,2,33560439,8388609,0,0,0,0,0,0,0,0,0.872935,99.4681,0,0,503316480,33554432,100663296,301989888,0,29360128,0,0,1,5,0,16.5728,1024,0,0,0,14
mtran,9972,33554432,1024,2,1,0,0,16,64,16,64,1,3,8686811,8388608,2,33560479,8388609,0,0,0,0,0,0,0,0,0.764584,99.9129,33554432,0,805567488,33554432,100663296,335544320,67108864,46137344,0,0,1,6,0,23.1534,1024,0,0,0,14
mtran,122918,33554432,32,2,1,0,0,32,1,32,1,0,2,69316566,8388608,1,67110215,8388609,0,0,0,0,0,0,0,0,0.248442,99.9988,0,0,503316480,33554432,100663296,301989888,0,29360128,0,0,1,3,0,6.58799,1024,0,0,0,14
mtran,86274,33554432,32,2,1,0,0,32,1,32,1,1,2,62245933,8388608,1,67110363,8388609,0,0,0,0,0,0,0,0,0.247788,99.998,33554432,0,805310432,33554432,100663296,335544320,67108864,46137344,0,0,1,4,0,8.74865,1024,0,0,0,14
mtran,121815,16777216,32,2,1,0,0,32,1,32,2,0,2,69159058,8388608,1,67110431,8388609,0,0,0,0,0,0,0,0,0.249207,99.9985,0,0,587202560,16777216,100663296,251658240,0,39321600,0,0,1,3,0,6.84057,1024,0,0,0,30
mtran,73004,16777216,32,2,1,0,0,32,1,32,2,1,2,61870757,8388608,1,67110655,8388609,0,0,0,0,0,0,0,0,0.24869,99.9971,16777216,0,738201568,16777216,100663296,301989888,33554432,49283072,0,0,1,4,0,10.3697,1024,0,0,0,32
mtran,61477,8388608,32,2,1,0,0,32,1,32,4,0,2,33537821,8388608,1,67110467,8388609,0,0,0,0,0,0,0,0,0.249209,99.9931,0,0,301989888,8388608,100663296,100663296,0,16777216,0,0,1,5,0,10.6471,1024,0,0,0,30
mtran,40163,8388608,32,2,1,0,0,32,1,32,4,1,2,28895461,8388608,1,67110543,8388609,0,0,0,0,0,0,0,0,0.248781,99.9957,8388608,0,377491424,8388608,100663296,109051904,16777216,20971520,0,0,1,5,0,11.4481,1024,0,0,0,32
mtran,60241,4194304,32,2,1,0,0,32,1,32,8,0,2,33314205,8388608,1,67110519,8388609,0,0,0,0,0,0,0,0,0.24957,99.9893,0,0,230686720,8388608,100663296,54525952,0,12713984,0,0,1,5,0,10.6118,1024,0,0,0,30
mtran,39395,4194304,32,2,1,0,0,32,1,32,8,1,2,29461412,8388608,1,67110671,8388609,0,0,0,0,0,0,0,0,0.24934,99.9932,4194304,0,264245216,8388608,100663296,58720256,8388608,14680064,0,0,1,5,0,11.1842,1024,0,0,0,31
mtran,58599,2097152,32,2,1,0,0,32,1,32,16,0,2,33004854,8388608,1,67110867,8388609,0,0,0,0,0,0,0,0,0.249715,99.9887,0,0,190840832,8388608,100663296,31457280,0,10551296,0,0,1,5,0,10.7446,1024,0,0,0,30
mtran,39848,2097152,32,2,1,0,0,32,1,32,16,1,2,29571208,8388608,1,67110707,8388609,0,0,0,0,0,0,0,0,0.249587,99.9883,2097152,0,203427808,8388608,100663296,33554432,4194304,11403264,0,0,1,5,0,11.0734,1024,0,0,0,31
mtran,55011,1048576,32,2,1,0,0,32,1,32,32,0,2,32889611,8388608,1,67110807,8388609,0,0,0,0,0,0,0,0,0.249737,99.9494,0,0,170917888,8388608,100663296,19922944,0,9469952,0,0,1,5,0,10.8825,1024,0,0,0,30
mtran,40591,1048576,32,2,1,0,0,32,1,32,32,1,2,31169318,8388608,1,67110623,8388609,0,0,0,0,0,0,0,0,0.249643,99.9895,1048576,0,173019104,8388608,100663296,20971520,2097152,9764864,0,0,1,5,0,10.9611,1024,0,0,0,31
mtran,47375,524288,32,2,1,0,0,32,1,32,64,0,2,32161023,8388608,1,67110851,8388609,0,0,0,0,0,0,0,0,0.249568,99.9023,0,0,160956416,8388608,100663296,14155776,0,8929280,0,0,1,5,0,11.6284,1024,0,0,0,30
mtran,40566,524288,32,2,1,0,0,32,1,32,64,1,2,30768996,8388608,1,67110423,8388609,0,0,0,0,0,0,0,0,0.249549,99.958,524288,0,157814752,8388608,100663296,14680064,1048576,8945664,0,0,1,5,0,10.9291,1024,0,0,0,31
mtran,70652,33554432,64,2,1,0,0,32,2,32,2,0,2,39066200,8388608,1,67110415,8388609,0,0,0,0,0,0,0,0,0.461066,99.9979,0,0,503316480,33554432,100663296,301989888,0,29360128,0,0,1,4,0,10.2051,1024,0,0,0,14
mtran,45377,33554432,64,2,1,0,0,32,2,32,2,1,2,36437759,8388608,1,67110567,8388609,0,0,0,0,0,0,0,0,0.446773,99.995,33554432,0,805314496,33554432,100663296,335544320,67108864,46137344,0,0,1,5,0,14.5905,1024,0,0,0,14
mtran,78674,16777216,64,2,1,0,0,32,2,32,4,0,2,43957815,8388608,1,67110515,8388609,0,0,0,0,0,0,0,0,0.457514,99.997,0,0,620756992,16777216,100663296,251658240,0,40370176,0,0,1,4,0,9.69758,1024,0,0,0,30
mtran,41255,16777216,64,2,1,0,0,32,2,32,4,1,2,39992090,8388608,1,67110715,8388609,0,0,0,0,0,0,0,0,0.459216,99.9911,16777216,0,771760064,16777216,100663296,301989888,33554432,50331648,0,0,1,6,0,15.4776,1024,0,0,0,32
mtran,51713,8388608,64,2,1,0,0,32,2,32,8,0,2,27565128,12582922,1,100666803,8388609,0,0,0,0,0,0,0,0,0.457834,99.9908,0,0,318767104,8388608,100663296,100663296,0,17301504,0,0,1,5,0,12.039,1024,0,0,0,30
mtran,29892,8388608,64,2,1,0,0,32,2,32,8,1,2,21531799,8388608,1,67110643,8388609,0,0,0,0,0,0,0,0,0.475175,99.9928,8388608,0,394272704,8388608,100663296,109051904,16777216,21495808,0,0,1,6,0,14.7966,1024,0,0,0,32
mtran,55232,4194304,64,2,1,0,0,32,2,32,16,0,2,30440336,8388608,1,67111539,8388609,0,0,0,0,0,0,0,0,0.467437,99.9861,0,0,239075328,8388608,100663296,54525952,0,12976128,0,0,1,5,0,11.2687,1024,0,0,0,30
mtran,31707,4194304,64,2,1,0,0,32,2,32,16,1,2,24085385,8388608,1,67110891,8388609,0,0,0,0,0,0,0,0,0.481506,99.9881,4194304,0,272637888,8388608,100663296,58720256,8388608,14942208,0,0,1,6,0,14.4099,1024,0,0,0,31
mtran,55727,2097152,64,2,1,0,0,32,2,32,32,0,2,32090423,8388608,1,67111827,8388609,0,0,0,0,0,0,0,0,0.47669,99.964,0,0,195035136,8388608,100663296,31457280,0,10682368,0,0,1,5,0,11.0476,1024,0,0,0,30
mtran,33940,2097152,64,2,1,0,0,32,2,32,32,1,2,28386110,8388608,1,67110891,8388609,0,0,0,0,0,0,0,0,0.486429,99.965,2097152,0,207626176,8388608,100663296,33554432,4194304,11534336,0,0,1,6,0,13.9714,1024,0,0,0,31
mtran,48887,1048576,64,2,1,0,0,32,2,32,64,0,2,31863152,8388608,1,67111439,8388609,0,0,0,0,0,0,0,0,0.482508,99.9583,0,0,173015040,8388608,100663296,19922944,0,9535488,0,0,1,5,0,11.4602,1024,0,0,0,30
mtran,36012,1048576,64,2,1,0,0,32,2,32,64,1,2,31606569,8388608,1,67110843,8388609,0,0,0,0,0,0,0,0,0.490292,99.9467,1048576,0,175120320,8388608,100663296,20971520,2097152,9830400,0,0,1,6,0,13.7859,1024,0,0,0,31
mtran,56624,33554432,128,2,1,0,0,32,4,32,4,0,2,29926837,8388608,1,67110835,8388609,0,0,0,0,0,0,0,0,0.799947,99.9961,0,0,503316480,33554432,100663296,301989888,0,29360128,0,0,1,5,0,11.9233,1024,0,0,0,14
mtran,25976,33554432,128,2,1,0,0,32,4,32,4,1,2,21493323,8388608,1,67111099,8388609,0,0,0,0,0,0,0,0,0.8505,99.9912,33554432,0,805322624,33554432,100663296,335544320,67108864,46137344,0,0,1,6,0,17.9969,1024,0,0,0,14
mtran,72523,16777216,128,2,1,0,0,32,4,32,8,0,2,39575365,8388608,1,67110931,8388614,0,0,0,0,0,0,0,0,0.846602,99.9951,0,0,603979776,16777216,100663296,268435456,0,40370176,0,0,1,4,0,10.273,1024,0,0,0,30
mtran,32490,16777216,128,2,1,0,0,32,4,32,8,1,2,26663929,8388608,1,67111331,8388609,0,0,0,0,0,0,0,0,0.864187,99.9903,16777216,0,754990976,16777216,100663296,301989888,33554432,49807360,0,0,1,6,0,16.9326,1024,0,0,0,32
mtran,70275,8388608,128,2,1,0,0,32,4,32,16,0,2,39041981,12582934,1,100666924,8388609,0,0,0,0,0,0,0,0,0.875351,99.9909,0,0,310378496,8388608,100663296,109051904,0,17301504,0,0,1,4,0,9.72372,1024,0,0,0,30
mtran,24280,8388608,128,2,1,0,0,32,4,32,16,1,2,17213024,8388608,1,67111835,8388609,0,0,0,0,0,0,0,0,0.878128,99.9815,8388608,0,385892224,8388608,100663296,117440512,16777216,21495808,0,0,1,6,0,14.9974,1024,0,0,0,32
mtran,76052,4194304,128,2,1,0,0,32,4,32,32,0,2,43802413,8388608,1,67110955,8388609,0,0,0,0,0,0,0,0,0.920737,99.9811,0,0,234881024,8388608,100663296,58720256,0,12976128,0,0,1,4,0,8.89409,1024,0,0,0,30
mtran,33960,4194304,128,2,1,0,0,32,4,32,32,1,2,27810822,8388608,1,67111259,8388609,0,0,0,0,0,0,0,0,0.905043,99.9685,4194304,0,268451712,8388608,100663296,62914560,8388608,14942208,0,0,1,6,0,14.2802,1024,0,0,0,31
mtran,70521,2097152,128,2,1,0,0,32,4,32,64,0,2,44307552,12582934,1,100666708,8388609,0,0,0,0,0,0,0,0,0.933357,99.9712,0,0,192937984,8388608,100663296,33554432,0,10682368,0,0,1,4,0,9.00467,1024,0,0,0,30
mtran,40804,2097152,128,2,1,0,0,32,4,32,64,1,2,38152481,8388608,1,67111247,8388609,0,0,0,0,0,0,0,0,0.92586,99.9276,2097152,0,205537152,8388608,100663296,35651584,4194304,11534336,0,0,1,6,0,13.1963,1024,0,0,0,31
mtran,39275,33554432,256,2,1,0,0,32,8,32,8,0,2,18729144,8388608,1,67111087,8388609,0,0,0,0,0,0,0,0,0.827177,99.9947,0,0,503316480,33554432,100663296,301989888,0,29360128,0,0,1,6,0,14.8821,1024,0,0,0,14
mtran,16839,33554432,256,2,1,0,0,32,8,32,8,1,2,8748738,8388608,2,67112431,8388609,0,0,0,0,0,0,0,0,0.842002,99.9875,33554432,0,805338880,33554432,100663296,335544320,67108864,46137344,0,0,1,6,0,19.1752,1024,0,0,0,14
mtran,54713,16777216,256,2,1,0,0,32,8,32,16,0,2,28138581,8388608,1,67110955,8388609,0,0,0,0,0,0,0,0,0.848261,99.991,0,0,603979776,16777216,100663296,268435456,0,40370176,0,0,1,5,0,12.4264,1024,0,0,0,30
mtran,16935,16777216,256,2,1,0,0,32,8,32,16,1,2,9306496,8388608,2,67112467,8388609,0,0,0,0,0,0,0,0,0.823528,99.9856,16777216,0,755007232,16777216,100663296,301989888,33554432,49807360,0,0,1,6,0,19.1019,1024,0,0,0,32
mtran,59542,8388608,256,2,1,0,0,32,8,32,32,0,2,32720513,8388608,1,67111563,8388609,0,0,0,0,0,0,0,0,0.878511,99.9877,0,0,310378496,8388608,100663296,109051904,0,17301504,0,0,1,5,0,10.6678,1024,0,0,0,30
mtran,16545,8388608,256,2,1,0,0,32,8,32,32,1,2,9385297,8388608,2,67112319,8388609,0,0,0,0,0,0,0,0,0.819839,99.9795,8388608,0,385908480,8388608,100663296,117440512,16777216,21495808,0,0,1,6,0,15.1261,1024,0,0,0,32
mtran,58202,4194304,256,2,1,0,0,32,8,32,64,0,2,31178314,8388608,1,67111703,8388609,0,0,0,0,0,0,0,0,0.888117,99.9665,0,0,234881024,8388608,100663296,58720256,0,12976128,0,0,1,5,0,10.3567,1024,0,0,0,30
mtran,17517,4194304,256,2,1,0,0,32,8,32,64,1,2,12072796,8388608,2,67112187,8388609,0,0,0,0,0,0,0,0,0.83601,99.8962,4194304,0,268467968,8388608,100663296,62914560,8388608,14942208,0,0,1,6,0,14.1617,1024,0,0,0,31
mtran,28258,33554432,512,2,1,0,0,32,16,32,16,0,2,13916699,8388608,1,67112103,8388609,0,0,0,0,0,0,0,0,0.792233,99.9878,0,0,503316480,33554432,100663296,301989888,0,29360128,0,0,1,6,0,15.87,1024,0,0,0,14
mtran,16842,33554432,512,2,1,0,0,32,16,32,16,1,2,8722152,8388610,2,67112775,8388609,0,0,0,0,0,0,0,0,0.814755,99.9799,33554432,0,805371392,33554432,100663296,335544320,67108864,46137344,0,0,1,6,0,19.119,1024,0,0,0,14
mtran,45137,16777216,512,2,1,0,0,32,16,32,32,0,2,22970482,8388608,1,67111611,8388609,0,0,0,0,0,0,0,0,0.812998,99.9888,0,0,603979776,16777216,100663296,268435456,0,40370176,0,0,1,5,0,13.6437,1024,0,0,0,30
mtran,16887,16777216,512,2,1,0,0,32,16,32,32,1,2,8698459,8388608,2,67112759,8388609,0,0,0,0,0,0,0,0,0.808207,99.9852,16777216,0,755039744,16777216,100663296,301989888,33554432,49807360,0,0,1,6,0,18.9989,1024,0,0,0,32
mtran,36615,8388608,512,2,1,0,0,32,16,32,64,0,2,16300321,8388608,1,67112375,8388609,0,0,0,0,0,0,0,0,0.809417,99.9702,0,0,310378496,8388608,100663296,109051904,0,17301504,0,0,1,6,0,13.608,1024,0,0,0,30
mtran,16518,8388608,512,2,1,0,0,32,16,32,64,1,2,9320251,8388608,2,67112719,8388609,0,0,0,0,0,0,0,0,0.854621,99.9677,8388608,0,385940992,8388608,100663296,117440512,16777216,21495808,0,0,1,6,0,15.0925,1024,0,0,0,32
mtran,18986,33554432,1024,2,1,0,0,32,32,32,32,0,2,9014575,8388608,2,67112843,8388609,0,0,0,0,0,0,0,0,0.857586,99.8074,0,0,503316480,33554432,100663296,301989888,0,29360128,0,0,1,5,0,14.9338,1024,0,0,0,14
mtran,17311,33554432,1024,2,1,0,0,32,32,32,32,1,2,8781020,8388608,2,67114043,8388609,0,0,0,0,0,0,0,0,0.72379,99.9612,33554432,0,805436416,33554432,100663296,335544320,67108864,46137344,0,0,1,6,0,18.5812,1024,0,0,0,14
mtran,17785,16777216,1024,2,1,0,0,32,32,32,64,0,2,8922290,8388608,2,67113095,8388609,0,0,0,0,0,0,0,0,0.810591,99.9359,0,0,603979776,16777216,100663296,268435456,0,40370176,0,0,1,6,0,16.7321,1024,0,0,0,30
mtran,17384,16777216,1024,2,1,0,0,32,32,32,64,1,2,8688442,8388608,2,67113743,8388609,0,0,0,0,0,0,0,0,0.789043,99.9363,16777216,0,755104768,16777216,100663296,301989888,33554432,49807360,0,0,1,6,0,18.3237,1024,0,0,0,32
mtran,8673,16777216,32,4,0,0,0,1,32,1,32,0,4,8547856,8388607,1,16783615,8388609,0,0,0,0,0,0,0,0,0.238802,99.9819,0,0,402653184,16777216,83886080,134217728,0,19922944,0,0,1,4,0,13.0634,1024,0,0,0,15
mtran,18064,16777216,32,4,0,0,0,1,32,1,32,1,3,17076106,8388608,1,16783503,8388609,0,0,0,0,0,0,0,0,0.244677,99.9923,16777216,0,553713632,16777216,83886080,150994944,33554432,28311552,0,0,1,3,0,10.2202,1024,0,0,0,15
mtran,8755,8388608,32,4,0,0,0,1,32,1,64,0,4,8391172,8388607,1,16785183,8388609,0,0,0,0,0,0,0,0,0.24433,99.9785,0,0,385875968,8388608,83886080,159383552,0,21233664,0,0,1,4,0,13.3436,1024,0,0,0,30
mtran,18205,8388608,32,4,0,0,0,1,32,1,64,1,3,17211810,8388608,1,16783791,8388609,0,0,0,0,0,0,0,0,0.24735,99.9907,8388608,0,461438944,8388608,83886080,159383552,16777216,25165824,0,0,1,3,0,9.5763,1024,0,0,0,30
mtran,7498,16777216,64,4,0,0,0,1,64,1,64,0,4,8539255,8388608,1,16785391,8388609,0,0,0,0,0,0,0,0,0.469712,99.9796,0,0,402653184,16777216,83886080,134217728,0,19922944,0,0,1,6,0,19.21,1024,0,0,0,15
mtran,17744,16777216,64,4,0,0,0,1,64,1,64,1,3,17085330,8388608,1,16783703,8388609,0,0,0,0,0,0,0,0,0.481156,99.9917,16777216,0,553779136,16777216,83886080,150994944,33554432,28311552,0,0,1,4,0,13.4049,1024,0,0,0,15
mtran,13027,16777216,32,4,0,0,0,2,16,2,16,0,3,8538754,8388607,1,8393235,8388609,0,0,0,0,0,0,0,0,0.242556,99.9845,0,0,402653184,16777216,83886080,134217728,0,19922944,0,0,1,3,0,9.2474,1024,0,0,0,15
mtran,12668,16777216,32,4,0,0,0,2,16,2,16,1,3,8680250,8388608,1,8394563,8388609,0,0,0,0,0,0,0,0,0.242376,99.9869,16777216,0,553680864,16777216,83886080,150994944,33554432,28311552,0,0,1,2,0,8.41479,1024,0,0,0,15
mtran,14496,8388608,32,4,0,0,0,2,16,2,32,0,2,8686934,8388608,1,8392987,8388609,0,0,0,0,0,0,0,0,0.246652,99.986,0,0,385875968,8388608,83886080,159383552,0,21233664,0,0,1,3,0,9.52839,1024,0,0,0,30
mtran,11977,8388608,32,4,0,0,0,2,16,2,32,1,3,8547926,8388608,1,8394783,8388609,0,0,0,0,0,0,0,0,0.245972,99.9879,8388608,0,461406176,8388608,83886080,159383552,16777216,25165824,0,0,1,2,0,8.43162,1024,0,0,0,30
mtran,13877,4194304,32,4,0,0,0,2,16,2,64,0,3,8687166,8388607,1,8394679,8388609,0,0,0,0,0,0,0,0,0.24821,99.9885,0,0,188743680,4194304,83886080,58720256,0,10878976,0,0,1,3,0,6.53603,1024,0,0,0,30
mtran,12566,4194304,32,4,0,0,0,2,16,2,64,1,3,8539028,8388608,1,8394683,8388609,0,0,0,0,0,0,0,0,0.248021,99.9848,4194304,0,226525152,4194304,83886080,62914560,8388608,12976128,0,0,1,2,0,5.87909,1024,0,0,0,30
mtran,11130,16777216,64,4,0,0,0,2,32,2,32,0,3,8538946,8388608,1,8393603,8388609,0,0,0,0,0,0,0,0,0.462664,99.9799,0,0,402653184,16777216,83886080,134217728,0,19922944,0,0,1,7,0,19.0712,1024,0,0,0,15
mtran,10689,16777216,64,4,0,0,0,2,32,2,32,1,3,8542298,8388608,1,8394579,8388609,0,0,0,0,0,0,0,0,0.471044,99.9855,16777216,0,553713600,16777216,83886080,150994944,33554432,28311552,0,0,1,5,0,16.186,1024,0,0,0,15
mtran,11947,8388608,64,4,0,0,0,2,32,2,64,0,3,8538874,8388608,1,8394679,8388609,0,0,0,0,0,0,0,0,0.477868,99.976,0,0,385875968,8388608,83886080,159383552,0,21233664,0,0,1,6,0,16.2134,1024,0,0,0,30
mtran,11199,8388608,64,4,0,0,0,2,32,2,64,1,3,8542258,8388607,1,8394651,8388609,0,0,0,0,0,0,0,0,0.480459,99.9842,8388608,0,461438912,8388608,83886080,159383552,16777216,25165824,0,0,1,4,0,14.3909,1024,0,0,0,30
mtran,10202,16777216,128,4,0,0,0,2,64,2,64,0,3,8390792,8388608,1,8394231,8388609,0,0,0,0,0,0,0,0,0.917938,99.979,0,0,402653184,16777216,83886080,134217728,0,19922944,0,0,1,7,0,18.9279,1024,0,0,0,15
mtran,10519,16777216,128,4,0,0,0,2,64,2,64,1,3,8685570,8388607,1,8395043,8388609,0,0,0,0,0,0,0,0,0.934572,99.9742,16777216,0,553779072,16777216,83886080,150994944,33554432,28311552,0,0,1,6,0,20.4213,1024,0,0,0,15
mtran,20548,16777216,32,4,0,0,0,4,8,4,8,0,2,8686614,8388608,1,8392699,8388609,0,0,0,0,0,0,0,0,0.245305,99.9837,0,0,402653184,16777216,83886080,134217728,0,19922944,0,0,1,3,0,9.15729,1024,0,0,0,15
mtran,13030,16777216,32,4,0,0,0,4,8,4,8,1,3,8677734,8388608,1,8393291,8388609,0,0,0,0,0,0,0,0,0.242579,99.9832,16777216,0,553664480,16777216,83886080,150994944,33554432,28311552,0,0,1,2,0,8.09208,1024,0,0,0,15
mtran,20664,8388608,32,4,0,0,0,4,8,4,16,0,2,8686614,8388608,1,8392879,8388609,0,0,0,0,0,0,0,0,0.247635,99.9859,0,0,385875968,8388608,83886080,159383552,0,21233664,0,0,1,3,0,9.48183,1024,0,0,0,30
mtran,13172,8388608,32,4,0,0,0,4,8,4,16,1,3,8538446,8388608,1,8393431,8388609,0,0,0,0,0,0,0,0,0.246333,99.9885,8388608,0,461389792,8388608,83886080,159383552,16777216,25165824,0,0,1,2,0,7.38926,1024,0,0,0,30
mtran,20842,4194304,32,4,0,0,0,4,8,4,32,0,2,8686758,8388608,1,8393135,8388609,0,0,0,0,0,0,0,0,0.248773,99.989,0,0,192937984,4194304,83886080,54525952,0,10878976,0,0,1,4,0,8.62053,1024,0,0,0,30
mtran,13536,4194304,32,4,0,0,0,4,8,4,32,1,3,8686746,8388608,1,8393499,8388609,0,0,0,0,0,0,0,0,0.248169,99.9852,4194304,0,230703072,4194304,83886080,58720256,8388608,12976128,0,0,1,2,0,5.16404,1024,0,0,0,30
mtran,20210,2097152,32,4,0,0,0,4,8,4,64,0,2,8699458,8388608,1,8393751,8388609,0,0,0,0,0,0,0,0,0.249278,99.9874,0,0,142606336,4194304,83886080,29360128,0,8323072,0,0,1,3,0,6.70544,1024,0,0,0,30
mtran,13063,2097152,32,4,0,0,0,4,8,4,64,1,3,8538582,8388608,1,8393575,8388609,0,0,0,0,0,0,0,0,0.248953,99.9835,2097152,0,161497056,4194304,83886080,31457280,4194304,9371648,0,0,1,2,0,4.62583,1024,0,0,0,30
mtran,18284,16777216,64,4,0,0,0,4,16,4,16,0,2,8824968,8388608,1,8392187,8388609,0,0,0,0,0,0,0,0,0.460548,99.983,0,0,402653184,16777216,83886080,134217728,0,19922944,0,0,1,8,0,20.6824,1024,0,0,0,15
mtran,9475,16777216,64,4,0,0,0,4,16,4,16,1,3,8547688,8388608,1,8393267,8388609,0,0,0,0,0,0,0,0,0.470981,99.9794,16777216,0,553680832,16777216,83886080,150994944,33554432,28311552,0,0,1,6,0,19.4927,1024,0,0,0,15
mtran,19194,8388608,64,4,0,0,0,4,16,4,32,0,2,8825836,8388608,1,8391943,8388609,0,0,0,0,0,0,0,0,0.471864,99.9867,0,0,385875968,8388608,83886080,159383552,0,21233664,0,0,1,8,0,21.2818,1024,0,0,0,30
mtran,10379,8388608,64,4,0,0,0,4,16,4,32,1,3,8390260,8388608,1,8393203,8388609,0,0,0,0,0,0,0,0,0.479245,99.9827,8388608,0,461406144,8388608,83886080,159383552,16777216,25165824,0,0,1,6,0,18.4216,1024,0,0,0,30
mtran,18897,4194304,64,4,0,0,0,4,16,4,64,0,2,8701414,8388608,1,8392883,8388609,0,0,0,0,0,0,0,0,0.48102,99.9844,0,0,188743680,4194304,83886080,58720256,0,10878976,0,0,1,8,0,19.3311,1024,0,0,0,30
mtran,10738,4194304,64,4,0,0,0,4,16,4,64,1,3,8390356,8388607,1,8392975,8388609,0,0,0,0,0,0,0,0,0.483478,99.978,4194304,0,226525120,4194304,83886080,62914560,8388608,12976128,0,0,1,6,0,16.1389,1024,0,0,0,30
mtran,19445,16777216,128,4,0,0,0,4,32,4,32,0,2,8698110,8388608,1,8392211,8388609,0,0,0,0,0,0,0,0,0.803006,99.9838,0,0,402653184,16777216,83886080,134217728,0,19922944,0,0,1,10,0,25.0653,1024,0,0,0,15
mtran,10277,16777216,128,4,0,0,0,4,32,4,32,1,3,8390420,8388608,1,8393471,8388609,0,0,0,0,0,0,0,0,0.848741,99.972,16777216,0,553713536,16777216,83886080,150994944,33554432,28311552,0,0,1,9,0,27.7086,1024,0,0,0,15
mtran,19194,8388608,128,4,0,0,0,4,32,4,64,0,2,8686802,8388608,1,8392599,8388609,0,0,0,0,0,0,0,0,0.846441,99.9816,0,0,385875968,8388608,83886080,159383552,0,21233664,0,0,1,10,0,25.2671,1024,0,0,0,30
mtran,10879,8388608,128,4,0,0,0,4,32,4,64,1,3,8532608,8388607,1,8393455,8388609,0,0,0,0,0,0,0,0,0.877095,99.969,8388608,0,461438848,8388608,83886080,159383552,16777216,25165824,0,0,1,9,0,27.2483,1024,0,0,0,30
mtran,14239,16777216,256,4,0,0,0,4,64,4,64,0,2,8548568,8388607,1,8395455,8388609,0,0,0,0,0,0,0,0,0.798734,99.9652,0,0,402653184,16777216,83886080,134217728,0,19922944,0,0,1,9,0,25.101,1024,0,0,0,15
mtran,8163,16777216,256,4,0,0,0,4,64,4,64,1,4,8538902,8388608,1,8394791,8388609,0,0,0,0,0,0,0,0,0.83867,99.9712,16777216,0,553778944,16777216,83886080,150994944,33554432,28311552,0,0,1,9,0,25.9837,1024,0,0,0,15
mtran,37630,16777216,32,4,0,0,0,8,4,8,4,0,2,8982864,16777216,1,8391267,16777217,0,0,0,0,0,0,0,0,0.247428,99.9877,0,0,402653184,16777216,83886080,134217728,0,19922944,0,0,1,5,0,11.152,1024,0,0,0,15
mtran,19412,16777216,32,4,0,0,0,8,4,8,4,1,3,8693526,16774882,1,8391883,16777217,0,0,0,0,0,0,0,0,0.244979,99.9859,16777216,0,553656288,16777216,83886080,150994944,33554432,28311552,0,0,1,3,0,8.55294,1024,0,0,0,15
mtran,35513,8388608,32,4,0,0,0,8,4,8,8,0,2,8990036,16777195,1,8391291,16777217,0,0,0,0,0,0,0,0,0.248627,99.9911,0,0,385875968,8388608,83886080,159383552,0,21233664,0,0,1,5,0,11.3079,1024,0,0,0,30
mtran,19151,8388608,32,4,0,0,0,8,4,8,8,1,3,8829527,16392711,1,8392031,16777217,0,0,0,0,0,0,0,0,0.247477,99.9889,8388608,0,461381600,8388608,83886080,159383552,16777216,25165824,0,0,1,3,0,8.96393,1024,0,0,0,30
mtran,35361,4194304,32,4,0,0,0,8,4,8,16,0,2,9127506,16776733,1,8391475,16777217,0,0,0,0,0,0,0,0,0.249269,99.9909,0,0,192937984,4194304,83886080,54525952,0,10878976,0,0,1,5,0,10.7518,1024,0,0,0,30
mtran,19134,4194304,32,4,0,0,0,8,4,8,16,1,3,8702926,16605541,1,8392367,16777217,0,0,0,0,0,0,0,0,0.248667,99.9869,4194304,0,230694880,4194304,83886080,58720256,8388608,12976128,0,0,1,3,0,7.15392,1024,0,0,0,30
mtran,34407,2097152,32,4,0,0,0,8,4,8,32,0,2,8982872,16776553,1,8391347,16777217,0,0,0,0,0,0,0,0,0.249545,99.9907,0,0,142606336,4194304,83886080,29360128,0,8323072,0,0,1,5,0,10.6929,1024,0,0,0,30
mtran,19211,2097152,32,4,0,0,0,8,4,8,32,1,3,8686598,16656468,1,8392303,16777217,0,0,0,0,0,0,0,0,0.249269,99.9815,2097152,0,161488864,4194304,83886080,31457280,4194304,9371648,0,0,1,3,0,7.56829,1024,0,0,0,30
mtran,32813,1048576,32,4,0,0,0,8,4,8,64,0,2,8943034,16775512,1,8391579,16777217,0,0,0,0,0,0,0,0,0.249612,99.9828,0,0,115343360,4194304,83886080,16777216,0,6979584,0,0,1,4,0,9.90195,1024,0,0,0,30
mtran,19923,1048576,32,4,0,0,0,8,4,8,64,1,3,8836626,16661156,1,8391927,16777217,0,0,0,0,0,0,0,0,0.249469,99.9783,1048576,0,124788704,4194304,83886080,17825792,2097152,7503872,0,0,1,3,0,7.31903,1024,0,0,0,30
mtran,31340,16777216,64,4,0,0,0,8,8,8,8,0,2,8983031,20775099,1,12588080,16777217,0,0,0,0,0,0,0,0,0.463037,99.9887,0,0,402653184,16777216,83886080,134217728,0,19922944,0,0,1,9,0,22.669,1024,0,0,0,15
mtran,11391,16777216,64,4,0,0,0,8,8,8,8,1,3,8546218,8852466,1,8392587,16777217,0,0,0,0,0,0,0,0,0.469568,99.9831,16777216,0,553664448,16777216,83886080,150994944,33554432,28311552,0,0,1,7,0,22.0933,1024,0,0,0,15
mtran,31453,8388608,64,4,0,0,0,8,8,8,16,0,2,8983004,14612269,1,8391467,16777217,0,0,0,0,0,0,0,0,0.473171,99.9897,0,0,385875968,8388608,83886080,159383552,0,21233664,0,0,1,9,0,23.1418,1024,0,0,0,30
mtran,11673,8388608,64,4,0,0,0,8,8,8,16,1,3,8543180,9254997,1,8392299,16777217,0,0,0,0,0,0,0,0,0.477788,99.9819,8388608,0,461389760,8388608,83886080,159383552,16777216,25165824,0,0,1,7,0,22.263,1024,0,0,0,30
mtran,31790,4194304,64,4,0,0,0,8,8,8,32,0,2,8982964,15208393,1,8391319,16777217,0,0,0,0,0,0,0,0,0.480365,99.986,0,0,192937984,4194304,83886080,54525952,0,10878976,0,0,1,9,0,22.7726,1024,0,0,0,30
mtran,13193,4194304,64,4,0,0,0,8,8,8,32,1,3,8672806,10700539,1,8392279,16777217,0,0,0,0,0,0,0,0,0.482865,99.9804,4194304,0,230703040,4194304,83886080,58720256,8388608,12976128,0,0,1,8,0,20.3093,1024,0,0,0,30
mtran,29635,2097152,64,4,0,0,0,8,8,8,64,0,2,8973084,15065626,1,8391755,16777217,0,0,0,0,0,0,0,0,0.485896,99.9822,0,0,142606336,4194304,83886080,29360128,0,8323072,0,0,1,9,0,22.2495,1024,0,0,0,30
mtran,15527,2097152,64,4,0,0,0,8,8,8,64,1,3,8673382,12460354,1,8392095,16777217,0,0,0,0,0,0,0,0,0.487251,99.9756,2097152,0,161497024,4194304,83886080,31457280,4194304,9371648,0,0,1,8,0,20.2542,1024,0,0,0,30
mtran,32882,16777216,128,4,0,0,0,8,16,8,16,0,2,8983148,15912040,1,8391439,16777217,0,0,0,0,0,0,0,0,0.796254,99.9889,0,0,402653184,16777216,83886080,134217728,0,19922944,0,0,1,10,0,25.3121,1024,0,0,0,15
mtran,12674,16777216,128,4,0,0,0,8,16,8,16,1,3,8682494,11988519,1,8392491,16777217,0,0,0,0,0,0,0,0,0.845479,99.9774,16777216,0,553680768,16777216,83886080,150994944,33554432,28311552,0,0,1,10,0,28.0635,1024,0,0,0,15
mtran,33059,8388608,128,4,0,0,0,8,16,8,32,0,2,8983152,16233577,1,8391227,16777217,0,0,0,0,0,0,0,0,0.815626,99.987,0,0,385875968,8388608,83886080,159383552,0,21233664,0,0,1,10,0,25.4876,1024,0,0,0,30
mtran,15476,8388608,128,4,0,0,0,8,16,8,32,1,3,8686622,14116715,1,8392911,16777217,0,0,0,0,0,0,0,0,0.865788,99.9827,8388608,0,461406080,8388608,83886080,159383552,16777216,25165824,0,0,1,10,0,27.167,1024,0,0,0,30
mtran,31346,4194304,128,4,0,0,0,8,16,8,64,0,2,8983200,16177794,1,8391479,16777217,0,0,0,0,0,0,0,0,0.831102,99.979,0,0,188743680,4194304,83886080,58720256,0,10878976,0,0,1,10,0,24.69,1024,0,0,0,30
mtran,17316,4194304,128,4,0,0,0,8,16,8,64,1,3,8686650,15334439,1,8392311,16777217,0,0,0,0,0,0,0,0,0.866178,99.9764,4194304,0,226525056,4194304,83886080,62914560,8388608,12976128,0,0,1,10,0,25.1277,1024,0,0,0,30
mtran,27736,16777216,256,4,0,0,0,8,32,8,32,0,2,8834972,15456825,1,8392251,16777217,0,0,0,0,0,0,0,0,0.797276,99.9885,0,0,402653184,16777216,83886080,134217728,0,19922944,0,0,1,10,0,25.5294,1024,0,0,0,15
mtran,6742,16777216,256,4,0,0,0,8,32,8,32,1,5,8538606,9376751,2,8394143,16777217,0,0,0,0,0,0,0,0,0.847246,99.9692,16777216,0,553713408,16777216,83886080,150994944,33554432,28311552,0,0,1,9,0,30.5391,1024,0,0,0,15
mtran,27003,8388608,256,4,0,0,0,8,32,8,64,0,2,8895560,15145418,1,8392791,16777217,0,0,0,0,0,0,0,0,0.820802,99.9763,0,0,385875968,8388608,83886080,159383552,0,21233664,0,0,1,10,0,25.7653,1024,0,0,0,30
mtran,11020,8388608,256,4,0,0,0,8,32,8,64,1,4,8673934,12250056,1,8393491,16777217,0,0,0,0,0,0,0,0,0.860982,99.9768,8388608,0,461438720,8388608,83886080,159383552,16777216,25165824,0,0,1,10,0,28.0481,1024,0,0,0,30
mtran,16755,16777216,512,4,0,0,0,8,64,8,64,0,3,8687038,13049935,1,8395175,16777217,0,0,0,0,0,0,0,0,0.786587,99.9808,0,0,402653184,16777216,83886080,134217728,0,19922944,0,0,1,10,0,25.7319,1024,0,0,0,15
mtran,5908,16777216,512,4,0,0,0,8,64,8,64,1,6,8401252,10300307,2,8395275,16777217,0,0,0,0,0,0,0,0,0.831734,99.9536,16777216,0,553778688,16777216,83886080,150994944,33554432,28311552,0,0,1,9,0,31.8719,1024,0,0,0,15
mtran,66041,16777216,32,4,0,0,0,16,2,16,2,0,2,9575713,33553767,1,8390040,33554433,0,0,0,0,0,0,0,0,0.248533,99.9944,0,0,402653184,16777216,83886080,134217728,0,19922944,0,0,1,5,0,12.4547,1024,0,0,0,15
mtran,42096,16777216,32,4,0,0,0,16,2,16,2,1,2,9279342,33443880,1,8390527,33554433,0,0,0,0,0,0,0,0,0.247709,99.9935,16777216,0,553652192,16777216,83886080,150994944,33554432,28311552,0,0,1,5,0,11.6539,1024,0,0,0,15
mtran,66134,8388608,32,4,0,0,0,16,2,16,4,0,2,9575760,33545844,1,8390163,33554433,0,0,0,0,0,0,0,0,0.249251,99.9934,0,0,394264576,8388608,83886080,142606336,0,20971520,0,0,1,5,0,12.5539,1024,0,0,0,30
mtran,34511,8388608,32,4,0,0,0,16,2,16,4,1,3,9119530,33369246,1,8390671,33554433,0,0,0,0,0,0,0,0,0.248579,99.9903,8388608,0,469766112,8388608,83886080,150994944,16777216,25165824,0,0,1,4,0,11.1157,1024,0,0,0,30
mtran,64768,4194304,32,4,0,0,0,16,2,16,8,0,2,9574596,33554548,1,8390263,33554433,0,0,0,0,0,0,0,0,0.249583,99.9918,0,0,197132288,4194304,83886080,50331648,0,10878976,0,0,1,5,0,12.2525,1024,0,0,0,30
mtran,34816,4194304,32,4,0,0,0,16,2,16,8,1,3,8996072,33553178,1,8390699,33554433,0,0,0,0,0,0,0,0,0.249246,99.9875,4194304,0,234885088,4194304,83886080,54525952,8388608,12976128,0,0,1,5,0,10.7474,1024,0,0,0,30
mtran,63978,2097152,32,4,0,0,0,16,2,16,16,0,2,9575756,33554528,1,8390243,33554433,0,0,0,0,0,0,0,0,0.249735,99.9831,0,0,144703488,4194304,83886080,27262976,0,8323072,0,0,1,5,0,12.1804,1024,0,0,0,30
mtran,35374,2097152,32,4,0,0,0,16,2,16,16,1,3,8986772,33553375,1,8390847,33554433,0,0,0,0,0,0,0,0,0.249552,99.9834,2097152,0,163581920,4194304,83886080,29360128,4194304,9371648,0,0,1,5,0,10.5744,1024,0,0,0,30
mtran,61985,1048576,32,4,0,0,0,16,2,16,32,0,2,9575808,33554501,1,8390303,33554433,0,0,0,0,0,0,0,0,0.24972,99.9806,0,0,116391936,4194304,83886080,15728640,0,6979584,0,0,1,5,0,12.0468,1024,0,0,0,30
mtran,34402,1048576,32,4,0,0,0,16,2,16,32,1,3,8983004,33553716,1,8390847,33554433,0,0,0,0,0,0,0,0,0.249641,99.9875,1048576,0,125833184,4194304,83886080,16777216,2097152,7503872,0,0,1,5,0,10.4096,1024,0,0,0,30
mtran,56835,524288,32,4,0,0,0,16,2,16,64,0,2,9427544,33554446,1,8390307,33554433,0,0,0,0,0,0,0,0,0.249568,99.976,0,0,102236160,4194304,83886080,9961472,0,6307840,0,0,1,5,0,11.66,1024,0,0,0,30
mtran,35134,524288,32,4,0,0,0,16,2,16,64,1,3,8993656,33553326,1,8390743,33554433,0,0,0,0,0,0,0,0,0.249563,99.9563,524288,0,106958816,4194304,83886080,10485760,1048576,6569984,0,0,1,5,0,10.408,1024,0,0,0,30
mtran,61727,16777216,64,4,0,0,0,16,4,16,4,0,2,9291286,30544532,1,8390967,33554433,0,0,0,0,0,0,0,0,0.467987,99.994,0,0,402653184,16777216,83886080,134217728,0,19922944,0,0,1,10,0,23.6623,1024,0,0,0,15
mtran,25592,16777216,64,4,0,0,0,16,4,16,4,1,3,8686418,24184112,1,8390999,33554433,0,0,0,0,0,0,0,0,0.46289,99.989,16777216,0,553656256,16777216,83886080,150994944,33554432,28311552,0,0,1,9,0,22.7735,1024,0,0,0,15
mtran,62755,8388608,64,4,0,0,0,16,4,16,8,0,2,9495358,31329774,1,8390743,33554433,0,0,0,0,0,0,0,0,0.47633,99.9928,0,0,385875968,8388608,83886080,159383552,0,21233664,0,0,1,10,0,24.0358,1024,0,0,0,30
mtran,27693,8388608,64,4,0,0,0,16,4,16,8,1,3,8827758,25747053,1,8391171,33554433,0,0,0,0,0,0,0,0,0.47501,99.9872,8388608,0,461381568,8388608,83886080,159383552,16777216,25165824,0,0,1,9,0,23.3019,1024,0,0,0,30
mtran,61843,4194304,64,4,0,0,0,16,4,16,16,0,2,9562760,31958282,1,8390647,33554433,0,0,0,0,0,0,0,0,0.482318,99.9895,0,0,192937984,4194304,83886080,54525952,0,10878976,0,0,1,10,0,23.6912,1024,0,0,0,30
mtran,30115,4194304,64,4,0,0,0,16,4,16,16,1,3,8833472,28041201,1,8390743,33554433,0,0,0,0,0,0,0,0,0.481865,99.9854,4194304,0,230694848,4194304,83886080,58720256,8388608,12976128,0,0,1,9,0,22.0425,1024,0,0,0,30
mtran,59901,2097152,64,4,0,0,0,16,4,16,32,0,2,9439131,48424775,1,12585992,33554433,0,0,0,0,0,0,0,0,0.487254,99.9808,0,0,142606336,4194304,83886080,29360128,0,8323072,0,0,1,10,0,23.7729,1024,0,0,0,30
mtran,30730,2097152,64,4,0,0,0,16,4,16,32,1,3,8982872,29377133,1,8390683,33554433,0,0,0,0,0,0,0,0,0.487706,99.9763,2097152,0,161488832,4194304,83886080,31457280,4194304,9371648,0,0,1,9,0,22.5798,1024,0,0,0,30
mtran,53684,1048576,64,4,0,0,0,16,4,16,64,0,2,9439052,32255523,1,8390647,33554433,0,0,0,0,0,0,0,0,0.490592,99.9769,0,0,115343360,4194304,83886080,16777216,0,6979584,0,0,1,10,0,23.7746,1024,0,0,0,30
mtran,31941,1048576,64,4,0,0,0,16,4,16,64,1,3,8703258,30407445,1,8390423,33554433,0,0,0,0,0,0,0,0,0.491218,99.9781,1048576,0,124788672,4194304,83886080,17825792,2097152,7503872,0,0,1,9,0,22.3848,1024,0,0,0,30
mtran,61442,16777216,128,4,0,0,0,16,8,16,8,0,2,9466672,31112988,1,8390995,33554438,0,0,0,0,0,0,0,0,0.789845,99.9929,0,0,402653184,16777216,83886080,134217728,0,19922944,0,0,1,10,0,24.9907,1024,0,0,0,15
mtran,25800,16777216,128,4,0,0,0,16,8,16,8,1,3,8982908,23985317,1,8391387,33554433,0,0,0,0,0,0,0,0,0.828707,99.9908,16777216,0,553664384,16777216,83886080,150994944,33554432,28311552,0,0,1,10,0,26.3278,1024,0,0,0,15
mtran,62148,8388608,128,4,0,0,0,16,8,16,16,0,2,9429744,32006836,1,8391041,33554433,0,0,0,0,0,0,0,0,0.809737,99.9874,0,0,385875968,8388608,83886080,159383552,0,21233664,0,0,1,10,0,24.9871,1024,0,0,0,30
mtran,29831,8388608,128,4,0,0,0,16,8,16,16,1,3,8892392,28089727,1,8391271,33554433,0,0,0,0,0,0,0,0,0.835915,99.9801,8388608,0,461389696,8388608,83886080,159383552,16777216,25165824,0,0,1,10,0,25.8259,1024,0,0,0,30
mtran,60348,4194304,128,4,0,0,0,16,8,16,32,0,2,9279546,32221625,1,8390875,33554433,0,0,0,0,0,0,0,0,0.838705,99.9781,0,0,192937984,4194304,83886080,54525952,0,10878976,0,0,1,10,0,25.0536,1024,0,0,0,30
mtran,30646,4194304,128,4,0,0,0,16,8,16,32,1,3,8834668,29813711,1,8391339,33554433,0,0,0,0,0,0,0,0,0.836737,99.9808,4194304,0,230702976,4194304,83886080,58720256,8388608,12976128,0,0,1,10,0,24.8325,1024,0,0,0,30
mtran,53203,2097152,128,4,0,0,0,16,8,16,64,0,2,9279540,48477135,1,12586427,33554433,0,0,0,0,0,0,0,0,0.881459,99.9089,0,0,142606336,4194304,83886080,29360128,0,8323072,0,0,1,10,0,24.6733,1024,0,0,0,30
mtran,31807,2097152,128,4,0,0,0,16,8,16,64,1,3,8983040,31086904,1,8391223,33554433,0,0,0,0,0,0,0,0,0.869804,99.9511,2097152,0,161496960,4194304,83886080,31457280,4194304,9371648,0,0,1,10,0,25.0528,1024,0,0,0,30
mtran,55790,16777216,256,4,0,0,0,16,16,16,16,0,2,9427788,30316205,1,8391247,33554438,0,0,0,0,0,0,0,0,0.788558,99.9917,0,0,402653184,16777216,83886080,134217728,0,19922944,0,0,1,10,0,25.1251,1024,0,0,0,15
mtran,19060,16777216,256,4,0,0,0,16,16,16,16,1,3,8686626,20941561,1,8392375,33554433,0,0,0,0,0,0,0,0,0.813923,99.9821,16777216,0,553680640,16777216,83886080,150994944,33554432,28311552,0,0,1,10,0,27.2168,1024,0,0,0,15
mtran,57747,8388608,256,4,0,0,0,16,16,16,32,0,2,9422588,31374607,1,8391187,33554439,0,0,0,0,0,0,0,0,0.803168,99.984,0,0,385875968,8388608,83886080,159383552,0,21233664,0,0,1,10,0,25.2945,1024,0,0,0,30
mtran,23793,8388608,256,4,0,0,0,16,16,16,32,1,3,8834518,25661008,1,8392123,33554433,0,0,0,0,0,0,0,0,0.820642,99.9799,8388608,0,461405952,8388608,83886080,159383552,16777216,25165824,0,0,1,10,0,26.5651,1024,0,0,0,30
mtran,55055,4194304,256,4,0,0,0,16,16,16,64,0,2,9279574,31560376,1,8391399,33554439,0,0,0,0,0,0,0,0,0.844073,99.9831,0,0,188743680,4194304,83886080,58720256,0,10878976,0,0,1,10,0,24.5457,1024,0,0,0,30
mtran,27025,4194304,256,4,0,0,0,16,16,16,64,1,3,8834832,28856420,1,8392027,33554433,0,0,0,0,0,0,0,0,0.839922,99.9787,4194304,0,226524928,4194304,83886080,62914560,8388608,12976128,0,0,1,10,0,24.811,1024,0,0,0,30
mtran,44937,16777216,512,4,0,0,0,16,32,16,32,0,2,9265662,28421102,1,8392499,33554433,0,0,0,0,0,0,0,0,0.744579,99.9885,0,0,402653184,16777216,83886080,134217728,0,19922944,0,0,1,10,0,25.1017,1024,0,0,0,15
mtran,7717,16777216,512,4,0,0,0,16,32,16,32,1,5,8404624,12411408,2,8394687,33554433,0,0,0,0,0,0,0,0,0.81173,99.9711,16777216,0,553713152,16777216,83886080,150994944,33554432,28311552,0,0,1,10,0,30.8938,1024,0,0,0,15
mtran,43710,8388608,512,4,0,0,0,16,32,16,64,0,2,9131524,27652470,1,8393331,33554433,0,0,0,0,0,0,0,0,0.809795,99.9822,0,0,385875968,8388608,83886080,159383552,0,21233664,0,0,1,10,0,25.436,1024,0,0,0,30
mtran,15964,8388608,512,4,0,0,0,16,32,16,64,1,4,8686818,21652864,1,8393643,33554433,0,0,0,0,0,0,0,0,0.817846,99.9714,8388608,0,461438464,8388608,83886080,159383552,16777216,25165824,0,0,1,10,0,26.7287,1024,0,0,0,30
mtran,24757,16777216,1024,4,0,0,0,16,64,16,64,0,3,8838798,21870170,1,8395991,33554433,0,0,0,0,0,0,0,0,0.74076,99.9689,0,0,402653184,16777216,83886080,134217728,0,19922944,0,0,1,10,0,25.617,1024,0,0,0,15
mtran,5061,16777216,1024,4,0,0,0,16,64,16,64,1,8,8682802,12928063,3,8395731,33554433,0,0,0,0,0,0,0,0,0.802999,99.9365,16777216,0,553778176,16777216,83886080,150994944,33554432,28311552,0,0,1,9,0,33.1848,1024,0,0,0,15
mtran,6321,16777216,32,4,1,0,0,1,32,1,32,0,5,8538638,8755758,2,8397303,16777241,0,0,1.58946E-05,0,0,0,0,0,0.23408,99.9795,0,0,335544320,16777216,83886080,150994944,0,18350080,0,0,1,4,0,14.4437,1024,0,0,0,18
mtran,19286,16777216,32,4,1,0,0,1,32,1,32,1,3,8686530,16777216,1,8395367,16777217,0,0,0,0,0,0,0,0,0.244947,99.9876,16777216,0,486604768,16777216,83886080,167772160,33554432,26738688,0,0,1,3,0,8.2803,1024,0,0,0,18
mtran,6141,8388608,32,4,1,0,0,1,32,1,64,0,5,8390436,8907431,2,8397883,16777245,0,0,3.17891E-05,0,0,0,0,0,0.241937,99.978,0,0,385875968,8388608,83886080,150994944,0,20971520,0,0,1,4,0,15.6235,1024,0,0,0,32
mtran,19445,8388608,32,4,1,0,0,1,32,1,64,1,3,8686374,16777215,1,8395947,16777217,0,0,0,0,0,0,0,0,0.247462,99.9896,8388608,0,461438944,8388608,83886080,159383552,16777216,25165824,0,0,1,3,0,8.16085,1024,0,0,0,40
mtran,5726,16777216,64,4,1,0,0,1,64,1,64,0,6,8403756,10776742,2,8400535,16777217,0,0,0,0,0,0,0,0,0.42901,99.9719,0,0,335544320,16777216,83886080,150994944,0,18350080,0,0,1,5,0,18.3638,1024,0,0,0,18
mtran,19118,16777216,64,4,1,0,0,1,64,1,64,1,3,8833438,16777216,1,8395807,16777217,0,0,0,0,0,0,0,0,0.442582,99.9789,16777216,0,486670272,16777216,83886080,167772160,33554432,26738688,0,0,1,7,0,19.3995,1024,0,0,0,18
mtran,9330,16777216,32,4,1,0,0,2,16,2,16,0,4,8686782,8388608,1,8394947,8388609,0,0,0,0,0,0,0,0,0.239728,99.9857,0,0,335544320,16777216,83886080,150994944,0,18350080,0,0,1,2,0,7.95244,1024,0,0,0,18
mtran,13012,16777216,32,4,1,0,0,2,16,2,16,1,3,8538438,8388608,1,8394499,8388609,0,0,0,0,0,0,0,0,0.242533,99.9871,16777216,0,486572000,16777216,83886080,167772160,33554432,26738688,0,0,1,2,0,7.63363,1024,0,0,0,18
mtran,9344,8388608,32,4,1,0,0,2,16,2,32,0,4,8686758,8388608,1,8395519,8388609,0,0,0,0,0,0,0,0,0.244866,99.9857,0,0,385875968,8388608,83886080,150994944,0,20971520,0,0,1,2,0,8.21464,1024,0,0,0,32
mtran,13293,8388608,32,4,1,0,0,2,16,2,32,1,3,8538238,8388608,1,8394559,8388609,0,0,0,0,0,0,0,0,0.246329,99.9874,8388608,0,461406176,8388608,83886080,159383552,16777216,25165824,0,0,1,2,0,7.34394,1024,0,0,0,40
mtran,9233,4194304,32,4,1,0,0,2,16,2,64,0,4,8538676,8388608,1,8395483,8388609,0,0,0,0,0,0,0,0,0.247274,99.9793,0,0,188743680,4194304,83886080,58720256,0,10878976,0,0,1,3,0,8.70429,1024,0,0,0,32
mtran,12967,4194304,32,4,1,0,0,2,16,2,64,1,3,8543802,8388608,1,8394603,8388609,0,0,0,0,0,0,0,0,0.248058,99.9805,4194304,0,226525152,4194304,83886080,62914560,8388608,12976128,0,0,1,2,0,5.22553,1024,0,0,0,40
mtran,6770,16777216,64,4,1,0,0,2,32,2,32,0,5,8392996,8388608,1,8398091,8388609,0,0,0,0,0,0,0,0,0.474093,99.9822,0,0,335544320,16777216,83886080,150994944,0,18350080,0,0,1,4,0,15.5534,1024,0,0,0,18
mtran,11855,16777216,64,4,1,0,0,2,32,2,32,1,3,8538310,8388607,1,8394187,8388609,0,0,0,0,0,0,0,0,0.471837,99.9736,16777216,0,486604736,16777216,83886080,167772160,33554432,26738688,0,0,1,6,0,19.0645,1024,0,0,0,18
mtran,7596,8388608,64,4,1,0,0,2,32,2,64,0,4,8539122,8388608,1,8398347,8388609,0,0,0,0,0,0,0,0,0.482661,99.9793,0,0,385875968,8388608,83886080,150994944,0,20971520,0,0,1,5,0,15.7136,1024,0,0,0,32
mtran,12543,8388608,64,4,1,0,0,2,32,2,64,1,3,8677394,8388608,1,8394843,8388609,0,0,0,0,0,0,0,0,0.479322,99.9813,8388608,0,461438912,8388608,83886080,159383552,16777216,25165824,0,0,1,6,0,18.1046,1024,0,0,0,40
mtran,9337,16777216,128,4,1,0,0,2,64,2,64,0,4,8539196,8388608,1,8398095,8388609,0,0,0,0,0,0,0,0,0.845203,99.9847,0,0,335544320,16777216,83886080,150994944,0,18350080,0,0,1,8,0,23.7284,1024,0,0,0,18
mtran,13039,16777216,128,4,1,0,0,2,64,2,64,1,3,8685626,8388608,1,8394515,8388609,0,0,0,0,0,0,0,0,0.828595,99.964,16777216,0,486670208,16777216,83886080,167772160,33554432,26738688,0,0,1,9,0,26.0416,1024,0,0,0,18
mtran,16744,16777216,32,4,1,0,0,4,8,4,8,0,2,8686846,8388608,1,8394007,8388609,0,0,0,0,0,0,0,0,0.244256,99.9928,0,0,335544320,16777216,83886080,150994944,0,18350080,0,0,1,2,0,7.23386,1024,0,0,0,18
mtran,12613,16777216,32,4,1,0,0,4,8,4,8,1,3,8673942,8388608,1,8393779,8388609,0,0,0,0,0,0,0,0,0.242331,99.9894,16777216,0,486555616,16777216,83886080,167772160,33554432,26738688,0,0,1,2,0,8.42792,1024,0,0,0,18
mtran,16466,8388608,32,4,1,0,0,4,8,4,16,0,2,8686850,8388608,1,8394235,8388609,0,0,0,0,0,0,0,0,0.247065,99.9925,0,0,385875968,8388608,83886080,150994944,0,20971520,0,0,1,2,0,7.36502,1024,0,0,0,32
mtran,12648,8388608,32,4,1,0,0,4,8,4,16,1,3,8686710,8388607,1,8393563,8388609,0,0,0,0,0,0,0,0,0.246172,99.9886,8388608,0,461389792,8388608,83886080,159383552,16777216,25165824,0,0,1,2,0,7.93192,1024,0,0,0,40
mtran,15161,4194304,32,4,1,0,0,4,8,4,32,0,2,8687102,8388608,1,8395523,8388609,0,0,0,0,0,0,0,0,0.248363,99.9869,0,0,192937984,4194304,83886080,54525952,0,10878976,0,0,1,3,0,8.50485,1024,0,0,0,32
mtran,11635,4194304,32,4,1,0,0,4,8,4,32,1,3,8538408,8388608,1,8393567,8388609,0,0,0,0,0,0,0,0,0.247852,99.9849,4194304,0,230703072,4194304,83886080,58720256,8388608,12976128,0,0,1,2,0,6.05837,1024,0,0,0,40
mtran,15283,2097152,32,4,1,0,0,4,8,4,64,0,2,8687154,8388608,1,8395811,8388609,0,0,0,0,0,0,0,0,0.249106,99.9873,0,0,144703488,4194304,83886080,29360128,0,8388608,0,0,1,3,0,8.25878,1024,0,0,0,32
mtran,11986,2097152,32,4,1,0,0,4,8,4,64,1,3,8538300,8388608,1,8394051,8388609,0,0,0,0,0,0,0,0,0.248858,99.9818,2097152,0,161497056,4194304,83886080,31457280,4194304,9371648,0,0,1,2,0,5.35891,1024,0,0,0,40
mtran,13768,16777216,64,4,1,0,0,4,16,4,16,0,3,8686822,8388607,1,8394291,8388609,0,0,0,0,0,0,0,0,0.471538,99.9899,0,0,335544320,16777216,83886080,150994944,0,18350080,0,0,1,4,0,11.1217,1024,0,0,0,18
mtran,11322,16777216,64,4,1,0,0,4,16,4,16,1,3,8668994,8388608,1,8393451,8388609,0,0,0,0,0,0,0,0,0.469655,99.9782,16777216,0,486571968,16777216,83886080,167772160,33554432,26738688,0,0,1,5,0,15.5671,1024,0,0,0,18
mtran,14950,8388608,64,4,1,0,0,4,16,4,32,0,2,8686834,8388608,1,8393975,8388609,0,0,0,0,0,0,0,0,0.476724,99.9907,0,0,385875968,8388608,83886080,150994944,0,20971520,0,0,1,4,0,11.0228,1024,0,0,0,32
mtran,11938,8388608,64,4,1,0,0,4,16,4,32,1,3,8538364,8388608,1,8393343,8388609,0,0,0,0,0,0,0,0,0.476122,99.9831,8388608,0,461406144,8388608,83886080,159383552,16777216,25165824,0,0,1,4,0,14.237,1024,0,0,0,40
mtran,14405,4194304,64,4,1,0,0,4,16,4,64,0,2,8549324,8388608,1,8396087,8388609,0,0,0,0,0,0,0,0,0.483024,99.984,0,0,188743680,4194304,83886080,58720256,0,10878976,0,0,1,5,0,11.8682,1024,0,0,0,32
mtran,11816,4194304,64,4,1,0,0,4,16,4,64,1,3,8538306,8388608,1,8393075,8388609,0,0,0,0,0,0,0,0,0.48244,99.9759,4194304,0,226525120,4194304,83886080,62914560,8388608,12976128,0,0,1,5,0,13.4847,1024,0,0,0,40
mtran,12953,16777216,128,4,1,0,0,4,32,4,32,0,3,8629658,8388608,1,8395759,8388609,0,0,0,0,0,0,0,0,0.86602,99.9847,0,0,335544320,16777216,83886080,150994944,0,18350080,0,0,1,4,0,11.8631,1024,0,0,0,18
mtran,10808,16777216,128,4,1,0,0,4,32,4,32,1,3,8538974,8388608,1,8393595,8388609,0,0,0,0,0,0,0,0,0.862477,99.9845,16777216,0,486604672,16777216,83886080,167772160,33554432,26738688,0,0,1,5,0,15.697,1024,0,0,0,18
mtran,15295,8388608,128,4,1,0,0,4,32,4,64,0,2,8687014,8388608,1,8394843,8388609,0,0,0,0,0,0,0,0,0.891796,99.988,0,0,385875968,8388608,83886080,150994944,0,20971520,0,0,1,4,0,11.6774,1024,0,0,0,32
mtran,10897,8388608,128,4,1,0,0,4,32,4,64,1,3,8408140,8388607,1,8394699,8388609,0,0,0,0,0,0,0,0,0.6891,99.9774,8388608,0,461438848,8388608,83886080,159383552,16777216,25165824,0,0,1,5,0,15.928,1024,0,0,0,40
mtran,12771,16777216,256,4,1,0,0,4,64,4,64,0,3,8602881,8388608,1,8396507,8388609,0,0,0,0,0,0,0,0,0.835388,99.9885,0,0,335544320,16777216,83886080,150994944,0,18350080,0,0,1,4,0,12.5684,1024,0,0,0,18
mtran,10820,16777216,256,4,1,0,0,4,64,4,64,1,3,8646902,8388608,1,8394823,8388609,0,0,0,0,0,0,0,0,0.825178,99.9664,16777216,0,486670080,16777216,83886080,167772160,33554432,26738688,0,0,1,6,0,19.6807,1024,0,0,0,18
mtran,31794,16777216,32,4,1,0,0,8,4,8,4,0,2,17371536,8388608,1,16780115,8388609,0,0,0,0,0,0,0,0,0.246989,99.9961,0,0,335544320,16777216,83886080,150994944,0,18350080,0,0,1,3,0,7.34096,1024,0,0,0,18
mtran,17956,16777216,32,4,1,0,0,8,4,8,4,1,3,17074358,8388608,1,16780663,8388609,0,0,0,0,0,0,0,0,0.244642,99.9904,16777216,0,486547424,16777216,83886080,167772160,33554432,26738688,0,0,1,4,0,11.5924,1024,0,0,0,18
mtran,31396,8388608,32,4,1,0,0,8,4,8,8,0,2,17333354,8388608,1,16780095,8388609,0,0,0,0,0,0,0,0,0.248451,99.9955,0,0,385875968,8388608,83886080,150994944,0,20971520,0,0,1,3,0,7.48479,1024,0,0,0,32
mtran,16634,8388608,32,4,1,0,0,8,4,8,8,1,3,12353814,8388608,1,16780783,8388609,0,0,0,0,0,0,0,0,0.247105,99.989,8388608,0,461381600,8388608,83886080,159383552,16777216,25165824,0,0,1,4,0,11.2781,1024,0,0,0,40
mtran,25365,4194304,32,4,1,0,0,8,4,8,16,0,2,14285426,8388608,1,16781243,8388609,0,0,0,0,0,0,0,0,0.249021,99.988,0,0,192937984,4194304,83886080,54525952,0,10878976,0,0,1,4,0,8.31035,1024,0,0,0,32
mtran,13865,4194304,32,4,1,0,0,8,4,8,16,1,3,10381483,8388608,1,16780887,8388609,0,0,0,0,0,0,0,0,0.2482,99.9841,4194304,0,230694880,4194304,83886080,58720256,8388608,12976128,0,0,1,4,0,10.3741,1024,0,0,0,40
mtran,24870,2097152,32,4,1,0,0,8,4,8,32,0,2,14237697,8388608,1,16781171,8388609,0,0,0,0,0,0,0,0,0.24944,99.9839,0,0,144703488,4194304,83886080,29360128,0,8388608,0,0,1,4,0,8.11669,1024,0,0,0,32
mtran,14939,2097152,32,4,1,0,0,8,4,8,32,1,3,11023857,8388608,1,16780915,8388609,0,0,0,0,0,0,0,0,0.249052,99.987,2097152,0,161488864,4194304,83886080,31457280,4194304,9371648,0,0,1,4,0,10.1469,1024,0,0,0,40
mtran,22748,1048576,32,4,1,0,0,8,4,8,64,0,2,12704750,8388608,1,16781251,8388609,0,0,0,0,0,0,0,0,0.249604,99.9824,0,0,118489088,4194304,83886080,16777216,0,7077888,0,0,1,4,0,8.67425,1024,0,0,0,32
mtran,14931,1048576,32,4,1,0,0,8,4,8,64,1,3,11176380,8388608,1,16781191,8388609,0,0,0,0,0,0,0,0,0.249326,99.9876,1048576,0,124788704,4194304,83886080,17825792,2097152,7503872,0,0,1,4,0,10.1471,1024,0,0,0,40
mtran,20199,16777216,64,4,1,0,0,8,8,8,8,0,2,10331475,8388608,1,16781307,8388609,0,0,0,0,0,0,0,0,0.466801,99.9934,0,0,335544320,16777216,83886080,150994944,0,18350080,0,0,1,4,0,10.5139,1024,0,0,0,18
mtran,10936,16777216,64,4,1,0,0,8,8,8,8,1,3,8822743,8388608,1,16781451,8388609,0,0,0,0,0,0,0,0,0.462689,99.9813,16777216,0,486555584,16777216,83886080,167772160,33554432,26738688,0,0,1,6,0,18.1061,1024,0,0,0,18
mtran,22178,8388608,64,4,1,0,0,8,8,8,16,0,2,11636105,8388608,1,16780927,8388609,0,0,0,0,0,0,0,0,0.47255,99.9909,0,0,385875968,8388608,83886080,150994944,0,20971520,0,0,1,4,0,9.83581,1024,0,0,0,32
mtran,11136,8388608,64,4,1,0,0,8,8,8,16,1,3,8898532,8388608,1,16781027,8388609,0,0,0,0,0,0,0,0,0.477187,99.9879,8388608,0,461389760,8388608,83886080,159383552,16777216,25165824,0,0,1,6,0,17.6483,1024,0,0,0,40
mtran,20259,4194304,64,4,1,0,0,8,8,8,32,0,2,12104823,8388608,1,16782095,8388609,0,0,0,0,0,0,0,0,0.483011,99.9785,0,0,192937984,4194304,83886080,54525952,0,10878976,0,0,1,4,0,9.84701,1024,0,0,0,32
mtran,10743,4194304,64,4,1,0,0,8,8,8,32,1,3,8900583,8388608,1,16781159,8388609,0,0,0,0,0,0,0,0,0.481495,99.9727,4194304,0,230703040,4194304,83886080,58720256,8388608,12976128,0,0,1,6,0,15.3216,1024,0,0,0,40
mtran,19733,2097152,64,4,1,0,0,8,8,8,64,0,2,11521634,8388608,1,16782063,8388609,0,0,0,0,0,0,0,0,0.485518,99.9646,0,0,144703488,4194304,83886080,29360128,0,8388608,0,0,1,4,0,9.88078,1024,0,0,0,32
mtran,12284,2097152,64,4,1,0,0,8,8,8,64,1,3,10060258,8388608,1,16781051,8388609,0,0,0,0,0,0,0,0,0.485338,99.9718,2097152,0,161497024,4194304,83886080,31457280,4194304,9371648,0,0,1,5,0,13.3942,1024,0,0,0,40
mtran,17998,16777216,128,4,1,0,0,8,16,8,16,0,3,10628609,12582922,1,25171375,8388609,0,0,0,0,0,0,0,0,0.861638,99.9904,0,0,335544320,16777216,83886080,150994944,0,18350080,0,0,1,4,0,11.471,1024,0,0,0,18
mtran,10597,16777216,128,4,1,0,0,8,16,8,16,1,3,8852101,8388606,1,16781331,8388609,0,0,0,0,0,0,0,0,0.826091,99.9807,16777216,0,486571904,16777216,83886080,167772160,33554432,26738688,0,0,1,6,0,18.2727,1024,0,0,0,18
mtran,22950,8388608,128,4,1,0,0,8,16,8,32,0,2,12708580,8388608,1,16780535,8388609,0,0,0,0,0,0,0,0,0.885824,99.9873,0,0,385875968,8388608,83886080,150994944,0,20971520,0,0,1,4,0,9.6021,1024,0,0,0,32
mtran,10429,8388608,128,4,1,0,0,8,16,8,32,1,3,8846312,8388608,1,16781639,8388609,0,0,0,0,0,0,0,0,0.683503,99.9848,8388608,0,461406080,8388608,83886080,159383552,16777216,25165824,0,0,1,6,0,18.349,1024,0,0,0,40
mtran,21982,4194304,128,4,1,0,0,8,16,8,64,0,2,12174206,8388608,1,16782403,8388609,0,0,0,0,0,0,0,0,0.905357,99.9819,0,0,188743680,4194304,83886080,58720256,0,10878976,0,0,1,4,0,9.4448,1024,0,0,0,32
mtran,11501,4194304,128,4,1,0,0,8,16,8,64,1,3,9400814,8388608,1,16781463,8388609,0,0,0,0,0,0,0,0,0.687502,99.9815,4194304,0,226525056,4194304,83886080,62914560,8388608,12976128,0,0,1,6,0,14.4965,1024,0,0,0,40
mtran,14488,16777216,256,4,1,0,0,8,32,8,32,0,3,9455649,8388608,1,16782723,8388609,0,0,0,0,0,0,0,0,0.832173,99.9872,0,0,335544320,16777216,83886080,150994944,0,18350080,0,0,1,5,0,13.2615,1024,0,0,0,18
mtran,9137,16777216,256,4,1,0,0,8,32,8,32,1,4,8499881,8388607,1,16782559,8388609,0,0,0,0,0,0,0,0,0.827013,99.9739,16777216,0,486604544,16777216,83886080,167772160,33554432,26738688,0,0,1,6,0,19.9407,1024,0,0,0,18
mtran,16691,8388608,256,4,1,0,0,8,32,8,64,0,2,9651717,8388608,1,16781983,8388609,0,0,0,0,0,0,0,0,0.867795,99.9778,0,0,385875968,8388608,83886080,150994944,0,20971520,0,0,1,4,0,12.2472,1024,0,0,0,32
mtran,9203,8388608,256,4,1,0,0,8,32,8,64,1,4,8548992,8388608,1,16782759,8388609,0,0,0,0,0,0,0,0,0.663655,99.9623,8388608,0,461438720,8388608,83886080,159383552,16777216,25165824,0,0,1,6,0,19.6056,1024,0,0,0,40
mtran,12505,16777216,512,4,1,0,0,8,64,8,64,0,3,8771780,8388608,1,16784223,8388609,0,0,0,0,0,0,0,0,0.78116,99.9815,0,0,335544320,16777216,83886080,150994944,0,18350080,0,0,1,5,0,14.662,1024,0,0,0,18
mtran,8791,16777216,512,4,1,0,0,8,64,8,64,1,4,8551420,8388607,1,16783587,8388609,0,0,0,0,0,0,0,0,0.804468,99.9745,16777216,0,486669824,16777216,83886080,167772160,33554432,26738688,0,0,1,6,0,20.2,1024,0,0,0,18
mtran,62841,16777216,32,4,1,0,0,16,2,16,2,0,2,34741467,8388608,1,33555795,8388609,0,0,0,0,0,0,0,0,0.248472,99.998,0,0,335544320,16777216,83886080,150994944,0,18350080,0,0,1,3,0,6.65955,1024,0,0,0,18
mtran,38822,16777216,32,4,1,0,0,16,2,16,2,1,2,32609639,8388608,1,33556243,8388609,0,0,0,0,0,0,0,0,0.24753,99.9924,16777216,0,486543328,16777216,83886080,167772160,33554432,26738688,0,0,1,4,0,10.0952,1024,0,0,0,18
mtran,60580,8388608,32,4,1,0,0,16,2,16,4,0,2,34734205,8388608,1,33555855,8388609,0,0,0,0,0,0,0,0,0.249191,99.9967,0,0,394264576,8388608,83886080,142606336,0,20971520,0,0,1,3,0,6.91015,1024,0,0,0,32
mtran,32115,8388608,32,4,1,0,0,16,2,16,4,1,3,33794110,8388608,1,33555995,8388609,0,0,0,0,0,0,0,0,0.24849,99.993,8388608,0,469766112,8388608,83886080,150994944,16777216,25165824,0,0,1,4,0,11.5279,1024,0,0,0,40
mtran,46103,4194304,32,4,1,0,0,16,2,16,8,0,2,25952664,8388608,1,33557291,8388609,0,0,0,0,0,0,0,0,0.249441,99.9912,0,0,197132288,4194304,83886080,50331648,0,10878976,0,0,1,4,0,8.14224,1024,0,0,0,32
mtran,26228,4194304,32,4,1,0,0,16,2,16,8,1,2,21200453,8388608,1,33556259,8388609,0,0,0,0,0,0,0,0,0.249029,99.987,4194304,0,234885088,4194304,83886080,54525952,8388608,12976128,0,0,1,5,0,11.4666,1024,0,0,0,40
mtran,45022,2097152,32,4,1,0,0,16,2,16,16,0,2,25911556,8388608,1,33557355,8388609,0,0,0,0,0,0,0,0,0.249633,99.9898,0,0,146800640,4194304,83886080,27262976,0,8388608,0,0,1,4,0,8.10291,1024,0,0,0,32
mtran,27925,2097152,32,4,1,0,0,16,2,16,16,1,2,24821479,8388608,1,33556171,8388609,0,0,0,0,0,0,0,0,0.249468,99.9882,2097152,0,163581920,4194304,83886080,29360128,4194304,9371648,0,0,1,5,0,10.9563,1024,0,0,0,40
mtran,40572,1048576,32,4,1,0,0,16,2,16,32,0,2,24573422,8388616,1,33557295,8388609,0,0,0,0,0,0,0,0,0.249676,99.9575,0,0,119537664,4194304,83886080,15728640,0,7077888,0,0,1,4,0,8.44621,1024,0,0,0,32
mtran,27974,1048576,32,4,1,0,0,16,2,16,32,1,3,25305078,8388608,1,33556143,8388609,0,0,0,0,0,0,0,0,0.249605,99.983,1048576,0,125833184,4194304,83886080,16777216,2097152,7503872,0,0,1,5,0,10.8525,1024,0,0,0,40
mtran,33336,524288,32,4,1,0,0,16,2,16,64,0,2,21215069,8388608,1,33557423,8388609,0,0,0,0,0,0,0,0,0.249608,99.8984,0,0,105906176,4194304,83886080,9961472,0,6422528,0,0,1,4,0,9.41125,1024,0,0,0,32
mtran,28146,524288,32,4,1,0,0,16,2,16,64,1,3,25517788,8388608,1,33556055,8388609,0,0,0,0,0,0,0,0,0.249519,99.9609,524288,0,106958816,4194304,83886080,10485760,1048576,6569984,0,0,1,5,0,10.7269,1024,0,0,0,40
mtran,39736,16777216,64,4,1,0,0,16,4,16,4,0,2,21509759,8388608,1,33556415,8388609,0,0,0,0,0,0,0,0,0.46478,99.9946,0,0,335544320,16777216,83886080,150994944,0,18350080,0,0,1,4,0,9.57521,1024,0,0,0,18
mtran,20536,16777216,64,4,1,0,0,16,4,16,4,1,3,18704047,8388608,1,33556599,8388609,0,0,0,0,0,0,0,0,0.458256,99.9892,16777216,0,486547392,16777216,83886080,167772160,33554432,26738688,0,0,1,6,0,15.6625,1024,0,0,0,18
mtran,44468,8388608,64,4,1,0,0,16,4,16,8,0,2,24749613,8388608,1,33556235,8388609,0,0,0,0,0,0,0,0,0.470213,99.9958,0,0,385875968,8388608,83886080,150994944,0,20971520,0,0,1,4,0,8.79618,1024,0,0,0,32
mtran,20645,8388608,64,4,1,0,0,16,4,16,8,1,3,19115190,8388608,1,33556291,8388609,0,0,0,0,0,0,0,0,0.473129,99.9893,8388608,0,461381568,8388608,83886080,159383552,16777216,25165824,0,0,1,6,0,15.6167,1024,0,0,0,40
mtran,38159,4194304,64,4,1,0,0,16,4,16,16,0,2,22210399,8388608,1,33556763,8388609,0,0,0,0,0,0,0,0,0.48204,99.9866,0,0,192937984,4194304,83886080,54525952,0,10878976,0,0,1,4,0,9.37058,1024,0,0,0,32
mtran,20590,4194304,64,4,1,0,0,16,4,16,16,1,3,17578432,8388608,1,33556471,8388609,0,0,0,0,0,0,0,0,0.474462,99.9831,4194304,0,230694848,4194304,83886080,58720256,8388608,12976128,0,0,1,6,0,13.8831,1024,0,0,0,40
mtran,39488,2097152,64,4,1,0,0,16,4,16,32,0,2,23895743,8388608,1,33556565,8388609,0,0,0,0,0,0,0,0,0.484704,99.9828,0,0,144703488,4194304,83886080,29360128,0,8388608,0,0,1,4,0,8.96399,1024,0,0,0,32
mtran,23740,2097152,64,4,1,0,0,16,4,16,32,1,3,23238261,8388608,1,33556319,8388609,0,0,0,0,0,0,0,0,0.479611,99.9725,2097152,0,161488832,4194304,83886080,31457280,4194304,9371648,0,0,1,5,0,12.7811,1024,0,0,0,40
mtran,34344,1048576,64,4,1,0,0,16,4,16,64,0,2,22668378,8388608,1,33556643,8388609,0,0,0,0,0,0,0,0,0.487262,99.8999,0,0,118489088,4194304,83886080,16777216,0,7077888,0,0,1,4,0,9.56752,1024,0,0,0,32
mtran,25226,1048576,64,4,1,0,0,16,4,16,64,1,3,25227096,8388608,1,33556231,8388609,0,0,0,0,0,0,0,0,0.484974,99.9316,1048576,0,124788672,4194304,83886080,17825792,2097152,7503872,0,0,1,5,0,12.1954,1024,0,0,0,40
mtran,30213,16777216,128,4,1,0,0,16,8,16,8,0,2,15418313,8388608,1,33556367,8388609,0,0,0,0,0,0,0,0,0.861014,99.9908,0,0,335544320,16777216,83886080,150994944,0,18350080,0,0,1,5,0,11.7468,1024,0,0,0,18
mtran,13856,16777216,128,4,1,0,0,16,8,16,8,1,3,10512777,8388608,1,33557047,8388609,0,0,0,0,0,0,0,0,0.864276,99.9715,16777216,0,486555520,16777216,83886080,167772160,33554432,26738688,0,0,1,6,0,18.0831,1024,0,0,0,18
mtran,38898,8388608,128,4,1,0,0,16,8,16,16,0,2,20744698,8388608,1,33556399,8388609,0,0,0,0,0,0,0,0,0.891958,99.9927,0,0,385875968,8388608,83886080,150994944,0,20971520,0,0,1,4,0,9.73341,1024,0,0,0,32
mtran,13589,8388608,128,4,1,0,0,16,8,16,16,1,3,10292988,8388608,1,33557151,8388609,0,0,0,0,0,0,0,0,0.682943,99.9751,8388608,0,461389696,8388608,83886080,159383552,16777216,25165824,0,0,1,6,0,17.9272,1024,0,0,0,40
mtran,39341,4194304,128,4,1,0,0,16,8,16,32,0,2,22680011,8388608,1,33557151,8388609,0,0,0,0,0,0,0,0,0.918412,99.9748,0,0,192937984,4194304,83886080,54525952,0,10878976,0,0,1,4,0,9.13529,1024,0,0,0,32
mtran,16576,4194304,128,4,1,0,0,16,8,16,32,1,3,12545820,8388608,1,33556767,8388609,0,0,0,0,0,0,0,0,0.683447,99.9607,4194304,0,230702976,4194304,83886080,58720256,8388608,12976128,0,0,1,6,0,14.9405,1024,0,0,0,40
mtran,36092,2097152,128,4,1,0,0,16,8,16,64,0,2,22318189,8388608,1,33557063,8388609,0,0,0,0,0,0,0,0,0.929936,99.9589,0,0,144703488,4194304,83886080,29360128,0,8388608,0,0,1,4,0,9.22327,1024,0,0,0,32
mtran,21073,2097152,128,4,1,0,0,16,8,16,64,1,3,18546144,8388608,1,33556891,8388609,0,0,0,0,0,0,0,0,0.69351,99.9564,2097152,0,161496960,4194304,83886080,31457280,4194304,9371648,0,0,1,6,0,13.2308,1024,0,0,0,40
mtran,25820,16777216,256,4,1,0,0,16,16,16,16,0,2,14422098,8388608,1,33556815,8388609,0,0,0,0,0,0,0,0,0.834494,99.9891,0,0,335544320,16777216,83886080,150994944,0,18350080,0,0,1,5,0,12.8326,1024,0,0,0,18
mtran,9907,16777216,256,4,1,0,0,16,16,16,16,1,3,8701789,8388608,2,33558051,8388609,0,0,0,0,0,0,0,0,0.831192,99.978,16777216,0,486571776,16777216,83886080,167772160,33554432,26738688,0,0,1,6,0,19.1853,1024,0,0,0,18
mtran,33289,8388608,256,4,1,0,0,16,16,16,32,0,2,18195492,8388608,1,33556607,8388609,0,0,0,0,0,0,0,0,0.888331,99.975,0,0,385875968,8388608,83886080,150994944,0,20971520,0,0,1,4,0,10.7217,1024,0,0,0,32
mtran,10212,8388608,256,4,1,0,0,16,16,16,32,1,3,8727229,8388608,2,33558183,8388609,0,0,0,0,0,0,0,0,0.642759,99.9568,8388608,0,461405952,8388608,83886080,159383552,16777216,25165824,0,0,1,6,0,18.6834,1024,0,0,0,40
mtran,32836,4194304,256,4,1,0,0,16,16,16,64,0,2,17795113,8388608,1,33557223,8388609,0,0,0,0,0,0,0,0,0.896806,99.9707,0,0,188743680,4194304,83886080,58720256,0,10878976,0,0,1,4,0,10.4811,1024,0,0,0,32
mtran,12210,4194304,256,4,1,0,0,16,16,16,64,1,3,9998800,8388608,1,33557807,8388609,0,0,0,0,0,0,0,0,0.645822,99.9372,4194304,0,226524928,4194304,83886080,62914560,8388608,12976128,0,0,1,6,0,15.6771,1024,0,0,0,40
mtran,17696,16777216,512,4,1,0,0,16,32,16,32,0,2,10268342,8388608,1,33557711,8388609,0,0,0,0,0,0,0,0,0.806504,99.983,0,0,335544320,16777216,83886080,150994944,0,18350080,0,0,1,6,0,15.7423,1024,0,0,0,18
mtran,9289,16777216,512,4,1,0,0,16,32,16,32,1,4,8654197,8388608,2,33558895,8388609,0,0,0,0,0,0,0,0,0.839339,99.9591,16777216,0,486604288,16777216,83886080,167772160,33554432,26738688,0,0,1,6,0,19.2522,1024,0,0,0,18
mtran,19183,8388608,512,4,1,0,0,16,32,16,64,0,2,10282144,8388608,1,33557639,8388609,0,0,0,0,0,0,0,0,0.845368,99.9739,0,0,385875968,8388608,83886080,150994944,0,20971520,0,0,1,6,0,14.7271,1024,0,0,0,32
mtran,9445,8388608,512,4,1,0,0,16,32,16,64,1,4,8694231,8388608,2,33558891,8388609,0,0,0,0,0,0,0,0,0.651991,99.9585,8388608,0,461438464,8388608,83886080,159383552,16777216,25165824,0,0,1,6,0,18.525,1024,0,0,0,40
mtran,12787,16777216,1024,4,1,0,0,16,64,16,64,0,3,8810777,8388608,1,33558471,8388609,0,0,0,0,0,0,0,0,0.852174,99.9217,0,0,335544320,16777216,83886080,150994944,0,18350080,0,0,1,6,0,16.6015,1024,0,0,0,18
mtran,9543,16777216,1024,4,1,0,0,16,64,16,64,1,3,8690631,8388608,2,33558751,8388609,0,0,0,0,0,0,0,0,0.828592,99.8778,16777216,0,486669312,16777216,83886080,167772160,33554432,26738688,0,0,1,6,0,18.4092,1024,0,0,0,18
