Kernel name,Computation duration (us),Global size,Local size,MWG,NWG,KWG,MDIMC,NDIMC,MDIMA,NDIMB,KWI,VWM,VWN,STRM,STRN,SA,SB,PRECISION,dram_utilization,dram_read_transactions,dram_write_transactions,l2_utilization,l2_read_transactions,l2_write_transactions,tex_utilization,tex_cache_transactions,local_memory_overhead,shared_utilization,shared_efficiency,shared_load_transactions,shared_store_transactions,local_load_transactions,local_store_transactions,achieved_occupancy,sm_efficiency,inst_fp_16,inst_fp_32,inst_fp_64,inst_integer,inst_control,inst_compute_ld_st,inst_misc,inst_bit_convert,inst_executed,half_precision_fu_utilization,single_precision_fu_utilization,flop_sp_efficiency,double_precision_fu_utilization,flop_dp_efficiency,special_fu_utilization,cf_fu_utilization,ldst_fu_utilization,tex_fu_utilization,issue_slot_utilization,warp_execution_efficiency,warp_nonpred_execution_efficiency,Maximum work-group size,Local memory size,Private memory size,Constant memory size,Registers count
gemm_fast,3377,16384,64,16,16,32,8,8,8,8,2,1,1,0,0,0,0,32,1,2110799,5116,4,12583380,16649,9,33554432,0,0,0,0,0,0,0,0.507967,99.1747,0,268435456,0,581238784,4194304,268500992,69484544,0,37312000,0,4,10.9926,0,0,0,1,1,9,39.0835,100,99.8216,1024,0,0,0,32
gemm_fast,823,16384,64,16,16,32,8,8,8,8,2,1,1,0,0,0,1,32,4,2108275,7405,4,12582960,16395,6,18874368,0,2,33.3333,2097152,1048576,0,0,0.513174,97.532,0,268435456,0,398786560,2097152,230752256,84148224,0,30757888,0,3,11.4607,0,0,0,1,1,6,36.8396,100,99.9967,1024,2048,0,0,38
gemm_fast,838,16384,64,16,16,32,8,8,8,8,2,1,1,0,0,1,0,32,4,2110037,8233,2,8388836,16395,5,18874368,0,3,30,4194304,1048576,0,0,0.512193,98.8687,0,268435456,0,434438144,2097152,230752256,90488832,0,32070144,0,3,9.95646,0,0,0,1,1,5,32.7561,100,99.9968,1024,2048,0,0,32
gemm_fast,500,16384,64,16,16,32,8,8,8,8,2,1,1,0,0,1,1,32,6,2108235,8219,3,8388656,16395,2,4194304,0,6,31.25,6291456,2097152,0,0,0.514286,96.9527,0,268435456,0,247808000,2097152,188809216,17039360,0,22631936,0,3,14.9677,0,0,0,1,2,2,32.6003,100,99.9955,1024,4096,0,0,32
gemm_fast,1024,16384,64,16,16,32,8,8,8,8,2,1,2,0,0,0,0,32,3,2110291,8215,2,10485808,16395,6,33554432,0,0,0,0,0,0,0,0.510129,97.1029,0,268435456,0,375717888,2097152,201392128,82051072,0,29053952,0,2,7.00262,0,0,0,1,1,5,20.1892,100,99.9965,1024,0,0,0,32
gemm_fast,632,16384,64,16,16,32,8,8,8,8,2,1,2,0,0,0,1,32,5,2105899,7975,3,10485808,16395,6,18874368,0,2,33.3333,2097152,1048576,0,0,0.517029,98.9168,0,268435456,0,306544640,2097152,222363648,82083840,0,27548672,0,3,11.4863,0,0,0,1,1,5,30.8727,100,99.9963,1024,2048,0,0,40
gemm_fast,499,16384,64,16,16,32,8,8,8,8,2,1,2,0,0,1,0,32,6,2105351,8219,3,6291616,16395,7,18874368,0,4,30,4194304,1048576,0,0,0.522982,97.6722,0,268435456,0,325419008,2097152,163643392,71581696,0,25975296,0,4,14.7876,0,0,0,1,1,4,40.3708,100,99.9961,1024,2048,0,0,38
gemm_fast,412,16384,64,16,16,32,8,8,8,8,2,1,2,0,0,1,1,32,7,2105971,8207,3,6291520,16395,2,4194304,0,8,31.25,6291456,2097152,0,0,0.516392,97.1612,0,268435456,0,249921536,2097152,180420608,19136512,0,22501376,0,4,18.0793,0,0,0,1,3,2,39.5849,100,99.9954,1024,4096,0,0,32
gemm_fast,1040,16384,64,16,16,32,8,8,8,8,2,2,1,0,0,0,0,32,3,2109691,8215,2,8388776,8203,6,33554432,0,0,0,0,0,0,0,0.509685,98.2682,0,268435456,0,560300032,2097152,201359360,63242240,0,34233344,0,3,7.01328,0,0,0,1,1,5,25.1079,100,99.997,1024,0,0,0,40
gemm_fast,510,16384,64,16,16,32,8,8,8,8,2,2,1,0,0,0,1,32,6,2108123,8215,3,8388656,8203,7,18874368,0,3,33.3333,2097152,1048576,0,0,0.516826,98.8123,0,268435456,0,398802944,2097152,163610624,71581696,0,28267520,0,4,15.2233,0,0,0,1,2,4,46.2556,100,99.9964,1024,2048,0,0,34
gemm_fast,749,16384,64,16,16,32,8,8,8,8,2,2,1,0,0,1,0,32,4,2109351,8195,2,6291520,8283,5,18874368,0,3,30,4194304,1048576,0,0,0.512644,96.3431,0,268435456,0,400883712,2097152,222330880,80019456,0,30431232,0,3,9.80129,0,0,0,1,1,5,31.3395,100,99.9966,1024,2048,0,0,40
gemm_fast,433,16384,64,16,16,32,8,8,8,8,2,2,1,0,0,1,1,32,7,2105371,8103,3,6291512,8203,2,4194304,0,8,31.25,6291456,2097152,0,0,0.516504,99.1679,0,268435456,0,224739328,2097152,180387840,17055744,0,21648384,0,4,17.8558,0,0,0,1,3,2,36.0537,100,99.9953,1024,4096,0,0,32
gemm_fast,756,16384,64,16,16,32,8,8,8,8,2,2,2,0,0,0,0,32,4,2105591,7963,2,6291504,8203,8,33554432,0,0,0,0,0,0,0,0.524217,98.4455,0,268435456,0,361054208,2097152,134250496,65290240,0,25973760,0,3,9.58419,0,0,0,1,1,4,25.5051,100,99.9961,1024,0,0,0,32
gemm_fast,475,16384,64,16,16,32,8,8,8,8,2,2,2,0,0,0,1,32,6,2105411,8355,3,6291504,8203,8,18874368,0,3,33.3333,2097152,1048576,0,0,0.527436,99.573,0,268435456,0,291864576,2097152,155222016,67403776,0,24532992,0,4,15.7401,0,0,0,1,2,4,39.9287,100,99.9958,1024,2048,0,0,40
gemm_fast,484,16384,64,16,16,32,8,8,8,8,2,2,2,0,0,1,0,32,6,2105391,7815,2,4194352,8203,7,18874368,0,4,30,4194304,1048576,0,0,0.52226,98.3841,0,268435456,0,289767424,2097152,155222016,69500928,0,24532992,0,4,15.4235,0,0,0,1,2,4,40.4557,100,99.9958,1024,2048,0,0,40
gemm_fast,415,16384,64,16,16,32,8,8,8,8,2,2,2,0,0,1,1,32,7,2105351,7887,2,4194352,8203,2,4194304,0,8,31.25,6291456,2097152,0,0,0.521152,95.2459,0,268435456,0,203784192,2097152,171999232,19152896,0,20796928,0,4,18.6608,0,0,0,1,3,1,38.6195,100,99.9951,1024,4096,0,0,32
gemm_fast,1248,16384,64,16,16,32,8,8,8,16,2,1,1,0,0,0,0,32,3,2110191,8231,2,12583056,16395,5,33554432,0,0,0,0,0,0,0,0.510927,98.0029,0,268435456,0,581238784,4194304,268500992,69484544,0,37312000,0,2,5.84241,0,0,0,1,1,5,21.0209,100,99.8216,1024,0,0,0,32
gemm_fast,660,16384,64,16,16,32,8,8,8,16,2,1,1,0,0,0,1,32,5,2109635,8215,3,10485808,16395,6,18874368,0,2,33.3333,2097152,1048576,0,0,0.511349,91.6864,0,268435456,0,415563776,2097152,239140864,92585984,0,31808000,0,4,11.4271,0,0,0,1,1,6,40.6366,100,99.9968,1024,2048,0,0,32
gemm_fast,790,16384,64,16,16,32,8,8,8,16,2,1,1,0,0,1,0,32,4,2110159,8215,2,8388656,16395,5,18874368,0,3,30,4194304,1048576,0,0,0.511437,97.4556,0,268435456,0,434438144,2097152,230752256,90488832,0,32070144,0,3,9.25388,0,0,0,1,1,5,30.8855,100,99.9968,1024,2048,0,0,32
gemm_fast,379,16384,64,16,16,32,8,8,8,16,2,1,1,0,0,1,1,32,7,2105799,8071,3,6291968,16395,2,4194304,0,8,31.25,6291456,2097152,0,0,0.513303,97.2964,0,268435456,0,279265280,2097152,197197824,19136512,0,23942656,0,5,19.6333,0,0,0,1,3,3,44.6603,100,99.9957,1024,4096,0,0,32
gemm_fast,1038,16384,64,16,16,32,8,8,8,16,2,2,1,0,0,0,0,32,3,2109771,8215,2,8388664,8203,6,33554432,0,0,0,0,0,0,0,0.510151,97.2906,0,268435456,0,560300032,2097152,201359360,63242240,0,34233344,0,3,6.98147,0,0,0,1,1,5,25.2451,100,99.997,1024,0,0,0,40
gemm_fast,434,16384,64,16,16,32,8,8,8,16,2,2,1,0,0,0,1,32,7,2109151,8215,3,6291504,8203,8,18874368,0,3,33.3333,2097152,1048576,0,0,0.514059,98.4801,0,268435456,0,413483008,2097152,171999232,75776000,0,29119488,0,5,17.2425,0,0,0,1,2,5,54.4827,100,99.9965,1024,2048,0,0,34
gemm_fast,743,16384,64,16,16,32,8,8,8,16,2,2,1,0,0,1,0,32,4,2109391,8239,2,6291504,8203,5,18874368,0,3,30,4194304,1048576,0,0,0.513564,96.7034,0,268435456,0,400883712,2097152,222330880,80019456,0,30431232,0,3,9.79203,0,0,0,1,1,5,31.1937,100,99.9966,1024,2048,0,0,40
gemm_fast,359,16384,64,16,16,32,8,8,8,16,2,2,1,0,0,1,1,32,8,2108943,8215,2,4194352,8203,3,4194304,0,9,31.25,6291456,2097152,0,0,0.50956,97.3242,0,268435456,0,245710848,2097152,188776448,25427968,0,22827520,0,5,21.1173,0,0,0,1,3,2,45.9883,100,99.9955,1024,4096,0,0,32
gemm_fast,1262,16384,64,16,16,32,8,8,16,8,2,1,1,0,0,0,0,32,3,2110223,8215,2,12582984,16395,5,33554432,0,0,0,0,0,0,0,0.511066,97.4495,0,268435456,0,581238784,4194304,268500992,69484544,0,37312000,0,2,5.86298,0,0,0,1,1,5,21.2146,100,99.8216,1024,0,0,0,32
gemm_fast,708,16384,64,16,16,32,8,8,16,8,2,1,1,0,0,0,1,32,4,2109223,8215,3,12582984,16395,5,18874368,0,2,33.3333,2097152,1048576,0,0,0.513256,94.5365,0,268435456,0,398786560,2097152,230752256,84148224,0,30757888,0,3,10.2941,0,0,0,1,1,5,34.1381,100,99.9967,1024,2048,0,0,38
gemm_fast,768,16384,64,16,16,32,8,8,16,8,2,1,1,0,0,1,0,32,4,2109899,8215,2,6291504,16395,5,18874368,0,3,30,4194304,1048576,0,0,0.511566,96.9256,0,268435456,0,417660928,2097152,239140864,98877440,0,32070144,0,3,9.63404,0,0,0,1,1,5,32.3302,100,99.9968,1024,2048,0,0,32
gemm_fast,355,16384,64,16,16,32,8,8,16,8,2,1,1,0,0,1,1,32,8,2109179,8215,4,6291504,16475,3,4194304,0,9,31.25,6291456,2097152,0,0,0.510395,98.9706,0,268435456,0,247808000,2097152,197197824,25427968,0,23156224,0,5,21.5237,0,0,0,1,3,3,46.0936,100,99.9956,1024,4096,0,0,32
gemm_fast,1058,16384,64,16,16,32,8,8,16,8,2,1,2,0,0,0,0,32,3,2110695,8215,2,10485992,16395,6,33554432,0,0,0,0,0,0,0,0.509261,97.8178,0,268435456,0,375717888,2097152,201392128,82051072,0,29053952,0,2,6.98635,0,0,0,1,1,5,19.9951,100,99.9965,1024,0,0,0,32
gemm_fast,630,16384,64,16,16,32,8,8,16,8,2,1,2,0,0,0,1,32,5,2111283,9019,3,10485816,16395,6,18874368,0,2,33.3333,2097152,1048576,0,0,0.520946,93.2795,0,268435456,0,306544640,2097152,222363648,82083840,0,27548672,0,3,11.4883,0,0,0,1,1,6,32.7443,100,99.9963,1024,2048,0,0,40
gemm_fast,448,16384,64,16,16,32,8,8,16,8,2,1,2,0,0,1,0,32,6,2105351,8271,2,4194368,16395,8,18874368,0,5,30,4194304,1048576,0,0,0.522853,96.9933,0,268435456,0,306544640,2097152,172032000,77873152,0,25844224,0,4,16.8302,0,0,0,1,2,5,46.5398,100,99.996,1024,2048,0,0,38
gemm_fast,358,16384,64,16,16,32,8,8,16,8,2,1,2,0,0,1,1,32,8,2108043,8219,3,4194352,16395,3,4194304,0,9,31.25,6291456,2097152,0,0,0.515039,98.9602,0,268435456,0,237338624,2097152,188809216,25427968,0,22566912,0,5,21.3045,0,0,0,1,3,2,45.7985,100,99.9955,1024,4096,0,0,32
gemm_fast,1272,16384,64,16,16,32,8,8,16,16,2,1,1,0,0,0,0,32,3,2110311,8215,2,12582960,16395,5,33554432,0,0,0,0,0,0,0,0.510761,97.3535,0,268435456,0,581238784,4194304,268500992,69484544,0,37312000,0,2,5.83132,0,0,0,1,1,5,21.1209,100,99.8216,1024,0,0,0,32
gemm_fast,627,16384,64,16,16,32,8,8,16,16,2,1,1,0,0,0,1,32,5,2109491,8215,3,10485808,16395,6,18874368,0,2,33.3333,2097152,1048576,0,0,0.511474,94.7495,0,268435456,0,415563776,2097152,239140864,92585984,0,31808000,0,4,11.7927,0,0,0,1,1,6,40.5805,100,99.9968,1024,2048,0,0,32
gemm_fast,775,16384,64,16,16,32,8,8,16,16,2,1,1,0,0,1,0,32,4,2109759,8215,2,6291504,16395,5,18874368,0,3,30,4194304,1048576,0,0,0.511207,97.8359,0,268435456,0,417660928,2097152,239140864,98877440,0,32070144,0,3,9.54683,0,0,0,1,1,5,31.7391,100,99.9968,1024,2048,0,0,32
gemm_fast,420,16384,64,16,16,32,8,8,16,16,2,1,1,0,0,1,1,32,7,2106043,8683,2,4194536,16395,2,4194304,0,7,31.25,6291456,2097152,0,0,0.50456,97.6026,0,268435456,0,247808000,2097152,205586432,31703040,0,23614464,0,4,17.418,0,0,0,1,3,2,38.9381,100,99.9957,1024,4096,0,0,32
gemm_fast,1744,32768,128,16,16,32,8,16,8,8,2,1,1,0,0,0,0,32,2,2142579,8215,2,20971800,16395,6,50331648,0,0,0,0,0,0,0,0.927246,90.1363,0,268435456,0,742817792,4194304,402718720,147292160,0,48922624,0,2,4.23145,0,0,0,1,1,6,21.5813,100,99.9958,1024,0,0,0,32
gemm_fast,1273,32768,128,16,16,32,8,16,8,8,2,1,1,0,0,0,1,32,3,2113543,8215,3,20971568,16395,5,35651584,0,2,20,4194304,1048576,0,0,0.913007,86.1233,0,268435456,0,608600064,4194304,436273152,147324928,0,45777920,0,3,5.56847,0,0,0,1,1,6,28.3123,100,99.9955,1024,2048,0,0,32
gemm_fast,820,32768,128,16,16,32,8,16,8,8,2,1,1,0,0,1,0,32,4,2117867,8011,2,8388656,16395,5,18874368,0,5,27.7778,8388608,1048576,0,0,0.660665,87.8843,0,268435456,0,575045632,4194304,302055424,109543424,0,39354368,0,4,9.511,0,0,0,1,2,5,41.1316,100,99.9948,1024,2048,0,0,40
gemm_fast,617,32768,128,16,16,32,8,16,8,8,2,1,1,0,0,1,1,32,5,2113647,8215,3,8388656,16395,2,4194304,0,9,25,12582912,2097152,0,0,0.854587,96.7514,0,268435456,0,356941824,4194304,327221248,17268736,0,30441472,0,3,11.9649,0,0,0,1,3,2,31.9285,100,99.9933,1024,4096,0,0,30
gemm_fast,1481,32768,128,16,16,32,8,16,8,8,2,2,1,0,0,0,0,32,2,2117289,8391,2,12582960,8203,7,50331648,0,0,0,0,0,0,0,0.695579,76.7724,0,268435456,0,713457664,4194304,268468224,113770496,0,42762240,0,3,5.02637,0,0,0,1,1,6,27.5388,100,99.9952,1024,0,0,0,40
gemm_fast,1006,32768,128,16,16,32,8,16,8,8,2,2,1,0,0,0,1,32,3,2119239,8055,3,12582960,8203,7,35651584,0,2,20,4194304,1048576,0,0,0.719197,72.2646,0,268435456,0,566689792,4194304,302022656,122126336,0,39485440,0,4,7.15313,0,0,0,1,2,5,39.6284,100,99.9948,1024,2048,0,0,40
gemm_fast,823,32768,128,16,16,32,8,16,8,8,2,2,1,0,0,1,0,32,4,2122187,7715,2,6291760,8283,5,18874368,0,5,27.7778,8388608,1048576,0,0,0.66558,80.1855,0,268435456,0,575111168,4194304,293634048,122159104,0,39487488,0,4,9.32676,0,0,0,1,2,5,45.2969,100,99.9948,1024,2048,0,0,38
gemm_fast,615,32768,128,16,16,32,8,16,8,8,2,2,1,0,0,1,1,32,5,2113699,8215,2,6291528,8203,2,4194304,0,9,25,12582912,2097152,0,0,0.849676,97.4878,0,268435456,0,356941824,4227072,318799872,17104896,0,30174208,0,3,12.0959,0,0,0,1,3,1,32.4132,100,99.9932,1024,4096,0,0,28
gemm_fast,1789,32768,128,16,16,32,8,16,8,16,2,1,1,0,0,0,0,32,2,2151176,8215,2,20971584,16395,6,50331648,0,0,0,0,0,0,0,0.92817,89.7842,0,268435456,0,742817792,4194304,402718720,147292160,0,48922624,0,2,4.2329,0,0,0,1,1,6,21.6734,100,99.9958,1024,0,0,0,32
gemm_fast,1188,32768,128,16,16,32,8,16,8,16,2,1,1,0,0,0,1,32,3,2113543,8215,3,18874512,16395,6,35651584,0,2,20,4194304,1048576,0,0,0.939519,86.9666,0,268435456,0,604405760,4194304,444661760,159907840,0,46302208,0,3,6.28165,0,0,0,1,1,7,32.53,100,99.9956,1024,2048,0,0,32
gemm_fast,826,32768,128,16,16,32,8,16,8,16,2,1,1,0,0,1,0,32,4,2123295,8119,2,8388656,16395,4,18874368,0,4,27.7778,8388608,1048576,0,0,0.659617,78.5644,0,268435456,0,575045632,4194304,302055424,109543424,0,39354368,0,4,8.48469,0,0,0,1,2,5,41.0458,100,99.9948,1024,2048,0,0,40
gemm_fast,615,32768,128,16,16,32,8,16,8,16,2,1,1,0,0,1,1,32,5,2115887,8215,2,6291552,16395,2,4194304,0,9,25,12582912,2097152,0,0,0.851019,97.0399,0,268435456,0,377913344,4194304,335609856,25657344,0,31621120,0,4,12.0466,0,0,0,1,3,2,34.1849,100,99.9935,1024,4096,0,0,31
gemm_fast,1462,32768,128,16,16,32,8,16,8,16,2,2,1,0,0,0,0,32,2,2126775,8795,2,12582960,8283,7,50331648,0,0,0,0,0,0,0,0.692902,78.8715,0,268435456,0,713457664,4194304,268468224,113770496,0,42762240,0,3,5.186,0,0,0,1,1,6,27.6572,100,99.9952,1024,0,0,0,40
gemm_fast,950,32768,128,16,16,32,8,16,8,16,2,2,1,0,0,0,1,32,3,2121223,8247,2,10485896,8203,7,35651584,0,2,20,4194304,1048576,0,0,0.716008,75.4774,0,268435456,0,562495488,4194304,310411264,130514944,0,39878656,0,4,7.79499,0,0,0,1,2,5,41.8302,100,99.9949,1024,2048,0,0,40
gemm_fast,802,32768,128,16,16,32,8,16,8,16,2,2,1,0,0,1,0,32,4,2121399,8119,2,6291504,8203,5,18874368,0,5,27.7778,8388608,1048576,0,0,0.642903,80.4369,0,268435456,0,575111168,4194304,293634048,122159104,0,39487488,0,4,9.0725,0,0,0,1,2,5,43.9243,100,99.9948,1024,2048,0,0,38
gemm_fast,609,32768,128,16,16,32,8,16,8,16,2,2,1,0,0,1,1,32,5,2114495,8231,2,4194352,8203,2,4194304,0,9,25,12582912,2097152,0,0,0.863252,96.4111,0,268435456,0,369524736,4227072,327188480,25493504,0,31091712,0,4,12.1993,0,0,0,1,3,1,34.6369,100,99.9934,1024,4096,0,0,29
gemm_fast,1741,32768,128,16,16,32,8,16,16,8,2,1,1,0,0,0,0,32,2,2153016,8215,2,20971568,16395,6,50331648,0,0,0,0,0,0,0,0.898385,92.6209,0,268435456,0,742817792,4194304,402718720,147292160,0,48922624,0,2,4.22425,0,0,0,1,1,6,20.9667,100,99.9958,1024,0,0,0,32
gemm_fast,1356,32768,128,16,16,32,8,16,16,8,2,1,1,0,0,0,1,32,2,2113543,8215,3,20971568,16395,5,35651584,0,2,20,4194304,1048576,0,0,0.877249,89.5538,0,268435456,0,608600064,4194304,436273152,147324928,0,45777920,0,3,5.7506,0,0,0,1,1,6,28.1183,100,99.9955,1024,2048,0,0,32
gemm_fast,778,32768,128,16,16,32,8,16,16,8,2,1,1,0,0,1,0,32,4,2121323,8019,2,6292544,16395,5,18874368,0,5,27.7778,8388608,1048576,0,0,0.644258,84.2724,0,268435456,0,570851328,4194304,310444032,122126336,0,39878656,0,4,9.52072,0,0,0,1,2,6,43.9973,100,99.9949,1024,2048,0,0,40
gemm_fast,616,32768,128,16,16,32,8,16,16,8,2,1,1,0,0,1,1,32,5,2113711,8215,2,6291512,16395,2,4194304,0,9,25,12582912,2097152,0,0,0.864197,96.193,0,268435456,0,382107648,4194304,335609856,25624576,0,31751168,0,4,12.173,0,0,0,1,3,2,35.2417,100,99.9935,1024,4096,0,0,30
gemm_fast,1786,32768,128,16,16,32,8,16,16,16,2,1,1,0,0,0,0,32,2,2151867,8215,2,20971568,16395,6,50331648,0,0,0,0,0,0,0,0.908886,92.2407,0,268435456,0,742817792,4194304,402718720,147292160,0,48922624,0,2,4.24131,0,0,0,1,1,6,21.1381,100,99.9958,1024,0,0,0,32
gemm_fast,1191,32768,128,16,16,32,8,16,16,16,2,1,1,0,0,0,1,32,3,2113543,8215,3,18874416,16395,6,35651584,0,2,20,4194304,1048576,0,0,0.920302,86.4283,0,268435456,0,604405760,4194304,444661760,159907840,0,46302208,0,3,6.28742,0,0,0,1,1,7,32.7625,100,99.9956,1024,2048,0,0,32
gemm_fast,778,32768,128,16,16,32,8,16,16,16,2,1,1,0,0,1,0,32,4,2119987,8371,2,6291504,16395,5,18874368,0,5,27.7778,8388608,1048576,0,0,0.660957,81.8133,0,268435456,0,570851328,4194304,310444032,122126336,0,39878656,0,4,9.2001,0,0,0,1,2,6,43.7935,100,99.9949,1024,2048,0,0,40
gemm_fast,622,32768,128,16,16,32,8,16,16,16,2,1,1,0,0,1,1,32,5,2113799,8215,2,4194352,16395,2,4194304,0,9,25,12582912,2097152,0,0,0.855437,94.9958,0,268435456,0,344358912,4194304,343998464,34013184,0,31095808,0,3,11.9201,0,0,0,1,4,2,33.5719,100,99.9934,1024,4096,0,0,30
gemm_fast,1674,32768,128,16,16,32,16,8,8,8,2,1,1,0,0,0,0,32,2,2118686,8231,2,16777384,8203,6,50331648,0,0,0,0,0,0,0,0.936876,88.37,0,268435456,0,743047168,4194304,402718720,130514944,0,48405504,0,2,4.39078,0,0,0,1,1,6,22.7698,100,99.9958,1024,0,0,0,32
gemm_fast,730,32768,128,16,16,32,16,8,8,8,2,1,1,0,0,0,1,32,4,2113543,8215,3,12582976,8203,5,18874368,0,3,20,4194304,1048576,0,0,0.852086,90.2533,0,268435456,0,583663616,4194304,302055424,117932032,0,39885824,0,4,10.1961,0,0,0,1,2,6,45.4196,100,99.9949,1024,2048,0,0,32
gemm_fast,1415,32768,128,16,16,32,16,8,8,8,2,1,1,0,0,1,0,32,2,2113543,8215,2,12582960,8203,5,35651584,0,2,50,4194304,1048576,0,0,0.898726,84.2756,0,268435456,0,608829440,4194304,436273152,143196160,0,45656064,0,2,5.05923,0,0,0,1,1,6,25.4486,100,99.9955,1024,2048,0,0,32
gemm_fast,510,32768,128,16,16,32,16,8,8,8,2,1,1,0,0,1,1,32,6,2114095,8215,3,8388888,8203,2,4194304,0,8,35,8388608,2097152,0,0,0.851838,94.0808,0,268435456,0,361365504,4194304,327221248,17334272,0,30581760,0,4,15.2117,0,0,0,1,4,2,42.5204,100,99.9933,1024,4096,0,0,32
gemm_fast,1422,32768,128,16,16,32,16,8,8,8,2,1,2,0,0,0,0,32,2,2124815,8215,2,12583008,8203,7,50331648,0,0,0,0,0,0,0,0.666559,77.5925,0,268435456,0,713719808,4194304,268500992,113770496,0,42771456,0,3,5.1825,0,0,0,1,1,6,27.3743,100,99.9952,1024,0,0,0,40
gemm_fast,671,32768,128,16,16,32,16,8,8,8,2,1,2,0,0,0,1,32,4,2113687,8215,3,10486416,8203,5,18874368,0,3,20,4194304,1048576,0,0,0.79923,93.7879,0,268435456,0,575307776,4194304,293666816,113704960,0,39230464,0,4,11.0553,0,0,0,1,2,6,47.0173,100,99.9948,1024,2048,0,0,32
gemm_fast,1007,32768,128,16,16,32,16,8,8,8,2,1,2,0,0,1,0,32,3,2119371,7891,2,8388808,8203,7,35651584,0,2,50,4194304,1048576,0,0,0.676444,75.9371,0,268435456,0,571146240,4194304,302055424,134643712,0,40016896,0,4,7.34511,0,0,0,1,2,5,39.4879,100,99.9949,1024,2048,0,0,40
gemm_fast,477,32768,128,16,16,32,16,8,8,8,2,1,2,0,0,1,1,32,6,2115235,8215,3,6291504,8203,2,4194304,0,8,35,8388608,2097152,0,0,0.821617,95.1918,0,268435456,0,424312832,4194304,318832640,17301504,0,32285696,0,5,15.6344,0,0,0,1,4,2,46.7865,100,99.9937,1024,4096,0,0,30
gemm_fast,1668,32768,128,16,16,32,16,8,8,16,2,1,1,0,0,0,0,32,2,2118351,8215,2,16777264,8203,6,50331648,0,0,0,0,0,0,0,0.936854,89.0634,0,268435456,0,743047168,4194304,402718720,130514944,0,48405504,0,2,4.41565,0,0,0,1,1,6,22.7206,100,99.9958,1024,0,0,0,32
gemm_fast,665,32768,128,16,16,32,16,8,8,16,2,1,1,0,0,0,1,32,4,2113547,8215,3,10485808,8203,6,18874368,0,3,20,4194304,1048576,0,0,0.799907,96.5904,0,268435456,0,562692096,4194304,310444032,130449408,0,39883776,0,4,11.2272,0,0,0,1,2,6,45.8153,100,99.9949,1024,2048,0,0,32
gemm_fast,1462,32768,128,16,16,32,16,8,8,16,2,1,1,0,0,1,0,32,2,2113543,8231,2,12583112,8203,5,35651584,0,2,50,4194304,1048576,0,0,0.927215,84.0747,0,268435456,0,608829440,4194304,436273152,143196160,0,45656064,0,3,5.18462,0,0,0,1,1,6,26.1417,100,99.9955,1024,2048,0,0,32
gemm_fast,480,32768,128,16,16,32,16,8,8,16,2,1,1,0,0,1,1,32,6,2113635,8215,3,6291504,8203,2,4194304,0,8,35,8388608,2097152,0,0,0.816123,96.4743,0,268435456,0,394919936,4194304,335609856,25722880,0,32154624,0,5,15.7823,0,0,0,1,4,2,46.3439,100,99.9936,1024,4096,0,0,32
gemm_fast,1720,32768,128,16,16,32,16,8,16,8,2,1,1,0,0,0,0,32,2,2117565,8215,2,16777344,8203,6,50331648,0,0,0,0,0,0,0,0.905379,91.541,0,268435456,0,743047168,4194304,402718720,130514944,0,48405504,0,2,4.39791,0,0,0,1,1,6,22.0168,100,99.9958,1024,0,0,0,32
gemm_fast,734,32768,128,16,16,32,16,8,16,8,2,1,1,0,0,0,1,32,4,2113543,8215,3,12582960,8203,5,18874368,0,3,20,4194304,1048576,0,0,0.852523,90.4451,0,268435456,0,583663616,4194304,302055424,117932032,0,39885824,0,4,10.2234,0,0,0,1,2,6,45.4446,100,99.9949,1024,2048,0,0,32
gemm_fast,1353,32768,128,16,16,32,16,8,16,8,2,1,1,0,0,1,0,32,2,2113543,8215,2,10485808,8203,5,35651584,0,2,50,4194304,1048576,0,0,0.897958,83.2927,0,268435456,0,613023744,4194304,444661760,159973376,0,46573568,0,3,5.23326,0,0,0,1,1,6,27.0274,100,99.9956,1024,2048,0,0,32
gemm_fast,471,32768,128,16,16,32,16,8,16,8,2,1,1,0,0,1,1,32,6,2118559,8215,3,6291504,8203,2,4194304,0,9,35,8388608,2097152,0,0,0.808313,97.471,0,268435456,0,390725632,4194304,335609856,25657344,0,32021504,0,5,16.1607,0,0,0,1,4,2,46.1905,100,99.9936,1024,4096,0,0,32
gemm_fast,1369,32768,128,16,16,32,16,8,16,8,2,1,2,0,0,0,0,32,2,2119431,8567,2,12582960,8203,7,50331648,0,0,0,0,0,0,0,0.688464,79.6825,0,268435456,0,713719808,4194304,268500992,113770496,0,42771456,0,3,5.43404,0,0,0,1,1,6,27.9502,100,99.9952,1024,0,0,0,40
gemm_fast,675,32768,128,16,16,32,16,8,16,8,2,1,2,0,0,0,1,32,4,2113871,8215,3,10485808,8283,5,18874368,0,3,20,4194304,1048576,0,0,0.783405,96.3503,0,268435456,0,575307776,4194304,293666816,113704960,0,39230464,0,4,11.0686,0,0,0,1,2,5,45.8221,100,99.9948,1024,2048,0,0,32
gemm_fast,915,32768,128,16,16,32,16,8,16,8,2,1,2,0,0,1,0,32,3,2115103,7851,2,6291504,8203,8,35651584,0,3,50,4194304,1048576,0,0,0.62646,86.9993,0,268435456,0,566951936,4194304,310444032,143032320,0,40410112,0,4,8.48658,0,0,0,1,2,5,40.4331,100,99.9949,1024,2048,0,0,40
gemm_fast,470,32768,128,16,16,32,16,8,16,8,2,1,2,0,0,1,1,32,6,2117763,8215,2,4194352,8203,2,4194304,0,9,35,8388608,2097152,0,0,0.833182,94.3673,0,268435456,0,369786880,4194304,327221248,25624576,0,31104000,0,5,16.0384,0,0,0,1,4,2,46.5441,100,99.9934,1024,4096,0,0,30
gemm_fast,1679,32768,128,16,16,32,16,8,16,16,2,1,1,0,0,0,0,32,2,2117665,8215,2,16777400,8203,6,50331648,0,0,0,0,0,0,0,0.916135,90.564,0,268435456,0,743047168,4194304,402718720,130514944,0,48405504,0,2,4.4178,0,0,0,1,1,6,22.3549,100,99.9958,1024,0,0,0,32
gemm_fast,666,32768,128,16,16,32,16,8,16,16,2,1,1,0,0,0,1,32,4,2113543,8215,3,10485808,8203,6,18874368,0,3,20,4194304,1048576,0,0,0.840393,92.2334,0,268435456,0,562692096,4194304,310444032,130449408,0,39883776,0,4,11.2653,0,0,0,1,2,6,48.1424,100,99.9949,1024,2048,0,0,32
gemm_fast,1362,32768,128,16,16,32,16,8,16,16,2,1,1,0,0,1,0,32,2,2113543,8215,2,10485808,8203,5,35651584,0,2,50,4194304,1048576,0,0,0.898139,88.0297,0,268435456,0,613023744,4194304,444661760,159973376,0,46573568,0,3,5.50461,0,0,0,1,1,6,26.899,100,99.9956,1024,2048,0,0,32
gemm_fast,465,32768,128,16,16,32,16,8,16,16,2,1,1,0,0,1,1,32,6,2120639,8215,2,4194352,8203,2,4194304,0,9,35,8388608,2097152,0,0,0.818719,96.672,0,268435456,0,352976896,4194304,343998464,34013184,0,31365120,0,4,16.3219,0,0,0,1,5,2,45.9796,100,99.9935,1024,4096,0,0,32
gemm_fast,2062,65536,256,16,16,32,16,16,8,8,2,1,1,0,0,0,0,32,2,2561054,8215,2,25165960,8203,6,67108864,0,0,0,0,0,0,0,0.928534,92.6416,0,268435456,0,1410138112,8388608,536936448,193921024,0,75560960,0,3,3.5483,0,0,0,1,1,7,28.3925,100,99.9946,1024,0,0,0,32
gemm_fast,971,65536,256,16,16,32,16,16,8,8,2,1,1,0,0,0,1,32,3,2122603,8215,4,20972048,8203,7,35651584,0,4,11.7647,8388608,524288,0,0,0.864735,96.4952,0,268435456,0,1074593792,8388608,578879488,210698240,0,66910208,0,4,7.70535,0,0,0,1,2,7,51.7101,100,99.9939,1024,2048,0,0,32
gemm_fast,1173,65536,256,16,16,32,16,16,8,8,2,1,1,0,0,1,0,32,3,2121735,8215,2,12582960,8203,6,35651584,0,3,52.9412,8388608,524288,0,0,0.915399,93.2723,0,268435456,0,1066205184,8388608,578879488,202309632,0,66385920,0,4,6.35959,0,0,0,1,2,6,43.5161,100,99.9938,1024,2048,0,0,32
gemm_fast,767,65536,256,16,16,32,16,16,8,8,2,1,1,0,0,1,1,32,4,2122991,8215,2,8388672,8203,1,4194304,0,9,32.3529,16777216,1048576,0,0,0.882613,96.9295,0,268435456,0,478871552,8388608,604045312,25886720,0,43304960,0,3,9.73899,0,0,0,1,5,2,32.7143,100,99.9905,1024,4096,0,0,25
gemm_fast,2060,65536,256,16,16,32,16,16,8,16,2,1,1,0,0,0,0,32,2,2555296,8215,3,25166016,8203,6,67108864,0,0,0,0,0,0,0,0.93121,92.4006,0,268435456,0,1410138112,8388608,536936448,193921024,0,75560960,0,3,3.57337,0,0,0,1,1,7,28.6677,100,99.9946,1024,0,0,0,32
gemm_fast,975,65536,256,16,16,32,16,16,8,16,2,1,1,0,0,0,1,32,3,2129139,8215,4,18874584,8203,7,35651584,0,4,11.1111,8388608,1048576,0,0,0.879852,95.0855,0,268435456,0,1124925440,8388608,587268096,202309632,0,68483072,0,5,7.68465,0,0,0,1,2,7,54.8616,100,99.994,1024,2048,0,0,32
gemm_fast,1203,65536,256,16,16,32,16,16,8,16,2,1,1,0,0,1,0,32,3,2121763,8215,2,12582960,8203,6,35651584,0,3,52.9412,8388608,524288,0,0,0.913395,93.3109,0,268435456,0,1066205184,8388608,578879488,202309632,0,66385920,0,4,6.3496,0,0,0,1,2,6,43.4297,100,99.9938,1024,2048,0,0,32
gemm_fast,789,65536,256,16,16,32,16,16,8,16,2,1,1,0,0,1,1,32,4,2124547,8215,2,6291512,8203,1,4194304,0,9,31.4286,16777216,1572864,0,0,0.890411,96.2487,0,268435456,0,596312064,8388608,612433920,34275328,0,47499264,0,4,9.52739,0,0,0,1,5,1,37.1733,100,99.9914,1024,4096,0,0,26
gemm_fast,2060,65536,256,16,16,32,16,16,16,8,2,1,1,0,0,0,0,32,2,2531319,8215,3,25166104,8203,6,67108864,0,0,0,0,0,0,0,0.921321,92.5447,0,268435456,0,1410138112,8388608,536936448,193921024,0,75560960,0,3,3.56873,0,0,0,1,1,7,28.5859,100,99.9946,1024,0,0,0,32
gemm_fast,969,65536,256,16,16,32,16,16,16,8,2,1,1,0,0,0,1,32,3,2127615,8231,4,20971568,8203,7,35651584,0,4,11.7647,8388608,524288,0,0,0.845527,98.9077,0,268435456,0,1074593792,8388608,578879488,210698240,0,66910208,0,4,7.70562,0,0,0,1,2,7,50.4508,100,99.9939,1024,2048,0,0,32
gemm_fast,1203,65536,256,16,16,32,16,16,16,8,2,1,1,0,0,1,0,32,3,2121735,8215,2,10485816,8203,6,35651584,0,3,50,8388608,1048576,0,0,0.915321,93.3503,0,268435456,0,1124925440,8388608,587268096,202309632,0,68483072,0,4,6.37691,0,0,0,1,2,6,45.0926,100,99.994,1024,2048,0,0,32
gemm_fast,782,65536,256,16,16,32,16,16,16,8,2,1,1,0,0,1,1,32,4,2123935,8215,2,6291512,8203,1,4194304,0,9,31.4286,16777216,1572864,0,0,0.890951,96.5147,0,268435456,0,629866496,8388608,612433920,34275328,0,48547840,0,4,9.56325,0,0,0,1,5,1,39.0685,100,99.9916,1024,4096,0,0,24
gemm_fast,2067,65536,256,16,16,32,16,16,16,16,2,1,1,0,0,0,0,32,2,2504654,8215,3,25166104,8203,6,67108864,0,0,0,0,0,0,0,0.939465,92.8398,0,268435456,0,1410138112,8388608,536936448,193921024,0,75560960,0,3,3.59075,0,0,0,1,1,7,28.6709,100,99.9946,1024,0,0,0,32
gemm_fast,973,65536,256,16,16,32,16,16,16,16,2,1,1,0,0,0,1,32,3,2121739,8215,4,18874416,8203,7,35651584,0,4,11.1111,8388608,1048576,0,0,0.845404,98.9503,0,268435456,0,1124925440,8388608,587268096,202309632,0,68483072,0,5,7.65663,0,0,0,1,2,7,52.5266,100,99.994,1024,2048,0,0,32
gemm_fast,1156,65536,256,16,16,32,16,16,16,16,2,1,1,0,0,1,0,32,3,2122847,8215,2,10485816,8203,6,35651584,0,3,50,8388608,1048576,0,0,0.93128,92.0303,0,268435456,0,1124925440,8388608,587268096,202309632,0,68483072,0,4,6.37684,0,0,0,1,2,6,45.7388,100,99.994,1024,2048,0,0,32
gemm_fast,798,65536,256,16,16,32,16,16,16,16,2,1,1,0,0,1,1,32,4,2122015,8215,1,4194360,8203,1,4194304,0,9,30.5556,16777216,2097152,0,0,0.886842,96.7703,0,268435456,0,655032320,8388608,620822528,34275328,0,49596416,0,4,9.34964,0,0,0,1,5,1,39.0034,100,99.9917,1024,4096,0,0,24
gemm_fast,958,8192,64,16,32,32,8,8,8,8,2,1,1,0,0,0,0,32,3,2105487,8507,3,12583112,16395,5,25165824,0,0,0,0,0,0,0,0.264757,96.1158,0,268435456,0,311582720,3145728,201392128,68354048,0,26686720,0,2,7.72398,0,0,0,1,1,5,19.6948,100,99.8753,1024,0,0,0,38
gemm_fast,723,8192,64,16,32,32,8,8,8,8,2,1,1,0,0,0,1,32,4,2105351,8215,3,12583008,16395,3,10485760,0,2,40,2097152,524288,0,0,0.265994,99.9424,0,268435456,0,218284032,1048576,123797504,42147840,0,20429056,0,2,10.3408,0,0,0,1,1,3,22.3253,100,99.9975,1024,4096,0,0,40
gemm_fast,806,8192,64,16,32,32,8,8,8,8,2,1,1,0,0,1,0,32,4,2105351,8071,3,10485968,16395,4,17825792,0,2,30,2097152,524288,0,0,0.26521,97.3357,0,268435456,0,236101632,1048576,182517760,83034112,0,24098560,0,2,9.21236,0,0,0,1,1,5,21.7895,100,99.9979,1024,2048,0,0,32
gemm_fast,382,8192,64,16,32,32,8,8,8,8,2,1,1,0,0,1,1,32,7,2108747,7823,5,10485808,16395,2,3145728,0,6,35,4194304,1048576,0,0,0.2607,90.9756,0,268435456,0,129155072,1048576,102825984,11730944,0,16037888,0,4,20.3791,0,0,0,1,2,2,35.9088,100,99.9968,1024,6144,0,0,40
gemm_fast,713,8192,64,16,32,32,8,8,8,8,2,1,2,0,0,0,0,32,4,2105351,8199,2,8388944,16395,7,25165824,0,0,0,0,0,0,0,0.2649,97.1276,0,268435456,0,292724736,2097152,134283264,24322048,0,22591488,0,3,10.547,0,0,0,1,1,5,24.7051,100,99.8527,1024,0,0,0,32
gemm_fast,577,8192,64,16,32,32,8,8,8,8,2,1,2,0,0,0,1,32,5,2105351,8215,3,8388656,16395,4,10485760,0,2,40,2097152,524288,0,0,0.265848,98.2684,0,268435456,0,201515008,1048576,115408896,52633600,0,19970560,0,3,12.9372,0,0,0,1,1,3,29.1274,100,99.9974,1024,4096,0,0,40
gemm_fast,694,8192,64,16,32,32,8,8,8,8,2,1,2,0,0,1,0,32,4,2105351,8011,2,6291504,16395,5,17825792,0,2,30,2097152,524288,0,0,0.265129,96.5004,0,268435456,0,218292224,1048576,115408896,49487872,0,20396544,0,3,10.6922,0,0,0,1,1,3,23.4752,100,99.9975,1024,2048,0,0,32
gemm_fast,341,8192,64,16,32,32,8,8,8,8,2,1,2,0,0,1,1,32,8,2105427,7727,4,6291504,16395,2,3145728,0,6,35,4194304,1048576,0,0,0.263383,94.4345,0,268435456,0,126025728,1048576,94437376,14884864,0,15776512,0,4,22.3226,0,0,0,1,2,2,39.0026,100,99.9968,1024,6144,0,0,32
gemm_fast,687,8192,64,16,32,32,8,8,8,8,2,1,4,0,0,0,0,32,4,2105351,8323,2,6291832,16395,7,25165824,0,0,0,0,0,0,0,0.264958,96.8398,0,268435456,0,291684352,2097152,100728832,24322048,0,21510400,0,3,10.8013,0,0,0,1,1,4,24.8971,100,99.8453,1024,0,0,0,34
gemm_fast,589,8192,64,16,32,32,8,8,8,8,2,1,4,0,0,0,1,32,5,2105351,8215,2,6291512,16395,4,10485760,0,2,40,2097152,524288,0,0,0.265827,99.7323,0,268435456,0,200466432,1048576,111214592,50536448,0,19741184,0,3,12.8002,0,0,0,1,1,3,26.391,100,99.9974,1024,4096,0,0,38
gemm_fast,579,8192,64,16,32,32,8,8,8,8,2,1,4,0,0,1,0,32,5,2105351,8239,2,4194616,16395,6,17825792,0,2,30,2097152,524288,0,0,0.264607,97.1227,0,268435456,0,217251840,1048576,81854464,36904960,0,18922240,0,3,12.9536,0,0,0,1,1,2,28.2588,100,99.9973,1024,2048,0,0,38
gemm_fast,336,8192,64,16,32,32,8,8,8,8,2,1,4,0,0,1,1,32,8,2105351,7875,3,4194608,16395,2,3145728,0,6,35,4194304,1048576,0,0,0.26309,97.3535,0,268435456,0,129171456,1048576,90243072,9641984,0,15579904,0,4,23.1214,0,0,0,1,2,1,37.5171,100,99.9967,1024,6144,0,0,32
gemm_fast,863,8192,64,16,32,32,8,8,8,8,2,2,1,0,0,0,0,32,4,2105351,8207,3,10486160,8203,6,25165824,0,0,0,0,0,0,0,0.264702,96.2142,0,268435456,0,293765120,3145728,167804928,58916864,0,24785408,0,2,8.67432,0,0,0,1,1,5,21.4258,100,99.8657,1024,0,0,0,35
gemm_fast,615,8192,64,16,32,32,8,8,8,8,2,2,1,0,0,0,1,32,5,2105351,8215,3,10485816,8203,4,10485760,0,2,40,2097152,524288,0,0,0.265868,98.9106,0,268435456,0,200458240,1048576,90210304,39002112,0,18724096,0,3,12.4227,0,0,0,1,1,2,25.8731,100,99.9973,1024,4096,0,0,32
gemm_fast,883,8192,64,16,32,32,8,8,8,8,2,2,1,0,0,1,0,32,3,2105351,7843,2,9437480,8203,4,17825792,0,2,30,2097152,524288,0,0,0.264623,96.4891,0,268435456,0,199401472,1048576,178290688,91430912,0,23081984,0,2,8.41827,0,0,0,1,1,4,19.5065,100,99.9978,1024,2048,0,0,32
gemm_fast,395,8192,64,16,32,32,8,8,8,8,2,2,1,0,0,1,1,32,7,2105351,8055,5,9437232,8203,2,3145728,0,5,35,4194304,1048576,0,0,0.263458,94.6411,0,268435456,0,112377856,1048576,98598912,11730944,0,15381504,0,3,19.3345,0,0,0,1,2,2,32.0299,100,99.9967,1024,6144,0,0,32
gemm_fast,691,8192,64,16,32,32,8,8,8,8,2,2,2,0,0,0,0,32,4,2105351,8043,2,6291504,8203,7,25165824,0,0,0,0,0,0,0,0.26479,96.4541,0,268435456,0,291684352,2097152,100696064,32710656,0,21771520,0,3,10.8445,0,0,0,1,1,4,25.4031,100,99.8471,1024,0,0,0,40
gemm_fast,628,8192,64,16,32,32,8,8,8,8,2,2,2,0,0,0,1,32,5,2105351,8215,2,6291552,8203,4,10485760,0,2,40,2097152,524288,0,0,0.266214,99.6728,0,268435456,0,200474624,1048576,81821696,36904960,0,18396928,0,3,12.0402,0,0,0,1,1,2,24.5556,100,99.9972,1024,4096,0,0,35
gemm_fast,678,8192,64,16,32,32,8,8,8,8,2,2,2,0,0,1,0,32,4,2105375,8111,2,5243176,8203,5,17825792,0,2,30,2097152,524288,0,0,0.265035,96.438,0,268435456,0,200466432,1048576,111181824,50544640,0,19740416,0,2,10.9926,0,0,0,1,1,3,25.0413,100,99.9974,1024,2048,0,0,40
gemm_fast,349,8192,64,16,32,32,8,8,8,8,2,2,2,0,0,1,1,32,8,2105351,7787,3,5242928,8203,2,3145728,0,6,35,4194304,1048576,0,0,0.263936,96.4942,0,268435456,0,112394240,1048576,90210304,12787712,0,15152896,0,4,21.6567,0,0,0,1,2,1,34.4885,100,99.9966,1024,6144,0,0,32
gemm_fast,690,8192,64,16,32,32,8,8,8,8,2,2,4,0,0,0,0,32,4,2105407,7899,2,4194640,8203,7,25165824,0,0,0,0,0,0,0,0.26456,96.8536,0,268435456,0,290643968,2097152,67141632,26419200,0,20493824,0,3,10.7949,0,0,0,1,1,3,25.0522,100,99.8376,1024,0,0,0,32
gemm_fast,586,8192,64,16,32,32,8,8,8,8,2,2,4,0,0,0,1,32,5,2105351,8215,2,4194352,8203,4,10485760,0,2,40,2097152,524288,0,0,0.266315,99.6817,0,268435456,0,199426048,1048576,77627392,39002112,0,18298624,0,3,12.8905,0,0,0,1,1,2,25.9839,100,99.9972,1024,4096,0,0,40
gemm_fast,695,8192,64,16,32,32,8,8,8,8,2,2,4,0,0,1,0,32,4,2105351,7903,1,3145776,8203,5,17825792,0,2,30,2097152,524288,0,0,0.265262,97.6093,0,268435456,0,199426048,1048576,77627392,36913152,0,18233344,0,2,10.7519,0,0,0,1,1,2,22.6074,100,99.9972,1024,2048,0,0,40
gemm_fast,330,8192,64,16,32,32,8,8,8,8,2,2,4,0,0,1,1,32,8,2105351,7639,2,3145784,8283,2,3145728,0,6,35,4194304,1048576,0,0,0.264479,96.56,0,268435456,0,108199936,1048576,86016000,10698752,0,14825472,0,4,23.2907,0,0,0,1,2,1,36.7833,100,99.9965,1024,6144,0,0,40
gemm_fast,964,8192,64,16,32,32,8,8,8,16,2,1,1,0,0,0,0,32,3,2105351,8095,3,12583208,16395,5,25165824,0,0,0,0,0,0,0,0.264669,96.6349,0,268435456,0,311582720,3145728,201392128,68354048,0,26686720,0,2,7.73694,0,0,0,1,1,5,19.6218,100,99.8753,1024,0,0,0,38
gemm_fast,695,8192,64,16,32,32,8,8,8,16,2,1,1,0,0,0,1,32,4,2105351,8215,3,8388656,16475,3,10485760,0,2,40,2097152,524288,0,0,0.266072,99.2594,0,268435456,0,226672640,1048576,127991808,42147840,0,20822272,0,3,10.7396,0,0,0,1,1,3,23.7264,100,99.9975,1024,4096,0,0,40
gemm_fast,808,8192,64,16,32,32,8,8,8,16,2,1,1,0,0,1,0,32,4,2105351,8391,3,10485808,16395,4,17825792,0,2,30,2097152,524288,0,0,0.26511,97.018,0,268435456,0,236101632,1048576,182517760,83034112,0,24098560,0,2,9.18497,0,0,0,1,1,5,21.7957,100,99.9979,1024,2048,0,0,32
gemm_fast,351,8192,64,16,32,32,8,8,8,16,2,1,1,0,0,1,1,32,8,2107495,8627,4,6291728,16395,2,3145728,0,6,35,4194304,1048576,0,0,0.262931,91.5346,0,268435456,0,141737984,1048576,107020288,13828096,0,16627712,0,4,21.7583,0,0,0,1,2,2,39.9618,100,99.9969,1024,6144,0,0,40
gemm_fast,711,8192,64,16,32,32,8,8,8,16,2,1,2,0,0,0,0,32,4,2105591,8143,2,8388896,16395,7,25165824,0,0,0,0,0,0,0,0.264853,96.5087,0,268435456,0,292724736,2097152,134283264,24322048,0,22591488,0,3,10.4505,0,0,0,1,1,5,24.6359,100,99.8527,1024,0,0,0,32
gemm_fast,557,8192,64,16,32,32,8,8,8,16,2,1,2,0,0,0,1,32,5,2105351,8215,2,6291688,16475,4,10485760,0,2,40,2097152,524288,0,0,0.265852,98.8526,0,268435456,0,208855040,1048576,119603200,50536448,0,20265472,0,3,13.425,0,0,0,1,1,4,30.2593,100,99.9975,1024,4096,0,0,40
gemm_fast,698,8192,64,16,32,32,8,8,8,16,2,1,2,0,0,1,0,32,4,2105431,7679,2,6291584,16475,5,17825792,0,2,30,2097152,524288,0,0,0.264932,97.2894,0,268435456,0,218292224,1048576,115408896,49487872,0,20396544,0,3,10.745,0,0,0,1,1,3,23.3999,100,99.9975,1024,2048,0,0,32
gemm_fast,338,8192,64,16,32,32,8,8,8,16,2,1,2,0,0,1,1,32,8,2105351,8251,3,4194352,16475,2,3145728,0,6,35,4194304,1048576,0,0,0.263076,94.1884,0,268435456,0,140705792,1048576,98631680,11739136,0,16268032,0,4,22.6753,0,0,0,1,2,2,40.9455,100,99.9969,1024,6144,0,0,40
gemm_fast,866,8192,64,16,32,32,8,8,8,16,2,2,1,0,0,0,0,32,4,2105351,7975,3,10485808,8203,6,25165824,0,0,0,0,0,0,0,0.264897,96.4295,0,268435456,0,293765120,3145728,167804928,58916864,0,24785408,0,2,8.69116,0,0,0,1,1,5,21.4195,100,99.8657,1024,0,0,0,35
gemm_fast,541,8192,64,16,32,32,8,8,8,16,2,2,1,0,0,0,1,32,5,2105351,8215,2,6291520,8283,4,10485760,0,2,40,2097152,524288,0,0,0.266058,99.4782,0,268435456,0,208846848,1048576,94404608,42147840,0,19215616,0,3,14.0491,0,0,0,1,1,3,29.0937,100,99.9973,1024,4096,0,0,40
gemm_fast,882,8192,64,16,32,32,8,8,8,16,2,2,1,0,0,1,0,32,3,2105375,8187,2,9437256,8203,4,17825792,0,2,30,2097152,524288,0,0,0.264556,96.8521,0,268435456,0,199401472,1048576,178290688,91430912,0,23081984,0,2,8.45815,0,0,0,1,1,4,19.5254,100,99.9978,1024,2048,0,0,32
gemm_fast,336,8192,64,16,32,32,8,8,8,16,2,2,1,0,0,1,1,32,8,2105351,8143,3,5242928,8203,2,3145728,0,6,35,4194304,1048576,0,0,0.263191,94.3571,0,268435456,0,123912192,1048576,102793216,12787712,0,15906048,0,4,22.5248,0,0,0,1,2,2,37.9869,100,99.9968,1024,6144,0,0,40
gemm_fast,689,8192,64,16,32,32,8,8,8,16,2,2,2,0,0,0,0,32,4,2105351,8791,2,6291504,8283,7,25165824,0,0,0,0,0,0,0,0.264717,97.0464,0,268435456,0,291684352,2097152,100696064,32710656,0,21771520,0,3,10.896,0,0,0,1,1,4,25.3679,100,99.8471,1024,0,0,0,40
gemm_fast,610,8192,64,16,32,32,8,8,8,16,2,2,2,0,0,0,1,32,5,2105687,8215,2,4194736,8203,4,10485760,0,2,40,2097152,524288,0,0,0.266108,98.8739,0,268435456,0,207814656,1048576,86016000,41107456,0,18888704,0,3,12.2362,0,0,0,1,1,2,25.7856,100,99.9973,1024,4096,0,0,32
gemm_fast,677,8192,64,16,32,32,8,8,8,16,2,2,2,0,0,1,0,32,4,2105351,8415,2,5243392,8203,5,17825792,0,2,30,2097152,524288,0,0,0.264837,96.6188,0,268435456,0,200466432,1048576,111181824,50544640,0,19740416,0,2,10.9678,0,0,0,1,1,3,24.938,100,99.9974,1024,2048,0,0,40
gemm_fast,345,8192,64,16,32,32,8,8,8,16,2,2,2,0,0,1,1,32,8,2105351,7563,2,3145928,8203,2,3145728,0,6,35,4194304,1048576,0,0,0.263854,97.5726,0,268435456,0,122880000,1048576,94404608,8593408,0,15480576,0,4,22.1819,0,0,0,1,2,1,35.5561,100,99.9967,1024,6144,0,0,32
gemm_fast,967,8192,64,16,32,32,8,8,8,32,2,1,1,0,0,0,0,32,3,2105355,8003,3,12582960,16395,5,25165824,0,0,0,0,0,0,0,0.264566,95.9637,0,268435456,0,311582720,3145728,201392128,68354048,0,26686720,0,2,7.68869,0,0,0,1,1,5,19.636,100,99.8753,1024,0,0,0,38
gemm_fast,687,8192,64,16,32,32,8,8,8,32,2,1,1,0,0,0,1,32,4,2105351,9239,2,6291672,17419,3,10485760,0.0162311,2,40,2097152,524288,0,1024,0.266053,99.0384,0,268435456,0,244490240,1048576,136388608,48431104,0,21837824,0,3,10.8056,0,0,0,1,1,3,24.8629,100,99.9977,1024,4096,8,0,40
gemm_fast,812,8192,64,16,32,32,8,8,8,32,2,1,1,0,0,1,0,32,4,2105399,8011,3,10485936,16395,4,17825792,0,2,30,2097152,524288,0,0,0.26529,97.7601,0,268435456,0,236101632,1048576,182517760,83034112,0,24098560,0,2,9.24167,0,0,0,1,1,5,21.7638,100,99.9979,1024,2048,0,0,32
gemm_fast,341,8192,64,16,32,32,8,8,8,32,2,1,1,0,0,1,1,32,8,2105351,9159,3,4194584,17419,2,3145728,0.0243132,6,35,4194304,1048576,0,1024,0.26331,95.3627,0,268435456,0,159555584,1048576,115417088,22216704,0,17709056,0,4,22.633,0,0,0,1,2,2,42.4949,100,99.9971,1024,6144,8,0,32
gemm_fast,858,8192,64,16,32,32,8,8,8,32,2,2,1,0,0,0,0,32,4,2105359,7859,3,10486184,8203,6,25165824,0,0,0,0,0,0,0,0.264751,96.5153,0,268435456,0,293765120,3145728,167804928,58916864,0,24785408,0,2,8.71307,0,0,0,1,1,5,21.4544,100,99.8657,1024,0,0,0,35
gemm_fast,734,8192,64,16,32,32,8,8,8,32,2,2,1,0,0,0,1,32,4,2105351,9239,1,4194488,9227,3,10485760,0.0243605,2,40,2097152,524288,0,1024,0.266425,98.9645,0,268435456,0,225624064,1048576,102801408,47390720,0,20166144,0,2,10.1239,0,0,0,1,1,2,22.2733,100,99.9975,1024,4096,8,0,32
gemm_fast,884,8192,64,16,32,32,8,8,8,32,2,2,1,0,0,1,0,32,3,2105351,8087,2,9437232,8203,4,17825792,0,2,30,2097152,524288,0,0,0.265346,96.2634,0,268435456,0,199401472,1048576,178290688,91430912,0,23081984,0,2,8.42687,0,0,0,1,1,4,19.5723,100,99.9978,1024,2048,0,0,32
gemm_fast,347,8192,64,16,32,32,8,8,8,32,2,2,1,0,0,1,1,32,8,2105351,8791,2,3146376,9227,2,3145728,0.032457,6,35,4194304,1048576,0,1024,0.262209,94.9406,0,268435456,0,140689408,1048576,111190016,22224896,0,16987648,0,4,21.9172,0,0,0,1,2,2,40.7032,100,99.997,1024,6144,8,0,32
gemm_fast,966,8192,64,16,32,32,8,8,16,8,2,1,1,0,0,0,0,32,3,2105351,8383,3,12583080,16395,5,25165824,0,0,0,0,0,0,0,0.264746,96.9935,0,268435456,0,311582720,3145728,201392128,68354048,0,26686720,0,2,7.74154,0,0,0,1,1,5,19.561,100,99.8753,1024,0,0,0,38
gemm_fast,728,8192,64,16,32,32,8,8,16,8,2,1,1,0,0,0,1,32,4,2105351,8215,3,12582960,16395,3,10485760,0,2,40,2097152,524288,0,0,0.266,100.024,0,268435456,0,218284032,1048576,123797504,42147840,0,20429056,0,2,10.3488,0,0,0,1,1,3,22.3244,100,99.9975,1024,4096,0,0,40
gemm_fast,809,8192,64,16,32,32,8,8,16,8,2,1,1,0,0,1,0,32,4,2105351,8215,2,9437232,16395,4,17825792,0,2,30,2097152,524288,0,0,0.264746,96.9587,0,268435456,0,226664448,1048576,186712064,76742656,0,23738112,0,2,9.24681,0,0,0,1,1,5,21.5089,100,99.9978,1024,2048,0,0,38
gemm_fast,352,8192,64,16,32,32,8,8,16,8,2,1,1,0,0,1,1,32,8,2108003,7927,5,9437232,16395,2,3145728,0,6,35,4194304,1048576,0,0,0.262596,91.492,0,268435456,0,123912192,1048576,107020288,13828096,0,16070656,0,4,21.6321,0,0,0,1,2,2,37.8091,100,99.9968,1024,6144,0,0,40
gemm_fast,719,8192,64,16,32,32,8,8,16,8,2,1,2,0,0,0,0,32,4,2105351,8607,2,8389320,16395,7,25165824,0,0,0,0,0,0,0,0.264971,95.8312,0,268435456,0,292724736,2097152,134283264,24322048,0,22591488,0,3,10.3852,0,0,0,1,1,5,24.6552,100,99.8527,1024,0,0,0,32
gemm_fast,576,8192,64,16,32,32,8,8,16,8,2,1,2,0,0,0,1,32,5,2105351,8215,3,8388656,16395,4,10485760,0,2,40,2097152,524288,0,0,0.265839,99.6987,0,268435456,0,201515008,1048576,115408896,52633600,0,19970560,0,3,13.0312,0,0,0,1,1,3,28.918,100,99.9974,1024,4096,0,0,40
gemm_fast,676,8192,64,16,32,32,8,8,16,8,2,1,2,0,0,1,0,32,4,2105375,8131,2,5242960,16395,5,17825792,0,2,30,2097152,524288,0,0,0.265059,95.906,0,268435456,0,208855040,1048576,119603200,54730752,0,20396544,0,3,10.9887,0,0,0,1,1,3,24.4547,100,99.9975,1024,2048,0,0,32
gemm_fast,341,8192,64,16,32,32,8,8,16,8,2,1,2,0,0,1,1,32,8,2105351,8079,3,5242928,16395,2,3145728,0,6,35,4194304,1048576,0,0,0.262834,95.3822,0,268435456,0,123928576,1048576,98631680,16982016,0,15907584,0,4,22.5746,0,0,0,1,2,2,39.5136,100,99.9968,1024,6144,0,0,32
gemm_fast,698,8192,64,16,32,32,8,8,16,8,2,1,4,0,0,0,0,32,4,2105351,8243,2,6291888,16395,7,25165824,0,0,0,0,0,0,0,0.264935,96.2535,0,268435456,0,291684352,2097152,100728832,24322048,0,21510400,0,3,10.71,0,0,0,1,1,4,24.8367,100,99.8453,1024,0,0,0,34
gemm_fast,586,8192,64,16,32,32,8,8,16,8,2,1,4,0,0,0,1,32,5,2106031,8215,2,6292192,16395,4,10485760,0,2,40,2097152,524288,0,0,0.265804,99.5762,0,268435456,0,200466432,1048576,111214592,50536448,0,19741184,0,3,12.7817,0,0,0,1,1,3,26.394,100,99.9974,1024,4096,0,0,38
gemm_fast,559,8192,64,16,32,32,8,8,16,8,2,1,4,0,0,1,0,32,5,2105351,8079,1,3145784,16395,6,17825792,0,2,30,2097152,524288,0,0,0.264852,97.2909,0,268435456,0,207814656,1048576,86048768,40050688,0,18856704,0,3,13.4335,0,0,0,1,1,2,29.417,100,99.9973,1024,2048,0,0,40
gemm_fast,335,8192,64,16,32,32,8,8,16,8,2,1,4,0,0,1,1,32,8,2105351,7607,2,3145776,16395,2,3145728,0,6,35,4194304,1048576,0,0,0.263577,97.311,0,268435456,0,122880000,1048576,94437376,11739136,0,15579904,0,4,23.2454,0,0,0,1,2,1,37.5485,100,99.9967,1024,6144,0,0,32
gemm_fast,959,8192,64,16,32,32,8,8,16,16,2,1,1,0,0,0,0,32,3,2105351,8727,3,12583488,16475,5,25165824,0,0,0,0,0,0,0,0.264716,96.5864,0,268435456,0,311582720,3145728,201392128,68354048,0,26686720,0,2,7.73294,0,0,0,1,1,5,19.6216,100,99.8753,1024,0,0,0,38
gemm_fast,698,8192,64,16,32,32,8,8,16,16,2,1,1,0,0,0,1,32,4,2105351,8231,3,8388656,16395,3,10485760,0,2,40,2097152,524288,0,0,0.265975,98.475,0,268435456,0,226672640,1048576,127991808,42147840,0,20822272,0,3,10.6878,0,0,0,1,1,3,23.7998,100,99.9975,1024,4096,0,0,40
gemm_fast,810,8192,64,16,32,32,8,8,16,16,2,1,1,0,0,1,0,32,4,2105383,8375,2,9437304,16395,4,17825792,0,2,30,2097152,524288,0,0,0.265402,95.9623,0,268435456,0,226664448,1048576,186712064,76742656,0,23738112,0,2,9.1978,0,0,0,1,1,5,21.6169,100,99.9978,1024,2048,0,0,38
gemm_fast,339,8192,64,16,32,32,8,8,16,16,2,1,1,0,0,1,1,32,8,2105351,8303,3,5242928,16395,2,3145728,0,6,35,4194304,1048576,0,0,0.262646,95.6136,0,268435456,0,129155072,1048576,111214592,18022400,0,16496640,0,4,22.9989,0,0,0,1,2,2,39.4988,100,99.9969,1024,6144,0,0,40
gemm_fast,715,8192,64,16,32,32,8,8,16,16,2,1,2,0,0,0,0,32,4,2105351,8155,2,8388656,16395,7,25165824,0,0,0,0,0,0,0,0.264984,96.7937,0,268435456,0,292724736,2097152,134283264,24322048,0,22591488,0,3,10.4573,0,0,0,1,1,5,24.5796,100,99.8527,1024,0,0,0,32
gemm_fast,556,8192,64,16,32,32,8,8,16,16,2,1,2,0,0,0,1,32,5,2105351,8215,2,6291736,16395,4,10485760,0,2,40,2097152,524288,0,0,0.265892,98.9217,0,268435456,0,208855040,1048576,119603200,50536448,0,20265472,0,3,13.4389,0,0,0,1,1,4,30.2694,100,99.9975,1024,4096,0,0,40
gemm_fast,684,8192,64,16,32,32,8,8,16,16,2,1,2,0,0,1,0,32,4,2105351,7839,2,5242928,16395,5,17825792,0,2,30,2097152,524288,0,0,0.264935,96.1137,0,268435456,0,208855040,1048576,119603200,54730752,0,20396544,0,3,11.0013,0,0,0,1,1,3,24.4299,100,99.9975,1024,2048,0,0,32
gemm_fast,339,8192,64,16,32,32,8,8,16,16,2,1,2,0,0,1,1,32,8,2105351,7991,2,3146144,16395,2,3145728,0,6,35,4194304,1048576,0,0,0.263228,96.8506,0,268435456,0,124977152,1048576,102825984,16982016,0,16071424,0,4,22.7331,0,0,0,1,2,2,39.2794,100,99.9968,1024,6144,0,0,32
gemm_fast,960,8192,64,16,32,32,8,8,16,32,2,1,1,0,0,0,0,32,3,2105367,8895,3,12582976,16395,5,25165824,0,0,0,0,0,0,0,0.264847,96.205,0,268435456,0,311582720,3145728,201392128,68354048,0,26686720,0,2,7.71001,0,0,0,1,1,5,19.641,100,99.8753,1024,0,0,0,38
gemm_fast,690,8192,64,16,32,32,8,8,16,32,2,1,1,0,0,0,1,32,4,2105351,9239,2,6291504,17419,3,10485760,0.0162311,2,40,2097152,524288,0,1024,0.266087,99.4455,0,268435456,0,244490240,1048576,136388608,48431104,0,21837824,0,3,10.8078,0,0,0,1,1,3,24.7663,100,99.9977,1024,4096,8,0,40
gemm_fast,809,8192,64,16,32,32,8,8,16,32,2,1,1,0,0,1,0,32,4,2105351,8335,2,9437368,16395,4,17825792,0,2,30,2097152,524288,0,0,0.265086,96.5581,0,268435456,0,226664448,1048576,186712064,76742656,0,23738112,0,2,9.21385,0,0,0,1,1,5,21.5213,100,99.9978,1024,2048,0,0,38
gemm_fast,335,8192,64,16,32,32,8,8,16,32,2,1,1,0,0,1,1,32,8,2105351,8211,2,3145776,17419,2,3145728,0.0323729,6,35,4194304,1048576,0,1024,0.26311,97.0524,0,268435456,0,150118400,1048576,119611392,24313856,0,17610752,0,4,23.1613,0,0,0,1,2,2,41.9839,100,99.9971,1024,6144,8,0,32
gemm_fast,1254,16384,128,16,32,32,8,16,8,8,2,1,1,0,0,0,0,32,3,2111123,8215,2,12582960,16395,5,33554432,0,0,0,0,0,0,0,0.532158,94.251,0,268435456,0,581238784,4194304,268500992,69484544,0,37312000,0,3,5.98676,0,0,0,1,1,6,22.3978,100,99.8216,1024,0,0,0,32
gemm_fast,712,16384,128,16,32,32,8,16,8,8,2,1,1,0,0,0,1,32,4,2107639,8215,5,16777264,16395,5,18874368,0,2,40,2097152,524288,0,0,0.533734,94.9029,0,268435456,0,400883712,2097152,226557952,84197376,0,30693888,0,3,10.9993,0,0,0,1,1,6,36.6115,100,99.9967,1024,4096,0,0,32
gemm_fast,683,16384,128,16,32,32,8,16,8,8,2,1,1,0,0,1,0,32,4,2109403,8215,2,6291504,16395,5,17825792,0,3,27.7778,4194304,524288,0,0,0.533932,94.801,0,268435456,0,402980864,2097152,218169344,88391680,0,30628352,0,3,11.1402,0,0,0,1,1,5,37.0286,100,99.9967,1024,2048,0,0,32
gemm_fast,351,16384,128,16,32,32,8,16,8,8,2,1,1,0,0,1,1,32,8,2108207,8215,6,10485808,16475,2,3145728,0,8,32.1429,6291456,1048576,0,0,0.532532,93.3782,0,268435456,0,224739328,2097152,172032000,12845056,0,21255680,0,5,21.578,0,0,0,1,3,2,44.8254,100,99.9952,1024,6144,0,0,31
gemm_fast,1025,16384,128,16,32,32,8,16,8,8,2,1,2,0,0,0,0,32,3,2110695,8215,2,10485808,16395,6,33554432,0,0,0,0,0,0,0,0.533044,93.5343,0,268435456,0,375717888,2097152,201392128,82051072,0,29053952,0,2,7.05441,0,0,0,1,1,5,21.1144,100,99.9965,1024,0,0,0,32
gemm_fast,663,16384,128,16,32,32,8,16,8,8,2,1,2,0,0,0,1,32,4,2110335,9567,4,12583048,16395,6,18874368,0,2,40,2097152,524288,0,0,0.533638,94.957,0,268435456,0,306544640,2097152,218169344,86278144,0,27548672,0,3,11.3668,0,0,0,1,1,6,32.6674,100,99.9963,1024,4096,0,0,32
gemm_fast,433,16384,128,16,32,32,8,16,8,8,2,1,2,0,0,1,0,32,7,2106151,7647,2,4194816,16395,8,17825792,0,4,27.7778,4194304,524288,0,0,0.532373,97.5518,0,268435456,0,291864576,2097152,151060480,67387392,0,24402432,0,4,17.4536,0,0,0,1,2,5,45.3319,100,99.9958,1024,2048,0,0,38
gemm_fast,338,16384,128,16,32,32,8,16,8,8,2,1,2,0,0,1,1,32,8,2108891,8215,4,6291560,16395,2,3145728,0,8,32.1429,6291456,1048576,0,0,0.532987,94.2309,0,268435456,0,205881344,2097152,163643392,10764288,0,20339200,0,5,22.8381,0,0,0,1,3,2,46.2594,100,99.995,1024,6144,0,0,32
gemm_fast,1032,16384,128,16,32,32,8,16,8,8,2,2,1,0,0,0,0,32,3,2110131,8215,2,8388664,8203,6,33554432,0,0,0,0,0,0,0,0.53085,93.8971,0,268435456,0,560300032,2097152,201359360,63242240,0,34233344,0,3,7.14559,0,0,0,1,1,5,26.7727,100,99.997,1024,0,0,0,40
gemm_fast,540,16384,128,16,32,32,8,16,8,8,2,2,1,0,0,0,1,32,5,2109619,8215,4,12583128,8203,7,18874368,0,2,40,2097152,524288,0,0,0.534213,94.4397,0,268435456,0,400900096,2097152,159416320,73711616,0,28268544,0,4,13.9158,0,0,0,1,1,4,44.703,100,99.9964,1024,4096,0,0,36
gemm_fast,646,16384,128,16,32,32,8,16,8,8,2,2,1,0,0,1,0,32,5,2109955,8215,2,5242928,8203,5,17825792,0,3,27.7778,4194304,524288,0,0,0.534659,93.8371,0,268435456,0,394625024,2097152,213942272,88424448,0,30236160,0,4,11.7295,0,0,0,1,1,6,38.021,100,99.9966,1024,2048,0,0,36
gemm_fast,342,16384,128,16,32,32,8,16,8,8,2,2,1,0,0,1,1,32,8,2108975,8215,5,9437232,8203,2,3145728,0,8,32.1429,6291456,1048576,0,0,0.533127,93.0738,0,268435456,0,218480640,2097152,167804928,10764288,0,20862976,0,5,22.5033,0,0,0,1,3,2,46.1521,100,99.9951,1024,6144,0,0,32
gemm_fast,762,16384,128,16,32,32,8,16,8,8,2,2,2,0,0,0,0,32,4,2105351,8487,2,6291504,8203,8,33554432,0,0,0,0,0,0,0,0.531419,96.5612,0,268435456,0,361054208,2097152,134250496,65290240,0,25973760,0,3,9.66743,0,0,0,1,1,5,26.229,100,99.9961,1024,0,0,0,32
gemm_fast,499,16384,128,16,32,32,8,16,8,8,2,2,2,0,0,0,1,32,6,2105447,10559,3,8388752,8203,7,18874368,0,2,40,2097152,524288,0,0,0.533651,97.4124,0,268435456,0,291864576,2097152,151027712,69500928,0,24467456,0,4,15.231,0,0,0,1,1,4,39.2504,100,99.9958,1024,4096,0,0,38
gemm_fast,438,16384,128,16,32,32,8,16,8,8,2,2,2,0,0,1,0,32,7,2105387,7419,2,3145776,8203,8,17825792,0,4,27.7778,4194304,524288,0,0,0.532557,96.4705,0,268435456,0,287703040,2097152,146833408,65306624,0,24075264,0,4,17.6994,0,0,0,1,2,4,45.0575,100,99.9957,1024,2048,0,0,38
gemm_fast,335,16384,128,16,32,32,8,16,8,8,2,2,2,0,0,1,1,32,8,2109427,8215,3,5242928,8203,2,3145728,0,9,32.1429,6291456,1048576,0,0,0.533249,93.7788,0,268435456,0,210108416,2097152,159416320,10780672,0,20339712,0,5,22.9056,0,0,0,1,3,1,46.6269,100,99.995,1024,6144,0,0,32
gemm_fast,1236,16384,128,16,32,32,8,16,8,16,2,1,1,0,0,0,0,32,3,2110799,8215,2,12583336,16395,5,33554432,0,0,0,0,0,0,0,0.532372,93.4371,0,268435456,0,581238784,4194304,268500992,69484544,0,37312000,0,3,5.94883,0,0,0,1,1,6,22.4502,100,99.8216,1024,0,0,0,32
gemm_fast,646,16384,128,16,32,32,8,16,8,16,2,1,1,0,0,0,1,32,5,2107159,8135,4,12583152,16395,6,18874368,0,2,40,2097152,524288,0,0,0.533056,87.9171,0,268435456,0,398786560,2097152,230752256,84148224,0,30757888,0,4,11.2377,0,0,0,1,1,6,40.0733,100,99.9967,1024,4096,0,0,38
gemm_fast,671,16384,128,16,32,32,8,16,8,16,2,1,1,0,0,1,0,32,4,2110255,8215,2,6291504,16395,5,17825792,0,3,27.7778,4194304,524288,0,0,0.533757,94.6579,0,268435456,0,402980864,2097152,218169344,88391680,0,30628352,0,3,11.1472,0,0,0,1,1,6,37.1082,100,99.9967,1024,2048,0,0,32
gemm_fast,338,16384,128,16,32,32,8,16,8,16,2,1,1,0,0,1,1,32,8,2108655,8215,4,6291504,16395,2,3145728,0,8,32.1429,6291456,1048576,0,0,0.532889,92.5428,0,268435456,0,231030784,2097152,176226304,14925824,0,21648384,0,5,22.441,0,0,0,1,3,2,48.3641,100,99.9953,1024,6144,0,0,32
gemm_fast,1037,16384,128,16,32,32,8,16,8,16,2,1,2,0,0,0,0,32,3,2110655,8215,2,10485808,16395,6,33554432,0,0,0,0,0,0,0,0.532376,92.9572,0,268435456,0,375717888,2097152,201392128,82051072,0,29053952,0,2,7.10448,0,0,0,1,1,5,21.3964,100,99.9965,1024,0,0,0,32
gemm_fast,637,16384,128,16,32,32,8,16,8,16,2,1,2,0,0,0,1,32,5,2106251,7699,3,10485808,16395,6,18874368,0,2,40,2097152,524288,0,0,0.533082,95.4215,0,268435456,0,306544640,2097152,222363648,82083840,0,27548672,0,3,12.5358,0,0,0,1,1,6,34.928,100,99.9963,1024,4096,0,0,40
gemm_fast,437,16384,128,16,32,32,8,16,8,16,2,1,2,0,0,1,0,32,7,2106731,8175,2,4194352,16395,8,17825792,0,4,27.7778,4194304,524288,0,0,0.5324,97.3549,0,268435456,0,291864576,2097152,151060480,67387392,0,24402432,0,4,17.5287,0,0,0,1,2,5,45.619,100,99.9958,1024,2048,0,0,38
gemm_fast,335,16384,128,16,32,32,8,16,8,16,2,1,2,0,0,1,1,32,8,2108943,8215,3,4194584,16395,2,3145728,0,9,32.1429,6291456,1048576,0,0,0.532865,94.6788,0,268435456,0,222658560,2097152,167837696,12845056,0,21059584,0,5,22.9419,0,0,0,1,3,2,48.1412,100,99.9951,1024,6144,0,0,32
gemm_fast,1040,16384,128,16,32,32,8,16,8,16,2,2,1,0,0,0,0,32,3,2110327,8215,2,8388840,8203,6,33554432,0,0,0,0,0,0,0,0.53029,94.1037,0,268435456,0,560300032,2097152,201359360,63242240,0,34233344,0,3,7.20423,0,0,0,1,1,5,26.933,100,99.997,1024,0,0,0,40
gemm_fast,444,16384,128,16,32,32,8,16,8,16,2,2,1,0,0,0,1,32,6,2109691,8215,4,8388800,8203,8,18874368,0,3,40,2097152,524288,0,0,0.533667,92.967,0,268435456,0,398802944,2097152,163610624,71581696,0,28267520,0,5,16.7535,0,0,0,1,2,5,54.1064,100,99.9964,1024,4096,0,0,34
gemm_fast,645,16384,128,16,32,32,8,16,8,16,2,2,1,0,0,1,0,32,5,2110471,8215,2,5243336,8203,5,17825792,0,3,27.7778,4194304,524288,0,0,0.534522,92.1592,0,268435456,0,394625024,2097152,213942272,88424448,0,30236160,0,4,11.5854,0,0,0,1,1,6,38.2379,100,99.9966,1024,2048,0,0,36
gemm_fast,333,16384,128,16,32,32,8,16,8,16,2,2,1,0,0,1,1,32,8,2108283,8215,3,5243296,8203,2,3145728,0,9,32.1429,6291456,1048576,0,0,0.532362,93.9177,0,268435456,0,228966400,2097152,171999232,14958592,0,21452800,0,5,22.8754,0,0,0,1,3,2,48.3968,100,99.9952,1024,6144,0,0,32
gemm_fast,771,16384,128,16,32,32,8,16,8,16,2,2,2,0,0,0,0,32,4,2106167,8639,2,6292336,8203,8,33554432,0,0,0,0,0,0,0,0.531339,96.6671,0,268435456,0,361054208,2097152,134250496,65290240,0,25973760,0,3,9.64511,0,0,0,1,1,4,26.1398,100,99.9961,1024,0,0,0,32
gemm_fast,458,16384,128,16,32,32,8,16,8,16,2,2,2,0,0,0,1,32,6,2105351,8271,3,6291504,8203,8,18874368,0,3,40,2097152,524288,0,0,0.533307,96.7971,0,268435456,0,291864576,2097152,155222016,67403776,0,24532992,0,4,16.5237,0,0,0,1,2,4,43.1189,100,99.9958,1024,4096,0,0,40
gemm_fast,423,16384,128,16,32,32,8,16,8,16,2,2,2,0,0,1,0,32,7,2106071,8271,2,3145896,8203,8,17825792,0,4,27.7778,4194304,524288,0,0,0.532374,96.4835,0,268435456,0,287703040,2097152,146833408,65306624,0,24075264,0,4,17.7245,0,0,0,1,2,4,45.1156,100,99.9957,1024,2048,0,0,38
gemm_fast,334,16384,128,16,32,32,8,16,8,16,2,2,2,0,0,1,1,32,8,2105951,8179,2,3145896,8203,2,3145728,0,9,32.1429,6291456,1048576,0,0,0.532354,95.142,0,268435456,0,218497024,2097152,163610624,12877824,0,20798464,0,5,23.13,0,0,0,1,3,1,48.1183,100,99.9951,1024,6144,0,0,32
gemm_fast,1249,16384,128,16,32,32,8,16,8,32,2,1,1,0,0,0,0,32,3,2110527,8215,2,12583096,16395,5,33554432,0,0,0,0,0,0,0,0.532523,93.6469,0,268435456,0,581238784,4194304,268500992,69484544,0,37312000,0,3,5.92679,0,0,0,1,1,6,22.3165,100,99.8216,1024,0,0,0,32
gemm_fast,614,16384,128,16,32,32,8,16,8,32,2,1,1,0,0,0,1,32,5,2107391,8215,3,10485808,16395,6,18874368,0,2,40,2097152,524288,0,0,0.532238,93.9817,0,268435456,0,415563776,2097152,239140864,92585984,0,31808000,0,4,12.6799,0,0,0,1,1,7,43.9906,100,99.9968,1024,4096,0,0,32
gemm_fast,672,16384,128,16,32,32,8,16,8,32,2,1,1,0,0,1,0,32,4,2110447,8215,2,6291520,16395,5,17825792,0,3,27.7778,4194304,524288,0,0,0.534022,92.8237,0,268435456,0,402980864,2097152,218169344,88391680,0,30628352,0,3,10.96,0,0,0,1,1,6,37.2058,100,99.9967,1024,2048,0,0,32
gemm_fast,342,16384,128,16,32,32,8,16,8,32,2,1,1,0,0,1,1,32,8,2107419,8215,3,4194496,16395,2,3145728,0,9,32.1429,6291456,1048576,0,0,0.532216,94.7451,0,268435456,0,245710848,2097152,184614912,17022976,0,22434816,0,5,22.9375,0,0,0,1,4,2,50.3653,100,99.9954,1024,6144,0,0,32
gemm_fast,1041,16384,128,16,32,32,8,16,8,32,2,2,1,0,0,0,0,32,3,2109731,8215,2,8388776,8203,6,33554432,0,0,0,0,0,0,0,0.531823,92.7724,0,268435456,0,560300032,2097152,201359360,63242240,0,34233344,0,3,7.12021,0,0,0,1,1,5,27.001,100,99.997,1024,0,0,0,40
gemm_fast,433,16384,128,16,32,32,8,16,8,32,2,2,1,0,0,0,1,32,7,2109835,8215,3,6291536,8203,8,18874368,0,3,40,2097152,524288,0,0,0.533535,96.2348,0,268435456,0,413483008,2097152,171999232,75776000,0,29119488,0,5,17.4578,0,0,0,1,2,5,56.4498,100,99.9965,1024,4096,0,0,34
gemm_fast,637,16384,128,16,32,32,8,16,8,32,2,2,1,0,0,1,0,32,5,2109407,8231,2,5242928,8203,5,17825792,0,3,27.7778,4194304,524288,0,0,0.534473,94.0605,0,268435456,0,394625024,2097152,213942272,88424448,0,30236160,0,4,11.7297,0,0,0,1,1,6,37.9312,100,99.9966,1024,2048,0,0,36
gemm_fast,335,16384,128,16,32,32,8,16,8,32,2,2,1,0,0,1,1,32,8,2107371,8215,2,3145776,8203,2,3145728,0,9,32.1429,6291456,1048576,0,0,0.5329,94.2629,0,268435456,0,243646464,2097152,180387840,19152896,0,22304768,0,5,22.9335,0,0,0,1,4,2,50.4326,100,99.9954,1024,6144,0,0,32
gemm_fast,1243,16384,128,16,32,32,8,16,16,8,2,1,1,0,0,0,0,32,3,2110563,8215,2,12582960,16395,5,33554432,0,0,0,0,0,0,0,0.532517,92.8578,0,268435456,0,581238784,4194304,268500992,69484544,0,37312000,0,3,5.94228,0,0,0,1,1,6,22.5648,100,99.8216,1024,0,0,0,32
gemm_fast,701,16384,128,16,32,32,8,16,16,8,2,1,1,0,0,0,1,32,4,2107271,8527,5,16777384,16395,5,18874368,0,2,40,2097152,524288,0,0,0.533548,91.433,0,268435456,0,400883712,2097152,226557952,84197376,0,30693888,0,3,10.7455,0,0,0,1,1,6,37.1238,100,99.9967,1024,4096,0,0,32
gemm_fast,651,16384,128,16,32,32,8,16,16,8,2,1,1,0,0,1,0,32,5,2109983,8215,2,5243280,16395,5,17825792,0,3,27.7778,4194304,524288,0,0,0.534148,92.3295,0,268435456,0,400883712,2097152,222363648,94683136,0,30890496,0,4,11.2911,0,0,0,1,1,6,39.0125,100,99.9967,1024,2048,0,0,32
gemm_fast,340,16384,128,16,32,32,8,16,16,8,2,1,1,0,0,1,1,32,8,2109163,8215,5,9437232,16395,2,3145728,0,8,32.1429,6291456,1048576,0,0,0.533273,93.5089,0,268435456,0,231030784,2097152,176226304,17022976,0,21713920,0,5,22.6774,0,0,0,1,3,2,48.3688,100,99.9953,1024,6144,0,0,32
gemm_fast,1038,16384,128,16,32,32,8,16,16,8,2,1,2,0,0,0,0,32,3,2111195,8215,2,10486040,16395,6,33554432,0,0,0,0,0,0,0,0.532439,94.3672,0,268435456,0,375717888,2097152,201392128,82051072,0,29053952,0,2,7.15838,0,0,0,1,1,5,21.2365,100,99.9965,1024,0,0,0,32
gemm_fast,654,16384,128,16,32,32,8,16,16,8,2,1,2,0,0,0,1,32,5,2110535,8635,4,12582960,16395,6,18874368,0,2,40,2097152,524288,0,0,0.533414,90.9333,0,268435456,0,306544640,2097152,218169344,86278144,0,27548672,0,3,11.2671,0,0,0,1,1,6,33.814,100,99.9963,1024,4096,0,0,32
gemm_fast,420,16384,128,16,32,32,8,16,16,8,2,1,2,0,0,1,0,32,7,2105403,7663,2,3145776,16395,8,17825792,0,5,27.7778,4194304,524288,0,0,0.531959,97.3307,0,268435456,0,289767424,2097152,155254784,71581696,0,24599040,0,4,18.1032,0,0,0,1,2,5,47.8525,100,99.9958,1024,2048,0,0,38
gemm_fast,335,16384,128,16,32,32,8,16,16,8,2,1,2,0,0,1,1,32,8,2109427,8215,3,5242928,16475,2,3145728,0,8,32.1429,6291456,1048576,0,0,0.532825,93.552,0,268435456,0,220561408,2097152,167837696,17039360,0,21125120,0,5,22.753,0,0,0,1,3,2,48.5105,100,99.9952,1024,6144,0,0,32
gemm_fast,1248,16384,128,16,32,32,8,16,16,16,2,1,1,0,0,0,0,32,3,2110743,8215,2,12582960,16475,5,33554432,0,0,0,0,0,0,0,0.532749,93.3558,0,268435456,0,581238784,4194304,268500992,69484544,0,37312000,0,3,5.9407,0,0,0,1,1,6,22.4386,100,99.8216,1024,0,0,0,32
gemm_fast,635,16384,128,16,32,32,8,16,16,16,2,1,1,0,0,0,1,32,5,2108539,8231,4,12582960,16395,6,18874368,0,2,40,2097152,524288,0,0,0.5333,91.185,0,268435456,0,398786560,2097152,230752256,84148224,0,30757888,0,4,11.9203,0,0,0,1,1,6,40.9843,100,99.9967,1024,4096,0,0,38
gemm_fast,644,16384,128,16,32,32,8,16,16,16,2,1,1,0,0,1,0,32,5,2109771,8215,2,5243256,16395,5,17825792,0,3,27.7778,4194304,524288,0,0,0.533782,94.0265,0,268435456,0,400883712,2097152,222363648,94683136,0,30890496,0,4,11.4419,0,0,0,1,1,6,38.8204,100,99.9967,1024,2048,0,0,32
gemm_fast,333,16384,128,16,32,32,8,16,16,16,2,1,1,0,0,1,1,32,8,2108407,8215,3,5242928,16395,2,3145728,0,9,32.1429,6291456,1048576,0,0,0.532911,94.3623,0,268435456,0,222642176,2097152,180420608,19120128,0,21648384,0,5,22.9877,0,0,0,1,3,2,48.2063,100,99.9953,1024,6144,0,0,32
gemm_fast,1041,16384,128,16,32,32,8,16,16,16,2,1,2,0,0,0,0,32,3,2111071,8215,2,10485808,16395,6,33554432,0,0,0,0,0,0,0,0.532289,94.0255,0,268435456,0,375717888,2097152,201392128,82051072,0,29053952,0,2,7.14765,0,0,0,1,1,5,21.2818,100,99.9965,1024,0,0,0,32
gemm_fast,639,16384,128,16,32,32,8,16,16,16,2,1,2,0,0,0,1,32,5,2109903,8503,3,10485960,16395,6,18874368,0,2,40,2097152,524288,0,0,0.533192,92.8038,0,268435456,0,306544640,2097152,222363648,82083840,0,27548672,0,3,12.2467,0,0,0,1,1,6,35.085,100,99.9963,1024,4096,0,0,40
gemm_fast,418,16384,128,16,32,32,8,16,16,16,2,1,2,0,0,1,0,32,7,2105351,7811,2,3145792,16395,8,17825792,0,5,27.7778,4194304,524288,0,0,0.532148,97.2702,0,268435456,0,289767424,2097152,155254784,71581696,0,24599040,0,4,18.0711,0,0,0,1,2,5,47.7976,100,99.9958,1024,2048,0,0,38
gemm_fast,332,16384,128,16,32,32,8,16,16,16,2,1,2,0,0,1,1,32,8,2106679,8199,2,3145928,16395,2,3145728,0,9,32.1429,6291456,1048576,0,0,0.532197,95.4656,0,268435456,0,207978496,2097152,172032000,17039360,0,20862976,0,5,23.1901,0,0,0,1,3,2,47.6923,100,99.9951,1024,6144,0,0,32
gemm_fast,1245,16384,128,16,32,32,8,16,16,32,2,1,1,0,0,0,0,32,3,2110639,8215,2,12583288,16395,5,33554432,0,0,0,0,0,0,0,0.531927,94.1659,0,268435456,0,581238784,4194304,268500992,69484544,0,37312000,0,3,5.98465,0,0,0,1,1,6,22.41,100,99.8216,1024,0,0,0,32
gemm_fast,603,16384,128,16,32,32,8,16,16,32,2,1,1,0,0,0,1,32,5,2106571,8215,3,10486040,16395,6,18874368,0,2,40,2097152,524288,0,0,0.533243,91.6786,0,268435456,0,415563776,2097152,239140864,92585984,0,31808000,0,4,12.5073,0,0,0,1,1,7,44.4819,100,99.9968,1024,4096,0,0,32
gemm_fast,659,16384,128,16,32,32,8,16,16,32,2,1,1,0,0,1,0,32,5,2109511,8215,2,5242928,16395,5,17825792,0,3,27.7778,4194304,524288,0,0,0.534014,93.2759,0,268435456,0,400883712,2097152,222363648,94683136,0,30890496,0,4,11.3883,0,0,0,1,1,6,38.9496,100,99.9967,1024,2048,0,0,32
gemm_fast,332,16384,128,16,32,32,8,16,16,32,2,1,1,0,0,1,1,32,8,2108063,8215,2,3145784,16395,2,3145728,0,8,32.1429,6291456,1048576,0,0,0.533134,93.3483,0,268435456,0,245710848,2097152,188809216,25427968,0,22828544,0,5,22.7689,0,0,0,1,4,2,51.5069,100,99.9955,1024,6144,0,0,32
gemm_fast,1933,32768,256,16,32,32,8,32,8,8,2,1,1,0,0,0,0,32,2,2343482,8231,2,20971800,16395,5,50331648,0,0,0,0,0,0,0,0.964119,76.7873,0,268435456,0,742817792,4194304,402718720,147292160,0,48922624,0,2,3.59221,0,0,0,1,1,6,21.5064,100,99.9958,1024,0,0,0,32
gemm_fast,1649,32768,256,16,32,32,8,32,8,8,2,1,1,0,0,0,1,32,2,2120371,8215,3,25165888,16395,4,35651584,0,2,22.2222,4194304,524288,0,0,0.974448,69.2659,0,268435456,0,575045632,4194304,432078848,151519232,0,44729344,0,3,4.476,0,0,0,1,1,6,28.1942,100,99.9954,1024,4096,0,0,32
gemm_fast,716,32768,256,16,32,32,8,32,8,8,2,1,1,0,0,1,0,32,4,2116087,8495,2,6291640,16395,5,17825792,0,5,27.2727,8388608,262144,0,0,0.636042,78.7862,0,268435456,0,541491200,4194304,289472512,113737728,0,38043648,0,4,9.78474,0,0,0,1,2,6,46.2324,100,99.9946,1024,2048,0,0,40
gemm_fast,613,32768,256,16,32,32,8,32,8,8,2,1,1,0,0,1,1,32,5,2113543,8215,3,10485992,16475,1,3145728,0,8,25.4902,12582912,786432,0,0,0.885349,84.7039,0,268435456,0,314998784,4194304,310444032,13074432,0,28475392,0,4,11.7275,0,0,0,1,4,2,33.3672,100,99.9928,1024,6144,0,0,30
gemm_fast,1535,32768,256,16,32,32,8,32,8,8,2,2,1,0,0,0,0,32,2,2122587,8439,2,12583168,8203,6,50331648,0,0,0,0,0,0,0,0.73184,74.2049,0,268435456,0,713457664,4194304,268468224,113770496,0,42762240,0,3,4.85935,0,0,0,1,1,6,27.5454,100,99.9952,1024,0,0,0,40
gemm_fast,1089,32768,256,16,32,32,8,32,8,8,2,2,1,0,0,0,1,32,3,2113543,8215,3,16777448,8203,7,35651584,0,2,22.2222,4194304,524288,0,0,0.968861,78.9033,0,268435456,0,541523968,4194304,297828352,122060800,0,38565888,0,3,7.17147,0,0,0,1,2,5,35.1075,100,99.9947,1024,4096,0,0,32
gemm_fast,703,32768,256,16,32,32,8,32,8,8,2,2,1,0,0,1,0,32,4,2116799,7783,2,5242928,8203,5,17825792,0,5,27.2727,8388608,262144,0,0,0.665991,77.7714,0,268435456,0,541556736,4194304,285245440,122159104,0,38176768,0,4,10.0062,0,0,0,1,2,6,48.2963,100,99.9946,1024,2048,0,0,38
gemm_fast,605,32768,256,16,32,32,8,32,8,8,2,2,1,0,0,1,1,32,5,2113547,8215,3,9437248,8203,1,3145728,0,8,25.4902,12582912,786432,0,0,0.877636,84.2956,0,268435456,0,323387392,4227072,306216960,17104896,0,28732416,0,4,11.6314,0,0,0,1,4,1,34.7533,100,99.9929,1024,6144,0,0,28
gemm_fast,2166,32768,256,16,32,32,8,32,8,16,2,1,1,0,0,0,0,32,2,2345885,8215,2,20971568,16395,5,50331648,0,0,0,0,0,0,0,0.963515,72.4696,0,268435456,0,742817792,4194304,402718720,147292160,0,48922624,0,2,3.3925,0,0,0,1,1,6,21.5208,100,99.9958,1024,0,0,0,32
gemm_fast,1582,32768,256,16,32,32,8,32,8,16,2,1,1,0,0,0,1,32,2,2113543,8151,3,20971568,16395,5,35651584,0,2,22.2222,4194304,524288,0,0,0.973094,82.6153,0,268435456,0,608600064,4194304,436273152,147324928,0,45777920,0,3,5.74927,0,0,0,1,1,6,30.4731,100,99.9955,1024,4096,0,0,32
gemm_fast,765,32768,256,16,32,32,8,32,8,16,2,1,1,0,0,1,0,32,4,2118935,8027,2,6291504,16395,5,17825792,0,5,27.2727,8388608,262144,0,0,0.662517,77.1895,0,268435456,0,541491200,4194304,289472512,113737728,0,38043648,0,4,9.76243,0,0,0,1,2,6,47.0809,100,99.9946,1024,2048,0,0,40
gemm_fast,598,32768,256,16,32,32,8,32,8,16,2,1,1,0,0,1,1,32,5,2113595,8215,2,6291552,16395,1,3145728,0,9,25.4902,12582912,786432,0,0,0.881789,90.5078,0,268435456,0,348553216,4194304,314638336,17268736,0,29786112,0,4,12.5792,0,0,0,1,4,2,35.667,100,99.9931,1024,6144,0,0,29
gemm_fast,1525,32768,256,16,32,32,8,32,8,16,2,2,1,0,0,0,0,32,2,2122147,7911,2,12583008,8203,6,50331648,0,0,0,0,0,0,0,0.694942,73.6732,0,268435456,0,713457664,4194304,268468224,113770496,0,42762240,0,3,4.86831,0,0,0,1,1,6,27.7953,100,99.9952,1024,0,0,0,40
gemm_fast,964,32768,256,16,32,32,8,32,8,16,2,2,1,0,0,0,1,32,3,2119927,8215,3,12583336,8203,7,35651584,0,2,22.2222,4194304,524288,0,0,0.715341,74.2266,0,268435456,0,566689792,4194304,302022656,122126336,0,39485440,0,4,7.69453,0,0,0,1,2,5,41.5016,100,99.9948,1024,4096,0,0,40
gemm_fast,751,32768,256,16,32,32,8,32,8,16,2,2,1,0,0,1,0,32,4,2117035,8255,2,5242952,8203,5,17825792,0,5,27.2727,8388608,262144,0,0,0.680591,76.6261,0,268435456,0,541556736,4194304,285245440,122159104,0,38176768,0,4,9.9801,0,0,0,1,2,6,48.8905,100,99.9946,1024,2048,0,0,38
gemm_fast,596,32768,256,16,32,32,8,32,8,16,2,2,1,0,0,1,1,32,5,2113799,8215,2,5242928,8203,1,3145728,0,8,25.4902,12582912,786432,0,0,0.881246,84.9358,0,268435456,0,335970304,4227072,310411264,17104896,0,29256704,0,4,11.8422,0,0,0,1,4,1,35.1164,100,99.993,1024,6144,0,0,29
gemm_fast,2040,32768,256,16,32,32,8,32,8,32,2,1,1,0,0,0,0,32,2,2347068,8215,2,20971568,16475,5,50331648,0,0,0,0,0,0,0,0.963736,76.1635,0,268435456,0,742817792,4194304,402718720,147292160,0,48922624,0,2,3.57661,0,0,0,1,1,6,21.5883,100,99.9958,1024,0,0,0,32
gemm_fast,1228,32768,256,16,32,32,8,32,8,32,2,1,1,0,0,0,1,32,3,2113567,8215,3,18874416,16395,5,35651584,0,2,22.2222,4194304,524288,0,0,0.972768,78.693,0,268435456,0,604405760,4194304,444661760,159907840,0,46302208,0,3,5.70817,0,0,0,1,1,7,32.6683,100,99.9956,1024,4096,0,0,32
gemm_fast,766,32768,256,16,32,32,8,32,8,32,2,1,1,0,0,1,0,32,4,2116671,9175,2,6291512,16395,5,17825792,0,5,27.2727,8388608,262144,0,0,0.63925,79.7829,0,268435456,0,541491200,4194304,289472512,113737728,0,38043648,0,4,9.81681,0,0,0,1,2,6,45.8043,100,99.9946,1024,2048,0,0,40
gemm_fast,595,32768,256,16,32,32,8,32,8,32,2,1,1,0,0,1,1,32,5,2113595,8215,2,4194488,16395,1,3145728,0,9,25.4902,12582912,786432,0,0,0.881143,90.9639,0,268435456,0,348553216,4194304,323026944,21463040,0,30179328,0,4,12.6323,0,0,0,1,4,2,36.506,100,99.9932,1024,6144,0,0,30
gemm_fast,1417,32768,256,16,32,32,8,32,8,32,2,2,1,0,0,0,0,32,2,2122211,7631,2,12582960,8203,6,50331648,0,0,0,0,0,0,0,0.712012,72.8857,0,268435456,0,713457664,4194304,268468224,113770496,0,42762240,0,3,4.83207,0,0,0,1,1,6,27.8863,100,99.9952,1024,0,0,0,40
gemm_fast,969,32768,256,16,32,32,8,32,8,32,2,2,1,0,0,0,1,32,3,2121167,7831,2,10485808,8203,7,35651584,0,2,22.2222,4194304,524288,0,0,0.715409,74.7219,0,268435456,0,562495488,4194304,310411264,130514944,0,39878656,0,4,7.80313,0,0,0,1,2,5,42.2978,100,99.9949,1024,4096,0,0,40
gemm_fast,752,32768,256,16,32,32,8,32,8,32,2,2,1,0,0,1,0,32,4,2116687,8143,2,5242944,8203,5,17825792,0,5,27.2727,8388608,262144,0,0,0.628049,82.4087,0,268435456,0,541556736,4194304,285245440,122159104,0,38176768,0,4,10.0497,0,0,0,1,2,6,45.7766,100,99.9946,1024,2048,0,0,38
gemm_fast,595,32768,256,16,32,32,8,32,8,32,2,2,1,0,0,1,1,32,5,2113871,8215,1,3145776,8203,1,3145728,0,9,25.4902,12582912,786432,0,0,0.880418,91.1833,0,268435456,0,331776000,4227072,318799872,25493504,0,29649920,0,4,12.7196,0,0,0,1,4,1,36.0057,100,99.9931,1024,6144,0,0,30
gemm_fast,2052,32768,256,16,32,32,8,32,16,8,2,1,1,0,0,0,0,32,2,2348708,8215,2,20971912,16395,5,50331648,0,0,0,0,0,0,0,0.96482,77.3771,0,268435456,0,742817792,4194304,402718720,147292160,0,48922624,0,2,3.5876,0,0,0,1,1,6,21.315,100,99.9958,1024,0,0,0,32
gemm_fast,1468,32768,256,16,32,32,8,32,16,8,2,1,1,0,0,0,1,32,2,2113543,8215,3,25165976,16395,5,35651584,0,2,22.2222,4194304,524288,0,0,0.97217,79.1611,0,268435456,0,575045632,4194304,432078848,151519232,0,44729344,0,3,5.27212,0,0,0,1,1,6,29.0578,100,99.9954,1024,4096,0,0,32
gemm_fast,762,32768,256,16,32,32,8,32,16,8,2,1,1,0,0,1,0,32,4,2115563,7955,2,5242928,16395,5,17825792,0,5,26.4706,8388608,524288,0,0,0.622032,85.9391,0,268435456,0,570851328,4194304,293666816,113737728,0,39092224,0,4,10.5843,0,0,0,1,2,6,47.1948,100,99.9948,1024,2048,0,0,40
gemm_fast,621,32768,256,16,32,32,8,32,16,8,2,1,1,0,0,1,1,32,5,2113543,8215,3,9437336,16395,1,3145728,0,8,25,12582912,1048576,0,0,0.876819,85.3034,0,268435456,0,361136128,4194304,314638336,17268736,0,30179328,0,4,11.5403,0,0,0,1,4,2,36.1974,100,99.9932,1024,6144,0,0,32
gemm_fast,2054,32768,256,16,32,32,8,32,16,16,2,1,1,0,0,0,0,32,2,2352143,8215,2,20971576,16395,5,50331648,0,0,0,0,0,0,0,0.964741,77.1524,0,268435456,0,742817792,4194304,402718720,147292160,0,48922624,0,2,3.57394,0,0,0,1,1,6,21.2957,100,99.9958,1024,0,0,0,32
gemm_fast,1331,32768,256,16,32,32,8,32,16,16,2,1,1,0,0,0,1,32,2,2113543,8215,3,20971768,16395,5,35651584,0,2,22.2222,4194304,524288,0,0,0.970233,79.6169,0,268435456,0,608600064,4194304,436273152,147324928,0,45777920,0,3,5.77969,0,0,0,1,1,7,31.7881,100,99.9955,1024,4096,0,0,32
gemm_fast,768,32768,256,16,32,32,8,32,16,16,2,1,1,0,0,1,0,32,4,2116087,8151,2,5242960,16395,5,17825792,0,5,26.4706,8388608,524288,0,0,0.636821,79.59,0,268435456,0,570851328,4194304,293666816,113737728,0,39092224,0,4,9.83335,0,0,0,1,2,6,47.3438,100,99.9948,1024,2048,0,0,40
gemm_fast,604,32768,256,16,32,32,8,32,16,16,2,1,1,0,0,1,1,32,5,2113703,8215,2,5243080,16395,1,3145728,0,9,25,12582912,1048576,0,0,0.885287,90.7416,0,268435456,0,361136128,4194304,318832640,17268736,0,30310400,0,4,12.4627,0,0,0,1,4,2,35.6749,100,99.9932,1024,6144,0,0,30
gemm_fast,2050,32768,256,16,32,32,8,32,16,32,2,1,1,0,0,0,0,32,2,2342364,8215,2,20971568,16395,5,50331648,0,0,0,0,0,0,0,0.96451,77.372,0,268435456,0,742817792,4194304,402718720,147292160,0,48922624,0,2,3.59806,0,0,0,1,1,6,21.3785,100,99.9958,1024,0,0,0,32
gemm_fast,1223,32768,256,16,32,32,8,32,16,32,2,1,1,0,0,0,1,32,3,2115591,8231,3,18874416,16395,5,35651584,0,2,22.2222,4194304,524288,0,0,0.937867,70.0452,0,268435456,0,604405760,4194304,444661760,159907840,0,46302208,0,3,5.35041,0,0,0,1,1,7,34.4012,100,99.9956,1024,4096,0,0,32
gemm_fast,715,32768,256,16,32,32,8,32,16,32,2,1,1,0,0,1,0,32,4,2115851,8255,2,5242928,16395,5,17825792,0,5,26.4706,8388608,524288,0,0,0.636324,79.2086,0,268435456,0,570851328,4194304,293666816,113737728,0,39092224,0,4,9.78022,0,0,0,1,2,6,47.3149,100,99.9948,1024,2048,0,0,40
gemm_fast,601,32768,256,16,32,32,8,32,16,32,2,1,1,0,0,1,1,32,5,2113807,8231,1,3145776,16395,1,3145728,0,9,25,12582912,1048576,0,0,0.884255,90.5306,0,268435456,0,377913344,4194304,327221248,25657344,0,31358976,0,4,12.4302,0,0,0,1,4,2,38.0248,100,99.9935,1024,6144,0,0,30
gemm_fast,1366,16384,128,16,32,32,16,8,8,8,2,1,1,0,0,0,0,32,2,2110703,8215,2,12582960,8203,6,41943040,0,0,0,0,0,0,0,0.53224,93.9777,0,268435456,0,579141632,4194304,335609856,119832576,0,40916992,0,2,5.4534,0,0,0,1,1,6,21.8659,100,99.8373,1024,0,0,0,32
gemm_fast,451,16384,128,16,32,32,16,8,8,8,2,1,1,0,0,0,1,32,6,2105535,8243,5,12582968,8203,5,10485760,0,4,22.2222,4194304,524288,0,0,0.530172,95.232,0,268435456,0,400883712,2097152,159449088,73662464,0,28267520,0,5,16.861,0,0,0,1,2,5,50.6665,100,99.9964,1024,4096,0,0,40
gemm_fast,1079,16384,128,16,32,32,16,8,8,8,2,1,1,0,0,1,0,32,3,2110771,8215,2,10485968,8283,6,34603008,0,1,50,2097152,524288,0,0,0.534255,93.16,0,268435456,0,402964480,2097152,352387072,168132608,0,37314048,0,2,6.8567,0,0,0,1,1,7,25.0895,100,99.9973,1024,2048,0,0,32
gemm_fast,355,16384,128,16,32,32,16,8,8,8,2,1,1,0,0,1,1,32,8,2108819,8215,6,10485816,8203,2,3145728,0,8,32.1429,6291456,1048576,0,0,0.532852,93.6835,0,268435456,0,222625792,2097152,172032000,10747904,0,21124096,0,5,21.5429,0,0,0,1,3,2,44.2459,100,99.9952,1024,6144,0,0,32
gemm_fast,1022,16384,128,16,32,32,16,8,8,8,2,1,2,0,0,0,0,32,3,2110495,8215,2,8388656,8203,8,41943040,0,0,0,0,0,0,0,0.530899,93.4788,0,268435456,0,560316416,2097152,201392128,71647232,0,34497536,0,3,7.23451,0,0,0,1,1,5,27.5919,100,99.997,1024,0,0,0,40
gemm_fast,380,16384,128,16,32,32,16,8,8,8,2,1,2,0,0,0,1,32,7,2107019,8215,4,8388656,8203,6,10485760,0,5,22.2222,4194304,524288,0,0,0.532258,95.658,0,268435456,0,291864576,2097152,151060480,73678848,0,24599040,0,5,20.1474,0,0,0,1,2,5,52.8707,100,99.9958,1024,4096,0,0,32
gemm_fast,726,16384,128,16,32,32,16,8,8,8,2,1,2,0,0,1,0,32,4,2110883,8215,2,6291504,8203,9,34603008,0,2,50,2097152,524288,0,0,0.534493,95.366,0,268435456,0,402997248,2097152,218169344,75776000,0,30234624,0,3,10.2607,0,0,0,1,1,5,31.7994,100,99.9966,1024,2048,0,0,32
gemm_fast,345,16384,128,16,32,32,16,8,8,8,2,1,2,0,0,1,1,32,8,2109195,8215,4,6291504,8203,2,3145728,0,8,32.1429,6291456,1048576,0,0,0.533226,92.8807,0,268435456,0,205881344,2097152,163643392,10764288,0,20339200,0,5,22.4978,0,0,0,1,3,2,45.8541,100,99.995,1024,6144,0,0,32
gemm_fast,827,16384,128,16,32,32,16,8,8,8,2,1,4,0,0,0,0,32,4,2110135,8215,2,6291504,8203,9,41943040,0,0,0,0,0,0,0,0.532972,95.4828,0,268435456,0,361054208,2097152,134283264,73678848,0,26236928,0,3,8.87524,0,0,0,1,1,4,24.5687,100,99.9961,1024,0,0,0,40
gemm_fast,357,16384,128,16,32,32,16,8,8,8,2,1,4,0,0,0,1,32,8,2105963,8123,4,6291784,8203,6,10485760,0,5,22.2222,4194304,524288,0,0,0.531933,95.9816,0,268435456,0,289767424,2097152,146866176,73678848,0,24402432,0,5,21.419,0,0,0,1,2,5,56.017,100,99.9958,1024,4096,0,0,32
gemm_fast,681,16384,128,16,32,32,16,8,8,8,2,1,4,0,0,1,0,32,4,2110883,8215,2,4194352,8203,10,34603008,0,2,50,2097152,524288,0,0,0.534521,94.7765,0,268435456,0,293961728,2097152,151060480,61095936,0,24271360,0,3,10.9961,0,0,0,1,1,3,29.9403,100,99.9958,1024,2048,0,0,38
gemm_fast,337,16384,128,16,32,32,16,8,8,8,2,1,4,0,0,1,1,32,8,2108515,8215,3,4194352,8203,2,3145728,0,9,32.1429,6291456,1048576,0,0,0.533266,94.7874,0,268435456,0,212172800,2097152,159449088,10764288,0,20404736,0,5,22.9761,0,0,0,1,3,1,46.0764,100,99.995,1024,6144,0,0,32
gemm_fast,1361,16384,128,16,32,32,16,8,8,16,2,1,1,0,0,0,0,32,2,2110711,8215,2,12582976,8203,6,41943040,0,0,0,0,0,0,0,0.531903,93.2528,0,268435456,0,579141632,4194304,335609856,119832576,0,40916992,0,2,5.39652,0,0,0,1,1,6,21.8062,100,99.8373,1024,0,0,0,32
gemm_fast,381,16384,128,16,32,32,16,8,8,16,2,1,1,0,0,0,1,32,7,2106911,8215,4,8388664,8203,6,10485760,0,5,22.2222,4194304,524288,0,0,0.528214,95.1378,0,268435456,0,400883712,2097152,163643392,75759616,0,28464128,0,6,20.1501,0,0,0,1,2,6,61.1052,100,99.9964,1024,4096,0,0,40
gemm_fast,1078,16384,128,16,32,32,16,8,8,16,2,1,1,0,0,1,0,32,3,2110627,8215,2,10485952,8203,6,34603008,0,1,50,2097152,524288,0,0,0.53421,93.5541,0,268435456,0,402964480,2097152,352387072,168132608,0,37314048,0,2,6.89628,0,0,0,1,1,7,25.1282,100,99.9973,1024,2048,0,0,32
gemm_fast,338,16384,128,16,32,32,16,8,8,16,2,1,1,0,0,1,1,32,8,2108263,8215,4,6291504,8203,2,3145728,0,9,32.1429,6291456,1048576,0,0,0.532748,94.4025,0,268435456,0,233111552,2097152,176226304,14942208,0,21713920,0,5,22.9134,0,0,0,1,3,2,48.2195,100,99.9953,1024,6144,0,0,32
gemm_fast,1028,16384,128,16,32,32,16,8,8,16,2,1,2,0,0,0,0,32,3,2110487,8215,2,8388656,8203,8,41943040,0,0,0,0,0,0,0,0.532856,93.145,0,268435456,0,560316416,2097152,201392128,71647232,0,34497536,0,3,7.27548,0,0,0,1,1,5,27.8476,100,99.997,1024,0,0,0,40
gemm_fast,359,16384,128,16,32,32,16,8,8,16,2,1,2,0,0,0,1,32,8,2107027,8215,4,6291776,8203,6,10485760,0,5,22.2222,4194304,524288,0,0,0.532366,95.7488,0,268435456,0,289767424,2097152,155254784,75776000,0,24730112,0,5,21.3712,0,0,0,1,2,6,56.3764,100,99.9959,1024,4096,0,0,32
gemm_fast,737,16384,128,16,32,32,16,8,8,16,2,1,2,0,0,1,0,32,4,2110671,8215,2,6291832,8203,9,34603008,0,2,50,2097152,524288,0,0,0.534448,94.4586,0,268435456,0,402997248,2097152,218169344,75776000,0,30234624,0,3,10.1957,0,0,0,1,1,5,31.9018,100,99.9966,1024,2048,0,0,32
gemm_fast,334,16384,128,16,32,32,16,8,8,16,2,1,2,0,0,1,1,32,8,2109203,8215,3,4194352,8203,2,3145728,0,9,32.1429,6291456,1048576,0,0,0.533097,94.5986,0,268435456,0,220561408,2097152,167837696,12861440,0,20994560,0,5,22.9254,0,0,0,1,3,2,47.7705,100,99.9951,1024,6144,0,0,32
gemm_fast,1367,16384,128,16,32,32,16,8,8,32,2,1,1,0,0,0,0,32,2,2110591,8215,2,12583016,8203,6,41943040,0,0,0,0,0,0,0,0.533099,93.2071,0,268435456,0,579141632,4194304,335609856,119832576,0,40916992,0,2,5.40428,0,0,0,1,1,6,21.8481,100,99.8373,1024,0,0,0,32
gemm_fast,374,16384,128,16,32,32,16,8,8,32,2,1,1,0,0,0,1,32,8,2106647,8215,3,6291688,8203,6,10485760,0,5,22.2222,4194304,524288,0,0,0.527523,94.5808,0,268435456,0,415563776,2097152,172032000,82051072,0,29381632,0,6,20.4332,0,0,0,1,2,6,65.7042,100,99.9965,1024,4096,0,0,40
gemm_fast,1082,16384,128,16,32,32,16,8,8,32,2,1,1,0,0,1,0,32,3,2110387,8231,2,10486064,8203,6,34603008,0,1,50,2097152,524288,0,0,0.534285,92.8062,0,268435456,0,402964480,2097152,352387072,168132608,0,37314048,0,2,6.84954,0,0,0,1,1,7,25.1589,100,99.9973,1024,2048,0,0,32
gemm_fast,336,16384,128,16,32,32,16,8,8,32,2,1,1,0,0,1,1,32,8,2108311,8215,3,4194640,8203,2,3145728,0,8,32.1429,6291456,1048576,0,0,0.532648,93.0904,0,268435456,0,247791616,2097152,184614912,19136512,0,22565888,0,5,22.5822,0,0,0,1,4,2,50.6561,100,99.9955,1024,6144,0,0,32
gemm_fast,1359,16384,128,16,32,32,16,8,16,8,2,1,1,0,0,0,0,32,2,2110403,8215,2,12583336,8203,6,41943040,0,0,0,0,0,0,0,0.532177,94.1525,0,268435456,0,579141632,4194304,335609856,119832576,0,40916992,0,2,5.41264,0,0,0,1,1,6,21.6621,100,99.8373,1024,0,0,0,32
gemm_fast,450,16384,128,16,32,32,16,8,16,8,2,1,1,0,0,0,1,32,6,2106287,8215,5,12582960,8203,5,10485760,0,4,22.2222,4194304,524288,0,0,0.529732,94.9973,0,268435456,0,400883712,2097152,159449088,73662464,0,28267520,0,5,16.8304,0,0,0,1,2,5,50.6993,100,99.9964,1024,4096,0,0,40
gemm_fast,1060,16384,128,16,32,32,16,8,16,8,2,1,1,0,0,1,0,32,3,2110627,8215,2,9437280,8203,6,34603008,0,1,50,2097152,524288,0,0,0.533473,93.3844,0,268435456,0,400867328,2097152,356581376,159744000,0,37117440,0,2,6.99251,0,0,0,1,1,7,25.6421,100,99.9972,1024,2048,0,0,32
gemm_fast,339,16384,128,16,32,32,16,8,16,8,2,1,1,0,0,1,1,32,8,2109595,8215,5,9437248,8203,2,3145728,0,8,32.1429,6291456,1048576,0,0,0.533012,94.0844,0,268435456,0,231014400,2097152,176226304,14942208,0,21648384,0,5,22.8207,0,0,0,1,3,2,48.3761,100,99.9953,1024,6144,0,0,32
gemm_fast,1039,16384,128,16,32,32,16,8,16,8,2,1,2,0,0,0,0,32,3,2110431,8215,2,8388680,8203,8,41943040,0,0,0,0,0,0,0,0.531992,92.2445,0,268435456,0,560316416,2097152,201392128,71647232,0,34497536,0,3,7.16516,0,0,0,1,1,5,27.6933,100,99.997,1024,0,0,0,40
gemm_fast,379,16384,128,16,32,32,16,8,16,8,2,1,2,0,0,0,1,32,7,2107403,8215,4,8388656,8203,6,10485760,0,5,22.2222,4194304,524288,0,0,0.531935,95.4921,0,268435456,0,291864576,2097152,151060480,73678848,0,24599040,0,5,20.0927,0,0,0,1,2,5,52.8187,100,99.9958,1024,4096,0,0,32
gemm_fast,715,16384,128,16,32,32,16,8,16,8,2,1,2,0,0,1,0,32,4,2110851,8215,2,5242928,8203,9,34603008,0,2,50,2097152,524288,0,0,0.534529,94.778,0,268435456,0,400900096,2097152,222363648,82067456,0,30496768,0,3,10.5036,0,0,0,1,1,5,33.1005,100,99.9966,1024,2048,0,0,32
gemm_fast,338,16384,128,16,32,32,16,8,16,8,2,1,2,0,0,1,1,32,8,2109795,8215,3,5242928,8203,2,3145728,0,8,32.1429,6291456,1048576,0,0,0.533165,94.0281,0,268435456,0,220561408,2097152,167837696,12861440,0,20994560,0,5,22.8527,0,0,0,1,3,2,47.3382,100,99.9951,1024,6144,0,0,32
gemm_fast,837,16384,128,16,32,32,16,8,16,8,2,1,4,0,0,0,0,32,4,2110219,8215,2,6291504,8203,9,41943040,0,0,0,0,0,0,0,0.533408,95.201,0,268435456,0,361054208,2097152,134283264,73678848,0,26236928,0,3,8.89911,0,0,0,1,1,4,24.7077,100,99.9961,1024,0,0,0,40
gemm_fast,357,16384,128,16,32,32,16,8,16,8,2,1,4,0,0,0,1,32,8,2105415,8183,4,6291504,8203,6,10485760,0,5,22.2222,4194304,524288,0,0,0.531946,95.1208,0,268435456,0,289767424,2097152,146866176,73678848,0,24402432,0,5,21.317,0,0,0,1,2,5,56.2548,100,99.9958,1024,4096,0,0,32
gemm_fast,662,16384,128,16,32,32,16,8,16,8,2,1,4,0,0,1,0,32,4,2110775,8215,1,3145776,8203,10,34603008,0,2,50,2097152,524288,0,0,0.534478,94.7141,0,268435456,0,291864576,2097152,155254784,67387392,0,24533504,0,3,11.2834,0,0,0,1,1,3,31.0217,100,99.9958,1024,2048,0,0,38
gemm_fast,331,16384,128,16,32,32,16,8,16,8,2,1,4,0,0,1,1,32,8,2106971,8215,2,3145776,8203,2,3145728,0,9,32.1429,6291456,1048576,0,0,0.532534,95.4537,0,268435456,0,216367104,2097152,163643392,14958592,0,20797952,0,5,23.1892,0,0,0,1,3,1,47.8872,100,99.9951,1024,6144,0,0,32
gemm_fast,1372,16384,128,16,32,32,16,8,16,16,2,1,1,0,0,0,0,32,2,2110823,8215,2,12582960,8203,6,41943040,0,0,0,0,0,0,0,0.532087,93.9152,0,268435456,0,579141632,4194304,335609856,119832576,0,40916992,0,2,5.43693,0,0,0,1,1,6,21.8144,100,99.8373,1024,0,0,0,32
gemm_fast,380,16384,128,16,32,32,16,8,16,16,2,1,1,0,0,0,1,32,7,2106751,8215,4,8388704,8203,6,10485760,0,5,22.2222,4194304,524288,0,0,0.527862,95.5885,0,268435456,0,400883712,2097152,163643392,75759616,0,28464128,0,6,20.1579,0,0,0,1,2,6,60.8406,100,99.9964,1024,4096,0,0,40
gemm_fast,1069,16384,128,16,32,32,16,8,16,16,2,1,1,0,0,1,0,32,3,2110107,8215,2,9437544,8203,6,34603008,0,1,50,2097152,524288,0,0,0.533557,93.5362,0,268435456,0,400867328,2097152,356581376,159744000,0,37117440,0,2,6.99261,0,0,0,1,1,7,25.6008,100,99.9972,1024,2048,0,0,32
gemm_fast,337,16384,128,16,32,32,16,8,16,16,2,1,1,0,0,1,1,32,8,2109143,8215,3,5242928,8203,2,3145728,0,9,32.1429,6291456,1048576,0,0,0.53305,94.9716,0,268435456,0,224722944,2097152,180420608,19136512,0,21713920,0,5,23.154,0,0,0,1,3,2,47.8626,100,99.9953,1024,6144,0,0,32
gemm_fast,1026,16384,128,16,32,32,16,8,16,16,2,1,2,0,0,0,0,32,3,2110807,8215,2,8388656,8203,8,41943040,0,0,0,0,0,0,0,0.530347,94.9088,0,268435456,0,560316416,2097152,201392128,71647232,0,34497536,0,3,7.32624,0,0,0,1,1,5,27.5209,100,99.997,1024,0,0,0,40
gemm_fast,359,16384,128,16,32,32,16,8,16,16,2,1,2,0,0,0,1,32,8,2105819,8215,4,6291640,8203,6,10485760,0,5,22.2222,4194304,524288,0,0,0.532031,96.0065,0,268435456,0,289767424,2097152,155254784,75776000,0,24730112,0,5,21.3938,0,0,0,1,2,6,56.2847,100,99.9959,1024,4096,0,0,32
gemm_fast,714,16384,128,16,32,32,16,8,16,16,2,1,2,0,0,1,0,32,4,2110795,8215,2,5243080,8203,9,34603008,0,2,50,2097152,524288,0,0,0.534518,95.5418,0,268435456,0,400900096,2097152,222363648,82067456,0,30496768,0,3,10.5817,0,0,0,1,1,5,33.08,100,99.9966,1024,2048,0,0,32
gemm_fast,329,16384,128,16,32,32,16,8,16,16,2,1,2,0,0,1,1,32,9,2106531,8191,2,3145776,8203,2,3145728,0,9,32.1429,6291456,1048576,0,0,0.532647,95.8138,0,268435456,0,205881344,2097152,172032000,14958592,0,20732416,0,5,23.254,0,0,0,1,3,2,46.5137,100,99.9951,1024,6144,0,0,32
gemm_fast,1361,16384,128,16,32,32,16,8,16,32,2,1,1,0,0,0,0,32,2,2111115,8215,2,12583520,8203,6,41943040,0,0,0,0,0,0,0,0.532148,93.7645,0,268435456,0,579141632,4194304,335609856,119832576,0,40916992,0,2,5.45525,0,0,0,1,1,6,21.9231,100,99.8373,1024,0,0,0,32
gemm_fast,374,16384,128,16,32,32,16,8,16,32,2,1,1,0,0,0,1,32,8,2106859,8215,3,6291504,8203,6,10485760,0,5,22.2222,4194304,524288,0,0,0.52767,95.1269,0,268435456,0,415563776,2097152,172032000,82051072,0,29381632,0,6,20.4669,0,0,0,1,2,6,65.4358,100,99.9965,1024,4096,0,0,40
gemm_fast,1064,16384,128,16,32,32,16,8,16,32,2,1,1,0,0,1,0,32,3,2110735,8215,2,9437232,8203,6,34603008,0,1,50,2097152,524288,0,0,0.533591,92.4855,0,268435456,0,400867328,2097152,356581376,159744000,0,37117440,0,2,6.92907,0,0,0,1,1,7,25.6564,100,99.9972,1024,2048,0,0,32
gemm_fast,336,16384,128,16,32,32,16,8,16,32,2,1,1,0,0,1,1,32,8,2108579,8231,2,3145776,8203,2,3145728,0,8,32.1429,6291456,1048576,0,0,0.532821,93.5303,0,268435456,0,245694464,2097152,188809216,25427968,0,22828032,0,5,22.7535,0,0,0,1,4,2,51.9406,100,99.9955,1024,6144,0,0,32
gemm_fast,1976,32768,256,16,32,32,16,16,8,8,2,1,1,0,0,0,0,32,2,2264762,8215,2,16777280,8203,5,50331648,0,0,0,0,0,0,0,0.965685,75.7508,0,268435456,0,743047168,4194304,402718720,130514944,0,48405504,0,2,3.7415,0,0,0,1,1,6,22.6351,100,99.9958,1024,0,0,0,32
gemm_fast,807,32768,256,16,32,32,16,16,8,8,2,1,1,0,0,0,1,32,4,2118187,7847,4,16777264,8203,5,18874368,0,3,22.2222,4194304,524288,0,0,0.62828,78.0846,0,268435456,0,545914880,4194304,297861120,126353408,0,38838272,0,4,9.14224,0,0,0,1,2,6,45.4216,100,99.9947,1024,4096,0,0,36
gemm_fast,1282,32768,256,16,32,32,16,16,8,8,2,1,1,0,0,1,0,32,3,2113543,8215,2,10486232,8203,5,34603008,0,2,52.9412,4194304,262144,0,0,0.919966,77.2224,0,268435456,0,583663616,4194304,423690240,151519232,0,44736512,0,3,5.3144,0,0,0,1,1,6,28.4205,100,99.9954,1024,2048,0,0,32
gemm_fast,488,32768,256,16,32,32,16,16,8,8,2,1,1,0,0,1,1,32,6,2113543,8215,4,10485808,8203,2,3145728,0,7,37.1429,8388608,786432,0,0,0.866469,83.4498,0,268435456,0,315228160,4194304,310444032,13074432,0,28482560,0,4,15.2895,0,0,0,1,5,2,44.173,100,99.9928,1024,6144,0,0,32
gemm_fast,1465,32768,256,16,32,32,16,16,8,8,2,1,2,0,0,0,0,32,2,2123788,8163,2,12583128,8203,7,50331648,0,0,0,0,0,0,0,0.709596,73.5167,0,268435456,0,713719808,4194304,268500992,113770496,0,42771456,0,3,5.00972,0,0,0,1,1,6,27.929,100,99.9952,1024,0,0,0,40
gemm_fast,677,32768,256,16,32,32,16,16,8,8,2,1,2,0,0,0,1,32,4,2113543,8215,4,12582968,8203,6,18874368,0,3,22.2222,4194304,524288,0,0,0.825258,85.7987,0,268435456,0,545947648,4194304,289472512,130613248,0,38710272,0,4,11.1386,0,0,0,1,2,6,50.3695,100,99.9947,1024,4096,0,0,32
gemm_fast,927,32768,256,16,32,32,16,16,8,8,2,1,2,0,0,1,0,32,3,2121723,8215,2,6291512,8203,7,34603008,0,2,52.9412,4194304,262144,0,0,0.71527,74.0408,0,268435456,0,537591808,4194304,289472512,134643712,0,38575104,0,4,8.01066,0,0,0,1,2,5,42.9861,100,99.9947,1024,2048,0,0,40
gemm_fast,460,32768,256,16,32,32,16,16,8,8,2,1,2,0,0,1,1,32,6,2113951,8215,3,6291560,8203,2,3145728,0,7,37.1429,8388608,786432,0,0,0.884891,83.8271,0,268435456,0,344621056,4194304,302055424,13107200,0,29139968,0,5,15.9514,0,0,0,1,5,1,47.3691,100,99.993,1024,6144,0,0,32
gemm_fast,1968,32768,256,16,32,32,16,16,8,16,2,1,1,0,0,0,0,32,2,2240579,8215,2,16777416,8203,5,50331648,0,0,0,0,0,0,0,0.955132,76.7477,0,268435456,0,743047168,4194304,402718720,130514944,0,48405504,0,2,3.75143,0,0,0,1,1,6,22.4004,100,99.9958,1024,0,0,0,32
gemm_fast,655,32768,256,16,32,32,16,16,8,16,2,1,1,0,0,0,1,32,5,2113543,8215,4,12582968,8283,6,18874368,0,3,22.2222,4194304,524288,0,0,0.837638,87.0445,0,268435456,0,583663616,4194304,302055424,117932032,0,39885824,0,5,11.4249,0,0,0,1,2,6,52.7701,100,99.9949,1024,4096,0,0,32
gemm_fast,1391,32768,256,16,32,32,16,16,8,16,2,1,1,0,0,1,0,32,2,2113543,8215,2,10486016,8203,5,34603008,0,2,52.9412,4194304,262144,0,0,0.93663,80.6965,0,268435456,0,583663616,4194304,423690240,151519232,0,44736512,0,3,5.65295,0,0,0,1,1,6,28.9295,100,99.9954,1024,2048,0,0,32
gemm_fast,475,32768,256,16,32,32,16,16,8,16,2,1,1,0,0,1,1,32,6,2113675,8215,3,6291536,8203,2,3145728,0,7,37.1429,8388608,786432,0,0,0.873746,84.5127,0,268435456,0,357171200,4194304,314638336,17268736,0,30055424,0,5,15.8782,0,0,0,1,5,2,48.8192,100,99.9932,1024,6144,0,0,32
gemm_fast,1370,32768,256,16,32,32,16,16,8,16,2,1,2,0,0,0,0,32,2,2122495,8535,2,12583976,8203,7,50331648,0,0,0,0,0,0,0,0.697153,79.5573,0,268435456,0,713719808,4194304,268500992,113770496,0,42771456,0,3,5.43118,0,0,0,1,1,6,27.9795,100,99.9952,1024,0,0,0,40
gemm_fast,622,32768,256,16,32,32,16,16,8,16,2,1,2,0,0,0,1,32,5,2113543,8215,3,10486040,8203,6,18874368,0,3,22.2222,4194304,524288,0,0,0.850669,84.7922,0,268435456,0,575307776,4194304,293666816,113704960,0,39230464,0,5,12.1159,0,0,0,1,2,7,56.9951,100,99.9948,1024,4096,0,0,32
gemm_fast,926,32768,256,16,32,32,16,16,8,16,2,1,2,0,0,1,0,32,3,2115007,8591,2,6291648,8203,7,34603008,0,2,52.9412,4194304,262144,0,0,0.694748,74.994,0,268435456,0,537591808,4194304,289472512,134643712,0,38575104,0,4,8.02183,0,0,0,1,2,5,42.499,100,99.9947,1024,2048,0,0,40
gemm_fast,475,32768,256,16,32,32,16,16,8,16,2,1,2,0,0,1,1,32,6,2113567,8215,2,4194352,8203,2,3145728,0,8,37.1429,8388608,786432,0,0,0.901669,86.2001,0,268435456,0,407535616,4194304,306249728,17301504,0,31368192,0,5,16.6131,0,0,0,1,5,1,53.9986,100,99.9935,1024,6144,0,0,31
gemm_fast,1974,32768,256,16,32,32,16,16,8,32,2,1,1,0,0,0,0,32,2,2259321,8231,2,16777264,8203,5,50331648,0,0,0,0,0,0,0,0.954925,76.142,0,268435456,0,743047168,4194304,402718720,130514944,0,48405504,0,2,3.73209,0,0,0,1,1,6,22.4622,100,99.9958,1024,0,0,0,32
gemm_fast,638,32768,256,16,32,32,16,16,8,32,2,1,1,0,0,0,1,32,5,2113543,8215,3,10485808,8203,6,18874368,0,3,22.2222,4194304,524288,0,0,0.837065,87.7471,0,268435456,0,562692096,4194304,310444032,130449408,0,39883776,0,5,11.9024,0,0,0,1,2,7,53.4661,100,99.9949,1024,4096,0,0,32
gemm_fast,1282,32768,256,16,32,32,16,16,8,32,2,1,1,0,0,1,0,32,3,2113543,8215,2,10485808,8203,5,34603008,0,2,52.9412,4194304,262144,0,0,0.90483,83.3513,0,268435456,0,583663616,4194304,423690240,151519232,0,44736512,0,3,5.63712,0,0,0,1,1,6,27.9296,100,99.9954,1024,2048,0,0,32
gemm_fast,476,32768,256,16,32,32,16,16,8,32,2,1,1,0,0,1,1,32,6,2113639,8215,2,4194400,8203,2,3145728,0,7,37.1429,8388608,786432,0,0,0.888694,83.6376,0,268435456,0,361365504,4194304,323026944,21463040,0,30579712,0,5,15.8524,0,0,0,1,5,2,50.4343,100,99.9933,1024,6144,0,0,32
gemm_fast,1970,32768,256,16,32,32,16,16,16,8,2,1,1,0,0,0,0,32,2,2237342,8215,2,16777496,8203,5,50331648,0,0,0,0,0,0,0,0.965272,76.3108,0,268435456,0,743047168,4194304,402718720,130514944,0,48405504,0,2,3.75555,0,0,0,1,1,6,22.5534,100,99.9958,1024,0,0,0,32
gemm_fast,762,32768,256,16,32,32,16,16,16,8,2,1,1,0,0,0,1,32,4,2118587,8439,4,16777648,8203,5,18874368,0,3,22.2222,4194304,524288,0,0,0.620164,80.6726,0,268435456,0,545914880,4194304,297861120,126353408,0,38838272,0,4,9.22445,0,0,0,1,2,6,44.3598,100,99.9947,1024,4096,0,0,36
gemm_fast,1267,32768,256,16,32,32,16,16,16,8,2,1,1,0,0,1,0,32,3,2113543,8215,2,9437232,8203,5,34603008,0,2,50,4194304,524288,0,0,0.936543,79.9926,0,268435456,0,613023744,4194304,427884544,151584768,0,45787136,0,3,5.69035,0,0,0,1,1,6,30.1561,100,99.9955,1024,2048,0,0,32
gemm_fast,514,32768,256,16,32,32,16,16,16,8,2,1,1,0,0,1,1,32,6,2113543,8215,4,9437464,8203,2,3145728,0,7,36.1111,8388608,1048576,0,0,0.881346,80.6725,0,268435456,0,357171200,4194304,314638336,17334272,0,30057472,0,5,14.8763,0,0,0,1,5,2,49.0711,100,99.9932,1024,6144,0,0,32
gemm_fast,1360,32768,256,16,32,32,16,16,16,8,2,1,2,0,0,0,0,32,2,2122784,8791,2,12582960,8203,7,50331648,0,0,0,0,0,0,0,0.705727,72.8737,0,268435456,0,713719808,4194304,268500992,113770496,0,42771456,0,3,5.02578,0,0,0,1,1,6,28.2656,100,99.9952,1024,0,0,0,40
gemm_fast,671,32768,256,16,32,32,16,16,16,8,2,1,2,0,0,0,1,32,4,2113543,8215,4,12582960,8203,6,18874368,0,3,22.2222,4194304,524288,0,0,0.866693,81.9364,0,268435456,0,545947648,4194304,289472512,130613248,0,38710272,0,5,11.1659,0,0,0,1,2,6,52.8734,100,99.9947,1024,4096,0,0,32
gemm_fast,921,32768,256,16,32,32,16,16,16,8,2,1,2,0,0,1,0,32,3,2118143,8343,1,5242928,8203,7,34603008,0,2,50,4194304,524288,0,0,0.671477,75.7429,0,268435456,0,566951936,4194304,293666816,134643712,0,39623680,0,4,8.08541,0,0,0,1,2,5,43.5798,100,99.9948,1024,2048,0,0,40
gemm_fast,483,32768,256,16,32,32,16,16,16,8,2,1,2,0,0,1,1,32,6,2114119,8215,2,5242944,8203,2,3145728,0,8,36.1111,8388608,1048576,0,0,0.877487,84.5711,0,268435456,0,407535616,4194304,306249728,17301504,0,31368192,0,5,15.6265,0,0,0,1,5,1,51.1929,100,99.9935,1024,6144,0,0,32
gemm_fast,1978,32768,256,16,32,32,16,16,16,16,2,1,1,0,0,0,0,32,2,2240460,8199,2,16777264,8203,5,50331648,0,0,0,0,0,0,0,0.965408,75.9022,0,268435456,0,743047168,4194304,402718720,130514944,0,48405504,0,2,3.75213,0,0,0,1,1,6,22.6542,100,99.9958,1024,0,0,0,32
gemm_fast,656,32768,256,16,32,32,16,16,16,16,2,1,1,0,0,0,1,32,5,2113543,8215,4,12582960,8203,6,18874368,0,3,22.2222,4194304,524288,0,0,0.83669,86.9783,0,268435456,0,583663616,4194304,302055424,117932032,0,39885824,0,5,11.4422,0,0,0,1,2,6,52.8906,100,99.9949,1024,4096,0,0,32
gemm_fast,1300,32768,256,16,32,32,16,16,16,16,2,1,1,0,0,1,0,32,3,2113559,8215,2,9437248,8203,5,34603008,0,2,50,4194304,524288,0,0,0.919877,77.1477,0,268435456,0,613023744,4194304,427884544,151584768,0,45787136,0,3,5.35297,0,0,0,1,1,6,29.4142,100,99.9955,1024,2048,0,0,32
gemm_fast,485,32768,256,16,32,32,16,16,16,16,2,1,1,0,0,1,1,32,6,2113543,8215,2,5242928,8203,2,3145728,0,8,36.1111,8388608,1048576,0,0,0.891182,83.3339,0,268435456,0,369754112,4194304,318832640,17334272,0,30581760,0,5,15.6829,0,0,0,1,5,2,50.0799,100,99.9933,1024,6144,0,0,32
gemm_fast,1467,32768,256,16,32,32,16,16,16,16,2,1,2,0,0,0,0,32,2,2121119,8279,2,12583016,8203,7,50331648,0,0,0,0,0,0,0,0.680524,79.1669,0,268435456,0,713719808,4194304,268500992,113770496,0,42771456,0,3,5.399,0,0,0,1,1,6,27.951,100,99.9952,1024,0,0,0,40
gemm_fast,622,32768,256,16,32,32,16,16,16,16,2,1,2,0,0,0,1,32,5,2113543,8215,3,10485856,8203,6,18874368,0,3,22.2222,4194304,524288,0,0,0.832015,86.5052,0,268435456,0,575307776,4194304,293666816,113704960,0,39230464,0,5,12.0765,0,0,0,1,2,6,55.685,100,99.9948,1024,4096,0,0,32
gemm_fast,922,32768,256,16,32,32,16,16,16,16,2,1,2,0,0,1,0,32,3,2114731,8743,1,5243368,8203,7,34603008,0,2,50,4194304,524288,0,0,0.687413,74.1817,0,268435456,0,566951936,4194304,293666816,134643712,0,39623680,0,4,8.06925,0,0,0,1,2,5,44.4079,100,99.9948,1024,2048,0,0,40
gemm_fast,480,32768,256,16,32,32,16,16,16,16,2,1,2,0,0,1,1,32,6,2113679,8231,2,3145776,8203,2,3145728,0,8,36.1111,8388608,1048576,0,0,0.868172,86.6636,0,268435456,0,407535616,4194304,310444032,17301504,0,31499264,0,5,15.8049,0,0,0,1,5,1,51.382,100,99.9935,1024,6144,0,0,31
gemm_fast,1972,32768,256,16,32,32,16,16,16,32,2,1,1,0,0,0,0,32,2,2250661,8215,2,16777592,8203,5,50331648,0,0,0,0,0,0,0,0.954463,76.907,0,268435456,0,743047168,4194304,402718720,130514944,0,48405504,0,2,3.74588,0,0,0,1,1,6,22.321,100,99.9958,1024,0,0,0,32
gemm_fast,632,32768,256,16,32,32,16,16,16,32,2,1,1,0,0,0,1,32,5,2113567,8215,3,10485832,8203,6,18874368,0,3,22.2222,4194304,524288,0,0,0.838301,87.6955,0,268435456,0,562692096,4194304,310444032,130449408,0,39883776,0,5,11.8825,0,0,0,1,2,7,53.4082,100,99.9949,1024,4096,0,0,32
gemm_fast,1266,32768,256,16,32,32,16,16,16,32,2,1,1,0,0,1,0,32,3,2113543,8215,2,9437232,8203,5,34603008,0,2,50,4194304,524288,0,0,0.952523,79.5073,0,268435456,0,613023744,4194304,427884544,151584768,0,45787136,0,3,5.70326,0,0,0,1,1,6,30.409,100,99.9955,1024,2048,0,0,32
gemm_fast,459,32768,256,16,32,32,16,16,16,32,2,1,1,0,0,1,1,32,6,2113991,8215,2,3146008,8203,2,3145728,0,7,36.1111,8388608,1048576,0,0,0.890521,78.3928,0,268435456,0,373948416,4194304,327221248,25591808,0,31233024,0,5,14.6618,0,0,0,1,5,2,50.9239,100,99.9934,1024,6144,0,0,30
gemm_fast,2023,65536,512,16,32,32,16,32,16,16,2,1,1,0,0,0,0,32,2,2787790,8215,3,25165872,8203,6,67108864,0,0,0,0,0,0,0,0.918479,94.0878,0,268435456,0,1410138112,8388608,536936448,193921024,0,75560960,0,3,3.6002,0,0,0,1,1,7,28.365,100,99.9946,1024,0,0,0,32
gemm_fast,962,65536,512,16,32,32,16,32,16,16,2,1,1,0,0,0,1,32,3,2121735,8215,4,20971584,8203,7,35651584,0,4,11.7647,8388608,524288,0,0,0.904649,90.6267,0,268435456,0,1074593792,8388608,578879488,210698240,0,66910208,0,5,7.71915,0,0,0,1,2,8,55.1574,100,99.9939,1024,4096,0,0,32
gemm_fast,1110,65536,512,16,32,32,16,32,16,16,2,1,1,0,0,1,0,32,3,2121735,8231,2,9437232,8203,6,34603008,0,3,51.5152,8388608,262144,0,0,0.923143,93.0738,0,268435456,0,1057751040,8388608,570490880,193855488,0,65595392,0,4,6.76228,0,0,0,1,2,6,45.9131,100,99.9938,1024,2048,0,0,32
gemm_fast,790,65536,512,16,32,32,16,32,16,16,2,1,1,0,0,1,1,32,4,2121735,8215,2,5242928,8203,1,3145728,0,8,31.3433,16777216,786432,0,0,0.916931,92.0192,0,268435456,0,520814592,8388608,595656704,25886720,0,44353536,0,4,9.431,0,0,0,1,5,1,35.6067,100,99.9908,1024,6144,0,0,25
gemm_fast,2021,65536,512,16,32,32,16,32,16,32,2,1,1,0,0,0,0,32,2,2601440,8215,3,25166240,8203,6,67108864,0,0,0,0,0,0,0,0.917923,95.7053,0,268435456,0,1410138112,8388608,536936448,193921024,0,75560960,0,3,3.66279,0,0,0,1,1,7,28.3705,100,99.9946,1024,0,0,0,32
gemm_fast,955,65536,512,16,32,32,16,32,16,32,2,1,1,0,0,0,1,32,3,2124419,8215,4,18874648,8203,7,35651584,0,4,11.7647,8388608,524288,0,0,0.905331,91.3915,0,268435456,0,1124925440,8388608,587268096,202309632,0,68483072,0,5,7.89481,0,0,0,1,3,8,58.6402,100,99.994,1024,4096,0,0,32
gemm_fast,1105,65536,512,16,32,32,16,32,16,32,2,1,1,0,0,1,0,32,3,2121735,8215,2,9437240,8283,6,34603008,0,3,51.5152,8388608,262144,0,0,0.932884,92.2714,0,268435456,0,1057751040,8388608,570490880,193855488,0,65595392,0,4,6.74309,0,0,0,1,2,7,46.1805,100,99.9938,1024,2048,0,0,32
gemm_fast,796,65536,512,16,32,32,16,32,16,32,2,1,1,0,0,1,1,32,4,2122343,8215,1,3145976,8203,1,3145728,0,8,31.3433,16777216,786432,0,0,0.919873,92.1774,0,268435456,0,646643712,8388608,604045312,34275328,0,48809984,0,4,9.37465,0,0,0,1,5,1,40.4209,100,99.9916,1024,6144,0,0,24
gemm_fast,1935,4096,64,16,64,32,8,8,8,8,2,1,1,0,0,0,0,32,2,2105639,8071,2,18874712,16395,2,20971520,0,0,0,0,0,0,0,0.133038,97.1235,0,268435456,0,169455616,8388608,167837696,61505536,0,21129856,0,1,3.82966,0,0,0,1,1,2,7.94477,100,99.9212,1024,0,0,0,32
gemm_fast,961,4096,64,16,64,32,8,8,8,8,2,1,1,0,0,0,1,32,3,2105351,8231,4,18874568,16395,2,6291456,0,2,33.3333,2097152,1048576,0,0,0.133221,100.145,0,268435456,0,123850752,524288,89194496,21663744,0,15739904,0,2,7.87912,0,0,0,1,1,2,13.5623,100,99.9984,1024,8192,0,0,48
gemm_fast,1242,4096,64,16,64,32,8,8,8,8,2,1,1,0,0,1,0,32,3,2105351,8215,3,17825840,16395,3,17301504,0,1,30,1048576,262144,0,0,0.133271,96.3822,0,268435456,0,117559296,524288,158400512,57311232,0,18819968,0,1,5.99712,0,0,0,1,1,3,10.9081,100,99.9986,1024,2048,0,0,45
gemm_fast,622,4096,64,16,64,32,8,8,8,8,2,1,1,0,0,1,1,32,5,2109043,8007,5,17825840,16395,1,2621440,0,3,32.3529,3145728,1310720,0,0,0.132654,86.6766,0,268435456,0,80859136,524288,78708736,6455296,0,13593472,0,2,12.2594,0,0,0,1,1,1,19.7951,100,99.9981,1024,10240,0,0,48
gemm_fast,1161,4096,64,16,64,32,8,8,8,8,2,1,2,0,0,0,0,32,3,2105591,8215,2,10486088,16395,4,20971520,0,0,0,0,0,0,0,0.13311,97.3372,0,268435456,0,156880896,2097152,100728832,38440960,0,17722368,0,2,6.3811,0,0,0,1,1,2,11.4544,100,99.9061,1024,0,0,0,42
gemm_fast,1211,4096,64,16,64,32,8,8,8,8,2,1,2,0,0,0,1,32,3,2105351,8231,2,10485808,16395,1,6291456,0,1,33.3333,2097152,1048576,0,0,0.133261,98.9466,0,268435456,0,124911616,524288,80805888,3842048,0,14953984,0,1,6.07896,0,0,0,1,1,1,10.4468,100,99.9983,1024,8192,0,0,48
gemm_fast,1106,4096,64,16,64,32,8,8,8,8,2,1,2,0,0,1,0,32,3,2105351,8215,2,9437232,16395,3,17301504,0,1,30,1048576,262144,0,0,0.133275,97.4897,0,268435456,0,117571584,524288,91291648,35299328,0,16035328,0,1,6.67808,0,0,0,1,1,2,11.2198,100,99.9984,1024,2048,0,0,48
gemm_fast,402,4096,64,16,64,32,8,8,8,8,2,1,2,0,0,1,1,32,7,2105703,8135,4,9437232,16395,2,2621440,0,5,32.3529,3145728,1310720,0,0,0.132875,91.787,0,268435456,0,80871424,524288,70320128,4886528,0,13282688,0,3,18.908,0,0,0,1,1,1,28.5098,100,99.9981,1024,10240,0,0,48
gemm_fast,1152,4096,64,16,64,32,8,8,8,8,2,1,4,0,0,0,0,32,3,2105351,8215,1,6291840,16395,4,20971520,0,0,0,0,0,0,0,0.133064,97.6834,0,268435456,0,147447808,1572864,67174400,21663744,0,15838336,0,2,6.42638,0,0,0,1,1,2,10.8012,100,99.8949,1024,0,0,0,42
gemm_fast,875,4096,64,16,64,32,8,8,8,8,2,1,4,0,0,0,1,32,4,2105351,8215,2,6291504,16395,2,6291456,0,2,33.3333,2097152,1048576,0,0,0.133272,97.5863,0,268435456,0,116523008,524288,76611584,22188032,0,15134080,0,2,8.19661,0,0,0,1,1,1,13.1996,100,99.9983,1024,8192,0,0,44
gemm_fast,1014,4096,64,16,64,32,8,8,8,8,2,1,4,0,0,1,0,32,3,2107467,8467,1,5242928,16395,4,17301504,0,1,30,1048576,262144,0,0,0.132997,93.858,0,268435456,0,109182976,524288,57737216,35295232,0,14724480,0,2,7.28169,0,0,0,1,1,1,12.9195,100,99.9983,1024,2048,0,0,48
gemm_fast,393,4096,64,16,64,32,8,8,8,8,2,1,4,0,0,1,1,32,7,2105351,8475,3,5242928,16395,2,2621440,0,5,32.3529,3145728,1310720,0,0,0.132768,93.8366,0,268435456,0,78778368,524288,66125824,6983680,0,13151744,0,3,19.2681,0,0,0,1,1,1,28.0971,100,99.9981,1024,10240,0,0,42
gemm_fast,1217,4096,64,16,64,32,8,8,8,8,2,2,1,0,0,0,0,32,3,2105351,8231,3,17826024,8203,4,20971520,0,0,0,0,0,0,0,0.133017,96.7707,0,268435456,0,168935424,8388608,151027712,44728320,0,20064000,0,2,6.10863,0,0,0,1,1,3,12.8787,100,99.9171,1024,0,0,0,37
gemm_fast,868,4096,64,16,64,32,8,8,8,8,2,2,1,0,0,0,1,32,4,2105351,8215,4,17825840,8203,2,6291456,0,2,33.3333,2097152,1048576,0,0,0.133178,99.269,0,268435456,0,109694976,524288,72384512,26378240,0,14919552,0,2,8.57545,0,0,0,1,1,1,14.3509,100,99.9983,1024,8192,0,0,42
gemm_fast,1460,4096,64,16,64,32,8,8,8,8,2,2,1,0,0,1,0,32,2,2105655,8215,2,17302408,8203,3,17301504,0,1,30,1048576,262144,0,0,0.133283,95.8582,0,268435456,0,126996480,8388608,156270592,54165504,0,19212160,0,1,5.0603,0,0,0,1,1,3,9.55335,100,99.9134,1024,2048,0,0,39
gemm_fast,622,4096,64,16,64,32,8,8,8,8,2,2,1,0,0,1,1,32,5,2112939,8215,5,17301848,8203,1,2621440,0,3,32.3529,3145728,1310720,0,0,0.132443,83.1735,0,268435456,0,71946240,524288,76578816,5406720,0,13215616,0,2,12.1164,0,0,0,1,1,1,20.0746,100,99.9981,1024,10240,0,0,48
gemm_fast,1119,4096,64,16,64,32,8,8,8,8,2,2,2,0,0,0,0,32,3,2105351,8215,2,9437232,8203,4,20971520,0,0,0,0,0,0,0,0.13306,97.6038,0,268435456,0,147972096,2097152,83918848,46829568,0,17180800,0,2,6.61322,0,0,0,1,1,2,12.3549,100,99.9031,1024,0,0,0,42
gemm_fast,713,4096,64,16,64,32,8,8,8,8,2,2,2,0,0,0,1,32,4,2105351,8215,3,9437384,8203,2,6291456,0,2,33.3333,2097152,1048576,0,0,0.13319,98.6102,0,268435456,0,115998720,524288,63995904,19042304,0,14625152,0,2,10.4564,0,0,0,1,1,1,17.2018,100,99.9982,1024,8192,0,0,47
gemm_fast,1109,4096,64,16,64,32,8,8,8,8,2,2,2,0,0,1,0,32,3,2105431,8215,2,8913024,8203,3,17301504,0,1,30,1048576,262144,0,0,0.133232,97.6362,0,268435456,0,108658688,524288,89161728,35823616,0,15706624,0,1,6.6819,0,0,0,1,1,2,11.4097,100,99.9984,1024,2048,0,0,47
gemm_fast,481,4096,64,16,64,32,8,8,8,8,2,2,2,0,0,1,1,32,6,2108175,8807,4,8912944,8203,1,2621440,0,4,32.3529,3145728,1310720,0,0,0.132564,90.726,0,268435456,0,71958528,524288,68190208,12226560,0,13166976,0,3,15.7371,0,0,0,1,1,1,24.5815,100,99.9981,1024,10240,0,0,40
gemm_fast,1027,4096,64,16,64,32,8,8,8,8,2,2,4,0,0,0,0,32,3,2105351,8215,1,5242928,8203,4,20971520,0,0,0,0,0,0,0,0.132962,96.6302,0,268435456,0,146927616,1572864,50364416,30052352,0,15558912,0,2,7.22086,0,0,0,1,1,2,12.8088,100,99.8931,1024,0,0,0,48
gemm_fast,765,4096,64,16,64,32,8,8,8,8,2,2,4,0,0,0,1,32,4,2105351,8215,2,5242928,8203,2,6291456,0,2,33.3333,2097152,1048576,0,0,0.133306,99.4528,0,268435456,0,116002816,524288,59801600,22188032,0,14592512,0,2,9.7062,0,0,0,1,1,1,15.7752,100,99.9982,1024,8192,0,0,46
gemm_fast,1106,4096,64,16,64,32,8,8,8,8,2,2,4,0,0,1,0,32,3,2105351,8215,1,4718640,8203,3,17301504,0,1,30,1048576,262144,0,0,0.133241,97.9985,0,268435456,0,100270080,524288,55607296,35819520,0,14395776,0,1,6.66766,0,0,0,1,1,1,10.3599,100,99.9982,1024,2048,0,0,48
gemm_fast,442,4096,64,16,64,32,8,8,8,8,2,2,4,0,0,1,1,32,6,2108771,4175,3,4718640,8203,2,2621440,0,5,32.3529,3145728,1310720,0,0,0.13194,89.1133,0,268435456,0,71962624,524288,63995904,4886528,0,12806656,0,3,19.0519,0,0,0,1,1,1,29.3796,100,99.998,1024,10240,0,0,48
gemm_fast,1939,4096,64,16,64,32,8,8,8,16,2,1,1,0,0,0,0,32,2,2105671,8283,2,18874736,16395,2,20971520,0,0,0,0,0,0,0,0.133077,96.8385,0,268435456,0,169455616,8388608,167837696,61505536,0,21129856,0,1,3.82073,0,0,0,1,1,2,7.94952,100,99.9212,1024,0,0,0,32
gemm_fast,776,4096,64,16,64,32,8,8,8,16,2,1,1,0,0,0,1,32,4,2105351,8727,3,10486056,16907,2,6291456,0.00487496,2,40,2097152,524288,0,512,0.133195,100.721,0,268435456,0,129617920,524288,89198592,22183936,0,15936512,0,2,9.61212,0,0,0,1,1,2,16.9167,100,99.9984,1024,8192,8,0,48
gemm_fast,1239,4096,64,16,64,32,8,8,8,16,2,1,1,0,0,1,0,32,3,2105351,8215,3,17825840,16395,3,17301504,0,1,30,1048576,262144,0,0,0.133284,96.1885,0,268435456,0,117559296,524288,158400512,57311232,0,18819968,0,1,5.98441,0,0,0,1,1,3,10.9069,100,99.9986,1024,2048,0,0,45
gemm_fast,422,4096,64,16,64,32,8,8,8,16,2,1,1,0,0,1,1,32,7,2106651,7899,4,9437232,16907,2,2621440,0.00541565,4,36.6667,3145728,786432,0,512,0.132957,91.4428,0,268435456,0,87150592,524288,78712832,7503872,0,13822976,0,3,18.5627,0,0,0,1,1,2,29.2435,100,99.9981,1024,10240,8,0,48
gemm_fast,1164,4096,64,16,64,32,8,8,8,16,2,1,2,0,0,0,0,32,3,2105351,8215,2,10486096,16395,4,20971520,0,0,0,0,0,0,0,0.133012,97.8859,0,268435456,0,156880896,2097152,100728832,38440960,0,17722368,0,2,6.3988,0,0,0,1,1,2,11.4218,100,99.9061,1024,0,0,0,42
gemm_fast,1235,4096,64,16,64,32,8,8,8,16,2,1,2,0,0,0,1,32,3,2105351,8727,1,6291504,16907,1,6291456,0.00811622,1,40,2097152,524288,0,512,0.133264,99.6647,0,268435456,0,130150400,524288,80809984,9605120,0,15297920,0,1,5.99304,0,0,0,1,1,1,10.4127,100,99.9983,1024,8192,8,0,46
gemm_fast,1116,4096,64,16,64,32,8,8,8,16,2,1,2,0,0,1,0,32,3,2105351,8215,2,9437416,16395,3,17301504,0,1,30,1048576,262144,0,0,0.133318,97.625,0,268435456,0,117571584,524288,91291648,35299328,0,16035328,0,1,6.67591,0,0,0,1,1,2,11.2007,100,99.9984,1024,2048,0,0,48
gemm_fast,411,4096,64,16,64,32,8,8,8,16,2,1,2,0,0,1,1,32,7,2105351,8711,3,5242928,16907,2,2621440,0.00973425,4,36.6667,3145728,786432,0,512,0.13302,95.2665,0,268435456,0,87683072,524288,70324224,11177984,0,13692288,0,3,18.5755,0,0,0,1,1,1,28.6995,100,99.9981,1024,10240,8,0,42
gemm_fast,1152,4096,64,16,64,32,8,8,8,16,2,1,4,0,0,0,0,32,3,2105351,8215,1,6291504,16395,4,20971520,0,0,0,0,0,0,0,0.133047,98.0345,0,268435456,0,147447808,1572864,67174400,21663744,0,15838336,0,2,6.43816,0,0,0,1,1,2,10.7822,100,99.8949,1024,0,0,0,42
gemm_fast,793,4096,64,16,64,32,8,8,8,16,2,1,4,0,0,0,1,32,4,2105359,8727,1,4194360,16907,2,6291456,0.0121581,2,40,2097152,524288,0,512,0.133218,101.12,0,268435456,0,118095872,524288,76615680,25858048,0,15298048,0,2,9.48402,0,0,0,1,1,2,14.9956,100,99.9983,1024,8192,8,0,48
gemm_fast,1020,4096,64,16,64,32,8,8,8,16,2,1,4,0,0,1,0,32,3,2108467,7615,1,5242928,16395,4,17301504,0,1,30,1048576,262144,0,0,0.132934,94.0715,0,268435456,0,109182976,524288,57737216,35295232,0,14724480,0,2,7.29578,0,0,0,1,1,1,12.9151,100,99.9983,1024,2048,0,0,48
gemm_fast,387,4096,64,16,64,32,8,8,8,16,2,1,4,0,0,1,1,32,7,2105359,8279,2,3145792,16907,2,2621440,0.0161891,4,36.6667,3145728,786432,0,512,0.132836,94.5494,0,268435456,0,87162880,524288,66129920,6459392,0,13397504,0,3,19.6397,0,0,0,1,1,1,30.0465,100,99.9981,1024,10240,8,0,41
gemm_fast,1215,4096,64,16,64,32,8,8,8,16,2,2,1,0,0,0,0,32,3,2105351,8215,3,17826992,8203,4,20971520,0,0,0,0,0,0,0,0.132956,96.86,0,268435456,0,168935424,8388608,151027712,44728320,0,20064000,0,2,6.10731,0,0,0,1,1,3,12.8641,100,99.9171,1024,0,0,0,37
gemm_fast,808,4096,64,16,64,32,8,8,8,16,2,2,1,0,0,0,1,32,4,2105351,8727,2,9437248,8715,2,6291456,0.00542035,2,40,2097152,524288,0,512,0.133259,99.4068,0,268435456,0,113893376,524288,72388608,24281088,0,14985344,0,2,9.20907,0,0,0,1,1,1,15.4623,100,99.9983,1024,8192,8,0,42
gemm_fast,1466,4096,64,16,64,32,8,8,8,16,2,2,1,0,0,1,0,32,2,2105351,8215,2,17301552,8203,3,17301504,0,1,30,1048576,262144,0,0,0.133195,95.9388,0,268435456,0,126996480,8388608,156270592,54165504,0,19212160,0,1,5.06638,0,0,0,1,1,3,9.55682,100,99.9134,1024,2048,0,0,39
gemm_fast,417,4096,64,16,64,32,8,8,8,16,2,2,1,0,0,1,1,32,7,2106583,9079,4,8913200,8715,2,2621440,0.00573888,4,36.6667,3145728,786432,0,512,0.132737,90.7923,0,268435456,0,77717504,524288,76582912,6979584,0,13445248,0,3,18.5152,0,0,0,1,1,2,28.0227,100,99.9981,1024,10240,8,0,48
gemm_fast,1119,4096,64,16,64,32,8,8,8,16,2,2,2,0,0,0,0,32,3,2105351,8215,2,9437232,8203,4,20971520,0,0,0,0,0,0,0,0.133071,97.5245,0,268435456,0,147972096,2097152,83918848,46829568,0,17180800,0,2,6.60524,0,0,0,1,1,2,12.3501,100,99.9031,1024,0,0,0,42
gemm_fast,899,4096,64,16,64,32,8,8,8,16,2,2,2,0,0,0,1,32,3,2105351,8727,1,5243312,8715,2,6291456,0.00974944,2,40,2097152,524288,0,512,0.133302,100.225,0,268435456,0,117047296,524288,64000000,24809472,0,14838272,0,2,8.2755,0,0,0,1,1,1,13.5235,100,99.9983,1024,8192,8,0,48
gemm_fast,1106,4096,64,16,64,32,8,8,8,16,2,2,2,0,0,1,0,32,3,2105351,8215,2,8913616,8203,3,17301504,0,1,30,1048576,262144,0,0,0.133254,97.8144,0,268435456,0,108658688,524288,89161728,35823616,0,15706624,0,1,6.68673,0,0,0,1,1,2,11.3971,100,99.9984,1024,2048,0,0,47
gemm_fast,398,4096,64,16,64,32,8,8,8,16,2,2,2,0,0,1,1,32,7,2105351,8595,3,4719024,8715,2,2621440,0.0108307,4,36.6667,3145728,786432,0,512,0.132874,94.8739,0,268435456,0,78249984,524288,68194304,3313664,0,13085184,0,3,19.236,0,0,0,1,1,1,28.5748,100,99.998,1024,10240,8,0,48
gemm_fast,1030,4096,64,16,64,32,8,8,8,16,2,2,4,0,0,0,0,32,3,2105551,8231,1,5243168,8203,4,20971520,0,0,0,0,0,0,0,0.133049,96.3033,0,268435456,0,146927616,1572864,50364416,30052352,0,15558912,0,2,7.19582,0,0,0,1,1,2,12.8077,100,99.8931,1024,0,0,0,48
gemm_fast,920,4096,64,16,64,32,8,8,8,16,2,2,4,0,0,0,1,32,3,2105351,8727,1,3145824,8715,2,6291456,0.0162311,2,40,2097152,524288,0,512,0.133311,99.9466,0,268435456,0,113381376,524288,59805696,21139456,0,14477952,0,2,8.13822,0,0,0,1,1,1,13.2094,100,99.9982,1024,8192,8,0,44
gemm_fast,1109,4096,64,16,64,32,8,8,8,16,2,2,4,0,0,1,0,32,3,2105351,8215,1,4718688,8203,3,17301504,0,1,30,1048576,262144,0,0,0.133263,97.8383,0,268435456,0,100270080,524288,55607296,35819520,0,14395776,0,1,6.66012,0,0,0,1,1,1,10.3651,100,99.9982,1024,2048,0,0,48
gemm_fast,382,4096,64,16,64,32,8,8,8,16,2,2,4,0,0,1,1,32,7,2105351,8823,2,2621488,8715,2,2621440,0.0194666,4,36.6667,3145728,786432,0,512,0.132798,94.9414,0,268435456,0,77729792,524288,64000000,6459392,0,13036160,0,3,20.0073,0,0,0,1,1,1,29.7822,100,99.998,1024,10240,8,0,45
gemm_fast,1931,4096,64,16,64,32,8,8,8,32,2,1,1,0,0,0,0,32,2,2106063,8283,2,18875144,16395,2,20971520,0,0,0,0,0,0,0,0.133058,96.9293,0,268435456,0,169455616,8388608,167837696,61505536,0,21129856,0,1,3.82542,0,0,0,1,1,2,7.95185,100,99.9212,1024,0,0,0,32
gemm_fast,819,4096,64,16,64,32,8,8,8,32,2,1,1,0,0,0,1,32,4,2105351,8727,2,6291736,17035,2,6291456,0.00811622,2,40,2097152,524288,0,512,0.133242,100.625,0,268435456,0,138006528,524288,93392896,24805376,0,16411648,0,2,9.17804,0,0,0,1,1,2,16.2218,100,99.9984,1024,8192,8,0,48
gemm_fast,1232,4096,64,16,64,32,8,8,8,32,2,1,1,0,0,1,0,32,3,2105351,8215,3,17825840,16395,3,17301504,0,1,30,1048576,262144,0,0,0.133282,96.4934,0,268435456,0,117559296,524288,158400512,57311232,0,18819968,0,1,5.99655,0,0,0,1,1,3,10.8945,100,99.9986,1024,2048,0,0,45
gemm_fast,404,4096,64,16,64,32,8,8,8,32,2,1,1,0,0,1,1,32,7,2105351,8975,3,5242928,16907,2,2621440,0.00973425,4,36.6667,3145728,786432,0,512,0.132961,95.335,0,268435456,0,95539200,524288,82907136,11698176,0,14347264,0,3,18.6578,0,0,0,1,1,2,29.2253,100,99.9982,1024,10240,8,0,41
gemm_fast,1158,4096,64,16,64,32,8,8,8,32,2,1,2,0,0,0,0,32,3,2105495,8215,2,10486304,16395,4,20971520,0,0,0,0,0,0,0,0.132992,97.6975,0,268435456,0,156880896,2097152,100728832,38440960,0,17722368,0,2,6.39668,0,0,0,1,1,2,11.4401,100,99.9061,1024,0,0,0,42
gemm_fast,1242,4096,64,16,64,32,8,8,8,32,2,1,2,0,0,0,1,32,3,2105351,8727,1,4194400,16907,1,6291456,0.0121581,1,40,2097152,524288,0,512,0.133284,99.5648,0,268435456,0,138014720,524288,85004288,10653696,0,15707520,0,1,5.91551,0,0,0,1,1,1,10.5204,100,99.9984,1024,8192,8,0,42
gemm_fast,1111,4096,64,16,64,32,8,8,8,32,2,1,2,0,0,1,0,32,3,2105351,8215,2,9437432,16395,3,17301504,0,1,30,1048576,262144,0,0,0.133356,97.5889,0,268435456,0,117571584,524288,91291648,35299328,0,16035328,0,1,6.67929,0,0,0,1,1,2,11.2105,100,99.9984,1024,2048,0,0,48
gemm_fast,404,4096,64,16,64,32,8,8,8,32,2,1,2,0,0,1,1,32,7,2105351,8931,2,3145776,16907,2,2621440,0.0161891,4,36.6667,3145728,786432,0,512,0.132982,94.6915,0,268435456,0,95547392,524288,74518528,9080832,0,14003584,0,3,18.8083,0,0,0,1,1,1,29.8561,100,99.9982,1024,10240,8,0,41
gemm_fast,1213,4096,64,16,64,32,8,8,8,32,2,2,1,0,0,0,0,32,3,2105495,8215,3,17826328,8203,4,20971520,0,0,0,0,0,0,0,0.13303,97.2661,0,268435456,0,168935424,8388608,151027712,44728320,0,20064000,0,2,6.13039,0,0,0,1,1,3,12.8587,100,99.9171,1024,0,0,0,37
gemm_fast,725,4096,64,16,64,32,8,8,8,32,2,2,1,0,0,0,1,32,4,2105351,8727,2,5242984,8715,2,6291456,0.00974944,2,40,2097152,524288,0,512,0.133307,99.727,0,268435456,0,124903424,524288,76582912,32669696,0,15722624,0,2,10.2495,0,0,0,1,1,2,17.4551,100,99.9984,1024,8192,8,0,48
gemm_fast,1443,4096,64,16,64,32,8,8,8,32,2,2,1,0,0,1,0,32,2,2105359,8215,2,17301576,8203,3,17301504,0,1,30,1048576,262144,0,0,0.133265,96.2278,0,268435456,0,126996480,8388608,156270592,54165504,0,19212160,0,1,5.08101,0,0,0,1,1,3,9.55561,100,99.9134,1024,2048,0,0,39
gemm_fast,375,4096,64,16,64,32,8,8,8,32,2,2,1,0,0,1,1,32,8,2105351,9903,3,4718640,8715,2,2621440,0.0108307,4,36.6667,3145728,786432,0,512,0.132994,94.6859,0,268435456,0,86106112,524288,80777216,9601024,0,13920384,0,3,20.3925,0,0,0,1,2,2,31.4036,100,99.9982,1024,10240,8,0,48
gemm_fast,1120,4096,64,16,64,32,8,8,8,32,2,2,2,0,0,0,0,32,3,2105351,8215,2,9437232,8203,4,20971520,0,0,0,0,0,0,0,0.133012,97.7578,0,268435456,0,147972096,2097152,83918848,46829568,0,17180800,0,2,6.62229,0,0,0,1,1,2,12.3524,100,99.9031,1024,0,0,0,42
gemm_fast,879,4096,64,16,64,32,8,8,8,32,2,2,2,0,0,0,1,32,4,2105351,8727,1,3145912,8715,2,6291456,0.0162311,2,40,2097152,524288,0,512,0.133307,100.688,0,268435456,0,122290176,524288,68194304,24809472,0,15133184,0,2,8.46703,0,0,0,1,1,1,14.2168,100,99.9983,1024,8192,8,0,41
gemm_fast,1107,4096,64,16,64,32,8,8,8,32,2,2,2,0,0,1,0,32,3,2105351,8215,2,8912944,8203,3,17301504,0,1,30,1048576,262144,0,0,0.133322,97.5913,0,268435456,0,108658688,524288,89161728,35823616,0,15706624,0,1,6.67414,0,0,0,1,1,2,11.4017,100,99.9984,1024,2048,0,0,47
gemm_fast,438,4096,64,16,64,32,8,8,8,32,2,2,2,0,0,1,1,32,7,2105351,8779,2,2621488,8715,2,2621440,0.0194666,4,36.6667,3145728,786432,0,512,0.132903,96.0012,0,268435456,0,86114304,524288,72388608,9080832,0,13642240,0,3,17.2818,0,0,0,1,1,1,26.4604,100,99.9981,1024,10240,8,0,41
gemm_fast,1939,4096,64,16,64,32,8,8,16,8,2,1,1,0,0,0,0,32,2,2105351,8403,2,18874416,16395,2,20971520,0,0,0,0,0,0,0,0.133035,96.7345,0,268435456,0,169455616,8388608,167837696,61505536,0,21129856,0,1,3.81529,0,0,0,1,1,2,7.94679,100,99.9212,1024,0,0,0,32
gemm_fast,957,4096,64,16,64,32,8,8,16,8,2,1,1,0,0,0,1,32,3,2105351,8215,4,18874432,16395,2,6291456,0,2,33.3333,2097152,1048576,0,0,0.133231,99.7931,0,268435456,0,123850752,524288,89194496,21663744,0,15739904,0,2,7.74424,0,0,0,1,1,2,13.3771,100,99.9984,1024,8192,0,0,48
gemm_fast,1308,4096,64,16,64,32,8,8,16,8,2,1,1,0,0,1,0,32,3,2108011,8011,3,17301552,16395,3,17301504,0,1,30,1048576,262144,0,0,0.133243,94.3382,0,268435456,0,113360896,524288,160497664,57311232,0,18754304,0,1,5.6042,0,0,0,1,1,3,10.739,100,99.9986,1024,2048,0,0,46
gemm_fast,640,4096,64,16,64,32,8,8,16,8,2,1,1,0,0,1,1,32,5,2111195,9183,5,17301552,16395,1,2621440,0,3,32.3529,3145728,1310720,0,0,0.132187,89.049,0,268435456,0,78233600,524288,80805888,8028160,0,13626112,0,2,11.6576,0,0,0,1,1,1,18.4494,100,99.9981,1024,10240,0,0,42
gemm_fast,1164,4096,64,16,64,32,8,8,16,8,2,1,2,0,0,0,0,32,3,2105351,8215,2,10485808,16395,4,20971520,0,0,0,0,0,0,0,0.132996,97.6355,0,268435456,0,156880896,2097152,100728832,38440960,0,17722368,0,2,6.38604,0,0,0,1,1,2,11.4283,100,99.9061,1024,0,0,0,42
gemm_fast,1211,4096,64,16,64,32,8,8,16,8,2,1,2,0,0,0,1,32,3,2105351,8215,2,10485808,16523,1,6291456,0,1,33.3333,2097152,1048576,0,0,0.13326,99.7097,0,268435456,0,124911616,524288,80805888,3842048,0,14953984,0,1,6.10401,0,0,0,1,1,1,10.4095,100,99.9983,1024,8192,0,0,48
gemm_fast,1103,4096,64,16,64,32,8,8,16,8,2,1,2,0,0,1,0,32,3,2105351,8215,2,8912944,16395,3,17301504,0,1,30,1048576,262144,0,0,0.133247,96.9033,0,268435456,0,113893376,524288,93388800,39489536,0,16116864,0,1,6.67661,0,0,0,1,1,2,11.3657,100,99.9984,1024,2048,0,0,48
gemm_fast,489,4096,64,16,64,32,8,8,16,8,2,1,2,0,0,1,1,32,6,2111935,10891,3,8912944,16907,1,2621440,0.00573362,4,32.3529,3145728,1310720,0,512,0.131776,77.3772,0,268435456,0,78249984,524288,72421376,9605120,0,13413888,0,3,14.6462,0,0,0,1,1,1,26.2706,100,99.9981,1024,10240,8,0,46
gemm_fast,1151,4096,64,16,64,32,8,8,16,8,2,1,4,0,0,0,0,32,3,2105351,8215,1,6291504,16395,4,20971520,0,0,0,0,0,0,0,0.133038,98.1798,0,268435456,0,147447808,1572864,67174400,21663744,0,15838336,0,2,6.45454,0,0,0,1,1,2,10.7936,100,99.8949,1024,0,0,0,42
gemm_fast,876,4096,64,16,64,32,8,8,16,8,2,1,4,0,0,0,1,32,4,2105367,8215,2,6291520,16395,2,6291456,0,2,33.3333,2097152,1048576,0,0,0.133261,99.7478,0,268435456,0,116523008,524288,76611584,22188032,0,15134080,0,2,8.48438,0,0,0,1,1,1,13.3672,100,99.9983,1024,8192,0,0,44
gemm_fast,1098,4096,64,16,64,32,8,8,16,8,2,1,4,0,0,1,0,32,3,2105351,8215,1,4718640,16395,3,17301504,0,1,30,1048576,262144,0,0,0.133186,97.8692,0,268435456,0,104984576,524288,59834368,36868096,0,14707968,0,1,6.75012,0,0,0,1,1,1,11.4718,100,99.9983,1024,2048,0,0,48
gemm_fast,385,4096,64,16,64,32,8,8,16,8,2,1,4,0,0,1,1,32,7,2105467,8731,3,4718640,16907,2,2621440,0.010812,5,32.3529,3145728,1310720,0,512,0.132663,94.8957,0,268435456,0,78254080,524288,68227072,9080832,0,13266560,0,3,19.9161,0,0,0,1,1,1,28.841,100,99.9981,1024,10240,8,0,44
gemm_fast,1936,4096,64,16,64,32,8,8,16,16,2,1,1,0,0,0,0,32,2,2105351,8139,2,18874416,16395,2,20971520,0,0,0,0,0,0,0,0.133048,96.9674,0,268435456,0,169455616,8388608,167837696,61505536,0,21129856,0,1,3.82705,0,0,0,1,1,2,7.95213,100,99.9212,1024,0,0,0,32
gemm_fast,774,4096,64,16,64,32,8,8,16,16,2,1,1,0,0,0,1,32,4,2105351,8727,3,10485808,16907,2,6291456,0.00487496,2,40,2097152,524288,0,512,0.133163,100.237,0,268435456,0,129617920,524288,89198592,22183936,0,15936512,0,2,9.56701,0,0,0,1,1,2,16.9187,100,99.9984,1024,8192,8,0,48
gemm_fast,1315,4096,64,16,64,32,8,8,16,16,2,1,1,0,0,1,0,32,3,2107259,8127,3,17301552,16395,3,17301504,0,1,30,1048576,262144,0,0,0.133245,95.1901,0,268435456,0,113360896,524288,160497664,57311232,0,18754304,0,1,5.65338,0,0,0,1,1,3,10.7363,100,99.9986,1024,2048,0,0,46
gemm_fast,444,4096,64,16,64,32,8,8,16,16,2,1,1,0,0,1,1,32,6,2108999,8143,4,8913224,16907,2,2621440,0.00573362,4,36.6667,3145728,786432,0,512,0.132586,87.3493,0,268435456,0,80859136,524288,80809984,8552448,0,13724672,0,3,17.6818,0,0,0,1,1,2,28.568,100,99.9981,1024,10240,8,0,48
gemm_fast,1160,4096,64,16,64,32,8,8,16,16,2,1,2,0,0,0,0,32,3,2105351,8215,2,10485808,16395,4,20971520,0,0,0,0,0,0,0,0.133008,97.8128,0,268435456,0,156880896,2097152,100728832,38440960,0,17722368,0,2,6.38062,0,0,0,1,1,2,11.3979,100,99.9061,1024,0,0,0,42
gemm_fast,1226,4096,64,16,64,32,8,8,16,16,2,1,2,0,0,0,1,32,3,2105351,8743,1,6291504,16907,1,6291456,0.00811622,1,40,2097152,524288,0,512,0.133266,99.6241,0,268435456,0,130150400,524288,80809984,9605120,0,15297920,0,1,5.9978,0,0,0,1,1,1,10.4252,100,99.9983,1024,8192,8,0,46
gemm_fast,1103,4096,64,16,64,32,8,8,16,16,2,1,2,0,0,1,0,32,3,2105351,8215,2,8913112,16395,3,17301504,0,1,30,1048576,262144,0,0,0.133321,97.3847,0,268435456,0,113893376,524288,93388800,39489536,0,16116864,0,1,6.7186,0,0,0,1,1,2,11.3808,100,99.9984,1024,2048,0,0,48
gemm_fast,405,4096,64,16,64,32,8,8,16,16,2,1,2,0,0,1,1,32,7,2105351,9239,2,4718640,16907,2,2621440,0.010812,4,36.6667,3145728,786432,0,512,0.132867,95.4062,0,268435456,0,81391616,524288,72421376,12750848,0,13610368,0,3,18.699,0,0,0,1,1,1,28.5797,100,99.9981,1024,10240,8,0,42
gemm_fast,1147,4096,64,16,64,32,8,8,16,16,2,1,4,0,0,0,0,32,3,2105351,8215,1,6291504,16395,4,20971520,0,0,0,0,0,0,0,0.133008,98.0741,0,268435456,0,147447808,1572864,67174400,21663744,0,15838336,0,2,6.43633,0,0,0,1,1,2,10.7748,100,99.8949,1024,0,0,0,42
gemm_fast,786,4096,64,16,64,32,8,8,16,16,2,1,4,0,0,0,1,32,4,2105351,8727,1,4194352,16907,2,6291456,0.0121581,2,40,2097152,524288,0,512,0.133222,100.541,0,268435456,0,118095872,524288,76615680,25858048,0,15298048,0,2,9.46199,0,0,0,1,1,2,15.0469,100,99.9983,1024,8192,8,0,48
gemm_fast,1098,4096,64,16,64,32,8,8,16,16,2,1,4,0,0,1,0,32,3,2105351,8215,1,4718640,16395,3,17301504,0,1,30,1048576,262144,0,0,0.133202,97.5258,0,268435456,0,104984576,524288,59834368,36868096,0,14707968,0,1,6.7351,0,0,0,1,1,1,11.4866,100,99.9983,1024,2048,0,0,48
gemm_fast,387,4096,64,16,64,32,8,8,16,16,2,1,4,0,0,1,1,32,7,2105527,8727,2,2621504,16907,2,2621440,0.0194062,4,36.6667,3145728,786432,0,512,0.13281,95.1165,0,268435456,0,79298560,524288,68227072,9605120,0,13315584,0,3,19.7193,0,0,0,1,1,1,29.6645,100,99.9981,1024,10240,8,0,41
gemm_fast,1938,4096,64,16,64,32,8,8,16,32,2,1,1,0,0,0,0,32,2,2105351,8135,2,18874416,16395,2,20971520,0,0,0,0,0,0,0,0.133057,96.8594,0,268435456,0,169455616,8388608,167837696,61505536,0,21129856,0,1,3.82283,0,0,0,1,1,2,7.95221,100,99.9212,1024,0,0,0,32
gemm_fast,814,4096,64,16,64,32,8,8,16,32,2,1,1,0,0,0,1,32,4,2105351,8727,2,6291504,16907,2,6291456,0.00811622,2,40,2097152,524288,0,512,0.133226,99.8106,0,268435456,0,138006528,524288,93392896,24805376,0,16411648,0,2,8.94534,0,0,0,1,1,2,15.9396,100,99.9984,1024,8192,8,0,48
gemm_fast,1313,4096,64,16,64,32,8,8,16,32,2,1,1,0,0,1,0,32,3,2107683,8119,3,17302008,16395,3,17301504,0,1,30,1048576,262144,0,0,0.133195,95.0292,0,268435456,0,113360896,524288,160497664,57311232,0,18754304,0,1,5.65221,0,0,0,1,1,3,10.7523,100,99.9986,1024,2048,0,0,46
gemm_fast,393,4096,64,16,64,32,8,8,16,32,2,1,1,0,0,1,1,32,7,2105351,7943,3,4718752,16907,2,2621440,0.010812,4,36.6667,3145728,786432,0,512,0.132994,95.6626,0,268435456,0,90820608,524288,85004288,11698176,0,14265344,0,3,19.4514,0,0,0,1,2,2,29.6095,100,99.9982,1024,10240,8,0,41
gemm_fast,1160,4096,64,16,64,32,8,8,16,32,2,1,2,0,0,0,0,32,3,2105351,8215,2,10485808,16395,4,20971520,0,0,0,0,0,0,0,0.133005,97.5857,0,268435456,0,156880896,2097152,100728832,38440960,0,17722368,0,2,6.37281,0,0,0,1,1,2,11.4105,100,99.9061,1024,0,0,0,42
gemm_fast,1230,4096,64,16,64,32,8,8,16,32,2,1,2,0,0,0,1,32,3,2105351,8727,1,4194352,16907,1,6291456,0.0121581,1,40,2097152,524288,0,512,0.133275,99.7951,0,268435456,0,138014720,524288,85004288,10653696,0,15707520,0,1,5.93024,0,0,0,1,1,1,10.5223,100,99.9984,1024,8192,8,0,42
gemm_fast,1105,4096,64,16,64,32,8,8,16,32,2,1,2,0,0,1,0,32,3,2105351,8215,2,8912944,16395,3,17301504,0,1,30,1048576,262144,0,0,0.133257,97.3487,0,268435456,0,113893376,524288,93388800,39489536,0,16116864,0,1,6.71012,0,0,0,1,1,2,11.3706,100,99.9984,1024,2048,0,0,48
gemm_fast,399,4096,64,16,64,32,8,8,16,32,2,1,2,0,0,1,1,32,7,2105359,8411,2,2621488,16907,2,2621440,0.0194062,4,36.6667,3145728,786432,0,512,0.133026,95.8203,0,268435456,0,90828800,524288,76615680,9080832,0,13921664,0,3,19.0265,0,0,0,1,1,1,29.4976,100,99.9982,1024,10240,8,0,41
gemm_fast,961,8192,128,16,64,32,8,16,8,8,2,1,1,0,0,0,0,32,3,2106559,7563,3,12582960,16395,5,25165824,0,0,0,0,0,0,0,0.266495,95.2957,0,268435456,0,311582720,3145728,201392128,68354048,0,26686720,0,2,7.72709,0,0,0,1,1,5,19.8724,100,99.8753,1024,0,0,0,38
gemm_fast,904,8192,128,16,64,32,8,16,8,8,2,1,1,0,0,0,1,32,3,2105391,8231,4,20971568,16395,3,10485760,0,2,33.3333,2097152,1048576,0,0,0.266399,96.9846,0,268435456,0,218284032,1048576,123797504,39002112,0,20330752,0,2,8.15392,0,0,0,1,1,3,18.1081,100,99.9975,1024,8192,0,0,38
gemm_fast,800,8192,128,16,64,32,8,16,8,8,2,1,1,0,0,1,0,32,4,2105527,8031,2,9437464,16395,4,17301504,0,2,27.7778,2097152,262144,0,0,0.266963,96.0102,0,268435456,0,219324416,1048576,176226304,70451200,0,22984448,0,2,9.291,0,0,0,1,1,4,20.8422,100,99.9978,1024,2048,0,0,37
gemm_fast,540,8192,128,16,64,32,8,16,8,8,2,1,1,0,0,1,1,32,5,2111983,8215,6,17825840,16395,1,2621440,0,4,30.9524,4194304,1310720,0,0,0.268258,88.3418,0,268435456,0,112377856,1048576,96534528,7536640,0,15185920,0,3,14.0183,0,0,0,1,1,1,24.3218,100,99.9966,1024,10240,0,0,40
gemm_fast,716,8192,128,16,64,32,8,16,8,8,2,1,2,0,0,0,0,32,4,2105367,8115,2,8388656,16395,7,25165824,0,0,0,0,0,0,0,0.265871,96.9288,0,268435456,0,292724736,2097152,134283264,24322048,0,22591488,0,3,10.465,0,0,0,1,1,5,24.5634,100,99.8527,1024,0,0,0,32
gemm_fast,617,8192,128,16,64,32,8,16,8,8,2,1,2,0,0,0,1,32,5,2105351,8215,4,12582960,16395,4,10485760,0,2,33.3333,2097152,1048576,0,0,0.266252,99.7795,0,268435456,0,200466432,1048576,115408896,52633600,0,19937792,0,3,12.0971,0,0,0,1,1,3,26.7764,100,99.9974,1024,8192,0,0,40
gemm_fast,676,8192,128,16,64,32,8,16,8,8,2,1,2,0,0,1,0,32,4,2105351,8579,2,5243264,16395,5,17301504,0,2,27.7778,2097152,262144,0,0,0.267039,95.2473,0,268435456,0,201515008,1048576,109117440,48439296,0,19642880,0,3,11.0067,0,0,0,1,1,3,24.9804,100,99.9974,1024,2048,0,0,32
gemm_fast,396,8192,128,16,64,32,8,16,8,8,2,1,2,0,0,1,1,32,7,2105351,6891,5,9437504,16395,2,2621440,0,6,30.9524,4194304,1310720,0,0,0.265512,93.431,0,268435456,0,111345664,1048576,88145920,7544832,0,14891776,0,4,19.9667,0,0,0,1,2,1,33.0075,100,99.9966,1024,10240,0,0,39
gemm_fast,696,8192,128,16,64,32,8,16,8,8,2,1,4,0,0,0,0,32,4,2105659,8543,2,6291984,16395,7,25165824,0,0,0,0,0,0,0,0.266339,96.5681,0,268435456,0,291684352,2097152,100728832,24322048,0,21510400,0,3,10.7448,0,0,0,1,1,4,24.8363,100,99.8453,1024,0,0,0,34
gemm_fast,610,8192,128,16,64,32,8,16,8,8,2,1,4,0,0,0,1,32,5,2105351,8215,3,8388664,16395,4,10485760,0,2,33.3333,2097152,1048576,0,0,0.266061,100.176,0,268435456,0,200466432,1048576,111214592,50536448,0,19741184,0,3,12.2525,0,0,0,1,1,3,25.2931,100,99.9974,1024,8192,0,0,40
gemm_fast,570,8192,128,16,64,32,8,16,8,8,2,1,4,0,0,1,0,32,5,2105351,8615,1,3145824,16395,6,17301504,0,2,27.7778,2097152,262144,0,0,0.266454,96.4498,0,268435456,0,200474624,1048576,75563008,35856384,0,18168576,0,3,13.1511,0,0,0,1,1,2,28.091,100,99.9972,1024,2048,0,0,38
gemm_fast,336,8192,128,16,64,32,8,16,8,8,2,1,4,0,0,1,1,32,8,2105427,10363,3,5242928,16395,2,2621440,0,6,30.9524,4194304,1310720,0,0,0.266075,91.3955,0,268435456,0,107151360,1048576,83951616,7544832,0,14629632,0,4,22.0195,0,0,0,1,2,1,35.4237,100,99.9965,1024,10240,0,0,32
gemm_fast,865,8192,128,16,64,32,8,16,8,8,2,2,1,0,0,0,0,32,4,2108067,6959,3,10485816,8203,6,25165824,0,0,0,0,0,0,0,0.266631,95.0747,0,268435456,0,293765120,3145728,167804928,58916864,0,24785408,0,2,8.66983,0,0,0,1,1,5,21.6716,100,99.8657,1024,0,0,0,35
gemm_fast,793,8192,128,16,64,32,8,16,8,8,2,2,1,0,0,0,1,32,4,2106667,8259,4,18874648,8203,3,10485760,0,2,33.3333,2097152,1048576,0,0,0.266825,95.4,0,268435456,0,200458240,1048576,90210304,37953536,0,18691328,0,2,9.44395,0,0,0,1,1,2,20.2775,100,99.9973,1024,8192,0,0,32
gemm_fast,786,8192,128,16,64,32,8,16,8,8,2,2,1,0,0,1,0,32,4,2105815,8603,2,8913400,8203,4,17301504,0,2,27.7778,2097152,262144,0,0,0.267273,95.3657,0,268435456,0,199417856,1048576,174096384,69410816,0,22263296,0,2,9.54578,0,0,0,1,1,5,21.3636,100,99.9977,1024,2048,0,0,39
gemm_fast,535,8192,128,16,64,32,8,16,8,8,2,2,1,0,0,1,1,32,5,2111927,8215,6,17301552,8203,1,2621440,0,4,30.9524,4194304,1310720,0,0,0.268218,89.2161,0,268435456,0,98762752,1048576,94404608,8593408,0,14726912,0,3,14.1102,0,0,0,1,1,1,24.3655,100,99.9965,1024,10240,0,0,32
gemm_fast,683,8192,128,16,64,32,8,16,8,8,2,2,2,0,0,0,0,32,4,2105355,8615,2,6291656,8203,7,25165824,0,0,0,0,0,0,0,0.265946,96.2918,0,268435456,0,291684352,2097152,100696064,32710656,0,21771520,0,3,10.8835,0,0,0,1,1,4,25.5374,100,99.8471,1024,0,0,0,40
gemm_fast,621,8192,128,16,64,32,8,16,8,8,2,2,2,0,0,0,1,32,5,2105351,8215,3,10485856,8203,4,10485760,0,2,33.3333,2097152,1048576,0,0,0.266307,98.2692,0,268435456,0,199426048,1048576,81821696,36904960,0,18364160,0,3,12.0599,0,0,0,1,1,2,24.9949,100,99.9972,1024,8192,0,0,34
gemm_fast,643,8192,128,16,64,32,8,16,8,8,2,2,2,0,0,1,0,32,5,2105407,8215,2,4718648,8203,5,17301504,0,2,27.7778,2097152,262144,0,0,0.267112,96.4997,0,268435456,0,199434240,1048576,106987520,53690368,0,19675392,0,3,11.5792,0,0,0,1,1,3,24.4396,100,99.9974,1024,2048,0,0,40
gemm_fast,349,8192,128,16,64,32,8,16,8,8,2,2,2,0,0,1,1,32,8,2110791,8259,5,8912944,8203,2,2621440,0,6,30.9524,4194304,1310720,0,0,0.267319,91.7774,0,268435456,0,109264896,1048576,86016000,10698752,0,14858752,0,4,22.0044,0,0,0,1,2,1,36.3765,100,99.9966,1024,10240,0,0,32
gemm_fast,688,8192,128,16,64,32,8,16,8,8,2,2,4,0,0,0,0,32,4,2105351,7995,2,4194544,8203,7,25165824,0,0,0,0,0,0,0,0.266115,95.9303,0,268435456,0,290643968,2097152,67141632,26419200,0,20493824,0,3,10.7952,0,0,0,1,1,3,25.294,100,99.8376,1024,0,0,0,32
gemm_fast,621,8192,128,16,64,32,8,16,8,8,2,2,4,0,0,0,1,32,5,2105351,8215,2,6291656,8203,4,10485760,0,2,33.3333,2097152,1048576,0,0,0.266338,99.6072,0,268435456,0,199426048,1048576,77627392,37953536,0,18265856,0,3,12.0511,0,0,0,1,1,2,24.263,100,99.9972,1024,8192,0,0,40
gemm_fast,650,8192,128,16,64,32,8,16,8,8,2,2,4,0,0,1,0,32,5,2105535,8407,1,2621816,8203,5,17301504,0,2,27.7778,2097152,262144,0,0,0.266475,95.5943,0,268435456,0,198393856,1048576,73433088,34816000,0,18004480,0,3,11.3789,0,0,0,1,1,2,23.9654,100,99.9972,1024,2048,0,0,38
gemm_fast,334,8192,128,16,64,32,8,16,8,8,2,2,4,0,0,1,1,32,8,2106767,10655,3,4719096,8203,2,2621440,0,6,30.9524,4194304,1310720,0,0,0.266052,93.0444,0,268435456,0,109264896,1048576,81821696,6504448,0,14596608,0,4,22.5865,0,0,0,1,2,1,36.2623,100,99.9965,1024,10240,0,0,32
gemm_fast,963,8192,128,16,64,32,8,16,8,16,2,1,1,0,0,0,0,32,3,2105675,7987,3,12583192,16395,5,25165824,0,0,0,0,0,0,0,0.266087,96.274,0,268435456,0,311582720,3145728,201392128,68354048,0,26686720,0,2,7.71106,0,0,0,1,1,5,19.6295,100,99.8753,1024,0,0,0,38
gemm_fast,739,8192,128,16,64,32,8,16,8,16,2,1,1,0,0,0,1,32,4,2105351,8215,3,12582960,16395,3,10485760,0,2,40,2097152,524288,0,0,0.266163,99.3187,0,268435456,0,218284032,1048576,123797504,42147840,0,20429056,0,2,10.1133,0,0,0,1,1,3,21.9713,100,99.9975,1024,8192,0,0,40
gemm_fast,793,8192,128,16,64,32,8,16,8,16,2,1,1,0,0,1,0,32,4,2105351,8191,2,9437232,16395,4,17301504,0,2,27.7778,2097152,262144,0,0,0.266927,96.4328,0,268435456,0,219324416,1048576,176226304,70451200,0,22984448,0,2,9.35506,0,0,0,1,1,5,20.894,100,99.9978,1024,2048,0,0,37
gemm_fast,360,8192,128,16,64,32,8,16,8,16,2,1,1,0,0,1,1,32,8,2107919,7483,5,9437232,16395,2,2621440,0,6,34.2105,4194304,786432,0,0,0.266653,88.5619,0,268435456,0,115523584,1048576,96534528,9633792,0,15349760,0,4,21.0881,0,0,0,1,2,2,36.2177,100,99.9967,1024,10240,0,0,40
gemm_fast,730,8192,128,16,64,32,8,16,8,16,2,1,2,0,0,0,0,32,4,2105611,8675,2,8388656,16395,7,25165824,0,0,0,0,0,0,0,0.266012,96.4658,0,268435456,0,292724736,2097152,134283264,24322048,0,22591488,0,3,10.4663,0,0,0,1,1,5,24.6841,100,99.8527,1024,0,0,0,32
gemm_fast,576,8192,128,16,64,32,8,16,8,16,2,1,2,0,0,0,1,32,5,2105351,8231,3,8388656,16395,4,10485760,0,2,40,2097152,524288,0,0,0.266071,99.1176,0,268435456,0,201515008,1048576,115408896,52633600,0,19970560,0,3,12.9305,0,0,0,1,1,3,28.8632,100,99.9974,1024,8192,0,0,40
gemm_fast,679,8192,128,16,64,32,8,16,8,16,2,1,2,0,0,1,0,32,4,2105351,8951,2,5242928,16395,5,17301504,0,2,27.7778,2097152,262144,0,0,0.266952,96.1373,0,268435456,0,201515008,1048576,109117440,48439296,0,19642880,0,3,11.076,0,0,0,1,1,3,24.905,100,99.9974,1024,2048,0,0,32
gemm_fast,328,8192,128,16,64,32,8,16,8,16,2,1,2,0,0,1,1,32,9,2106327,8083,3,5243336,16395,2,2621440,0,6,34.2105,4194304,786432,0,0,0.266381,95.7847,0,268435456,0,116588544,1048576,88145920,10690560,0,15153920,0,4,23.2476,0,0,0,1,2,1,38.2453,100,99.9966,1024,10240,0,0,32
gemm_fast,699,8192,128,16,64,32,8,16,8,16,2,1,4,0,0,0,0,32,4,2105511,8307,2,6291656,16395,7,25165824,0,0,0,0,0,0,0,0.26611,96.1937,0,268435456,0,291684352,2097152,100728832,24322048,0,21510400,0,3,10.741,0,0,0,1,1,4,24.9241,100,99.8453,1024,0,0,0,34
gemm_fast,596,8192,128,16,64,32,8,16,8,16,2,1,4,0,0,0,1,32,5,2105399,8215,2,6291944,16395,4,10485760,0,2,40,2097152,524288,0,0,0.266045,99.0273,0,268435456,0,200466432,1048576,111214592,50536448,0,19741184,0,3,12.5922,0,0,0,1,1,3,26.1469,100,99.9974,1024,8192,0,0,38
gemm_fast,569,8192,128,16,64,32,8,16,8,16,2,1,4,0,0,1,0,32,5,2106695,7899,1,3146176,16395,6,17301504,0,2,27.7778,2097152,262144,0,0,0.266388,96.2367,0,268435456,0,200474624,1048576,75563008,35856384,0,18168576,0,3,13.1408,0,0,0,1,1,2,28.131,100,99.9972,1024,2048,0,0,38
gemm_fast,333,8192,128,16,64,32,8,16,8,16,2,1,4,0,0,1,1,32,8,2105351,8183,2,3146008,16395,2,2621440,0,6,34.2105,4194304,786432,0,0,0.265908,96.2271,0,268435456,0,115539968,1048576,83951616,7544832,0,14891776,0,4,23.2998,0,0,0,1,2,1,36.5472,100,99.9966,1024,10240,0,0,32
gemm_fast,854,8192,128,16,64,32,8,16,8,16,2,2,1,0,0,0,0,32,4,2107947,7663,3,10485808,8203,6,25165824,0,0,0,0,0,0,0,0.266456,95.4463,0,268435456,0,293765120,3145728,167804928,58916864,0,24785408,0,2,8.68006,0,0,0,1,1,5,21.6126,100,99.8657,1024,0,0,0,35
gemm_fast,604,8192,128,16,64,32,8,16,8,16,2,2,1,0,0,0,1,32,5,2105351,8215,3,10485960,8203,4,10485760,0,2,40,2097152,524288,0,0,0.266311,97.4472,0,268435456,0,200458240,1048576,90210304,39002112,0,18724096,0,3,12.3131,0,0,0,1,1,2,26.0302,100,99.9973,1024,8192,0,0,32
gemm_fast,773,8192,128,16,64,32,8,16,8,16,2,2,1,0,0,1,0,32,4,2105351,8215,2,8912952,8283,5,17301504,0,2,27.7778,2097152,262144,0,0,0.267194,96.9014,0,268435456,0,199417856,1048576,174096384,69410816,0,22263296,0,2,9.70536,0,0,0,1,1,5,21.3767,100,99.9977,1024,2048,0,0,39
gemm_fast,374,8192,128,16,64,32,8,16,8,16,2,2,1,0,0,1,1,32,8,2109939,8011,5,8913112,8203,2,2621440,0,5,34.2105,4194304,786432,0,0,0.267181,93.2363,0,268435456,0,102957056,1048576,94404608,9641984,0,14890752,0,4,20.6451,0,0,0,1,2,2,34.545,100,99.9966,1024,10240,0,0,32
gemm_fast,689,8192,128,16,64,32,8,16,8,16,2,2,2,0,0,0,0,32,4,2105643,7979,2,6291504,8283,7,25165824,0,0,0,0,0,0,0,0.266011,96.3081,0,268435456,0,291684352,2097152,100696064,32710656,0,21771520,0,3,10.9203,0,0,0,1,1,4,25.6195,100,99.8471,1024,0,0,0,40
gemm_fast,623,8192,128,16,64,32,8,16,8,16,2,2,2,0,0,0,1,32,5,2105351,8215,2,6291504,8203,3,10485760,0,2,40,2097152,524288,0,0,0.266362,98.8579,0,268435456,0,200474624,1048576,81821696,36904960,0,18396928,0,3,11.9288,0,0,0,1,1,2,24.5287,100,99.9972,1024,8192,0,0,35
gemm_fast,644,8192,128,16,64,32,8,16,8,16,2,2,2,0,0,1,0,32,5,2105367,8231,2,4718992,8203,5,17301504,0,2,27.7778,2097152,262144,0,0,0.267055,94.7664,0,268435456,0,199434240,1048576,106987520,53690368,0,19675392,0,3,11.3214,0,0,0,1,1,3,24.3328,100,99.9974,1024,2048,0,0,40
gemm_fast,334,8192,128,16,64,32,8,16,8,16,2,2,2,0,0,1,1,32,8,2107007,4311,3,4718656,8203,2,2621440,0,6,34.2105,4194304,786432,0,0,0.266831,96.1202,0,268435456,0,114507776,1048576,86016000,12795904,0,15088128,0,4,23.3333,0,0,0,1,2,1,37.4945,100,99.9966,1024,10240,0,0,32
gemm_fast,688,8192,128,16,64,32,8,16,8,16,2,2,4,0,0,0,0,32,4,2105351,8431,2,4194704,8203,7,25165824,0,0,0,0,0,0,0,0.265829,95.8672,0,268435456,0,290643968,2097152,67141632,26419200,0,20493824,0,3,10.7497,0,0,0,1,1,3,25.2038,100,99.8376,1024,0,0,0,32
gemm_fast,586,8192,128,16,64,32,8,16,8,16,2,2,4,0,0,0,1,32,5,2105351,8215,2,4194576,8203,4,10485760,0,2,40,2097152,524288,0,0,0.266418,98.6704,0,268435456,0,199426048,1048576,77627392,39002112,0,18298624,0,3,12.5267,0,0,0,1,1,2,25.5096,100,99.9972,1024,8192,0,0,40
gemm_fast,649,8192,128,16,64,32,8,16,8,16,2,2,4,0,0,1,0,32,5,2105515,8311,1,2621856,8203,5,17301504,0,2,27.7778,2097152,262144,0,0,0.26666,95.7095,0,268435456,0,198393856,1048576,73433088,34816000,0,18004480,0,3,11.4191,0,0,0,1,1,2,24.0211,100,99.9972,1024,2048,0,0,38
gemm_fast,327,8192,128,16,64,32,8,16,8,16,2,2,4,0,0,1,1,32,9,2105351,9771,2,2621872,8203,2,2621440,0,6,34.2105,4194304,786432,0,0,0.266207,94.2343,0,268435456,0,113459200,1048576,81821696,7553024,0,14760448,0,4,22.9234,0,0,0,1,2,1,36.4337,100,99.9965,1024,10240,0,0,32
gemm_fast,965,8192,128,16,64,32,8,16,8,32,2,1,1,0,0,0,0,32,3,2105355,8047,3,12583008,16395,5,25165824,0,0,0,0,0,0,0,0.266468,96.587,0,268435456,0,311582720,3145728,201392128,68354048,0,26686720,0,2,7.74801,0,0,0,1,1,5,19.6597,100,99.8753,1024,0,0,0,38
gemm_fast,724,8192,128,16,64,32,8,16,8,32,2,1,1,0,0,0,1,32,4,2105351,8215,2,8388656,16395,3,10485760,0,2,40,2097152,524288,0,0,0.266136,99.4655,0,268435456,0,226672640,1048576,127991808,42147840,0,20822272,0,2,10.6039,0,0,0,1,1,3,23.378,100,99.9975,1024,8192,0,0,40
gemm_fast,801,8192,128,16,64,32,8,16,8,32,2,1,1,0,0,1,0,32,4,2105375,8015,2,9437480,16395,4,17301504,0,2,27.7778,2097152,262144,0,0,0.266856,96.8122,0,268435456,0,219324416,1048576,176226304,70451200,0,22984448,0,2,9.34947,0,0,0,1,1,4,20.7997,100,99.9978,1024,2048,0,0,37
gemm_fast,327,8192,128,16,64,32,8,16,8,32,2,1,1,0,0,1,1,32,9,2105351,8571,3,5242928,16395,2,2621440,0,6,34.2105,4194304,786432,0,0,0.266199,95.1982,0,268435456,0,124960768,1048576,100728832,10682368,0,15808512,0,4,23.1857,0,0,0,1,2,2,38.947,100,99.9968,1024,10240,0,0,40
gemm_fast,713,8192,128,16,64,32,8,16,8,32,2,1,2,0,0,0,0,32,4,2105411,7979,2,8388656,16523,7,25165824,0,0,0,0,0,0,0,0.266076,96.7431,0,268435456,0,292724736,2097152,134283264,24322048,0,22591488,0,3,10.4176,0,0,0,1,1,5,24.4988,100,99.8527,1024,0,0,0,32
gemm_fast,564,8192,128,16,64,32,8,16,8,32,2,1,2,0,0,0,1,32,5,2105351,8215,2,6291504,16395,4,10485760,0,2,40,2097152,524288,0,0,0.266032,99.6924,0,268435456,0,208855040,1048576,119603200,50536448,0,20265472,0,3,13.3474,0,0,0,1,1,4,29.8309,100,99.9975,1024,8192,0,0,40
gemm_fast,664,8192,128,16,64,32,8,16,8,32,2,1,2,0,0,1,0,32,4,2105367,8391,2,5242928,16395,5,17301504,0,2,27.7778,2097152,262144,0,0,0.266923,95.7414,0,268435456,0,201515008,1048576,109117440,48439296,0,19642880,0,3,11.0603,0,0,0,1,1,3,24.9724,100,99.9974,1024,2048,0,0,32
gemm_fast,331,8192,128,16,64,32,8,16,8,32,2,1,2,0,0,1,1,32,8,2106159,8599,2,3145776,16395,2,2621440,0,6,34.2105,4194304,786432,0,0,0.266282,95.635,0,268435456,0,123928576,1048576,92340224,11739136,0,15547136,0,4,22.925,0,0,0,1,2,1,39.1783,100,99.9967,1024,10240,0,0,32
gemm_fast,858,8192,128,16,64,32,8,16,8,32,2,2,1,0,0,0,0,32,4,2108295,8163,3,10485808,8283,6,25165824,0,0,0,0,0,0,0,0.266785,95.0317,0,268435456,0,293765120,3145728,167804928,58916864,0,24785408,0,2,8.63863,0,0,0,1,1,5,21.6033,100,99.8657,1024,0,0,0,35
gemm_fast,551,8192,128,16,64,32,8,16,8,32,2,2,1,0,0,0,1,32,5,2105351,8215,2,6291504,8203,4,10485760,0,2,40,2097152,524288,0,0,0.266363,100.501,0,268435456,0,208846848,1048576,94404608,42147840,0,19215616,0,3,13.7361,0,0,0,1,1,3,28.156,100,99.9973,1024,8192,0,0,40
gemm_fast,767,8192,128,16,64,32,8,16,8,32,2,2,1,0,0,1,0,32,4,2109099,8255,2,8912944,8203,4,17301504,0,2,27.7778,2097152,262144,0,0,0.267324,95.3463,0,268435456,0,199417856,1048576,174096384,69410816,0,22263296,0,2,9.56132,0,0,0,1,1,5,21.403,100,99.9977,1024,2048,0,0,39
gemm_fast,338,8192,128,16,64,32,8,16,8,32,2,2,1,0,0,1,1,32,8,2105415,7031,3,4718888,8203,2,2621440,0,6,34.2105,4194304,786432,0,0,0.266154,93.3409,0,268435456,0,110297088,1048576,98598912,10690560,0,15283968,0,4,22.6872,0,0,0,1,2,2,38.5848,100,99.9967,1024,10240,0,0,40
gemm_fast,685,8192,128,16,64,32,8,16,8,32,2,2,2,0,0,0,0,32,4,2105351,8523,2,6291504,8203,7,25165824,0,0,0,0,0,0,0,0.266219,96.1507,0,268435456,0,291684352,2097152,100696064,32710656,0,21771520,0,3,10.8825,0,0,0,1,1,4,25.5726,100,99.8471,1024,0,0,0,40
gemm_fast,612,8192,128,16,64,32,8,16,8,32,2,2,2,0,0,0,1,32,5,2105351,8215,2,4194600,8203,4,10485760,0,2,40,2097152,524288,0,0,0.266512,99.1585,0,268435456,0,207814656,1048576,86016000,41107456,0,18888704,0,3,12.0113,0,0,0,1,1,2,25.239,100,99.9973,1024,8192,0,0,32
gemm_fast,643,8192,128,16,64,32,8,16,8,32,2,2,2,0,0,1,0,32,5,2105583,8215,2,4718888,8203,5,17301504,0,2,27.7778,2097152,262144,0,0,0.267107,96.8487,0,268435456,0,199434240,1048576,106987520,53690368,0,19675392,0,3,11.5951,0,0,0,1,1,3,24.385,100,99.9974,1024,2048,0,0,40
gemm_fast,332,8192,128,16,64,32,8,16,8,32,2,2,2,0,0,1,1,32,8,2105407,8979,2,2621656,8203,2,2621440,0,6,34.2105,4194304,786432,0,0,0.266144,94.8456,0,268435456,0,121847808,1048576,90210304,11747328,0,15415808,0,4,22.9339,0,0,0,1,2,1,37.821,100,99.9967,1024,10240,0,0,32
gemm_fast,962,8192,128,16,64,32,8,16,16,8,2,1,1,0,0,0,0,32,3,2107179,8219,3,12582960,16475,5,25165824,0,0,0,0,0,0,0,0.266225,96.2779,0,268435456,0,311582720,3145728,201392128,68354048,0,26686720,0,2,7.75492,0,0,0,1,1,5,19.7404,100,99.8753,1024,0,0,0,38
gemm_fast,916,8192,128,16,64,32,8,16,16,8,2,1,1,0,0,0,1,32,3,2105351,8215,4,20971568,16395,3,10485760,0,2,33.3333,2097152,1048576,0,0,0.266444,96.8642,0,268435456,0,218284032,1048576,123797504,39002112,0,20330752,0,2,8.1607,0,0,0,1,1,3,18.1457,100,99.9975,1024,8192,0,0,38
gemm_fast,789,8192,128,16,64,32,8,16,16,8,2,1,1,0,0,1,0,32,4,2106171,8011,2,8912960,16395,4,17301504,0,2,27.7778,2097152,262144,0,0,0.267058,96.0881,0,268435456,0,218275840,1048576,178323456,83034112,0,23410432,0,2,9.53651,0,0,0,1,1,5,22.6162,100,99.9978,1024,2048,0,0,38
gemm_fast,517,8192,128,16,64,32,8,16,16,8,2,1,1,0,0,1,1,32,6,2112135,8215,6,17302296,16395,1,2621440,0,4,30.9524,4194304,1310720,0,0,0.268319,87.9292,0,268435456,0,115523584,1048576,98631680,9633792,0,15415296,0,3,14.674,0,0,0,1,2,2,26.0351,100,99.9967,1024,10240,0,0,32
gemm_fast,717,8192,128,16,64,32,8,16,16,8,2,1,2,0,0,0,0,32,4,2105395,8459,2,8388656,16395,7,25165824,0,0,0,0,0,0,0,0.266131,95.1567,0,268435456,0,292724736,2097152,134283264,24322048,0,22591488,0,3,10.326,0,0,0,1,1,5,24.6882,100,99.8527,1024,0,0,0,32
gemm_fast,622,8192,128,16,64,32,8,16,16,8,2,1,2,0,0,0,1,32,5,2105511,8215,4,12583424,16395,4,10485760,0,2,33.3333,2097152,1048576,0,0,0.266284,101.213,0,268435456,0,200466432,1048576,115408896,52633600,0,19937792,0,3,12.1127,0,0,0,1,1,3,26.431,100,99.9974,1024,8192,0,0,40
gemm_fast,651,8192,128,16,64,32,8,16,16,8,2,1,2,0,0,1,0,32,5,2105671,8215,2,4719112,16395,5,17301504,0,2,27.7778,2097152,262144,0,0,0.266919,96.6479,0,268435456,0,200466432,1048576,111214592,52633600,0,19806720,0,3,11.602,0,0,0,1,1,3,24.9649,100,99.9974,1024,2048,0,0,32
gemm_fast,376,8192,128,16,64,32,8,16,16,8,2,1,2,0,0,1,1,32,8,2105495,7811,5,8913096,16395,2,2621440,0,6,30.9524,4194304,1310720,0,0,0.265573,92.2055,0,268435456,0,114491392,1048576,90243072,9641984,0,15121152,0,4,20.5935,0,0,0,1,2,1,35.1066,100,99.9966,1024,10240,0,0,39
gemm_fast,696,8192,128,16,64,32,8,16,16,8,2,1,4,0,0,0,0,32,4,2105351,8403,2,6291728,16395,7,25165824,0,0,0,0,0,0,0,0.266227,97.9074,0,268435456,0,291684352,2097152,100728832,24322048,0,21510400,0,3,10.7902,0,0,0,1,1,4,24.6,100,99.8453,1024,0,0,0,34
gemm_fast,616,8192,128,16,64,32,8,16,16,8,2,1,4,0,0,0,1,32,5,2105351,8215,3,8388656,16395,4,10485760,0,2,33.3333,2097152,1048576,0,0,0.266032,98.9314,0,268435456,0,200466432,1048576,111214592,50536448,0,19741184,0,3,12.1885,0,0,0,1,1,3,25.4775,100,99.9974,1024,8192,0,0,40
gemm_fast,560,8192,128,16,64,32,8,16,16,8,2,1,4,0,0,1,0,32,5,2105351,8307,1,2621488,16395,6,17301504,0,2,27.7778,2097152,262144,0,0,0.266323,96.8654,0,268435456,0,199426048,1048576,77660160,37953536,0,18266880,0,3,13.3942,0,0,0,1,1,2,28.6496,100,99.9972,1024,2048,0,0,38
gemm_fast,336,8192,128,16,64,32,8,16,16,8,2,1,4,0,0,1,1,32,8,2105751,9523,3,4718640,16395,2,2621440,0,6,30.9524,4194304,1310720,0,0,0.26605,92.1311,0,268435456,0,114491392,1048576,86048768,9641984,0,14990080,0,4,22.3777,0,0,0,1,2,1,36.6611,100,99.9966,1024,10240,0,0,32
gemm_fast,967,8192,128,16,64,32,8,16,16,16,2,1,1,0,0,0,0,32,3,2106583,8651,3,12582960,16395,5,25165824,0,0,0,0,0,0,0,0.266662,95.4699,0,268435456,0,311582720,3145728,201392128,68354048,0,26686720,0,2,7.70977,0,0,0,1,1,5,19.7915,100,99.8753,1024,0,0,0,38
gemm_fast,738,8192,128,16,64,32,8,16,16,16,2,1,1,0,0,0,1,32,4,2105351,8215,3,12583112,16395,3,10485760,0,2,40,2097152,524288,0,0,0.26627,99.1112,0,268435456,0,218284032,1048576,123797504,42147840,0,20429056,0,2,10.0471,0,0,0,1,1,3,21.8734,100,99.9975,1024,8192,0,0,40
gemm_fast,788,8192,128,16,64,32,8,16,16,16,2,1,1,0,0,1,0,32,4,2105527,8339,2,8913352,16395,4,17301504,0,2,27.7778,2097152,262144,0,0,0.267033,96.0857,0,268435456,0,218275840,1048576,178323456,83034112,0,23410432,0,2,9.46973,0,0,0,1,1,5,22.4586,100,99.9978,1024,2048,0,0,38
gemm_fast,350,8192,128,16,64,32,8,16,16,16,2,1,1,0,0,1,1,32,8,2109679,8231,5,8912944,16395,2,2621440,0,6,34.2105,4194304,786432,0,0,0.267146,91.7694,0,268435456,0,112377856,1048576,98631680,10682368,0,15349760,0,4,22.1659,0,0,0,1,2,2,37.21,100,99.9967,1024,10240,0,0,32
gemm_fast,716,8192,128,16,64,32,8,16,16,16,2,1,2,0,0,0,0,32,4,2105407,8167,2,8388816,16395,7,25165824,0,0,0,0,0,0,0,0.266249,96.6977,0,268435456,0,292724736,2097152,134283264,24322048,0,22591488,0,3,10.4805,0,0,0,1,1,5,24.6586,100,99.8527,1024,0,0,0,32
gemm_fast,582,8192,128,16,64,32,8,16,16,16,2,1,2,0,0,0,1,32,5,2105351,8215,3,8388664,16395,4,10485760,0,2,40,2097152,524288,0,0,0.266004,99.6878,0,268435456,0,201515008,1048576,115408896,52633600,0,19970560,0,3,12.963,0,0,0,1,1,3,28.7701,100,99.9974,1024,8192,0,0,40
gemm_fast,645,8192,128,16,64,32,8,16,16,16,2,1,2,0,0,1,0,32,5,2105351,8215,2,4718784,16395,5,17301504,0,2,27.7778,2097152,262144,0,0,0.266877,96.6486,0,268435456,0,200466432,1048576,111214592,52633600,0,19806720,0,3,11.5664,0,0,0,1,1,3,24.8881,100,99.9974,1024,2048,0,0,32
gemm_fast,327,8192,128,16,64,32,8,16,16,16,2,1,2,0,0,1,1,32,9,2105583,7939,3,4719032,16395,2,2621440,0,6,34.2105,4194304,786432,0,0,0.266572,95.1975,0,268435456,0,112394240,1048576,90243072,12787712,0,15153920,0,4,23.1806,0,0,0,1,2,1,38.7506,100,99.9966,1024,10240,0,0,32
gemm_fast,697,8192,128,16,64,32,8,16,16,16,2,1,4,0,0,0,0,32,4,2105511,8055,2,6291800,16395,7,25165824,0,0,0,0,0,0,0,0.266089,97.3068,0,268435456,0,291684352,2097152,100728832,24322048,0,21510400,0,3,10.8059,0,0,0,1,1,4,24.788,100,99.8453,1024,0,0,0,34
gemm_fast,604,8192,128,16,64,32,8,16,16,16,2,1,4,0,0,0,1,32,5,2105879,8215,2,6292072,16395,4,10485760,0,2,40,2097152,524288,0,0,0.266045,100.048,0,268435456,0,200466432,1048576,111214592,50536448,0,19741184,0,3,12.589,0,0,0,1,1,3,25.8736,100,99.9974,1024,8192,0,0,38
gemm_fast,561,8192,128,16,64,32,8,16,16,16,2,1,4,0,0,1,0,32,5,2105359,8159,1,2621488,16395,6,17301504,0,2,27.7778,2097152,262144,0,0,0.266332,96.4912,0,268435456,0,199426048,1048576,77660160,37953536,0,18266880,0,3,13.3213,0,0,0,1,1,2,28.604,100,99.9972,1024,2048,0,0,38
gemm_fast,327,8192,128,16,64,32,8,16,16,16,2,1,4,0,0,1,1,32,9,2105351,7567,2,2621600,16395,2,2621440,0,6,34.2105,4194304,786432,0,0,0.266256,95.6211,0,268435456,0,108199936,1048576,86048768,9641984,0,14793472,0,4,23.2581,0,0,0,1,2,1,35.9527,100,99.9965,1024,10240,0,0,32
gemm_fast,963,8192,128,16,64,32,8,16,16,32,2,1,1,0,0,0,0,32,3,2107487,8483,3,12583432,16395,5,25165824,0,0,0,0,0,0,0,0.266413,96.2621,0,268435456,0,311582720,3145728,201392128,68354048,0,26686720,0,2,7.71402,0,0,0,1,1,5,19.6395,100,99.8753,1024,0,0,0,38
gemm_fast,701,8192,128,16,64,32,8,16,16,32,2,1,1,0,0,0,1,32,4,2105351,8215,2,8390456,16395,3,10485760,0,2,40,2097152,524288,0,0,0.26621,99.4511,0,268435456,0,226672640,1048576,127991808,42147840,0,20822272,0,2,10.5509,0,0,0,1,1,3,23.2648,100,99.9975,1024,8192,0,0,40
gemm_fast,783,8192,128,16,64,32,8,16,16,32,2,1,1,0,0,1,0,32,4,2105383,8399,2,8912944,16395,4,17301504,0,2,27.7778,2097152,262144,0,0,0.266993,95.8537,0,268435456,0,218275840,1048576,178323456,83034112,0,23410432,0,2,9.49831,0,0,0,1,1,5,22.5808,100,99.9978,1024,2048,0,0,38
gemm_fast,339,8192,128,16,64,32,8,16,16,32,2,1,1,0,0,1,1,32,8,2108519,8107,3,4718688,16395,2,2621440,0,6,34.2105,4194304,786432,0,0,0.266597,92.7174,0,268435456,0,123912192,1048576,102825984,12779520,0,15906816,0,4,22.6634,0,0,0,1,2,2,38.7063,100,99.9968,1024,10240,0,0,40
gemm_fast,721,8192,128,16,64,32,8,16,16,32,2,1,2,0,0,0,0,32,4,2105355,8707,2,8388656,16395,7,25165824,0,0,0,0,0,0,0,0.266187,96.1883,0,268435456,0,292724736,2097152,134283264,24322048,0,22591488,0,3,10.4304,0,0,0,1,1,5,24.6704,100,99.8527,1024,0,0,0,32
gemm_fast,561,8192,128,16,64,32,8,16,16,32,2,1,2,0,0,0,1,32,5,2105351,8215,2,6291504,16395,4,10485760,0,2,40,2097152,524288,0,0,0.266031,98.8708,0,268435456,0,208855040,1048576,119603200,50536448,0,20265472,0,3,13.2318,0,0,0,1,1,4,29.8183,100,99.9975,1024,8192,0,0,40
gemm_fast,646,8192,128,16,64,32,8,16,16,32,2,1,2,0,0,1,0,32,5,2105351,8215,2,4718640,16395,5,17301504,0,2,27.7778,2097152,262144,0,0,0.266915,95.569,0,268435456,0,200466432,1048576,111214592,52633600,0,19806720,0,3,11.3671,0,0,0,1,1,3,24.7357,100,99.9974,1024,2048,0,0,32
gemm_fast,332,8192,128,16,64,32,8,16,16,32,2,1,2,0,0,1,1,32,8,2105455,7367,2,2621856,16395,2,2621440,0,6,34.2105,4194304,786432,0,0,0.266075,95.7409,0,268435456,0,122880000,1048576,94437376,14884864,0,15678208,0,4,23.0421,0,0,0,1,2,1,39.5226,100,99.9967,1024,10240,0,0,32
gemm_fast,1284,16384,256,16,64,32,8,32,8,8,2,1,1,0,0,0,0,32,3,2111795,8215,2,12583336,16395,5,33554432,0,0,0,0,0,0,0,0.535803,87.5604,0,268435456,0,581238784,4194304,268500992,69484544,0,37312000,0,3,5.75706,0,0,0,1,1,6,23.1842,100,99.8216,1024,0,0,0,32
gemm_fast,950,16384,256,16,64,32,8,32,8,8,2,1,1,0,0,0,1,32,3,2111519,8215,5,25165872,16395,4,18874368,0,2,33.3333,2097152,1048576,0,0,0.536774,88.2746,0,268435456,0,384106496,2097152,226557952,82100224,0,30104064,0,3,7.91592,0,0,0,1,1,5,28.2568,100,99.9966,1024,8192,0,0,32
gemm_fast,653,16384,256,16,64,32,8,32,8,8,2,1,1,0,0,1,0,32,5,2112211,8215,2,5242928,16395,5,17301504,0,3,27.2727,4194304,131072,0,0,0.537376,85.9544,0,268435456,0,382009344,2097152,211877888,88358912,0,29775360,0,4,11.4472,0,0,0,1,1,6,40.6108,100,99.9966,1024,2048,0,0,38
gemm_fast,527,16384,256,16,64,32,8,32,8,8,2,1,1,0,0,1,1,32,6,2111807,8215,6,17825992,16395,1,2621440,0,6,29.8246,6291456,1179648,0,0,0.535932,87.5611,0,268435456,0,193282048,2097152,165740544,10747904,0,20010496,0,3,14.3936,0,0,0,1,2,2,29.7044,100,99.9949,1024,10240,0,0,31
gemm_fast,1077,16384,256,16,64,32,8,32,8,8,2,1,2,0,0,0,0,32,3,2112195,8215,2,10486496,16395,6,33554432,0,0,0,0,0,0,0,0.535792,86.6714,0,268435456,0,375717888,2097152,201392128,82051072,0,29053952,0,2,6.86984,0,0,0,1,1,5,22.1902,100,99.9965,1024,0,0,0,32
gemm_fast,777,16384,256,16,64,32,8,32,8,8,2,1,2,0,0,0,1,32,4,2112859,8215,4,16777408,16395,5,18874368,0,2,33.3333,2097152,1048576,0,0,0.535989,87.6169,0,268435456,0,291864576,2097152,218169344,86278144,0,27089920,0,3,9.55327,0,0,0,1,1,5,29.5004,100,99.9962,1024,8192,0,0,32
gemm_fast,455,16384,256,16,64,32,8,32,8,8,2,1,2,0,0,1,0,32,6,2111107,8215,2,3145776,16475,7,17301504,0,4,27.2727,4194304,131072,0,0,0.534462,91.7818,0,268435456,0,275087360,2097152,144769024,67387392,0,23681536,0,4,16.5763,0,0,0,1,2,4,44.7726,100,99.9957,1024,2048,0,0,38
gemm_fast,378,16384,256,16,64,32,8,32,8,8,2,1,2,0,0,1,1,32,7,2112015,8215,5,9437616,16395,2,2621440,0,8,29.8246,6291456,1179648,0,0,0.536728,84.4375,0,268435456,0,184909824,2097152,157351936,8667136,0,19421696,0,5,20.1191,0,0,0,1,3,1,43.2454,100,99.9947,1024,10240,0,0,32
gemm_fast,1094,16384,256,16,64,32,8,32,8,8,2,2,1,0,0,0,0,32,3,2112247,8215,2,8388656,8203,6,33554432,0,0,0,0,0,0,0,0.535512,85.8923,0,268435456,0,560300032,2097152,201359360,63242240,0,34233344,0,3,6.88345,0,0,0,1,1,5,28.1942,100,99.997,1024,0,0,0,40
gemm_fast,795,16384,256,16,64,32,8,32,8,8,2,2,1,0,0,0,1,32,4,2111119,8215,5,20971944,8203,5,18874368,0,2,33.3333,2097152,1048576,0,0,0.536159,90.3743,0,268435456,0,384122880,2097152,159416320,71614464,0,27678720,0,3,9.54608,0,0,0,1,1,3,31.9629,100,99.9963,1024,8192,0,0,36
gemm_fast,666,16384,256,16,64,32,8,32,8,8,2,2,1,0,0,1,0,32,4,2112191,8215,2,4718704,8203,5,17301504,0,3,27.2727,4194304,131072,0,0,0.537628,86.3279,0,268435456,0,382042112,2097152,209747968,82132992,0,29515264,0,4,11.3841,0,0,0,1,1,6,39.3918,100,99.9965,1024,2048,0,0,38
gemm_fast,511,16384,256,16,64,32,8,32,8,8,2,2,1,0,0,1,1,32,6,2111931,8215,6,17301552,8203,1,2621440,0,6,29.8246,6291456,1179648,0,0,0.535819,87.1216,0,268435456,0,189120512,2097152,163610624,10764288,0,19814400,0,3,14.7055,0,0,0,1,2,1,31.2972,100,99.9948,1024,10240,0,0,32
gemm_fast,787,16384,256,16,64,32,8,32,8,8,2,2,2,0,0,0,0,32,4,2110619,8171,2,6291512,8203,8,33554432,0,0,0,0,0,0,0,0.534126,92.3114,0,268435456,0,361054208,2097152,134250496,65290240,0,25973760,0,3,9.46719,0,0,0,1,1,5,26.8684,100,99.9961,1024,0,0,0,32
gemm_fast,600,16384,256,16,64,32,8,32,8,8,2,2,2,0,0,0,1,32,5,2111087,8215,4,12582960,8203,6,18874368,0,2,33.3333,2097152,1048576,0,0,0.535637,90.5817,0,268435456,0,277184512,2097152,151027712,69500928,0,24008704,0,3,12.383,0,0,0,1,1,4,34.7448,100,99.9957,1024,8192,0,0,38
gemm_fast,454,16384,256,16,64,32,8,32,8,8,2,2,2,0,0,1,0,32,6,2111207,8215,1,2621488,8203,7,17301504,0,4,27.2727,4194304,131072,0,0,0.534564,91.3684,0,268435456,0,273022976,2097152,142639104,59015168,0,23288832,0,4,16.518,0,0,0,1,2,4,42.8452,100,99.9956,1024,2048,0,0,38
gemm_fast,369,16384,256,16,64,32,8,32,8,8,2,2,2,0,0,1,1,32,8,2112079,8231,5,8913128,8203,2,2621440,0,8,29.8246,6291456,1179648,0,0,0.537916,84.1314,0,268435456,0,180748288,2097152,155222016,8683520,0,19225600,0,5,20.3443,0,0,0,1,3,1,43.329,100,99.9947,1024,10240,0,0,32
gemm_fast,1295,16384,256,16,64,32,8,32,8,16,2,1,1,0,0,0,0,32,3,2112291,8231,2,12583248,16395,5,33554432,0,0,0,0,0,0,0,0.535678,86.8009,0,268435456,0,581238784,4194304,268500992,69484544,0,37312000,0,3,5.78348,0,0,0,1,1,6,23.4944,100,99.8216,1024,0,0,0,32
gemm_fast,779,16384,256,16,64,32,8,32,8,16,2,1,1,0,0,0,1,32,4,2110759,8215,4,16777264,16395,5,18874368,0,2,40,2097152,524288,0,0,0.536643,89.2516,0,268435456,0,400883712,2097152,226557952,84197376,0,30693888,0,3,9.82002,0,0,0,1,1,5,34.7558,100,99.9967,1024,8192,0,0,32
gemm_fast,651,16384,256,16,64,32,8,32,8,16,2,1,1,0,0,1,0,32,5,2112175,8215,2,5243096,16395,5,17301504,0,3,27.2727,4194304,131072,0,0,0.536992,85.0402,0,268435456,0,382009344,2097152,211877888,88358912,0,29775360,0,4,11.3314,0,0,0,1,1,6,40.6318,100,99.9966,1024,2048,0,0,38
gemm_fast,369,16384,256,16,64,32,8,32,8,16,2,1,1,0,0,1,1,32,8,2112199,8215,5,9437232,16395,2,2621440,0,7,32.0755,6291456,655360,0,0,0.537208,84.2311,0,268435456,0,216350720,2097152,165740544,10747904,0,20731392,0,5,20.5831,0,0,0,1,3,2,46.4484,100,99.9951,1024,10240,0,0,31
gemm_fast,1071,16384,256,16,64,32,8,32,8,16,2,1,2,0,0,0,0,32,3,2112211,8215,2,10485808,16395,6,33554432,0,0,0,0,0,0,0,0.53635,86.4232,0,268435456,0,375717888,2097152,201392128,82051072,0,29053952,0,2,6.81688,0,0,0,1,1,5,22.0824,100,99.9965,1024,0,0,0,32
gemm_fast,705,16384,256,16,64,32,8,32,8,16,2,1,2,0,0,0,1,32,4,2110543,8231,3,12583104,16395,5,18874368,0,2,40,2097152,524288,0,0,0.535849,92.3997,0,268435456,0,306544640,2097152,218169344,86278144,0,27548672,0,3,10.4443,0,0,0,1,1,5,30.8473,100,99.9963,1024,8192,0,0,32
gemm_fast,458,16384,256,16,64,32,8,32,8,16,2,1,2,0,0,1,0,32,6,2110959,8215,2,3145776,16395,7,17301504,0,4,27.2727,4194304,131072,0,0,0.534551,92.6498,0,268435456,0,275087360,2097152,144769024,67387392,0,23681536,0,4,16.7055,0,0,0,1,2,4,44.6988,100,99.9957,1024,2048,0,0,38
gemm_fast,353,16384,256,16,64,32,8,32,8,16,2,1,2,0,0,1,1,32,8,2110639,8215,3,5242936,16395,2,2621440,0,8,32.0755,6291456,655360,0,0,0.535208,89.649,0,268435456,0,205881344,2097152,157351936,8667136,0,20077056,0,5,21.8344,0,0,0,1,3,1,45.7264,100,99.9949,1024,10240,0,0,32
gemm_fast,1076,16384,256,16,64,32,8,32,8,16,2,2,1,0,0,0,0,32,3,2112303,8215,2,8388656,8203,6,33554432,0,0,0,0,0,0,0,0.534843,86.2492,0,268435456,0,560300032,2097152,201359360,63242240,0,34233344,0,3,6.88831,0,0,0,1,1,5,28.0974,100,99.997,1024,0,0,0,40
gemm_fast,601,16384,256,16,64,32,8,32,8,16,2,2,1,0,0,0,1,32,5,2111415,8215,4,12582960,8203,6,18874368,0,2,40,2097152,524288,0,0,0.536874,88.5155,0,268435456,0,400900096,2097152,159416320,73711616,0,28268544,0,4,12.44,0,0,0,1,1,4,42.6371,100,99.9964,1024,8192,0,0,36
gemm_fast,653,16384,256,16,64,32,8,32,8,16,2,2,1,0,0,1,0,32,5,2112019,8215,2,4718936,8203,5,17301504,0,3,27.2727,4194304,131072,0,0,0.537378,85.8565,0,268435456,0,382042112,2097152,209747968,82132992,0,29515264,0,4,11.3688,0,0,0,1,1,6,39.5549,100,99.9965,1024,2048,0,0,38
gemm_fast,378,16384,256,16,64,32,8,32,8,16,2,2,1,0,0,1,1,32,7,2112199,8215,5,8912944,8203,2,2621440,0,7,32.0755,6291456,655360,0,0,0.53767,84.6968,0,268435456,0,212189184,2097152,163610624,10764288,0,20535296,0,5,20.7668,0,0,0,1,3,2,46.0372,100,99.995,1024,10240,0,0,32
gemm_fast,786,16384,256,16,64,32,8,32,8,16,2,2,2,0,0,0,0,32,4,2110371,8039,2,6291504,8203,8,33554432,0,0,0,0,0,0,0,0.533785,92.6429,0,268435456,0,361054208,2097152,134250496,65290240,0,25973760,0,3,9.45893,0,0,0,1,1,5,26.7488,100,99.9961,1024,0,0,0,32
gemm_fast,529,16384,256,16,64,32,8,32,8,16,2,2,2,0,0,0,1,32,5,2109855,8215,3,8388656,8203,7,18874368,0,2,40,2097152,524288,0,0,0.535193,92.497,0,268435456,0,291864576,2097152,151027712,69500928,0,24467456,0,4,14.1271,0,0,0,1,1,4,38.3405,100,99.9958,1024,8192,0,0,38
gemm_fast,455,16384,256,16,64,32,8,32,8,16,2,2,2,0,0,1,0,32,6,2110315,8215,1,2621488,8203,7,17301504,0,4,27.2727,4194304,131072,0,0,0.534549,92.8762,0,268435456,0,273022976,2097152,142639104,59015168,0,23288832,0,4,16.6399,0,0,0,1,2,4,42.4601,100,99.9956,1024,2048,0,0,38
gemm_fast,349,16384,256,16,64,32,8,32,8,16,2,2,2,0,0,1,1,32,8,2110527,8215,3,4718640,8203,2,2621440,0,8,32.0755,6291456,655360,0,0,0.535024,90.2991,0,268435456,0,201719808,2097152,155222016,10780672,0,19946496,0,5,22.0052,0,0,0,1,3,1,45.7588,100,99.9949,1024,10240,0,0,32
gemm_fast,1287,16384,256,16,64,32,8,32,8,32,2,1,1,0,0,0,0,32,3,2112223,8215,2,12582976,16395,5,33554432,0,0,0,0,0,0,0,0.536028,86.8118,0,268435456,0,581238784,4194304,268500992,69484544,0,37312000,0,3,5.7672,0,0,0,1,1,6,23.4253,100,99.8216,1024,0,0,0,32
gemm_fast,679,16384,256,16,64,32,8,32,8,32,2,1,1,0,0,0,1,32,4,2110167,8215,4,12583560,16475,6,18874368,0,2,40,2097152,524288,0,0,0.53559,88.9859,0,268435456,0,398786560,2097152,230752256,84148224,0,30757888,0,4,11.3368,0,0,0,1,1,6,39.9415,100,99.9967,1024,8192,0,0,38
gemm_fast,656,16384,256,16,64,32,8,32,8,32,2,1,1,0,0,1,0,32,5,2112151,8231,2,5242928,16395,5,17301504,0,3,27.2727,4194304,131072,0,0,0.536973,86.4093,0,268435456,0,382009344,2097152,211877888,88358912,0,29775360,0,4,11.5287,0,0,0,1,1,6,40.6846,100,99.9966,1024,2048,0,0,38
gemm_fast,364,16384,256,16,64,32,8,32,8,32,2,1,1,0,0,1,1,32,8,2111199,8215,3,5243160,16395,2,2621440,0,7,32.0755,6291456,655360,0,0,0.535878,86.2375,0,268435456,0,214253568,2097152,169934848,14942208,0,20928000,0,5,21.0018,0,0,0,1,3,2,47.0513,100,99.9951,1024,10240,0,0,32
gemm_fast,1078,16384,256,16,64,32,8,32,8,32,2,1,2,0,0,0,0,32,3,2112243,8215,2,10485808,16395,6,33554432,0,0,0,0,0,0,0,0.535842,87.1445,0,268435456,0,375717888,2097152,201392128,82051072,0,29053952,0,2,6.87996,0,0,0,1,1,5,22.1023,100,99.9965,1024,0,0,0,32
gemm_fast,670,16384,256,16,64,32,8,32,8,32,2,1,2,0,0,0,1,32,4,2112307,8063,3,10485816,16395,5,18874368,0,2,40,2097152,524288,0,0,0.534324,92.8388,0,268435456,0,306544640,2097152,222363648,82083840,0,27548672,0,3,10.8119,0,0,0,1,1,5,30.9631,100,99.9963,1024,8192,0,0,40
gemm_fast,458,16384,256,16,64,32,8,32,8,32,2,1,2,0,0,1,0,32,6,2110055,8195,2,3145928,16395,7,17301504,0,4,27.2727,4194304,131072,0,0,0.5342,92.5554,0,268435456,0,275087360,2097152,144769024,67387392,0,23681536,0,4,16.6278,0,0,0,1,2,4,44.536,100,99.9957,1024,2048,0,0,38
gemm_fast,351,16384,256,16,64,32,8,32,8,32,2,1,2,0,0,1,1,32,8,2108551,7967,2,3145776,16395,2,2621440,0,8,32.0755,6291456,655360,0,0,0.533692,90.7606,0,268435456,0,205881344,2097152,161546240,10764288,0,20273664,0,5,21.8496,0,0,0,1,3,1,46.1381,100,99.9949,1024,10240,0,0,31
gemm_fast,1088,16384,256,16,64,32,8,32,8,32,2,2,1,0,0,0,0,32,3,2112223,8215,2,8389000,8203,6,33554432,0,0,0,0,0,0,0,0.5347,88.9109,0,268435456,0,560300032,2097152,201359360,63242240,0,34233344,0,3,7.06176,0,0,0,1,1,5,27.9424,100,99.997,1024,0,0,0,40
gemm_fast,504,16384,256,16,64,32,8,32,8,32,2,2,1,0,0,0,1,32,6,2111647,8231,3,8388656,8203,7,18874368,0,2,40,2097152,524288,0,0,0.536355,89.1207,0,268435456,0,398802944,2097152,163610624,71581696,0,28267520,0,5,14.9547,0,0,0,1,2,5,50.3815,100,99.9964,1024,8192,0,0,34
gemm_fast,651,16384,256,16,64,32,8,32,8,32,2,2,1,0,0,1,0,32,5,2112183,8215,2,4718864,8203,5,17301504,0,3,27.2727,4194304,131072,0,0,0.537353,87.5518,0,268435456,0,382042112,2097152,209747968,82132992,0,29515264,0,4,11.5061,0,0,0,1,1,6,39.2574,100,99.9965,1024,2048,0,0,38
gemm_fast,359,16384,256,16,64,32,8,32,8,32,2,2,1,0,0,1,1,32,8,2110775,8215,3,4718792,8203,2,2621440,0,8,32.0755,6291456,655360,0,0,0.535835,88.6607,0,268435456,0,210092032,2097152,167804928,14958592,0,20731904,0,5,21.61,0,0,0,1,3,2,46.336,100,99.9951,1024,10240,0,0,32
gemm_fast,786,16384,256,16,64,32,8,32,8,32,2,2,2,0,0,0,0,32,4,2110699,8091,2,6291512,8203,8,33554432,0,0,0,0,0,0,0,0.534285,92.3652,0,268435456,0,361054208,2097152,134250496,65290240,0,25973760,0,3,9.50018,0,0,0,1,1,5,26.9463,100,99.9961,1024,0,0,0,32
gemm_fast,489,16384,256,16,64,32,8,32,8,32,2,2,2,0,0,0,1,32,6,2110139,9431,3,6291504,8203,7,18874368,0,2,40,2097152,524288,0,0,0.535486,92.8537,0,268435456,0,291864576,2097152,155222016,67403776,0,24532992,0,4,14.9101,0,0,0,1,2,4,40.5609,100,99.9958,1024,8192,0,0,40
gemm_fast,454,16384,256,16,64,32,8,32,8,32,2,2,2,0,0,1,0,32,6,2110783,8215,1,2621488,8203,7,17301504,0,4,27.2727,4194304,131072,0,0,0.53465,92.4066,0,268435456,0,273022976,2097152,142639104,59015168,0,23288832,0,4,16.7338,0,0,0,1,2,4,42.9169,100,99.9956,1024,2048,0,0,38
gemm_fast,348,16384,256,16,64,32,8,32,8,32,2,2,2,0,0,1,1,32,8,2109919,8215,2,2621632,8203,2,2621440,0,8,32.0755,6291456,655360,0,0,0.534085,89.2298,0,268435456,0,201719808,2097152,159416320,12877824,0,20143104,0,5,21.6301,0,0,0,1,3,1,46.2757,100,99.9949,1024,10240,0,0,32
gemm_fast,1309,16384,256,16,64,32,8,32,16,8,2,1,1,0,0,0,0,32,3,2112259,8215,2,12583224,16475,5,33554432,0,0,0,0,0,0,0,0.535531,86.0863,0,268435456,0,581238784,4194304,268500992,69484544,0,37312000,0,3,5.69164,0,0,0,1,1,6,23.3132,100,99.8216,1024,0,0,0,32
gemm_fast,946,16384,256,16,64,32,8,32,16,8,2,1,1,0,0,0,1,32,3,2111263,8215,5,25166064,16395,4,18874368,0,2,33.3333,2097152,1048576,0,0,0.536736,87.9277,0,268435456,0,384106496,2097152,226557952,82100224,0,30104064,0,3,7.87945,0,0,0,1,1,5,28.2377,100,99.9966,1024,8192,0,0,32
gemm_fast,653,16384,256,16,64,32,8,32,16,8,2,1,1,0,0,1,0,32,5,2112163,8215,2,4718640,16395,5,17301504,0,3,26.4706,4194304,262144,0,0,0.537279,87.1928,0,268435456,0,396673024,2097152,213975040,88391680,0,30300160,0,4,11.4362,0,0,0,1,1,6,41.3285,100,99.9966,1024,2048,0,0,32
gemm_fast,513,16384,256,16,64,32,8,32,16,8,2,1,1,0,0,1,1,32,6,2111803,8215,6,17301640,16395,1,2621440,0,6,29.3103,6291456,1310720,0,0,0.536383,87.0906,0,268435456,0,214253568,2097152,167837696,10747904,0,20731392,0,4,14.7637,0,0,0,1,2,2,33.1492,100,99.9951,1024,10240,0,0,32
gemm_fast,1076,16384,256,16,64,32,8,32,16,8,2,1,2,0,0,0,0,32,3,2112495,8215,2,10486304,16395,6,33554432,0,0,0,0,0,0,0,0.535198,87.4889,0,268435456,0,375717888,2097152,201392128,82051072,0,29053952,0,2,6.90485,0,0,0,1,1,5,22.0949,100,99.9965,1024,0,0,0,32
gemm_fast,769,16384,256,16,64,32,8,32,16,8,2,1,2,0,0,0,1,32,4,2110827,8231,4,16777272,16395,5,18874368,0,2,33.3333,2097152,1048576,0,0,0.536353,90.4128,0,268435456,0,291864576,2097152,218169344,86278144,0,27089920,0,3,9.7225,0,0,0,1,1,5,29.0945,100,99.9962,1024,8192,0,0,32
gemm_fast,462,16384,256,16,64,32,8,32,16,8,2,1,2,0,0,1,0,32,6,2111259,8215,1,2621488,16395,7,17301504,0,4,26.4706,4194304,262144,0,0,0.534568,92.21,0,268435456,0,289767424,2097152,146866176,67387392,0,24205824,0,4,16.4836,0,0,0,1,2,4,45.2932,100,99.9958,1024,2048,0,0,38
gemm_fast,371,16384,256,16,64,32,8,32,16,8,2,1,2,0,0,1,1,32,8,2111871,8215,5,8912944,16395,2,2621440,0,8,29.3103,6291456,1310720,0,0,0.537173,85.4956,0,268435456,0,205881344,2097152,159449088,10764288,0,20208128,0,5,20.6159,0,0,0,1,3,1,46.0253,100,99.9949,1024,10240,0,0,32
gemm_fast,1273,16384,256,16,64,32,8,32,16,16,2,1,1,0,0,0,0,32,3,2112435,8215,2,12583560,16395,5,33554432,0,0,0,0,0,0,0,0.535636,87.8229,0,268435456,0,581238784,4194304,268500992,69484544,0,37312000,0,3,5.80013,0,0,0,1,1,6,23.2878,100,99.8216,1024,0,0,0,32
gemm_fast,773,16384,256,16,64,32,8,32,16,16,2,1,1,0,0,0,1,32,4,2111355,8215,4,16777264,16395,5,18874368,0,2,40,2097152,524288,0,0,0.536112,88.9516,0,268435456,0,400883712,2097152,226557952,84197376,0,30693888,0,3,9.74591,0,0,0,1,1,5,34.61,100,99.9967,1024,8192,0,0,32
gemm_fast,655,16384,256,16,64,32,8,32,16,16,2,1,1,0,0,1,0,32,5,2112191,8215,2,4718760,16395,5,17301504,0,3,26.4706,4194304,262144,0,0,0.537608,86.3974,0,268435456,0,396673024,2097152,213975040,88391680,0,30300160,0,4,11.4237,0,0,0,1,1,6,41.6633,100,99.9966,1024,2048,0,0,32
gemm_fast,371,16384,256,16,64,32,8,32,16,16,2,1,1,0,0,1,1,32,8,2111935,8215,5,8912944,16395,2,2621440,0,8,31.4815,6291456,786432,0,0,0.537434,84.8806,0,268435456,0,220545024,2097152,167837696,12828672,0,20993024,0,5,20.7637,0,0,0,1,3,2,47.0696,100,99.9951,1024,10240,0,0,31
gemm_fast,1073,16384,256,16,64,32,8,32,16,16,2,1,2,0,0,0,0,32,3,2112059,8215,2,10486040,16395,6,33554432,0,0,0,0,0,0,0,0.536159,85.8056,0,268435456,0,375717888,2097152,201392128,82051072,0,29053952,0,2,6.89645,0,0,0,1,1,5,22.501,100,99.9965,1024,0,0,0,32
gemm_fast,724,16384,256,16,64,32,8,32,16,16,2,1,2,0,0,0,1,32,4,2112983,8215,3,12583432,16395,5,18874368,0,2,40,2097152,524288,0,0,0.53532,89.3065,0,268435456,0,306544640,2097152,218169344,86278144,0,27548672,0,3,10.1843,0,0,0,1,1,5,31.1211,100,99.9963,1024,8192,0,0,32
gemm_fast,462,16384,256,16,64,32,8,32,16,16,2,1,2,0,0,1,0,32,6,2110763,8191,1,2621488,16395,7,17301504,0,4,26.4706,4194304,262144,0,0,0.534384,92.3797,0,268435456,0,289767424,2097152,146866176,67387392,0,24205824,0,4,16.478,0,0,0,1,2,4,45.1946,100,99.9958,1024,2048,0,0,38
gemm_fast,353,16384,256,16,64,32,8,32,16,16,2,1,2,0,0,1,1,32,8,2110719,8215,3,4718792,16395,2,2621440,0,8,31.4815,6291456,786432,0,0,0.534914,89.5673,0,268435456,0,212172800,2097152,159449088,10764288,0,20404736,0,5,21.7518,0,0,0,1,3,1,46.9232,100,99.995,1024,10240,0,0,32
gemm_fast,1288,16384,256,16,64,32,8,32,16,32,2,1,1,0,0,0,0,32,3,2111899,8215,2,12582960,16395,5,33554432,0,0,0,0,0,0,0,0.535692,85.5775,0,268435456,0,581238784,4194304,268500992,69484544,0,37312000,0,3,5.71377,0,0,0,1,1,6,23.5429,100,99.8216,1024,0,0,0,32
gemm_fast,677,16384,256,16,64,32,8,32,16,32,2,1,1,0,0,0,1,32,4,2116611,8231,3,12583208,16395,5,18874368,0,2,40,2097152,524288,0,0,0.535433,83.5834,0,268435456,0,398786560,2097152,230752256,84148224,0,30757888,0,4,10.6317,0,0,0,1,1,6,39.878,100,99.9967,1024,8192,0,0,38
gemm_fast,653,16384,256,16,64,32,8,32,16,32,2,1,1,0,0,1,0,32,5,2112419,8215,2,4719040,16395,5,17301504,0,3,26.4706,4194304,262144,0,0,0.537166,86.5078,0,268435456,0,396673024,2097152,213975040,88391680,0,30300160,0,4,11.4436,0,0,0,1,1,6,41.6827,100,99.9966,1024,2048,0,0,32
gemm_fast,352,16384,256,16,64,32,8,32,16,32,2,1,1,0,0,1,1,32,8,2111303,8215,3,4718920,16395,2,2621440,0,8,31.4815,6291456,786432,0,0,0.535387,87.635,0,268435456,0,226836480,2097152,172032000,17022976,0,21451776,0,5,21.3417,0,0,0,1,3,2,48.381,100,99.9952,1024,10240,0,0,32
gemm_fast,1070,16384,256,16,64,32,8,32,16,32,2,1,2,0,0,0,0,32,3,2112091,8215,2,10485808,16395,6,33554432,0,0,0,0,0,0,0,0.535967,88.1339,0,268435456,0,375717888,2097152,201392128,82051072,0,29053952,0,2,6.96139,0,0,0,1,1,5,22.1128,100,99.9965,1024,0,0,0,32
gemm_fast,699,16384,256,16,64,32,8,32,16,32,2,1,2,0,0,0,1,32,4,2111275,8247,3,10485808,16395,5,18874368,0,2,40,2097152,524288,0,0,0.534383,90.5095,0,268435456,0,306544640,2097152,222363648,82083840,0,27548672,0,3,10.7849,0,0,0,1,1,6,31.6808,100,99.9963,1024,8192,0,0,40
gemm_fast,458,16384,256,16,64,32,8,32,16,32,2,1,2,0,0,1,0,32,6,2110951,8215,1,2621488,16395,7,17301504,0,4,26.4706,4194304,262144,0,0,0.53449,91.7722,0,268435456,0,289767424,2097152,146866176,67387392,0,24205824,0,4,16.4095,0,0,0,1,2,4,45.3046,100,99.9958,1024,2048,0,0,38
gemm_fast,351,16384,256,16,64,32,8,32,16,32,2,1,2,0,0,1,1,32,8,2110435,8231,2,2622280,16395,2,2621440,0,8,31.4815,6291456,786432,0,0,0.533382,90.6916,0,268435456,0,220561408,2097152,163643392,12845056,0,20862976,0,5,21.9388,0,0,0,1,3,1,47.872,100,99.9951,1024,10240,0,0,32
gemm_fast,1238,8192,128,16,64,32,16,8,8,8,2,1,1,0,0,0,0,32,3,2106927,8423,3,18874512,8203,6,37748736,0,0,0,0,0,0,0,0.26642,95.9971,0,268435456,0,312688640,4194304,302055424,80936960,0,30292992,0,2,5.9763,0,0,0,1,1,6,16.6684,100,99.8901,1024,0,0,0,32
gemm_fast,693,8192,128,16,64,32,16,8,8,8,2,1,1,0,0,0,1,32,4,2110231,8215,5,18874424,8203,2,6291456,0,3,20,4194304,1048576,0,0,0.267402,92.4521,0,268435456,0,229867520,1048576,123797504,41091072,0,20758016,0,3,10.7301,0,0,0,1,1,2,24.7275,100,99.9975,1024,8192,0,0,40
gemm_fast,1383,8192,128,16,64,32,16,8,8,8,2,1,1,0,0,1,0,32,2,2106963,8239,3,17825840,8203,5,34078720,0,1,50,1048576,262144,0,0,0.267209,96.4351,0,268435456,0,219373568,1048576,310444032,139657216,0,29342976,0,2,5.36054,0,0,0,1,1,5,14.0144,100,99.9983,1024,2048,0,0,32
gemm_fast,557,8192,128,16,64,32,16,8,8,8,2,1,1,0,0,1,1,32,5,2111959,8215,6,17826040,8203,1,2621440,0,5,26,5242880,1310720,0,0,0.268188,88.5493,0,268435456,0,143884288,1048576,130088960,6488064,0,17186304,0,3,13.5642,0,0,0,1,2,1,26.054,100,99.997,1024,10240,0,0,32
gemm_fast,1177,8192,128,16,64,32,16,8,8,8,2,1,2,0,0,0,0,32,3,2105351,8295,2,10485912,8203,6,37748736,0,0,0,0,0,0,0,0.26624,96.7444,0,268435456,0,293830656,3145728,167837696,104013824,0,26197760,0,2,6.2792,0,0,0,1,1,4,16.9729,100,99.873,1024,0,0,0,36
gemm_fast,499,8192,128,16,64,32,16,8,8,8,2,1,2,0,0,0,1,32,6,2105351,8215,4,10485808,8203,3,6291456,0,4,20,4194304,1048576,0,0,0.266895,96.3512,0,268435456,0,220446720,1048576,115408896,49487872,0,20463872,0,3,15.0045,0,0,0,1,1,2,32.8149,100,99.9975,1024,8192,0,0,36
gemm_fast,1147,8192,128,16,64,32,16,8,8,8,2,1,2,0,0,1,0,32,3,2105351,8215,2,9437232,8203,6,34078720,0,1,50,1048576,262144,0,0,0.266823,97.9515,0,268435456,0,218349568,1048576,176226304,69419008,0,22921728,0,2,6.51511,0,0,0,1,1,3,15.5227,100,99.9978,1024,2048,0,0,38
gemm_fast,406,8192,128,16,64,32,16,8,8,8,2,1,2,0,0,1,1,32,7,2105463,9171,5,9437384,8203,2,2621440,0,6,26,5242880,1310720,0,0,0.266434,93.3403,0,268435456,0,115589120,1048576,121700352,6496256,0,16040192,0,3,18.995,0,0,0,1,2,1,31.1965,100,99.9968,1024,10240,0,0,38
gemm_fast,1098,8192,128,16,64,32,16,8,8,8,2,1,4,0,0,0,0,32,3,2107419,9343,1,6291504,8203,7,37748736,0,0,0,0,0,0,0,0.266873,95.516,0,268435456,0,291741696,2097152,100728832,57876480,0,22560768,0,2,6.74032,0,0,0,1,1,3,16.2486,100,99.8525,1024,0,0,0,40
gemm_fast,515,8192,128,16,64,32,16,8,8,8,2,1,4,0,0,0,1,32,6,2105383,8215,3,6291576,8203,3,6291456,0,4,20,4194304,1048576,0,0,0.266408,97.8454,0,268435456,0,207872000,1048576,111214592,52633600,0,20038144,0,3,14.5053,0,0,0,1,1,2,30.4864,100,99.9974,1024,8192,0,0,32
gemm_fast,879,8192,128,16,64,32,16,8,8,8,2,1,4,0,0,1,0,32,4,2108063,8383,1,5243048,8203,7,34078720,0,1,50,1048576,262144,0,0,0.267075,95.5581,0,268435456,0,201572352,1048576,109117440,63119360,0,20103424,0,2,8.48473,0,0,0,1,1,2,19.265,100,99.9975,1024,2048,0,0,40
gemm_fast,389,8192,128,16,64,32,16,8,8,8,2,1,4,0,0,1,1,32,7,2110847,8215,3,5242928,8203,2,2621440,0,7,26,5242880,1310720,0,0,0.26724,85.3084,0,268435456,0,111403008,1048576,117506048,7544832,0,15811072,0,4,19.5656,0,0,0,1,2,1,34.9803,100,99.9968,1024,10240,0,0,32
gemm_fast,1237,8192,128,16,64,32,16,8,8,16,2,1,1,0,0,0,0,32,3,2105551,8395,3,18874784,8203,6,37748736,0,0,0,0,0,0,0,0.266179,96.4226,0,268435456,0,312688640,4194304,302055424,80936960,0,30292992,0,2,5.9877,0,0,0,1,1,6,16.6266,100,99.8901,1024,0,0,0,32
gemm_fast,498,8192,128,16,64,32,16,8,8,16,2,1,1,0,0,0,1,32,6,2109251,8167,4,10485824,8203,3,6291456,0,4,22.2222,4194304,524288,0,0,0.267268,92.3792,0,268435456,0,229867520,1048576,123797504,42139648,0,20790784,0,4,15.2727,0,0,0,1,1,3,35.2881,100,99.9975,1024,8192,0,0,40
gemm_fast,1383,8192,128,16,64,32,16,8,8,16,2,1,1,0,0,1,0,32,2,2106135,8155,3,17826328,8203,5,34078720,0,1,50,1048576,262144,0,0,0.267207,96.2371,0,268435456,0,219373568,1048576,310444032,139657216,0,29342976,0,2,5.35469,0,0,0,1,1,5,14.0279,100,99.9983,1024,2048,0,0,32
gemm_fast,360,8192,128,16,64,32,16,8,8,16,2,1,1,0,0,1,1,32,8,2111415,8215,5,9437240,8203,2,2621440,0,7,28.2609,5242880,786432,0,0,0.26782,89.7362,0,268435456,0,148078592,1048576,130088960,9633792,0,17415680,0,4,21.3718,0,0,0,1,3,2,40.8796,100,99.9971,1024,10240,0,0,32
gemm_fast,1172,8192,128,16,64,32,16,8,8,16,2,1,2,0,0,0,0,32,3,2105351,8351,2,10485816,8203,6,37748736,0,0,0,0,0,0,0,0.265991,96.4491,0,268435456,0,293830656,3145728,167837696,104013824,0,26197760,0,2,6.27306,0,0,0,1,1,4,17.0083,100,99.873,1024,0,0,0,36
gemm_fast,494,8192,128,16,64,32,16,8,8,16,2,1,2,0,0,0,1,32,6,2105351,8215,3,6291504,8203,3,6291456,0,4,22.2222,4194304,524288,0,0,0.266321,96.7735,0,268435456,0,221495296,1048576,115408896,49487872,0,20496640,0,3,15.0705,0,0,0,1,1,2,32.8762,100,99.9975,1024,8192,0,0,36
gemm_fast,1127,8192,128,16,64,32,16,8,8,16,2,1,2,0,0,1,0,32,3,2105351,8215,2,9437232,8203,6,34078720,0,1,50,1048576,262144,0,0,0.266935,97.8224,0,268435456,0,218349568,1048576,176226304,69419008,0,22921728,0,2,6.53643,0,0,0,1,1,3,15.5941,100,99.9978,1024,2048,0,0,38
gemm_fast,336,8192,128,16,64,32,16,8,8,16,2,1,2,0,0,1,1,32,8,2105367,7515,3,5242936,8203,2,2621440,0,7,28.2609,5242880,786432,0,0,0.266868,95.1179,0,268435456,0,120832000,1048576,121700352,7544832,0,16236800,0,4,23.1015,0,0,0,1,3,1,37.8956,100,99.9968,1024,10240,0,0,32
gemm_fast,1098,8192,128,16,64,32,16,8,8,16,2,1,4,0,0,0,0,32,3,2107479,8023,1,6291520,8203,7,37748736,0,0,0,0,0,0,0,0.266816,95.1941,0,268435456,0,291741696,2097152,100728832,57876480,0,22560768,0,2,6.72507,0,0,0,1,1,3,16.2668,100,99.8525,1024,0,0,0,40
gemm_fast,474,8192,128,16,64,32,16,8,8,16,2,1,4,0,0,0,1,32,6,2105351,8215,2,4194816,8203,3,6291456,0,4,22.2222,4194304,524288,0,0,0.266156,101.063,0,268435456,0,207872000,1048576,111214592,52633600,0,20038144,0,3,15.9457,0,0,0,1,1,2,32.4464,100,99.9974,1024,8192,0,0,32
gemm_fast,875,8192,128,16,64,32,16,8,8,16,2,1,4,0,0,1,0,32,4,2107075,8999,1,5243120,8203,7,34078720,0,1,50,1048576,262144,0,0,0.26716,95.4044,0,268435456,0,201572352,1048576,109117440,63119360,0,20103424,0,2,8.48452,0,0,0,1,1,2,19.2955,100,99.9975,1024,2048,0,0,40
gemm_fast,343,8192,128,16,64,32,16,8,8,16,2,1,4,0,0,1,1,32,8,2108695,8599,2,3145776,8203,2,2621440,0,7,28.2609,5242880,786432,0,0,0.266838,92.7923,0,268435456,0,119791616,1048576,117506048,7544832,0,16073216,0,4,22.4792,0,0,0,1,3,1,37.8941,100,99.9968,1024,10240,0,0,32
gemm_fast,1241,8192,128,16,64,32,16,8,8,32,2,1,1,0,0,0,0,32,3,2106015,8063,3,18874904,8203,6,37748736,0,0,0,0,0,0,0,0.266303,95.9753,0,268435456,0,312688640,4194304,302055424,80936960,0,30292992,0,2,5.98991,0,0,0,1,1,6,16.7102,100,99.8901,1024,0,0,0,32
gemm_fast,446,8192,128,16,64,32,16,8,8,32,2,1,1,0,0,0,1,32,6,2105351,8215,3,6291504,8203,3,6291456,0,4,22.2222,4194304,524288,0,0,0.266199,96.32,0,268435456,0,238256128,1048576,127991808,41091072,0,21151232,0,4,17.054,0,0,0,1,2,3,38.5526,100,99.9976,1024,8192,0,0,40
gemm_fast,1386,8192,128,16,64,32,16,8,8,32,2,1,1,0,0,1,0,32,2,2106599,8231,3,17825840,8203,5,34078720,0,1,50,1048576,262144,0,0,0.267206,96.6113,0,268435456,0,219373568,1048576,310444032,139657216,0,29342976,0,2,5.37138,0,0,0,1,1,5,14.0171,100,99.9983,1024,2048,0,0,32
gemm_fast,337,8192,128,16,64,32,16,8,8,32,2,1,1,0,0,1,1,32,8,2105351,9159,3,5242928,8203,2,2621440,0,7,28.2609,5242880,786432,0,0,0.266567,94.2494,0,268435456,0,156467200,1048576,134283264,11730944,0,17874432,0,4,22.7549,0,0,0,1,3,2,42.1955,100,99.9971,1024,10240,0,0,40
gemm_fast,1181,8192,128,16,64,32,16,8,8,32,2,1,2,0,0,0,0,32,3,2105351,8107,2,10485808,8203,6,37748736,0,0,0,0,0,0,0,0.266224,96.8838,0,268435456,0,293830656,3145728,167837696,104013824,0,26197760,0,2,6.28589,0,0,0,1,1,4,16.9665,100,99.873,1024,0,0,0,36
gemm_fast,474,8192,128,16,64,32,16,8,8,32,2,1,2,0,0,0,1,32,6,2105351,8215,2,4194352,8203,3,6291456,0,4,22.2222,4194304,524288,0,0,0.265932,99.7065,0,268435456,0,218349568,1048576,119603200,48439296,0,20496640,0,3,16.0072,0,0,0,1,1,3,33.7045,100,99.9975,1024,8192,0,0,32
gemm_fast,1138,8192,128,16,64,32,16,8,8,32,2,1,2,0,0,1,0,32,3,2105807,8231,2,9437688,8203,6,34078720,0,1,50,1048576,262144,0,0,0.266857,97.7801,0,268435456,0,218349568,1048576,176226304,69419008,0,22921728,0,2,6.51704,0,0,0,1,1,3,15.5546,100,99.9978,1024,2048,0,0,38
gemm_fast,340,8192,128,16,64,32,16,8,8,32,2,1,2,0,0,1,1,32,8,2107951,9875,2,3145776,8203,2,2621440,0,7,28.2609,5242880,786432,0,0,0.266767,94.4299,0,268435456,0,128172032,1048576,125894656,11739136,0,16728320,0,4,22.3925,0,0,0,1,3,1,38.575,100,99.9969,1024,10240,0,0,32
gemm_fast,1235,8192,128,16,64,32,16,8,16,8,2,1,1,0,0,0,0,32,3,2105707,9011,3,18874416,8203,6,37748736,0,0,0,0,0,0,0,0.266355,95.9524,0,268435456,0,312688640,4194304,302055424,80936960,0,30292992,0,2,5.98289,0,0,0,1,1,6,16.6945,100,99.8901,1024,0,0,0,32
gemm_fast,699,8192,128,16,64,32,16,8,16,8,2,1,1,0,0,0,1,32,4,2109939,8215,5,18874584,8203,2,6291456,0,3,20,4194304,1048576,0,0,0.267311,93.1726,0,268435456,0,229867520,1048576,123797504,41091072,0,20758016,0,3,10.7346,0,0,0,1,1,2,24.5465,100,99.9975,1024,8192,0,0,40
gemm_fast,1339,8192,128,16,64,32,16,8,16,8,2,1,1,0,0,1,0,32,2,2105359,8215,3,17301744,8203,5,34078720,0,1,50,1048576,262144,0,0,0.267144,97.0402,0,268435456,0,218324992,1048576,312541184,124977152,0,28916992,0,2,5.54898,0,0,0,1,1,5,14.707,100,99.9982,1024,2048,0,0,32
gemm_fast,523,8192,128,16,64,32,16,8,16,8,2,1,1,0,0,1,1,32,6,2111963,8215,6,17301552,8203,1,2621440,0,5,26,5242880,1310720,0,0,0.268409,87.5326,0,268435456,0,147030016,1048576,132186112,9633792,0,17448448,0,3,14.5623,0,0,0,1,2,2,29.2058,100,99.9971,1024,10240,0,0,32
gemm_fast,1177,8192,128,16,64,32,16,8,16,8,2,1,2,0,0,0,0,32,3,2105359,8039,2,10485808,8203,6,37748736,0,0,0,0,0,0,0,0.266124,96.989,0,268435456,0,293830656,3145728,167837696,104013824,0,26197760,0,2,6.30605,0,0,0,1,1,4,17.0025,100,99.873,1024,0,0,0,36
gemm_fast,503,8192,128,16,64,32,16,8,16,8,2,1,2,0,0,0,1,32,6,2106991,8215,4,10485808,8203,3,6291456,0,4,20,4194304,1048576,0,0,0.266894,96.1748,0,268435456,0,220446720,1048576,115408896,49487872,0,20463872,0,3,15.1011,0,0,0,1,1,2,33.087,100,99.9975,1024,8192,0,0,36
gemm_fast,1131,8192,128,16,64,32,16,8,16,8,2,1,2,0,0,1,0,32,3,2105351,8215,2,8912944,8203,6,34078720,0,1,50,1048576,262144,0,0,0.266984,97.4843,0,268435456,0,217300992,1048576,178323456,72564736,0,23052800,0,2,6.59494,0,0,0,1,1,3,15.8146,100,99.9978,1024,2048,0,0,36
gemm_fast,402,8192,128,16,64,32,16,8,16,8,2,1,2,0,0,1,1,32,7,2106015,7775,4,8912944,8203,2,2621440,0,6,26,5242880,1310720,0,0,0.266377,89.7605,0,268435456,0,118734848,1048576,123797504,8593408,0,16269568,0,4,19.0658,0,0,0,1,2,1,33.2252,100,99.9969,1024,10240,0,0,38
gemm_fast,1098,8192,128,16,64,32,16,8,16,8,2,1,4,0,0,0,0,32,3,2107855,8139,1,6291504,8203,7,37748736,0,0,0,0,0,0,0,0.266507,95.4662,0,268435456,0,291741696,2097152,100728832,57876480,0,22560768,0,2,6.73378,0,0,0,1,1,3,16.2413,100,99.8525,1024,0,0,0,40
gemm_fast,517,8192,128,16,64,32,16,8,16,8,2,1,4,0,0,0,1,32,6,2105711,8215,3,6291912,8203,3,6291456,0,4,20,4194304,1048576,0,0,0.266278,96.7447,0,268435456,0,207872000,1048576,111214592,52633600,0,20038144,0,3,14.4315,0,0,0,1,1,2,30.6764,100,99.9974,1024,8192,0,0,32
gemm_fast,872,8192,128,16,64,32,16,8,16,8,2,1,4,0,0,1,0,32,4,2107891,8963,1,4718640,8203,7,34078720,0,1,50,1048576,262144,0,0,0.267121,95.0844,0,268435456,0,200523776,1048576,111214592,65216512,0,20201728,0,2,8.49904,0,0,0,1,1,2,19.5334,100,99.9975,1024,2048,0,0,40
gemm_fast,363,8192,128,16,64,32,16,8,16,8,2,1,4,0,0,1,1,32,8,2107955,8263,3,4719056,8203,2,2621440,0,7,26,5242880,1310720,0,0,0.266976,90.9167,0,268435456,0,118743040,1048576,119603200,10690560,0,16204288,0,4,21.4489,0,0,0,1,3,1,37.1801,100,99.9968,1024,10240,0,0,32
gemm_fast,1241,8192,128,16,64,32,16,8,16,16,2,1,1,0,0,0,0,32,3,2105467,8259,3,18874416,8203,6,37748736,0,0,0,0,0,0,0,0.266508,96.1319,0,268435456,0,312688640,4194304,302055424,80936960,0,30292992,0,2,5.98753,0,0,0,1,1,6,16.6762,100,99.8901,1024,0,0,0,32
gemm_fast,496,8192,128,16,64,32,16,8,16,16,2,1,1,0,0,0,1,32,6,2109127,8119,4,10485992,8203,3,6291456,0,4,22.2222,4194304,524288,0,0,0.267371,92.4801,0,268435456,0,229867520,1048576,123797504,42139648,0,20790784,0,4,15.2491,0,0,0,1,1,3,35.1953,100,99.9975,1024,8192,0,0,40
gemm_fast,1333,8192,128,16,64,32,16,8,16,16,2,1,1,0,0,1,0,32,2,2105351,8215,3,17301552,8203,5,34078720,0,1,50,1048576,262144,0,0,0.267135,97.0339,0,268435456,0,218324992,1048576,312541184,124977152,0,28916992,0,2,5.55436,0,0,0,1,1,5,14.7222,100,99.9982,1024,2048,0,0,32
gemm_fast,355,8192,128,16,64,32,16,8,16,16,2,1,1,0,0,1,1,32,8,2111131,8215,5,8913112,8203,2,2621440,0,7,28.2609,5242880,786432,0,0,0.267549,89.5233,0,268435456,0,143884288,1048576,132186112,11730944,0,17415680,0,4,21.5693,0,0,0,1,3,2,41.2617,100,99.9971,1024,10240,0,0,32
gemm_fast,1179,8192,128,16,64,32,16,8,16,16,2,1,2,0,0,0,0,32,3,2105351,8219,2,10485824,8203,6,37748736,0,0,0,0,0,0,0,0.266388,96.876,0,268435456,0,293830656,3145728,167837696,104013824,0,26197760,0,2,6.28775,0,0,0,1,1,4,16.973,100,99.873,1024,0,0,0,36
gemm_fast,500,8192,128,16,64,32,16,8,16,16,2,1,2,0,0,0,1,32,6,2105351,8215,3,6291504,8203,3,6291456,0,4,22.2222,4194304,524288,0,0,0.266333,99.1123,0,268435456,0,221495296,1048576,115408896,49487872,0,20496640,0,3,15.2094,0,0,0,1,1,2,32.396,100,99.9975,1024,8192,0,0,36
gemm_fast,1121,8192,128,16,64,32,16,8,16,16,2,1,2,0,0,1,0,32,3,2105351,8215,2,8912944,8203,6,34078720,0,1,50,1048576,262144,0,0,0.266978,97.5167,0,268435456,0,217300992,1048576,178323456,72564736,0,23052800,0,2,6.59059,0,0,0,1,1,3,15.799,100,99.9978,1024,2048,0,0,36
gemm_fast,334,8192,128,16,64,32,16,8,16,16,2,1,2,0,0,1,1,32,8,2106911,9067,3,4718824,8203,2,2621440,0,7,28.2609,5242880,786432,0,0,0.266932,94.2816,0,268435456,0,116637696,1048576,123797504,8593408,0,16204032,0,4,22.9433,0,0,0,1,3,1,37.4946,100,99.9968,1024,10240,0,0,32
gemm_fast,1100,8192,128,16,64,32,16,8,16,16,2,1,4,0,0,0,0,32,3,2108267,8275,1,6291504,8203,7,37748736,0,0,0,0,0,0,0,0.266738,95.5913,0,268435456,0,291741696,2097152,100728832,57876480,0,22560768,0,2,6.73671,0,0,0,1,1,3,16.227,100,99.8525,1024,0,0,0,40
gemm_fast,476,8192,128,16,64,32,16,8,16,16,2,1,4,0,0,0,1,32,6,2105351,8215,2,4194352,8203,3,6291456,0,4,22.2222,4194304,524288,0,0,0.266223,98.3992,0,268435456,0,207872000,1048576,111214592,52633600,0,20038144,0,3,16.0128,0,0,0,1,1,2,33.4652,100,99.9974,1024,8192,0,0,32
gemm_fast,874,8192,128,16,64,32,16,8,16,16,2,1,4,0,0,1,0,32,4,2107235,8155,1,4718640,8203,7,34078720,0,1,50,1048576,262144,0,0,0.267113,95.4325,0,268435456,0,200523776,1048576,111214592,65216512,0,20201728,0,2,8.50999,0,0,0,1,1,2,19.4873,100,99.9975,1024,2048,0,0,40
gemm_fast,340,8192,128,16,64,32,16,8,16,16,2,1,4,0,0,1,1,32,8,2107023,6991,2,2621640,8203,2,2621440,0,7,28.2609,5242880,786432,0,0,0.267102,93.5291,0,268435456,0,112451584,1048576,119603200,9641984,0,15974912,0,4,22.7473,0,0,0,1,3,1,37.4743,100,99.9968,1024,10240,0,0,32
gemm_fast,1243,8192,128,16,64,32,16,8,16,32,2,1,1,0,0,0,0,32,3,2105899,8479,3,18874912,8203,6,37748736,0,0,0,0,0,0,0,0.266522,96.1957,0,268435456,0,312688640,4194304,302055424,80936960,0,30292992,0,2,5.98542,0,0,0,1,1,6,16.6594,100,99.8901,1024,0,0,0,32
gemm_fast,439,8192,128,16,64,32,16,8,16,32,2,1,1,0,0,0,1,32,7,2105351,8215,3,6291520,8203,3,6291456,0,4,22.2222,4194304,524288,0,0,0.266365,94.226,0,268435456,0,238256128,1048576,127991808,41091072,0,21151232,0,4,16.5925,0,0,0,1,2,3,38.343,100,99.9976,1024,8192,0,0,40
gemm_fast,1335,8192,128,16,64,32,16,8,16,32,2,1,1,0,0,1,0,32,2,2105655,8215,3,17301848,8203,5,34078720,0,1,50,1048576,262144,0,0,0.267118,96.748,0,268435456,0,218324992,1048576,312541184,124977152,0,28916992,0,2,5.542,0,0,0,1,1,5,14.7328,100,99.9982,1024,2048,0,0,32
gemm_fast,342,8192,128,16,64,32,16,8,16,32,2,1,1,0,0,1,1,32,8,2105359,7511,3,4718640,8203,2,2621440,0,7,28.2609,5242880,786432,0,0,0.267017,93.2632,0,268435456,0,155418624,1048576,136380416,12779520,0,17939968,0,4,22.7038,0,0,0,1,3,2,42.2608,100,99.9971,1024,10240,0,0,40
gemm_fast,1178,8192,128,16,64,32,16,8,16,32,2,1,2,0,0,0,0,32,3,2105359,8191,2,10485808,8203,6,37748736,0,0,0,0,0,0,0,0.266174,96.693,0,268435456,0,293830656,3145728,167837696,104013824,0,26197760,0,2,6.27542,0,0,0,1,1,4,16.9717,100,99.873,1024,0,0,0,36
gemm_fast,470,8192,128,16,64,32,16,8,16,32,2,1,2,0,0,0,1,32,6,2105351,8215,2,4194352,8203,3,6291456,0,4,22.2222,4194304,524288,0,0,0.266181,99.1011,0,268435456,0,218349568,1048576,119603200,48439296,0,20496640,0,3,15.9575,0,0,0,1,1,3,33.805,100,99.9975,1024,8192,0,0,32
gemm_fast,1125,8192,128,16,64,32,16,8,16,32,2,1,2,0,0,1,0,32,3,2105351,8215,2,8912944,8203,6,34078720,0,1,50,1048576,262144,0,0,0.266983,97.0577,0,268435456,0,217300992,1048576,178323456,72564736,0,23052800,0,2,6.56814,0,0,0,1,1,3,15.8196,100,99.9978,1024,2048,0,0,36
gemm_fast,340,8192,128,16,64,32,16,8,16,32,2,1,2,0,0,1,1,32,8,2106095,7979,2,2621632,8203,2,2621440,0,7,28.2609,5242880,786432,0,0,0.266796,94.113,0,268435456,0,127123456,1048576,127991808,14884864,0,16859392,0,4,22.3856,0,0,0,1,3,1,38.8787,100,99.997,1024,10240,0,0,32
gemm_fast,1451,16384,256,16,64,32,16,16,8,8,2,1,1,0,0,0,0,32,2,2112783,8215,2,12583376,8203,6,41943040,0,0,0,0,0,0,0,0.535737,87.0006,0,268435456,0,579141632,4194304,335609856,119832576,0,40916992,0,2,5.15073,0,0,0,1,1,6,22.3087,100,99.8373,1024,0,0,0,32
gemm_fast,724,16384,256,16,64,32,16,16,8,8,2,1,1,0,0,0,1,32,4,2111263,8215,5,20971568,8203,3,10485760,0,3,20,4194304,1048576,0,0,0.535314,89.2542,0,268435456,0,384106496,2097152,159449088,71565312,0,27677696,0,3,10.3348,0,0,0,1,1,3,33.0452,100,99.9963,1024,8192,0,0,40
gemm_fast,1110,16384,256,16,64,32,16,16,8,8,2,1,1,0,0,1,0,32,3,2112319,8231,2,9437424,8203,6,34078720,0,1,52.9412,2097152,131072,0,0,0.538024,84.8285,0,268435456,0,386187264,2097152,346095616,163872768,0,36460032,0,2,6.62607,0,0,0,1,1,7,26.444,100,99.9972,1024,2048,0,0,32
gemm_fast,562,16384,256,16,64,32,16,16,8,8,2,1,1,0,0,1,1,32,5,2111363,8215,6,17825840,8203,1,2621440,0,5,29.8246,6291456,1179648,0,0,0.536592,85.5,0,268435456,0,189071360,2097152,165740544,10747904,0,19878912,0,3,13.782,0,0,0,1,2,2,29.2528,100,99.9948,1024,10240,0,0,32
gemm_fast,1065,16384,256,16,64,32,16,16,8,8,2,1,2,0,0,0,0,32,3,2112359,8215,2,8388936,8203,7,41943040,0,0,0,0,0,0,0,0.536478,85.5389,0,268435456,0,560316416,2097152,201392128,71647232,0,34497536,0,3,6.95039,0,0,0,1,1,5,28.9692,100,99.997,1024,0,0,0,40
gemm_fast,514,16384,256,16,64,32,16,16,8,8,2,1,2,0,0,0,1,32,6,2111291,8215,5,12582960,8203,4,10485760,0,4,20,4194304,1048576,0,0,0.535788,89.3585,0,268435456,0,277184512,2097152,151060480,73678848,0,24140288,0,4,14.6235,0,0,0,1,2,4,40.6972,100,99.9958,1024,8192,0,0,32
gemm_fast,774,16384,256,16,64,32,16,16,8,8,2,1,2,0,0,1,0,32,4,2112319,8215,2,5243168,8203,8,34078720,0,2,52.9412,2097152,131072,0,0,0.538077,85.8519,0,268435456,0,386220032,2097152,211877888,75776000,0,29513728,0,3,9.61879,0,0,0,1,1,5,32.5013,100,99.9965,1024,2048,0,0,32
gemm_fast,374,16384,256,16,64,32,16,16,8,8,2,1,2,0,0,1,1,32,8,2111555,8215,5,9437592,8203,2,2621440,0,8,29.8246,6291456,1179648,0,0,0.537117,85.0329,0,268435456,0,184909824,2097152,157351936,8667136,0,19421696,0,5,20.3957,0,0,0,1,3,1,43.1583,100,99.9947,1024,10240,0,0,32
gemm_fast,894,16384,256,16,64,32,16,16,8,8,2,1,4,0,0,0,0,32,3,2112211,8215,2,6291760,8203,9,41943040,0,0,0,0,0,0,0,0.537268,87.1585,0,268435456,0,361054208,2097152,134283264,73678848,0,26236928,0,3,8.30766,0,0,0,1,1,4,25.1941,100,99.9961,1024,0,0,0,40
gemm_fast,405,16384,256,16,64,32,16,16,8,8,2,1,4,0,0,0,1,32,7,2110911,8215,4,8388656,8203,5,10485760,0,5,20,4194304,1048576,0,0,0.535073,90.8156,0,268435456,0,277184512,2097152,146866176,73678848,0,24009216,0,5,18.7519,0,0,0,1,2,5,51.0252,100,99.9957,1024,8192,0,0,32
gemm_fast,721,16384,256,16,64,32,16,16,8,8,2,1,4,0,0,1,0,32,4,2112151,8215,1,3145776,8203,9,34078720,0,2,52.9412,2097152,131072,0,0,0.537917,87.017,0,268435456,0,277184512,2097152,144769024,61095936,0,23550464,0,3,10.3628,0,0,0,1,1,3,29.8949,100,99.9957,1024,2048,0,0,38
gemm_fast,357,16384,256,16,64,32,16,16,8,8,2,1,4,0,0,1,1,32,8,2111215,8215,3,5242928,8203,2,2621440,0,8,29.8246,6291456,1179648,0,0,0.536353,88.1648,0,268435456,0,174424064,2097152,153157632,10764288,0,19028480,0,4,21.3296,0,0,0,1,3,1,42.3966,100,99.9946,1024,10240,0,0,32
gemm_fast,1431,16384,256,16,64,32,16,16,8,16,2,1,1,0,0,0,0,32,2,2112359,8215,2,12582960,8203,6,41943040,0,0,0,0,0,0,0,0.536106,86.5485,0,268435456,0,579141632,4194304,335609856,119832576,0,40916992,0,2,5.10884,0,0,0,1,1,6,22.2429,100,99.8373,1024,0,0,0,32
gemm_fast,514,16384,256,16,64,32,16,16,8,16,2,1,1,0,0,0,1,32,6,2111207,8215,5,12583312,8203,4,10485760,0,4,22.2222,4194304,524288,0,0,0.534925,89.1851,0,268435456,0,400883712,2097152,159449088,73662464,0,28267520,0,5,14.7748,0,0,0,1,2,5,47.4078,100,99.9964,1024,8192,0,0,40
gemm_fast,1107,16384,256,16,64,32,16,16,8,16,2,1,1,0,0,1,0,32,3,2112231,8231,2,9437232,8203,6,34078720,0,1,52.9412,2097152,131072,0,0,0.537993,85.5634,0,268435456,0,386187264,2097152,346095616,163872768,0,36460032,0,2,6.66554,0,0,0,1,1,7,26.373,100,99.9972,1024,2048,0,0,32
gemm_fast,373,16384,256,16,64,32,16,16,8,16,2,1,1,0,0,1,1,32,8,2111375,8215,5,9437232,8203,2,2621440,0,7,32.0755,6291456,655360,0,0,0.53759,83.6802,0,268435456,0,212140032,2097152,165740544,12845056,0,20665344,0,5,20.3899,0,0,0,1,3,2,45.9328,100,99.995,1024,10240,0,0,32
gemm_fast,1072,16384,256,16,64,32,16,16,8,16,2,1,2,0,0,0,0,32,3,2112283,8215,2,8388656,8203,7,41943040,0,0,0,0,0,0,0,0.535968,84.8456,0,268435456,0,560316416,2097152,201392128,71647232,0,34497536,0,3,6.92087,0,0,0,1,1,5,29.0816,100,99.997,1024,0,0,0,40
gemm_fast,418,16384,256,16,64,32,16,16,8,16,2,1,2,0,0,0,1,32,7,2111111,8215,4,8388664,8203,5,10485760,0,5,22.2222,4194304,524288,0,0,0.534812,89.2914,0,268435456,0,291864576,2097152,151060480,73678848,0,24599040,0,5,18.2677,0,0,0,1,2,5,51.3566,100,99.9958,1024,8192,0,0,32
gemm_fast,774,16384,256,16,64,32,16,16,8,16,2,1,2,0,0,1,0,32,4,2112315,8215,2,5242928,8203,8,34078720,0,2,52.9412,2097152,131072,0,0,0.53825,85.9032,0,268435456,0,386220032,2097152,211877888,75776000,0,29513728,0,3,9.59042,0,0,0,1,1,5,32.3858,100,99.9965,1024,2048,0,0,32
gemm_fast,352,16384,256,16,64,32,16,16,8,16,2,1,2,0,0,1,1,32,8,2110759,8215,3,5242928,8203,2,2621440,0,8,32.0755,6291456,655360,0,0,0.535696,89.3445,0,268435456,0,205881344,2097152,157351936,8667136,0,20077056,0,5,21.765,0,0,0,1,3,1,45.7362,100,99.9949,1024,10240,0,0,32
gemm_fast,896,16384,256,16,64,32,16,16,8,16,2,1,4,0,0,0,0,32,3,2112159,8215,2,6291504,8203,9,41943040,0,0,0,0,0,0,0,0.537101,87.442,0,268435456,0,361054208,2097152,134283264,73678848,0,26236928,0,3,8.26434,0,0,0,1,1,4,24.9814,100,99.9961,1024,0,0,0,40
gemm_fast,389,16384,256,16,64,32,16,16,8,16,2,1,4,0,0,0,1,32,7,2110875,8215,3,6292056,8203,5,10485760,0,5,22.2222,4194304,524288,0,0,0.534238,91.0662,0,268435456,0,289767424,2097152,146866176,73678848,0,24402432,0,5,19.4457,0,0,0,1,2,5,53.6015,100,99.9958,1024,8192,0,0,32
gemm_fast,724,16384,256,16,64,32,16,16,8,16,2,1,4,0,0,1,0,32,4,2112223,8215,1,3145792,8203,9,34078720,0,2,52.9412,2097152,131072,0,0,0.537833,86.4142,0,268435456,0,277184512,2097152,144769024,61095936,0,23550464,0,3,10.3142,0,0,0,1,1,3,29.9622,100,99.9957,1024,2048,0,0,38
gemm_fast,347,16384,256,16,64,32,16,16,8,16,2,1,4,0,0,1,1,32,8,2109879,8215,2,3146056,8203,2,2621440,0,8,32.0755,6291456,655360,0,0,0.534523,90.7491,0,268435456,0,201687040,2097152,153157632,10764288,0,19880448,0,5,21.9702,0,0,0,1,3,1,44.6967,100,99.9948,1024,10240,0,0,32
gemm_fast,1444,16384,256,16,64,32,16,16,8,32,2,1,1,0,0,0,0,32,2,2112351,8215,2,12582968,8203,6,41943040,0,0,0,0,0,0,0,0.535924,86.8033,0,268435456,0,579141632,4194304,335609856,119832576,0,40916992,0,2,5.1642,0,0,0,1,1,6,22.4178,100,99.8373,1024,0,0,0,32
gemm_fast,417,16384,256,16,64,32,16,16,8,32,2,1,1,0,0,0,1,32,7,2110643,8231,4,8388656,8203,5,10485760,0,5,22.2222,4194304,524288,0,0,0.532104,88.658,0,268435456,0,400883712,2097152,163643392,75759616,0,28464128,0,6,18.318,0,0,0,1,2,6,59.6107,100,99.9964,1024,8192,0,0,40
gemm_fast,1106,16384,256,16,64,32,16,16,8,32,2,1,1,0,0,1,0,32,3,2112263,8215,2,9437656,8203,6,34078720,0,1,52.9412,2097152,131072,0,0,0.537809,85.8041,0,268435456,0,386187264,2097152,346095616,163872768,0,36460032,0,2,6.66848,0,0,0,1,1,7,26.3106,100,99.9972,1024,2048,0,0,32
gemm_fast,360,16384,256,16,64,32,16,16,8,32,2,1,1,0,0,1,1,32,8,2111559,8215,3,5242976,8203,2,2621440,0,8,32.0755,6291456,655360,0,0,0.535549,87.4614,0,268435456,0,214237184,2097152,169934848,12845056,0,20861952,0,5,21.2738,0,0,0,1,3,2,46.6125,100,99.9951,1024,10240,0,0,32
gemm_fast,1080,16384,256,16,64,32,16,16,8,32,2,1,2,0,0,0,0,32,3,2112635,8215,2,8388936,8203,8,41943040,0,0,0,0,0,0,0,0.53619,87.5552,0,268435456,0,560316416,2097152,201392128,71647232,0,34497536,0,3,7.00345,0,0,0,1,1,5,28.5182,100,99.997,1024,0,0,0,40
gemm_fast,393,16384,256,16,64,32,16,16,8,32,2,1,2,0,0,0,1,32,7,2110707,8215,3,6291504,8203,5,10485760,0,5,22.2222,4194304,524288,0,0,0.534721,90.3919,0,268435456,0,289767424,2097152,155254784,75776000,0,24730112,0,5,19.3477,0,0,0,1,2,5,54.0637,100,99.9959,1024,8192,0,0,32
gemm_fast,779,16384,256,16,64,32,16,16,8,32,2,1,2,0,0,1,0,32,4,2112359,8231,2,5243032,8203,8,34078720,0,2,52.9412,2097152,131072,0,0,0.538377,85.7765,0,268435456,0,386220032,2097152,211877888,75776000,0,29513728,0,3,9.57905,0,0,0,1,1,5,32.3952,100,99.9965,1024,2048,0,0,32
gemm_fast,347,16384,256,16,64,32,16,16,8,32,2,1,2,0,0,1,1,32,8,2108899,7895,2,3145960,8203,2,2621440,0,8,32.0755,6291456,655360,0,0,0.534681,91.3539,0,268435456,0,203784192,2097152,161546240,8667136,0,20142592,0,5,22.1504,0,0,0,1,3,1,45.1431,100,99.9949,1024,10240,0,0,32
gemm_fast,1454,16384,256,16,64,32,16,16,16,8,2,1,1,0,0,0,0,32,2,2112347,8215,2,12582960,8203,6,41943040,0,0,0,0,0,0,0,0.536218,87.1022,0,268435456,0,579141632,4194304,335609856,119832576,0,40916992,0,2,5.1487,0,0,0,1,1,6,22.2739,100,99.8373,1024,0,0,0,32
gemm_fast,722,16384,256,16,64,32,16,16,16,8,2,1,1,0,0,0,1,32,4,2111375,8215,5,20971584,8283,3,10485760,0,3,20,4194304,1048576,0,0,0.53555,89.3382,0,268435456,0,384106496,2097152,159449088,71565312,0,27677696,0,3,10.3207,0,0,0,1,1,3,32.9692,100,99.9963,1024,8192,0,0,40
gemm_fast,1114,16384,256,16,64,32,16,16,16,8,2,1,1,0,0,1,0,32,3,2112387,8231,2,8912960,8203,6,34078720,0,1,50,2097152,262144,0,0,0.538267,85.7649,0,268435456,0,400867328,2097152,348192768,157646848,0,36789760,0,2,6.66835,0,0,0,1,1,7,26.5044,100,99.9972,1024,2048,0,0,32
gemm_fast,511,16384,256,16,64,32,16,16,16,8,2,1,1,0,0,1,1,32,6,2111671,8215,6,17301552,8203,1,2621440,0,6,29.3103,6291456,1310720,0,0,0.536638,86.694,0,268435456,0,214237184,2097152,167837696,10747904,0,20730880,0,4,14.6276,0,0,0,1,2,2,33.125,100,99.9951,1024,10240,0,0,32
gemm_fast,1065,16384,256,16,64,32,16,16,16,8,2,1,2,0,0,0,0,32,3,2112407,8215,2,8388656,8203,7,41943040,0,0,0,0,0,0,0,0.535343,85.6801,0,268435456,0,560316416,2097152,201392128,71647232,0,34497536,0,3,6.88549,0,0,0,1,1,5,28.6513,100,99.997,1024,0,0,0,40
gemm_fast,514,16384,256,16,64,32,16,16,16,8,2,1,2,0,0,0,1,32,6,2110923,8215,5,12582960,8203,4,10485760,0,4,20,4194304,1048576,0,0,0.53581,90.0613,0,268435456,0,277184512,2097152,151060480,73678848,0,24140288,0,4,14.6655,0,0,0,1,2,4,40.4953,100,99.9958,1024,8192,0,0,32
gemm_fast,771,16384,256,16,64,32,16,16,16,8,2,1,2,0,0,1,0,32,4,2112335,8215,2,4718776,8203,8,34078720,0,2,50,2097152,262144,0,0,0.538091,86.7516,0,268435456,0,400900096,2097152,213975040,75776000,0,30038016,0,3,9.72213,0,0,0,1,1,5,33.1226,100,99.9966,1024,2048,0,0,32
gemm_fast,371,16384,256,16,64,32,16,16,16,8,2,1,2,0,0,1,1,32,8,2111815,8215,5,8912944,8203,2,2621440,0,8,29.3103,6291456,1310720,0,0,0.537318,84.7173,0,268435456,0,205881344,2097152,159449088,10764288,0,20208128,0,5,20.4502,0,0,0,1,3,1,45.6976,100,99.9949,1024,10240,0,0,32
gemm_fast,898,16384,256,16,64,32,16,16,16,8,2,1,4,0,0,0,0,32,3,2112175,8215,2,6291512,8203,9,41943040,0,0,0,0,0,0,0,0.536458,87.647,0,268435456,0,361054208,2097152,134283264,73678848,0,26236928,0,3,8.2773,0,0,0,1,1,4,24.962,100,99.9961,1024,0,0,0,40
gemm_fast,405,16384,256,16,64,32,16,16,16,8,2,1,4,0,0,0,1,32,7,2110319,8215,4,8388656,8203,5,10485760,0,5,20,4194304,1048576,0,0,0.53475,90.8929,0,268435456,0,277184512,2097152,146866176,73678848,0,24009216,0,5,18.8867,0,0,0,1,2,5,51.3482,100,99.9957,1024,8192,0,0,32
gemm_fast,722,16384,256,16,64,32,16,16,16,8,2,1,4,0,0,1,0,32,4,2112383,8215,1,2621864,8203,9,34078720,0,2,50,2097152,262144,0,0,0.537605,86.7865,0,268435456,0,291864576,2097152,146866176,61095936,0,24074752,0,3,10.3785,0,0,0,1,1,3,30.7669,100,99.9957,1024,2048,0,0,38
gemm_fast,363,16384,256,16,64,32,16,16,16,8,2,1,4,0,0,1,1,32,8,2111531,8215,3,4718656,8203,2,2621440,0,8,29.3103,6291456,1310720,0,0,0.536124,87.182,0,268435456,0,203784192,2097152,155254784,10764288,0,20011520,0,5,20.9843,0,0,0,1,3,1,45.7538,100,99.9949,1024,10240,0,0,32
gemm_fast,1434,16384,256,16,64,32,16,16,16,16,2,1,1,0,0,0,0,32,2,2112291,8215,2,12582976,8203,6,41943040,0,0,0,0,0,0,0,0.535943,87.0896,0,268435456,0,579141632,4194304,335609856,119832576,0,40916992,0,2,5.15387,0,0,0,1,1,6,22.2994,100,99.8373,1024,0,0,0,32
gemm_fast,514,16384,256,16,64,32,16,16,16,16,2,1,1,0,0,0,1,32,6,2111119,8215,5,12582960,8203,4,10485760,0,4,22.2222,4194304,524288,0,0,0.535395,89.0642,0,268435456,0,400883712,2097152,159449088,73662464,0,28267520,0,5,14.7698,0,0,0,1,2,5,47.4564,100,99.9964,1024,8192,0,0,40
gemm_fast,1116,16384,256,16,64,32,16,16,16,16,2,1,1,0,0,1,0,32,3,2112319,8215,2,8912944,8203,6,34078720,0,1,50,2097152,262144,0,0,0.538492,85.6095,0,268435456,0,400867328,2097152,348192768,157646848,0,36789760,0,2,6.69571,0,0,0,1,1,7,26.6614,100,99.9972,1024,2048,0,0,32
gemm_fast,372,16384,256,16,64,32,16,16,16,16,2,1,1,0,0,1,1,32,8,2111455,8215,5,8912944,8203,2,2621440,0,7,31.4815,6291456,786432,0,0,0.537545,84.3354,0,268435456,0,222625792,2097152,167837696,10747904,0,20993024,0,5,20.5613,0,0,0,1,3,2,47.1019,100,99.9951,1024,10240,0,0,32
gemm_fast,1072,16384,256,16,64,32,16,16,16,16,2,1,2,0,0,0,0,32,3,2112315,8215,2,8388888,8203,7,41943040,0,0,0,0,0,0,0,0.536727,85.3985,0,268435456,0,560316416,2097152,201392128,71647232,0,34497536,0,3,6.91931,0,0,0,1,1,5,28.887,100,99.997,1024,0,0,0,40
gemm_fast,419,16384,256,16,64,32,16,16,16,16,2,1,2,0,0,0,1,32,7,2110843,8215,4,8388656,8203,5,10485760,0,5,22.2222,4194304,524288,0,0,0.535095,89.0884,0,268435456,0,291864576,2097152,151060480,73678848,0,24599040,0,5,18.184,0,0,0,1,2,5,51.2377,100,99.9958,1024,8192,0,0,32
gemm_fast,766,16384,256,16,64,32,16,16,16,16,2,1,2,0,0,1,0,32,4,2112319,8215,2,4718808,8203,8,34078720,0,2,50,2097152,262144,0,0,0.538167,86.019,0,268435456,0,400900096,2097152,213975040,75776000,0,30038016,0,3,9.67094,0,0,0,1,1,5,33.2287,100,99.9966,1024,2048,0,0,32
gemm_fast,350,16384,256,16,64,32,16,16,16,16,2,1,2,0,0,1,1,32,8,2110703,8215,3,4718640,8203,2,2621440,0,8,31.4815,6291456,786432,0,0,0.535388,89.5572,0,268435456,0,212172800,2097152,159449088,10764288,0,20404736,0,5,21.7946,0,0,0,1,3,1,46.6402,100,99.995,1024,10240,0,0,32
gemm_fast,899,16384,256,16,64,32,16,16,16,16,2,1,4,0,0,0,0,32,3,2112051,8215,2,6291504,8203,9,41943040,0,0,0,0,0,0,0,0.536394,87.1655,0,268435456,0,361054208,2097152,134283264,73678848,0,26236928,0,3,8.22126,0,0,0,1,1,4,24.9299,100,99.9961,1024,0,0,0,40
gemm_fast,391,16384,256,16,64,32,16,16,16,16,2,1,4,0,0,0,1,32,7,2110331,8215,3,6291504,8203,5,10485760,0,5,22.2222,4194304,524288,0,0,0.534571,92.0686,0,268435456,0,289767424,2097152,146866176,73678848,0,24402432,0,5,19.7505,0,0,0,1,2,5,53.8485,100,99.9958,1024,8192,0,0,32
gemm_fast,721,16384,256,16,64,32,16,16,16,16,2,1,4,0,0,1,0,32,4,2112143,8215,1,2621488,8203,9,34078720,0,2,50,2097152,262144,0,0,0.537595,86.9435,0,268435456,0,291864576,2097152,146866176,61095936,0,24074752,0,3,10.3943,0,0,0,1,1,3,30.7582,100,99.9957,1024,2048,0,0,38
gemm_fast,346,16384,256,16,64,32,16,16,16,16,2,1,4,0,0,1,1,32,8,2109935,8215,2,2621488,8283,2,2621440,0,8,31.4815,6291456,786432,0,0,0.53416,90.3376,0,268435456,0,201687040,2097152,155254784,10764288,0,19945984,0,5,21.8566,0,0,0,1,3,1,45.4241,100,99.9949,1024,10240,0,0,32
gemm_fast,1442,16384,256,16,64,32,16,16,16,32,2,1,1,0,0,0,0,32,2,2112359,8215,2,12583192,8203,6,41943040,0,0,0,0,0,0,0,0.536201,87.062,0,268435456,0,579141632,4194304,335609856,119832576,0,40916992,0,2,5.16456,0,0,0,1,1,6,22.3528,100,99.8373,1024,0,0,0,32
gemm_fast,417,16384,256,16,64,32,16,16,16,32,2,1,1,0,0,0,1,32,7,2110551,8215,4,8388656,8203,5,10485760,0,5,22.2222,4194304,524288,0,0,0.532603,88.6111,0,268435456,0,400883712,2097152,163643392,75759616,0,28464128,0,6,18.3835,0,0,0,1,2,6,59.8561,100,99.9964,1024,8192,0,0,40
gemm_fast,1114,16384,256,16,64,32,16,16,16,32,2,1,1,0,0,1,0,32,3,2112295,8215,2,8912992,8203,6,34078720,0,1,50,2097152,262144,0,0,0.538328,85.4233,0,268435456,0,400867328,2097152,348192768,157646848,0,36789760,0,2,6.658,0,0,0,1,1,7,26.5691,100,99.9972,1024,2048,0,0,32
gemm_fast,354,16384,256,16,64,32,16,16,16,32,2,1,1,0,0,1,1,32,8,2110627,8215,3,4718640,8203,2,2621440,0,8,31.4815,6291456,786432,0,0,0.535453,87.7347,0,268435456,0,231014400,2097152,172032000,14942208,0,21517312,0,5,21.3415,0,0,0,1,3,2,47.7555,100,99.9952,1024,10240,0,0,32
gemm_fast,1070,16384,256,16,64,32,16,16,16,32,2,1,2,0,0,0,0,32,3,2112323,8231,2,8388768,8203,7,41943040,0,0,0,0,0,0,0,0.535691,85.9577,0,268435456,0,560316416,2097152,201392128,71647232,0,34497536,0,3,6.94532,0,0,0,1,1,5,28.8071,100,99.997,1024,0,0,0,40
gemm_fast,392,16384,256,16,64,32,16,16,16,32,2,1,2,0,0,0,1,32,7,2110463,8215,3,6291504,8203,5,10485760,0,5,22.2222,4194304,524288,0,0,0.534749,91.2302,0,268435456,0,289767424,2097152,155254784,75776000,0,24730112,0,5,19.429,0,0,0,1,2,5,53.792,100,99.9959,1024,8192,0,0,32
gemm_fast,778,16384,256,16,64,32,16,16,16,32,2,1,2,0,0,1,0,32,4,2112271,8215,2,4718640,8203,8,34078720,0,2,50,2097152,262144,0,0,0.538253,86.3443,0,268435456,0,400900096,2097152,213975040,75776000,0,30038016,0,3,9.69023,0,0,0,1,1,5,33.1695,100,99.9966,1024,2048,0,0,32
gemm_fast,349,16384,256,16,64,32,16,16,16,32,2,1,2,0,0,1,1,32,8,2109655,8215,2,2621504,8203,2,2621440,0,8,31.4815,6291456,786432,0,0,0.533774,89.9699,0,268435456,0,218464256,2097152,163643392,10764288,0,20732416,0,5,21.7636,0,0,0,1,3,1,46.7388,100,99.9951,1024,10240,0,0,32
gemm_fast,1983,32768,512,16,64,32,16,32,16,16,2,1,1,0,0,0,0,32,2,2224292,8215,2,16777784,8283,5,50331648,0,0,0,0,0,0,0,0.956684,76.7014,0,268435456,0,743047168,4194304,402718720,130514944,0,48405504,0,2,3.72113,0,0,0,1,1,6,22.233,100,99.9958,1024,0,0,0,32
gemm_fast,761,32768,512,16,64,32,16,32,16,16,2,1,1,0,0,0,1,32,4,2118231,8983,4,16777264,8203,4,18874368,0,2,22.2222,4194304,524288,0,0,0.621099,79.3232,0,268435456,0,545914880,4194304,297861120,126353408,0,38838272,0,4,8.49847,0,0,0,1,2,5,41.564,100,99.9947,1024,8192,0,0,36
gemm_fast,1224,32768,512,16,64,32,16,32,16,16,2,1,1,0,0,1,0,32,3,2113543,8215,2,8912944,8203,5,34078720,0,2,51.5152,4194304,131072,0,0,0.92875,82.0052,0,268435456,0,571080704,4194304,419495936,147357696,0,44082176,0,3,6.07415,0,0,0,1,1,7,29.7799,100,99.9954,1024,2048,0,0,32
gemm_fast,551,32768,512,16,64,32,16,32,16,16,2,1,1,0,0,1,1,32,5,2113551,8215,3,8912968,8203,1,2621440,0,6,36.2319,8388608,655360,0,0,0.902991,76.0616,0,268435456,0,298418176,4194304,306249728,21430272,0,28087296,0,4,13.5906,0,0,0,1,5,2,42.7977,100,99.9927,1024,10240,0,0,30
gemm_fast,1482,32768,512,16,64,32,16,32,16,16,2,1,2,0,0,0,0,32,2,2124991,8599,2,12583232,8203,6,50331648,0,0,0,0,0,0,0,0.710002,73.104,0,268435456,0,713719808,4194304,268500992,113770496,0,42771456,0,3,4.98949,0,0,0,1,1,6,27.9733,100,99.9952,1024,0,0,0,40
gemm_fast,719,32768,512,16,64,32,16,32,16,16,2,1,2,0,0,0,1,32,4,2113543,8215,3,12582960,8203,5,18874368,0,3,22.2222,4194304,524288,0,0,0.904201,75.3213,0,268435456,0,545947648,4194304,289472512,130613248,0,38710272,0,5,10.4004,0,0,0,1,2,6,53.5736,100,99.9947,1024,8192,0,0,32
gemm_fast,976,32768,512,16,64,32,16,32,16,16,2,1,2,0,0,1,0,32,3,2121771,7831,1,4718976,8203,7,34078720,0,2,51.5152,4194304,131072,0,0,0.681622,73.8814,0,268435456,0,529203200,4194304,285278208,134643712,0,38181888,0,4,7.64884,0,0,0,1,2,5,40.6478,100,99.9946,1024,2048,0,0,40
gemm_fast,569,32768,512,16,64,32,16,32,16,16,2,1,2,0,0,1,1,32,5,2113543,8215,2,4718640,8203,1,2621440,0,7,36.2319,8388608,655360,0,0,0.909345,78.0154,0,268435456,0,306839552,4194304,297861120,17268736,0,27958272,0,4,14.4142,0,0,0,1,5,1,43.9708,100,99.9927,1024,10240,0,0,32
gemm_fast,1989,32768,512,16,64,32,16,32,16,32,2,1,1,0,0,0,0,32,2,2222410,8215,2,16777544,8203,5,50331648,0,0,0,0,0,0,0,0.956655,76.7514,0,268435456,0,743047168,4194304,402718720,130514944,0,48405504,0,2,3.7328,0,0,0,1,1,6,22.2882,100,99.9958,1024,0,0,0,32
gemm_fast,701,32768,512,16,64,32,16,32,16,32,2,1,1,0,0,0,1,32,4,2113683,8215,4,12582960,8203,5,18874368,0,3,22.2222,4194304,524288,0,0,0.904,76.3565,0,268435456,0,583663616,4194304,302055424,117932032,0,39885824,0,5,10.6683,0,0,0,1,2,7,56.1731,100,99.9949,1024,8192,0,0,32
gemm_fast,1224,32768,512,16,64,32,16,32,16,32,2,1,1,0,0,1,0,32,3,2113543,8215,2,8912944,8203,5,34078720,0,2,51.5152,4194304,131072,0,0,0.926323,81.4988,0,268435456,0,571080704,4194304,419495936,147357696,0,44082176,0,3,6.04628,0,0,0,1,1,7,29.8274,100,99.9954,1024,2048,0,0,32
gemm_fast,524,32768,512,16,64,32,16,32,16,32,2,1,1,0,0,1,1,32,6,2113695,8215,2,4718640,8203,1,2621440,0,7,36.2319,8388608,655360,0,0,0.910726,78.3517,0,268435456,0,340361216,4194304,310444032,21430272,0,29529088,0,5,14.4648,0,0,0,1,5,2,46.8155,100,99.9931,1024,10240,0,0,30
gemm_fast,1493,32768,512,16,64,32,16,32,16,32,2,1,2,0,0,0,0,32,2,2124591,7203,2,12583320,8203,7,50331648,0,0,0,0,0,0,0,0.693917,73.7047,0,268435456,0,713719808,4194304,268500992,113770496,0,42771456,0,3,5.00255,0,0,0,1,1,6,27.8179,100,99.9952,1024,0,0,0,40
gemm_fast,651,32768,512,16,64,32,16,32,16,32,2,1,2,0,0,0,1,32,5,2113543,8215,3,10485808,8203,6,18874368,0,3,22.2222,4194304,524288,0,0,0.906324,75.5695,0,268435456,0,575307776,4194304,293666816,113704960,0,39230464,0,5,11.3831,0,0,0,1,2,7,60.0839,100,99.9948,1024,8192,0,0,32
gemm_fast,965,32768,512,16,64,32,16,32,16,32,2,1,2,0,0,1,0,32,3,2118471,8599,1,4718752,8203,7,34078720,0,2,51.5152,4194304,131072,0,0,0.711357,73.0448,0,268435456,0,529203200,4194304,285278208,134643712,0,38181888,0,4,7.67872,0,0,0,1,2,5,41.2744,100,99.9946,1024,2048,0,0,40
gemm_fast,507,32768,512,16,64,32,16,32,16,32,2,1,2,0,0,1,1,32,6,2113695,8215,1,2621488,8203,1,2621440,0,7,36.2319,8388608,655360,0,0,0.913878,78.9427,0,268435456,0,340393984,4194304,302055424,21463040,0,29268992,0,5,14.8699,0,0,0,1,5,1,48.0649,100,99.993,1024,10240,0,0,32
